ISO-10303-21;
HEADER;
/*Generated by software containing ST-Developer
 * from STEP Tools, Inc. (www.steptools.com) 
 */
/*OPTION: using custom renumber hook */
/*description */
/*implementation_level */
FILE_DESCRIPTION(('STEP AP242 Edition 2','STEP AP242 Edition 2''CAx-IF Rec.Pracs.---Representation and Presentation of Product Manufa
cturing Information (PMI)---4.0---2014-10-13','STEP AP242 Edition 2''CAx-IF Rec.Pracs.---Representation and Presentation of Product Manufa
cturing Information (PMI)---4.0---2014-10-13''CAx-IF Rec.Pracs.---3D Tessellated Geometry---0.4---2014-09-14','STEP AP242 Edition 2''CAx-IF Rec.Pracs.---Representation and Presentation of Product Manufa
cturing Information (PMI)---4.0---2014-10-13''CAx-IF Rec.Pracs.---3D Tessellated Geometry---0.4---2014-09-14''2;1','STEP AP242 Edition 2''CAx-IF Rec.Pracs.---Representation and Presentation of Product Manufa
cturing Information (PMI)---4.0---2014-10-13''CAx-IF Rec.Pracs.---3D Tessellated Geometry---0.4---2014-09-14''2;1''CAx-IF Rec.Pracs.---User Defined Attributes---1.5---2016-08-15'),'2;1');
/*name */
/*time_stamp */
/*author */
/*organization */
/*preprocessor_version */
/*originating_system */
/*authorisation */
FILE_NAME('/vol/tmp/translate-16653777532490081945/DN32_Kugel.step','2026-02-22T13:02:59',(''),(''),'ST-DEVELOPER v20','ONSHAPE BY PTC INC, 1.211','  ');
FILE_SCHEMA(('AP242_MANAGED_MODEL_BASED_3D_ENGINEERING_MIM_LF { 1 0 10303 442 3 1 4 }'));
ENDSEC;
DATA;
#10=SHAPE_REPRESENTATION_RELATIONSHIP('','',#5126,#11);
#11=ADVANCED_BREP_SHAPE_REPRESENTATION('',(#5124),#8512);
#12=ORIENTED_CLOSED_SHELL('',*,#5005,.F.);
#13=ORIENTED_CLOSED_SHELL('',*,#5006,.F.);
#14=TOROIDAL_SURFACE('',#5489,0.0275000000001,0.002);
#15=TOROIDAL_SURFACE('',#5514,0.0275000000001,0.002);
#16=B_SPLINE_CURVE_WITH_KNOTS('',3,(#8370,#8371,#8372,#8373,#8374,#8375,#8376,#8377,#8378,#8379,#8380,#8381,#8382,#8383,#8384,#8385,#8386,#8387,#8388,#8389,#8390,#8391,#8392,#8393,#8394,#8395,#8396,#8397,#8398,#8399,#8400,#8401,#8402,#8403,#8404,#8405,#8406,#8407,#8408,#8409,#8410,#8411,#8412,#8413),.UNSPECIFIED.,.T.,.F.,(1,1,1,1,1,1,1,1,1,1,1,1,1,1,1,1,1,1,1,1,1,1,1,1,1,1,1,1,1,1,1,1,1,1,1,1,1,1,1,1,1,1,1,1,1,1,1,1),(-0.00915976506531727,-0.00686982379898796,-0.00457988253265865,0.,0.00457988253265864,0.00915976506531728,0.0137396475979759,0.0183195301306346,0.0228994126632932,0.0274792951959518,0.0297692364622812,0.0320591777286105,0.0343491189949398,0.0366390602612691,0.0412189427939278,0.0435088840602571,0.0457988253265864,0.0480887665929157,0.050378707859245,0.0549585903919037,0.0595384729245623,0.0641183554572209,0.0686982379898796,0.0732781205225382,0.0778580030551969,0.0824378855878555,0.0870177681205141,0.0915976506531728,0.0938875919195021,0.0961775331858314,0.10075741571849,0.103047356984819,0.105337298251149,0.107627239517478,0.109917180783807,0.112207122050137,0.114497063316466,0.119076945849125,0.123656828381783,0.128236710914442,0.132816593447101,0.137396475979759,0.139686417246088,0.141976358512418,0.146556241045076,0.151136123577735,0.155716006110394,0.160295888643052),.UNSPECIFIED.);
#17=CONICAL_SURFACE('',#5464,0.02,0.174532925199434);
#18=CONICAL_SURFACE('',#5482,0.0377,1.04719755119928);
#19=CONICAL_SURFACE('',#5483,0.02895,1.30899693899233);
#20=CONICAL_SURFACE('',#5485,0.0087,0.785398163397448);
#21=CONICAL_SURFACE('',#5507,0.0377,1.04719755119928);
#22=CONICAL_SURFACE('',#5508,0.02895,1.30899693899233);
#23=CONICAL_SURFACE('',#5510,0.0087,0.785398163397448);
#24=CYLINDRICAL_SURFACE('',#5463,0.016);
#25=CYLINDRICAL_SURFACE('',#5466,0.034);
#26=CYLINDRICAL_SURFACE('',#5467,0.0287);
#27=CYLINDRICAL_SURFACE('',#5469,0.042);
#28=CYLINDRICAL_SURFACE('',#5487,0.0201);
#29=CYLINDRICAL_SURFACE('',#5488,0.0164);
#30=CYLINDRICAL_SURFACE('',#5491,0.0255);
#31=CYLINDRICAL_SURFACE('',#5492,0.0287);
#32=CYLINDRICAL_SURFACE('',#5494,0.042);
#33=CYLINDRICAL_SURFACE('',#5512,0.0201);
#34=CYLINDRICAL_SURFACE('',#5513,0.0164);
#35=CYLINDRICAL_SURFACE('',#5516,0.0255);
#36=CYLINDRICAL_SURFACE('',#5517,0.02);
#37=CYLINDRICAL_SURFACE('',#5527,0.03315);
#38=CYLINDRICAL_SURFACE('',#5528,0.023);
#39=CYLINDRICAL_SURFACE('',#5529,0.0324);
#40=CYLINDRICAL_SURFACE('',#5539,0.0324);
#41=CYLINDRICAL_SURFACE('',#5540,0.023);
#42=CYLINDRICAL_SURFACE('',#5541,0.03315);
#43=(
B_SPLINE_CURVE(2,(#7307,#7308,#7309),.UNSPECIFIED.,.F.,.F.)
B_SPLINE_CURVE_WITH_KNOTS((3,3),(0.,19.9839935948744),.UNSPECIFIED.)
BOUNDED_CURVE()
CURVE()
GEOMETRIC_REPRESENTATION_ITEM()
RATIONAL_B_SPLINE_CURVE((1.,1.02941176470589,1.))
REPRESENTATION_ITEM('')
);
#44=(
B_SPLINE_CURVE(2,(#7321,#7322,#7323),.UNSPECIFIED.,.F.,.F.)
B_SPLINE_CURVE_WITH_KNOTS((3,3),(0.,12.0440588173296),.UNSPECIFIED.)
BOUNDED_CURVE()
CURVE()
GEOMETRIC_REPRESENTATION_ITEM()
RATIONAL_B_SPLINE_CURVE((1.,1.01075831636439,1.))
REPRESENTATION_ITEM('')
);
#45=(
B_SPLINE_CURVE(2,(#7330,#7331,#7332),.UNSPECIFIED.,.F.,.F.)
B_SPLINE_CURVE_WITH_KNOTS((3,3),(0.,12.0440588173296),.UNSPECIFIED.)
BOUNDED_CURVE()
CURVE()
GEOMETRIC_REPRESENTATION_ITEM()
RATIONAL_B_SPLINE_CURVE((1.,1.01075831636439,1.))
REPRESENTATION_ITEM('')
);
#46=(
B_SPLINE_CURVE(2,(#7336,#7337,#7338),.UNSPECIFIED.,.F.,.F.)
B_SPLINE_CURVE_WITH_KNOTS((3,3),(0.,19.9839935948743),.UNSPECIFIED.)
BOUNDED_CURVE()
CURVE()
GEOMETRIC_REPRESENTATION_ITEM()
RATIONAL_B_SPLINE_CURVE((1.,1.02941176470587,1.))
REPRESENTATION_ITEM('')
);
#47=(
B_SPLINE_CURVE(2,(#7347,#7348,#7349),.UNSPECIFIED.,.F.,.F.)
B_SPLINE_CURVE_WITH_KNOTS((3,3),(0.,12.0440588173297),.UNSPECIFIED.)
BOUNDED_CURVE()
CURVE()
GEOMETRIC_REPRESENTATION_ITEM()
RATIONAL_B_SPLINE_CURVE((1.,1.01075831636437,1.))
REPRESENTATION_ITEM('')
);
#48=(
B_SPLINE_CURVE(2,(#7359,#7360,#7361),.UNSPECIFIED.,.F.,.F.)
B_SPLINE_CURVE_WITH_KNOTS((3,3),(0.,12.0440588173296),.UNSPECIFIED.)
BOUNDED_CURVE()
CURVE()
GEOMETRIC_REPRESENTATION_ITEM()
RATIONAL_B_SPLINE_CURVE((1.,1.0107583163643,1.))
REPRESENTATION_ITEM('')
);
#49=(
B_SPLINE_CURVE(2,(#7365,#7366,#7367),.UNSPECIFIED.,.F.,.F.)
B_SPLINE_CURVE_WITH_KNOTS((3,3),(0.,19.9839935948743),.UNSPECIFIED.)
BOUNDED_CURVE()
CURVE()
GEOMETRIC_REPRESENTATION_ITEM()
RATIONAL_B_SPLINE_CURVE((1.,1.02941176470587,1.))
REPRESENTATION_ITEM('')
);
#50=(
B_SPLINE_CURVE(2,(#7376,#7377,#7378),.UNSPECIFIED.,.F.,.F.)
B_SPLINE_CURVE_WITH_KNOTS((3,3),(0.,12.0440588173296),.UNSPECIFIED.)
BOUNDED_CURVE()
CURVE()
GEOMETRIC_REPRESENTATION_ITEM()
RATIONAL_B_SPLINE_CURVE((1.,1.01075831636422,1.))
REPRESENTATION_ITEM('')
);
#51=(
B_SPLINE_CURVE(2,(#7388,#7389,#7390),.UNSPECIFIED.,.F.,.F.)
B_SPLINE_CURVE_WITH_KNOTS((3,3),(0.,12.0440588173297),.UNSPECIFIED.)
BOUNDED_CURVE()
CURVE()
GEOMETRIC_REPRESENTATION_ITEM()
RATIONAL_B_SPLINE_CURVE((1.,1.01075831636429,1.))
REPRESENTATION_ITEM('')
);
#52=(
B_SPLINE_CURVE(2,(#7394,#7395,#7396),.UNSPECIFIED.,.F.,.F.)
B_SPLINE_CURVE_WITH_KNOTS((3,3),(0.,19.9839935948744),.UNSPECIFIED.)
BOUNDED_CURVE()
CURVE()
GEOMETRIC_REPRESENTATION_ITEM()
RATIONAL_B_SPLINE_CURVE((1.,1.02941176470589,1.))
REPRESENTATION_ITEM('')
);
#53=(
B_SPLINE_CURVE(2,(#7405,#7406,#7407),.UNSPECIFIED.,.F.,.F.)
B_SPLINE_CURVE_WITH_KNOTS((3,3),(0.,12.0440588173296),.UNSPECIFIED.)
BOUNDED_CURVE()
CURVE()
GEOMETRIC_REPRESENTATION_ITEM()
RATIONAL_B_SPLINE_CURVE((1.,1.01075831636434,1.))
REPRESENTATION_ITEM('')
);
#54=(
B_SPLINE_CURVE(2,(#7417,#7418,#7419),.UNSPECIFIED.,.F.,.F.)
B_SPLINE_CURVE_WITH_KNOTS((3,3),(0.,12.0440588173296),.UNSPECIFIED.)
BOUNDED_CURVE()
CURVE()
GEOMETRIC_REPRESENTATION_ITEM()
RATIONAL_B_SPLINE_CURVE((1.,1.01075831636434,1.))
REPRESENTATION_ITEM('')
);
#55=(
B_SPLINE_CURVE(2,(#7423,#7424,#7425),.UNSPECIFIED.,.F.,.F.)
B_SPLINE_CURVE_WITH_KNOTS((3,3),(0.,19.9839935948743),.UNSPECIFIED.)
BOUNDED_CURVE()
CURVE()
GEOMETRIC_REPRESENTATION_ITEM()
RATIONAL_B_SPLINE_CURVE((1.,1.0294117647059,1.))
REPRESENTATION_ITEM('')
);
#56=(
B_SPLINE_CURVE(2,(#7434,#7435,#7436),.UNSPECIFIED.,.F.,.F.)
B_SPLINE_CURVE_WITH_KNOTS((3,3),(0.,12.0440588173297),.UNSPECIFIED.)
BOUNDED_CURVE()
CURVE()
GEOMETRIC_REPRESENTATION_ITEM()
RATIONAL_B_SPLINE_CURVE((1.,1.01075831636429,1.))
REPRESENTATION_ITEM('')
);
#57=(
B_SPLINE_CURVE(2,(#7446,#7447,#7448),.UNSPECIFIED.,.F.,.F.)
B_SPLINE_CURVE_WITH_KNOTS((3,3),(0.,12.0440588173296),.UNSPECIFIED.)
BOUNDED_CURVE()
CURVE()
GEOMETRIC_REPRESENTATION_ITEM()
RATIONAL_B_SPLINE_CURVE((1.,1.01075831636422,1.))
REPRESENTATION_ITEM('')
);
#58=(
B_SPLINE_CURVE(2,(#7452,#7453,#7454),.UNSPECIFIED.,.F.,.F.)
B_SPLINE_CURVE_WITH_KNOTS((3,3),(0.,19.9839935948743),.UNSPECIFIED.)
BOUNDED_CURVE()
CURVE()
GEOMETRIC_REPRESENTATION_ITEM()
RATIONAL_B_SPLINE_CURVE((1.,1.02941176470587,1.))
REPRESENTATION_ITEM('')
);
#59=(
B_SPLINE_CURVE(2,(#7463,#7464,#7465),.UNSPECIFIED.,.F.,.F.)
B_SPLINE_CURVE_WITH_KNOTS((3,3),(0.,12.0440588173296),.UNSPECIFIED.)
BOUNDED_CURVE()
CURVE()
GEOMETRIC_REPRESENTATION_ITEM()
RATIONAL_B_SPLINE_CURVE((1.,1.0107583163643,1.))
REPRESENTATION_ITEM('')
);
#60=(
B_SPLINE_CURVE(2,(#7475,#7476,#7477),.UNSPECIFIED.,.F.,.F.)
B_SPLINE_CURVE_WITH_KNOTS((3,3),(0.,12.0440588173297),.UNSPECIFIED.)
BOUNDED_CURVE()
CURVE()
GEOMETRIC_REPRESENTATION_ITEM()
RATIONAL_B_SPLINE_CURVE((1.,1.01075831636437,1.))
REPRESENTATION_ITEM('')
);
#61=(
B_SPLINE_CURVE(2,(#7481,#7482,#7483),.UNSPECIFIED.,.F.,.F.)
B_SPLINE_CURVE_WITH_KNOTS((3,3),(0.,19.9839935948744),.UNSPECIFIED.)
BOUNDED_CURVE()
CURVE()
GEOMETRIC_REPRESENTATION_ITEM()
RATIONAL_B_SPLINE_CURVE((1.,1.02941176470589,1.))
REPRESENTATION_ITEM('')
);
#62=(
B_SPLINE_CURVE(2,(#7492,#7493,#7494),.UNSPECIFIED.,.F.,.F.)
B_SPLINE_CURVE_WITH_KNOTS((3,3),(0.,12.0440588173296),.UNSPECIFIED.)
BOUNDED_CURVE()
CURVE()
GEOMETRIC_REPRESENTATION_ITEM()
RATIONAL_B_SPLINE_CURVE((1.,1.01075831636439,1.))
REPRESENTATION_ITEM('')
);
#63=(
B_SPLINE_CURVE(2,(#7504,#7505,#7506),.UNSPECIFIED.,.F.,.F.)
B_SPLINE_CURVE_WITH_KNOTS((3,3),(0.,12.0440588173296),.UNSPECIFIED.)
BOUNDED_CURVE()
CURVE()
GEOMETRIC_REPRESENTATION_ITEM()
RATIONAL_B_SPLINE_CURVE((1.,1.01075831636439,1.))
REPRESENTATION_ITEM('')
);
#64=(
B_SPLINE_CURVE(2,(#7510,#7511,#7512),.UNSPECIFIED.,.F.,.F.)
B_SPLINE_CURVE_WITH_KNOTS((3,3),(0.,19.9839935948743),.UNSPECIFIED.)
BOUNDED_CURVE()
CURVE()
GEOMETRIC_REPRESENTATION_ITEM()
RATIONAL_B_SPLINE_CURVE((1.,1.02941176470587,1.))
REPRESENTATION_ITEM('')
);
#65=(
B_SPLINE_CURVE(2,(#7521,#7522,#7523),.UNSPECIFIED.,.F.,.F.)
B_SPLINE_CURVE_WITH_KNOTS((3,3),(0.,12.0440588173297),.UNSPECIFIED.)
BOUNDED_CURVE()
CURVE()
GEOMETRIC_REPRESENTATION_ITEM()
RATIONAL_B_SPLINE_CURVE((1.,1.01075831636437,1.))
REPRESENTATION_ITEM('')
);
#66=(
B_SPLINE_CURVE(2,(#7533,#7534,#7535),.UNSPECIFIED.,.F.,.F.)
B_SPLINE_CURVE_WITH_KNOTS((3,3),(0.,12.0440588173296),.UNSPECIFIED.)
BOUNDED_CURVE()
CURVE()
GEOMETRIC_REPRESENTATION_ITEM()
RATIONAL_B_SPLINE_CURVE((1.,1.0107583163643,1.))
REPRESENTATION_ITEM('')
);
#67=(
B_SPLINE_CURVE(2,(#7539,#7540,#7541),.UNSPECIFIED.,.F.,.F.)
B_SPLINE_CURVE_WITH_KNOTS((3,3),(0.,19.9839935948743),.UNSPECIFIED.)
BOUNDED_CURVE()
CURVE()
GEOMETRIC_REPRESENTATION_ITEM()
RATIONAL_B_SPLINE_CURVE((1.,1.02941176470587,1.))
REPRESENTATION_ITEM('')
);
#68=(
B_SPLINE_CURVE(2,(#7550,#7551,#7552),.UNSPECIFIED.,.F.,.F.)
B_SPLINE_CURVE_WITH_KNOTS((3,3),(0.,12.0440588173296),.UNSPECIFIED.)
BOUNDED_CURVE()
CURVE()
GEOMETRIC_REPRESENTATION_ITEM()
RATIONAL_B_SPLINE_CURVE((1.,1.01075831636422,1.))
REPRESENTATION_ITEM('')
);
#69=(
B_SPLINE_CURVE(2,(#7562,#7563,#7564),.UNSPECIFIED.,.F.,.F.)
B_SPLINE_CURVE_WITH_KNOTS((3,3),(0.,12.0440588173297),.UNSPECIFIED.)
BOUNDED_CURVE()
CURVE()
GEOMETRIC_REPRESENTATION_ITEM()
RATIONAL_B_SPLINE_CURVE((1.,1.01075831636429,1.))
REPRESENTATION_ITEM('')
);
#70=(
B_SPLINE_CURVE(2,(#7568,#7569,#7570),.UNSPECIFIED.,.F.,.F.)
B_SPLINE_CURVE_WITH_KNOTS((3,3),(0.,19.9839935948744),.UNSPECIFIED.)
BOUNDED_CURVE()
CURVE()
GEOMETRIC_REPRESENTATION_ITEM()
RATIONAL_B_SPLINE_CURVE((1.,1.02941176470589,1.))
REPRESENTATION_ITEM('')
);
#71=(
B_SPLINE_CURVE(2,(#7579,#7580,#7581),.UNSPECIFIED.,.F.,.F.)
B_SPLINE_CURVE_WITH_KNOTS((3,3),(0.,12.0440588173296),.UNSPECIFIED.)
BOUNDED_CURVE()
CURVE()
GEOMETRIC_REPRESENTATION_ITEM()
RATIONAL_B_SPLINE_CURVE((1.,1.01075831636434,1.))
REPRESENTATION_ITEM('')
);
#72=(
B_SPLINE_CURVE(2,(#7591,#7592,#7593),.UNSPECIFIED.,.F.,.F.)
B_SPLINE_CURVE_WITH_KNOTS((3,3),(0.,12.0440588173296),.UNSPECIFIED.)
BOUNDED_CURVE()
CURVE()
GEOMETRIC_REPRESENTATION_ITEM()
RATIONAL_B_SPLINE_CURVE((1.,1.01075831636434,1.))
REPRESENTATION_ITEM('')
);
#73=(
B_SPLINE_CURVE(2,(#7597,#7598,#7599),.UNSPECIFIED.,.F.,.F.)
B_SPLINE_CURVE_WITH_KNOTS((3,3),(0.,19.9839935948743),.UNSPECIFIED.)
BOUNDED_CURVE()
CURVE()
GEOMETRIC_REPRESENTATION_ITEM()
RATIONAL_B_SPLINE_CURVE((1.,1.0294117647059,1.))
REPRESENTATION_ITEM('')
);
#74=(
B_SPLINE_CURVE(2,(#7608,#7609,#7610),.UNSPECIFIED.,.F.,.F.)
B_SPLINE_CURVE_WITH_KNOTS((3,3),(0.,12.0440588173297),.UNSPECIFIED.)
BOUNDED_CURVE()
CURVE()
GEOMETRIC_REPRESENTATION_ITEM()
RATIONAL_B_SPLINE_CURVE((1.,1.01075831636429,1.))
REPRESENTATION_ITEM('')
);
#75=(
B_SPLINE_CURVE(2,(#7620,#7621,#7622),.UNSPECIFIED.,.F.,.F.)
B_SPLINE_CURVE_WITH_KNOTS((3,3),(0.,12.0440588173296),.UNSPECIFIED.)
BOUNDED_CURVE()
CURVE()
GEOMETRIC_REPRESENTATION_ITEM()
RATIONAL_B_SPLINE_CURVE((1.,1.01075831636422,1.))
REPRESENTATION_ITEM('')
);
#76=(
B_SPLINE_CURVE(2,(#7626,#7627,#7628),.UNSPECIFIED.,.F.,.F.)
B_SPLINE_CURVE_WITH_KNOTS((3,3),(0.,19.9839935948743),.UNSPECIFIED.)
BOUNDED_CURVE()
CURVE()
GEOMETRIC_REPRESENTATION_ITEM()
RATIONAL_B_SPLINE_CURVE((1.,1.02941176470587,1.))
REPRESENTATION_ITEM('')
);
#77=(
B_SPLINE_CURVE(2,(#7637,#7638,#7639),.UNSPECIFIED.,.F.,.F.)
B_SPLINE_CURVE_WITH_KNOTS((3,3),(0.,12.0440588173296),.UNSPECIFIED.)
BOUNDED_CURVE()
CURVE()
GEOMETRIC_REPRESENTATION_ITEM()
RATIONAL_B_SPLINE_CURVE((1.,1.0107583163643,1.))
REPRESENTATION_ITEM('')
);
#78=(
B_SPLINE_CURVE(2,(#7649,#7650,#7651),.UNSPECIFIED.,.F.,.F.)
B_SPLINE_CURVE_WITH_KNOTS((3,3),(0.,12.0440588173297),.UNSPECIFIED.)
BOUNDED_CURVE()
CURVE()
GEOMETRIC_REPRESENTATION_ITEM()
RATIONAL_B_SPLINE_CURVE((1.,1.01075831636437,1.))
REPRESENTATION_ITEM('')
);
#79=(
B_SPLINE_CURVE(2,(#8009,#8010,#8011),.UNSPECIFIED.,.F.,.F.)
B_SPLINE_CURVE_WITH_KNOTS((3,3),(0.,19.9839935948744),.UNSPECIFIED.)
BOUNDED_CURVE()
CURVE()
GEOMETRIC_REPRESENTATION_ITEM()
RATIONAL_B_SPLINE_CURVE((1.,1.02941176470589,1.))
REPRESENTATION_ITEM('')
);
#80=(
B_SPLINE_CURVE(2,(#8023,#8024,#8025),.UNSPECIFIED.,.F.,.F.)
B_SPLINE_CURVE_WITH_KNOTS((3,3),(0.,12.0440588173296),.UNSPECIFIED.)
BOUNDED_CURVE()
CURVE()
GEOMETRIC_REPRESENTATION_ITEM()
RATIONAL_B_SPLINE_CURVE((1.,1.01075831636439,1.))
REPRESENTATION_ITEM('')
);
#81=(
B_SPLINE_CURVE(2,(#8032,#8033,#8034),.UNSPECIFIED.,.F.,.F.)
B_SPLINE_CURVE_WITH_KNOTS((3,3),(0.,12.0440588173296),.UNSPECIFIED.)
BOUNDED_CURVE()
CURVE()
GEOMETRIC_REPRESENTATION_ITEM()
RATIONAL_B_SPLINE_CURVE((1.,1.01075831636439,1.))
REPRESENTATION_ITEM('')
);
#82=(
B_SPLINE_CURVE(2,(#8038,#8039,#8040),.UNSPECIFIED.,.F.,.F.)
B_SPLINE_CURVE_WITH_KNOTS((3,3),(0.,19.9839935948743),.UNSPECIFIED.)
BOUNDED_CURVE()
CURVE()
GEOMETRIC_REPRESENTATION_ITEM()
RATIONAL_B_SPLINE_CURVE((1.,1.02941176470587,1.))
REPRESENTATION_ITEM('')
);
#83=(
B_SPLINE_CURVE(2,(#8049,#8050,#8051),.UNSPECIFIED.,.F.,.F.)
B_SPLINE_CURVE_WITH_KNOTS((3,3),(0.,12.0440588173297),.UNSPECIFIED.)
BOUNDED_CURVE()
CURVE()
GEOMETRIC_REPRESENTATION_ITEM()
RATIONAL_B_SPLINE_CURVE((1.,1.01075831636437,1.))
REPRESENTATION_ITEM('')
);
#84=(
B_SPLINE_CURVE(2,(#8061,#8062,#8063),.UNSPECIFIED.,.F.,.F.)
B_SPLINE_CURVE_WITH_KNOTS((3,3),(0.,12.0440588173296),.UNSPECIFIED.)
BOUNDED_CURVE()
CURVE()
GEOMETRIC_REPRESENTATION_ITEM()
RATIONAL_B_SPLINE_CURVE((1.,1.0107583163643,1.))
REPRESENTATION_ITEM('')
);
#85=(
B_SPLINE_CURVE(2,(#8067,#8068,#8069),.UNSPECIFIED.,.F.,.F.)
B_SPLINE_CURVE_WITH_KNOTS((3,3),(0.,19.9839935948743),.UNSPECIFIED.)
BOUNDED_CURVE()
CURVE()
GEOMETRIC_REPRESENTATION_ITEM()
RATIONAL_B_SPLINE_CURVE((1.,1.02941176470587,1.))
REPRESENTATION_ITEM('')
);
#86=(
B_SPLINE_CURVE(2,(#8078,#8079,#8080),.UNSPECIFIED.,.F.,.F.)
B_SPLINE_CURVE_WITH_KNOTS((3,3),(0.,12.0440588173296),.UNSPECIFIED.)
BOUNDED_CURVE()
CURVE()
GEOMETRIC_REPRESENTATION_ITEM()
RATIONAL_B_SPLINE_CURVE((1.,1.01075831636422,1.))
REPRESENTATION_ITEM('')
);
#87=(
B_SPLINE_CURVE(2,(#8090,#8091,#8092),.UNSPECIFIED.,.F.,.F.)
B_SPLINE_CURVE_WITH_KNOTS((3,3),(0.,12.0440588173297),.UNSPECIFIED.)
BOUNDED_CURVE()
CURVE()
GEOMETRIC_REPRESENTATION_ITEM()
RATIONAL_B_SPLINE_CURVE((1.,1.01075831636429,1.))
REPRESENTATION_ITEM('')
);
#88=(
B_SPLINE_CURVE(2,(#8096,#8097,#8098),.UNSPECIFIED.,.F.,.F.)
B_SPLINE_CURVE_WITH_KNOTS((3,3),(0.,19.9839935948744),.UNSPECIFIED.)
BOUNDED_CURVE()
CURVE()
GEOMETRIC_REPRESENTATION_ITEM()
RATIONAL_B_SPLINE_CURVE((1.,1.02941176470589,1.))
REPRESENTATION_ITEM('')
);
#89=(
B_SPLINE_CURVE(2,(#8107,#8108,#8109),.UNSPECIFIED.,.F.,.F.)
B_SPLINE_CURVE_WITH_KNOTS((3,3),(0.,12.0440588173296),.UNSPECIFIED.)
BOUNDED_CURVE()
CURVE()
GEOMETRIC_REPRESENTATION_ITEM()
RATIONAL_B_SPLINE_CURVE((1.,1.01075831636434,1.))
REPRESENTATION_ITEM('')
);
#90=(
B_SPLINE_CURVE(2,(#8119,#8120,#8121),.UNSPECIFIED.,.F.,.F.)
B_SPLINE_CURVE_WITH_KNOTS((3,3),(0.,12.0440588173296),.UNSPECIFIED.)
BOUNDED_CURVE()
CURVE()
GEOMETRIC_REPRESENTATION_ITEM()
RATIONAL_B_SPLINE_CURVE((1.,1.01075831636434,1.))
REPRESENTATION_ITEM('')
);
#91=(
B_SPLINE_CURVE(2,(#8125,#8126,#8127),.UNSPECIFIED.,.F.,.F.)
B_SPLINE_CURVE_WITH_KNOTS((3,3),(0.,19.9839935948743),.UNSPECIFIED.)
BOUNDED_CURVE()
CURVE()
GEOMETRIC_REPRESENTATION_ITEM()
RATIONAL_B_SPLINE_CURVE((1.,1.0294117647059,1.))
REPRESENTATION_ITEM('')
);
#92=(
B_SPLINE_CURVE(2,(#8136,#8137,#8138),.UNSPECIFIED.,.F.,.F.)
B_SPLINE_CURVE_WITH_KNOTS((3,3),(0.,12.0440588173297),.UNSPECIFIED.)
BOUNDED_CURVE()
CURVE()
GEOMETRIC_REPRESENTATION_ITEM()
RATIONAL_B_SPLINE_CURVE((1.,1.01075831636429,1.))
REPRESENTATION_ITEM('')
);
#93=(
B_SPLINE_CURVE(2,(#8148,#8149,#8150),.UNSPECIFIED.,.F.,.F.)
B_SPLINE_CURVE_WITH_KNOTS((3,3),(0.,12.0440588173296),.UNSPECIFIED.)
BOUNDED_CURVE()
CURVE()
GEOMETRIC_REPRESENTATION_ITEM()
RATIONAL_B_SPLINE_CURVE((1.,1.01075831636422,1.))
REPRESENTATION_ITEM('')
);
#94=(
B_SPLINE_CURVE(2,(#8154,#8155,#8156),.UNSPECIFIED.,.F.,.F.)
B_SPLINE_CURVE_WITH_KNOTS((3,3),(0.,19.9839935948743),.UNSPECIFIED.)
BOUNDED_CURVE()
CURVE()
GEOMETRIC_REPRESENTATION_ITEM()
RATIONAL_B_SPLINE_CURVE((1.,1.02941176470587,1.))
REPRESENTATION_ITEM('')
);
#95=(
B_SPLINE_CURVE(2,(#8165,#8166,#8167),.UNSPECIFIED.,.F.,.F.)
B_SPLINE_CURVE_WITH_KNOTS((3,3),(0.,12.0440588173296),.UNSPECIFIED.)
BOUNDED_CURVE()
CURVE()
GEOMETRIC_REPRESENTATION_ITEM()
RATIONAL_B_SPLINE_CURVE((1.,1.0107583163643,1.))
REPRESENTATION_ITEM('')
);
#96=(
B_SPLINE_CURVE(2,(#8177,#8178,#8179),.UNSPECIFIED.,.F.,.F.)
B_SPLINE_CURVE_WITH_KNOTS((3,3),(0.,12.0440588173297),.UNSPECIFIED.)
BOUNDED_CURVE()
CURVE()
GEOMETRIC_REPRESENTATION_ITEM()
RATIONAL_B_SPLINE_CURVE((1.,1.01075831636437,1.))
REPRESENTATION_ITEM('')
);
#97=(
B_SPLINE_CURVE(2,(#8183,#8184,#8185),.UNSPECIFIED.,.F.,.F.)
B_SPLINE_CURVE_WITH_KNOTS((3,3),(0.,19.9839935948744),.UNSPECIFIED.)
BOUNDED_CURVE()
CURVE()
GEOMETRIC_REPRESENTATION_ITEM()
RATIONAL_B_SPLINE_CURVE((1.,1.02941176470589,1.))
REPRESENTATION_ITEM('')
);
#98=(
B_SPLINE_CURVE(2,(#8194,#8195,#8196),.UNSPECIFIED.,.F.,.F.)
B_SPLINE_CURVE_WITH_KNOTS((3,3),(0.,12.0440588173296),.UNSPECIFIED.)
BOUNDED_CURVE()
CURVE()
GEOMETRIC_REPRESENTATION_ITEM()
RATIONAL_B_SPLINE_CURVE((1.,1.01075831636439,1.))
REPRESENTATION_ITEM('')
);
#99=(
B_SPLINE_CURVE(2,(#8206,#8207,#8208),.UNSPECIFIED.,.F.,.F.)
B_SPLINE_CURVE_WITH_KNOTS((3,3),(0.,12.0440588173296),.UNSPECIFIED.)
BOUNDED_CURVE()
CURVE()
GEOMETRIC_REPRESENTATION_ITEM()
RATIONAL_B_SPLINE_CURVE((1.,1.01075831636439,1.))
REPRESENTATION_ITEM('')
);
#100=(
B_SPLINE_CURVE(2,(#8212,#8213,#8214),.UNSPECIFIED.,.F.,.F.)
B_SPLINE_CURVE_WITH_KNOTS((3,3),(0.,19.9839935948743),.UNSPECIFIED.)
BOUNDED_CURVE()
CURVE()
GEOMETRIC_REPRESENTATION_ITEM()
RATIONAL_B_SPLINE_CURVE((1.,1.02941176470587,1.))
REPRESENTATION_ITEM('')
);
#101=(
B_SPLINE_CURVE(2,(#8223,#8224,#8225),.UNSPECIFIED.,.F.,.F.)
B_SPLINE_CURVE_WITH_KNOTS((3,3),(0.,12.0440588173297),.UNSPECIFIED.)
BOUNDED_CURVE()
CURVE()
GEOMETRIC_REPRESENTATION_ITEM()
RATIONAL_B_SPLINE_CURVE((1.,1.01075831636437,1.))
REPRESENTATION_ITEM('')
);
#102=(
B_SPLINE_CURVE(2,(#8235,#8236,#8237),.UNSPECIFIED.,.F.,.F.)
B_SPLINE_CURVE_WITH_KNOTS((3,3),(0.,12.0440588173296),.UNSPECIFIED.)
BOUNDED_CURVE()
CURVE()
GEOMETRIC_REPRESENTATION_ITEM()
RATIONAL_B_SPLINE_CURVE((1.,1.0107583163643,1.))
REPRESENTATION_ITEM('')
);
#103=(
B_SPLINE_CURVE(2,(#8241,#8242,#8243),.UNSPECIFIED.,.F.,.F.)
B_SPLINE_CURVE_WITH_KNOTS((3,3),(0.,19.9839935948743),.UNSPECIFIED.)
BOUNDED_CURVE()
CURVE()
GEOMETRIC_REPRESENTATION_ITEM()
RATIONAL_B_SPLINE_CURVE((1.,1.02941176470587,1.))
REPRESENTATION_ITEM('')
);
#104=(
B_SPLINE_CURVE(2,(#8252,#8253,#8254),.UNSPECIFIED.,.F.,.F.)
B_SPLINE_CURVE_WITH_KNOTS((3,3),(0.,12.0440588173296),.UNSPECIFIED.)
BOUNDED_CURVE()
CURVE()
GEOMETRIC_REPRESENTATION_ITEM()
RATIONAL_B_SPLINE_CURVE((1.,1.01075831636422,1.))
REPRESENTATION_ITEM('')
);
#105=(
B_SPLINE_CURVE(2,(#8264,#8265,#8266),.UNSPECIFIED.,.F.,.F.)
B_SPLINE_CURVE_WITH_KNOTS((3,3),(0.,12.0440588173297),.UNSPECIFIED.)
BOUNDED_CURVE()
CURVE()
GEOMETRIC_REPRESENTATION_ITEM()
RATIONAL_B_SPLINE_CURVE((1.,1.01075831636429,1.))
REPRESENTATION_ITEM('')
);
#106=(
B_SPLINE_CURVE(2,(#8270,#8271,#8272),.UNSPECIFIED.,.F.,.F.)
B_SPLINE_CURVE_WITH_KNOTS((3,3),(0.,19.9839935948744),.UNSPECIFIED.)
BOUNDED_CURVE()
CURVE()
GEOMETRIC_REPRESENTATION_ITEM()
RATIONAL_B_SPLINE_CURVE((1.,1.02941176470589,1.))
REPRESENTATION_ITEM('')
);
#107=(
B_SPLINE_CURVE(2,(#8281,#8282,#8283),.UNSPECIFIED.,.F.,.F.)
B_SPLINE_CURVE_WITH_KNOTS((3,3),(0.,12.0440588173296),.UNSPECIFIED.)
BOUNDED_CURVE()
CURVE()
GEOMETRIC_REPRESENTATION_ITEM()
RATIONAL_B_SPLINE_CURVE((1.,1.01075831636434,1.))
REPRESENTATION_ITEM('')
);
#108=(
B_SPLINE_CURVE(2,(#8293,#8294,#8295),.UNSPECIFIED.,.F.,.F.)
B_SPLINE_CURVE_WITH_KNOTS((3,3),(0.,12.0440588173296),.UNSPECIFIED.)
BOUNDED_CURVE()
CURVE()
GEOMETRIC_REPRESENTATION_ITEM()
RATIONAL_B_SPLINE_CURVE((1.,1.01075831636434,1.))
REPRESENTATION_ITEM('')
);
#109=(
B_SPLINE_CURVE(2,(#8299,#8300,#8301),.UNSPECIFIED.,.F.,.F.)
B_SPLINE_CURVE_WITH_KNOTS((3,3),(0.,19.9839935948743),.UNSPECIFIED.)
BOUNDED_CURVE()
CURVE()
GEOMETRIC_REPRESENTATION_ITEM()
RATIONAL_B_SPLINE_CURVE((1.,1.0294117647059,1.))
REPRESENTATION_ITEM('')
);
#110=(
B_SPLINE_CURVE(2,(#8310,#8311,#8312),.UNSPECIFIED.,.F.,.F.)
B_SPLINE_CURVE_WITH_KNOTS((3,3),(0.,12.0440588173297),.UNSPECIFIED.)
BOUNDED_CURVE()
CURVE()
GEOMETRIC_REPRESENTATION_ITEM()
RATIONAL_B_SPLINE_CURVE((1.,1.01075831636429,1.))
REPRESENTATION_ITEM('')
);
#111=(
B_SPLINE_CURVE(2,(#8322,#8323,#8324),.UNSPECIFIED.,.F.,.F.)
B_SPLINE_CURVE_WITH_KNOTS((3,3),(0.,12.0440588173296),.UNSPECIFIED.)
BOUNDED_CURVE()
CURVE()
GEOMETRIC_REPRESENTATION_ITEM()
RATIONAL_B_SPLINE_CURVE((1.,1.01075831636422,1.))
REPRESENTATION_ITEM('')
);
#112=(
B_SPLINE_CURVE(2,(#8328,#8329,#8330),.UNSPECIFIED.,.F.,.F.)
B_SPLINE_CURVE_WITH_KNOTS((3,3),(0.,19.9839935948743),.UNSPECIFIED.)
BOUNDED_CURVE()
CURVE()
GEOMETRIC_REPRESENTATION_ITEM()
RATIONAL_B_SPLINE_CURVE((1.,1.02941176470587,1.))
REPRESENTATION_ITEM('')
);
#113=(
B_SPLINE_CURVE(2,(#8339,#8340,#8341),.UNSPECIFIED.,.F.,.F.)
B_SPLINE_CURVE_WITH_KNOTS((3,3),(0.,12.0440588173296),.UNSPECIFIED.)
BOUNDED_CURVE()
CURVE()
GEOMETRIC_REPRESENTATION_ITEM()
RATIONAL_B_SPLINE_CURVE((1.,1.0107583163643,1.))
REPRESENTATION_ITEM('')
);
#114=(
B_SPLINE_CURVE(2,(#8351,#8352,#8353),.UNSPECIFIED.,.F.,.F.)
B_SPLINE_CURVE_WITH_KNOTS((3,3),(0.,12.0440588173297),.UNSPECIFIED.)
BOUNDED_CURVE()
CURVE()
GEOMETRIC_REPRESENTATION_ITEM()
RATIONAL_B_SPLINE_CURVE((1.,1.01075831636437,1.))
REPRESENTATION_ITEM('')
);
#115=CIRCLE('',#5148,0.0201);
#116=CIRCLE('',#5149,0.0174);
#117=CIRCLE('',#5151,0.0255);
#118=CIRCLE('',#5156,0.0255);
#119=CIRCLE('',#5161,0.0255);
#120=CIRCLE('',#5166,0.0255);
#121=CIRCLE('',#5171,0.0255);
#122=CIRCLE('',#5176,0.0255);
#123=CIRCLE('',#5181,0.0255);
#124=CIRCLE('',#5186,0.0255);
#125=CIRCLE('',#5191,0.0255);
#126=CIRCLE('',#5196,0.0255);
#127=CIRCLE('',#5201,0.0255);
#128=CIRCLE('',#5206,0.0255);
#129=CIRCLE('',#5211,0.0255);
#130=CIRCLE('',#5216,0.0255);
#131=CIRCLE('',#5217,0.0255);
#132=CIRCLE('',#5218,0.0255);
#133=CIRCLE('',#5219,0.0255);
#134=CIRCLE('',#5220,0.0255);
#135=CIRCLE('',#5221,0.0255);
#136=CIRCLE('',#5222,0.0255);
#137=CIRCLE('',#5223,0.0255);
#138=CIRCLE('',#5224,0.0255);
#139=CIRCLE('',#5225,0.0255);
#140=CIRCLE('',#5226,0.0255);
#141=CIRCLE('',#5227,0.0255);
#142=CIRCLE('',#5228,0.0255);
#143=CIRCLE('',#5229,0.0255);
#144=CIRCLE('',#5230,0.0201);
#145=CIRCLE('',#5232,0.0255);
#146=CIRCLE('',#5237,0.042);
#147=CIRCLE('',#5238,0.034);
#148=CIRCLE('',#5240,0.0287);
#149=CIRCLE('',#5241,0.0334);
#150=CIRCLE('',#5246,0.042);
#151=CIRCLE('',#5250,0.042);
#152=CIRCLE('',#5255,0.042);
#153=CIRCLE('',#5260,0.042);
#154=CIRCLE('',#5265,0.042);
#155=CIRCLE('',#5270,0.042);
#156=CIRCLE('',#5275,0.042);
#157=CIRCLE('',#5280,0.042);
#158=CIRCLE('',#5285,0.042);
#159=CIRCLE('',#5290,0.042);
#160=CIRCLE('',#5295,0.042);
#161=CIRCLE('',#5300,0.042);
#162=CIRCLE('',#5303,0.0201);
#163=CIRCLE('',#5304,0.0174);
#164=CIRCLE('',#5306,0.0255);
#165=CIRCLE('',#5311,0.0255);
#166=CIRCLE('',#5316,0.0255);
#167=CIRCLE('',#5321,0.0255);
#168=CIRCLE('',#5326,0.0255);
#169=CIRCLE('',#5331,0.0255);
#170=CIRCLE('',#5336,0.0255);
#171=CIRCLE('',#5341,0.0255);
#172=CIRCLE('',#5346,0.0255);
#173=CIRCLE('',#5351,0.0255);
#174=CIRCLE('',#5356,0.0255);
#175=CIRCLE('',#5361,0.0255);
#176=CIRCLE('',#5366,0.0255);
#177=CIRCLE('',#5371,0.0255);
#178=CIRCLE('',#5372,0.0255);
#179=CIRCLE('',#5373,0.0255);
#180=CIRCLE('',#5374,0.0255);
#181=CIRCLE('',#5375,0.0255);
#182=CIRCLE('',#5376,0.0255);
#183=CIRCLE('',#5377,0.0255);
#184=CIRCLE('',#5378,0.0255);
#185=CIRCLE('',#5379,0.0255);
#186=CIRCLE('',#5380,0.0255);
#187=CIRCLE('',#5381,0.0255);
#188=CIRCLE('',#5382,0.0255);
#189=CIRCLE('',#5383,0.0255);
#190=CIRCLE('',#5384,0.0255);
#191=CIRCLE('',#5385,0.0201);
#192=CIRCLE('',#5387,0.0255);
#193=CIRCLE('',#5392,0.042);
#194=CIRCLE('',#5393,0.034);
#195=CIRCLE('',#5395,0.0287);
#196=CIRCLE('',#5396,0.0334);
#197=CIRCLE('',#5401,0.042);
#198=CIRCLE('',#5405,0.042);
#199=CIRCLE('',#5410,0.042);
#200=CIRCLE('',#5415,0.042);
#201=CIRCLE('',#5420,0.042);
#202=CIRCLE('',#5425,0.042);
#203=CIRCLE('',#5430,0.042);
#204=CIRCLE('',#5435,0.042);
#205=CIRCLE('',#5440,0.042);
#206=CIRCLE('',#5445,0.042);
#207=CIRCLE('',#5450,0.042);
#208=CIRCLE('',#5455,0.042);
#209=CIRCLE('',#5458,0.016);
#210=CIRCLE('',#5459,0.0164);
#211=CIRCLE('',#5461,0.016);
#212=CIRCLE('',#5462,0.0164);
#213=CIRCLE('',#5465,0.02);
#214=CIRCLE('',#5468,0.0287);
#215=CIRCLE('',#5470,0.042);
#216=CIRCLE('',#5471,0.042);
#217=CIRCLE('',#5472,0.042);
#218=CIRCLE('',#5473,0.042);
#219=CIRCLE('',#5474,0.042);
#220=CIRCLE('',#5475,0.042);
#221=CIRCLE('',#5476,0.042);
#222=CIRCLE('',#5477,0.042);
#223=CIRCLE('',#5478,0.042);
#224=CIRCLE('',#5479,0.042);
#225=CIRCLE('',#5480,0.042);
#226=CIRCLE('',#5481,0.042);
#227=CIRCLE('',#5484,0.0255058390011592);
#228=CIRCLE('',#5486,0.0164);
#229=CIRCLE('',#5490,0.0255);
#230=CIRCLE('',#5493,0.0287);
#231=CIRCLE('',#5495,0.042);
#232=CIRCLE('',#5496,0.042);
#233=CIRCLE('',#5497,0.042);
#234=CIRCLE('',#5498,0.042);
#235=CIRCLE('',#5499,0.042);
#236=CIRCLE('',#5500,0.042);
#237=CIRCLE('',#5501,0.042);
#238=CIRCLE('',#5502,0.042);
#239=CIRCLE('',#5503,0.042);
#240=CIRCLE('',#5504,0.042);
#241=CIRCLE('',#5505,0.042);
#242=CIRCLE('',#5506,0.042);
#243=CIRCLE('',#5509,0.0255058390011592);
#244=CIRCLE('',#5511,0.0164);
#245=CIRCLE('',#5515,0.0255);
#246=CIRCLE('',#5519,0.0324);
#247=CIRCLE('',#5520,0.023);
#248=CIRCLE('',#5522,0.0324);
#249=CIRCLE('',#5523,0.03315);
#250=CIRCLE('',#5525,0.03315);
#251=CIRCLE('',#5526,0.023);
#252=CIRCLE('',#5531,0.03315);
#253=CIRCLE('',#5532,0.023);
#254=CIRCLE('',#5534,0.0324);
#255=CIRCLE('',#5535,0.03315);
#256=CIRCLE('',#5537,0.0324);
#257=CIRCLE('',#5538,0.023);
#258=ELLIPSE('',#5130,0.0202493025157599,0.02);
#259=ELLIPSE('',#5142,0.0208059887172331,0.02);
#260=ORIENTED_EDGE('',*,*,#1676,.T.);
#261=ORIENTED_EDGE('',*,*,#1677,.F.);
#262=ORIENTED_EDGE('',*,*,#1678,.T.);
#263=ORIENTED_EDGE('',*,*,#1679,.T.);
#264=ORIENTED_EDGE('',*,*,#1680,.F.);
#265=ORIENTED_EDGE('',*,*,#1681,.F.);
#266=ORIENTED_EDGE('',*,*,#1682,.T.);
#267=ORIENTED_EDGE('',*,*,#1677,.T.);
#268=ORIENTED_EDGE('',*,*,#1683,.T.);
#269=ORIENTED_EDGE('',*,*,#1684,.F.);
#270=ORIENTED_EDGE('',*,*,#1685,.F.);
#271=ORIENTED_EDGE('',*,*,#1686,.T.);
#272=ORIENTED_EDGE('',*,*,#1679,.F.);
#273=ORIENTED_EDGE('',*,*,#1687,.T.);
#274=ORIENTED_EDGE('',*,*,#1688,.T.);
#275=ORIENTED_EDGE('',*,*,#1689,.T.);
#276=ORIENTED_EDGE('',*,*,#1690,.T.);
#277=ORIENTED_EDGE('',*,*,#1691,.F.);
#278=ORIENTED_EDGE('',*,*,#1692,.T.);
#279=ORIENTED_EDGE('',*,*,#1693,.F.);
#280=ORIENTED_EDGE('',*,*,#1694,.F.);
#281=ORIENTED_EDGE('',*,*,#1688,.F.);
#282=ORIENTED_EDGE('',*,*,#1695,.F.);
#283=ORIENTED_EDGE('',*,*,#1696,.F.);
#284=ORIENTED_EDGE('',*,*,#1697,.F.);
#285=ORIENTED_EDGE('',*,*,#1698,.T.);
#286=ORIENTED_EDGE('',*,*,#1689,.F.);
#287=ORIENTED_EDGE('',*,*,#1694,.T.);
#288=ORIENTED_EDGE('',*,*,#1699,.T.);
#289=ORIENTED_EDGE('',*,*,#1700,.F.);
#290=ORIENTED_EDGE('',*,*,#1701,.F.);
#291=ORIENTED_EDGE('',*,*,#1690,.F.);
#292=ORIENTED_EDGE('',*,*,#1698,.F.);
#293=ORIENTED_EDGE('',*,*,#1702,.F.);
#294=ORIENTED_EDGE('',*,*,#1703,.T.);
#295=ORIENTED_EDGE('',*,*,#1696,.T.);
#296=ORIENTED_EDGE('',*,*,#1683,.F.);
#297=ORIENTED_EDGE('',*,*,#1676,.F.);
#298=ORIENTED_EDGE('',*,*,#1686,.F.);
#299=ORIENTED_EDGE('',*,*,#1704,.F.);
#300=ORIENTED_EDGE('',*,*,#1705,.T.);
#301=ORIENTED_EDGE('',*,*,#1704,.T.);
#302=ORIENTED_EDGE('',*,*,#1685,.T.);
#303=ORIENTED_EDGE('',*,*,#1706,.T.);
#304=ORIENTED_EDGE('',*,*,#1707,.T.);
#305=ORIENTED_EDGE('',*,*,#1702,.T.);
#306=ORIENTED_EDGE('',*,*,#1697,.T.);
#307=ORIENTED_EDGE('',*,*,#1693,.T.);
#308=ORIENTED_EDGE('',*,*,#1708,.T.);
#309=ORIENTED_EDGE('',*,*,#1706,.F.);
#310=ORIENTED_EDGE('',*,*,#1687,.F.);
#311=ORIENTED_EDGE('',*,*,#1678,.F.);
#312=ORIENTED_EDGE('',*,*,#1682,.F.);
#313=ORIENTED_EDGE('',*,*,#1700,.T.);
#314=ORIENTED_EDGE('',*,*,#1709,.T.);
#315=ORIENTED_EDGE('',*,*,#1710,.F.);
#316=ORIENTED_EDGE('',*,*,#1699,.F.);
#317=ORIENTED_EDGE('',*,*,#1707,.F.);
#318=ORIENTED_EDGE('',*,*,#1692,.F.);
#319=ORIENTED_EDGE('',*,*,#1711,.F.);
#320=ORIENTED_EDGE('',*,*,#1712,.T.);
#321=ORIENTED_EDGE('',*,*,#1713,.T.);
#322=ORIENTED_EDGE('',*,*,#1714,.F.);
#323=ORIENTED_EDGE('',*,*,#1684,.T.);
#324=ORIENTED_EDGE('',*,*,#1695,.T.);
#325=ORIENTED_EDGE('',*,*,#1691,.T.);
#326=ORIENTED_EDGE('',*,*,#1701,.T.);
#327=ORIENTED_EDGE('',*,*,#1681,.T.);
#328=ORIENTED_EDGE('',*,*,#1715,.T.);
#329=ORIENTED_EDGE('',*,*,#1716,.T.);
#330=ORIENTED_EDGE('',*,*,#1717,.T.);
#331=ORIENTED_EDGE('',*,*,#1711,.T.);
#332=ORIENTED_EDGE('',*,*,#1703,.F.);
#333=ORIENTED_EDGE('',*,*,#1705,.F.);
#334=ORIENTED_EDGE('',*,*,#1708,.F.);
#335=ORIENTED_EDGE('',*,*,#1710,.T.);
#336=ORIENTED_EDGE('',*,*,#1717,.F.);
#337=ORIENTED_EDGE('',*,*,#1718,.F.);
#338=ORIENTED_EDGE('',*,*,#1712,.F.);
#339=ORIENTED_EDGE('',*,*,#1716,.F.);
#340=ORIENTED_EDGE('',*,*,#1719,.T.);
#341=ORIENTED_EDGE('',*,*,#1713,.F.);
#342=ORIENTED_EDGE('',*,*,#1718,.T.);
#343=ORIENTED_EDGE('',*,*,#1715,.F.);
#344=ORIENTED_EDGE('',*,*,#1709,.F.);
#345=ORIENTED_EDGE('',*,*,#1719,.F.);
#346=ORIENTED_EDGE('',*,*,#1720,.T.);
#347=ORIENTED_EDGE('',*,*,#1721,.T.);
#348=ORIENTED_EDGE('',*,*,#1722,.F.);
#349=ORIENTED_EDGE('',*,*,#1723,.T.);
#350=ORIENTED_EDGE('',*,*,#1724,.T.);
#351=ORIENTED_EDGE('',*,*,#1725,.T.);
#352=ORIENTED_EDGE('',*,*,#1724,.F.);
#353=ORIENTED_EDGE('',*,*,#1726,.F.);
#354=ORIENTED_EDGE('',*,*,#1727,.F.);
#355=ORIENTED_EDGE('',*,*,#1728,.T.);
#356=ORIENTED_EDGE('',*,*,#1729,.F.);
#357=ORIENTED_EDGE('',*,*,#1730,.F.);
#358=ORIENTED_EDGE('',*,*,#1726,.T.);
#359=ORIENTED_EDGE('',*,*,#1723,.F.);
#360=ORIENTED_EDGE('',*,*,#1731,.F.);
#361=ORIENTED_EDGE('',*,*,#1725,.F.);
#362=ORIENTED_EDGE('',*,*,#1728,.F.);
#363=ORIENTED_EDGE('',*,*,#1732,.F.);
#364=ORIENTED_EDGE('',*,*,#1733,.F.);
#365=ORIENTED_EDGE('',*,*,#1734,.T.);
#366=ORIENTED_EDGE('',*,*,#1735,.T.);
#367=ORIENTED_EDGE('',*,*,#1736,.T.);
#368=ORIENTED_EDGE('',*,*,#1735,.F.);
#369=ORIENTED_EDGE('',*,*,#1737,.F.);
#370=ORIENTED_EDGE('',*,*,#1738,.F.);
#371=ORIENTED_EDGE('',*,*,#1739,.T.);
#372=ORIENTED_EDGE('',*,*,#1740,.F.);
#373=ORIENTED_EDGE('',*,*,#1741,.F.);
#374=ORIENTED_EDGE('',*,*,#1737,.T.);
#375=ORIENTED_EDGE('',*,*,#1734,.F.);
#376=ORIENTED_EDGE('',*,*,#1742,.F.);
#377=ORIENTED_EDGE('',*,*,#1736,.F.);
#378=ORIENTED_EDGE('',*,*,#1739,.F.);
#379=ORIENTED_EDGE('',*,*,#1743,.F.);
#380=ORIENTED_EDGE('',*,*,#1744,.F.);
#381=ORIENTED_EDGE('',*,*,#1745,.T.);
#382=ORIENTED_EDGE('',*,*,#1746,.T.);
#383=ORIENTED_EDGE('',*,*,#1747,.T.);
#384=ORIENTED_EDGE('',*,*,#1746,.F.);
#385=ORIENTED_EDGE('',*,*,#1748,.F.);
#386=ORIENTED_EDGE('',*,*,#1749,.F.);
#387=ORIENTED_EDGE('',*,*,#1750,.T.);
#388=ORIENTED_EDGE('',*,*,#1751,.F.);
#389=ORIENTED_EDGE('',*,*,#1752,.F.);
#390=ORIENTED_EDGE('',*,*,#1748,.T.);
#391=ORIENTED_EDGE('',*,*,#1745,.F.);
#392=ORIENTED_EDGE('',*,*,#1753,.F.);
#393=ORIENTED_EDGE('',*,*,#1747,.F.);
#394=ORIENTED_EDGE('',*,*,#1750,.F.);
#395=ORIENTED_EDGE('',*,*,#1754,.F.);
#396=ORIENTED_EDGE('',*,*,#1755,.F.);
#397=ORIENTED_EDGE('',*,*,#1756,.T.);
#398=ORIENTED_EDGE('',*,*,#1757,.T.);
#399=ORIENTED_EDGE('',*,*,#1758,.T.);
#400=ORIENTED_EDGE('',*,*,#1757,.F.);
#401=ORIENTED_EDGE('',*,*,#1759,.F.);
#402=ORIENTED_EDGE('',*,*,#1760,.F.);
#403=ORIENTED_EDGE('',*,*,#1761,.T.);
#404=ORIENTED_EDGE('',*,*,#1762,.F.);
#405=ORIENTED_EDGE('',*,*,#1763,.F.);
#406=ORIENTED_EDGE('',*,*,#1759,.T.);
#407=ORIENTED_EDGE('',*,*,#1756,.F.);
#408=ORIENTED_EDGE('',*,*,#1764,.F.);
#409=ORIENTED_EDGE('',*,*,#1758,.F.);
#410=ORIENTED_EDGE('',*,*,#1761,.F.);
#411=ORIENTED_EDGE('',*,*,#1765,.F.);
#412=ORIENTED_EDGE('',*,*,#1766,.F.);
#413=ORIENTED_EDGE('',*,*,#1767,.T.);
#414=ORIENTED_EDGE('',*,*,#1768,.T.);
#415=ORIENTED_EDGE('',*,*,#1769,.T.);
#416=ORIENTED_EDGE('',*,*,#1768,.F.);
#417=ORIENTED_EDGE('',*,*,#1770,.F.);
#418=ORIENTED_EDGE('',*,*,#1771,.F.);
#419=ORIENTED_EDGE('',*,*,#1772,.T.);
#420=ORIENTED_EDGE('',*,*,#1773,.F.);
#421=ORIENTED_EDGE('',*,*,#1774,.F.);
#422=ORIENTED_EDGE('',*,*,#1770,.T.);
#423=ORIENTED_EDGE('',*,*,#1767,.F.);
#424=ORIENTED_EDGE('',*,*,#1775,.F.);
#425=ORIENTED_EDGE('',*,*,#1769,.F.);
#426=ORIENTED_EDGE('',*,*,#1772,.F.);
#427=ORIENTED_EDGE('',*,*,#1776,.F.);
#428=ORIENTED_EDGE('',*,*,#1777,.F.);
#429=ORIENTED_EDGE('',*,*,#1778,.T.);
#430=ORIENTED_EDGE('',*,*,#1779,.T.);
#431=ORIENTED_EDGE('',*,*,#1780,.T.);
#432=ORIENTED_EDGE('',*,*,#1779,.F.);
#433=ORIENTED_EDGE('',*,*,#1781,.F.);
#434=ORIENTED_EDGE('',*,*,#1782,.F.);
#435=ORIENTED_EDGE('',*,*,#1783,.T.);
#436=ORIENTED_EDGE('',*,*,#1784,.F.);
#437=ORIENTED_EDGE('',*,*,#1785,.F.);
#438=ORIENTED_EDGE('',*,*,#1781,.T.);
#439=ORIENTED_EDGE('',*,*,#1778,.F.);
#440=ORIENTED_EDGE('',*,*,#1786,.F.);
#441=ORIENTED_EDGE('',*,*,#1780,.F.);
#442=ORIENTED_EDGE('',*,*,#1783,.F.);
#443=ORIENTED_EDGE('',*,*,#1787,.F.);
#444=ORIENTED_EDGE('',*,*,#1788,.F.);
#445=ORIENTED_EDGE('',*,*,#1789,.T.);
#446=ORIENTED_EDGE('',*,*,#1790,.T.);
#447=ORIENTED_EDGE('',*,*,#1791,.T.);
#448=ORIENTED_EDGE('',*,*,#1790,.F.);
#449=ORIENTED_EDGE('',*,*,#1792,.F.);
#450=ORIENTED_EDGE('',*,*,#1793,.F.);
#451=ORIENTED_EDGE('',*,*,#1794,.T.);
#452=ORIENTED_EDGE('',*,*,#1795,.F.);
#453=ORIENTED_EDGE('',*,*,#1796,.F.);
#454=ORIENTED_EDGE('',*,*,#1792,.T.);
#455=ORIENTED_EDGE('',*,*,#1789,.F.);
#456=ORIENTED_EDGE('',*,*,#1797,.F.);
#457=ORIENTED_EDGE('',*,*,#1791,.F.);
#458=ORIENTED_EDGE('',*,*,#1794,.F.);
#459=ORIENTED_EDGE('',*,*,#1798,.F.);
#460=ORIENTED_EDGE('',*,*,#1799,.F.);
#461=ORIENTED_EDGE('',*,*,#1800,.T.);
#462=ORIENTED_EDGE('',*,*,#1801,.T.);
#463=ORIENTED_EDGE('',*,*,#1802,.T.);
#464=ORIENTED_EDGE('',*,*,#1801,.F.);
#465=ORIENTED_EDGE('',*,*,#1803,.F.);
#466=ORIENTED_EDGE('',*,*,#1804,.F.);
#467=ORIENTED_EDGE('',*,*,#1805,.T.);
#468=ORIENTED_EDGE('',*,*,#1806,.F.);
#469=ORIENTED_EDGE('',*,*,#1807,.F.);
#470=ORIENTED_EDGE('',*,*,#1803,.T.);
#471=ORIENTED_EDGE('',*,*,#1800,.F.);
#472=ORIENTED_EDGE('',*,*,#1808,.F.);
#473=ORIENTED_EDGE('',*,*,#1802,.F.);
#474=ORIENTED_EDGE('',*,*,#1805,.F.);
#475=ORIENTED_EDGE('',*,*,#1809,.F.);
#476=ORIENTED_EDGE('',*,*,#1810,.F.);
#477=ORIENTED_EDGE('',*,*,#1811,.T.);
#478=ORIENTED_EDGE('',*,*,#1812,.T.);
#479=ORIENTED_EDGE('',*,*,#1813,.T.);
#480=ORIENTED_EDGE('',*,*,#1812,.F.);
#481=ORIENTED_EDGE('',*,*,#1814,.F.);
#482=ORIENTED_EDGE('',*,*,#1815,.F.);
#483=ORIENTED_EDGE('',*,*,#1816,.T.);
#484=ORIENTED_EDGE('',*,*,#1817,.F.);
#485=ORIENTED_EDGE('',*,*,#1818,.F.);
#486=ORIENTED_EDGE('',*,*,#1814,.T.);
#487=ORIENTED_EDGE('',*,*,#1811,.F.);
#488=ORIENTED_EDGE('',*,*,#1819,.F.);
#489=ORIENTED_EDGE('',*,*,#1813,.F.);
#490=ORIENTED_EDGE('',*,*,#1816,.F.);
#491=ORIENTED_EDGE('',*,*,#1820,.F.);
#492=ORIENTED_EDGE('',*,*,#1821,.F.);
#493=ORIENTED_EDGE('',*,*,#1822,.T.);
#494=ORIENTED_EDGE('',*,*,#1823,.T.);
#495=ORIENTED_EDGE('',*,*,#1824,.T.);
#496=ORIENTED_EDGE('',*,*,#1823,.F.);
#497=ORIENTED_EDGE('',*,*,#1825,.F.);
#498=ORIENTED_EDGE('',*,*,#1826,.F.);
#499=ORIENTED_EDGE('',*,*,#1827,.T.);
#500=ORIENTED_EDGE('',*,*,#1828,.F.);
#501=ORIENTED_EDGE('',*,*,#1829,.F.);
#502=ORIENTED_EDGE('',*,*,#1825,.T.);
#503=ORIENTED_EDGE('',*,*,#1822,.F.);
#504=ORIENTED_EDGE('',*,*,#1830,.F.);
#505=ORIENTED_EDGE('',*,*,#1824,.F.);
#506=ORIENTED_EDGE('',*,*,#1827,.F.);
#507=ORIENTED_EDGE('',*,*,#1831,.F.);
#508=ORIENTED_EDGE('',*,*,#1832,.F.);
#509=ORIENTED_EDGE('',*,*,#1833,.T.);
#510=ORIENTED_EDGE('',*,*,#1834,.T.);
#511=ORIENTED_EDGE('',*,*,#1835,.T.);
#512=ORIENTED_EDGE('',*,*,#1834,.F.);
#513=ORIENTED_EDGE('',*,*,#1836,.F.);
#514=ORIENTED_EDGE('',*,*,#1837,.F.);
#515=ORIENTED_EDGE('',*,*,#1838,.T.);
#516=ORIENTED_EDGE('',*,*,#1839,.F.);
#517=ORIENTED_EDGE('',*,*,#1840,.F.);
#518=ORIENTED_EDGE('',*,*,#1836,.T.);
#519=ORIENTED_EDGE('',*,*,#1833,.F.);
#520=ORIENTED_EDGE('',*,*,#1841,.F.);
#521=ORIENTED_EDGE('',*,*,#1835,.F.);
#522=ORIENTED_EDGE('',*,*,#1838,.F.);
#523=ORIENTED_EDGE('',*,*,#1842,.F.);
#524=ORIENTED_EDGE('',*,*,#1843,.F.);
#525=ORIENTED_EDGE('',*,*,#1844,.T.);
#526=ORIENTED_EDGE('',*,*,#1845,.T.);
#527=ORIENTED_EDGE('',*,*,#1846,.T.);
#528=ORIENTED_EDGE('',*,*,#1845,.F.);
#529=ORIENTED_EDGE('',*,*,#1847,.F.);
#530=ORIENTED_EDGE('',*,*,#1848,.F.);
#531=ORIENTED_EDGE('',*,*,#1849,.T.);
#532=ORIENTED_EDGE('',*,*,#1850,.F.);
#533=ORIENTED_EDGE('',*,*,#1851,.F.);
#534=ORIENTED_EDGE('',*,*,#1847,.T.);
#535=ORIENTED_EDGE('',*,*,#1844,.F.);
#536=ORIENTED_EDGE('',*,*,#1852,.F.);
#537=ORIENTED_EDGE('',*,*,#1846,.F.);
#538=ORIENTED_EDGE('',*,*,#1849,.F.);
#539=ORIENTED_EDGE('',*,*,#1853,.F.);
#540=ORIENTED_EDGE('',*,*,#1854,.F.);
#541=ORIENTED_EDGE('',*,*,#1855,.T.);
#542=ORIENTED_EDGE('',*,*,#1856,.T.);
#543=ORIENTED_EDGE('',*,*,#1857,.T.);
#544=ORIENTED_EDGE('',*,*,#1856,.F.);
#545=ORIENTED_EDGE('',*,*,#1858,.F.);
#546=ORIENTED_EDGE('',*,*,#1859,.F.);
#547=ORIENTED_EDGE('',*,*,#1860,.T.);
#548=ORIENTED_EDGE('',*,*,#1861,.F.);
#549=ORIENTED_EDGE('',*,*,#1862,.F.);
#550=ORIENTED_EDGE('',*,*,#1858,.T.);
#551=ORIENTED_EDGE('',*,*,#1855,.F.);
#552=ORIENTED_EDGE('',*,*,#1863,.F.);
#553=ORIENTED_EDGE('',*,*,#1857,.F.);
#554=ORIENTED_EDGE('',*,*,#1860,.F.);
#555=ORIENTED_EDGE('',*,*,#1864,.F.);
#556=ORIENTED_EDGE('',*,*,#1865,.T.);
#557=ORIENTED_EDGE('',*,*,#1866,.T.);
#558=ORIENTED_EDGE('',*,*,#1867,.T.);
#559=ORIENTED_EDGE('',*,*,#1868,.T.);
#560=ORIENTED_EDGE('',*,*,#1864,.T.);
#561=ORIENTED_EDGE('',*,*,#1859,.T.);
#562=ORIENTED_EDGE('',*,*,#1862,.T.);
#563=ORIENTED_EDGE('',*,*,#1869,.T.);
#564=ORIENTED_EDGE('',*,*,#1853,.T.);
#565=ORIENTED_EDGE('',*,*,#1848,.T.);
#566=ORIENTED_EDGE('',*,*,#1851,.T.);
#567=ORIENTED_EDGE('',*,*,#1870,.T.);
#568=ORIENTED_EDGE('',*,*,#1842,.T.);
#569=ORIENTED_EDGE('',*,*,#1837,.T.);
#570=ORIENTED_EDGE('',*,*,#1840,.T.);
#571=ORIENTED_EDGE('',*,*,#1871,.T.);
#572=ORIENTED_EDGE('',*,*,#1831,.T.);
#573=ORIENTED_EDGE('',*,*,#1826,.T.);
#574=ORIENTED_EDGE('',*,*,#1829,.T.);
#575=ORIENTED_EDGE('',*,*,#1872,.T.);
#576=ORIENTED_EDGE('',*,*,#1820,.T.);
#577=ORIENTED_EDGE('',*,*,#1815,.T.);
#578=ORIENTED_EDGE('',*,*,#1818,.T.);
#579=ORIENTED_EDGE('',*,*,#1873,.T.);
#580=ORIENTED_EDGE('',*,*,#1809,.T.);
#581=ORIENTED_EDGE('',*,*,#1804,.T.);
#582=ORIENTED_EDGE('',*,*,#1807,.T.);
#583=ORIENTED_EDGE('',*,*,#1874,.T.);
#584=ORIENTED_EDGE('',*,*,#1798,.T.);
#585=ORIENTED_EDGE('',*,*,#1793,.T.);
#586=ORIENTED_EDGE('',*,*,#1796,.T.);
#587=ORIENTED_EDGE('',*,*,#1875,.T.);
#588=ORIENTED_EDGE('',*,*,#1787,.T.);
#589=ORIENTED_EDGE('',*,*,#1782,.T.);
#590=ORIENTED_EDGE('',*,*,#1785,.T.);
#591=ORIENTED_EDGE('',*,*,#1876,.T.);
#592=ORIENTED_EDGE('',*,*,#1776,.T.);
#593=ORIENTED_EDGE('',*,*,#1771,.T.);
#594=ORIENTED_EDGE('',*,*,#1774,.T.);
#595=ORIENTED_EDGE('',*,*,#1877,.T.);
#596=ORIENTED_EDGE('',*,*,#1765,.T.);
#597=ORIENTED_EDGE('',*,*,#1760,.T.);
#598=ORIENTED_EDGE('',*,*,#1763,.T.);
#599=ORIENTED_EDGE('',*,*,#1878,.T.);
#600=ORIENTED_EDGE('',*,*,#1754,.T.);
#601=ORIENTED_EDGE('',*,*,#1749,.T.);
#602=ORIENTED_EDGE('',*,*,#1752,.T.);
#603=ORIENTED_EDGE('',*,*,#1879,.T.);
#604=ORIENTED_EDGE('',*,*,#1743,.T.);
#605=ORIENTED_EDGE('',*,*,#1738,.T.);
#606=ORIENTED_EDGE('',*,*,#1741,.T.);
#607=ORIENTED_EDGE('',*,*,#1880,.T.);
#608=ORIENTED_EDGE('',*,*,#1732,.T.);
#609=ORIENTED_EDGE('',*,*,#1727,.T.);
#610=ORIENTED_EDGE('',*,*,#1730,.T.);
#611=ORIENTED_EDGE('',*,*,#1881,.T.);
#612=ORIENTED_EDGE('',*,*,#1882,.F.);
#613=ORIENTED_EDGE('',*,*,#1883,.F.);
#614=ORIENTED_EDGE('',*,*,#1884,.T.);
#615=ORIENTED_EDGE('',*,*,#1885,.T.);
#616=ORIENTED_EDGE('',*,*,#1886,.T.);
#617=ORIENTED_EDGE('',*,*,#1885,.F.);
#618=ORIENTED_EDGE('',*,*,#1887,.F.);
#619=ORIENTED_EDGE('',*,*,#1866,.F.);
#620=ORIENTED_EDGE('',*,*,#1888,.T.);
#621=ORIENTED_EDGE('',*,*,#1889,.F.);
#622=ORIENTED_EDGE('',*,*,#1867,.F.);
#623=ORIENTED_EDGE('',*,*,#1887,.T.);
#624=ORIENTED_EDGE('',*,*,#1884,.F.);
#625=ORIENTED_EDGE('',*,*,#1890,.F.);
#626=ORIENTED_EDGE('',*,*,#1886,.F.);
#627=ORIENTED_EDGE('',*,*,#1888,.F.);
#628=ORIENTED_EDGE('',*,*,#1865,.F.);
#629=ORIENTED_EDGE('',*,*,#1891,.T.);
#630=ORIENTED_EDGE('',*,*,#1892,.T.);
#631=ORIENTED_EDGE('',*,*,#1893,.T.);
#632=ORIENTED_EDGE('',*,*,#1894,.F.);
#633=ORIENTED_EDGE('',*,*,#1895,.F.);
#634=ORIENTED_EDGE('',*,*,#1896,.F.);
#635=ORIENTED_EDGE('',*,*,#1897,.T.);
#636=ORIENTED_EDGE('',*,*,#1898,.T.);
#637=ORIENTED_EDGE('',*,*,#1899,.F.);
#638=ORIENTED_EDGE('',*,*,#1900,.F.);
#639=ORIENTED_EDGE('',*,*,#1898,.F.);
#640=ORIENTED_EDGE('',*,*,#1901,.T.);
#641=ORIENTED_EDGE('',*,*,#1902,.F.);
#642=ORIENTED_EDGE('',*,*,#1903,.T.);
#643=ORIENTED_EDGE('',*,*,#1896,.T.);
#644=ORIENTED_EDGE('',*,*,#1904,.F.);
#645=ORIENTED_EDGE('',*,*,#1905,.F.);
#646=ORIENTED_EDGE('',*,*,#1901,.F.);
#647=ORIENTED_EDGE('',*,*,#1897,.F.);
#648=ORIENTED_EDGE('',*,*,#1903,.F.);
#649=ORIENTED_EDGE('',*,*,#1906,.F.);
#650=ORIENTED_EDGE('',*,*,#1907,.F.);
#651=ORIENTED_EDGE('',*,*,#1908,.T.);
#652=ORIENTED_EDGE('',*,*,#1909,.T.);
#653=ORIENTED_EDGE('',*,*,#1910,.F.);
#654=ORIENTED_EDGE('',*,*,#1911,.F.);
#655=ORIENTED_EDGE('',*,*,#1912,.T.);
#656=ORIENTED_EDGE('',*,*,#1907,.T.);
#657=ORIENTED_EDGE('',*,*,#1913,.F.);
#658=ORIENTED_EDGE('',*,*,#1914,.F.);
#659=ORIENTED_EDGE('',*,*,#1908,.F.);
#660=ORIENTED_EDGE('',*,*,#1912,.F.);
#661=ORIENTED_EDGE('',*,*,#1915,.F.);
#662=ORIENTED_EDGE('',*,*,#1909,.F.);
#663=ORIENTED_EDGE('',*,*,#1914,.T.);
#664=ORIENTED_EDGE('',*,*,#1916,.F.);
#665=ORIENTED_EDGE('',*,*,#1917,.F.);
#666=ORIENTED_EDGE('',*,*,#1918,.F.);
#667=ORIENTED_EDGE('',*,*,#1919,.T.);
#668=ORIENTED_EDGE('',*,*,#1920,.T.);
#669=ORIENTED_EDGE('',*,*,#1921,.F.);
#670=ORIENTED_EDGE('',*,*,#1922,.F.);
#671=ORIENTED_EDGE('',*,*,#1923,.T.);
#672=ORIENTED_EDGE('',*,*,#1918,.T.);
#673=ORIENTED_EDGE('',*,*,#1924,.F.);
#674=ORIENTED_EDGE('',*,*,#1925,.F.);
#675=ORIENTED_EDGE('',*,*,#1919,.F.);
#676=ORIENTED_EDGE('',*,*,#1923,.F.);
#677=ORIENTED_EDGE('',*,*,#1926,.F.);
#678=ORIENTED_EDGE('',*,*,#1920,.F.);
#679=ORIENTED_EDGE('',*,*,#1925,.T.);
#680=ORIENTED_EDGE('',*,*,#1927,.F.);
#681=ORIENTED_EDGE('',*,*,#1928,.F.);
#682=ORIENTED_EDGE('',*,*,#1929,.F.);
#683=ORIENTED_EDGE('',*,*,#1930,.T.);
#684=ORIENTED_EDGE('',*,*,#1931,.T.);
#685=ORIENTED_EDGE('',*,*,#1932,.F.);
#686=ORIENTED_EDGE('',*,*,#1933,.F.);
#687=ORIENTED_EDGE('',*,*,#1934,.T.);
#688=ORIENTED_EDGE('',*,*,#1929,.T.);
#689=ORIENTED_EDGE('',*,*,#1935,.F.);
#690=ORIENTED_EDGE('',*,*,#1936,.F.);
#691=ORIENTED_EDGE('',*,*,#1930,.F.);
#692=ORIENTED_EDGE('',*,*,#1934,.F.);
#693=ORIENTED_EDGE('',*,*,#1937,.F.);
#694=ORIENTED_EDGE('',*,*,#1931,.F.);
#695=ORIENTED_EDGE('',*,*,#1936,.T.);
#696=ORIENTED_EDGE('',*,*,#1938,.F.);
#697=ORIENTED_EDGE('',*,*,#1939,.F.);
#698=ORIENTED_EDGE('',*,*,#1940,.F.);
#699=ORIENTED_EDGE('',*,*,#1941,.T.);
#700=ORIENTED_EDGE('',*,*,#1942,.T.);
#701=ORIENTED_EDGE('',*,*,#1943,.F.);
#702=ORIENTED_EDGE('',*,*,#1944,.F.);
#703=ORIENTED_EDGE('',*,*,#1945,.T.);
#704=ORIENTED_EDGE('',*,*,#1940,.T.);
#705=ORIENTED_EDGE('',*,*,#1946,.F.);
#706=ORIENTED_EDGE('',*,*,#1947,.F.);
#707=ORIENTED_EDGE('',*,*,#1941,.F.);
#708=ORIENTED_EDGE('',*,*,#1945,.F.);
#709=ORIENTED_EDGE('',*,*,#1948,.F.);
#710=ORIENTED_EDGE('',*,*,#1942,.F.);
#711=ORIENTED_EDGE('',*,*,#1947,.T.);
#712=ORIENTED_EDGE('',*,*,#1949,.F.);
#713=ORIENTED_EDGE('',*,*,#1950,.F.);
#714=ORIENTED_EDGE('',*,*,#1951,.F.);
#715=ORIENTED_EDGE('',*,*,#1952,.T.);
#716=ORIENTED_EDGE('',*,*,#1953,.T.);
#717=ORIENTED_EDGE('',*,*,#1954,.F.);
#718=ORIENTED_EDGE('',*,*,#1955,.F.);
#719=ORIENTED_EDGE('',*,*,#1956,.T.);
#720=ORIENTED_EDGE('',*,*,#1951,.T.);
#721=ORIENTED_EDGE('',*,*,#1957,.F.);
#722=ORIENTED_EDGE('',*,*,#1958,.F.);
#723=ORIENTED_EDGE('',*,*,#1952,.F.);
#724=ORIENTED_EDGE('',*,*,#1956,.F.);
#725=ORIENTED_EDGE('',*,*,#1959,.F.);
#726=ORIENTED_EDGE('',*,*,#1953,.F.);
#727=ORIENTED_EDGE('',*,*,#1958,.T.);
#728=ORIENTED_EDGE('',*,*,#1960,.F.);
#729=ORIENTED_EDGE('',*,*,#1961,.F.);
#730=ORIENTED_EDGE('',*,*,#1962,.F.);
#731=ORIENTED_EDGE('',*,*,#1963,.T.);
#732=ORIENTED_EDGE('',*,*,#1964,.T.);
#733=ORIENTED_EDGE('',*,*,#1965,.F.);
#734=ORIENTED_EDGE('',*,*,#1966,.F.);
#735=ORIENTED_EDGE('',*,*,#1967,.T.);
#736=ORIENTED_EDGE('',*,*,#1962,.T.);
#737=ORIENTED_EDGE('',*,*,#1968,.F.);
#738=ORIENTED_EDGE('',*,*,#1969,.F.);
#739=ORIENTED_EDGE('',*,*,#1963,.F.);
#740=ORIENTED_EDGE('',*,*,#1967,.F.);
#741=ORIENTED_EDGE('',*,*,#1970,.F.);
#742=ORIENTED_EDGE('',*,*,#1964,.F.);
#743=ORIENTED_EDGE('',*,*,#1969,.T.);
#744=ORIENTED_EDGE('',*,*,#1971,.F.);
#745=ORIENTED_EDGE('',*,*,#1972,.F.);
#746=ORIENTED_EDGE('',*,*,#1973,.F.);
#747=ORIENTED_EDGE('',*,*,#1974,.T.);
#748=ORIENTED_EDGE('',*,*,#1975,.T.);
#749=ORIENTED_EDGE('',*,*,#1976,.F.);
#750=ORIENTED_EDGE('',*,*,#1977,.F.);
#751=ORIENTED_EDGE('',*,*,#1978,.T.);
#752=ORIENTED_EDGE('',*,*,#1973,.T.);
#753=ORIENTED_EDGE('',*,*,#1979,.F.);
#754=ORIENTED_EDGE('',*,*,#1980,.F.);
#755=ORIENTED_EDGE('',*,*,#1974,.F.);
#756=ORIENTED_EDGE('',*,*,#1978,.F.);
#757=ORIENTED_EDGE('',*,*,#1981,.F.);
#758=ORIENTED_EDGE('',*,*,#1975,.F.);
#759=ORIENTED_EDGE('',*,*,#1980,.T.);
#760=ORIENTED_EDGE('',*,*,#1982,.F.);
#761=ORIENTED_EDGE('',*,*,#1983,.F.);
#762=ORIENTED_EDGE('',*,*,#1984,.F.);
#763=ORIENTED_EDGE('',*,*,#1985,.T.);
#764=ORIENTED_EDGE('',*,*,#1986,.T.);
#765=ORIENTED_EDGE('',*,*,#1987,.F.);
#766=ORIENTED_EDGE('',*,*,#1988,.F.);
#767=ORIENTED_EDGE('',*,*,#1989,.T.);
#768=ORIENTED_EDGE('',*,*,#1984,.T.);
#769=ORIENTED_EDGE('',*,*,#1990,.F.);
#770=ORIENTED_EDGE('',*,*,#1991,.F.);
#771=ORIENTED_EDGE('',*,*,#1985,.F.);
#772=ORIENTED_EDGE('',*,*,#1989,.F.);
#773=ORIENTED_EDGE('',*,*,#1992,.F.);
#774=ORIENTED_EDGE('',*,*,#1986,.F.);
#775=ORIENTED_EDGE('',*,*,#1991,.T.);
#776=ORIENTED_EDGE('',*,*,#1993,.F.);
#777=ORIENTED_EDGE('',*,*,#1994,.F.);
#778=ORIENTED_EDGE('',*,*,#1995,.F.);
#779=ORIENTED_EDGE('',*,*,#1996,.T.);
#780=ORIENTED_EDGE('',*,*,#1997,.T.);
#781=ORIENTED_EDGE('',*,*,#1998,.F.);
#782=ORIENTED_EDGE('',*,*,#1999,.F.);
#783=ORIENTED_EDGE('',*,*,#2000,.T.);
#784=ORIENTED_EDGE('',*,*,#1995,.T.);
#785=ORIENTED_EDGE('',*,*,#2001,.F.);
#786=ORIENTED_EDGE('',*,*,#2002,.F.);
#787=ORIENTED_EDGE('',*,*,#1996,.F.);
#788=ORIENTED_EDGE('',*,*,#2000,.F.);
#789=ORIENTED_EDGE('',*,*,#2003,.F.);
#790=ORIENTED_EDGE('',*,*,#1997,.F.);
#791=ORIENTED_EDGE('',*,*,#2002,.T.);
#792=ORIENTED_EDGE('',*,*,#2004,.F.);
#793=ORIENTED_EDGE('',*,*,#2005,.F.);
#794=ORIENTED_EDGE('',*,*,#2006,.F.);
#795=ORIENTED_EDGE('',*,*,#2007,.T.);
#796=ORIENTED_EDGE('',*,*,#2008,.T.);
#797=ORIENTED_EDGE('',*,*,#2009,.F.);
#798=ORIENTED_EDGE('',*,*,#2010,.F.);
#799=ORIENTED_EDGE('',*,*,#2011,.T.);
#800=ORIENTED_EDGE('',*,*,#2006,.T.);
#801=ORIENTED_EDGE('',*,*,#2012,.F.);
#802=ORIENTED_EDGE('',*,*,#2013,.F.);
#803=ORIENTED_EDGE('',*,*,#2007,.F.);
#804=ORIENTED_EDGE('',*,*,#2011,.F.);
#805=ORIENTED_EDGE('',*,*,#2014,.F.);
#806=ORIENTED_EDGE('',*,*,#2008,.F.);
#807=ORIENTED_EDGE('',*,*,#2013,.T.);
#808=ORIENTED_EDGE('',*,*,#2015,.F.);
#809=ORIENTED_EDGE('',*,*,#2016,.F.);
#810=ORIENTED_EDGE('',*,*,#2017,.F.);
#811=ORIENTED_EDGE('',*,*,#2018,.T.);
#812=ORIENTED_EDGE('',*,*,#2019,.T.);
#813=ORIENTED_EDGE('',*,*,#2020,.F.);
#814=ORIENTED_EDGE('',*,*,#2021,.F.);
#815=ORIENTED_EDGE('',*,*,#2022,.T.);
#816=ORIENTED_EDGE('',*,*,#2017,.T.);
#817=ORIENTED_EDGE('',*,*,#2023,.F.);
#818=ORIENTED_EDGE('',*,*,#2024,.F.);
#819=ORIENTED_EDGE('',*,*,#2018,.F.);
#820=ORIENTED_EDGE('',*,*,#2022,.F.);
#821=ORIENTED_EDGE('',*,*,#2025,.F.);
#822=ORIENTED_EDGE('',*,*,#2019,.F.);
#823=ORIENTED_EDGE('',*,*,#2024,.T.);
#824=ORIENTED_EDGE('',*,*,#2026,.F.);
#825=ORIENTED_EDGE('',*,*,#2027,.T.);
#826=ORIENTED_EDGE('',*,*,#2028,.T.);
#827=ORIENTED_EDGE('',*,*,#2029,.F.);
#828=ORIENTED_EDGE('',*,*,#2030,.T.);
#829=ORIENTED_EDGE('',*,*,#2031,.T.);
#830=ORIENTED_EDGE('',*,*,#2032,.T.);
#831=ORIENTED_EDGE('',*,*,#2031,.F.);
#832=ORIENTED_EDGE('',*,*,#2033,.F.);
#833=ORIENTED_EDGE('',*,*,#2034,.F.);
#834=ORIENTED_EDGE('',*,*,#2035,.T.);
#835=ORIENTED_EDGE('',*,*,#2036,.F.);
#836=ORIENTED_EDGE('',*,*,#2037,.F.);
#837=ORIENTED_EDGE('',*,*,#2033,.T.);
#838=ORIENTED_EDGE('',*,*,#2030,.F.);
#839=ORIENTED_EDGE('',*,*,#2038,.F.);
#840=ORIENTED_EDGE('',*,*,#2032,.F.);
#841=ORIENTED_EDGE('',*,*,#2035,.F.);
#842=ORIENTED_EDGE('',*,*,#2039,.F.);
#843=ORIENTED_EDGE('',*,*,#2040,.F.);
#844=ORIENTED_EDGE('',*,*,#2041,.T.);
#845=ORIENTED_EDGE('',*,*,#2042,.T.);
#846=ORIENTED_EDGE('',*,*,#2043,.T.);
#847=ORIENTED_EDGE('',*,*,#2042,.F.);
#848=ORIENTED_EDGE('',*,*,#2044,.F.);
#849=ORIENTED_EDGE('',*,*,#2045,.F.);
#850=ORIENTED_EDGE('',*,*,#2046,.T.);
#851=ORIENTED_EDGE('',*,*,#2047,.F.);
#852=ORIENTED_EDGE('',*,*,#2048,.F.);
#853=ORIENTED_EDGE('',*,*,#2044,.T.);
#854=ORIENTED_EDGE('',*,*,#2041,.F.);
#855=ORIENTED_EDGE('',*,*,#2049,.F.);
#856=ORIENTED_EDGE('',*,*,#2043,.F.);
#857=ORIENTED_EDGE('',*,*,#2046,.F.);
#858=ORIENTED_EDGE('',*,*,#2050,.F.);
#859=ORIENTED_EDGE('',*,*,#2051,.F.);
#860=ORIENTED_EDGE('',*,*,#2052,.T.);
#861=ORIENTED_EDGE('',*,*,#2053,.T.);
#862=ORIENTED_EDGE('',*,*,#2054,.T.);
#863=ORIENTED_EDGE('',*,*,#2053,.F.);
#864=ORIENTED_EDGE('',*,*,#2055,.F.);
#865=ORIENTED_EDGE('',*,*,#2056,.F.);
#866=ORIENTED_EDGE('',*,*,#2057,.T.);
#867=ORIENTED_EDGE('',*,*,#2058,.F.);
#868=ORIENTED_EDGE('',*,*,#2059,.F.);
#869=ORIENTED_EDGE('',*,*,#2055,.T.);
#870=ORIENTED_EDGE('',*,*,#2052,.F.);
#871=ORIENTED_EDGE('',*,*,#2060,.F.);
#872=ORIENTED_EDGE('',*,*,#2054,.F.);
#873=ORIENTED_EDGE('',*,*,#2057,.F.);
#874=ORIENTED_EDGE('',*,*,#2061,.F.);
#875=ORIENTED_EDGE('',*,*,#2062,.F.);
#876=ORIENTED_EDGE('',*,*,#2063,.T.);
#877=ORIENTED_EDGE('',*,*,#2064,.T.);
#878=ORIENTED_EDGE('',*,*,#2065,.T.);
#879=ORIENTED_EDGE('',*,*,#2064,.F.);
#880=ORIENTED_EDGE('',*,*,#2066,.F.);
#881=ORIENTED_EDGE('',*,*,#2067,.F.);
#882=ORIENTED_EDGE('',*,*,#2068,.T.);
#883=ORIENTED_EDGE('',*,*,#2069,.F.);
#884=ORIENTED_EDGE('',*,*,#2070,.F.);
#885=ORIENTED_EDGE('',*,*,#2066,.T.);
#886=ORIENTED_EDGE('',*,*,#2063,.F.);
#887=ORIENTED_EDGE('',*,*,#2071,.F.);
#888=ORIENTED_EDGE('',*,*,#2065,.F.);
#889=ORIENTED_EDGE('',*,*,#2068,.F.);
#890=ORIENTED_EDGE('',*,*,#2072,.F.);
#891=ORIENTED_EDGE('',*,*,#2073,.F.);
#892=ORIENTED_EDGE('',*,*,#2074,.T.);
#893=ORIENTED_EDGE('',*,*,#2075,.T.);
#894=ORIENTED_EDGE('',*,*,#2076,.T.);
#895=ORIENTED_EDGE('',*,*,#2075,.F.);
#896=ORIENTED_EDGE('',*,*,#2077,.F.);
#897=ORIENTED_EDGE('',*,*,#2078,.F.);
#898=ORIENTED_EDGE('',*,*,#2079,.T.);
#899=ORIENTED_EDGE('',*,*,#2080,.F.);
#900=ORIENTED_EDGE('',*,*,#2081,.F.);
#901=ORIENTED_EDGE('',*,*,#2077,.T.);
#902=ORIENTED_EDGE('',*,*,#2074,.F.);
#903=ORIENTED_EDGE('',*,*,#2082,.F.);
#904=ORIENTED_EDGE('',*,*,#2076,.F.);
#905=ORIENTED_EDGE('',*,*,#2079,.F.);
#906=ORIENTED_EDGE('',*,*,#2083,.F.);
#907=ORIENTED_EDGE('',*,*,#2084,.F.);
#908=ORIENTED_EDGE('',*,*,#2085,.T.);
#909=ORIENTED_EDGE('',*,*,#2086,.T.);
#910=ORIENTED_EDGE('',*,*,#2087,.T.);
#911=ORIENTED_EDGE('',*,*,#2086,.F.);
#912=ORIENTED_EDGE('',*,*,#2088,.F.);
#913=ORIENTED_EDGE('',*,*,#2089,.F.);
#914=ORIENTED_EDGE('',*,*,#2090,.T.);
#915=ORIENTED_EDGE('',*,*,#2091,.F.);
#916=ORIENTED_EDGE('',*,*,#2092,.F.);
#917=ORIENTED_EDGE('',*,*,#2088,.T.);
#918=ORIENTED_EDGE('',*,*,#2085,.F.);
#919=ORIENTED_EDGE('',*,*,#2093,.F.);
#920=ORIENTED_EDGE('',*,*,#2087,.F.);
#921=ORIENTED_EDGE('',*,*,#2090,.F.);
#922=ORIENTED_EDGE('',*,*,#2094,.F.);
#923=ORIENTED_EDGE('',*,*,#2095,.F.);
#924=ORIENTED_EDGE('',*,*,#2096,.T.);
#925=ORIENTED_EDGE('',*,*,#2097,.T.);
#926=ORIENTED_EDGE('',*,*,#2098,.T.);
#927=ORIENTED_EDGE('',*,*,#2097,.F.);
#928=ORIENTED_EDGE('',*,*,#2099,.F.);
#929=ORIENTED_EDGE('',*,*,#2100,.F.);
#930=ORIENTED_EDGE('',*,*,#2101,.T.);
#931=ORIENTED_EDGE('',*,*,#2102,.F.);
#932=ORIENTED_EDGE('',*,*,#2103,.F.);
#933=ORIENTED_EDGE('',*,*,#2099,.T.);
#934=ORIENTED_EDGE('',*,*,#2096,.F.);
#935=ORIENTED_EDGE('',*,*,#2104,.F.);
#936=ORIENTED_EDGE('',*,*,#2098,.F.);
#937=ORIENTED_EDGE('',*,*,#2101,.F.);
#938=ORIENTED_EDGE('',*,*,#2105,.F.);
#939=ORIENTED_EDGE('',*,*,#2106,.F.);
#940=ORIENTED_EDGE('',*,*,#2107,.T.);
#941=ORIENTED_EDGE('',*,*,#2108,.T.);
#942=ORIENTED_EDGE('',*,*,#2109,.T.);
#943=ORIENTED_EDGE('',*,*,#2108,.F.);
#944=ORIENTED_EDGE('',*,*,#2110,.F.);
#945=ORIENTED_EDGE('',*,*,#2111,.F.);
#946=ORIENTED_EDGE('',*,*,#2112,.T.);
#947=ORIENTED_EDGE('',*,*,#2113,.F.);
#948=ORIENTED_EDGE('',*,*,#2114,.F.);
#949=ORIENTED_EDGE('',*,*,#2110,.T.);
#950=ORIENTED_EDGE('',*,*,#2107,.F.);
#951=ORIENTED_EDGE('',*,*,#2115,.F.);
#952=ORIENTED_EDGE('',*,*,#2109,.F.);
#953=ORIENTED_EDGE('',*,*,#2112,.F.);
#954=ORIENTED_EDGE('',*,*,#2116,.F.);
#955=ORIENTED_EDGE('',*,*,#2117,.F.);
#956=ORIENTED_EDGE('',*,*,#2118,.T.);
#957=ORIENTED_EDGE('',*,*,#2119,.T.);
#958=ORIENTED_EDGE('',*,*,#2120,.T.);
#959=ORIENTED_EDGE('',*,*,#2119,.F.);
#960=ORIENTED_EDGE('',*,*,#2121,.F.);
#961=ORIENTED_EDGE('',*,*,#2122,.F.);
#962=ORIENTED_EDGE('',*,*,#2123,.T.);
#963=ORIENTED_EDGE('',*,*,#2124,.F.);
#964=ORIENTED_EDGE('',*,*,#2125,.F.);
#965=ORIENTED_EDGE('',*,*,#2121,.T.);
#966=ORIENTED_EDGE('',*,*,#2118,.F.);
#967=ORIENTED_EDGE('',*,*,#2126,.F.);
#968=ORIENTED_EDGE('',*,*,#2120,.F.);
#969=ORIENTED_EDGE('',*,*,#2123,.F.);
#970=ORIENTED_EDGE('',*,*,#2127,.F.);
#971=ORIENTED_EDGE('',*,*,#2128,.F.);
#972=ORIENTED_EDGE('',*,*,#2129,.T.);
#973=ORIENTED_EDGE('',*,*,#2130,.T.);
#974=ORIENTED_EDGE('',*,*,#2131,.T.);
#975=ORIENTED_EDGE('',*,*,#2130,.F.);
#976=ORIENTED_EDGE('',*,*,#2132,.F.);
#977=ORIENTED_EDGE('',*,*,#2133,.F.);
#978=ORIENTED_EDGE('',*,*,#2134,.T.);
#979=ORIENTED_EDGE('',*,*,#2135,.F.);
#980=ORIENTED_EDGE('',*,*,#2136,.F.);
#981=ORIENTED_EDGE('',*,*,#2132,.T.);
#982=ORIENTED_EDGE('',*,*,#2129,.F.);
#983=ORIENTED_EDGE('',*,*,#2137,.F.);
#984=ORIENTED_EDGE('',*,*,#2131,.F.);
#985=ORIENTED_EDGE('',*,*,#2134,.F.);
#986=ORIENTED_EDGE('',*,*,#2138,.F.);
#987=ORIENTED_EDGE('',*,*,#2139,.F.);
#988=ORIENTED_EDGE('',*,*,#2140,.T.);
#989=ORIENTED_EDGE('',*,*,#2141,.T.);
#990=ORIENTED_EDGE('',*,*,#2142,.T.);
#991=ORIENTED_EDGE('',*,*,#2141,.F.);
#992=ORIENTED_EDGE('',*,*,#2143,.F.);
#993=ORIENTED_EDGE('',*,*,#2144,.F.);
#994=ORIENTED_EDGE('',*,*,#2145,.T.);
#995=ORIENTED_EDGE('',*,*,#2146,.F.);
#996=ORIENTED_EDGE('',*,*,#2147,.F.);
#997=ORIENTED_EDGE('',*,*,#2143,.T.);
#998=ORIENTED_EDGE('',*,*,#2140,.F.);
#999=ORIENTED_EDGE('',*,*,#2148,.F.);
#1000=ORIENTED_EDGE('',*,*,#2142,.F.);
#1001=ORIENTED_EDGE('',*,*,#2145,.F.);
#1002=ORIENTED_EDGE('',*,*,#2149,.F.);
#1003=ORIENTED_EDGE('',*,*,#2150,.F.);
#1004=ORIENTED_EDGE('',*,*,#2151,.T.);
#1005=ORIENTED_EDGE('',*,*,#2152,.T.);
#1006=ORIENTED_EDGE('',*,*,#2153,.T.);
#1007=ORIENTED_EDGE('',*,*,#2152,.F.);
#1008=ORIENTED_EDGE('',*,*,#2154,.F.);
#1009=ORIENTED_EDGE('',*,*,#2155,.F.);
#1010=ORIENTED_EDGE('',*,*,#2156,.T.);
#1011=ORIENTED_EDGE('',*,*,#2157,.F.);
#1012=ORIENTED_EDGE('',*,*,#2158,.F.);
#1013=ORIENTED_EDGE('',*,*,#2154,.T.);
#1014=ORIENTED_EDGE('',*,*,#2151,.F.);
#1015=ORIENTED_EDGE('',*,*,#2159,.F.);
#1016=ORIENTED_EDGE('',*,*,#2153,.F.);
#1017=ORIENTED_EDGE('',*,*,#2156,.F.);
#1018=ORIENTED_EDGE('',*,*,#2160,.F.);
#1019=ORIENTED_EDGE('',*,*,#2161,.F.);
#1020=ORIENTED_EDGE('',*,*,#2162,.T.);
#1021=ORIENTED_EDGE('',*,*,#2163,.T.);
#1022=ORIENTED_EDGE('',*,*,#2164,.T.);
#1023=ORIENTED_EDGE('',*,*,#2163,.F.);
#1024=ORIENTED_EDGE('',*,*,#2165,.F.);
#1025=ORIENTED_EDGE('',*,*,#2166,.F.);
#1026=ORIENTED_EDGE('',*,*,#2167,.T.);
#1027=ORIENTED_EDGE('',*,*,#2168,.F.);
#1028=ORIENTED_EDGE('',*,*,#2169,.F.);
#1029=ORIENTED_EDGE('',*,*,#2165,.T.);
#1030=ORIENTED_EDGE('',*,*,#2162,.F.);
#1031=ORIENTED_EDGE('',*,*,#2170,.F.);
#1032=ORIENTED_EDGE('',*,*,#2164,.F.);
#1033=ORIENTED_EDGE('',*,*,#2167,.F.);
#1034=ORIENTED_EDGE('',*,*,#2171,.F.);
#1035=ORIENTED_EDGE('',*,*,#2172,.T.);
#1036=ORIENTED_EDGE('',*,*,#2173,.T.);
#1037=ORIENTED_EDGE('',*,*,#2174,.T.);
#1038=ORIENTED_EDGE('',*,*,#2175,.T.);
#1039=ORIENTED_EDGE('',*,*,#2171,.T.);
#1040=ORIENTED_EDGE('',*,*,#2166,.T.);
#1041=ORIENTED_EDGE('',*,*,#2169,.T.);
#1042=ORIENTED_EDGE('',*,*,#2176,.T.);
#1043=ORIENTED_EDGE('',*,*,#2160,.T.);
#1044=ORIENTED_EDGE('',*,*,#2155,.T.);
#1045=ORIENTED_EDGE('',*,*,#2158,.T.);
#1046=ORIENTED_EDGE('',*,*,#2177,.T.);
#1047=ORIENTED_EDGE('',*,*,#2149,.T.);
#1048=ORIENTED_EDGE('',*,*,#2144,.T.);
#1049=ORIENTED_EDGE('',*,*,#2147,.T.);
#1050=ORIENTED_EDGE('',*,*,#2178,.T.);
#1051=ORIENTED_EDGE('',*,*,#2138,.T.);
#1052=ORIENTED_EDGE('',*,*,#2133,.T.);
#1053=ORIENTED_EDGE('',*,*,#2136,.T.);
#1054=ORIENTED_EDGE('',*,*,#2179,.T.);
#1055=ORIENTED_EDGE('',*,*,#2127,.T.);
#1056=ORIENTED_EDGE('',*,*,#2122,.T.);
#1057=ORIENTED_EDGE('',*,*,#2125,.T.);
#1058=ORIENTED_EDGE('',*,*,#2180,.T.);
#1059=ORIENTED_EDGE('',*,*,#2116,.T.);
#1060=ORIENTED_EDGE('',*,*,#2111,.T.);
#1061=ORIENTED_EDGE('',*,*,#2114,.T.);
#1062=ORIENTED_EDGE('',*,*,#2181,.T.);
#1063=ORIENTED_EDGE('',*,*,#2105,.T.);
#1064=ORIENTED_EDGE('',*,*,#2100,.T.);
#1065=ORIENTED_EDGE('',*,*,#2103,.T.);
#1066=ORIENTED_EDGE('',*,*,#2182,.T.);
#1067=ORIENTED_EDGE('',*,*,#2094,.T.);
#1068=ORIENTED_EDGE('',*,*,#2089,.T.);
#1069=ORIENTED_EDGE('',*,*,#2092,.T.);
#1070=ORIENTED_EDGE('',*,*,#2183,.T.);
#1071=ORIENTED_EDGE('',*,*,#2083,.T.);
#1072=ORIENTED_EDGE('',*,*,#2078,.T.);
#1073=ORIENTED_EDGE('',*,*,#2081,.T.);
#1074=ORIENTED_EDGE('',*,*,#2184,.T.);
#1075=ORIENTED_EDGE('',*,*,#2072,.T.);
#1076=ORIENTED_EDGE('',*,*,#2067,.T.);
#1077=ORIENTED_EDGE('',*,*,#2070,.T.);
#1078=ORIENTED_EDGE('',*,*,#2185,.T.);
#1079=ORIENTED_EDGE('',*,*,#2061,.T.);
#1080=ORIENTED_EDGE('',*,*,#2056,.T.);
#1081=ORIENTED_EDGE('',*,*,#2059,.T.);
#1082=ORIENTED_EDGE('',*,*,#2186,.T.);
#1083=ORIENTED_EDGE('',*,*,#2050,.T.);
#1084=ORIENTED_EDGE('',*,*,#2045,.T.);
#1085=ORIENTED_EDGE('',*,*,#2048,.T.);
#1086=ORIENTED_EDGE('',*,*,#2187,.T.);
#1087=ORIENTED_EDGE('',*,*,#2039,.T.);
#1088=ORIENTED_EDGE('',*,*,#2034,.T.);
#1089=ORIENTED_EDGE('',*,*,#2037,.T.);
#1090=ORIENTED_EDGE('',*,*,#2188,.T.);
#1091=ORIENTED_EDGE('',*,*,#2189,.F.);
#1092=ORIENTED_EDGE('',*,*,#2190,.F.);
#1093=ORIENTED_EDGE('',*,*,#2191,.T.);
#1094=ORIENTED_EDGE('',*,*,#2192,.T.);
#1095=ORIENTED_EDGE('',*,*,#2193,.T.);
#1096=ORIENTED_EDGE('',*,*,#2192,.F.);
#1097=ORIENTED_EDGE('',*,*,#2194,.F.);
#1098=ORIENTED_EDGE('',*,*,#2173,.F.);
#1099=ORIENTED_EDGE('',*,*,#2195,.T.);
#1100=ORIENTED_EDGE('',*,*,#2196,.F.);
#1101=ORIENTED_EDGE('',*,*,#2174,.F.);
#1102=ORIENTED_EDGE('',*,*,#2194,.T.);
#1103=ORIENTED_EDGE('',*,*,#2191,.F.);
#1104=ORIENTED_EDGE('',*,*,#2197,.F.);
#1105=ORIENTED_EDGE('',*,*,#2193,.F.);
#1106=ORIENTED_EDGE('',*,*,#2195,.F.);
#1107=ORIENTED_EDGE('',*,*,#2172,.F.);
#1108=ORIENTED_EDGE('',*,*,#2198,.T.);
#1109=ORIENTED_EDGE('',*,*,#2199,.T.);
#1110=ORIENTED_EDGE('',*,*,#2200,.T.);
#1111=ORIENTED_EDGE('',*,*,#2201,.F.);
#1112=ORIENTED_EDGE('',*,*,#2202,.F.);
#1113=ORIENTED_EDGE('',*,*,#2203,.F.);
#1114=ORIENTED_EDGE('',*,*,#2204,.T.);
#1115=ORIENTED_EDGE('',*,*,#2205,.T.);
#1116=ORIENTED_EDGE('',*,*,#2206,.F.);
#1117=ORIENTED_EDGE('',*,*,#2207,.F.);
#1118=ORIENTED_EDGE('',*,*,#2205,.F.);
#1119=ORIENTED_EDGE('',*,*,#2208,.T.);
#1120=ORIENTED_EDGE('',*,*,#2209,.F.);
#1121=ORIENTED_EDGE('',*,*,#2210,.T.);
#1122=ORIENTED_EDGE('',*,*,#2203,.T.);
#1123=ORIENTED_EDGE('',*,*,#2211,.F.);
#1124=ORIENTED_EDGE('',*,*,#2212,.F.);
#1125=ORIENTED_EDGE('',*,*,#2208,.F.);
#1126=ORIENTED_EDGE('',*,*,#2204,.F.);
#1127=ORIENTED_EDGE('',*,*,#2210,.F.);
#1128=ORIENTED_EDGE('',*,*,#2213,.F.);
#1129=ORIENTED_EDGE('',*,*,#2214,.F.);
#1130=ORIENTED_EDGE('',*,*,#2215,.T.);
#1131=ORIENTED_EDGE('',*,*,#2216,.T.);
#1132=ORIENTED_EDGE('',*,*,#2217,.F.);
#1133=ORIENTED_EDGE('',*,*,#2218,.F.);
#1134=ORIENTED_EDGE('',*,*,#2219,.T.);
#1135=ORIENTED_EDGE('',*,*,#2214,.T.);
#1136=ORIENTED_EDGE('',*,*,#2220,.F.);
#1137=ORIENTED_EDGE('',*,*,#2221,.F.);
#1138=ORIENTED_EDGE('',*,*,#2215,.F.);
#1139=ORIENTED_EDGE('',*,*,#2219,.F.);
#1140=ORIENTED_EDGE('',*,*,#2222,.F.);
#1141=ORIENTED_EDGE('',*,*,#2216,.F.);
#1142=ORIENTED_EDGE('',*,*,#2221,.T.);
#1143=ORIENTED_EDGE('',*,*,#2223,.F.);
#1144=ORIENTED_EDGE('',*,*,#2224,.F.);
#1145=ORIENTED_EDGE('',*,*,#2225,.F.);
#1146=ORIENTED_EDGE('',*,*,#2226,.T.);
#1147=ORIENTED_EDGE('',*,*,#2227,.T.);
#1148=ORIENTED_EDGE('',*,*,#2228,.F.);
#1149=ORIENTED_EDGE('',*,*,#2229,.F.);
#1150=ORIENTED_EDGE('',*,*,#2230,.T.);
#1151=ORIENTED_EDGE('',*,*,#2225,.T.);
#1152=ORIENTED_EDGE('',*,*,#2231,.F.);
#1153=ORIENTED_EDGE('',*,*,#2232,.F.);
#1154=ORIENTED_EDGE('',*,*,#2226,.F.);
#1155=ORIENTED_EDGE('',*,*,#2230,.F.);
#1156=ORIENTED_EDGE('',*,*,#2233,.F.);
#1157=ORIENTED_EDGE('',*,*,#2227,.F.);
#1158=ORIENTED_EDGE('',*,*,#2232,.T.);
#1159=ORIENTED_EDGE('',*,*,#2234,.F.);
#1160=ORIENTED_EDGE('',*,*,#2235,.F.);
#1161=ORIENTED_EDGE('',*,*,#2236,.F.);
#1162=ORIENTED_EDGE('',*,*,#2237,.T.);
#1163=ORIENTED_EDGE('',*,*,#2238,.T.);
#1164=ORIENTED_EDGE('',*,*,#2239,.F.);
#1165=ORIENTED_EDGE('',*,*,#2240,.F.);
#1166=ORIENTED_EDGE('',*,*,#2241,.T.);
#1167=ORIENTED_EDGE('',*,*,#2236,.T.);
#1168=ORIENTED_EDGE('',*,*,#2242,.F.);
#1169=ORIENTED_EDGE('',*,*,#2243,.F.);
#1170=ORIENTED_EDGE('',*,*,#2237,.F.);
#1171=ORIENTED_EDGE('',*,*,#2241,.F.);
#1172=ORIENTED_EDGE('',*,*,#2244,.F.);
#1173=ORIENTED_EDGE('',*,*,#2238,.F.);
#1174=ORIENTED_EDGE('',*,*,#2243,.T.);
#1175=ORIENTED_EDGE('',*,*,#2245,.F.);
#1176=ORIENTED_EDGE('',*,*,#2246,.F.);
#1177=ORIENTED_EDGE('',*,*,#2247,.F.);
#1178=ORIENTED_EDGE('',*,*,#2248,.T.);
#1179=ORIENTED_EDGE('',*,*,#2249,.T.);
#1180=ORIENTED_EDGE('',*,*,#2250,.F.);
#1181=ORIENTED_EDGE('',*,*,#2251,.F.);
#1182=ORIENTED_EDGE('',*,*,#2252,.T.);
#1183=ORIENTED_EDGE('',*,*,#2247,.T.);
#1184=ORIENTED_EDGE('',*,*,#2253,.F.);
#1185=ORIENTED_EDGE('',*,*,#2254,.F.);
#1186=ORIENTED_EDGE('',*,*,#2248,.F.);
#1187=ORIENTED_EDGE('',*,*,#2252,.F.);
#1188=ORIENTED_EDGE('',*,*,#2255,.F.);
#1189=ORIENTED_EDGE('',*,*,#2249,.F.);
#1190=ORIENTED_EDGE('',*,*,#2254,.T.);
#1191=ORIENTED_EDGE('',*,*,#2256,.F.);
#1192=ORIENTED_EDGE('',*,*,#2257,.F.);
#1193=ORIENTED_EDGE('',*,*,#2258,.F.);
#1194=ORIENTED_EDGE('',*,*,#2259,.T.);
#1195=ORIENTED_EDGE('',*,*,#2260,.T.);
#1196=ORIENTED_EDGE('',*,*,#2261,.F.);
#1197=ORIENTED_EDGE('',*,*,#2262,.F.);
#1198=ORIENTED_EDGE('',*,*,#2263,.T.);
#1199=ORIENTED_EDGE('',*,*,#2258,.T.);
#1200=ORIENTED_EDGE('',*,*,#2264,.F.);
#1201=ORIENTED_EDGE('',*,*,#2265,.F.);
#1202=ORIENTED_EDGE('',*,*,#2259,.F.);
#1203=ORIENTED_EDGE('',*,*,#2263,.F.);
#1204=ORIENTED_EDGE('',*,*,#2266,.F.);
#1205=ORIENTED_EDGE('',*,*,#2260,.F.);
#1206=ORIENTED_EDGE('',*,*,#2265,.T.);
#1207=ORIENTED_EDGE('',*,*,#2267,.F.);
#1208=ORIENTED_EDGE('',*,*,#2268,.F.);
#1209=ORIENTED_EDGE('',*,*,#2269,.F.);
#1210=ORIENTED_EDGE('',*,*,#2270,.T.);
#1211=ORIENTED_EDGE('',*,*,#2271,.T.);
#1212=ORIENTED_EDGE('',*,*,#2272,.F.);
#1213=ORIENTED_EDGE('',*,*,#2273,.F.);
#1214=ORIENTED_EDGE('',*,*,#2274,.T.);
#1215=ORIENTED_EDGE('',*,*,#2269,.T.);
#1216=ORIENTED_EDGE('',*,*,#2275,.F.);
#1217=ORIENTED_EDGE('',*,*,#2276,.F.);
#1218=ORIENTED_EDGE('',*,*,#2270,.F.);
#1219=ORIENTED_EDGE('',*,*,#2274,.F.);
#1220=ORIENTED_EDGE('',*,*,#2277,.F.);
#1221=ORIENTED_EDGE('',*,*,#2271,.F.);
#1222=ORIENTED_EDGE('',*,*,#2276,.T.);
#1223=ORIENTED_EDGE('',*,*,#2278,.F.);
#1224=ORIENTED_EDGE('',*,*,#2279,.F.);
#1225=ORIENTED_EDGE('',*,*,#2280,.F.);
#1226=ORIENTED_EDGE('',*,*,#2281,.T.);
#1227=ORIENTED_EDGE('',*,*,#2282,.T.);
#1228=ORIENTED_EDGE('',*,*,#2283,.F.);
#1229=ORIENTED_EDGE('',*,*,#2284,.F.);
#1230=ORIENTED_EDGE('',*,*,#2285,.T.);
#1231=ORIENTED_EDGE('',*,*,#2280,.T.);
#1232=ORIENTED_EDGE('',*,*,#2286,.F.);
#1233=ORIENTED_EDGE('',*,*,#2287,.F.);
#1234=ORIENTED_EDGE('',*,*,#2281,.F.);
#1235=ORIENTED_EDGE('',*,*,#2285,.F.);
#1236=ORIENTED_EDGE('',*,*,#2288,.F.);
#1237=ORIENTED_EDGE('',*,*,#2282,.F.);
#1238=ORIENTED_EDGE('',*,*,#2287,.T.);
#1239=ORIENTED_EDGE('',*,*,#2289,.F.);
#1240=ORIENTED_EDGE('',*,*,#2290,.F.);
#1241=ORIENTED_EDGE('',*,*,#2291,.F.);
#1242=ORIENTED_EDGE('',*,*,#2292,.T.);
#1243=ORIENTED_EDGE('',*,*,#2293,.T.);
#1244=ORIENTED_EDGE('',*,*,#2294,.F.);
#1245=ORIENTED_EDGE('',*,*,#2295,.F.);
#1246=ORIENTED_EDGE('',*,*,#2296,.T.);
#1247=ORIENTED_EDGE('',*,*,#2291,.T.);
#1248=ORIENTED_EDGE('',*,*,#2297,.F.);
#1249=ORIENTED_EDGE('',*,*,#2298,.F.);
#1250=ORIENTED_EDGE('',*,*,#2292,.F.);
#1251=ORIENTED_EDGE('',*,*,#2296,.F.);
#1252=ORIENTED_EDGE('',*,*,#2299,.F.);
#1253=ORIENTED_EDGE('',*,*,#2293,.F.);
#1254=ORIENTED_EDGE('',*,*,#2298,.T.);
#1255=ORIENTED_EDGE('',*,*,#2300,.F.);
#1256=ORIENTED_EDGE('',*,*,#2301,.F.);
#1257=ORIENTED_EDGE('',*,*,#2302,.F.);
#1258=ORIENTED_EDGE('',*,*,#2303,.T.);
#1259=ORIENTED_EDGE('',*,*,#2304,.T.);
#1260=ORIENTED_EDGE('',*,*,#2305,.F.);
#1261=ORIENTED_EDGE('',*,*,#2306,.F.);
#1262=ORIENTED_EDGE('',*,*,#2307,.T.);
#1263=ORIENTED_EDGE('',*,*,#2302,.T.);
#1264=ORIENTED_EDGE('',*,*,#2308,.F.);
#1265=ORIENTED_EDGE('',*,*,#2309,.F.);
#1266=ORIENTED_EDGE('',*,*,#2303,.F.);
#1267=ORIENTED_EDGE('',*,*,#2307,.F.);
#1268=ORIENTED_EDGE('',*,*,#2310,.F.);
#1269=ORIENTED_EDGE('',*,*,#2304,.F.);
#1270=ORIENTED_EDGE('',*,*,#2309,.T.);
#1271=ORIENTED_EDGE('',*,*,#2311,.F.);
#1272=ORIENTED_EDGE('',*,*,#2312,.F.);
#1273=ORIENTED_EDGE('',*,*,#2313,.F.);
#1274=ORIENTED_EDGE('',*,*,#2314,.T.);
#1275=ORIENTED_EDGE('',*,*,#2315,.T.);
#1276=ORIENTED_EDGE('',*,*,#2316,.F.);
#1277=ORIENTED_EDGE('',*,*,#2317,.F.);
#1278=ORIENTED_EDGE('',*,*,#2318,.T.);
#1279=ORIENTED_EDGE('',*,*,#2313,.T.);
#1280=ORIENTED_EDGE('',*,*,#2319,.F.);
#1281=ORIENTED_EDGE('',*,*,#2320,.F.);
#1282=ORIENTED_EDGE('',*,*,#2314,.F.);
#1283=ORIENTED_EDGE('',*,*,#2318,.F.);
#1284=ORIENTED_EDGE('',*,*,#2321,.F.);
#1285=ORIENTED_EDGE('',*,*,#2315,.F.);
#1286=ORIENTED_EDGE('',*,*,#2320,.T.);
#1287=ORIENTED_EDGE('',*,*,#2322,.F.);
#1288=ORIENTED_EDGE('',*,*,#2323,.F.);
#1289=ORIENTED_EDGE('',*,*,#2324,.F.);
#1290=ORIENTED_EDGE('',*,*,#2325,.T.);
#1291=ORIENTED_EDGE('',*,*,#2326,.T.);
#1292=ORIENTED_EDGE('',*,*,#2327,.F.);
#1293=ORIENTED_EDGE('',*,*,#2328,.F.);
#1294=ORIENTED_EDGE('',*,*,#2329,.T.);
#1295=ORIENTED_EDGE('',*,*,#2324,.T.);
#1296=ORIENTED_EDGE('',*,*,#2330,.F.);
#1297=ORIENTED_EDGE('',*,*,#2331,.F.);
#1298=ORIENTED_EDGE('',*,*,#2325,.F.);
#1299=ORIENTED_EDGE('',*,*,#2329,.F.);
#1300=ORIENTED_EDGE('',*,*,#2332,.F.);
#1301=ORIENTED_EDGE('',*,*,#2326,.F.);
#1302=ORIENTED_EDGE('',*,*,#2331,.T.);
#1303=ORIENTED_EDGE('',*,*,#2333,.F.);
#1304=ORIENTED_EDGE('',*,*,#2334,.T.);
#1305=ORIENTED_EDGE('',*,*,#2335,.T.);
#1306=ORIENTED_EDGE('',*,*,#2336,.T.);
#1307=ORIENTED_EDGE('',*,*,#2337,.T.);
#1308=ORIENTED_EDGE('',*,*,#2336,.F.);
#1309=ORIENTED_EDGE('',*,*,#2334,.F.);
#1310=ORIENTED_EDGE('',*,*,#2338,.T.);
#1311=ORIENTED_EDGE('',*,*,#2339,.F.);
#1312=ORIENTED_EDGE('',*,*,#1892,.F.);
#1313=ORIENTED_EDGE('',*,*,#2199,.F.);
#1314=ORIENTED_EDGE('',*,*,#2339,.T.);
#1315=ORIENTED_EDGE('',*,*,#2200,.F.);
#1316=ORIENTED_EDGE('',*,*,#2340,.F.);
#1317=ORIENTED_EDGE('',*,*,#2198,.F.);
#1318=ORIENTED_EDGE('',*,*,#2311,.T.);
#1319=ORIENTED_EDGE('',*,*,#2308,.T.);
#1320=ORIENTED_EDGE('',*,*,#2306,.T.);
#1321=ORIENTED_EDGE('',*,*,#2341,.T.);
#1322=ORIENTED_EDGE('',*,*,#2300,.T.);
#1323=ORIENTED_EDGE('',*,*,#2297,.T.);
#1324=ORIENTED_EDGE('',*,*,#2295,.T.);
#1325=ORIENTED_EDGE('',*,*,#2342,.T.);
#1326=ORIENTED_EDGE('',*,*,#2289,.T.);
#1327=ORIENTED_EDGE('',*,*,#2286,.T.);
#1328=ORIENTED_EDGE('',*,*,#2284,.T.);
#1329=ORIENTED_EDGE('',*,*,#2343,.T.);
#1330=ORIENTED_EDGE('',*,*,#2278,.T.);
#1331=ORIENTED_EDGE('',*,*,#2275,.T.);
#1332=ORIENTED_EDGE('',*,*,#2273,.T.);
#1333=ORIENTED_EDGE('',*,*,#2344,.T.);
#1334=ORIENTED_EDGE('',*,*,#2267,.T.);
#1335=ORIENTED_EDGE('',*,*,#2264,.T.);
#1336=ORIENTED_EDGE('',*,*,#2262,.T.);
#1337=ORIENTED_EDGE('',*,*,#2345,.T.);
#1338=ORIENTED_EDGE('',*,*,#2256,.T.);
#1339=ORIENTED_EDGE('',*,*,#2253,.T.);
#1340=ORIENTED_EDGE('',*,*,#2251,.T.);
#1341=ORIENTED_EDGE('',*,*,#2346,.T.);
#1342=ORIENTED_EDGE('',*,*,#2245,.T.);
#1343=ORIENTED_EDGE('',*,*,#2242,.T.);
#1344=ORIENTED_EDGE('',*,*,#2240,.T.);
#1345=ORIENTED_EDGE('',*,*,#2347,.T.);
#1346=ORIENTED_EDGE('',*,*,#2234,.T.);
#1347=ORIENTED_EDGE('',*,*,#2231,.T.);
#1348=ORIENTED_EDGE('',*,*,#2229,.T.);
#1349=ORIENTED_EDGE('',*,*,#2348,.T.);
#1350=ORIENTED_EDGE('',*,*,#2223,.T.);
#1351=ORIENTED_EDGE('',*,*,#2220,.T.);
#1352=ORIENTED_EDGE('',*,*,#2218,.T.);
#1353=ORIENTED_EDGE('',*,*,#2349,.T.);
#1354=ORIENTED_EDGE('',*,*,#2206,.T.);
#1355=ORIENTED_EDGE('',*,*,#2212,.T.);
#1356=ORIENTED_EDGE('',*,*,#2209,.T.);
#1357=ORIENTED_EDGE('',*,*,#2350,.T.);
#1358=ORIENTED_EDGE('',*,*,#2333,.T.);
#1359=ORIENTED_EDGE('',*,*,#2330,.T.);
#1360=ORIENTED_EDGE('',*,*,#2328,.T.);
#1361=ORIENTED_EDGE('',*,*,#2351,.T.);
#1362=ORIENTED_EDGE('',*,*,#2322,.T.);
#1363=ORIENTED_EDGE('',*,*,#2319,.T.);
#1364=ORIENTED_EDGE('',*,*,#2317,.T.);
#1365=ORIENTED_EDGE('',*,*,#2352,.T.);
#1366=ORIENTED_EDGE('',*,*,#2201,.T.);
#1367=ORIENTED_EDGE('',*,*,#2301,.T.);
#1368=ORIENTED_EDGE('',*,*,#2310,.T.);
#1369=ORIENTED_EDGE('',*,*,#2352,.F.);
#1370=ORIENTED_EDGE('',*,*,#2316,.T.);
#1371=ORIENTED_EDGE('',*,*,#2312,.T.);
#1372=ORIENTED_EDGE('',*,*,#2321,.T.);
#1373=ORIENTED_EDGE('',*,*,#2351,.F.);
#1374=ORIENTED_EDGE('',*,*,#2327,.T.);
#1375=ORIENTED_EDGE('',*,*,#2323,.T.);
#1376=ORIENTED_EDGE('',*,*,#2332,.T.);
#1377=ORIENTED_EDGE('',*,*,#2350,.F.);
#1378=ORIENTED_EDGE('',*,*,#2211,.T.);
#1379=ORIENTED_EDGE('',*,*,#2202,.T.);
#1380=ORIENTED_EDGE('',*,*,#2207,.T.);
#1381=ORIENTED_EDGE('',*,*,#2349,.F.);
#1382=ORIENTED_EDGE('',*,*,#2217,.T.);
#1383=ORIENTED_EDGE('',*,*,#2213,.T.);
#1384=ORIENTED_EDGE('',*,*,#2222,.T.);
#1385=ORIENTED_EDGE('',*,*,#2348,.F.);
#1386=ORIENTED_EDGE('',*,*,#2228,.T.);
#1387=ORIENTED_EDGE('',*,*,#2224,.T.);
#1388=ORIENTED_EDGE('',*,*,#2233,.T.);
#1389=ORIENTED_EDGE('',*,*,#2347,.F.);
#1390=ORIENTED_EDGE('',*,*,#2239,.T.);
#1391=ORIENTED_EDGE('',*,*,#2235,.T.);
#1392=ORIENTED_EDGE('',*,*,#2244,.T.);
#1393=ORIENTED_EDGE('',*,*,#2346,.F.);
#1394=ORIENTED_EDGE('',*,*,#2250,.T.);
#1395=ORIENTED_EDGE('',*,*,#2246,.T.);
#1396=ORIENTED_EDGE('',*,*,#2255,.T.);
#1397=ORIENTED_EDGE('',*,*,#2345,.F.);
#1398=ORIENTED_EDGE('',*,*,#2261,.T.);
#1399=ORIENTED_EDGE('',*,*,#2257,.T.);
#1400=ORIENTED_EDGE('',*,*,#2266,.T.);
#1401=ORIENTED_EDGE('',*,*,#2344,.F.);
#1402=ORIENTED_EDGE('',*,*,#2272,.T.);
#1403=ORIENTED_EDGE('',*,*,#2268,.T.);
#1404=ORIENTED_EDGE('',*,*,#2277,.T.);
#1405=ORIENTED_EDGE('',*,*,#2343,.F.);
#1406=ORIENTED_EDGE('',*,*,#2283,.T.);
#1407=ORIENTED_EDGE('',*,*,#2279,.T.);
#1408=ORIENTED_EDGE('',*,*,#2288,.T.);
#1409=ORIENTED_EDGE('',*,*,#2342,.F.);
#1410=ORIENTED_EDGE('',*,*,#2294,.T.);
#1411=ORIENTED_EDGE('',*,*,#2290,.T.);
#1412=ORIENTED_EDGE('',*,*,#2299,.T.);
#1413=ORIENTED_EDGE('',*,*,#2341,.F.);
#1414=ORIENTED_EDGE('',*,*,#2305,.T.);
#1415=ORIENTED_EDGE('',*,*,#2340,.T.);
#1416=ORIENTED_EDGE('',*,*,#2353,.F.);
#1417=ORIENTED_EDGE('',*,*,#2354,.F.);
#1418=ORIENTED_EDGE('',*,*,#2028,.F.);
#1419=ORIENTED_EDGE('',*,*,#2027,.F.);
#1420=ORIENTED_EDGE('',*,*,#2189,.T.);
#1421=ORIENTED_EDGE('',*,*,#2335,.F.);
#1422=ORIENTED_EDGE('',*,*,#2354,.T.);
#1423=ORIENTED_EDGE('',*,*,#2353,.T.);
#1424=ORIENTED_EDGE('',*,*,#2355,.F.);
#1425=ORIENTED_EDGE('',*,*,#2355,.T.);
#1426=ORIENTED_EDGE('',*,*,#2177,.F.);
#1427=ORIENTED_EDGE('',*,*,#2157,.T.);
#1428=ORIENTED_EDGE('',*,*,#2150,.T.);
#1429=ORIENTED_EDGE('',*,*,#2159,.T.);
#1430=ORIENTED_EDGE('',*,*,#2176,.F.);
#1431=ORIENTED_EDGE('',*,*,#2168,.T.);
#1432=ORIENTED_EDGE('',*,*,#2161,.T.);
#1433=ORIENTED_EDGE('',*,*,#2170,.T.);
#1434=ORIENTED_EDGE('',*,*,#2175,.F.);
#1435=ORIENTED_EDGE('',*,*,#2196,.T.);
#1436=ORIENTED_EDGE('',*,*,#2190,.T.);
#1437=ORIENTED_EDGE('',*,*,#2197,.T.);
#1438=ORIENTED_EDGE('',*,*,#2188,.F.);
#1439=ORIENTED_EDGE('',*,*,#2036,.T.);
#1440=ORIENTED_EDGE('',*,*,#2029,.T.);
#1441=ORIENTED_EDGE('',*,*,#2038,.T.);
#1442=ORIENTED_EDGE('',*,*,#2187,.F.);
#1443=ORIENTED_EDGE('',*,*,#2047,.T.);
#1444=ORIENTED_EDGE('',*,*,#2040,.T.);
#1445=ORIENTED_EDGE('',*,*,#2049,.T.);
#1446=ORIENTED_EDGE('',*,*,#2186,.F.);
#1447=ORIENTED_EDGE('',*,*,#2058,.T.);
#1448=ORIENTED_EDGE('',*,*,#2051,.T.);
#1449=ORIENTED_EDGE('',*,*,#2060,.T.);
#1450=ORIENTED_EDGE('',*,*,#2185,.F.);
#1451=ORIENTED_EDGE('',*,*,#2069,.T.);
#1452=ORIENTED_EDGE('',*,*,#2062,.T.);
#1453=ORIENTED_EDGE('',*,*,#2071,.T.);
#1454=ORIENTED_EDGE('',*,*,#2184,.F.);
#1455=ORIENTED_EDGE('',*,*,#2080,.T.);
#1456=ORIENTED_EDGE('',*,*,#2073,.T.);
#1457=ORIENTED_EDGE('',*,*,#2082,.T.);
#1458=ORIENTED_EDGE('',*,*,#2183,.F.);
#1459=ORIENTED_EDGE('',*,*,#2091,.T.);
#1460=ORIENTED_EDGE('',*,*,#2084,.T.);
#1461=ORIENTED_EDGE('',*,*,#2093,.T.);
#1462=ORIENTED_EDGE('',*,*,#2182,.F.);
#1463=ORIENTED_EDGE('',*,*,#2102,.T.);
#1464=ORIENTED_EDGE('',*,*,#2095,.T.);
#1465=ORIENTED_EDGE('',*,*,#2104,.T.);
#1466=ORIENTED_EDGE('',*,*,#2181,.F.);
#1467=ORIENTED_EDGE('',*,*,#2113,.T.);
#1468=ORIENTED_EDGE('',*,*,#2106,.T.);
#1469=ORIENTED_EDGE('',*,*,#2115,.T.);
#1470=ORIENTED_EDGE('',*,*,#2180,.F.);
#1471=ORIENTED_EDGE('',*,*,#2124,.T.);
#1472=ORIENTED_EDGE('',*,*,#2117,.T.);
#1473=ORIENTED_EDGE('',*,*,#2126,.T.);
#1474=ORIENTED_EDGE('',*,*,#2179,.F.);
#1475=ORIENTED_EDGE('',*,*,#2135,.T.);
#1476=ORIENTED_EDGE('',*,*,#2128,.T.);
#1477=ORIENTED_EDGE('',*,*,#2137,.T.);
#1478=ORIENTED_EDGE('',*,*,#2178,.F.);
#1479=ORIENTED_EDGE('',*,*,#2146,.T.);
#1480=ORIENTED_EDGE('',*,*,#2139,.T.);
#1481=ORIENTED_EDGE('',*,*,#2148,.T.);
#1482=ORIENTED_EDGE('',*,*,#1893,.F.);
#1483=ORIENTED_EDGE('',*,*,#2356,.F.);
#1484=ORIENTED_EDGE('',*,*,#1891,.F.);
#1485=ORIENTED_EDGE('',*,*,#2004,.T.);
#1486=ORIENTED_EDGE('',*,*,#2001,.T.);
#1487=ORIENTED_EDGE('',*,*,#1999,.T.);
#1488=ORIENTED_EDGE('',*,*,#2357,.T.);
#1489=ORIENTED_EDGE('',*,*,#1993,.T.);
#1490=ORIENTED_EDGE('',*,*,#1990,.T.);
#1491=ORIENTED_EDGE('',*,*,#1988,.T.);
#1492=ORIENTED_EDGE('',*,*,#2358,.T.);
#1493=ORIENTED_EDGE('',*,*,#1982,.T.);
#1494=ORIENTED_EDGE('',*,*,#1979,.T.);
#1495=ORIENTED_EDGE('',*,*,#1977,.T.);
#1496=ORIENTED_EDGE('',*,*,#2359,.T.);
#1497=ORIENTED_EDGE('',*,*,#1971,.T.);
#1498=ORIENTED_EDGE('',*,*,#1968,.T.);
#1499=ORIENTED_EDGE('',*,*,#1966,.T.);
#1500=ORIENTED_EDGE('',*,*,#2360,.T.);
#1501=ORIENTED_EDGE('',*,*,#1960,.T.);
#1502=ORIENTED_EDGE('',*,*,#1957,.T.);
#1503=ORIENTED_EDGE('',*,*,#1955,.T.);
#1504=ORIENTED_EDGE('',*,*,#2361,.T.);
#1505=ORIENTED_EDGE('',*,*,#1949,.T.);
#1506=ORIENTED_EDGE('',*,*,#1946,.T.);
#1507=ORIENTED_EDGE('',*,*,#1944,.T.);
#1508=ORIENTED_EDGE('',*,*,#2362,.T.);
#1509=ORIENTED_EDGE('',*,*,#1938,.T.);
#1510=ORIENTED_EDGE('',*,*,#1935,.T.);
#1511=ORIENTED_EDGE('',*,*,#1933,.T.);
#1512=ORIENTED_EDGE('',*,*,#2363,.T.);
#1513=ORIENTED_EDGE('',*,*,#1927,.T.);
#1514=ORIENTED_EDGE('',*,*,#1924,.T.);
#1515=ORIENTED_EDGE('',*,*,#1922,.T.);
#1516=ORIENTED_EDGE('',*,*,#2364,.T.);
#1517=ORIENTED_EDGE('',*,*,#1916,.T.);
#1518=ORIENTED_EDGE('',*,*,#1913,.T.);
#1519=ORIENTED_EDGE('',*,*,#1911,.T.);
#1520=ORIENTED_EDGE('',*,*,#2365,.T.);
#1521=ORIENTED_EDGE('',*,*,#1899,.T.);
#1522=ORIENTED_EDGE('',*,*,#1905,.T.);
#1523=ORIENTED_EDGE('',*,*,#1902,.T.);
#1524=ORIENTED_EDGE('',*,*,#2366,.T.);
#1525=ORIENTED_EDGE('',*,*,#2026,.T.);
#1526=ORIENTED_EDGE('',*,*,#2023,.T.);
#1527=ORIENTED_EDGE('',*,*,#2021,.T.);
#1528=ORIENTED_EDGE('',*,*,#2367,.T.);
#1529=ORIENTED_EDGE('',*,*,#2015,.T.);
#1530=ORIENTED_EDGE('',*,*,#2012,.T.);
#1531=ORIENTED_EDGE('',*,*,#2010,.T.);
#1532=ORIENTED_EDGE('',*,*,#2368,.T.);
#1533=ORIENTED_EDGE('',*,*,#1894,.T.);
#1534=ORIENTED_EDGE('',*,*,#1994,.T.);
#1535=ORIENTED_EDGE('',*,*,#2003,.T.);
#1536=ORIENTED_EDGE('',*,*,#2368,.F.);
#1537=ORIENTED_EDGE('',*,*,#2009,.T.);
#1538=ORIENTED_EDGE('',*,*,#2005,.T.);
#1539=ORIENTED_EDGE('',*,*,#2014,.T.);
#1540=ORIENTED_EDGE('',*,*,#2367,.F.);
#1541=ORIENTED_EDGE('',*,*,#2020,.T.);
#1542=ORIENTED_EDGE('',*,*,#2016,.T.);
#1543=ORIENTED_EDGE('',*,*,#2025,.T.);
#1544=ORIENTED_EDGE('',*,*,#2366,.F.);
#1545=ORIENTED_EDGE('',*,*,#1904,.T.);
#1546=ORIENTED_EDGE('',*,*,#1895,.T.);
#1547=ORIENTED_EDGE('',*,*,#1900,.T.);
#1548=ORIENTED_EDGE('',*,*,#2365,.F.);
#1549=ORIENTED_EDGE('',*,*,#1910,.T.);
#1550=ORIENTED_EDGE('',*,*,#1906,.T.);
#1551=ORIENTED_EDGE('',*,*,#1915,.T.);
#1552=ORIENTED_EDGE('',*,*,#2364,.F.);
#1553=ORIENTED_EDGE('',*,*,#1921,.T.);
#1554=ORIENTED_EDGE('',*,*,#1917,.T.);
#1555=ORIENTED_EDGE('',*,*,#1926,.T.);
#1556=ORIENTED_EDGE('',*,*,#2363,.F.);
#1557=ORIENTED_EDGE('',*,*,#1932,.T.);
#1558=ORIENTED_EDGE('',*,*,#1928,.T.);
#1559=ORIENTED_EDGE('',*,*,#1937,.T.);
#1560=ORIENTED_EDGE('',*,*,#2362,.F.);
#1561=ORIENTED_EDGE('',*,*,#1943,.T.);
#1562=ORIENTED_EDGE('',*,*,#1939,.T.);
#1563=ORIENTED_EDGE('',*,*,#1948,.T.);
#1564=ORIENTED_EDGE('',*,*,#2361,.F.);
#1565=ORIENTED_EDGE('',*,*,#1954,.T.);
#1566=ORIENTED_EDGE('',*,*,#1950,.T.);
#1567=ORIENTED_EDGE('',*,*,#1959,.T.);
#1568=ORIENTED_EDGE('',*,*,#2360,.F.);
#1569=ORIENTED_EDGE('',*,*,#1965,.T.);
#1570=ORIENTED_EDGE('',*,*,#1961,.T.);
#1571=ORIENTED_EDGE('',*,*,#1970,.T.);
#1572=ORIENTED_EDGE('',*,*,#2359,.F.);
#1573=ORIENTED_EDGE('',*,*,#1976,.T.);
#1574=ORIENTED_EDGE('',*,*,#1972,.T.);
#1575=ORIENTED_EDGE('',*,*,#1981,.T.);
#1576=ORIENTED_EDGE('',*,*,#2358,.F.);
#1577=ORIENTED_EDGE('',*,*,#1987,.T.);
#1578=ORIENTED_EDGE('',*,*,#1983,.T.);
#1579=ORIENTED_EDGE('',*,*,#1992,.T.);
#1580=ORIENTED_EDGE('',*,*,#2357,.F.);
#1581=ORIENTED_EDGE('',*,*,#1998,.T.);
#1582=ORIENTED_EDGE('',*,*,#2356,.T.);
#1583=ORIENTED_EDGE('',*,*,#2369,.F.);
#1584=ORIENTED_EDGE('',*,*,#2370,.F.);
#1585=ORIENTED_EDGE('',*,*,#1721,.F.);
#1586=ORIENTED_EDGE('',*,*,#1720,.F.);
#1587=ORIENTED_EDGE('',*,*,#1882,.T.);
#1588=ORIENTED_EDGE('',*,*,#2337,.F.);
#1589=ORIENTED_EDGE('',*,*,#2370,.T.);
#1590=ORIENTED_EDGE('',*,*,#2369,.T.);
#1591=ORIENTED_EDGE('',*,*,#2371,.F.);
#1592=ORIENTED_EDGE('',*,*,#2371,.T.);
#1593=ORIENTED_EDGE('',*,*,#1870,.F.);
#1594=ORIENTED_EDGE('',*,*,#1850,.T.);
#1595=ORIENTED_EDGE('',*,*,#1843,.T.);
#1596=ORIENTED_EDGE('',*,*,#1852,.T.);
#1597=ORIENTED_EDGE('',*,*,#1869,.F.);
#1598=ORIENTED_EDGE('',*,*,#1861,.T.);
#1599=ORIENTED_EDGE('',*,*,#1854,.T.);
#1600=ORIENTED_EDGE('',*,*,#1863,.T.);
#1601=ORIENTED_EDGE('',*,*,#1868,.F.);
#1602=ORIENTED_EDGE('',*,*,#1889,.T.);
#1603=ORIENTED_EDGE('',*,*,#1883,.T.);
#1604=ORIENTED_EDGE('',*,*,#1890,.T.);
#1605=ORIENTED_EDGE('',*,*,#1881,.F.);
#1606=ORIENTED_EDGE('',*,*,#1729,.T.);
#1607=ORIENTED_EDGE('',*,*,#1722,.T.);
#1608=ORIENTED_EDGE('',*,*,#1731,.T.);
#1609=ORIENTED_EDGE('',*,*,#1880,.F.);
#1610=ORIENTED_EDGE('',*,*,#1740,.T.);
#1611=ORIENTED_EDGE('',*,*,#1733,.T.);
#1612=ORIENTED_EDGE('',*,*,#1742,.T.);
#1613=ORIENTED_EDGE('',*,*,#1879,.F.);
#1614=ORIENTED_EDGE('',*,*,#1751,.T.);
#1615=ORIENTED_EDGE('',*,*,#1744,.T.);
#1616=ORIENTED_EDGE('',*,*,#1753,.T.);
#1617=ORIENTED_EDGE('',*,*,#1878,.F.);
#1618=ORIENTED_EDGE('',*,*,#1762,.T.);
#1619=ORIENTED_EDGE('',*,*,#1755,.T.);
#1620=ORIENTED_EDGE('',*,*,#1764,.T.);
#1621=ORIENTED_EDGE('',*,*,#1877,.F.);
#1622=ORIENTED_EDGE('',*,*,#1773,.T.);
#1623=ORIENTED_EDGE('',*,*,#1766,.T.);
#1624=ORIENTED_EDGE('',*,*,#1775,.T.);
#1625=ORIENTED_EDGE('',*,*,#1876,.F.);
#1626=ORIENTED_EDGE('',*,*,#1784,.T.);
#1627=ORIENTED_EDGE('',*,*,#1777,.T.);
#1628=ORIENTED_EDGE('',*,*,#1786,.T.);
#1629=ORIENTED_EDGE('',*,*,#1875,.F.);
#1630=ORIENTED_EDGE('',*,*,#1795,.T.);
#1631=ORIENTED_EDGE('',*,*,#1788,.T.);
#1632=ORIENTED_EDGE('',*,*,#1797,.T.);
#1633=ORIENTED_EDGE('',*,*,#1874,.F.);
#1634=ORIENTED_EDGE('',*,*,#1806,.T.);
#1635=ORIENTED_EDGE('',*,*,#1799,.T.);
#1636=ORIENTED_EDGE('',*,*,#1808,.T.);
#1637=ORIENTED_EDGE('',*,*,#1873,.F.);
#1638=ORIENTED_EDGE('',*,*,#1817,.T.);
#1639=ORIENTED_EDGE('',*,*,#1810,.T.);
#1640=ORIENTED_EDGE('',*,*,#1819,.T.);
#1641=ORIENTED_EDGE('',*,*,#1872,.F.);
#1642=ORIENTED_EDGE('',*,*,#1828,.T.);
#1643=ORIENTED_EDGE('',*,*,#1821,.T.);
#1644=ORIENTED_EDGE('',*,*,#1830,.T.);
#1645=ORIENTED_EDGE('',*,*,#1871,.F.);
#1646=ORIENTED_EDGE('',*,*,#1839,.T.);
#1647=ORIENTED_EDGE('',*,*,#1832,.T.);
#1648=ORIENTED_EDGE('',*,*,#1841,.T.);
#1649=ORIENTED_EDGE('',*,*,#2338,.F.);
#1650=ORIENTED_EDGE('',*,*,#1680,.T.);
#1651=ORIENTED_EDGE('',*,*,#1714,.T.);
#1652=ORIENTED_EDGE('',*,*,#2372,.F.);
#1653=ORIENTED_EDGE('',*,*,#2373,.T.);
#1654=ORIENTED_EDGE('',*,*,#2374,.T.);
#1655=ORIENTED_EDGE('',*,*,#2375,.T.);
#1656=ORIENTED_EDGE('',*,*,#2376,.F.);
#1657=ORIENTED_EDGE('',*,*,#2377,.T.);
#1658=ORIENTED_EDGE('',*,*,#2375,.F.);
#1659=ORIENTED_EDGE('',*,*,#2376,.T.);
#1660=ORIENTED_EDGE('',*,*,#2373,.F.);
#1661=ORIENTED_EDGE('',*,*,#2377,.F.);
#1662=ORIENTED_EDGE('',*,*,#2372,.T.);
#1663=ORIENTED_EDGE('',*,*,#2374,.F.);
#1664=ORIENTED_EDGE('',*,*,#2378,.F.);
#1665=ORIENTED_EDGE('',*,*,#2379,.T.);
#1666=ORIENTED_EDGE('',*,*,#2380,.T.);
#1667=ORIENTED_EDGE('',*,*,#2381,.T.);
#1668=ORIENTED_EDGE('',*,*,#2382,.F.);
#1669=ORIENTED_EDGE('',*,*,#2383,.T.);
#1670=ORIENTED_EDGE('',*,*,#2382,.T.);
#1671=ORIENTED_EDGE('',*,*,#2380,.F.);
#1672=ORIENTED_EDGE('',*,*,#2383,.F.);
#1673=ORIENTED_EDGE('',*,*,#2379,.F.);
#1674=ORIENTED_EDGE('',*,*,#2381,.F.);
#1675=ORIENTED_EDGE('',*,*,#2378,.T.);
#1676=EDGE_CURVE('',#2384,#2385,#2868,.T.);
#1677=EDGE_CURVE('',#2386,#2385,#2869,.T.);
#1678=EDGE_CURVE('',#2386,#2387,#2870,.T.);
#1679=EDGE_CURVE('',#2387,#2384,#2871,.T.);
#1680=EDGE_CURVE('',#2388,#2389,#258,.T.);
#1681=EDGE_CURVE('',#2390,#2388,#2872,.T.);
#1682=EDGE_CURVE('',#2390,#2386,#2873,.T.);
#1683=EDGE_CURVE('',#2385,#2391,#2874,.T.);
#1684=EDGE_CURVE('',#2389,#2391,#2875,.T.);
#1685=EDGE_CURVE('',#2392,#2393,#2876,.T.);
#1686=EDGE_CURVE('',#2392,#2384,#2877,.T.);
#1687=EDGE_CURVE('',#2387,#2393,#2878,.T.);
#1688=EDGE_CURVE('',#2394,#2395,#2879,.T.);
#1689=EDGE_CURVE('',#2395,#2396,#2880,.T.);
#1690=EDGE_CURVE('',#2396,#2397,#2881,.T.);
#1691=EDGE_CURVE('',#2394,#2397,#2882,.T.);
#1692=EDGE_CURVE('',#2398,#2399,#2883,.T.);
#1693=EDGE_CURVE('',#2400,#2399,#2884,.T.);
#1694=EDGE_CURVE('',#2395,#2400,#2885,.T.);
#1695=EDGE_CURVE('',#2391,#2394,#2886,.T.);
#1696=EDGE_CURVE('',#2398,#2391,#2887,.T.);
#1697=EDGE_CURVE('',#2401,#2400,#2888,.T.);
#1698=EDGE_CURVE('',#2401,#2396,#2889,.T.);
#1699=EDGE_CURVE('',#2402,#2403,#2890,.T.);
#1700=EDGE_CURVE('',#2390,#2403,#2891,.T.);
#1701=EDGE_CURVE('',#2397,#2390,#2892,.T.);
#1702=EDGE_CURVE('',#2402,#2401,#2893,.T.);
#1703=EDGE_CURVE('',#2404,#2398,#2894,.T.);
#1704=EDGE_CURVE('',#2404,#2392,#2895,.T.);
#1705=EDGE_CURVE('',#2405,#2404,#2896,.T.);
#1706=EDGE_CURVE('',#2393,#2405,#2897,.T.);
#1707=EDGE_CURVE('',#2399,#2402,#2898,.T.);
#1708=EDGE_CURVE('',#2403,#2405,#2899,.T.);
#1709=EDGE_CURVE('',#2406,#2407,#2900,.T.);
#1710=EDGE_CURVE('',#2403,#2407,#2901,.T.);
#1711=EDGE_CURVE('',#2408,#2398,#2902,.T.);
#1712=EDGE_CURVE('',#2408,#2409,#2903,.T.);
#1713=EDGE_CURVE('',#2409,#2406,#2904,.T.);
#1714=EDGE_CURVE('',#2389,#2388,#259,.T.);
#1715=EDGE_CURVE('',#2407,#2410,#2905,.T.);
#1716=EDGE_CURVE('',#2410,#2411,#2906,.T.);
#1717=EDGE_CURVE('',#2411,#2408,#2907,.T.);
#1718=EDGE_CURVE('',#2409,#2411,#2908,.T.);
#1719=EDGE_CURVE('',#2410,#2406,#2909,.T.);
#1720=EDGE_CURVE('',#2412,#2412,#115,.T.);
#1721=EDGE_CURVE('',#2413,#2413,#116,.T.);
#1722=EDGE_CURVE('',#2414,#2415,#117,.T.);
#1723=EDGE_CURVE('',#2414,#2416,#2910,.T.);
#1724=EDGE_CURVE('',#2416,#2417,#2911,.T.);
#1725=EDGE_CURVE('',#2417,#2415,#2912,.T.);
#1726=EDGE_CURVE('',#2418,#2416,#2913,.T.);
#1727=EDGE_CURVE('',#2419,#2418,#2914,.T.);
#1728=EDGE_CURVE('',#2419,#2417,#2915,.T.);
#1729=EDGE_CURVE('',#2420,#2414,#2916,.T.);
#1730=EDGE_CURVE('',#2418,#2420,#2917,.T.);
#1731=EDGE_CURVE('',#2415,#2421,#2918,.T.);
#1732=EDGE_CURVE('',#2421,#2419,#2919,.T.);
#1733=EDGE_CURVE('',#2422,#2423,#118,.T.);
#1734=EDGE_CURVE('',#2422,#2424,#2920,.T.);
#1735=EDGE_CURVE('',#2424,#2425,#2921,.T.);
#1736=EDGE_CURVE('',#2425,#2423,#2922,.T.);
#1737=EDGE_CURVE('',#2426,#2424,#2923,.T.);
#1738=EDGE_CURVE('',#2427,#2426,#2924,.T.);
#1739=EDGE_CURVE('',#2427,#2425,#2925,.T.);
#1740=EDGE_CURVE('',#2428,#2422,#2926,.T.);
#1741=EDGE_CURVE('',#2426,#2428,#2927,.T.);
#1742=EDGE_CURVE('',#2423,#2429,#2928,.T.);
#1743=EDGE_CURVE('',#2429,#2427,#2929,.T.);
#1744=EDGE_CURVE('',#2430,#2431,#119,.T.);
#1745=EDGE_CURVE('',#2430,#2432,#2930,.T.);
#1746=EDGE_CURVE('',#2432,#2433,#2931,.T.);
#1747=EDGE_CURVE('',#2433,#2431,#2932,.T.);
#1748=EDGE_CURVE('',#2434,#2432,#2933,.T.);
#1749=EDGE_CURVE('',#2435,#2434,#2934,.T.);
#1750=EDGE_CURVE('',#2435,#2433,#2935,.T.);
#1751=EDGE_CURVE('',#2436,#2430,#2936,.T.);
#1752=EDGE_CURVE('',#2434,#2436,#2937,.T.);
#1753=EDGE_CURVE('',#2431,#2437,#2938,.T.);
#1754=EDGE_CURVE('',#2437,#2435,#2939,.T.);
#1755=EDGE_CURVE('',#2438,#2439,#120,.T.);
#1756=EDGE_CURVE('',#2438,#2440,#2940,.T.);
#1757=EDGE_CURVE('',#2440,#2441,#2941,.T.);
#1758=EDGE_CURVE('',#2441,#2439,#2942,.T.);
#1759=EDGE_CURVE('',#2442,#2440,#2943,.T.);
#1760=EDGE_CURVE('',#2443,#2442,#2944,.T.);
#1761=EDGE_CURVE('',#2443,#2441,#2945,.T.);
#1762=EDGE_CURVE('',#2444,#2438,#2946,.T.);
#1763=EDGE_CURVE('',#2442,#2444,#2947,.T.);
#1764=EDGE_CURVE('',#2439,#2445,#2948,.T.);
#1765=EDGE_CURVE('',#2445,#2443,#2949,.T.);
#1766=EDGE_CURVE('',#2446,#2447,#121,.T.);
#1767=EDGE_CURVE('',#2446,#2448,#2950,.T.);
#1768=EDGE_CURVE('',#2448,#2449,#2951,.T.);
#1769=EDGE_CURVE('',#2449,#2447,#2952,.T.);
#1770=EDGE_CURVE('',#2450,#2448,#2953,.T.);
#1771=EDGE_CURVE('',#2451,#2450,#2954,.T.);
#1772=EDGE_CURVE('',#2451,#2449,#2955,.T.);
#1773=EDGE_CURVE('',#2452,#2446,#2956,.T.);
#1774=EDGE_CURVE('',#2450,#2452,#2957,.T.);
#1775=EDGE_CURVE('',#2447,#2453,#2958,.T.);
#1776=EDGE_CURVE('',#2453,#2451,#2959,.T.);
#1777=EDGE_CURVE('',#2454,#2455,#122,.T.);
#1778=EDGE_CURVE('',#2454,#2456,#2960,.T.);
#1779=EDGE_CURVE('',#2456,#2457,#2961,.T.);
#1780=EDGE_CURVE('',#2457,#2455,#2962,.T.);
#1781=EDGE_CURVE('',#2458,#2456,#2963,.T.);
#1782=EDGE_CURVE('',#2459,#2458,#2964,.T.);
#1783=EDGE_CURVE('',#2459,#2457,#2965,.T.);
#1784=EDGE_CURVE('',#2460,#2454,#2966,.T.);
#1785=EDGE_CURVE('',#2458,#2460,#2967,.T.);
#1786=EDGE_CURVE('',#2455,#2461,#2968,.T.);
#1787=EDGE_CURVE('',#2461,#2459,#2969,.T.);
#1788=EDGE_CURVE('',#2462,#2463,#123,.T.);
#1789=EDGE_CURVE('',#2462,#2464,#2970,.T.);
#1790=EDGE_CURVE('',#2464,#2465,#2971,.T.);
#1791=EDGE_CURVE('',#2465,#2463,#2972,.T.);
#1792=EDGE_CURVE('',#2466,#2464,#2973,.T.);
#1793=EDGE_CURVE('',#2467,#2466,#2974,.T.);
#1794=EDGE_CURVE('',#2467,#2465,#2975,.T.);
#1795=EDGE_CURVE('',#2468,#2462,#2976,.T.);
#1796=EDGE_CURVE('',#2466,#2468,#2977,.T.);
#1797=EDGE_CURVE('',#2463,#2469,#2978,.T.);
#1798=EDGE_CURVE('',#2469,#2467,#2979,.T.);
#1799=EDGE_CURVE('',#2470,#2471,#124,.T.);
#1800=EDGE_CURVE('',#2470,#2472,#2980,.T.);
#1801=EDGE_CURVE('',#2472,#2473,#2981,.T.);
#1802=EDGE_CURVE('',#2473,#2471,#2982,.T.);
#1803=EDGE_CURVE('',#2474,#2472,#2983,.T.);
#1804=EDGE_CURVE('',#2475,#2474,#2984,.T.);
#1805=EDGE_CURVE('',#2475,#2473,#2985,.T.);
#1806=EDGE_CURVE('',#2476,#2470,#2986,.T.);
#1807=EDGE_CURVE('',#2474,#2476,#2987,.T.);
#1808=EDGE_CURVE('',#2471,#2477,#2988,.T.);
#1809=EDGE_CURVE('',#2477,#2475,#2989,.T.);
#1810=EDGE_CURVE('',#2478,#2479,#125,.T.);
#1811=EDGE_CURVE('',#2478,#2480,#2990,.T.);
#1812=EDGE_CURVE('',#2480,#2481,#2991,.T.);
#1813=EDGE_CURVE('',#2481,#2479,#2992,.T.);
#1814=EDGE_CURVE('',#2482,#2480,#2993,.T.);
#1815=EDGE_CURVE('',#2483,#2482,#2994,.T.);
#1816=EDGE_CURVE('',#2483,#2481,#2995,.T.);
#1817=EDGE_CURVE('',#2484,#2478,#2996,.T.);
#1818=EDGE_CURVE('',#2482,#2484,#2997,.T.);
#1819=EDGE_CURVE('',#2479,#2485,#2998,.T.);
#1820=EDGE_CURVE('',#2485,#2483,#2999,.T.);
#1821=EDGE_CURVE('',#2486,#2487,#126,.T.);
#1822=EDGE_CURVE('',#2486,#2488,#3000,.T.);
#1823=EDGE_CURVE('',#2488,#2489,#3001,.T.);
#1824=EDGE_CURVE('',#2489,#2487,#3002,.T.);
#1825=EDGE_CURVE('',#2490,#2488,#3003,.T.);
#1826=EDGE_CURVE('',#2491,#2490,#3004,.T.);
#1827=EDGE_CURVE('',#2491,#2489,#3005,.T.);
#1828=EDGE_CURVE('',#2492,#2486,#3006,.T.);
#1829=EDGE_CURVE('',#2490,#2492,#3007,.T.);
#1830=EDGE_CURVE('',#2487,#2493,#3008,.T.);
#1831=EDGE_CURVE('',#2493,#2491,#3009,.T.);
#1832=EDGE_CURVE('',#2494,#2495,#127,.T.);
#1833=EDGE_CURVE('',#2494,#2496,#3010,.T.);
#1834=EDGE_CURVE('',#2496,#2497,#3011,.T.);
#1835=EDGE_CURVE('',#2497,#2495,#3012,.T.);
#1836=EDGE_CURVE('',#2498,#2496,#3013,.T.);
#1837=EDGE_CURVE('',#2499,#2498,#3014,.T.);
#1838=EDGE_CURVE('',#2499,#2497,#3015,.T.);
#1839=EDGE_CURVE('',#2500,#2494,#3016,.T.);
#1840=EDGE_CURVE('',#2498,#2500,#3017,.T.);
#1841=EDGE_CURVE('',#2495,#2501,#3018,.T.);
#1842=EDGE_CURVE('',#2501,#2499,#3019,.T.);
#1843=EDGE_CURVE('',#2502,#2503,#128,.T.);
#1844=EDGE_CURVE('',#2502,#2504,#3020,.T.);
#1845=EDGE_CURVE('',#2504,#2505,#3021,.T.);
#1846=EDGE_CURVE('',#2505,#2503,#3022,.T.);
#1847=EDGE_CURVE('',#2506,#2504,#3023,.T.);
#1848=EDGE_CURVE('',#2507,#2506,#3024,.T.);
#1849=EDGE_CURVE('',#2507,#2505,#3025,.T.);
#1850=EDGE_CURVE('',#2508,#2502,#3026,.T.);
#1851=EDGE_CURVE('',#2506,#2508,#3027,.T.);
#1852=EDGE_CURVE('',#2503,#2509,#3028,.T.);
#1853=EDGE_CURVE('',#2509,#2507,#3029,.T.);
#1854=EDGE_CURVE('',#2510,#2511,#129,.T.);
#1855=EDGE_CURVE('',#2510,#2512,#3030,.T.);
#1856=EDGE_CURVE('',#2512,#2513,#3031,.T.);
#1857=EDGE_CURVE('',#2513,#2511,#3032,.T.);
#1858=EDGE_CURVE('',#2514,#2512,#3033,.T.);
#1859=EDGE_CURVE('',#2515,#2514,#3034,.T.);
#1860=EDGE_CURVE('',#2515,#2513,#3035,.T.);
#1861=EDGE_CURVE('',#2516,#2510,#3036,.T.);
#1862=EDGE_CURVE('',#2514,#2516,#3037,.T.);
#1863=EDGE_CURVE('',#2511,#2517,#3038,.T.);
#1864=EDGE_CURVE('',#2517,#2515,#3039,.T.);
#1865=EDGE_CURVE('',#2518,#2519,#3040,.T.);
#1866=EDGE_CURVE('',#2519,#2520,#3041,.T.);
#1867=EDGE_CURVE('',#2520,#2521,#3042,.T.);
#1868=EDGE_CURVE('',#2521,#2517,#130,.T.);
#1869=EDGE_CURVE('',#2516,#2509,#131,.T.);
#1870=EDGE_CURVE('',#2508,#2501,#132,.T.);
#1871=EDGE_CURVE('',#2500,#2493,#133,.T.);
#1872=EDGE_CURVE('',#2492,#2485,#134,.T.);
#1873=EDGE_CURVE('',#2484,#2477,#135,.T.);
#1874=EDGE_CURVE('',#2476,#2469,#136,.T.);
#1875=EDGE_CURVE('',#2468,#2461,#137,.T.);
#1876=EDGE_CURVE('',#2460,#2453,#138,.T.);
#1877=EDGE_CURVE('',#2452,#2445,#139,.T.);
#1878=EDGE_CURVE('',#2444,#2437,#140,.T.);
#1879=EDGE_CURVE('',#2436,#2429,#141,.T.);
#1880=EDGE_CURVE('',#2428,#2421,#142,.T.);
#1881=EDGE_CURVE('',#2420,#2518,#143,.T.);
#1882=EDGE_CURVE('',#2522,#2522,#144,.T.);
#1883=EDGE_CURVE('',#2523,#2524,#145,.T.);
#1884=EDGE_CURVE('',#2523,#2525,#3043,.T.);
#1885=EDGE_CURVE('',#2525,#2526,#3044,.T.);
#1886=EDGE_CURVE('',#2526,#2524,#3045,.T.);
#1887=EDGE_CURVE('',#2520,#2525,#3046,.T.);
#1888=EDGE_CURVE('',#2519,#2526,#3047,.T.);
#1889=EDGE_CURVE('',#2521,#2523,#3048,.T.);
#1890=EDGE_CURVE('',#2524,#2518,#3049,.T.);
#1891=EDGE_CURVE('',#2527,#2527,#146,.T.);
#1892=EDGE_CURVE('',#2528,#2528,#147,.T.);
#1893=EDGE_CURVE('',#2529,#2529,#148,.T.);
#1894=EDGE_CURVE('',#2530,#2530,#149,.T.);
#1895=EDGE_CURVE('',#2531,#2532,#43,.T.);
#1896=EDGE_CURVE('',#2533,#2531,#3050,.T.);
#1897=EDGE_CURVE('',#2533,#2534,#3051,.T.);
#1898=EDGE_CURVE('',#2534,#2532,#3052,.T.);
#1899=EDGE_CURVE('',#2535,#2536,#3053,.T.);
#1900=EDGE_CURVE('',#2532,#2535,#44,.T.);
#1901=EDGE_CURVE('',#2534,#2536,#3054,.T.);
#1902=EDGE_CURVE('',#2537,#2538,#3055,.T.);
#1903=EDGE_CURVE('',#2537,#2533,#3056,.T.);
#1904=EDGE_CURVE('',#2538,#2531,#45,.T.);
#1905=EDGE_CURVE('',#2536,#2537,#150,.T.);
#1906=EDGE_CURVE('',#2539,#2540,#46,.T.);
#1907=EDGE_CURVE('',#2541,#2539,#3057,.T.);
#1908=EDGE_CURVE('',#2541,#2542,#3058,.T.);
#1909=EDGE_CURVE('',#2542,#2540,#3059,.T.);
#1910=EDGE_CURVE('',#2543,#2539,#47,.T.);
#1911=EDGE_CURVE('',#2544,#2543,#3060,.T.);
#1912=EDGE_CURVE('',#2544,#2541,#3061,.T.);
#1913=EDGE_CURVE('',#2545,#2544,#151,.T.);
#1914=EDGE_CURVE('',#2542,#2545,#3062,.T.);
#1915=EDGE_CURVE('',#2540,#2546,#48,.T.);
#1916=EDGE_CURVE('',#2546,#2545,#3063,.T.);
#1917=EDGE_CURVE('',#2547,#2548,#49,.T.);
#1918=EDGE_CURVE('',#2549,#2547,#3064,.T.);
#1919=EDGE_CURVE('',#2549,#2550,#3065,.T.);
#1920=EDGE_CURVE('',#2550,#2548,#3066,.T.);
#1921=EDGE_CURVE('',#2551,#2547,#50,.T.);
#1922=EDGE_CURVE('',#2552,#2551,#3067,.T.);
#1923=EDGE_CURVE('',#2552,#2549,#3068,.T.);
#1924=EDGE_CURVE('',#2553,#2552,#152,.T.);
#1925=EDGE_CURVE('',#2550,#2553,#3069,.T.);
#1926=EDGE_CURVE('',#2548,#2554,#51,.T.);
#1927=EDGE_CURVE('',#2554,#2553,#3070,.T.);
#1928=EDGE_CURVE('',#2555,#2556,#52,.T.);
#1929=EDGE_CURVE('',#2557,#2555,#3071,.T.);
#1930=EDGE_CURVE('',#2557,#2558,#3072,.T.);
#1931=EDGE_CURVE('',#2558,#2556,#3073,.T.);
#1932=EDGE_CURVE('',#2559,#2555,#53,.T.);
#1933=EDGE_CURVE('',#2560,#2559,#3074,.T.);
#1934=EDGE_CURVE('',#2560,#2557,#3075,.T.);
#1935=EDGE_CURVE('',#2561,#2560,#153,.T.);
#1936=EDGE_CURVE('',#2558,#2561,#3076,.T.);
#1937=EDGE_CURVE('',#2556,#2562,#54,.T.);
#1938=EDGE_CURVE('',#2562,#2561,#3077,.T.);
#1939=EDGE_CURVE('',#2563,#2564,#55,.T.);
#1940=EDGE_CURVE('',#2565,#2563,#3078,.T.);
#1941=EDGE_CURVE('',#2565,#2566,#3079,.T.);
#1942=EDGE_CURVE('',#2566,#2564,#3080,.T.);
#1943=EDGE_CURVE('',#2567,#2563,#56,.T.);
#1944=EDGE_CURVE('',#2568,#2567,#3081,.T.);
#1945=EDGE_CURVE('',#2568,#2565,#3082,.T.);
#1946=EDGE_CURVE('',#2569,#2568,#154,.T.);
#1947=EDGE_CURVE('',#2566,#2569,#3083,.T.);
#1948=EDGE_CURVE('',#2564,#2570,#57,.T.);
#1949=EDGE_CURVE('',#2570,#2569,#3084,.T.);
#1950=EDGE_CURVE('',#2571,#2572,#58,.T.);
#1951=EDGE_CURVE('',#2573,#2571,#3085,.T.);
#1952=EDGE_CURVE('',#2573,#2574,#3086,.T.);
#1953=EDGE_CURVE('',#2574,#2572,#3087,.T.);
#1954=EDGE_CURVE('',#2575,#2571,#59,.T.);
#1955=EDGE_CURVE('',#2576,#2575,#3088,.T.);
#1956=EDGE_CURVE('',#2576,#2573,#3089,.T.);
#1957=EDGE_CURVE('',#2577,#2576,#155,.T.);
#1958=EDGE_CURVE('',#2574,#2577,#3090,.T.);
#1959=EDGE_CURVE('',#2572,#2578,#60,.T.);
#1960=EDGE_CURVE('',#2578,#2577,#3091,.T.);
#1961=EDGE_CURVE('',#2579,#2580,#61,.T.);
#1962=EDGE_CURVE('',#2581,#2579,#3092,.T.);
#1963=EDGE_CURVE('',#2581,#2582,#3093,.T.);
#1964=EDGE_CURVE('',#2582,#2580,#3094,.T.);
#1965=EDGE_CURVE('',#2583,#2579,#62,.T.);
#1966=EDGE_CURVE('',#2584,#2583,#3095,.T.);
#1967=EDGE_CURVE('',#2584,#2581,#3096,.T.);
#1968=EDGE_CURVE('',#2585,#2584,#156,.T.);
#1969=EDGE_CURVE('',#2582,#2585,#3097,.T.);
#1970=EDGE_CURVE('',#2580,#2586,#63,.T.);
#1971=EDGE_CURVE('',#2586,#2585,#3098,.T.);
#1972=EDGE_CURVE('',#2587,#2588,#64,.T.);
#1973=EDGE_CURVE('',#2589,#2587,#3099,.T.);
#1974=EDGE_CURVE('',#2589,#2590,#3100,.T.);
#1975=EDGE_CURVE('',#2590,#2588,#3101,.T.);
#1976=EDGE_CURVE('',#2591,#2587,#65,.T.);
#1977=EDGE_CURVE('',#2592,#2591,#3102,.T.);
#1978=EDGE_CURVE('',#2592,#2589,#3103,.T.);
#1979=EDGE_CURVE('',#2593,#2592,#157,.T.);
#1980=EDGE_CURVE('',#2590,#2593,#3104,.T.);
#1981=EDGE_CURVE('',#2588,#2594,#66,.T.);
#1982=EDGE_CURVE('',#2594,#2593,#3105,.T.);
#1983=EDGE_CURVE('',#2595,#2596,#67,.T.);
#1984=EDGE_CURVE('',#2597,#2595,#3106,.T.);
#1985=EDGE_CURVE('',#2597,#2598,#3107,.T.);
#1986=EDGE_CURVE('',#2598,#2596,#3108,.T.);
#1987=EDGE_CURVE('',#2599,#2595,#68,.T.);
#1988=EDGE_CURVE('',#2600,#2599,#3109,.T.);
#1989=EDGE_CURVE('',#2600,#2597,#3110,.T.);
#1990=EDGE_CURVE('',#2601,#2600,#158,.T.);
#1991=EDGE_CURVE('',#2598,#2601,#3111,.T.);
#1992=EDGE_CURVE('',#2596,#2602,#69,.T.);
#1993=EDGE_CURVE('',#2602,#2601,#3112,.T.);
#1994=EDGE_CURVE('',#2603,#2604,#70,.T.);
#1995=EDGE_CURVE('',#2605,#2603,#3113,.T.);
#1996=EDGE_CURVE('',#2605,#2606,#3114,.T.);
#1997=EDGE_CURVE('',#2606,#2604,#3115,.T.);
#1998=EDGE_CURVE('',#2607,#2603,#71,.T.);
#1999=EDGE_CURVE('',#2608,#2607,#3116,.T.);
#2000=EDGE_CURVE('',#2608,#2605,#3117,.T.);
#2001=EDGE_CURVE('',#2609,#2608,#159,.T.);
#2002=EDGE_CURVE('',#2606,#2609,#3118,.T.);
#2003=EDGE_CURVE('',#2604,#2610,#72,.T.);
#2004=EDGE_CURVE('',#2610,#2609,#3119,.T.);
#2005=EDGE_CURVE('',#2611,#2612,#73,.T.);
#2006=EDGE_CURVE('',#2613,#2611,#3120,.T.);
#2007=EDGE_CURVE('',#2613,#2614,#3121,.T.);
#2008=EDGE_CURVE('',#2614,#2612,#3122,.T.);
#2009=EDGE_CURVE('',#2615,#2611,#74,.T.);
#2010=EDGE_CURVE('',#2616,#2615,#3123,.T.);
#2011=EDGE_CURVE('',#2616,#2613,#3124,.T.);
#2012=EDGE_CURVE('',#2617,#2616,#160,.T.);
#2013=EDGE_CURVE('',#2614,#2617,#3125,.T.);
#2014=EDGE_CURVE('',#2612,#2618,#75,.T.);
#2015=EDGE_CURVE('',#2618,#2617,#3126,.T.);
#2016=EDGE_CURVE('',#2619,#2620,#76,.T.);
#2017=EDGE_CURVE('',#2621,#2619,#3127,.T.);
#2018=EDGE_CURVE('',#2621,#2622,#3128,.T.);
#2019=EDGE_CURVE('',#2622,#2620,#3129,.T.);
#2020=EDGE_CURVE('',#2623,#2619,#77,.T.);
#2021=EDGE_CURVE('',#2624,#2623,#3130,.T.);
#2022=EDGE_CURVE('',#2624,#2621,#3131,.T.);
#2023=EDGE_CURVE('',#2625,#2624,#161,.T.);
#2024=EDGE_CURVE('',#2622,#2625,#3132,.T.);
#2025=EDGE_CURVE('',#2620,#2626,#78,.T.);
#2026=EDGE_CURVE('',#2626,#2625,#3133,.T.);
#2027=EDGE_CURVE('',#2627,#2627,#162,.T.);
#2028=EDGE_CURVE('',#2628,#2628,#163,.T.);
#2029=EDGE_CURVE('',#2629,#2630,#164,.T.);
#2030=EDGE_CURVE('',#2629,#2631,#3134,.T.);
#2031=EDGE_CURVE('',#2631,#2632,#3135,.T.);
#2032=EDGE_CURVE('',#2632,#2630,#3136,.T.);
#2033=EDGE_CURVE('',#2633,#2631,#3137,.T.);
#2034=EDGE_CURVE('',#2634,#2633,#3138,.T.);
#2035=EDGE_CURVE('',#2634,#2632,#3139,.T.);
#2036=EDGE_CURVE('',#2635,#2629,#3140,.T.);
#2037=EDGE_CURVE('',#2633,#2635,#3141,.T.);
#2038=EDGE_CURVE('',#2630,#2636,#3142,.T.);
#2039=EDGE_CURVE('',#2636,#2634,#3143,.T.);
#2040=EDGE_CURVE('',#2637,#2638,#165,.T.);
#2041=EDGE_CURVE('',#2637,#2639,#3144,.T.);
#2042=EDGE_CURVE('',#2639,#2640,#3145,.T.);
#2043=EDGE_CURVE('',#2640,#2638,#3146,.T.);
#2044=EDGE_CURVE('',#2641,#2639,#3147,.T.);
#2045=EDGE_CURVE('',#2642,#2641,#3148,.T.);
#2046=EDGE_CURVE('',#2642,#2640,#3149,.T.);
#2047=EDGE_CURVE('',#2643,#2637,#3150,.T.);
#2048=EDGE_CURVE('',#2641,#2643,#3151,.T.);
#2049=EDGE_CURVE('',#2638,#2644,#3152,.T.);
#2050=EDGE_CURVE('',#2644,#2642,#3153,.T.);
#2051=EDGE_CURVE('',#2645,#2646,#166,.T.);
#2052=EDGE_CURVE('',#2645,#2647,#3154,.T.);
#2053=EDGE_CURVE('',#2647,#2648,#3155,.T.);
#2054=EDGE_CURVE('',#2648,#2646,#3156,.T.);
#2055=EDGE_CURVE('',#2649,#2647,#3157,.T.);
#2056=EDGE_CURVE('',#2650,#2649,#3158,.T.);
#2057=EDGE_CURVE('',#2650,#2648,#3159,.T.);
#2058=EDGE_CURVE('',#2651,#2645,#3160,.T.);
#2059=EDGE_CURVE('',#2649,#2651,#3161,.T.);
#2060=EDGE_CURVE('',#2646,#2652,#3162,.T.);
#2061=EDGE_CURVE('',#2652,#2650,#3163,.T.);
#2062=EDGE_CURVE('',#2653,#2654,#167,.T.);
#2063=EDGE_CURVE('',#2653,#2655,#3164,.T.);
#2064=EDGE_CURVE('',#2655,#2656,#3165,.T.);
#2065=EDGE_CURVE('',#2656,#2654,#3166,.T.);
#2066=EDGE_CURVE('',#2657,#2655,#3167,.T.);
#2067=EDGE_CURVE('',#2658,#2657,#3168,.T.);
#2068=EDGE_CURVE('',#2658,#2656,#3169,.T.);
#2069=EDGE_CURVE('',#2659,#2653,#3170,.T.);
#2070=EDGE_CURVE('',#2657,#2659,#3171,.T.);
#2071=EDGE_CURVE('',#2654,#2660,#3172,.T.);
#2072=EDGE_CURVE('',#2660,#2658,#3173,.T.);
#2073=EDGE_CURVE('',#2661,#2662,#168,.T.);
#2074=EDGE_CURVE('',#2661,#2663,#3174,.T.);
#2075=EDGE_CURVE('',#2663,#2664,#3175,.T.);
#2076=EDGE_CURVE('',#2664,#2662,#3176,.T.);
#2077=EDGE_CURVE('',#2665,#2663,#3177,.T.);
#2078=EDGE_CURVE('',#2666,#2665,#3178,.T.);
#2079=EDGE_CURVE('',#2666,#2664,#3179,.T.);
#2080=EDGE_CURVE('',#2667,#2661,#3180,.T.);
#2081=EDGE_CURVE('',#2665,#2667,#3181,.T.);
#2082=EDGE_CURVE('',#2662,#2668,#3182,.T.);
#2083=EDGE_CURVE('',#2668,#2666,#3183,.T.);
#2084=EDGE_CURVE('',#2669,#2670,#169,.T.);
#2085=EDGE_CURVE('',#2669,#2671,#3184,.T.);
#2086=EDGE_CURVE('',#2671,#2672,#3185,.T.);
#2087=EDGE_CURVE('',#2672,#2670,#3186,.T.);
#2088=EDGE_CURVE('',#2673,#2671,#3187,.T.);
#2089=EDGE_CURVE('',#2674,#2673,#3188,.T.);
#2090=EDGE_CURVE('',#2674,#2672,#3189,.T.);
#2091=EDGE_CURVE('',#2675,#2669,#3190,.T.);
#2092=EDGE_CURVE('',#2673,#2675,#3191,.T.);
#2093=EDGE_CURVE('',#2670,#2676,#3192,.T.);
#2094=EDGE_CURVE('',#2676,#2674,#3193,.T.);
#2095=EDGE_CURVE('',#2677,#2678,#170,.T.);
#2096=EDGE_CURVE('',#2677,#2679,#3194,.T.);
#2097=EDGE_CURVE('',#2679,#2680,#3195,.T.);
#2098=EDGE_CURVE('',#2680,#2678,#3196,.T.);
#2099=EDGE_CURVE('',#2681,#2679,#3197,.T.);
#2100=EDGE_CURVE('',#2682,#2681,#3198,.T.);
#2101=EDGE_CURVE('',#2682,#2680,#3199,.T.);
#2102=EDGE_CURVE('',#2683,#2677,#3200,.T.);
#2103=EDGE_CURVE('',#2681,#2683,#3201,.T.);
#2104=EDGE_CURVE('',#2678,#2684,#3202,.T.);
#2105=EDGE_CURVE('',#2684,#2682,#3203,.T.);
#2106=EDGE_CURVE('',#2685,#2686,#171,.T.);
#2107=EDGE_CURVE('',#2685,#2687,#3204,.T.);
#2108=EDGE_CURVE('',#2687,#2688,#3205,.T.);
#2109=EDGE_CURVE('',#2688,#2686,#3206,.T.);
#2110=EDGE_CURVE('',#2689,#2687,#3207,.T.);
#2111=EDGE_CURVE('',#2690,#2689,#3208,.T.);
#2112=EDGE_CURVE('',#2690,#2688,#3209,.T.);
#2113=EDGE_CURVE('',#2691,#2685,#3210,.T.);
#2114=EDGE_CURVE('',#2689,#2691,#3211,.T.);
#2115=EDGE_CURVE('',#2686,#2692,#3212,.T.);
#2116=EDGE_CURVE('',#2692,#2690,#3213,.T.);
#2117=EDGE_CURVE('',#2693,#2694,#172,.T.);
#2118=EDGE_CURVE('',#2693,#2695,#3214,.T.);
#2119=EDGE_CURVE('',#2695,#2696,#3215,.T.);
#2120=EDGE_CURVE('',#2696,#2694,#3216,.T.);
#2121=EDGE_CURVE('',#2697,#2695,#3217,.T.);
#2122=EDGE_CURVE('',#2698,#2697,#3218,.T.);
#2123=EDGE_CURVE('',#2698,#2696,#3219,.T.);
#2124=EDGE_CURVE('',#2699,#2693,#3220,.T.);
#2125=EDGE_CURVE('',#2697,#2699,#3221,.T.);
#2126=EDGE_CURVE('',#2694,#2700,#3222,.T.);
#2127=EDGE_CURVE('',#2700,#2698,#3223,.T.);
#2128=EDGE_CURVE('',#2701,#2702,#173,.T.);
#2129=EDGE_CURVE('',#2701,#2703,#3224,.T.);
#2130=EDGE_CURVE('',#2703,#2704,#3225,.T.);
#2131=EDGE_CURVE('',#2704,#2702,#3226,.T.);
#2132=EDGE_CURVE('',#2705,#2703,#3227,.T.);
#2133=EDGE_CURVE('',#2706,#2705,#3228,.T.);
#2134=EDGE_CURVE('',#2706,#2704,#3229,.T.);
#2135=EDGE_CURVE('',#2707,#2701,#3230,.T.);
#2136=EDGE_CURVE('',#2705,#2707,#3231,.T.);
#2137=EDGE_CURVE('',#2702,#2708,#3232,.T.);
#2138=EDGE_CURVE('',#2708,#2706,#3233,.T.);
#2139=EDGE_CURVE('',#2709,#2710,#174,.T.);
#2140=EDGE_CURVE('',#2709,#2711,#3234,.T.);
#2141=EDGE_CURVE('',#2711,#2712,#3235,.T.);
#2142=EDGE_CURVE('',#2712,#2710,#3236,.T.);
#2143=EDGE_CURVE('',#2713,#2711,#3237,.T.);
#2144=EDGE_CURVE('',#2714,#2713,#3238,.T.);
#2145=EDGE_CURVE('',#2714,#2712,#3239,.T.);
#2146=EDGE_CURVE('',#2715,#2709,#3240,.T.);
#2147=EDGE_CURVE('',#2713,#2715,#3241,.T.);
#2148=EDGE_CURVE('',#2710,#2716,#3242,.T.);
#2149=EDGE_CURVE('',#2716,#2714,#3243,.T.);
#2150=EDGE_CURVE('',#2717,#2718,#175,.T.);
#2151=EDGE_CURVE('',#2717,#2719,#3244,.T.);
#2152=EDGE_CURVE('',#2719,#2720,#3245,.T.);
#2153=EDGE_CURVE('',#2720,#2718,#3246,.T.);
#2154=EDGE_CURVE('',#2721,#2719,#3247,.T.);
#2155=EDGE_CURVE('',#2722,#2721,#3248,.T.);
#2156=EDGE_CURVE('',#2722,#2720,#3249,.T.);
#2157=EDGE_CURVE('',#2723,#2717,#3250,.T.);
#2158=EDGE_CURVE('',#2721,#2723,#3251,.T.);
#2159=EDGE_CURVE('',#2718,#2724,#3252,.T.);
#2160=EDGE_CURVE('',#2724,#2722,#3253,.T.);
#2161=EDGE_CURVE('',#2725,#2726,#176,.T.);
#2162=EDGE_CURVE('',#2725,#2727,#3254,.T.);
#2163=EDGE_CURVE('',#2727,#2728,#3255,.T.);
#2164=EDGE_CURVE('',#2728,#2726,#3256,.T.);
#2165=EDGE_CURVE('',#2729,#2727,#3257,.T.);
#2166=EDGE_CURVE('',#2730,#2729,#3258,.T.);
#2167=EDGE_CURVE('',#2730,#2728,#3259,.T.);
#2168=EDGE_CURVE('',#2731,#2725,#3260,.T.);
#2169=EDGE_CURVE('',#2729,#2731,#3261,.T.);
#2170=EDGE_CURVE('',#2726,#2732,#3262,.T.);
#2171=EDGE_CURVE('',#2732,#2730,#3263,.T.);
#2172=EDGE_CURVE('',#2733,#2734,#3264,.T.);
#2173=EDGE_CURVE('',#2734,#2735,#3265,.T.);
#2174=EDGE_CURVE('',#2735,#2736,#3266,.T.);
#2175=EDGE_CURVE('',#2736,#2732,#177,.T.);
#2176=EDGE_CURVE('',#2731,#2724,#178,.T.);
#2177=EDGE_CURVE('',#2723,#2716,#179,.T.);
#2178=EDGE_CURVE('',#2715,#2708,#180,.T.);
#2179=EDGE_CURVE('',#2707,#2700,#181,.T.);
#2180=EDGE_CURVE('',#2699,#2692,#182,.T.);
#2181=EDGE_CURVE('',#2691,#2684,#183,.T.);
#2182=EDGE_CURVE('',#2683,#2676,#184,.T.);
#2183=EDGE_CURVE('',#2675,#2668,#185,.T.);
#2184=EDGE_CURVE('',#2667,#2660,#186,.T.);
#2185=EDGE_CURVE('',#2659,#2652,#187,.T.);
#2186=EDGE_CURVE('',#2651,#2644,#188,.T.);
#2187=EDGE_CURVE('',#2643,#2636,#189,.T.);
#2188=EDGE_CURVE('',#2635,#2733,#190,.T.);
#2189=EDGE_CURVE('',#2737,#2737,#191,.T.);
#2190=EDGE_CURVE('',#2738,#2739,#192,.T.);
#2191=EDGE_CURVE('',#2738,#2740,#3267,.T.);
#2192=EDGE_CURVE('',#2740,#2741,#3268,.T.);
#2193=EDGE_CURVE('',#2741,#2739,#3269,.T.);
#2194=EDGE_CURVE('',#2735,#2740,#3270,.T.);
#2195=EDGE_CURVE('',#2734,#2741,#3271,.T.);
#2196=EDGE_CURVE('',#2736,#2738,#3272,.T.);
#2197=EDGE_CURVE('',#2739,#2733,#3273,.T.);
#2198=EDGE_CURVE('',#2742,#2742,#193,.T.);
#2199=EDGE_CURVE('',#2743,#2743,#194,.T.);
#2200=EDGE_CURVE('',#2744,#2744,#195,.T.);
#2201=EDGE_CURVE('',#2745,#2745,#196,.T.);
#2202=EDGE_CURVE('',#2746,#2747,#79,.T.);
#2203=EDGE_CURVE('',#2748,#2746,#3274,.T.);
#2204=EDGE_CURVE('',#2748,#2749,#3275,.T.);
#2205=EDGE_CURVE('',#2749,#2747,#3276,.T.);
#2206=EDGE_CURVE('',#2750,#2751,#3277,.T.);
#2207=EDGE_CURVE('',#2747,#2750,#80,.T.);
#2208=EDGE_CURVE('',#2749,#2751,#3278,.T.);
#2209=EDGE_CURVE('',#2752,#2753,#3279,.T.);
#2210=EDGE_CURVE('',#2752,#2748,#3280,.T.);
#2211=EDGE_CURVE('',#2753,#2746,#81,.T.);
#2212=EDGE_CURVE('',#2751,#2752,#197,.T.);
#2213=EDGE_CURVE('',#2754,#2755,#82,.T.);
#2214=EDGE_CURVE('',#2756,#2754,#3281,.T.);
#2215=EDGE_CURVE('',#2756,#2757,#3282,.T.);
#2216=EDGE_CURVE('',#2757,#2755,#3283,.T.);
#2217=EDGE_CURVE('',#2758,#2754,#83,.T.);
#2218=EDGE_CURVE('',#2759,#2758,#3284,.T.);
#2219=EDGE_CURVE('',#2759,#2756,#3285,.T.);
#2220=EDGE_CURVE('',#2760,#2759,#198,.T.);
#2221=EDGE_CURVE('',#2757,#2760,#3286,.T.);
#2222=EDGE_CURVE('',#2755,#2761,#84,.T.);
#2223=EDGE_CURVE('',#2761,#2760,#3287,.T.);
#2224=EDGE_CURVE('',#2762,#2763,#85,.T.);
#2225=EDGE_CURVE('',#2764,#2762,#3288,.T.);
#2226=EDGE_CURVE('',#2764,#2765,#3289,.T.);
#2227=EDGE_CURVE('',#2765,#2763,#3290,.T.);
#2228=EDGE_CURVE('',#2766,#2762,#86,.T.);
#2229=EDGE_CURVE('',#2767,#2766,#3291,.T.);
#2230=EDGE_CURVE('',#2767,#2764,#3292,.T.);
#2231=EDGE_CURVE('',#2768,#2767,#199,.T.);
#2232=EDGE_CURVE('',#2765,#2768,#3293,.T.);
#2233=EDGE_CURVE('',#2763,#2769,#87,.T.);
#2234=EDGE_CURVE('',#2769,#2768,#3294,.T.);
#2235=EDGE_CURVE('',#2770,#2771,#88,.T.);
#2236=EDGE_CURVE('',#2772,#2770,#3295,.T.);
#2237=EDGE_CURVE('',#2772,#2773,#3296,.T.);
#2238=EDGE_CURVE('',#2773,#2771,#3297,.T.);
#2239=EDGE_CURVE('',#2774,#2770,#89,.T.);
#2240=EDGE_CURVE('',#2775,#2774,#3298,.T.);
#2241=EDGE_CURVE('',#2775,#2772,#3299,.T.);
#2242=EDGE_CURVE('',#2776,#2775,#200,.T.);
#2243=EDGE_CURVE('',#2773,#2776,#3300,.T.);
#2244=EDGE_CURVE('',#2771,#2777,#90,.T.);
#2245=EDGE_CURVE('',#2777,#2776,#3301,.T.);
#2246=EDGE_CURVE('',#2778,#2779,#91,.T.);
#2247=EDGE_CURVE('',#2780,#2778,#3302,.T.);
#2248=EDGE_CURVE('',#2780,#2781,#3303,.T.);
#2249=EDGE_CURVE('',#2781,#2779,#3304,.T.);
#2250=EDGE_CURVE('',#2782,#2778,#92,.T.);
#2251=EDGE_CURVE('',#2783,#2782,#3305,.T.);
#2252=EDGE_CURVE('',#2783,#2780,#3306,.T.);
#2253=EDGE_CURVE('',#2784,#2783,#201,.T.);
#2254=EDGE_CURVE('',#2781,#2784,#3307,.T.);
#2255=EDGE_CURVE('',#2779,#2785,#93,.T.);
#2256=EDGE_CURVE('',#2785,#2784,#3308,.T.);
#2257=EDGE_CURVE('',#2786,#2787,#94,.T.);
#2258=EDGE_CURVE('',#2788,#2786,#3309,.T.);
#2259=EDGE_CURVE('',#2788,#2789,#3310,.T.);
#2260=EDGE_CURVE('',#2789,#2787,#3311,.T.);
#2261=EDGE_CURVE('',#2790,#2786,#95,.T.);
#2262=EDGE_CURVE('',#2791,#2790,#3312,.T.);
#2263=EDGE_CURVE('',#2791,#2788,#3313,.T.);
#2264=EDGE_CURVE('',#2792,#2791,#202,.T.);
#2265=EDGE_CURVE('',#2789,#2792,#3314,.T.);
#2266=EDGE_CURVE('',#2787,#2793,#96,.T.);
#2267=EDGE_CURVE('',#2793,#2792,#3315,.T.);
#2268=EDGE_CURVE('',#2794,#2795,#97,.T.);
#2269=EDGE_CURVE('',#2796,#2794,#3316,.T.);
#2270=EDGE_CURVE('',#2796,#2797,#3317,.T.);
#2271=EDGE_CURVE('',#2797,#2795,#3318,.T.);
#2272=EDGE_CURVE('',#2798,#2794,#98,.T.);
#2273=EDGE_CURVE('',#2799,#2798,#3319,.T.);
#2274=EDGE_CURVE('',#2799,#2796,#3320,.T.);
#2275=EDGE_CURVE('',#2800,#2799,#203,.T.);
#2276=EDGE_CURVE('',#2797,#2800,#3321,.T.);
#2277=EDGE_CURVE('',#2795,#2801,#99,.T.);
#2278=EDGE_CURVE('',#2801,#2800,#3322,.T.);
#2279=EDGE_CURVE('',#2802,#2803,#100,.T.);
#2280=EDGE_CURVE('',#2804,#2802,#3323,.T.);
#2281=EDGE_CURVE('',#2804,#2805,#3324,.T.);
#2282=EDGE_CURVE('',#2805,#2803,#3325,.T.);
#2283=EDGE_CURVE('',#2806,#2802,#101,.T.);
#2284=EDGE_CURVE('',#2807,#2806,#3326,.T.);
#2285=EDGE_CURVE('',#2807,#2804,#3327,.T.);
#2286=EDGE_CURVE('',#2808,#2807,#204,.T.);
#2287=EDGE_CURVE('',#2805,#2808,#3328,.T.);
#2288=EDGE_CURVE('',#2803,#2809,#102,.T.);
#2289=EDGE_CURVE('',#2809,#2808,#3329,.T.);
#2290=EDGE_CURVE('',#2810,#2811,#103,.T.);
#2291=EDGE_CURVE('',#2812,#2810,#3330,.T.);
#2292=EDGE_CURVE('',#2812,#2813,#3331,.T.);
#2293=EDGE_CURVE('',#2813,#2811,#3332,.T.);
#2294=EDGE_CURVE('',#2814,#2810,#104,.T.);
#2295=EDGE_CURVE('',#2815,#2814,#3333,.T.);
#2296=EDGE_CURVE('',#2815,#2812,#3334,.T.);
#2297=EDGE_CURVE('',#2816,#2815,#205,.T.);
#2298=EDGE_CURVE('',#2813,#2816,#3335,.T.);
#2299=EDGE_CURVE('',#2811,#2817,#105,.T.);
#2300=EDGE_CURVE('',#2817,#2816,#3336,.T.);
#2301=EDGE_CURVE('',#2818,#2819,#106,.T.);
#2302=EDGE_CURVE('',#2820,#2818,#3337,.T.);
#2303=EDGE_CURVE('',#2820,#2821,#3338,.T.);
#2304=EDGE_CURVE('',#2821,#2819,#3339,.T.);
#2305=EDGE_CURVE('',#2822,#2818,#107,.T.);
#2306=EDGE_CURVE('',#2823,#2822,#3340,.T.);
#2307=EDGE_CURVE('',#2823,#2820,#3341,.T.);
#2308=EDGE_CURVE('',#2824,#2823,#206,.T.);
#2309=EDGE_CURVE('',#2821,#2824,#3342,.T.);
#2310=EDGE_CURVE('',#2819,#2825,#108,.T.);
#2311=EDGE_CURVE('',#2825,#2824,#3343,.T.);
#2312=EDGE_CURVE('',#2826,#2827,#109,.T.);
#2313=EDGE_CURVE('',#2828,#2826,#3344,.T.);
#2314=EDGE_CURVE('',#2828,#2829,#3345,.T.);
#2315=EDGE_CURVE('',#2829,#2827,#3346,.T.);
#2316=EDGE_CURVE('',#2830,#2826,#110,.T.);
#2317=EDGE_CURVE('',#2831,#2830,#3347,.T.);
#2318=EDGE_CURVE('',#2831,#2828,#3348,.T.);
#2319=EDGE_CURVE('',#2832,#2831,#207,.T.);
#2320=EDGE_CURVE('',#2829,#2832,#3349,.T.);
#2321=EDGE_CURVE('',#2827,#2833,#111,.T.);
#2322=EDGE_CURVE('',#2833,#2832,#3350,.T.);
#2323=EDGE_CURVE('',#2834,#2835,#112,.T.);
#2324=EDGE_CURVE('',#2836,#2834,#3351,.T.);
#2325=EDGE_CURVE('',#2836,#2837,#3352,.T.);
#2326=EDGE_CURVE('',#2837,#2835,#3353,.T.);
#2327=EDGE_CURVE('',#2838,#2834,#113,.T.);
#2328=EDGE_CURVE('',#2839,#2838,#3354,.T.);
#2329=EDGE_CURVE('',#2839,#2836,#3355,.T.);
#2330=EDGE_CURVE('',#2840,#2839,#208,.T.);
#2331=EDGE_CURVE('',#2837,#2840,#3356,.T.);
#2332=EDGE_CURVE('',#2835,#2841,#114,.T.);
#2333=EDGE_CURVE('',#2841,#2840,#3357,.T.);
#2334=EDGE_CURVE('',#2842,#2842,#209,.T.);
#2335=EDGE_CURVE('',#2843,#2843,#210,.T.);
#2336=EDGE_CURVE('',#2844,#2844,#211,.T.);
#2337=EDGE_CURVE('',#2845,#2845,#212,.T.);
#2338=EDGE_CURVE('',#2846,#2846,#213,.T.);
#2339=EDGE_CURVE('',#2847,#2847,#16,.T.);
#2340=EDGE_CURVE('',#2848,#2848,#214,.T.);
#2341=EDGE_CURVE('',#2822,#2817,#215,.T.);
#2342=EDGE_CURVE('',#2814,#2809,#216,.T.);
#2343=EDGE_CURVE('',#2806,#2801,#217,.T.);
#2344=EDGE_CURVE('',#2798,#2793,#218,.T.);
#2345=EDGE_CURVE('',#2790,#2785,#219,.T.);
#2346=EDGE_CURVE('',#2782,#2777,#220,.T.);
#2347=EDGE_CURVE('',#2774,#2769,#221,.T.);
#2348=EDGE_CURVE('',#2766,#2761,#222,.T.);
#2349=EDGE_CURVE('',#2758,#2750,#223,.T.);
#2350=EDGE_CURVE('',#2753,#2841,#224,.T.);
#2351=EDGE_CURVE('',#2838,#2833,#225,.T.);
#2352=EDGE_CURVE('',#2830,#2825,#226,.T.);
#2353=EDGE_CURVE('',#2849,#2849,#227,.T.);
#2354=EDGE_CURVE('',#2850,#2850,#228,.T.);
#2355=EDGE_CURVE('',#2851,#2851,#229,.T.);
#2356=EDGE_CURVE('',#2852,#2852,#230,.T.);
#2357=EDGE_CURVE('',#2607,#2602,#231,.T.);
#2358=EDGE_CURVE('',#2599,#2594,#232,.T.);
#2359=EDGE_CURVE('',#2591,#2586,#233,.T.);
#2360=EDGE_CURVE('',#2583,#2578,#234,.T.);
#2361=EDGE_CURVE('',#2575,#2570,#235,.T.);
#2362=EDGE_CURVE('',#2567,#2562,#236,.T.);
#2363=EDGE_CURVE('',#2559,#2554,#237,.T.);
#2364=EDGE_CURVE('',#2551,#2546,#238,.T.);
#2365=EDGE_CURVE('',#2543,#2535,#239,.T.);
#2366=EDGE_CURVE('',#2538,#2626,#240,.T.);
#2367=EDGE_CURVE('',#2623,#2618,#241,.T.);
#2368=EDGE_CURVE('',#2615,#2610,#242,.T.);
#2369=EDGE_CURVE('',#2853,#2853,#243,.T.);
#2370=EDGE_CURVE('',#2854,#2854,#244,.T.);
#2371=EDGE_CURVE('',#2855,#2855,#245,.T.);
#2372=EDGE_CURVE('',#2856,#2856,#246,.T.);
#2373=EDGE_CURVE('',#2857,#2857,#247,.T.);
#2374=EDGE_CURVE('',#2858,#2858,#248,.T.);
#2375=EDGE_CURVE('',#2859,#2859,#249,.T.);
#2376=EDGE_CURVE('',#2860,#2860,#250,.T.);
#2377=EDGE_CURVE('',#2861,#2861,#251,.T.);
#2378=EDGE_CURVE('',#2862,#2862,#252,.T.);
#2379=EDGE_CURVE('',#2863,#2863,#253,.T.);
#2380=EDGE_CURVE('',#2864,#2864,#254,.T.);
#2381=EDGE_CURVE('',#2865,#2865,#255,.T.);
#2382=EDGE_CURVE('',#2866,#2866,#256,.T.);
#2383=EDGE_CURVE('',#2867,#2867,#257,.T.);
#2384=VERTEX_POINT('',#6865);
#2385=VERTEX_POINT('',#6866);
#2386=VERTEX_POINT('',#6868);
#2387=VERTEX_POINT('',#6870);
#2388=VERTEX_POINT('',#6874);
#2389=VERTEX_POINT('',#6875);
#2390=VERTEX_POINT('',#6877);
#2391=VERTEX_POINT('',#6880);
#2392=VERTEX_POINT('',#6884);
#2393=VERTEX_POINT('',#6885);
#2394=VERTEX_POINT('',#6890);
#2395=VERTEX_POINT('',#6891);
#2396=VERTEX_POINT('',#6893);
#2397=VERTEX_POINT('',#6895);
#2398=VERTEX_POINT('',#6899);
#2399=VERTEX_POINT('',#6900);
#2400=VERTEX_POINT('',#6902);
#2401=VERTEX_POINT('',#6908);
#2402=VERTEX_POINT('',#6912);
#2403=VERTEX_POINT('',#6913);
#2404=VERTEX_POINT('',#6919);
#2405=VERTEX_POINT('',#6923);
#2406=VERTEX_POINT('',#6931);
#2407=VERTEX_POINT('',#6932);
#2408=VERTEX_POINT('',#6935);
#2409=VERTEX_POINT('',#6937);
#2410=VERTEX_POINT('',#6943);
#2411=VERTEX_POINT('',#6945);
#2412=VERTEX_POINT('',#6954);
#2413=VERTEX_POINT('',#6956);
#2414=VERTEX_POINT('',#6959);
#2415=VERTEX_POINT('',#6960);
#2416=VERTEX_POINT('',#6962);
#2417=VERTEX_POINT('',#6964);
#2418=VERTEX_POINT('',#6968);
#2419=VERTEX_POINT('',#6970);
#2420=VERTEX_POINT('',#6974);
#2421=VERTEX_POINT('',#6978);
#2422=VERTEX_POINT('',#6982);
#2423=VERTEX_POINT('',#6983);
#2424=VERTEX_POINT('',#6985);
#2425=VERTEX_POINT('',#6987);
#2426=VERTEX_POINT('',#6991);
#2427=VERTEX_POINT('',#6993);
#2428=VERTEX_POINT('',#6997);
#2429=VERTEX_POINT('',#7001);
#2430=VERTEX_POINT('',#7005);
#2431=VERTEX_POINT('',#7006);
#2432=VERTEX_POINT('',#7008);
#2433=VERTEX_POINT('',#7010);
#2434=VERTEX_POINT('',#7014);
#2435=VERTEX_POINT('',#7016);
#2436=VERTEX_POINT('',#7020);
#2437=VERTEX_POINT('',#7024);
#2438=VERTEX_POINT('',#7028);
#2439=VERTEX_POINT('',#7029);
#2440=VERTEX_POINT('',#7031);
#2441=VERTEX_POINT('',#7033);
#2442=VERTEX_POINT('',#7037);
#2443=VERTEX_POINT('',#7039);
#2444=VERTEX_POINT('',#7043);
#2445=VERTEX_POINT('',#7047);
#2446=VERTEX_POINT('',#7051);
#2447=VERTEX_POINT('',#7052);
#2448=VERTEX_POINT('',#7054);
#2449=VERTEX_POINT('',#7056);
#2450=VERTEX_POINT('',#7060);
#2451=VERTEX_POINT('',#7062);
#2452=VERTEX_POINT('',#7066);
#2453=VERTEX_POINT('',#7070);
#2454=VERTEX_POINT('',#7074);
#2455=VERTEX_POINT('',#7075);
#2456=VERTEX_POINT('',#7077);
#2457=VERTEX_POINT('',#7079);
#2458=VERTEX_POINT('',#7083);
#2459=VERTEX_POINT('',#7085);
#2460=VERTEX_POINT('',#7089);
#2461=VERTEX_POINT('',#7093);
#2462=VERTEX_POINT('',#7097);
#2463=VERTEX_POINT('',#7098);
#2464=VERTEX_POINT('',#7100);
#2465=VERTEX_POINT('',#7102);
#2466=VERTEX_POINT('',#7106);
#2467=VERTEX_POINT('',#7108);
#2468=VERTEX_POINT('',#7112);
#2469=VERTEX_POINT('',#7116);
#2470=VERTEX_POINT('',#7120);
#2471=VERTEX_POINT('',#7121);
#2472=VERTEX_POINT('',#7123);
#2473=VERTEX_POINT('',#7125);
#2474=VERTEX_POINT('',#7129);
#2475=VERTEX_POINT('',#7131);
#2476=VERTEX_POINT('',#7135);
#2477=VERTEX_POINT('',#7139);
#2478=VERTEX_POINT('',#7143);
#2479=VERTEX_POINT('',#7144);
#2480=VERTEX_POINT('',#7146);
#2481=VERTEX_POINT('',#7148);
#2482=VERTEX_POINT('',#7152);
#2483=VERTEX_POINT('',#7154);
#2484=VERTEX_POINT('',#7158);
#2485=VERTEX_POINT('',#7162);
#2486=VERTEX_POINT('',#7166);
#2487=VERTEX_POINT('',#7167);
#2488=VERTEX_POINT('',#7169);
#2489=VERTEX_POINT('',#7171);
#2490=VERTEX_POINT('',#7175);
#2491=VERTEX_POINT('',#7177);
#2492=VERTEX_POINT('',#7181);
#2493=VERTEX_POINT('',#7185);
#2494=VERTEX_POINT('',#7189);
#2495=VERTEX_POINT('',#7190);
#2496=VERTEX_POINT('',#7192);
#2497=VERTEX_POINT('',#7194);
#2498=VERTEX_POINT('',#7198);
#2499=VERTEX_POINT('',#7200);
#2500=VERTEX_POINT('',#7204);
#2501=VERTEX_POINT('',#7208);
#2502=VERTEX_POINT('',#7212);
#2503=VERTEX_POINT('',#7213);
#2504=VERTEX_POINT('',#7215);
#2505=VERTEX_POINT('',#7217);
#2506=VERTEX_POINT('',#7221);
#2507=VERTEX_POINT('',#7223);
#2508=VERTEX_POINT('',#7227);
#2509=VERTEX_POINT('',#7231);
#2510=VERTEX_POINT('',#7235);
#2511=VERTEX_POINT('',#7236);
#2512=VERTEX_POINT('',#7238);
#2513=VERTEX_POINT('',#7240);
#2514=VERTEX_POINT('',#7244);
#2515=VERTEX_POINT('',#7246);
#2516=VERTEX_POINT('',#7250);
#2517=VERTEX_POINT('',#7254);
#2518=VERTEX_POINT('',#7258);
#2519=VERTEX_POINT('',#7259);
#2520=VERTEX_POINT('',#7261);
#2521=VERTEX_POINT('',#7263);
#2522=VERTEX_POINT('',#7279);
#2523=VERTEX_POINT('',#7282);
#2524=VERTEX_POINT('',#7283);
#2525=VERTEX_POINT('',#7285);
#2526=VERTEX_POINT('',#7287);
#2527=VERTEX_POINT('',#7298);
#2528=VERTEX_POINT('',#7300);
#2529=VERTEX_POINT('',#7303);
#2530=VERTEX_POINT('',#7305);
#2531=VERTEX_POINT('',#7310);
#2532=VERTEX_POINT('',#7311);
#2533=VERTEX_POINT('',#7313);
#2534=VERTEX_POINT('',#7315);
#2535=VERTEX_POINT('',#7319);
#2536=VERTEX_POINT('',#7320);
#2537=VERTEX_POINT('',#7327);
#2538=VERTEX_POINT('',#7328);
#2539=VERTEX_POINT('',#7339);
#2540=VERTEX_POINT('',#7340);
#2541=VERTEX_POINT('',#7342);
#2542=VERTEX_POINT('',#7344);
#2543=VERTEX_POINT('',#7350);
#2544=VERTEX_POINT('',#7352);
#2545=VERTEX_POINT('',#7356);
#2546=VERTEX_POINT('',#7362);
#2547=VERTEX_POINT('',#7368);
#2548=VERTEX_POINT('',#7369);
#2549=VERTEX_POINT('',#7371);
#2550=VERTEX_POINT('',#7373);
#2551=VERTEX_POINT('',#7379);
#2552=VERTEX_POINT('',#7381);
#2553=VERTEX_POINT('',#7385);
#2554=VERTEX_POINT('',#7391);
#2555=VERTEX_POINT('',#7397);
#2556=VERTEX_POINT('',#7398);
#2557=VERTEX_POINT('',#7400);
#2558=VERTEX_POINT('',#7402);
#2559=VERTEX_POINT('',#7408);
#2560=VERTEX_POINT('',#7410);
#2561=VERTEX_POINT('',#7414);
#2562=VERTEX_POINT('',#7420);
#2563=VERTEX_POINT('',#7426);
#2564=VERTEX_POINT('',#7427);
#2565=VERTEX_POINT('',#7429);
#2566=VERTEX_POINT('',#7431);
#2567=VERTEX_POINT('',#7437);
#2568=VERTEX_POINT('',#7439);
#2569=VERTEX_POINT('',#7443);
#2570=VERTEX_POINT('',#7449);
#2571=VERTEX_POINT('',#7455);
#2572=VERTEX_POINT('',#7456);
#2573=VERTEX_POINT('',#7458);
#2574=VERTEX_POINT('',#7460);
#2575=VERTEX_POINT('',#7466);
#2576=VERTEX_POINT('',#7468);
#2577=VERTEX_POINT('',#7472);
#2578=VERTEX_POINT('',#7478);
#2579=VERTEX_POINT('',#7484);
#2580=VERTEX_POINT('',#7485);
#2581=VERTEX_POINT('',#7487);
#2582=VERTEX_POINT('',#7489);
#2583=VERTEX_POINT('',#7495);
#2584=VERTEX_POINT('',#7497);
#2585=VERTEX_POINT('',#7501);
#2586=VERTEX_POINT('',#7507);
#2587=VERTEX_POINT('',#7513);
#2588=VERTEX_POINT('',#7514);
#2589=VERTEX_POINT('',#7516);
#2590=VERTEX_POINT('',#7518);
#2591=VERTEX_POINT('',#7524);
#2592=VERTEX_POINT('',#7526);
#2593=VERTEX_POINT('',#7530);
#2594=VERTEX_POINT('',#7536);
#2595=VERTEX_POINT('',#7542);
#2596=VERTEX_POINT('',#7543);
#2597=VERTEX_POINT('',#7545);
#2598=VERTEX_POINT('',#7547);
#2599=VERTEX_POINT('',#7553);
#2600=VERTEX_POINT('',#7555);
#2601=VERTEX_POINT('',#7559);
#2602=VERTEX_POINT('',#7565);
#2603=VERTEX_POINT('',#7571);
#2604=VERTEX_POINT('',#7572);
#2605=VERTEX_POINT('',#7574);
#2606=VERTEX_POINT('',#7576);
#2607=VERTEX_POINT('',#7582);
#2608=VERTEX_POINT('',#7584);
#2609=VERTEX_POINT('',#7588);
#2610=VERTEX_POINT('',#7594);
#2611=VERTEX_POINT('',#7600);
#2612=VERTEX_POINT('',#7601);
#2613=VERTEX_POINT('',#7603);
#2614=VERTEX_POINT('',#7605);
#2615=VERTEX_POINT('',#7611);
#2616=VERTEX_POINT('',#7613);
#2617=VERTEX_POINT('',#7617);
#2618=VERTEX_POINT('',#7623);
#2619=VERTEX_POINT('',#7629);
#2620=VERTEX_POINT('',#7630);
#2621=VERTEX_POINT('',#7632);
#2622=VERTEX_POINT('',#7634);
#2623=VERTEX_POINT('',#7640);
#2624=VERTEX_POINT('',#7642);
#2625=VERTEX_POINT('',#7646);
#2626=VERTEX_POINT('',#7652);
#2627=VERTEX_POINT('',#7656);
#2628=VERTEX_POINT('',#7658);
#2629=VERTEX_POINT('',#7661);
#2630=VERTEX_POINT('',#7662);
#2631=VERTEX_POINT('',#7664);
#2632=VERTEX_POINT('',#7666);
#2633=VERTEX_POINT('',#7670);
#2634=VERTEX_POINT('',#7672);
#2635=VERTEX_POINT('',#7676);
#2636=VERTEX_POINT('',#7680);
#2637=VERTEX_POINT('',#7684);
#2638=VERTEX_POINT('',#7685);
#2639=VERTEX_POINT('',#7687);
#2640=VERTEX_POINT('',#7689);
#2641=VERTEX_POINT('',#7693);
#2642=VERTEX_POINT('',#7695);
#2643=VERTEX_POINT('',#7699);
#2644=VERTEX_POINT('',#7703);
#2645=VERTEX_POINT('',#7707);
#2646=VERTEX_POINT('',#7708);
#2647=VERTEX_POINT('',#7710);
#2648=VERTEX_POINT('',#7712);
#2649=VERTEX_POINT('',#7716);
#2650=VERTEX_POINT('',#7718);
#2651=VERTEX_POINT('',#7722);
#2652=VERTEX_POINT('',#7726);
#2653=VERTEX_POINT('',#7730);
#2654=VERTEX_POINT('',#7731);
#2655=VERTEX_POINT('',#7733);
#2656=VERTEX_POINT('',#7735);
#2657=VERTEX_POINT('',#7739);
#2658=VERTEX_POINT('',#7741);
#2659=VERTEX_POINT('',#7745);
#2660=VERTEX_POINT('',#7749);
#2661=VERTEX_POINT('',#7753);
#2662=VERTEX_POINT('',#7754);
#2663=VERTEX_POINT('',#7756);
#2664=VERTEX_POINT('',#7758);
#2665=VERTEX_POINT('',#7762);
#2666=VERTEX_POINT('',#7764);
#2667=VERTEX_POINT('',#7768);
#2668=VERTEX_POINT('',#7772);
#2669=VERTEX_POINT('',#7776);
#2670=VERTEX_POINT('',#7777);
#2671=VERTEX_POINT('',#7779);
#2672=VERTEX_POINT('',#7781);
#2673=VERTEX_POINT('',#7785);
#2674=VERTEX_POINT('',#7787);
#2675=VERTEX_POINT('',#7791);
#2676=VERTEX_POINT('',#7795);
#2677=VERTEX_POINT('',#7799);
#2678=VERTEX_POINT('',#7800);
#2679=VERTEX_POINT('',#7802);
#2680=VERTEX_POINT('',#7804);
#2681=VERTEX_POINT('',#7808);
#2682=VERTEX_POINT('',#7810);
#2683=VERTEX_POINT('',#7814);
#2684=VERTEX_POINT('',#7818);
#2685=VERTEX_POINT('',#7822);
#2686=VERTEX_POINT('',#7823);
#2687=VERTEX_POINT('',#7825);
#2688=VERTEX_POINT('',#7827);
#2689=VERTEX_POINT('',#7831);
#2690=VERTEX_POINT('',#7833);
#2691=VERTEX_POINT('',#7837);
#2692=VERTEX_POINT('',#7841);
#2693=VERTEX_POINT('',#7845);
#2694=VERTEX_POINT('',#7846);
#2695=VERTEX_POINT('',#7848);
#2696=VERTEX_POINT('',#7850);
#2697=VERTEX_POINT('',#7854);
#2698=VERTEX_POINT('',#7856);
#2699=VERTEX_POINT('',#7860);
#2700=VERTEX_POINT('',#7864);
#2701=VERTEX_POINT('',#7868);
#2702=VERTEX_POINT('',#7869);
#2703=VERTEX_POINT('',#7871);
#2704=VERTEX_POINT('',#7873);
#2705=VERTEX_POINT('',#7877);
#2706=VERTEX_POINT('',#7879);
#2707=VERTEX_POINT('',#7883);
#2708=VERTEX_POINT('',#7887);
#2709=VERTEX_POINT('',#7891);
#2710=VERTEX_POINT('',#7892);
#2711=VERTEX_POINT('',#7894);
#2712=VERTEX_POINT('',#7896);
#2713=VERTEX_POINT('',#7900);
#2714=VERTEX_POINT('',#7902);
#2715=VERTEX_POINT('',#7906);
#2716=VERTEX_POINT('',#7910);
#2717=VERTEX_POINT('',#7914);
#2718=VERTEX_POINT('',#7915);
#2719=VERTEX_POINT('',#7917);
#2720=VERTEX_POINT('',#7919);
#2721=VERTEX_POINT('',#7923);
#2722=VERTEX_POINT('',#7925);
#2723=VERTEX_POINT('',#7929);
#2724=VERTEX_POINT('',#7933);
#2725=VERTEX_POINT('',#7937);
#2726=VERTEX_POINT('',#7938);
#2727=VERTEX_POINT('',#7940);
#2728=VERTEX_POINT('',#7942);
#2729=VERTEX_POINT('',#7946);
#2730=VERTEX_POINT('',#7948);
#2731=VERTEX_POINT('',#7952);
#2732=VERTEX_POINT('',#7956);
#2733=VERTEX_POINT('',#7960);
#2734=VERTEX_POINT('',#7961);
#2735=VERTEX_POINT('',#7963);
#2736=VERTEX_POINT('',#7965);
#2737=VERTEX_POINT('',#7981);
#2738=VERTEX_POINT('',#7984);
#2739=VERTEX_POINT('',#7985);
#2740=VERTEX_POINT('',#7987);
#2741=VERTEX_POINT('',#7989);
#2742=VERTEX_POINT('',#8000);
#2743=VERTEX_POINT('',#8002);
#2744=VERTEX_POINT('',#8005);
#2745=VERTEX_POINT('',#8007);
#2746=VERTEX_POINT('',#8012);
#2747=VERTEX_POINT('',#8013);
#2748=VERTEX_POINT('',#8015);
#2749=VERTEX_POINT('',#8017);
#2750=VERTEX_POINT('',#8021);
#2751=VERTEX_POINT('',#8022);
#2752=VERTEX_POINT('',#8029);
#2753=VERTEX_POINT('',#8030);
#2754=VERTEX_POINT('',#8041);
#2755=VERTEX_POINT('',#8042);
#2756=VERTEX_POINT('',#8044);
#2757=VERTEX_POINT('',#8046);
#2758=VERTEX_POINT('',#8052);
#2759=VERTEX_POINT('',#8054);
#2760=VERTEX_POINT('',#8058);
#2761=VERTEX_POINT('',#8064);
#2762=VERTEX_POINT('',#8070);
#2763=VERTEX_POINT('',#8071);
#2764=VERTEX_POINT('',#8073);
#2765=VERTEX_POINT('',#8075);
#2766=VERTEX_POINT('',#8081);
#2767=VERTEX_POINT('',#8083);
#2768=VERTEX_POINT('',#8087);
#2769=VERTEX_POINT('',#8093);
#2770=VERTEX_POINT('',#8099);
#2771=VERTEX_POINT('',#8100);
#2772=VERTEX_POINT('',#8102);
#2773=VERTEX_POINT('',#8104);
#2774=VERTEX_POINT('',#8110);
#2775=VERTEX_POINT('',#8112);
#2776=VERTEX_POINT('',#8116);
#2777=VERTEX_POINT('',#8122);
#2778=VERTEX_POINT('',#8128);
#2779=VERTEX_POINT('',#8129);
#2780=VERTEX_POINT('',#8131);
#2781=VERTEX_POINT('',#8133);
#2782=VERTEX_POINT('',#8139);
#2783=VERTEX_POINT('',#8141);
#2784=VERTEX_POINT('',#8145);
#2785=VERTEX_POINT('',#8151);
#2786=VERTEX_POINT('',#8157);
#2787=VERTEX_POINT('',#8158);
#2788=VERTEX_POINT('',#8160);
#2789=VERTEX_POINT('',#8162);
#2790=VERTEX_POINT('',#8168);
#2791=VERTEX_POINT('',#8170);
#2792=VERTEX_POINT('',#8174);
#2793=VERTEX_POINT('',#8180);
#2794=VERTEX_POINT('',#8186);
#2795=VERTEX_POINT('',#8187);
#2796=VERTEX_POINT('',#8189);
#2797=VERTEX_POINT('',#8191);
#2798=VERTEX_POINT('',#8197);
#2799=VERTEX_POINT('',#8199);
#2800=VERTEX_POINT('',#8203);
#2801=VERTEX_POINT('',#8209);
#2802=VERTEX_POINT('',#8215);
#2803=VERTEX_POINT('',#8216);
#2804=VERTEX_POINT('',#8218);
#2805=VERTEX_POINT('',#8220);
#2806=VERTEX_POINT('',#8226);
#2807=VERTEX_POINT('',#8228);
#2808=VERTEX_POINT('',#8232);
#2809=VERTEX_POINT('',#8238);
#2810=VERTEX_POINT('',#8244);
#2811=VERTEX_POINT('',#8245);
#2812=VERTEX_POINT('',#8247);
#2813=VERTEX_POINT('',#8249);
#2814=VERTEX_POINT('',#8255);
#2815=VERTEX_POINT('',#8257);
#2816=VERTEX_POINT('',#8261);
#2817=VERTEX_POINT('',#8267);
#2818=VERTEX_POINT('',#8273);
#2819=VERTEX_POINT('',#8274);
#2820=VERTEX_POINT('',#8276);
#2821=VERTEX_POINT('',#8278);
#2822=VERTEX_POINT('',#8284);
#2823=VERTEX_POINT('',#8286);
#2824=VERTEX_POINT('',#8290);
#2825=VERTEX_POINT('',#8296);
#2826=VERTEX_POINT('',#8302);
#2827=VERTEX_POINT('',#8303);
#2828=VERTEX_POINT('',#8305);
#2829=VERTEX_POINT('',#8307);
#2830=VERTEX_POINT('',#8313);
#2831=VERTEX_POINT('',#8315);
#2832=VERTEX_POINT('',#8319);
#2833=VERTEX_POINT('',#8325);
#2834=VERTEX_POINT('',#8331);
#2835=VERTEX_POINT('',#8332);
#2836=VERTEX_POINT('',#8334);
#2837=VERTEX_POINT('',#8336);
#2838=VERTEX_POINT('',#8342);
#2839=VERTEX_POINT('',#8344);
#2840=VERTEX_POINT('',#8348);
#2841=VERTEX_POINT('',#8354);
#2842=VERTEX_POINT('',#8358);
#2843=VERTEX_POINT('',#8360);
#2844=VERTEX_POINT('',#8363);
#2845=VERTEX_POINT('',#8365);
#2846=VERTEX_POINT('',#8369);
#2847=VERTEX_POINT('',#8414);
#2848=VERTEX_POINT('',#8418);
#2849=VERTEX_POINT('',#8435);
#2850=VERTEX_POINT('',#8438);
#2851=VERTEX_POINT('',#8443);
#2852=VERTEX_POINT('',#8447);
#2853=VERTEX_POINT('',#8464);
#2854=VERTEX_POINT('',#8467);
#2855=VERTEX_POINT('',#8472);
#2856=VERTEX_POINT('',#8477);
#2857=VERTEX_POINT('',#8479);
#2858=VERTEX_POINT('',#8482);
#2859=VERTEX_POINT('',#8484);
#2860=VERTEX_POINT('',#8487);
#2861=VERTEX_POINT('',#8489);
#2862=VERTEX_POINT('',#8495);
#2863=VERTEX_POINT('',#8497);
#2864=VERTEX_POINT('',#8500);
#2865=VERTEX_POINT('',#8502);
#2866=VERTEX_POINT('',#8505);
#2867=VERTEX_POINT('',#8507);
#2868=LINE('',#6864,#3358);
#2869=LINE('',#6867,#3359);
#2870=LINE('',#6869,#3360);
#2871=LINE('',#6871,#3361);
#2872=LINE('',#6876,#3362);
#2873=LINE('',#6878,#3363);
#2874=LINE('',#6879,#3364);
#2875=LINE('',#6881,#3365);
#2876=LINE('',#6883,#3366);
#2877=LINE('',#6886,#3367);
#2878=LINE('',#6887,#3368);
#2879=LINE('',#6889,#3369);
#2880=LINE('',#6892,#3370);
#2881=LINE('',#6894,#3371);
#2882=LINE('',#6896,#3372);
#2883=LINE('',#6898,#3373);
#2884=LINE('',#6901,#3374);
#2885=LINE('',#6903,#3375);
#2886=LINE('',#6904,#3376);
#2887=LINE('',#6905,#3377);
#2888=LINE('',#6907,#3378);
#2889=LINE('',#6909,#3379);
#2890=LINE('',#6911,#3380);
#2891=LINE('',#6914,#3381);
#2892=LINE('',#6915,#3382);
#2893=LINE('',#6916,#3383);
#2894=LINE('',#6918,#3384);
#2895=LINE('',#6920,#3385);
#2896=LINE('',#6922,#3386);
#2897=LINE('',#6924,#3387);
#2898=LINE('',#6926,#3388);
#2899=LINE('',#6928,#3389);
#2900=LINE('',#6930,#3390);
#2901=LINE('',#6933,#3391);
#2902=LINE('',#6934,#3392);
#2903=LINE('',#6936,#3393);
#2904=LINE('',#6938,#3394);
#2905=LINE('',#6942,#3395);
#2906=LINE('',#6944,#3396);
#2907=LINE('',#6946,#3397);
#2908=LINE('',#6948,#3398);
#2909=LINE('',#6950,#3399);
#2910=LINE('',#6961,#3400);
#2911=LINE('',#6963,#3401);
#2912=LINE('',#6965,#3402);
#2913=LINE('',#6967,#3403);
#2914=LINE('',#6969,#3404);
#2915=LINE('',#6971,#3405);
#2916=LINE('',#6973,#3406);
#2917=LINE('',#6975,#3407);
#2918=LINE('',#6977,#3408);
#2919=LINE('',#6979,#3409);
#2920=LINE('',#6984,#3410);
#2921=LINE('',#6986,#3411);
#2922=LINE('',#6988,#3412);
#2923=LINE('',#6990,#3413);
#2924=LINE('',#6992,#3414);
#2925=LINE('',#6994,#3415);
#2926=LINE('',#6996,#3416);
#2927=LINE('',#6998,#3417);
#2928=LINE('',#7000,#3418);
#2929=LINE('',#7002,#3419);
#2930=LINE('',#7007,#3420);
#2931=LINE('',#7009,#3421);
#2932=LINE('',#7011,#3422);
#2933=LINE('',#7013,#3423);
#2934=LINE('',#7015,#3424);
#2935=LINE('',#7017,#3425);
#2936=LINE('',#7019,#3426);
#2937=LINE('',#7021,#3427);
#2938=LINE('',#7023,#3428);
#2939=LINE('',#7025,#3429);
#2940=LINE('',#7030,#3430);
#2941=LINE('',#7032,#3431);
#2942=LINE('',#7034,#3432);
#2943=LINE('',#7036,#3433);
#2944=LINE('',#7038,#3434);
#2945=LINE('',#7040,#3435);
#2946=LINE('',#7042,#3436);
#2947=LINE('',#7044,#3437);
#2948=LINE('',#7046,#3438);
#2949=LINE('',#7048,#3439);
#2950=LINE('',#7053,#3440);
#2951=LINE('',#7055,#3441);
#2952=LINE('',#7057,#3442);
#2953=LINE('',#7059,#3443);
#2954=LINE('',#7061,#3444);
#2955=LINE('',#7063,#3445);
#2956=LINE('',#7065,#3446);
#2957=LINE('',#7067,#3447);
#2958=LINE('',#7069,#3448);
#2959=LINE('',#7071,#3449);
#2960=LINE('',#7076,#3450);
#2961=LINE('',#7078,#3451);
#2962=LINE('',#7080,#3452);
#2963=LINE('',#7082,#3453);
#2964=LINE('',#7084,#3454);
#2965=LINE('',#7086,#3455);
#2966=LINE('',#7088,#3456);
#2967=LINE('',#7090,#3457);
#2968=LINE('',#7092,#3458);
#2969=LINE('',#7094,#3459);
#2970=LINE('',#7099,#3460);
#2971=LINE('',#7101,#3461);
#2972=LINE('',#7103,#3462);
#2973=LINE('',#7105,#3463);
#2974=LINE('',#7107,#3464);
#2975=LINE('',#7109,#3465);
#2976=LINE('',#7111,#3466);
#2977=LINE('',#7113,#3467);
#2978=LINE('',#7115,#3468);
#2979=LINE('',#7117,#3469);
#2980=LINE('',#7122,#3470);
#2981=LINE('',#7124,#3471);
#2982=LINE('',#7126,#3472);
#2983=LINE('',#7128,#3473);
#2984=LINE('',#7130,#3474);
#2985=LINE('',#7132,#3475);
#2986=LINE('',#7134,#3476);
#2987=LINE('',#7136,#3477);
#2988=LINE('',#7138,#3478);
#2989=LINE('',#7140,#3479);
#2990=LINE('',#7145,#3480);
#2991=LINE('',#7147,#3481);
#2992=LINE('',#7149,#3482);
#2993=LINE('',#7151,#3483);
#2994=LINE('',#7153,#3484);
#2995=LINE('',#7155,#3485);
#2996=LINE('',#7157,#3486);
#2997=LINE('',#7159,#3487);
#2998=LINE('',#7161,#3488);
#2999=LINE('',#7163,#3489);
#3000=LINE('',#7168,#3490);
#3001=LINE('',#7170,#3491);
#3002=LINE('',#7172,#3492);
#3003=LINE('',#7174,#3493);
#3004=LINE('',#7176,#3494);
#3005=LINE('',#7178,#3495);
#3006=LINE('',#7180,#3496);
#3007=LINE('',#7182,#3497);
#3008=LINE('',#7184,#3498);
#3009=LINE('',#7186,#3499);
#3010=LINE('',#7191,#3500);
#3011=LINE('',#7193,#3501);
#3012=LINE('',#7195,#3502);
#3013=LINE('',#7197,#3503);
#3014=LINE('',#7199,#3504);
#3015=LINE('',#7201,#3505);
#3016=LINE('',#7203,#3506);
#3017=LINE('',#7205,#3507);
#3018=LINE('',#7207,#3508);
#3019=LINE('',#7209,#3509);
#3020=LINE('',#7214,#3510);
#3021=LINE('',#7216,#3511);
#3022=LINE('',#7218,#3512);
#3023=LINE('',#7220,#3513);
#3024=LINE('',#7222,#3514);
#3025=LINE('',#7224,#3515);
#3026=LINE('',#7226,#3516);
#3027=LINE('',#7228,#3517);
#3028=LINE('',#7230,#3518);
#3029=LINE('',#7232,#3519);
#3030=LINE('',#7237,#3520);
#3031=LINE('',#7239,#3521);
#3032=LINE('',#7241,#3522);
#3033=LINE('',#7243,#3523);
#3034=LINE('',#7245,#3524);
#3035=LINE('',#7247,#3525);
#3036=LINE('',#7249,#3526);
#3037=LINE('',#7251,#3527);
#3038=LINE('',#7253,#3528);
#3039=LINE('',#7255,#3529);
#3040=LINE('',#7257,#3530);
#3041=LINE('',#7260,#3531);
#3042=LINE('',#7262,#3532);
#3043=LINE('',#7284,#3533);
#3044=LINE('',#7286,#3534);
#3045=LINE('',#7288,#3535);
#3046=LINE('',#7290,#3536);
#3047=LINE('',#7291,#3537);
#3048=LINE('',#7293,#3538);
#3049=LINE('',#7295,#3539);
#3050=LINE('',#7312,#3540);
#3051=LINE('',#7314,#3541);
#3052=LINE('',#7316,#3542);
#3053=LINE('',#7318,#3543);
#3054=LINE('',#7324,#3544);
#3055=LINE('',#7326,#3545);
#3056=LINE('',#7329,#3546);
#3057=LINE('',#7341,#3547);
#3058=LINE('',#7343,#3548);
#3059=LINE('',#7345,#3549);
#3060=LINE('',#7351,#3550);
#3061=LINE('',#7353,#3551);
#3062=LINE('',#7357,#3552);
#3063=LINE('',#7363,#3553);
#3064=LINE('',#7370,#3554);
#3065=LINE('',#7372,#3555);
#3066=LINE('',#7374,#3556);
#3067=LINE('',#7380,#3557);
#3068=LINE('',#7382,#3558);
#3069=LINE('',#7386,#3559);
#3070=LINE('',#7392,#3560);
#3071=LINE('',#7399,#3561);
#3072=LINE('',#7401,#3562);
#3073=LINE('',#7403,#3563);
#3074=LINE('',#7409,#3564);
#3075=LINE('',#7411,#3565);
#3076=LINE('',#7415,#3566);
#3077=LINE('',#7421,#3567);
#3078=LINE('',#7428,#3568);
#3079=LINE('',#7430,#3569);
#3080=LINE('',#7432,#3570);
#3081=LINE('',#7438,#3571);
#3082=LINE('',#7440,#3572);
#3083=LINE('',#7444,#3573);
#3084=LINE('',#7450,#3574);
#3085=LINE('',#7457,#3575);
#3086=LINE('',#7459,#3576);
#3087=LINE('',#7461,#3577);
#3088=LINE('',#7467,#3578);
#3089=LINE('',#7469,#3579);
#3090=LINE('',#7473,#3580);
#3091=LINE('',#7479,#3581);
#3092=LINE('',#7486,#3582);
#3093=LINE('',#7488,#3583);
#3094=LINE('',#7490,#3584);
#3095=LINE('',#7496,#3585);
#3096=LINE('',#7498,#3586);
#3097=LINE('',#7502,#3587);
#3098=LINE('',#7508,#3588);
#3099=LINE('',#7515,#3589);
#3100=LINE('',#7517,#3590);
#3101=LINE('',#7519,#3591);
#3102=LINE('',#7525,#3592);
#3103=LINE('',#7527,#3593);
#3104=LINE('',#7531,#3594);
#3105=LINE('',#7537,#3595);
#3106=LINE('',#7544,#3596);
#3107=LINE('',#7546,#3597);
#3108=LINE('',#7548,#3598);
#3109=LINE('',#7554,#3599);
#3110=LINE('',#7556,#3600);
#3111=LINE('',#7560,#3601);
#3112=LINE('',#7566,#3602);
#3113=LINE('',#7573,#3603);
#3114=LINE('',#7575,#3604);
#3115=LINE('',#7577,#3605);
#3116=LINE('',#7583,#3606);
#3117=LINE('',#7585,#3607);
#3118=LINE('',#7589,#3608);
#3119=LINE('',#7595,#3609);
#3120=LINE('',#7602,#3610);
#3121=LINE('',#7604,#3611);
#3122=LINE('',#7606,#3612);
#3123=LINE('',#7612,#3613);
#3124=LINE('',#7614,#3614);
#3125=LINE('',#7618,#3615);
#3126=LINE('',#7624,#3616);
#3127=LINE('',#7631,#3617);
#3128=LINE('',#7633,#3618);
#3129=LINE('',#7635,#3619);
#3130=LINE('',#7641,#3620);
#3131=LINE('',#7643,#3621);
#3132=LINE('',#7647,#3622);
#3133=LINE('',#7653,#3623);
#3134=LINE('',#7663,#3624);
#3135=LINE('',#7665,#3625);
#3136=LINE('',#7667,#3626);
#3137=LINE('',#7669,#3627);
#3138=LINE('',#7671,#3628);
#3139=LINE('',#7673,#3629);
#3140=LINE('',#7675,#3630);
#3141=LINE('',#7677,#3631);
#3142=LINE('',#7679,#3632);
#3143=LINE('',#7681,#3633);
#3144=LINE('',#7686,#3634);
#3145=LINE('',#7688,#3635);
#3146=LINE('',#7690,#3636);
#3147=LINE('',#7692,#3637);
#3148=LINE('',#7694,#3638);
#3149=LINE('',#7696,#3639);
#3150=LINE('',#7698,#3640);
#3151=LINE('',#7700,#3641);
#3152=LINE('',#7702,#3642);
#3153=LINE('',#7704,#3643);
#3154=LINE('',#7709,#3644);
#3155=LINE('',#7711,#3645);
#3156=LINE('',#7713,#3646);
#3157=LINE('',#7715,#3647);
#3158=LINE('',#7717,#3648);
#3159=LINE('',#7719,#3649);
#3160=LINE('',#7721,#3650);
#3161=LINE('',#7723,#3651);
#3162=LINE('',#7725,#3652);
#3163=LINE('',#7727,#3653);
#3164=LINE('',#7732,#3654);
#3165=LINE('',#7734,#3655);
#3166=LINE('',#7736,#3656);
#3167=LINE('',#7738,#3657);
#3168=LINE('',#7740,#3658);
#3169=LINE('',#7742,#3659);
#3170=LINE('',#7744,#3660);
#3171=LINE('',#7746,#3661);
#3172=LINE('',#7748,#3662);
#3173=LINE('',#7750,#3663);
#3174=LINE('',#7755,#3664);
#3175=LINE('',#7757,#3665);
#3176=LINE('',#7759,#3666);
#3177=LINE('',#7761,#3667);
#3178=LINE('',#7763,#3668);
#3179=LINE('',#7765,#3669);
#3180=LINE('',#7767,#3670);
#3181=LINE('',#7769,#3671);
#3182=LINE('',#7771,#3672);
#3183=LINE('',#7773,#3673);
#3184=LINE('',#7778,#3674);
#3185=LINE('',#7780,#3675);
#3186=LINE('',#7782,#3676);
#3187=LINE('',#7784,#3677);
#3188=LINE('',#7786,#3678);
#3189=LINE('',#7788,#3679);
#3190=LINE('',#7790,#3680);
#3191=LINE('',#7792,#3681);
#3192=LINE('',#7794,#3682);
#3193=LINE('',#7796,#3683);
#3194=LINE('',#7801,#3684);
#3195=LINE('',#7803,#3685);
#3196=LINE('',#7805,#3686);
#3197=LINE('',#7807,#3687);
#3198=LINE('',#7809,#3688);
#3199=LINE('',#7811,#3689);
#3200=LINE('',#7813,#3690);
#3201=LINE('',#7815,#3691);
#3202=LINE('',#7817,#3692);
#3203=LINE('',#7819,#3693);
#3204=LINE('',#7824,#3694);
#3205=LINE('',#7826,#3695);
#3206=LINE('',#7828,#3696);
#3207=LINE('',#7830,#3697);
#3208=LINE('',#7832,#3698);
#3209=LINE('',#7834,#3699);
#3210=LINE('',#7836,#3700);
#3211=LINE('',#7838,#3701);
#3212=LINE('',#7840,#3702);
#3213=LINE('',#7842,#3703);
#3214=LINE('',#7847,#3704);
#3215=LINE('',#7849,#3705);
#3216=LINE('',#7851,#3706);
#3217=LINE('',#7853,#3707);
#3218=LINE('',#7855,#3708);
#3219=LINE('',#7857,#3709);
#3220=LINE('',#7859,#3710);
#3221=LINE('',#7861,#3711);
#3222=LINE('',#7863,#3712);
#3223=LINE('',#7865,#3713);
#3224=LINE('',#7870,#3714);
#3225=LINE('',#7872,#3715);
#3226=LINE('',#7874,#3716);
#3227=LINE('',#7876,#3717);
#3228=LINE('',#7878,#3718);
#3229=LINE('',#7880,#3719);
#3230=LINE('',#7882,#3720);
#3231=LINE('',#7884,#3721);
#3232=LINE('',#7886,#3722);
#3233=LINE('',#7888,#3723);
#3234=LINE('',#7893,#3724);
#3235=LINE('',#7895,#3725);
#3236=LINE('',#7897,#3726);
#3237=LINE('',#7899,#3727);
#3238=LINE('',#7901,#3728);
#3239=LINE('',#7903,#3729);
#3240=LINE('',#7905,#3730);
#3241=LINE('',#7907,#3731);
#3242=LINE('',#7909,#3732);
#3243=LINE('',#7911,#3733);
#3244=LINE('',#7916,#3734);
#3245=LINE('',#7918,#3735);
#3246=LINE('',#7920,#3736);
#3247=LINE('',#7922,#3737);
#3248=LINE('',#7924,#3738);
#3249=LINE('',#7926,#3739);
#3250=LINE('',#7928,#3740);
#3251=LINE('',#7930,#3741);
#3252=LINE('',#7932,#3742);
#3253=LINE('',#7934,#3743);
#3254=LINE('',#7939,#3744);
#3255=LINE('',#7941,#3745);
#3256=LINE('',#7943,#3746);
#3257=LINE('',#7945,#3747);
#3258=LINE('',#7947,#3748);
#3259=LINE('',#7949,#3749);
#3260=LINE('',#7951,#3750);
#3261=LINE('',#7953,#3751);
#3262=LINE('',#7955,#3752);
#3263=LINE('',#7957,#3753);
#3264=LINE('',#7959,#3754);
#3265=LINE('',#7962,#3755);
#3266=LINE('',#7964,#3756);
#3267=LINE('',#7986,#3757);
#3268=LINE('',#7988,#3758);
#3269=LINE('',#7990,#3759);
#3270=LINE('',#7992,#3760);
#3271=LINE('',#7993,#3761);
#3272=LINE('',#7995,#3762);
#3273=LINE('',#7997,#3763);
#3274=LINE('',#8014,#3764);
#3275=LINE('',#8016,#3765);
#3276=LINE('',#8018,#3766);
#3277=LINE('',#8020,#3767);
#3278=LINE('',#8026,#3768);
#3279=LINE('',#8028,#3769);
#3280=LINE('',#8031,#3770);
#3281=LINE('',#8043,#3771);
#3282=LINE('',#8045,#3772);
#3283=LINE('',#8047,#3773);
#3284=LINE('',#8053,#3774);
#3285=LINE('',#8055,#3775);
#3286=LINE('',#8059,#3776);
#3287=LINE('',#8065,#3777);
#3288=LINE('',#8072,#3778);
#3289=LINE('',#8074,#3779);
#3290=LINE('',#8076,#3780);
#3291=LINE('',#8082,#3781);
#3292=LINE('',#8084,#3782);
#3293=LINE('',#8088,#3783);
#3294=LINE('',#8094,#3784);
#3295=LINE('',#8101,#3785);
#3296=LINE('',#8103,#3786);
#3297=LINE('',#8105,#3787);
#3298=LINE('',#8111,#3788);
#3299=LINE('',#8113,#3789);
#3300=LINE('',#8117,#3790);
#3301=LINE('',#8123,#3791);
#3302=LINE('',#8130,#3792);
#3303=LINE('',#8132,#3793);
#3304=LINE('',#8134,#3794);
#3305=LINE('',#8140,#3795);
#3306=LINE('',#8142,#3796);
#3307=LINE('',#8146,#3797);
#3308=LINE('',#8152,#3798);
#3309=LINE('',#8159,#3799);
#3310=LINE('',#8161,#3800);
#3311=LINE('',#8163,#3801);
#3312=LINE('',#8169,#3802);
#3313=LINE('',#8171,#3803);
#3314=LINE('',#8175,#3804);
#3315=LINE('',#8181,#3805);
#3316=LINE('',#8188,#3806);
#3317=LINE('',#8190,#3807);
#3318=LINE('',#8192,#3808);
#3319=LINE('',#8198,#3809);
#3320=LINE('',#8200,#3810);
#3321=LINE('',#8204,#3811);
#3322=LINE('',#8210,#3812);
#3323=LINE('',#8217,#3813);
#3324=LINE('',#8219,#3814);
#3325=LINE('',#8221,#3815);
#3326=LINE('',#8227,#3816);
#3327=LINE('',#8229,#3817);
#3328=LINE('',#8233,#3818);
#3329=LINE('',#8239,#3819);
#3330=LINE('',#8246,#3820);
#3331=LINE('',#8248,#3821);
#3332=LINE('',#8250,#3822);
#3333=LINE('',#8256,#3823);
#3334=LINE('',#8258,#3824);
#3335=LINE('',#8262,#3825);
#3336=LINE('',#8268,#3826);
#3337=LINE('',#8275,#3827);
#3338=LINE('',#8277,#3828);
#3339=LINE('',#8279,#3829);
#3340=LINE('',#8285,#3830);
#3341=LINE('',#8287,#3831);
#3342=LINE('',#8291,#3832);
#3343=LINE('',#8297,#3833);
#3344=LINE('',#8304,#3834);
#3345=LINE('',#8306,#3835);
#3346=LINE('',#8308,#3836);
#3347=LINE('',#8314,#3837);
#3348=LINE('',#8316,#3838);
#3349=LINE('',#8320,#3839);
#3350=LINE('',#8326,#3840);
#3351=LINE('',#8333,#3841);
#3352=LINE('',#8335,#3842);
#3353=LINE('',#8337,#3843);
#3354=LINE('',#8343,#3844);
#3355=LINE('',#8345,#3845);
#3356=LINE('',#8349,#3846);
#3357=LINE('',#8355,#3847);
#3358=VECTOR('',#5546,1.);
#3359=VECTOR('',#5547,1.);
#3360=VECTOR('',#5548,1.);
#3361=VECTOR('',#5549,1.);
#3362=VECTOR('',#5554,1.);
#3363=VECTOR('',#5555,1.);
#3364=VECTOR('',#5556,1.);
#3365=VECTOR('',#5557,1.);
#3366=VECTOR('',#5560,1.);
#3367=VECTOR('',#5561,1.);
#3368=VECTOR('',#5562,1.);
#3369=VECTOR('',#5565,1.);
#3370=VECTOR('',#5566,1.);
#3371=VECTOR('',#5567,1.);
#3372=VECTOR('',#5568,1.);
#3373=VECTOR('',#5571,1.);
#3374=VECTOR('',#5572,1.);
#3375=VECTOR('',#5573,1.);
#3376=VECTOR('',#5574,1.);
#3377=VECTOR('',#5575,1.);
#3378=VECTOR('',#5578,1.);
#3379=VECTOR('',#5579,1.);
#3380=VECTOR('',#5582,1.);
#3381=VECTOR('',#5583,1.);
#3382=VECTOR('',#5584,1.);
#3383=VECTOR('',#5585,1.);
#3384=VECTOR('',#5588,1.);
#3385=VECTOR('',#5589,1.);
#3386=VECTOR('',#5592,1.);
#3387=VECTOR('',#5593,1.);
#3388=VECTOR('',#5596,1.);
#3389=VECTOR('',#5599,1.);
#3390=VECTOR('',#5602,1.);
#3391=VECTOR('',#5603,1.);
#3392=VECTOR('',#5604,1.);
#3393=VECTOR('',#5605,1.);
#3394=VECTOR('',#5606,1.);
#3395=VECTOR('',#5613,1.);
#3396=VECTOR('',#5614,1.);
#3397=VECTOR('',#5615,1.);
#3398=VECTOR('',#5618,1.);
#3399=VECTOR('',#5621,1.);
#3400=VECTOR('',#5634,1.);
#3401=VECTOR('',#5635,1.);
#3402=VECTOR('',#5636,1.);
#3403=VECTOR('',#5639,1.);
#3404=VECTOR('',#5640,1.);
#3405=VECTOR('',#5641,1.);
#3406=VECTOR('',#5644,1.);
#3407=VECTOR('',#5645,1.);
#3408=VECTOR('',#5648,1.);
#3409=VECTOR('',#5649,1.);
#3410=VECTOR('',#5654,1.);
#3411=VECTOR('',#5655,1.);
#3412=VECTOR('',#5656,1.);
#3413=VECTOR('',#5659,1.);
#3414=VECTOR('',#5660,1.);
#3415=VECTOR('',#5661,1.);
#3416=VECTOR('',#5664,1.);
#3417=VECTOR('',#5665,1.);
#3418=VECTOR('',#5668,1.);
#3419=VECTOR('',#5669,1.);
#3420=VECTOR('',#5674,1.);
#3421=VECTOR('',#5675,1.);
#3422=VECTOR('',#5676,1.);
#3423=VECTOR('',#5679,1.);
#3424=VECTOR('',#5680,1.);
#3425=VECTOR('',#5681,1.);
#3426=VECTOR('',#5684,1.);
#3427=VECTOR('',#5685,1.);
#3428=VECTOR('',#5688,1.);
#3429=VECTOR('',#5689,1.);
#3430=VECTOR('',#5694,1.);
#3431=VECTOR('',#5695,1.);
#3432=VECTOR('',#5696,1.);
#3433=VECTOR('',#5699,1.);
#3434=VECTOR('',#5700,1.);
#3435=VECTOR('',#5701,1.);
#3436=VECTOR('',#5704,1.);
#3437=VECTOR('',#5705,1.);
#3438=VECTOR('',#5708,1.);
#3439=VECTOR('',#5709,1.);
#3440=VECTOR('',#5714,1.);
#3441=VECTOR('',#5715,1.);
#3442=VECTOR('',#5716,1.);
#3443=VECTOR('',#5719,1.);
#3444=VECTOR('',#5720,1.);
#3445=VECTOR('',#5721,1.);
#3446=VECTOR('',#5724,1.);
#3447=VECTOR('',#5725,1.);
#3448=VECTOR('',#5728,1.);
#3449=VECTOR('',#5729,1.);
#3450=VECTOR('',#5734,1.);
#3451=VECTOR('',#5735,1.);
#3452=VECTOR('',#5736,1.);
#3453=VECTOR('',#5739,1.);
#3454=VECTOR('',#5740,1.);
#3455=VECTOR('',#5741,1.);
#3456=VECTOR('',#5744,1.);
#3457=VECTOR('',#5745,1.);
#3458=VECTOR('',#5748,1.);
#3459=VECTOR('',#5749,1.);
#3460=VECTOR('',#5754,1.);
#3461=VECTOR('',#5755,1.);
#3462=VECTOR('',#5756,1.);
#3463=VECTOR('',#5759,1.);
#3464=VECTOR('',#5760,1.);
#3465=VECTOR('',#5761,1.);
#3466=VECTOR('',#5764,1.);
#3467=VECTOR('',#5765,1.);
#3468=VECTOR('',#5768,1.);
#3469=VECTOR('',#5769,1.);
#3470=VECTOR('',#5774,1.);
#3471=VECTOR('',#5775,1.);
#3472=VECTOR('',#5776,1.);
#3473=VECTOR('',#5779,1.);
#3474=VECTOR('',#5780,1.);
#3475=VECTOR('',#5781,1.);
#3476=VECTOR('',#5784,1.);
#3477=VECTOR('',#5785,1.);
#3478=VECTOR('',#5788,1.);
#3479=VECTOR('',#5789,1.);
#3480=VECTOR('',#5794,1.);
#3481=VECTOR('',#5795,1.);
#3482=VECTOR('',#5796,1.);
#3483=VECTOR('',#5799,1.);
#3484=VECTOR('',#5800,1.);
#3485=VECTOR('',#5801,1.);
#3486=VECTOR('',#5804,1.);
#3487=VECTOR('',#5805,1.);
#3488=VECTOR('',#5808,1.);
#3489=VECTOR('',#5809,1.);
#3490=VECTOR('',#5814,1.);
#3491=VECTOR('',#5815,1.);
#3492=VECTOR('',#5816,1.);
#3493=VECTOR('',#5819,1.);
#3494=VECTOR('',#5820,1.);
#3495=VECTOR('',#5821,1.);
#3496=VECTOR('',#5824,1.);
#3497=VECTOR('',#5825,1.);
#3498=VECTOR('',#5828,1.);
#3499=VECTOR('',#5829,1.);
#3500=VECTOR('',#5834,1.);
#3501=VECTOR('',#5835,1.);
#3502=VECTOR('',#5836,1.);
#3503=VECTOR('',#5839,1.);
#3504=VECTOR('',#5840,1.);
#3505=VECTOR('',#5841,1.);
#3506=VECTOR('',#5844,1.);
#3507=VECTOR('',#5845,1.);
#3508=VECTOR('',#5848,1.);
#3509=VECTOR('',#5849,1.);
#3510=VECTOR('',#5854,1.);
#3511=VECTOR('',#5855,1.);
#3512=VECTOR('',#5856,1.);
#3513=VECTOR('',#5859,1.);
#3514=VECTOR('',#5860,1.);
#3515=VECTOR('',#5861,1.);
#3516=VECTOR('',#5864,1.);
#3517=VECTOR('',#5865,1.);
#3518=VECTOR('',#5868,1.);
#3519=VECTOR('',#5869,1.);
#3520=VECTOR('',#5874,1.);
#3521=VECTOR('',#5875,1.);
#3522=VECTOR('',#5876,1.);
#3523=VECTOR('',#5879,1.);
#3524=VECTOR('',#5880,1.);
#3525=VECTOR('',#5881,1.);
#3526=VECTOR('',#5884,1.);
#3527=VECTOR('',#5885,1.);
#3528=VECTOR('',#5888,1.);
#3529=VECTOR('',#5889,1.);
#3530=VECTOR('',#5892,1.);
#3531=VECTOR('',#5893,1.);
#3532=VECTOR('',#5894,1.);
#3533=VECTOR('',#5929,1.);
#3534=VECTOR('',#5930,1.);
#3535=VECTOR('',#5931,1.);
#3536=VECTOR('',#5934,1.);
#3537=VECTOR('',#5935,1.);
#3538=VECTOR('',#5938,1.);
#3539=VECTOR('',#5941,1.);
#3540=VECTOR('',#5956,1.);
#3541=VECTOR('',#5957,1.);
#3542=VECTOR('',#5958,1.);
#3543=VECTOR('',#5961,1.);
#3544=VECTOR('',#5962,1.);
#3545=VECTOR('',#5965,1.);
#3546=VECTOR('',#5966,1.);
#3547=VECTOR('',#5973,1.);
#3548=VECTOR('',#5974,1.);
#3549=VECTOR('',#5975,1.);
#3550=VECTOR('',#5978,1.);
#3551=VECTOR('',#5979,1.);
#3552=VECTOR('',#5984,1.);
#3553=VECTOR('',#5987,1.);
#3554=VECTOR('',#5990,1.);
#3555=VECTOR('',#5991,1.);
#3556=VECTOR('',#5992,1.);
#3557=VECTOR('',#5995,1.);
#3558=VECTOR('',#5996,1.);
#3559=VECTOR('',#6001,1.);
#3560=VECTOR('',#6004,1.);
#3561=VECTOR('',#6007,1.);
#3562=VECTOR('',#6008,1.);
#3563=VECTOR('',#6009,1.);
#3564=VECTOR('',#6012,1.);
#3565=VECTOR('',#6013,1.);
#3566=VECTOR('',#6018,1.);
#3567=VECTOR('',#6021,1.);
#3568=VECTOR('',#6024,1.);
#3569=VECTOR('',#6025,1.);
#3570=VECTOR('',#6026,1.);
#3571=VECTOR('',#6029,1.);
#3572=VECTOR('',#6030,1.);
#3573=VECTOR('',#6035,1.);
#3574=VECTOR('',#6038,1.);
#3575=VECTOR('',#6041,1.);
#3576=VECTOR('',#6042,1.);
#3577=VECTOR('',#6043,1.);
#3578=VECTOR('',#6046,1.);
#3579=VECTOR('',#6047,1.);
#3580=VECTOR('',#6052,1.);
#3581=VECTOR('',#6055,1.);
#3582=VECTOR('',#6058,1.);
#3583=VECTOR('',#6059,1.);
#3584=VECTOR('',#6060,1.);
#3585=VECTOR('',#6063,1.);
#3586=VECTOR('',#6064,1.);
#3587=VECTOR('',#6069,1.);
#3588=VECTOR('',#6072,1.);
#3589=VECTOR('',#6075,1.);
#3590=VECTOR('',#6076,1.);
#3591=VECTOR('',#6077,1.);
#3592=VECTOR('',#6080,1.);
#3593=VECTOR('',#6081,1.);
#3594=VECTOR('',#6086,1.);
#3595=VECTOR('',#6089,1.);
#3596=VECTOR('',#6092,1.);
#3597=VECTOR('',#6093,1.);
#3598=VECTOR('',#6094,1.);
#3599=VECTOR('',#6097,1.);
#3600=VECTOR('',#6098,1.);
#3601=VECTOR('',#6103,1.);
#3602=VECTOR('',#6106,1.);
#3603=VECTOR('',#6109,1.);
#3604=VECTOR('',#6110,1.);
#3605=VECTOR('',#6111,1.);
#3606=VECTOR('',#6114,1.);
#3607=VECTOR('',#6115,1.);
#3608=VECTOR('',#6120,1.);
#3609=VECTOR('',#6123,1.);
#3610=VECTOR('',#6126,1.);
#3611=VECTOR('',#6127,1.);
#3612=VECTOR('',#6128,1.);
#3613=VECTOR('',#6131,1.);
#3614=VECTOR('',#6132,1.);
#3615=VECTOR('',#6137,1.);
#3616=VECTOR('',#6140,1.);
#3617=VECTOR('',#6143,1.);
#3618=VECTOR('',#6144,1.);
#3619=VECTOR('',#6145,1.);
#3620=VECTOR('',#6148,1.);
#3621=VECTOR('',#6149,1.);
#3622=VECTOR('',#6154,1.);
#3623=VECTOR('',#6157,1.);
#3624=VECTOR('',#6168,1.);
#3625=VECTOR('',#6169,1.);
#3626=VECTOR('',#6170,1.);
#3627=VECTOR('',#6173,1.);
#3628=VECTOR('',#6174,1.);
#3629=VECTOR('',#6175,1.);
#3630=VECTOR('',#6178,1.);
#3631=VECTOR('',#6179,1.);
#3632=VECTOR('',#6182,1.);
#3633=VECTOR('',#6183,1.);
#3634=VECTOR('',#6188,1.);
#3635=VECTOR('',#6189,1.);
#3636=VECTOR('',#6190,1.);
#3637=VECTOR('',#6193,1.);
#3638=VECTOR('',#6194,1.);
#3639=VECTOR('',#6195,1.);
#3640=VECTOR('',#6198,1.);
#3641=VECTOR('',#6199,1.);
#3642=VECTOR('',#6202,1.);
#3643=VECTOR('',#6203,1.);
#3644=VECTOR('',#6208,1.);
#3645=VECTOR('',#6209,1.);
#3646=VECTOR('',#6210,1.);
#3647=VECTOR('',#6213,1.);
#3648=VECTOR('',#6214,1.);
#3649=VECTOR('',#6215,1.);
#3650=VECTOR('',#6218,1.);
#3651=VECTOR('',#6219,1.);
#3652=VECTOR('',#6222,1.);
#3653=VECTOR('',#6223,1.);
#3654=VECTOR('',#6228,1.);
#3655=VECTOR('',#6229,1.);
#3656=VECTOR('',#6230,1.);
#3657=VECTOR('',#6233,1.);
#3658=VECTOR('',#6234,1.);
#3659=VECTOR('',#6235,1.);
#3660=VECTOR('',#6238,1.);
#3661=VECTOR('',#6239,1.);
#3662=VECTOR('',#6242,1.);
#3663=VECTOR('',#6243,1.);
#3664=VECTOR('',#6248,1.);
#3665=VECTOR('',#6249,1.);
#3666=VECTOR('',#6250,1.);
#3667=VECTOR('',#6253,1.);
#3668=VECTOR('',#6254,1.);
#3669=VECTOR('',#6255,1.);
#3670=VECTOR('',#6258,1.);
#3671=VECTOR('',#6259,1.);
#3672=VECTOR('',#6262,1.);
#3673=VECTOR('',#6263,1.);
#3674=VECTOR('',#6268,1.);
#3675=VECTOR('',#6269,1.);
#3676=VECTOR('',#6270,1.);
#3677=VECTOR('',#6273,1.);
#3678=VECTOR('',#6274,1.);
#3679=VECTOR('',#6275,1.);
#3680=VECTOR('',#6278,1.);
#3681=VECTOR('',#6279,1.);
#3682=VECTOR('',#6282,1.);
#3683=VECTOR('',#6283,1.);
#3684=VECTOR('',#6288,1.);
#3685=VECTOR('',#6289,1.);
#3686=VECTOR('',#6290,1.);
#3687=VECTOR('',#6293,1.);
#3688=VECTOR('',#6294,1.);
#3689=VECTOR('',#6295,1.);
#3690=VECTOR('',#6298,1.);
#3691=VECTOR('',#6299,1.);
#3692=VECTOR('',#6302,1.);
#3693=VECTOR('',#6303,1.);
#3694=VECTOR('',#6308,1.);
#3695=VECTOR('',#6309,1.);
#3696=VECTOR('',#6310,1.);
#3697=VECTOR('',#6313,1.);
#3698=VECTOR('',#6314,1.);
#3699=VECTOR('',#6315,1.);
#3700=VECTOR('',#6318,1.);
#3701=VECTOR('',#6319,1.);
#3702=VECTOR('',#6322,1.);
#3703=VECTOR('',#6323,1.);
#3704=VECTOR('',#6328,1.);
#3705=VECTOR('',#6329,1.);
#3706=VECTOR('',#6330,1.);
#3707=VECTOR('',#6333,1.);
#3708=VECTOR('',#6334,1.);
#3709=VECTOR('',#6335,1.);
#3710=VECTOR('',#6338,1.);
#3711=VECTOR('',#6339,1.);
#3712=VECTOR('',#6342,1.);
#3713=VECTOR('',#6343,1.);
#3714=VECTOR('',#6348,1.);
#3715=VECTOR('',#6349,1.);
#3716=VECTOR('',#6350,1.);
#3717=VECTOR('',#6353,1.);
#3718=VECTOR('',#6354,1.);
#3719=VECTOR('',#6355,1.);
#3720=VECTOR('',#6358,1.);
#3721=VECTOR('',#6359,1.);
#3722=VECTOR('',#6362,1.);
#3723=VECTOR('',#6363,1.);
#3724=VECTOR('',#6368,1.);
#3725=VECTOR('',#6369,1.);
#3726=VECTOR('',#6370,1.);
#3727=VECTOR('',#6373,1.);
#3728=VECTOR('',#6374,1.);
#3729=VECTOR('',#6375,1.);
#3730=VECTOR('',#6378,1.);
#3731=VECTOR('',#6379,1.);
#3732=VECTOR('',#6382,1.);
#3733=VECTOR('',#6383,1.);
#3734=VECTOR('',#6388,1.);
#3735=VECTOR('',#6389,1.);
#3736=VECTOR('',#6390,1.);
#3737=VECTOR('',#6393,1.);
#3738=VECTOR('',#6394,1.);
#3739=VECTOR('',#6395,1.);
#3740=VECTOR('',#6398,1.);
#3741=VECTOR('',#6399,1.);
#3742=VECTOR('',#6402,1.);
#3743=VECTOR('',#6403,1.);
#3744=VECTOR('',#6408,1.);
#3745=VECTOR('',#6409,1.);
#3746=VECTOR('',#6410,1.);
#3747=VECTOR('',#6413,1.);
#3748=VECTOR('',#6414,1.);
#3749=VECTOR('',#6415,1.);
#3750=VECTOR('',#6418,1.);
#3751=VECTOR('',#6419,1.);
#3752=VECTOR('',#6422,1.);
#3753=VECTOR('',#6423,1.);
#3754=VECTOR('',#6426,1.);
#3755=VECTOR('',#6427,1.);
#3756=VECTOR('',#6428,1.);
#3757=VECTOR('',#6463,1.);
#3758=VECTOR('',#6464,1.);
#3759=VECTOR('',#6465,1.);
#3760=VECTOR('',#6468,1.);
#3761=VECTOR('',#6469,1.);
#3762=VECTOR('',#6472,1.);
#3763=VECTOR('',#6475,1.);
#3764=VECTOR('',#6490,1.);
#3765=VECTOR('',#6491,1.);
#3766=VECTOR('',#6492,1.);
#3767=VECTOR('',#6495,1.);
#3768=VECTOR('',#6496,1.);
#3769=VECTOR('',#6499,1.);
#3770=VECTOR('',#6500,1.);
#3771=VECTOR('',#6507,1.);
#3772=VECTOR('',#6508,1.);
#3773=VECTOR('',#6509,1.);
#3774=VECTOR('',#6512,1.);
#3775=VECTOR('',#6513,1.);
#3776=VECTOR('',#6518,1.);
#3777=VECTOR('',#6521,1.);
#3778=VECTOR('',#6524,1.);
#3779=VECTOR('',#6525,1.);
#3780=VECTOR('',#6526,1.);
#3781=VECTOR('',#6529,1.);
#3782=VECTOR('',#6530,1.);
#3783=VECTOR('',#6535,1.);
#3784=VECTOR('',#6538,1.);
#3785=VECTOR('',#6541,1.);
#3786=VECTOR('',#6542,1.);
#3787=VECTOR('',#6543,1.);
#3788=VECTOR('',#6546,1.);
#3789=VECTOR('',#6547,1.);
#3790=VECTOR('',#6552,1.);
#3791=VECTOR('',#6555,1.);
#3792=VECTOR('',#6558,1.);
#3793=VECTOR('',#6559,1.);
#3794=VECTOR('',#6560,1.);
#3795=VECTOR('',#6563,1.);
#3796=VECTOR('',#6564,1.);
#3797=VECTOR('',#6569,1.);
#3798=VECTOR('',#6572,1.);
#3799=VECTOR('',#6575,1.);
#3800=VECTOR('',#6576,1.);
#3801=VECTOR('',#6577,1.);
#3802=VECTOR('',#6580,1.);
#3803=VECTOR('',#6581,1.);
#3804=VECTOR('',#6586,1.);
#3805=VECTOR('',#6589,1.);
#3806=VECTOR('',#6592,1.);
#3807=VECTOR('',#6593,1.);
#3808=VECTOR('',#6594,1.);
#3809=VECTOR('',#6597,1.);
#3810=VECTOR('',#6598,1.);
#3811=VECTOR('',#6603,1.);
#3812=VECTOR('',#6606,1.);
#3813=VECTOR('',#6609,1.);
#3814=VECTOR('',#6610,1.);
#3815=VECTOR('',#6611,1.);
#3816=VECTOR('',#6614,1.);
#3817=VECTOR('',#6615,1.);
#3818=VECTOR('',#6620,1.);
#3819=VECTOR('',#6623,1.);
#3820=VECTOR('',#6626,1.);
#3821=VECTOR('',#6627,1.);
#3822=VECTOR('',#6628,1.);
#3823=VECTOR('',#6631,1.);
#3824=VECTOR('',#6632,1.);
#3825=VECTOR('',#6637,1.);
#3826=VECTOR('',#6640,1.);
#3827=VECTOR('',#6643,1.);
#3828=VECTOR('',#6644,1.);
#3829=VECTOR('',#6645,1.);
#3830=VECTOR('',#6648,1.);
#3831=VECTOR('',#6649,1.);
#3832=VECTOR('',#6654,1.);
#3833=VECTOR('',#6657,1.);
#3834=VECTOR('',#6660,1.);
#3835=VECTOR('',#6661,1.);
#3836=VECTOR('',#6662,1.);
#3837=VECTOR('',#6665,1.);
#3838=VECTOR('',#6666,1.);
#3839=VECTOR('',#6671,1.);
#3840=VECTOR('',#6674,1.);
#3841=VECTOR('',#6677,1.);
#3842=VECTOR('',#6678,1.);
#3843=VECTOR('',#6679,1.);
#3844=VECTOR('',#6682,1.);
#3845=VECTOR('',#6683,1.);
#3846=VECTOR('',#6688,1.);
#3847=VECTOR('',#6691,1.);
#3848=EDGE_LOOP('',(#260,#261,#262,#263));
#3849=EDGE_LOOP('',(#264,#265,#266,#267,#268,#269));
#3850=EDGE_LOOP('',(#270,#271,#272,#273));
#3851=EDGE_LOOP('',(#274,#275,#276,#277));
#3852=EDGE_LOOP('',(#278,#279,#280,#281,#282,#283));
#3853=EDGE_LOOP('',(#284,#285,#286,#287));
#3854=EDGE_LOOP('',(#288,#289,#290,#291,#292,#293));
#3855=EDGE_LOOP('',(#294,#295,#296,#297,#298,#299));
#3856=EDGE_LOOP('',(#300,#301,#302,#303));
#3857=EDGE_LOOP('',(#304,#305,#306,#307));
#3858=EDGE_LOOP('',(#308,#309,#310,#311,#312,#313));
#3859=EDGE_LOOP('',(#314,#315,#316,#317,#318,#319,#320,#321));
#3860=EDGE_LOOP('',(#322,#323,#324,#325,#326,#327));
#3861=EDGE_LOOP('',(#328,#329,#330,#331,#332,#333,#334,#335));
#3862=EDGE_LOOP('',(#336,#337,#338));
#3863=EDGE_LOOP('',(#339,#340,#341,#342));
#3864=EDGE_LOOP('',(#343,#344,#345));
#3865=EDGE_LOOP('',(#346));
#3866=EDGE_LOOP('',(#347));
#3867=EDGE_LOOP('',(#348,#349,#350,#351));
#3868=EDGE_LOOP('',(#352,#353,#354,#355));
#3869=EDGE_LOOP('',(#356,#357,#358,#359));
#3870=EDGE_LOOP('',(#360,#361,#362,#363));
#3871=EDGE_LOOP('',(#364,#365,#366,#367));
#3872=EDGE_LOOP('',(#368,#369,#370,#371));
#3873=EDGE_LOOP('',(#372,#373,#374,#375));
#3874=EDGE_LOOP('',(#376,#377,#378,#379));
#3875=EDGE_LOOP('',(#380,#381,#382,#383));
#3876=EDGE_LOOP('',(#384,#385,#386,#387));
#3877=EDGE_LOOP('',(#388,#389,#390,#391));
#3878=EDGE_LOOP('',(#392,#393,#394,#395));
#3879=EDGE_LOOP('',(#396,#397,#398,#399));
#3880=EDGE_LOOP('',(#400,#401,#402,#403));
#3881=EDGE_LOOP('',(#404,#405,#406,#407));
#3882=EDGE_LOOP('',(#408,#409,#410,#411));
#3883=EDGE_LOOP('',(#412,#413,#414,#415));
#3884=EDGE_LOOP('',(#416,#417,#418,#419));
#3885=EDGE_LOOP('',(#420,#421,#422,#423));
#3886=EDGE_LOOP('',(#424,#425,#426,#427));
#3887=EDGE_LOOP('',(#428,#429,#430,#431));
#3888=EDGE_LOOP('',(#432,#433,#434,#435));
#3889=EDGE_LOOP('',(#436,#437,#438,#439));
#3890=EDGE_LOOP('',(#440,#441,#442,#443));
#3891=EDGE_LOOP('',(#444,#445,#446,#447));
#3892=EDGE_LOOP('',(#448,#449,#450,#451));
#3893=EDGE_LOOP('',(#452,#453,#454,#455));
#3894=EDGE_LOOP('',(#456,#457,#458,#459));
#3895=EDGE_LOOP('',(#460,#461,#462,#463));
#3896=EDGE_LOOP('',(#464,#465,#466,#467));
#3897=EDGE_LOOP('',(#468,#469,#470,#471));
#3898=EDGE_LOOP('',(#472,#473,#474,#475));
#3899=EDGE_LOOP('',(#476,#477,#478,#479));
#3900=EDGE_LOOP('',(#480,#481,#482,#483));
#3901=EDGE_LOOP('',(#484,#485,#486,#487));
#3902=EDGE_LOOP('',(#488,#489,#490,#491));
#3903=EDGE_LOOP('',(#492,#493,#494,#495));
#3904=EDGE_LOOP('',(#496,#497,#498,#499));
#3905=EDGE_LOOP('',(#500,#501,#502,#503));
#3906=EDGE_LOOP('',(#504,#505,#506,#507));
#3907=EDGE_LOOP('',(#508,#509,#510,#511));
#3908=EDGE_LOOP('',(#512,#513,#514,#515));
#3909=EDGE_LOOP('',(#516,#517,#518,#519));
#3910=EDGE_LOOP('',(#520,#521,#522,#523));
#3911=EDGE_LOOP('',(#524,#525,#526,#527));
#3912=EDGE_LOOP('',(#528,#529,#530,#531));
#3913=EDGE_LOOP('',(#532,#533,#534,#535));
#3914=EDGE_LOOP('',(#536,#537,#538,#539));
#3915=EDGE_LOOP('',(#540,#541,#542,#543));
#3916=EDGE_LOOP('',(#544,#545,#546,#547));
#3917=EDGE_LOOP('',(#548,#549,#550,#551));
#3918=EDGE_LOOP('',(#552,#553,#554,#555));
#3919=EDGE_LOOP('',(#556,#557,#558,#559,#560,#561,#562,#563,#564,#565,#566,#567,#568,#569,#570,#571,#572,#573,#574,#575,#576,#577,#578,#579,#580,#581,#582,#583,#584,#585,#586,#587,#588,#589,#590,#591,#592,#593,#594,#595,#596,#597,#598,#599,#600,#601,#602,#603,#604,#605,#606,#607,#608,#609,#610,#611));
#3920=EDGE_LOOP('',(#612));
#3921=EDGE_LOOP('',(#613,#614,#615,#616));
#3922=EDGE_LOOP('',(#617,#618,#619,#620));
#3923=EDGE_LOOP('',(#621,#622,#623,#624));
#3924=EDGE_LOOP('',(#625,#626,#627,#628));
#3925=EDGE_LOOP('',(#629));
#3926=EDGE_LOOP('',(#630));
#3927=EDGE_LOOP('',(#631));
#3928=EDGE_LOOP('',(#632));
#3929=EDGE_LOOP('',(#633,#634,#635,#636));
#3930=EDGE_LOOP('',(#637,#638,#639,#640));
#3931=EDGE_LOOP('',(#641,#642,#643,#644));
#3932=EDGE_LOOP('',(#645,#646,#647,#648));
#3933=EDGE_LOOP('',(#649,#650,#651,#652));
#3934=EDGE_LOOP('',(#653,#654,#655,#656));
#3935=EDGE_LOOP('',(#657,#658,#659,#660));
#3936=EDGE_LOOP('',(#661,#662,#663,#664));
#3937=EDGE_LOOP('',(#665,#666,#667,#668));
#3938=EDGE_LOOP('',(#669,#670,#671,#672));
#3939=EDGE_LOOP('',(#673,#674,#675,#676));
#3940=EDGE_LOOP('',(#677,#678,#679,#680));
#3941=EDGE_LOOP('',(#681,#682,#683,#684));
#3942=EDGE_LOOP('',(#685,#686,#687,#688));
#3943=EDGE_LOOP('',(#689,#690,#691,#692));
#3944=EDGE_LOOP('',(#693,#694,#695,#696));
#3945=EDGE_LOOP('',(#697,#698,#699,#700));
#3946=EDGE_LOOP('',(#701,#702,#703,#704));
#3947=EDGE_LOOP('',(#705,#706,#707,#708));
#3948=EDGE_LOOP('',(#709,#710,#711,#712));
#3949=EDGE_LOOP('',(#713,#714,#715,#716));
#3950=EDGE_LOOP('',(#717,#718,#719,#720));
#3951=EDGE_LOOP('',(#721,#722,#723,#724));
#3952=EDGE_LOOP('',(#725,#726,#727,#728));
#3953=EDGE_LOOP('',(#729,#730,#731,#732));
#3954=EDGE_LOOP('',(#733,#734,#735,#736));
#3955=EDGE_LOOP('',(#737,#738,#739,#740));
#3956=EDGE_LOOP('',(#741,#742,#743,#744));
#3957=EDGE_LOOP('',(#745,#746,#747,#748));
#3958=EDGE_LOOP('',(#749,#750,#751,#752));
#3959=EDGE_LOOP('',(#753,#754,#755,#756));
#3960=EDGE_LOOP('',(#757,#758,#759,#760));
#3961=EDGE_LOOP('',(#761,#762,#763,#764));
#3962=EDGE_LOOP('',(#765,#766,#767,#768));
#3963=EDGE_LOOP('',(#769,#770,#771,#772));
#3964=EDGE_LOOP('',(#773,#774,#775,#776));
#3965=EDGE_LOOP('',(#777,#778,#779,#780));
#3966=EDGE_LOOP('',(#781,#782,#783,#784));
#3967=EDGE_LOOP('',(#785,#786,#787,#788));
#3968=EDGE_LOOP('',(#789,#790,#791,#792));
#3969=EDGE_LOOP('',(#793,#794,#795,#796));
#3970=EDGE_LOOP('',(#797,#798,#799,#800));
#3971=EDGE_LOOP('',(#801,#802,#803,#804));
#3972=EDGE_LOOP('',(#805,#806,#807,#808));
#3973=EDGE_LOOP('',(#809,#810,#811,#812));
#3974=EDGE_LOOP('',(#813,#814,#815,#816));
#3975=EDGE_LOOP('',(#817,#818,#819,#820));
#3976=EDGE_LOOP('',(#821,#822,#823,#824));
#3977=EDGE_LOOP('',(#825));
#3978=EDGE_LOOP('',(#826));
#3979=EDGE_LOOP('',(#827,#828,#829,#830));
#3980=EDGE_LOOP('',(#831,#832,#833,#834));
#3981=EDGE_LOOP('',(#835,#836,#837,#838));
#3982=EDGE_LOOP('',(#839,#840,#841,#842));
#3983=EDGE_LOOP('',(#843,#844,#845,#846));
#3984=EDGE_LOOP('',(#847,#848,#849,#850));
#3985=EDGE_LOOP('',(#851,#852,#853,#854));
#3986=EDGE_LOOP('',(#855,#856,#857,#858));
#3987=EDGE_LOOP('',(#859,#860,#861,#862));
#3988=EDGE_LOOP('',(#863,#864,#865,#866));
#3989=EDGE_LOOP('',(#867,#868,#869,#870));
#3990=EDGE_LOOP('',(#871,#872,#873,#874));
#3991=EDGE_LOOP('',(#875,#876,#877,#878));
#3992=EDGE_LOOP('',(#879,#880,#881,#882));
#3993=EDGE_LOOP('',(#883,#884,#885,#886));
#3994=EDGE_LOOP('',(#887,#888,#889,#890));
#3995=EDGE_LOOP('',(#891,#892,#893,#894));
#3996=EDGE_LOOP('',(#895,#896,#897,#898));
#3997=EDGE_LOOP('',(#899,#900,#901,#902));
#3998=EDGE_LOOP('',(#903,#904,#905,#906));
#3999=EDGE_LOOP('',(#907,#908,#909,#910));
#4000=EDGE_LOOP('',(#911,#912,#913,#914));
#4001=EDGE_LOOP('',(#915,#916,#917,#918));
#4002=EDGE_LOOP('',(#919,#920,#921,#922));
#4003=EDGE_LOOP('',(#923,#924,#925,#926));
#4004=EDGE_LOOP('',(#927,#928,#929,#930));
#4005=EDGE_LOOP('',(#931,#932,#933,#934));
#4006=EDGE_LOOP('',(#935,#936,#937,#938));
#4007=EDGE_LOOP('',(#939,#940,#941,#942));
#4008=EDGE_LOOP('',(#943,#944,#945,#946));
#4009=EDGE_LOOP('',(#947,#948,#949,#950));
#4010=EDGE_LOOP('',(#951,#952,#953,#954));
#4011=EDGE_LOOP('',(#955,#956,#957,#958));
#4012=EDGE_LOOP('',(#959,#960,#961,#962));
#4013=EDGE_LOOP('',(#963,#964,#965,#966));
#4014=EDGE_LOOP('',(#967,#968,#969,#970));
#4015=EDGE_LOOP('',(#971,#972,#973,#974));
#4016=EDGE_LOOP('',(#975,#976,#977,#978));
#4017=EDGE_LOOP('',(#979,#980,#981,#982));
#4018=EDGE_LOOP('',(#983,#984,#985,#986));
#4019=EDGE_LOOP('',(#987,#988,#989,#990));
#4020=EDGE_LOOP('',(#991,#992,#993,#994));
#4021=EDGE_LOOP('',(#995,#996,#997,#998));
#4022=EDGE_LOOP('',(#999,#1000,#1001,#1002));
#4023=EDGE_LOOP('',(#1003,#1004,#1005,#1006));
#4024=EDGE_LOOP('',(#1007,#1008,#1009,#1010));
#4025=EDGE_LOOP('',(#1011,#1012,#1013,#1014));
#4026=EDGE_LOOP('',(#1015,#1016,#1017,#1018));
#4027=EDGE_LOOP('',(#1019,#1020,#1021,#1022));
#4028=EDGE_LOOP('',(#1023,#1024,#1025,#1026));
#4029=EDGE_LOOP('',(#1027,#1028,#1029,#1030));
#4030=EDGE_LOOP('',(#1031,#1032,#1033,#1034));
#4031=EDGE_LOOP('',(#1035,#1036,#1037,#1038,#1039,#1040,#1041,#1042,#1043,#1044,#1045,#1046,#1047,#1048,#1049,#1050,#1051,#1052,#1053,#1054,#1055,#1056,#1057,#1058,#1059,#1060,#1061,#1062,#1063,#1064,#1065,#1066,#1067,#1068,#1069,#1070,#1071,#1072,#1073,#1074,#1075,#1076,#1077,#1078,#1079,#1080,#1081,#1082,#1083,#1084,#1085,#1086,#1087,#1088,#1089,#1090));
#4032=EDGE_LOOP('',(#1091));
#4033=EDGE_LOOP('',(#1092,#1093,#1094,#1095));
#4034=EDGE_LOOP('',(#1096,#1097,#1098,#1099));
#4035=EDGE_LOOP('',(#1100,#1101,#1102,#1103));
#4036=EDGE_LOOP('',(#1104,#1105,#1106,#1107));
#4037=EDGE_LOOP('',(#1108));
#4038=EDGE_LOOP('',(#1109));
#4039=EDGE_LOOP('',(#1110));
#4040=EDGE_LOOP('',(#1111));
#4041=EDGE_LOOP('',(#1112,#1113,#1114,#1115));
#4042=EDGE_LOOP('',(#1116,#1117,#1118,#1119));
#4043=EDGE_LOOP('',(#1120,#1121,#1122,#1123));
#4044=EDGE_LOOP('',(#1124,#1125,#1126,#1127));
#4045=EDGE_LOOP('',(#1128,#1129,#1130,#1131));
#4046=EDGE_LOOP('',(#1132,#1133,#1134,#1135));
#4047=EDGE_LOOP('',(#1136,#1137,#1138,#1139));
#4048=EDGE_LOOP('',(#1140,#1141,#1142,#1143));
#4049=EDGE_LOOP('',(#1144,#1145,#1146,#1147));
#4050=EDGE_LOOP('',(#1148,#1149,#1150,#1151));
#4051=EDGE_LOOP('',(#1152,#1153,#1154,#1155));
#4052=EDGE_LOOP('',(#1156,#1157,#1158,#1159));
#4053=EDGE_LOOP('',(#1160,#1161,#1162,#1163));
#4054=EDGE_LOOP('',(#1164,#1165,#1166,#1167));
#4055=EDGE_LOOP('',(#1168,#1169,#1170,#1171));
#4056=EDGE_LOOP('',(#1172,#1173,#1174,#1175));
#4057=EDGE_LOOP('',(#1176,#1177,#1178,#1179));
#4058=EDGE_LOOP('',(#1180,#1181,#1182,#1183));
#4059=EDGE_LOOP('',(#1184,#1185,#1186,#1187));
#4060=EDGE_LOOP('',(#1188,#1189,#1190,#1191));
#4061=EDGE_LOOP('',(#1192,#1193,#1194,#1195));
#4062=EDGE_LOOP('',(#1196,#1197,#1198,#1199));
#4063=EDGE_LOOP('',(#1200,#1201,#1202,#1203));
#4064=EDGE_LOOP('',(#1204,#1205,#1206,#1207));
#4065=EDGE_LOOP('',(#1208,#1209,#1210,#1211));
#4066=EDGE_LOOP('',(#1212,#1213,#1214,#1215));
#4067=EDGE_LOOP('',(#1216,#1217,#1218,#1219));
#4068=EDGE_LOOP('',(#1220,#1221,#1222,#1223));
#4069=EDGE_LOOP('',(#1224,#1225,#1226,#1227));
#4070=EDGE_LOOP('',(#1228,#1229,#1230,#1231));
#4071=EDGE_LOOP('',(#1232,#1233,#1234,#1235));
#4072=EDGE_LOOP('',(#1236,#1237,#1238,#1239));
#4073=EDGE_LOOP('',(#1240,#1241,#1242,#1243));
#4074=EDGE_LOOP('',(#1244,#1245,#1246,#1247));
#4075=EDGE_LOOP('',(#1248,#1249,#1250,#1251));
#4076=EDGE_LOOP('',(#1252,#1253,#1254,#1255));
#4077=EDGE_LOOP('',(#1256,#1257,#1258,#1259));
#4078=EDGE_LOOP('',(#1260,#1261,#1262,#1263));
#4079=EDGE_LOOP('',(#1264,#1265,#1266,#1267));
#4080=EDGE_LOOP('',(#1268,#1269,#1270,#1271));
#4081=EDGE_LOOP('',(#1272,#1273,#1274,#1275));
#4082=EDGE_LOOP('',(#1276,#1277,#1278,#1279));
#4083=EDGE_LOOP('',(#1280,#1281,#1282,#1283));
#4084=EDGE_LOOP('',(#1284,#1285,#1286,#1287));
#4085=EDGE_LOOP('',(#1288,#1289,#1290,#1291));
#4086=EDGE_LOOP('',(#1292,#1293,#1294,#1295));
#4087=EDGE_LOOP('',(#1296,#1297,#1298,#1299));
#4088=EDGE_LOOP('',(#1300,#1301,#1302,#1303));
#4089=EDGE_LOOP('',(#1304));
#4090=EDGE_LOOP('',(#1305));
#4091=EDGE_LOOP('',(#1306));
#4092=EDGE_LOOP('',(#1307));
#4093=EDGE_LOOP('',(#1308));
#4094=EDGE_LOOP('',(#1309));
#4095=EDGE_LOOP('',(#1310));
#4096=EDGE_LOOP('',(#1311));
#4097=EDGE_LOOP('',(#1312));
#4098=EDGE_LOOP('',(#1313));
#4099=EDGE_LOOP('',(#1314));
#4100=EDGE_LOOP('',(#1315));
#4101=EDGE_LOOP('',(#1316));
#4102=EDGE_LOOP('',(#1317));
#4103=EDGE_LOOP('',(#1318,#1319,#1320,#1321,#1322,#1323,#1324,#1325,#1326,#1327,#1328,#1329,#1330,#1331,#1332,#1333,#1334,#1335,#1336,#1337,#1338,#1339,#1340,#1341,#1342,#1343,#1344,#1345,#1346,#1347,#1348,#1349,#1350,#1351,#1352,#1353,#1354,#1355,#1356,#1357,#1358,#1359,#1360,#1361,#1362,#1363,#1364,#1365));
#4104=EDGE_LOOP('',(#1366));
#4105=EDGE_LOOP('',(#1367,#1368,#1369,#1370,#1371,#1372,#1373,#1374,#1375,#1376,#1377,#1378,#1379,#1380,#1381,#1382,#1383,#1384,#1385,#1386,#1387,#1388,#1389,#1390,#1391,#1392,#1393,#1394,#1395,#1396,#1397,#1398,#1399,#1400,#1401,#1402,#1403,#1404,#1405,#1406,#1407,#1408,#1409,#1410,#1411,#1412,#1413,#1414));
#4106=EDGE_LOOP('',(#1415));
#4107=EDGE_LOOP('',(#1416));
#4108=EDGE_LOOP('',(#1417));
#4109=EDGE_LOOP('',(#1418));
#4110=EDGE_LOOP('',(#1419));
#4111=EDGE_LOOP('',(#1420));
#4112=EDGE_LOOP('',(#1421));
#4113=EDGE_LOOP('',(#1422));
#4114=EDGE_LOOP('',(#1423));
#4115=EDGE_LOOP('',(#1424));
#4116=EDGE_LOOP('',(#1425));
#4117=EDGE_LOOP('',(#1426,#1427,#1428,#1429,#1430,#1431,#1432,#1433,#1434,#1435,#1436,#1437,#1438,#1439,#1440,#1441,#1442,#1443,#1444,#1445,#1446,#1447,#1448,#1449,#1450,#1451,#1452,#1453,#1454,#1455,#1456,#1457,#1458,#1459,#1460,#1461,#1462,#1463,#1464,#1465,#1466,#1467,#1468,#1469,#1470,#1471,#1472,#1473,#1474,#1475,#1476,#1477,#1478,#1479,#1480,#1481));
#4118=EDGE_LOOP('',(#1482));
#4119=EDGE_LOOP('',(#1483));
#4120=EDGE_LOOP('',(#1484));
#4121=EDGE_LOOP('',(#1485,#1486,#1487,#1488,#1489,#1490,#1491,#1492,#1493,#1494,#1495,#1496,#1497,#1498,#1499,#1500,#1501,#1502,#1503,#1504,#1505,#1506,#1507,#1508,#1509,#1510,#1511,#1512,#1513,#1514,#1515,#1516,#1517,#1518,#1519,#1520,#1521,#1522,#1523,#1524,#1525,#1526,#1527,#1528,#1529,#1530,#1531,#1532));
#4122=EDGE_LOOP('',(#1533));
#4123=EDGE_LOOP('',(#1534,#1535,#1536,#1537,#1538,#1539,#1540,#1541,#1542,#1543,#1544,#1545,#1546,#1547,#1548,#1549,#1550,#1551,#1552,#1553,#1554,#1555,#1556,#1557,#1558,#1559,#1560,#1561,#1562,#1563,#1564,#1565,#1566,#1567,#1568,#1569,#1570,#1571,#1572,#1573,#1574,#1575,#1576,#1577,#1578,#1579,#1580,#1581));
#4124=EDGE_LOOP('',(#1582));
#4125=EDGE_LOOP('',(#1583));
#4126=EDGE_LOOP('',(#1584));
#4127=EDGE_LOOP('',(#1585));
#4128=EDGE_LOOP('',(#1586));
#4129=EDGE_LOOP('',(#1587));
#4130=EDGE_LOOP('',(#1588));
#4131=EDGE_LOOP('',(#1589));
#4132=EDGE_LOOP('',(#1590));
#4133=EDGE_LOOP('',(#1591));
#4134=EDGE_LOOP('',(#1592));
#4135=EDGE_LOOP('',(#1593,#1594,#1595,#1596,#1597,#1598,#1599,#1600,#1601,#1602,#1603,#1604,#1605,#1606,#1607,#1608,#1609,#1610,#1611,#1612,#1613,#1614,#1615,#1616,#1617,#1618,#1619,#1620,#1621,#1622,#1623,#1624,#1625,#1626,#1627,#1628,#1629,#1630,#1631,#1632,#1633,#1634,#1635,#1636,#1637,#1638,#1639,#1640,#1641,#1642,#1643,#1644,#1645,#1646,#1647,#1648));
#4136=EDGE_LOOP('',(#1649));
#4137=EDGE_LOOP('',(#1650,#1651));
#4138=EDGE_LOOP('',(#1652));
#4139=EDGE_LOOP('',(#1653));
#4140=EDGE_LOOP('',(#1654));
#4141=EDGE_LOOP('',(#1655));
#4142=EDGE_LOOP('',(#1656));
#4143=EDGE_LOOP('',(#1657));
#4144=EDGE_LOOP('',(#1658));
#4145=EDGE_LOOP('',(#1659));
#4146=EDGE_LOOP('',(#1660));
#4147=EDGE_LOOP('',(#1661));
#4148=EDGE_LOOP('',(#1662));
#4149=EDGE_LOOP('',(#1663));
#4150=EDGE_LOOP('',(#1664));
#4151=EDGE_LOOP('',(#1665));
#4152=EDGE_LOOP('',(#1666));
#4153=EDGE_LOOP('',(#1667));
#4154=EDGE_LOOP('',(#1668));
#4155=EDGE_LOOP('',(#1669));
#4156=EDGE_LOOP('',(#1670));
#4157=EDGE_LOOP('',(#1671));
#4158=EDGE_LOOP('',(#1672));
#4159=EDGE_LOOP('',(#1673));
#4160=EDGE_LOOP('',(#1674));
#4161=EDGE_LOOP('',(#1675));
#4162=FACE_BOUND('',#3848,.T.);
#4163=FACE_BOUND('',#3849,.T.);
#4164=FACE_BOUND('',#3850,.T.);
#4165=FACE_BOUND('',#3851,.T.);
#4166=FACE_BOUND('',#3852,.T.);
#4167=FACE_BOUND('',#3853,.T.);
#4168=FACE_BOUND('',#3854,.T.);
#4169=FACE_BOUND('',#3855,.T.);
#4170=FACE_BOUND('',#3856,.T.);
#4171=FACE_BOUND('',#3857,.T.);
#4172=FACE_BOUND('',#3858,.T.);
#4173=FACE_BOUND('',#3859,.T.);
#4174=FACE_BOUND('',#3860,.T.);
#4175=FACE_BOUND('',#3861,.T.);
#4176=FACE_BOUND('',#3862,.T.);
#4177=FACE_BOUND('',#3863,.T.);
#4178=FACE_BOUND('',#3864,.T.);
#4179=FACE_BOUND('',#3865,.T.);
#4180=FACE_BOUND('',#3866,.T.);
#4181=FACE_BOUND('',#3867,.T.);
#4182=FACE_BOUND('',#3868,.T.);
#4183=FACE_BOUND('',#3869,.T.);
#4184=FACE_BOUND('',#3870,.T.);
#4185=FACE_BOUND('',#3871,.T.);
#4186=FACE_BOUND('',#3872,.T.);
#4187=FACE_BOUND('',#3873,.T.);
#4188=FACE_BOUND('',#3874,.T.);
#4189=FACE_BOUND('',#3875,.T.);
#4190=FACE_BOUND('',#3876,.T.);
#4191=FACE_BOUND('',#3877,.T.);
#4192=FACE_BOUND('',#3878,.T.);
#4193=FACE_BOUND('',#3879,.T.);
#4194=FACE_BOUND('',#3880,.T.);
#4195=FACE_BOUND('',#3881,.T.);
#4196=FACE_BOUND('',#3882,.T.);
#4197=FACE_BOUND('',#3883,.T.);
#4198=FACE_BOUND('',#3884,.T.);
#4199=FACE_BOUND('',#3885,.T.);
#4200=FACE_BOUND('',#3886,.T.);
#4201=FACE_BOUND('',#3887,.T.);
#4202=FACE_BOUND('',#3888,.T.);
#4203=FACE_BOUND('',#3889,.T.);
#4204=FACE_BOUND('',#3890,.T.);
#4205=FACE_BOUND('',#3891,.T.);
#4206=FACE_BOUND('',#3892,.T.);
#4207=FACE_BOUND('',#3893,.T.);
#4208=FACE_BOUND('',#3894,.T.);
#4209=FACE_BOUND('',#3895,.T.);
#4210=FACE_BOUND('',#3896,.T.);
#4211=FACE_BOUND('',#3897,.T.);
#4212=FACE_BOUND('',#3898,.T.);
#4213=FACE_BOUND('',#3899,.T.);
#4214=FACE_BOUND('',#3900,.T.);
#4215=FACE_BOUND('',#3901,.T.);
#4216=FACE_BOUND('',#3902,.T.);
#4217=FACE_BOUND('',#3903,.T.);
#4218=FACE_BOUND('',#3904,.T.);
#4219=FACE_BOUND('',#3905,.T.);
#4220=FACE_BOUND('',#3906,.T.);
#4221=FACE_BOUND('',#3907,.T.);
#4222=FACE_BOUND('',#3908,.T.);
#4223=FACE_BOUND('',#3909,.T.);
#4224=FACE_BOUND('',#3910,.T.);
#4225=FACE_BOUND('',#3911,.T.);
#4226=FACE_BOUND('',#3912,.T.);
#4227=FACE_BOUND('',#3913,.T.);
#4228=FACE_BOUND('',#3914,.T.);
#4229=FACE_BOUND('',#3915,.T.);
#4230=FACE_BOUND('',#3916,.T.);
#4231=FACE_BOUND('',#3917,.T.);
#4232=FACE_BOUND('',#3918,.T.);
#4233=FACE_BOUND('',#3919,.T.);
#4234=FACE_BOUND('',#3920,.T.);
#4235=FACE_BOUND('',#3921,.T.);
#4236=FACE_BOUND('',#3922,.T.);
#4237=FACE_BOUND('',#3923,.T.);
#4238=FACE_BOUND('',#3924,.T.);
#4239=FACE_BOUND('',#3925,.T.);
#4240=FACE_BOUND('',#3926,.T.);
#4241=FACE_BOUND('',#3927,.T.);
#4242=FACE_BOUND('',#3928,.T.);
#4243=FACE_BOUND('',#3929,.T.);
#4244=FACE_BOUND('',#3930,.T.);
#4245=FACE_BOUND('',#3931,.T.);
#4246=FACE_BOUND('',#3932,.T.);
#4247=FACE_BOUND('',#3933,.T.);
#4248=FACE_BOUND('',#3934,.T.);
#4249=FACE_BOUND('',#3935,.T.);
#4250=FACE_BOUND('',#3936,.T.);
#4251=FACE_BOUND('',#3937,.T.);
#4252=FACE_BOUND('',#3938,.T.);
#4253=FACE_BOUND('',#3939,.T.);
#4254=FACE_BOUND('',#3940,.T.);
#4255=FACE_BOUND('',#3941,.T.);
#4256=FACE_BOUND('',#3942,.T.);
#4257=FACE_BOUND('',#3943,.T.);
#4258=FACE_BOUND('',#3944,.T.);
#4259=FACE_BOUND('',#3945,.T.);
#4260=FACE_BOUND('',#3946,.T.);
#4261=FACE_BOUND('',#3947,.T.);
#4262=FACE_BOUND('',#3948,.T.);
#4263=FACE_BOUND('',#3949,.T.);
#4264=FACE_BOUND('',#3950,.T.);
#4265=FACE_BOUND('',#3951,.T.);
#4266=FACE_BOUND('',#3952,.T.);
#4267=FACE_BOUND('',#3953,.T.);
#4268=FACE_BOUND('',#3954,.T.);
#4269=FACE_BOUND('',#3955,.T.);
#4270=FACE_BOUND('',#3956,.T.);
#4271=FACE_BOUND('',#3957,.T.);
#4272=FACE_BOUND('',#3958,.T.);
#4273=FACE_BOUND('',#3959,.T.);
#4274=FACE_BOUND('',#3960,.T.);
#4275=FACE_BOUND('',#3961,.T.);
#4276=FACE_BOUND('',#3962,.T.);
#4277=FACE_BOUND('',#3963,.T.);
#4278=FACE_BOUND('',#3964,.T.);
#4279=FACE_BOUND('',#3965,.T.);
#4280=FACE_BOUND('',#3966,.T.);
#4281=FACE_BOUND('',#3967,.T.);
#4282=FACE_BOUND('',#3968,.T.);
#4283=FACE_BOUND('',#3969,.T.);
#4284=FACE_BOUND('',#3970,.T.);
#4285=FACE_BOUND('',#3971,.T.);
#4286=FACE_BOUND('',#3972,.T.);
#4287=FACE_BOUND('',#3973,.T.);
#4288=FACE_BOUND('',#3974,.T.);
#4289=FACE_BOUND('',#3975,.T.);
#4290=FACE_BOUND('',#3976,.T.);
#4291=FACE_BOUND('',#3977,.T.);
#4292=FACE_BOUND('',#3978,.T.);
#4293=FACE_BOUND('',#3979,.T.);
#4294=FACE_BOUND('',#3980,.T.);
#4295=FACE_BOUND('',#3981,.T.);
#4296=FACE_BOUND('',#3982,.T.);
#4297=FACE_BOUND('',#3983,.T.);
#4298=FACE_BOUND('',#3984,.T.);
#4299=FACE_BOUND('',#3985,.T.);
#4300=FACE_BOUND('',#3986,.T.);
#4301=FACE_BOUND('',#3987,.T.);
#4302=FACE_BOUND('',#3988,.T.);
#4303=FACE_BOUND('',#3989,.T.);
#4304=FACE_BOUND('',#3990,.T.);
#4305=FACE_BOUND('',#3991,.T.);
#4306=FACE_BOUND('',#3992,.T.);
#4307=FACE_BOUND('',#3993,.T.);
#4308=FACE_BOUND('',#3994,.T.);
#4309=FACE_BOUND('',#3995,.T.);
#4310=FACE_BOUND('',#3996,.T.);
#4311=FACE_BOUND('',#3997,.T.);
#4312=FACE_BOUND('',#3998,.T.);
#4313=FACE_BOUND('',#3999,.T.);
#4314=FACE_BOUND('',#4000,.T.);
#4315=FACE_BOUND('',#4001,.T.);
#4316=FACE_BOUND('',#4002,.T.);
#4317=FACE_BOUND('',#4003,.T.);
#4318=FACE_BOUND('',#4004,.T.);
#4319=FACE_BOUND('',#4005,.T.);
#4320=FACE_BOUND('',#4006,.T.);
#4321=FACE_BOUND('',#4007,.T.);
#4322=FACE_BOUND('',#4008,.T.);
#4323=FACE_BOUND('',#4009,.T.);
#4324=FACE_BOUND('',#4010,.T.);
#4325=FACE_BOUND('',#4011,.T.);
#4326=FACE_BOUND('',#4012,.T.);
#4327=FACE_BOUND('',#4013,.T.);
#4328=FACE_BOUND('',#4014,.T.);
#4329=FACE_BOUND('',#4015,.T.);
#4330=FACE_BOUND('',#4016,.T.);
#4331=FACE_BOUND('',#4017,.T.);
#4332=FACE_BOUND('',#4018,.T.);
#4333=FACE_BOUND('',#4019,.T.);
#4334=FACE_BOUND('',#4020,.T.);
#4335=FACE_BOUND('',#4021,.T.);
#4336=FACE_BOUND('',#4022,.T.);
#4337=FACE_BOUND('',#4023,.T.);
#4338=FACE_BOUND('',#4024,.T.);
#4339=FACE_BOUND('',#4025,.T.);
#4340=FACE_BOUND('',#4026,.T.);
#4341=FACE_BOUND('',#4027,.T.);
#4342=FACE_BOUND('',#4028,.T.);
#4343=FACE_BOUND('',#4029,.T.);
#4344=FACE_BOUND('',#4030,.T.);
#4345=FACE_BOUND('',#4031,.T.);
#4346=FACE_BOUND('',#4032,.T.);
#4347=FACE_BOUND('',#4033,.T.);
#4348=FACE_BOUND('',#4034,.T.);
#4349=FACE_BOUND('',#4035,.T.);
#4350=FACE_BOUND('',#4036,.T.);
#4351=FACE_BOUND('',#4037,.T.);
#4352=FACE_BOUND('',#4038,.T.);
#4353=FACE_BOUND('',#4039,.T.);
#4354=FACE_BOUND('',#4040,.T.);
#4355=FACE_BOUND('',#4041,.T.);
#4356=FACE_BOUND('',#4042,.T.);
#4357=FACE_BOUND('',#4043,.T.);
#4358=FACE_BOUND('',#4044,.T.);
#4359=FACE_BOUND('',#4045,.T.);
#4360=FACE_BOUND('',#4046,.T.);
#4361=FACE_BOUND('',#4047,.T.);
#4362=FACE_BOUND('',#4048,.T.);
#4363=FACE_BOUND('',#4049,.T.);
#4364=FACE_BOUND('',#4050,.T.);
#4365=FACE_BOUND('',#4051,.T.);
#4366=FACE_BOUND('',#4052,.T.);
#4367=FACE_BOUND('',#4053,.T.);
#4368=FACE_BOUND('',#4054,.T.);
#4369=FACE_BOUND('',#4055,.T.);
#4370=FACE_BOUND('',#4056,.T.);
#4371=FACE_BOUND('',#4057,.T.);
#4372=FACE_BOUND('',#4058,.T.);
#4373=FACE_BOUND('',#4059,.T.);
#4374=FACE_BOUND('',#4060,.T.);
#4375=FACE_BOUND('',#4061,.T.);
#4376=FACE_BOUND('',#4062,.T.);
#4377=FACE_BOUND('',#4063,.T.);
#4378=FACE_BOUND('',#4064,.T.);
#4379=FACE_BOUND('',#4065,.T.);
#4380=FACE_BOUND('',#4066,.T.);
#4381=FACE_BOUND('',#4067,.T.);
#4382=FACE_BOUND('',#4068,.T.);
#4383=FACE_BOUND('',#4069,.T.);
#4384=FACE_BOUND('',#4070,.T.);
#4385=FACE_BOUND('',#4071,.T.);
#4386=FACE_BOUND('',#4072,.T.);
#4387=FACE_BOUND('',#4073,.T.);
#4388=FACE_BOUND('',#4074,.T.);
#4389=FACE_BOUND('',#4075,.T.);
#4390=FACE_BOUND('',#4076,.T.);
#4391=FACE_BOUND('',#4077,.T.);
#4392=FACE_BOUND('',#4078,.T.);
#4393=FACE_BOUND('',#4079,.T.);
#4394=FACE_BOUND('',#4080,.T.);
#4395=FACE_BOUND('',#4081,.T.);
#4396=FACE_BOUND('',#4082,.T.);
#4397=FACE_BOUND('',#4083,.T.);
#4398=FACE_BOUND('',#4084,.T.);
#4399=FACE_BOUND('',#4085,.T.);
#4400=FACE_BOUND('',#4086,.T.);
#4401=FACE_BOUND('',#4087,.T.);
#4402=FACE_BOUND('',#4088,.T.);
#4403=FACE_BOUND('',#4089,.T.);
#4404=FACE_BOUND('',#4090,.T.);
#4405=FACE_BOUND('',#4091,.T.);
#4406=FACE_BOUND('',#4092,.T.);
#4407=FACE_BOUND('',#4093,.T.);
#4408=FACE_BOUND('',#4094,.T.);
#4409=FACE_BOUND('',#4095,.T.);
#4410=FACE_BOUND('',#4096,.T.);
#4411=FACE_BOUND('',#4097,.T.);
#4412=FACE_BOUND('',#4098,.T.);
#4413=FACE_BOUND('',#4099,.T.);
#4414=FACE_BOUND('',#4100,.T.);
#4415=FACE_BOUND('',#4101,.T.);
#4416=FACE_BOUND('',#4102,.T.);
#4417=FACE_BOUND('',#4103,.T.);
#4418=FACE_BOUND('',#4104,.T.);
#4419=FACE_BOUND('',#4105,.T.);
#4420=FACE_BOUND('',#4106,.T.);
#4421=FACE_BOUND('',#4107,.T.);
#4422=FACE_BOUND('',#4108,.T.);
#4423=FACE_BOUND('',#4109,.T.);
#4424=FACE_BOUND('',#4110,.T.);
#4425=FACE_BOUND('',#4111,.T.);
#4426=FACE_BOUND('',#4112,.T.);
#4427=FACE_BOUND('',#4113,.T.);
#4428=FACE_BOUND('',#4114,.T.);
#4429=FACE_BOUND('',#4115,.T.);
#4430=FACE_BOUND('',#4116,.T.);
#4431=FACE_BOUND('',#4117,.T.);
#4432=FACE_BOUND('',#4118,.T.);
#4433=FACE_BOUND('',#4119,.T.);
#4434=FACE_BOUND('',#4120,.T.);
#4435=FACE_BOUND('',#4121,.T.);
#4436=FACE_BOUND('',#4122,.T.);
#4437=FACE_BOUND('',#4123,.T.);
#4438=FACE_BOUND('',#4124,.T.);
#4439=FACE_BOUND('',#4125,.T.);
#4440=FACE_BOUND('',#4126,.T.);
#4441=FACE_BOUND('',#4127,.T.);
#4442=FACE_BOUND('',#4128,.T.);
#4443=FACE_BOUND('',#4129,.T.);
#4444=FACE_BOUND('',#4130,.T.);
#4445=FACE_BOUND('',#4131,.T.);
#4446=FACE_BOUND('',#4132,.T.);
#4447=FACE_BOUND('',#4133,.T.);
#4448=FACE_BOUND('',#4134,.T.);
#4449=FACE_BOUND('',#4135,.T.);
#4450=FACE_BOUND('',#4136,.T.);
#4451=FACE_BOUND('',#4137,.T.);
#4452=FACE_BOUND('',#4138,.T.);
#4453=FACE_BOUND('',#4139,.T.);
#4454=FACE_BOUND('',#4140,.T.);
#4455=FACE_BOUND('',#4141,.T.);
#4456=FACE_BOUND('',#4142,.T.);
#4457=FACE_BOUND('',#4143,.T.);
#4458=FACE_BOUND('',#4144,.T.);
#4459=FACE_BOUND('',#4145,.T.);
#4460=FACE_BOUND('',#4146,.T.);
#4461=FACE_BOUND('',#4147,.T.);
#4462=FACE_BOUND('',#4148,.T.);
#4463=FACE_BOUND('',#4149,.T.);
#4464=FACE_BOUND('',#4150,.T.);
#4465=FACE_BOUND('',#4151,.T.);
#4466=FACE_BOUND('',#4152,.T.);
#4467=FACE_BOUND('',#4153,.T.);
#4468=FACE_BOUND('',#4154,.T.);
#4469=FACE_BOUND('',#4155,.T.);
#4470=FACE_BOUND('',#4156,.T.);
#4471=FACE_BOUND('',#4157,.T.);
#4472=FACE_BOUND('',#4158,.T.);
#4473=FACE_BOUND('',#4159,.T.);
#4474=FACE_BOUND('',#4160,.T.);
#4475=FACE_BOUND('',#4161,.T.);
#4476=PLANE('',#5128);
#4477=PLANE('',#5129);
#4478=PLANE('',#5131);
#4479=PLANE('',#5132);
#4480=PLANE('',#5133);
#4481=PLANE('',#5134);
#4482=PLANE('',#5135);
#4483=PLANE('',#5136);
#4484=PLANE('',#5137);
#4485=PLANE('',#5138);
#4486=PLANE('',#5139);
#4487=PLANE('',#5140);
#4488=PLANE('',#5141);
#4489=PLANE('',#5143);
#4490=PLANE('',#5144);
#4491=PLANE('',#5145);
#4492=PLANE('',#5146);
#4493=PLANE('',#5147);
#4494=PLANE('',#5150);
#4495=PLANE('',#5152);
#4496=PLANE('',#5153);
#4497=PLANE('',#5154);
#4498=PLANE('',#5155);
#4499=PLANE('',#5157);
#4500=PLANE('',#5158);
#4501=PLANE('',#5159);
#4502=PLANE('',#5160);
#4503=PLANE('',#5162);
#4504=PLANE('',#5163);
#4505=PLANE('',#5164);
#4506=PLANE('',#5165);
#4507=PLANE('',#5167);
#4508=PLANE('',#5168);
#4509=PLANE('',#5169);
#4510=PLANE('',#5170);
#4511=PLANE('',#5172);
#4512=PLANE('',#5173);
#4513=PLANE('',#5174);
#4514=PLANE('',#5175);
#4515=PLANE('',#5177);
#4516=PLANE('',#5178);
#4517=PLANE('',#5179);
#4518=PLANE('',#5180);
#4519=PLANE('',#5182);
#4520=PLANE('',#5183);
#4521=PLANE('',#5184);
#4522=PLANE('',#5185);
#4523=PLANE('',#5187);
#4524=PLANE('',#5188);
#4525=PLANE('',#5189);
#4526=PLANE('',#5190);
#4527=PLANE('',#5192);
#4528=PLANE('',#5193);
#4529=PLANE('',#5194);
#4530=PLANE('',#5195);
#4531=PLANE('',#5197);
#4532=PLANE('',#5198);
#4533=PLANE('',#5199);
#4534=PLANE('',#5200);
#4535=PLANE('',#5202);
#4536=PLANE('',#5203);
#4537=PLANE('',#5204);
#4538=PLANE('',#5205);
#4539=PLANE('',#5207);
#4540=PLANE('',#5208);
#4541=PLANE('',#5209);
#4542=PLANE('',#5210);
#4543=PLANE('',#5212);
#4544=PLANE('',#5213);
#4545=PLANE('',#5214);
#4546=PLANE('',#5215);
#4547=PLANE('',#5231);
#4548=PLANE('',#5233);
#4549=PLANE('',#5234);
#4550=PLANE('',#5235);
#4551=PLANE('',#5236);
#4552=PLANE('',#5239);
#4553=PLANE('',#5242);
#4554=PLANE('',#5243);
#4555=PLANE('',#5244);
#4556=PLANE('',#5245);
#4557=PLANE('',#5247);
#4558=PLANE('',#5248);
#4559=PLANE('',#5249);
#4560=PLANE('',#5251);
#4561=PLANE('',#5252);
#4562=PLANE('',#5253);
#4563=PLANE('',#5254);
#4564=PLANE('',#5256);
#4565=PLANE('',#5257);
#4566=PLANE('',#5258);
#4567=PLANE('',#5259);
#4568=PLANE('',#5261);
#4569=PLANE('',#5262);
#4570=PLANE('',#5263);
#4571=PLANE('',#5264);
#4572=PLANE('',#5266);
#4573=PLANE('',#5267);
#4574=PLANE('',#5268);
#4575=PLANE('',#5269);
#4576=PLANE('',#5271);
#4577=PLANE('',#5272);
#4578=PLANE('',#5273);
#4579=PLANE('',#5274);
#4580=PLANE('',#5276);
#4581=PLANE('',#5277);
#4582=PLANE('',#5278);
#4583=PLANE('',#5279);
#4584=PLANE('',#5281);
#4585=PLANE('',#5282);
#4586=PLANE('',#5283);
#4587=PLANE('',#5284);
#4588=PLANE('',#5286);
#4589=PLANE('',#5287);
#4590=PLANE('',#5288);
#4591=PLANE('',#5289);
#4592=PLANE('',#5291);
#4593=PLANE('',#5292);
#4594=PLANE('',#5293);
#4595=PLANE('',#5294);
#4596=PLANE('',#5296);
#4597=PLANE('',#5297);
#4598=PLANE('',#5298);
#4599=PLANE('',#5299);
#4600=PLANE('',#5301);
#4601=PLANE('',#5302);
#4602=PLANE('',#5305);
#4603=PLANE('',#5307);
#4604=PLANE('',#5308);
#4605=PLANE('',#5309);
#4606=PLANE('',#5310);
#4607=PLANE('',#5312);
#4608=PLANE('',#5313);
#4609=PLANE('',#5314);
#4610=PLANE('',#5315);
#4611=PLANE('',#5317);
#4612=PLANE('',#5318);
#4613=PLANE('',#5319);
#4614=PLANE('',#5320);
#4615=PLANE('',#5322);
#4616=PLANE('',#5323);
#4617=PLANE('',#5324);
#4618=PLANE('',#5325);
#4619=PLANE('',#5327);
#4620=PLANE('',#5328);
#4621=PLANE('',#5329);
#4622=PLANE('',#5330);
#4623=PLANE('',#5332);
#4624=PLANE('',#5333);
#4625=PLANE('',#5334);
#4626=PLANE('',#5335);
#4627=PLANE('',#5337);
#4628=PLANE('',#5338);
#4629=PLANE('',#5339);
#4630=PLANE('',#5340);
#4631=PLANE('',#5342);
#4632=PLANE('',#5343);
#4633=PLANE('',#5344);
#4634=PLANE('',#5345);
#4635=PLANE('',#5347);
#4636=PLANE('',#5348);
#4637=PLANE('',#5349);
#4638=PLANE('',#5350);
#4639=PLANE('',#5352);
#4640=PLANE('',#5353);
#4641=PLANE('',#5354);
#4642=PLANE('',#5355);
#4643=PLANE('',#5357);
#4644=PLANE('',#5358);
#4645=PLANE('',#5359);
#4646=PLANE('',#5360);
#4647=PLANE('',#5362);
#4648=PLANE('',#5363);
#4649=PLANE('',#5364);
#4650=PLANE('',#5365);
#4651=PLANE('',#5367);
#4652=PLANE('',#5368);
#4653=PLANE('',#5369);
#4654=PLANE('',#5370);
#4655=PLANE('',#5386);
#4656=PLANE('',#5388);
#4657=PLANE('',#5389);
#4658=PLANE('',#5390);
#4659=PLANE('',#5391);
#4660=PLANE('',#5394);
#4661=PLANE('',#5397);
#4662=PLANE('',#5398);
#4663=PLANE('',#5399);
#4664=PLANE('',#5400);
#4665=PLANE('',#5402);
#4666=PLANE('',#5403);
#4667=PLANE('',#5404);
#4668=PLANE('',#5406);
#4669=PLANE('',#5407);
#4670=PLANE('',#5408);
#4671=PLANE('',#5409);
#4672=PLANE('',#5411);
#4673=PLANE('',#5412);
#4674=PLANE('',#5413);
#4675=PLANE('',#5414);
#4676=PLANE('',#5416);
#4677=PLANE('',#5417);
#4678=PLANE('',#5418);
#4679=PLANE('',#5419);
#4680=PLANE('',#5421);
#4681=PLANE('',#5422);
#4682=PLANE('',#5423);
#4683=PLANE('',#5424);
#4684=PLANE('',#5426);
#4685=PLANE('',#5427);
#4686=PLANE('',#5428);
#4687=PLANE('',#5429);
#4688=PLANE('',#5431);
#4689=PLANE('',#5432);
#4690=PLANE('',#5433);
#4691=PLANE('',#5434);
#4692=PLANE('',#5436);
#4693=PLANE('',#5437);
#4694=PLANE('',#5438);
#4695=PLANE('',#5439);
#4696=PLANE('',#5441);
#4697=PLANE('',#5442);
#4698=PLANE('',#5443);
#4699=PLANE('',#5444);
#4700=PLANE('',#5446);
#4701=PLANE('',#5447);
#4702=PLANE('',#5448);
#4703=PLANE('',#5449);
#4704=PLANE('',#5451);
#4705=PLANE('',#5452);
#4706=PLANE('',#5453);
#4707=PLANE('',#5454);
#4708=PLANE('',#5456);
#4709=PLANE('',#5457);
#4710=PLANE('',#5460);
#4711=PLANE('',#5518);
#4712=PLANE('',#5521);
#4713=PLANE('',#5524);
#4714=PLANE('',#5530);
#4715=PLANE('',#5533);
#4716=PLANE('',#5536);
#4717=OVER_RIDING_STYLED_ITEM('',(#5009),#4735,#5007);
#4718=OVER_RIDING_STYLED_ITEM('',(#5010),#4736,#5007);
#4719=OVER_RIDING_STYLED_ITEM('',(#5011),#4737,#5007);
#4720=OVER_RIDING_STYLED_ITEM('',(#5012),#4738,#5007);
#4721=OVER_RIDING_STYLED_ITEM('',(#5013),#4739,#5007);
#4722=OVER_RIDING_STYLED_ITEM('',(#5014),#4740,#5007);
#4723=OVER_RIDING_STYLED_ITEM('',(#5015),#4741,#5007);
#4724=OVER_RIDING_STYLED_ITEM('',(#5016),#4742,#5007);
#4725=OVER_RIDING_STYLED_ITEM('',(#5017),#4743,#5007);
#4726=OVER_RIDING_STYLED_ITEM('',(#5018),#4744,#5007);
#4727=OVER_RIDING_STYLED_ITEM('',(#5019),#4745,#5007);
#4728=OVER_RIDING_STYLED_ITEM('',(#5020),#4746,#5007);
#4729=OVER_RIDING_STYLED_ITEM('',(#5021),#4747,#5007);
#4730=OVER_RIDING_STYLED_ITEM('',(#5022),#4748,#5007);
#4731=OVER_RIDING_STYLED_ITEM('',(#5023),#4749,#5007);
#4732=OVER_RIDING_STYLED_ITEM('',(#5024),#4750,#5007);
#4733=OVER_RIDING_STYLED_ITEM('',(#5025),#4751,#5007);
#4734=OVER_RIDING_STYLED_ITEM('',(#5026),#4991,#5007);
#4735=ADVANCED_FACE('',(#4162),#4476,.T.);
#4736=ADVANCED_FACE('',(#4163),#4477,.T.);
#4737=ADVANCED_FACE('',(#4164),#4478,.T.);
#4738=ADVANCED_FACE('',(#4165),#4479,.T.);
#4739=ADVANCED_FACE('',(#4166),#4480,.T.);
#4740=ADVANCED_FACE('',(#4167),#4481,.T.);
#4741=ADVANCED_FACE('',(#4168),#4482,.T.);
#4742=ADVANCED_FACE('',(#4169),#4483,.T.);
#4743=ADVANCED_FACE('',(#4170),#4484,.T.);
#4744=ADVANCED_FACE('',(#4171),#4485,.T.);
#4745=ADVANCED_FACE('',(#4172),#4486,.T.);
#4746=ADVANCED_FACE('',(#4173),#4487,.F.);
#4747=ADVANCED_FACE('',(#4174),#4488,.T.);
#4748=ADVANCED_FACE('',(#4175),#4489,.F.);
#4749=ADVANCED_FACE('',(#4176),#4490,.F.);
#4750=ADVANCED_FACE('',(#4177),#4491,.T.);
#4751=ADVANCED_FACE('',(#4178),#4492,.F.);
#4752=ADVANCED_FACE('',(#4179,#4180),#4493,.T.);
#4753=ADVANCED_FACE('',(#4181),#4494,.F.);
#4754=ADVANCED_FACE('',(#4182),#4495,.F.);
#4755=ADVANCED_FACE('',(#4183),#4496,.F.);
#4756=ADVANCED_FACE('',(#4184),#4497,.F.);
#4757=ADVANCED_FACE('',(#4185),#4498,.F.);
#4758=ADVANCED_FACE('',(#4186),#4499,.F.);
#4759=ADVANCED_FACE('',(#4187),#4500,.F.);
#4760=ADVANCED_FACE('',(#4188),#4501,.F.);
#4761=ADVANCED_FACE('',(#4189),#4502,.F.);
#4762=ADVANCED_FACE('',(#4190),#4503,.F.);
#4763=ADVANCED_FACE('',(#4191),#4504,.F.);
#4764=ADVANCED_FACE('',(#4192),#4505,.F.);
#4765=ADVANCED_FACE('',(#4193),#4506,.F.);
#4766=ADVANCED_FACE('',(#4194),#4507,.F.);
#4767=ADVANCED_FACE('',(#4195),#4508,.F.);
#4768=ADVANCED_FACE('',(#4196),#4509,.F.);
#4769=ADVANCED_FACE('',(#4197),#4510,.F.);
#4770=ADVANCED_FACE('',(#4198),#4511,.F.);
#4771=ADVANCED_FACE('',(#4199),#4512,.F.);
#4772=ADVANCED_FACE('',(#4200),#4513,.F.);
#4773=ADVANCED_FACE('',(#4201),#4514,.F.);
#4774=ADVANCED_FACE('',(#4202),#4515,.F.);
#4775=ADVANCED_FACE('',(#4203),#4516,.F.);
#4776=ADVANCED_FACE('',(#4204),#4517,.F.);
#4777=ADVANCED_FACE('',(#4205),#4518,.F.);
#4778=ADVANCED_FACE('',(#4206),#4519,.F.);
#4779=ADVANCED_FACE('',(#4207),#4520,.F.);
#4780=ADVANCED_FACE('',(#4208),#4521,.F.);
#4781=ADVANCED_FACE('',(#4209),#4522,.F.);
#4782=ADVANCED_FACE('',(#4210),#4523,.F.);
#4783=ADVANCED_FACE('',(#4211),#4524,.F.);
#4784=ADVANCED_FACE('',(#4212),#4525,.F.);
#4785=ADVANCED_FACE('',(#4213),#4526,.F.);
#4786=ADVANCED_FACE('',(#4214),#4527,.F.);
#4787=ADVANCED_FACE('',(#4215),#4528,.F.);
#4788=ADVANCED_FACE('',(#4216),#4529,.F.);
#4789=ADVANCED_FACE('',(#4217),#4530,.F.);
#4790=ADVANCED_FACE('',(#4218),#4531,.F.);
#4791=ADVANCED_FACE('',(#4219),#4532,.F.);
#4792=ADVANCED_FACE('',(#4220),#4533,.F.);
#4793=ADVANCED_FACE('',(#4221),#4534,.F.);
#4794=ADVANCED_FACE('',(#4222),#4535,.F.);
#4795=ADVANCED_FACE('',(#4223),#4536,.F.);
#4796=ADVANCED_FACE('',(#4224),#4537,.F.);
#4797=ADVANCED_FACE('',(#4225),#4538,.F.);
#4798=ADVANCED_FACE('',(#4226),#4539,.F.);
#4799=ADVANCED_FACE('',(#4227),#4540,.F.);
#4800=ADVANCED_FACE('',(#4228),#4541,.F.);
#4801=ADVANCED_FACE('',(#4229),#4542,.F.);
#4802=ADVANCED_FACE('',(#4230),#4543,.F.);
#4803=ADVANCED_FACE('',(#4231),#4544,.F.);
#4804=ADVANCED_FACE('',(#4232),#4545,.F.);
#4805=ADVANCED_FACE('',(#4233,#4234),#4546,.T.);
#4806=ADVANCED_FACE('',(#4235),#4547,.F.);
#4807=ADVANCED_FACE('',(#4236),#4548,.F.);
#4808=ADVANCED_FACE('',(#4237),#4549,.F.);
#4809=ADVANCED_FACE('',(#4238),#4550,.F.);
#4810=ADVANCED_FACE('',(#4239,#4240),#4551,.T.);
#4811=ADVANCED_FACE('',(#4241,#4242),#4552,.T.);
#4812=ADVANCED_FACE('',(#4243),#4553,.F.);
#4813=ADVANCED_FACE('',(#4244),#4554,.F.);
#4814=ADVANCED_FACE('',(#4245),#4555,.F.);
#4815=ADVANCED_FACE('',(#4246),#4556,.T.);
#4816=ADVANCED_FACE('',(#4247),#4557,.F.);
#4817=ADVANCED_FACE('',(#4248),#4558,.F.);
#4818=ADVANCED_FACE('',(#4249),#4559,.T.);
#4819=ADVANCED_FACE('',(#4250),#4560,.F.);
#4820=ADVANCED_FACE('',(#4251),#4561,.F.);
#4821=ADVANCED_FACE('',(#4252),#4562,.F.);
#4822=ADVANCED_FACE('',(#4253),#4563,.T.);
#4823=ADVANCED_FACE('',(#4254),#4564,.F.);
#4824=ADVANCED_FACE('',(#4255),#4565,.F.);
#4825=ADVANCED_FACE('',(#4256),#4566,.F.);
#4826=ADVANCED_FACE('',(#4257),#4567,.T.);
#4827=ADVANCED_FACE('',(#4258),#4568,.F.);
#4828=ADVANCED_FACE('',(#4259),#4569,.F.);
#4829=ADVANCED_FACE('',(#4260),#4570,.F.);
#4830=ADVANCED_FACE('',(#4261),#4571,.T.);
#4831=ADVANCED_FACE('',(#4262),#4572,.F.);
#4832=ADVANCED_FACE('',(#4263),#4573,.F.);
#4833=ADVANCED_FACE('',(#4264),#4574,.F.);
#4834=ADVANCED_FACE('',(#4265),#4575,.T.);
#4835=ADVANCED_FACE('',(#4266),#4576,.F.);
#4836=ADVANCED_FACE('',(#4267),#4577,.F.);
#4837=ADVANCED_FACE('',(#4268),#4578,.F.);
#4838=ADVANCED_FACE('',(#4269),#4579,.T.);
#4839=ADVANCED_FACE('',(#4270),#4580,.F.);
#4840=ADVANCED_FACE('',(#4271),#4581,.F.);
#4841=ADVANCED_FACE('',(#4272),#4582,.F.);
#4842=ADVANCED_FACE('',(#4273),#4583,.T.);
#4843=ADVANCED_FACE('',(#4274),#4584,.F.);
#4844=ADVANCED_FACE('',(#4275),#4585,.F.);
#4845=ADVANCED_FACE('',(#4276),#4586,.F.);
#4846=ADVANCED_FACE('',(#4277),#4587,.T.);
#4847=ADVANCED_FACE('',(#4278),#4588,.F.);
#4848=ADVANCED_FACE('',(#4279),#4589,.F.);
#4849=ADVANCED_FACE('',(#4280),#4590,.F.);
#4850=ADVANCED_FACE('',(#4281),#4591,.T.);
#4851=ADVANCED_FACE('',(#4282),#4592,.F.);
#4852=ADVANCED_FACE('',(#4283),#4593,.F.);
#4853=ADVANCED_FACE('',(#4284),#4594,.F.);
#4854=ADVANCED_FACE('',(#4285),#4595,.T.);
#4855=ADVANCED_FACE('',(#4286),#4596,.F.);
#4856=ADVANCED_FACE('',(#4287),#4597,.F.);
#4857=ADVANCED_FACE('',(#4288),#4598,.F.);
#4858=ADVANCED_FACE('',(#4289),#4599,.T.);
#4859=ADVANCED_FACE('',(#4290),#4600,.F.);
#4860=ADVANCED_FACE('',(#4291,#4292),#4601,.T.);
#4861=ADVANCED_FACE('',(#4293),#4602,.F.);
#4862=ADVANCED_FACE('',(#4294),#4603,.F.);
#4863=ADVANCED_FACE('',(#4295),#4604,.F.);
#4864=ADVANCED_FACE('',(#4296),#4605,.F.);
#4865=ADVANCED_FACE('',(#4297),#4606,.F.);
#4866=ADVANCED_FACE('',(#4298),#4607,.F.);
#4867=ADVANCED_FACE('',(#4299),#4608,.F.);
#4868=ADVANCED_FACE('',(#4300),#4609,.F.);
#4869=ADVANCED_FACE('',(#4301),#4610,.F.);
#4870=ADVANCED_FACE('',(#4302),#4611,.F.);
#4871=ADVANCED_FACE('',(#4303),#4612,.F.);
#4872=ADVANCED_FACE('',(#4304),#4613,.F.);
#4873=ADVANCED_FACE('',(#4305),#4614,.F.);
#4874=ADVANCED_FACE('',(#4306),#4615,.F.);
#4875=ADVANCED_FACE('',(#4307),#4616,.F.);
#4876=ADVANCED_FACE('',(#4308),#4617,.F.);
#4877=ADVANCED_FACE('',(#4309),#4618,.F.);
#4878=ADVANCED_FACE('',(#4310),#4619,.F.);
#4879=ADVANCED_FACE('',(#4311),#4620,.F.);
#4880=ADVANCED_FACE('',(#4312),#4621,.F.);
#4881=ADVANCED_FACE('',(#4313),#4622,.F.);
#4882=ADVANCED_FACE('',(#4314),#4623,.F.);
#4883=ADVANCED_FACE('',(#4315),#4624,.F.);
#4884=ADVANCED_FACE('',(#4316),#4625,.F.);
#4885=ADVANCED_FACE('',(#4317),#4626,.F.);
#4886=ADVANCED_FACE('',(#4318),#4627,.F.);
#4887=ADVANCED_FACE('',(#4319),#4628,.F.);
#4888=ADVANCED_FACE('',(#4320),#4629,.F.);
#4889=ADVANCED_FACE('',(#4321),#4630,.F.);
#4890=ADVANCED_FACE('',(#4322),#4631,.F.);
#4891=ADVANCED_FACE('',(#4323),#4632,.F.);
#4892=ADVANCED_FACE('',(#4324),#4633,.F.);
#4893=ADVANCED_FACE('',(#4325),#4634,.F.);
#4894=ADVANCED_FACE('',(#4326),#4635,.F.);
#4895=ADVANCED_FACE('',(#4327),#4636,.F.);
#4896=ADVANCED_FACE('',(#4328),#4637,.F.);
#4897=ADVANCED_FACE('',(#4329),#4638,.F.);
#4898=ADVANCED_FACE('',(#4330),#4639,.F.);
#4899=ADVANCED_FACE('',(#4331),#4640,.F.);
#4900=ADVANCED_FACE('',(#4332),#4641,.F.);
#4901=ADVANCED_FACE('',(#4333),#4642,.F.);
#4902=ADVANCED_FACE('',(#4334),#4643,.F.);
#4903=ADVANCED_FACE('',(#4335),#4644,.F.);
#4904=ADVANCED_FACE('',(#4336),#4645,.F.);
#4905=ADVANCED_FACE('',(#4337),#4646,.F.);
#4906=ADVANCED_FACE('',(#4338),#4647,.F.);
#4907=ADVANCED_FACE('',(#4339),#4648,.F.);
#4908=ADVANCED_FACE('',(#4340),#4649,.F.);
#4909=ADVANCED_FACE('',(#4341),#4650,.F.);
#4910=ADVANCED_FACE('',(#4342),#4651,.F.);
#4911=ADVANCED_FACE('',(#4343),#4652,.F.);
#4912=ADVANCED_FACE('',(#4344),#4653,.F.);
#4913=ADVANCED_FACE('',(#4345,#4346),#4654,.T.);
#4914=ADVANCED_FACE('',(#4347),#4655,.F.);
#4915=ADVANCED_FACE('',(#4348),#4656,.F.);
#4916=ADVANCED_FACE('',(#4349),#4657,.F.);
#4917=ADVANCED_FACE('',(#4350),#4658,.F.);
#4918=ADVANCED_FACE('',(#4351,#4352),#4659,.T.);
#4919=ADVANCED_FACE('',(#4353,#4354),#4660,.T.);
#4920=ADVANCED_FACE('',(#4355),#4661,.F.);
#4921=ADVANCED_FACE('',(#4356),#4662,.F.);
#4922=ADVANCED_FACE('',(#4357),#4663,.F.);
#4923=ADVANCED_FACE('',(#4358),#4664,.T.);
#4924=ADVANCED_FACE('',(#4359),#4665,.F.);
#4925=ADVANCED_FACE('',(#4360),#4666,.F.);
#4926=ADVANCED_FACE('',(#4361),#4667,.T.);
#4927=ADVANCED_FACE('',(#4362),#4668,.F.);
#4928=ADVANCED_FACE('',(#4363),#4669,.F.);
#4929=ADVANCED_FACE('',(#4364),#4670,.F.);
#4930=ADVANCED_FACE('',(#4365),#4671,.T.);
#4931=ADVANCED_FACE('',(#4366),#4672,.F.);
#4932=ADVANCED_FACE('',(#4367),#4673,.F.);
#4933=ADVANCED_FACE('',(#4368),#4674,.F.);
#4934=ADVANCED_FACE('',(#4369),#4675,.T.);
#4935=ADVANCED_FACE('',(#4370),#4676,.F.);
#4936=ADVANCED_FACE('',(#4371),#4677,.F.);
#4937=ADVANCED_FACE('',(#4372),#4678,.F.);
#4938=ADVANCED_FACE('',(#4373),#4679,.T.);
#4939=ADVANCED_FACE('',(#4374),#4680,.F.);
#4940=ADVANCED_FACE('',(#4375),#4681,.F.);
#4941=ADVANCED_FACE('',(#4376),#4682,.F.);
#4942=ADVANCED_FACE('',(#4377),#4683,.T.);
#4943=ADVANCED_FACE('',(#4378),#4684,.F.);
#4944=ADVANCED_FACE('',(#4379),#4685,.F.);
#4945=ADVANCED_FACE('',(#4380),#4686,.F.);
#4946=ADVANCED_FACE('',(#4381),#4687,.T.);
#4947=ADVANCED_FACE('',(#4382),#4688,.F.);
#4948=ADVANCED_FACE('',(#4383),#4689,.F.);
#4949=ADVANCED_FACE('',(#4384),#4690,.F.);
#4950=ADVANCED_FACE('',(#4385),#4691,.T.);
#4951=ADVANCED_FACE('',(#4386),#4692,.F.);
#4952=ADVANCED_FACE('',(#4387),#4693,.F.);
#4953=ADVANCED_FACE('',(#4388),#4694,.F.);
#4954=ADVANCED_FACE('',(#4389),#4695,.T.);
#4955=ADVANCED_FACE('',(#4390),#4696,.F.);
#4956=ADVANCED_FACE('',(#4391),#4697,.F.);
#4957=ADVANCED_FACE('',(#4392),#4698,.F.);
#4958=ADVANCED_FACE('',(#4393),#4699,.T.);
#4959=ADVANCED_FACE('',(#4394),#4700,.F.);
#4960=ADVANCED_FACE('',(#4395),#4701,.F.);
#4961=ADVANCED_FACE('',(#4396),#4702,.F.);
#4962=ADVANCED_FACE('',(#4397),#4703,.T.);
#4963=ADVANCED_FACE('',(#4398),#4704,.F.);
#4964=ADVANCED_FACE('',(#4399),#4705,.F.);
#4965=ADVANCED_FACE('',(#4400),#4706,.F.);
#4966=ADVANCED_FACE('',(#4401),#4707,.T.);
#4967=ADVANCED_FACE('',(#4402),#4708,.F.);
#4968=ADVANCED_FACE('',(#4403,#4404),#4709,.T.);
#4969=ADVANCED_FACE('',(#4405,#4406),#4710,.T.);
#4970=ADVANCED_FACE('',(#4407,#4408),#24,.F.);
#4971=ADVANCED_FACE('',(#4409,#4410),#17,.T.);
#4972=ADVANCED_FACE('',(#4411,#4412,#4413),#25,.T.);
#4973=ADVANCED_FACE('',(#4414,#4415),#26,.F.);
#4974=ADVANCED_FACE('',(#4416,#4417),#27,.T.);
#4975=ADVANCED_FACE('',(#4418,#4419),#18,.T.);
#4976=ADVANCED_FACE('',(#4420,#4421),#19,.T.);
#4977=ADVANCED_FACE('',(#4422,#4423),#20,.F.);
#4978=ADVANCED_FACE('',(#4424,#4425),#28,.F.);
#4979=ADVANCED_FACE('',(#4426,#4427),#29,.F.);
#4980=ADVANCED_FACE('',(#4428,#4429),#14,.F.);
#4981=ADVANCED_FACE('',(#4430,#4431),#30,.T.);
#4982=ADVANCED_FACE('',(#4432,#4433),#31,.F.);
#4983=ADVANCED_FACE('',(#4434,#4435),#32,.T.);
#4984=ADVANCED_FACE('',(#4436,#4437),#21,.T.);
#4985=ADVANCED_FACE('',(#4438,#4439),#22,.T.);
#4986=ADVANCED_FACE('',(#4440,#4441),#23,.F.);
#4987=ADVANCED_FACE('',(#4442,#4443),#33,.F.);
#4988=ADVANCED_FACE('',(#4444,#4445),#34,.F.);
#4989=ADVANCED_FACE('',(#4446,#4447),#15,.F.);
#4990=ADVANCED_FACE('',(#4448,#4449),#35,.T.);
#4991=ADVANCED_FACE('',(#4450,#4451),#36,.T.);
#4992=ADVANCED_FACE('',(#4452,#4453),#4711,.T.);
#4993=ADVANCED_FACE('',(#4454,#4455),#4712,.F.);
#4994=ADVANCED_FACE('',(#4456,#4457),#4713,.T.);
#4995=ADVANCED_FACE('',(#4458,#4459),#37,.F.);
#4996=ADVANCED_FACE('',(#4460,#4461),#38,.T.);
#4997=ADVANCED_FACE('',(#4462,#4463),#39,.T.);
#4998=ADVANCED_FACE('',(#4464,#4465),#4714,.T.);
#4999=ADVANCED_FACE('',(#4466,#4467),#4715,.F.);
#5000=ADVANCED_FACE('',(#4468,#4469),#4716,.T.);
#5001=ADVANCED_FACE('',(#4470,#4471),#40,.T.);
#5002=ADVANCED_FACE('',(#4472,#4473),#41,.T.);
#5003=ADVANCED_FACE('',(#4474,#4475),#42,.F.);
#5004=CLOSED_SHELL('',(#4735,#4736,#4737,#4738,#4739,#4740,#4741,#4742,#4743,#4744,#4745,#4746,#4747,#4748,#4749,#4750,#4751,#4752,#4753,#4754,#4755,#4756,#4757,#4758,#4759,#4760,#4761,#4762,#4763,#4764,#4765,#4766,#4767,#4768,#4769,#4770,#4771,#4772,#4773,#4774,#4775,#4776,#4777,#4778,#4779,#4780,#4781,#4782,#4783,#4784,#4785,#4786,#4787,#4788,#4789,#4790,#4791,#4792,#4793,#4794,#4795,#4796,#4797,#4798,#4799,#4800,#4801,#4802,#4803,#4804,#4805,#4806,#4807,#4808,#4809,#4810,#4811,#4812,#4813,#4814,#4815,#4816,#4817,#4818,#4819,#4820,#4821,#4822,#4823,#4824,#4825,#4826,#4827,#4828,#4829,#4830,#4831,#4832,#4833,#4834,#4835,#4836,#4837,#4838,#4839,#4840,#4841,#4842,#4843,#4844,#4845,#4846,#4847,#4848,#4849,#4850,#4851,#4852,#4853,#4854,#4855,#4856,#4857,#4858,#4859,#4860,#4861,#4862,#4863,#4864,#4865,#4866,#4867,#4868,#4869,#4870,#4871,#4872,#4873,#4874,#4875,#4876,#4877,#4878,#4879,#4880,#4881,#4882,#4883,#4884,#4885,#4886,#4887,#4888,#4889,#4890,#4891,#4892,#4893,#4894,#4895,#4896,#4897,#4898,#4899,#4900,#4901,#4902,#4903,#4904,#4905,#4906,#4907,#4908,#4909,#4910,#4911,#4912,#4913,#4914,#4915,#4916,#4917,#4918,#4919,#4920,#4921,#4922,#4923,#4924,#4925,#4926,#4927,#4928,#4929,#4930,#4931,#4932,#4933,#4934,#4935,#4936,#4937,#4938,#4939,#4940,#4941,#4942,#4943,#4944,#4945,#4946,#4947,#4948,#4949,#4950,#4951,#4952,#4953,#4954,#4955,#4956,#4957,#4958,#4959,#4960,#4961,#4962,#4963,#4964,#4965,#4966,#4967,#4968,#4969,#4970,#4971,#4972,#4973,#4974,#4975,#4976,#4977,#4978,#4979,#4980,#4981,#4982,#4983,#4984,#4985,#4986,#4987,#4988,#4989,#4990,#4991));
#5005=CLOSED_SHELL('',(#4992,#4993,#4994,#4995,#4996,#4997));
#5006=CLOSED_SHELL('',(#4998,#4999,#5000,#5001,#5002,#5003));
#5007=STYLED_ITEM('',(#5008),#5124);
#5008=PRESENTATION_STYLE_ASSIGNMENT((#5027));
#5009=PRESENTATION_STYLE_ASSIGNMENT((#5028));
#5010=PRESENTATION_STYLE_ASSIGNMENT((#5029));
#5011=PRESENTATION_STYLE_ASSIGNMENT((#5030));
#5012=PRESENTATION_STYLE_ASSIGNMENT((#5031));
#5013=PRESENTATION_STYLE_ASSIGNMENT((#5032));
#5014=PRESENTATION_STYLE_ASSIGNMENT((#5033));
#5015=PRESENTATION_STYLE_ASSIGNMENT((#5034));
#5016=PRESENTATION_STYLE_ASSIGNMENT((#5035));
#5017=PRESENTATION_STYLE_ASSIGNMENT((#5036));
#5018=PRESENTATION_STYLE_ASSIGNMENT((#5037));
#5019=PRESENTATION_STYLE_ASSIGNMENT((#5038));
#5020=PRESENTATION_STYLE_ASSIGNMENT((#5039));
#5021=PRESENTATION_STYLE_ASSIGNMENT((#5040));
#5022=PRESENTATION_STYLE_ASSIGNMENT((#5041));
#5023=PRESENTATION_STYLE_ASSIGNMENT((#5042));
#5024=PRESENTATION_STYLE_ASSIGNMENT((#5043));
#5025=PRESENTATION_STYLE_ASSIGNMENT((#5044));
#5026=PRESENTATION_STYLE_ASSIGNMENT((#5045));
#5027=SURFACE_STYLE_USAGE(.BOTH.,#5046);
#5028=SURFACE_STYLE_USAGE(.BOTH.,#5047);
#5029=SURFACE_STYLE_USAGE(.BOTH.,#5048);
#5030=SURFACE_STYLE_USAGE(.BOTH.,#5049);
#5031=SURFACE_STYLE_USAGE(.BOTH.,#5050);
#5032=SURFACE_STYLE_USAGE(.BOTH.,#5051);
#5033=SURFACE_STYLE_USAGE(.BOTH.,#5052);
#5034=SURFACE_STYLE_USAGE(.BOTH.,#5053);
#5035=SURFACE_STYLE_USAGE(.BOTH.,#5054);
#5036=SURFACE_STYLE_USAGE(.BOTH.,#5055);
#5037=SURFACE_STYLE_USAGE(.BOTH.,#5056);
#5038=SURFACE_STYLE_USAGE(.BOTH.,#5057);
#5039=SURFACE_STYLE_USAGE(.BOTH.,#5058);
#5040=SURFACE_STYLE_USAGE(.BOTH.,#5059);
#5041=SURFACE_STYLE_USAGE(.BOTH.,#5060);
#5042=SURFACE_STYLE_USAGE(.BOTH.,#5061);
#5043=SURFACE_STYLE_USAGE(.BOTH.,#5062);
#5044=SURFACE_STYLE_USAGE(.BOTH.,#5063);
#5045=SURFACE_STYLE_USAGE(.BOTH.,#5064);
#5046=SURFACE_SIDE_STYLE('',(#5065));
#5047=SURFACE_SIDE_STYLE('',(#5066));
#5048=SURFACE_SIDE_STYLE('',(#5067));
#5049=SURFACE_SIDE_STYLE('',(#5068));
#5050=SURFACE_SIDE_STYLE('',(#5069));
#5051=SURFACE_SIDE_STYLE('',(#5070));
#5052=SURFACE_SIDE_STYLE('',(#5071));
#5053=SURFACE_SIDE_STYLE('',(#5072));
#5054=SURFACE_SIDE_STYLE('',(#5073));
#5055=SURFACE_SIDE_STYLE('',(#5074));
#5056=SURFACE_SIDE_STYLE('',(#5075));
#5057=SURFACE_SIDE_STYLE('',(#5076));
#5058=SURFACE_SIDE_STYLE('',(#5077));
#5059=SURFACE_SIDE_STYLE('',(#5078));
#5060=SURFACE_SIDE_STYLE('',(#5079));
#5061=SURFACE_SIDE_STYLE('',(#5080));
#5062=SURFACE_SIDE_STYLE('',(#5081));
#5063=SURFACE_SIDE_STYLE('',(#5082));
#5064=SURFACE_SIDE_STYLE('',(#5083));
#5065=SURFACE_STYLE_FILL_AREA(#5084);
#5066=SURFACE_STYLE_FILL_AREA(#5085);
#5067=SURFACE_STYLE_FILL_AREA(#5086);
#5068=SURFACE_STYLE_FILL_AREA(#5087);
#5069=SURFACE_STYLE_FILL_AREA(#5088);
#5070=SURFACE_STYLE_FILL_AREA(#5089);
#5071=SURFACE_STYLE_FILL_AREA(#5090);
#5072=SURFACE_STYLE_FILL_AREA(#5091);
#5073=SURFACE_STYLE_FILL_AREA(#5092);
#5074=SURFACE_STYLE_FILL_AREA(#5093);
#5075=SURFACE_STYLE_FILL_AREA(#5094);
#5076=SURFACE_STYLE_FILL_AREA(#5095);
#5077=SURFACE_STYLE_FILL_AREA(#5096);
#5078=SURFACE_STYLE_FILL_AREA(#5097);
#5079=SURFACE_STYLE_FILL_AREA(#5098);
#5080=SURFACE_STYLE_FILL_AREA(#5099);
#5081=SURFACE_STYLE_FILL_AREA(#5100);
#5082=SURFACE_STYLE_FILL_AREA(#5101);
#5083=SURFACE_STYLE_FILL_AREA(#5102);
#5084=FILL_AREA_STYLE('',(#5103));
#5085=FILL_AREA_STYLE('',(#5104));
#5086=FILL_AREA_STYLE('',(#5105));
#5087=FILL_AREA_STYLE('',(#5106));
#5088=FILL_AREA_STYLE('',(#5107));
#5089=FILL_AREA_STYLE('',(#5108));
#5090=FILL_AREA_STYLE('',(#5109));
#5091=FILL_AREA_STYLE('',(#5110));
#5092=FILL_AREA_STYLE('',(#5111));
#5093=FILL_AREA_STYLE('',(#5112));
#5094=FILL_AREA_STYLE('',(#5113));
#5095=FILL_AREA_STYLE('',(#5114));
#5096=FILL_AREA_STYLE('',(#5115));
#5097=FILL_AREA_STYLE('',(#5116));
#5098=FILL_AREA_STYLE('',(#5117));
#5099=FILL_AREA_STYLE('',(#5118));
#5100=FILL_AREA_STYLE('',(#5119));
#5101=FILL_AREA_STYLE('',(#5120));
#5102=FILL_AREA_STYLE('',(#5121));
#5103=FILL_AREA_STYLE_COLOUR('',#5122);
#5104=FILL_AREA_STYLE_COLOUR('',#5123);
#5105=FILL_AREA_STYLE_COLOUR('',#5123);
#5106=FILL_AREA_STYLE_COLOUR('',#5123);
#5107=FILL_AREA_STYLE_COLOUR('',#5123);
#5108=FILL_AREA_STYLE_COLOUR('',#5123);
#5109=FILL_AREA_STYLE_COLOUR('',#5123);
#5110=FILL_AREA_STYLE_COLOUR('',#5123);
#5111=FILL_AREA_STYLE_COLOUR('',#5123);
#5112=FILL_AREA_STYLE_COLOUR('',#5123);
#5113=FILL_AREA_STYLE_COLOUR('',#5123);
#5114=FILL_AREA_STYLE_COLOUR('',#5123);
#5115=FILL_AREA_STYLE_COLOUR('',#5123);
#5116=FILL_AREA_STYLE_COLOUR('',#5123);
#5117=FILL_AREA_STYLE_COLOUR('',#5123);
#5118=FILL_AREA_STYLE_COLOUR('',#5123);
#5119=FILL_AREA_STYLE_COLOUR('',#5123);
#5120=FILL_AREA_STYLE_COLOUR('',#5123);
#5121=FILL_AREA_STYLE_COLOUR('',#5123);
#5122=COLOUR_RGB('',0.509803921568627,0.509803921568627,0.588235294117647);
#5123=COLOUR_RGB('',0.835294117647059,0.,0.);
#5124=BREP_WITH_VOIDS('DN32_Kugel',#5004,(#12,#13));
#5125=SHAPE_DEFINITION_REPRESENTATION(#8517,#5126);
#5126=SHAPE_REPRESENTATION('DN32_Kugel',(#5127),#8512);
#5127=AXIS2_PLACEMENT_3D('',#6862,#5542,#5543);
#5128=AXIS2_PLACEMENT_3D('',#6863,#5544,#5545);
#5129=AXIS2_PLACEMENT_3D('',#6872,#5550,#5551);
#5130=AXIS2_PLACEMENT_3D('',#6873,#5552,#5553);
#5131=AXIS2_PLACEMENT_3D('',#6882,#5558,#5559);
#5132=AXIS2_PLACEMENT_3D('',#6888,#5563,#5564);
#5133=AXIS2_PLACEMENT_3D('',#6897,#5569,#5570);
#5134=AXIS2_PLACEMENT_3D('',#6906,#5576,#5577);
#5135=AXIS2_PLACEMENT_3D('',#6910,#5580,#5581);
#5136=AXIS2_PLACEMENT_3D('',#6917,#5586,#5587);
#5137=AXIS2_PLACEMENT_3D('',#6921,#5590,#5591);
#5138=AXIS2_PLACEMENT_3D('',#6925,#5594,#5595);
#5139=AXIS2_PLACEMENT_3D('',#6927,#5597,#5598);
#5140=AXIS2_PLACEMENT_3D('',#6929,#5600,#5601);
#5141=AXIS2_PLACEMENT_3D('',#6939,#5607,#5608);
#5142=AXIS2_PLACEMENT_3D('',#6940,#5609,#5610);
#5143=AXIS2_PLACEMENT_3D('',#6941,#5611,#5612);
#5144=AXIS2_PLACEMENT_3D('',#6947,#5616,#5617);
#5145=AXIS2_PLACEMENT_3D('',#6949,#5619,#5620);
#5146=AXIS2_PLACEMENT_3D('',#6951,#5622,#5623);
#5147=AXIS2_PLACEMENT_3D('',#6952,#5624,#5625);
#5148=AXIS2_PLACEMENT_3D('',#6953,#5626,#5627);
#5149=AXIS2_PLACEMENT_3D('',#6955,#5628,#5629);
#5150=AXIS2_PLACEMENT_3D('',#6957,#5630,#5631);
#5151=AXIS2_PLACEMENT_3D('',#6958,#5632,#5633);
#5152=AXIS2_PLACEMENT_3D('',#6966,#5637,#5638);
#5153=AXIS2_PLACEMENT_3D('',#6972,#5642,#5643);
#5154=AXIS2_PLACEMENT_3D('',#6976,#5646,#5647);
#5155=AXIS2_PLACEMENT_3D('',#6980,#5650,#5651);
#5156=AXIS2_PLACEMENT_3D('',#6981,#5652,#5653);
#5157=AXIS2_PLACEMENT_3D('',#6989,#5657,#5658);
#5158=AXIS2_PLACEMENT_3D('',#6995,#5662,#5663);
#5159=AXIS2_PLACEMENT_3D('',#6999,#5666,#5667);
#5160=AXIS2_PLACEMENT_3D('',#7003,#5670,#5671);
#5161=AXIS2_PLACEMENT_3D('',#7004,#5672,#5673);
#5162=AXIS2_PLACEMENT_3D('',#7012,#5677,#5678);
#5163=AXIS2_PLACEMENT_3D('',#7018,#5682,#5683);
#5164=AXIS2_PLACEMENT_3D('',#7022,#5686,#5687);
#5165=AXIS2_PLACEMENT_3D('',#7026,#5690,#5691);
#5166=AXIS2_PLACEMENT_3D('',#7027,#5692,#5693);
#5167=AXIS2_PLACEMENT_3D('',#7035,#5697,#5698);
#5168=AXIS2_PLACEMENT_3D('',#7041,#5702,#5703);
#5169=AXIS2_PLACEMENT_3D('',#7045,#5706,#5707);
#5170=AXIS2_PLACEMENT_3D('',#7049,#5710,#5711);
#5171=AXIS2_PLACEMENT_3D('',#7050,#5712,#5713);
#5172=AXIS2_PLACEMENT_3D('',#7058,#5717,#5718);
#5173=AXIS2_PLACEMENT_3D('',#7064,#5722,#5723);
#5174=AXIS2_PLACEMENT_3D('',#7068,#5726,#5727);
#5175=AXIS2_PLACEMENT_3D('',#7072,#5730,#5731);
#5176=AXIS2_PLACEMENT_3D('',#7073,#5732,#5733);
#5177=AXIS2_PLACEMENT_3D('',#7081,#5737,#5738);
#5178=AXIS2_PLACEMENT_3D('',#7087,#5742,#5743);
#5179=AXIS2_PLACEMENT_3D('',#7091,#5746,#5747);
#5180=AXIS2_PLACEMENT_3D('',#7095,#5750,#5751);
#5181=AXIS2_PLACEMENT_3D('',#7096,#5752,#5753);
#5182=AXIS2_PLACEMENT_3D('',#7104,#5757,#5758);
#5183=AXIS2_PLACEMENT_3D('',#7110,#5762,#5763);
#5184=AXIS2_PLACEMENT_3D('',#7114,#5766,#5767);
#5185=AXIS2_PLACEMENT_3D('',#7118,#5770,#5771);
#5186=AXIS2_PLACEMENT_3D('',#7119,#5772,#5773);
#5187=AXIS2_PLACEMENT_3D('',#7127,#5777,#5778);
#5188=AXIS2_PLACEMENT_3D('',#7133,#5782,#5783);
#5189=AXIS2_PLACEMENT_3D('',#7137,#5786,#5787);
#5190=AXIS2_PLACEMENT_3D('',#7141,#5790,#5791);
#5191=AXIS2_PLACEMENT_3D('',#7142,#5792,#5793);
#5192=AXIS2_PLACEMENT_3D('',#7150,#5797,#5798);
#5193=AXIS2_PLACEMENT_3D('',#7156,#5802,#5803);
#5194=AXIS2_PLACEMENT_3D('',#7160,#5806,#5807);
#5195=AXIS2_PLACEMENT_3D('',#7164,#5810,#5811);
#5196=AXIS2_PLACEMENT_3D('',#7165,#5812,#5813);
#5197=AXIS2_PLACEMENT_3D('',#7173,#5817,#5818);
#5198=AXIS2_PLACEMENT_3D('',#7179,#5822,#5823);
#5199=AXIS2_PLACEMENT_3D('',#7183,#5826,#5827);
#5200=AXIS2_PLACEMENT_3D('',#7187,#5830,#5831);
#5201=AXIS2_PLACEMENT_3D('',#7188,#5832,#5833);
#5202=AXIS2_PLACEMENT_3D('',#7196,#5837,#5838);
#5203=AXIS2_PLACEMENT_3D('',#7202,#5842,#5843);
#5204=AXIS2_PLACEMENT_3D('',#7206,#5846,#5847);
#5205=AXIS2_PLACEMENT_3D('',#7210,#5850,#5851);
#5206=AXIS2_PLACEMENT_3D('',#7211,#5852,#5853);
#5207=AXIS2_PLACEMENT_3D('',#7219,#5857,#5858);
#5208=AXIS2_PLACEMENT_3D('',#7225,#5862,#5863);
#5209=AXIS2_PLACEMENT_3D('',#7229,#5866,#5867);
#5210=AXIS2_PLACEMENT_3D('',#7233,#5870,#5871);
#5211=AXIS2_PLACEMENT_3D('',#7234,#5872,#5873);
#5212=AXIS2_PLACEMENT_3D('',#7242,#5877,#5878);
#5213=AXIS2_PLACEMENT_3D('',#7248,#5882,#5883);
#5214=AXIS2_PLACEMENT_3D('',#7252,#5886,#5887);
#5215=AXIS2_PLACEMENT_3D('',#7256,#5890,#5891);
#5216=AXIS2_PLACEMENT_3D('',#7264,#5895,#5896);
#5217=AXIS2_PLACEMENT_3D('',#7265,#5897,#5898);
#5218=AXIS2_PLACEMENT_3D('',#7266,#5899,#5900);
#5219=AXIS2_PLACEMENT_3D('',#7267,#5901,#5902);
#5220=AXIS2_PLACEMENT_3D('',#7268,#5903,#5904);
#5221=AXIS2_PLACEMENT_3D('',#7269,#5905,#5906);
#5222=AXIS2_PLACEMENT_3D('',#7270,#5907,#5908);
#5223=AXIS2_PLACEMENT_3D('',#7271,#5909,#5910);
#5224=AXIS2_PLACEMENT_3D('',#7272,#5911,#5912);
#5225=AXIS2_PLACEMENT_3D('',#7273,#5913,#5914);
#5226=AXIS2_PLACEMENT_3D('',#7274,#5915,#5916);
#5227=AXIS2_PLACEMENT_3D('',#7275,#5917,#5918);
#5228=AXIS2_PLACEMENT_3D('',#7276,#5919,#5920);
#5229=AXIS2_PLACEMENT_3D('',#7277,#5921,#5922);
#5230=AXIS2_PLACEMENT_3D('',#7278,#5923,#5924);
#5231=AXIS2_PLACEMENT_3D('',#7280,#5925,#5926);
#5232=AXIS2_PLACEMENT_3D('',#7281,#5927,#5928);
#5233=AXIS2_PLACEMENT_3D('',#7289,#5932,#5933);
#5234=AXIS2_PLACEMENT_3D('',#7292,#5936,#5937);
#5235=AXIS2_PLACEMENT_3D('',#7294,#5939,#5940);
#5236=AXIS2_PLACEMENT_3D('',#7296,#5942,#5943);
#5237=AXIS2_PLACEMENT_3D('',#7297,#5944,#5945);
#5238=AXIS2_PLACEMENT_3D('',#7299,#5946,#5947);
#5239=AXIS2_PLACEMENT_3D('',#7301,#5948,#5949);
#5240=AXIS2_PLACEMENT_3D('',#7302,#5950,#5951);
#5241=AXIS2_PLACEMENT_3D('',#7304,#5952,#5953);
#5242=AXIS2_PLACEMENT_3D('',#7306,#5954,#5955);
#5243=AXIS2_PLACEMENT_3D('',#7317,#5959,#5960);
#5244=AXIS2_PLACEMENT_3D('',#7325,#5963,#5964);
#5245=AXIS2_PLACEMENT_3D('',#7333,#5967,#5968);
#5246=AXIS2_PLACEMENT_3D('',#7334,#5969,#5970);
#5247=AXIS2_PLACEMENT_3D('',#7335,#5971,#5972);
#5248=AXIS2_PLACEMENT_3D('',#7346,#5976,#5977);
#5249=AXIS2_PLACEMENT_3D('',#7354,#5980,#5981);
#5250=AXIS2_PLACEMENT_3D('',#7355,#5982,#5983);
#5251=AXIS2_PLACEMENT_3D('',#7358,#5985,#5986);
#5252=AXIS2_PLACEMENT_3D('',#7364,#5988,#5989);
#5253=AXIS2_PLACEMENT_3D('',#7375,#5993,#5994);
#5254=AXIS2_PLACEMENT_3D('',#7383,#5997,#5998);
#5255=AXIS2_PLACEMENT_3D('',#7384,#5999,#6000);
#5256=AXIS2_PLACEMENT_3D('',#7387,#6002,#6003);
#5257=AXIS2_PLACEMENT_3D('',#7393,#6005,#6006);
#5258=AXIS2_PLACEMENT_3D('',#7404,#6010,#6011);
#5259=AXIS2_PLACEMENT_3D('',#7412,#6014,#6015);
#5260=AXIS2_PLACEMENT_3D('',#7413,#6016,#6017);
#5261=AXIS2_PLACEMENT_3D('',#7416,#6019,#6020);
#5262=AXIS2_PLACEMENT_3D('',#7422,#6022,#6023);
#5263=AXIS2_PLACEMENT_3D('',#7433,#6027,#6028);
#5264=AXIS2_PLACEMENT_3D('',#7441,#6031,#6032);
#5265=AXIS2_PLACEMENT_3D('',#7442,#6033,#6034);
#5266=AXIS2_PLACEMENT_3D('',#7445,#6036,#6037);
#5267=AXIS2_PLACEMENT_3D('',#7451,#6039,#6040);
#5268=AXIS2_PLACEMENT_3D('',#7462,#6044,#6045);
#5269=AXIS2_PLACEMENT_3D('',#7470,#6048,#6049);
#5270=AXIS2_PLACEMENT_3D('',#7471,#6050,#6051);
#5271=AXIS2_PLACEMENT_3D('',#7474,#6053,#6054);
#5272=AXIS2_PLACEMENT_3D('',#7480,#6056,#6057);
#5273=AXIS2_PLACEMENT_3D('',#7491,#6061,#6062);
#5274=AXIS2_PLACEMENT_3D('',#7499,#6065,#6066);
#5275=AXIS2_PLACEMENT_3D('',#7500,#6067,#6068);
#5276=AXIS2_PLACEMENT_3D('',#7503,#6070,#6071);
#5277=AXIS2_PLACEMENT_3D('',#7509,#6073,#6074);
#5278=AXIS2_PLACEMENT_3D('',#7520,#6078,#6079);
#5279=AXIS2_PLACEMENT_3D('',#7528,#6082,#6083);
#5280=AXIS2_PLACEMENT_3D('',#7529,#6084,#6085);
#5281=AXIS2_PLACEMENT_3D('',#7532,#6087,#6088);
#5282=AXIS2_PLACEMENT_3D('',#7538,#6090,#6091);
#5283=AXIS2_PLACEMENT_3D('',#7549,#6095,#6096);
#5284=AXIS2_PLACEMENT_3D('',#7557,#6099,#6100);
#5285=AXIS2_PLACEMENT_3D('',#7558,#6101,#6102);
#5286=AXIS2_PLACEMENT_3D('',#7561,#6104,#6105);
#5287=AXIS2_PLACEMENT_3D('',#7567,#6107,#6108);
#5288=AXIS2_PLACEMENT_3D('',#7578,#6112,#6113);
#5289=AXIS2_PLACEMENT_3D('',#7586,#6116,#6117);
#5290=AXIS2_PLACEMENT_3D('',#7587,#6118,#6119);
#5291=AXIS2_PLACEMENT_3D('',#7590,#6121,#6122);
#5292=AXIS2_PLACEMENT_3D('',#7596,#6124,#6125);
#5293=AXIS2_PLACEMENT_3D('',#7607,#6129,#6130);
#5294=AXIS2_PLACEMENT_3D('',#7615,#6133,#6134);
#5295=AXIS2_PLACEMENT_3D('',#7616,#6135,#6136);
#5296=AXIS2_PLACEMENT_3D('',#7619,#6138,#6139);
#5297=AXIS2_PLACEMENT_3D('',#7625,#6141,#6142);
#5298=AXIS2_PLACEMENT_3D('',#7636,#6146,#6147);
#5299=AXIS2_PLACEMENT_3D('',#7644,#6150,#6151);
#5300=AXIS2_PLACEMENT_3D('',#7645,#6152,#6153);
#5301=AXIS2_PLACEMENT_3D('',#7648,#6155,#6156);
#5302=AXIS2_PLACEMENT_3D('',#7654,#6158,#6159);
#5303=AXIS2_PLACEMENT_3D('',#7655,#6160,#6161);
#5304=AXIS2_PLACEMENT_3D('',#7657,#6162,#6163);
#5305=AXIS2_PLACEMENT_3D('',#7659,#6164,#6165);
#5306=AXIS2_PLACEMENT_3D('',#7660,#6166,#6167);
#5307=AXIS2_PLACEMENT_3D('',#7668,#6171,#6172);
#5308=AXIS2_PLACEMENT_3D('',#7674,#6176,#6177);
#5309=AXIS2_PLACEMENT_3D('',#7678,#6180,#6181);
#5310=AXIS2_PLACEMENT_3D('',#7682,#6184,#6185);
#5311=AXIS2_PLACEMENT_3D('',#7683,#6186,#6187);
#5312=AXIS2_PLACEMENT_3D('',#7691,#6191,#6192);
#5313=AXIS2_PLACEMENT_3D('',#7697,#6196,#6197);
#5314=AXIS2_PLACEMENT_3D('',#7701,#6200,#6201);
#5315=AXIS2_PLACEMENT_3D('',#7705,#6204,#6205);
#5316=AXIS2_PLACEMENT_3D('',#7706,#6206,#6207);
#5317=AXIS2_PLACEMENT_3D('',#7714,#6211,#6212);
#5318=AXIS2_PLACEMENT_3D('',#7720,#6216,#6217);
#5319=AXIS2_PLACEMENT_3D('',#7724,#6220,#6221);
#5320=AXIS2_PLACEMENT_3D('',#7728,#6224,#6225);
#5321=AXIS2_PLACEMENT_3D('',#7729,#6226,#6227);
#5322=AXIS2_PLACEMENT_3D('',#7737,#6231,#6232);
#5323=AXIS2_PLACEMENT_3D('',#7743,#6236,#6237);
#5324=AXIS2_PLACEMENT_3D('',#7747,#6240,#6241);
#5325=AXIS2_PLACEMENT_3D('',#7751,#6244,#6245);
#5326=AXIS2_PLACEMENT_3D('',#7752,#6246,#6247);
#5327=AXIS2_PLACEMENT_3D('',#7760,#6251,#6252);
#5328=AXIS2_PLACEMENT_3D('',#7766,#6256,#6257);
#5329=AXIS2_PLACEMENT_3D('',#7770,#6260,#6261);
#5330=AXIS2_PLACEMENT_3D('',#7774,#6264,#6265);
#5331=AXIS2_PLACEMENT_3D('',#7775,#6266,#6267);
#5332=AXIS2_PLACEMENT_3D('',#7783,#6271,#6272);
#5333=AXIS2_PLACEMENT_3D('',#7789,#6276,#6277);
#5334=AXIS2_PLACEMENT_3D('',#7793,#6280,#6281);
#5335=AXIS2_PLACEMENT_3D('',#7797,#6284,#6285);
#5336=AXIS2_PLACEMENT_3D('',#7798,#6286,#6287);
#5337=AXIS2_PLACEMENT_3D('',#7806,#6291,#6292);
#5338=AXIS2_PLACEMENT_3D('',#7812,#6296,#6297);
#5339=AXIS2_PLACEMENT_3D('',#7816,#6300,#6301);
#5340=AXIS2_PLACEMENT_3D('',#7820,#6304,#6305);
#5341=AXIS2_PLACEMENT_3D('',#7821,#6306,#6307);
#5342=AXIS2_PLACEMENT_3D('',#7829,#6311,#6312);
#5343=AXIS2_PLACEMENT_3D('',#7835,#6316,#6317);
#5344=AXIS2_PLACEMENT_3D('',#7839,#6320,#6321);
#5345=AXIS2_PLACEMENT_3D('',#7843,#6324,#6325);
#5346=AXIS2_PLACEMENT_3D('',#7844,#6326,#6327);
#5347=AXIS2_PLACEMENT_3D('',#7852,#6331,#6332);
#5348=AXIS2_PLACEMENT_3D('',#7858,#6336,#6337);
#5349=AXIS2_PLACEMENT_3D('',#7862,#6340,#6341);
#5350=AXIS2_PLACEMENT_3D('',#7866,#6344,#6345);
#5351=AXIS2_PLACEMENT_3D('',#7867,#6346,#6347);
#5352=AXIS2_PLACEMENT_3D('',#7875,#6351,#6352);
#5353=AXIS2_PLACEMENT_3D('',#7881,#6356,#6357);
#5354=AXIS2_PLACEMENT_3D('',#7885,#6360,#6361);
#5355=AXIS2_PLACEMENT_3D('',#7889,#6364,#6365);
#5356=AXIS2_PLACEMENT_3D('',#7890,#6366,#6367);
#5357=AXIS2_PLACEMENT_3D('',#7898,#6371,#6372);
#5358=AXIS2_PLACEMENT_3D('',#7904,#6376,#6377);
#5359=AXIS2_PLACEMENT_3D('',#7908,#6380,#6381);
#5360=AXIS2_PLACEMENT_3D('',#7912,#6384,#6385);
#5361=AXIS2_PLACEMENT_3D('',#7913,#6386,#6387);
#5362=AXIS2_PLACEMENT_3D('',#7921,#6391,#6392);
#5363=AXIS2_PLACEMENT_3D('',#7927,#6396,#6397);
#5364=AXIS2_PLACEMENT_3D('',#7931,#6400,#6401);
#5365=AXIS2_PLACEMENT_3D('',#7935,#6404,#6405);
#5366=AXIS2_PLACEMENT_3D('',#7936,#6406,#6407);
#5367=AXIS2_PLACEMENT_3D('',#7944,#6411,#6412);
#5368=AXIS2_PLACEMENT_3D('',#7950,#6416,#6417);
#5369=AXIS2_PLACEMENT_3D('',#7954,#6420,#6421);
#5370=AXIS2_PLACEMENT_3D('',#7958,#6424,#6425);
#5371=AXIS2_PLACEMENT_3D('',#7966,#6429,#6430);
#5372=AXIS2_PLACEMENT_3D('',#7967,#6431,#6432);
#5373=AXIS2_PLACEMENT_3D('',#7968,#6433,#6434);
#5374=AXIS2_PLACEMENT_3D('',#7969,#6435,#6436);
#5375=AXIS2_PLACEMENT_3D('',#7970,#6437,#6438);
#5376=AXIS2_PLACEMENT_3D('',#7971,#6439,#6440);
#5377=AXIS2_PLACEMENT_3D('',#7972,#6441,#6442);
#5378=AXIS2_PLACEMENT_3D('',#7973,#6443,#6444);
#5379=AXIS2_PLACEMENT_3D('',#7974,#6445,#6446);
#5380=AXIS2_PLACEMENT_3D('',#7975,#6447,#6448);
#5381=AXIS2_PLACEMENT_3D('',#7976,#6449,#6450);
#5382=AXIS2_PLACEMENT_3D('',#7977,#6451,#6452);
#5383=AXIS2_PLACEMENT_3D('',#7978,#6453,#6454);
#5384=AXIS2_PLACEMENT_3D('',#7979,#6455,#6456);
#5385=AXIS2_PLACEMENT_3D('',#7980,#6457,#6458);
#5386=AXIS2_PLACEMENT_3D('',#7982,#6459,#6460);
#5387=AXIS2_PLACEMENT_3D('',#7983,#6461,#6462);
#5388=AXIS2_PLACEMENT_3D('',#7991,#6466,#6467);
#5389=AXIS2_PLACEMENT_3D('',#7994,#6470,#6471);
#5390=AXIS2_PLACEMENT_3D('',#7996,#6473,#6474);
#5391=AXIS2_PLACEMENT_3D('',#7998,#6476,#6477);
#5392=AXIS2_PLACEMENT_3D('',#7999,#6478,#6479);
#5393=AXIS2_PLACEMENT_3D('',#8001,#6480,#6481);
#5394=AXIS2_PLACEMENT_3D('',#8003,#6482,#6483);
#5395=AXIS2_PLACEMENT_3D('',#8004,#6484,#6485);
#5396=AXIS2_PLACEMENT_3D('',#8006,#6486,#6487);
#5397=AXIS2_PLACEMENT_3D('',#8008,#6488,#6489);
#5398=AXIS2_PLACEMENT_3D('',#8019,#6493,#6494);
#5399=AXIS2_PLACEMENT_3D('',#8027,#6497,#6498);
#5400=AXIS2_PLACEMENT_3D('',#8035,#6501,#6502);
#5401=AXIS2_PLACEMENT_3D('',#8036,#6503,#6504);
#5402=AXIS2_PLACEMENT_3D('',#8037,#6505,#6506);
#5403=AXIS2_PLACEMENT_3D('',#8048,#6510,#6511);
#5404=AXIS2_PLACEMENT_3D('',#8056,#6514,#6515);
#5405=AXIS2_PLACEMENT_3D('',#8057,#6516,#6517);
#5406=AXIS2_PLACEMENT_3D('',#8060,#6519,#6520);
#5407=AXIS2_PLACEMENT_3D('',#8066,#6522,#6523);
#5408=AXIS2_PLACEMENT_3D('',#8077,#6527,#6528);
#5409=AXIS2_PLACEMENT_3D('',#8085,#6531,#6532);
#5410=AXIS2_PLACEMENT_3D('',#8086,#6533,#6534);
#5411=AXIS2_PLACEMENT_3D('',#8089,#6536,#6537);
#5412=AXIS2_PLACEMENT_3D('',#8095,#6539,#6540);
#5413=AXIS2_PLACEMENT_3D('',#8106,#6544,#6545);
#5414=AXIS2_PLACEMENT_3D('',#8114,#6548,#6549);
#5415=AXIS2_PLACEMENT_3D('',#8115,#6550,#6551);
#5416=AXIS2_PLACEMENT_3D('',#8118,#6553,#6554);
#5417=AXIS2_PLACEMENT_3D('',#8124,#6556,#6557);
#5418=AXIS2_PLACEMENT_3D('',#8135,#6561,#6562);
#5419=AXIS2_PLACEMENT_3D('',#8143,#6565,#6566);
#5420=AXIS2_PLACEMENT_3D('',#8144,#6567,#6568);
#5421=AXIS2_PLACEMENT_3D('',#8147,#6570,#6571);
#5422=AXIS2_PLACEMENT_3D('',#8153,#6573,#6574);
#5423=AXIS2_PLACEMENT_3D('',#8164,#6578,#6579);
#5424=AXIS2_PLACEMENT_3D('',#8172,#6582,#6583);
#5425=AXIS2_PLACEMENT_3D('',#8173,#6584,#6585);
#5426=AXIS2_PLACEMENT_3D('',#8176,#6587,#6588);
#5427=AXIS2_PLACEMENT_3D('',#8182,#6590,#6591);
#5428=AXIS2_PLACEMENT_3D('',#8193,#6595,#6596);
#5429=AXIS2_PLACEMENT_3D('',#8201,#6599,#6600);
#5430=AXIS2_PLACEMENT_3D('',#8202,#6601,#6602);
#5431=AXIS2_PLACEMENT_3D('',#8205,#6604,#6605);
#5432=AXIS2_PLACEMENT_3D('',#8211,#6607,#6608);
#5433=AXIS2_PLACEMENT_3D('',#8222,#6612,#6613);
#5434=AXIS2_PLACEMENT_3D('',#8230,#6616,#6617);
#5435=AXIS2_PLACEMENT_3D('',#8231,#6618,#6619);
#5436=AXIS2_PLACEMENT_3D('',#8234,#6621,#6622);
#5437=AXIS2_PLACEMENT_3D('',#8240,#6624,#6625);
#5438=AXIS2_PLACEMENT_3D('',#8251,#6629,#6630);
#5439=AXIS2_PLACEMENT_3D('',#8259,#6633,#6634);
#5440=AXIS2_PLACEMENT_3D('',#8260,#6635,#6636);
#5441=AXIS2_PLACEMENT_3D('',#8263,#6638,#6639);
#5442=AXIS2_PLACEMENT_3D('',#8269,#6641,#6642);
#5443=AXIS2_PLACEMENT_3D('',#8280,#6646,#6647);
#5444=AXIS2_PLACEMENT_3D('',#8288,#6650,#6651);
#5445=AXIS2_PLACEMENT_3D('',#8289,#6652,#6653);
#5446=AXIS2_PLACEMENT_3D('',#8292,#6655,#6656);
#5447=AXIS2_PLACEMENT_3D('',#8298,#6658,#6659);
#5448=AXIS2_PLACEMENT_3D('',#8309,#6663,#6664);
#5449=AXIS2_PLACEMENT_3D('',#8317,#6667,#6668);
#5450=AXIS2_PLACEMENT_3D('',#8318,#6669,#6670);
#5451=AXIS2_PLACEMENT_3D('',#8321,#6672,#6673);
#5452=AXIS2_PLACEMENT_3D('',#8327,#6675,#6676);
#5453=AXIS2_PLACEMENT_3D('',#8338,#6680,#6681);
#5454=AXIS2_PLACEMENT_3D('',#8346,#6684,#6685);
#5455=AXIS2_PLACEMENT_3D('',#8347,#6686,#6687);
#5456=AXIS2_PLACEMENT_3D('',#8350,#6689,#6690);
#5457=AXIS2_PLACEMENT_3D('',#8356,#6692,#6693);
#5458=AXIS2_PLACEMENT_3D('',#8357,#6694,#6695);
#5459=AXIS2_PLACEMENT_3D('',#8359,#6696,#6697);
#5460=AXIS2_PLACEMENT_3D('',#8361,#6698,#6699);
#5461=AXIS2_PLACEMENT_3D('',#8362,#6700,#6701);
#5462=AXIS2_PLACEMENT_3D('',#8364,#6702,#6703);
#5463=AXIS2_PLACEMENT_3D('',#8366,#6704,#6705);
#5464=AXIS2_PLACEMENT_3D('',#8367,#6706,#6707);
#5465=AXIS2_PLACEMENT_3D('',#8368,#6708,#6709);
#5466=AXIS2_PLACEMENT_3D('',#8415,#6710,#6711);
#5467=AXIS2_PLACEMENT_3D('',#8416,#6712,#6713);
#5468=AXIS2_PLACEMENT_3D('',#8417,#6714,#6715);
#5469=AXIS2_PLACEMENT_3D('',#8419,#6716,#6717);
#5470=AXIS2_PLACEMENT_3D('',#8420,#6718,#6719);
#5471=AXIS2_PLACEMENT_3D('',#8421,#6720,#6721);
#5472=AXIS2_PLACEMENT_3D('',#8422,#6722,#6723);
#5473=AXIS2_PLACEMENT_3D('',#8423,#6724,#6725);
#5474=AXIS2_PLACEMENT_3D('',#8424,#6726,#6727);
#5475=AXIS2_PLACEMENT_3D('',#8425,#6728,#6729);
#5476=AXIS2_PLACEMENT_3D('',#8426,#6730,#6731);
#5477=AXIS2_PLACEMENT_3D('',#8427,#6732,#6733);
#5478=AXIS2_PLACEMENT_3D('',#8428,#6734,#6735);
#5479=AXIS2_PLACEMENT_3D('',#8429,#6736,#6737);
#5480=AXIS2_PLACEMENT_3D('',#8430,#6738,#6739);
#5481=AXIS2_PLACEMENT_3D('',#8431,#6740,#6741);
#5482=AXIS2_PLACEMENT_3D('',#8432,#6742,#6743);
#5483=AXIS2_PLACEMENT_3D('',#8433,#6744,#6745);
#5484=AXIS2_PLACEMENT_3D('',#8434,#6746,#6747);
#5485=AXIS2_PLACEMENT_3D('',#8436,#6748,#6749);
#5486=AXIS2_PLACEMENT_3D('',#8437,#6750,#6751);
#5487=AXIS2_PLACEMENT_3D('',#8439,#6752,#6753);
#5488=AXIS2_PLACEMENT_3D('',#8440,#6754,#6755);
#5489=AXIS2_PLACEMENT_3D('',#8441,#6756,#6757);
#5490=AXIS2_PLACEMENT_3D('',#8442,#6758,#6759);
#5491=AXIS2_PLACEMENT_3D('',#8444,#6760,#6761);
#5492=AXIS2_PLACEMENT_3D('',#8445,#6762,#6763);
#5493=AXIS2_PLACEMENT_3D('',#8446,#6764,#6765);
#5494=AXIS2_PLACEMENT_3D('',#8448,#6766,#6767);
#5495=AXIS2_PLACEMENT_3D('',#8449,#6768,#6769);
#5496=AXIS2_PLACEMENT_3D('',#8450,#6770,#6771);
#5497=AXIS2_PLACEMENT_3D('',#8451,#6772,#6773);
#5498=AXIS2_PLACEMENT_3D('',#8452,#6774,#6775);
#5499=AXIS2_PLACEMENT_3D('',#8453,#6776,#6777);
#5500=AXIS2_PLACEMENT_3D('',#8454,#6778,#6779);
#5501=AXIS2_PLACEMENT_3D('',#8455,#6780,#6781);
#5502=AXIS2_PLACEMENT_3D('',#8456,#6782,#6783);
#5503=AXIS2_PLACEMENT_3D('',#8457,#6784,#6785);
#5504=AXIS2_PLACEMENT_3D('',#8458,#6786,#6787);
#5505=AXIS2_PLACEMENT_3D('',#8459,#6788,#6789);
#5506=AXIS2_PLACEMENT_3D('',#8460,#6790,#6791);
#5507=AXIS2_PLACEMENT_3D('',#8461,#6792,#6793);
#5508=AXIS2_PLACEMENT_3D('',#8462,#6794,#6795);
#5509=AXIS2_PLACEMENT_3D('',#8463,#6796,#6797);
#5510=AXIS2_PLACEMENT_3D('',#8465,#6798,#6799);
#5511=AXIS2_PLACEMENT_3D('',#8466,#6800,#6801);
#5512=AXIS2_PLACEMENT_3D('',#8468,#6802,#6803);
#5513=AXIS2_PLACEMENT_3D('',#8469,#6804,#6805);
#5514=AXIS2_PLACEMENT_3D('',#8470,#6806,#6807);
#5515=AXIS2_PLACEMENT_3D('',#8471,#6808,#6809);
#5516=AXIS2_PLACEMENT_3D('',#8473,#6810,#6811);
#5517=AXIS2_PLACEMENT_3D('',#8474,#6812,#6813);
#5518=AXIS2_PLACEMENT_3D('',#8475,#6814,#6815);
#5519=AXIS2_PLACEMENT_3D('',#8476,#6816,#6817);
#5520=AXIS2_PLACEMENT_3D('',#8478,#6818,#6819);
#5521=AXIS2_PLACEMENT_3D('',#8480,#6820,#6821);
#5522=AXIS2_PLACEMENT_3D('',#8481,#6822,#6823);
#5523=AXIS2_PLACEMENT_3D('',#8483,#6824,#6825);
#5524=AXIS2_PLACEMENT_3D('',#8485,#6826,#6827);
#5525=AXIS2_PLACEMENT_3D('',#8486,#6828,#6829);
#5526=AXIS2_PLACEMENT_3D('',#8488,#6830,#6831);
#5527=AXIS2_PLACEMENT_3D('',#8490,#6832,#6833);
#5528=AXIS2_PLACEMENT_3D('',#8491,#6834,#6835);
#5529=AXIS2_PLACEMENT_3D('',#8492,#6836,#6837);
#5530=AXIS2_PLACEMENT_3D('',#8493,#6838,#6839);
#5531=AXIS2_PLACEMENT_3D('',#8494,#6840,#6841);
#5532=AXIS2_PLACEMENT_3D('',#8496,#6842,#6843);
#5533=AXIS2_PLACEMENT_3D('',#8498,#6844,#6845);
#5534=AXIS2_PLACEMENT_3D('',#8499,#6846,#6847);
#5535=AXIS2_PLACEMENT_3D('',#8501,#6848,#6849);
#5536=AXIS2_PLACEMENT_3D('',#8503,#6850,#6851);
#5537=AXIS2_PLACEMENT_3D('',#8504,#6852,#6853);
#5538=AXIS2_PLACEMENT_3D('',#8506,#6854,#6855);
#5539=AXIS2_PLACEMENT_3D('',#8508,#6856,#6857);
#5540=AXIS2_PLACEMENT_3D('',#8509,#6858,#6859);
#5541=AXIS2_PLACEMENT_3D('',#8510,#6860,#6861);
#5542=DIRECTION('',(0.,0.,1.));
#5543=DIRECTION('',(1.,0.,0.));
#5544=DIRECTION('',(1.,0.,0.));
#5545=DIRECTION('',(0.,1.,0.));
#5546=DIRECTION('',(0.,-0.309016994394191,-0.951056516288901));
#5547=DIRECTION('',(0.,-1.,0.));
#5548=DIRECTION('',(0.,-0.309016994394196,0.951056516288899));
#5549=DIRECTION('',(0.,-1.,0.));
#5550=DIRECTION('',(0.156434465040196,0.,-0.987688340595143));
#5551=DIRECTION('',(0.987688340595143,0.,0.156434465040196));
#5552=DIRECTION('',(0.156434465040196,0.,-0.987688340595143));
#5553=DIRECTION('',(0.987688340595143,0.,0.156434465040196));
#5554=DIRECTION('',(0.,-1.,0.));
#5555=DIRECTION('',(0.965560245170102,-0.210489700423078,0.152929719030854));
#5556=DIRECTION('',(-0.965560245170101,-0.210489700423084,-0.152929719030853));
#5557=DIRECTION('',(0.,-1.,0.));
#5558=DIRECTION('',(0.85264016437373,0.,0.522498564683903));
#5559=DIRECTION('',(0.522498564683903,0.,-0.85264016437373));
#5560=DIRECTION('',(0.,1.,0.));
#5561=DIRECTION('',(0.513312998274308,-0.186684493719132,-0.837650682329736));
#5562=DIRECTION('',(-0.513312998274307,-0.186684493719141,0.837650682329734));
#5563=DIRECTION('',(-1.,0.,0.));
#5564=DIRECTION('',(0.,-1.,0.));
#5565=DIRECTION('',(0.,0.309016994354942,0.951056516301654));
#5566=DIRECTION('',(0.,1.,0.));
#5567=DIRECTION('',(0.,0.309016994354942,-0.951056516301654));
#5568=DIRECTION('',(0.,1.,0.));
#5569=DIRECTION('',(-0.258819045086665,-0.918650051360318,0.298487495610975));
#5570=DIRECTION('',(-0.266245240645559,-0.229197640634582,-0.936259533121628));
#5571=DIRECTION('',(-0.934117379328652,0.316694340873746,0.164710097124358));
#5572=DIRECTION('',(0.96252830455979,-0.27118123630011,0.));
#5573=DIRECTION('',(0.513573652367977,0.130841995223123,0.848010893726872));
#5574=DIRECTION('',(-0.904328193181106,0.3390395825729,0.259311936606456));
#5575=DIRECTION('',(9.67986588734548E-11,-0.30901699437961,-0.951056516293639));
#5576=DIRECTION('',(-0.855364260159202,0.,0.518027009375284));
#5577=DIRECTION('',(0.518027009375284,0.,0.855364260159202));
#5578=DIRECTION('',(0.,-1.,0.));
#5579=DIRECTION('',(-0.513573652367977,0.130841995223122,-0.848010893726873));
#5580=DIRECTION('',(-0.258819045086667,0.918650051360318,0.298487495610975));
#5581=DIRECTION('',(0.266245240645559,-0.229197640634581,0.936259533121629));
#5582=DIRECTION('',(0.934117379328651,0.316694340873749,-0.164710097124358));
#5583=DIRECTION('',(-9.68113514526767E-11,-0.309016994379613,0.951056516293638));
#5584=DIRECTION('',(0.904328193181105,0.339039582572902,-0.259311936606455));
#5585=DIRECTION('',(-0.962528304559789,-0.271181236300113,0.));
#5586=DIRECTION('',(0.156434465079869,-0.939347432379607,0.305212482406955));
#5587=DIRECTION('',(0.154508497163132,-0.281938472853988,-0.946909616504739));
#5588=DIRECTION('',(-0.961720805016175,-0.215259433619882,-0.16957732583305));
#5589=DIRECTION('',(0.986414936118937,0.164272863862154,0.));
#5590=DIRECTION('',(0.,0.,1.));
#5591=DIRECTION('',(1.,0.,0.));
#5592=DIRECTION('',(0.,-1.,0.));
#5593=DIRECTION('',(-0.986414936118938,0.164272863862146,0.));
#5594=DIRECTION('',(0.,0.,1.));
#5595=DIRECTION('',(1.,0.,0.));
#5596=DIRECTION('',(0.,1.,0.));
#5597=DIRECTION('',(0.156434465079861,0.939347432379606,0.305212482406961));
#5598=DIRECTION('',(-0.154508497163131,-0.281938472853994,0.946909616504737));
#5599=DIRECTION('',(0.961720805016176,-0.215259433619876,0.16957732583305));
#5600=DIRECTION('',(-0.173648177666964,0.,-0.984807753012202));
#5601=DIRECTION('',(0.984807753012202,0.,-0.173648177666964));
#5602=DIRECTION('',(0.984807753012202,0.,-0.173648177666964));
#5603=DIRECTION('',(0.,-1.,0.));
#5604=DIRECTION('',(0.,-1.,0.));
#5605=DIRECTION('',(-0.984807753012202,0.,0.173648177666964));
#5606=DIRECTION('',(0.,1.,0.));
#5607=DIRECTION('',(-0.27563735581717,0.,-0.96126169593827));
#5608=DIRECTION('',(0.96126169593827,0.,-0.27563735581717));
#5609=DIRECTION('',(-0.27563735581717,0.,-0.96126169593827));
#5610=DIRECTION('',(0.96126169593827,0.,-0.27563735581717));
#5611=DIRECTION('',(0.173648177666964,0.,-0.984807753012202));
#5612=DIRECTION('',(0.984807753012202,0.,0.173648177666964));
#5613=DIRECTION('',(0.984807753012202,0.,0.173648177666964));
#5614=DIRECTION('',(0.,-1.,0.));
#5615=DIRECTION('',(-0.984807753012202,0.,-0.173648177666964));
#5616=DIRECTION('',(0.,1.,0.));
#5617=DIRECTION('',(0.,0.,1.));
#5618=DIRECTION('',(1.,0.,0.));
#5619=DIRECTION('',(0.,0.,1.));
#5620=DIRECTION('',(1.,0.,0.));
#5621=DIRECTION('',(-1.,0.,0.));
#5622=DIRECTION('',(0.,-1.,0.));
#5623=DIRECTION('',(0.,0.,-1.));
#5624=DIRECTION('',(1.,0.,0.));
#5625=DIRECTION('',(0.,0.,-1.));
#5626=DIRECTION('',(1.,0.,0.));
#5627=DIRECTION('',(0.,0.,-1.));
#5628=DIRECTION('',(-1.,0.,0.));
#5629=DIRECTION('',(0.,0.,1.));
#5630=DIRECTION('',(-1.,0.,0.));
#5631=DIRECTION('',(0.,-0.433883739104251,0.900968867908827));
#5632=DIRECTION('',(-1.,0.,0.));
#5633=DIRECTION('',(0.,0.,1.));
#5634=DIRECTION('',(0.,0.766044443122983,0.642787609681767));
#5635=DIRECTION('',(0.,0.,1.));
#5636=DIRECTION('',(0.,-0.766044443122983,0.642787609681767));
#5637=DIRECTION('',(0.,1.,0.));
#5638=DIRECTION('',(0.,0.,1.));
#5639=DIRECTION('',(-1.,0.,0.));
#5640=DIRECTION('',(0.,0.,-1.));
#5641=DIRECTION('',(-1.,0.,0.));
#5642=DIRECTION('',(0.,0.642787609681767,-0.766044443122982));
#5643=DIRECTION('',(0.,0.766044443122982,0.642787609681767));
#5644=DIRECTION('',(-1.,0.,0.));
#5645=DIRECTION('',(0.,-0.766044443122983,-0.642787609681767));
#5646=DIRECTION('',(0.,0.642787609681767,0.766044443122982));
#5647=DIRECTION('',(0.,-0.766044443122982,0.642787609681767));
#5648=DIRECTION('',(1.,0.,0.));
#5649=DIRECTION('',(0.,0.766044443122983,-0.642787609681767));
#5650=DIRECTION('',(-1.,0.,0.));
#5651=DIRECTION('',(0.,-0.433883739104251,0.900968867908827));
#5652=DIRECTION('',(-1.,0.,0.));
#5653=DIRECTION('',(0.,0.,1.));
#5654=DIRECTION('',(0.,0.969077286235015,0.246757397666979));
#5655=DIRECTION('',(0.,0.433883739104251,0.900968867908827));
#5656=DIRECTION('',(0.,-0.411287103179467,0.911505852289629));
#5657=DIRECTION('',(0.,0.900968867908827,-0.433883739104251));
#5658=DIRECTION('',(0.,0.433883739104251,0.900968867908827));
#5659=DIRECTION('',(-1.,0.,0.));
#5660=DIRECTION('',(0.,-0.433883739104251,-0.900968867908827));
#5661=DIRECTION('',(-1.,0.,0.));
#5662=DIRECTION('',(0.,0.246757397666979,-0.969077286235015));
#5663=DIRECTION('',(0.,0.969077286235015,0.246757397666979));
#5664=DIRECTION('',(-1.,0.,0.));
#5665=DIRECTION('',(0.,-0.969077286235015,-0.246757397666979));
#5666=DIRECTION('',(0.,0.911505852289629,0.411287103179467));
#5667=DIRECTION('',(0.,-0.411287103179467,0.911505852289629));
#5668=DIRECTION('',(1.,0.,0.));
#5669=DIRECTION('',(0.,0.411287103179467,-0.911505852289629));
#5670=DIRECTION('',(-1.,0.,0.));
#5671=DIRECTION('',(0.,-0.433883739104251,0.900968867908827));
#5672=DIRECTION('',(-1.,0.,0.));
#5673=DIRECTION('',(0.,0.,1.));
#5674=DIRECTION('',(0.,0.980172487843293,-0.198146143225371));
#5675=DIRECTION('',(0.,0.781831482460342,0.623489801868374));
#5676=DIRECTION('',(0.,0.0249306916869297,0.999689182002092));
#5677=DIRECTION('',(0.,0.623489801868374,-0.781831482460342));
#5678=DIRECTION('',(0.,0.781831482460342,0.623489801868374));
#5679=DIRECTION('',(-1.,0.,0.));
#5680=DIRECTION('',(0.,-0.781831482460342,-0.623489801868374));
#5681=DIRECTION('',(-1.,0.,0.));
#5682=DIRECTION('',(0.,-0.198146143225371,-0.980172487843293));
#5683=DIRECTION('',(0.,0.980172487843293,-0.198146143225371));
#5684=DIRECTION('',(-1.,0.,0.));
#5685=DIRECTION('',(0.,-0.980172487843293,0.198146143225371));
#5686=DIRECTION('',(0.,0.999689182002092,-0.0249306916869297));
#5687=DIRECTION('',(0.,0.0249306916869297,0.999689182002092));
#5688=DIRECTION('',(1.,0.,0.));
#5689=DIRECTION('',(0.,-0.0249306916869297,-0.999689182002092));
#5690=DIRECTION('',(-1.,0.,0.));
#5691=DIRECTION('',(0.,-0.433883739104251,0.900968867908827));
#5692=DIRECTION('',(-1.,0.,0.));
#5693=DIRECTION('',(0.,0.,1.));
#5694=DIRECTION('',(0.,0.797132507222752,-0.603804410325703));
#5695=DIRECTION('',(0.,0.974927912173246,0.222520933993894));
#5696=DIRECTION('',(0.,0.45621065728431,0.889871808846768));
#5697=DIRECTION('',(0.,0.222520933993894,-0.974927912173246));
#5698=DIRECTION('',(0.,0.974927912173246,0.222520933993894));
#5699=DIRECTION('',(-1.,0.,0.));
#5700=DIRECTION('',(0.,-0.974927912173246,-0.222520933993894));
#5701=DIRECTION('',(-1.,0.,0.));
#5702=DIRECTION('',(0.,-0.603804410325703,-0.797132507222752));
#5703=DIRECTION('',(0.,0.797132507222752,-0.603804410325703));
#5704=DIRECTION('',(-1.,0.,0.));
#5705=DIRECTION('',(0.,-0.797132507222752,0.603804410325703));
#5706=DIRECTION('',(0.,0.889871808846768,-0.45621065728431));
#5707=DIRECTION('',(0.,0.45621065728431,0.889871808846768));
#5708=DIRECTION('',(1.,0.,0.));
#5709=DIRECTION('',(0.,-0.45621065728431,-0.889871808846768));
#5710=DIRECTION('',(-1.,0.,0.));
#5711=DIRECTION('',(0.,-0.433883739104251,0.900968867908827));
#5712=DIRECTION('',(-1.,0.,0.));
#5713=DIRECTION('',(0.,0.,1.));
#5714=DIRECTION('',(0.,0.45621065728431,-0.889871808846768));
#5715=DIRECTION('',(0.,0.974927912173246,-0.222520933993894));
#5716=DIRECTION('',(0.,0.797132507222752,0.603804410325703));
#5717=DIRECTION('',(0.,-0.222520933993894,-0.974927912173246));
#5718=DIRECTION('',(0.,0.974927912173246,-0.222520933993894));
#5719=DIRECTION('',(-1.,0.,0.));
#5720=DIRECTION('',(0.,-0.974927912173246,0.222520933993894));
#5721=DIRECTION('',(-1.,0.,0.));
#5722=DIRECTION('',(0.,-0.889871808846768,-0.45621065728431));
#5723=DIRECTION('',(0.,0.45621065728431,-0.889871808846768));
#5724=DIRECTION('',(-1.,0.,0.));
#5725=DIRECTION('',(0.,-0.45621065728431,0.889871808846768));
#5726=DIRECTION('',(0.,0.603804410325703,-0.797132507222752));
#5727=DIRECTION('',(0.,0.797132507222752,0.603804410325703));
#5728=DIRECTION('',(1.,0.,0.));
#5729=DIRECTION('',(0.,-0.797132507222752,-0.603804410325703));
#5730=DIRECTION('',(-1.,0.,0.));
#5731=DIRECTION('',(0.,-0.433883739104251,0.900968867908827));
#5732=DIRECTION('',(-1.,0.,0.));
#5733=DIRECTION('',(0.,0.,1.));
#5734=DIRECTION('',(0.,0.0249306916869297,-0.999689182002092));
#5735=DIRECTION('',(0.,0.781831482460342,-0.623489801868374));
#5736=DIRECTION('',(0.,0.980172487843293,0.198146143225371));
#5737=DIRECTION('',(0.,-0.623489801868374,-0.781831482460342));
#5738=DIRECTION('',(0.,0.781831482460342,-0.623489801868374));
#5739=DIRECTION('',(-1.,0.,0.));
#5740=DIRECTION('',(0.,-0.781831482460342,0.623489801868374));
#5741=DIRECTION('',(-1.,0.,0.));
#5742=DIRECTION('',(0.,-0.999689182002092,-0.0249306916869297));
#5743=DIRECTION('',(0.,0.0249306916869297,-0.999689182002092));
#5744=DIRECTION('',(-1.,0.,0.));
#5745=DIRECTION('',(0.,-0.0249306916869297,0.999689182002092));
#5746=DIRECTION('',(0.,0.198146143225371,-0.980172487843293));
#5747=DIRECTION('',(0.,0.980172487843293,0.198146143225371));
#5748=DIRECTION('',(1.,0.,0.));
#5749=DIRECTION('',(0.,-0.980172487843293,-0.198146143225371));
#5750=DIRECTION('',(-1.,0.,0.));
#5751=DIRECTION('',(0.,-0.433883739104251,0.900968867908827));
#5752=DIRECTION('',(-1.,0.,0.));
#5753=DIRECTION('',(0.,0.,1.));
#5754=DIRECTION('',(0.,-0.411287103179467,-0.911505852289629));
#5755=DIRECTION('',(0.,0.433883739104251,-0.900968867908827));
#5756=DIRECTION('',(0.,0.969077286235015,-0.246757397666979));
#5757=DIRECTION('',(0.,-0.900968867908827,-0.433883739104251));
#5758=DIRECTION('',(0.,0.433883739104251,-0.900968867908827));
#5759=DIRECTION('',(-1.,0.,0.));
#5760=DIRECTION('',(0.,-0.433883739104251,0.900968867908827));
#5761=DIRECTION('',(-1.,0.,0.));
#5762=DIRECTION('',(0.,-0.911505852289629,0.411287103179467));
#5763=DIRECTION('',(0.,-0.411287103179467,-0.911505852289629));
#5764=DIRECTION('',(-1.,0.,0.));
#5765=DIRECTION('',(0.,0.411287103179467,0.911505852289629));
#5766=DIRECTION('',(0.,-0.246757397666979,-0.969077286235015));
#5767=DIRECTION('',(0.,0.969077286235015,-0.246757397666979));
#5768=DIRECTION('',(1.,0.,0.));
#5769=DIRECTION('',(0.,-0.969077286235015,0.246757397666979));
#5770=DIRECTION('',(-1.,0.,0.));
#5771=DIRECTION('',(0.,-0.433883739104251,0.900968867908827));
#5772=DIRECTION('',(-1.,0.,0.));
#5773=DIRECTION('',(0.,0.,1.));
#5774=DIRECTION('',(0.,-0.766044443122983,-0.642787609681767));
#5775=DIRECTION('',(0.,0.,-1.));
#5776=DIRECTION('',(0.,0.766044443122983,-0.642787609681767));
#5777=DIRECTION('',(0.,-1.,0.));
#5778=DIRECTION('',(0.,0.,-1.));
#5779=DIRECTION('',(-1.,0.,0.));
#5780=DIRECTION('',(0.,0.,1.));
#5781=DIRECTION('',(-1.,0.,0.));
#5782=DIRECTION('',(0.,-0.642787609681767,0.766044443122982));
#5783=DIRECTION('',(0.,-0.766044443122982,-0.642787609681767));
#5784=DIRECTION('',(-1.,0.,0.));
#5785=DIRECTION('',(0.,0.766044443122983,0.642787609681767));
#5786=DIRECTION('',(0.,-0.642787609681767,-0.766044443122982));
#5787=DIRECTION('',(0.,0.766044443122982,-0.642787609681767));
#5788=DIRECTION('',(1.,0.,0.));
#5789=DIRECTION('',(0.,-0.766044443122983,0.642787609681767));
#5790=DIRECTION('',(-1.,0.,0.));
#5791=DIRECTION('',(0.,-0.433883739104251,0.900968867908827));
#5792=DIRECTION('',(-1.,0.,0.));
#5793=DIRECTION('',(0.,0.,1.));
#5794=DIRECTION('',(0.,-0.969077286235015,-0.246757397666979));
#5795=DIRECTION('',(0.,-0.433883739104251,-0.900968867908827));
#5796=DIRECTION('',(0.,0.411287103179467,-0.911505852289629));
#5797=DIRECTION('',(0.,-0.900968867908827,0.433883739104251));
#5798=DIRECTION('',(0.,-0.433883739104251,-0.900968867908827));
#5799=DIRECTION('',(-1.,0.,0.));
#5800=DIRECTION('',(0.,0.433883739104251,0.900968867908827));
#5801=DIRECTION('',(-1.,0.,0.));
#5802=DIRECTION('',(0.,-0.246757397666979,0.969077286235015));
#5803=DIRECTION('',(0.,-0.969077286235015,-0.246757397666979));
#5804=DIRECTION('',(-1.,0.,0.));
#5805=DIRECTION('',(0.,0.969077286235015,0.246757397666979));
#5806=DIRECTION('',(0.,-0.911505852289629,-0.411287103179467));
#5807=DIRECTION('',(0.,0.411287103179467,-0.911505852289629));
#5808=DIRECTION('',(1.,0.,0.));
#5809=DIRECTION('',(0.,-0.411287103179467,0.911505852289629));
#5810=DIRECTION('',(-1.,0.,0.));
#5811=DIRECTION('',(0.,-0.433883739104251,0.900968867908827));
#5812=DIRECTION('',(-1.,0.,0.));
#5813=DIRECTION('',(0.,0.,1.));
#5814=DIRECTION('',(0.,-0.980172487843293,0.198146143225371));
#5815=DIRECTION('',(0.,-0.781831482460342,-0.623489801868374));
#5816=DIRECTION('',(0.,-0.0249306916869297,-0.999689182002092));
#5817=DIRECTION('',(0.,-0.623489801868374,0.781831482460342));
#5818=DIRECTION('',(0.,-0.781831482460342,-0.623489801868374));
#5819=DIRECTION('',(-1.,0.,0.));
#5820=DIRECTION('',(0.,0.781831482460342,0.623489801868374));
#5821=DIRECTION('',(-1.,0.,0.));
#5822=DIRECTION('',(0.,0.198146143225371,0.980172487843293));
#5823=DIRECTION('',(0.,-0.980172487843293,0.198146143225371));
#5824=DIRECTION('',(-1.,0.,0.));
#5825=DIRECTION('',(0.,0.980172487843293,-0.198146143225371));
#5826=DIRECTION('',(0.,-0.999689182002092,0.0249306916869297));
#5827=DIRECTION('',(0.,-0.0249306916869297,-0.999689182002092));
#5828=DIRECTION('',(1.,0.,0.));
#5829=DIRECTION('',(0.,0.0249306916869297,0.999689182002092));
#5830=DIRECTION('',(-1.,0.,0.));
#5831=DIRECTION('',(0.,-0.433883739104251,0.900968867908827));
#5832=DIRECTION('',(-1.,0.,0.));
#5833=DIRECTION('',(0.,0.,1.));
#5834=DIRECTION('',(0.,-0.797132507222752,0.603804410325703));
#5835=DIRECTION('',(0.,-0.974927912173246,-0.222520933993894));
#5836=DIRECTION('',(0.,-0.45621065728431,-0.889871808846768));
#5837=DIRECTION('',(0.,-0.222520933993894,0.974927912173246));
#5838=DIRECTION('',(0.,-0.974927912173246,-0.222520933993894));
#5839=DIRECTION('',(-1.,0.,0.));
#5840=DIRECTION('',(0.,0.974927912173246,0.222520933993894));
#5841=DIRECTION('',(-1.,0.,0.));
#5842=DIRECTION('',(0.,0.603804410325703,0.797132507222752));
#5843=DIRECTION('',(0.,-0.797132507222752,0.603804410325703));
#5844=DIRECTION('',(-1.,0.,0.));
#5845=DIRECTION('',(0.,0.797132507222752,-0.603804410325703));
#5846=DIRECTION('',(0.,-0.889871808846768,0.45621065728431));
#5847=DIRECTION('',(0.,-0.45621065728431,-0.889871808846768));
#5848=DIRECTION('',(1.,0.,0.));
#5849=DIRECTION('',(0.,0.45621065728431,0.889871808846768));
#5850=DIRECTION('',(-1.,0.,0.));
#5851=DIRECTION('',(0.,-0.433883739104251,0.900968867908827));
#5852=DIRECTION('',(-1.,0.,0.));
#5853=DIRECTION('',(0.,0.,1.));
#5854=DIRECTION('',(0.,-0.45621065728431,0.889871808846768));
#5855=DIRECTION('',(0.,-0.974927912173246,0.222520933993894));
#5856=DIRECTION('',(0.,-0.797132507222752,-0.603804410325703));
#5857=DIRECTION('',(0.,0.222520933993894,0.974927912173246));
#5858=DIRECTION('',(0.,-0.974927912173246,0.222520933993894));
#5859=DIRECTION('',(-1.,0.,0.));
#5860=DIRECTION('',(0.,0.974927912173246,-0.222520933993894));
#5861=DIRECTION('',(-1.,0.,0.));
#5862=DIRECTION('',(0.,0.889871808846768,0.45621065728431));
#5863=DIRECTION('',(0.,-0.45621065728431,0.889871808846768));
#5864=DIRECTION('',(-1.,0.,0.));
#5865=DIRECTION('',(0.,0.45621065728431,-0.889871808846768));
#5866=DIRECTION('',(0.,-0.603804410325703,0.797132507222752));
#5867=DIRECTION('',(0.,-0.797132507222752,-0.603804410325703));
#5868=DIRECTION('',(1.,0.,0.));
#5869=DIRECTION('',(0.,0.797132507222752,0.603804410325703));
#5870=DIRECTION('',(-1.,0.,0.));
#5871=DIRECTION('',(0.,-0.433883739104251,0.900968867908827));
#5872=DIRECTION('',(-1.,0.,0.));
#5873=DIRECTION('',(0.,0.,1.));
#5874=DIRECTION('',(0.,-0.0249306916869297,0.999689182002092));
#5875=DIRECTION('',(0.,-0.781831482460342,0.623489801868374));
#5876=DIRECTION('',(0.,-0.980172487843293,-0.198146143225371));
#5877=DIRECTION('',(0.,0.623489801868374,0.781831482460342));
#5878=DIRECTION('',(0.,-0.781831482460342,0.623489801868374));
#5879=DIRECTION('',(-1.,0.,0.));
#5880=DIRECTION('',(0.,0.781831482460342,-0.623489801868374));
#5881=DIRECTION('',(-1.,0.,0.));
#5882=DIRECTION('',(0.,0.999689182002092,0.0249306916869297));
#5883=DIRECTION('',(0.,-0.0249306916869297,0.999689182002092));
#5884=DIRECTION('',(-1.,0.,0.));
#5885=DIRECTION('',(0.,0.0249306916869297,-0.999689182002092));
#5886=DIRECTION('',(0.,-0.198146143225371,0.980172487843293));
#5887=DIRECTION('',(0.,-0.980172487843293,-0.198146143225371));
#5888=DIRECTION('',(1.,0.,0.));
#5889=DIRECTION('',(0.,0.980172487843293,0.198146143225371));
#5890=DIRECTION('',(1.,0.,0.));
#5891=DIRECTION('',(0.,0.,-1.));
#5892=DIRECTION('',(0.,0.969077286235015,-0.246757397666979));
#5893=DIRECTION('',(0.,0.433883739104251,-0.900968867908827));
#5894=DIRECTION('',(0.,-0.411287103179467,-0.911505852289629));
#5895=DIRECTION('',(1.,0.,0.));
#5896=DIRECTION('',(0.,0.,-1.));
#5897=DIRECTION('',(1.,0.,0.));
#5898=DIRECTION('',(0.,0.,-1.));
#5899=DIRECTION('',(1.,0.,0.));
#5900=DIRECTION('',(0.,0.,-1.));
#5901=DIRECTION('',(1.,0.,0.));
#5902=DIRECTION('',(0.,0.,-1.));
#5903=DIRECTION('',(1.,0.,0.));
#5904=DIRECTION('',(0.,0.,-1.));
#5905=DIRECTION('',(1.,0.,0.));
#5906=DIRECTION('',(0.,0.,-1.));
#5907=DIRECTION('',(1.,0.,0.));
#5908=DIRECTION('',(0.,0.,-1.));
#5909=DIRECTION('',(1.,0.,0.));
#5910=DIRECTION('',(0.,0.,-1.));
#5911=DIRECTION('',(1.,0.,0.));
#5912=DIRECTION('',(0.,0.,-1.));
#5913=DIRECTION('',(1.,0.,0.));
#5914=DIRECTION('',(0.,0.,-1.));
#5915=DIRECTION('',(1.,0.,0.));
#5916=DIRECTION('',(0.,0.,-1.));
#5917=DIRECTION('',(1.,0.,0.));
#5918=DIRECTION('',(0.,0.,-1.));
#5919=DIRECTION('',(1.,0.,0.));
#5920=DIRECTION('',(0.,0.,-1.));
#5921=DIRECTION('',(1.,0.,0.));
#5922=DIRECTION('',(0.,0.,-1.));
#5923=DIRECTION('',(1.,0.,0.));
#5924=DIRECTION('',(0.,0.,-1.));
#5925=DIRECTION('',(-1.,0.,0.));
#5926=DIRECTION('',(0.,-0.433883739104251,0.900968867908827));
#5927=DIRECTION('',(-1.,0.,0.));
#5928=DIRECTION('',(0.,0.,1.));
#5929=DIRECTION('',(0.,0.411287103179467,0.911505852289629));
#5930=DIRECTION('',(0.,-0.433883739104251,0.900968867908827));
#5931=DIRECTION('',(0.,-0.969077286235015,0.246757397666979));
#5932=DIRECTION('',(0.,0.900968867908827,0.433883739104251));
#5933=DIRECTION('',(0.,-0.433883739104251,0.900968867908827));
#5934=DIRECTION('',(-1.,0.,0.));
#5935=DIRECTION('',(-1.,0.,0.));
#5936=DIRECTION('',(0.,0.911505852289629,-0.411287103179467));
#5937=DIRECTION('',(0.,0.411287103179467,0.911505852289629));
#5938=DIRECTION('',(-1.,0.,0.));
#5939=DIRECTION('',(0.,0.246757397666979,0.969077286235015));
#5940=DIRECTION('',(0.,-0.969077286235015,0.246757397666979));
#5941=DIRECTION('',(1.,0.,0.));
#5942=DIRECTION('',(-1.,0.,0.));
#5943=DIRECTION('',(0.,0.,1.));
#5944=DIRECTION('',(-1.,0.,0.));
#5945=DIRECTION('',(0.,0.,1.));
#5946=DIRECTION('',(1.,0.,0.));
#5947=DIRECTION('',(0.,0.,-1.));
#5948=DIRECTION('',(1.,0.,0.));
#5949=DIRECTION('',(0.,0.,-1.));
#5950=DIRECTION('',(-1.,0.,0.));
#5951=DIRECTION('',(0.,0.,-1.));
#5952=DIRECTION('',(-1.,0.,0.));
#5953=DIRECTION('',(0.,0.,1.));
#5954=DIRECTION('',(0.,1.,0.));
#5955=DIRECTION('',(0.,0.,-1.));
#5956=DIRECTION('',(1.,0.,0.));
#5957=DIRECTION('',(0.,0.,-1.));
#5958=DIRECTION('',(1.,0.,0.));
#5959=DIRECTION('',(0.,0.642787609681767,-0.766044443122982));
#5960=DIRECTION('',(0.,-0.766044443122982,-0.642787609681767));
#5961=DIRECTION('',(-1.,0.,0.));
#5962=DIRECTION('',(0.,-0.766044443122983,-0.642787609681767));
#5963=DIRECTION('',(0.,0.642787609681767,0.766044443122982));
#5964=DIRECTION('',(0.,0.766044443122982,-0.642787609681767));
#5965=DIRECTION('',(1.,0.,0.));
#5966=DIRECTION('',(0.,0.766044443122983,-0.642787609681767));
#5967=DIRECTION('',(1.,0.,0.));
#5968=DIRECTION('',(0.,-0.499999999993262,-0.866025403788329));
#5969=DIRECTION('',(-1.,0.,0.));
#5970=DIRECTION('',(0.,0.,-1.));
#5971=DIRECTION('',(0.,0.866025403788329,0.499999999993262));
#5972=DIRECTION('',(0.,0.499999999993262,-0.866025403788329));
#5973=DIRECTION('',(1.,0.,0.));
#5974=DIRECTION('',(0.,0.499999999993262,-0.866025403788329));
#5975=DIRECTION('',(1.,0.,0.));
#5976=DIRECTION('',(0.,0.173648177668458,0.984807753011939));
#5977=DIRECTION('',(0.,0.984807753011939,-0.173648177668458));
#5978=DIRECTION('',(1.,0.,0.));
#5979=DIRECTION('',(0.,0.984807753011939,-0.173648177668458));
#5980=DIRECTION('',(1.,0.,0.));
#5981=DIRECTION('',(0.,-0.499999999993262,-0.866025403788329));
#5982=DIRECTION('',(-1.,0.,0.));
#5983=DIRECTION('',(0.,0.,-1.));
#5984=DIRECTION('',(0.,-0.342020143338834,-0.939692620781117));
#5985=DIRECTION('',(0.,0.939692620781117,-0.342020143338834));
#5986=DIRECTION('',(0.,-0.342020143338834,-0.939692620781117));
#5987=DIRECTION('',(-1.,0.,0.));
#5988=DIRECTION('',(0.,0.499999999993262,0.866025403788329));
#5989=DIRECTION('',(0.,0.866025403788329,-0.499999999993262));
#5990=DIRECTION('',(1.,0.,0.));
#5991=DIRECTION('',(0.,0.866025403788329,-0.499999999993262));
#5992=DIRECTION('',(1.,0.,0.));
#5993=DIRECTION('',(0.,-0.342020143338834,0.939692620781117));
#5994=DIRECTION('',(0.,0.939692620781117,0.342020143338834));
#5995=DIRECTION('',(1.,0.,0.));
#5996=DIRECTION('',(0.,0.939692620781117,0.342020143338834));
#5997=DIRECTION('',(1.,0.,0.));
#5998=DIRECTION('',(0.,-0.499999999993262,-0.866025403788329));
#5999=DIRECTION('',(-1.,0.,0.));
#6000=DIRECTION('',(0.,0.,-1.));
#6001=DIRECTION('',(0.,0.173648177668458,-0.984807753011939));
#6002=DIRECTION('',(0.,0.984807753011939,0.173648177668458));
#6003=DIRECTION('',(0.,0.173648177668458,-0.984807753011939));
#6004=DIRECTION('',(-1.,0.,0.));
#6005=DIRECTION('',(0.,0.,1.));
#6006=DIRECTION('',(0.,1.,0.));
#6007=DIRECTION('',(1.,0.,0.));
#6008=DIRECTION('',(0.,1.,0.));
#6009=DIRECTION('',(1.,0.,0.));
#6010=DIRECTION('',(0.,-0.766044443122982,0.642787609681767));
#6011=DIRECTION('',(0.,0.642787609681767,0.766044443122982));
#6012=DIRECTION('',(1.,0.,0.));
#6013=DIRECTION('',(0.,0.642787609681767,0.766044443122983));
#6014=DIRECTION('',(1.,0.,0.));
#6015=DIRECTION('',(0.,-0.499999999993262,-0.866025403788329));
#6016=DIRECTION('',(-1.,0.,0.));
#6017=DIRECTION('',(0.,0.,-1.));
#6018=DIRECTION('',(0.,0.642787609681767,-0.766044443122983));
#6019=DIRECTION('',(0.,0.766044443122982,0.642787609681767));
#6020=DIRECTION('',(0.,0.642787609681767,-0.766044443122982));
#6021=DIRECTION('',(-1.,0.,0.));
#6022=DIRECTION('',(0.,-0.499999999993262,0.866025403788329));
#6023=DIRECTION('',(0.,0.866025403788329,0.499999999993262));
#6024=DIRECTION('',(1.,0.,0.));
#6025=DIRECTION('',(0.,0.866025403788329,0.499999999993262));
#6026=DIRECTION('',(1.,0.,0.));
#6027=DIRECTION('',(0.,-0.984807753011939,0.173648177668458));
#6028=DIRECTION('',(0.,0.173648177668458,0.984807753011939));
#6029=DIRECTION('',(1.,0.,0.));
#6030=DIRECTION('',(0.,0.173648177668458,0.984807753011939));
#6031=DIRECTION('',(1.,0.,0.));
#6032=DIRECTION('',(0.,-0.499999999993262,-0.866025403788329));
#6033=DIRECTION('',(-1.,0.,0.));
#6034=DIRECTION('',(0.,0.,-1.));
#6035=DIRECTION('',(0.,0.939692620781117,-0.342020143338834));
#6036=DIRECTION('',(0.,0.342020143338834,0.939692620781117));
#6037=DIRECTION('',(0.,0.939692620781117,-0.342020143338834));
#6038=DIRECTION('',(-1.,0.,0.));
#6039=DIRECTION('',(0.,-0.866025403788329,0.499999999993262));
#6040=DIRECTION('',(0.,0.499999999993262,0.866025403788329));
#6041=DIRECTION('',(1.,0.,0.));
#6042=DIRECTION('',(0.,0.499999999993262,0.866025403788329));
#6043=DIRECTION('',(1.,0.,0.));
#6044=DIRECTION('',(0.,-0.939692620781117,-0.342020143338834));
#6045=DIRECTION('',(0.,-0.342020143338834,0.939692620781117));
#6046=DIRECTION('',(1.,0.,0.));
#6047=DIRECTION('',(0.,-0.342020143338834,0.939692620781117));
#6048=DIRECTION('',(1.,0.,0.));
#6049=DIRECTION('',(0.,-0.499999999993262,-0.866025403788329));
#6050=DIRECTION('',(-1.,0.,0.));
#6051=DIRECTION('',(0.,0.,-1.));
#6052=DIRECTION('',(0.,0.984807753011939,0.173648177668458));
#6053=DIRECTION('',(0.,-0.173648177668458,0.984807753011939));
#6054=DIRECTION('',(0.,0.984807753011939,0.173648177668458));
#6055=DIRECTION('',(-1.,0.,0.));
#6056=DIRECTION('',(0.,-1.,0.));
#6057=DIRECTION('',(0.,0.,1.));
#6058=DIRECTION('',(1.,0.,0.));
#6059=DIRECTION('',(0.,0.,1.));
#6060=DIRECTION('',(1.,0.,0.));
#6061=DIRECTION('',(0.,-0.642787609681767,-0.766044443122982));
#6062=DIRECTION('',(0.,-0.766044443122982,0.642787609681767));
#6063=DIRECTION('',(1.,0.,0.));
#6064=DIRECTION('',(0.,-0.766044443122983,0.642787609681767));
#6065=DIRECTION('',(1.,0.,0.));
#6066=DIRECTION('',(0.,-0.499999999993262,-0.866025403788329));
#6067=DIRECTION('',(-1.,0.,0.));
#6068=DIRECTION('',(0.,0.,-1.));
#6069=DIRECTION('',(0.,0.766044443122983,0.642787609681767));
#6070=DIRECTION('',(0.,-0.642787609681767,0.766044443122982));
#6071=DIRECTION('',(0.,0.766044443122982,0.642787609681767));
#6072=DIRECTION('',(-1.,0.,0.));
#6073=DIRECTION('',(0.,-0.866025403788329,-0.499999999993262));
#6074=DIRECTION('',(0.,-0.499999999993262,0.866025403788329));
#6075=DIRECTION('',(1.,0.,0.));
#6076=DIRECTION('',(0.,-0.499999999993262,0.866025403788329));
#6077=DIRECTION('',(1.,0.,0.));
#6078=DIRECTION('',(0.,-0.173648177668458,-0.984807753011939));
#6079=DIRECTION('',(0.,-0.984807753011939,0.173648177668458));
#6080=DIRECTION('',(1.,0.,0.));
#6081=DIRECTION('',(0.,-0.984807753011939,0.173648177668458));
#6082=DIRECTION('',(1.,0.,0.));
#6083=DIRECTION('',(0.,-0.499999999993262,-0.866025403788329));
#6084=DIRECTION('',(-1.,0.,0.));
#6085=DIRECTION('',(0.,0.,-1.));
#6086=DIRECTION('',(0.,0.342020143338834,0.939692620781117));
#6087=DIRECTION('',(0.,-0.939692620781117,0.342020143338834));
#6088=DIRECTION('',(0.,0.342020143338834,0.939692620781117));
#6089=DIRECTION('',(-1.,0.,0.));
#6090=DIRECTION('',(0.,-0.499999999993262,-0.866025403788329));
#6091=DIRECTION('',(0.,-0.866025403788329,0.499999999993262));
#6092=DIRECTION('',(1.,0.,0.));
#6093=DIRECTION('',(0.,-0.866025403788329,0.499999999993262));
#6094=DIRECTION('',(1.,0.,0.));
#6095=DIRECTION('',(0.,0.342020143338834,-0.939692620781117));
#6096=DIRECTION('',(0.,-0.939692620781117,-0.342020143338834));
#6097=DIRECTION('',(1.,0.,0.));
#6098=DIRECTION('',(0.,-0.939692620781117,-0.342020143338834));
#6099=DIRECTION('',(1.,0.,0.));
#6100=DIRECTION('',(0.,-0.499999999993262,-0.866025403788329));
#6101=DIRECTION('',(-1.,0.,0.));
#6102=DIRECTION('',(0.,0.,-1.));
#6103=DIRECTION('',(0.,-0.173648177668458,0.984807753011939));
#6104=DIRECTION('',(0.,-0.984807753011939,-0.173648177668458));
#6105=DIRECTION('',(0.,-0.173648177668458,0.984807753011939));
#6106=DIRECTION('',(-1.,0.,0.));
#6107=DIRECTION('',(0.,0.,-1.));
#6108=DIRECTION('',(0.,-1.,0.));
#6109=DIRECTION('',(1.,0.,0.));
#6110=DIRECTION('',(0.,-1.,0.));
#6111=DIRECTION('',(1.,0.,0.));
#6112=DIRECTION('',(0.,0.766044443122982,-0.642787609681767));
#6113=DIRECTION('',(0.,-0.642787609681767,-0.766044443122982));
#6114=DIRECTION('',(1.,0.,0.));
#6115=DIRECTION('',(0.,-0.642787609681767,-0.766044443122983));
#6116=DIRECTION('',(1.,0.,0.));
#6117=DIRECTION('',(0.,-0.499999999993262,-0.866025403788329));
#6118=DIRECTION('',(-1.,0.,0.));
#6119=DIRECTION('',(0.,0.,-1.));
#6120=DIRECTION('',(0.,-0.642787609681767,0.766044443122983));
#6121=DIRECTION('',(0.,-0.766044443122982,-0.642787609681767));
#6122=DIRECTION('',(0.,-0.642787609681767,0.766044443122982));
#6123=DIRECTION('',(-1.,0.,0.));
#6124=DIRECTION('',(0.,0.499999999993262,-0.866025403788329));
#6125=DIRECTION('',(0.,-0.866025403788329,-0.499999999993262));
#6126=DIRECTION('',(1.,0.,0.));
#6127=DIRECTION('',(0.,-0.866025403788329,-0.499999999993262));
#6128=DIRECTION('',(1.,0.,0.));
#6129=DIRECTION('',(0.,0.984807753011939,-0.173648177668458));
#6130=DIRECTION('',(0.,-0.173648177668458,-0.984807753011939));
#6131=DIRECTION('',(1.,0.,0.));
#6132=DIRECTION('',(0.,-0.173648177668458,-0.984807753011939));
#6133=DIRECTION('',(1.,0.,0.));
#6134=DIRECTION('',(0.,-0.499999999993262,-0.866025403788329));
#6135=DIRECTION('',(-1.,0.,0.));
#6136=DIRECTION('',(0.,0.,-1.));
#6137=DIRECTION('',(0.,-0.939692620781117,0.342020143338834));
#6138=DIRECTION('',(0.,-0.342020143338834,-0.939692620781117));
#6139=DIRECTION('',(0.,-0.939692620781117,0.342020143338834));
#6140=DIRECTION('',(-1.,0.,0.));
#6141=DIRECTION('',(0.,0.866025403788329,-0.499999999993262));
#6142=DIRECTION('',(0.,-0.499999999993262,-0.866025403788329));
#6143=DIRECTION('',(1.,0.,0.));
#6144=DIRECTION('',(0.,-0.499999999993262,-0.866025403788329));
#6145=DIRECTION('',(1.,0.,0.));
#6146=DIRECTION('',(0.,0.939692620781117,0.342020143338834));
#6147=DIRECTION('',(0.,0.342020143338834,-0.939692620781117));
#6148=DIRECTION('',(1.,0.,0.));
#6149=DIRECTION('',(0.,0.342020143338834,-0.939692620781117));
#6150=DIRECTION('',(1.,0.,0.));
#6151=DIRECTION('',(0.,-0.499999999993262,-0.866025403788329));
#6152=DIRECTION('',(-1.,0.,0.));
#6153=DIRECTION('',(0.,0.,-1.));
#6154=DIRECTION('',(0.,-0.984807753011939,-0.173648177668458));
#6155=DIRECTION('',(0.,0.173648177668458,-0.984807753011939));
#6156=DIRECTION('',(0.,-0.984807753011939,-0.173648177668458));
#6157=DIRECTION('',(-1.,0.,0.));
#6158=DIRECTION('',(-1.,0.,0.));
#6159=DIRECTION('',(0.,0.,-1.));
#6160=DIRECTION('',(-1.,0.,0.));
#6161=DIRECTION('',(0.,0.,1.));
#6162=DIRECTION('',(1.,0.,0.));
#6163=DIRECTION('',(0.,0.,1.));
#6164=DIRECTION('',(1.,0.,0.));
#6165=DIRECTION('',(0.,0.433883739104251,0.900968867908827));
#6166=DIRECTION('',(1.,0.,0.));
#6167=DIRECTION('',(0.,0.,-1.));
#6168=DIRECTION('',(0.,-0.766044443122983,0.642787609681767));
#6169=DIRECTION('',(0.,0.,1.));
#6170=DIRECTION('',(0.,0.766044443122983,0.642787609681767));
#6171=DIRECTION('',(0.,-1.,0.));
#6172=DIRECTION('',(0.,0.,-1.));
#6173=DIRECTION('',(1.,0.,0.));
#6174=DIRECTION('',(0.,0.,-1.));
#6175=DIRECTION('',(1.,0.,0.));
#6176=DIRECTION('',(0.,-0.642787609681767,-0.766044443122982));
#6177=DIRECTION('',(0.,0.766044443122982,-0.642787609681767));
#6178=DIRECTION('',(1.,0.,0.));
#6179=DIRECTION('',(0.,0.766044443122983,-0.642787609681767));
#6180=DIRECTION('',(0.,-0.642787609681767,0.766044443122982));
#6181=DIRECTION('',(0.,-0.766044443122982,-0.642787609681767));
#6182=DIRECTION('',(-1.,0.,0.));
#6183=DIRECTION('',(0.,-0.766044443122983,-0.642787609681767));
#6184=DIRECTION('',(1.,0.,0.));
#6185=DIRECTION('',(0.,0.433883739104251,0.900968867908827));
#6186=DIRECTION('',(1.,0.,0.));
#6187=DIRECTION('',(0.,0.,-1.));
#6188=DIRECTION('',(0.,-0.969077286235015,0.246757397666979));
#6189=DIRECTION('',(0.,-0.433883739104251,0.900968867908827));
#6190=DIRECTION('',(0.,0.411287103179467,0.911505852289629));
#6191=DIRECTION('',(0.,-0.900968867908827,-0.433883739104251));
#6192=DIRECTION('',(0.,0.433883739104251,-0.900968867908827));
#6193=DIRECTION('',(1.,0.,0.));
#6194=DIRECTION('',(0.,0.433883739104251,-0.900968867908827));
#6195=DIRECTION('',(1.,0.,0.));
#6196=DIRECTION('',(0.,-0.246757397666979,-0.969077286235015));
#6197=DIRECTION('',(0.,0.969077286235015,-0.246757397666979));
#6198=DIRECTION('',(1.,0.,0.));
#6199=DIRECTION('',(0.,0.969077286235015,-0.246757397666979));
#6200=DIRECTION('',(0.,-0.911505852289629,0.411287103179467));
#6201=DIRECTION('',(0.,-0.411287103179467,-0.911505852289629));
#6202=DIRECTION('',(-1.,0.,0.));
#6203=DIRECTION('',(0.,-0.411287103179467,-0.911505852289629));
#6204=DIRECTION('',(1.,0.,0.));
#6205=DIRECTION('',(0.,0.433883739104251,0.900968867908827));
#6206=DIRECTION('',(1.,0.,0.));
#6207=DIRECTION('',(0.,0.,-1.));
#6208=DIRECTION('',(0.,-0.980172487843293,-0.198146143225371));
#6209=DIRECTION('',(0.,-0.781831482460342,0.623489801868374));
#6210=DIRECTION('',(0.,-0.0249306916869297,0.999689182002092));
#6211=DIRECTION('',(0.,-0.623489801868374,-0.781831482460342));
#6212=DIRECTION('',(0.,0.781831482460342,-0.623489801868374));
#6213=DIRECTION('',(1.,0.,0.));
#6214=DIRECTION('',(0.,0.781831482460342,-0.623489801868374));
#6215=DIRECTION('',(1.,0.,0.));
#6216=DIRECTION('',(0.,0.198146143225371,-0.980172487843293));
#6217=DIRECTION('',(0.,0.980172487843293,0.198146143225371));
#6218=DIRECTION('',(1.,0.,0.));
#6219=DIRECTION('',(0.,0.980172487843293,0.198146143225371));
#6220=DIRECTION('',(0.,-0.999689182002092,-0.0249306916869297));
#6221=DIRECTION('',(0.,0.0249306916869297,-0.999689182002092));
#6222=DIRECTION('',(-1.,0.,0.));
#6223=DIRECTION('',(0.,0.0249306916869297,-0.999689182002092));
#6224=DIRECTION('',(1.,0.,0.));
#6225=DIRECTION('',(0.,0.433883739104251,0.900968867908827));
#6226=DIRECTION('',(1.,0.,0.));
#6227=DIRECTION('',(0.,0.,-1.));
#6228=DIRECTION('',(0.,-0.797132507222752,-0.603804410325703));
#6229=DIRECTION('',(0.,-0.974927912173246,0.222520933993894));
#6230=DIRECTION('',(0.,-0.45621065728431,0.889871808846768));
#6231=DIRECTION('',(0.,-0.222520933993894,-0.974927912173246));
#6232=DIRECTION('',(0.,0.974927912173246,-0.222520933993894));
#6233=DIRECTION('',(1.,0.,0.));
#6234=DIRECTION('',(0.,0.974927912173246,-0.222520933993894));
#6235=DIRECTION('',(1.,0.,0.));
#6236=DIRECTION('',(0.,0.603804410325703,-0.797132507222752));
#6237=DIRECTION('',(0.,0.797132507222752,0.603804410325703));
#6238=DIRECTION('',(1.,0.,0.));
#6239=DIRECTION('',(0.,0.797132507222752,0.603804410325703));
#6240=DIRECTION('',(0.,-0.889871808846768,-0.45621065728431));
#6241=DIRECTION('',(0.,0.45621065728431,-0.889871808846768));
#6242=DIRECTION('',(-1.,0.,0.));
#6243=DIRECTION('',(0.,0.45621065728431,-0.889871808846768));
#6244=DIRECTION('',(1.,0.,0.));
#6245=DIRECTION('',(0.,0.433883739104251,0.900968867908827));
#6246=DIRECTION('',(1.,0.,0.));
#6247=DIRECTION('',(0.,0.,-1.));
#6248=DIRECTION('',(0.,-0.45621065728431,-0.889871808846768));
#6249=DIRECTION('',(0.,-0.974927912173246,-0.222520933993894));
#6250=DIRECTION('',(0.,-0.797132507222752,0.603804410325703));
#6251=DIRECTION('',(0.,0.222520933993894,-0.974927912173246));
#6252=DIRECTION('',(0.,0.974927912173246,0.222520933993894));
#6253=DIRECTION('',(1.,0.,0.));
#6254=DIRECTION('',(0.,0.974927912173246,0.222520933993894));
#6255=DIRECTION('',(1.,0.,0.));
#6256=DIRECTION('',(0.,0.889871808846768,-0.45621065728431));
#6257=DIRECTION('',(0.,0.45621065728431,0.889871808846768));
#6258=DIRECTION('',(1.,0.,0.));
#6259=DIRECTION('',(0.,0.45621065728431,0.889871808846768));
#6260=DIRECTION('',(0.,-0.603804410325703,-0.797132507222752));
#6261=DIRECTION('',(0.,0.797132507222752,-0.603804410325703));
#6262=DIRECTION('',(-1.,0.,0.));
#6263=DIRECTION('',(0.,0.797132507222752,-0.603804410325703));
#6264=DIRECTION('',(1.,0.,0.));
#6265=DIRECTION('',(0.,0.433883739104251,0.900968867908827));
#6266=DIRECTION('',(1.,0.,0.));
#6267=DIRECTION('',(0.,0.,-1.));
#6268=DIRECTION('',(0.,-0.0249306916869297,-0.999689182002092));
#6269=DIRECTION('',(0.,-0.781831482460342,-0.623489801868374));
#6270=DIRECTION('',(0.,-0.980172487843293,0.198146143225371));
#6271=DIRECTION('',(0.,0.623489801868374,-0.781831482460342));
#6272=DIRECTION('',(0.,0.781831482460342,0.623489801868374));
#6273=DIRECTION('',(1.,0.,0.));
#6274=DIRECTION('',(0.,0.781831482460342,0.623489801868374));
#6275=DIRECTION('',(1.,0.,0.));
#6276=DIRECTION('',(0.,0.999689182002092,-0.0249306916869297));
#6277=DIRECTION('',(0.,0.0249306916869297,0.999689182002092));
#6278=DIRECTION('',(1.,0.,0.));
#6279=DIRECTION('',(0.,0.0249306916869297,0.999689182002092));
#6280=DIRECTION('',(0.,-0.198146143225371,-0.980172487843293));
#6281=DIRECTION('',(0.,0.980172487843293,-0.198146143225371));
#6282=DIRECTION('',(-1.,0.,0.));
#6283=DIRECTION('',(0.,0.980172487843293,-0.198146143225371));
#6284=DIRECTION('',(1.,0.,0.));
#6285=DIRECTION('',(0.,0.433883739104251,0.900968867908827));
#6286=DIRECTION('',(1.,0.,0.));
#6287=DIRECTION('',(0.,0.,-1.));
#6288=DIRECTION('',(0.,0.411287103179467,-0.911505852289629));
#6289=DIRECTION('',(0.,-0.433883739104251,-0.900968867908827));
#6290=DIRECTION('',(0.,-0.969077286235015,-0.246757397666979));
#6291=DIRECTION('',(0.,0.900968867908827,-0.433883739104251));
#6292=DIRECTION('',(0.,0.433883739104251,0.900968867908827));
#6293=DIRECTION('',(1.,0.,0.));
#6294=DIRECTION('',(0.,0.433883739104251,0.900968867908827));
#6295=DIRECTION('',(1.,0.,0.));
#6296=DIRECTION('',(0.,0.911505852289629,0.411287103179467));
#6297=DIRECTION('',(0.,-0.411287103179467,0.911505852289629));
#6298=DIRECTION('',(1.,0.,0.));
#6299=DIRECTION('',(0.,-0.411287103179467,0.911505852289629));
#6300=DIRECTION('',(0.,0.246757397666979,-0.969077286235015));
#6301=DIRECTION('',(0.,0.969077286235015,0.246757397666979));
#6302=DIRECTION('',(-1.,0.,0.));
#6303=DIRECTION('',(0.,0.969077286235015,0.246757397666979));
#6304=DIRECTION('',(1.,0.,0.));
#6305=DIRECTION('',(0.,0.433883739104251,0.900968867908827));
#6306=DIRECTION('',(1.,0.,0.));
#6307=DIRECTION('',(0.,0.,-1.));
#6308=DIRECTION('',(0.,0.766044443122983,-0.642787609681767));
#6309=DIRECTION('',(0.,0.,-1.));
#6310=DIRECTION('',(0.,-0.766044443122983,-0.642787609681767));
#6311=DIRECTION('',(0.,1.,0.));
#6312=DIRECTION('',(0.,0.,1.));
#6313=DIRECTION('',(1.,0.,0.));
#6314=DIRECTION('',(0.,0.,1.));
#6315=DIRECTION('',(1.,0.,0.));
#6316=DIRECTION('',(0.,0.642787609681767,0.766044443122982));
#6317=DIRECTION('',(0.,-0.766044443122982,0.642787609681767));
#6318=DIRECTION('',(1.,0.,0.));
#6319=DIRECTION('',(0.,-0.766044443122983,0.642787609681767));
#6320=DIRECTION('',(0.,0.642787609681767,-0.766044443122982));
#6321=DIRECTION('',(0.,0.766044443122982,0.642787609681767));
#6322=DIRECTION('',(-1.,0.,0.));
#6323=DIRECTION('',(0.,0.766044443122983,0.642787609681767));
#6324=DIRECTION('',(1.,0.,0.));
#6325=DIRECTION('',(0.,0.433883739104251,0.900968867908827));
#6326=DIRECTION('',(1.,0.,0.));
#6327=DIRECTION('',(0.,0.,-1.));
#6328=DIRECTION('',(0.,0.969077286235015,-0.246757397666979));
#6329=DIRECTION('',(0.,0.433883739104251,-0.900968867908827));
#6330=DIRECTION('',(0.,-0.411287103179467,-0.911505852289629));
#6331=DIRECTION('',(0.,0.900968867908827,0.433883739104251));
#6332=DIRECTION('',(0.,-0.433883739104251,0.900968867908827));
#6333=DIRECTION('',(1.,0.,0.));
#6334=DIRECTION('',(0.,-0.433883739104251,0.900968867908827));
#6335=DIRECTION('',(1.,0.,0.));
#6336=DIRECTION('',(0.,0.246757397666979,0.969077286235015));
#6337=DIRECTION('',(0.,-0.969077286235015,0.246757397666979));
#6338=DIRECTION('',(1.,0.,0.));
#6339=DIRECTION('',(0.,-0.969077286235015,0.246757397666979));
#6340=DIRECTION('',(0.,0.911505852289629,-0.411287103179467));
#6341=DIRECTION('',(0.,0.411287103179467,0.911505852289629));
#6342=DIRECTION('',(-1.,0.,0.));
#6343=DIRECTION('',(0.,0.411287103179467,0.911505852289629));
#6344=DIRECTION('',(1.,0.,0.));
#6345=DIRECTION('',(0.,0.433883739104251,0.900968867908827));
#6346=DIRECTION('',(1.,0.,0.));
#6347=DIRECTION('',(0.,0.,-1.));
#6348=DIRECTION('',(0.,0.980172487843293,0.198146143225371));
#6349=DIRECTION('',(0.,0.781831482460342,-0.623489801868374));
#6350=DIRECTION('',(0.,0.0249306916869297,-0.999689182002092));
#6351=DIRECTION('',(0.,0.623489801868374,0.781831482460342));
#6352=DIRECTION('',(0.,-0.781831482460342,0.623489801868374));
#6353=DIRECTION('',(1.,0.,0.));
#6354=DIRECTION('',(0.,-0.781831482460342,0.623489801868374));
#6355=DIRECTION('',(1.,0.,0.));
#6356=DIRECTION('',(0.,-0.198146143225371,0.980172487843293));
#6357=DIRECTION('',(0.,-0.980172487843293,-0.198146143225371));
#6358=DIRECTION('',(1.,0.,0.));
#6359=DIRECTION('',(0.,-0.980172487843293,-0.198146143225371));
#6360=DIRECTION('',(0.,0.999689182002092,0.0249306916869297));
#6361=DIRECTION('',(0.,-0.0249306916869297,0.999689182002092));
#6362=DIRECTION('',(-1.,0.,0.));
#6363=DIRECTION('',(0.,-0.0249306916869297,0.999689182002092));
#6364=DIRECTION('',(1.,0.,0.));
#6365=DIRECTION('',(0.,0.433883739104251,0.900968867908827));
#6366=DIRECTION('',(1.,0.,0.));
#6367=DIRECTION('',(0.,0.,-1.));
#6368=DIRECTION('',(0.,0.797132507222752,0.603804410325703));
#6369=DIRECTION('',(0.,0.974927912173246,-0.222520933993894));
#6370=DIRECTION('',(0.,0.45621065728431,-0.889871808846768));
#6371=DIRECTION('',(0.,0.222520933993894,0.974927912173246));
#6372=DIRECTION('',(0.,-0.974927912173246,0.222520933993894));
#6373=DIRECTION('',(1.,0.,0.));
#6374=DIRECTION('',(0.,-0.974927912173246,0.222520933993894));
#6375=DIRECTION('',(1.,0.,0.));
#6376=DIRECTION('',(0.,-0.603804410325703,0.797132507222752));
#6377=DIRECTION('',(0.,-0.797132507222752,-0.603804410325703));
#6378=DIRECTION('',(1.,0.,0.));
#6379=DIRECTION('',(0.,-0.797132507222752,-0.603804410325703));
#6380=DIRECTION('',(0.,0.889871808846768,0.45621065728431));
#6381=DIRECTION('',(0.,-0.45621065728431,0.889871808846768));
#6382=DIRECTION('',(-1.,0.,0.));
#6383=DIRECTION('',(0.,-0.45621065728431,0.889871808846768));
#6384=DIRECTION('',(1.,0.,0.));
#6385=DIRECTION('',(0.,0.433883739104251,0.900968867908827));
#6386=DIRECTION('',(1.,0.,0.));
#6387=DIRECTION('',(0.,0.,-1.));
#6388=DIRECTION('',(0.,0.45621065728431,0.889871808846768));
#6389=DIRECTION('',(0.,0.974927912173246,0.222520933993894));
#6390=DIRECTION('',(0.,0.797132507222752,-0.603804410325703));
#6391=DIRECTION('',(0.,-0.222520933993894,0.974927912173246));
#6392=DIRECTION('',(0.,-0.974927912173246,-0.222520933993894));
#6393=DIRECTION('',(1.,0.,0.));
#6394=DIRECTION('',(0.,-0.974927912173246,-0.222520933993894));
#6395=DIRECTION('',(1.,0.,0.));
#6396=DIRECTION('',(0.,-0.889871808846768,0.45621065728431));
#6397=DIRECTION('',(0.,-0.45621065728431,-0.889871808846768));
#6398=DIRECTION('',(1.,0.,0.));
#6399=DIRECTION('',(0.,-0.45621065728431,-0.889871808846768));
#6400=DIRECTION('',(0.,0.603804410325703,0.797132507222752));
#6401=DIRECTION('',(0.,-0.797132507222752,0.603804410325703));
#6402=DIRECTION('',(-1.,0.,0.));
#6403=DIRECTION('',(0.,-0.797132507222752,0.603804410325703));
#6404=DIRECTION('',(1.,0.,0.));
#6405=DIRECTION('',(0.,0.433883739104251,0.900968867908827));
#6406=DIRECTION('',(1.,0.,0.));
#6407=DIRECTION('',(0.,0.,-1.));
#6408=DIRECTION('',(0.,0.0249306916869297,0.999689182002092));
#6409=DIRECTION('',(0.,0.781831482460342,0.623489801868374));
#6410=DIRECTION('',(0.,0.980172487843293,-0.198146143225371));
#6411=DIRECTION('',(0.,-0.623489801868374,0.781831482460342));
#6412=DIRECTION('',(0.,-0.781831482460342,-0.623489801868374));
#6413=DIRECTION('',(1.,0.,0.));
#6414=DIRECTION('',(0.,-0.781831482460342,-0.623489801868374));
#6415=DIRECTION('',(1.,0.,0.));
#6416=DIRECTION('',(0.,-0.999689182002092,0.0249306916869297));
#6417=DIRECTION('',(0.,-0.0249306916869297,-0.999689182002092));
#6418=DIRECTION('',(1.,0.,0.));
#6419=DIRECTION('',(0.,-0.0249306916869297,-0.999689182002092));
#6420=DIRECTION('',(0.,0.198146143225371,0.980172487843293));
#6421=DIRECTION('',(0.,-0.980172487843293,0.198146143225371));
#6422=DIRECTION('',(-1.,0.,0.));
#6423=DIRECTION('',(0.,-0.980172487843293,0.198146143225371));
#6424=DIRECTION('',(-1.,0.,0.));
#6425=DIRECTION('',(0.,0.,-1.));
#6426=DIRECTION('',(0.,-0.969077286235015,-0.246757397666979));
#6427=DIRECTION('',(0.,-0.433883739104251,-0.900968867908827));
#6428=DIRECTION('',(0.,0.411287103179467,-0.911505852289629));
#6429=DIRECTION('',(-1.,0.,0.));
#6430=DIRECTION('',(0.,0.,-1.));
#6431=DIRECTION('',(-1.,0.,0.));
#6432=DIRECTION('',(0.,0.,-1.));
#6433=DIRECTION('',(-1.,0.,0.));
#6434=DIRECTION('',(0.,0.,-1.));
#6435=DIRECTION('',(-1.,0.,0.));
#6436=DIRECTION('',(0.,0.,-1.));
#6437=DIRECTION('',(-1.,0.,0.));
#6438=DIRECTION('',(0.,0.,-1.));
#6439=DIRECTION('',(-1.,0.,0.));
#6440=DIRECTION('',(0.,0.,-1.));
#6441=DIRECTION('',(-1.,0.,0.));
#6442=DIRECTION('',(0.,0.,-1.));
#6443=DIRECTION('',(-1.,0.,0.));
#6444=DIRECTION('',(0.,0.,-1.));
#6445=DIRECTION('',(-1.,0.,0.));
#6446=DIRECTION('',(0.,0.,-1.));
#6447=DIRECTION('',(-1.,0.,0.));
#6448=DIRECTION('',(0.,0.,-1.));
#6449=DIRECTION('',(-1.,0.,0.));
#6450=DIRECTION('',(0.,0.,-1.));
#6451=DIRECTION('',(-1.,0.,0.));
#6452=DIRECTION('',(0.,0.,-1.));
#6453=DIRECTION('',(-1.,0.,0.));
#6454=DIRECTION('',(0.,0.,-1.));
#6455=DIRECTION('',(-1.,0.,0.));
#6456=DIRECTION('',(0.,0.,-1.));
#6457=DIRECTION('',(-1.,0.,0.));
#6458=DIRECTION('',(0.,0.,1.));
#6459=DIRECTION('',(1.,0.,0.));
#6460=DIRECTION('',(0.,0.433883739104251,0.900968867908827));
#6461=DIRECTION('',(1.,0.,0.));
#6462=DIRECTION('',(0.,0.,-1.));
#6463=DIRECTION('',(0.,-0.411287103179467,0.911505852289629));
#6464=DIRECTION('',(0.,0.433883739104251,0.900968867908827));
#6465=DIRECTION('',(0.,0.969077286235015,0.246757397666979));
#6466=DIRECTION('',(0.,-0.900968867908827,0.433883739104251));
#6467=DIRECTION('',(0.,-0.433883739104251,-0.900968867908827));
#6468=DIRECTION('',(1.,0.,0.));
#6469=DIRECTION('',(1.,0.,0.));
#6470=DIRECTION('',(0.,-0.911505852289629,-0.411287103179467));
#6471=DIRECTION('',(0.,0.411287103179467,-0.911505852289629));
#6472=DIRECTION('',(1.,0.,0.));
#6473=DIRECTION('',(0.,-0.246757397666979,0.969077286235015));
#6474=DIRECTION('',(0.,-0.969077286235015,-0.246757397666979));
#6475=DIRECTION('',(-1.,0.,0.));
#6476=DIRECTION('',(1.,0.,0.));
#6477=DIRECTION('',(0.,0.,1.));
#6478=DIRECTION('',(1.,0.,0.));
#6479=DIRECTION('',(0.,0.,1.));
#6480=DIRECTION('',(-1.,0.,0.));
#6481=DIRECTION('',(0.,0.,-1.));
#6482=DIRECTION('',(-1.,0.,0.));
#6483=DIRECTION('',(0.,0.,-1.));
#6484=DIRECTION('',(1.,0.,0.));
#6485=DIRECTION('',(0.,0.,1.));
#6486=DIRECTION('',(1.,0.,0.));
#6487=DIRECTION('',(0.,0.,1.));
#6488=DIRECTION('',(0.,-1.,0.));
#6489=DIRECTION('',(0.,0.,1.));
#6490=DIRECTION('',(-1.,0.,0.));
#6491=DIRECTION('',(0.,0.,-1.));
#6492=DIRECTION('',(-1.,0.,0.));
#6493=DIRECTION('',(0.,-0.642787609681767,-0.766044443122982));
#6494=DIRECTION('',(0.,-0.766044443122982,0.642787609681767));
#6495=DIRECTION('',(1.,0.,0.));
#6496=DIRECTION('',(0.,0.766044443122983,-0.642787609681767));
#6497=DIRECTION('',(0.,-0.642787609681767,0.766044443122982));
#6498=DIRECTION('',(0.,0.766044443122982,0.642787609681767));
#6499=DIRECTION('',(-1.,0.,0.));
#6500=DIRECTION('',(0.,-0.766044443122983,-0.642787609681767));
#6501=DIRECTION('',(-1.,0.,0.));
#6502=DIRECTION('',(0.,0.499999999993262,-0.866025403788329));
#6503=DIRECTION('',(1.,0.,0.));
#6504=DIRECTION('',(0.,0.,1.));
#6505=DIRECTION('',(0.,-0.866025403788329,0.499999999993262));
#6506=DIRECTION('',(0.,0.499999999993262,0.866025403788329));
#6507=DIRECTION('',(-1.,0.,0.));
#6508=DIRECTION('',(0.,-0.499999999993262,-0.866025403788329));
#6509=DIRECTION('',(-1.,0.,0.));
#6510=DIRECTION('',(0.,-0.173648177668458,0.984807753011939));
#6511=DIRECTION('',(0.,0.984807753011939,0.173648177668458));
#6512=DIRECTION('',(-1.,0.,0.));
#6513=DIRECTION('',(0.,-0.984807753011939,-0.173648177668458));
#6514=DIRECTION('',(-1.,0.,0.));
#6515=DIRECTION('',(0.,0.499999999993262,-0.866025403788329));
#6516=DIRECTION('',(1.,0.,0.));
#6517=DIRECTION('',(0.,0.,1.));
#6518=DIRECTION('',(0.,0.342020143338834,-0.939692620781117));
#6519=DIRECTION('',(0.,-0.939692620781117,-0.342020143338834));
#6520=DIRECTION('',(0.,-0.342020143338834,0.939692620781117));
#6521=DIRECTION('',(1.,0.,0.));
#6522=DIRECTION('',(0.,-0.499999999993262,0.866025403788329));
#6523=DIRECTION('',(0.,0.866025403788329,0.499999999993262));
#6524=DIRECTION('',(-1.,0.,0.));
#6525=DIRECTION('',(0.,-0.866025403788329,-0.499999999993262));
#6526=DIRECTION('',(-1.,0.,0.));
#6527=DIRECTION('',(0.,0.342020143338834,0.939692620781117));
#6528=DIRECTION('',(0.,0.939692620781117,-0.342020143338834));
#6529=DIRECTION('',(-1.,0.,0.));
#6530=DIRECTION('',(0.,-0.939692620781117,0.342020143338834));
#6531=DIRECTION('',(-1.,0.,0.));
#6532=DIRECTION('',(0.,0.499999999993262,-0.866025403788329));
#6533=DIRECTION('',(1.,0.,0.));
#6534=DIRECTION('',(0.,0.,1.));
#6535=DIRECTION('',(0.,-0.173648177668458,-0.984807753011939));
#6536=DIRECTION('',(0.,-0.984807753011939,0.173648177668458));
#6537=DIRECTION('',(0.,0.173648177668458,0.984807753011939));
#6538=DIRECTION('',(1.,0.,0.));
#6539=DIRECTION('',(0.,0.,1.));
#6540=DIRECTION('',(0.,1.,0.));
#6541=DIRECTION('',(-1.,0.,0.));
#6542=DIRECTION('',(0.,-1.,0.));
#6543=DIRECTION('',(-1.,0.,0.));
#6544=DIRECTION('',(0.,0.766044443122982,0.642787609681767));
#6545=DIRECTION('',(0.,0.642787609681767,-0.766044443122982));
#6546=DIRECTION('',(-1.,0.,0.));
#6547=DIRECTION('',(0.,-0.642787609681767,0.766044443122983));
#6548=DIRECTION('',(-1.,0.,0.));
#6549=DIRECTION('',(0.,0.499999999993262,-0.866025403788329));
#6550=DIRECTION('',(1.,0.,0.));
#6551=DIRECTION('',(0.,0.,1.));
#6552=DIRECTION('',(0.,-0.642787609681767,-0.766044443122983));
#6553=DIRECTION('',(0.,-0.766044443122982,0.642787609681767));
#6554=DIRECTION('',(0.,0.642787609681767,0.766044443122982));
#6555=DIRECTION('',(1.,0.,0.));
#6556=DIRECTION('',(0.,0.499999999993262,0.866025403788329));
#6557=DIRECTION('',(0.,0.866025403788329,-0.499999999993262));
#6558=DIRECTION('',(-1.,0.,0.));
#6559=DIRECTION('',(0.,-0.866025403788329,0.499999999993262));
#6560=DIRECTION('',(-1.,0.,0.));
#6561=DIRECTION('',(0.,0.984807753011939,0.173648177668458));
#6562=DIRECTION('',(0.,0.173648177668458,-0.984807753011939));
#6563=DIRECTION('',(-1.,0.,0.));
#6564=DIRECTION('',(0.,-0.173648177668458,0.984807753011939));
#6565=DIRECTION('',(-1.,0.,0.));
#6566=DIRECTION('',(0.,0.499999999993262,-0.866025403788329));
#6567=DIRECTION('',(1.,0.,0.));
#6568=DIRECTION('',(0.,0.,1.));
#6569=DIRECTION('',(0.,-0.939692620781117,-0.342020143338834));
#6570=DIRECTION('',(0.,-0.342020143338834,0.939692620781117));
#6571=DIRECTION('',(0.,0.939692620781117,0.342020143338834));
#6572=DIRECTION('',(1.,0.,0.));
#6573=DIRECTION('',(0.,0.866025403788329,0.499999999993262));
#6574=DIRECTION('',(0.,0.499999999993262,-0.866025403788329));
#6575=DIRECTION('',(-1.,0.,0.));
#6576=DIRECTION('',(0.,-0.499999999993262,0.866025403788329));
#6577=DIRECTION('',(-1.,0.,0.));
#6578=DIRECTION('',(0.,0.939692620781117,-0.342020143338834));
#6579=DIRECTION('',(0.,-0.342020143338834,-0.939692620781117));
#6580=DIRECTION('',(-1.,0.,0.));
#6581=DIRECTION('',(0.,0.342020143338834,0.939692620781117));
#6582=DIRECTION('',(-1.,0.,0.));
#6583=DIRECTION('',(0.,0.499999999993262,-0.866025403788329));
#6584=DIRECTION('',(1.,0.,0.));
#6585=DIRECTION('',(0.,0.,1.));
#6586=DIRECTION('',(0.,-0.984807753011939,0.173648177668458));
#6587=DIRECTION('',(0.,0.173648177668458,0.984807753011939));
#6588=DIRECTION('',(0.,0.984807753011939,-0.173648177668458));
#6589=DIRECTION('',(1.,0.,0.));
#6590=DIRECTION('',(0.,1.,0.));
#6591=DIRECTION('',(0.,0.,-1.));
#6592=DIRECTION('',(-1.,0.,0.));
#6593=DIRECTION('',(0.,0.,1.));
#6594=DIRECTION('',(-1.,0.,0.));
#6595=DIRECTION('',(0.,0.642787609681767,-0.766044443122982));
#6596=DIRECTION('',(0.,-0.766044443122982,-0.642787609681767));
#6597=DIRECTION('',(-1.,0.,0.));
#6598=DIRECTION('',(0.,0.766044443122983,0.642787609681767));
#6599=DIRECTION('',(-1.,0.,0.));
#6600=DIRECTION('',(0.,0.499999999993262,-0.866025403788329));
#6601=DIRECTION('',(1.,0.,0.));
#6602=DIRECTION('',(0.,0.,1.));
#6603=DIRECTION('',(0.,-0.766044443122983,0.642787609681767));
#6604=DIRECTION('',(0.,0.642787609681767,0.766044443122982));
#6605=DIRECTION('',(0.,0.766044443122982,-0.642787609681767));
#6606=DIRECTION('',(1.,0.,0.));
#6607=DIRECTION('',(0.,0.866025403788329,-0.499999999993262));
#6608=DIRECTION('',(0.,-0.499999999993262,-0.866025403788329));
#6609=DIRECTION('',(-1.,0.,0.));
#6610=DIRECTION('',(0.,0.499999999993262,0.866025403788329));
#6611=DIRECTION('',(-1.,0.,0.));
#6612=DIRECTION('',(0.,0.173648177668458,-0.984807753011939));
#6613=DIRECTION('',(0.,-0.984807753011939,-0.173648177668458));
#6614=DIRECTION('',(-1.,0.,0.));
#6615=DIRECTION('',(0.,0.984807753011939,0.173648177668458));
#6616=DIRECTION('',(-1.,0.,0.));
#6617=DIRECTION('',(0.,0.499999999993262,-0.866025403788329));
#6618=DIRECTION('',(1.,0.,0.));
#6619=DIRECTION('',(0.,0.,1.));
#6620=DIRECTION('',(0.,-0.342020143338834,0.939692620781117));
#6621=DIRECTION('',(0.,0.939692620781117,0.342020143338834));
#6622=DIRECTION('',(0.,0.342020143338834,-0.939692620781117));
#6623=DIRECTION('',(1.,0.,0.));
#6624=DIRECTION('',(0.,0.499999999993262,-0.866025403788329));
#6625=DIRECTION('',(0.,-0.866025403788329,-0.499999999993262));
#6626=DIRECTION('',(-1.,0.,0.));
#6627=DIRECTION('',(0.,0.866025403788329,0.499999999993262));
#6628=DIRECTION('',(-1.,0.,0.));
#6629=DIRECTION('',(0.,-0.342020143338834,-0.939692620781117));
#6630=DIRECTION('',(0.,-0.939692620781117,0.342020143338834));
#6631=DIRECTION('',(-1.,0.,0.));
#6632=DIRECTION('',(0.,0.939692620781117,-0.342020143338834));
#6633=DIRECTION('',(-1.,0.,0.));
#6634=DIRECTION('',(0.,0.499999999993262,-0.866025403788329));
#6635=DIRECTION('',(1.,0.,0.));
#6636=DIRECTION('',(0.,0.,1.));
#6637=DIRECTION('',(0.,0.173648177668458,0.984807753011939));
#6638=DIRECTION('',(0.,0.984807753011939,-0.173648177668458));
#6639=DIRECTION('',(0.,-0.173648177668458,-0.984807753011939));
#6640=DIRECTION('',(1.,0.,0.));
#6641=DIRECTION('',(0.,0.,-1.));
#6642=DIRECTION('',(0.,-1.,0.));
#6643=DIRECTION('',(-1.,0.,0.));
#6644=DIRECTION('',(0.,1.,0.));
#6645=DIRECTION('',(-1.,0.,0.));
#6646=DIRECTION('',(0.,-0.766044443122982,-0.642787609681767));
#6647=DIRECTION('',(0.,-0.642787609681767,0.766044443122982));
#6648=DIRECTION('',(-1.,0.,0.));
#6649=DIRECTION('',(0.,0.642787609681767,-0.766044443122983));
#6650=DIRECTION('',(-1.,0.,0.));
#6651=DIRECTION('',(0.,0.499999999993262,-0.866025403788329));
#6652=DIRECTION('',(1.,0.,0.));
#6653=DIRECTION('',(0.,0.,1.));
#6654=DIRECTION('',(0.,0.642787609681767,0.766044443122983));
#6655=DIRECTION('',(0.,0.766044443122982,-0.642787609681767));
#6656=DIRECTION('',(0.,-0.642787609681767,-0.766044443122982));
#6657=DIRECTION('',(1.,0.,0.));
#6658=DIRECTION('',(0.,-0.499999999993262,-0.866025403788329));
#6659=DIRECTION('',(0.,-0.866025403788329,0.499999999993262));
#6660=DIRECTION('',(-1.,0.,0.));
#6661=DIRECTION('',(0.,0.866025403788329,-0.499999999993262));
#6662=DIRECTION('',(-1.,0.,0.));
#6663=DIRECTION('',(0.,-0.984807753011939,-0.173648177668458));
#6664=DIRECTION('',(0.,-0.173648177668458,0.984807753011939));
#6665=DIRECTION('',(-1.,0.,0.));
#6666=DIRECTION('',(0.,0.173648177668458,-0.984807753011939));
#6667=DIRECTION('',(-1.,0.,0.));
#6668=DIRECTION('',(0.,0.499999999993262,-0.866025403788329));
#6669=DIRECTION('',(1.,0.,0.));
#6670=DIRECTION('',(0.,0.,1.));
#6671=DIRECTION('',(0.,0.939692620781117,0.342020143338834));
#6672=DIRECTION('',(0.,0.342020143338834,-0.939692620781117));
#6673=DIRECTION('',(0.,-0.939692620781117,-0.342020143338834));
#6674=DIRECTION('',(1.,0.,0.));
#6675=DIRECTION('',(0.,-0.866025403788329,-0.499999999993262));
#6676=DIRECTION('',(0.,-0.499999999993262,0.866025403788329));
#6677=DIRECTION('',(-1.,0.,0.));
#6678=DIRECTION('',(0.,0.499999999993262,-0.866025403788329));
#6679=DIRECTION('',(-1.,0.,0.));
#6680=DIRECTION('',(0.,-0.939692620781117,0.342020143338834));
#6681=DIRECTION('',(0.,0.342020143338834,0.939692620781117));
#6682=DIRECTION('',(-1.,0.,0.));
#6683=DIRECTION('',(0.,-0.342020143338834,-0.939692620781117));
#6684=DIRECTION('',(-1.,0.,0.));
#6685=DIRECTION('',(0.,0.499999999993262,-0.866025403788329));
#6686=DIRECTION('',(1.,0.,0.));
#6687=DIRECTION('',(0.,0.,1.));
#6688=DIRECTION('',(0.,0.984807753011939,-0.173648177668458));
#6689=DIRECTION('',(0.,-0.173648177668458,-0.984807753011939));
#6690=DIRECTION('',(0.,-0.984807753011939,0.173648177668458));
#6691=DIRECTION('',(1.,0.,0.));
#6692=DIRECTION('',(-1.,0.,0.));
#6693=DIRECTION('',(0.,0.,1.));
#6694=DIRECTION('',(1.,0.,0.));
#6695=DIRECTION('',(0.,0.,-1.));
#6696=DIRECTION('',(-1.,0.,0.));
#6697=DIRECTION('',(0.,0.,1.));
#6698=DIRECTION('',(1.,0.,0.));
#6699=DIRECTION('',(0.,0.,-1.));
#6700=DIRECTION('',(-1.,0.,0.));
#6701=DIRECTION('',(0.,0.,-1.));
#6702=DIRECTION('',(1.,0.,0.));
#6703=DIRECTION('',(0.,0.,1.));
#6704=DIRECTION('',(1.,0.,0.));
#6705=DIRECTION('',(0.,0.,-1.));
#6706=DIRECTION('',(0.,0.,-1.));
#6707=DIRECTION('',(1.,-2.75855020126449E-17,0.));
#6708=DIRECTION('',(0.,0.,-1.));
#6709=DIRECTION('',(1.,0.,0.));
#6710=DIRECTION('',(1.,0.,0.));
#6711=DIRECTION('',(0.,0.,-1.));
#6712=DIRECTION('',(1.,0.,0.));
#6713=DIRECTION('',(0.,0.,1.));
#6714=DIRECTION('',(-1.,0.,0.));
#6715=DIRECTION('',(0.,0.,1.));
#6716=DIRECTION('',(1.,0.,0.));
#6717=DIRECTION('',(0.,0.,1.));
#6718=DIRECTION('',(1.,0.,0.));
#6719=DIRECTION('',(0.,0.,1.));
#6720=DIRECTION('',(1.,0.,0.));
#6721=DIRECTION('',(0.,0.,1.));
#6722=DIRECTION('',(1.,0.,0.));
#6723=DIRECTION('',(0.,0.,1.));
#6724=DIRECTION('',(1.,0.,0.));
#6725=DIRECTION('',(0.,0.,1.));
#6726=DIRECTION('',(1.,0.,0.));
#6727=DIRECTION('',(0.,0.,1.));
#6728=DIRECTION('',(1.,0.,0.));
#6729=DIRECTION('',(0.,0.,1.));
#6730=DIRECTION('',(1.,0.,0.));
#6731=DIRECTION('',(0.,0.,1.));
#6732=DIRECTION('',(1.,0.,0.));
#6733=DIRECTION('',(0.,0.,1.));
#6734=DIRECTION('',(1.,0.,0.));
#6735=DIRECTION('',(0.,0.,1.));
#6736=DIRECTION('',(1.,0.,0.));
#6737=DIRECTION('',(0.,0.,1.));
#6738=DIRECTION('',(1.,0.,0.));
#6739=DIRECTION('',(0.,0.,1.));
#6740=DIRECTION('',(1.,0.,0.));
#6741=DIRECTION('',(0.,0.,1.));
#6742=DIRECTION('',(1.,0.,0.));
#6743=DIRECTION('',(0.,0.,1.));
#6744=DIRECTION('',(1.,0.,0.));
#6745=DIRECTION('',(0.,0.,1.));
#6746=DIRECTION('',(-1.,0.,0.));
#6747=DIRECTION('',(0.,0.,1.));
#6748=DIRECTION('',(-1.,0.,0.));
#6749=DIRECTION('',(0.,0.,1.));
#6750=DIRECTION('',(-1.,0.,0.));
#6751=DIRECTION('',(0.,0.,1.));
#6752=DIRECTION('',(1.,0.,0.));
#6753=DIRECTION('',(0.,0.,-1.));
#6754=DIRECTION('',(1.,0.,0.));
#6755=DIRECTION('',(0.,0.,-1.));
#6756=DIRECTION('',(-1.,0.,0.));
#6757=DIRECTION('',(0.,0.,-1.));
#6758=DIRECTION('',(-1.,0.,0.));
#6759=DIRECTION('',(0.,0.,-1.));
#6760=DIRECTION('',(-1.,0.,0.));
#6761=DIRECTION('',(0.,0.,-1.));
#6762=DIRECTION('',(1.,0.,0.));
#6763=DIRECTION('',(0.,0.,1.));
#6764=DIRECTION('',(1.,0.,0.));
#6765=DIRECTION('',(0.,0.,1.));
#6766=DIRECTION('',(1.,0.,0.));
#6767=DIRECTION('',(0.,0.,1.));
#6768=DIRECTION('',(-1.,0.,0.));
#6769=DIRECTION('',(0.,0.,1.));
#6770=DIRECTION('',(-1.,0.,0.));
#6771=DIRECTION('',(0.,0.,1.));
#6772=DIRECTION('',(-1.,0.,0.));
#6773=DIRECTION('',(0.,0.,1.));
#6774=DIRECTION('',(-1.,0.,0.));
#6775=DIRECTION('',(0.,0.,1.));
#6776=DIRECTION('',(-1.,0.,0.));
#6777=DIRECTION('',(0.,0.,1.));
#6778=DIRECTION('',(-1.,0.,0.));
#6779=DIRECTION('',(0.,0.,1.));
#6780=DIRECTION('',(-1.,0.,0.));
#6781=DIRECTION('',(0.,0.,1.));
#6782=DIRECTION('',(-1.,0.,0.));
#6783=DIRECTION('',(0.,0.,1.));
#6784=DIRECTION('',(-1.,0.,0.));
#6785=DIRECTION('',(0.,0.,1.));
#6786=DIRECTION('',(-1.,0.,0.));
#6787=DIRECTION('',(0.,0.,1.));
#6788=DIRECTION('',(-1.,0.,0.));
#6789=DIRECTION('',(0.,0.,1.));
#6790=DIRECTION('',(-1.,0.,0.));
#6791=DIRECTION('',(0.,0.,1.));
#6792=DIRECTION('',(-1.,0.,0.));
#6793=DIRECTION('',(0.,0.,1.));
#6794=DIRECTION('',(-1.,0.,0.));
#6795=DIRECTION('',(0.,0.,1.));
#6796=DIRECTION('',(1.,0.,0.));
#6797=DIRECTION('',(0.,0.,1.));
#6798=DIRECTION('',(1.,0.,0.));
#6799=DIRECTION('',(0.,0.,1.));
#6800=DIRECTION('',(1.,0.,0.));
#6801=DIRECTION('',(0.,0.,-1.));
#6802=DIRECTION('',(1.,0.,0.));
#6803=DIRECTION('',(0.,0.,-1.));
#6804=DIRECTION('',(1.,0.,0.));
#6805=DIRECTION('',(0.,0.,-1.));
#6806=DIRECTION('',(1.,0.,0.));
#6807=DIRECTION('',(0.,0.,-1.));
#6808=DIRECTION('',(1.,0.,0.));
#6809=DIRECTION('',(0.,0.,1.));
#6810=DIRECTION('',(-1.,0.,0.));
#6811=DIRECTION('',(0.,0.,-1.));
#6812=DIRECTION('',(0.,0.,1.));
#6813=DIRECTION('',(1.,0.,0.));
#6814=DIRECTION('',(1.,0.,0.));
#6815=DIRECTION('',(0.,0.,1.));
#6816=DIRECTION('',(-1.,0.,0.));
#6817=DIRECTION('',(0.,0.,-1.));
#6818=DIRECTION('',(-1.,0.,0.));
#6819=DIRECTION('',(0.,0.,-1.));
#6820=DIRECTION('',(-1.,0.,0.));
#6821=DIRECTION('',(0.,0.,-1.));
#6822=DIRECTION('',(-1.,0.,0.));
#6823=DIRECTION('',(0.,0.,1.));
#6824=DIRECTION('',(1.,0.,0.));
#6825=DIRECTION('',(0.,0.,1.));
#6826=DIRECTION('',(-1.,0.,0.));
#6827=DIRECTION('',(0.,0.,1.));
#6828=DIRECTION('',(1.,0.,0.));
#6829=DIRECTION('',(0.,0.,1.));
#6830=DIRECTION('',(1.,0.,0.));
#6831=DIRECTION('',(0.,0.,1.));
#6832=DIRECTION('',(-1.,0.,0.));
#6833=DIRECTION('',(0.,0.,1.));
#6834=DIRECTION('',(-1.,0.,0.));
#6835=DIRECTION('',(0.,0.,1.));
#6836=DIRECTION('',(1.,0.,0.));
#6837=DIRECTION('',(0.,0.,-1.));
#6838=DIRECTION('',(1.,0.,0.));
#6839=DIRECTION('',(0.,0.,-1.));
#6840=DIRECTION('',(-1.,0.,0.));
#6841=DIRECTION('',(0.,0.,1.));
#6842=DIRECTION('',(-1.,0.,0.));
#6843=DIRECTION('',(0.,0.,1.));
#6844=DIRECTION('',(1.,0.,0.));
#6845=DIRECTION('',(0.,0.,-1.));
#6846=DIRECTION('',(1.,0.,0.));
#6847=DIRECTION('',(0.,0.,-1.));
#6848=DIRECTION('',(-1.,0.,0.));
#6849=DIRECTION('',(0.,0.,-1.));
#6850=DIRECTION('',(-1.,0.,0.));
#6851=DIRECTION('',(0.,0.,1.));
#6852=DIRECTION('',(1.,0.,0.));
#6853=DIRECTION('',(0.,0.,-1.));
#6854=DIRECTION('',(1.,0.,0.));
#6855=DIRECTION('',(0.,0.,1.));
#6856=DIRECTION('',(1.,0.,0.));
#6857=DIRECTION('',(0.,0.,-1.));
#6858=DIRECTION('',(-1.,0.,0.));
#6859=DIRECTION('',(0.,0.,1.));
#6860=DIRECTION('',(-1.,0.,0.));
#6861=DIRECTION('',(0.,0.,1.));
#6862=CARTESIAN_POINT('',(0.,0.,0.));
#6863=CARTESIAN_POINT('',(0.06885,0.,0.0609));
#6864=CARTESIAN_POINT('',(0.06885,-0.00657488537269125,0.076624384559727));
#6865=CARTESIAN_POINT('',(0.06885,-0.0063636111086015,0.0772746198841));
#6866=CARTESIAN_POINT('',(0.06885,-0.00814087348859106,0.0718047687163418));
#6867=CARTESIAN_POINT('',(0.06885,0.02315,0.0718047687163418));
#6868=CARTESIAN_POINT('',(0.06885,0.00814087348860784,0.0718047687163418));
#6869=CARTESIAN_POINT('',(0.06885,0.00657488537257233,0.0766243845601445));
#6870=CARTESIAN_POINT('',(0.06885,0.00636361110861824,0.0772746198841));
#6871=CARTESIAN_POINT('',(0.06885,0.,0.0772746198841));
#6872=CARTESIAN_POINT('',(0.1,0.0463,0.07673844403245));
#6873=CARTESIAN_POINT('',(0.,0.,0.0609));
#6874=CARTESIAN_POINT('',(0.,0.02,0.0609));
#6875=CARTESIAN_POINT('',(0.,-0.02,0.0609));
#6876=CARTESIAN_POINT('',(0.,0.02315,0.0609));
#6877=CARTESIAN_POINT('',(0.,0.02315,0.0609));
#6878=CARTESIAN_POINT('',(0.0726004379889852,0.00732328745738329,0.072398779738199));
#6879=CARTESIAN_POINT('',(0.0820104725243889,-0.00527192364010509,0.0738891827915231));
#6880=CARTESIAN_POINT('',(0.,-0.02315,0.0609));
#6881=CARTESIAN_POINT('',(0.,0.02315,0.0609));
#6882=CARTESIAN_POINT('',(0.0559442854523076,0.,0.0983348319441311));
#6883=CARTESIAN_POINT('',(0.0637482005038424,4.44089209850063E-19,0.0856));
#6884=CARTESIAN_POINT('',(0.0637482005038424,-0.00450816061504563,0.0856));
#6885=CARTESIAN_POINT('',(0.0637482005038424,0.00450816061506228,0.0856));
#6886=CARTESIAN_POINT('',(0.0570657679437996,-0.00207785679753509,0.0965047388481502));
#6887=CARTESIAN_POINT('',(0.0570657679438502,0.00207785679757004,0.0965047388480675));
#6888=CARTESIAN_POINT('',(-0.04115,0.,0.0609));
#6889=CARTESIAN_POINT('',(-0.04115,-0.00972397249848322,0.0665398246870331));
#6890=CARTESIAN_POINT('',(-0.04115,-0.00772254907008148,0.0726995726239828));
#6891=CARTESIAN_POINT('',(-0.0411500000001877,-0.00681256160490864,0.0755002260646188));
#6892=CARTESIAN_POINT('',(-0.04115,0.,0.0755002260645051));
#6893=CARTESIAN_POINT('',(-0.0411500000001877,0.00681256160493409,0.0755002260646188));
#6894=CARTESIAN_POINT('',(-0.04115,0.00972397249864859,0.0665398246866024));
#6895=CARTESIAN_POINT('',(-0.04115,0.00772254907010692,0.0726995726239828));
#6896=CARTESIAN_POINT('',(-0.04115,0.02315,0.0726995726239828));
#6897=CARTESIAN_POINT('',(0.00328812872192106,-0.0203194091349967,0.0724628052370526));
#6898=CARTESIAN_POINT('',(-0.0518262970928484,0.000626664873156287,0.0891383744876837));
#6899=CARTESIAN_POINT('',(0.,-0.0169440338002188,0.08));
#6900=CARTESIAN_POINT('',(-0.0317591781898528,-0.00617670174313205,0.0856));
#6901=CARTESIAN_POINT('',(0.00655609775721044,-0.0169715883467593,0.0856));
#6902=CARTESIAN_POINT('',(-0.0350333594871294,-0.00525423896685844,0.0856));
#6903=CARTESIAN_POINT('',(-0.0298877785969973,-0.0039433109877018,0.0940963639183311));
#6904=CARTESIAN_POINT('',(-0.0553445583785522,-0.00240090015571745,0.0767697967419195));
#6905=CARTESIAN_POINT('',(2.6478907955152E-12,-0.0162169905810404,0.0822376089489365));
#6906=CARTESIAN_POINT('',(-0.0283547328686182,0.,0.0966277232905511));
#6907=CARTESIAN_POINT('',(-0.0350333594871294,4.44089209850063E-19,0.0856));
#6908=CARTESIAN_POINT('',(-0.0350333594871294,0.0052542389668839,0.0856));
#6909=CARTESIAN_POINT('',(-0.029887778597098,0.00394331098775291,0.0940963639181649));
#6910=CARTESIAN_POINT('',(0.00328812872260843,0.0203194091354797,0.0724628052362407));
#6911=CARTESIAN_POINT('',(-0.0381293825498194,0.00401700777358313,0.086723238901289));
#6912=CARTESIAN_POINT('',(-0.0317591781898528,0.00617670174315751,0.0856));
#6913=CARTESIAN_POINT('',(0.,0.0169440338002444,0.08));
#6914=CARTESIAN_POINT('',(2.62694044295131E-12,0.0162169905810666,0.0822376089489164));
#6915=CARTESIAN_POINT('',(-0.0411488370184209,0.00772298508082967,0.0726992391443813));
#6916=CARTESIAN_POINT('',(0.00655609775758519,0.0169715883468904,0.0856));
#6917=CARTESIAN_POINT('',(0.0498376943162519,-0.00544532254903408,0.0898454421516819));
#6918=CARTESIAN_POINT('',(0.0792702117056431,0.000798808804873961,0.0939774770901796));
#6919=CARTESIAN_POINT('',(0.0317591781898528,-0.00983546063378317,0.0856));
#6920=CARTESIAN_POINT('',(0.0329028630730894,-0.00964499677902411,0.0856));
#6921=CARTESIAN_POINT('',(0.0136624059998595,8.88178419700125E-19,0.0856));
#6922=CARTESIAN_POINT('',(0.0317591781898528,0.02315,0.0856));
#6923=CARTESIAN_POINT('',(0.0317591781898528,0.00983546063379957,0.0856));
#6924=CARTESIAN_POINT('',(0.0329028630740092,0.00964499677888733,0.0856));
#6925=CARTESIAN_POINT('',(0.0136624059998595,8.88178419700125E-19,0.0856));
#6926=CARTESIAN_POINT('',(-0.0317591781898528,0.02315,0.0856));
#6927=CARTESIAN_POINT('',(0.0498376943180499,0.00544532254851007,0.0898454421524239));
#6928=CARTESIAN_POINT('',(0.0696852099775976,0.001346576875127,0.0922873826753876));
#6929=CARTESIAN_POINT('',(-0.1,0.0463,0.09763269807085));
#6930=CARTESIAN_POINT('',(-0.0499999999999758,0.0071101499003,0.0888163490354207));
#6931=CARTESIAN_POINT('',(-0.0158795890949,0.0071101499003,0.0828));
#6932=CARTESIAN_POINT('',(0.,0.0071101499003,0.08));
#6933=CARTESIAN_POINT('',(0.,0.0463,0.08));
#6934=CARTESIAN_POINT('',(0.,0.0463,0.08));
#6935=CARTESIAN_POINT('',(0.,-0.0071101499004,0.08));
#6936=CARTESIAN_POINT('',(-0.0499999999999758,-0.0071101499004,0.0888163490354207));
#6937=CARTESIAN_POINT('',(-0.0158795890949,-0.0071101499004,0.0828));
#6938=CARTESIAN_POINT('',(-0.0158795890949264,0.023149999999975,0.0828));
#6939=CARTESIAN_POINT('',(-0.1,0.0463,0.0895745385759));
#6940=CARTESIAN_POINT('',(0.,0.,0.0609));
#6941=CARTESIAN_POINT('',(0.1,0.0463,0.09763269807085));
#6942=CARTESIAN_POINT('',(0.0500000000000242,0.0071101499003,0.0888163490354293));
#6943=CARTESIAN_POINT('',(0.015879589095,0.0071101499003,0.0828));
#6944=CARTESIAN_POINT('',(0.0158795890949264,0.023149999999975,0.0828));
#6945=CARTESIAN_POINT('',(0.015879589095,-0.0071101499004,0.0828));
#6946=CARTESIAN_POINT('',(0.0500000000000242,-0.0071101499004,0.0888163490354293));
#6947=CARTESIAN_POINT('',(4.99991159585989E-14,-0.0071101499004,0.08));
#6948=CARTESIAN_POINT('',(4.99991159585989E-14,-0.0071101499004,0.0828));
#6949=CARTESIAN_POINT('',(4.99991159585989E-14,-5.00000041370186E-14,0.0828));
#6950=CARTESIAN_POINT('',(4.99991159585989E-14,0.0071101499003,0.0828));
#6951=CARTESIAN_POINT('',(4.99991159585989E-14,0.0071101499003,0.08));
#6952=CARTESIAN_POINT('',(0.047,0.,-0.01825));
#6953=CARTESIAN_POINT('',(0.047,0.,0.));
#6954=CARTESIAN_POINT('',(0.047,0.,-0.0201));
#6955=CARTESIAN_POINT('',(0.047,0.,0.));
#6956=CARTESIAN_POINT('',(0.047,0.,0.0174));
#6957=CARTESIAN_POINT('',(0.0547,-0.0230219922702972,-0.0110868071513393));
#6958=CARTESIAN_POINT('',(0.0547,0.,0.));
#6959=CARTESIAN_POINT('',(0.0547,-0.0254521210573039,-0.00156190066404572));
#6960=CARTESIAN_POINT('',(0.0547,-0.0254521210573039,0.00156190066404572));
#6961=CARTESIAN_POINT('',(0.0547,-0.0287161638237927,-0.00430075774552739));
#6962=CARTESIAN_POINT('',(0.0547,-0.02514,-0.0013));
#6963=CARTESIAN_POINT('',(0.0547,-0.02514,-0.0110868071513393));
#6964=CARTESIAN_POINT('',(0.0547,-0.02514,0.0013));
#6965=CARTESIAN_POINT('',(0.0547,-0.0177977901850266,-0.00486084554770112));
#6966=CARTESIAN_POINT('',(-0.073,-0.02514,-0.00065));
#6967=CARTESIAN_POINT('',(0.,-0.02514,-0.00129999999999133));
#6968=CARTESIAN_POINT('',(0.073,-0.02514,-0.0013));
#6969=CARTESIAN_POINT('',(0.073,-0.02514,-0.0228));
#6970=CARTESIAN_POINT('',(0.073,-0.02514,0.00129999999999999));
#6971=CARTESIAN_POINT('',(-0.073,-0.02514,0.00129999999999133));
#6972=CARTESIAN_POINT('',(0.,-0.0252960605286519,-0.00143095033202286));
#6973=CARTESIAN_POINT('',(-0.061,-0.0254521210573034,-0.00156190066405397));
#6974=CARTESIAN_POINT('',(0.073,-0.0254521210573039,-0.00156190066404573));
#6975=CARTESIAN_POINT('',(0.073,-0.0209739257514347,0.00219575136539275));
#6976=CARTESIAN_POINT('',(0.,-0.0252960605286519,0.00143095033202286));
#6977=CARTESIAN_POINT('',(-0.061,-0.0254521210573034,0.00156190066405397));
#6978=CARTESIAN_POINT('',(0.073,-0.0254521210573039,0.00156190066404572));
#6979=CARTESIAN_POINT('',(0.073,0.00147969101719431,-0.021036572914307));
#6980=CARTESIAN_POINT('',(0.0547,-0.0230219922702972,-0.0110868071513393));
#6981=CARTESIAN_POINT('',(0.0547,0.,0.));
#6982=CARTESIAN_POINT('',(0.0547,-0.0236092519951031,0.00963603757940574));
#6983=CARTESIAN_POINT('',(0.0547,-0.022253885394652,0.0124504853255484));
#6984=CARTESIAN_POINT('',(0.0547,-0.0280131415229229,0.00851466951626643));
#6985=CARTESIAN_POINT('',(0.0547,-0.0232144062000635,0.00973657767279938));
#6986=CARTESIAN_POINT('',(0.0547,-0.0313183722099925,-0.00709148114454905));
#6987=CARTESIAN_POINT('',(0.0547,-0.0220863084783924,0.0120790967293624));
#6988=CARTESIAN_POINT('',(0.0547,-0.013559906377021,-0.00681735140697364));
#6989=CARTESIAN_POINT('',(-0.073,-0.0229323817696457,0.0103222074369401));
#6990=CARTESIAN_POINT('',(-0.073,-0.0232144062000634,0.00973657767279939));
#6991=CARTESIAN_POINT('',(0.073,-0.0232144062000634,0.00973657767279938));
#6992=CARTESIAN_POINT('',(0.073,-0.0315632362391535,-0.00759994654037197));
#6993=CARTESIAN_POINT('',(0.073,-0.0220863084783924,0.0120790967293623));
#6994=CARTESIAN_POINT('',(-0.073,-0.0220863084783924,0.0120790967293623));
#6995=CARTESIAN_POINT('',(-0.073,-0.0236698207992645,0.00962061486678317));
#6996=CARTESIAN_POINT('',(-0.061,-0.0236092519951031,0.00963603757940574));
#6997=CARTESIAN_POINT('',(0.073,-0.0236092519951031,0.00963603757940572));
#6998=CARTESIAN_POINT('',(0.073,-0.00919388079150843,0.0133066421174837));
#6999=CARTESIAN_POINT('',(-0.073,-0.0222795914640857,0.0125074558275336));
#7000=CARTESIAN_POINT('',(-0.061,-0.022253885394652,0.0124504853255483));
#7001=CARTESIAN_POINT('',(0.073,-0.022253885394652,0.0124504853255484));
#7002=CARTESIAN_POINT('',(0.073,-0.00527440744746086,-0.0251799032717182));
#7003=CARTESIAN_POINT('',(0.0547,-0.0230219922702972,-0.0110868071513393));
#7004=CARTESIAN_POINT('',(0.0547,0.,0.));
#7005=CARTESIAN_POINT('',(0.0547,-0.0170902810267749,0.0189254404024281));
#7006=CARTESIAN_POINT('',(0.0547,-0.0146479948035216,0.020873098673556));
#7007=CARTESIAN_POINT('',(0.0547,-0.0169602014188905,0.0188991442423805));
#7008=CARTESIAN_POINT('',(0.0547,-0.0166909145461694,0.0188447067266241));
#7009=CARTESIAN_POINT('',(0.0547,-0.0351513862390429,0.00412297180496822));
#7010=CARTESIAN_POINT('',(0.0547,-0.0146581526917725,0.0204657802114819));
#7011=CARTESIAN_POINT('',(0.0547,-0.0154497344768863,-0.0112756474707308));
#7012=CARTESIAN_POINT('',(-0.073,-0.0161827240825701,0.0192499750978386));
#7013=CARTESIAN_POINT('',(-0.073,-0.0166909145461694,0.0188447067266241));
#7014=CARTESIAN_POINT('',(0.073,-0.0166909145461694,0.0188447067266241));
#7015=CARTESIAN_POINT('',(0.073,-0.0267887118179063,0.0107919821158809));
#7016=CARTESIAN_POINT('',(0.073,-0.0146581526917725,0.0204657802114819));
#7017=CARTESIAN_POINT('',(-0.073,-0.0146581526917725,0.0204657802114819));
#7018=CARTESIAN_POINT('',(-0.073,-0.0171515432979104,0.0189378248377201));
#7019=CARTESIAN_POINT('',(-0.061,-0.0170902810267749,0.0189254404024281));
#7020=CARTESIAN_POINT('',(0.073,-0.0170902810267749,0.0189254404024281));
#7021=CARTESIAN_POINT('',(0.073,0.00743280966872664,0.0139679906662379));
#7022=CARTESIAN_POINT('',(-0.073,-0.0146464365973766,0.0209355807677574));
#7023=CARTESIAN_POINT('',(-0.061,-0.0146479948035216,0.020873098673556));
#7024=CARTESIAN_POINT('',(0.073,-0.0146479948035216,0.020873098673556));
#7025=CARTESIAN_POINT('',(0.073,-0.0157273526370298,-0.0224077843126599));
#7026=CARTESIAN_POINT('',(0.0547,-0.0230219922702972,-0.0110868071513393));
#7027=CARTESIAN_POINT('',(0.0547,0.,0.));
#7028=CARTESIAN_POINT('',(0.0547,-0.00718637030321701,0.0244664276482089));
#7029=CARTESIAN_POINT('',(0.0547,-0.00414088919637682,0.0251615388373472));
#7030=CARTESIAN_POINT('',(0.0547,-0.000136441982423862,0.019126314462503));
#7031=CARTESIAN_POINT('',(0.0547,-0.00686158256643172,0.0242204104978434));
#7032=CARTESIAN_POINT('',(0.0547,-0.0298814142429182,0.0189662841351921));
#7033=CARTESIAN_POINT('',(0.0547,-0.00432676999478126,0.0247989649262275));
#7034=CARTESIAN_POINT('',(0.0547,-0.0227862833846829,-0.0112076480461343));
#7035=CARTESIAN_POINT('',(-0.073,-0.0062278794235191,0.0243650491049394));
#7036=CARTESIAN_POINT('',(-0.073,-0.00686158256643169,0.0242204104978434));
#7037=CARTESIAN_POINT('',(0.073,-0.00686158256643175,0.0242204104978434));
#7038=CARTESIAN_POINT('',(0.073,-0.0105404509073385,0.0233807328057417));
#7039=CARTESIAN_POINT('',(0.073,-0.00432676999478127,0.0247989649262275));
#7040=CARTESIAN_POINT('',(-0.073,-0.00432676999478126,0.0247989649262275));
#7041=CARTESIAN_POINT('',(-0.073,-0.00723619229719673,0.0245041663421194));
#7042=CARTESIAN_POINT('',(-0.061,-0.00718637030321699,0.0244664276482089));
#7043=CARTESIAN_POINT('',(0.073,-0.00718637030321705,0.0244664276482089));
#7044=CARTESIAN_POINT('',(0.073,0.0201298994574165,0.00377515736921613));
#7045=CARTESIAN_POINT('',(-0.073,-0.00411237533649185,0.0252171571787162));
#7046=CARTESIAN_POINT('',(-0.061,-0.00414088919637681,0.0251615388373472));
#7047=CARTESIAN_POINT('',(0.073,-0.00414088919637683,0.0251615388373472));
#7048=CARTESIAN_POINT('',(0.073,-0.0227499516265171,-0.0111367803300005));
#7049=CARTESIAN_POINT('',(0.0547,-0.0230219922702972,-0.0110868071513393));
#7050=CARTESIAN_POINT('',(0.0547,0.,0.));
#7051=CARTESIAN_POINT('',(0.0547,0.0041408891963768,0.0251615388373472));
#7052=CARTESIAN_POINT('',(0.0547,0.007186370303217,0.0244664276482089));
#7053=CARTESIAN_POINT('',(0.0547,0.0132032334273026,0.00748478244333706));
#7054=CARTESIAN_POINT('',(0.0547,0.00432676999478124,0.0247989649262275));
#7055=CARTESIAN_POINT('',(0.0547,-0.0138826763392368,0.0289551522249632));
#7056=CARTESIAN_POINT('',(0.0547,0.00686158256643169,0.0242204104978434));
#7057=CARTESIAN_POINT('',(0.0547,-0.0291208374519327,-0.0030352135099843));
#7058=CARTESIAN_POINT('',(-0.073,0.00496047313769388,0.0246543263191314));
#7059=CARTESIAN_POINT('',(-0.073,0.00432676999478129,0.0247989649262275));
#7060=CARTESIAN_POINT('',(0.073,0.00432676999478129,0.0247989649262275));
#7061=CARTESIAN_POINT('',(0.073,0.0105404509073385,0.0233807328057416));
#7062=CARTESIAN_POINT('',(0.073,0.00686158256643172,0.0242204104978434));
#7063=CARTESIAN_POINT('',(-0.073,0.00686158256643162,0.0242204104978434));
#7064=CARTESIAN_POINT('',(-0.073,0.00411237533649185,0.0252171571787162));
#7065=CARTESIAN_POINT('',(-0.061,0.00414088919637681,0.0251615388373472));
#7066=CARTESIAN_POINT('',(0.073,0.00414088919637683,0.0251615388373472));
#7067=CARTESIAN_POINT('',(0.073,0.0227499516265171,-0.0111367803300005));
#7068=CARTESIAN_POINT('',(-0.073,0.00723619229719673,0.0245041663421194));
#7069=CARTESIAN_POINT('',(-0.061,0.00718637030321699,0.0244664276482089));
#7070=CARTESIAN_POINT('',(0.073,0.00718637030321705,0.0244664276482089));
#7071=CARTESIAN_POINT('',(0.073,-0.0201298994574165,0.00377515736921613));
#7072=CARTESIAN_POINT('',(0.0547,-0.0230219922702972,-0.0110868071513393));
#7073=CARTESIAN_POINT('',(0.0547,0.,0.));
#7074=CARTESIAN_POINT('',(0.0547,0.0146479948035216,0.020873098673556));
#7075=CARTESIAN_POINT('',(0.0547,0.0170902810267749,0.0189254404024281));
#7076=CARTESIAN_POINT('',(0.0547,0.0154211163269144,-0.0101280958786967));
#7077=CARTESIAN_POINT('',(0.0547,0.0146581526917725,0.0204657802114819));
#7078=CARTESIAN_POINT('',(0.0547,0.00700651874777756,0.0265677546634415));
#7079=CARTESIAN_POINT('',(0.0547,0.0166909145461694,0.0188447067266241));
#7080=CARTESIAN_POINT('',(0.0547,-0.027276009077876,0.00995660136390569));
#7081=CARTESIAN_POINT('',(-0.073,0.0151663431553717,0.0200605118402674));
#7082=CARTESIAN_POINT('',(-0.073,0.0146581526917725,0.0204657802114818));
#7083=CARTESIAN_POINT('',(0.073,0.0146581526917725,0.0204657802114818));
#7084=CARTESIAN_POINT('',(0.073,0.0267887118179062,0.0107919821158809));
#7085=CARTESIAN_POINT('',(0.073,0.0166909145461694,0.0188447067266241));
#7086=CARTESIAN_POINT('',(-0.073,0.0166909145461693,0.0188447067266241));
#7087=CARTESIAN_POINT('',(-0.073,0.0146464365973766,0.0209355807677574));
#7088=CARTESIAN_POINT('',(-0.061,0.0146479948035216,0.020873098673556));
#7089=CARTESIAN_POINT('',(0.073,0.0146479948035216,0.020873098673556));
#7090=CARTESIAN_POINT('',(0.073,0.0157273526370298,-0.0224077843126599));
#7091=CARTESIAN_POINT('',(-0.073,0.0171515432979104,0.0189378248377201));
#7092=CARTESIAN_POINT('',(-0.061,0.0170902810267749,0.0189254404024281));
#7093=CARTESIAN_POINT('',(0.073,0.0170902810267749,0.0189254404024281));
#7094=CARTESIAN_POINT('',(0.073,-0.00743280966872664,0.0139679906662379));
#7095=CARTESIAN_POINT('',(0.0547,-0.0230219922702972,-0.0110868071513393));
#7096=CARTESIAN_POINT('',(0.0547,0.,0.));
#7097=CARTESIAN_POINT('',(0.0547,0.022253885394652,0.0124504853255484));
#7098=CARTESIAN_POINT('',(0.0547,0.0236092519951031,0.00963603757940575));
#7099=CARTESIAN_POINT('',(0.0547,0.00577124034339344,-0.0240788084677439));
#7100=CARTESIAN_POINT('',(0.0547,0.0220863084783924,0.0120790967293623));
#7101=CARTESIAN_POINT('',(0.0547,0.022650357339228,0.0109078372010809));
#7102=CARTESIAN_POINT('',(0.0547,0.0232144062000635,0.0097365776727994));
#7103=CARTESIAN_POINT('',(0.0547,-0.0152272610216418,0.0195250289143524));
#7104=CARTESIAN_POINT('',(-0.073,0.0223683329088102,0.0114934669652216));
#7105=CARTESIAN_POINT('',(-0.073,0.0220863084783924,0.0120790967293623));
#7106=CARTESIAN_POINT('',(0.073,0.0220863084783924,0.0120790967293623));
#7107=CARTESIAN_POINT('',(0.073,0.0315632362391535,-0.00759994654037196));
#7108=CARTESIAN_POINT('',(0.073,0.0232144062000635,0.00973657767279938));
#7109=CARTESIAN_POINT('',(-0.073,0.0232144062000635,0.00973657767279938));
#7110=CARTESIAN_POINT('',(-0.073,0.0222795914640857,0.0125074558275336));
#7111=CARTESIAN_POINT('',(-0.061,0.022253885394652,0.0124504853255483));
#7112=CARTESIAN_POINT('',(0.073,0.022253885394652,0.0124504853255484));
#7113=CARTESIAN_POINT('',(0.073,0.00527440744746086,-0.0251799032717182));
#7114=CARTESIAN_POINT('',(-0.073,0.0236698207992645,0.00962061486678317));
#7115=CARTESIAN_POINT('',(-0.061,0.0236092519951031,0.00963603757940574));
#7116=CARTESIAN_POINT('',(0.073,0.0236092519951031,0.00963603757940572));
#7117=CARTESIAN_POINT('',(0.073,0.00919388079150843,0.0133066421174837));
#7118=CARTESIAN_POINT('',(0.0547,-0.0230219922702972,-0.0110868071513393));
#7119=CARTESIAN_POINT('',(0.0547,0.,0.));
#7120=CARTESIAN_POINT('',(0.0547,0.0254521210573039,0.00156190066404572));
#7121=CARTESIAN_POINT('',(0.0547,0.0254521210573039,-0.00156190066404573));
#7122=CARTESIAN_POINT('',(0.0547,-0.00922192908955235,-0.0275330820252271));
#7123=CARTESIAN_POINT('',(0.0547,0.02514,0.0013));
#7124=CARTESIAN_POINT('',(0.0547,0.02514,-0.0110868071513393));
#7125=CARTESIAN_POINT('',(0.0547,0.02514,-0.0013));
#7126=CARTESIAN_POINT('',(0.0547,0.0016964445492138,0.0183714787319986));
#7127=CARTESIAN_POINT('',(-0.073,0.02514,0.00065));
#7128=CARTESIAN_POINT('',(0.,0.02514,0.00129999999999133));
#7129=CARTESIAN_POINT('',(0.073,0.02514,0.00129999999999998));
#7130=CARTESIAN_POINT('',(0.073,0.02514,-0.0228));
#7131=CARTESIAN_POINT('',(0.073,0.02514,-0.0013));
#7132=CARTESIAN_POINT('',(-0.073,0.02514,-0.00129999999999133));
#7133=CARTESIAN_POINT('',(0.,0.0252960605286519,0.00143095033202286));
#7134=CARTESIAN_POINT('',(-0.061,0.0254521210573034,0.00156190066405397));
#7135=CARTESIAN_POINT('',(0.073,0.0254521210573039,0.00156190066404572));
#7136=CARTESIAN_POINT('',(0.073,-0.00147969101719431,-0.021036572914307));
#7137=CARTESIAN_POINT('',(0.,0.0252960605286519,-0.00143095033202286));
#7138=CARTESIAN_POINT('',(-0.061,0.0254521210573034,-0.00156190066405397));
#7139=CARTESIAN_POINT('',(0.073,0.0254521210573039,-0.00156190066404573));
#7140=CARTESIAN_POINT('',(0.073,0.0209739257514347,0.00219575136539275));
#7141=CARTESIAN_POINT('',(0.0547,-0.0230219922702972,-0.0110868071513393));
#7142=CARTESIAN_POINT('',(0.0547,0.,0.));
#7143=CARTESIAN_POINT('',(0.0547,0.0236092519951031,-0.00963603757940574));
#7144=CARTESIAN_POINT('',(0.0547,0.022253885394652,-0.0124504853255484));
#7145=CARTESIAN_POINT('',(0.0547,-0.0205295706515086,-0.0208751628453351));
#7146=CARTESIAN_POINT('',(0.0547,0.0232144062000635,-0.00973657767279938));
#7147=CARTESIAN_POINT('',(0.0547,0.0139823424684633,-0.0289071555467108));
#7148=CARTESIAN_POINT('',(0.0547,0.0220863084783924,-0.0120790967293624));
#7149=CARTESIAN_POINT('',(0.0547,0.0140839199471823,0.00565601804108692));
#7150=CARTESIAN_POINT('',(-0.073,0.0229323817696457,-0.0103222074369401));
#7151=CARTESIAN_POINT('',(-0.073,0.0232144062000634,-0.00973657767279939));
#7152=CARTESIAN_POINT('',(0.073,0.0232144062000635,-0.00973657767279939));
#7153=CARTESIAN_POINT('',(0.073,0.0137374784393023,-0.0294156209425337));
#7154=CARTESIAN_POINT('',(0.073,0.0220863084783924,-0.0120790967293624));
#7155=CARTESIAN_POINT('',(-0.073,0.0220863084783924,-0.0120790967293623));
#7156=CARTESIAN_POINT('',(-0.073,0.0236698207992645,-0.00962061486678317));
#7157=CARTESIAN_POINT('',(-0.061,0.0236092519951031,-0.00963603757940574));
#7158=CARTESIAN_POINT('',(0.073,0.0236092519951031,-0.00963603757940575));
#7159=CARTESIAN_POINT('',(0.073,-0.00171030992009415,-0.0160831902441178));
#7160=CARTESIAN_POINT('',(-0.073,0.0222795914640857,-0.0125074558275336));
#7161=CARTESIAN_POINT('',(-0.061,0.022253885394652,-0.0124504853255483));
#7162=CARTESIAN_POINT('',(0.073,0.022253885394652,-0.0124504853255484));
#7163=CARTESIAN_POINT('',(0.073,0.0223694188767424,-0.0127065338236576));
#7164=CARTESIAN_POINT('',(0.0547,-0.0230219922702972,-0.0110868071513393));
#7165=CARTESIAN_POINT('',(0.0547,0.,0.));
#7166=CARTESIAN_POINT('',(0.0547,0.0170902810267749,-0.0189254404024281));
#7167=CARTESIAN_POINT('',(0.0547,0.0146479948035216,-0.020873098673556));
#7168=CARTESIAN_POINT('',(0.0547,-0.0229695074001673,-0.0108271794599193));
#7169=CARTESIAN_POINT('',(0.0547,0.0166909145461694,-0.0188447067266241));
#7170=CARTESIAN_POINT('',(0.0547,-0.003802319001101,-0.0351875151331378));
#7171=CARTESIAN_POINT('',(0.0547,0.0146581526917725,-0.0204657802114819));
#7172=CARTESIAN_POINT('',(0.0547,0.0148684846064395,-0.0120317366493187));
#7173=CARTESIAN_POINT('',(-0.073,0.0161827240825701,-0.0192499750978386));
#7174=CARTESIAN_POINT('',(-0.073,0.0166909145461694,-0.0188447067266241));
#7175=CARTESIAN_POINT('',(0.073,0.0166909145461694,-0.0188447067266241));
#7176=CARTESIAN_POINT('',(0.073,0.00456035542003558,-0.0285185048222251));
#7177=CARTESIAN_POINT('',(0.073,0.0146581526917725,-0.0204657802114819));
#7178=CARTESIAN_POINT('',(-0.073,0.0146581526917725,-0.0204657802114819));
#7179=CARTESIAN_POINT('',(-0.073,0.0171515432979104,-0.0189378248377201));
#7180=CARTESIAN_POINT('',(-0.061,0.0170902810267749,-0.0189254404024281));
#7181=CARTESIAN_POINT('',(0.073,0.017090281026775,-0.0189254404024281));
#7182=CARTESIAN_POINT('',(0.073,0.00142350368744986,-0.0157583330360619));
#7183=CARTESIAN_POINT('',(-0.073,0.0146464365973766,-0.0209355807677574));
#7184=CARTESIAN_POINT('',(-0.061,0.0146479948035216,-0.020873098673556));
#7185=CARTESIAN_POINT('',(0.073,0.0146479948035216,-0.020873098673556));
#7186=CARTESIAN_POINT('',(0.073,0.0145908664462959,-0.0231638734912478));
#7187=CARTESIAN_POINT('',(0.0547,-0.0230219922702972,-0.0110868071513393));
#7188=CARTESIAN_POINT('',(0.0547,0.,0.));
#7189=CARTESIAN_POINT('',(0.0547,0.00718637030321701,-0.0244664276482089));
#7190=CARTESIAN_POINT('',(0.0547,0.00414088919637682,-0.0251615388373472));
#7191=CARTESIAN_POINT('',(0.0547,-0.018448408066793,-0.00504883760228109));
#7192=CARTESIAN_POINT('',(0.0547,0.00686158256643172,-0.0242204104978434));
#7193=CARTESIAN_POINT('',(0.0547,-0.0186930616817053,-0.0300530912888788));
#7194=CARTESIAN_POINT('',(0.0547,0.00432676999478126,-0.0247989649262275));
#7195=CARTESIAN_POINT('',(0.0547,0.00420143334008935,-0.0250434431159511));
#7196=CARTESIAN_POINT('',(-0.073,0.0062278794235191,-0.0243650491049394));
#7197=CARTESIAN_POINT('',(-0.073,0.00686158256643169,-0.0242204104978434));
#7198=CARTESIAN_POINT('',(0.073,0.0068615825664317,-0.0242204104978434));
#7199=CARTESIAN_POINT('',(0.073,0.00064790165387452,-0.0256386426183292));
#7200=CARTESIAN_POINT('',(0.073,0.00432676999478126,-0.0247989649262275));
#7201=CARTESIAN_POINT('',(-0.073,0.00432676999478126,-0.0247989649262275));
#7202=CARTESIAN_POINT('',(-0.073,0.00723619229719673,-0.0245041663421194));
#7203=CARTESIAN_POINT('',(-0.061,0.00718637030321699,-0.0244664276482089));
#7204=CARTESIAN_POINT('',(0.073,0.00718637030321701,-0.0244664276482089));
#7205=CARTESIAN_POINT('',(0.073,0.0018179333730473,-0.020399994695568));
#7206=CARTESIAN_POINT('',(-0.073,0.00411237533649185,-0.0252171571787162));
#7207=CARTESIAN_POINT('',(-0.061,0.00414088919637681,-0.0251615388373472));
#7208=CARTESIAN_POINT('',(0.073,0.00414088919637681,-0.0251615388373472));
#7209=CARTESIAN_POINT('',(0.073,0.00423776509825516,-0.0249725753998174));
#7210=CARTESIAN_POINT('',(0.0547,-0.0230219922702972,-0.0110868071513393));
#7211=CARTESIAN_POINT('',(0.0547,0.,0.));
#7212=CARTESIAN_POINT('',(0.0547,-0.0041408891963768,-0.0251615388373472));
#7213=CARTESIAN_POINT('',(0.0547,-0.007186370303217,-0.0244664276482089));
#7214=CARTESIAN_POINT('',(0.0547,-0.0137844832974697,-0.00635101262647979));
#7215=CARTESIAN_POINT('',(0.0547,-0.00432676999478124,-0.0247989649262275));
#7216=CARTESIAN_POINT('',(0.0547,-0.0250710289004498,-0.0200642231991076));
#7217=CARTESIAN_POINT('',(0.0547,-0.00686158256643169,-0.0242204104978434));
#7218=CARTESIAN_POINT('',(0.0547,-0.0108088713675636,-0.0272103655747684));
#7219=CARTESIAN_POINT('',(-0.073,-0.00496047313769388,-0.0246543263191314));
#7220=CARTESIAN_POINT('',(-0.073,-0.00432676999478129,-0.0247989649262275));
#7221=CARTESIAN_POINT('',(0.073,-0.00432676999478126,-0.0247989649262275));
#7222=CARTESIAN_POINT('',(0.073,-0.000647901653874507,-0.0256386426183291));
#7223=CARTESIAN_POINT('',(0.073,-0.00686158256643171,-0.0242204104978434));
#7224=CARTESIAN_POINT('',(-0.073,-0.00686158256643162,-0.0242204104978434));
#7225=CARTESIAN_POINT('',(-0.073,-0.00411237533649185,-0.0252171571787162));
#7226=CARTESIAN_POINT('',(-0.061,-0.00414088919637681,-0.0251615388373472));
#7227=CARTESIAN_POINT('',(0.073,-0.00414088919637681,-0.0251615388373472));
#7228=CARTESIAN_POINT('',(0.073,-0.00423776509825516,-0.0249725753998174));
#7229=CARTESIAN_POINT('',(-0.073,-0.00723619229719673,-0.0245041663421194));
#7230=CARTESIAN_POINT('',(-0.061,-0.00718637030321699,-0.0244664276482089));
#7231=CARTESIAN_POINT('',(0.073,-0.00718637030321701,-0.0244664276482089));
#7232=CARTESIAN_POINT('',(0.073,-0.0018179333730473,-0.020399994695568));
#7233=CARTESIAN_POINT('',(0.0547,-0.0230219922702972,-0.0110868071513393));
#7234=CARTESIAN_POINT('',(0.0547,0.,0.));
#7235=CARTESIAN_POINT('',(0.0547,-0.0146479948035216,-0.020873098673556));
#7236=CARTESIAN_POINT('',(0.0547,-0.0170902810267749,-0.0189254404024281));
#7237=CARTESIAN_POINT('',(0.0547,-0.0148971027564114,-0.0108841850572846));
#7238=CARTESIAN_POINT('',(0.0547,-0.0146581526917725,-0.0204657802114819));
#7239=CARTESIAN_POINT('',(0.0547,-0.0243425484901643,-0.0127427322746645));
#7240=CARTESIAN_POINT('',(0.0547,-0.0166909145461694,-0.0188447067266241));
#7241=CARTESIAN_POINT('',(0.0547,-0.0212667030965992,-0.0197697223383941));
#7242=CARTESIAN_POINT('',(-0.073,-0.0151663431553717,-0.0200605118402674));
#7243=CARTESIAN_POINT('',(-0.073,-0.0146581526917725,-0.0204657802114818));
#7244=CARTESIAN_POINT('',(0.073,-0.0146581526917725,-0.0204657802114819));
#7245=CARTESIAN_POINT('',(0.073,-0.00456035542003556,-0.0285185048222251));
#7246=CARTESIAN_POINT('',(0.073,-0.0166909145461694,-0.0188447067266241));
#7247=CARTESIAN_POINT('',(-0.073,-0.0166909145461693,-0.0188447067266241));
#7248=CARTESIAN_POINT('',(-0.073,-0.0146464365973766,-0.0209355807677574));
#7249=CARTESIAN_POINT('',(-0.061,-0.0146479948035216,-0.020873098673556));
#7250=CARTESIAN_POINT('',(0.073,-0.0146479948035216,-0.020873098673556));
#7251=CARTESIAN_POINT('',(0.073,-0.0145908664462959,-0.0231638734912478));
#7252=CARTESIAN_POINT('',(-0.073,-0.0171515432979104,-0.0189378248377201));
#7253=CARTESIAN_POINT('',(-0.061,-0.0170902810267749,-0.0189254404024281));
#7254=CARTESIAN_POINT('',(0.073,-0.017090281026775,-0.0189254404024281));
#7255=CARTESIAN_POINT('',(0.073,-0.00142350368744986,-0.0157583330360619));
#7256=CARTESIAN_POINT('',(0.073,0.,-0.0228));
#7257=CARTESIAN_POINT('',(0.073,0.00171030992009415,-0.0160831902441178));
#7258=CARTESIAN_POINT('',(0.073,-0.0236092519951031,-0.00963603757940575));
#7259=CARTESIAN_POINT('',(0.073,-0.0232144062000634,-0.00973657767279941));
#7260=CARTESIAN_POINT('',(0.073,-0.0137374784393024,-0.0294156209425338));
#7261=CARTESIAN_POINT('',(0.073,-0.0220863084783924,-0.0120790967293624));
#7262=CARTESIAN_POINT('',(0.073,-0.0223694188767424,-0.0127065338236576));
#7263=CARTESIAN_POINT('',(0.073,-0.022253885394652,-0.0124504853255484));
#7264=CARTESIAN_POINT('',(0.073,0.,0.));
#7265=CARTESIAN_POINT('',(0.073,0.,0.));
#7266=CARTESIAN_POINT('',(0.073,0.,0.));
#7267=CARTESIAN_POINT('',(0.073,0.,0.));
#7268=CARTESIAN_POINT('',(0.073,0.,0.));
#7269=CARTESIAN_POINT('',(0.073,0.,0.));
#7270=CARTESIAN_POINT('',(0.073,0.,0.));
#7271=CARTESIAN_POINT('',(0.073,0.,0.));
#7272=CARTESIAN_POINT('',(0.073,0.,0.));
#7273=CARTESIAN_POINT('',(0.073,0.,0.));
#7274=CARTESIAN_POINT('',(0.073,0.,0.));
#7275=CARTESIAN_POINT('',(0.073,0.,0.));
#7276=CARTESIAN_POINT('',(0.073,0.,0.));
#7277=CARTESIAN_POINT('',(0.073,0.,0.));
#7278=CARTESIAN_POINT('',(0.073,0.,0.));
#7279=CARTESIAN_POINT('',(0.073,0.,-0.0201));
#7280=CARTESIAN_POINT('',(0.0547,-0.0230219922702972,-0.0110868071513393));
#7281=CARTESIAN_POINT('',(0.0547,0.,0.));
#7282=CARTESIAN_POINT('',(0.0547,-0.022253885394652,-0.0124504853255484));
#7283=CARTESIAN_POINT('',(0.0547,-0.0236092519951031,-0.00963603757940575));
#7284=CARTESIAN_POINT('',(0.0547,-0.0218725859808098,-0.0116054390196834));
#7285=CARTESIAN_POINT('',(0.0547,-0.0220863084783924,-0.0120790967293623));
#7286=CARTESIAN_POINT('',(0.0547,-0.022650357339228,-0.0109078372010808));
#7287=CARTESIAN_POINT('',(0.0547,-0.0232144062000635,-0.0097365776727994));
#7288=CARTESIAN_POINT('',(0.0547,-0.0227108318930561,-0.00986480344724909));
#7289=CARTESIAN_POINT('',(-0.073,-0.0223683329088102,-0.0114934669652216));
#7290=CARTESIAN_POINT('',(-0.073,-0.0220863084783924,-0.0120790967293623));
#7291=CARTESIAN_POINT('',(-0.073,-0.0232144062000635,-0.00973657767279938));
#7292=CARTESIAN_POINT('',(-0.073,-0.0222795914640857,-0.0125074558275336));
#7293=CARTESIAN_POINT('',(-0.061,-0.022253885394652,-0.0124504853255483));
#7294=CARTESIAN_POINT('',(-0.073,-0.0236698207992645,-0.00962061486678317));
#7295=CARTESIAN_POINT('',(-0.061,-0.0236092519951031,-0.00963603757940574));
#7296=CARTESIAN_POINT('',(0.0245,0.,0.0388));
#7297=CARTESIAN_POINT('',(0.0245,0.,0.));
#7298=CARTESIAN_POINT('',(0.0245,0.,0.042));
#7299=CARTESIAN_POINT('',(0.0245,0.,0.));
#7300=CARTESIAN_POINT('',(0.0245,0.,-0.034));
#7301=CARTESIAN_POINT('',(0.0515,0.,0.03105));
#7302=CARTESIAN_POINT('',(0.0515,0.,0.));
#7303=CARTESIAN_POINT('',(0.0515,0.,-0.0287));
#7304=CARTESIAN_POINT('',(0.0515,0.,0.));
#7305=CARTESIAN_POINT('',(0.0515,0.,0.0334));
#7306=CARTESIAN_POINT('',(-0.0283571428571,-0.0408,0.002));
#7307=CARTESIAN_POINT('',(0.046534787685,-0.0408,0.00996794863550173));
#7308=CARTESIAN_POINT('',(0.0479006334646744,-0.0407999999999997,0.));
#7309=CARTESIAN_POINT('',(0.046534787685,-0.0408,-0.00996794863550173));
#7310=CARTESIAN_POINT('',(0.0471146727984066,-0.0408,0.00400000000000012));
#7311=CARTESIAN_POINT('',(0.0471146727984067,-0.0407999999999995,-0.00400000000000458));
#7312=CARTESIAN_POINT('',(-0.0283571428571,-0.0408,0.004));
#7313=CARTESIAN_POINT('',(0.0283571428571,-0.0408,0.004));
#7314=CARTESIAN_POINT('',(0.0283571428571,-0.0408,0.002));
#7315=CARTESIAN_POINT('',(0.0283571428571,-0.0408,-0.004));
#7316=CARTESIAN_POINT('',(-0.0283571428571,-0.0408,-0.004));
#7317=CARTESIAN_POINT('',(-0.0283571428571,-0.042,-0.0050069195574));
#7318=CARTESIAN_POINT('',(-0.0355173938425,-0.0417273243014002,-0.00477811747927685));
#7319=CARTESIAN_POINT('',(0.046534787685,-0.0417273243014003,-0.00477811747927684));
#7320=CARTESIAN_POINT('',(0.0283571428571,-0.0417273243014003,-0.00477811747927685));
#7321=CARTESIAN_POINT('',(0.0515,-0.0333224720867161,0.00227439091407496));
#7322=CARTESIAN_POINT('',(0.0494782763881188,-0.0370455763834061,-0.000849664528072646));
#7323=CARTESIAN_POINT('',(0.046534787685,-0.0417273243014003,-0.00477811747927685));
#7324=CARTESIAN_POINT('',(0.0283571428571,-0.042,-0.0050069195574));
#7325=CARTESIAN_POINT('',(-0.0283571428571,-0.042,0.0050069195574));
#7326=CARTESIAN_POINT('',(-0.0355173938425,-0.0417273243014002,0.00477811747927685));
#7327=CARTESIAN_POINT('',(0.0283571428571,-0.0417273243014003,0.00477811747927685));
#7328=CARTESIAN_POINT('',(0.046534787685,-0.0417273243014003,0.00477811747927685));
#7329=CARTESIAN_POINT('',(0.0283571428571,-0.042,0.0050069195574));
#7330=CARTESIAN_POINT('',(0.046534787685,-0.0417273243014003,0.00477811747927685));
#7331=CARTESIAN_POINT('',(0.0494782763881188,-0.0370455763834061,0.000849664528072646));
#7332=CARTESIAN_POINT('',(0.0515,-0.0333224720867161,-0.00227439091407496));
#7333=CARTESIAN_POINT('',(0.0283571428571,-0.0365322570551829,0.0210919084445355));
#7334=CARTESIAN_POINT('',(0.0283571428571,0.,0.));
#7335=CARTESIAN_POINT('',(-0.0283571428571,-0.0363338364745503,-0.0186679491921484));
#7336=CARTESIAN_POINT('',(0.046534787685,-0.0403178107922475,-0.0117675032577234));
#7337=CARTESIAN_POINT('',(0.0479006334646744,-0.0353338364745638,-0.0203999999997251));
#7338=CARTESIAN_POINT('',(0.046534787685,-0.0303498621568801,-0.0290324967417268));
#7339=CARTESIAN_POINT('',(0.0471146727984066,-0.037333836474537,-0.0169358983845717));
#7340=CARTESIAN_POINT('',(0.0471146727984067,-0.033333836474588,-0.0238641016148821));
#7341=CARTESIAN_POINT('',(-0.0283571428571,-0.0373338364745368,-0.0169358983845718));
#7342=CARTESIAN_POINT('',(0.0283571428571,-0.0373338364745369,-0.0169358983845718));
#7343=CARTESIAN_POINT('',(0.0283571428571,-0.0363338364745503,-0.0186679491921484));
#7344=CARTESIAN_POINT('',(0.0283571428571,-0.0333338364745908,-0.0238641016148784));
#7345=CARTESIAN_POINT('',(-0.0283571428571,-0.0333338364745908,-0.0238641016148783));
#7346=CARTESIAN_POINT('',(-0.0283571428571,-0.0388765267377761,-0.016663880468284));
#7347=CARTESIAN_POINT('',(0.046534787685,-0.038525981616733,-0.0167256910310801));
#7348=CARTESIAN_POINT('',(0.0494782763881187,-0.0325072425100415,-0.0177869571254446));
#7349=CARTESIAN_POINT('',(0.0515,-0.0277209118871015,-0.0186309163528678));
#7350=CARTESIAN_POINT('',(0.046534787685,-0.038525981616733,-0.0167256910310801));
#7351=CARTESIAN_POINT('',(-0.0355173938425,-0.038525981616733,-0.0167256910310802));
#7352=CARTESIAN_POINT('',(0.0283571428571,-0.038525981616733,-0.0167256910310802));
#7353=CARTESIAN_POINT('',(0.0283571428571,-0.0388765267377761,-0.016663880468284));
#7354=CARTESIAN_POINT('',(0.0283571428571,-0.0365322570551829,0.0210919084445355));
#7355=CARTESIAN_POINT('',(0.0283571428571,0.,0.));
#7356=CARTESIAN_POINT('',(0.0283571428571,-0.0337478641375205,-0.0250016332697578));
#7357=CARTESIAN_POINT('',(0.0283571428571,-0.0338696071804436,-0.02533611953115));
#7358=CARTESIAN_POINT('',(-0.0283571428571,-0.0338696071804436,-0.02533611953115));
#7359=CARTESIAN_POINT('',(0.0515,-0.0299953028011458,-0.0146915557333992));
#7360=CARTESIAN_POINT('',(0.0494782763881186,-0.0316575779819803,-0.0192586192574627));
#7361=CARTESIAN_POINT('',(0.046534787685,-0.0337478641375205,-0.0250016332697578));
#7362=CARTESIAN_POINT('',(0.046534787685,-0.0337478641375205,-0.0250016332697578));
#7363=CARTESIAN_POINT('',(-0.0355173938425,-0.0337478641375205,-0.0250016332697578));
#7364=CARTESIAN_POINT('',(-0.0283571428571,-0.0221320508073017,-0.0343338364745773));
#7365=CARTESIAN_POINT('',(0.046534787685,-0.0290324967417268,-0.0303498621568801));
#7366=CARTESIAN_POINT('',(0.0479006334646744,-0.0203999999997251,-0.0353338364745638));
#7367=CARTESIAN_POINT('',(0.046534787685,-0.0117675032577234,-0.0403178107922475));
#7368=CARTESIAN_POINT('',(0.0471146727984066,-0.0238641016148785,-0.0333338364745907));
#7369=CARTESIAN_POINT('',(0.0471146727984067,-0.0169358983845675,-0.0373338364745387));
#7370=CARTESIAN_POINT('',(-0.0283571428571,-0.0238641016148783,-0.0333338364745908));
#7371=CARTESIAN_POINT('',(0.0283571428571,-0.0238641016148784,-0.0333338364745907));
#7372=CARTESIAN_POINT('',(0.0283571428571,-0.0221320508073017,-0.0343338364745773));
#7373=CARTESIAN_POINT('',(0.0283571428571,-0.0169358983845718,-0.0373338364745368));
#7374=CARTESIAN_POINT('',(-0.0283571428571,-0.0169358983845718,-0.0373338364745368));
#7375=CARTESIAN_POINT('',(-0.0283571428571,-0.02533611953115,-0.0338696071804436));
#7376=CARTESIAN_POINT('',(0.046534787685,-0.0250016332697578,-0.0337478641375205));
#7377=CARTESIAN_POINT('',(0.0494782763881185,-0.0192586192574628,-0.0316575779819803));
#7378=CARTESIAN_POINT('',(0.0515,-0.0146915557333992,-0.0299953028011458));
#7379=CARTESIAN_POINT('',(0.046534787685,-0.0250016332697578,-0.0337478641375205));
#7380=CARTESIAN_POINT('',(-0.0355173938425,-0.0250016332697578,-0.0337478641375205));
#7381=CARTESIAN_POINT('',(0.0283571428571,-0.0250016332697578,-0.0337478641375205));
#7382=CARTESIAN_POINT('',(0.0283571428571,-0.02533611953115,-0.0338696071804436));
#7383=CARTESIAN_POINT('',(0.0283571428571,-0.0365322570551829,0.0210919084445355));
#7384=CARTESIAN_POINT('',(0.0283571428571,0.,0.));
#7385=CARTESIAN_POINT('',(0.0283571428571,-0.0167256910310802,-0.0385259816167329));
#7386=CARTESIAN_POINT('',(0.0283571428571,-0.016663880468284,-0.0388765267377761));
#7387=CARTESIAN_POINT('',(-0.0283571428571,-0.016663880468284,-0.0388765267377761));
#7388=CARTESIAN_POINT('',(0.0515,-0.0186309163528678,-0.0277209118871015));
#7389=CARTESIAN_POINT('',(0.0494782763881185,-0.0177869571254446,-0.0325072425100419));
#7390=CARTESIAN_POINT('',(0.046534787685,-0.0167256910310801,-0.038525981616733));
#7391=CARTESIAN_POINT('',(0.046534787685,-0.0167256910310801,-0.038525981616733));
#7392=CARTESIAN_POINT('',(-0.0355173938425,-0.0167256910310802,-0.038525981616733));
#7393=CARTESIAN_POINT('',(-0.0283571428571,-0.002,-0.0408));
#7394=CARTESIAN_POINT('',(0.046534787685,-0.00996794863550173,-0.0408));
#7395=CARTESIAN_POINT('',(0.0479006334646744,0.,-0.0407999999999997));
#7396=CARTESIAN_POINT('',(0.046534787685,0.00996794863550173,-0.0408));
#7397=CARTESIAN_POINT('',(0.0471146727984066,-0.00400000000000012,-0.0408));
#7398=CARTESIAN_POINT('',(0.0471146727984067,0.00400000000000457,-0.0407999999999995));
#7399=CARTESIAN_POINT('',(-0.0283571428571,-0.004,-0.0408));
#7400=CARTESIAN_POINT('',(0.0283571428571,-0.004,-0.0408));
#7401=CARTESIAN_POINT('',(0.0283571428571,-0.002,-0.0408));
#7402=CARTESIAN_POINT('',(0.0283571428571,0.004,-0.0408));
#7403=CARTESIAN_POINT('',(-0.0283571428571,0.004,-0.0408));
#7404=CARTESIAN_POINT('',(-0.0283571428571,-0.0050069195574,-0.042));
#7405=CARTESIAN_POINT('',(0.046534787685,-0.00477811747927685,-0.0417273243014003));
#7406=CARTESIAN_POINT('',(0.0494782763881188,-0.000849664528072814,-0.0370455763834063));
#7407=CARTESIAN_POINT('',(0.0515,0.00227439091407496,-0.0333224720867161));
#7408=CARTESIAN_POINT('',(0.046534787685,-0.00477811747927684,-0.0417273243014003));
#7409=CARTESIAN_POINT('',(-0.0355173938425,-0.00477811747927685,-0.0417273243014002));
#7410=CARTESIAN_POINT('',(0.0283571428571,-0.00477811747927686,-0.0417273243014003));
#7411=CARTESIAN_POINT('',(0.0283571428571,-0.0050069195574,-0.042));
#7412=CARTESIAN_POINT('',(0.0283571428571,-0.0365322570551829,0.0210919084445355));
#7413=CARTESIAN_POINT('',(0.0283571428571,0.,0.));
#7414=CARTESIAN_POINT('',(0.0283571428571,0.00477811747927685,-0.0417273243014003));
#7415=CARTESIAN_POINT('',(0.0283571428571,0.0050069195574,-0.042));
#7416=CARTESIAN_POINT('',(-0.0283571428571,0.0050069195574,-0.042));
#7417=CARTESIAN_POINT('',(0.0515,-0.00227439091407496,-0.0333224720867161));
#7418=CARTESIAN_POINT('',(0.0494782763881188,0.000849664528072814,-0.0370455763834063));
#7419=CARTESIAN_POINT('',(0.046534787685,0.00477811747927685,-0.0417273243014003));
#7420=CARTESIAN_POINT('',(0.046534787685,0.00477811747927684,-0.0417273243014003));
#7421=CARTESIAN_POINT('',(-0.0355173938425,0.00477811747927685,-0.0417273243014002));
#7422=CARTESIAN_POINT('',(-0.0283571428571,0.0186679491921484,-0.0363338364745503));
#7423=CARTESIAN_POINT('',(0.046534787685,0.0117675032577234,-0.0403178107922475));
#7424=CARTESIAN_POINT('',(0.0479006334646744,0.0203999999997251,-0.0353338364745638));
#7425=CARTESIAN_POINT('',(0.046534787685,0.0290324967417268,-0.0303498621568801));
#7426=CARTESIAN_POINT('',(0.0471146727984066,0.0169358983845717,-0.037333836474537));
#7427=CARTESIAN_POINT('',(0.0471146727984067,0.0238641016148821,-0.033333836474588));
#7428=CARTESIAN_POINT('',(-0.0283571428571,0.0169358983845718,-0.0373338364745368));
#7429=CARTESIAN_POINT('',(0.0283571428571,0.0169358983845718,-0.0373338364745369));
#7430=CARTESIAN_POINT('',(0.0283571428571,0.0186679491921484,-0.0363338364745503));
#7431=CARTESIAN_POINT('',(0.0283571428571,0.0238641016148784,-0.0333338364745908));
#7432=CARTESIAN_POINT('',(-0.0283571428571,0.0238641016148783,-0.0333338364745908));
#7433=CARTESIAN_POINT('',(-0.0283571428571,0.016663880468284,-0.0388765267377761));
#7434=CARTESIAN_POINT('',(0.046534787685,0.0167256910310801,-0.038525981616733));
#7435=CARTESIAN_POINT('',(0.0494782763881185,0.0177869571254446,-0.0325072425100419));
#7436=CARTESIAN_POINT('',(0.0515,0.0186309163528678,-0.0277209118871015));
#7437=CARTESIAN_POINT('',(0.046534787685,0.0167256910310801,-0.038525981616733));
#7438=CARTESIAN_POINT('',(-0.0355173938425,0.0167256910310802,-0.038525981616733));
#7439=CARTESIAN_POINT('',(0.0283571428571,0.0167256910310802,-0.038525981616733));
#7440=CARTESIAN_POINT('',(0.0283571428571,0.016663880468284,-0.0388765267377761));
#7441=CARTESIAN_POINT('',(0.0283571428571,-0.0365322570551829,0.0210919084445355));
#7442=CARTESIAN_POINT('',(0.0283571428571,0.,0.));
#7443=CARTESIAN_POINT('',(0.0283571428571,0.0250016332697578,-0.0337478641375205));
#7444=CARTESIAN_POINT('',(0.0283571428571,0.02533611953115,-0.0338696071804436));
#7445=CARTESIAN_POINT('',(-0.0283571428571,0.02533611953115,-0.0338696071804436));
#7446=CARTESIAN_POINT('',(0.0515,0.0146915557333992,-0.0299953028011458));
#7447=CARTESIAN_POINT('',(0.0494782763881185,0.0192586192574628,-0.0316575779819803));
#7448=CARTESIAN_POINT('',(0.046534787685,0.0250016332697578,-0.0337478641375205));
#7449=CARTESIAN_POINT('',(0.046534787685,0.0250016332697578,-0.0337478641375205));
#7450=CARTESIAN_POINT('',(-0.0355173938425,0.0250016332697578,-0.0337478641375205));
#7451=CARTESIAN_POINT('',(-0.0283571428571,0.0343338364745773,-0.0221320508073017));
#7452=CARTESIAN_POINT('',(0.046534787685,0.0303498621568801,-0.0290324967417268));
#7453=CARTESIAN_POINT('',(0.0479006334646744,0.0353338364745638,-0.0203999999997251));
#7454=CARTESIAN_POINT('',(0.046534787685,0.0403178107922475,-0.0117675032577234));
#7455=CARTESIAN_POINT('',(0.0471146727984066,0.0333338364745907,-0.0238641016148785));
#7456=CARTESIAN_POINT('',(0.0471146727984067,0.0373338364745387,-0.0169358983845675));
#7457=CARTESIAN_POINT('',(-0.0283571428571,0.0333338364745908,-0.0238641016148783));
#7458=CARTESIAN_POINT('',(0.0283571428571,0.0333338364745907,-0.0238641016148784));
#7459=CARTESIAN_POINT('',(0.0283571428571,0.0343338364745773,-0.0221320508073017));
#7460=CARTESIAN_POINT('',(0.0283571428571,0.0373338364745368,-0.0169358983845718));
#7461=CARTESIAN_POINT('',(-0.0283571428571,0.0373338364745368,-0.0169358983845718));
#7462=CARTESIAN_POINT('',(-0.0283571428571,0.0338696071804436,-0.02533611953115));
#7463=CARTESIAN_POINT('',(0.046534787685,0.0337478641375205,-0.0250016332697578));
#7464=CARTESIAN_POINT('',(0.0494782763881186,0.0316575779819803,-0.0192586192574627));
#7465=CARTESIAN_POINT('',(0.0515,0.0299953028011458,-0.0146915557333992));
#7466=CARTESIAN_POINT('',(0.046534787685,0.0337478641375205,-0.0250016332697578));
#7467=CARTESIAN_POINT('',(-0.0355173938425,0.0337478641375205,-0.0250016332697578));
#7468=CARTESIAN_POINT('',(0.0283571428571,0.0337478641375205,-0.0250016332697578));
#7469=CARTESIAN_POINT('',(0.0283571428571,0.0338696071804436,-0.02533611953115));
#7470=CARTESIAN_POINT('',(0.0283571428571,-0.0365322570551829,0.0210919084445355));
#7471=CARTESIAN_POINT('',(0.0283571428571,0.,0.));
#7472=CARTESIAN_POINT('',(0.0283571428571,0.0385259816167329,-0.0167256910310802));
#7473=CARTESIAN_POINT('',(0.0283571428571,0.0388765267377761,-0.016663880468284));
#7474=CARTESIAN_POINT('',(-0.0283571428571,0.0388765267377761,-0.016663880468284));
#7475=CARTESIAN_POINT('',(0.0515,0.0277209118871015,-0.0186309163528678));
#7476=CARTESIAN_POINT('',(0.0494782763881187,0.0325072425100415,-0.0177869571254446));
#7477=CARTESIAN_POINT('',(0.046534787685,0.038525981616733,-0.0167256910310801));
#7478=CARTESIAN_POINT('',(0.046534787685,0.038525981616733,-0.0167256910310801));
#7479=CARTESIAN_POINT('',(-0.0355173938425,0.038525981616733,-0.0167256910310802));
#7480=CARTESIAN_POINT('',(-0.0283571428571,0.0408,-0.002));
#7481=CARTESIAN_POINT('',(0.046534787685,0.0408,-0.00996794863550173));
#7482=CARTESIAN_POINT('',(0.0479006334646744,0.0407999999999997,0.));
#7483=CARTESIAN_POINT('',(0.046534787685,0.0408,0.00996794863550173));
#7484=CARTESIAN_POINT('',(0.0471146727984066,0.0408,-0.00400000000000012));
#7485=CARTESIAN_POINT('',(0.0471146727984067,0.0407999999999995,0.00400000000000458));
#7486=CARTESIAN_POINT('',(-0.0283571428571,0.0408,-0.004));
#7487=CARTESIAN_POINT('',(0.0283571428571,0.0408,-0.004));
#7488=CARTESIAN_POINT('',(0.0283571428571,0.0408,-0.002));
#7489=CARTESIAN_POINT('',(0.0283571428571,0.0408,0.004));
#7490=CARTESIAN_POINT('',(-0.0283571428571,0.0408,0.004));
#7491=CARTESIAN_POINT('',(-0.0283571428571,0.042,-0.0050069195574));
#7492=CARTESIAN_POINT('',(0.046534787685,0.0417273243014003,-0.00477811747927685));
#7493=CARTESIAN_POINT('',(0.0494782763881188,0.0370455763834061,-0.000849664528072646));
#7494=CARTESIAN_POINT('',(0.0515,0.0333224720867161,0.00227439091407496));
#7495=CARTESIAN_POINT('',(0.046534787685,0.0417273243014003,-0.00477811747927684));
#7496=CARTESIAN_POINT('',(-0.0355173938425,0.0417273243014002,-0.00477811747927685));
#7497=CARTESIAN_POINT('',(0.0283571428571,0.0417273243014003,-0.00477811747927686));
#7498=CARTESIAN_POINT('',(0.0283571428571,0.042,-0.0050069195574));
#7499=CARTESIAN_POINT('',(0.0283571428571,-0.0365322570551829,0.0210919084445355));
#7500=CARTESIAN_POINT('',(0.0283571428571,0.,0.));
#7501=CARTESIAN_POINT('',(0.0283571428571,0.0417273243014003,0.00477811747927685));
#7502=CARTESIAN_POINT('',(0.0283571428571,0.042,0.0050069195574));
#7503=CARTESIAN_POINT('',(-0.0283571428571,0.042,0.0050069195574));
#7504=CARTESIAN_POINT('',(0.0515,0.0333224720867161,-0.00227439091407496));
#7505=CARTESIAN_POINT('',(0.0494782763881188,0.0370455763834061,0.000849664528072646));
#7506=CARTESIAN_POINT('',(0.046534787685,0.0417273243014003,0.00477811747927685));
#7507=CARTESIAN_POINT('',(0.046534787685,0.0417273243014003,0.00477811747927684));
#7508=CARTESIAN_POINT('',(-0.0355173938425,0.0417273243014002,0.00477811747927685));
#7509=CARTESIAN_POINT('',(-0.0283571428571,0.0363338364745503,0.0186679491921484));
#7510=CARTESIAN_POINT('',(0.046534787685,0.0403178107922475,0.0117675032577234));
#7511=CARTESIAN_POINT('',(0.0479006334646744,0.0353338364745638,0.0203999999997251));
#7512=CARTESIAN_POINT('',(0.046534787685,0.0303498621568801,0.0290324967417268));
#7513=CARTESIAN_POINT('',(0.0471146727984066,0.037333836474537,0.0169358983845717));
#7514=CARTESIAN_POINT('',(0.0471146727984067,0.033333836474588,0.0238641016148821));
#7515=CARTESIAN_POINT('',(-0.0283571428571,0.0373338364745368,0.0169358983845718));
#7516=CARTESIAN_POINT('',(0.0283571428571,0.0373338364745369,0.0169358983845718));
#7517=CARTESIAN_POINT('',(0.0283571428571,0.0363338364745503,0.0186679491921484));
#7518=CARTESIAN_POINT('',(0.0283571428571,0.0333338364745908,0.0238641016148784));
#7519=CARTESIAN_POINT('',(-0.0283571428571,0.0333338364745908,0.0238641016148783));
#7520=CARTESIAN_POINT('',(-0.0283571428571,0.0388765267377761,0.016663880468284));
#7521=CARTESIAN_POINT('',(0.046534787685,0.038525981616733,0.0167256910310801));
#7522=CARTESIAN_POINT('',(0.0494782763881187,0.0325072425100415,0.0177869571254446));
#7523=CARTESIAN_POINT('',(0.0515,0.0277209118871015,0.0186309163528678));
#7524=CARTESIAN_POINT('',(0.046534787685,0.038525981616733,0.0167256910310801));
#7525=CARTESIAN_POINT('',(-0.0355173938425,0.038525981616733,0.0167256910310802));
#7526=CARTESIAN_POINT('',(0.0283571428571,0.038525981616733,0.0167256910310802));
#7527=CARTESIAN_POINT('',(0.0283571428571,0.0388765267377761,0.016663880468284));
#7528=CARTESIAN_POINT('',(0.0283571428571,-0.0365322570551829,0.0210919084445355));
#7529=CARTESIAN_POINT('',(0.0283571428571,0.,0.));
#7530=CARTESIAN_POINT('',(0.0283571428571,0.0337478641375205,0.0250016332697578));
#7531=CARTESIAN_POINT('',(0.0283571428571,0.0338696071804436,0.02533611953115));
#7532=CARTESIAN_POINT('',(-0.0283571428571,0.0338696071804436,0.02533611953115));
#7533=CARTESIAN_POINT('',(0.0515,0.0299953028011458,0.0146915557333992));
#7534=CARTESIAN_POINT('',(0.0494782763881186,0.0316575779819803,0.0192586192574627));
#7535=CARTESIAN_POINT('',(0.046534787685,0.0337478641375205,0.0250016332697578));
#7536=CARTESIAN_POINT('',(0.046534787685,0.0337478641375205,0.0250016332697578));
#7537=CARTESIAN_POINT('',(-0.0355173938425,0.0337478641375205,0.0250016332697578));
#7538=CARTESIAN_POINT('',(-0.0283571428571,0.0221320508073017,0.0343338364745773));
#7539=CARTESIAN_POINT('',(0.046534787685,0.0290324967417268,0.0303498621568801));
#7540=CARTESIAN_POINT('',(0.0479006334646744,0.0203999999997251,0.0353338364745638));
#7541=CARTESIAN_POINT('',(0.046534787685,0.0117675032577234,0.0403178107922475));
#7542=CARTESIAN_POINT('',(0.0471146727984066,0.0238641016148785,0.0333338364745907));
#7543=CARTESIAN_POINT('',(0.0471146727984067,0.0169358983845675,0.0373338364745387));
#7544=CARTESIAN_POINT('',(-0.0283571428571,0.0238641016148783,0.0333338364745908));
#7545=CARTESIAN_POINT('',(0.0283571428571,0.0238641016148784,0.0333338364745907));
#7546=CARTESIAN_POINT('',(0.0283571428571,0.0221320508073017,0.0343338364745773));
#7547=CARTESIAN_POINT('',(0.0283571428571,0.0169358983845718,0.0373338364745368));
#7548=CARTESIAN_POINT('',(-0.0283571428571,0.0169358983845718,0.0373338364745368));
#7549=CARTESIAN_POINT('',(-0.0283571428571,0.02533611953115,0.0338696071804436));
#7550=CARTESIAN_POINT('',(0.046534787685,0.0250016332697578,0.0337478641375205));
#7551=CARTESIAN_POINT('',(0.0494782763881185,0.0192586192574628,0.0316575779819803));
#7552=CARTESIAN_POINT('',(0.0515,0.0146915557333992,0.0299953028011458));
#7553=CARTESIAN_POINT('',(0.046534787685,0.0250016332697578,0.0337478641375205));
#7554=CARTESIAN_POINT('',(-0.0355173938425,0.0250016332697578,0.0337478641375205));
#7555=CARTESIAN_POINT('',(0.0283571428571,0.0250016332697578,0.0337478641375205));
#7556=CARTESIAN_POINT('',(0.0283571428571,0.02533611953115,0.0338696071804436));
#7557=CARTESIAN_POINT('',(0.0283571428571,-0.0365322570551829,0.0210919084445355));
#7558=CARTESIAN_POINT('',(0.0283571428571,0.,0.));
#7559=CARTESIAN_POINT('',(0.0283571428571,0.0167256910310802,0.0385259816167329));
#7560=CARTESIAN_POINT('',(0.0283571428571,0.016663880468284,0.0388765267377761));
#7561=CARTESIAN_POINT('',(-0.0283571428571,0.016663880468284,0.0388765267377761));
#7562=CARTESIAN_POINT('',(0.0515,0.0186309163528678,0.0277209118871015));
#7563=CARTESIAN_POINT('',(0.0494782763881185,0.0177869571254446,0.0325072425100419));
#7564=CARTESIAN_POINT('',(0.046534787685,0.0167256910310801,0.038525981616733));
#7565=CARTESIAN_POINT('',(0.046534787685,0.0167256910310801,0.038525981616733));
#7566=CARTESIAN_POINT('',(-0.0355173938425,0.0167256910310802,0.038525981616733));
#7567=CARTESIAN_POINT('',(-0.0283571428571,0.002,0.0408));
#7568=CARTESIAN_POINT('',(0.046534787685,0.00996794863550173,0.0408));
#7569=CARTESIAN_POINT('',(0.0479006334646744,0.,0.0407999999999997));
#7570=CARTESIAN_POINT('',(0.046534787685,-0.00996794863550173,0.0408));
#7571=CARTESIAN_POINT('',(0.0471146727984066,0.00400000000000012,0.0408));
#7572=CARTESIAN_POINT('',(0.0471146727984063,-0.00400000000000505,0.0408));
#7573=CARTESIAN_POINT('',(-0.0283571428571,0.004,0.0408));
#7574=CARTESIAN_POINT('',(0.0283571428571,0.004,0.0408));
#7575=CARTESIAN_POINT('',(0.0283571428571,0.002,0.0408));
#7576=CARTESIAN_POINT('',(0.0283571428571,-0.004,0.0408));
#7577=CARTESIAN_POINT('',(-0.0283571428571,-0.004,0.0408));
#7578=CARTESIAN_POINT('',(-0.0283571428571,0.0050069195574,0.042));
#7579=CARTESIAN_POINT('',(0.046534787685,0.00477811747927685,0.0417273243014003));
#7580=CARTESIAN_POINT('',(0.0494782763881188,0.000849664528072814,0.0370455763834063));
#7581=CARTESIAN_POINT('',(0.0515,-0.00227439091407496,0.0333224720867161));
#7582=CARTESIAN_POINT('',(0.046534787685,0.00477811747927684,0.0417273243014003));
#7583=CARTESIAN_POINT('',(-0.0355173938425,0.00477811747927685,0.0417273243014002));
#7584=CARTESIAN_POINT('',(0.0283571428571,0.00477811747927685,0.0417273243014003));
#7585=CARTESIAN_POINT('',(0.0283571428571,0.0050069195574,0.042));
#7586=CARTESIAN_POINT('',(0.0283571428571,-0.0365322570551829,0.0210919084445355));
#7587=CARTESIAN_POINT('',(0.0283571428571,0.,0.));
#7588=CARTESIAN_POINT('',(0.0283571428571,-0.00477811747927685,0.0417273243014003));
#7589=CARTESIAN_POINT('',(0.0283571428571,-0.0050069195574,0.042));
#7590=CARTESIAN_POINT('',(-0.0283571428571,-0.0050069195574,0.042));
#7591=CARTESIAN_POINT('',(0.0515,0.00227439091407496,0.0333224720867161));
#7592=CARTESIAN_POINT('',(0.0494782763881188,-0.000849664528072814,0.0370455763834063));
#7593=CARTESIAN_POINT('',(0.046534787685,-0.00477811747927685,0.0417273243014003));
#7594=CARTESIAN_POINT('',(0.046534787685,-0.00477811747927684,0.0417273243014003));
#7595=CARTESIAN_POINT('',(-0.0355173938425,-0.00477811747927685,0.0417273243014002));
#7596=CARTESIAN_POINT('',(-0.0283571428571,-0.0186679491921484,0.0363338364745503));
#7597=CARTESIAN_POINT('',(0.046534787685,-0.0117675032577234,0.0403178107922475));
#7598=CARTESIAN_POINT('',(0.0479006334646744,-0.0203999999997251,0.0353338364745638));
#7599=CARTESIAN_POINT('',(0.046534787685,-0.0290324967417268,0.0303498621568801));
#7600=CARTESIAN_POINT('',(0.0471146727984066,-0.0169358983845717,0.037333836474537));
#7601=CARTESIAN_POINT('',(0.0471146727984063,-0.0238641016148828,0.0333338364745882));
#7602=CARTESIAN_POINT('',(-0.0283571428571,-0.0169358983845718,0.0373338364745368));
#7603=CARTESIAN_POINT('',(0.0283571428571,-0.0169358983845718,0.0373338364745369));
#7604=CARTESIAN_POINT('',(0.0283571428571,-0.0186679491921484,0.0363338364745503));
#7605=CARTESIAN_POINT('',(0.0283571428571,-0.0238641016148784,0.0333338364745908));
#7606=CARTESIAN_POINT('',(-0.0283571428571,-0.0238641016148783,0.0333338364745908));
#7607=CARTESIAN_POINT('',(-0.0283571428571,-0.016663880468284,0.0388765267377761));
#7608=CARTESIAN_POINT('',(0.046534787685,-0.0167256910310801,0.038525981616733));
#7609=CARTESIAN_POINT('',(0.0494782763881185,-0.0177869571254446,0.0325072425100419));
#7610=CARTESIAN_POINT('',(0.0515,-0.0186309163528678,0.0277209118871015));
#7611=CARTESIAN_POINT('',(0.046534787685,-0.0167256910310802,0.038525981616733));
#7612=CARTESIAN_POINT('',(-0.0355173938425,-0.0167256910310802,0.038525981616733));
#7613=CARTESIAN_POINT('',(0.0283571428571,-0.0167256910310802,0.038525981616733));
#7614=CARTESIAN_POINT('',(0.0283571428571,-0.016663880468284,0.0388765267377761));
#7615=CARTESIAN_POINT('',(0.0283571428571,-0.0365322570551829,0.0210919084445355));
#7616=CARTESIAN_POINT('',(0.0283571428571,0.,0.));
#7617=CARTESIAN_POINT('',(0.0283571428571,-0.0250016332697578,0.0337478641375205));
#7618=CARTESIAN_POINT('',(0.0283571428571,-0.02533611953115,0.0338696071804436));
#7619=CARTESIAN_POINT('',(-0.0283571428571,-0.02533611953115,0.0338696071804436));
#7620=CARTESIAN_POINT('',(0.0515,-0.0146915557333992,0.0299953028011458));
#7621=CARTESIAN_POINT('',(0.0494782763881185,-0.0192586192574628,0.0316575779819803));
#7622=CARTESIAN_POINT('',(0.046534787685,-0.0250016332697578,0.0337478641375205));
#7623=CARTESIAN_POINT('',(0.046534787685,-0.0250016332697578,0.0337478641375205));
#7624=CARTESIAN_POINT('',(-0.0355173938425,-0.0250016332697578,0.0337478641375205));
#7625=CARTESIAN_POINT('',(-0.0283571428571,-0.0343338364745773,0.0221320508073017));
#7626=CARTESIAN_POINT('',(0.046534787685,-0.0303498621568801,0.0290324967417268));
#7627=CARTESIAN_POINT('',(0.0479006334646744,-0.0353338364745638,0.0203999999997251));
#7628=CARTESIAN_POINT('',(0.046534787685,-0.0403178107922475,0.0117675032577234));
#7629=CARTESIAN_POINT('',(0.0471146727984066,-0.0333338364745907,0.0238641016148785));
#7630=CARTESIAN_POINT('',(0.0471146727984067,-0.0373338364745387,0.0169358983845675));
#7631=CARTESIAN_POINT('',(-0.0283571428571,-0.0333338364745908,0.0238641016148783));
#7632=CARTESIAN_POINT('',(0.0283571428571,-0.0333338364745907,0.0238641016148784));
#7633=CARTESIAN_POINT('',(0.0283571428571,-0.0343338364745773,0.0221320508073017));
#7634=CARTESIAN_POINT('',(0.0283571428571,-0.0373338364745368,0.0169358983845718));
#7635=CARTESIAN_POINT('',(-0.0283571428571,-0.0373338364745368,0.0169358983845718));
#7636=CARTESIAN_POINT('',(-0.0283571428571,-0.0338696071804436,0.02533611953115));
#7637=CARTESIAN_POINT('',(0.046534787685,-0.0337478641375205,0.0250016332697578));
#7638=CARTESIAN_POINT('',(0.0494782763881186,-0.0316575779819803,0.0192586192574627));
#7639=CARTESIAN_POINT('',(0.0515,-0.0299953028011458,0.0146915557333992));
#7640=CARTESIAN_POINT('',(0.046534787685,-0.0337478641375205,0.0250016332697578));
#7641=CARTESIAN_POINT('',(-0.0355173938425,-0.0337478641375205,0.0250016332697578));
#7642=CARTESIAN_POINT('',(0.0283571428571,-0.0337478641375205,0.0250016332697578));
#7643=CARTESIAN_POINT('',(0.0283571428571,-0.0338696071804436,0.02533611953115));
#7644=CARTESIAN_POINT('',(0.0283571428571,-0.0365322570551829,0.0210919084445355));
#7645=CARTESIAN_POINT('',(0.0283571428571,0.,0.));
#7646=CARTESIAN_POINT('',(0.0283571428571,-0.0385259816167329,0.0167256910310802));
#7647=CARTESIAN_POINT('',(0.0283571428571,-0.0388765267377761,0.016663880468284));
#7648=CARTESIAN_POINT('',(-0.0283571428571,-0.0388765267377761,0.016663880468284));
#7649=CARTESIAN_POINT('',(0.0515,-0.0277209118871015,0.0186309163528678));
#7650=CARTESIAN_POINT('',(0.0494782763881187,-0.0325072425100415,0.0177869571254446));
#7651=CARTESIAN_POINT('',(0.046534787685,-0.038525981616733,0.0167256910310801));
#7652=CARTESIAN_POINT('',(0.046534787685,-0.038525981616733,0.0167256910310801));
#7653=CARTESIAN_POINT('',(-0.0355173938425,-0.038525981616733,0.0167256910310802));
#7654=CARTESIAN_POINT('',(-0.047,0.,-0.01825));
#7655=CARTESIAN_POINT('',(-0.047,0.,0.));
#7656=CARTESIAN_POINT('',(-0.047,0.,0.0201));
#7657=CARTESIAN_POINT('',(-0.047,0.,0.));
#7658=CARTESIAN_POINT('',(-0.047,0.,0.0174));
#7659=CARTESIAN_POINT('',(-0.0547,0.0230219922702972,-0.0110868071513393));
#7660=CARTESIAN_POINT('',(-0.0547,0.,0.));
#7661=CARTESIAN_POINT('',(-0.0547,0.0254521210573039,-0.00156190066404572));
#7662=CARTESIAN_POINT('',(-0.0547,0.0254521210573039,0.00156190066404572));
#7663=CARTESIAN_POINT('',(-0.0547,0.0287161638237927,-0.00430075774552739));
#7664=CARTESIAN_POINT('',(-0.0547,0.02514,-0.0013));
#7665=CARTESIAN_POINT('',(-0.0547,0.02514,-0.0110868071513393));
#7666=CARTESIAN_POINT('',(-0.0547,0.02514,0.0013));
#7667=CARTESIAN_POINT('',(-0.0547,0.0177977901850266,-0.00486084554770112));
#7668=CARTESIAN_POINT('',(-0.073,0.02514,0.00065));
#7669=CARTESIAN_POINT('',(0.,0.02514,-0.00129999999999133));
#7670=CARTESIAN_POINT('',(-0.073,0.02514,-0.0013));
#7671=CARTESIAN_POINT('',(-0.073,0.02514,-0.011075));
#7672=CARTESIAN_POINT('',(-0.073,0.02514,0.00129999999999999));
#7673=CARTESIAN_POINT('',(-0.073,0.02514,0.00129999999999133));
#7674=CARTESIAN_POINT('',(0.,0.0252960605286519,-0.00143095033202286));
#7675=CARTESIAN_POINT('',(-0.061,0.0254521210573034,-0.00156190066405397));
#7676=CARTESIAN_POINT('',(-0.073,0.0254521210573039,-0.00156190066404573));
#7677=CARTESIAN_POINT('',(-0.073,0.0209739257514347,0.00219575136539275));
#7678=CARTESIAN_POINT('',(0.,0.0252960605286519,0.00143095033202286));
#7679=CARTESIAN_POINT('',(-0.061,0.0254521210573034,0.00156190066405397));
#7680=CARTESIAN_POINT('',(-0.073,0.0254521210573039,0.00156190066404572));
#7681=CARTESIAN_POINT('',(-0.073,-0.00147969101719431,-0.021036572914307));
#7682=CARTESIAN_POINT('',(-0.0547,0.0230219922702972,-0.0110868071513393));
#7683=CARTESIAN_POINT('',(-0.0547,0.,0.));
#7684=CARTESIAN_POINT('',(-0.0547,0.0236092519951031,0.00963603757940574));
#7685=CARTESIAN_POINT('',(-0.0547,0.022253885394652,0.0124504853255484));
#7686=CARTESIAN_POINT('',(-0.0547,0.0280131415229229,0.00851466951626643));
#7687=CARTESIAN_POINT('',(-0.0547,0.0232144062000635,0.00973657767279938));
#7688=CARTESIAN_POINT('',(-0.0547,0.0313183722099925,-0.00709148114454904));
#7689=CARTESIAN_POINT('',(-0.0547,0.0220863084783924,0.0120790967293624));
#7690=CARTESIAN_POINT('',(-0.0547,0.013559906377021,-0.00681735140697364));
#7691=CARTESIAN_POINT('',(-0.073,0.0223683329088102,0.0114934669652216));
#7692=CARTESIAN_POINT('',(-0.073,0.0232144062000635,0.0097365776727994));
#7693=CARTESIAN_POINT('',(-0.073,0.0232144062000635,0.0097365776727994));
#7694=CARTESIAN_POINT('',(-0.073,0.0269657845739818,0.00194676021242482));
#7695=CARTESIAN_POINT('',(-0.073,0.0220863084783924,0.0120790967293624));
#7696=CARTESIAN_POINT('',(-0.073,0.0220863084783924,0.0120790967293624));
#7697=CARTESIAN_POINT('',(-0.073,0.0236698207992645,0.00962061486678317));
#7698=CARTESIAN_POINT('',(-0.06385,0.0236092519951031,0.00963603757940574));
#7699=CARTESIAN_POINT('',(-0.073,0.0236092519951031,0.00963603757940574));
#7700=CARTESIAN_POINT('',(-0.073,0.0164318507953865,0.0114636284921334));
#7701=CARTESIAN_POINT('',(-0.073,0.0222795914640857,0.0125074558275336));
#7702=CARTESIAN_POINT('',(-0.06385,0.022253885394652,0.0124504853255484));
#7703=CARTESIAN_POINT('',(-0.073,0.022253885394652,0.0124504853255484));
#7704=CARTESIAN_POINT('',(-0.073,0.0137769994557733,-0.00633622372209228));
#7705=CARTESIAN_POINT('',(-0.0547,0.0230219922702972,-0.0110868071513393));
#7706=CARTESIAN_POINT('',(-0.0547,0.,0.));
#7707=CARTESIAN_POINT('',(-0.0547,0.0170902810267749,0.0189254404024281));
#7708=CARTESIAN_POINT('',(-0.0547,0.0146479948035216,0.020873098673556));
#7709=CARTESIAN_POINT('',(-0.0547,0.0169602014188905,0.0188991442423805));
#7710=CARTESIAN_POINT('',(-0.0547,0.0166909145461694,0.0188447067266241));
#7711=CARTESIAN_POINT('',(-0.0547,0.0351513862390429,0.00412297180496819));
#7712=CARTESIAN_POINT('',(-0.0547,0.0146581526917725,0.0204657802114819));
#7713=CARTESIAN_POINT('',(-0.0547,0.0154497344768863,-0.0112756474707308));
#7714=CARTESIAN_POINT('',(-0.073,0.0151663431553717,0.0200605118402674));
#7715=CARTESIAN_POINT('',(-0.073,0.0166909145461694,0.0188447067266241));
#7716=CARTESIAN_POINT('',(-0.073,0.0166909145461694,0.0188447067266241));
#7717=CARTESIAN_POINT('',(-0.073,0.020977527486639,0.0154262469780742));
#7718=CARTESIAN_POINT('',(-0.073,0.0146581526917725,0.0204657802114819));
#7719=CARTESIAN_POINT('',(-0.073,0.0146581526917725,0.0204657802114819));
#7720=CARTESIAN_POINT('',(-0.073,0.0171515432979104,0.0189378248377201));
#7721=CARTESIAN_POINT('',(-0.06385,0.017090281026775,0.0189254404024281));
#7722=CARTESIAN_POINT('',(-0.073,0.017090281026775,0.0189254404024281));
#7723=CARTESIAN_POINT('',(-0.073,0.00485936681459191,0.016452907751979));
#7724=CARTESIAN_POINT('',(-0.073,0.0146464365973766,0.0209355807677574));
#7725=CARTESIAN_POINT('',(-0.06385,0.0146479948035216,0.020873098673556));
#7726=CARTESIAN_POINT('',(-0.073,0.0146479948035216,0.020873098673556));
#7727=CARTESIAN_POINT('',(-0.073,0.0151868946172033,-0.000736101772451275));
#7728=CARTESIAN_POINT('',(-0.0547,0.0230219922702972,-0.0110868071513393));
#7729=CARTESIAN_POINT('',(-0.0547,0.,0.));
#7730=CARTESIAN_POINT('',(-0.0547,0.00718637030321701,0.0244664276482089));
#7731=CARTESIAN_POINT('',(-0.0547,0.00414088919637682,0.0251615388373472));
#7732=CARTESIAN_POINT('',(-0.0547,0.000136441982423862,0.019126314462503));
#7733=CARTESIAN_POINT('',(-0.0547,0.00686158256643172,0.0242204104978434));
#7734=CARTESIAN_POINT('',(-0.0547,0.0298814142429182,0.0189662841351921));
#7735=CARTESIAN_POINT('',(-0.0547,0.00432676999478126,0.0247989649262275));
#7736=CARTESIAN_POINT('',(-0.0547,0.0227862833846829,-0.0112076480461343));
#7737=CARTESIAN_POINT('',(-0.073,0.00496047313769388,0.0246543263191314));
#7738=CARTESIAN_POINT('',(-0.073,0.00686158256643171,0.0242204104978434));
#7739=CARTESIAN_POINT('',(-0.073,0.00686158256643171,0.0242204104978434));
#7740=CARTESIAN_POINT('',(-0.073,0.00775046202251617,0.0240175295624366));
#7741=CARTESIAN_POINT('',(-0.073,0.00432676999478127,0.0247989649262275));
#7742=CARTESIAN_POINT('',(-0.073,0.00432676999478127,0.0247989649262275));
#7743=CARTESIAN_POINT('',(-0.073,0.00723619229719673,0.0245041663421194));
#7744=CARTESIAN_POINT('',(-0.06385,0.00718637030321703,0.0244664276482089));
#7745=CARTESIAN_POINT('',(-0.073,0.00718637030321703,0.0244664276482089));
#7746=CARTESIAN_POINT('',(-0.073,-0.00644685358010986,0.0141396618556677));
#7747=CARTESIAN_POINT('',(-0.073,0.00411237533649185,0.0252171571787162));
#7748=CARTESIAN_POINT('',(-0.06385,0.00414088919637681,0.0251615388373472));
#7749=CARTESIAN_POINT('',(-0.073,0.00414088919637681,0.0251615388373472));
#7750=CARTESIAN_POINT('',(-0.073,0.0134311634815045,0.00704018842435783));
#7751=CARTESIAN_POINT('',(-0.0547,0.0230219922702972,-0.0110868071513393));
#7752=CARTESIAN_POINT('',(-0.0547,0.,0.));
#7753=CARTESIAN_POINT('',(-0.0547,-0.0041408891963768,0.0251615388373472));
#7754=CARTESIAN_POINT('',(-0.0547,-0.007186370303217,0.0244664276482089));
#7755=CARTESIAN_POINT('',(-0.0547,-0.0132032334273026,0.00748478244333706));
#7756=CARTESIAN_POINT('',(-0.0547,-0.00432676999478124,0.0247989649262275));
#7757=CARTESIAN_POINT('',(-0.0547,0.0138826763392368,0.0289551522249633));
#7758=CARTESIAN_POINT('',(-0.0547,-0.00686158256643169,0.0242204104978434));
#7759=CARTESIAN_POINT('',(-0.0547,0.0291208374519327,-0.0030352135099843));
#7760=CARTESIAN_POINT('',(-0.073,-0.0062278794235191,0.0243650491049394));
#7761=CARTESIAN_POINT('',(-0.073,-0.00432676999478127,0.0247989649262275));
#7762=CARTESIAN_POINT('',(-0.073,-0.00432676999478127,0.0247989649262275));
#7763=CARTESIAN_POINT('',(-0.073,-0.00838416516542878,0.0238728909553405));
#7764=CARTESIAN_POINT('',(-0.073,-0.00686158256643171,0.0242204104978434));
#7765=CARTESIAN_POINT('',(-0.073,-0.00686158256643171,0.0242204104978434));
#7766=CARTESIAN_POINT('',(-0.073,-0.00411237533649185,0.0252171571787162));
#7767=CARTESIAN_POINT('',(-0.06385,-0.00414088919637681,0.0251615388373472));
#7768=CARTESIAN_POINT('',(-0.073,-0.00414088919637681,0.0251615388373472));
#7769=CARTESIAN_POINT('',(-0.073,-0.0134311634815045,0.00704018842435783));
#7770=CARTESIAN_POINT('',(-0.073,-0.00723619229719673,0.0245041663421194));
#7771=CARTESIAN_POINT('',(-0.06385,-0.00718637030321703,0.0244664276482089));
#7772=CARTESIAN_POINT('',(-0.073,-0.00718637030321703,0.0244664276482089));
#7773=CARTESIAN_POINT('',(-0.073,0.00644685358010986,0.0141396618556677));
#7774=CARTESIAN_POINT('',(-0.0547,0.0230219922702972,-0.0110868071513393));
#7775=CARTESIAN_POINT('',(-0.0547,0.,0.));
#7776=CARTESIAN_POINT('',(-0.0547,-0.0146479948035216,0.020873098673556));
#7777=CARTESIAN_POINT('',(-0.0547,-0.0170902810267749,0.0189254404024281));
#7778=CARTESIAN_POINT('',(-0.0547,-0.0154211163269144,-0.0101280958786967));
#7779=CARTESIAN_POINT('',(-0.0547,-0.0146581526917725,0.0204657802114819));
#7780=CARTESIAN_POINT('',(-0.0547,-0.00700651874777758,0.0265677546634415));
#7781=CARTESIAN_POINT('',(-0.0547,-0.0166909145461694,0.0188447067266241));
#7782=CARTESIAN_POINT('',(-0.0547,0.027276009077876,0.00995660136390569));
#7783=CARTESIAN_POINT('',(-0.073,-0.0161827240825701,0.0192499750978386));
#7784=CARTESIAN_POINT('',(-0.073,-0.0146581526917725,0.0204657802114819));
#7785=CARTESIAN_POINT('',(-0.073,-0.0146581526917725,0.0204657802114819));
#7786=CARTESIAN_POINT('',(-0.073,-0.0214857179502382,0.0150209786068597));
#7787=CARTESIAN_POINT('',(-0.073,-0.0166909145461694,0.0188447067266241));
#7788=CARTESIAN_POINT('',(-0.073,-0.0166909145461694,0.0188447067266241));
#7789=CARTESIAN_POINT('',(-0.073,-0.0146464365973766,0.0209355807677574));
#7790=CARTESIAN_POINT('',(-0.06385,-0.0146479948035216,0.020873098673556));
#7791=CARTESIAN_POINT('',(-0.073,-0.0146479948035216,0.020873098673556));
#7792=CARTESIAN_POINT('',(-0.073,-0.0151868946172033,-0.000736101772451275));
#7793=CARTESIAN_POINT('',(-0.073,-0.0171515432979104,0.0189378248377201));
#7794=CARTESIAN_POINT('',(-0.06385,-0.017090281026775,0.0189254404024281));
#7795=CARTESIAN_POINT('',(-0.073,-0.017090281026775,0.0189254404024281));
#7796=CARTESIAN_POINT('',(-0.073,-0.00485936681459191,0.016452907751979));
#7797=CARTESIAN_POINT('',(-0.0547,0.0230219922702972,-0.0110868071513393));
#7798=CARTESIAN_POINT('',(-0.0547,0.,0.));
#7799=CARTESIAN_POINT('',(-0.0547,-0.022253885394652,0.0124504853255484));
#7800=CARTESIAN_POINT('',(-0.0547,-0.0236092519951031,0.00963603757940575));
#7801=CARTESIAN_POINT('',(-0.0547,-0.00577124034339344,-0.0240788084677439));
#7802=CARTESIAN_POINT('',(-0.0547,-0.0220863084783924,0.0120790967293623));
#7803=CARTESIAN_POINT('',(-0.0547,-0.0226503573392279,0.0109078372010809));
#7804=CARTESIAN_POINT('',(-0.0547,-0.0232144062000635,0.0097365776727994));
#7805=CARTESIAN_POINT('',(-0.0547,0.0152272610216418,0.0195250289143524));
#7806=CARTESIAN_POINT('',(-0.073,-0.0229323817696457,0.0103222074369401));
#7807=CARTESIAN_POINT('',(-0.073,-0.0220863084783924,0.0120790967293624));
#7808=CARTESIAN_POINT('',(-0.073,-0.0220863084783924,0.0120790967293624));
#7809=CARTESIAN_POINT('',(-0.073,-0.0272478090043996,0.00136113044828408));
#7810=CARTESIAN_POINT('',(-0.073,-0.0232144062000635,0.0097365776727994));
#7811=CARTESIAN_POINT('',(-0.073,-0.0232144062000635,0.0097365776727994));
#7812=CARTESIAN_POINT('',(-0.073,-0.0222795914640857,0.0125074558275336));
#7813=CARTESIAN_POINT('',(-0.06385,-0.022253885394652,0.0124504853255484));
#7814=CARTESIAN_POINT('',(-0.073,-0.022253885394652,0.0124504853255484));
#7815=CARTESIAN_POINT('',(-0.073,-0.0137769994557733,-0.00633622372209228));
#7816=CARTESIAN_POINT('',(-0.073,-0.0236698207992645,0.00962061486678317));
#7817=CARTESIAN_POINT('',(-0.06385,-0.0236092519951031,0.00963603757940574));
#7818=CARTESIAN_POINT('',(-0.073,-0.0236092519951031,0.00963603757940574));
#7819=CARTESIAN_POINT('',(-0.073,-0.0164318507953865,0.0114636284921334));
#7820=CARTESIAN_POINT('',(-0.0547,0.0230219922702972,-0.0110868071513393));
#7821=CARTESIAN_POINT('',(-0.0547,0.,0.));
#7822=CARTESIAN_POINT('',(-0.0547,-0.0254521210573039,0.00156190066404572));
#7823=CARTESIAN_POINT('',(-0.0547,-0.0254521210573039,-0.00156190066404573));
#7824=CARTESIAN_POINT('',(-0.0547,0.00922192908955235,-0.0275330820252271));
#7825=CARTESIAN_POINT('',(-0.0547,-0.02514,0.0013));
#7826=CARTESIAN_POINT('',(-0.0547,-0.02514,-0.0110868071513393));
#7827=CARTESIAN_POINT('',(-0.0547,-0.02514,-0.0013));
#7828=CARTESIAN_POINT('',(-0.0547,-0.0016964445492138,0.0183714787319986));
#7829=CARTESIAN_POINT('',(-0.073,-0.02514,-0.00065));
#7830=CARTESIAN_POINT('',(0.,-0.02514,0.00129999999999133));
#7831=CARTESIAN_POINT('',(-0.073,-0.02514,0.00129999999999998));
#7832=CARTESIAN_POINT('',(-0.073,-0.02514,-0.011725));
#7833=CARTESIAN_POINT('',(-0.073,-0.02514,-0.0013));
#7834=CARTESIAN_POINT('',(-0.073,-0.02514,-0.00129999999999133));
#7835=CARTESIAN_POINT('',(0.,-0.0252960605286519,0.00143095033202286));
#7836=CARTESIAN_POINT('',(-0.061,-0.0254521210573034,0.00156190066405397));
#7837=CARTESIAN_POINT('',(-0.073,-0.0254521210573039,0.00156190066404572));
#7838=CARTESIAN_POINT('',(-0.073,0.00147969101719431,-0.021036572914307));
#7839=CARTESIAN_POINT('',(0.,-0.0252960605286519,-0.00143095033202286));
#7840=CARTESIAN_POINT('',(-0.061,-0.0254521210573034,-0.00156190066405397));
#7841=CARTESIAN_POINT('',(-0.073,-0.0254521210573039,-0.00156190066404573));
#7842=CARTESIAN_POINT('',(-0.073,-0.0209739257514347,0.00219575136539275));
#7843=CARTESIAN_POINT('',(-0.0547,0.0230219922702972,-0.0110868071513393));
#7844=CARTESIAN_POINT('',(-0.0547,0.,0.));
#7845=CARTESIAN_POINT('',(-0.0547,-0.0236092519951031,-0.00963603757940574));
#7846=CARTESIAN_POINT('',(-0.0547,-0.022253885394652,-0.0124504853255484));
#7847=CARTESIAN_POINT('',(-0.0547,0.0205295706515086,-0.0208751628453351));
#7848=CARTESIAN_POINT('',(-0.0547,-0.0232144062000635,-0.00973657767279938));
#7849=CARTESIAN_POINT('',(-0.0547,-0.0139823424684634,-0.0289071555467108));
#7850=CARTESIAN_POINT('',(-0.0547,-0.0220863084783924,-0.0120790967293624));
#7851=CARTESIAN_POINT('',(-0.0547,-0.0140839199471823,0.00565601804108692));
#7852=CARTESIAN_POINT('',(-0.073,-0.0223683329088102,-0.0114934669652216));
#7853=CARTESIAN_POINT('',(-0.073,-0.0232144062000635,-0.0097365776727994));
#7854=CARTESIAN_POINT('',(-0.073,-0.0232144062000635,-0.0097365776727994));
#7855=CARTESIAN_POINT('',(-0.073,-0.0180529056740563,-0.0204545439538777));
#7856=CARTESIAN_POINT('',(-0.073,-0.0220863084783924,-0.0120790967293624));
#7857=CARTESIAN_POINT('',(-0.073,-0.0220863084783924,-0.0120790967293624));
#7858=CARTESIAN_POINT('',(-0.073,-0.0236698207992645,-0.00962061486678317));
#7859=CARTESIAN_POINT('',(-0.06385,-0.0236092519951031,-0.00963603757940574));
#7860=CARTESIAN_POINT('',(-0.073,-0.0236092519951031,-0.00963603757940574));
#7861=CARTESIAN_POINT('',(-0.073,-0.0109797554395852,-0.0128519025554505));
#7862=CARTESIAN_POINT('',(-0.073,-0.0222795914640857,-0.0125074558275336));
#7863=CARTESIAN_POINT('',(-0.06385,-0.022253885394652,-0.0124504853255484));
#7864=CARTESIAN_POINT('',(-0.073,-0.022253885394652,-0.0124504853255484));
#7865=CARTESIAN_POINT('',(-0.073,-0.022324505170414,-0.0126069948255957));
#7866=CARTESIAN_POINT('',(-0.0547,0.0230219922702972,-0.0110868071513393));
#7867=CARTESIAN_POINT('',(-0.0547,0.,0.));
#7868=CARTESIAN_POINT('',(-0.0547,-0.0170902810267749,-0.0189254404024281));
#7869=CARTESIAN_POINT('',(-0.0547,-0.0146479948035216,-0.020873098673556));
#7870=CARTESIAN_POINT('',(-0.0547,0.0229695074001673,-0.0108271794599193));
#7871=CARTESIAN_POINT('',(-0.0547,-0.0166909145461694,-0.0188447067266241));
#7872=CARTESIAN_POINT('',(-0.0547,0.00380231900110102,-0.0351875151331377));
#7873=CARTESIAN_POINT('',(-0.0547,-0.0146581526917725,-0.0204657802114819));
#7874=CARTESIAN_POINT('',(-0.0547,-0.0148684846064395,-0.0120317366493187));
#7875=CARTESIAN_POINT('',(-0.073,-0.0151663431553717,-0.0200605118402674));
#7876=CARTESIAN_POINT('',(-0.073,-0.0166909145461694,-0.0188447067266241));
#7877=CARTESIAN_POINT('',(-0.073,-0.0166909145461694,-0.0188447067266241));
#7878=CARTESIAN_POINT('',(-0.073,-0.00986334928770363,-0.0242895083312463));
#7879=CARTESIAN_POINT('',(-0.073,-0.0146581526917725,-0.0204657802114819));
#7880=CARTESIAN_POINT('',(-0.073,-0.0146581526917725,-0.0204657802114819));
#7881=CARTESIAN_POINT('',(-0.073,-0.0171515432979104,-0.0189378248377201));
#7882=CARTESIAN_POINT('',(-0.06385,-0.017090281026775,-0.0189254404024281));
#7883=CARTESIAN_POINT('',(-0.073,-0.017090281026775,-0.0189254404024281));
#7884=CARTESIAN_POINT('',(-0.073,-0.00928752349268015,-0.017348078936891));
#7885=CARTESIAN_POINT('',(-0.073,-0.0146464365973766,-0.0209355807677574));
#7886=CARTESIAN_POINT('',(-0.06385,-0.0146479948035216,-0.020873098673556));
#7887=CARTESIAN_POINT('',(-0.073,-0.0146479948035216,-0.020873098673556));
#7888=CARTESIAN_POINT('',(-0.073,-0.0146186515218363,-0.0220497271295026));
#7889=CARTESIAN_POINT('',(-0.0547,0.0230219922702972,-0.0110868071513393));
#7890=CARTESIAN_POINT('',(-0.0547,0.,0.));
#7891=CARTESIAN_POINT('',(-0.0547,-0.00718637030321701,-0.0244664276482089));
#7892=CARTESIAN_POINT('',(-0.0547,-0.00414088919637682,-0.0251615388373472));
#7893=CARTESIAN_POINT('',(-0.0547,0.018448408066793,-0.00504883760228109));
#7894=CARTESIAN_POINT('',(-0.0547,-0.00686158256643172,-0.0242204104978434));
#7895=CARTESIAN_POINT('',(-0.0547,0.0186930616817053,-0.0300530912888787));
#7896=CARTESIAN_POINT('',(-0.0547,-0.00432676999478126,-0.0247989649262275));
#7897=CARTESIAN_POINT('',(-0.0547,-0.00420143334008935,-0.0250434431159511));
#7898=CARTESIAN_POINT('',(-0.073,-0.00496047313769388,-0.0246543263191314));
#7899=CARTESIAN_POINT('',(-0.073,-0.00686158256643171,-0.0242204104978434));
#7900=CARTESIAN_POINT('',(-0.073,-0.00686158256643171,-0.0242204104978434));
#7901=CARTESIAN_POINT('',(-0.073,-0.0028041873957842,-0.0251464844687303));
#7902=CARTESIAN_POINT('',(-0.073,-0.00432676999478127,-0.0247989649262275));
#7903=CARTESIAN_POINT('',(-0.073,-0.00432676999478127,-0.0247989649262275));
#7904=CARTESIAN_POINT('',(-0.073,-0.00723619229719673,-0.0245041663421194));
#7905=CARTESIAN_POINT('',(-0.06385,-0.00718637030321703,-0.0244664276482089));
#7906=CARTESIAN_POINT('',(-0.073,-0.00718637030321703,-0.0244664276482089));
#7907=CARTESIAN_POINT('',(-0.073,-0.00452706283512202,-0.0224520805188437));
#7908=CARTESIAN_POINT('',(-0.073,-0.00411237533649185,-0.0252171571787162));
#7909=CARTESIAN_POINT('',(-0.06385,-0.00414088919637681,-0.0251615388373472));
#7910=CARTESIAN_POINT('',(-0.073,-0.00414088919637681,-0.0251615388373472));
#7911=CARTESIAN_POINT('',(-0.073,-0.00417507021737351,-0.0250948662892668));
#7912=CARTESIAN_POINT('',(-0.0547,0.0230219922702972,-0.0110868071513393));
#7913=CARTESIAN_POINT('',(-0.0547,0.,0.));
#7914=CARTESIAN_POINT('',(-0.0547,0.0041408891963768,-0.0251615388373472));
#7915=CARTESIAN_POINT('',(-0.0547,0.007186370303217,-0.0244664276482089));
#7916=CARTESIAN_POINT('',(-0.0547,0.0137844832974697,-0.00635101262647979));
#7917=CARTESIAN_POINT('',(-0.0547,0.00432676999478124,-0.0247989649262275));
#7918=CARTESIAN_POINT('',(-0.0547,0.0250710289004498,-0.0200642231991076));
#7919=CARTESIAN_POINT('',(-0.0547,0.00686158256643169,-0.0242204104978434));
#7920=CARTESIAN_POINT('',(-0.0547,0.0108088713675636,-0.0272103655747684));
#7921=CARTESIAN_POINT('',(-0.073,0.0062278794235191,-0.0243650491049394));
#7922=CARTESIAN_POINT('',(-0.073,0.00432676999478127,-0.0247989649262275));
#7923=CARTESIAN_POINT('',(-0.073,0.00432676999478127,-0.0247989649262275));
#7924=CARTESIAN_POINT('',(-0.073,0.00343789053869681,-0.0250018458616343));
#7925=CARTESIAN_POINT('',(-0.073,0.00686158256643171,-0.0242204104978434));
#7926=CARTESIAN_POINT('',(-0.073,0.00686158256643171,-0.0242204104978434));
#7927=CARTESIAN_POINT('',(-0.073,0.00411237533649185,-0.0252171571787162));
#7928=CARTESIAN_POINT('',(-0.06385,0.00414088919637681,-0.0251615388373472));
#7929=CARTESIAN_POINT('',(-0.073,0.00414088919637681,-0.0251615388373472));
#7930=CARTESIAN_POINT('',(-0.073,0.00417507021737351,-0.0250948662892668));
#7931=CARTESIAN_POINT('',(-0.073,0.00723619229719673,-0.0245041663421194));
#7932=CARTESIAN_POINT('',(-0.06385,0.00718637030321703,-0.0244664276482089));
#7933=CARTESIAN_POINT('',(-0.073,0.00718637030321703,-0.0244664276482089));
#7934=CARTESIAN_POINT('',(-0.073,0.00452706283512202,-0.0224520805188437));
#7935=CARTESIAN_POINT('',(-0.0547,0.0230219922702972,-0.0110868071513393));
#7936=CARTESIAN_POINT('',(-0.0547,0.,0.));
#7937=CARTESIAN_POINT('',(-0.0547,0.0146479948035216,-0.020873098673556));
#7938=CARTESIAN_POINT('',(-0.0547,0.0170902810267749,-0.0189254404024281));
#7939=CARTESIAN_POINT('',(-0.0547,0.0148971027564114,-0.0108841850572846));
#7940=CARTESIAN_POINT('',(-0.0547,0.0146581526917725,-0.0204657802114819));
#7941=CARTESIAN_POINT('',(-0.0547,0.0243425484901643,-0.0127427322746645));
#7942=CARTESIAN_POINT('',(-0.0547,0.0166909145461694,-0.0188447067266241));
#7943=CARTESIAN_POINT('',(-0.0547,0.0212667030965992,-0.0197697223383941));
#7944=CARTESIAN_POINT('',(-0.073,0.0161827240825701,-0.0192499750978386));
#7945=CARTESIAN_POINT('',(-0.073,0.0146581526917725,-0.0204657802114819));
#7946=CARTESIAN_POINT('',(-0.073,0.0146581526917725,-0.0204657802114819));
#7947=CARTESIAN_POINT('',(-0.073,0.0103715397513029,-0.0238842399600318));
#7948=CARTESIAN_POINT('',(-0.073,0.0166909145461694,-0.0188447067266241));
#7949=CARTESIAN_POINT('',(-0.073,0.0166909145461694,-0.0188447067266241));
#7950=CARTESIAN_POINT('',(-0.073,0.0146464365973766,-0.0209355807677574));
#7951=CARTESIAN_POINT('',(-0.06385,0.0146479948035216,-0.020873098673556));
#7952=CARTESIAN_POINT('',(-0.073,0.0146479948035216,-0.020873098673556));
#7953=CARTESIAN_POINT('',(-0.073,0.0146186515218363,-0.0220497271295026));
#7954=CARTESIAN_POINT('',(-0.073,0.0171515432979104,-0.0189378248377201));
#7955=CARTESIAN_POINT('',(-0.06385,0.017090281026775,-0.0189254404024281));
#7956=CARTESIAN_POINT('',(-0.073,0.017090281026775,-0.0189254404024281));
#7957=CARTESIAN_POINT('',(-0.073,0.00928752349268015,-0.017348078936891));
#7958=CARTESIAN_POINT('',(-0.073,0.,-0.0228));
#7959=CARTESIAN_POINT('',(-0.073,0.0109797554395852,-0.0128519025554505));
#7960=CARTESIAN_POINT('',(-0.073,0.0236092519951031,-0.00963603757940574));
#7961=CARTESIAN_POINT('',(-0.073,0.0232144062000635,-0.0097365776727994));
#7962=CARTESIAN_POINT('',(-0.073,0.018334930104474,-0.0198689141897369));
#7963=CARTESIAN_POINT('',(-0.073,0.0220863084783924,-0.0120790967293624));
#7964=CARTESIAN_POINT('',(-0.073,0.022324505170414,-0.0126069948255957));
#7965=CARTESIAN_POINT('',(-0.073,0.022253885394652,-0.0124504853255484));
#7966=CARTESIAN_POINT('',(-0.073,0.,0.));
#7967=CARTESIAN_POINT('',(-0.073,0.,0.));
#7968=CARTESIAN_POINT('',(-0.073,0.,0.));
#7969=CARTESIAN_POINT('',(-0.073,0.,0.));
#7970=CARTESIAN_POINT('',(-0.073,0.,0.));
#7971=CARTESIAN_POINT('',(-0.073,0.,0.));
#7972=CARTESIAN_POINT('',(-0.073,0.,0.));
#7973=CARTESIAN_POINT('',(-0.073,0.,0.));
#7974=CARTESIAN_POINT('',(-0.073,0.,0.));
#7975=CARTESIAN_POINT('',(-0.073,0.,0.));
#7976=CARTESIAN_POINT('',(-0.073,0.,0.));
#7977=CARTESIAN_POINT('',(-0.073,0.,0.));
#7978=CARTESIAN_POINT('',(-0.073,0.,0.));
#7979=CARTESIAN_POINT('',(-0.073,0.,0.));
#7980=CARTESIAN_POINT('',(-0.073,0.,0.));
#7981=CARTESIAN_POINT('',(-0.073,0.,0.0201));
#7982=CARTESIAN_POINT('',(-0.0547,0.0230219922702972,-0.0110868071513393));
#7983=CARTESIAN_POINT('',(-0.0547,0.,0.));
#7984=CARTESIAN_POINT('',(-0.0547,0.022253885394652,-0.0124504853255484));
#7985=CARTESIAN_POINT('',(-0.0547,0.0236092519951031,-0.00963603757940575));
#7986=CARTESIAN_POINT('',(-0.0547,0.022472874449779,-0.0129358149257049));
#7987=CARTESIAN_POINT('',(-0.0547,0.0220863084783924,-0.0120790967293624));
#7988=CARTESIAN_POINT('',(-0.0547,0.0220863084783924,-0.0120790967293624));
#7989=CARTESIAN_POINT('',(-0.0547,0.0232144062000635,-0.0097365776727994));
#7990=CARTESIAN_POINT('',(-0.0547,0.0232144062000635,-0.0097365776727994));
#7991=CARTESIAN_POINT('',(-0.073,0.0229323817696457,-0.0103222074369401));
#7992=CARTESIAN_POINT('',(-0.073,0.0220863084783924,-0.0120790967293624));
#7993=CARTESIAN_POINT('',(-0.073,0.0232144062000635,-0.0097365776727994));
#7994=CARTESIAN_POINT('',(-0.073,0.0222795914640857,-0.0125074558275336));
#7995=CARTESIAN_POINT('',(-0.06385,0.022253885394652,-0.0124504853255484));
#7996=CARTESIAN_POINT('',(-0.073,0.0236698207992645,-0.00962061486678317));
#7997=CARTESIAN_POINT('',(-0.06385,0.0236092519951031,-0.00963603757940574));
#7998=CARTESIAN_POINT('',(-0.0245,0.,0.0388));
#7999=CARTESIAN_POINT('',(-0.0245,0.,0.));
#8000=CARTESIAN_POINT('',(-0.0245,0.,0.042));
#8001=CARTESIAN_POINT('',(-0.0245,0.,0.));
#8002=CARTESIAN_POINT('',(-0.0245,0.,-0.034));
#8003=CARTESIAN_POINT('',(-0.0515,0.,0.03105));
#8004=CARTESIAN_POINT('',(-0.0515,0.,0.));
#8005=CARTESIAN_POINT('',(-0.0515,0.,0.0287));
#8006=CARTESIAN_POINT('',(-0.0515,0.,0.));
#8007=CARTESIAN_POINT('',(-0.0515,0.,0.0334));
#8008=CARTESIAN_POINT('',(-0.0283571428571,0.0408,-0.002));
#8009=CARTESIAN_POINT('',(-0.046534787685,0.0408,0.00996794863550173));
#8010=CARTESIAN_POINT('',(-0.0479006334646744,0.0407999999999997,0.));
#8011=CARTESIAN_POINT('',(-0.046534787685,0.0408,-0.00996794863550173));
#8012=CARTESIAN_POINT('',(-0.0471146727984066,0.0408,0.004));
#8013=CARTESIAN_POINT('',(-0.0471146727984066,0.0408,-0.004));
#8014=CARTESIAN_POINT('',(-0.0283571428571,0.0408,0.004));
#8015=CARTESIAN_POINT('',(-0.0283571428571,0.0408,0.004));
#8016=CARTESIAN_POINT('',(-0.0283571428571,0.0408,-0.002));
#8017=CARTESIAN_POINT('',(-0.0283571428571,0.0408,-0.004));
#8018=CARTESIAN_POINT('',(-0.0283571428571,0.0408,-0.004));
#8019=CARTESIAN_POINT('',(-0.0283571428571,0.042,-0.0050069195574));
#8020=CARTESIAN_POINT('',(-0.03744596527105,0.0417273243014003,-0.00477811747927685));
#8021=CARTESIAN_POINT('',(-0.046534787685,0.0417273243014003,-0.00477811747927685));
#8022=CARTESIAN_POINT('',(-0.0283571428571,0.0417273243014003,-0.00477811747927685));
#8023=CARTESIAN_POINT('',(-0.0515,0.0333224720867161,0.00227439091407496));
#8024=CARTESIAN_POINT('',(-0.0494782763881188,0.0370455763834061,-0.000849664528072646));
#8025=CARTESIAN_POINT('',(-0.046534787685,0.0417273243014003,-0.00477811747927685));
#8026=CARTESIAN_POINT('',(-0.0283571428571,0.042,-0.0050069195574));
#8027=CARTESIAN_POINT('',(-0.0283571428571,0.042,0.0050069195574));
#8028=CARTESIAN_POINT('',(-0.03744596527105,0.0417273243014003,0.00477811747927685));
#8029=CARTESIAN_POINT('',(-0.0283571428571,0.0417273243014003,0.00477811747927685));
#8030=CARTESIAN_POINT('',(-0.046534787685,0.0417273243014003,0.00477811747927685));
#8031=CARTESIAN_POINT('',(-0.0283571428571,0.042,0.0050069195574));
#8032=CARTESIAN_POINT('',(-0.046534787685,0.0417273243014003,0.00477811747927685));
#8033=CARTESIAN_POINT('',(-0.0494782763881188,0.0370455763834061,0.000849664528072646));
#8034=CARTESIAN_POINT('',(-0.0515,0.0333224720867161,-0.00227439091407496));
#8035=CARTESIAN_POINT('',(-0.0283571428571,0.0365322570551829,0.0210919084445355));
#8036=CARTESIAN_POINT('',(-0.0283571428571,0.,0.));
#8037=CARTESIAN_POINT('',(-0.0283571428571,0.0343338364745773,-0.0221320508073017));
#8038=CARTESIAN_POINT('',(-0.046534787685,0.0403178107922475,-0.0117675032577234));
#8039=CARTESIAN_POINT('',(-0.0479006334646744,0.0353338364745638,-0.0203999999997251));
#8040=CARTESIAN_POINT('',(-0.046534787685,0.0303498621568801,-0.0290324967417268));
#8041=CARTESIAN_POINT('',(-0.0471146727984066,0.0373338364745369,-0.0169358983845718));
#8042=CARTESIAN_POINT('',(-0.0471146727984066,0.0333338364745908,-0.0238641016148784));
#8043=CARTESIAN_POINT('',(-0.0283571428571,0.0373338364745369,-0.0169358983845718));
#8044=CARTESIAN_POINT('',(-0.0283571428571,0.0373338364745369,-0.0169358983845718));
#8045=CARTESIAN_POINT('',(-0.0283571428571,0.0343338364745773,-0.0221320508073017));
#8046=CARTESIAN_POINT('',(-0.0283571428571,0.0333338364745908,-0.0238641016148784));
#8047=CARTESIAN_POINT('',(-0.0283571428571,0.0333338364745908,-0.0238641016148784));
#8048=CARTESIAN_POINT('',(-0.0283571428571,0.0388765267377761,-0.016663880468284));
#8049=CARTESIAN_POINT('',(-0.046534787685,0.038525981616733,-0.0167256910310801));
#8050=CARTESIAN_POINT('',(-0.0494782763881187,0.0325072425100415,-0.0177869571254446));
#8051=CARTESIAN_POINT('',(-0.0515,0.0277209118871015,-0.0186309163528678));
#8052=CARTESIAN_POINT('',(-0.046534787685,0.0385259816167329,-0.0167256910310802));
#8053=CARTESIAN_POINT('',(-0.03744596527105,0.0385259816167329,-0.0167256910310802));
#8054=CARTESIAN_POINT('',(-0.0283571428571,0.038525981616733,-0.0167256910310802));
#8055=CARTESIAN_POINT('',(-0.0283571428571,0.0388765267377761,-0.016663880468284));
#8056=CARTESIAN_POINT('',(-0.0283571428571,0.0365322570551829,0.0210919084445355));
#8057=CARTESIAN_POINT('',(-0.0283571428571,0.,0.));
#8058=CARTESIAN_POINT('',(-0.0283571428571,0.0337478641375205,-0.0250016332697578));
#8059=CARTESIAN_POINT('',(-0.0283571428571,0.0338696071804436,-0.02533611953115));
#8060=CARTESIAN_POINT('',(-0.0283571428571,0.0338696071804436,-0.02533611953115));
#8061=CARTESIAN_POINT('',(-0.0515,0.0299953028011458,-0.0146915557333992));
#8062=CARTESIAN_POINT('',(-0.0494782763881186,0.0316575779819803,-0.0192586192574627));
#8063=CARTESIAN_POINT('',(-0.046534787685,0.0337478641375205,-0.0250016332697578));
#8064=CARTESIAN_POINT('',(-0.046534787685,0.0337478641375205,-0.0250016332697578));
#8065=CARTESIAN_POINT('',(-0.03744596527105,0.0337478641375205,-0.0250016332697578));
#8066=CARTESIAN_POINT('',(-0.0283571428571,0.0186679491921484,-0.0363338364745503));
#8067=CARTESIAN_POINT('',(-0.046534787685,0.0290324967417268,-0.0303498621568801));
#8068=CARTESIAN_POINT('',(-0.0479006334646744,0.0203999999997251,-0.0353338364745638));
#8069=CARTESIAN_POINT('',(-0.046534787685,0.0117675032577234,-0.0403178107922475));
#8070=CARTESIAN_POINT('',(-0.0471146727984066,0.0238641016148784,-0.0333338364745908));
#8071=CARTESIAN_POINT('',(-0.0471146727984066,0.0169358983845718,-0.0373338364745369));
#8072=CARTESIAN_POINT('',(-0.0283571428571,0.0238641016148784,-0.0333338364745908));
#8073=CARTESIAN_POINT('',(-0.0283571428571,0.0238641016148784,-0.0333338364745907));
#8074=CARTESIAN_POINT('',(-0.0283571428571,0.0186679491921484,-0.0363338364745503));
#8075=CARTESIAN_POINT('',(-0.0283571428571,0.0169358983845718,-0.0373338364745368));
#8076=CARTESIAN_POINT('',(-0.0283571428571,0.0169358983845718,-0.0373338364745369));
#8077=CARTESIAN_POINT('',(-0.0283571428571,0.02533611953115,-0.0338696071804436));
#8078=CARTESIAN_POINT('',(-0.046534787685,0.0250016332697578,-0.0337478641375205));
#8079=CARTESIAN_POINT('',(-0.0494782763881185,0.0192586192574628,-0.0316575779819803));
#8080=CARTESIAN_POINT('',(-0.0515,0.0146915557333992,-0.0299953028011458));
#8081=CARTESIAN_POINT('',(-0.046534787685,0.0250016332697578,-0.0337478641375205));
#8082=CARTESIAN_POINT('',(-0.03744596527105,0.0250016332697578,-0.0337478641375205));
#8083=CARTESIAN_POINT('',(-0.0283571428571,0.0250016332697578,-0.0337478641375205));
#8084=CARTESIAN_POINT('',(-0.0283571428571,0.02533611953115,-0.0338696071804436));
#8085=CARTESIAN_POINT('',(-0.0283571428571,0.0365322570551829,0.0210919084445355));
#8086=CARTESIAN_POINT('',(-0.0283571428571,0.,0.));
#8087=CARTESIAN_POINT('',(-0.0283571428571,0.0167256910310802,-0.0385259816167329));
#8088=CARTESIAN_POINT('',(-0.0283571428571,0.016663880468284,-0.0388765267377761));
#8089=CARTESIAN_POINT('',(-0.0283571428571,0.016663880468284,-0.0388765267377761));
#8090=CARTESIAN_POINT('',(-0.0515,0.0186309163528678,-0.0277209118871015));
#8091=CARTESIAN_POINT('',(-0.0494782763881185,0.0177869571254446,-0.0325072425100419));
#8092=CARTESIAN_POINT('',(-0.046534787685,0.0167256910310801,-0.038525981616733));
#8093=CARTESIAN_POINT('',(-0.046534787685,0.0167256910310802,-0.0385259816167329));
#8094=CARTESIAN_POINT('',(-0.03744596527105,0.0167256910310802,-0.0385259816167329));
#8095=CARTESIAN_POINT('',(-0.0283571428571,-0.002,-0.0408));
#8096=CARTESIAN_POINT('',(-0.046534787685,0.00996794863550173,-0.0408));
#8097=CARTESIAN_POINT('',(-0.0479006334646744,0.,-0.0407999999999997));
#8098=CARTESIAN_POINT('',(-0.046534787685,-0.00996794863550173,-0.0408));
#8099=CARTESIAN_POINT('',(-0.0471146727984066,0.004,-0.0408));
#8100=CARTESIAN_POINT('',(-0.0471146727984066,-0.004,-0.0408));
#8101=CARTESIAN_POINT('',(-0.0283571428571,0.004,-0.0408));
#8102=CARTESIAN_POINT('',(-0.0283571428571,0.004,-0.0408));
#8103=CARTESIAN_POINT('',(-0.0283571428571,-0.002,-0.0408));
#8104=CARTESIAN_POINT('',(-0.0283571428571,-0.004,-0.0408));
#8105=CARTESIAN_POINT('',(-0.0283571428571,-0.004,-0.0408));
#8106=CARTESIAN_POINT('',(-0.0283571428571,0.0050069195574,-0.042));
#8107=CARTESIAN_POINT('',(-0.046534787685,0.00477811747927685,-0.0417273243014003));
#8108=CARTESIAN_POINT('',(-0.0494782763881188,0.000849664528072814,-0.0370455763834063));
#8109=CARTESIAN_POINT('',(-0.0515,-0.00227439091407496,-0.0333224720867161));
#8110=CARTESIAN_POINT('',(-0.046534787685,0.00477811747927685,-0.0417273243014003));
#8111=CARTESIAN_POINT('',(-0.03744596527105,0.00477811747927685,-0.0417273243014003));
#8112=CARTESIAN_POINT('',(-0.0283571428571,0.00477811747927686,-0.0417273243014003));
#8113=CARTESIAN_POINT('',(-0.0283571428571,0.0050069195574,-0.042));
#8114=CARTESIAN_POINT('',(-0.0283571428571,0.0365322570551829,0.0210919084445355));
#8115=CARTESIAN_POINT('',(-0.0283571428571,0.,0.));
#8116=CARTESIAN_POINT('',(-0.0283571428571,-0.00477811747927685,-0.0417273243014003));
#8117=CARTESIAN_POINT('',(-0.0283571428571,-0.0050069195574,-0.042));
#8118=CARTESIAN_POINT('',(-0.0283571428571,-0.0050069195574,-0.042));
#8119=CARTESIAN_POINT('',(-0.0515,0.00227439091407496,-0.0333224720867161));
#8120=CARTESIAN_POINT('',(-0.0494782763881188,-0.000849664528072814,-0.0370455763834063));
#8121=CARTESIAN_POINT('',(-0.046534787685,-0.00477811747927685,-0.0417273243014003));
#8122=CARTESIAN_POINT('',(-0.046534787685,-0.00477811747927685,-0.0417273243014003));
#8123=CARTESIAN_POINT('',(-0.03744596527105,-0.00477811747927685,-0.0417273243014003));
#8124=CARTESIAN_POINT('',(-0.0283571428571,-0.0221320508073017,-0.0343338364745773));
#8125=CARTESIAN_POINT('',(-0.046534787685,-0.0117675032577234,-0.0403178107922475));
#8126=CARTESIAN_POINT('',(-0.0479006334646744,-0.0203999999997251,-0.0353338364745638));
#8127=CARTESIAN_POINT('',(-0.046534787685,-0.0290324967417268,-0.0303498621568801));
#8128=CARTESIAN_POINT('',(-0.0471146727984066,-0.0169358983845718,-0.0373338364745369));
#8129=CARTESIAN_POINT('',(-0.0471146727984066,-0.0238641016148784,-0.0333338364745908));
#8130=CARTESIAN_POINT('',(-0.0283571428571,-0.0169358983845718,-0.0373338364745369));
#8131=CARTESIAN_POINT('',(-0.0283571428571,-0.0169358983845718,-0.0373338364745369));
#8132=CARTESIAN_POINT('',(-0.0283571428571,-0.0221320508073017,-0.0343338364745773));
#8133=CARTESIAN_POINT('',(-0.0283571428571,-0.0238641016148784,-0.0333338364745908));
#8134=CARTESIAN_POINT('',(-0.0283571428571,-0.0238641016148784,-0.0333338364745908));
#8135=CARTESIAN_POINT('',(-0.0283571428571,-0.016663880468284,-0.0388765267377761));
#8136=CARTESIAN_POINT('',(-0.046534787685,-0.0167256910310801,-0.038525981616733));
#8137=CARTESIAN_POINT('',(-0.0494782763881185,-0.0177869571254446,-0.0325072425100419));
#8138=CARTESIAN_POINT('',(-0.0515,-0.0186309163528678,-0.0277209118871015));
#8139=CARTESIAN_POINT('',(-0.046534787685,-0.0167256910310802,-0.0385259816167329));
#8140=CARTESIAN_POINT('',(-0.03744596527105,-0.0167256910310802,-0.0385259816167329));
#8141=CARTESIAN_POINT('',(-0.0283571428571,-0.0167256910310802,-0.038525981616733));
#8142=CARTESIAN_POINT('',(-0.0283571428571,-0.016663880468284,-0.0388765267377761));
#8143=CARTESIAN_POINT('',(-0.0283571428571,0.0365322570551829,0.0210919084445355));
#8144=CARTESIAN_POINT('',(-0.0283571428571,0.,0.));
#8145=CARTESIAN_POINT('',(-0.0283571428571,-0.0250016332697578,-0.0337478641375205));
#8146=CARTESIAN_POINT('',(-0.0283571428571,-0.02533611953115,-0.0338696071804436));
#8147=CARTESIAN_POINT('',(-0.0283571428571,-0.02533611953115,-0.0338696071804436));
#8148=CARTESIAN_POINT('',(-0.0515,-0.0146915557333992,-0.0299953028011458));
#8149=CARTESIAN_POINT('',(-0.0494782763881185,-0.0192586192574628,-0.0316575779819803));
#8150=CARTESIAN_POINT('',(-0.046534787685,-0.0250016332697578,-0.0337478641375205));
#8151=CARTESIAN_POINT('',(-0.046534787685,-0.0250016332697578,-0.0337478641375205));
#8152=CARTESIAN_POINT('',(-0.03744596527105,-0.0250016332697578,-0.0337478641375205));
#8153=CARTESIAN_POINT('',(-0.0283571428571,-0.0363338364745503,-0.0186679491921484));
#8154=CARTESIAN_POINT('',(-0.046534787685,-0.0303498621568801,-0.0290324967417268));
#8155=CARTESIAN_POINT('',(-0.0479006334646744,-0.0353338364745638,-0.0203999999997251));
#8156=CARTESIAN_POINT('',(-0.046534787685,-0.0403178107922475,-0.0117675032577234));
#8157=CARTESIAN_POINT('',(-0.0471146727984066,-0.0333338364745908,-0.0238641016148784));
#8158=CARTESIAN_POINT('',(-0.0471146727984066,-0.0373338364745369,-0.0169358983845718));
#8159=CARTESIAN_POINT('',(-0.0283571428571,-0.0333338364745908,-0.0238641016148784));
#8160=CARTESIAN_POINT('',(-0.0283571428571,-0.0333338364745907,-0.0238641016148784));
#8161=CARTESIAN_POINT('',(-0.0283571428571,-0.0363338364745503,-0.0186679491921484));
#8162=CARTESIAN_POINT('',(-0.0283571428571,-0.0373338364745368,-0.0169358983845718));
#8163=CARTESIAN_POINT('',(-0.0283571428571,-0.0373338364745369,-0.0169358983845718));
#8164=CARTESIAN_POINT('',(-0.0283571428571,-0.0338696071804436,-0.02533611953115));
#8165=CARTESIAN_POINT('',(-0.046534787685,-0.0337478641375205,-0.0250016332697578));
#8166=CARTESIAN_POINT('',(-0.0494782763881186,-0.0316575779819803,-0.0192586192574627));
#8167=CARTESIAN_POINT('',(-0.0515,-0.0299953028011458,-0.0146915557333992));
#8168=CARTESIAN_POINT('',(-0.046534787685,-0.0337478641375205,-0.0250016332697578));
#8169=CARTESIAN_POINT('',(-0.03744596527105,-0.0337478641375205,-0.0250016332697578));
#8170=CARTESIAN_POINT('',(-0.0283571428571,-0.0337478641375205,-0.0250016332697578));
#8171=CARTESIAN_POINT('',(-0.0283571428571,-0.0338696071804436,-0.02533611953115));
#8172=CARTESIAN_POINT('',(-0.0283571428571,0.0365322570551829,0.0210919084445355));
#8173=CARTESIAN_POINT('',(-0.0283571428571,0.,0.));
#8174=CARTESIAN_POINT('',(-0.0283571428571,-0.0385259816167329,-0.0167256910310802));
#8175=CARTESIAN_POINT('',(-0.0283571428571,-0.0388765267377761,-0.016663880468284));
#8176=CARTESIAN_POINT('',(-0.0283571428571,-0.0388765267377761,-0.016663880468284));
#8177=CARTESIAN_POINT('',(-0.0515,-0.0277209118871015,-0.0186309163528678));
#8178=CARTESIAN_POINT('',(-0.0494782763881187,-0.0325072425100415,-0.0177869571254446));
#8179=CARTESIAN_POINT('',(-0.046534787685,-0.038525981616733,-0.0167256910310801));
#8180=CARTESIAN_POINT('',(-0.046534787685,-0.0385259816167329,-0.0167256910310802));
#8181=CARTESIAN_POINT('',(-0.03744596527105,-0.0385259816167329,-0.0167256910310802));
#8182=CARTESIAN_POINT('',(-0.0283571428571,-0.0408,0.002));
#8183=CARTESIAN_POINT('',(-0.046534787685,-0.0408,-0.00996794863550173));
#8184=CARTESIAN_POINT('',(-0.0479006334646744,-0.0407999999999997,0.));
#8185=CARTESIAN_POINT('',(-0.046534787685,-0.0408,0.00996794863550173));
#8186=CARTESIAN_POINT('',(-0.0471146727984066,-0.0408,-0.004));
#8187=CARTESIAN_POINT('',(-0.0471146727984066,-0.0408,0.004));
#8188=CARTESIAN_POINT('',(-0.0283571428571,-0.0408,-0.004));
#8189=CARTESIAN_POINT('',(-0.0283571428571,-0.0408,-0.004));
#8190=CARTESIAN_POINT('',(-0.0283571428571,-0.0408,0.002));
#8191=CARTESIAN_POINT('',(-0.0283571428571,-0.0408,0.004));
#8192=CARTESIAN_POINT('',(-0.0283571428571,-0.0408,0.004));
#8193=CARTESIAN_POINT('',(-0.0283571428571,-0.042,-0.0050069195574));
#8194=CARTESIAN_POINT('',(-0.046534787685,-0.0417273243014003,-0.00477811747927685));
#8195=CARTESIAN_POINT('',(-0.0494782763881188,-0.0370455763834061,-0.000849664528072646));
#8196=CARTESIAN_POINT('',(-0.0515,-0.0333224720867161,0.00227439091407496));
#8197=CARTESIAN_POINT('',(-0.046534787685,-0.0417273243014003,-0.00477811747927685));
#8198=CARTESIAN_POINT('',(-0.03744596527105,-0.0417273243014003,-0.00477811747927685));
#8199=CARTESIAN_POINT('',(-0.0283571428571,-0.0417273243014003,-0.00477811747927686));
#8200=CARTESIAN_POINT('',(-0.0283571428571,-0.042,-0.0050069195574));
#8201=CARTESIAN_POINT('',(-0.0283571428571,0.0365322570551829,0.0210919084445355));
#8202=CARTESIAN_POINT('',(-0.0283571428571,0.,0.));
#8203=CARTESIAN_POINT('',(-0.0283571428571,-0.0417273243014003,0.00477811747927685));
#8204=CARTESIAN_POINT('',(-0.0283571428571,-0.042,0.0050069195574));
#8205=CARTESIAN_POINT('',(-0.0283571428571,-0.042,0.0050069195574));
#8206=CARTESIAN_POINT('',(-0.0515,-0.0333224720867161,-0.00227439091407496));
#8207=CARTESIAN_POINT('',(-0.0494782763881188,-0.0370455763834061,0.000849664528072646));
#8208=CARTESIAN_POINT('',(-0.046534787685,-0.0417273243014003,0.00477811747927685));
#8209=CARTESIAN_POINT('',(-0.046534787685,-0.0417273243014003,0.00477811747927685));
#8210=CARTESIAN_POINT('',(-0.03744596527105,-0.0417273243014003,0.00477811747927685));
#8211=CARTESIAN_POINT('',(-0.0283571428571,-0.0343338364745773,0.0221320508073017));
#8212=CARTESIAN_POINT('',(-0.046534787685,-0.0403178107922475,0.0117675032577234));
#8213=CARTESIAN_POINT('',(-0.0479006334646744,-0.0353338364745638,0.0203999999997251));
#8214=CARTESIAN_POINT('',(-0.046534787685,-0.0303498621568801,0.0290324967417268));
#8215=CARTESIAN_POINT('',(-0.0471146727984066,-0.0373338364745369,0.0169358983845718));
#8216=CARTESIAN_POINT('',(-0.0471146727984066,-0.0333338364745908,0.0238641016148784));
#8217=CARTESIAN_POINT('',(-0.0283571428571,-0.0373338364745369,0.0169358983845718));
#8218=CARTESIAN_POINT('',(-0.0283571428571,-0.0373338364745369,0.0169358983845718));
#8219=CARTESIAN_POINT('',(-0.0283571428571,-0.0343338364745773,0.0221320508073017));
#8220=CARTESIAN_POINT('',(-0.0283571428571,-0.0333338364745908,0.0238641016148784));
#8221=CARTESIAN_POINT('',(-0.0283571428571,-0.0333338364745908,0.0238641016148784));
#8222=CARTESIAN_POINT('',(-0.0283571428571,-0.0388765267377761,0.016663880468284));
#8223=CARTESIAN_POINT('',(-0.046534787685,-0.038525981616733,0.0167256910310801));
#8224=CARTESIAN_POINT('',(-0.0494782763881187,-0.0325072425100415,0.0177869571254446));
#8225=CARTESIAN_POINT('',(-0.0515,-0.0277209118871015,0.0186309163528678));
#8226=CARTESIAN_POINT('',(-0.046534787685,-0.0385259816167329,0.0167256910310802));
#8227=CARTESIAN_POINT('',(-0.03744596527105,-0.0385259816167329,0.0167256910310802));
#8228=CARTESIAN_POINT('',(-0.0283571428571,-0.038525981616733,0.0167256910310802));
#8229=CARTESIAN_POINT('',(-0.0283571428571,-0.0388765267377761,0.016663880468284));
#8230=CARTESIAN_POINT('',(-0.0283571428571,0.0365322570551829,0.0210919084445355));
#8231=CARTESIAN_POINT('',(-0.0283571428571,0.,0.));
#8232=CARTESIAN_POINT('',(-0.0283571428571,-0.0337478641375205,0.0250016332697578));
#8233=CARTESIAN_POINT('',(-0.0283571428571,-0.0338696071804436,0.02533611953115));
#8234=CARTESIAN_POINT('',(-0.0283571428571,-0.0338696071804436,0.02533611953115));
#8235=CARTESIAN_POINT('',(-0.0515,-0.0299953028011458,0.0146915557333992));
#8236=CARTESIAN_POINT('',(-0.0494782763881186,-0.0316575779819803,0.0192586192574627));
#8237=CARTESIAN_POINT('',(-0.046534787685,-0.0337478641375205,0.0250016332697578));
#8238=CARTESIAN_POINT('',(-0.046534787685,-0.0337478641375205,0.0250016332697578));
#8239=CARTESIAN_POINT('',(-0.03744596527105,-0.0337478641375205,0.0250016332697578));
#8240=CARTESIAN_POINT('',(-0.0283571428571,-0.0186679491921484,0.0363338364745503));
#8241=CARTESIAN_POINT('',(-0.046534787685,-0.0290324967417268,0.0303498621568801));
#8242=CARTESIAN_POINT('',(-0.0479006334646744,-0.0203999999997251,0.0353338364745638));
#8243=CARTESIAN_POINT('',(-0.046534787685,-0.0117675032577234,0.0403178107922475));
#8244=CARTESIAN_POINT('',(-0.0471146727984066,-0.0238641016148784,0.0333338364745908));
#8245=CARTESIAN_POINT('',(-0.0471146727984066,-0.0169358983845718,0.0373338364745369));
#8246=CARTESIAN_POINT('',(-0.0283571428571,-0.0238641016148784,0.0333338364745908));
#8247=CARTESIAN_POINT('',(-0.0283571428571,-0.0238641016148784,0.0333338364745907));
#8248=CARTESIAN_POINT('',(-0.0283571428571,-0.0186679491921484,0.0363338364745503));
#8249=CARTESIAN_POINT('',(-0.0283571428571,-0.0169358983845718,0.0373338364745368));
#8250=CARTESIAN_POINT('',(-0.0283571428571,-0.0169358983845718,0.0373338364745369));
#8251=CARTESIAN_POINT('',(-0.0283571428571,-0.02533611953115,0.0338696071804436));
#8252=CARTESIAN_POINT('',(-0.046534787685,-0.0250016332697578,0.0337478641375205));
#8253=CARTESIAN_POINT('',(-0.0494782763881185,-0.0192586192574628,0.0316575779819803));
#8254=CARTESIAN_POINT('',(-0.0515,-0.0146915557333992,0.0299953028011458));
#8255=CARTESIAN_POINT('',(-0.046534787685,-0.0250016332697578,0.0337478641375205));
#8256=CARTESIAN_POINT('',(-0.03744596527105,-0.0250016332697578,0.0337478641375205));
#8257=CARTESIAN_POINT('',(-0.0283571428571,-0.0250016332697578,0.0337478641375205));
#8258=CARTESIAN_POINT('',(-0.0283571428571,-0.02533611953115,0.0338696071804436));
#8259=CARTESIAN_POINT('',(-0.0283571428571,0.0365322570551829,0.0210919084445355));
#8260=CARTESIAN_POINT('',(-0.0283571428571,0.,0.));
#8261=CARTESIAN_POINT('',(-0.0283571428571,-0.0167256910310802,0.0385259816167329));
#8262=CARTESIAN_POINT('',(-0.0283571428571,-0.016663880468284,0.0388765267377761));
#8263=CARTESIAN_POINT('',(-0.0283571428571,-0.016663880468284,0.0388765267377761));
#8264=CARTESIAN_POINT('',(-0.0515,-0.0186309163528678,0.0277209118871015));
#8265=CARTESIAN_POINT('',(-0.0494782763881185,-0.0177869571254446,0.0325072425100419));
#8266=CARTESIAN_POINT('',(-0.046534787685,-0.0167256910310801,0.038525981616733));
#8267=CARTESIAN_POINT('',(-0.046534787685,-0.0167256910310802,0.0385259816167329));
#8268=CARTESIAN_POINT('',(-0.03744596527105,-0.0167256910310802,0.0385259816167329));
#8269=CARTESIAN_POINT('',(-0.0283571428571,0.002,0.0408));
#8270=CARTESIAN_POINT('',(-0.046534787685,-0.00996794863550173,0.0408));
#8271=CARTESIAN_POINT('',(-0.0479006334646744,0.,0.0407999999999997));
#8272=CARTESIAN_POINT('',(-0.046534787685,0.00996794863550173,0.0408));
#8273=CARTESIAN_POINT('',(-0.0471146727984066,-0.004,0.0408));
#8274=CARTESIAN_POINT('',(-0.0471146727984066,0.004,0.0408));
#8275=CARTESIAN_POINT('',(-0.0283571428571,-0.004,0.0408));
#8276=CARTESIAN_POINT('',(-0.0283571428571,-0.004,0.0408));
#8277=CARTESIAN_POINT('',(-0.0283571428571,0.002,0.0408));
#8278=CARTESIAN_POINT('',(-0.0283571428571,0.004,0.0408));
#8279=CARTESIAN_POINT('',(-0.0283571428571,0.004,0.0408));
#8280=CARTESIAN_POINT('',(-0.0283571428571,-0.0050069195574,0.042));
#8281=CARTESIAN_POINT('',(-0.046534787685,-0.00477811747927685,0.0417273243014003));
#8282=CARTESIAN_POINT('',(-0.0494782763881188,-0.000849664528072814,0.0370455763834063));
#8283=CARTESIAN_POINT('',(-0.0515,0.00227439091407496,0.0333224720867161));
#8284=CARTESIAN_POINT('',(-0.046534787685,-0.00477811747927685,0.0417273243014003));
#8285=CARTESIAN_POINT('',(-0.03744596527105,-0.00477811747927685,0.0417273243014003));
#8286=CARTESIAN_POINT('',(-0.0283571428571,-0.00477811747927686,0.0417273243014003));
#8287=CARTESIAN_POINT('',(-0.0283571428571,-0.0050069195574,0.042));
#8288=CARTESIAN_POINT('',(-0.0283571428571,0.0365322570551829,0.0210919084445355));
#8289=CARTESIAN_POINT('',(-0.0283571428571,0.,0.));
#8290=CARTESIAN_POINT('',(-0.0283571428571,0.00477811747927685,0.0417273243014003));
#8291=CARTESIAN_POINT('',(-0.0283571428571,0.0050069195574,0.042));
#8292=CARTESIAN_POINT('',(-0.0283571428571,0.0050069195574,0.042));
#8293=CARTESIAN_POINT('',(-0.0515,-0.00227439091407496,0.0333224720867161));
#8294=CARTESIAN_POINT('',(-0.0494782763881188,0.000849664528072814,0.0370455763834063));
#8295=CARTESIAN_POINT('',(-0.046534787685,0.00477811747927685,0.0417273243014003));
#8296=CARTESIAN_POINT('',(-0.046534787685,0.00477811747927685,0.0417273243014003));
#8297=CARTESIAN_POINT('',(-0.03744596527105,0.00477811747927685,0.0417273243014003));
#8298=CARTESIAN_POINT('',(-0.0283571428571,0.0221320508073017,0.0343338364745773));
#8299=CARTESIAN_POINT('',(-0.046534787685,0.0117675032577234,0.0403178107922475));
#8300=CARTESIAN_POINT('',(-0.0479006334646744,0.0203999999997251,0.0353338364745638));
#8301=CARTESIAN_POINT('',(-0.046534787685,0.0290324967417268,0.0303498621568801));
#8302=CARTESIAN_POINT('',(-0.0471146727984066,0.0169358983845718,0.0373338364745369));
#8303=CARTESIAN_POINT('',(-0.0471146727984066,0.0238641016148784,0.0333338364745908));
#8304=CARTESIAN_POINT('',(-0.0283571428571,0.0169358983845718,0.0373338364745369));
#8305=CARTESIAN_POINT('',(-0.0283571428571,0.0169358983845718,0.0373338364745369));
#8306=CARTESIAN_POINT('',(-0.0283571428571,0.0221320508073017,0.0343338364745773));
#8307=CARTESIAN_POINT('',(-0.0283571428571,0.0238641016148784,0.0333338364745908));
#8308=CARTESIAN_POINT('',(-0.0283571428571,0.0238641016148784,0.0333338364745908));
#8309=CARTESIAN_POINT('',(-0.0283571428571,0.016663880468284,0.0388765267377761));
#8310=CARTESIAN_POINT('',(-0.046534787685,0.0167256910310801,0.038525981616733));
#8311=CARTESIAN_POINT('',(-0.0494782763881185,0.0177869571254446,0.0325072425100419));
#8312=CARTESIAN_POINT('',(-0.0515,0.0186309163528678,0.0277209118871015));
#8313=CARTESIAN_POINT('',(-0.046534787685,0.0167256910310802,0.0385259816167329));
#8314=CARTESIAN_POINT('',(-0.03744596527105,0.0167256910310802,0.0385259816167329));
#8315=CARTESIAN_POINT('',(-0.0283571428571,0.0167256910310802,0.038525981616733));
#8316=CARTESIAN_POINT('',(-0.0283571428571,0.016663880468284,0.0388765267377761));
#8317=CARTESIAN_POINT('',(-0.0283571428571,0.0365322570551829,0.0210919084445355));
#8318=CARTESIAN_POINT('',(-0.0283571428571,0.,0.));
#8319=CARTESIAN_POINT('',(-0.0283571428571,0.0250016332697578,0.0337478641375205));
#8320=CARTESIAN_POINT('',(-0.0283571428571,0.02533611953115,0.0338696071804436));
#8321=CARTESIAN_POINT('',(-0.0283571428571,0.02533611953115,0.0338696071804436));
#8322=CARTESIAN_POINT('',(-0.0515,0.0146915557333992,0.0299953028011458));
#8323=CARTESIAN_POINT('',(-0.0494782763881185,0.0192586192574628,0.0316575779819803));
#8324=CARTESIAN_POINT('',(-0.046534787685,0.0250016332697578,0.0337478641375205));
#8325=CARTESIAN_POINT('',(-0.046534787685,0.0250016332697578,0.0337478641375205));
#8326=CARTESIAN_POINT('',(-0.03744596527105,0.0250016332697578,0.0337478641375205));
#8327=CARTESIAN_POINT('',(-0.0283571428571,0.0363338364745503,0.0186679491921484));
#8328=CARTESIAN_POINT('',(-0.046534787685,0.0303498621568801,0.0290324967417268));
#8329=CARTESIAN_POINT('',(-0.0479006334646744,0.0353338364745638,0.0203999999997251));
#8330=CARTESIAN_POINT('',(-0.046534787685,0.0403178107922475,0.0117675032577234));
#8331=CARTESIAN_POINT('',(-0.0471146727984066,0.0333338364745908,0.0238641016148784));
#8332=CARTESIAN_POINT('',(-0.0471146727984066,0.0373338364745369,0.0169358983845718));
#8333=CARTESIAN_POINT('',(-0.0283571428571,0.0333338364745908,0.0238641016148784));
#8334=CARTESIAN_POINT('',(-0.0283571428571,0.0333338364745908,0.0238641016148784));
#8335=CARTESIAN_POINT('',(-0.0283571428571,0.0353338364745638,0.0203999999997251));
#8336=CARTESIAN_POINT('',(-0.0283571428571,0.0373338364745369,0.0169358983845718));
#8337=CARTESIAN_POINT('',(-0.0283571428571,0.0373338364745369,0.0169358983845718));
#8338=CARTESIAN_POINT('',(-0.0283571428571,0.0338696071804436,0.02533611953115));
#8339=CARTESIAN_POINT('',(-0.046534787685,0.0337478641375205,0.0250016332697578));
#8340=CARTESIAN_POINT('',(-0.0494782763881186,0.0316575779819803,0.0192586192574627));
#8341=CARTESIAN_POINT('',(-0.0515,0.0299953028011458,0.0146915557333992));
#8342=CARTESIAN_POINT('',(-0.046534787685,0.0337478641375205,0.0250016332697578));
#8343=CARTESIAN_POINT('',(-0.03744596527105,0.0337478641375205,0.0250016332697578));
#8344=CARTESIAN_POINT('',(-0.0283571428571,0.0337478641375205,0.0250016332697578));
#8345=CARTESIAN_POINT('',(-0.0283571428571,0.0344053778862963,0.0268081374474216));
#8346=CARTESIAN_POINT('',(-0.0283571428571,0.0365322570551829,0.0210919084445355));
#8347=CARTESIAN_POINT('',(-0.0283571428571,0.,0.));
#8348=CARTESIAN_POINT('',(-0.0283571428571,0.0385259816167329,0.0167256910310802));
#8349=CARTESIAN_POINT('',(-0.0283571428571,0.0373338364745369,0.0169358983845718));
#8350=CARTESIAN_POINT('',(-0.0283571428571,0.0388765267377761,0.016663880468284));
#8351=CARTESIAN_POINT('',(-0.0515,0.0277209118871015,0.0186309163528678));
#8352=CARTESIAN_POINT('',(-0.0494782763881187,0.0325072425100415,0.0177869571254446));
#8353=CARTESIAN_POINT('',(-0.046534787685,0.038525981616733,0.0167256910310801));
#8354=CARTESIAN_POINT('',(-0.046534787685,0.0385259816167329,0.0167256910310802));
#8355=CARTESIAN_POINT('',(-0.03744596527105,0.0385259816167329,0.0167256910310802));
#8356=CARTESIAN_POINT('',(-0.0425,0.,0.));
#8357=CARTESIAN_POINT('',(-0.0425,0.,0.));
#8358=CARTESIAN_POINT('',(-0.0425,0.,-0.016));
#8359=CARTESIAN_POINT('',(-0.0425,0.,0.));
#8360=CARTESIAN_POINT('',(-0.0425,0.,0.0164));
#8361=CARTESIAN_POINT('',(0.0425,0.,0.));
#8362=CARTESIAN_POINT('',(0.0425,0.,0.));
#8363=CARTESIAN_POINT('',(0.0425,0.,-0.016));
#8364=CARTESIAN_POINT('',(0.0425,0.,0.));
#8365=CARTESIAN_POINT('',(0.0425,0.,0.0164));
#8366=CARTESIAN_POINT('',(0.,0.,0.));
#8367=CARTESIAN_POINT('',(0.,5.51710040252897E-19,0.044));
#8368=CARTESIAN_POINT('',(0.,0.,0.044));
#8369=CARTESIAN_POINT('',(0.02,0.,0.044));
#8370=CARTESIAN_POINT('',(-0.0215372427955426,-0.00389036022718288,0.0338361458282606));
#8371=CARTESIAN_POINT('',(-0.0219106470977115,2.15062681987116E-05,0.0341068370955434));
#8372=CARTESIAN_POINT('',(-0.0214744685165529,0.00458670845346433,0.0337906440430224));
#8373=CARTESIAN_POINT('',(-0.0202075561608312,0.00897780166746738,0.0328894068006862));
#8374=CARTESIAN_POINT('',(-0.0182228983661079,0.0129201846197292,0.0315336898879034));
#8375=CARTESIAN_POINT('',(-0.0156251057698099,0.0163639793266728,0.029876684609316));
#8376=CARTESIAN_POINT('',(-0.0124651218232227,0.0192552869753254,0.0280799554984389));
#8377=CARTESIAN_POINT('',(-0.00944985501009348,0.0211151938660271,0.02666904908214));
#8378=CARTESIAN_POINT('',(-0.00677601910878192,0.0222510410881203,0.0257143204989971));
#8379=CARTESIAN_POINT('',(-0.00460637096114416,0.0229049988066634,0.025130264958934));
#8380=CARTESIAN_POINT('',(-0.00238137590698972,0.0233105821487602,0.0247520481344126));
#8381=CARTESIAN_POINT('',(0.00074425297720465,0.0235060008172592,0.0245648348641969));
#8382=CARTESIAN_POINT('',(0.0037741557422419,0.0231448047148358,0.0249143207710314));
#8383=CARTESIAN_POINT('',(0.00666762694559108,0.0222899264929398,0.0256805687360474));
#8384=CARTESIAN_POINT('',(0.00868413776715931,0.0214465962725038,0.0263917053637994));
#8385=CARTESIAN_POINT('',(0.0105747676160027,0.0204211322675628,0.0271963125043274));
#8386=CARTESIAN_POINT('',(0.0129555920072636,0.0188043844409225,0.0283589020456996));
#8387=CARTESIAN_POINT('',(0.0155523690201237,0.0164412293718238,0.0298334667216544));
#8388=CARTESIAN_POINT('',(0.0181861331965443,0.012980486639439,0.0315088382862153));
#8389=CARTESIAN_POINT('',(0.0201599602692612,0.0090887146133317,0.0328563895023678));
#8390=CARTESIAN_POINT('',(0.0214544370676977,0.00471084007757505,0.0337760758925864));
#8391=CARTESIAN_POINT('',(0.0219079897167465,9.42980325748713E-05,0.0341049458145541));
#8392=CARTESIAN_POINT('',(0.0214920740824083,-0.00450648593984939,0.0338033119355968));
#8393=CARTESIAN_POINT('',(0.0202351030085412,-0.00890589740257379,0.0329087736822918));
#8394=CARTESIAN_POINT('',(0.0182608396800685,-0.0128620446120653,0.0315586369696873));
#8395=CARTESIAN_POINT('',(0.0160900694981136,-0.0157508852203039,0.0301728724077965));
#8396=CARTESIAN_POINT('',(0.014094161858455,-0.0177656433990328,0.0290058833630174));
#8397=CARTESIAN_POINT('',(0.0118951502318904,-0.019604917212826,0.0278140100243148));
#8398=CARTESIAN_POINT('',(0.00948805110632955,-0.0210949405997125,0.0266851839519926));
#8399=CARTESIAN_POINT('',(0.00681194542950492,-0.0222381381479562,0.0257255786817123));
#8400=CARTESIAN_POINT('',(0.00464057111367202,-0.022896946825676,0.0251376877253016));
#8401=CARTESIAN_POINT('',(0.00240948169049563,-0.023307241659643,0.0247551058148081));
#8402=CARTESIAN_POINT('',(6.67377341733097E-05,-0.0234569731528846,0.024612241450448));
#8403=CARTESIAN_POINT('',(-0.00222500945824672,-0.0233288774894699,0.024734636638216));
#8404=CARTESIAN_POINT('',(-0.0052605820588556,-0.0227977265444777,0.0252308277656188));
#8405=CARTESIAN_POINT('',(-0.00873924413128563,-0.0215446340818654,0.0263409097942991));
#8406=CARTESIAN_POINT('',(-0.0124310409486368,-0.0192830320301411,0.0280611385761881));
#8407=CARTESIAN_POINT('',(-0.0155757551259945,-0.016416347381036,0.0298472409389197));
#8408=CARTESIAN_POINT('',(-0.018194139721869,-0.0129686315545705,0.0315142815842561));
#8409=CARTESIAN_POINT('',(-0.0198548664466036,-0.00968557097374787,0.0326482003538088));
#8410=CARTESIAN_POINT('',(-0.0208306639354165,-0.00682296246101883,0.0333328170716326));
#8411=CARTESIAN_POINT('',(-0.0215372427955426,-0.00389036022718288,0.0338361458282606));
#8412=CARTESIAN_POINT('',(-0.0219106470977115,2.15062681987116E-05,0.0341068370955434));
#8413=CARTESIAN_POINT('',(-0.0214744685165529,0.00458670845346433,0.0337906440430224));
#8414=CARTESIAN_POINT('',(-0.0217632698070846,-1.61696438671083E-18,0.034));
#8415=CARTESIAN_POINT('',(0.,0.,0.));
#8416=CARTESIAN_POINT('',(-0.04925,0.,0.));
#8417=CARTESIAN_POINT('',(-0.0479914120120087,0.,0.));
#8418=CARTESIAN_POINT('',(-0.0479914120120087,0.,0.0287));
#8419=CARTESIAN_POINT('',(-0.0355173938425,0.,0.));
#8420=CARTESIAN_POINT('',(-0.046534787685,0.,0.));
#8421=CARTESIAN_POINT('',(-0.046534787685,0.,0.));
#8422=CARTESIAN_POINT('',(-0.046534787685,0.,0.));
#8423=CARTESIAN_POINT('',(-0.046534787685,0.,0.));
#8424=CARTESIAN_POINT('',(-0.046534787685,0.,0.));
#8425=CARTESIAN_POINT('',(-0.046534787685,0.,0.));
#8426=CARTESIAN_POINT('',(-0.046534787685,0.,0.));
#8427=CARTESIAN_POINT('',(-0.046534787685,0.,0.));
#8428=CARTESIAN_POINT('',(-0.046534787685,0.,0.));
#8429=CARTESIAN_POINT('',(-0.046534787685,0.,0.));
#8430=CARTESIAN_POINT('',(-0.046534787685,0.,0.));
#8431=CARTESIAN_POINT('',(-0.046534787685,0.,0.));
#8432=CARTESIAN_POINT('',(-0.0490173938425,0.,0.));
#8433=CARTESIAN_POINT('',(-0.0479244247139,0.,0.));
#8434=CARTESIAN_POINT('',(-0.0488472848721548,0.,0.));
#8435=CARTESIAN_POINT('',(-0.0488472848721548,0.,0.0255058390011592));
#8436=CARTESIAN_POINT('',(-0.0383,0.,0.));
#8437=CARTESIAN_POINT('',(-0.046,0.,0.));
#8438=CARTESIAN_POINT('',(-0.046,0.,0.0164));
#8439=CARTESIAN_POINT('',(0.06,0.,0.));
#8440=CARTESIAN_POINT('',(0.044875,0.,0.));
#8441=CARTESIAN_POINT('',(-0.0490000000001,0.,0.));
#8442=CARTESIAN_POINT('',(-0.049,0.,0.));
#8443=CARTESIAN_POINT('',(-0.049,0.,-0.0255));
#8444=CARTESIAN_POINT('',(-0.061,0.,0.));
#8445=CARTESIAN_POINT('',(-0.04925,0.,0.));
#8446=CARTESIAN_POINT('',(0.0479914120120087,0.,0.));
#8447=CARTESIAN_POINT('',(0.0479914120120087,0.,0.0287));
#8448=CARTESIAN_POINT('',(-0.0355173938425,0.,0.));
#8449=CARTESIAN_POINT('',(0.046534787685,0.,0.));
#8450=CARTESIAN_POINT('',(0.046534787685,0.,0.));
#8451=CARTESIAN_POINT('',(0.046534787685,0.,0.));
#8452=CARTESIAN_POINT('',(0.046534787685,0.,0.));
#8453=CARTESIAN_POINT('',(0.046534787685,0.,0.));
#8454=CARTESIAN_POINT('',(0.046534787685,0.,0.));
#8455=CARTESIAN_POINT('',(0.046534787685,0.,0.));
#8456=CARTESIAN_POINT('',(0.046534787685,0.,0.));
#8457=CARTESIAN_POINT('',(0.046534787685,0.,0.));
#8458=CARTESIAN_POINT('',(0.046534787685,0.,0.));
#8459=CARTESIAN_POINT('',(0.046534787685,0.,0.));
#8460=CARTESIAN_POINT('',(0.046534787685,0.,0.));
#8461=CARTESIAN_POINT('',(0.0490173938425,0.,0.));
#8462=CARTESIAN_POINT('',(0.0479244247139,0.,0.));
#8463=CARTESIAN_POINT('',(0.0488472848721548,0.,0.));
#8464=CARTESIAN_POINT('',(0.0488472848721548,0.,0.0255058390011592));
#8465=CARTESIAN_POINT('',(0.0383,0.,0.));
#8466=CARTESIAN_POINT('',(0.046,0.,0.));
#8467=CARTESIAN_POINT('',(0.046,0.,-0.0164));
#8468=CARTESIAN_POINT('',(0.06,0.,0.));
#8469=CARTESIAN_POINT('',(0.044875,0.,0.));
#8470=CARTESIAN_POINT('',(0.0490000000001,0.,0.));
#8471=CARTESIAN_POINT('',(0.0490000000001,0.,0.));
#8472=CARTESIAN_POINT('',(0.0490000000001,0.,0.0255));
#8473=CARTESIAN_POINT('',(-0.061,0.,0.));
#8474=CARTESIAN_POINT('',(0.,0.,0.058625));
#8475=CARTESIAN_POINT('',(-0.04275,0.,-0.0244));
#8476=CARTESIAN_POINT('',(-0.04275,0.,0.));
#8477=CARTESIAN_POINT('',(-0.04275,0.,-0.0324));
#8478=CARTESIAN_POINT('',(-0.04275,0.,0.));
#8479=CARTESIAN_POINT('',(-0.04275,0.,-0.023));
#8480=CARTESIAN_POINT('',(-0.047,0.,-0.01825));
#8481=CARTESIAN_POINT('',(-0.047,0.,0.));
#8482=CARTESIAN_POINT('',(-0.047,0.,0.0324));
#8483=CARTESIAN_POINT('',(-0.047,0.,0.));
#8484=CARTESIAN_POINT('',(-0.047,0.,0.03315));
#8485=CARTESIAN_POINT('',(-0.0425,0.,0.));
#8486=CARTESIAN_POINT('',(-0.0425,0.,0.));
#8487=CARTESIAN_POINT('',(-0.0425,0.,0.03315));
#8488=CARTESIAN_POINT('',(-0.0425,0.,0.));
#8489=CARTESIAN_POINT('',(-0.0425,0.,0.023));
#8490=CARTESIAN_POINT('',(0.04375,0.,0.));
#8491=CARTESIAN_POINT('',(0.042625,0.,0.));
#8492=CARTESIAN_POINT('',(0.044875,0.,0.));
#8493=CARTESIAN_POINT('',(0.0425,0.,0.));
#8494=CARTESIAN_POINT('',(0.0425,0.,0.));
#8495=CARTESIAN_POINT('',(0.0425,0.,0.03315));
#8496=CARTESIAN_POINT('',(0.0425,0.,0.));
#8497=CARTESIAN_POINT('',(0.0425,0.,0.023));
#8498=CARTESIAN_POINT('',(0.047,0.,-0.01825));
#8499=CARTESIAN_POINT('',(0.047,0.,0.));
#8500=CARTESIAN_POINT('',(0.047,0.,-0.0324));
#8501=CARTESIAN_POINT('',(0.047,0.,0.));
#8502=CARTESIAN_POINT('',(0.047,0.,-0.03315));
#8503=CARTESIAN_POINT('',(0.04275,0.,-0.0244));
#8504=CARTESIAN_POINT('',(0.04275,0.,0.));
#8505=CARTESIAN_POINT('',(0.04275,0.,-0.0324));
#8506=CARTESIAN_POINT('',(0.04275,0.,0.));
#8507=CARTESIAN_POINT('',(0.04275,0.,0.023));
#8508=CARTESIAN_POINT('',(0.044875,0.,0.));
#8509=CARTESIAN_POINT('',(0.042625,0.,0.));
#8510=CARTESIAN_POINT('',(0.04375,0.,0.));
#8511=MECHANICAL_DESIGN_GEOMETRIC_PRESENTATION_REPRESENTATION('',(#5007,#4717,#4718,#4719,#4720,#4721,#4722,#4723,#4724,#4725,#4726,#4727,#4728,#4729,#4730,#4731,#4732,#4733,#4734),#8512);
#8512=(
GEOMETRIC_REPRESENTATION_CONTEXT(3)
GLOBAL_UNCERTAINTY_ASSIGNED_CONTEXT((#8513))
GLOBAL_UNIT_ASSIGNED_CONTEXT((#8516,#8515,#8514))
REPRESENTATION_CONTEXT('DN32_Kugel','TOP_LEVEL_ASSEMBLY_PART')
);
#8513=UNCERTAINTY_MEASURE_WITH_UNIT(LENGTH_MEASURE(2.E-05),#8516,'DISTANCE_ACCURACY_VALUE','Maximum Tolerance applied to model');
#8514=(
NAMED_UNIT(*)
SI_UNIT($,.STERADIAN.)
SOLID_ANGLE_UNIT()
);
#8515=(
NAMED_UNIT(*)
PLANE_ANGLE_UNIT()
SI_UNIT($,.RADIAN.)
);
#8516=(
LENGTH_UNIT()
NAMED_UNIT(*)
SI_UNIT($,.METRE.)
);
#8517=PRODUCT_DEFINITION_SHAPE('','',#8518);
#8518=PRODUCT_DEFINITION('','',#8520,#8519);
#8519=PRODUCT_DEFINITION_CONTEXT('',#8526,'design');
#8520=PRODUCT_DEFINITION_FORMATION_WITH_SPECIFIED_SOURCE('','',#8522,.NOT_KNOWN.);
#8521=PRODUCT_RELATED_PRODUCT_CATEGORY('','',(#8522));
#8522=PRODUCT('DN32_Kugel','DN32_Kugel','DN32_Kugel',(#8524));
#8523=PRODUCT_CATEGORY('','');
#8524=PRODUCT_CONTEXT('',#8526,'mechanical');
#8525=APPLICATION_PROTOCOL_DEFINITION('international standard','ap242_managed_model_based_3d_engineering',2020,#8526);
#8526=APPLICATION_CONTEXT('managed model based 3d engineering');
ENDSEC;
END-ISO-10303-21;
