ISO-10303-21;
HEADER;
/*Generated by software containing ST-Developer
 * from STEP Tools, Inc. (www.steptools.com) 
 */
/*OPTION: using custom renumber hook */
/*description */
/*implementation_level */
FILE_DESCRIPTION(('STEP AP242 Edition 2','STEP AP242 Edition 2''CAx-IF Rec.Pracs.---Representation and Presentation of Product Manufa
cturing Information (PMI)---4.0---2014-10-13','STEP AP242 Edition 2''CAx-IF Rec.Pracs.---Representation and Presentation of Product Manufa
cturing Information (PMI)---4.0---2014-10-13''CAx-IF Rec.Pracs.---3D Tessellated Geometry---0.4---2014-09-14','STEP AP242 Edition 2''CAx-IF Rec.Pracs.---Representation and Presentation of Product Manufa
cturing Information (PMI)---4.0---2014-10-13''CAx-IF Rec.Pracs.---3D Tessellated Geometry---0.4---2014-09-14''2;1','STEP AP242 Edition 2''CAx-IF Rec.Pracs.---Representation and Presentation of Product Manufa
cturing Information (PMI)---4.0---2014-10-13''CAx-IF Rec.Pracs.---3D Tessellated Geometry---0.4---2014-09-14''2;1''CAx-IF Rec.Pracs.---User Defined Attributes---1.5---2016-08-15'),'2;1');
/*name */
/*time_stamp */
/*author */
/*organization */
/*preprocessor_version */
/*originating_system */
/*authorisation */
FILE_NAME('/vol/tmp/translate-6316970699450321988/guetekasten.step','2026-03-04T07:33:07',(''),(''),'ST-DEVELOPER v20','ONSHAPE BY PTC INC, 1.211','  ');
FILE_SCHEMA(('AP242_MANAGED_MODEL_BASED_3D_ENGINEERING_MIM_LF { 1 0 10303 442 3 1 4 }'));
ENDSEC;
DATA;
#10=SHAPE_REPRESENTATION_RELATIONSHIP('','',#1207,#11);
#11=ADVANCED_BREP_SHAPE_REPRESENTATION('',(#1205),#1911);
#12=CYLINDRICAL_SURFACE('',#1254,0.0225);
#13=CYLINDRICAL_SURFACE('',#1266,0.01);
#14=CYLINDRICAL_SURFACE('',#1268,0.0125);
#15=CYLINDRICAL_SURFACE('',#1271,0.025);
#16=CIRCLE('',#1212,0.01);
#17=CIRCLE('',#1221,0.0225);
#18=CIRCLE('',#1242,0.0125);
#19=CIRCLE('',#1245,0.025);
#20=CIRCLE('',#1255,0.0225);
#21=CIRCLE('',#1267,0.01);
#22=CIRCLE('',#1269,0.0125);
#23=CIRCLE('',#1272,0.025);
#24=ORIENTED_EDGE('',*,*,#348,.F.);
#25=ORIENTED_EDGE('',*,*,#349,.F.);
#26=ORIENTED_EDGE('',*,*,#350,.F.);
#27=ORIENTED_EDGE('',*,*,#351,.T.);
#28=ORIENTED_EDGE('',*,*,#352,.F.);
#29=ORIENTED_EDGE('',*,*,#353,.F.);
#30=ORIENTED_EDGE('',*,*,#354,.T.);
#31=ORIENTED_EDGE('',*,*,#355,.F.);
#32=ORIENTED_EDGE('',*,*,#356,.F.);
#33=ORIENTED_EDGE('',*,*,#351,.F.);
#34=ORIENTED_EDGE('',*,*,#357,.F.);
#35=ORIENTED_EDGE('',*,*,#358,.F.);
#36=ORIENTED_EDGE('',*,*,#359,.T.);
#37=ORIENTED_EDGE('',*,*,#360,.T.);
#38=ORIENTED_EDGE('',*,*,#361,.F.);
#39=ORIENTED_EDGE('',*,*,#353,.T.);
#40=ORIENTED_EDGE('',*,*,#362,.T.);
#41=ORIENTED_EDGE('',*,*,#363,.F.);
#42=ORIENTED_EDGE('',*,*,#355,.T.);
#43=ORIENTED_EDGE('',*,*,#364,.T.);
#44=ORIENTED_EDGE('',*,*,#365,.F.);
#45=ORIENTED_EDGE('',*,*,#366,.F.);
#46=ORIENTED_EDGE('',*,*,#367,.T.);
#47=ORIENTED_EDGE('',*,*,#368,.T.);
#48=ORIENTED_EDGE('',*,*,#349,.T.);
#49=ORIENTED_EDGE('',*,*,#369,.F.);
#50=ORIENTED_EDGE('',*,*,#370,.F.);
#51=ORIENTED_EDGE('',*,*,#371,.F.);
#52=ORIENTED_EDGE('',*,*,#372,.T.);
#53=ORIENTED_EDGE('',*,*,#373,.F.);
#54=ORIENTED_EDGE('',*,*,#374,.F.);
#55=ORIENTED_EDGE('',*,*,#375,.F.);
#56=ORIENTED_EDGE('',*,*,#376,.T.);
#57=ORIENTED_EDGE('',*,*,#377,.T.);
#58=ORIENTED_EDGE('',*,*,#378,.T.);
#59=ORIENTED_EDGE('',*,*,#379,.T.);
#60=ORIENTED_EDGE('',*,*,#380,.T.);
#61=ORIENTED_EDGE('',*,*,#381,.T.);
#62=ORIENTED_EDGE('',*,*,#382,.T.);
#63=ORIENTED_EDGE('',*,*,#383,.T.);
#64=ORIENTED_EDGE('',*,*,#384,.T.);
#65=ORIENTED_EDGE('',*,*,#385,.T.);
#66=ORIENTED_EDGE('',*,*,#386,.T.);
#67=ORIENTED_EDGE('',*,*,#387,.F.);
#68=ORIENTED_EDGE('',*,*,#388,.F.);
#69=ORIENTED_EDGE('',*,*,#389,.F.);
#70=ORIENTED_EDGE('',*,*,#390,.T.);
#71=ORIENTED_EDGE('',*,*,#391,.F.);
#72=ORIENTED_EDGE('',*,*,#392,.F.);
#73=ORIENTED_EDGE('',*,*,#393,.F.);
#74=ORIENTED_EDGE('',*,*,#394,.T.);
#75=ORIENTED_EDGE('',*,*,#395,.F.);
#76=ORIENTED_EDGE('',*,*,#396,.F.);
#77=ORIENTED_EDGE('',*,*,#397,.F.);
#78=ORIENTED_EDGE('',*,*,#398,.F.);
#79=ORIENTED_EDGE('',*,*,#399,.F.);
#80=ORIENTED_EDGE('',*,*,#400,.F.);
#81=ORIENTED_EDGE('',*,*,#380,.F.);
#82=ORIENTED_EDGE('',*,*,#401,.T.);
#83=ORIENTED_EDGE('',*,*,#402,.T.);
#84=ORIENTED_EDGE('',*,*,#403,.T.);
#85=ORIENTED_EDGE('',*,*,#404,.T.);
#86=ORIENTED_EDGE('',*,*,#405,.T.);
#87=ORIENTED_EDGE('',*,*,#376,.F.);
#88=ORIENTED_EDGE('',*,*,#406,.F.);
#89=ORIENTED_EDGE('',*,*,#407,.F.);
#90=ORIENTED_EDGE('',*,*,#408,.T.);
#91=ORIENTED_EDGE('',*,*,#409,.F.);
#92=ORIENTED_EDGE('',*,*,#410,.T.);
#93=ORIENTED_EDGE('',*,*,#411,.F.);
#94=ORIENTED_EDGE('',*,*,#372,.F.);
#95=ORIENTED_EDGE('',*,*,#412,.T.);
#96=ORIENTED_EDGE('',*,*,#413,.T.);
#97=ORIENTED_EDGE('',*,*,#382,.F.);
#98=ORIENTED_EDGE('',*,*,#414,.F.);
#99=ORIENTED_EDGE('',*,*,#386,.F.);
#100=ORIENTED_EDGE('',*,*,#415,.T.);
#101=ORIENTED_EDGE('',*,*,#416,.T.);
#102=ORIENTED_EDGE('',*,*,#417,.F.);
#103=ORIENTED_EDGE('',*,*,#418,.F.);
#104=ORIENTED_EDGE('',*,*,#390,.F.);
#105=ORIENTED_EDGE('',*,*,#419,.F.);
#106=ORIENTED_EDGE('',*,*,#420,.T.);
#107=ORIENTED_EDGE('',*,*,#421,.T.);
#108=ORIENTED_EDGE('',*,*,#422,.F.);
#109=ORIENTED_EDGE('',*,*,#423,.T.);
#110=ORIENTED_EDGE('',*,*,#402,.F.);
#111=ORIENTED_EDGE('',*,*,#424,.T.);
#112=ORIENTED_EDGE('',*,*,#412,.F.);
#113=ORIENTED_EDGE('',*,*,#425,.F.);
#114=ORIENTED_EDGE('',*,*,#416,.F.);
#115=ORIENTED_EDGE('',*,*,#426,.T.);
#116=ORIENTED_EDGE('',*,*,#404,.F.);
#117=ORIENTED_EDGE('',*,*,#427,.F.);
#118=ORIENTED_EDGE('',*,*,#428,.F.);
#119=ORIENTED_EDGE('',*,*,#410,.F.);
#120=ORIENTED_EDGE('',*,*,#429,.T.);
#121=ORIENTED_EDGE('',*,*,#420,.F.);
#122=ORIENTED_EDGE('',*,*,#368,.F.);
#123=ORIENTED_EDGE('',*,*,#430,.F.);
#124=ORIENTED_EDGE('',*,*,#357,.T.);
#125=ORIENTED_EDGE('',*,*,#350,.T.);
#126=ORIENTED_EDGE('',*,*,#364,.F.);
#127=ORIENTED_EDGE('',*,*,#354,.F.);
#128=ORIENTED_EDGE('',*,*,#361,.T.);
#129=ORIENTED_EDGE('',*,*,#431,.T.);
#130=ORIENTED_EDGE('',*,*,#367,.F.);
#131=ORIENTED_EDGE('',*,*,#432,.F.);
#132=ORIENTED_EDGE('',*,*,#358,.T.);
#133=ORIENTED_EDGE('',*,*,#430,.T.);
#134=ORIENTED_EDGE('',*,*,#366,.T.);
#135=ORIENTED_EDGE('',*,*,#433,.F.);
#136=ORIENTED_EDGE('',*,*,#359,.F.);
#137=ORIENTED_EDGE('',*,*,#432,.T.);
#138=ORIENTED_EDGE('',*,*,#365,.T.);
#139=ORIENTED_EDGE('',*,*,#431,.F.);
#140=ORIENTED_EDGE('',*,*,#360,.F.);
#141=ORIENTED_EDGE('',*,*,#433,.T.);
#142=ORIENTED_EDGE('',*,*,#434,.F.);
#143=ORIENTED_EDGE('',*,*,#422,.T.);
#144=ORIENTED_EDGE('',*,*,#435,.F.);
#145=ORIENTED_EDGE('',*,*,#408,.F.);
#146=ORIENTED_EDGE('',*,*,#435,.T.);
#147=ORIENTED_EDGE('',*,*,#421,.F.);
#148=ORIENTED_EDGE('',*,*,#429,.F.);
#149=ORIENTED_EDGE('',*,*,#409,.T.);
#150=ORIENTED_EDGE('',*,*,#381,.F.);
#151=ORIENTED_EDGE('',*,*,#403,.F.);
#152=ORIENTED_EDGE('',*,*,#425,.T.);
#153=ORIENTED_EDGE('',*,*,#414,.T.);
#154=ORIENTED_EDGE('',*,*,#436,.T.);
#155=ORIENTED_EDGE('',*,*,#437,.T.);
#156=ORIENTED_EDGE('',*,*,#438,.T.);
#157=ORIENTED_EDGE('',*,*,#439,.T.);
#158=ORIENTED_EDGE('',*,*,#440,.T.);
#159=ORIENTED_EDGE('',*,*,#441,.T.);
#160=ORIENTED_EDGE('',*,*,#442,.T.);
#161=ORIENTED_EDGE('',*,*,#443,.F.);
#162=ORIENTED_EDGE('',*,*,#444,.T.);
#163=ORIENTED_EDGE('',*,*,#445,.T.);
#164=ORIENTED_EDGE('',*,*,#446,.F.);
#165=ORIENTED_EDGE('',*,*,#447,.F.);
#166=ORIENTED_EDGE('',*,*,#448,.T.);
#167=ORIENTED_EDGE('',*,*,#449,.T.);
#168=ORIENTED_EDGE('',*,*,#450,.T.);
#169=ORIENTED_EDGE('',*,*,#451,.T.);
#170=ORIENTED_EDGE('',*,*,#393,.T.);
#171=ORIENTED_EDGE('',*,*,#452,.F.);
#172=ORIENTED_EDGE('',*,*,#436,.F.);
#173=ORIENTED_EDGE('',*,*,#453,.T.);
#174=ORIENTED_EDGE('',*,*,#394,.F.);
#175=ORIENTED_EDGE('',*,*,#453,.F.);
#176=ORIENTED_EDGE('',*,*,#443,.T.);
#177=ORIENTED_EDGE('',*,*,#454,.T.);
#178=ORIENTED_EDGE('',*,*,#395,.T.);
#179=ORIENTED_EDGE('',*,*,#454,.F.);
#180=ORIENTED_EDGE('',*,*,#442,.F.);
#181=ORIENTED_EDGE('',*,*,#455,.T.);
#182=ORIENTED_EDGE('',*,*,#396,.T.);
#183=ORIENTED_EDGE('',*,*,#455,.F.);
#184=ORIENTED_EDGE('',*,*,#441,.F.);
#185=ORIENTED_EDGE('',*,*,#456,.T.);
#186=ORIENTED_EDGE('',*,*,#397,.T.);
#187=ORIENTED_EDGE('',*,*,#456,.F.);
#188=ORIENTED_EDGE('',*,*,#440,.F.);
#189=ORIENTED_EDGE('',*,*,#457,.T.);
#190=ORIENTED_EDGE('',*,*,#398,.T.);
#191=ORIENTED_EDGE('',*,*,#457,.F.);
#192=ORIENTED_EDGE('',*,*,#439,.F.);
#193=ORIENTED_EDGE('',*,*,#458,.T.);
#194=ORIENTED_EDGE('',*,*,#399,.T.);
#195=ORIENTED_EDGE('',*,*,#458,.F.);
#196=ORIENTED_EDGE('',*,*,#438,.F.);
#197=ORIENTED_EDGE('',*,*,#459,.T.);
#198=ORIENTED_EDGE('',*,*,#400,.T.);
#199=ORIENTED_EDGE('',*,*,#459,.F.);
#200=ORIENTED_EDGE('',*,*,#437,.F.);
#201=ORIENTED_EDGE('',*,*,#452,.T.);
#202=ORIENTED_EDGE('',*,*,#460,.F.);
#203=ORIENTED_EDGE('',*,*,#461,.T.);
#204=ORIENTED_EDGE('',*,*,#462,.T.);
#205=ORIENTED_EDGE('',*,*,#463,.T.);
#206=ORIENTED_EDGE('',*,*,#464,.F.);
#207=ORIENTED_EDGE('',*,*,#465,.F.);
#208=ORIENTED_EDGE('',*,*,#466,.T.);
#209=ORIENTED_EDGE('',*,*,#462,.F.);
#210=ORIENTED_EDGE('',*,*,#467,.F.);
#211=ORIENTED_EDGE('',*,*,#468,.T.);
#212=ORIENTED_EDGE('',*,*,#469,.T.);
#213=ORIENTED_EDGE('',*,*,#470,.F.);
#214=ORIENTED_EDGE('',*,*,#471,.T.);
#215=ORIENTED_EDGE('',*,*,#472,.T.);
#216=ORIENTED_EDGE('',*,*,#473,.T.);
#217=ORIENTED_EDGE('',*,*,#468,.F.);
#218=ORIENTED_EDGE('',*,*,#450,.F.);
#219=ORIENTED_EDGE('',*,*,#474,.F.);
#220=ORIENTED_EDGE('',*,*,#472,.F.);
#221=ORIENTED_EDGE('',*,*,#475,.T.);
#222=ORIENTED_EDGE('',*,*,#449,.F.);
#223=ORIENTED_EDGE('',*,*,#476,.F.);
#224=ORIENTED_EDGE('',*,*,#469,.F.);
#225=ORIENTED_EDGE('',*,*,#473,.F.);
#226=ORIENTED_EDGE('',*,*,#474,.T.);
#227=ORIENTED_EDGE('',*,*,#451,.F.);
#228=ORIENTED_EDGE('',*,*,#475,.F.);
#229=ORIENTED_EDGE('',*,*,#471,.F.);
#230=ORIENTED_EDGE('',*,*,#467,.T.);
#231=ORIENTED_EDGE('',*,*,#477,.T.);
#232=ORIENTED_EDGE('',*,*,#478,.T.);
#233=ORIENTED_EDGE('',*,*,#447,.T.);
#234=ORIENTED_EDGE('',*,*,#479,.F.);
#235=ORIENTED_EDGE('',*,*,#464,.T.);
#236=ORIENTED_EDGE('',*,*,#479,.T.);
#237=ORIENTED_EDGE('',*,*,#446,.T.);
#238=ORIENTED_EDGE('',*,*,#480,.F.);
#239=ORIENTED_EDGE('',*,*,#465,.T.);
#240=ORIENTED_EDGE('',*,*,#445,.F.);
#241=ORIENTED_EDGE('',*,*,#481,.F.);
#242=ORIENTED_EDGE('',*,*,#466,.F.);
#243=ORIENTED_EDGE('',*,*,#480,.T.);
#244=ORIENTED_EDGE('',*,*,#448,.F.);
#245=ORIENTED_EDGE('',*,*,#478,.F.);
#246=ORIENTED_EDGE('',*,*,#463,.F.);
#247=ORIENTED_EDGE('',*,*,#476,.T.);
#248=ORIENTED_EDGE('',*,*,#444,.F.);
#249=ORIENTED_EDGE('',*,*,#477,.F.);
#250=ORIENTED_EDGE('',*,*,#461,.F.);
#251=ORIENTED_EDGE('',*,*,#481,.T.);
#252=ORIENTED_EDGE('',*,*,#423,.F.);
#253=ORIENTED_EDGE('',*,*,#482,.F.);
#254=ORIENTED_EDGE('',*,*,#374,.T.);
#255=ORIENTED_EDGE('',*,*,#483,.F.);
#256=ORIENTED_EDGE('',*,*,#484,.F.);
#257=ORIENTED_EDGE('',*,*,#485,.T.);
#258=ORIENTED_EDGE('',*,*,#411,.T.);
#259=ORIENTED_EDGE('',*,*,#428,.T.);
#260=ORIENTED_EDGE('',*,*,#419,.T.);
#261=ORIENTED_EDGE('',*,*,#389,.T.);
#262=ORIENTED_EDGE('',*,*,#486,.F.);
#263=ORIENTED_EDGE('',*,*,#487,.F.);
#264=ORIENTED_EDGE('',*,*,#483,.T.);
#265=ORIENTED_EDGE('',*,*,#373,.T.);
#266=ORIENTED_EDGE('',*,*,#388,.T.);
#267=ORIENTED_EDGE('',*,*,#488,.F.);
#268=ORIENTED_EDGE('',*,*,#489,.F.);
#269=ORIENTED_EDGE('',*,*,#486,.T.);
#270=ORIENTED_EDGE('',*,*,#406,.T.);
#271=ORIENTED_EDGE('',*,*,#375,.T.);
#272=ORIENTED_EDGE('',*,*,#485,.F.);
#273=ORIENTED_EDGE('',*,*,#490,.F.);
#274=ORIENTED_EDGE('',*,*,#488,.T.);
#275=ORIENTED_EDGE('',*,*,#387,.T.);
#276=ORIENTED_EDGE('',*,*,#417,.T.);
#277=ORIENTED_EDGE('',*,*,#427,.T.);
#278=ORIENTED_EDGE('',*,*,#484,.T.);
#279=ORIENTED_EDGE('',*,*,#487,.T.);
#280=ORIENTED_EDGE('',*,*,#489,.T.);
#281=ORIENTED_EDGE('',*,*,#490,.T.);
#282=ORIENTED_EDGE('',*,*,#384,.F.);
#283=ORIENTED_EDGE('',*,*,#491,.F.);
#284=ORIENTED_EDGE('',*,*,#492,.T.);
#285=ORIENTED_EDGE('',*,*,#493,.T.);
#286=ORIENTED_EDGE('',*,*,#379,.F.);
#287=ORIENTED_EDGE('',*,*,#494,.F.);
#288=ORIENTED_EDGE('',*,*,#495,.T.);
#289=ORIENTED_EDGE('',*,*,#491,.T.);
#290=ORIENTED_EDGE('',*,*,#383,.F.);
#291=ORIENTED_EDGE('',*,*,#413,.F.);
#292=ORIENTED_EDGE('',*,*,#424,.F.);
#293=ORIENTED_EDGE('',*,*,#401,.F.);
#294=ORIENTED_EDGE('',*,*,#378,.F.);
#295=ORIENTED_EDGE('',*,*,#496,.F.);
#296=ORIENTED_EDGE('',*,*,#497,.T.);
#297=ORIENTED_EDGE('',*,*,#494,.T.);
#298=ORIENTED_EDGE('',*,*,#426,.F.);
#299=ORIENTED_EDGE('',*,*,#415,.F.);
#300=ORIENTED_EDGE('',*,*,#385,.F.);
#301=ORIENTED_EDGE('',*,*,#493,.F.);
#302=ORIENTED_EDGE('',*,*,#498,.T.);
#303=ORIENTED_EDGE('',*,*,#496,.T.);
#304=ORIENTED_EDGE('',*,*,#377,.F.);
#305=ORIENTED_EDGE('',*,*,#405,.F.);
#306=ORIENTED_EDGE('',*,*,#492,.F.);
#307=ORIENTED_EDGE('',*,*,#495,.F.);
#308=ORIENTED_EDGE('',*,*,#497,.F.);
#309=ORIENTED_EDGE('',*,*,#498,.F.);
#310=ORIENTED_EDGE('',*,*,#362,.F.);
#311=ORIENTED_EDGE('',*,*,#499,.F.);
#312=ORIENTED_EDGE('',*,*,#500,.F.);
#313=ORIENTED_EDGE('',*,*,#460,.T.);
#314=ORIENTED_EDGE('',*,*,#499,.T.);
#315=ORIENTED_EDGE('',*,*,#500,.T.);
#316=ORIENTED_EDGE('',*,*,#501,.F.);
#317=ORIENTED_EDGE('',*,*,#470,.T.);
#318=ORIENTED_EDGE('',*,*,#482,.T.);
#319=ORIENTED_EDGE('',*,*,#501,.T.);
#320=ORIENTED_EDGE('',*,*,#348,.T.);
#321=ORIENTED_EDGE('',*,*,#356,.T.);
#322=ORIENTED_EDGE('',*,*,#352,.T.);
#323=ORIENTED_EDGE('',*,*,#363,.T.);
#324=ORIENTED_EDGE('',*,*,#502,.F.);
#325=ORIENTED_EDGE('',*,*,#503,.F.);
#326=ORIENTED_EDGE('',*,*,#504,.T.);
#327=ORIENTED_EDGE('',*,*,#369,.T.);
#328=ORIENTED_EDGE('',*,*,#392,.T.);
#329=ORIENTED_EDGE('',*,*,#505,.F.);
#330=ORIENTED_EDGE('',*,*,#506,.F.);
#331=ORIENTED_EDGE('',*,*,#502,.T.);
#332=ORIENTED_EDGE('',*,*,#407,.T.);
#333=ORIENTED_EDGE('',*,*,#371,.T.);
#334=ORIENTED_EDGE('',*,*,#507,.F.);
#335=ORIENTED_EDGE('',*,*,#508,.F.);
#336=ORIENTED_EDGE('',*,*,#505,.T.);
#337=ORIENTED_EDGE('',*,*,#391,.T.);
#338=ORIENTED_EDGE('',*,*,#418,.T.);
#339=ORIENTED_EDGE('',*,*,#434,.T.);
#340=ORIENTED_EDGE('',*,*,#370,.T.);
#341=ORIENTED_EDGE('',*,*,#504,.F.);
#342=ORIENTED_EDGE('',*,*,#509,.F.);
#343=ORIENTED_EDGE('',*,*,#507,.T.);
#344=ORIENTED_EDGE('',*,*,#503,.T.);
#345=ORIENTED_EDGE('',*,*,#506,.T.);
#346=ORIENTED_EDGE('',*,*,#508,.T.);
#347=ORIENTED_EDGE('',*,*,#509,.T.);
#348=EDGE_CURVE('',#510,#511,#620,.T.);
#349=EDGE_CURVE('',#512,#510,#621,.T.);
#350=EDGE_CURVE('',#513,#512,#622,.T.);
#351=EDGE_CURVE('',#513,#511,#623,.T.);
#352=EDGE_CURVE('',#514,#515,#624,.T.);
#353=EDGE_CURVE('',#516,#514,#625,.T.);
#354=EDGE_CURVE('',#516,#517,#626,.T.);
#355=EDGE_CURVE('',#515,#517,#627,.T.);
#356=EDGE_CURVE('',#511,#514,#628,.T.);
#357=EDGE_CURVE('',#518,#513,#629,.T.);
#358=EDGE_CURVE('',#519,#518,#630,.T.);
#359=EDGE_CURVE('',#519,#520,#631,.T.);
#360=EDGE_CURVE('',#520,#521,#632,.T.);
#361=EDGE_CURVE('',#516,#521,#633,.T.);
#362=EDGE_CURVE('',#522,#522,#16,.F.);
#363=EDGE_CURVE('',#515,#523,#634,.T.);
#364=EDGE_CURVE('',#517,#524,#635,.T.);
#365=EDGE_CURVE('',#525,#524,#636,.T.);
#366=EDGE_CURVE('',#526,#525,#637,.T.);
#367=EDGE_CURVE('',#526,#527,#638,.T.);
#368=EDGE_CURVE('',#527,#512,#639,.T.);
#369=EDGE_CURVE('',#528,#510,#640,.T.);
#370=EDGE_CURVE('',#529,#528,#641,.T.);
#371=EDGE_CURVE('',#530,#529,#642,.T.);
#372=EDGE_CURVE('',#530,#531,#643,.T.);
#373=EDGE_CURVE('',#532,#531,#644,.T.);
#374=EDGE_CURVE('',#533,#532,#645,.T.);
#375=EDGE_CURVE('',#534,#533,#646,.T.);
#376=EDGE_CURVE('',#534,#535,#647,.T.);
#377=EDGE_CURVE('',#535,#536,#648,.T.);
#378=EDGE_CURVE('',#536,#537,#649,.T.);
#379=EDGE_CURVE('',#537,#538,#650,.T.);
#380=EDGE_CURVE('',#538,#539,#651,.T.);
#381=EDGE_CURVE('',#539,#540,#652,.T.);
#382=EDGE_CURVE('',#540,#541,#653,.T.);
#383=EDGE_CURVE('',#541,#542,#654,.T.);
#384=EDGE_CURVE('',#542,#543,#655,.T.);
#385=EDGE_CURVE('',#543,#544,#656,.T.);
#386=EDGE_CURVE('',#544,#545,#657,.T.);
#387=EDGE_CURVE('',#546,#545,#658,.T.);
#388=EDGE_CURVE('',#547,#546,#659,.T.);
#389=EDGE_CURVE('',#548,#547,#660,.T.);
#390=EDGE_CURVE('',#548,#549,#661,.T.);
#391=EDGE_CURVE('',#550,#549,#662,.T.);
#392=EDGE_CURVE('',#523,#550,#663,.T.);
#393=EDGE_CURVE('',#551,#552,#664,.T.);
#394=EDGE_CURVE('',#551,#553,#665,.T.);
#395=EDGE_CURVE('',#554,#553,#666,.T.);
#396=EDGE_CURVE('',#555,#554,#667,.T.);
#397=EDGE_CURVE('',#556,#555,#668,.T.);
#398=EDGE_CURVE('',#557,#556,#669,.T.);
#399=EDGE_CURVE('',#558,#557,#670,.T.);
#400=EDGE_CURVE('',#552,#558,#671,.T.);
#401=EDGE_CURVE('',#538,#559,#672,.T.);
#402=EDGE_CURVE('',#559,#560,#673,.T.);
#403=EDGE_CURVE('',#560,#539,#674,.T.);
#404=EDGE_CURVE('',#561,#562,#675,.T.);
#405=EDGE_CURVE('',#562,#535,#676,.T.);
#406=EDGE_CURVE('',#561,#534,#677,.T.);
#407=EDGE_CURVE('',#563,#530,#678,.T.);
#408=EDGE_CURVE('',#563,#564,#679,.T.);
#409=EDGE_CURVE('',#565,#564,#680,.T.);
#410=EDGE_CURVE('',#565,#566,#681,.T.);
#411=EDGE_CURVE('',#531,#566,#682,.T.);
#412=EDGE_CURVE('',#567,#568,#683,.T.);
#413=EDGE_CURVE('',#568,#541,#684,.T.);
#414=EDGE_CURVE('',#567,#540,#685,.T.);
#415=EDGE_CURVE('',#544,#569,#686,.T.);
#416=EDGE_CURVE('',#569,#570,#687,.T.);
#417=EDGE_CURVE('',#545,#570,#688,.T.);
#418=EDGE_CURVE('',#549,#571,#689,.T.);
#419=EDGE_CURVE('',#572,#548,#690,.T.);
#420=EDGE_CURVE('',#572,#573,#691,.T.);
#421=EDGE_CURVE('',#573,#574,#692,.T.);
#422=EDGE_CURVE('',#571,#574,#693,.T.);
#423=EDGE_CURVE('',#575,#575,#17,.F.);
#424=EDGE_CURVE('',#559,#568,#694,.T.);
#425=EDGE_CURVE('',#560,#567,#695,.T.);
#426=EDGE_CURVE('',#569,#562,#696,.T.);
#427=EDGE_CURVE('',#570,#561,#697,.T.);
#428=EDGE_CURVE('',#566,#572,#698,.T.);
#429=EDGE_CURVE('',#565,#573,#699,.T.);
#430=EDGE_CURVE('',#518,#527,#700,.T.);
#431=EDGE_CURVE('',#521,#524,#701,.T.);
#432=EDGE_CURVE('',#519,#526,#702,.T.);
#433=EDGE_CURVE('',#520,#525,#703,.T.);
#434=EDGE_CURVE('',#571,#563,#704,.T.);
#435=EDGE_CURVE('',#564,#574,#705,.T.);
#436=EDGE_CURVE('',#576,#577,#706,.T.);
#437=EDGE_CURVE('',#577,#578,#707,.T.);
#438=EDGE_CURVE('',#578,#579,#708,.T.);
#439=EDGE_CURVE('',#579,#580,#709,.T.);
#440=EDGE_CURVE('',#580,#581,#710,.T.);
#441=EDGE_CURVE('',#581,#582,#711,.T.);
#442=EDGE_CURVE('',#582,#583,#712,.T.);
#443=EDGE_CURVE('',#576,#583,#713,.T.);
#444=EDGE_CURVE('',#584,#585,#714,.T.);
#445=EDGE_CURVE('',#585,#586,#715,.T.);
#446=EDGE_CURVE('',#587,#586,#716,.T.);
#447=EDGE_CURVE('',#588,#587,#717,.T.);
#448=EDGE_CURVE('',#588,#589,#718,.T.);
#449=EDGE_CURVE('',#589,#590,#719,.T.);
#450=EDGE_CURVE('',#590,#591,#720,.T.);
#451=EDGE_CURVE('',#591,#584,#721,.T.);
#452=EDGE_CURVE('',#577,#552,#722,.T.);
#453=EDGE_CURVE('',#576,#551,#723,.T.);
#454=EDGE_CURVE('',#583,#553,#724,.T.);
#455=EDGE_CURVE('',#582,#554,#725,.T.);
#456=EDGE_CURVE('',#581,#555,#726,.T.);
#457=EDGE_CURVE('',#580,#556,#727,.T.);
#458=EDGE_CURVE('',#579,#557,#728,.T.);
#459=EDGE_CURVE('',#578,#558,#729,.T.);
#460=EDGE_CURVE('',#592,#592,#18,.F.);
#461=EDGE_CURVE('',#593,#594,#730,.T.);
#462=EDGE_CURVE('',#594,#595,#731,.T.);
#463=EDGE_CURVE('',#595,#596,#732,.T.);
#464=EDGE_CURVE('',#597,#596,#733,.T.);
#465=EDGE_CURVE('',#598,#597,#734,.T.);
#466=EDGE_CURVE('',#598,#593,#735,.T.);
#467=EDGE_CURVE('',#599,#594,#736,.T.);
#468=EDGE_CURVE('',#599,#600,#737,.T.);
#469=EDGE_CURVE('',#600,#595,#738,.T.);
#470=EDGE_CURVE('',#601,#601,#19,.T.);
#471=EDGE_CURVE('',#599,#602,#739,.T.);
#472=EDGE_CURVE('',#602,#603,#740,.T.);
#473=EDGE_CURVE('',#603,#600,#741,.T.);
#474=EDGE_CURVE('',#603,#590,#742,.T.);
#475=EDGE_CURVE('',#602,#591,#743,.T.);
#476=EDGE_CURVE('',#595,#589,#744,.T.);
#477=EDGE_CURVE('',#594,#584,#745,.T.);
#478=EDGE_CURVE('',#596,#588,#746,.T.);
#479=EDGE_CURVE('',#597,#587,#747,.T.);
#480=EDGE_CURVE('',#598,#586,#748,.T.);
#481=EDGE_CURVE('',#593,#585,#749,.T.);
#482=EDGE_CURVE('',#604,#604,#20,.T.);
#483=EDGE_CURVE('',#605,#532,#750,.T.);
#484=EDGE_CURVE('',#606,#605,#751,.T.);
#485=EDGE_CURVE('',#606,#533,#752,.T.);
#486=EDGE_CURVE('',#607,#547,#753,.T.);
#487=EDGE_CURVE('',#605,#607,#754,.T.);
#488=EDGE_CURVE('',#608,#546,#755,.T.);
#489=EDGE_CURVE('',#607,#608,#756,.T.);
#490=EDGE_CURVE('',#608,#606,#757,.T.);
#491=EDGE_CURVE('',#609,#542,#758,.T.);
#492=EDGE_CURVE('',#609,#610,#759,.T.);
#493=EDGE_CURVE('',#610,#543,#760,.T.);
#494=EDGE_CURVE('',#611,#537,#761,.T.);
#495=EDGE_CURVE('',#611,#609,#762,.T.);
#496=EDGE_CURVE('',#612,#536,#763,.T.);
#497=EDGE_CURVE('',#612,#611,#764,.T.);
#498=EDGE_CURVE('',#610,#612,#765,.T.);
#499=EDGE_CURVE('',#613,#613,#21,.T.);
#500=EDGE_CURVE('',#614,#614,#22,.T.);
#501=EDGE_CURVE('',#615,#615,#23,.T.);
#502=EDGE_CURVE('',#616,#523,#766,.T.);
#503=EDGE_CURVE('',#617,#616,#767,.T.);
#504=EDGE_CURVE('',#617,#528,#768,.T.);
#505=EDGE_CURVE('',#618,#550,#769,.T.);
#506=EDGE_CURVE('',#616,#618,#770,.T.);
#507=EDGE_CURVE('',#619,#529,#771,.T.);
#508=EDGE_CURVE('',#618,#619,#772,.T.);
#509=EDGE_CURVE('',#619,#617,#773,.T.);
#510=VERTEX_POINT('',#1578);
#511=VERTEX_POINT('',#1579);
#512=VERTEX_POINT('',#1581);
#513=VERTEX_POINT('',#1583);
#514=VERTEX_POINT('',#1587);
#515=VERTEX_POINT('',#1588);
#516=VERTEX_POINT('',#1590);
#517=VERTEX_POINT('',#1592);
#518=VERTEX_POINT('',#1597);
#519=VERTEX_POINT('',#1599);
#520=VERTEX_POINT('',#1601);
#521=VERTEX_POINT('',#1603);
#522=VERTEX_POINT('',#1606);
#523=VERTEX_POINT('',#1609);
#524=VERTEX_POINT('',#1611);
#525=VERTEX_POINT('',#1613);
#526=VERTEX_POINT('',#1615);
#527=VERTEX_POINT('',#1617);
#528=VERTEX_POINT('',#1620);
#529=VERTEX_POINT('',#1622);
#530=VERTEX_POINT('',#1624);
#531=VERTEX_POINT('',#1626);
#532=VERTEX_POINT('',#1628);
#533=VERTEX_POINT('',#1630);
#534=VERTEX_POINT('',#1632);
#535=VERTEX_POINT('',#1634);
#536=VERTEX_POINT('',#1636);
#537=VERTEX_POINT('',#1638);
#538=VERTEX_POINT('',#1640);
#539=VERTEX_POINT('',#1642);
#540=VERTEX_POINT('',#1644);
#541=VERTEX_POINT('',#1646);
#542=VERTEX_POINT('',#1648);
#543=VERTEX_POINT('',#1650);
#544=VERTEX_POINT('',#1652);
#545=VERTEX_POINT('',#1654);
#546=VERTEX_POINT('',#1656);
#547=VERTEX_POINT('',#1658);
#548=VERTEX_POINT('',#1660);
#549=VERTEX_POINT('',#1662);
#550=VERTEX_POINT('',#1664);
#551=VERTEX_POINT('',#1667);
#552=VERTEX_POINT('',#1668);
#553=VERTEX_POINT('',#1670);
#554=VERTEX_POINT('',#1672);
#555=VERTEX_POINT('',#1674);
#556=VERTEX_POINT('',#1676);
#557=VERTEX_POINT('',#1678);
#558=VERTEX_POINT('',#1680);
#559=VERTEX_POINT('',#1684);
#560=VERTEX_POINT('',#1686);
#561=VERTEX_POINT('',#1690);
#562=VERTEX_POINT('',#1691);
#563=VERTEX_POINT('',#1696);
#564=VERTEX_POINT('',#1698);
#565=VERTEX_POINT('',#1700);
#566=VERTEX_POINT('',#1702);
#567=VERTEX_POINT('',#1706);
#568=VERTEX_POINT('',#1707);
#569=VERTEX_POINT('',#1712);
#570=VERTEX_POINT('',#1714);
#571=VERTEX_POINT('',#1718);
#572=VERTEX_POINT('',#1720);
#573=VERTEX_POINT('',#1722);
#574=VERTEX_POINT('',#1724);
#575=VERTEX_POINT('',#1728);
#576=VERTEX_POINT('',#1753);
#577=VERTEX_POINT('',#1754);
#578=VERTEX_POINT('',#1756);
#579=VERTEX_POINT('',#1758);
#580=VERTEX_POINT('',#1760);
#581=VERTEX_POINT('',#1762);
#582=VERTEX_POINT('',#1764);
#583=VERTEX_POINT('',#1766);
#584=VERTEX_POINT('',#1769);
#585=VERTEX_POINT('',#1770);
#586=VERTEX_POINT('',#1772);
#587=VERTEX_POINT('',#1774);
#588=VERTEX_POINT('',#1776);
#589=VERTEX_POINT('',#1778);
#590=VERTEX_POINT('',#1780);
#591=VERTEX_POINT('',#1782);
#592=VERTEX_POINT('',#1802);
#593=VERTEX_POINT('',#1804);
#594=VERTEX_POINT('',#1805);
#595=VERTEX_POINT('',#1807);
#596=VERTEX_POINT('',#1809);
#597=VERTEX_POINT('',#1811);
#598=VERTEX_POINT('',#1813);
#599=VERTEX_POINT('',#1817);
#600=VERTEX_POINT('',#1819);
#601=VERTEX_POINT('',#1823);
#602=VERTEX_POINT('',#1825);
#603=VERTEX_POINT('',#1827);
#604=VERTEX_POINT('',#1847);
#605=VERTEX_POINT('',#1850);
#606=VERTEX_POINT('',#1852);
#607=VERTEX_POINT('',#1856);
#608=VERTEX_POINT('',#1860);
#609=VERTEX_POINT('',#1867);
#610=VERTEX_POINT('',#1869);
#611=VERTEX_POINT('',#1873);
#612=VERTEX_POINT('',#1877);
#613=VERTEX_POINT('',#1884);
#614=VERTEX_POINT('',#1887);
#615=VERTEX_POINT('',#1891);
#616=VERTEX_POINT('',#1895);
#617=VERTEX_POINT('',#1897);
#618=VERTEX_POINT('',#1901);
#619=VERTEX_POINT('',#1905);
#620=LINE('',#1577,#774);
#621=LINE('',#1580,#775);
#622=LINE('',#1582,#776);
#623=LINE('',#1584,#777);
#624=LINE('',#1586,#778);
#625=LINE('',#1589,#779);
#626=LINE('',#1591,#780);
#627=LINE('',#1593,#781);
#628=LINE('',#1595,#782);
#629=LINE('',#1596,#783);
#630=LINE('',#1598,#784);
#631=LINE('',#1600,#785);
#632=LINE('',#1602,#786);
#633=LINE('',#1604,#787);
#634=LINE('',#1608,#788);
#635=LINE('',#1610,#789);
#636=LINE('',#1612,#790);
#637=LINE('',#1614,#791);
#638=LINE('',#1616,#792);
#639=LINE('',#1618,#793);
#640=LINE('',#1619,#794);
#641=LINE('',#1621,#795);
#642=LINE('',#1623,#796);
#643=LINE('',#1625,#797);
#644=LINE('',#1627,#798);
#645=LINE('',#1629,#799);
#646=LINE('',#1631,#800);
#647=LINE('',#1633,#801);
#648=LINE('',#1635,#802);
#649=LINE('',#1637,#803);
#650=LINE('',#1639,#804);
#651=LINE('',#1641,#805);
#652=LINE('',#1643,#806);
#653=LINE('',#1645,#807);
#654=LINE('',#1647,#808);
#655=LINE('',#1649,#809);
#656=LINE('',#1651,#810);
#657=LINE('',#1653,#811);
#658=LINE('',#1655,#812);
#659=LINE('',#1657,#813);
#660=LINE('',#1659,#814);
#661=LINE('',#1661,#815);
#662=LINE('',#1663,#816);
#663=LINE('',#1665,#817);
#664=LINE('',#1666,#818);
#665=LINE('',#1669,#819);
#666=LINE('',#1671,#820);
#667=LINE('',#1673,#821);
#668=LINE('',#1675,#822);
#669=LINE('',#1677,#823);
#670=LINE('',#1679,#824);
#671=LINE('',#1681,#825);
#672=LINE('',#1683,#826);
#673=LINE('',#1685,#827);
#674=LINE('',#1687,#828);
#675=LINE('',#1689,#829);
#676=LINE('',#1692,#830);
#677=LINE('',#1693,#831);
#678=LINE('',#1695,#832);
#679=LINE('',#1697,#833);
#680=LINE('',#1699,#834);
#681=LINE('',#1701,#835);
#682=LINE('',#1703,#836);
#683=LINE('',#1705,#837);
#684=LINE('',#1708,#838);
#685=LINE('',#1709,#839);
#686=LINE('',#1711,#840);
#687=LINE('',#1713,#841);
#688=LINE('',#1715,#842);
#689=LINE('',#1717,#843);
#690=LINE('',#1719,#844);
#691=LINE('',#1721,#845);
#692=LINE('',#1723,#846);
#693=LINE('',#1725,#847);
#694=LINE('',#1729,#848);
#695=LINE('',#1730,#849);
#696=LINE('',#1732,#850);
#697=LINE('',#1733,#851);
#698=LINE('',#1735,#852);
#699=LINE('',#1736,#853);
#700=LINE('',#1738,#854);
#701=LINE('',#1740,#855);
#702=LINE('',#1742,#856);
#703=LINE('',#1744,#857);
#704=LINE('',#1747,#858);
#705=LINE('',#1748,#859);
#706=LINE('',#1752,#860);
#707=LINE('',#1755,#861);
#708=LINE('',#1757,#862);
#709=LINE('',#1759,#863);
#710=LINE('',#1761,#864);
#711=LINE('',#1763,#865);
#712=LINE('',#1765,#866);
#713=LINE('',#1767,#867);
#714=LINE('',#1768,#868);
#715=LINE('',#1771,#869);
#716=LINE('',#1773,#870);
#717=LINE('',#1775,#871);
#718=LINE('',#1777,#872);
#719=LINE('',#1779,#873);
#720=LINE('',#1781,#874);
#721=LINE('',#1783,#875);
#722=LINE('',#1785,#876);
#723=LINE('',#1786,#877);
#724=LINE('',#1788,#878);
#725=LINE('',#1790,#879);
#726=LINE('',#1792,#880);
#727=LINE('',#1794,#881);
#728=LINE('',#1796,#882);
#729=LINE('',#1798,#883);
#730=LINE('',#1803,#884);
#731=LINE('',#1806,#885);
#732=LINE('',#1808,#886);
#733=LINE('',#1810,#887);
#734=LINE('',#1812,#888);
#735=LINE('',#1814,#889);
#736=LINE('',#1816,#890);
#737=LINE('',#1818,#891);
#738=LINE('',#1820,#892);
#739=LINE('',#1824,#893);
#740=LINE('',#1826,#894);
#741=LINE('',#1828,#895);
#742=LINE('',#1830,#896);
#743=LINE('',#1831,#897);
#744=LINE('',#1833,#898);
#745=LINE('',#1835,#899);
#746=LINE('',#1837,#900);
#747=LINE('',#1838,#901);
#748=LINE('',#1840,#902);
#749=LINE('',#1842,#903);
#750=LINE('',#1849,#904);
#751=LINE('',#1851,#905);
#752=LINE('',#1853,#906);
#753=LINE('',#1855,#907);
#754=LINE('',#1857,#908);
#755=LINE('',#1859,#909);
#756=LINE('',#1861,#910);
#757=LINE('',#1863,#911);
#758=LINE('',#1866,#912);
#759=LINE('',#1868,#913);
#760=LINE('',#1870,#914);
#761=LINE('',#1872,#915);
#762=LINE('',#1874,#916);
#763=LINE('',#1876,#917);
#764=LINE('',#1878,#918);
#765=LINE('',#1880,#919);
#766=LINE('',#1894,#920);
#767=LINE('',#1896,#921);
#768=LINE('',#1898,#922);
#769=LINE('',#1900,#923);
#770=LINE('',#1902,#924);
#771=LINE('',#1904,#925);
#772=LINE('',#1906,#926);
#773=LINE('',#1908,#927);
#774=VECTOR('',#1283,1.);
#775=VECTOR('',#1284,1.);
#776=VECTOR('',#1285,1.);
#777=VECTOR('',#1286,1.);
#778=VECTOR('',#1289,1.);
#779=VECTOR('',#1290,1.);
#780=VECTOR('',#1291,1.);
#781=VECTOR('',#1292,1.);
#782=VECTOR('',#1295,1.);
#783=VECTOR('',#1296,1.);
#784=VECTOR('',#1297,1.);
#785=VECTOR('',#1298,1.);
#786=VECTOR('',#1299,1.);
#787=VECTOR('',#1300,1.);
#788=VECTOR('',#1305,1.);
#789=VECTOR('',#1306,1.);
#790=VECTOR('',#1307,1.);
#791=VECTOR('',#1308,1.);
#792=VECTOR('',#1309,1.);
#793=VECTOR('',#1310,1.);
#794=VECTOR('',#1311,1.);
#795=VECTOR('',#1312,1.);
#796=VECTOR('',#1313,1.);
#797=VECTOR('',#1314,1.);
#798=VECTOR('',#1315,1.);
#799=VECTOR('',#1316,1.);
#800=VECTOR('',#1317,1.);
#801=VECTOR('',#1318,1.);
#802=VECTOR('',#1319,1.);
#803=VECTOR('',#1320,1.);
#804=VECTOR('',#1321,1.);
#805=VECTOR('',#1322,1.);
#806=VECTOR('',#1323,1.);
#807=VECTOR('',#1324,1.);
#808=VECTOR('',#1325,1.);
#809=VECTOR('',#1326,1.);
#810=VECTOR('',#1327,1.);
#811=VECTOR('',#1328,1.);
#812=VECTOR('',#1329,1.);
#813=VECTOR('',#1330,1.);
#814=VECTOR('',#1331,1.);
#815=VECTOR('',#1332,1.);
#816=VECTOR('',#1333,1.);
#817=VECTOR('',#1334,1.);
#818=VECTOR('',#1335,1.);
#819=VECTOR('',#1336,1.);
#820=VECTOR('',#1337,1.);
#821=VECTOR('',#1338,1.);
#822=VECTOR('',#1339,1.);
#823=VECTOR('',#1340,1.);
#824=VECTOR('',#1341,1.);
#825=VECTOR('',#1342,1.);
#826=VECTOR('',#1345,1.);
#827=VECTOR('',#1346,1.);
#828=VECTOR('',#1347,1.);
#829=VECTOR('',#1350,1.);
#830=VECTOR('',#1351,1.);
#831=VECTOR('',#1352,1.);
#832=VECTOR('',#1355,1.);
#833=VECTOR('',#1356,1.);
#834=VECTOR('',#1357,1.);
#835=VECTOR('',#1358,1.);
#836=VECTOR('',#1359,1.);
#837=VECTOR('',#1362,1.);
#838=VECTOR('',#1363,1.);
#839=VECTOR('',#1364,1.);
#840=VECTOR('',#1367,1.);
#841=VECTOR('',#1368,1.);
#842=VECTOR('',#1369,1.);
#843=VECTOR('',#1372,1.);
#844=VECTOR('',#1373,1.);
#845=VECTOR('',#1374,1.);
#846=VECTOR('',#1375,1.);
#847=VECTOR('',#1376,1.);
#848=VECTOR('',#1381,1.);
#849=VECTOR('',#1382,1.);
#850=VECTOR('',#1385,1.);
#851=VECTOR('',#1386,1.);
#852=VECTOR('',#1389,1.);
#853=VECTOR('',#1390,1.);
#854=VECTOR('',#1393,1.);
#855=VECTOR('',#1396,1.);
#856=VECTOR('',#1399,1.);
#857=VECTOR('',#1402,1.);
#858=VECTOR('',#1407,1.);
#859=VECTOR('',#1408,1.);
#860=VECTOR('',#1415,1.);
#861=VECTOR('',#1416,1.);
#862=VECTOR('',#1417,1.);
#863=VECTOR('',#1418,1.);
#864=VECTOR('',#1419,1.);
#865=VECTOR('',#1420,1.);
#866=VECTOR('',#1421,1.);
#867=VECTOR('',#1422,1.);
#868=VECTOR('',#1423,1.);
#869=VECTOR('',#1424,1.);
#870=VECTOR('',#1425,1.);
#871=VECTOR('',#1426,1.);
#872=VECTOR('',#1427,1.);
#873=VECTOR('',#1428,1.);
#874=VECTOR('',#1429,1.);
#875=VECTOR('',#1430,1.);
#876=VECTOR('',#1433,1.);
#877=VECTOR('',#1434,1.);
#878=VECTOR('',#1437,1.);
#879=VECTOR('',#1440,1.);
#880=VECTOR('',#1443,1.);
#881=VECTOR('',#1446,1.);
#882=VECTOR('',#1449,1.);
#883=VECTOR('',#1452,1.);
#884=VECTOR('',#1459,1.);
#885=VECTOR('',#1460,1.);
#886=VECTOR('',#1461,1.);
#887=VECTOR('',#1462,1.);
#888=VECTOR('',#1463,1.);
#889=VECTOR('',#1464,1.);
#890=VECTOR('',#1467,1.);
#891=VECTOR('',#1468,1.);
#892=VECTOR('',#1469,1.);
#893=VECTOR('',#1474,1.);
#894=VECTOR('',#1475,1.);
#895=VECTOR('',#1476,1.);
#896=VECTOR('',#1479,1.);
#897=VECTOR('',#1480,1.);
#898=VECTOR('',#1483,1.);
#899=VECTOR('',#1486,1.);
#900=VECTOR('',#1489,1.);
#901=VECTOR('',#1490,1.);
#902=VECTOR('',#1493,1.);
#903=VECTOR('',#1496,1.);
#904=VECTOR('',#1507,1.);
#905=VECTOR('',#1508,1.);
#906=VECTOR('',#1509,1.);
#907=VECTOR('',#1512,1.);
#908=VECTOR('',#1513,1.);
#909=VECTOR('',#1516,1.);
#910=VECTOR('',#1517,1.);
#911=VECTOR('',#1520,1.);
#912=VECTOR('',#1525,1.);
#913=VECTOR('',#1526,1.);
#914=VECTOR('',#1527,1.);
#915=VECTOR('',#1530,1.);
#916=VECTOR('',#1531,1.);
#917=VECTOR('',#1534,1.);
#918=VECTOR('',#1535,1.);
#919=VECTOR('',#1538,1.);
#920=VECTOR('',#1559,1.);
#921=VECTOR('',#1560,1.);
#922=VECTOR('',#1561,1.);
#923=VECTOR('',#1564,1.);
#924=VECTOR('',#1565,1.);
#925=VECTOR('',#1568,1.);
#926=VECTOR('',#1569,1.);
#927=VECTOR('',#1572,1.);
#928=EDGE_LOOP('',(#24,#25,#26,#27));
#929=EDGE_LOOP('',(#28,#29,#30,#31));
#930=EDGE_LOOP('',(#32,#33,#34,#35,#36,#37,#38,#39));
#931=EDGE_LOOP('',(#40));
#932=EDGE_LOOP('',(#41,#42,#43,#44,#45,#46,#47,#48,#49,#50,#51,#52,#53,#54,#55,#56,#57,#58,#59,#60,#61,#62,#63,#64,#65,#66,#67,#68,#69,#70,#71,#72));
#933=EDGE_LOOP('',(#73,#74,#75,#76,#77,#78,#79,#80));
#934=EDGE_LOOP('',(#81,#82,#83,#84));
#935=EDGE_LOOP('',(#85,#86,#87,#88));
#936=EDGE_LOOP('',(#89,#90,#91,#92,#93,#94));
#937=EDGE_LOOP('',(#95,#96,#97,#98));
#938=EDGE_LOOP('',(#99,#100,#101,#102));
#939=EDGE_LOOP('',(#103,#104,#105,#106,#107,#108));
#940=EDGE_LOOP('',(#109));
#941=EDGE_LOOP('',(#110,#111,#112,#113));
#942=EDGE_LOOP('',(#114,#115,#116,#117));
#943=EDGE_LOOP('',(#118,#119,#120,#121));
#944=EDGE_LOOP('',(#122,#123,#124,#125));
#945=EDGE_LOOP('',(#126,#127,#128,#129));
#946=EDGE_LOOP('',(#130,#131,#132,#133));
#947=EDGE_LOOP('',(#134,#135,#136,#137));
#948=EDGE_LOOP('',(#138,#139,#140,#141));
#949=EDGE_LOOP('',(#142,#143,#144,#145));
#950=EDGE_LOOP('',(#146,#147,#148,#149));
#951=EDGE_LOOP('',(#150,#151,#152,#153));
#952=EDGE_LOOP('',(#154,#155,#156,#157,#158,#159,#160,#161));
#953=EDGE_LOOP('',(#162,#163,#164,#165,#166,#167,#168,#169));
#954=EDGE_LOOP('',(#170,#171,#172,#173));
#955=EDGE_LOOP('',(#174,#175,#176,#177));
#956=EDGE_LOOP('',(#178,#179,#180,#181));
#957=EDGE_LOOP('',(#182,#183,#184,#185));
#958=EDGE_LOOP('',(#186,#187,#188,#189));
#959=EDGE_LOOP('',(#190,#191,#192,#193));
#960=EDGE_LOOP('',(#194,#195,#196,#197));
#961=EDGE_LOOP('',(#198,#199,#200,#201));
#962=EDGE_LOOP('',(#202));
#963=EDGE_LOOP('',(#203,#204,#205,#206,#207,#208));
#964=EDGE_LOOP('',(#209,#210,#211,#212));
#965=EDGE_LOOP('',(#213));
#966=EDGE_LOOP('',(#214,#215,#216,#217));
#967=EDGE_LOOP('',(#218,#219,#220,#221));
#968=EDGE_LOOP('',(#222,#223,#224,#225,#226));
#969=EDGE_LOOP('',(#227,#228,#229,#230,#231));
#970=EDGE_LOOP('',(#232,#233,#234,#235));
#971=EDGE_LOOP('',(#236,#237,#238,#239));
#972=EDGE_LOOP('',(#240,#241,#242,#243));
#973=EDGE_LOOP('',(#244,#245,#246,#247));
#974=EDGE_LOOP('',(#248,#249,#250,#251));
#975=EDGE_LOOP('',(#252));
#976=EDGE_LOOP('',(#253));
#977=EDGE_LOOP('',(#254,#255,#256,#257));
#978=EDGE_LOOP('',(#258,#259,#260,#261,#262,#263,#264,#265));
#979=EDGE_LOOP('',(#266,#267,#268,#269));
#980=EDGE_LOOP('',(#270,#271,#272,#273,#274,#275,#276,#277));
#981=EDGE_LOOP('',(#278,#279,#280,#281));
#982=EDGE_LOOP('',(#282,#283,#284,#285));
#983=EDGE_LOOP('',(#286,#287,#288,#289,#290,#291,#292,#293));
#984=EDGE_LOOP('',(#294,#295,#296,#297));
#985=EDGE_LOOP('',(#298,#299,#300,#301,#302,#303,#304,#305));
#986=EDGE_LOOP('',(#306,#307,#308,#309));
#987=EDGE_LOOP('',(#310));
#988=EDGE_LOOP('',(#311));
#989=EDGE_LOOP('',(#312));
#990=EDGE_LOOP('',(#313));
#991=EDGE_LOOP('',(#314));
#992=EDGE_LOOP('',(#315));
#993=EDGE_LOOP('',(#316));
#994=EDGE_LOOP('',(#317));
#995=EDGE_LOOP('',(#318));
#996=EDGE_LOOP('',(#319));
#997=EDGE_LOOP('',(#320,#321,#322,#323,#324,#325,#326,#327));
#998=EDGE_LOOP('',(#328,#329,#330,#331));
#999=EDGE_LOOP('',(#332,#333,#334,#335,#336,#337,#338,#339));
#1000=EDGE_LOOP('',(#340,#341,#342,#343));
#1001=EDGE_LOOP('',(#344,#345,#346,#347));
#1002=FACE_BOUND('',#928,.T.);
#1003=FACE_BOUND('',#929,.T.);
#1004=FACE_BOUND('',#930,.T.);
#1005=FACE_BOUND('',#931,.T.);
#1006=FACE_BOUND('',#932,.T.);
#1007=FACE_BOUND('',#933,.T.);
#1008=FACE_BOUND('',#934,.T.);
#1009=FACE_BOUND('',#935,.T.);
#1010=FACE_BOUND('',#936,.T.);
#1011=FACE_BOUND('',#937,.T.);
#1012=FACE_BOUND('',#938,.T.);
#1013=FACE_BOUND('',#939,.T.);
#1014=FACE_BOUND('',#940,.T.);
#1015=FACE_BOUND('',#941,.T.);
#1016=FACE_BOUND('',#942,.T.);
#1017=FACE_BOUND('',#943,.T.);
#1018=FACE_BOUND('',#944,.T.);
#1019=FACE_BOUND('',#945,.T.);
#1020=FACE_BOUND('',#946,.T.);
#1021=FACE_BOUND('',#947,.T.);
#1022=FACE_BOUND('',#948,.T.);
#1023=FACE_BOUND('',#949,.T.);
#1024=FACE_BOUND('',#950,.T.);
#1025=FACE_BOUND('',#951,.T.);
#1026=FACE_BOUND('',#952,.T.);
#1027=FACE_BOUND('',#953,.T.);
#1028=FACE_BOUND('',#954,.T.);
#1029=FACE_BOUND('',#955,.T.);
#1030=FACE_BOUND('',#956,.T.);
#1031=FACE_BOUND('',#957,.T.);
#1032=FACE_BOUND('',#958,.T.);
#1033=FACE_BOUND('',#959,.T.);
#1034=FACE_BOUND('',#960,.T.);
#1035=FACE_BOUND('',#961,.T.);
#1036=FACE_BOUND('',#962,.T.);
#1037=FACE_BOUND('',#963,.T.);
#1038=FACE_BOUND('',#964,.T.);
#1039=FACE_BOUND('',#965,.T.);
#1040=FACE_BOUND('',#966,.T.);
#1041=FACE_BOUND('',#967,.T.);
#1042=FACE_BOUND('',#968,.T.);
#1043=FACE_BOUND('',#969,.T.);
#1044=FACE_BOUND('',#970,.T.);
#1045=FACE_BOUND('',#971,.T.);
#1046=FACE_BOUND('',#972,.T.);
#1047=FACE_BOUND('',#973,.T.);
#1048=FACE_BOUND('',#974,.T.);
#1049=FACE_BOUND('',#975,.T.);
#1050=FACE_BOUND('',#976,.T.);
#1051=FACE_BOUND('',#977,.T.);
#1052=FACE_BOUND('',#978,.T.);
#1053=FACE_BOUND('',#979,.T.);
#1054=FACE_BOUND('',#980,.T.);
#1055=FACE_BOUND('',#981,.T.);
#1056=FACE_BOUND('',#982,.T.);
#1057=FACE_BOUND('',#983,.T.);
#1058=FACE_BOUND('',#984,.T.);
#1059=FACE_BOUND('',#985,.T.);
#1060=FACE_BOUND('',#986,.T.);
#1061=FACE_BOUND('',#987,.T.);
#1062=FACE_BOUND('',#988,.T.);
#1063=FACE_BOUND('',#989,.T.);
#1064=FACE_BOUND('',#990,.T.);
#1065=FACE_BOUND('',#991,.T.);
#1066=FACE_BOUND('',#992,.T.);
#1067=FACE_BOUND('',#993,.T.);
#1068=FACE_BOUND('',#994,.T.);
#1069=FACE_BOUND('',#995,.T.);
#1070=FACE_BOUND('',#996,.T.);
#1071=FACE_BOUND('',#997,.T.);
#1072=FACE_BOUND('',#998,.T.);
#1073=FACE_BOUND('',#999,.T.);
#1074=FACE_BOUND('',#1000,.T.);
#1075=FACE_BOUND('',#1001,.T.);
#1076=PLANE('',#1209);
#1077=PLANE('',#1210);
#1078=PLANE('',#1211);
#1079=PLANE('',#1213);
#1080=PLANE('',#1214);
#1081=PLANE('',#1215);
#1082=PLANE('',#1216);
#1083=PLANE('',#1217);
#1084=PLANE('',#1218);
#1085=PLANE('',#1219);
#1086=PLANE('',#1220);
#1087=PLANE('',#1222);
#1088=PLANE('',#1223);
#1089=PLANE('',#1224);
#1090=PLANE('',#1225);
#1091=PLANE('',#1226);
#1092=PLANE('',#1227);
#1093=PLANE('',#1228);
#1094=PLANE('',#1229);
#1095=PLANE('',#1230);
#1096=PLANE('',#1231);
#1097=PLANE('',#1232);
#1098=PLANE('',#1233);
#1099=PLANE('',#1234);
#1100=PLANE('',#1235);
#1101=PLANE('',#1236);
#1102=PLANE('',#1237);
#1103=PLANE('',#1238);
#1104=PLANE('',#1239);
#1105=PLANE('',#1240);
#1106=PLANE('',#1241);
#1107=PLANE('',#1243);
#1108=PLANE('',#1244);
#1109=PLANE('',#1246);
#1110=PLANE('',#1247);
#1111=PLANE('',#1248);
#1112=PLANE('',#1249);
#1113=PLANE('',#1250);
#1114=PLANE('',#1251);
#1115=PLANE('',#1252);
#1116=PLANE('',#1253);
#1117=PLANE('',#1256);
#1118=PLANE('',#1257);
#1119=PLANE('',#1258);
#1120=PLANE('',#1259);
#1121=PLANE('',#1260);
#1122=PLANE('',#1261);
#1123=PLANE('',#1262);
#1124=PLANE('',#1263);
#1125=PLANE('',#1264);
#1126=PLANE('',#1265);
#1127=PLANE('',#1270);
#1128=PLANE('',#1273);
#1129=PLANE('',#1274);
#1130=PLANE('',#1275);
#1131=PLANE('',#1276);
#1132=PLANE('',#1277);
#1133=PLANE('',#1278);
#1134=ADVANCED_FACE('',(#1002),#1076,.T.);
#1135=ADVANCED_FACE('',(#1003),#1077,.T.);
#1136=ADVANCED_FACE('',(#1004,#1005),#1078,.T.);
#1137=ADVANCED_FACE('',(#1006,#1007),#1079,.T.);
#1138=ADVANCED_FACE('',(#1008),#1080,.T.);
#1139=ADVANCED_FACE('',(#1009),#1081,.T.);
#1140=ADVANCED_FACE('',(#1010),#1082,.T.);
#1141=ADVANCED_FACE('',(#1011),#1083,.T.);
#1142=ADVANCED_FACE('',(#1012),#1084,.T.);
#1143=ADVANCED_FACE('',(#1013),#1085,.T.);
#1144=ADVANCED_FACE('',(#1014,#1015),#1086,.T.);
#1145=ADVANCED_FACE('',(#1016),#1087,.T.);
#1146=ADVANCED_FACE('',(#1017),#1088,.T.);
#1147=ADVANCED_FACE('',(#1018),#1089,.T.);
#1148=ADVANCED_FACE('',(#1019),#1090,.T.);
#1149=ADVANCED_FACE('',(#1020),#1091,.T.);
#1150=ADVANCED_FACE('',(#1021),#1092,.F.);
#1151=ADVANCED_FACE('',(#1022),#1093,.F.);
#1152=ADVANCED_FACE('',(#1023),#1094,.T.);
#1153=ADVANCED_FACE('',(#1024),#1095,.F.);
#1154=ADVANCED_FACE('',(#1025),#1096,.T.);
#1155=ADVANCED_FACE('',(#1026,#1027),#1097,.F.);
#1156=ADVANCED_FACE('',(#1028),#1098,.F.);
#1157=ADVANCED_FACE('',(#1029),#1099,.T.);
#1158=ADVANCED_FACE('',(#1030),#1100,.F.);
#1159=ADVANCED_FACE('',(#1031),#1101,.F.);
#1160=ADVANCED_FACE('',(#1032),#1102,.F.);
#1161=ADVANCED_FACE('',(#1033),#1103,.F.);
#1162=ADVANCED_FACE('',(#1034),#1104,.F.);
#1163=ADVANCED_FACE('',(#1035),#1105,.F.);
#1164=ADVANCED_FACE('',(#1036,#1037),#1106,.F.);
#1165=ADVANCED_FACE('',(#1038),#1107,.T.);
#1166=ADVANCED_FACE('',(#1039,#1040),#1108,.F.);
#1167=ADVANCED_FACE('',(#1041),#1109,.F.);
#1168=ADVANCED_FACE('',(#1042),#1110,.F.);
#1169=ADVANCED_FACE('',(#1043),#1111,.F.);
#1170=ADVANCED_FACE('',(#1044),#1112,.T.);
#1171=ADVANCED_FACE('',(#1045),#1113,.T.);
#1172=ADVANCED_FACE('',(#1046),#1114,.F.);
#1173=ADVANCED_FACE('',(#1047),#1115,.F.);
#1174=ADVANCED_FACE('',(#1048),#1116,.F.);
#1175=ADVANCED_FACE('',(#1049,#1050),#12,.F.);
#1176=ADVANCED_FACE('',(#1051),#1117,.F.);
#1177=ADVANCED_FACE('',(#1052),#1118,.F.);
#1178=ADVANCED_FACE('',(#1053),#1119,.F.);
#1179=ADVANCED_FACE('',(#1054),#1120,.F.);
#1180=ADVANCED_FACE('',(#1055),#1121,.T.);
#1181=ADVANCED_FACE('',(#1056),#1122,.T.);
#1182=ADVANCED_FACE('',(#1057),#1123,.T.);
#1183=ADVANCED_FACE('',(#1058),#1124,.T.);
#1184=ADVANCED_FACE('',(#1059),#1125,.T.);
#1185=ADVANCED_FACE('',(#1060),#1126,.T.);
#1186=ADVANCED_FACE('',(#1061,#1062),#13,.F.);
#1187=ADVANCED_FACE('',(#1063,#1064),#14,.T.);
#1188=ADVANCED_FACE('',(#1065,#1066),#1127,.T.);
#1189=ADVANCED_FACE('',(#1067,#1068),#15,.T.);
#1190=ADVANCED_FACE('',(#1069,#1070),#1128,.T.);
#1191=ADVANCED_FACE('',(#1071),#1129,.F.);
#1192=ADVANCED_FACE('',(#1072),#1130,.F.);
#1193=ADVANCED_FACE('',(#1073),#1131,.F.);
#1194=ADVANCED_FACE('',(#1074),#1132,.F.);
#1195=ADVANCED_FACE('',(#1075),#1133,.T.);
#1196=CLOSED_SHELL('',(#1134,#1135,#1136,#1137,#1138,#1139,#1140,#1141,#1142,#1143,#1144,#1145,#1146,#1147,#1148,#1149,#1150,#1151,#1152,#1153,#1154,#1155,#1156,#1157,#1158,#1159,#1160,#1161,#1162,#1163,#1164,#1165,#1166,#1167,#1168,#1169,#1170,#1171,#1172,#1173,#1174,#1175,#1176,#1177,#1178,#1179,#1180,#1181,#1182,#1183,#1184,#1185,#1186,#1187,#1188,#1189,#1190,#1191,#1192,#1193,#1194,#1195));
#1197=STYLED_ITEM('',(#1198),#1205);
#1198=PRESENTATION_STYLE_ASSIGNMENT((#1199));
#1199=SURFACE_STYLE_USAGE(.BOTH.,#1200);
#1200=SURFACE_SIDE_STYLE('',(#1201));
#1201=SURFACE_STYLE_FILL_AREA(#1202);
#1202=FILL_AREA_STYLE('',(#1203));
#1203=FILL_AREA_STYLE_COLOUR('',#1204);
#1204=COLOUR_RGB('',0.615686274509804,0.811764705882353,0.929411764705882);
#1205=MANIFOLD_SOLID_BREP('guetekasten',#1196);
#1206=SHAPE_DEFINITION_REPRESENTATION(#1916,#1207);
#1207=SHAPE_REPRESENTATION('guetekasten',(#1208),#1911);
#1208=AXIS2_PLACEMENT_3D('',#1575,#1279,#1280);
#1209=AXIS2_PLACEMENT_3D('',#1576,#1281,#1282);
#1210=AXIS2_PLACEMENT_3D('',#1585,#1287,#1288);
#1211=AXIS2_PLACEMENT_3D('',#1594,#1293,#1294);
#1212=AXIS2_PLACEMENT_3D('',#1605,#1301,#1302);
#1213=AXIS2_PLACEMENT_3D('',#1607,#1303,#1304);
#1214=AXIS2_PLACEMENT_3D('',#1682,#1343,#1344);
#1215=AXIS2_PLACEMENT_3D('',#1688,#1348,#1349);
#1216=AXIS2_PLACEMENT_3D('',#1694,#1353,#1354);
#1217=AXIS2_PLACEMENT_3D('',#1704,#1360,#1361);
#1218=AXIS2_PLACEMENT_3D('',#1710,#1365,#1366);
#1219=AXIS2_PLACEMENT_3D('',#1716,#1370,#1371);
#1220=AXIS2_PLACEMENT_3D('',#1726,#1377,#1378);
#1221=AXIS2_PLACEMENT_3D('',#1727,#1379,#1380);
#1222=AXIS2_PLACEMENT_3D('',#1731,#1383,#1384);
#1223=AXIS2_PLACEMENT_3D('',#1734,#1387,#1388);
#1224=AXIS2_PLACEMENT_3D('',#1737,#1391,#1392);
#1225=AXIS2_PLACEMENT_3D('',#1739,#1394,#1395);
#1226=AXIS2_PLACEMENT_3D('',#1741,#1397,#1398);
#1227=AXIS2_PLACEMENT_3D('',#1743,#1400,#1401);
#1228=AXIS2_PLACEMENT_3D('',#1745,#1403,#1404);
#1229=AXIS2_PLACEMENT_3D('',#1746,#1405,#1406);
#1230=AXIS2_PLACEMENT_3D('',#1749,#1409,#1410);
#1231=AXIS2_PLACEMENT_3D('',#1750,#1411,#1412);
#1232=AXIS2_PLACEMENT_3D('',#1751,#1413,#1414);
#1233=AXIS2_PLACEMENT_3D('',#1784,#1431,#1432);
#1234=AXIS2_PLACEMENT_3D('',#1787,#1435,#1436);
#1235=AXIS2_PLACEMENT_3D('',#1789,#1438,#1439);
#1236=AXIS2_PLACEMENT_3D('',#1791,#1441,#1442);
#1237=AXIS2_PLACEMENT_3D('',#1793,#1444,#1445);
#1238=AXIS2_PLACEMENT_3D('',#1795,#1447,#1448);
#1239=AXIS2_PLACEMENT_3D('',#1797,#1450,#1451);
#1240=AXIS2_PLACEMENT_3D('',#1799,#1453,#1454);
#1241=AXIS2_PLACEMENT_3D('',#1800,#1455,#1456);
#1242=AXIS2_PLACEMENT_3D('',#1801,#1457,#1458);
#1243=AXIS2_PLACEMENT_3D('',#1815,#1465,#1466);
#1244=AXIS2_PLACEMENT_3D('',#1821,#1470,#1471);
#1245=AXIS2_PLACEMENT_3D('',#1822,#1472,#1473);
#1246=AXIS2_PLACEMENT_3D('',#1829,#1477,#1478);
#1247=AXIS2_PLACEMENT_3D('',#1832,#1481,#1482);
#1248=AXIS2_PLACEMENT_3D('',#1834,#1484,#1485);
#1249=AXIS2_PLACEMENT_3D('',#1836,#1487,#1488);
#1250=AXIS2_PLACEMENT_3D('',#1839,#1491,#1492);
#1251=AXIS2_PLACEMENT_3D('',#1841,#1494,#1495);
#1252=AXIS2_PLACEMENT_3D('',#1843,#1497,#1498);
#1253=AXIS2_PLACEMENT_3D('',#1844,#1499,#1500);
#1254=AXIS2_PLACEMENT_3D('',#1845,#1501,#1502);
#1255=AXIS2_PLACEMENT_3D('',#1846,#1503,#1504);
#1256=AXIS2_PLACEMENT_3D('',#1848,#1505,#1506);
#1257=AXIS2_PLACEMENT_3D('',#1854,#1510,#1511);
#1258=AXIS2_PLACEMENT_3D('',#1858,#1514,#1515);
#1259=AXIS2_PLACEMENT_3D('',#1862,#1518,#1519);
#1260=AXIS2_PLACEMENT_3D('',#1864,#1521,#1522);
#1261=AXIS2_PLACEMENT_3D('',#1865,#1523,#1524);
#1262=AXIS2_PLACEMENT_3D('',#1871,#1528,#1529);
#1263=AXIS2_PLACEMENT_3D('',#1875,#1532,#1533);
#1264=AXIS2_PLACEMENT_3D('',#1879,#1536,#1537);
#1265=AXIS2_PLACEMENT_3D('',#1881,#1539,#1540);
#1266=AXIS2_PLACEMENT_3D('',#1882,#1541,#1542);
#1267=AXIS2_PLACEMENT_3D('',#1883,#1543,#1544);
#1268=AXIS2_PLACEMENT_3D('',#1885,#1545,#1546);
#1269=AXIS2_PLACEMENT_3D('',#1886,#1547,#1548);
#1270=AXIS2_PLACEMENT_3D('',#1888,#1549,#1550);
#1271=AXIS2_PLACEMENT_3D('',#1889,#1551,#1552);
#1272=AXIS2_PLACEMENT_3D('',#1890,#1553,#1554);
#1273=AXIS2_PLACEMENT_3D('',#1892,#1555,#1556);
#1274=AXIS2_PLACEMENT_3D('',#1893,#1557,#1558);
#1275=AXIS2_PLACEMENT_3D('',#1899,#1562,#1563);
#1276=AXIS2_PLACEMENT_3D('',#1903,#1566,#1567);
#1277=AXIS2_PLACEMENT_3D('',#1907,#1570,#1571);
#1278=AXIS2_PLACEMENT_3D('',#1909,#1573,#1574);
#1279=DIRECTION('',(0.,0.,1.));
#1280=DIRECTION('',(1.,0.,0.));
#1281=DIRECTION('',(1.80411241501588E-16,-1.,0.));
#1282=DIRECTION('',(1.,1.80411241501588E-16,0.));
#1283=DIRECTION('',(0.,0.,-1.));
#1284=DIRECTION('',(1.,1.80411241501588E-16,0.));
#1285=DIRECTION('',(0.,0.,1.));
#1286=DIRECTION('',(1.,1.80411241501588E-16,0.));
#1287=DIRECTION('',(-1.2490009027033E-16,1.,0.));
#1288=DIRECTION('',(-1.,-1.2490009027033E-16,0.));
#1289=DIRECTION('',(0.,0.,1.));
#1290=DIRECTION('',(1.,1.2490009027033E-16,0.));
#1291=DIRECTION('',(0.,0.,1.));
#1292=DIRECTION('',(-1.,-1.2490009027033E-16,0.));
#1293=DIRECTION('',(0.,0.,1.));
#1294=DIRECTION('',(1.,0.,0.));
#1295=DIRECTION('',(0.,-1.,0.));
#1296=DIRECTION('',(0.,-1.,0.));
#1297=DIRECTION('',(1.,2.08166817117217E-16,0.));
#1298=DIRECTION('',(0.,-1.,0.));
#1299=DIRECTION('',(1.,2.08166817117217E-16,0.));
#1300=DIRECTION('',(0.,-1.,0.));
#1301=DIRECTION('',(0.,0.,1.));
#1302=DIRECTION('',(1.,0.,0.));
#1303=DIRECTION('',(0.,0.,1.));
#1304=DIRECTION('',(1.,0.,0.));
#1305=DIRECTION('',(0.,-1.,0.));
#1306=DIRECTION('',(0.,-1.,0.));
#1307=DIRECTION('',(1.,2.08166817117217E-16,0.));
#1308=DIRECTION('',(0.,-1.,0.));
#1309=DIRECTION('',(1.,2.08166817117217E-16,0.));
#1310=DIRECTION('',(0.,-1.,0.));
#1311=DIRECTION('',(0.,-1.,0.));
#1312=DIRECTION('',(-1.,0.,0.));
#1313=DIRECTION('',(0.,1.,0.));
#1314=DIRECTION('',(1.,1.80411241501588E-16,0.));
#1315=DIRECTION('',(0.,-1.,0.));
#1316=DIRECTION('',(-1.,0.,0.));
#1317=DIRECTION('',(0.,1.,0.));
#1318=DIRECTION('',(1.,1.80411241501588E-16,0.));
#1319=DIRECTION('',(0.,1.,0.));
#1320=DIRECTION('',(1.,4.62592926927148E-16,0.));
#1321=DIRECTION('',(0.,-1.,0.));
#1322=DIRECTION('',(1.,1.80411241501588E-16,0.));
#1323=DIRECTION('',(0.,-1.,0.));
#1324=DIRECTION('',(-1.,-1.2490009027033E-16,0.));
#1325=DIRECTION('',(0.,-1.,0.));
#1326=DIRECTION('',(-1.,-4.62592926927148E-16,0.));
#1327=DIRECTION('',(0.,1.,0.));
#1328=DIRECTION('',(-1.,-1.2490009027033E-16,0.));
#1329=DIRECTION('',(0.,1.,0.));
#1330=DIRECTION('',(1.,0.,0.));
#1331=DIRECTION('',(0.,-1.,0.));
#1332=DIRECTION('',(-1.,-1.2490009027033E-16,0.));
#1333=DIRECTION('',(0.,1.,0.));
#1334=DIRECTION('',(1.,0.,0.));
#1335=DIRECTION('',(1.,1.66533453693773E-16,0.));
#1336=DIRECTION('',(0.,1.,0.));
#1337=DIRECTION('',(1.,1.29095700537809E-16,0.));
#1338=DIRECTION('',(-1.29095700537809E-16,1.,0.));
#1339=DIRECTION('',(-1.,-3.22739251344522E-16,0.));
#1340=DIRECTION('',(0.,-1.,0.));
#1341=DIRECTION('',(-1.,-1.11022302462516E-16,0.));
#1342=DIRECTION('',(0.,-1.,0.));
#1343=DIRECTION('',(1.80411241501588E-16,-1.,0.));
#1344=DIRECTION('',(1.,1.80411241501588E-16,0.));
#1345=DIRECTION('',(0.,0.,-1.));
#1346=DIRECTION('',(1.,1.80411241501588E-16,0.));
#1347=DIRECTION('',(0.,0.,1.));
#1348=DIRECTION('',(1.80411241501588E-16,-1.,0.));
#1349=DIRECTION('',(1.,1.80411241501588E-16,0.));
#1350=DIRECTION('',(1.,1.80411241501588E-16,0.));
#1351=DIRECTION('',(0.,0.,1.));
#1352=DIRECTION('',(0.,0.,1.));
#1353=DIRECTION('',(1.80411241501588E-16,-1.,0.));
#1354=DIRECTION('',(1.,1.80411241501588E-16,0.));
#1355=DIRECTION('',(0.,0.,1.));
#1356=DIRECTION('',(1.,1.80411241501588E-16,0.));
#1357=DIRECTION('',(0.,0.,1.));
#1358=DIRECTION('',(1.,1.80411241501588E-16,0.));
#1359=DIRECTION('',(0.,0.,-1.));
#1360=DIRECTION('',(-1.2490009027033E-16,1.,0.));
#1361=DIRECTION('',(-1.,-1.2490009027033E-16,0.));
#1362=DIRECTION('',(-1.,-1.2490009027033E-16,0.));
#1363=DIRECTION('',(0.,0.,1.));
#1364=DIRECTION('',(0.,0.,1.));
#1365=DIRECTION('',(-1.2490009027033E-16,1.,0.));
#1366=DIRECTION('',(-1.,-1.2490009027033E-16,0.));
#1367=DIRECTION('',(0.,0.,-1.));
#1368=DIRECTION('',(-1.,-1.2490009027033E-16,0.));
#1369=DIRECTION('',(0.,0.,-1.));
#1370=DIRECTION('',(-1.2490009027033E-16,1.,0.));
#1371=DIRECTION('',(-1.,-1.2490009027033E-16,0.));
#1372=DIRECTION('',(0.,0.,-1.));
#1373=DIRECTION('',(0.,0.,1.));
#1374=DIRECTION('',(-1.,-1.2490009027033E-16,0.));
#1375=DIRECTION('',(0.,0.,1.));
#1376=DIRECTION('',(1.,1.2490009027033E-16,0.));
#1377=DIRECTION('',(0.,0.,1.));
#1378=DIRECTION('',(1.,0.,0.));
#1379=DIRECTION('',(0.,0.,1.));
#1380=DIRECTION('',(1.,0.,0.));
#1381=DIRECTION('',(0.,-1.,0.));
#1382=DIRECTION('',(0.,-1.,0.));
#1383=DIRECTION('',(0.,0.,1.));
#1384=DIRECTION('',(1.,0.,0.));
#1385=DIRECTION('',(0.,1.,0.));
#1386=DIRECTION('',(0.,1.,0.));
#1387=DIRECTION('',(0.,0.,1.));
#1388=DIRECTION('',(1.,0.,0.));
#1389=DIRECTION('',(0.,-1.,0.));
#1390=DIRECTION('',(0.,-1.,0.));
#1391=DIRECTION('',(-1.,0.,0.));
#1392=DIRECTION('',(0.,0.,1.));
#1393=DIRECTION('',(0.,0.,1.));
#1394=DIRECTION('',(-1.,0.,0.));
#1395=DIRECTION('',(0.,0.,1.));
#1396=DIRECTION('',(0.,0.,1.));
#1397=DIRECTION('',(2.08166817117217E-16,-1.,0.));
#1398=DIRECTION('',(1.,2.08166817117217E-16,0.));
#1399=DIRECTION('',(0.,0.,1.));
#1400=DIRECTION('',(-1.,0.,0.));
#1401=DIRECTION('',(0.,0.,1.));
#1402=DIRECTION('',(0.,0.,1.));
#1403=DIRECTION('',(2.08166817117217E-16,-1.,0.));
#1404=DIRECTION('',(1.,2.08166817117217E-16,0.));
#1405=DIRECTION('',(0.,0.,1.));
#1406=DIRECTION('',(1.,0.,0.));
#1407=DIRECTION('',(0.,1.,0.));
#1408=DIRECTION('',(0.,-1.,0.));
#1409=DIRECTION('',(-1.,0.,0.));
#1410=DIRECTION('',(0.,0.,1.));
#1411=DIRECTION('',(-1.,0.,0.));
#1412=DIRECTION('',(0.,0.,1.));
#1413=DIRECTION('',(0.,0.,1.));
#1414=DIRECTION('',(1.,0.,0.));
#1415=DIRECTION('',(1.,1.66533453693773E-16,0.));
#1416=DIRECTION('',(0.,-1.,0.));
#1417=DIRECTION('',(-1.,-1.11022302462516E-16,0.));
#1418=DIRECTION('',(0.,-1.,0.));
#1419=DIRECTION('',(-1.,-3.22739251344522E-16,0.));
#1420=DIRECTION('',(-1.29095700537809E-16,1.,0.));
#1421=DIRECTION('',(1.,1.29095700537809E-16,0.));
#1422=DIRECTION('',(0.,1.,0.));
#1423=DIRECTION('',(0.,1.,0.));
#1424=DIRECTION('',(-1.,-2.08166817117217E-16,0.));
#1425=DIRECTION('',(0.,1.,0.));
#1426=DIRECTION('',(-1.,-2.08166817117217E-16,0.));
#1427=DIRECTION('',(0.,1.,0.));
#1428=DIRECTION('',(1.,1.2490009027033E-16,0.));
#1429=DIRECTION('',(0.,1.,0.));
#1430=DIRECTION('',(-1.,-1.80411241501588E-16,0.));
#1431=DIRECTION('',(1.66533453693773E-16,-1.,0.));
#1432=DIRECTION('',(1.,1.66533453693773E-16,0.));
#1433=DIRECTION('',(0.,0.,1.));
#1434=DIRECTION('',(0.,0.,1.));
#1435=DIRECTION('',(1.,0.,0.));
#1436=DIRECTION('',(0.,0.,-1.));
#1437=DIRECTION('',(0.,0.,1.));
#1438=DIRECTION('',(1.29095700537809E-16,-1.,0.));
#1439=DIRECTION('',(1.,1.29095700537809E-16,0.));
#1440=DIRECTION('',(0.,0.,1.));
#1441=DIRECTION('',(1.,1.29095700537809E-16,0.));
#1442=DIRECTION('',(-1.29095700537809E-16,1.,0.));
#1443=DIRECTION('',(0.,0.,1.));
#1444=DIRECTION('',(-3.22739251344522E-16,1.,0.));
#1445=DIRECTION('',(-1.,-3.22739251344522E-16,0.));
#1446=DIRECTION('',(0.,0.,1.));
#1447=DIRECTION('',(-1.,0.,0.));
#1448=DIRECTION('',(0.,0.,1.));
#1449=DIRECTION('',(0.,0.,1.));
#1450=DIRECTION('',(-1.11022302462516E-16,1.,0.));
#1451=DIRECTION('',(-1.,-1.11022302462516E-16,0.));
#1452=DIRECTION('',(0.,0.,1.));
#1453=DIRECTION('',(-1.,0.,0.));
#1454=DIRECTION('',(0.,0.,1.));
#1455=DIRECTION('',(0.,0.,1.));
#1456=DIRECTION('',(1.,0.,0.));
#1457=DIRECTION('',(0.,0.,1.));
#1458=DIRECTION('',(1.,0.,0.));
#1459=DIRECTION('',(0.,-1.,0.));
#1460=DIRECTION('',(0.,-1.,0.));
#1461=DIRECTION('',(0.,-1.,0.));
#1462=DIRECTION('',(1.,2.08166817117217E-16,0.));
#1463=DIRECTION('',(0.,-1.,0.));
#1464=DIRECTION('',(1.,2.08166817117217E-16,0.));
#1465=DIRECTION('',(-1.,0.,0.));
#1466=DIRECTION('',(0.,0.,1.));
#1467=DIRECTION('',(0.,0.,1.));
#1468=DIRECTION('',(0.,-1.,0.));
#1469=DIRECTION('',(0.,0.,1.));
#1470=DIRECTION('',(0.,0.,1.));
#1471=DIRECTION('',(1.,0.,0.));
#1472=DIRECTION('',(0.,0.,-1.));
#1473=DIRECTION('',(-1.,0.,0.));
#1474=DIRECTION('',(1.,1.80411241501588E-16,0.));
#1475=DIRECTION('',(0.,-1.,0.));
#1476=DIRECTION('',(-1.,-1.2490009027033E-16,0.));
#1477=DIRECTION('',(-1.,0.,0.));
#1478=DIRECTION('',(0.,0.,1.));
#1479=DIRECTION('',(0.,0.,1.));
#1480=DIRECTION('',(0.,0.,1.));
#1481=DIRECTION('',(-1.2490009027033E-16,1.,0.));
#1482=DIRECTION('',(-1.,-1.2490009027033E-16,0.));
#1483=DIRECTION('',(0.,0.,1.));
#1484=DIRECTION('',(1.80411241501588E-16,-1.,0.));
#1485=DIRECTION('',(1.,1.80411241501588E-16,0.));
#1486=DIRECTION('',(0.,0.,1.));
#1487=DIRECTION('',(2.08166817117217E-16,-1.,0.));
#1488=DIRECTION('',(1.,2.08166817117217E-16,0.));
#1489=DIRECTION('',(0.,0.,1.));
#1490=DIRECTION('',(0.,0.,1.));
#1491=DIRECTION('',(-1.,0.,0.));
#1492=DIRECTION('',(0.,0.,1.));
#1493=DIRECTION('',(0.,0.,1.));
#1494=DIRECTION('',(2.08166817117217E-16,-1.,0.));
#1495=DIRECTION('',(1.,2.08166817117217E-16,0.));
#1496=DIRECTION('',(0.,0.,1.));
#1497=DIRECTION('',(-1.,0.,0.));
#1498=DIRECTION('',(0.,0.,1.));
#1499=DIRECTION('',(-1.,0.,0.));
#1500=DIRECTION('',(0.,0.,1.));
#1501=DIRECTION('',(0.,0.,1.));
#1502=DIRECTION('',(1.,0.,0.));
#1503=DIRECTION('',(0.,0.,1.));
#1504=DIRECTION('',(1.,0.,0.));
#1505=DIRECTION('',(0.,1.,0.));
#1506=DIRECTION('',(0.,0.,1.));
#1507=DIRECTION('',(0.,0.,1.));
#1508=DIRECTION('',(-1.,0.,0.));
#1509=DIRECTION('',(0.,0.,1.));
#1510=DIRECTION('',(-1.,0.,0.));
#1511=DIRECTION('',(0.,0.,1.));
#1512=DIRECTION('',(0.,0.,1.));
#1513=DIRECTION('',(0.,-1.,0.));
#1514=DIRECTION('',(0.,-1.,0.));
#1515=DIRECTION('',(0.,0.,-1.));
#1516=DIRECTION('',(0.,0.,1.));
#1517=DIRECTION('',(1.,0.,0.));
#1518=DIRECTION('',(1.,0.,0.));
#1519=DIRECTION('',(0.,0.,-1.));
#1520=DIRECTION('',(0.,1.,0.));
#1521=DIRECTION('',(0.,0.,1.));
#1522=DIRECTION('',(1.,0.,0.));
#1523=DIRECTION('',(-4.62592926927148E-16,1.,0.));
#1524=DIRECTION('',(-1.,-4.62592926927148E-16,0.));
#1525=DIRECTION('',(0.,0.,1.));
#1526=DIRECTION('',(-1.,-4.62592926927148E-16,0.));
#1527=DIRECTION('',(0.,0.,1.));
#1528=DIRECTION('',(-1.,0.,0.));
#1529=DIRECTION('',(0.,0.,1.));
#1530=DIRECTION('',(0.,0.,1.));
#1531=DIRECTION('',(0.,-1.,0.));
#1532=DIRECTION('',(4.62592926927148E-16,-1.,0.));
#1533=DIRECTION('',(1.,4.62592926927148E-16,0.));
#1534=DIRECTION('',(0.,0.,1.));
#1535=DIRECTION('',(1.,4.62592926927148E-16,0.));
#1536=DIRECTION('',(1.,0.,0.));
#1537=DIRECTION('',(0.,0.,-1.));
#1538=DIRECTION('',(0.,1.,0.));
#1539=DIRECTION('',(0.,0.,1.));
#1540=DIRECTION('',(1.,0.,0.));
#1541=DIRECTION('',(0.,0.,1.));
#1542=DIRECTION('',(1.,0.,0.));
#1543=DIRECTION('',(0.,0.,1.));
#1544=DIRECTION('',(1.,0.,0.));
#1545=DIRECTION('',(0.,0.,1.));
#1546=DIRECTION('',(1.,0.,0.));
#1547=DIRECTION('',(0.,0.,-1.));
#1548=DIRECTION('',(-1.,0.,0.));
#1549=DIRECTION('',(0.,0.,-1.));
#1550=DIRECTION('',(1.,0.,0.));
#1551=DIRECTION('',(0.,0.,1.));
#1552=DIRECTION('',(1.,0.,0.));
#1553=DIRECTION('',(0.,0.,-1.));
#1554=DIRECTION('',(-1.,0.,0.));
#1555=DIRECTION('',(0.,0.,-1.));
#1556=DIRECTION('',(1.,0.,0.));
#1557=DIRECTION('',(-1.,0.,0.));
#1558=DIRECTION('',(0.,0.,1.));
#1559=DIRECTION('',(0.,0.,1.));
#1560=DIRECTION('',(0.,-1.,0.));
#1561=DIRECTION('',(0.,0.,1.));
#1562=DIRECTION('',(0.,-1.,0.));
#1563=DIRECTION('',(0.,0.,-1.));
#1564=DIRECTION('',(0.,0.,1.));
#1565=DIRECTION('',(1.,0.,0.));
#1566=DIRECTION('',(1.,0.,0.));
#1567=DIRECTION('',(0.,0.,-1.));
#1568=DIRECTION('',(0.,0.,1.));
#1569=DIRECTION('',(0.,1.,0.));
#1570=DIRECTION('',(0.,1.,0.));
#1571=DIRECTION('',(0.,0.,1.));
#1572=DIRECTION('',(-1.,0.,0.));
#1573=DIRECTION('',(0.,0.,1.));
#1574=DIRECTION('',(1.,0.,0.));
#1575=CARTESIAN_POINT('',(0.,0.,0.));
#1576=CARTESIAN_POINT('',(0.45,0.035,-0.49));
#1577=CARTESIAN_POINT('',(0.198,0.035,-0.49));
#1578=CARTESIAN_POINT('',(0.198,0.035,0.));
#1579=CARTESIAN_POINT('',(0.198,0.035,-0.23));
#1580=CARTESIAN_POINT('',(0.25,0.035,0.));
#1581=CARTESIAN_POINT('',(0.18,0.035,0.));
#1582=CARTESIAN_POINT('',(0.18,0.035,-0.25));
#1583=CARTESIAN_POINT('',(0.18,0.035,-0.23));
#1584=CARTESIAN_POINT('',(0.25,0.035,-0.23));
#1585=CARTESIAN_POINT('',(0.45,-0.035,-0.49));
#1586=CARTESIAN_POINT('',(0.198,-0.035,-0.49));
#1587=CARTESIAN_POINT('',(0.198,-0.035,-0.23));
#1588=CARTESIAN_POINT('',(0.198,-0.035,0.));
#1589=CARTESIAN_POINT('',(0.45,-0.035,-0.23));
#1590=CARTESIAN_POINT('',(0.18,-0.035,-0.23));
#1591=CARTESIAN_POINT('',(0.18,-0.035,-0.49));
#1592=CARTESIAN_POINT('',(0.18,-0.035,0.));
#1593=CARTESIAN_POINT('',(0.25,-0.035,0.));
#1594=CARTESIAN_POINT('',(0.25,0.,-0.23));
#1595=CARTESIAN_POINT('',(0.198,0.,-0.23));
#1596=CARTESIAN_POINT('',(0.18,0.,-0.23));
#1597=CARTESIAN_POINT('',(0.18,0.18,-0.23));
#1598=CARTESIAN_POINT('',(0.25,0.18,-0.23));
#1599=CARTESIAN_POINT('',(-0.18,0.18,-0.23));
#1600=CARTESIAN_POINT('',(-0.18,0.,-0.23));
#1601=CARTESIAN_POINT('',(-0.18,-0.18,-0.23));
#1602=CARTESIAN_POINT('',(0.25,-0.18,-0.23));
#1603=CARTESIAN_POINT('',(0.18,-0.18,-0.23));
#1604=CARTESIAN_POINT('',(0.18,0.,-0.23));
#1605=CARTESIAN_POINT('',(-0.12,0.,-0.23));
#1606=CARTESIAN_POINT('',(-0.11,0.,-0.23));
#1607=CARTESIAN_POINT('',(0.25,0.,0.));
#1608=CARTESIAN_POINT('',(0.198,3.46944695195361E-17,0.));
#1609=CARTESIAN_POINT('',(0.198,-0.041,0.));
#1610=CARTESIAN_POINT('',(0.18,0.,0.));
#1611=CARTESIAN_POINT('',(0.18,-0.18,0.));
#1612=CARTESIAN_POINT('',(0.25,-0.18,0.));
#1613=CARTESIAN_POINT('',(-0.18,-0.18,0.));
#1614=CARTESIAN_POINT('',(-0.18,0.,0.));
#1615=CARTESIAN_POINT('',(-0.18,0.18,0.));
#1616=CARTESIAN_POINT('',(0.25,0.18,0.));
#1617=CARTESIAN_POINT('',(0.18,0.18,0.));
#1618=CARTESIAN_POINT('',(0.18,0.,0.));
#1619=CARTESIAN_POINT('',(0.198,3.46944695195361E-17,0.));
#1620=CARTESIAN_POINT('',(0.198,0.041,0.));
#1621=CARTESIAN_POINT('',(0.2055,0.041,0.));
#1622=CARTESIAN_POINT('',(0.213,0.041,0.));
#1623=CARTESIAN_POINT('',(0.213,2.77555756156289E-17,0.));
#1624=CARTESIAN_POINT('',(0.213,0.035,0.));
#1625=CARTESIAN_POINT('',(0.25,0.035,0.));
#1626=CARTESIAN_POINT('',(0.343,0.035,0.));
#1627=CARTESIAN_POINT('',(0.343,5.55111512312578E-17,0.));
#1628=CARTESIAN_POINT('',(0.343,0.041,0.));
#1629=CARTESIAN_POINT('',(0.3505,0.041,0.));
#1630=CARTESIAN_POINT('',(0.358,0.041,0.));
#1631=CARTESIAN_POINT('',(0.358,5.55111512312578E-17,0.));
#1632=CARTESIAN_POINT('',(0.358,0.035,0.));
#1633=CARTESIAN_POINT('',(0.25,0.035,0.));
#1634=CARTESIAN_POINT('',(0.6,0.035,0.));
#1635=CARTESIAN_POINT('',(0.6,9.0205620750794E-17,0.));
#1636=CARTESIAN_POINT('',(0.6,0.041,0.));
#1637=CARTESIAN_POINT('',(0.6075,0.041,0.));
#1638=CARTESIAN_POINT('',(0.615,0.041,0.));
#1639=CARTESIAN_POINT('',(0.615,9.71445146547012E-17,0.));
#1640=CARTESIAN_POINT('',(0.615,0.035,0.));
#1641=CARTESIAN_POINT('',(0.25,0.035,0.));
#1642=CARTESIAN_POINT('',(0.68,0.035,0.));
#1643=CARTESIAN_POINT('',(0.68,0.,0.));
#1644=CARTESIAN_POINT('',(0.68,-0.035,0.));
#1645=CARTESIAN_POINT('',(0.25,-0.035,0.));
#1646=CARTESIAN_POINT('',(0.615,-0.035,0.));
#1647=CARTESIAN_POINT('',(0.615,9.71445146547012E-17,0.));
#1648=CARTESIAN_POINT('',(0.615,-0.041,0.));
#1649=CARTESIAN_POINT('',(0.6075,-0.041,0.));
#1650=CARTESIAN_POINT('',(0.6,-0.041,0.));
#1651=CARTESIAN_POINT('',(0.6,9.0205620750794E-17,0.));
#1652=CARTESIAN_POINT('',(0.6,-0.035,0.));
#1653=CARTESIAN_POINT('',(0.25,-0.035,0.));
#1654=CARTESIAN_POINT('',(0.358,-0.035,0.));
#1655=CARTESIAN_POINT('',(0.358,5.55111512312578E-17,0.));
#1656=CARTESIAN_POINT('',(0.358,-0.041,0.));
#1657=CARTESIAN_POINT('',(0.3505,-0.041,0.));
#1658=CARTESIAN_POINT('',(0.343,-0.041,0.));
#1659=CARTESIAN_POINT('',(0.343,5.55111512312578E-17,0.));
#1660=CARTESIAN_POINT('',(0.343,-0.035,0.));
#1661=CARTESIAN_POINT('',(0.25,-0.035,0.));
#1662=CARTESIAN_POINT('',(0.213,-0.035,0.));
#1663=CARTESIAN_POINT('',(0.213,2.77555756156289E-17,0.));
#1664=CARTESIAN_POINT('',(0.213,-0.041,0.));
#1665=CARTESIAN_POINT('',(0.2055,-0.041,0.));
#1666=CARTESIAN_POINT('',(0.465,0.07,0.));
#1667=CARTESIAN_POINT('',(0.215,0.07,0.));
#1668=CARTESIAN_POINT('',(0.715,0.07,0.));
#1669=CARTESIAN_POINT('',(0.215,0.1425,0.));
#1670=CARTESIAN_POINT('',(0.215,0.215,0.));
#1671=CARTESIAN_POINT('',(2.77555756156289E-17,0.215,0.));
#1672=CARTESIAN_POINT('',(-0.215,0.215,0.));
#1673=CARTESIAN_POINT('',(-0.215,-5.55111512312578E-17,0.));
#1674=CARTESIAN_POINT('',(-0.215,-0.215,0.));
#1675=CARTESIAN_POINT('',(5.55111512312578E-17,-0.215,0.));
#1676=CARTESIAN_POINT('',(0.215,-0.215,0.));
#1677=CARTESIAN_POINT('',(0.215,-0.1425,0.));
#1678=CARTESIAN_POINT('',(0.215,-0.07,0.));
#1679=CARTESIAN_POINT('',(0.465,-0.07,0.));
#1680=CARTESIAN_POINT('',(0.715,-0.07,0.));
#1681=CARTESIAN_POINT('',(0.715,1.2490009027033E-16,0.));
#1682=CARTESIAN_POINT('',(0.45,0.035,-0.49));
#1683=CARTESIAN_POINT('',(0.615,0.035,-0.49));
#1684=CARTESIAN_POINT('',(0.615,0.035,-0.47));
#1685=CARTESIAN_POINT('',(0.25,0.035,-0.47));
#1686=CARTESIAN_POINT('',(0.68,0.035,-0.47));
#1687=CARTESIAN_POINT('',(0.68,0.035,-0.49));
#1688=CARTESIAN_POINT('',(0.45,0.035,-0.49));
#1689=CARTESIAN_POINT('',(0.25,0.035,-0.47));
#1690=CARTESIAN_POINT('',(0.358,0.035,-0.47));
#1691=CARTESIAN_POINT('',(0.6,0.035,-0.47));
#1692=CARTESIAN_POINT('',(0.6,0.035,-0.49));
#1693=CARTESIAN_POINT('',(0.358,0.035,-0.49));
#1694=CARTESIAN_POINT('',(0.45,0.035,-0.49));
#1695=CARTESIAN_POINT('',(0.213,0.035,-0.49));
#1696=CARTESIAN_POINT('',(0.213,0.035,-0.23));
#1697=CARTESIAN_POINT('',(0.25,0.035,-0.23));
#1698=CARTESIAN_POINT('',(0.22,0.035,-0.23));
#1699=CARTESIAN_POINT('',(0.22,0.035,-0.49));
#1700=CARTESIAN_POINT('',(0.22,0.035,-0.47));
#1701=CARTESIAN_POINT('',(0.25,0.035,-0.47));
#1702=CARTESIAN_POINT('',(0.343,0.035,-0.47));
#1703=CARTESIAN_POINT('',(0.343,0.035,-0.49));
#1704=CARTESIAN_POINT('',(0.45,-0.035,-0.49));
#1705=CARTESIAN_POINT('',(0.25,-0.035,-0.47));
#1706=CARTESIAN_POINT('',(0.68,-0.035,-0.47));
#1707=CARTESIAN_POINT('',(0.615,-0.035,-0.47));
#1708=CARTESIAN_POINT('',(0.615,-0.035,-0.49));
#1709=CARTESIAN_POINT('',(0.68,-0.035,-0.49));
#1710=CARTESIAN_POINT('',(0.45,-0.035,-0.49));
#1711=CARTESIAN_POINT('',(0.6,-0.035,-0.49));
#1712=CARTESIAN_POINT('',(0.6,-0.035,-0.47));
#1713=CARTESIAN_POINT('',(0.25,-0.035,-0.47));
#1714=CARTESIAN_POINT('',(0.358,-0.035,-0.47));
#1715=CARTESIAN_POINT('',(0.358,-0.035,-0.49));
#1716=CARTESIAN_POINT('',(0.45,-0.035,-0.49));
#1717=CARTESIAN_POINT('',(0.213,-0.035,-0.49));
#1718=CARTESIAN_POINT('',(0.213,-0.035,-0.23));
#1719=CARTESIAN_POINT('',(0.343,-0.035,-0.49));
#1720=CARTESIAN_POINT('',(0.343,-0.035,-0.47));
#1721=CARTESIAN_POINT('',(0.25,-0.035,-0.47));
#1722=CARTESIAN_POINT('',(0.22,-0.035,-0.47));
#1723=CARTESIAN_POINT('',(0.22,-0.035,-0.49));
#1724=CARTESIAN_POINT('',(0.22,-0.035,-0.23));
#1725=CARTESIAN_POINT('',(0.45,-0.035,-0.23));
#1726=CARTESIAN_POINT('',(0.25,0.,-0.47));
#1727=CARTESIAN_POINT('',(0.65,9.52503066003498E-18,-0.47));
#1728=CARTESIAN_POINT('',(0.6725,9.52503066003498E-18,-0.47));
#1729=CARTESIAN_POINT('',(0.615,0.,-0.47));
#1730=CARTESIAN_POINT('',(0.68,0.,-0.47));
#1731=CARTESIAN_POINT('',(0.25,0.,-0.47));
#1732=CARTESIAN_POINT('',(0.6,0.,-0.47));
#1733=CARTESIAN_POINT('',(0.358,0.,-0.47));
#1734=CARTESIAN_POINT('',(0.25,0.,-0.47));
#1735=CARTESIAN_POINT('',(0.343,0.,-0.47));
#1736=CARTESIAN_POINT('',(0.22,0.,-0.47));
#1737=CARTESIAN_POINT('',(0.18,-0.1275,-0.25));
#1738=CARTESIAN_POINT('',(0.18,0.18,-0.25));
#1739=CARTESIAN_POINT('',(0.18,-0.1275,-0.25));
#1740=CARTESIAN_POINT('',(0.18,-0.18,-0.25));
#1741=CARTESIAN_POINT('',(4.16333634234433E-18,0.18,-0.25));
#1742=CARTESIAN_POINT('',(-0.18,0.18,-0.25));
#1743=CARTESIAN_POINT('',(-0.18,-5.55111512312578E-17,-0.25));
#1744=CARTESIAN_POINT('',(-0.18,-0.18,-0.25));
#1745=CARTESIAN_POINT('',(-4.16333634234433E-18,-0.18,-0.25));
#1746=CARTESIAN_POINT('',(0.25,0.,-0.23));
#1747=CARTESIAN_POINT('',(0.213,0.,-0.23));
#1748=CARTESIAN_POINT('',(0.22,0.,-0.23));
#1749=CARTESIAN_POINT('',(0.22,3.46944695195361E-17,-0.49));
#1750=CARTESIAN_POINT('',(0.68,1.11022302462516E-16,-0.49));
#1751=CARTESIAN_POINT('',(0.25,-2.77555756156289E-17,-0.02));
#1752=CARTESIAN_POINT('',(0.465,0.07,-0.02));
#1753=CARTESIAN_POINT('',(0.215,0.07,-0.02));
#1754=CARTESIAN_POINT('',(0.715,0.07,-0.02));
#1755=CARTESIAN_POINT('',(0.715,1.2490009027033E-16,-0.02));
#1756=CARTESIAN_POINT('',(0.715,-0.07,-0.02));
#1757=CARTESIAN_POINT('',(0.465,-0.07,-0.02));
#1758=CARTESIAN_POINT('',(0.215,-0.07,-0.02));
#1759=CARTESIAN_POINT('',(0.215,-0.1425,-0.02));
#1760=CARTESIAN_POINT('',(0.215,-0.215,-0.02));
#1761=CARTESIAN_POINT('',(5.55111512312578E-17,-0.215,-0.02));
#1762=CARTESIAN_POINT('',(-0.215,-0.215,-0.02));
#1763=CARTESIAN_POINT('',(-0.215,-5.55111512312578E-17,-0.02));
#1764=CARTESIAN_POINT('',(-0.215,0.215,-0.02));
#1765=CARTESIAN_POINT('',(2.77555756156289E-17,0.215,-0.02));
#1766=CARTESIAN_POINT('',(0.215,0.215,-0.02));
#1767=CARTESIAN_POINT('',(0.215,0.1425,-0.02));
#1768=CARTESIAN_POINT('',(0.2,-0.1275,-0.02));
#1769=CARTESIAN_POINT('',(0.2,0.055,-0.02));
#1770=CARTESIAN_POINT('',(0.2,0.2,-0.02));
#1771=CARTESIAN_POINT('',(0.,0.2,-0.02));
#1772=CARTESIAN_POINT('',(-0.2,0.2,-0.02));
#1773=CARTESIAN_POINT('',(-0.2,-5.55111512312578E-17,-0.02));
#1774=CARTESIAN_POINT('',(-0.2,-0.2,-0.02));
#1775=CARTESIAN_POINT('',(0.,-0.2,-0.02));
#1776=CARTESIAN_POINT('',(0.2,-0.2,-0.02));
#1777=CARTESIAN_POINT('',(0.2,-0.1275,-0.02));
#1778=CARTESIAN_POINT('',(0.2,-0.055,-0.02));
#1779=CARTESIAN_POINT('',(0.45,-0.055,-0.02));
#1780=CARTESIAN_POINT('',(0.7,-0.055,-0.02));
#1781=CARTESIAN_POINT('',(0.7,1.11022302462516E-16,-0.02));
#1782=CARTESIAN_POINT('',(0.7,0.055,-0.02));
#1783=CARTESIAN_POINT('',(0.45,0.055,-0.02));
#1784=CARTESIAN_POINT('',(0.465,0.07,-0.02));
#1785=CARTESIAN_POINT('',(0.715,0.07,-0.02));
#1786=CARTESIAN_POINT('',(0.215,0.07,-0.02));
#1787=CARTESIAN_POINT('',(0.215,0.1425,-0.02));
#1788=CARTESIAN_POINT('',(0.215,0.215,-0.02));
#1789=CARTESIAN_POINT('',(2.77555756156289E-17,0.215,-0.02));
#1790=CARTESIAN_POINT('',(-0.215,0.215,-0.02));
#1791=CARTESIAN_POINT('',(-0.215,-5.55111512312578E-17,-0.02));
#1792=CARTESIAN_POINT('',(-0.215,-0.215,-0.02));
#1793=CARTESIAN_POINT('',(5.55111512312578E-17,-0.215,-0.02));
#1794=CARTESIAN_POINT('',(0.215,-0.215,-0.02));
#1795=CARTESIAN_POINT('',(0.215,-0.1425,-0.02));
#1796=CARTESIAN_POINT('',(0.215,-0.07,-0.02));
#1797=CARTESIAN_POINT('',(0.465,-0.07,-0.02));
#1798=CARTESIAN_POINT('',(0.715,-0.07,-0.02));
#1799=CARTESIAN_POINT('',(0.715,1.2490009027033E-16,-0.02));
#1800=CARTESIAN_POINT('',(0.25,0.,-0.25));
#1801=CARTESIAN_POINT('',(-0.12,-7.65404249467096E-19,-0.25));
#1802=CARTESIAN_POINT('',(-0.1075,-7.65404249467096E-19,-0.25));
#1803=CARTESIAN_POINT('',(0.2,-0.1275,-0.25));
#1804=CARTESIAN_POINT('',(0.2,0.2,-0.25));
#1805=CARTESIAN_POINT('',(0.2,0.055,-0.25));
#1806=CARTESIAN_POINT('',(0.2,-0.1275,-0.25));
#1807=CARTESIAN_POINT('',(0.2,-0.055,-0.25));
#1808=CARTESIAN_POINT('',(0.2,-0.1275,-0.25));
#1809=CARTESIAN_POINT('',(0.2,-0.2,-0.25));
#1810=CARTESIAN_POINT('',(0.,-0.2,-0.25));
#1811=CARTESIAN_POINT('',(-0.2,-0.2,-0.25));
#1812=CARTESIAN_POINT('',(-0.2,-5.55111512312578E-17,-0.25));
#1813=CARTESIAN_POINT('',(-0.2,0.2,-0.25));
#1814=CARTESIAN_POINT('',(0.,0.2,-0.25));
#1815=CARTESIAN_POINT('',(0.2,3.46944695195361E-17,-0.49));
#1816=CARTESIAN_POINT('',(0.2,0.055,-0.49));
#1817=CARTESIAN_POINT('',(0.2,0.055,-0.49));
#1818=CARTESIAN_POINT('',(0.2,3.46944695195361E-17,-0.49));
#1819=CARTESIAN_POINT('',(0.2,-0.055,-0.49));
#1820=CARTESIAN_POINT('',(0.2,-0.055,-0.49));
#1821=CARTESIAN_POINT('',(0.25,0.,-0.49));
#1822=CARTESIAN_POINT('',(0.65,7.99422216110078E-18,-0.49));
#1823=CARTESIAN_POINT('',(0.625,7.99422216110078E-18,-0.49));
#1824=CARTESIAN_POINT('',(0.45,0.055,-0.49));
#1825=CARTESIAN_POINT('',(0.7,0.055,-0.49));
#1826=CARTESIAN_POINT('',(0.7,1.11022302462516E-16,-0.49));
#1827=CARTESIAN_POINT('',(0.7,-0.055,-0.49));
#1828=CARTESIAN_POINT('',(0.45,-0.055,-0.49));
#1829=CARTESIAN_POINT('',(0.7,1.11022302462516E-16,-0.49));
#1830=CARTESIAN_POINT('',(0.7,-0.055,-0.49));
#1831=CARTESIAN_POINT('',(0.7,0.055,-0.49));
#1832=CARTESIAN_POINT('',(0.45,-0.055,-0.49));
#1833=CARTESIAN_POINT('',(0.2,-0.055,-0.49));
#1834=CARTESIAN_POINT('',(0.45,0.055,-0.49));
#1835=CARTESIAN_POINT('',(0.2,0.055,-0.49));
#1836=CARTESIAN_POINT('',(0.,-0.2,-0.25));
#1837=CARTESIAN_POINT('',(0.2,-0.2,-0.25));
#1838=CARTESIAN_POINT('',(-0.2,-0.2,-0.25));
#1839=CARTESIAN_POINT('',(-0.2,-5.55111512312578E-17,-0.25));
#1840=CARTESIAN_POINT('',(-0.2,0.2,-0.25));
#1841=CARTESIAN_POINT('',(0.,0.2,-0.25));
#1842=CARTESIAN_POINT('',(0.2,0.2,-0.25));
#1843=CARTESIAN_POINT('',(0.2,-0.1275,-0.25));
#1844=CARTESIAN_POINT('',(0.2,-0.1275,-0.25));
#1845=CARTESIAN_POINT('',(0.65,9.52503066003498E-18,-0.49));
#1846=CARTESIAN_POINT('',(0.65,9.52503066003498E-18,-0.535));
#1847=CARTESIAN_POINT('',(0.6725,9.52503066003498E-18,-0.535));
#1848=CARTESIAN_POINT('',(0.3505,0.041,-0.476));
#1849=CARTESIAN_POINT('',(0.343,0.041,-0.476));
#1850=CARTESIAN_POINT('',(0.343,0.041,-0.476));
#1851=CARTESIAN_POINT('',(0.3505,0.041,-0.476));
#1852=CARTESIAN_POINT('',(0.358,0.041,-0.476));
#1853=CARTESIAN_POINT('',(0.358,0.041,-0.476));
#1854=CARTESIAN_POINT('',(0.343,5.55111512312578E-17,-0.476));
#1855=CARTESIAN_POINT('',(0.343,-0.041,-0.476));
#1856=CARTESIAN_POINT('',(0.343,-0.041,-0.476));
#1857=CARTESIAN_POINT('',(0.343,5.55111512312578E-17,-0.476));
#1858=CARTESIAN_POINT('',(0.3505,-0.041,-0.476));
#1859=CARTESIAN_POINT('',(0.358,-0.041,-0.476));
#1860=CARTESIAN_POINT('',(0.358,-0.041,-0.476));
#1861=CARTESIAN_POINT('',(0.3505,-0.041,-0.476));
#1862=CARTESIAN_POINT('',(0.358,5.55111512312578E-17,-0.476));
#1863=CARTESIAN_POINT('',(0.358,5.55111512312578E-17,-0.476));
#1864=CARTESIAN_POINT('',(0.25,-2.77555756156289E-17,-0.476));
#1865=CARTESIAN_POINT('',(0.6075,-0.041,-0.476));
#1866=CARTESIAN_POINT('',(0.615,-0.041,-0.476));
#1867=CARTESIAN_POINT('',(0.615,-0.041,-0.476));
#1868=CARTESIAN_POINT('',(0.6075,-0.041,-0.476));
#1869=CARTESIAN_POINT('',(0.6,-0.041,-0.476));
#1870=CARTESIAN_POINT('',(0.6,-0.041,-0.476));
#1871=CARTESIAN_POINT('',(0.615,9.71445146547012E-17,-0.476));
#1872=CARTESIAN_POINT('',(0.615,0.041,-0.476));
#1873=CARTESIAN_POINT('',(0.615,0.041,-0.476));
#1874=CARTESIAN_POINT('',(0.615,9.71445146547012E-17,-0.476));
#1875=CARTESIAN_POINT('',(0.6075,0.041,-0.476));
#1876=CARTESIAN_POINT('',(0.6,0.041,-0.476));
#1877=CARTESIAN_POINT('',(0.6,0.041,-0.476));
#1878=CARTESIAN_POINT('',(0.6075,0.041,-0.476));
#1879=CARTESIAN_POINT('',(0.6,9.0205620750794E-17,-0.476));
#1880=CARTESIAN_POINT('',(0.6,9.0205620750794E-17,-0.476));
#1881=CARTESIAN_POINT('',(0.25,-2.77555756156289E-17,-0.476));
#1882=CARTESIAN_POINT('',(-0.12,0.,-0.25));
#1883=CARTESIAN_POINT('',(-0.12,0.,-0.285));
#1884=CARTESIAN_POINT('',(-0.11,0.,-0.285));
#1885=CARTESIAN_POINT('',(-0.12,-7.65404249467096E-19,-0.285));
#1886=CARTESIAN_POINT('',(-0.12,-7.65404249467096E-19,-0.285));
#1887=CARTESIAN_POINT('',(-0.1325,-7.65404249467096E-19,-0.285));
#1888=CARTESIAN_POINT('',(0.,0.,-0.285));
#1889=CARTESIAN_POINT('',(0.65,7.99422216110078E-18,-0.535));
#1890=CARTESIAN_POINT('',(0.65,7.99422216110078E-18,-0.535));
#1891=CARTESIAN_POINT('',(0.625,7.99422216110078E-18,-0.535));
#1892=CARTESIAN_POINT('',(0.45,8.32667268468867E-17,-0.535));
#1893=CARTESIAN_POINT('',(0.198,3.46944695195361E-17,-0.236));
#1894=CARTESIAN_POINT('',(0.198,-0.041,-0.236));
#1895=CARTESIAN_POINT('',(0.198,-0.041,-0.236));
#1896=CARTESIAN_POINT('',(0.198,3.46944695195361E-17,-0.236));
#1897=CARTESIAN_POINT('',(0.198,0.041,-0.236));
#1898=CARTESIAN_POINT('',(0.198,0.041,-0.236));
#1899=CARTESIAN_POINT('',(0.2055,-0.041,-0.236));
#1900=CARTESIAN_POINT('',(0.213,-0.041,-0.236));
#1901=CARTESIAN_POINT('',(0.213,-0.041,-0.236));
#1902=CARTESIAN_POINT('',(0.2055,-0.041,-0.236));
#1903=CARTESIAN_POINT('',(0.213,2.77555756156289E-17,-0.236));
#1904=CARTESIAN_POINT('',(0.213,0.041,-0.236));
#1905=CARTESIAN_POINT('',(0.213,0.041,-0.236));
#1906=CARTESIAN_POINT('',(0.213,2.77555756156289E-17,-0.236));
#1907=CARTESIAN_POINT('',(0.2055,0.041,-0.236));
#1908=CARTESIAN_POINT('',(0.2055,0.041,-0.236));
#1909=CARTESIAN_POINT('',(0.449,8.32667268468867E-17,-0.236));
#1910=MECHANICAL_DESIGN_GEOMETRIC_PRESENTATION_REPRESENTATION('',(#1197),#1911);
#1911=(
GEOMETRIC_REPRESENTATION_CONTEXT(3)
GLOBAL_UNCERTAINTY_ASSIGNED_CONTEXT((#1912))
GLOBAL_UNIT_ASSIGNED_CONTEXT((#1915,#1914,#1913))
REPRESENTATION_CONTEXT('guetekasten','TOP_LEVEL_ASSEMBLY_PART')
);
#1912=UNCERTAINTY_MEASURE_WITH_UNIT(LENGTH_MEASURE(1.E-08),#1915,'DISTANCE_ACCURACY_VALUE','Maximum Tolerance applied to model');
#1913=(
NAMED_UNIT(*)
SI_UNIT($,.STERADIAN.)
SOLID_ANGLE_UNIT()
);
#1914=(
NAMED_UNIT(*)
PLANE_ANGLE_UNIT()
SI_UNIT($,.RADIAN.)
);
#1915=(
LENGTH_UNIT()
NAMED_UNIT(*)
SI_UNIT($,.METRE.)
);
#1916=PRODUCT_DEFINITION_SHAPE('','',#1917);
#1917=PRODUCT_DEFINITION('','',#1919,#1918);
#1918=PRODUCT_DEFINITION_CONTEXT('',#1925,'design');
#1919=PRODUCT_DEFINITION_FORMATION_WITH_SPECIFIED_SOURCE('','',#1921,.NOT_KNOWN.);
#1920=PRODUCT_RELATED_PRODUCT_CATEGORY('','',(#1921));
#1921=PRODUCT('guetekasten','guetekasten','guetekasten',(#1923));
#1922=PRODUCT_CATEGORY('','');
#1923=PRODUCT_CONTEXT('',#1925,'mechanical');
#1924=APPLICATION_PROTOCOL_DEFINITION('international standard','ap242_managed_model_based_3d_engineering',2020,#1925);
#1925=APPLICATION_CONTEXT('managed model based 3d engineering');
#1926=SHAPE_ASPECT('hole_callout.FHEmUWQMReBNC5a_1.JHD.0',$,#1916,.T.);
#1927=GEOMETRIC_ITEM_SPECIFIC_USAGE('','',#1926,#11,#1186);
#1928=DIMENSIONAL_SIZE(#1926,'diameter');
#1929=(
LENGTH_UNIT()
NAMED_UNIT(*)
SI_UNIT($,.METRE.)
);
#1931=PRECISION_QUALIFIER(3);
#1930=(
LENGTH_MEASURE_WITH_UNIT()
MEASURE_REPRESENTATION_ITEM()
MEASURE_WITH_UNIT(POSITIVE_LENGTH_MEASURE(0.02),#1929)
QUALIFIED_REPRESENTATION_ITEM((#1931))
REPRESENTATION_ITEM('nominal value')
);
#1932=COMPOUND_REPRESENTATION_ITEM('modifiers',SET_REPRESENTATION_ITEM((#1933)));
#1933=DESCRIPTIVE_REPRESENTATION_ITEM('dimensional note','diameter');
#1934=SHAPE_DIMENSION_REPRESENTATION('',(#1930,#1932),#1911);
#1935=DIMENSIONAL_CHARACTERISTIC_REPRESENTATION(#1928,#1934);
#1936=PRESENTATION_STYLE_ASSIGNMENT((NULL_STYLE(.NULL.)));
#1937=CARTESIAN_POINT('',(-0.12,0.,-0.285));
#1938=DIRECTION('',(0.,0.,-1.));
#1939=DIRECTION('',(1.,0.,0.));
#1940=AXIS2_PLACEMENT_3D('',#1937,#1938,#1939);
#1941=PLANE('',#1940);
#1942=ANNOTATION_PLANE('',(#1936),#1941,(#1969));
#1943=CARTESIAN_POINT('',(0.,0.,0.));
#1944=DIRECTION('',(0.,0.,1.));
#1945=DIRECTION('',(1.,0.,0.));
#1946=AXIS2_PLACEMENT_3D('',#1943,#1944,#1945);
#1947=CARTESIAN_POINT('',(0.,0.,0.));
#1948=DIRECTION('',(0.,0.,1.));
#1949=DIRECTION('',(1.,0.,0.));
#1950=AXIS2_PLACEMENT_3D('',#1947,#1948,#1949);
#1951=SHAPE_REPRESENTATION('',(#1950,#1205),#1911);
#1952=REPRESENTATION_MAP(#1946,#1951);
#1953=MAPPED_ITEM('',#1952,#1946);
#1954=PRESENTATION_STYLE_ASSIGNMENT((NULL_STYLE(.NULL.)));
#1955=STYLED_ITEM('',(#1954),#1953);
#1956=DRAUGHTING_MODEL('',(#1942,#1946,#1953,#1955,#1988,#1992,#1999,#2001),#1911);
#1957=DRAUGHTING_PRE_DEFINED_CURVE_FONT('continuous');
#1958=COLOUR_RGB('',0.,0.,0.);
#1959=CURVE_STYLE('',#1957,POSITIVE_LENGTH_MEASURE(0.02),#1958);
#1960=PRESENTATION_STYLE_ASSIGNMENT((#1959));
#1961=COORDINATES_LIST('coordinates',2244,((-0.1129289,-0.0070711,-0.2850000),(-0.1115147,-0.0098995,-0.2850000),(-0.1101005,-0.0084853,-0.2850000),(-0.0767129,-0.0397548,-0.2850000),(-0.0766159,-0.0397141,-0.2850000),(-0.0765178,-0.0396789,-0.2850000),(-0.0767129,-0.0397548,-0.2850000),(-0.0765178,-0.0396789,-0.2850000),(-0.0764189,-0.0396490,-0.2850000),(-0.0767129,-0.0397548,-0.2850000),(-0.0764189,-0.0396490,-0.2850000),(-0.0763189,-0.0396246,-0.2850000),(-0.0767129,-0.0397548,-0.2850000),(-0.0763189,-0.0396246,-0.2850000),(-0.0762181,-0.0396056,-0.2850000),(-0.0767129,-0.0397548,-0.2850000),(-0.0762181,-0.0396056,-0.2850000),(-0.0761162,-0.0395921,-0.2850000),(-0.0767129,-0.0397548,-0.2850000),(-0.0761162,-0.0395921,-0.2850000),(-0.0760134,-0.0395839,-0.2850000),(-0.0767129,-0.0397548,-0.2850000),(-0.0760134,-0.0395839,-0.2850000),(-0.0759096,-0.0395812,-0.2850000),(-0.0767129,-0.0397548,-0.2850000),(-0.0759096,-0.0395812,-0.2850000),(-0.0757739,-0.0395856,-0.2850000),(-0.0767129,-0.0397548,-0.2850000),(-0.0757739,-0.0395856,-0.2850000),(-0.0756406,-0.0395985,-0.2850000),(-0.0767129,-0.0397548,-0.2850000),(-0.0756406,-0.0395985,-0.2850000),(-0.0755099,-0.0396201,-0.2850000),(-0.0767129,-0.0397548,-0.2850000),(-0.0755099,-0.0396201,-0.2850000),(-0.0753818,-0.0396503,-0.2850000),(-0.0767129,-0.0397548,-0.2850000),(-0.0753818,-0.0396503,-0.2850000),(-0.0752562,-0.0396891,-0.2850000),(-0.0767129,-0.0397548,-0.2850000),(-0.0752562,-0.0396891,-0.2850000),(-0.0751331,-0.0397366,-0.2850000),(-0.0767129,-0.0397548,-0.2850000),(-0.0751331,-0.0397366,-0.2850000),(-0.0750126,-0.0397927,-0.2850000),(-0.0767129,-0.0397548,-0.2850000),(-0.0750126,-0.0397927,-0.2850000),(-0.0748947,-0.0398575,-0.2850000),(-0.0767129,-0.0397548,-0.2850000),(-0.0748947,-0.0398575,-0.2850000),(-0.0747811,-0.0399299,-0.2850000),(-0.0767129,-0.0397548,-0.2850000),(-0.0747811,-0.0399299,-0.2850000),(-0.0746738,-0.0400084,-0.2850000),(-0.0767129,-0.0397548,-0.2850000),(-0.0746738,-0.0400084,-0.2850000),(-0.0745726,-0.0400931,-0.2850000),(-0.0767129,-0.0397548,-0.2850000),(-0.0745726,-0.0400931,-0.2850000),(-0.0744777,-0.0401840,-0.2850000),(-0.0767129,-0.0397548,-0.2850000),(-0.0744777,-0.0401840,-0.2850000),(-0.0743890,-0.0402810,-0.2850000),(-0.0743890,-0.0402810,-0.2850000),(-0.0743065,-0.0403841,-0.2850000),(-0.0742303,-0.0404934,-0.2850000),(-0.0743890,-0.0402810,-0.2850000),(-0.0742303,-0.0404934,-0.2850000),(-0.0741602,-0.0406089,-0.2850000),(-0.0743890,-0.0402810,-0.2850000),(-0.0741602,-0.0406089,-0.2850000),(-0.0740972,-0.0407286,-0.2850000),(-0.0743890,-0.0402810,-0.2850000),(-0.0740972,-0.0407286,-0.2850000),(-0.0740426,-0.0408509,-0.2850000),(-0.0743890,-0.0402810,-0.2850000),(-0.0740426,-0.0408509,-0.2850000),(-0.0739964,-0.0409756,-0.2850000),(-0.0743890,-0.0402810,-0.2850000),(-0.0739964,-0.0409756,-0.2850000),(-0.0739586,-0.0411029,-0.2850000),(-0.0743890,-0.0402810,-0.2850000),(-0.0739586,-0.0411029,-0.2850000),(-0.0739292,-0.0412325,-0.2850000),(-0.0743890,-0.0402810,-0.2850000),(-0.0739292,-0.0412325,-0.2850000),(-0.0739082,-0.0413647,-0.2850000),(-0.0743890,-0.0402810,-0.2850000),(-0.0739082,-0.0413647,-0.2850000),(-0.0738956,-0.0414994,-0.2850000),(-0.0743890,-0.0402810,-0.2850000),(-0.0738956,-0.0414994,-0.2850000),(-0.0738914,-0.0416365,-0.2850000),(-0.0743890,-0.0402810,-0.2850000),(-0.0738914,-0.0416365,-0.2850000),(-0.0738956,-0.0417681,-0.2850000),(-0.0743890,-0.0402810,-0.2850000),(-0.0738956,-0.0417681,-0.2850000),(-0.0739082,-0.0418990,-0.2850000),(-0.0743890,-0.0402810,-0.2850000),(-0.0739082,-0.0418990,-0.2850000),(-0.0739292,-0.0420290,-0.2850000),(-0.0743890,-0.0402810,-0.2850000),(-0.0739292,-0.0420290,-0.2850000),(-0.0739586,-0.0421583,-0.2850000),(-0.0743890,-0.0402810,-0.2850000),(-0.0739586,-0.0421583,-0.2850000),(-0.0739964,-0.0422867,-0.2850000),(-0.0743890,-0.0402810,-0.2850000),(-0.0739964,-0.0422867,-0.2850000),(-0.0740426,-0.0424144,-0.2850000),(-0.0740426,-0.0424144,-0.2850000),(-0.0744344,-0.0422729,-0.2850000),(-0.0743978,-0.0421750,-0.2850000),(-0.0740426,-0.0424144,-0.2850000),(-0.0743978,-0.0421750,-0.2850000),(-0.0743679,-0.0420739,-0.2850000),(-0.0740426,-0.0424144,-0.2850000),(-0.0743679,-0.0420739,-0.2850000),(-0.0743446,-0.0419694,-0.2850000),(-0.0740426,-0.0424144,-0.2850000),(-0.0743446,-0.0419694,-0.2850000),(-0.0743280,-0.0418617,-0.2850000),(-0.0740426,-0.0424144,-0.2850000),(-0.0743280,-0.0418617,-0.2850000),(-0.0743180,-0.0417508,-0.2850000),(-0.0740426,-0.0424144,-0.2850000),(-0.0743180,-0.0417508,-0.2850000),(-0.0743147,-0.0416365,-0.2850000),(-0.0740426,-0.0424144,-0.2850000),(-0.0743147,-0.0416365,-0.2850000),(-0.0743181,-0.0415265,-0.2850000),(-0.0743890,-0.0402810,-0.2850000),(-0.0740426,-0.0424144,-0.2850000),(-0.0743181,-0.0415265,-0.2850000),(-0.0743890,-0.0402810,-0.2850000),(-0.0743181,-0.0415265,-0.2850000),(-0.0743282,-0.0414186,-0.2850000),(-0.0743890,-0.0402810,-0.2850000),(-0.0743282,-0.0414186,-0.2850000),(-0.0743449,-0.0413130,-0.2850000),(-0.0743890,-0.0402810,-0.2850000),(-0.0743449,-0.0413130,-0.2850000),(-0.0743684,-0.0412095,-0.2850000),(-0.0743890,-0.0402810,-0.2850000),(-0.0743684,-0.0412095,-0.2850000),(-0.0743986,-0.0411082,-0.2850000),(-0.0743890,-0.0402810,-0.2850000),(-0.0743986,-0.0411082,-0.2850000),(-0.0744356,-0.0410091,-0.2850000),(-0.0743890,-0.0402810,-0.2850000),(-0.0744356,-0.0410091,-0.2850000),(-0.0744792,-0.0409121,-0.2850000),(-0.0743890,-0.0402810,-0.2850000),(-0.0744792,-0.0409121,-0.2850000),(-0.0745296,-0.0408174,-0.2850000),(-0.0743890,-0.0402810,-0.2850000),(-0.0745296,-0.0408174,-0.2850000),(-0.0745854,-0.0407262,-0.2850000),(-0.0743890,-0.0402810,-0.2850000),(-0.0745854,-0.0407262,-0.2850000),(-0.0746460,-0.0406398,-0.2850000),(-0.0743890,-0.0402810,-0.2850000),(-0.0746460,-0.0406398,-0.2850000),(-0.0747115,-0.0405584,-0.2850000),(-0.0743890,-0.0402810,-0.2850000),(-0.0747115,-0.0405584,-0.2850000),(-0.0747817,-0.0404819,-0.2850000),(-0.0743890,-0.0402810,-0.2850000),(-0.0747817,-0.0404819,-0.2850000),(-0.0748567,-0.0404102,-0.2850000),(-0.0743890,-0.0402810,-0.2850000),(-0.0748567,-0.0404102,-0.2850000),(-0.0749366,-0.0403435,-0.2850000),(-0.0743890,-0.0402810,-0.2850000),(-0.0749366,-0.0403435,-0.2850000),(-0.0750212,-0.0402817,-0.2850000),(-0.0743890,-0.0402810,-0.2850000),(-0.0750212,-0.0402817,-0.2850000),(-0.0751106,-0.0402247,-0.2850000),(-0.0743890,-0.0402810,-0.2850000),(-0.0751106,-0.0402247,-0.2850000),(-0.0752032,-0.0401736,-0.2850000),(-0.0743890,-0.0402810,-0.2850000),(-0.0752032,-0.0401736,-0.2850000),(-0.0752978,-0.0401293,-0.2850000),(-0.0743890,-0.0402810,-0.2850000),(-0.0752978,-0.0401293,-0.2850000),(-0.0753946,-0.0400918,-0.2850000),(-0.0743890,-0.0402810,-0.2850000),(-0.0753946,-0.0400918,-0.2850000),(-0.0754934,-0.0400612,-0.2850000),(-0.0767129,-0.0397548,-0.2850000),(-0.0743890,-0.0402810,-0.2850000),(-0.0754934,-0.0400612,-0.2850000),(-0.0767129,-0.0397548,-0.2850000),(-0.0754934,-0.0400612,-0.2850000),(-0.0755944,-0.0400373,-0.2850000),(-0.0767129,-0.0397548,-0.2850000),(-0.0755944,-0.0400373,-0.2850000),(-0.0756974,-0.0400203,-0.2850000),(-0.0767129,-0.0397548,-0.2850000),(-0.0756974,-0.0400203,-0.2850000),(-0.0758025,-0.0400101,-0.2850000),(-0.0767129,-0.0397548,-0.2850000),(-0.0758025,-0.0400101,-0.2850000),(-0.0759096,-0.0400067,-0.2850000),(-0.0767129,-0.0397548,-0.2850000),(-0.0759096,-0.0400067,-0.2850000),(-0.0760632,-0.0400138,-0.2850000),(-0.0767129,-0.0397548,-0.2850000),(-0.0760632,-0.0400138,-0.2850000),(-0.0762128,-0.0400350,-0.2850000),(-0.0767129,-0.0397548,-0.2850000),(-0.0762128,-0.0400350,-0.2850000),(-0.0763585,-0.0400704,-0.2850000),(-0.0767129,-0.0397548,-0.2850000),(-0.0763585,-0.0400704,-0.2850000),(-0.0765002,-0.0401199,-0.2850000),(-0.0767129,-0.0397548,-0.2850000),(-0.0765002,-0.0401199,-0.2850000),(-0.0749032,-0.0429033,-0.2850000),(-0.0772738,-0.0387801,-0.2850000),(-0.0767129,-0.0397548,-0.2850000),(-0.0749032,-0.0429033,-0.2850000),(-0.0744776,-0.0423675,-0.2850000),(-0.0744344,-0.0422729,-0.2850000),(-0.0740426,-0.0424144,-0.2850000),(-0.0745274,-0.0424588,-0.2850000),(-0.0744776,-0.0423675,-0.2850000),(-0.0740426,-0.0424144,-0.2850000),(-0.0745954,-0.0425628,-0.2850000),(-0.0745274,-0.0424588,-0.2850000),(-0.0740426,-0.0424144,-0.2850000),(-0.0746806,-0.0426716,-0.2850000),(-0.0745954,-0.0425628,-0.2850000),(-0.0740426,-0.0424144,-0.2850000),(-0.0747298,-0.0427277,-0.2850000),(-0.0746806,-0.0426716,-0.2850000),(-0.0740426,-0.0424144,-0.2850000),(-0.0747832,-0.0427851,-0.2850000),(-0.0747298,-0.0427277,-0.2850000),(-0.0740426,-0.0424144,-0.2850000),(-0.0748410,-0.0428436,-0.2850000),(-0.0747832,-0.0427851,-0.2850000),(-0.0740426,-0.0424144,-0.2850000),(-0.0749032,-0.0429033,-0.2850000),(-0.0748410,-0.0428436,-0.2850000),(-0.0740426,-0.0424144,-0.2850000),(-0.0749032,-0.0429033,-0.2850000),(-0.0740426,-0.0424144,-0.2850000),(-0.0740972,-0.0425413,-0.2850000),(-0.0749032,-0.0429033,-0.2850000),(-0.0740972,-0.0425413,-0.2850000),(-0.0741602,-0.0426673,-0.2850000),(-0.0749032,-0.0429033,-0.2850000),(-0.0741602,-0.0426673,-0.2850000),(-0.0742104,-0.0427541,-0.2850000),(-0.0749032,-0.0429033,-0.2850000),(-0.0742104,-0.0427541,-0.2850000),(-0.0742652,-0.0428375,-0.2850000),(-0.0749032,-0.0429033,-0.2850000),(-0.0742652,-0.0428375,-0.2850000),(-0.0743246,-0.0429176,-0.2850000),(-0.0749032,-0.0429033,-0.2850000),(-0.0743246,-0.0429176,-0.2850000),(-0.0743885,-0.0429944,-0.2850000),(-0.0749032,-0.0429033,-0.2850000),(-0.0743885,-0.0429944,-0.2850000),(-0.0744571,-0.0430678,-0.2850000),(-0.0749032,-0.0429033,-0.2850000),(-0.0744571,-0.0430678,-0.2850000),(-0.0745303,-0.0431380,-0.2850000),(-0.0749032,-0.0429033,-0.2850000),(-0.0745303,-0.0431380,-0.2850000),(-0.0746081,-0.0432049,-0.2850000),(-0.0749032,-0.0429033,-0.2850000),(-0.0746081,-0.0432049,-0.2850000),(-0.0746904,-0.0432685,-0.2850000),(-0.0749032,-0.0429033,-0.2850000),(-0.0746904,-0.0432685,-0.2850000),(-0.0741486,-0.0442210,-0.2850000),(-0.0772738,-0.0387801,-0.2850000),(-0.0749032,-0.0429033,-0.2850000),(-0.0741486,-0.0442210,-0.2850000),(-0.0772738,-0.0387801,-0.2850000),(-0.0741486,-0.0442210,-0.2850000),(-0.0741200,-0.0443247,-0.2850000),(-0.0772738,-0.0387801,-0.2850000),(-0.0741200,-0.0443247,-0.2850000),(-0.0741274,-0.0443850,-0.2850000),(-0.0772738,-0.0387801,-0.2850000),(-0.0741274,-0.0443850,-0.2850000),(-0.0741660,-0.0444602,-0.2850000),(-0.0772738,-0.0387801,-0.2850000),(-0.0741660,-0.0444602,-0.2850000),(-0.0742311,-0.0445141,-0.2850000),(-0.0772738,-0.0387801,-0.2850000),(-0.0742311,-0.0445141,-0.2850000),(-0.0743338,-0.0445448,-0.2850000),(-0.0772738,-0.0387801,-0.2850000),(-0.0743338,-0.0445448,-0.2850000),(-0.0743941,-0.0445374,-0.2850000),(-0.0772738,-0.0387801,-0.2850000),(-0.0743941,-0.0445374,-0.2850000),(-0.0744698,-0.0444988,-0.2850000),(-0.0772738,-0.0387801,-0.2850000),(-0.0744698,-0.0444988,-0.2850000),(-0.0745253,-0.0444337,-0.2850000),(-0.0772738,-0.0387801,-0.2850000),(-0.0745253,-0.0444337,-0.2850000),(-0.0750608,-0.0435055,-0.2850000),(-0.0750608,-0.0435055,-0.2850000),(-0.0751615,-0.0435499,-0.2850000),(-0.0752654,-0.0435884,-0.2850000),(-0.0750608,-0.0435055,-0.2850000),(-0.0752654,-0.0435884,-0.2850000),(-0.0753726,-0.0436210,-0.2850000),(-0.0750608,-0.0435055,-0.2850000),(-0.0753726,-0.0436210,-0.2850000),(-0.0754831,-0.0436476,-0.2850000),(-0.0750608,-0.0435055,-0.2850000),(-0.0754831,-0.0436476,-0.2850000),(-0.0755970,-0.0436683,-0.2850000),(-0.0750608,-0.0435055,-0.2850000),(-0.0755970,-0.0436683,-0.2850000),(-0.0757141,-0.0436831,-0.2850000),(-0.0750608,-0.0435055,-0.2850000),(-0.0757141,-0.0436831,-0.2850000),(-0.0758346,-0.0436920,-0.2850000),(-0.0750608,-0.0435055,-0.2850000),(-0.0758346,-0.0436920,-0.2850000),(-0.0759583,-0.0436950,-0.2850000),(-0.0750608,-0.0435055,-0.2850000),(-0.0759583,-0.0436950,-0.2850000),(-0.0760829,-0.0436906,-0.2850000),(-0.0750608,-0.0435055,-0.2850000),(-0.0760829,-0.0436906,-0.2850000),(-0.0762064,-0.0436776,-0.2850000),(-0.0750608,-0.0435055,-0.2850000),(-0.0762064,-0.0436776,-0.2850000),(-0.0763288,-0.0436560,-0.2850000),(-0.0750608,-0.0435055,-0.2850000),(-0.0763288,-0.0436560,-0.2850000),(-0.0764502,-0.0436257,-0.2850000),(-0.0750608,-0.0435055,-0.2850000),(-0.0764502,-0.0436257,-0.2850000),(-0.0765704,-0.0435867,-0.2850000),(-0.0750608,-0.0435055,-0.2850000),(-0.0765704,-0.0435867,-0.2850000),(-0.0766896,-0.0435390,-0.2850000),(-0.0750608,-0.0435055,-0.2850000),(-0.0766896,-0.0435390,-0.2850000),(-0.0768076,-0.0434827,-0.2850000),(-0.0750608,-0.0435055,-0.2850000),(-0.0768076,-0.0434827,-0.2850000),(-0.0769246,-0.0434177,-0.2850000),(-0.0750608,-0.0435055,-0.2850000),(-0.0769246,-0.0434177,-0.2850000),(-0.0770377,-0.0433455,-0.2850000),(-0.0750608,-0.0435055,-0.2850000),(-0.0770377,-0.0433455,-0.2850000),(-0.0771447,-0.0432671,-0.2850000),(-0.0750608,-0.0435055,-0.2850000),(-0.0771447,-0.0432671,-0.2850000),(-0.0772456,-0.0431825,-0.2850000),(-0.0750608,-0.0435055,-0.2850000),(-0.0772456,-0.0431825,-0.2850000),(-0.0773405,-0.0430917,-0.2850000),(-0.0750608,-0.0435055,-0.2850000),(-0.0773405,-0.0430917,-0.2850000),(-0.0774293,-0.0429947,-0.2850000),(-0.0774293,-0.0429947,-0.2850000),(-0.0775119,-0.0428914,-0.2850000),(-0.0775885,-0.0427820,-0.2850000),(-0.0774293,-0.0429947,-0.2850000),(-0.0775885,-0.0427820,-0.2850000),(-0.0776591,-0.0426663,-0.2850000),(-0.0774293,-0.0429947,-0.2850000),(-0.0776591,-0.0426663,-0.2850000),(-0.0777223,-0.0425465,-0.2850000),(-0.0774293,-0.0429947,-0.2850000),(-0.0777223,-0.0425465,-0.2850000),(-0.0777771,-0.0424241,-0.2850000),(-0.0774293,-0.0429947,-0.2850000),(-0.0777771,-0.0424241,-0.2850000),(-0.0778235,-0.0422992,-0.2850000),(-0.0774293,-0.0429947,-0.2850000),(-0.0778235,-0.0422992,-0.2850000),(-0.0778615,-0.0421718,-0.2850000),(-0.0774293,-0.0429947,-0.2850000),(-0.0778615,-0.0421718,-0.2850000),(-0.0778910,-0.0420418,-0.2850000),(-0.0774293,-0.0429947,-0.2850000),(-0.0778910,-0.0420418,-0.2850000),(-0.0779121,-0.0419092,-0.2850000),(-0.0774293,-0.0429947,-0.2850000),(-0.0779121,-0.0419092,-0.2850000),(-0.0779247,-0.0417742,-0.2850000),(-0.0774293,-0.0429947,-0.2850000),(-0.0779247,-0.0417742,-0.2850000),(-0.0779289,-0.0416365,-0.2850000),(-0.0774293,-0.0429947,-0.2850000),(-0.0779289,-0.0416365,-0.2850000),(-0.0779247,-0.0414985,-0.2850000),(-0.0774293,-0.0429947,-0.2850000),(-0.0779247,-0.0414985,-0.2850000),(-0.0779121,-0.0413631,-0.2850000),(-0.0774293,-0.0429947,-0.2850000),(-0.0779121,-0.0413631,-0.2850000),(-0.0778911,-0.0412306,-0.2850000),(-0.0774293,-0.0429947,-0.2850000),(-0.0778911,-0.0412306,-0.2850000),(-0.0778617,-0.0411007,-0.2850000),(-0.0774293,-0.0429947,-0.2850000),(-0.0778617,-0.0411007,-0.2850000),(-0.0778239,-0.0409737,-0.2850000),(-0.0774293,-0.0429947,-0.2850000),(-0.0778239,-0.0409737,-0.2850000),(-0.0777777,-0.0408493,-0.2850000),(-0.0774293,-0.0429947,-0.2850000),(-0.0777777,-0.0408493,-0.2850000),(-0.0777231,-0.0407277,-0.2850000),(-0.0774293,-0.0429947,-0.2850000),(-0.0777231,-0.0407277,-0.2850000),(-0.0776601,-0.0406089,-0.2850000),(-0.0776601,-0.0406089,-0.2850000),(-0.0772918,-0.0408174,-0.2850000),(-0.0773412,-0.0409121,-0.2850000),(-0.0776601,-0.0406089,-0.2850000),(-0.0773412,-0.0409121,-0.2850000),(-0.0773840,-0.0410090,-0.2850000),(-0.0776601,-0.0406089,-0.2850000),(-0.0773840,-0.0410090,-0.2850000),(-0.0774202,-0.0411080,-0.2850000),(-0.0776601,-0.0406089,-0.2850000),(-0.0774202,-0.0411080,-0.2850000),(-0.0774498,-0.0412092,-0.2850000),(-0.0776601,-0.0406089,-0.2850000),(-0.0774498,-0.0412092,-0.2850000),(-0.0774728,-0.0413126,-0.2850000),(-0.0776601,-0.0406089,-0.2850000),(-0.0774728,-0.0413126,-0.2850000),(-0.0774893,-0.0414180,-0.2850000),(-0.0776601,-0.0406089,-0.2850000),(-0.0774893,-0.0414180,-0.2850000),(-0.0774991,-0.0415257,-0.2850000),(-0.0776601,-0.0406089,-0.2850000),(-0.0774991,-0.0415257,-0.2850000),(-0.0775024,-0.0416355,-0.2850000),(-0.0776601,-0.0406089,-0.2850000),(-0.0775024,-0.0416355,-0.2850000),(-0.0774991,-0.0417453,-0.2850000),(-0.0774293,-0.0429947,-0.2850000),(-0.0776601,-0.0406089,-0.2850000),(-0.0774991,-0.0417453,-0.2850000),(-0.0774293,-0.0429947,-0.2850000),(-0.0774991,-0.0417453,-0.2850000),(-0.0774891,-0.0418530,-0.2850000),(-0.0774293,-0.0429947,-0.2850000),(-0.0774891,-0.0418530,-0.2850000),(-0.0774724,-0.0419587,-0.2850000),(-0.0774293,-0.0429947,-0.2850000),(-0.0774724,-0.0419587,-0.2850000),(-0.0774490,-0.0420622,-0.2850000),(-0.0774293,-0.0429947,-0.2850000),(-0.0774490,-0.0420622,-0.2850000),(-0.0774189,-0.0421637,-0.2850000),(-0.0774293,-0.0429947,-0.2850000),(-0.0774189,-0.0421637,-0.2850000),(-0.0773822,-0.0422631,-0.2850000),(-0.0774293,-0.0429947,-0.2850000),(-0.0773822,-0.0422631,-0.2850000),(-0.0773387,-0.0423604,-0.2850000),(-0.0774293,-0.0429947,-0.2850000),(-0.0773387,-0.0423604,-0.2850000),(-0.0772886,-0.0424557,-0.2850000),(-0.0774293,-0.0429947,-0.2850000),(-0.0772886,-0.0424557,-0.2850000),(-0.0772328,-0.0425476,-0.2850000),(-0.0774293,-0.0429947,-0.2850000),(-0.0772328,-0.0425476,-0.2850000),(-0.0771722,-0.0426345,-0.2850000),(-0.0774293,-0.0429947,-0.2850000),(-0.0771722,-0.0426345,-0.2850000),(-0.0771067,-0.0427164,-0.2850000),(-0.0774293,-0.0429947,-0.2850000),(-0.0771067,-0.0427164,-0.2850000),(-0.0770365,-0.0427933,-0.2850000),(-0.0774293,-0.0429947,-0.2850000),(-0.0770365,-0.0427933,-0.2850000),(-0.0769615,-0.0428651,-0.2850000),(-0.0774293,-0.0429947,-0.2850000),(-0.0769615,-0.0428651,-0.2850000),(-0.0768816,-0.0429319,-0.2850000),(-0.0774293,-0.0429947,-0.2850000),(-0.0768816,-0.0429319,-0.2850000),(-0.0767970,-0.0429937,-0.2850000),(-0.0774293,-0.0429947,-0.2850000),(-0.0767970,-0.0429937,-0.2850000),(-0.0767076,-0.0430505,-0.2850000),(-0.0774293,-0.0429947,-0.2850000),(-0.0767076,-0.0430505,-0.2850000),(-0.0766155,-0.0431015,-0.2850000),(-0.0774293,-0.0429947,-0.2850000),(-0.0766155,-0.0431015,-0.2850000),(-0.0765229,-0.0431458,-0.2850000),(-0.0774293,-0.0429947,-0.2850000),(-0.0765229,-0.0431458,-0.2850000),(-0.0764298,-0.0431833,-0.2850000),(-0.0774293,-0.0429947,-0.2850000),(-0.0764298,-0.0431833,-0.2850000),(-0.0763361,-0.0432140,-0.2850000),(-0.0774293,-0.0429947,-0.2850000),(-0.0763361,-0.0432140,-0.2850000),(-0.0762419,-0.0432378,-0.2850000),(-0.0750608,-0.0435055,-0.2850000),(-0.0774293,-0.0429947,-0.2850000),(-0.0762419,-0.0432378,-0.2850000),(-0.0750608,-0.0435055,-0.2850000),(-0.0762419,-0.0432378,-0.2850000),(-0.0761472,-0.0432548,-0.2850000),(-0.0750608,-0.0435055,-0.2850000),(-0.0761472,-0.0432548,-0.2850000),(-0.0760520,-0.0432651,-0.2850000),(-0.0750608,-0.0435055,-0.2850000),(-0.0760520,-0.0432651,-0.2850000),(-0.0759562,-0.0432685,-0.2850000),(-0.0750608,-0.0435055,-0.2850000),(-0.0759562,-0.0432685,-0.2850000),(-0.0759498,-0.0432685,-0.2850000),(-0.0750608,-0.0435055,-0.2850000),(-0.0759498,-0.0432685,-0.2850000),(-0.0758561,-0.0432664,-0.2850000),(-0.0750608,-0.0435055,-0.2850000),(-0.0758561,-0.0432664,-0.2850000),(-0.0757650,-0.0432601,-0.2850000),(-0.0750608,-0.0435055,-0.2850000),(-0.0757650,-0.0432601,-0.2850000),(-0.0756764,-0.0432497,-0.2850000),(-0.0750608,-0.0435055,-0.2850000),(-0.0756764,-0.0432497,-0.2850000),(-0.0755903,-0.0432351,-0.2850000),(-0.0750608,-0.0435055,-0.2850000),(-0.0755903,-0.0432351,-0.2850000),(-0.0755068,-0.0432164,-0.2850000),(-0.0750608,-0.0435055,-0.2850000),(-0.0755068,-0.0432164,-0.2850000),(-0.0754258,-0.0431935,-0.2850000),(-0.0750608,-0.0435055,-0.2850000),(-0.0754258,-0.0431935,-0.2850000),(-0.0753473,-0.0431664,-0.2850000),(-0.0750608,-0.0435055,-0.2850000),(-0.0753473,-0.0431664,-0.2850000),(-0.0752715,-0.0431351,-0.2850000),(-0.0772738,-0.0387801,-0.2850000),(-0.0750608,-0.0435055,-0.2850000),(-0.0752715,-0.0431351,-0.2850000),(-0.0772738,-0.0387801,-0.2850000),(-0.0752715,-0.0431351,-0.2850000),(-0.0768759,-0.0403401,-0.2850000),(-0.0772738,-0.0387801,-0.2850000),(-0.0768759,-0.0403401,-0.2850000),(-0.0769963,-0.0404429,-0.2850000),(-0.0772494,-0.0407481,-0.2850000),(-0.0772918,-0.0408174,-0.2850000),(-0.0776601,-0.0406089,-0.2850000),(-0.0772043,-0.0406816,-0.2850000),(-0.0772494,-0.0407481,-0.2850000),(-0.0776601,-0.0406089,-0.2850000),(-0.0771058,-0.0405568,-0.2850000),(-0.0772043,-0.0406816,-0.2850000),(-0.0776601,-0.0406089,-0.2850000),(-0.0769963,-0.0404429,-0.2850000),(-0.0771058,-0.0405568,-0.2850000),(-0.0776601,-0.0406089,-0.2850000),(-0.0769963,-0.0404429,-0.2850000),(-0.0776601,-0.0406089,-0.2850000),(-0.0776022,-0.0405138,-0.2850000),(-0.0769963,-0.0404429,-0.2850000),(-0.0776022,-0.0405138,-0.2850000),(-0.0775405,-0.0404229,-0.2850000),(-0.0769963,-0.0404429,-0.2850000),(-0.0775405,-0.0404229,-0.2850000),(-0.0774752,-0.0403360,-0.2850000),(-0.0769963,-0.0404429,-0.2850000),(-0.0774752,-0.0403360,-0.2850000),(-0.0774061,-0.0402533,-0.2850000),(-0.0769963,-0.0404429,-0.2850000),(-0.0774061,-0.0402533,-0.2850000),(-0.0773334,-0.0401746,-0.2850000),(-0.0769963,-0.0404429,-0.2850000),(-0.0773334,-0.0401746,-0.2850000),(-0.0772569,-0.0401001,-0.2850000),(-0.0769963,-0.0404429,-0.2850000),(-0.0772569,-0.0401001,-0.2850000),(-0.0771767,-0.0400296,-0.2850000),(-0.0769963,-0.0404429,-0.2850000),(-0.0771767,-0.0400296,-0.2850000),(-0.0770928,-0.0399633,-0.2850000),(-0.0772738,-0.0387801,-0.2850000),(-0.0769963,-0.0404429,-0.2850000),(-0.0770928,-0.0399633,-0.2850000),(-0.0772738,-0.0387801,-0.2850000),(-0.0770928,-0.0399633,-0.2850000),(-0.0776485,-0.0389928,-0.2850000),(-0.0772738,-0.0387801,-0.2850000),(-0.0776485,-0.0389928,-0.2850000),(-0.0776760,-0.0388912,-0.2850000),(-0.0772738,-0.0387801,-0.2850000),(-0.0776760,-0.0388912,-0.2850000),(-0.0776696,-0.0388309,-0.2850000),(-0.0772738,-0.0387801,-0.2850000),(-0.0776696,-0.0388309,-0.2850000),(-0.0776305,-0.0387539,-0.2850000),(-0.0772738,-0.0387801,-0.2850000),(-0.0776305,-0.0387539,-0.2850000),(-0.0775680,-0.0386986,-0.2850000),(-0.0772738,-0.0387801,-0.2850000),(-0.0775680,-0.0386986,-0.2850000),(-0.0774633,-0.0386711,-0.2850000),(-0.0772738,-0.0387801,-0.2850000),(-0.0774633,-0.0386711,-0.2850000),(-0.0774029,-0.0386785,-0.2850000),(-0.0772738,-0.0387801,-0.2850000),(-0.0774029,-0.0386785,-0.2850000),(-0.0773304,-0.0387139,-0.2850000),(-0.0677214,-0.0406892,-0.2850000),(-0.0677160,-0.0408216,-0.2850000),(-0.0677160,-0.0425118,-0.2850000),(-0.0677214,-0.0406892,-0.2850000),(-0.0677160,-0.0425118,-0.2850000),(-0.0677213,-0.0426424,-0.2850000),(-0.0677214,-0.0406892,-0.2850000),(-0.0677213,-0.0426424,-0.2850000),(-0.0677372,-0.0427670,-0.2850000),(-0.0677214,-0.0406892,-0.2850000),(-0.0677372,-0.0427670,-0.2850000),(-0.0677638,-0.0428857,-0.2850000),(-0.0677214,-0.0406892,-0.2850000),(-0.0677638,-0.0428857,-0.2850000),(-0.0678009,-0.0429983,-0.2850000),(-0.0677214,-0.0406892,-0.2850000),(-0.0678009,-0.0429983,-0.2850000),(-0.0678487,-0.0431050,-0.2850000),(-0.0677214,-0.0406892,-0.2850000),(-0.0678487,-0.0431050,-0.2850000),(-0.0679071,-0.0432057,-0.2850000),(-0.0677214,-0.0406892,-0.2850000),(-0.0679071,-0.0432057,-0.2850000),(-0.0679761,-0.0433004,-0.2850000),(-0.0677214,-0.0406892,-0.2850000),(-0.0679761,-0.0433004,-0.2850000),(-0.0680557,-0.0433891,-0.2850000),(-0.0677214,-0.0406892,-0.2850000),(-0.0680557,-0.0433891,-0.2850000),(-0.0681324,-0.0434608,-0.2850000),(-0.0677214,-0.0406892,-0.2850000),(-0.0681324,-0.0434608,-0.2850000),(-0.0682122,-0.0435229,-0.2850000),(-0.0677214,-0.0406892,-0.2850000),(-0.0682122,-0.0435229,-0.2850000),(-0.0682950,-0.0435755,-0.2850000),(-0.0682950,-0.0435755,-0.2850000),(-0.0683809,-0.0436185,-0.2850000),(-0.0684699,-0.0436520,-0.2850000),(-0.0682950,-0.0435755,-0.2850000),(-0.0684699,-0.0436520,-0.2850000),(-0.0685620,-0.0436759,-0.2850000),(-0.0682950,-0.0435755,-0.2850000),(-0.0685620,-0.0436759,-0.2850000),(-0.0686571,-0.0436902,-0.2850000),(-0.0682950,-0.0435755,-0.2850000),(-0.0686571,-0.0436902,-0.2850000),(-0.0687553,-0.0436950,-0.2850000),(-0.0682950,-0.0435755,-0.2850000),(-0.0687553,-0.0436950,-0.2850000),(-0.0688524,-0.0436902,-0.2850000),(-0.0682950,-0.0435755,-0.2850000),(-0.0688524,-0.0436902,-0.2850000),(-0.0689468,-0.0436759,-0.2850000),(-0.0682950,-0.0435755,-0.2850000),(-0.0689468,-0.0436759,-0.2850000),(-0.0690385,-0.0436520,-0.2850000),(-0.0682950,-0.0435755,-0.2850000),(-0.0690385,-0.0436520,-0.2850000),(-0.0691276,-0.0436185,-0.2850000),(-0.0682950,-0.0435755,-0.2850000),(-0.0691276,-0.0436185,-0.2850000),(-0.0692139,-0.0435755,-0.2850000),(-0.0682950,-0.0435755,-0.2850000),(-0.0692139,-0.0435755,-0.2850000),(-0.0692976,-0.0435229,-0.2850000),(-0.0682950,-0.0435755,-0.2850000),(-0.0692976,-0.0435229,-0.2850000),(-0.0693786,-0.0434608,-0.2850000),(-0.0682950,-0.0435755,-0.2850000),(-0.0693786,-0.0434608,-0.2850000),(-0.0694570,-0.0433891,-0.2850000),(-0.0682950,-0.0435755,-0.2850000),(-0.0694570,-0.0433891,-0.2850000),(-0.0695366,-0.0433021,-0.2850000),(-0.0682950,-0.0435755,-0.2850000),(-0.0695366,-0.0433021,-0.2850000),(-0.0696056,-0.0432089,-0.2850000),(-0.0682950,-0.0435755,-0.2850000),(-0.0696056,-0.0432089,-0.2850000),(-0.0696640,-0.0431095,-0.2850000),(-0.0682950,-0.0435755,-0.2850000),(-0.0696640,-0.0431095,-0.2850000),(-0.0697118,-0.0430039,-0.2850000),(-0.0682950,-0.0435755,-0.2850000),(-0.0697118,-0.0430039,-0.2850000),(-0.0697489,-0.0428920,-0.2850000),(-0.0697489,-0.0428920,-0.2850000),(-0.0697755,-0.0427740,-0.2850000),(-0.0697914,-0.0426497,-0.2850000),(-0.0697489,-0.0428920,-0.2850000),(-0.0697914,-0.0426497,-0.2850000),(-0.0697967,-0.0425192,-0.2850000),(-0.0697489,-0.0428920,-0.2850000),(-0.0697967,-0.0425192,-0.2850000),(-0.0697967,-0.0425118,-0.2850000),(-0.0697489,-0.0428920,-0.2850000),(-0.0697967,-0.0425118,-0.2850000),(-0.0697967,-0.0408174,-0.2850000),(-0.0697489,-0.0428920,-0.2850000),(-0.0697967,-0.0408174,-0.2850000),(-0.0697914,-0.0406861,-0.2850000),(-0.0697489,-0.0428920,-0.2850000),(-0.0697914,-0.0406861,-0.2850000),(-0.0697755,-0.0405609,-0.2850000),(-0.0697489,-0.0428920,-0.2850000),(-0.0697755,-0.0405609,-0.2850000),(-0.0697489,-0.0404420,-0.2850000),(-0.0697489,-0.0428920,-0.2850000),(-0.0697489,-0.0404420,-0.2850000),(-0.0697118,-0.0403292,-0.2850000),(-0.0697489,-0.0428920,-0.2850000),(-0.0697118,-0.0403292,-0.2850000),(-0.0696640,-0.0402226,-0.2850000),(-0.0697489,-0.0428920,-0.2850000),(-0.0696640,-0.0402226,-0.2850000),(-0.0696056,-0.0401222,-0.2850000),(-0.0697489,-0.0428920,-0.2850000),(-0.0696056,-0.0401222,-0.2850000),(-0.0695366,-0.0400280,-0.2850000),(-0.0697489,-0.0428920,-0.2850000),(-0.0695366,-0.0400280,-0.2850000),(-0.0694570,-0.0399400,-0.2850000),(-0.0694570,-0.0399400,-0.2850000),(-0.0691532,-0.0402363,-0.2850000),(-0.0692472,-0.0403527,-0.2850000),(-0.0694570,-0.0399400,-0.2850000),(-0.0692472,-0.0403527,-0.2850000),(-0.0693144,-0.0404890,-0.2850000),(-0.0694570,-0.0399400,-0.2850000),(-0.0693144,-0.0404890,-0.2850000),(-0.0693546,-0.0406453,-0.2850000),(-0.0697489,-0.0428920,-0.2850000),(-0.0694570,-0.0399400,-0.2850000),(-0.0693546,-0.0406453,-0.2850000),(-0.0697489,-0.0428920,-0.2850000),(-0.0693546,-0.0406453,-0.2850000),(-0.0693647,-0.0407310,-0.2850000),(-0.0697489,-0.0428920,-0.2850000),(-0.0693647,-0.0407310,-0.2850000),(-0.0693681,-0.0408216,-0.2850000),(-0.0697489,-0.0428920,-0.2850000),(-0.0693681,-0.0408216,-0.2850000),(-0.0693681,-0.0425192,-0.2850000),(-0.0697489,-0.0428920,-0.2850000),(-0.0693681,-0.0425192,-0.2850000),(-0.0693648,-0.0426075,-0.2850000),(-0.0697489,-0.0428920,-0.2850000),(-0.0693648,-0.0426075,-0.2850000),(-0.0693548,-0.0426909,-0.2850000),(-0.0697489,-0.0428920,-0.2850000),(-0.0693548,-0.0426909,-0.2850000),(-0.0693382,-0.0427694,-0.2850000),(-0.0697489,-0.0428920,-0.2850000),(-0.0693382,-0.0427694,-0.2850000),(-0.0693149,-0.0428430,-0.2850000),(-0.0697489,-0.0428920,-0.2850000),(-0.0693149,-0.0428430,-0.2850000),(-0.0692484,-0.0429756,-0.2850000),(-0.0697489,-0.0428920,-0.2850000),(-0.0692484,-0.0429756,-0.2850000),(-0.0691553,-0.0430886,-0.2850000),(-0.0697489,-0.0428920,-0.2850000),(-0.0691553,-0.0430886,-0.2850000),(-0.0690601,-0.0431673,-0.2850000),(-0.0697489,-0.0428920,-0.2850000),(-0.0690601,-0.0431673,-0.2850000),(-0.0689617,-0.0432235,-0.2850000),(-0.0682950,-0.0435755,-0.2850000),(-0.0697489,-0.0428920,-0.2850000),(-0.0689617,-0.0432235,-0.2850000),(-0.0682950,-0.0435755,-0.2850000),(-0.0689617,-0.0432235,-0.2850000),(-0.0688601,-0.0432572,-0.2850000),(-0.0682950,-0.0435755,-0.2850000),(-0.0688601,-0.0432572,-0.2850000),(-0.0687553,-0.0432685,-0.2850000),(-0.0682950,-0.0435755,-0.2850000),(-0.0687553,-0.0432685,-0.2850000),(-0.0686462,-0.0432572,-0.2850000),(-0.0682950,-0.0435755,-0.2850000),(-0.0686462,-0.0432572,-0.2850000),(-0.0685434,-0.0432235,-0.2850000),(-0.0682950,-0.0435755,-0.2850000),(-0.0685434,-0.0432235,-0.2850000),(-0.0684467,-0.0431673,-0.2850000),(-0.0682950,-0.0435755,-0.2850000),(-0.0684467,-0.0431673,-0.2850000),(-0.0683563,-0.0430886,-0.2850000),(-0.0682950,-0.0435755,-0.2850000),(-0.0683563,-0.0430886,-0.2850000),(-0.0682632,-0.0429700,-0.2850000),(-0.0682950,-0.0435755,-0.2850000),(-0.0682632,-0.0429700,-0.2850000),(-0.0681968,-0.0428343,-0.2850000),(-0.0682950,-0.0435755,-0.2850000),(-0.0681968,-0.0428343,-0.2850000),(-0.0681569,-0.0426816,-0.2850000),(-0.0677214,-0.0406892,-0.2850000),(-0.0682950,-0.0435755,-0.2850000),(-0.0681569,-0.0426816,-0.2850000),(-0.0677214,-0.0406892,-0.2850000),(-0.0681569,-0.0426816,-0.2850000),(-0.0681469,-0.0425988,-0.2850000),(-0.0677214,-0.0406892,-0.2850000),(-0.0681469,-0.0425988,-0.2850000),(-0.0681436,-0.0425118,-0.2850000),(-0.0677214,-0.0406892,-0.2850000),(-0.0681436,-0.0425118,-0.2850000),(-0.0681436,-0.0408216,-0.2850000),(-0.0677214,-0.0406892,-0.2850000),(-0.0681436,-0.0408216,-0.2850000),(-0.0681469,-0.0407320,-0.2850000),(-0.0677214,-0.0406892,-0.2850000),(-0.0681469,-0.0407320,-0.2850000),(-0.0681569,-0.0406472,-0.2850000),(-0.0677214,-0.0406892,-0.2850000),(-0.0681569,-0.0406472,-0.2850000),(-0.0681735,-0.0405673,-0.2850000),(-0.0677214,-0.0406892,-0.2850000),(-0.0681735,-0.0405673,-0.2850000),(-0.0681968,-0.0404922,-0.2850000),(-0.0677214,-0.0406892,-0.2850000),(-0.0681968,-0.0404922,-0.2850000),(-0.0682632,-0.0403567,-0.2850000),(-0.0677214,-0.0406892,-0.2850000),(-0.0682632,-0.0403567,-0.2850000),(-0.0683563,-0.0402406,-0.2850000),(-0.0677214,-0.0406892,-0.2850000),(-0.0683563,-0.0402406,-0.2850000),(-0.0684475,-0.0401628,-0.2850000),(-0.0690617,-0.0401604,-0.2850000),(-0.0691532,-0.0402363,-0.2850000),(-0.0694570,-0.0399400,-0.2850000),(-0.0689648,-0.0401062,-0.2850000),(-0.0690617,-0.0401604,-0.2850000),(-0.0694570,-0.0399400,-0.2850000),(-0.0688627,-0.0400736,-0.2850000),(-0.0689648,-0.0401062,-0.2850000),(-0.0694570,-0.0399400,-0.2850000),(-0.0687553,-0.0400628,-0.2850000),(-0.0688627,-0.0400736,-0.2850000),(-0.0694570,-0.0399400,-0.2850000),(-0.0686470,-0.0400739,-0.2850000),(-0.0687553,-0.0400628,-0.2850000),(-0.0694570,-0.0399400,-0.2850000),(-0.0686470,-0.0400739,-0.2850000),(-0.0694570,-0.0399400,-0.2850000),(-0.0693801,-0.0398693,-0.2850000),(-0.0686470,-0.0400739,-0.2850000),(-0.0693801,-0.0398693,-0.2850000),(-0.0693003,-0.0398080,-0.2850000),(-0.0685444,-0.0401072,-0.2850000),(-0.0686470,-0.0400739,-0.2850000),(-0.0693003,-0.0398080,-0.2850000),(-0.0685444,-0.0401072,-0.2850000),(-0.0693003,-0.0398080,-0.2850000),(-0.0692175,-0.0397562,-0.2850000),(-0.0685444,-0.0401072,-0.2850000),(-0.0692175,-0.0397562,-0.2850000),(-0.0691318,-0.0397138,-0.2850000),(-0.0684475,-0.0401628,-0.2850000),(-0.0685444,-0.0401072,-0.2850000),(-0.0691318,-0.0397138,-0.2850000),(-0.0684475,-0.0401628,-0.2850000),(-0.0691318,-0.0397138,-0.2850000),(-0.0690431,-0.0396808,-0.2850000),(-0.0677214,-0.0406892,-0.2850000),(-0.0684475,-0.0401628,-0.2850000),(-0.0690431,-0.0396808,-0.2850000),(-0.0677214,-0.0406892,-0.2850000),(-0.0690431,-0.0396808,-0.2850000),(-0.0689516,-0.0396572,-0.2850000),(-0.0677214,-0.0406892,-0.2850000),(-0.0689516,-0.0396572,-0.2850000),(-0.0688570,-0.0396431,-0.2850000),(-0.0677214,-0.0406892,-0.2850000),(-0.0688570,-0.0396431,-0.2850000),(-0.0687595,-0.0396384,-0.2850000),(-0.0677214,-0.0406892,-0.2850000),(-0.0687595,-0.0396384,-0.2850000),(-0.0686604,-0.0396430,-0.2850000),(-0.0677214,-0.0406892,-0.2850000),(-0.0686604,-0.0396430,-0.2850000),(-0.0685645,-0.0396569,-0.2850000),(-0.0677214,-0.0406892,-0.2850000),(-0.0685645,-0.0396569,-0.2850000),(-0.0684718,-0.0396801,-0.2850000),(-0.0677214,-0.0406892,-0.2850000),(-0.0684718,-0.0396801,-0.2850000),(-0.0683825,-0.0397125,-0.2850000),(-0.0677214,-0.0406892,-0.2850000),(-0.0683825,-0.0397125,-0.2850000),(-0.0682964,-0.0397541,-0.2850000),(-0.0677214,-0.0406892,-0.2850000),(-0.0682964,-0.0397541,-0.2850000),(-0.0682136,-0.0398051,-0.2850000),(-0.0677214,-0.0406892,-0.2850000),(-0.0682136,-0.0398051,-0.2850000),(-0.0681341,-0.0398653,-0.2850000),(-0.0677214,-0.0406892,-0.2850000),(-0.0681341,-0.0398653,-0.2850000),(-0.0680579,-0.0399347,-0.2850000),(-0.0677214,-0.0406892,-0.2850000),(-0.0680579,-0.0399347,-0.2850000),(-0.0679777,-0.0400240,-0.2850000),(-0.0677214,-0.0406892,-0.2850000),(-0.0679777,-0.0400240,-0.2850000),(-0.0679083,-0.0401195,-0.2850000),(-0.0677214,-0.0406892,-0.2850000),(-0.0679083,-0.0401195,-0.2850000),(-0.0678495,-0.0402212,-0.2850000),(-0.0677214,-0.0406892,-0.2850000),(-0.0678495,-0.0402212,-0.2850000),(-0.0678015,-0.0403289,-0.2850000),(-0.0677214,-0.0406892,-0.2850000),(-0.0678015,-0.0403289,-0.2850000),(-0.0677641,-0.0404429,-0.2850000),(-0.0677214,-0.0406892,-0.2850000),(-0.0677641,-0.0404429,-0.2850000),(-0.0677374,-0.0405630,-0.2850000),(-0.0713112,-0.0406892,-0.2850000),(-0.0713059,-0.0408216,-0.2850000),(-0.0713059,-0.0425118,-0.2850000),(-0.0713112,-0.0406892,-0.2850000),(-0.0713059,-0.0425118,-0.2850000),(-0.0713112,-0.0426424,-0.2850000),(-0.0713112,-0.0406892,-0.2850000),(-0.0713112,-0.0426424,-0.2850000),(-0.0713271,-0.0427670,-0.2850000),(-0.0713112,-0.0406892,-0.2850000),(-0.0713271,-0.0427670,-0.2850000),(-0.0713537,-0.0428857,-0.2850000),(-0.0713112,-0.0406892,-0.2850000),(-0.0713537,-0.0428857,-0.2850000),(-0.0713908,-0.0429983,-0.2850000),(-0.0713112,-0.0406892,-0.2850000),(-0.0713908,-0.0429983,-0.2850000),(-0.0714386,-0.0431050,-0.2850000),(-0.0713112,-0.0406892,-0.2850000),(-0.0714386,-0.0431050,-0.2850000),(-0.0714970,-0.0432057,-0.2850000),(-0.0713112,-0.0406892,-0.2850000),(-0.0714970,-0.0432057,-0.2850000),(-0.0715660,-0.0433004,-0.2850000),(-0.0713112,-0.0406892,-0.2850000),(-0.0715660,-0.0433004,-0.2850000),(-0.0716456,-0.0433891,-0.2850000),(-0.0713112,-0.0406892,-0.2850000),(-0.0716456,-0.0433891,-0.2850000),(-0.0717223,-0.0434608,-0.2850000),(-0.0713112,-0.0406892,-0.2850000),(-0.0717223,-0.0434608,-0.2850000),(-0.0718020,-0.0435229,-0.2850000),(-0.0713112,-0.0406892,-0.2850000),(-0.0718020,-0.0435229,-0.2850000),(-0.0718849,-0.0435755,-0.2850000),(-0.0718849,-0.0435755,-0.2850000),(-0.0719708,-0.0436185,-0.2850000),(-0.0720598,-0.0436520,-0.2850000),(-0.0718849,-0.0435755,-0.2850000),(-0.0720598,-0.0436520,-0.2850000),(-0.0721518,-0.0436759,-0.2850000),(-0.0718849,-0.0435755,-0.2850000),(-0.0721518,-0.0436759,-0.2850000),(-0.0722470,-0.0436902,-0.2850000),(-0.0718849,-0.0435755,-0.2850000),(-0.0722470,-0.0436902,-0.2850000),(-0.0723452,-0.0436950,-0.2850000),(-0.0718849,-0.0435755,-0.2850000),(-0.0723452,-0.0436950,-0.2850000),(-0.0724423,-0.0436902,-0.2850000),(-0.0718849,-0.0435755,-0.2850000),(-0.0724423,-0.0436902,-0.2850000),(-0.0725367,-0.0436759,-0.2850000),(-0.0718849,-0.0435755,-0.2850000),(-0.0725367,-0.0436759,-0.2850000),(-0.0726284,-0.0436520,-0.2850000),(-0.0718849,-0.0435755,-0.2850000),(-0.0726284,-0.0436520,-0.2850000),(-0.0727174,-0.0436185,-0.2850000),(-0.0718849,-0.0435755,-0.2850000),(-0.0727174,-0.0436185,-0.2850000),(-0.0728038,-0.0435755,-0.2850000),(-0.0718849,-0.0435755,-0.2850000),(-0.0728038,-0.0435755,-0.2850000),(-0.0728875,-0.0435229,-0.2850000),(-0.0718849,-0.0435755,-0.2850000),(-0.0728875,-0.0435229,-0.2850000),(-0.0729685,-0.0434608,-0.2850000),(-0.0718849,-0.0435755,-0.2850000),(-0.0729685,-0.0434608,-0.2850000),(-0.0730468,-0.0433891,-0.2850000),(-0.0718849,-0.0435755,-0.2850000),(-0.0730468,-0.0433891,-0.2850000),(-0.0731265,-0.0433021,-0.2850000),(-0.0718849,-0.0435755,-0.2850000),(-0.0731265,-0.0433021,-0.2850000),(-0.0731955,-0.0432089,-0.2850000),(-0.0718849,-0.0435755,-0.2850000),(-0.0731955,-0.0432089,-0.2850000),(-0.0732539,-0.0431095,-0.2850000),(-0.0718849,-0.0435755,-0.2850000),(-0.0732539,-0.0431095,-0.2850000),(-0.0733016,-0.0430039,-0.2850000),(-0.0718849,-0.0435755,-0.2850000),(-0.0733016,-0.0430039,-0.2850000),(-0.0733388,-0.0428920,-0.2850000),(-0.0733388,-0.0428920,-0.2850000),(-0.0733653,-0.0427740,-0.2850000),(-0.0733813,-0.0426497,-0.2850000),(-0.0733388,-0.0428920,-0.2850000),(-0.0733813,-0.0426497,-0.2850000),(-0.0733866,-0.0425192,-0.2850000),(-0.0733388,-0.0428920,-0.2850000),(-0.0733866,-0.0425192,-0.2850000),(-0.0733866,-0.0425118,-0.2850000),(-0.0733388,-0.0428920,-0.2850000),(-0.0733866,-0.0425118,-0.2850000),(-0.0733866,-0.0408174,-0.2850000),(-0.0733388,-0.0428920,-0.2850000),(-0.0733866,-0.0408174,-0.2850000),(-0.0733813,-0.0406861,-0.2850000),(-0.0733388,-0.0428920,-0.2850000),(-0.0733813,-0.0406861,-0.2850000),(-0.0733653,-0.0405609,-0.2850000),(-0.0733388,-0.0428920,-0.2850000),(-0.0733653,-0.0405609,-0.2850000),(-0.0733388,-0.0404420,-0.2850000),(-0.0733388,-0.0428920,-0.2850000),(-0.0733388,-0.0404420,-0.2850000),(-0.0733016,-0.0403292,-0.2850000),(-0.0733388,-0.0428920,-0.2850000),(-0.0733016,-0.0403292,-0.2850000),(-0.0732539,-0.0402226,-0.2850000),(-0.0733388,-0.0428920,-0.2850000),(-0.0732539,-0.0402226,-0.2850000),(-0.0731955,-0.0401222,-0.2850000),(-0.0733388,-0.0428920,-0.2850000),(-0.0731955,-0.0401222,-0.2850000),(-0.0731265,-0.0400280,-0.2850000),(-0.0733388,-0.0428920,-0.2850000),(-0.0731265,-0.0400280,-0.2850000),(-0.0730468,-0.0399400,-0.2850000),(-0.0730468,-0.0399400,-0.2850000),(-0.0727431,-0.0402363,-0.2850000),(-0.0728371,-0.0403527,-0.2850000),(-0.0730468,-0.0399400,-0.2850000),(-0.0728371,-0.0403527,-0.2850000),(-0.0729042,-0.0404890,-0.2850000),(-0.0730468,-0.0399400,-0.2850000),(-0.0729042,-0.0404890,-0.2850000),(-0.0729445,-0.0406453,-0.2850000),(-0.0733388,-0.0428920,-0.2850000),(-0.0730468,-0.0399400,-0.2850000),(-0.0729445,-0.0406453,-0.2850000),(-0.0733388,-0.0428920,-0.2850000),(-0.0729445,-0.0406453,-0.2850000),(-0.0729546,-0.0407310,-0.2850000),(-0.0733388,-0.0428920,-0.2850000),(-0.0729546,-0.0407310,-0.2850000),(-0.0729579,-0.0408216,-0.2850000),(-0.0733388,-0.0428920,-0.2850000),(-0.0729579,-0.0408216,-0.2850000),(-0.0729579,-0.0425192,-0.2850000),(-0.0733388,-0.0428920,-0.2850000),(-0.0729579,-0.0425192,-0.2850000),(-0.0729546,-0.0426075,-0.2850000),(-0.0733388,-0.0428920,-0.2850000),(-0.0729546,-0.0426075,-0.2850000),(-0.0729446,-0.0426909,-0.2850000),(-0.0733388,-0.0428920,-0.2850000),(-0.0729446,-0.0426909,-0.2850000),(-0.0729280,-0.0427694,-0.2850000),(-0.0733388,-0.0428920,-0.2850000),(-0.0729280,-0.0427694,-0.2850000),(-0.0729048,-0.0428430,-0.2850000),(-0.0733388,-0.0428920,-0.2850000),(-0.0729048,-0.0428430,-0.2850000),(-0.0728383,-0.0429756,-0.2850000),(-0.0733388,-0.0428920,-0.2850000),(-0.0728383,-0.0429756,-0.2850000),(-0.0727452,-0.0430886,-0.2850000),(-0.0733388,-0.0428920,-0.2850000),(-0.0727452,-0.0430886,-0.2850000),(-0.0726500,-0.0431673,-0.2850000),(-0.0733388,-0.0428920,-0.2850000),(-0.0726500,-0.0431673,-0.2850000),(-0.0725515,-0.0432235,-0.2850000),(-0.0718849,-0.0435755,-0.2850000),(-0.0733388,-0.0428920,-0.2850000),(-0.0725515,-0.0432235,-0.2850000),(-0.0718849,-0.0435755,-0.2850000),(-0.0725515,-0.0432235,-0.2850000),(-0.0724499,-0.0432572,-0.2850000),(-0.0718849,-0.0435755,-0.2850000),(-0.0724499,-0.0432572,-0.2850000),(-0.0723452,-0.0432685,-0.2850000),(-0.0718849,-0.0435755,-0.2850000),(-0.0723452,-0.0432685,-0.2850000),(-0.0722361,-0.0432572,-0.2850000),(-0.0718849,-0.0435755,-0.2850000),(-0.0722361,-0.0432572,-0.2850000),(-0.0721332,-0.0432235,-0.2850000),(-0.0718849,-0.0435755,-0.2850000),(-0.0721332,-0.0432235,-0.2850000),(-0.0720366,-0.0431673,-0.2850000),(-0.0718849,-0.0435755,-0.2850000),(-0.0720366,-0.0431673,-0.2850000),(-0.0719462,-0.0430886,-0.2850000),(-0.0718849,-0.0435755,-0.2850000),(-0.0719462,-0.0430886,-0.2850000),(-0.0718531,-0.0429700,-0.2850000),(-0.0718849,-0.0435755,-0.2850000),(-0.0718531,-0.0429700,-0.2850000),(-0.0717866,-0.0428343,-0.2850000),(-0.0718849,-0.0435755,-0.2850000),(-0.0717866,-0.0428343,-0.2850000),(-0.0717467,-0.0426816,-0.2850000),(-0.0713112,-0.0406892,-0.2850000),(-0.0718849,-0.0435755,-0.2850000),(-0.0717467,-0.0426816,-0.2850000),(-0.0713112,-0.0406892,-0.2850000),(-0.0717467,-0.0426816,-0.2850000),(-0.0717368,-0.0425988,-0.2850000),(-0.0713112,-0.0406892,-0.2850000),(-0.0717368,-0.0425988,-0.2850000),(-0.0717334,-0.0425118,-0.2850000),(-0.0713112,-0.0406892,-0.2850000),(-0.0717334,-0.0425118,-0.2850000),(-0.0717334,-0.0408216,-0.2850000),(-0.0713112,-0.0406892,-0.2850000),(-0.0717334,-0.0408216,-0.2850000),(-0.0717368,-0.0407320,-0.2850000),(-0.0713112,-0.0406892,-0.2850000),(-0.0717368,-0.0407320,-0.2850000),(-0.0717467,-0.0406472,-0.2850000),(-0.0713112,-0.0406892,-0.2850000),(-0.0717467,-0.0406472,-0.2850000),(-0.0717634,-0.0405673,-0.2850000),(-0.0713112,-0.0406892,-0.2850000),(-0.0717634,-0.0405673,-0.2850000),(-0.0717866,-0.0404922,-0.2850000),(-0.0713112,-0.0406892,-0.2850000),(-0.0717866,-0.0404922,-0.2850000),(-0.0718531,-0.0403567,-0.2850000),(-0.0713112,-0.0406892,-0.2850000),(-0.0718531,-0.0403567,-0.2850000),(-0.0719462,-0.0402406,-0.2850000),(-0.0713112,-0.0406892,-0.2850000),(-0.0719462,-0.0402406,-0.2850000),(-0.0720374,-0.0401628,-0.2850000),(-0.0726516,-0.0401604,-0.2850000),(-0.0727431,-0.0402363,-0.2850000),(-0.0730468,-0.0399400,-0.2850000),(-0.0725547,-0.0401062,-0.2850000),(-0.0726516,-0.0401604,-0.2850000),(-0.0730468,-0.0399400,-0.2850000),(-0.0724526,-0.0400736,-0.2850000),(-0.0725547,-0.0401062,-0.2850000),(-0.0730468,-0.0399400,-0.2850000),(-0.0723452,-0.0400628,-0.2850000),(-0.0724526,-0.0400736,-0.2850000),(-0.0730468,-0.0399400,-0.2850000),(-0.0722369,-0.0400739,-0.2850000),(-0.0723452,-0.0400628,-0.2850000),(-0.0730468,-0.0399400,-0.2850000),(-0.0722369,-0.0400739,-0.2850000),(-0.0730468,-0.0399400,-0.2850000),(-0.0729700,-0.0398693,-0.2850000),(-0.0722369,-0.0400739,-0.2850000),(-0.0729700,-0.0398693,-0.2850000),(-0.0728901,-0.0398080,-0.2850000),(-0.0721343,-0.0401072,-0.2850000),(-0.0722369,-0.0400739,-0.2850000),(-0.0728901,-0.0398080,-0.2850000),(-0.0721343,-0.0401072,-0.2850000),(-0.0728901,-0.0398080,-0.2850000),(-0.0728074,-0.0397562,-0.2850000),(-0.0721343,-0.0401072,-0.2850000),(-0.0728074,-0.0397562,-0.2850000),(-0.0727217,-0.0397138,-0.2850000),(-0.0720374,-0.0401628,-0.2850000),(-0.0721343,-0.0401072,-0.2850000),(-0.0727217,-0.0397138,-0.2850000),(-0.0720374,-0.0401628,-0.2850000),(-0.0727217,-0.0397138,-0.2850000),(-0.0726330,-0.0396808,-0.2850000),(-0.0713112,-0.0406892,-0.2850000),(-0.0720374,-0.0401628,-0.2850000),(-0.0726330,-0.0396808,-0.2850000),(-0.0713112,-0.0406892,-0.2850000),(-0.0726330,-0.0396808,-0.2850000),(-0.0725414,-0.0396572,-0.2850000),(-0.0713112,-0.0406892,-0.2850000),(-0.0725414,-0.0396572,-0.2850000),(-0.0724469,-0.0396431,-0.2850000),(-0.0713112,-0.0406892,-0.2850000),(-0.0724469,-0.0396431,-0.2850000),(-0.0723494,-0.0396384,-0.2850000),(-0.0713112,-0.0406892,-0.2850000),(-0.0723494,-0.0396384,-0.2850000),(-0.0722502,-0.0396430,-0.2850000),(-0.0713112,-0.0406892,-0.2850000),(-0.0722502,-0.0396430,-0.2850000),(-0.0721543,-0.0396569,-0.2850000),(-0.0713112,-0.0406892,-0.2850000),(-0.0721543,-0.0396569,-0.2850000),(-0.0720617,-0.0396801,-0.2850000),(-0.0713112,-0.0406892,-0.2850000),(-0.0720617,-0.0396801,-0.2850000),(-0.0719724,-0.0397125,-0.2850000),(-0.0713112,-0.0406892,-0.2850000),(-0.0719724,-0.0397125,-0.2850000),(-0.0718863,-0.0397541,-0.2850000),(-0.0713112,-0.0406892,-0.2850000),(-0.0718863,-0.0397541,-0.2850000),(-0.0718035,-0.0398051,-0.2850000),(-0.0713112,-0.0406892,-0.2850000),(-0.0718035,-0.0398051,-0.2850000),(-0.0717240,-0.0398653,-0.2850000),(-0.0713112,-0.0406892,-0.2850000),(-0.0717240,-0.0398653,-0.2850000),(-0.0716477,-0.0399347,-0.2850000),(-0.0713112,-0.0406892,-0.2850000),(-0.0716477,-0.0399347,-0.2850000),(-0.0715676,-0.0400240,-0.2850000),(-0.0713112,-0.0406892,-0.2850000),(-0.0715676,-0.0400240,-0.2850000),(-0.0714982,-0.0401195,-0.2850000),(-0.0713112,-0.0406892,-0.2850000),(-0.0714982,-0.0401195,-0.2850000),(-0.0714394,-0.0402212,-0.2850000),(-0.0713112,-0.0406892,-0.2850000),(-0.0714394,-0.0402212,-0.2850000),(-0.0713913,-0.0403289,-0.2850000),(-0.0713112,-0.0406892,-0.2850000),(-0.0713913,-0.0403289,-0.2850000),(-0.0713540,-0.0404429,-0.2850000),(-0.0713112,-0.0406892,-0.2850000),(-0.0713540,-0.0404429,-0.2850000),(-0.0713272,-0.0405630,-0.2850000),(-0.0664534,-0.0400628,-0.2850000),(-0.0652818,-0.0416535,-0.2850000),(-0.0652174,-0.0417472,-0.2850000),(-0.0664534,-0.0400628,-0.2850000),(-0.0652174,-0.0417472,-0.2850000),(-0.0651615,-0.0418448,-0.2850000),(-0.0664534,-0.0400628,-0.2850000),(-0.0651615,-0.0418448,-0.2850000),(-0.0651142,-0.0419463,-0.2850000),(-0.0664534,-0.0400628,-0.2850000),(-0.0651142,-0.0419463,-0.2850000),(-0.0650755,-0.0420516,-0.2850000),(-0.0664534,-0.0400628,-0.2850000),(-0.0650755,-0.0420516,-0.2850000),(-0.0650454,-0.0421609,-0.2850000),(-0.0664534,-0.0400628,-0.2850000),(-0.0650454,-0.0421609,-0.2850000),(-0.0650239,-0.0422740,-0.2850000),(-0.0664534,-0.0400628,-0.2850000),(-0.0650239,-0.0422740,-0.2850000),(-0.0650110,-0.0423909,-0.2850000),(-0.0664534,-0.0400628,-0.2850000),(-0.0650110,-0.0423909,-0.2850000),(-0.0650067,-0.0425118,-0.2850000),(-0.0664534,-0.0400628,-0.2850000),(-0.0650067,-0.0425118,-0.2850000),(-0.0650118,-0.0426367,-0.2850000),(-0.0664534,-0.0400628,-0.2850000),(-0.0650118,-0.0426367,-0.2850000),(-0.0650272,-0.0427571,-0.2850000),(-0.0664534,-0.0400628,-0.2850000),(-0.0650272,-0.0427571,-0.2850000),(-0.0650528,-0.0428729,-0.2850000),(-0.0664534,-0.0400628,-0.2850000),(-0.0650528,-0.0428729,-0.2850000),(-0.0650887,-0.0429840,-0.2850000),(-0.0650887,-0.0429840,-0.2850000),(-0.0651348,-0.0430906,-0.2850000),(-0.0651912,-0.0431926,-0.2850000),(-0.0650887,-0.0429840,-0.2850000),(-0.0651912,-0.0431926,-0.2850000),(-0.0652579,-0.0432900,-0.2850000),(-0.0650887,-0.0429840,-0.2850000),(-0.0652579,-0.0432900,-0.2850000),(-0.0653348,-0.0433828,-0.2850000),(-0.0650887,-0.0429840,-0.2850000),(-0.0653348,-0.0433828,-0.2850000),(-0.0654077,-0.0434559,-0.2850000),(-0.0650887,-0.0429840,-0.2850000),(-0.0654077,-0.0434559,-0.2850000),(-0.0654850,-0.0435194,-0.2850000),(-0.0650887,-0.0429840,-0.2850000),(-0.0654850,-0.0435194,-0.2850000),(-0.0655669,-0.0435730,-0.2850000),(-0.0650887,-0.0429840,-0.2850000),(-0.0655669,-0.0435730,-0.2850000),(-0.0656533,-0.0436169,-0.2850000),(-0.0650887,-0.0429840,-0.2850000),(-0.0656533,-0.0436169,-0.2850000),(-0.0657442,-0.0436511,-0.2850000),(-0.0650887,-0.0429840,-0.2850000),(-0.0657442,-0.0436511,-0.2850000),(-0.0658396,-0.0436755,-0.2850000),(-0.0650887,-0.0429840,-0.2850000),(-0.0658396,-0.0436755,-0.2850000),(-0.0659395,-0.0436901,-0.2850000),(-0.0650887,-0.0429840,-0.2850000),(-0.0659395,-0.0436901,-0.2850000),(-0.0660438,-0.0436950,-0.2850000),(-0.0650887,-0.0429840,-0.2850000),(-0.0660438,-0.0436950,-0.2850000),(-0.0661424,-0.0436902,-0.2850000),(-0.0650887,-0.0429840,-0.2850000),(-0.0661424,-0.0436902,-0.2850000),(-0.0662379,-0.0436759,-0.2850000),(-0.0650887,-0.0429840,-0.2850000),(-0.0662379,-0.0436759,-0.2850000),(-0.0663303,-0.0436520,-0.2850000),(-0.0650887,-0.0429840,-0.2850000),(-0.0663303,-0.0436520,-0.2850000),(-0.0664198,-0.0436185,-0.2850000),(-0.0650887,-0.0429840,-0.2850000),(-0.0664198,-0.0436185,-0.2850000),(-0.0665063,-0.0435755,-0.2850000),(-0.0650887,-0.0429840,-0.2850000),(-0.0665063,-0.0435755,-0.2850000),(-0.0665898,-0.0435229,-0.2850000),(-0.0665898,-0.0435229,-0.2850000),(-0.0666702,-0.0434608,-0.2850000),(-0.0667476,-0.0433891,-0.2850000),(-0.0665898,-0.0435229,-0.2850000),(-0.0667476,-0.0433891,-0.2850000),(-0.0668268,-0.0433026,-0.2850000),(-0.0665898,-0.0435229,-0.2850000),(-0.0668268,-0.0433026,-0.2850000),(-0.0668953,-0.0432097,-0.2850000),(-0.0665898,-0.0435229,-0.2850000),(-0.0668953,-0.0432097,-0.2850000),(-0.0669534,-0.0431105,-0.2850000),(-0.0665898,-0.0435229,-0.2850000),(-0.0669534,-0.0431105,-0.2850000),(-0.0670008,-0.0430049,-0.2850000),(-0.0665898,-0.0435229,-0.2850000),(-0.0670008,-0.0430049,-0.2850000),(-0.0670378,-0.0428930,-0.2850000),(-0.0665898,-0.0435229,-0.2850000),(-0.0670378,-0.0428930,-0.2850000),(-0.0670641,-0.0427748,-0.2850000),(-0.0665898,-0.0435229,-0.2850000),(-0.0670641,-0.0427748,-0.2850000),(-0.0670800,-0.0426501,-0.2850000),(-0.0665898,-0.0435229,-0.2850000),(-0.0670800,-0.0426501,-0.2850000),(-0.0670852,-0.0425192,-0.2850000),(-0.0665898,-0.0435229,-0.2850000),(-0.0670852,-0.0425192,-0.2850000),(-0.0670852,-0.0425139,-0.2850000),(-0.0665898,-0.0435229,-0.2850000),(-0.0670852,-0.0425139,-0.2850000),(-0.0670696,-0.0424324,-0.2850000),(-0.0665898,-0.0435229,-0.2850000),(-0.0670696,-0.0424324,-0.2850000),(-0.0670228,-0.0423636,-0.2850000),(-0.0665898,-0.0435229,-0.2850000),(-0.0670228,-0.0423636,-0.2850000),(-0.0669540,-0.0423168,-0.2850000),(-0.0665898,-0.0435229,-0.2850000),(-0.0669540,-0.0423168,-0.2850000),(-0.0668725,-0.0423012,-0.2850000),(-0.0665898,-0.0435229,-0.2850000),(-0.0668725,-0.0423012,-0.2850000),(-0.0667910,-0.0423168,-0.2850000),(-0.0665898,-0.0435229,-0.2850000),(-0.0667910,-0.0423168,-0.2850000),(-0.0667222,-0.0423636,-0.2850000),(-0.0665898,-0.0435229,-0.2850000),(-0.0667222,-0.0423636,-0.2850000),(-0.0666746,-0.0424324,-0.2850000),(-0.0666746,-0.0424324,-0.2850000),(-0.0666587,-0.0425139,-0.2850000),(-0.0666587,-0.0425192,-0.2850000),(-0.0666746,-0.0424324,-0.2850000),(-0.0666587,-0.0425192,-0.2850000),(-0.0666554,-0.0426061,-0.2850000),(-0.0665898,-0.0435229,-0.2850000),(-0.0666746,-0.0424324,-0.2850000),(-0.0666554,-0.0426061,-0.2850000),(-0.0665898,-0.0435229,-0.2850000),(-0.0666554,-0.0426061,-0.2850000),(-0.0666454,-0.0426885,-0.2850000),(-0.0665898,-0.0435229,-0.2850000),(-0.0666454,-0.0426885,-0.2850000),(-0.0666288,-0.0427664,-0.2850000),(-0.0665898,-0.0435229,-0.2850000),(-0.0666288,-0.0427664,-0.2850000),(-0.0666056,-0.0428398,-0.2850000),(-0.0665898,-0.0435229,-0.2850000),(-0.0666056,-0.0428398,-0.2850000),(-0.0665391,-0.0429732,-0.2850000),(-0.0665898,-0.0435229,-0.2850000),(-0.0665391,-0.0429732,-0.2850000),(-0.0664460,-0.0430886,-0.2850000),(-0.0665898,-0.0435229,-0.2850000),(-0.0664460,-0.0430886,-0.2850000),(-0.0663551,-0.0431673,-0.2850000),(-0.0665898,-0.0435229,-0.2850000),(-0.0663551,-0.0431673,-0.2850000),(-0.0662582,-0.0432235,-0.2850000),(-0.0665898,-0.0435229,-0.2850000),(-0.0662582,-0.0432235,-0.2850000),(-0.0661551,-0.0432572,-0.2850000),(-0.0665898,-0.0435229,-0.2850000),(-0.0661551,-0.0432572,-0.2850000),(-0.0660460,-0.0432685,-0.2850000),(-0.0665898,-0.0435229,-0.2850000),(-0.0660460,-0.0432685,-0.2850000),(-0.0659327,-0.0432576,-0.2850000),(-0.0665898,-0.0435229,-0.2850000),(-0.0659327,-0.0432576,-0.2850000),(-0.0658290,-0.0432251,-0.2850000),(-0.0650887,-0.0429840,-0.2850000),(-0.0665898,-0.0435229,-0.2850000),(-0.0658290,-0.0432251,-0.2850000),(-0.0650887,-0.0429840,-0.2850000),(-0.0658290,-0.0432251,-0.2850000),(-0.0657348,-0.0431708,-0.2850000),(-0.0650887,-0.0429840,-0.2850000),(-0.0657348,-0.0431708,-0.2850000),(-0.0656501,-0.0430949,-0.2850000),(-0.0650887,-0.0429840,-0.2850000),(-0.0656501,-0.0430949,-0.2850000),(-0.0655986,-0.0430337,-0.2850000),(-0.0650887,-0.0429840,-0.2850000),(-0.0655986,-0.0430337,-0.2850000),(-0.0655538,-0.0429693,-0.2850000),(-0.0650887,-0.0429840,-0.2850000),(-0.0655538,-0.0429693,-0.2850000),(-0.0654850,-0.0428306,-0.2850000),(-0.0650887,-0.0429840,-0.2850000),(-0.0654850,-0.0428306,-0.2850000),(-0.0654438,-0.0426788,-0.2850000),(-0.0650887,-0.0429840,-0.2850000),(-0.0654438,-0.0426788,-0.2850000),(-0.0654335,-0.0425980,-0.2850000),(-0.0650887,-0.0429840,-0.2850000),(-0.0654335,-0.0425980,-0.2850000),(-0.0654300,-0.0425139,-0.2850000),(-0.0650887,-0.0429840,-0.2850000),(-0.0654300,-0.0425139,-0.2850000),(-0.0654329,-0.0424272,-0.2850000),(-0.0650887,-0.0429840,-0.2850000),(-0.0654329,-0.0424272,-0.2850000),(-0.0654417,-0.0423437,-0.2850000),(-0.0650887,-0.0429840,-0.2850000),(-0.0654417,-0.0423437,-0.2850000),(-0.0654564,-0.0422636,-0.2850000),(-0.0650887,-0.0429840,-0.2850000),(-0.0654564,-0.0422636,-0.2850000),(-0.0654768,-0.0421869,-0.2850000),(-0.0650887,-0.0429840,-0.2850000),(-0.0654768,-0.0421869,-0.2850000),(-0.0655354,-0.0420432,-0.2850000),(-0.0664534,-0.0400628,-0.2850000),(-0.0650887,-0.0429840,-0.2850000),(-0.0655354,-0.0420432,-0.2850000),(-0.0664534,-0.0400628,-0.2850000),(-0.0655354,-0.0420432,-0.2850000),(-0.0656173,-0.0419127,-0.2850000),(-0.0664534,-0.0400628,-0.2850000),(-0.0656173,-0.0419127,-0.2850000),(-0.0670408,-0.0399792,-0.2850000),(-0.0652173,-0.0400628,-0.2850000),(-0.0664534,-0.0400628,-0.2850000),(-0.0670408,-0.0399792,-0.2850000),(-0.0652173,-0.0400628,-0.2850000),(-0.0670408,-0.0399792,-0.2850000),(-0.0670874,-0.0398543,-0.2850000),(-0.0652173,-0.0400628,-0.2850000),(-0.0670874,-0.0398543,-0.2850000),(-0.0670852,-0.0398194,-0.2850000),(-0.0652173,-0.0400628,-0.2850000),(-0.0670852,-0.0398194,-0.2850000),(-0.0670588,-0.0397408,-0.2850000),(-0.0652173,-0.0400628,-0.2850000),(-0.0670588,-0.0397408,-0.2850000),(-0.0670069,-0.0396850,-0.2850000),(-0.0652173,-0.0400628,-0.2850000),(-0.0670069,-0.0396850,-0.2850000),(-0.0669384,-0.0396500,-0.2850000),(-0.0652173,-0.0400628,-0.2850000),(-0.0669384,-0.0396500,-0.2850000),(-0.0668725,-0.0396384,-0.2850000),(-0.0652173,-0.0400628,-0.2850000),(-0.0668725,-0.0396384,-0.2850000),(-0.0652173,-0.0396384,-0.2850000),(-0.0652173,-0.0400628,-0.2850000),(-0.0652173,-0.0396384,-0.2850000),(-0.0651339,-0.0396535,-0.2850000),(-0.0652173,-0.0400628,-0.2850000),(-0.0651339,-0.0396535,-0.2850000),(-0.0650659,-0.0396987,-0.2850000),(-0.0652173,-0.0400628,-0.2850000),(-0.0650659,-0.0396987,-0.2850000),(-0.0650215,-0.0397667,-0.2850000),(-0.0652173,-0.0400628,-0.2850000),(-0.0650215,-0.0397667,-0.2850000),(-0.0650067,-0.0398501,-0.2850000),(-0.0652173,-0.0400628,-0.2850000),(-0.0650067,-0.0398501,-0.2850000),(-0.0650215,-0.0399342,-0.2850000),(-0.0652173,-0.0400628,-0.2850000),(-0.0650215,-0.0399342,-0.2850000),(-0.0650659,-0.0400025,-0.2850000),(-0.0652173,-0.0400628,-0.2850000),(-0.0650659,-0.0400025,-0.2850000),(-0.0651318,-0.0400477,-0.2850000),(-0.0708476,-0.0396688,-0.2850000),(-0.0707746,-0.0395622,-0.2850000),(-0.0706680,-0.0394892,-0.2850000),(-0.0708476,-0.0396688,-0.2850000),(-0.0706680,-0.0394892,-0.2850000),(-0.0705428,-0.0394648,-0.2850000),(-0.0708476,-0.0396688,-0.2850000),(-0.0705428,-0.0394648,-0.2850000),(-0.0704179,-0.0394892,-0.2850000),(-0.0708476,-0.0396688,-0.2850000),(-0.0704179,-0.0394892,-0.2850000),(-0.0703121,-0.0395622,-0.2850000),(-0.0708476,-0.0396688,-0.2850000),(-0.0703121,-0.0395622,-0.2850000),(-0.0702391,-0.0396688,-0.2850000),(-0.0708476,-0.0396688,-0.2850000),(-0.0702391,-0.0396688,-0.2850000),(-0.0702147,-0.0397940,-0.2850000),(-0.0708476,-0.0396688,-0.2850000),(-0.0702147,-0.0397940,-0.2850000),(-0.0702391,-0.0399191,-0.2850000),(-0.0708476,-0.0396688,-0.2850000),(-0.0702391,-0.0399191,-0.2850000),(-0.0703121,-0.0400257,-0.2850000),(-0.0708476,-0.0396688,-0.2850000),(-0.0703121,-0.0400257,-0.2850000),(-0.0704179,-0.0400988,-0.2850000),(-0.0708476,-0.0396688,-0.2850000),(-0.0704179,-0.0400988,-0.2850000),(-0.0705428,-0.0401231,-0.2850000),(-0.0708476,-0.0396688,-0.2850000),(-0.0705428,-0.0401231,-0.2850000),(-0.0706680,-0.0400988,-0.2850000),(-0.0708476,-0.0396688,-0.2850000),(-0.0706680,-0.0400988,-0.2850000),(-0.0707746,-0.0400257,-0.2850000),(-0.0708476,-0.0396688,-0.2850000),(-0.0707746,-0.0400257,-0.2850000),(-0.0708476,-0.0399191,-0.2850000),(-0.0708476,-0.0396688,-0.2850000),(-0.0708476,-0.0399191,-0.2850000),(-0.0708720,-0.0397940,-0.2850000),(-0.0546190,-0.0414211,-0.2850000),(-0.0532368,-0.0396315,-0.2850000),(-0.0531645,-0.0395696,-0.2850000),(-0.0546190,-0.0414211,-0.2850000),(-0.0531645,-0.0395696,-0.2850000),(-0.0530727,-0.0395490,-0.2850000),(-0.0546190,-0.0414211,-0.2850000),(-0.0530727,-0.0395490,-0.2850000),(-0.0529404,-0.0395945,-0.2850000),(-0.0546190,-0.0414211,-0.2850000),(-0.0529404,-0.0395945,-0.2850000),(-0.0528761,-0.0396680,-0.2850000),(-0.0546190,-0.0414211,-0.2850000),(-0.0528761,-0.0396680,-0.2850000),(-0.0528547,-0.0397638,-0.2850000),(-0.0546190,-0.0414211,-0.2850000),(-0.0528547,-0.0397638,-0.2850000),(-0.0528992,-0.0398961,-0.2850000),(-0.0546190,-0.0414211,-0.2850000),(-0.0528992,-0.0398961,-0.2850000),(-0.0540750,-0.0414211,-0.2850000),(-0.0540750,-0.0414211,-0.2850000),(-0.0539892,-0.0414211,-0.2850000),(-0.0538700,-0.0414263,-0.2850000),(-0.0546190,-0.0414211,-0.2850000),(-0.0540750,-0.0414211,-0.2850000),(-0.0538700,-0.0414263,-0.2850000),(-0.0554826,-0.0414211,-0.2850000),(-0.0546190,-0.0414211,-0.2850000),(-0.0538700,-0.0414263,-0.2850000),(-0.0554826,-0.0414211,-0.2850000),(-0.0538700,-0.0414263,-0.2850000),(-0.0537562,-0.0414416,-0.2850000),(-0.0554826,-0.0414211,-0.2850000),(-0.0537562,-0.0414416,-0.2850000),(-0.0536479,-0.0414671,-0.2850000),(-0.0554826,-0.0414211,-0.2850000),(-0.0536479,-0.0414671,-0.2850000),(-0.0535450,-0.0415029,-0.2850000),(-0.0554826,-0.0414211,-0.2850000),(-0.0535450,-0.0415029,-0.2850000),(-0.0534476,-0.0415489,-0.2850000),(-0.0554826,-0.0414211,-0.2850000),(-0.0534476,-0.0415489,-0.2850000),(-0.0533556,-0.0416051,-0.2850000),(-0.0554826,-0.0414211,-0.2850000),(-0.0533556,-0.0416051,-0.2850000),(-0.0532691,-0.0416715,-0.2850000),(-0.0554826,-0.0414211,-0.2850000),(-0.0532691,-0.0416715,-0.2850000),(-0.0531881,-0.0417482,-0.2850000),(-0.0554826,-0.0414211,-0.2850000),(-0.0531881,-0.0417482,-0.2850000),(-0.0531117,-0.0418379,-0.2850000),(-0.0554826,-0.0414211,-0.2850000),(-0.0531117,-0.0418379,-0.2850000),(-0.0530455,-0.0419303,-0.2850000),(-0.0554826,-0.0414211,-0.2850000),(-0.0530455,-0.0419303,-0.2850000),(-0.0529895,-0.0420255,-0.2850000),(-0.0529895,-0.0420255,-0.2850000),(-0.0529436,-0.0421234,-0.2850000),(-0.0533392,-0.0422726,-0.2850000),(-0.0529895,-0.0420255,-0.2850000),(-0.0533392,-0.0422726,-0.2850000),(-0.0534037,-0.0421550,-0.2850000),(-0.0529895,-0.0420255,-0.2850000),(-0.0534037,-0.0421550,-0.2850000),(-0.0534939,-0.0420487,-0.2850000),(-0.0529895,-0.0420255,-0.2850000),(-0.0534939,-0.0420487,-0.2850000),(-0.0536039,-0.0419608,-0.2850000),(-0.0529895,-0.0420255,-0.2850000),(-0.0536039,-0.0419608,-0.2850000),(-0.0537231,-0.0418979,-0.2850000),(-0.0529895,-0.0420255,-0.2850000),(-0.0537231,-0.0418979,-0.2850000),(-0.0538515,-0.0418602,-0.2850000),(-0.0554826,-0.0414211,-0.2850000),(-0.0529895,-0.0420255,-0.2850000),(-0.0538515,-0.0418602,-0.2850000),(-0.0554826,-0.0414211,-0.2850000),(-0.0538515,-0.0418602,-0.2850000),(-0.0539892,-0.0418477,-0.2850000),(-0.0554826,-0.0414211,-0.2850000),(-0.0539892,-0.0418477,-0.2850000),(-0.0554826,-0.0418477,-0.2850000),(-0.0533005,-0.0424016,-0.2850000),(-0.0533392,-0.0422726,-0.2850000),(-0.0529436,-0.0421234,-0.2850000),(-0.0532876,-0.0425419,-0.2850000),(-0.0533005,-0.0424016,-0.2850000),(-0.0529436,-0.0421234,-0.2850000),(-0.0533005,-0.0426810,-0.2850000),(-0.0532876,-0.0425419,-0.2850000),(-0.0529436,-0.0421234,-0.2850000),(-0.0533392,-0.0428092,-0.2850000),(-0.0533005,-0.0426810,-0.2850000),(-0.0529436,-0.0421234,-0.2850000),(-0.0534037,-0.0429265,-0.2850000),(-0.0533392,-0.0428092,-0.2850000),(-0.0529436,-0.0421234,-0.2850000),(-0.0534037,-0.0429265,-0.2850000),(-0.0529436,-0.0421234,-0.2850000),(-0.0529080,-0.0422239,-0.2850000),(-0.0534037,-0.0429265,-0.2850000),(-0.0529080,-0.0422239,-0.2850000),(-0.0528825,-0.0423272,-0.2850000),(-0.0534939,-0.0430330,-0.2850000),(-0.0534037,-0.0429265,-0.2850000),(-0.0528825,-0.0423272,-0.2850000),(-0.0534939,-0.0430330,-0.2850000),(-0.0528825,-0.0423272,-0.2850000),(-0.0528672,-0.0424332,-0.2850000),(-0.0534939,-0.0430330,-0.2850000),(-0.0528672,-0.0424332,-0.2850000),(-0.0528621,-0.0425419,-0.2850000),(-0.0536011,-0.0431210,-0.2850000),(-0.0534939,-0.0430330,-0.2850000),(-0.0528621,-0.0425419,-0.2850000),(-0.0536011,-0.0431210,-0.2850000),(-0.0528621,-0.0425419,-0.2850000),(-0.0528672,-0.0426545,-0.2850000),(-0.0536011,-0.0431210,-0.2850000),(-0.0528672,-0.0426545,-0.2850000),(-0.0528825,-0.0427632,-0.2850000),(-0.0537183,-0.0431838,-0.2850000),(-0.0536011,-0.0431210,-0.2850000),(-0.0528825,-0.0427632,-0.2850000),(-0.0537183,-0.0431838,-0.2850000),(-0.0528825,-0.0427632,-0.2850000),(-0.0529080,-0.0428681,-0.2850000),(-0.0537183,-0.0431838,-0.2850000),(-0.0529080,-0.0428681,-0.2850000),(-0.0529436,-0.0429690,-0.2850000),(-0.0538456,-0.0432215,-0.2850000),(-0.0537183,-0.0431838,-0.2850000),(-0.0529436,-0.0429690,-0.2850000),(-0.0538456,-0.0432215,-0.2850000),(-0.0529436,-0.0429690,-0.2850000),(-0.0529895,-0.0430660,-0.2850000),(-0.0538456,-0.0432215,-0.2850000),(-0.0529895,-0.0430660,-0.2850000),(-0.0530455,-0.0431591,-0.2850000),(-0.0539829,-0.0432341,-0.2850000),(-0.0538456,-0.0432215,-0.2850000),(-0.0530455,-0.0431591,-0.2850000),(-0.0539829,-0.0432341,-0.2850000),(-0.0530455,-0.0431591,-0.2850000),(-0.0531117,-0.0432483,-0.2850000),(-0.0554826,-0.0432341,-0.2850000),(-0.0539829,-0.0432341,-0.2850000),(-0.0531117,-0.0432483,-0.2850000),(-0.0554826,-0.0432341,-0.2850000),(-0.0531117,-0.0432483,-0.2850000),(-0.0531881,-0.0433336,-0.2850000),(-0.0554826,-0.0432341,-0.2850000),(-0.0531881,-0.0433336,-0.2850000),(-0.0532752,-0.0434117,-0.2850000),(-0.0554826,-0.0432341,-0.2850000),(-0.0532752,-0.0434117,-0.2850000),(-0.0533660,-0.0434794,-0.2850000),(-0.0554826,-0.0432341,-0.2850000),(-0.0533660,-0.0434794,-0.2850000),(-0.0534605,-0.0435367,-0.2850000),(-0.0554826,-0.0432341,-0.2850000),(-0.0534605,-0.0435367,-0.2850000),(-0.0535588,-0.0435836,-0.2850000),(-0.0554826,-0.0432341,-0.2850000),(-0.0535588,-0.0435836,-0.2850000),(-0.0536608,-0.0436200,-0.2850000),(-0.0554826,-0.0432341,-0.2850000),(-0.0536608,-0.0436200,-0.2850000),(-0.0537665,-0.0436461,-0.2850000),(-0.0554826,-0.0432341,-0.2850000),(-0.0537665,-0.0436461,-0.2850000),(-0.0538760,-0.0436617,-0.2850000),(-0.0554826,-0.0432341,-0.2850000),(-0.0538760,-0.0436617,-0.2850000),(-0.0539892,-0.0436669,-0.2850000),(-0.0554826,-0.0432341,-0.2850000),(-0.0539892,-0.0436669,-0.2850000),(-0.0556953,-0.0436669,-0.2850000),(-0.0554826,-0.0418477,-0.2850000),(-0.0554826,-0.0432341,-0.2850000),(-0.0556953,-0.0436669,-0.2850000),(-0.0554826,-0.0414211,-0.2850000),(-0.0554826,-0.0418477,-0.2850000),(-0.0556953,-0.0436669,-0.2850000),(-0.0554826,-0.0414211,-0.2850000),(-0.0556953,-0.0436669,-0.2850000),(-0.0557813,-0.0436503,-0.2850000),(-0.0554826,-0.0414211,-0.2850000),(-0.0557813,-0.0436503,-0.2850000),(-0.0558530,-0.0436003,-0.2850000),(-0.0554826,-0.0414211,-0.2850000),(-0.0558530,-0.0436003,-0.2850000),(-0.0558950,-0.0435259,-0.2850000),(-0.0554826,-0.0414211,-0.2850000),(-0.0558950,-0.0435259,-0.2850000),(-0.0559091,-0.0434468,-0.2850000),(-0.0554826,-0.0414211,-0.2850000),(-0.0559091,-0.0434468,-0.2850000),(-0.0559091,-0.0398199,-0.2850000),(-0.0554826,-0.0414211,-0.2850000),(-0.0559091,-0.0398199,-0.2850000),(-0.0558862,-0.0397365,-0.2850000),(-0.0554826,-0.0414211,-0.2850000),(-0.0558862,-0.0397365,-0.2850000),(-0.0558429,-0.0396770,-0.2850000),(-0.0554826,-0.0414211,-0.2850000),(-0.0558429,-0.0396770,-0.2850000),(-0.0556953,-0.0396294,-0.2850000),(-0.0554826,-0.0414211,-0.2850000),(-0.0556953,-0.0396294,-0.2850000),(-0.0556213,-0.0396413,-0.2850000),(-0.0554826,-0.0414211,-0.2850000),(-0.0556213,-0.0396413,-0.2850000),(-0.0555611,-0.0396770,-0.2850000),(-0.0554826,-0.0414211,-0.2850000),(-0.0555611,-0.0396770,-0.2850000),(-0.0554826,-0.0398199,-0.2850000),(-0.0568711,-0.0414264,-0.2850000),(-0.0568732,-0.0398199,-0.2850000),(-0.0568571,-0.0397379,-0.2850000),(-0.0568711,-0.0414264,-0.2850000),(-0.0568571,-0.0397379,-0.2850000),(-0.0568086,-0.0396696,-0.2850000),(-0.0568711,-0.0414264,-0.2850000),(-0.0568086,-0.0396696,-0.2850000),(-0.0567399,-0.0396236,-0.2850000),(-0.0568711,-0.0414264,-0.2850000),(-0.0567399,-0.0396236,-0.2850000),(-0.0566626,-0.0396082,-0.2850000),(-0.0568711,-0.0414264,-0.2850000),(-0.0566626,-0.0396082,-0.2850000),(-0.0565798,-0.0396236,-0.2850000),(-0.0568711,-0.0414264,-0.2850000),(-0.0565798,-0.0396236,-0.2850000),(-0.0565113,-0.0396696,-0.2850000),(-0.0568711,-0.0414264,-0.2850000),(-0.0565113,-0.0396696,-0.2850000),(-0.0564652,-0.0397379,-0.2850000),(-0.0568711,-0.0414264,-0.2850000),(-0.0564652,-0.0397379,-0.2850000),(-0.0564499,-0.0398199,-0.2850000),(-0.0568711,-0.0414264,-0.2850000),(-0.0564499,-0.0398199,-0.2850000),(-0.0564499,-0.0434468,-0.2850000),(-0.0568711,-0.0414264,-0.2850000),(-0.0564499,-0.0434468,-0.2850000),(-0.0564652,-0.0435283,-0.2850000),(-0.0568711,-0.0414264,-0.2850000),(-0.0564652,-0.0435283,-0.2850000),(-0.0565113,-0.0435971,-0.2850000),(-0.0568711,-0.0414264,-0.2850000),(-0.0565113,-0.0435971,-0.2850000),(-0.0565787,-0.0436447,-0.2850000),(-0.0568711,-0.0414264,-0.2850000),(-0.0565787,-0.0436447,-0.2850000),(-0.0566584,-0.0436606,-0.2850000),(-0.0568711,-0.0414264,-0.2850000),(-0.0566584,-0.0436606,-0.2850000),(-0.0567404,-0.0436442,-0.2850000),(-0.0568711,-0.0414264,-0.2850000),(-0.0567404,-0.0436442,-0.2850000),(-0.0568108,-0.0435950,-0.2850000),(-0.0568711,-0.0414264,-0.2850000),(-0.0568108,-0.0435950,-0.2850000),(-0.0568576,-0.0435304,-0.2850000),(-0.0568711,-0.0414264,-0.2850000),(-0.0568576,-0.0435304,-0.2850000),(-0.0568732,-0.0434468,-0.2850000),(-0.0568711,-0.0414264,-0.2850000),(-0.0568732,-0.0434468,-0.2850000),(-0.0568732,-0.0418477,-0.2850000),(-0.0590724,-0.0414264,-0.2850000),(-0.0568711,-0.0414264,-0.2850000),(-0.0568732,-0.0418477,-0.2850000),(-0.0590724,-0.0414264,-0.2850000),(-0.0568732,-0.0418477,-0.2850000),(-0.0590661,-0.0418477,-0.2850000),(-0.0590724,-0.0414264,-0.2850000),(-0.0590661,-0.0418477,-0.2850000),(-0.0590661,-0.0434468,-0.2850000),(-0.0590724,-0.0414264,-0.2850000),(-0.0590661,-0.0434468,-0.2850000),(-0.0590825,-0.0435283,-0.2850000),(-0.0590724,-0.0414264,-0.2850000),(-0.0590825,-0.0435283,-0.2850000),(-0.0591317,-0.0435971,-0.2850000),(-0.0590724,-0.0414264,-0.2850000),(-0.0591317,-0.0435971,-0.2850000),(-0.0592013,-0.0436447,-0.2850000),(-0.0590724,-0.0414264,-0.2850000),(-0.0592013,-0.0436447,-0.2850000),(-0.0592788,-0.0436606,-0.2850000),(-0.0590724,-0.0414264,-0.2850000),(-0.0592788,-0.0436606,-0.2850000),(-0.0593611,-0.0436447,-0.2850000),(-0.0590724,-0.0414264,-0.2850000),(-0.0593611,-0.0436447,-0.2850000),(-0.0594323,-0.0435971,-0.2850000),(-0.0590724,-0.0414264,-0.2850000),(-0.0594323,-0.0435971,-0.2850000),(-0.0594807,-0.0435283,-0.2850000),(-0.0590724,-0.0414264,-0.2850000),(-0.0594807,-0.0435283,-0.2850000),(-0.0594968,-0.0434468,-0.2850000),(-0.0590724,-0.0414264,-0.2850000),(-0.0594968,-0.0434468,-0.2850000),(-0.0594968,-0.0398199,-0.2850000),(-0.0590724,-0.0414264,-0.2850000),(-0.0594968,-0.0398199,-0.2850000),(-0.0594812,-0.0397379,-0.2850000),(-0.0590724,-0.0414264,-0.2850000),(-0.0594812,-0.0397379,-0.2850000),(-0.0594344,-0.0396696,-0.2850000),(-0.0590724,-0.0414264,-0.2850000),(-0.0594344,-0.0396696,-0.2850000),(-0.0593648,-0.0396236,-0.2850000),(-0.0590724,-0.0414264,-0.2850000),(-0.0593648,-0.0396236,-0.2850000),(-0.0592830,-0.0396082,-0.2850000),(-0.0590724,-0.0414264,-0.2850000),(-0.0592830,-0.0396082,-0.2850000),(-0.0592052,-0.0396233,-0.2850000),(-0.0590724,-0.0414264,-0.2850000),(-0.0592052,-0.0396233,-0.2850000),(-0.0591327,-0.0396685,-0.2850000),(-0.0590724,-0.0414264,-0.2850000),(-0.0591327,-0.0396685,-0.2850000),(-0.0590875,-0.0397334,-0.2850000),(-0.0590724,-0.0414264,-0.2850000),(-0.0590875,-0.0397334,-0.2850000),(-0.0590724,-0.0398199,-0.2850000),(-0.0518906,-0.0411386,-0.2850000),(-0.0518906,-0.0434468,-0.2850000),(-0.0519059,-0.0435283,-0.2850000),(-0.0518906,-0.0411386,-0.2850000),(-0.0519059,-0.0435283,-0.2850000),(-0.0519520,-0.0435971,-0.2850000),(-0.0518906,-0.0411386,-0.2850000),(-0.0519520,-0.0435971,-0.2850000),(-0.0520194,-0.0436447,-0.2850000),(-0.0518856,-0.0410261,-0.2850000),(-0.0518906,-0.0411386,-0.2850000),(-0.0520194,-0.0436447,-0.2850000),(-0.0518856,-0.0410261,-0.2850000),(-0.0520194,-0.0436447,-0.2850000),(-0.0520991,-0.0436606,-0.2850000),(-0.0518856,-0.0410261,-0.2850000),(-0.0520991,-0.0436606,-0.2850000),(-0.0521824,-0.0436442,-0.2850000),(-0.0518856,-0.0410261,-0.2850000),(-0.0521824,-0.0436442,-0.2850000),(-0.0522568,-0.0435950,-0.2850000),(-0.0518856,-0.0410261,-0.2850000),(-0.0522568,-0.0435950,-0.2850000),(-0.0523020,-0.0435304,-0.2850000),(-0.0518856,-0.0410261,-0.2850000),(-0.0523020,-0.0435304,-0.2850000),(-0.0523171,-0.0434468,-0.2850000),(-0.0518856,-0.0410261,-0.2850000),(-0.0523171,-0.0434468,-0.2850000),(-0.0523171,-0.0411386,-0.2850000),(-0.0518856,-0.0410261,-0.2850000),(-0.0523171,-0.0411386,-0.2850000),(-0.0523101,-0.0409835,-0.2850000),(-0.0518856,-0.0410261,-0.2850000),(-0.0523101,-0.0409835,-0.2850000),(-0.0522893,-0.0408341,-0.2850000),(-0.0518856,-0.0410261,-0.2850000),(-0.0522893,-0.0408341,-0.2850000),(-0.0522546,-0.0406905,-0.2850000),(-0.0518856,-0.0410261,-0.2850000),(-0.0522546,-0.0406905,-0.2850000),(-0.0522060,-0.0405525,-0.2850000),(-0.0518856,-0.0410261,-0.2850000),(-0.0522060,-0.0405525,-0.2850000),(-0.0521434,-0.0404203,-0.2850000),(-0.0518856,-0.0410261,-0.2850000),(-0.0521434,-0.0404203,-0.2850000),(-0.0520671,-0.0402938,-0.2850000),(-0.0518856,-0.0410261,-0.2850000),(-0.0520671,-0.0402938,-0.2850000),(-0.0519768,-0.0401731,-0.2850000),(-0.0518856,-0.0410261,-0.2850000),(-0.0519768,-0.0401731,-0.2850000),(-0.0518726,-0.0400580,-0.2850000),(-0.0518856,-0.0410261,-0.2850000),(-0.0518726,-0.0400580,-0.2850000),(-0.0517600,-0.0399526,-0.2850000),(-0.0517600,-0.0399526,-0.2850000),(-0.0516413,-0.0398612,-0.2850000),(-0.0515166,-0.0397839,-0.2850000),(-0.0517600,-0.0399526,-0.2850000),(-0.0515166,-0.0397839,-0.2850000),(-0.0513857,-0.0397207,-0.2850000),(-0.0517600,-0.0399526,-0.2850000),(-0.0513857,-0.0397207,-0.2850000),(-0.0512488,-0.0396715,-0.2850000),(-0.0517600,-0.0399526,-0.2850000),(-0.0512488,-0.0396715,-0.2850000),(-0.0511058,-0.0396363,-0.2850000),(-0.0517600,-0.0399526,-0.2850000),(-0.0511058,-0.0396363,-0.2850000),(-0.0509567,-0.0396152,-0.2850000),(-0.0517600,-0.0399526,-0.2850000),(-0.0509567,-0.0396152,-0.2850000),(-0.0508015,-0.0396082,-0.2850000),(-0.0517600,-0.0399526,-0.2850000),(-0.0508015,-0.0396082,-0.2850000),(-0.0506462,-0.0396152,-0.2850000),(-0.0517600,-0.0399526,-0.2850000),(-0.0506462,-0.0396152,-0.2850000),(-0.0504964,-0.0396363,-0.2850000),(-0.0517600,-0.0399526,-0.2850000),(-0.0504964,-0.0396363,-0.2850000),(-0.0503523,-0.0396715,-0.2850000),(-0.0517600,-0.0399526,-0.2850000),(-0.0503523,-0.0396715,-0.2850000),(-0.0502139,-0.0397207,-0.2850000),(-0.0517600,-0.0399526,-0.2850000),(-0.0502139,-0.0397207,-0.2850000),(-0.0500811,-0.0397839,-0.2850000),(-0.0517600,-0.0399526,-0.2850000),(-0.0500811,-0.0397839,-0.2850000),(-0.0499540,-0.0398612,-0.2850000),(-0.0517600,-0.0399526,-0.2850000),(-0.0499540,-0.0398612,-0.2850000),(-0.0498326,-0.0399526,-0.2850000),(-0.0517600,-0.0399526,-0.2850000),(-0.0498326,-0.0399526,-0.2850000),(-0.0497168,-0.0400580,-0.2850000),(-0.0497168,-0.0400580,-0.2850000),(-0.0496121,-0.0401717,-0.2850000),(-0.0495214,-0.0402916,-0.2850000),(-0.0497168,-0.0400580,-0.2850000),(-0.0495214,-0.0402916,-0.2850000),(-0.0494446,-0.0404178,-0.2850000),(-0.0497168,-0.0400580,-0.2850000),(-0.0494446,-0.0404178,-0.2850000),(-0.0493818,-0.0405501,-0.2850000),(-0.0497168,-0.0400580,-0.2850000),(-0.0493818,-0.0405501,-0.2850000),(-0.0493329,-0.0406887,-0.2850000),(-0.0497168,-0.0400580,-0.2850000),(-0.0493329,-0.0406887,-0.2850000),(-0.0492981,-0.0408335,-0.2850000),(-0.0497168,-0.0400580,-0.2850000),(-0.0492981,-0.0408335,-0.2850000),(-0.0492771,-0.0409845,-0.2850000),(-0.0497168,-0.0400580,-0.2850000),(-0.0492771,-0.0409845,-0.2850000),(-0.0492701,-0.0411417,-0.2850000),(-0.0497168,-0.0400580,-0.2850000),(-0.0492701,-0.0411417,-0.2850000),(-0.0492701,-0.0434468,-0.2850000),(-0.0497168,-0.0400580,-0.2850000),(-0.0492701,-0.0434468,-0.2850000),(-0.0492855,-0.0435283,-0.2850000),(-0.0497168,-0.0400580,-0.2850000),(-0.0492855,-0.0435283,-0.2850000),(-0.0493315,-0.0435971,-0.2850000),(-0.0497168,-0.0400580,-0.2850000),(-0.0493315,-0.0435971,-0.2850000),(-0.0493998,-0.0436447,-0.2850000),(-0.0497168,-0.0400580,-0.2850000),(-0.0493998,-0.0436447,-0.2850000),(-0.0494818,-0.0436606,-0.2850000),(-0.0497168,-0.0400580,-0.2850000),(-0.0494818,-0.0436606,-0.2850000),(-0.0495638,-0.0436447,-0.2850000),(-0.0497168,-0.0400580,-0.2850000),(-0.0495638,-0.0436447,-0.2850000),(-0.0496321,-0.0435971,-0.2850000),(-0.0496321,-0.0435971,-0.2850000),(-0.0496781,-0.0435283,-0.2850000),(-0.0496935,-0.0434468,-0.2850000),(-0.0496321,-0.0435971,-0.2850000),(-0.0496935,-0.0434468,-0.2850000),(-0.0496935,-0.0411417,-0.2850000),(-0.0497168,-0.0400580,-0.2850000),(-0.0496321,-0.0435971,-0.2850000),(-0.0496935,-0.0411417,-0.2850000),(-0.0497168,-0.0400580,-0.2850000),(-0.0496935,-0.0411417,-0.2850000),(-0.0496986,-0.0410297,-0.2850000),(-0.0497168,-0.0400580,-0.2850000),(-0.0496986,-0.0410297,-0.2850000),(-0.0497139,-0.0409217,-0.2850000),(-0.0497168,-0.0400580,-0.2850000),(-0.0497139,-0.0409217,-0.2850000),(-0.0497395,-0.0408178,-0.2850000),(-0.0497168,-0.0400580,-0.2850000),(-0.0497395,-0.0408178,-0.2850000),(-0.0497752,-0.0407179,-0.2850000),(-0.0497168,-0.0400580,-0.2850000),(-0.0497752,-0.0407179,-0.2850000),(-0.0498212,-0.0406220,-0.2850000),(-0.0497168,-0.0400580,-0.2850000),(-0.0498212,-0.0406220,-0.2850000),(-0.0498774,-0.0405302,-0.2850000),(-0.0497168,-0.0400580,-0.2850000),(-0.0498774,-0.0405302,-0.2850000),(-0.0499439,-0.0404424,-0.2850000),(-0.0497168,-0.0400580,-0.2850000),(-0.0499439,-0.0404424,-0.2850000),(-0.0500205,-0.0403586,-0.2850000),(-0.0497168,-0.0400580,-0.2850000),(-0.0500205,-0.0403586,-0.2850000),(-0.0501024,-0.0402822,-0.2850000),(-0.0497168,-0.0400580,-0.2850000),(-0.0501024,-0.0402822,-0.2850000),(-0.0501887,-0.0402160,-0.2850000),(-0.0497168,-0.0400580,-0.2850000),(-0.0501887,-0.0402160,-0.2850000),(-0.0502795,-0.0401599,-0.2850000),(-0.0497168,-0.0400580,-0.2850000),(-0.0502795,-0.0401599,-0.2850000),(-0.0503748,-0.0401141,-0.2850000),(-0.0497168,-0.0400580,-0.2850000),(-0.0503748,-0.0401141,-0.2850000),(-0.0504745,-0.0400785,-0.2850000),(-0.0497168,-0.0400580,-0.2850000),(-0.0504745,-0.0400785,-0.2850000),(-0.0505787,-0.0400530,-0.2850000),(-0.0497168,-0.0400580,-0.2850000),(-0.0505787,-0.0400530,-0.2850000),(-0.0506874,-0.0400377,-0.2850000),(-0.0517600,-0.0399526,-0.2850000),(-0.0497168,-0.0400580,-0.2850000),(-0.0506874,-0.0400377,-0.2850000),(-0.0517600,-0.0399526,-0.2850000),(-0.0506874,-0.0400377,-0.2850000),(-0.0508005,-0.0400326,-0.2850000),(-0.0517600,-0.0399526,-0.2850000),(-0.0508005,-0.0400326,-0.2850000),(-0.0509116,-0.0400377,-0.2850000),(-0.0517600,-0.0399526,-0.2850000),(-0.0509116,-0.0400377,-0.2850000),(-0.0510186,-0.0400529,-0.2850000),(-0.0517600,-0.0399526,-0.2850000),(-0.0510186,-0.0400529,-0.2850000),(-0.0511213,-0.0400782,-0.2850000),(-0.0517600,-0.0399526,-0.2850000),(-0.0511213,-0.0400782,-0.2850000),(-0.0512199,-0.0401136,-0.2850000),(-0.0517600,-0.0399526,-0.2850000),(-0.0512199,-0.0401136,-0.2850000),(-0.0513142,-0.0401591,-0.2850000),(-0.0517600,-0.0399526,-0.2850000),(-0.0513142,-0.0401591,-0.2850000),(-0.0514043,-0.0402148,-0.2850000),(-0.0517600,-0.0399526,-0.2850000),(-0.0514043,-0.0402148,-0.2850000),(-0.0514903,-0.0402806,-0.2850000),(-0.0517600,-0.0399526,-0.2850000),(-0.0514903,-0.0402806,-0.2850000),(-0.0515720,-0.0403565,-0.2850000),(-0.0517600,-0.0399526,-0.2850000),(-0.0515720,-0.0403565,-0.2850000),(-0.0516467,-0.0404395,-0.2850000),(-0.0517600,-0.0399526,-0.2850000),(-0.0516467,-0.0404395,-0.2850000),(-0.0517114,-0.0405268,-0.2850000),(-0.0517600,-0.0399526,-0.2850000),(-0.0517114,-0.0405268,-0.2850000),(-0.0517661,-0.0406183,-0.2850000),(-0.0517600,-0.0399526,-0.2850000),(-0.0517661,-0.0406183,-0.2850000),(-0.0518109,-0.0407139,-0.2850000),(-0.0517600,-0.0399526,-0.2850000),(-0.0518109,-0.0407139,-0.2850000),(-0.0518458,-0.0408138,-0.2850000),(-0.0517600,-0.0399526,-0.2850000),(-0.0518458,-0.0408138,-0.2850000),(-0.0518707,-0.0409178,-0.2850000),(-0.0518856,-0.0410261,-0.2850000),(-0.0517600,-0.0399526,-0.2850000),(-0.0518707,-0.0409178,-0.2850000),(-0.0600929,-0.0432873,-0.2850000),(-0.0600397,-0.0434468,-0.2850000),(-0.0600548,-0.0435267,-0.2850000),(-0.0600929,-0.0432873,-0.2850000),(-0.0600548,-0.0435267,-0.2850000),(-0.0601001,-0.0435950,-0.2850000),(-0.0600929,-0.0432873,-0.2850000),(-0.0601001,-0.0435950,-0.2850000),(-0.0601683,-0.0436442,-0.2850000),(-0.0600929,-0.0432873,-0.2850000),(-0.0601683,-0.0436442,-0.2850000),(-0.0602525,-0.0436606,-0.2850000),(-0.0600929,-0.0432873,-0.2850000),(-0.0602525,-0.0436606,-0.2850000),(-0.0628729,-0.0436606,-0.2850000),(-0.0600929,-0.0432873,-0.2850000),(-0.0628729,-0.0436606,-0.2850000),(-0.0629660,-0.0436402,-0.2850000),(-0.0600929,-0.0432873,-0.2850000),(-0.0629660,-0.0436402,-0.2850000),(-0.0630401,-0.0435791,-0.2850000),(-0.0600929,-0.0432873,-0.2850000),(-0.0630401,-0.0435791,-0.2850000),(-0.0630867,-0.0434468,-0.2850000),(-0.0600929,-0.0432873,-0.2850000),(-0.0630867,-0.0434468,-0.2850000),(-0.0630867,-0.0434309,-0.2850000),(-0.0600929,-0.0432873,-0.2850000),(-0.0630867,-0.0434309,-0.2850000),(-0.0630264,-0.0433018,-0.2850000),(-0.0600929,-0.0432873,-0.2850000),(-0.0630264,-0.0433018,-0.2850000),(-0.0629552,-0.0432510,-0.2850000),(-0.0600929,-0.0432873,-0.2850000),(-0.0629552,-0.0432510,-0.2850000),(-0.0628729,-0.0432341,-0.2850000),(-0.0600929,-0.0432873,-0.2850000),(-0.0628729,-0.0432341,-0.2850000),(-0.0617733,-0.0432341,-0.2850000),(-0.0617733,-0.0432341,-0.2850000),(-0.0617733,-0.0398199,-0.2850000),(-0.0617579,-0.0397379,-0.2850000),(-0.0617733,-0.0432341,-0.2850000),(-0.0617579,-0.0397379,-0.2850000),(-0.0617119,-0.0396696,-0.2850000),(-0.0617733,-0.0432341,-0.2850000),(-0.0617119,-0.0396696,-0.2850000),(-0.0616436,-0.0396236,-0.2850000),(-0.0617733,-0.0432341,-0.2850000),(-0.0616436,-0.0396236,-0.2850000),(-0.0615616,-0.0396082,-0.2850000),(-0.0617733,-0.0432341,-0.2850000),(-0.0615616,-0.0396082,-0.2850000),(-0.0614796,-0.0396236,-0.2850000),(-0.0617733,-0.0432341,-0.2850000),(-0.0614796,-0.0396236,-0.2850000),(-0.0614113,-0.0396696,-0.2850000),(-0.0617733,-0.0432341,-0.2850000),(-0.0614113,-0.0396696,-0.2850000),(-0.0613653,-0.0397379,-0.2850000),(-0.0617733,-0.0432341,-0.2850000),(-0.0613653,-0.0397379,-0.2850000),(-0.0613500,-0.0398199,-0.2850000),(-0.0617733,-0.0432341,-0.2850000),(-0.0613500,-0.0398199,-0.2850000),(-0.0613500,-0.0432341,-0.2850000),(-0.0600929,-0.0432873,-0.2850000),(-0.0617733,-0.0432341,-0.2850000),(-0.0613500,-0.0432341,-0.2850000),(-0.0600929,-0.0432873,-0.2850000),(-0.0613500,-0.0432341,-0.2850000),(-0.0602525,-0.0432341,-0.2850000),(-0.0600929,-0.0432873,-0.2850000),(-0.0602525,-0.0432341,-0.2850000),(-0.0601594,-0.0432474,-0.2850000)));
#1962=COMPLEX_TRIANGULATED_SURFACE_SET('surface set',#1961,2244,(),(),(),((1,2,3),(4,5,6),(7,8,9),(10,11,12),(13,14,15),(16,17,18),(19,20,21),(22,23,24),(25,26,27),(28,29,30),(31,32,33),(34,35,36),(37,38,39),(40,41,42),(43,44,45),(46,47,48),(49,50,51),(52,53,54),(55,56,57),(58,59,60),(61,62,63),(64,65,66),(67,68,69),(70,71,72),(73,74,75),(76,77,78),(79,80,81),(82,83,84),(85,86,87),(88,89,90),(91,92,93),(94,95,96),(97,98,99),(100,101,102),(103,104,105),(106,107,108),(109,110,111),(112,113,114),(115,116,117),(118,119,120),(121,122,123),(124,125,126),(127,128,129),(130,131,132),(133,134,135),(136,137,138),(139,140,141),(142,143,144),(145,146,147),(148,149,150),(151,152,153),(154,155,156),(157,158,159),(160,161,162),(163,164,165),(166,167,168),(169,170,171),(172,173,174),(175,176,177),(178,179,180),(181,182,183),(184,185,186),(187,188,189),(190,191,192),(193,194,195),(196,197,198),(199,200,201),(202,203,204),(205,206,207),(208,209,210),(211,212,213),(214,215,216),(217,218,219),(220,221,222),(223,224,225),(226,227,228),(229,230,231),(232,233,234),(235,236,237),(238,239,240),(241,242,243),(244,245,246),(247,248,249),(250,251,252),(253,254,255),(256,257,258),(259,260,261),(262,263,264),(265,266,267),(268,269,270),(271,272,273),(274,275,276),(277,278,279),(280,281,282),(283,284,285),(286,287,288),(289,290,291),(292,293,294),(295,296,297),(298,299,300),(301,302,303),(304,305,306),(307,308,309),(310,311,312),(313,314,315),(316,317,318),(319,320,321),(322,323,324),(325,326,327),(328,329,330),(331,332,333),(334,335,336),(337,338,339),(340,341,342),(343,344,345),(346,347,348),(349,350,351),(352,353,354),(355,356,357),(358,359,360),(361,362,363),(364,365,366),(367,368,369),(370,371,372),(373,374,375),(376,377,378),(379,380,381),(382,383,384),(385,386,387),(388,389,390),(391,392,393),(394,395,396),(397,398,399),(400,401,402),(403,404,405),(406,407,408),(409,410,411),(412,413,414),(415,416,417),(418,419,420),(421,422,423),(424,425,426),(427,428,429),(430,431,432),(433,434,435),(436,437,438),(439,440,441),(442,443,444),(445,446,447),(448,449,450),(451,452,453),(454,455,456),(457,458,459),(460,461,462),(463,464,465),(466,467,468),(469,470,471),(472,473,474),(475,476,477),(478,479,480),(481,482,483),(484,485,486),(487,488,489),(490,491,492),(493,494,495),(496,497,498),(499,500,501),(502,503,504),(505,506,507),(508,509,510),(511,512,513),(514,515,516),(517,518,519),(520,521,522),(523,524,525),(526,527,528),(529,530,531),(532,533,534),(535,536,537),(538,539,540),(541,542,543),(544,545,546),(547,548,549),(550,551,552),(553,554,555),(556,557,558),(559,560,561),(562,563,564),(565,566,567),(568,569,570),(571,572,573),(574,575,576),(577,578,579),(580,581,582),(583,584,585),(586,587,588),(589,590,591),(592,593,594),(595,596,597),(598,599,600),(601,602,603),(604,605,606),(607,608,609),(610,611,612),(613,614,615),(616,617,618),(619,620,621),(622,623,624),(625,626,627),(628,629,630),(631,632,633),(634,635,636),(637,638,639),(640,641,642),(643,644,645),(646,647,648),(649,650,651),(652,653,654),(655,656,657),(658,659,660),(661,662,663),(664,665,666),(667,668,669),(670,671,672),(673,674,675),(676,677,678),(679,680,681),(682,683,684),(685,686,687),(688,689,690),(691,692,693),(694,695,696),(697,698,699),(700,701,702),(703,704,705),(706,707,708),(709,710,711),(712,713,714),(715,716,717),(718,719,720),(721,722,723),(724,725,726),(727,728,729),(730,731,732),(733,734,735),(736,737,738),(739,740,741),(742,743,744),(745,746,747),(748,749,750),(751,752,753),(754,755,756),(757,758,759),(760,761,762),(763,764,765),(766,767,768),(769,770,771),(772,773,774),(775,776,777),(778,779,780),(781,782,783),(784,785,786),(787,788,789),(790,791,792),(793,794,795),(796,797,798),(799,800,801),(802,803,804),(805,806,807),(808,809,810),(811,812,813),(814,815,816),(817,818,819),(820,821,822),(823,824,825),(826,827,828),(829,830,831),(832,833,834),(835,836,837),(838,839,840),(841,842,843),(844,845,846),(847,848,849),(850,851,852),(853,854,855),(856,857,858),(859,860,861),(862,863,864),(865,866,867),(868,869,870),(871,872,873),(874,875,876),(877,878,879),(880,881,882),(883,884,885),(886,887,888),(889,890,891),(892,893,894),(895,896,897),(898,899,900),(901,902,903),(904,905,906),(907,908,909),(910,911,912),(913,914,915),(916,917,918),(919,920,921),(922,923,924),(925,926,927),(928,929,930),(931,932,933),(934,935,936),(937,938,939),(940,941,942),(943,944,945),(946,947,948),(949,950,951),(952,953,954),(955,956,957),(958,959,960),(961,962,963),(964,965,966),(967,968,969),(970,971,972),(973,974,975),(976,977,978),(979,980,981),(982,983,984),(985,986,987),(988,989,990),(991,992,993),(994,995,996),(997,998,999),(1000,1001,1002),(1003,1004,1005),(1006,1007,1008),(1009,1010,1011),(1012,1013,1014),(1015,1016,1017),(1018,1019,1020),(1021,1022,1023),(1024,1025,1026),(1027,1028,1029),(1030,1031,1032),(1033,1034,1035),(1036,1037,1038),(1039,1040,1041),(1042,1043,1044),(1045,1046,1047),(1048,1049,1050),(1051,1052,1053),(1054,1055,1056),(1057,1058,1059),(1060,1061,1062),(1063,1064,1065),(1066,1067,1068),(1069,1070,1071),(1072,1073,1074),(1075,1076,1077),(1078,1079,1080),(1081,1082,1083),(1084,1085,1086),(1087,1088,1089),(1090,1091,1092),(1093,1094,1095),(1096,1097,1098),(1099,1100,1101),(1102,1103,1104),(1105,1106,1107),(1108,1109,1110),(1111,1112,1113),(1114,1115,1116),(1117,1118,1119),(1120,1121,1122),(1123,1124,1125),(1126,1127,1128),(1129,1130,1131),(1132,1133,1134),(1135,1136,1137),(1138,1139,1140),(1141,1142,1143),(1144,1145,1146),(1147,1148,1149),(1150,1151,1152),(1153,1154,1155),(1156,1157,1158),(1159,1160,1161),(1162,1163,1164),(1165,1166,1167),(1168,1169,1170),(1171,1172,1173),(1174,1175,1176),(1177,1178,1179),(1180,1181,1182),(1183,1184,1185),(1186,1187,1188),(1189,1190,1191),(1192,1193,1194),(1195,1196,1197),(1198,1199,1200),(1201,1202,1203),(1204,1205,1206),(1207,1208,1209),(1210,1211,1212),(1213,1214,1215),(1216,1217,1218),(1219,1220,1221),(1222,1223,1224),(1225,1226,1227),(1228,1229,1230),(1231,1232,1233),(1234,1235,1236),(1237,1238,1239),(1240,1241,1242),(1243,1244,1245),(1246,1247,1248),(1249,1250,1251),(1252,1253,1254),(1255,1256,1257),(1258,1259,1260),(1261,1262,1263),(1264,1265,1266),(1267,1268,1269),(1270,1271,1272),(1273,1274,1275),(1276,1277,1278),(1279,1280,1281),(1282,1283,1284),(1285,1286,1287),(1288,1289,1290),(1291,1292,1293),(1294,1295,1296),(1297,1298,1299),(1300,1301,1302),(1303,1304,1305),(1306,1307,1308),(1309,1310,1311),(1312,1313,1314),(1315,1316,1317),(1318,1319,1320),(1321,1322,1323),(1324,1325,1326),(1327,1328,1329),(1330,1331,1332),(1333,1334,1335),(1336,1337,1338),(1339,1340,1341),(1342,1343,1344),(1345,1346,1347),(1348,1349,1350),(1351,1352,1353),(1354,1355,1356),(1357,1358,1359),(1360,1361,1362),(1363,1364,1365),(1366,1367,1368),(1369,1370,1371),(1372,1373,1374),(1375,1376,1377),(1378,1379,1380),(1381,1382,1383),(1384,1385,1386),(1387,1388,1389),(1390,1391,1392),(1393,1394,1395),(1396,1397,1398),(1399,1400,1401),(1402,1403,1404),(1405,1406,1407),(1408,1409,1410),(1411,1412,1413),(1414,1415,1416),(1417,1418,1419),(1420,1421,1422),(1423,1424,1425),(1426,1427,1428),(1429,1430,1431),(1432,1433,1434),(1435,1436,1437),(1438,1439,1440),(1441,1442,1443),(1444,1445,1446),(1447,1448,1449),(1450,1451,1452),(1453,1454,1455),(1456,1457,1458),(1459,1460,1461),(1462,1463,1464),(1465,1466,1467),(1468,1469,1470),(1471,1472,1473),(1474,1475,1476),(1477,1478,1479),(1480,1481,1482),(1483,1484,1485),(1486,1487,1488),(1489,1490,1491),(1492,1493,1494),(1495,1496,1497),(1498,1499,1500),(1501,1502,1503),(1504,1505,1506),(1507,1508,1509),(1510,1511,1512),(1513,1514,1515),(1516,1517,1518),(1519,1520,1521),(1522,1523,1524),(1525,1526,1527),(1528,1529,1530),(1531,1532,1533),(1534,1535,1536),(1537,1538,1539),(1540,1541,1542),(1543,1544,1545),(1546,1547,1548),(1549,1550,1551),(1552,1553,1554),(1555,1556,1557),(1558,1559,1560),(1561,1562,1563),(1564,1565,1566),(1567,1568,1569),(1570,1571,1572),(1573,1574,1575),(1576,1577,1578),(1579,1580,1581),(1582,1583,1584),(1585,1586,1587),(1588,1589,1590),(1591,1592,1593),(1594,1595,1596),(1597,1598,1599),(1600,1601,1602),(1603,1604,1605),(1606,1607,1608),(1609,1610,1611),(1612,1613,1614),(1615,1616,1617),(1618,1619,1620),(1621,1622,1623),(1624,1625,1626),(1627,1628,1629),(1630,1631,1632),(1633,1634,1635),(1636,1637,1638),(1639,1640,1641),(1642,1643,1644),(1645,1646,1647),(1648,1649,1650),(1651,1652,1653),(1654,1655,1656),(1657,1658,1659),(1660,1661,1662),(1663,1664,1665),(1666,1667,1668),(1669,1670,1671),(1672,1673,1674),(1675,1676,1677),(1678,1679,1680),(1681,1682,1683),(1684,1685,1686),(1687,1688,1689),(1690,1691,1692),(1693,1694,1695),(1696,1697,1698),(1699,1700,1701),(1702,1703,1704),(1705,1706,1707),(1708,1709,1710),(1711,1712,1713),(1714,1715,1716),(1717,1718,1719),(1720,1721,1722),(1723,1724,1725),(1726,1727,1728),(1729,1730,1731),(1732,1733,1734),(1735,1736,1737),(1738,1739,1740),(1741,1742,1743),(1744,1745,1746),(1747,1748,1749),(1750,1751,1752),(1753,1754,1755),(1756,1757,1758),(1759,1760,1761),(1762,1763,1764),(1765,1766,1767),(1768,1769,1770),(1771,1772,1773),(1774,1775,1776),(1777,1778,1779),(1780,1781,1782),(1783,1784,1785),(1786,1787,1788),(1789,1790,1791),(1792,1793,1794),(1795,1796,1797),(1798,1799,1800),(1801,1802,1803),(1804,1805,1806),(1807,1808,1809),(1810,1811,1812),(1813,1814,1815),(1816,1817,1818),(1819,1820,1821),(1822,1823,1824),(1825,1826,1827),(1828,1829,1830),(1831,1832,1833),(1834,1835,1836),(1837,1838,1839),(1840,1841,1842),(1843,1844,1845),(1846,1847,1848),(1849,1850,1851),(1852,1853,1854),(1855,1856,1857),(1858,1859,1860),(1861,1862,1863),(1864,1865,1866),(1867,1868,1869),(1870,1871,1872),(1873,1874,1875),(1876,1877,1878),(1879,1880,1881),(1882,1883,1884),(1885,1886,1887),(1888,1889,1890),(1891,1892,1893),(1894,1895,1896),(1897,1898,1899),(1900,1901,1902),(1903,1904,1905),(1906,1907,1908),(1909,1910,1911),(1912,1913,1914),(1915,1916,1917),(1918,1919,1920),(1921,1922,1923),(1924,1925,1926),(1927,1928,1929),(1930,1931,1932),(1933,1934,1935),(1936,1937,1938),(1939,1940,1941),(1942,1943,1944),(1945,1946,1947),(1948,1949,1950),(1951,1952,1953),(1954,1955,1956),(1957,1958,1959),(1960,1961,1962),(1963,1964,1965),(1966,1967,1968),(1969,1970,1971),(1972,1973,1974),(1975,1976,1977),(1978,1979,1980),(1981,1982,1983),(1984,1985,1986),(1987,1988,1989),(1990,1991,1992),(1993,1994,1995),(1996,1997,1998),(1999,2000,2001),(2002,2003,2004),(2005,2006,2007),(2008,2009,2010),(2011,2012,2013),(2014,2015,2016),(2017,2018,2019),(2020,2021,2022),(2023,2024,2025),(2026,2027,2028),(2029,2030,2031),(2032,2033,2034),(2035,2036,2037),(2038,2039,2040),(2041,2042,2043),(2044,2045,2046),(2047,2048,2049),(2050,2051,2052),(2053,2054,2055),(2056,2057,2058),(2059,2060,2061),(2062,2063,2064),(2065,2066,2067),(2068,2069,2070),(2071,2072,2073),(2074,2075,2076),(2077,2078,2079),(2080,2081,2082),(2083,2084,2085),(2086,2087,2088),(2089,2090,2091),(2092,2093,2094),(2095,2096,2097),(2098,2099,2100),(2101,2102,2103),(2104,2105,2106),(2107,2108,2109),(2110,2111,2112),(2113,2114,2115),(2116,2117,2118),(2119,2120,2121),(2122,2123,2124),(2125,2126,2127),(2128,2129,2130),(2131,2132,2133),(2134,2135,2136),(2137,2138,2139),(2140,2141,2142),(2143,2144,2145),(2146,2147,2148),(2149,2150,2151),(2152,2153,2154),(2155,2156,2157),(2158,2159,2160),(2161,2162,2163),(2164,2165,2166),(2167,2168,2169),(2170,2171,2172),(2173,2174,2175),(2176,2177,2178),(2179,2180,2181),(2182,2183,2184),(2185,2186,2187),(2188,2189,2190),(2191,2192,2193),(2194,2195,2196),(2197,2198,2199),(2200,2201,2202),(2203,2204,2205),(2206,2207,2208),(2209,2210,2211),(2212,2213,2214),(2215,2216,2217),(2218,2219,2220),(2221,2222,2223),(2224,2225,2226),(2227,2228,2229),(2230,2231,2232),(2233,2234,2235),(2236,2237,2238),(2239,2240,2241),(2242,2243,2244)));
#1963=TESSELLATED_GEOMETRIC_SET('hole callout',(#1962));
#1964=COORDINATES_LIST('coordinates',5,((-0.0779289,-0.0370711,-0.2850000),(-0.0492701,-0.0370711,-0.2850000),(-0.1129289,-0.0070711,-0.2850000),(-0.0829289,-0.0370711,-0.2850000),(-0.0779289,-0.0370711,-0.2850000)));
#1965=TESSELLATED_CURVE_SET('curve set',#1964,((1,2),(3,4,5)));
#1966=TESSELLATED_GEOMETRIC_SET('hole callout',(#1965));
#1967=TESSELLATED_ANNOTATION_OCCURRENCE('hole callout',(#1960),#1963);
#1968=TESSELLATED_ANNOTATION_OCCURRENCE('hole callout',(#1960),#1966);
#1969=DRAUGHTING_CALLOUT('hole callout',(#1967,#1968));
#1970=DRAUGHTING_MODEL_ITEM_ASSOCIATION('','',#1928,#1956,#1969);
#1971=DRAUGHTING_MODEL_ITEM_ASSOCIATION('','',#1926,#1956,#1969);
#1972=SHAPE_ASPECT('hole_callout.FgJ4Ho6Mrlvr42a_1.JHD.1',$,#1916,.T.);
#1973=GEOMETRIC_ITEM_SPECIFIC_USAGE('','',#1972,#11,#1175);
#1974=DIMENSIONAL_SIZE(#1972,'diameter');
#1975=(
LENGTH_UNIT()
NAMED_UNIT(*)
SI_UNIT($,.METRE.)
);
#1977=PRECISION_QUALIFIER(3);
#1976=(
LENGTH_MEASURE_WITH_UNIT()
MEASURE_REPRESENTATION_ITEM()
MEASURE_WITH_UNIT(POSITIVE_LENGTH_MEASURE(0.045),#1975)
QUALIFIED_REPRESENTATION_ITEM((#1977))
REPRESENTATION_ITEM('nominal value')
);
#1978=COMPOUND_REPRESENTATION_ITEM('modifiers',SET_REPRESENTATION_ITEM((#1979)));
#1979=DESCRIPTIVE_REPRESENTATION_ITEM('dimensional note','diameter');
#1980=SHAPE_DIMENSION_REPRESENTATION('',(#1976,#1978),#1911);
#1981=DIMENSIONAL_CHARACTERISTIC_REPRESENTATION(#1974,#1980);
#1982=PRESENTATION_STYLE_ASSIGNMENT((NULL_STYLE(.NULL.)));
#1983=CARTESIAN_POINT('',(0.65,9.52503066003498E-18,-0.535));
#1984=DIRECTION('',(0.,0.,-1.));
#1985=DIRECTION('',(1.,0.,0.));
#1986=AXIS2_PLACEMENT_3D('',#1983,#1984,#1985);
#1987=PLANE('',#1986);
#1988=ANNOTATION_PLANE('',(#1982),#1987,(#2014));
#1989=CARTESIAN_POINT('',(0.,0.,0.));
#1990=DIRECTION('',(0.,0.,1.));
#1991=DIRECTION('',(1.,0.,0.));
#1992=AXIS2_PLACEMENT_3D('',#1989,#1990,#1991);
#1993=CARTESIAN_POINT('',(0.,0.,0.));
#1994=DIRECTION('',(0.,0.,1.));
#1995=DIRECTION('',(1.,0.,0.));
#1996=AXIS2_PLACEMENT_3D('',#1993,#1994,#1995);
#1997=SHAPE_REPRESENTATION('',(#1996,#1205),#1911);
#1998=REPRESENTATION_MAP(#1992,#1997);
#1999=MAPPED_ITEM('',#1998,#1992);
#2000=PRESENTATION_STYLE_ASSIGNMENT((NULL_STYLE(.NULL.)));
#2001=STYLED_ITEM('',(#2000),#1999);
#2002=DRAUGHTING_PRE_DEFINED_CURVE_FONT('continuous');
#2003=COLOUR_RGB('',0.,0.,0.);
#2004=CURVE_STYLE('',#2002,POSITIVE_LENGTH_MEASURE(0.02),#2003);
#2005=PRESENTATION_STYLE_ASSIGNMENT((#2004));
#2006=COORDINATES_LIST('coordinates',2442,((0.6659099,-0.0159099,-0.5350000),(0.6673241,-0.0187383,-0.5350000),(0.6687383,-0.0173241,-0.5350000),(0.7396259,-0.0860936,-0.5350000),(0.7397230,-0.0860530,-0.5350000),(0.7398210,-0.0860177,-0.5350000),(0.7396259,-0.0860936,-0.5350000),(0.7398210,-0.0860177,-0.5350000),(0.7399200,-0.0859879,-0.5350000),(0.7396259,-0.0860936,-0.5350000),(0.7399200,-0.0859879,-0.5350000),(0.7400199,-0.0859635,-0.5350000),(0.7396259,-0.0860936,-0.5350000),(0.7400199,-0.0859635,-0.5350000),(0.7401208,-0.0859445,-0.5350000),(0.7396259,-0.0860936,-0.5350000),(0.7401208,-0.0859445,-0.5350000),(0.7402226,-0.0859309,-0.5350000),(0.7396259,-0.0860936,-0.5350000),(0.7402226,-0.0859309,-0.5350000),(0.7403254,-0.0859228,-0.5350000),(0.7396259,-0.0860936,-0.5350000),(0.7403254,-0.0859228,-0.5350000),(0.7404292,-0.0859201,-0.5350000),(0.7396259,-0.0860936,-0.5350000),(0.7404292,-0.0859201,-0.5350000),(0.7405650,-0.0859244,-0.5350000),(0.7396259,-0.0860936,-0.5350000),(0.7405650,-0.0859244,-0.5350000),(0.7406982,-0.0859373,-0.5350000),(0.7396259,-0.0860936,-0.5350000),(0.7406982,-0.0859373,-0.5350000),(0.7408289,-0.0859589,-0.5350000),(0.7396259,-0.0860936,-0.5350000),(0.7408289,-0.0859589,-0.5350000),(0.7409570,-0.0859891,-0.5350000),(0.7396259,-0.0860936,-0.5350000),(0.7409570,-0.0859891,-0.5350000),(0.7410826,-0.0860280,-0.5350000),(0.7396259,-0.0860936,-0.5350000),(0.7410826,-0.0860280,-0.5350000),(0.7412057,-0.0860754,-0.5350000),(0.7396259,-0.0860936,-0.5350000),(0.7412057,-0.0860754,-0.5350000),(0.7413262,-0.0861316,-0.5350000),(0.7396259,-0.0860936,-0.5350000),(0.7413262,-0.0861316,-0.5350000),(0.7414441,-0.0861963,-0.5350000),(0.7396259,-0.0860936,-0.5350000),(0.7414441,-0.0861963,-0.5350000),(0.7415577,-0.0862687,-0.5350000),(0.7396259,-0.0860936,-0.5350000),(0.7415577,-0.0862687,-0.5350000),(0.7416651,-0.0863472,-0.5350000),(0.7396259,-0.0860936,-0.5350000),(0.7416651,-0.0863472,-0.5350000),(0.7417662,-0.0864319,-0.5350000),(0.7396259,-0.0860936,-0.5350000),(0.7417662,-0.0864319,-0.5350000),(0.7418611,-0.0865228,-0.5350000),(0.7396259,-0.0860936,-0.5350000),(0.7418611,-0.0865228,-0.5350000),(0.7419498,-0.0866198,-0.5350000),(0.7419498,-0.0866198,-0.5350000),(0.7420323,-0.0867229,-0.5350000),(0.7421086,-0.0868323,-0.5350000),(0.7419498,-0.0866198,-0.5350000),(0.7421086,-0.0868323,-0.5350000),(0.7421786,-0.0869477,-0.5350000),(0.7419498,-0.0866198,-0.5350000),(0.7421786,-0.0869477,-0.5350000),(0.7422416,-0.0870675,-0.5350000),(0.7419498,-0.0866198,-0.5350000),(0.7422416,-0.0870675,-0.5350000),(0.7422962,-0.0871897,-0.5350000),(0.7419498,-0.0866198,-0.5350000),(0.7422962,-0.0871897,-0.5350000),(0.7423424,-0.0873145,-0.5350000),(0.7419498,-0.0866198,-0.5350000),(0.7423424,-0.0873145,-0.5350000),(0.7423802,-0.0874417,-0.5350000),(0.7419498,-0.0866198,-0.5350000),(0.7423802,-0.0874417,-0.5350000),(0.7424096,-0.0875714,-0.5350000),(0.7419498,-0.0866198,-0.5350000),(0.7424096,-0.0875714,-0.5350000),(0.7424306,-0.0877036,-0.5350000),(0.7419498,-0.0866198,-0.5350000),(0.7424306,-0.0877036,-0.5350000),(0.7424432,-0.0878382,-0.5350000),(0.7419498,-0.0866198,-0.5350000),(0.7424432,-0.0878382,-0.5350000),(0.7424474,-0.0879754,-0.5350000),(0.7419498,-0.0866198,-0.5350000),(0.7424474,-0.0879754,-0.5350000),(0.7424432,-0.0881070,-0.5350000),(0.7419498,-0.0866198,-0.5350000),(0.7424432,-0.0881070,-0.5350000),(0.7424306,-0.0882378,-0.5350000),(0.7419498,-0.0866198,-0.5350000),(0.7424306,-0.0882378,-0.5350000),(0.7424096,-0.0883679,-0.5350000),(0.7419498,-0.0866198,-0.5350000),(0.7424096,-0.0883679,-0.5350000),(0.7423802,-0.0884971,-0.5350000),(0.7419498,-0.0866198,-0.5350000),(0.7423802,-0.0884971,-0.5350000),(0.7423424,-0.0886256,-0.5350000),(0.7419498,-0.0866198,-0.5350000),(0.7423424,-0.0886256,-0.5350000),(0.7422962,-0.0887532,-0.5350000),(0.7422962,-0.0887532,-0.5350000),(0.7419045,-0.0886117,-0.5350000),(0.7419410,-0.0885139,-0.5350000),(0.7422962,-0.0887532,-0.5350000),(0.7419410,-0.0885139,-0.5350000),(0.7419709,-0.0884127,-0.5350000),(0.7422962,-0.0887532,-0.5350000),(0.7419709,-0.0884127,-0.5350000),(0.7419942,-0.0883083,-0.5350000),(0.7422962,-0.0887532,-0.5350000),(0.7419942,-0.0883083,-0.5350000),(0.7420108,-0.0882006,-0.5350000),(0.7422962,-0.0887532,-0.5350000),(0.7420108,-0.0882006,-0.5350000),(0.7420208,-0.0880896,-0.5350000),(0.7422962,-0.0887532,-0.5350000),(0.7420208,-0.0880896,-0.5350000),(0.7420241,-0.0879754,-0.5350000),(0.7422962,-0.0887532,-0.5350000),(0.7420241,-0.0879754,-0.5350000),(0.7420208,-0.0878653,-0.5350000),(0.7419498,-0.0866198,-0.5350000),(0.7422962,-0.0887532,-0.5350000),(0.7420208,-0.0878653,-0.5350000),(0.7419498,-0.0866198,-0.5350000),(0.7420208,-0.0878653,-0.5350000),(0.7420107,-0.0877575,-0.5350000),(0.7419498,-0.0866198,-0.5350000),(0.7420107,-0.0877575,-0.5350000),(0.7419939,-0.0876518,-0.5350000),(0.7419498,-0.0866198,-0.5350000),(0.7419939,-0.0876518,-0.5350000),(0.7419704,-0.0875483,-0.5350000),(0.7419498,-0.0866198,-0.5350000),(0.7419704,-0.0875483,-0.5350000),(0.7419402,-0.0874470,-0.5350000),(0.7419498,-0.0866198,-0.5350000),(0.7419402,-0.0874470,-0.5350000),(0.7419033,-0.0873479,-0.5350000),(0.7419498,-0.0866198,-0.5350000),(0.7419033,-0.0873479,-0.5350000),(0.7418596,-0.0872510,-0.5350000),(0.7419498,-0.0866198,-0.5350000),(0.7418596,-0.0872510,-0.5350000),(0.7418093,-0.0871562,-0.5350000),(0.7419498,-0.0866198,-0.5350000),(0.7418093,-0.0871562,-0.5350000),(0.7417534,-0.0870650,-0.5350000),(0.7419498,-0.0866198,-0.5350000),(0.7417534,-0.0870650,-0.5350000),(0.7416928,-0.0869787,-0.5350000),(0.7419498,-0.0866198,-0.5350000),(0.7416928,-0.0869787,-0.5350000),(0.7416274,-0.0868972,-0.5350000),(0.7419498,-0.0866198,-0.5350000),(0.7416274,-0.0868972,-0.5350000),(0.7415571,-0.0868207,-0.5350000),(0.7419498,-0.0866198,-0.5350000),(0.7415571,-0.0868207,-0.5350000),(0.7414821,-0.0867491,-0.5350000),(0.7419498,-0.0866198,-0.5350000),(0.7414821,-0.0867491,-0.5350000),(0.7414023,-0.0866823,-0.5350000),(0.7419498,-0.0866198,-0.5350000),(0.7414023,-0.0866823,-0.5350000),(0.7413177,-0.0866205,-0.5350000),(0.7419498,-0.0866198,-0.5350000),(0.7413177,-0.0866205,-0.5350000),(0.7412282,-0.0865635,-0.5350000),(0.7419498,-0.0866198,-0.5350000),(0.7412282,-0.0865635,-0.5350000),(0.7411357,-0.0865124,-0.5350000),(0.7419498,-0.0866198,-0.5350000),(0.7411357,-0.0865124,-0.5350000),(0.7410410,-0.0864682,-0.5350000),(0.7419498,-0.0866198,-0.5350000),(0.7410410,-0.0864682,-0.5350000),(0.7409442,-0.0864307,-0.5350000),(0.7419498,-0.0866198,-0.5350000),(0.7409442,-0.0864307,-0.5350000),(0.7408454,-0.0864000,-0.5350000),(0.7396259,-0.0860936,-0.5350000),(0.7419498,-0.0866198,-0.5350000),(0.7408454,-0.0864000,-0.5350000),(0.7396259,-0.0860936,-0.5350000),(0.7408454,-0.0864000,-0.5350000),(0.7407445,-0.0863762,-0.5350000),(0.7396259,-0.0860936,-0.5350000),(0.7407445,-0.0863762,-0.5350000),(0.7406415,-0.0863591,-0.5350000),(0.7396259,-0.0860936,-0.5350000),(0.7406415,-0.0863591,-0.5350000),(0.7405364,-0.0863489,-0.5350000),(0.7396259,-0.0860936,-0.5350000),(0.7405364,-0.0863489,-0.5350000),(0.7404292,-0.0863455,-0.5350000),(0.7396259,-0.0860936,-0.5350000),(0.7404292,-0.0863455,-0.5350000),(0.7402756,-0.0863526,-0.5350000),(0.7396259,-0.0860936,-0.5350000),(0.7402756,-0.0863526,-0.5350000),(0.7401260,-0.0863738,-0.5350000),(0.7396259,-0.0860936,-0.5350000),(0.7401260,-0.0863738,-0.5350000),(0.7399803,-0.0864092,-0.5350000),(0.7396259,-0.0860936,-0.5350000),(0.7399803,-0.0864092,-0.5350000),(0.7398387,-0.0864588,-0.5350000),(0.7396259,-0.0860936,-0.5350000),(0.7398387,-0.0864588,-0.5350000),(0.7414357,-0.0892422,-0.5350000),(0.7390650,-0.0851189,-0.5350000),(0.7396259,-0.0860936,-0.5350000),(0.7414357,-0.0892422,-0.5350000),(0.7418612,-0.0887063,-0.5350000),(0.7419045,-0.0886117,-0.5350000),(0.7422962,-0.0887532,-0.5350000),(0.7418114,-0.0887977,-0.5350000),(0.7418612,-0.0887063,-0.5350000),(0.7422962,-0.0887532,-0.5350000),(0.7417435,-0.0889017,-0.5350000),(0.7418114,-0.0887977,-0.5350000),(0.7422962,-0.0887532,-0.5350000),(0.7416582,-0.0890104,-0.5350000),(0.7417435,-0.0889017,-0.5350000),(0.7422962,-0.0887532,-0.5350000),(0.7416091,-0.0890666,-0.5350000),(0.7416582,-0.0890104,-0.5350000),(0.7422962,-0.0887532,-0.5350000),(0.7415556,-0.0891239,-0.5350000),(0.7416091,-0.0890666,-0.5350000),(0.7422962,-0.0887532,-0.5350000),(0.7414978,-0.0891824,-0.5350000),(0.7415556,-0.0891239,-0.5350000),(0.7422962,-0.0887532,-0.5350000),(0.7414357,-0.0892422,-0.5350000),(0.7414978,-0.0891824,-0.5350000),(0.7422962,-0.0887532,-0.5350000),(0.7414357,-0.0892422,-0.5350000),(0.7422962,-0.0887532,-0.5350000),(0.7422416,-0.0888801,-0.5350000),(0.7414357,-0.0892422,-0.5350000),(0.7422416,-0.0888801,-0.5350000),(0.7421786,-0.0890062,-0.5350000),(0.7414357,-0.0892422,-0.5350000),(0.7421786,-0.0890062,-0.5350000),(0.7421284,-0.0890929,-0.5350000),(0.7414357,-0.0892422,-0.5350000),(0.7421284,-0.0890929,-0.5350000),(0.7420737,-0.0891763,-0.5350000),(0.7414357,-0.0892422,-0.5350000),(0.7420737,-0.0891763,-0.5350000),(0.7420143,-0.0892564,-0.5350000),(0.7414357,-0.0892422,-0.5350000),(0.7420143,-0.0892564,-0.5350000),(0.7419503,-0.0893332,-0.5350000),(0.7414357,-0.0892422,-0.5350000),(0.7419503,-0.0893332,-0.5350000),(0.7418817,-0.0894067,-0.5350000),(0.7414357,-0.0892422,-0.5350000),(0.7418817,-0.0894067,-0.5350000),(0.7418085,-0.0894769,-0.5350000),(0.7414357,-0.0892422,-0.5350000),(0.7418085,-0.0894769,-0.5350000),(0.7417308,-0.0895437,-0.5350000),(0.7414357,-0.0892422,-0.5350000),(0.7417308,-0.0895437,-0.5350000),(0.7416484,-0.0896073,-0.5350000),(0.7414357,-0.0892422,-0.5350000),(0.7416484,-0.0896073,-0.5350000),(0.7421903,-0.0905598,-0.5350000),(0.7390650,-0.0851189,-0.5350000),(0.7414357,-0.0892422,-0.5350000),(0.7421903,-0.0905598,-0.5350000),(0.7390650,-0.0851189,-0.5350000),(0.7421903,-0.0905598,-0.5350000),(0.7422188,-0.0906635,-0.5350000),(0.7390650,-0.0851189,-0.5350000),(0.7422188,-0.0906635,-0.5350000),(0.7422114,-0.0907238,-0.5350000),(0.7390650,-0.0851189,-0.5350000),(0.7422114,-0.0907238,-0.5350000),(0.7421728,-0.0907990,-0.5350000),(0.7390650,-0.0851189,-0.5350000),(0.7421728,-0.0907990,-0.5350000),(0.7421077,-0.0908530,-0.5350000),(0.7390650,-0.0851189,-0.5350000),(0.7421077,-0.0908530,-0.5350000),(0.7420051,-0.0908837,-0.5350000),(0.7390650,-0.0851189,-0.5350000),(0.7420051,-0.0908837,-0.5350000),(0.7419447,-0.0908762,-0.5350000),(0.7390650,-0.0851189,-0.5350000),(0.7419447,-0.0908762,-0.5350000),(0.7418691,-0.0908376,-0.5350000),(0.7390650,-0.0851189,-0.5350000),(0.7418691,-0.0908376,-0.5350000),(0.7418135,-0.0907725,-0.5350000),(0.7390650,-0.0851189,-0.5350000),(0.7418135,-0.0907725,-0.5350000),(0.7412780,-0.0898444,-0.5350000),(0.7412780,-0.0898444,-0.5350000),(0.7411774,-0.0898888,-0.5350000),(0.7410735,-0.0899272,-0.5350000),(0.7412780,-0.0898444,-0.5350000),(0.7410735,-0.0899272,-0.5350000),(0.7409662,-0.0899598,-0.5350000),(0.7412780,-0.0898444,-0.5350000),(0.7409662,-0.0899598,-0.5350000),(0.7408557,-0.0899865,-0.5350000),(0.7412780,-0.0898444,-0.5350000),(0.7408557,-0.0899865,-0.5350000),(0.7407419,-0.0900072,-0.5350000),(0.7412780,-0.0898444,-0.5350000),(0.7407419,-0.0900072,-0.5350000),(0.7406247,-0.0900220,-0.5350000),(0.7412780,-0.0898444,-0.5350000),(0.7406247,-0.0900220,-0.5350000),(0.7405043,-0.0900309,-0.5350000),(0.7412780,-0.0898444,-0.5350000),(0.7405043,-0.0900309,-0.5350000),(0.7403805,-0.0900338,-0.5350000),(0.7412780,-0.0898444,-0.5350000),(0.7403805,-0.0900338,-0.5350000),(0.7402559,-0.0900295,-0.5350000),(0.7412780,-0.0898444,-0.5350000),(0.7402559,-0.0900295,-0.5350000),(0.7401324,-0.0900165,-0.5350000),(0.7412780,-0.0898444,-0.5350000),(0.7401324,-0.0900165,-0.5350000),(0.7400100,-0.0899948,-0.5350000),(0.7412780,-0.0898444,-0.5350000),(0.7400100,-0.0899948,-0.5350000),(0.7398887,-0.0899645,-0.5350000),(0.7412780,-0.0898444,-0.5350000),(0.7398887,-0.0899645,-0.5350000),(0.7397684,-0.0899255,-0.5350000),(0.7412780,-0.0898444,-0.5350000),(0.7397684,-0.0899255,-0.5350000),(0.7396493,-0.0898778,-0.5350000),(0.7412780,-0.0898444,-0.5350000),(0.7396493,-0.0898778,-0.5350000),(0.7395312,-0.0898215,-0.5350000),(0.7412780,-0.0898444,-0.5350000),(0.7395312,-0.0898215,-0.5350000),(0.7394143,-0.0897565,-0.5350000),(0.7412780,-0.0898444,-0.5350000),(0.7394143,-0.0897565,-0.5350000),(0.7393012,-0.0896844,-0.5350000),(0.7412780,-0.0898444,-0.5350000),(0.7393012,-0.0896844,-0.5350000),(0.7391941,-0.0896060,-0.5350000),(0.7412780,-0.0898444,-0.5350000),(0.7391941,-0.0896060,-0.5350000),(0.7390932,-0.0895214,-0.5350000),(0.7412780,-0.0898444,-0.5350000),(0.7390932,-0.0895214,-0.5350000),(0.7389983,-0.0894306,-0.5350000),(0.7412780,-0.0898444,-0.5350000),(0.7389983,-0.0894306,-0.5350000),(0.7389096,-0.0893335,-0.5350000),(0.7389096,-0.0893335,-0.5350000),(0.7388269,-0.0892303,-0.5350000),(0.7387503,-0.0891208,-0.5350000),(0.7389096,-0.0893335,-0.5350000),(0.7387503,-0.0891208,-0.5350000),(0.7386798,-0.0890051,-0.5350000),(0.7389096,-0.0893335,-0.5350000),(0.7386798,-0.0890051,-0.5350000),(0.7386165,-0.0888853,-0.5350000),(0.7389096,-0.0893335,-0.5350000),(0.7386165,-0.0888853,-0.5350000),(0.7385617,-0.0887630,-0.5350000),(0.7389096,-0.0893335,-0.5350000),(0.7385617,-0.0887630,-0.5350000),(0.7385153,-0.0886381,-0.5350000),(0.7389096,-0.0893335,-0.5350000),(0.7385153,-0.0886381,-0.5350000),(0.7384774,-0.0885106,-0.5350000),(0.7389096,-0.0893335,-0.5350000),(0.7384774,-0.0885106,-0.5350000),(0.7384479,-0.0883806,-0.5350000),(0.7389096,-0.0893335,-0.5350000),(0.7384479,-0.0883806,-0.5350000),(0.7384268,-0.0882481,-0.5350000),(0.7389096,-0.0893335,-0.5350000),(0.7384268,-0.0882481,-0.5350000),(0.7384141,-0.0881130,-0.5350000),(0.7389096,-0.0893335,-0.5350000),(0.7384141,-0.0881130,-0.5350000),(0.7384099,-0.0879754,-0.5350000),(0.7389096,-0.0893335,-0.5350000),(0.7384099,-0.0879754,-0.5350000),(0.7384141,-0.0878373,-0.5350000),(0.7389096,-0.0893335,-0.5350000),(0.7384141,-0.0878373,-0.5350000),(0.7384267,-0.0877020,-0.5350000),(0.7389096,-0.0893335,-0.5350000),(0.7384267,-0.0877020,-0.5350000),(0.7384477,-0.0875694,-0.5350000),(0.7389096,-0.0893335,-0.5350000),(0.7384477,-0.0875694,-0.5350000),(0.7384771,-0.0874396,-0.5350000),(0.7389096,-0.0893335,-0.5350000),(0.7384771,-0.0874396,-0.5350000),(0.7385149,-0.0873125,-0.5350000),(0.7389096,-0.0893335,-0.5350000),(0.7385149,-0.0873125,-0.5350000),(0.7385611,-0.0871882,-0.5350000),(0.7389096,-0.0893335,-0.5350000),(0.7385611,-0.0871882,-0.5350000),(0.7386157,-0.0870666,-0.5350000),(0.7389096,-0.0893335,-0.5350000),(0.7386157,-0.0870666,-0.5350000),(0.7386787,-0.0869477,-0.5350000),(0.7386787,-0.0869477,-0.5350000),(0.7390470,-0.0871562,-0.5350000),(0.7389977,-0.0872509,-0.5350000),(0.7386787,-0.0869477,-0.5350000),(0.7389977,-0.0872509,-0.5350000),(0.7389549,-0.0873478,-0.5350000),(0.7386787,-0.0869477,-0.5350000),(0.7389549,-0.0873478,-0.5350000),(0.7389187,-0.0874469,-0.5350000),(0.7386787,-0.0869477,-0.5350000),(0.7389187,-0.0874469,-0.5350000),(0.7388891,-0.0875481,-0.5350000),(0.7386787,-0.0869477,-0.5350000),(0.7388891,-0.0875481,-0.5350000),(0.7388660,-0.0876514,-0.5350000),(0.7386787,-0.0869477,-0.5350000),(0.7388660,-0.0876514,-0.5350000),(0.7388496,-0.0877569,-0.5350000),(0.7386787,-0.0869477,-0.5350000),(0.7388496,-0.0877569,-0.5350000),(0.7388397,-0.0878645,-0.5350000),(0.7386787,-0.0869477,-0.5350000),(0.7388397,-0.0878645,-0.5350000),(0.7388364,-0.0879743,-0.5350000),(0.7386787,-0.0869477,-0.5350000),(0.7388364,-0.0879743,-0.5350000),(0.7388398,-0.0880841,-0.5350000),(0.7389096,-0.0893335,-0.5350000),(0.7386787,-0.0869477,-0.5350000),(0.7388398,-0.0880841,-0.5350000),(0.7389096,-0.0893335,-0.5350000),(0.7388398,-0.0880841,-0.5350000),(0.7388498,-0.0881918,-0.5350000),(0.7389096,-0.0893335,-0.5350000),(0.7388498,-0.0881918,-0.5350000),(0.7388665,-0.0882975,-0.5350000),(0.7389096,-0.0893335,-0.5350000),(0.7388665,-0.0882975,-0.5350000),(0.7388899,-0.0884011,-0.5350000),(0.7389096,-0.0893335,-0.5350000),(0.7388899,-0.0884011,-0.5350000),(0.7389199,-0.0885026,-0.5350000),(0.7389096,-0.0893335,-0.5350000),(0.7389199,-0.0885026,-0.5350000),(0.7389567,-0.0886020,-0.5350000),(0.7389096,-0.0893335,-0.5350000),(0.7389567,-0.0886020,-0.5350000),(0.7390001,-0.0886993,-0.5350000),(0.7389096,-0.0893335,-0.5350000),(0.7390001,-0.0886993,-0.5350000),(0.7390502,-0.0887945,-0.5350000),(0.7389096,-0.0893335,-0.5350000),(0.7390502,-0.0887945,-0.5350000),(0.7391060,-0.0888864,-0.5350000),(0.7389096,-0.0893335,-0.5350000),(0.7391060,-0.0888864,-0.5350000),(0.7391667,-0.0889734,-0.5350000),(0.7389096,-0.0893335,-0.5350000),(0.7391667,-0.0889734,-0.5350000),(0.7392321,-0.0890552,-0.5350000),(0.7389096,-0.0893335,-0.5350000),(0.7392321,-0.0890552,-0.5350000),(0.7393023,-0.0891321,-0.5350000),(0.7389096,-0.0893335,-0.5350000),(0.7393023,-0.0891321,-0.5350000),(0.7393774,-0.0892039,-0.5350000),(0.7389096,-0.0893335,-0.5350000),(0.7393774,-0.0892039,-0.5350000),(0.7394572,-0.0892708,-0.5350000),(0.7389096,-0.0893335,-0.5350000),(0.7394572,-0.0892708,-0.5350000),(0.7395418,-0.0893325,-0.5350000),(0.7389096,-0.0893335,-0.5350000),(0.7395418,-0.0893325,-0.5350000),(0.7396312,-0.0893893,-0.5350000),(0.7389096,-0.0893335,-0.5350000),(0.7396312,-0.0893893,-0.5350000),(0.7397233,-0.0894404,-0.5350000),(0.7389096,-0.0893335,-0.5350000),(0.7397233,-0.0894404,-0.5350000),(0.7398159,-0.0894847,-0.5350000),(0.7389096,-0.0893335,-0.5350000),(0.7398159,-0.0894847,-0.5350000),(0.7399090,-0.0895221,-0.5350000),(0.7389096,-0.0893335,-0.5350000),(0.7399090,-0.0895221,-0.5350000),(0.7400027,-0.0895528,-0.5350000),(0.7389096,-0.0893335,-0.5350000),(0.7400027,-0.0895528,-0.5350000),(0.7400969,-0.0895766,-0.5350000),(0.7412780,-0.0898444,-0.5350000),(0.7389096,-0.0893335,-0.5350000),(0.7400969,-0.0895766,-0.5350000),(0.7412780,-0.0898444,-0.5350000),(0.7400969,-0.0895766,-0.5350000),(0.7401916,-0.0895937,-0.5350000),(0.7412780,-0.0898444,-0.5350000),(0.7401916,-0.0895937,-0.5350000),(0.7402869,-0.0896039,-0.5350000),(0.7412780,-0.0898444,-0.5350000),(0.7402869,-0.0896039,-0.5350000),(0.7403826,-0.0896073,-0.5350000),(0.7412780,-0.0898444,-0.5350000),(0.7403826,-0.0896073,-0.5350000),(0.7403890,-0.0896073,-0.5350000),(0.7412780,-0.0898444,-0.5350000),(0.7403890,-0.0896073,-0.5350000),(0.7404827,-0.0896052,-0.5350000),(0.7412780,-0.0898444,-0.5350000),(0.7404827,-0.0896052,-0.5350000),(0.7405739,-0.0895990,-0.5350000),(0.7412780,-0.0898444,-0.5350000),(0.7405739,-0.0895990,-0.5350000),(0.7406625,-0.0895886,-0.5350000),(0.7412780,-0.0898444,-0.5350000),(0.7406625,-0.0895886,-0.5350000),(0.7407486,-0.0895740,-0.5350000),(0.7412780,-0.0898444,-0.5350000),(0.7407486,-0.0895740,-0.5350000),(0.7408321,-0.0895552,-0.5350000),(0.7412780,-0.0898444,-0.5350000),(0.7408321,-0.0895552,-0.5350000),(0.7409131,-0.0895323,-0.5350000),(0.7412780,-0.0898444,-0.5350000),(0.7409131,-0.0895323,-0.5350000),(0.7409915,-0.0895052,-0.5350000),(0.7412780,-0.0898444,-0.5350000),(0.7409915,-0.0895052,-0.5350000),(0.7410674,-0.0894740,-0.5350000),(0.7390650,-0.0851189,-0.5350000),(0.7412780,-0.0898444,-0.5350000),(0.7410674,-0.0894740,-0.5350000),(0.7390650,-0.0851189,-0.5350000),(0.7410674,-0.0894740,-0.5350000),(0.7394629,-0.0866789,-0.5350000),(0.7390650,-0.0851189,-0.5350000),(0.7394629,-0.0866789,-0.5350000),(0.7393425,-0.0867818,-0.5350000),(0.7390894,-0.0870869,-0.5350000),(0.7390470,-0.0871562,-0.5350000),(0.7386787,-0.0869477,-0.5350000),(0.7391345,-0.0870204,-0.5350000),(0.7390894,-0.0870869,-0.5350000),(0.7386787,-0.0869477,-0.5350000),(0.7392330,-0.0868956,-0.5350000),(0.7391345,-0.0870204,-0.5350000),(0.7386787,-0.0869477,-0.5350000),(0.7393425,-0.0867818,-0.5350000),(0.7392330,-0.0868956,-0.5350000),(0.7386787,-0.0869477,-0.5350000),(0.7393425,-0.0867818,-0.5350000),(0.7386787,-0.0869477,-0.5350000),(0.7387367,-0.0868527,-0.5350000),(0.7393425,-0.0867818,-0.5350000),(0.7387367,-0.0868527,-0.5350000),(0.7387983,-0.0867617,-0.5350000),(0.7393425,-0.0867818,-0.5350000),(0.7387983,-0.0867617,-0.5350000),(0.7388637,-0.0866749,-0.5350000),(0.7393425,-0.0867818,-0.5350000),(0.7388637,-0.0866749,-0.5350000),(0.7389327,-0.0865921,-0.5350000),(0.7393425,-0.0867818,-0.5350000),(0.7389327,-0.0865921,-0.5350000),(0.7390055,-0.0865135,-0.5350000),(0.7393425,-0.0867818,-0.5350000),(0.7390055,-0.0865135,-0.5350000),(0.7390819,-0.0864389,-0.5350000),(0.7393425,-0.0867818,-0.5350000),(0.7390819,-0.0864389,-0.5350000),(0.7391621,-0.0863685,-0.5350000),(0.7393425,-0.0867818,-0.5350000),(0.7391621,-0.0863685,-0.5350000),(0.7392460,-0.0863021,-0.5350000),(0.7390650,-0.0851189,-0.5350000),(0.7393425,-0.0867818,-0.5350000),(0.7392460,-0.0863021,-0.5350000),(0.7390650,-0.0851189,-0.5350000),(0.7392460,-0.0863021,-0.5350000),(0.7386904,-0.0853316,-0.5350000),(0.7390650,-0.0851189,-0.5350000),(0.7386904,-0.0853316,-0.5350000),(0.7386628,-0.0852300,-0.5350000),(0.7390650,-0.0851189,-0.5350000),(0.7386628,-0.0852300,-0.5350000),(0.7386692,-0.0851697,-0.5350000),(0.7390650,-0.0851189,-0.5350000),(0.7386692,-0.0851697,-0.5350000),(0.7387084,-0.0850927,-0.5350000),(0.7390650,-0.0851189,-0.5350000),(0.7387084,-0.0850927,-0.5350000),(0.7387708,-0.0850374,-0.5350000),(0.7390650,-0.0851189,-0.5350000),(0.7387708,-0.0850374,-0.5350000),(0.7388756,-0.0850099,-0.5350000),(0.7390650,-0.0851189,-0.5350000),(0.7388756,-0.0850099,-0.5350000),(0.7389359,-0.0850173,-0.5350000),(0.7390650,-0.0851189,-0.5350000),(0.7389359,-0.0850173,-0.5350000),(0.7390084,-0.0850528,-0.5350000),(0.7486175,-0.0870280,-0.5350000),(0.7486228,-0.0871604,-0.5350000),(0.7486228,-0.0888506,-0.5350000),(0.7486175,-0.0870280,-0.5350000),(0.7486228,-0.0888506,-0.5350000),(0.7486175,-0.0889812,-0.5350000),(0.7486175,-0.0870280,-0.5350000),(0.7486175,-0.0889812,-0.5350000),(0.7486016,-0.0891059,-0.5350000),(0.7486175,-0.0870280,-0.5350000),(0.7486016,-0.0891059,-0.5350000),(0.7485750,-0.0892245,-0.5350000),(0.7486175,-0.0870280,-0.5350000),(0.7485750,-0.0892245,-0.5350000),(0.7485379,-0.0893372,-0.5350000),(0.7486175,-0.0870280,-0.5350000),(0.7485379,-0.0893372,-0.5350000),(0.7484901,-0.0894438,-0.5350000),(0.7486175,-0.0870280,-0.5350000),(0.7484901,-0.0894438,-0.5350000),(0.7484317,-0.0895445,-0.5350000),(0.7486175,-0.0870280,-0.5350000),(0.7484317,-0.0895445,-0.5350000),(0.7483627,-0.0896392,-0.5350000),(0.7486175,-0.0870280,-0.5350000),(0.7483627,-0.0896392,-0.5350000),(0.7482831,-0.0897280,-0.5350000),(0.7486175,-0.0870280,-0.5350000),(0.7482831,-0.0897280,-0.5350000),(0.7482064,-0.0897996,-0.5350000),(0.7486175,-0.0870280,-0.5350000),(0.7482064,-0.0897996,-0.5350000),(0.7481267,-0.0898618,-0.5350000),(0.7486175,-0.0870280,-0.5350000),(0.7481267,-0.0898618,-0.5350000),(0.7480438,-0.0899143,-0.5350000),(0.7480438,-0.0899143,-0.5350000),(0.7479579,-0.0899573,-0.5350000),(0.7478689,-0.0899908,-0.5350000),(0.7480438,-0.0899143,-0.5350000),(0.7478689,-0.0899908,-0.5350000),(0.7477769,-0.0900147,-0.5350000),(0.7480438,-0.0899143,-0.5350000),(0.7477769,-0.0900147,-0.5350000),(0.7476817,-0.0900290,-0.5350000),(0.7480438,-0.0899143,-0.5350000),(0.7476817,-0.0900290,-0.5350000),(0.7475835,-0.0900338,-0.5350000),(0.7480438,-0.0899143,-0.5350000),(0.7475835,-0.0900338,-0.5350000),(0.7474865,-0.0900290,-0.5350000),(0.7480438,-0.0899143,-0.5350000),(0.7474865,-0.0900290,-0.5350000),(0.7473920,-0.0900147,-0.5350000),(0.7480438,-0.0899143,-0.5350000),(0.7473920,-0.0900147,-0.5350000),(0.7473003,-0.0899908,-0.5350000),(0.7480438,-0.0899143,-0.5350000),(0.7473003,-0.0899908,-0.5350000),(0.7472113,-0.0899573,-0.5350000),(0.7480438,-0.0899143,-0.5350000),(0.7472113,-0.0899573,-0.5350000),(0.7471249,-0.0899143,-0.5350000),(0.7480438,-0.0899143,-0.5350000),(0.7471249,-0.0899143,-0.5350000),(0.7470412,-0.0898618,-0.5350000),(0.7480438,-0.0899143,-0.5350000),(0.7470412,-0.0898618,-0.5350000),(0.7469602,-0.0897996,-0.5350000),(0.7480438,-0.0899143,-0.5350000),(0.7469602,-0.0897996,-0.5350000),(0.7468819,-0.0897280,-0.5350000),(0.7480438,-0.0899143,-0.5350000),(0.7468819,-0.0897280,-0.5350000),(0.7468022,-0.0896410,-0.5350000),(0.7480438,-0.0899143,-0.5350000),(0.7468022,-0.0896410,-0.5350000),(0.7467332,-0.0895478,-0.5350000),(0.7480438,-0.0899143,-0.5350000),(0.7467332,-0.0895478,-0.5350000),(0.7466748,-0.0894484,-0.5350000),(0.7480438,-0.0899143,-0.5350000),(0.7466748,-0.0894484,-0.5350000),(0.7466271,-0.0893427,-0.5350000),(0.7480438,-0.0899143,-0.5350000),(0.7466271,-0.0893427,-0.5350000),(0.7465899,-0.0892309,-0.5350000),(0.7465899,-0.0892309,-0.5350000),(0.7465634,-0.0891128,-0.5350000),(0.7465474,-0.0889885,-0.5350000),(0.7465899,-0.0892309,-0.5350000),(0.7465474,-0.0889885,-0.5350000),(0.7465421,-0.0888580,-0.5350000),(0.7465899,-0.0892309,-0.5350000),(0.7465421,-0.0888580,-0.5350000),(0.7465421,-0.0888506,-0.5350000),(0.7465899,-0.0892309,-0.5350000),(0.7465421,-0.0888506,-0.5350000),(0.7465421,-0.0871562,-0.5350000),(0.7465899,-0.0892309,-0.5350000),(0.7465421,-0.0871562,-0.5350000),(0.7465474,-0.0870249,-0.5350000),(0.7465899,-0.0892309,-0.5350000),(0.7465474,-0.0870249,-0.5350000),(0.7465634,-0.0868998,-0.5350000),(0.7465899,-0.0892309,-0.5350000),(0.7465634,-0.0868998,-0.5350000),(0.7465899,-0.0867808,-0.5350000),(0.7465899,-0.0892309,-0.5350000),(0.7465899,-0.0867808,-0.5350000),(0.7466271,-0.0866680,-0.5350000),(0.7465899,-0.0892309,-0.5350000),(0.7466271,-0.0866680,-0.5350000),(0.7466748,-0.0865615,-0.5350000),(0.7465899,-0.0892309,-0.5350000),(0.7466748,-0.0865615,-0.5350000),(0.7467332,-0.0864611,-0.5350000),(0.7465899,-0.0892309,-0.5350000),(0.7467332,-0.0864611,-0.5350000),(0.7468022,-0.0863669,-0.5350000),(0.7465899,-0.0892309,-0.5350000),(0.7468022,-0.0863669,-0.5350000),(0.7468819,-0.0862788,-0.5350000),(0.7468819,-0.0862788,-0.5350000),(0.7471856,-0.0865752,-0.5350000),(0.7470916,-0.0866915,-0.5350000),(0.7468819,-0.0862788,-0.5350000),(0.7470916,-0.0866915,-0.5350000),(0.7470245,-0.0868279,-0.5350000),(0.7468819,-0.0862788,-0.5350000),(0.7470245,-0.0868279,-0.5350000),(0.7469842,-0.0869842,-0.5350000),(0.7465899,-0.0892309,-0.5350000),(0.7468819,-0.0862788,-0.5350000),(0.7469842,-0.0869842,-0.5350000),(0.7465899,-0.0892309,-0.5350000),(0.7469842,-0.0869842,-0.5350000),(0.7469741,-0.0870698,-0.5350000),(0.7465899,-0.0892309,-0.5350000),(0.7469741,-0.0870698,-0.5350000),(0.7469708,-0.0871604,-0.5350000),(0.7465899,-0.0892309,-0.5350000),(0.7469708,-0.0871604,-0.5350000),(0.7469708,-0.0888580,-0.5350000),(0.7465899,-0.0892309,-0.5350000),(0.7469708,-0.0888580,-0.5350000),(0.7469741,-0.0889463,-0.5350000),(0.7465899,-0.0892309,-0.5350000),(0.7469741,-0.0889463,-0.5350000),(0.7469841,-0.0890297,-0.5350000),(0.7465899,-0.0892309,-0.5350000),(0.7469841,-0.0890297,-0.5350000),(0.7470007,-0.0891082,-0.5350000),(0.7465899,-0.0892309,-0.5350000),(0.7470007,-0.0891082,-0.5350000),(0.7470239,-0.0891819,-0.5350000),(0.7465899,-0.0892309,-0.5350000),(0.7470239,-0.0891819,-0.5350000),(0.7470904,-0.0893144,-0.5350000),(0.7465899,-0.0892309,-0.5350000),(0.7470904,-0.0893144,-0.5350000),(0.7471835,-0.0894274,-0.5350000),(0.7465899,-0.0892309,-0.5350000),(0.7471835,-0.0894274,-0.5350000),(0.7472787,-0.0895061,-0.5350000),(0.7465899,-0.0892309,-0.5350000),(0.7472787,-0.0895061,-0.5350000),(0.7473772,-0.0895623,-0.5350000),(0.7480438,-0.0899143,-0.5350000),(0.7465899,-0.0892309,-0.5350000),(0.7473772,-0.0895623,-0.5350000),(0.7480438,-0.0899143,-0.5350000),(0.7473772,-0.0895623,-0.5350000),(0.7474788,-0.0895961,-0.5350000),(0.7480438,-0.0899143,-0.5350000),(0.7474788,-0.0895961,-0.5350000),(0.7475835,-0.0896073,-0.5350000),(0.7480438,-0.0899143,-0.5350000),(0.7475835,-0.0896073,-0.5350000),(0.7476926,-0.0895961,-0.5350000),(0.7480438,-0.0899143,-0.5350000),(0.7476926,-0.0895961,-0.5350000),(0.7477955,-0.0895623,-0.5350000),(0.7480438,-0.0899143,-0.5350000),(0.7477955,-0.0895623,-0.5350000),(0.7478921,-0.0895061,-0.5350000),(0.7480438,-0.0899143,-0.5350000),(0.7478921,-0.0895061,-0.5350000),(0.7479825,-0.0894274,-0.5350000),(0.7480438,-0.0899143,-0.5350000),(0.7479825,-0.0894274,-0.5350000),(0.7480756,-0.0893088,-0.5350000),(0.7480438,-0.0899143,-0.5350000),(0.7480756,-0.0893088,-0.5350000),(0.7481421,-0.0891731,-0.5350000),(0.7480438,-0.0899143,-0.5350000),(0.7481421,-0.0891731,-0.5350000),(0.7481820,-0.0890204,-0.5350000),(0.7486175,-0.0870280,-0.5350000),(0.7480438,-0.0899143,-0.5350000),(0.7481820,-0.0890204,-0.5350000),(0.7486175,-0.0870280,-0.5350000),(0.7481820,-0.0890204,-0.5350000),(0.7481919,-0.0889376,-0.5350000),(0.7486175,-0.0870280,-0.5350000),(0.7481919,-0.0889376,-0.5350000),(0.7481953,-0.0888506,-0.5350000),(0.7486175,-0.0870280,-0.5350000),(0.7481953,-0.0888506,-0.5350000),(0.7481953,-0.0871604,-0.5350000),(0.7486175,-0.0870280,-0.5350000),(0.7481953,-0.0871604,-0.5350000),(0.7481919,-0.0870708,-0.5350000),(0.7486175,-0.0870280,-0.5350000),(0.7481919,-0.0870708,-0.5350000),(0.7481820,-0.0869860,-0.5350000),(0.7486175,-0.0870280,-0.5350000),(0.7481820,-0.0869860,-0.5350000),(0.7481653,-0.0869061,-0.5350000),(0.7486175,-0.0870280,-0.5350000),(0.7481653,-0.0869061,-0.5350000),(0.7481421,-0.0868310,-0.5350000),(0.7486175,-0.0870280,-0.5350000),(0.7481421,-0.0868310,-0.5350000),(0.7480756,-0.0866955,-0.5350000),(0.7486175,-0.0870280,-0.5350000),(0.7480756,-0.0866955,-0.5350000),(0.7479825,-0.0865794,-0.5350000),(0.7486175,-0.0870280,-0.5350000),(0.7479825,-0.0865794,-0.5350000),(0.7478913,-0.0865016,-0.5350000),(0.7472771,-0.0864992,-0.5350000),(0.7471856,-0.0865752,-0.5350000),(0.7468819,-0.0862788,-0.5350000),(0.7473740,-0.0864450,-0.5350000),(0.7472771,-0.0864992,-0.5350000),(0.7468819,-0.0862788,-0.5350000),(0.7474761,-0.0864125,-0.5350000),(0.7473740,-0.0864450,-0.5350000),(0.7468819,-0.0862788,-0.5350000),(0.7475835,-0.0864016,-0.5350000),(0.7474761,-0.0864125,-0.5350000),(0.7468819,-0.0862788,-0.5350000),(0.7476918,-0.0864127,-0.5350000),(0.7475835,-0.0864016,-0.5350000),(0.7468819,-0.0862788,-0.5350000),(0.7476918,-0.0864127,-0.5350000),(0.7468819,-0.0862788,-0.5350000),(0.7469587,-0.0862082,-0.5350000),(0.7476918,-0.0864127,-0.5350000),(0.7469587,-0.0862082,-0.5350000),(0.7470386,-0.0861469,-0.5350000),(0.7477944,-0.0864461,-0.5350000),(0.7476918,-0.0864127,-0.5350000),(0.7470386,-0.0861469,-0.5350000),(0.7477944,-0.0864461,-0.5350000),(0.7470386,-0.0861469,-0.5350000),(0.7471213,-0.0860950,-0.5350000),(0.7477944,-0.0864461,-0.5350000),(0.7471213,-0.0860950,-0.5350000),(0.7472070,-0.0860526,-0.5350000),(0.7478913,-0.0865016,-0.5350000),(0.7477944,-0.0864461,-0.5350000),(0.7472070,-0.0860526,-0.5350000),(0.7478913,-0.0865016,-0.5350000),(0.7472070,-0.0860526,-0.5350000),(0.7472957,-0.0860196,-0.5350000),(0.7486175,-0.0870280,-0.5350000),(0.7478913,-0.0865016,-0.5350000),(0.7472957,-0.0860196,-0.5350000),(0.7486175,-0.0870280,-0.5350000),(0.7472957,-0.0860196,-0.5350000),(0.7473873,-0.0859961,-0.5350000),(0.7486175,-0.0870280,-0.5350000),(0.7473873,-0.0859961,-0.5350000),(0.7474818,-0.0859819,-0.5350000),(0.7486175,-0.0870280,-0.5350000),(0.7474818,-0.0859819,-0.5350000),(0.7475793,-0.0859772,-0.5350000),(0.7486175,-0.0870280,-0.5350000),(0.7475793,-0.0859772,-0.5350000),(0.7476785,-0.0859818,-0.5350000),(0.7486175,-0.0870280,-0.5350000),(0.7476785,-0.0859818,-0.5350000),(0.7477744,-0.0859957,-0.5350000),(0.7486175,-0.0870280,-0.5350000),(0.7477744,-0.0859957,-0.5350000),(0.7478670,-0.0860189,-0.5350000),(0.7486175,-0.0870280,-0.5350000),(0.7478670,-0.0860189,-0.5350000),(0.7479563,-0.0860513,-0.5350000),(0.7486175,-0.0870280,-0.5350000),(0.7479563,-0.0860513,-0.5350000),(0.7480424,-0.0860930,-0.5350000),(0.7486175,-0.0870280,-0.5350000),(0.7480424,-0.0860930,-0.5350000),(0.7481252,-0.0861439,-0.5350000),(0.7486175,-0.0870280,-0.5350000),(0.7481252,-0.0861439,-0.5350000),(0.7482047,-0.0862041,-0.5350000),(0.7486175,-0.0870280,-0.5350000),(0.7482047,-0.0862041,-0.5350000),(0.7482810,-0.0862736,-0.5350000),(0.7486175,-0.0870280,-0.5350000),(0.7482810,-0.0862736,-0.5350000),(0.7483611,-0.0863629,-0.5350000),(0.7486175,-0.0870280,-0.5350000),(0.7483611,-0.0863629,-0.5350000),(0.7484305,-0.0864584,-0.5350000),(0.7486175,-0.0870280,-0.5350000),(0.7484305,-0.0864584,-0.5350000),(0.7484893,-0.0865600,-0.5350000),(0.7486175,-0.0870280,-0.5350000),(0.7484893,-0.0865600,-0.5350000),(0.7485374,-0.0866678,-0.5350000),(0.7486175,-0.0870280,-0.5350000),(0.7485374,-0.0866678,-0.5350000),(0.7485747,-0.0867817,-0.5350000),(0.7486175,-0.0870280,-0.5350000),(0.7485747,-0.0867817,-0.5350000),(0.7486015,-0.0869018,-0.5350000),(0.7450276,-0.0870280,-0.5350000),(0.7450330,-0.0871604,-0.5350000),(0.7450330,-0.0888506,-0.5350000),(0.7450276,-0.0870280,-0.5350000),(0.7450330,-0.0888506,-0.5350000),(0.7450276,-0.0889812,-0.5350000),(0.7450276,-0.0870280,-0.5350000),(0.7450276,-0.0889812,-0.5350000),(0.7450117,-0.0891059,-0.5350000),(0.7450276,-0.0870280,-0.5350000),(0.7450117,-0.0891059,-0.5350000),(0.7449852,-0.0892245,-0.5350000),(0.7450276,-0.0870280,-0.5350000),(0.7449852,-0.0892245,-0.5350000),(0.7449480,-0.0893372,-0.5350000),(0.7450276,-0.0870280,-0.5350000),(0.7449480,-0.0893372,-0.5350000),(0.7449002,-0.0894438,-0.5350000),(0.7450276,-0.0870280,-0.5350000),(0.7449002,-0.0894438,-0.5350000),(0.7448419,-0.0895445,-0.5350000),(0.7450276,-0.0870280,-0.5350000),(0.7448419,-0.0895445,-0.5350000),(0.7447729,-0.0896392,-0.5350000),(0.7450276,-0.0870280,-0.5350000),(0.7447729,-0.0896392,-0.5350000),(0.7446932,-0.0897280,-0.5350000),(0.7450276,-0.0870280,-0.5350000),(0.7446932,-0.0897280,-0.5350000),(0.7446165,-0.0897996,-0.5350000),(0.7450276,-0.0870280,-0.5350000),(0.7446165,-0.0897996,-0.5350000),(0.7445368,-0.0898618,-0.5350000),(0.7450276,-0.0870280,-0.5350000),(0.7445368,-0.0898618,-0.5350000),(0.7444540,-0.0899143,-0.5350000),(0.7444540,-0.0899143,-0.5350000),(0.7443681,-0.0899573,-0.5350000),(0.7442791,-0.0899908,-0.5350000),(0.7444540,-0.0899143,-0.5350000),(0.7442791,-0.0899908,-0.5350000),(0.7441870,-0.0900147,-0.5350000),(0.7444540,-0.0899143,-0.5350000),(0.7441870,-0.0900147,-0.5350000),(0.7440919,-0.0900290,-0.5350000),(0.7444540,-0.0899143,-0.5350000),(0.7440919,-0.0900290,-0.5350000),(0.7439937,-0.0900338,-0.5350000),(0.7444540,-0.0899143,-0.5350000),(0.7439937,-0.0900338,-0.5350000),(0.7438966,-0.0900290,-0.5350000),(0.7444540,-0.0899143,-0.5350000),(0.7438966,-0.0900290,-0.5350000),(0.7438022,-0.0900147,-0.5350000),(0.7444540,-0.0899143,-0.5350000),(0.7438022,-0.0900147,-0.5350000),(0.7437104,-0.0899908,-0.5350000),(0.7444540,-0.0899143,-0.5350000),(0.7437104,-0.0899908,-0.5350000),(0.7436214,-0.0899573,-0.5350000),(0.7444540,-0.0899143,-0.5350000),(0.7436214,-0.0899573,-0.5350000),(0.7435350,-0.0899143,-0.5350000),(0.7444540,-0.0899143,-0.5350000),(0.7435350,-0.0899143,-0.5350000),(0.7434513,-0.0898618,-0.5350000),(0.7444540,-0.0899143,-0.5350000),(0.7434513,-0.0898618,-0.5350000),(0.7433703,-0.0897996,-0.5350000),(0.7444540,-0.0899143,-0.5350000),(0.7433703,-0.0897996,-0.5350000),(0.7432920,-0.0897280,-0.5350000),(0.7444540,-0.0899143,-0.5350000),(0.7432920,-0.0897280,-0.5350000),(0.7432124,-0.0896410,-0.5350000),(0.7444540,-0.0899143,-0.5350000),(0.7432124,-0.0896410,-0.5350000),(0.7431434,-0.0895478,-0.5350000),(0.7444540,-0.0899143,-0.5350000),(0.7431434,-0.0895478,-0.5350000),(0.7430850,-0.0894484,-0.5350000),(0.7444540,-0.0899143,-0.5350000),(0.7430850,-0.0894484,-0.5350000),(0.7430372,-0.0893427,-0.5350000),(0.7444540,-0.0899143,-0.5350000),(0.7430372,-0.0893427,-0.5350000),(0.7430000,-0.0892309,-0.5350000),(0.7430000,-0.0892309,-0.5350000),(0.7429735,-0.0891128,-0.5350000),(0.7429576,-0.0889885,-0.5350000),(0.7430000,-0.0892309,-0.5350000),(0.7429576,-0.0889885,-0.5350000),(0.7429523,-0.0888580,-0.5350000),(0.7430000,-0.0892309,-0.5350000),(0.7429523,-0.0888580,-0.5350000),(0.7429523,-0.0888506,-0.5350000),(0.7430000,-0.0892309,-0.5350000),(0.7429523,-0.0888506,-0.5350000),(0.7429523,-0.0871562,-0.5350000),(0.7430000,-0.0892309,-0.5350000),(0.7429523,-0.0871562,-0.5350000),(0.7429576,-0.0870249,-0.5350000),(0.7430000,-0.0892309,-0.5350000),(0.7429576,-0.0870249,-0.5350000),(0.7429735,-0.0868998,-0.5350000),(0.7430000,-0.0892309,-0.5350000),(0.7429735,-0.0868998,-0.5350000),(0.7430000,-0.0867808,-0.5350000),(0.7430000,-0.0892309,-0.5350000),(0.7430000,-0.0867808,-0.5350000),(0.7430372,-0.0866680,-0.5350000),(0.7430000,-0.0892309,-0.5350000),(0.7430372,-0.0866680,-0.5350000),(0.7430850,-0.0865615,-0.5350000),(0.7430000,-0.0892309,-0.5350000),(0.7430850,-0.0865615,-0.5350000),(0.7431434,-0.0864611,-0.5350000),(0.7430000,-0.0892309,-0.5350000),(0.7431434,-0.0864611,-0.5350000),(0.7432124,-0.0863669,-0.5350000),(0.7430000,-0.0892309,-0.5350000),(0.7432124,-0.0863669,-0.5350000),(0.7432920,-0.0862788,-0.5350000),(0.7432920,-0.0862788,-0.5350000),(0.7435957,-0.0865752,-0.5350000),(0.7435017,-0.0866915,-0.5350000),(0.7432920,-0.0862788,-0.5350000),(0.7435017,-0.0866915,-0.5350000),(0.7434346,-0.0868279,-0.5350000),(0.7432920,-0.0862788,-0.5350000),(0.7434346,-0.0868279,-0.5350000),(0.7433943,-0.0869842,-0.5350000),(0.7430000,-0.0892309,-0.5350000),(0.7432920,-0.0862788,-0.5350000),(0.7433943,-0.0869842,-0.5350000),(0.7430000,-0.0892309,-0.5350000),(0.7433943,-0.0869842,-0.5350000),(0.7433843,-0.0870698,-0.5350000),(0.7430000,-0.0892309,-0.5350000),(0.7433843,-0.0870698,-0.5350000),(0.7433809,-0.0871604,-0.5350000),(0.7430000,-0.0892309,-0.5350000),(0.7433809,-0.0871604,-0.5350000),(0.7433809,-0.0888580,-0.5350000),(0.7430000,-0.0892309,-0.5350000),(0.7433809,-0.0888580,-0.5350000),(0.7433842,-0.0889463,-0.5350000),(0.7430000,-0.0892309,-0.5350000),(0.7433842,-0.0889463,-0.5350000),(0.7433942,-0.0890297,-0.5350000),(0.7430000,-0.0892309,-0.5350000),(0.7433942,-0.0890297,-0.5350000),(0.7434108,-0.0891082,-0.5350000),(0.7430000,-0.0892309,-0.5350000),(0.7434108,-0.0891082,-0.5350000),(0.7434341,-0.0891819,-0.5350000),(0.7430000,-0.0892309,-0.5350000),(0.7434341,-0.0891819,-0.5350000),(0.7435006,-0.0893144,-0.5350000),(0.7430000,-0.0892309,-0.5350000),(0.7435006,-0.0893144,-0.5350000),(0.7435936,-0.0894274,-0.5350000),(0.7430000,-0.0892309,-0.5350000),(0.7435936,-0.0894274,-0.5350000),(0.7436889,-0.0895061,-0.5350000),(0.7430000,-0.0892309,-0.5350000),(0.7436889,-0.0895061,-0.5350000),(0.7437873,-0.0895623,-0.5350000),(0.7444540,-0.0899143,-0.5350000),(0.7430000,-0.0892309,-0.5350000),(0.7437873,-0.0895623,-0.5350000),(0.7444540,-0.0899143,-0.5350000),(0.7437873,-0.0895623,-0.5350000),(0.7438889,-0.0895961,-0.5350000),(0.7444540,-0.0899143,-0.5350000),(0.7438889,-0.0895961,-0.5350000),(0.7439937,-0.0896073,-0.5350000),(0.7444540,-0.0899143,-0.5350000),(0.7439937,-0.0896073,-0.5350000),(0.7441027,-0.0895961,-0.5350000),(0.7444540,-0.0899143,-0.5350000),(0.7441027,-0.0895961,-0.5350000),(0.7442056,-0.0895623,-0.5350000),(0.7444540,-0.0899143,-0.5350000),(0.7442056,-0.0895623,-0.5350000),(0.7443022,-0.0895061,-0.5350000),(0.7444540,-0.0899143,-0.5350000),(0.7443022,-0.0895061,-0.5350000),(0.7443927,-0.0894274,-0.5350000),(0.7444540,-0.0899143,-0.5350000),(0.7443927,-0.0894274,-0.5350000),(0.7444857,-0.0893088,-0.5350000),(0.7444540,-0.0899143,-0.5350000),(0.7444857,-0.0893088,-0.5350000),(0.7445522,-0.0891731,-0.5350000),(0.7444540,-0.0899143,-0.5350000),(0.7445522,-0.0891731,-0.5350000),(0.7445921,-0.0890204,-0.5350000),(0.7450276,-0.0870280,-0.5350000),(0.7444540,-0.0899143,-0.5350000),(0.7445921,-0.0890204,-0.5350000),(0.7450276,-0.0870280,-0.5350000),(0.7445921,-0.0890204,-0.5350000),(0.7446021,-0.0889376,-0.5350000),(0.7450276,-0.0870280,-0.5350000),(0.7446021,-0.0889376,-0.5350000),(0.7446054,-0.0888506,-0.5350000),(0.7450276,-0.0870280,-0.5350000),(0.7446054,-0.0888506,-0.5350000),(0.7446054,-0.0871604,-0.5350000),(0.7450276,-0.0870280,-0.5350000),(0.7446054,-0.0871604,-0.5350000),(0.7446021,-0.0870708,-0.5350000),(0.7450276,-0.0870280,-0.5350000),(0.7446021,-0.0870708,-0.5350000),(0.7445921,-0.0869860,-0.5350000),(0.7450276,-0.0870280,-0.5350000),(0.7445921,-0.0869860,-0.5350000),(0.7445755,-0.0869061,-0.5350000),(0.7450276,-0.0870280,-0.5350000),(0.7445755,-0.0869061,-0.5350000),(0.7445522,-0.0868310,-0.5350000),(0.7450276,-0.0870280,-0.5350000),(0.7445522,-0.0868310,-0.5350000),(0.7444857,-0.0866955,-0.5350000),(0.7450276,-0.0870280,-0.5350000),(0.7444857,-0.0866955,-0.5350000),(0.7443927,-0.0865794,-0.5350000),(0.7450276,-0.0870280,-0.5350000),(0.7443927,-0.0865794,-0.5350000),(0.7443014,-0.0865016,-0.5350000),(0.7436873,-0.0864992,-0.5350000),(0.7435957,-0.0865752,-0.5350000),(0.7432920,-0.0862788,-0.5350000),(0.7437841,-0.0864450,-0.5350000),(0.7436873,-0.0864992,-0.5350000),(0.7432920,-0.0862788,-0.5350000),(0.7438862,-0.0864125,-0.5350000),(0.7437841,-0.0864450,-0.5350000),(0.7432920,-0.0862788,-0.5350000),(0.7439937,-0.0864016,-0.5350000),(0.7438862,-0.0864125,-0.5350000),(0.7432920,-0.0862788,-0.5350000),(0.7441019,-0.0864127,-0.5350000),(0.7439937,-0.0864016,-0.5350000),(0.7432920,-0.0862788,-0.5350000),(0.7441019,-0.0864127,-0.5350000),(0.7432920,-0.0862788,-0.5350000),(0.7433689,-0.0862082,-0.5350000),(0.7441019,-0.0864127,-0.5350000),(0.7433689,-0.0862082,-0.5350000),(0.7434487,-0.0861469,-0.5350000),(0.7442045,-0.0864461,-0.5350000),(0.7441019,-0.0864127,-0.5350000),(0.7434487,-0.0861469,-0.5350000),(0.7442045,-0.0864461,-0.5350000),(0.7434487,-0.0861469,-0.5350000),(0.7435315,-0.0860950,-0.5350000),(0.7442045,-0.0864461,-0.5350000),(0.7435315,-0.0860950,-0.5350000),(0.7436172,-0.0860526,-0.5350000),(0.7443014,-0.0865016,-0.5350000),(0.7442045,-0.0864461,-0.5350000),(0.7436172,-0.0860526,-0.5350000),(0.7443014,-0.0865016,-0.5350000),(0.7436172,-0.0860526,-0.5350000),(0.7437058,-0.0860196,-0.5350000),(0.7450276,-0.0870280,-0.5350000),(0.7443014,-0.0865016,-0.5350000),(0.7437058,-0.0860196,-0.5350000),(0.7450276,-0.0870280,-0.5350000),(0.7437058,-0.0860196,-0.5350000),(0.7437974,-0.0859961,-0.5350000),(0.7450276,-0.0870280,-0.5350000),(0.7437974,-0.0859961,-0.5350000),(0.7438920,-0.0859819,-0.5350000),(0.7450276,-0.0870280,-0.5350000),(0.7438920,-0.0859819,-0.5350000),(0.7439894,-0.0859772,-0.5350000),(0.7450276,-0.0870280,-0.5350000),(0.7439894,-0.0859772,-0.5350000),(0.7440886,-0.0859818,-0.5350000),(0.7450276,-0.0870280,-0.5350000),(0.7440886,-0.0859818,-0.5350000),(0.7441845,-0.0859957,-0.5350000),(0.7450276,-0.0870280,-0.5350000),(0.7441845,-0.0859957,-0.5350000),(0.7442771,-0.0860189,-0.5350000),(0.7450276,-0.0870280,-0.5350000),(0.7442771,-0.0860189,-0.5350000),(0.7443665,-0.0860513,-0.5350000),(0.7450276,-0.0870280,-0.5350000),(0.7443665,-0.0860513,-0.5350000),(0.7444525,-0.0860930,-0.5350000),(0.7450276,-0.0870280,-0.5350000),(0.7444525,-0.0860930,-0.5350000),(0.7445353,-0.0861439,-0.5350000),(0.7450276,-0.0870280,-0.5350000),(0.7445353,-0.0861439,-0.5350000),(0.7446149,-0.0862041,-0.5350000),(0.7450276,-0.0870280,-0.5350000),(0.7446149,-0.0862041,-0.5350000),(0.7446911,-0.0862736,-0.5350000),(0.7450276,-0.0870280,-0.5350000),(0.7446911,-0.0862736,-0.5350000),(0.7447712,-0.0863629,-0.5350000),(0.7450276,-0.0870280,-0.5350000),(0.7447712,-0.0863629,-0.5350000),(0.7448407,-0.0864584,-0.5350000),(0.7450276,-0.0870280,-0.5350000),(0.7448407,-0.0864584,-0.5350000),(0.7448994,-0.0865600,-0.5350000),(0.7450276,-0.0870280,-0.5350000),(0.7448994,-0.0865600,-0.5350000),(0.7449475,-0.0866678,-0.5350000),(0.7450276,-0.0870280,-0.5350000),(0.7449475,-0.0866678,-0.5350000),(0.7449849,-0.0867817,-0.5350000),(0.7450276,-0.0870280,-0.5350000),(0.7449849,-0.0867817,-0.5350000),(0.7450116,-0.0869018,-0.5350000),(0.7520000,-0.0868969,-0.5350000),(0.7520021,-0.0868482,-0.5350000),(0.7520260,-0.0867561,-0.5350000),(0.7520000,-0.0868969,-0.5350000),(0.7520260,-0.0867561,-0.5350000),(0.7520539,-0.0866698,-0.5350000),(0.7520000,-0.0868969,-0.5350000),(0.7520539,-0.0866698,-0.5350000),(0.7520857,-0.0865893,-0.5350000),(0.7520000,-0.0868969,-0.5350000),(0.7520857,-0.0865893,-0.5350000),(0.7521214,-0.0865146,-0.5350000),(0.7520000,-0.0868969,-0.5350000),(0.7521214,-0.0865146,-0.5350000),(0.7521611,-0.0864456,-0.5350000),(0.7520000,-0.0868969,-0.5350000),(0.7521611,-0.0864456,-0.5350000),(0.7522047,-0.0863825,-0.5350000),(0.7520000,-0.0868969,-0.5350000),(0.7522047,-0.0863825,-0.5350000),(0.7523037,-0.0862736,-0.5350000),(0.7520000,-0.0868969,-0.5350000),(0.7523037,-0.0862736,-0.5350000),(0.7523847,-0.0862041,-0.5350000),(0.7520000,-0.0868969,-0.5350000),(0.7523847,-0.0862041,-0.5350000),(0.7524678,-0.0861439,-0.5350000),(0.7520000,-0.0868969,-0.5350000),(0.7524678,-0.0861439,-0.5350000),(0.7525531,-0.0860930,-0.5350000),(0.7520000,-0.0868969,-0.5350000),(0.7525531,-0.0860930,-0.5350000),(0.7526405,-0.0860513,-0.5350000),(0.7520000,-0.0868969,-0.5350000),(0.7526405,-0.0860513,-0.5350000),(0.7527301,-0.0860189,-0.5350000),(0.7520000,-0.0868969,-0.5350000),(0.7527301,-0.0860189,-0.5350000),(0.7528218,-0.0859957,-0.5350000),(0.7520000,-0.0868969,-0.5350000),(0.7528218,-0.0859957,-0.5350000),(0.7529157,-0.0859818,-0.5350000),(0.7520000,-0.0868969,-0.5350000),(0.7529157,-0.0859818,-0.5350000),(0.7530117,-0.0859772,-0.5350000),(0.7520000,-0.0868969,-0.5350000),(0.7530117,-0.0859772,-0.5350000),(0.7531070,-0.0859819,-0.5350000),(0.7520000,-0.0868969,-0.5350000),(0.7531070,-0.0859819,-0.5350000),(0.7531996,-0.0859961,-0.5350000),(0.7520000,-0.0868969,-0.5350000),(0.7531996,-0.0859961,-0.5350000),(0.7532895,-0.0860196,-0.5350000),(0.7520000,-0.0868969,-0.5350000),(0.7532895,-0.0860196,-0.5350000),(0.7533769,-0.0860526,-0.5350000),(0.7533769,-0.0860526,-0.5350000),(0.7534615,-0.0860950,-0.5350000),(0.7535435,-0.0861469,-0.5350000),(0.7533769,-0.0860526,-0.5350000),(0.7535435,-0.0861469,-0.5350000),(0.7536229,-0.0862082,-0.5350000),(0.7533769,-0.0860526,-0.5350000),(0.7536229,-0.0862082,-0.5350000),(0.7536996,-0.0862788,-0.5350000),(0.7533769,-0.0860526,-0.5350000),(0.7536996,-0.0862788,-0.5350000),(0.7537798,-0.0863671,-0.5350000),(0.7533769,-0.0860526,-0.5350000),(0.7537798,-0.0863671,-0.5350000),(0.7538492,-0.0864619,-0.5350000),(0.7533769,-0.0860526,-0.5350000),(0.7538492,-0.0864619,-0.5350000),(0.7539080,-0.0865634,-0.5350000),(0.7533769,-0.0860526,-0.5350000),(0.7539080,-0.0865634,-0.5350000),(0.7539560,-0.0866715,-0.5350000),(0.7533769,-0.0860526,-0.5350000),(0.7539560,-0.0866715,-0.5350000),(0.7539934,-0.0867862,-0.5350000),(0.7533769,-0.0860526,-0.5350000),(0.7539934,-0.0867862,-0.5350000),(0.7540201,-0.0869075,-0.5350000),(0.7533769,-0.0860526,-0.5350000),(0.7540201,-0.0869075,-0.5350000),(0.7540361,-0.0870354,-0.5350000),(0.7533769,-0.0860526,-0.5350000),(0.7540361,-0.0870354,-0.5350000),(0.7540415,-0.0871700,-0.5350000),(0.7533769,-0.0860526,-0.5350000),(0.7540415,-0.0871700,-0.5350000),(0.7540402,-0.0872732,-0.5350000),(0.7533769,-0.0860526,-0.5350000),(0.7540402,-0.0872732,-0.5350000),(0.7540363,-0.0873725,-0.5350000),(0.7533769,-0.0860526,-0.5350000),(0.7540363,-0.0873725,-0.5350000),(0.7540299,-0.0874677,-0.5350000),(0.7533769,-0.0860526,-0.5350000),(0.7540299,-0.0874677,-0.5350000),(0.7540208,-0.0875588,-0.5350000),(0.7533769,-0.0860526,-0.5350000),(0.7540208,-0.0875588,-0.5350000),(0.7540092,-0.0876459,-0.5350000),(0.7533769,-0.0860526,-0.5350000),(0.7540092,-0.0876459,-0.5350000),(0.7539951,-0.0877290,-0.5350000),(0.7533769,-0.0860526,-0.5350000),(0.7539951,-0.0877290,-0.5350000),(0.7539783,-0.0878080,-0.5350000),(0.7533769,-0.0860526,-0.5350000),(0.7539783,-0.0878080,-0.5350000),(0.7539589,-0.0878830,-0.5350000),(0.7533769,-0.0860526,-0.5350000),(0.7539589,-0.0878830,-0.5350000),(0.7539125,-0.0880208,-0.5350000),(0.7539125,-0.0880208,-0.5350000),(0.7538557,-0.0881425,-0.5350000),(0.7537887,-0.0882480,-0.5350000),(0.7539125,-0.0880208,-0.5350000),(0.7537887,-0.0882480,-0.5350000),(0.7537113,-0.0883373,-0.5350000),(0.7539125,-0.0880208,-0.5350000),(0.7537113,-0.0883373,-0.5350000),(0.7536318,-0.0884068,-0.5350000),(0.7539125,-0.0880208,-0.5350000),(0.7536318,-0.0884068,-0.5350000),(0.7535500,-0.0884669,-0.5350000),(0.7539125,-0.0880208,-0.5350000),(0.7535500,-0.0884669,-0.5350000),(0.7534658,-0.0885179,-0.5350000),(0.7539125,-0.0880208,-0.5350000),(0.7534658,-0.0885179,-0.5350000),(0.7533792,-0.0885596,-0.5350000),(0.7539125,-0.0880208,-0.5350000),(0.7533792,-0.0885596,-0.5350000),(0.7532904,-0.0885920,-0.5350000),(0.7539125,-0.0880208,-0.5350000),(0.7532904,-0.0885920,-0.5350000),(0.7531991,-0.0886151,-0.5350000),(0.7539125,-0.0880208,-0.5350000),(0.7531991,-0.0886151,-0.5350000),(0.7531055,-0.0886290,-0.5350000),(0.7539125,-0.0880208,-0.5350000),(0.7531055,-0.0886290,-0.5350000),(0.7530096,-0.0886336,-0.5350000),(0.7539125,-0.0880208,-0.5350000),(0.7530096,-0.0886336,-0.5350000),(0.7529243,-0.0886304,-0.5350000),(0.7539125,-0.0880208,-0.5350000),(0.7529243,-0.0886304,-0.5350000),(0.7528419,-0.0886206,-0.5350000),(0.7539125,-0.0880208,-0.5350000),(0.7528419,-0.0886206,-0.5350000),(0.7527625,-0.0886043,-0.5350000),(0.7539125,-0.0880208,-0.5350000),(0.7527625,-0.0886043,-0.5350000),(0.7526860,-0.0885815,-0.5350000),(0.7539125,-0.0880208,-0.5350000),(0.7526860,-0.0885815,-0.5350000),(0.7525419,-0.0885164,-0.5350000),(0.7539125,-0.0880208,-0.5350000),(0.7525419,-0.0885164,-0.5350000),(0.7524095,-0.0884251,-0.5350000),(0.7524519,-0.0896031,-0.5350000),(0.7537272,-0.0896031,-0.5350000),(0.7538087,-0.0896189,-0.5350000),(0.7524519,-0.0896031,-0.5350000),(0.7538087,-0.0896189,-0.5350000),(0.7538774,-0.0896666,-0.5350000),(0.7524519,-0.0896031,-0.5350000),(0.7538774,-0.0896666,-0.5350000),(0.7539243,-0.0897359,-0.5350000),(0.7524519,-0.0896031,-0.5350000),(0.7539243,-0.0897359,-0.5350000),(0.7539399,-0.0898169,-0.5350000),(0.7524519,-0.0896031,-0.5350000),(0.7539399,-0.0898169,-0.5350000),(0.7539243,-0.0898976,-0.5350000),(0.7524519,-0.0896031,-0.5350000),(0.7539243,-0.0898976,-0.5350000),(0.7538774,-0.0899661,-0.5350000),(0.7524519,-0.0896031,-0.5350000),(0.7538774,-0.0899661,-0.5350000),(0.7538087,-0.0900137,-0.5350000),(0.7524519,-0.0896031,-0.5350000),(0.7538087,-0.0900137,-0.5350000),(0.7537272,-0.0900296,-0.5350000),(0.7524519,-0.0896031,-0.5350000),(0.7537272,-0.0900296,-0.5350000),(0.7522550,-0.0900296,-0.5350000),(0.7524095,-0.0884251,-0.5350000),(0.7524519,-0.0896031,-0.5350000),(0.7522550,-0.0900296,-0.5350000),(0.7524095,-0.0884251,-0.5350000),(0.7522550,-0.0900296,-0.5350000),(0.7521746,-0.0900156,-0.5350000),(0.7524095,-0.0884251,-0.5350000),(0.7521746,-0.0900156,-0.5350000),(0.7521047,-0.0899735,-0.5350000),(0.7524095,-0.0884251,-0.5350000),(0.7521047,-0.0899735,-0.5350000),(0.7520571,-0.0899084,-0.5350000),(0.7524095,-0.0884251,-0.5350000),(0.7520571,-0.0899084,-0.5350000),(0.7520412,-0.0898296,-0.5350000),(0.7524095,-0.0884251,-0.5350000),(0.7520412,-0.0898296,-0.5350000),(0.7519608,-0.0877647,-0.5350000),(0.7524095,-0.0884251,-0.5350000),(0.7519608,-0.0877647,-0.5350000),(0.7519740,-0.0876854,-0.5350000),(0.7524095,-0.0884251,-0.5350000),(0.7519740,-0.0876854,-0.5350000),(0.7520137,-0.0876145,-0.5350000),(0.7524095,-0.0884251,-0.5350000),(0.7520137,-0.0876145,-0.5350000),(0.7520788,-0.0875605,-0.5350000),(0.7524095,-0.0884251,-0.5350000),(0.7520788,-0.0875605,-0.5350000),(0.7521619,-0.0875425,-0.5350000),(0.7524095,-0.0884251,-0.5350000),(0.7521619,-0.0875425,-0.5350000),(0.7522431,-0.0875560,-0.5350000),(0.7524095,-0.0884251,-0.5350000),(0.7522431,-0.0875560,-0.5350000),(0.7523153,-0.0875965,-0.5350000),(0.7524095,-0.0884251,-0.5350000),(0.7523153,-0.0875965,-0.5350000),(0.7523778,-0.0876981,-0.5350000),(0.7524095,-0.0884251,-0.5350000),(0.7523778,-0.0876981,-0.5350000),(0.7524118,-0.0877832,-0.5350000),(0.7524095,-0.0884251,-0.5350000),(0.7524118,-0.0877832,-0.5350000),(0.7524609,-0.0878671,-0.5350000),(0.7524095,-0.0884251,-0.5350000),(0.7524609,-0.0878671,-0.5350000),(0.7525250,-0.0879499,-0.5350000),(0.7524095,-0.0884251,-0.5350000),(0.7525250,-0.0879499,-0.5350000),(0.7526043,-0.0880314,-0.5350000),(0.7524095,-0.0884251,-0.5350000),(0.7526043,-0.0880314,-0.5350000),(0.7526998,-0.0881092,-0.5350000),(0.7524095,-0.0884251,-0.5350000),(0.7526998,-0.0881092,-0.5350000),(0.7527993,-0.0881648,-0.5350000),(0.7524095,-0.0884251,-0.5350000),(0.7527993,-0.0881648,-0.5350000),(0.7529025,-0.0881981,-0.5350000),(0.7524095,-0.0884251,-0.5350000),(0.7529025,-0.0881981,-0.5350000),(0.7530096,-0.0882092,-0.5350000),(0.7524095,-0.0884251,-0.5350000),(0.7530096,-0.0882092,-0.5350000),(0.7531161,-0.0881981,-0.5350000),(0.7539125,-0.0880208,-0.5350000),(0.7524095,-0.0884251,-0.5350000),(0.7531161,-0.0881981,-0.5350000),(0.7539125,-0.0880208,-0.5350000),(0.7531161,-0.0881981,-0.5350000),(0.7532186,-0.0881648,-0.5350000),(0.7539125,-0.0880208,-0.5350000),(0.7532186,-0.0881648,-0.5350000),(0.7533172,-0.0881092,-0.5350000),(0.7539125,-0.0880208,-0.5350000),(0.7533172,-0.0881092,-0.5350000),(0.7534118,-0.0880314,-0.5350000),(0.7539125,-0.0880208,-0.5350000),(0.7534118,-0.0880314,-0.5350000),(0.7535021,-0.0879029,-0.5350000),(0.7539125,-0.0880208,-0.5350000),(0.7535021,-0.0879029,-0.5350000),(0.7535375,-0.0878167,-0.5350000),(0.7539125,-0.0880208,-0.5350000),(0.7535375,-0.0878167,-0.5350000),(0.7535666,-0.0877161,-0.5350000),(0.7539125,-0.0880208,-0.5350000),(0.7535666,-0.0877161,-0.5350000),(0.7535891,-0.0876008,-0.5350000),(0.7539125,-0.0880208,-0.5350000),(0.7535891,-0.0876008,-0.5350000),(0.7536053,-0.0874711,-0.5350000),(0.7539125,-0.0880208,-0.5350000),(0.7536053,-0.0874711,-0.5350000),(0.7536149,-0.0873267,-0.5350000),(0.7539125,-0.0880208,-0.5350000),(0.7536149,-0.0873267,-0.5350000),(0.7536182,-0.0871678,-0.5350000),(0.7539125,-0.0880208,-0.5350000),(0.7536182,-0.0871678,-0.5350000),(0.7536147,-0.0870764,-0.5350000),(0.7539125,-0.0880208,-0.5350000),(0.7536147,-0.0870764,-0.5350000),(0.7536044,-0.0869899,-0.5350000),(0.7539125,-0.0880208,-0.5350000),(0.7536044,-0.0869899,-0.5350000),(0.7535872,-0.0869084,-0.5350000),(0.7533769,-0.0860526,-0.5350000),(0.7539125,-0.0880208,-0.5350000),(0.7535872,-0.0869084,-0.5350000),(0.7533769,-0.0860526,-0.5350000),(0.7535872,-0.0869084,-0.5350000),(0.7535631,-0.0868318,-0.5350000),(0.7533769,-0.0860526,-0.5350000),(0.7535631,-0.0868318,-0.5350000),(0.7534943,-0.0866936,-0.5350000),(0.7533769,-0.0860526,-0.5350000),(0.7534943,-0.0866936,-0.5350000),(0.7533980,-0.0865752,-0.5350000),(0.7533769,-0.0860526,-0.5350000),(0.7533980,-0.0865752,-0.5350000),(0.7533067,-0.0864992,-0.5350000),(0.7533769,-0.0860526,-0.5350000),(0.7533067,-0.0864992,-0.5350000),(0.7532107,-0.0864450,-0.5350000),(0.7533769,-0.0860526,-0.5350000),(0.7532107,-0.0864450,-0.5350000),(0.7531099,-0.0864125,-0.5350000),(0.7533769,-0.0860526,-0.5350000),(0.7531099,-0.0864125,-0.5350000),(0.7530043,-0.0864016,-0.5350000),(0.7533769,-0.0860526,-0.5350000),(0.7530043,-0.0864016,-0.5350000),(0.7529017,-0.0864129,-0.5350000),(0.7533769,-0.0860526,-0.5350000),(0.7529017,-0.0864129,-0.5350000),(0.7527993,-0.0864466,-0.5350000),(0.7533769,-0.0860526,-0.5350000),(0.7527993,-0.0864466,-0.5350000),(0.7526969,-0.0865028,-0.5350000),(0.7520000,-0.0868969,-0.5350000),(0.7533769,-0.0860526,-0.5350000),(0.7526969,-0.0865028,-0.5350000),(0.7520000,-0.0868969,-0.5350000),(0.7526969,-0.0865028,-0.5350000),(0.7525947,-0.0865815,-0.5350000),(0.7520000,-0.0868969,-0.5350000),(0.7525947,-0.0865815,-0.5350000),(0.7524926,-0.0867244,-0.5350000),(0.7520000,-0.0868969,-0.5350000),(0.7524926,-0.0867244,-0.5350000),(0.7524531,-0.0868244,-0.5350000),(0.7520000,-0.0868969,-0.5350000),(0.7524531,-0.0868244,-0.5350000),(0.7524212,-0.0869435,-0.5350000),(0.7520000,-0.0868969,-0.5350000),(0.7524212,-0.0869435,-0.5350000),(0.7523771,-0.0870162,-0.5350000),(0.7520000,-0.0868969,-0.5350000),(0.7523771,-0.0870162,-0.5350000),(0.7523286,-0.0870681,-0.5350000),(0.7520000,-0.0868969,-0.5350000),(0.7523286,-0.0870681,-0.5350000),(0.7522180,-0.0871096,-0.5350000),(0.7520000,-0.0868969,-0.5350000),(0.7522180,-0.0871096,-0.5350000),(0.7522106,-0.0871096,-0.5350000),(0.7520000,-0.0868969,-0.5350000),(0.7522106,-0.0871096,-0.5350000),(0.7521367,-0.0870940,-0.5350000),(0.7520000,-0.0868969,-0.5350000),(0.7521367,-0.0870940,-0.5350000),(0.7520770,-0.0870533,-0.5350000),(0.7509162,-0.0876420,-0.5350000),(0.7505109,-0.0876420,-0.5350000),(0.7498209,-0.0876282,-0.5350000),(0.7511586,-0.0876420,-0.5350000),(0.7509162,-0.0876420,-0.5350000),(0.7498209,-0.0876282,-0.5350000),(0.7505109,-0.0889776,-0.5350000),(0.7505109,-0.0876420,-0.5350000),(0.7509162,-0.0876420,-0.5350000),(0.7505109,-0.0889776,-0.5350000),(0.7509162,-0.0876420,-0.5350000),(0.7509162,-0.0898296,-0.5350000),(0.7498209,-0.0876282,-0.5350000),(0.7505109,-0.0889776,-0.5350000),(0.7509162,-0.0898296,-0.5350000),(0.7498209,-0.0876282,-0.5350000),(0.7509162,-0.0898296,-0.5350000),(0.7509064,-0.0899044,-0.5350000),(0.7498209,-0.0876282,-0.5350000),(0.7509064,-0.0899044,-0.5350000),(0.7508771,-0.0899618,-0.5350000),(0.7498209,-0.0876282,-0.5350000),(0.7508771,-0.0899618,-0.5350000),(0.7507681,-0.0900359,-0.5350000),(0.7498209,-0.0876282,-0.5350000),(0.7507681,-0.0900359,-0.5350000),(0.7507077,-0.0900433,-0.5350000),(0.7498209,-0.0876282,-0.5350000),(0.7507077,-0.0900433,-0.5350000),(0.7506315,-0.0900338,-0.5350000),(0.7498209,-0.0876282,-0.5350000),(0.7506315,-0.0900338,-0.5350000),(0.7505246,-0.0899502,-0.5350000),(0.7498209,-0.0876282,-0.5350000),(0.7505246,-0.0899502,-0.5350000),(0.7492472,-0.0875309,-0.5350000),(0.7511586,-0.0876420,-0.5350000),(0.7498209,-0.0876282,-0.5350000),(0.7492472,-0.0875309,-0.5350000),(0.7511586,-0.0876420,-0.5350000),(0.7492472,-0.0875309,-0.5350000),(0.7492123,-0.0874039,-0.5350000),(0.7511586,-0.0876420,-0.5350000),(0.7492123,-0.0874039,-0.5350000),(0.7492377,-0.0873160,-0.5350000),(0.7511586,-0.0876420,-0.5350000),(0.7492377,-0.0873160,-0.5350000),(0.7493147,-0.0872414,-0.5350000),(0.7511586,-0.0876420,-0.5350000),(0.7493147,-0.0872414,-0.5350000),(0.7494250,-0.0872165,-0.5350000),(0.7511586,-0.0876420,-0.5350000),(0.7494250,-0.0872165,-0.5350000),(0.7504897,-0.0872165,-0.5350000),(0.7504897,-0.0872165,-0.5350000),(0.7504897,-0.0862048,-0.5350000),(0.7505053,-0.0861214,-0.5350000),(0.7504897,-0.0872165,-0.5350000),(0.7505053,-0.0861214,-0.5350000),(0.7505522,-0.0860534,-0.5350000),(0.7504897,-0.0872165,-0.5350000),(0.7505522,-0.0860534,-0.5350000),(0.7506210,-0.0860074,-0.5350000),(0.7504897,-0.0872165,-0.5350000),(0.7506210,-0.0860074,-0.5350000),(0.7507024,-0.0859920,-0.5350000),(0.7504897,-0.0872165,-0.5350000),(0.7507024,-0.0859920,-0.5350000),(0.7507847,-0.0860074,-0.5350000),(0.7504897,-0.0872165,-0.5350000),(0.7507847,-0.0860074,-0.5350000),(0.7508538,-0.0860534,-0.5350000),(0.7504897,-0.0872165,-0.5350000),(0.7508538,-0.0860534,-0.5350000),(0.7509006,-0.0861214,-0.5350000),(0.7504897,-0.0872165,-0.5350000),(0.7509006,-0.0861214,-0.5350000),(0.7509162,-0.0862048,-0.5350000),(0.7504897,-0.0872165,-0.5350000),(0.7509162,-0.0862048,-0.5350000),(0.7509162,-0.0872165,-0.5350000),(0.7511586,-0.0876420,-0.5350000),(0.7504897,-0.0872165,-0.5350000),(0.7509162,-0.0872165,-0.5350000),(0.7511586,-0.0876420,-0.5350000),(0.7509162,-0.0872165,-0.5350000),(0.7511586,-0.0872165,-0.5350000),(0.7511586,-0.0876420,-0.5350000),(0.7511586,-0.0872165,-0.5350000),(0.7512422,-0.0872321,-0.5350000),(0.7511586,-0.0876420,-0.5350000),(0.7512422,-0.0872321,-0.5350000),(0.7513110,-0.0872790,-0.5350000),(0.7511586,-0.0876420,-0.5350000),(0.7513110,-0.0872790,-0.5350000),(0.7513570,-0.0873478,-0.5350000),(0.7511586,-0.0876420,-0.5350000),(0.7513570,-0.0873478,-0.5350000),(0.7513724,-0.0874293,-0.5350000),(0.7511586,-0.0876420,-0.5350000),(0.7513724,-0.0874293,-0.5350000),(0.7513570,-0.0875107,-0.5350000),(0.7511586,-0.0876420,-0.5350000),(0.7513570,-0.0875107,-0.5350000),(0.7513110,-0.0875795,-0.5350000),(0.7511586,-0.0876420,-0.5350000),(0.7513110,-0.0875795,-0.5350000),(0.7512422,-0.0876264,-0.5350000),(0.7454912,-0.0860076,-0.5350000),(0.7455642,-0.0859010,-0.5350000),(0.7456709,-0.0858280,-0.5350000),(0.7454912,-0.0860076,-0.5350000),(0.7456709,-0.0858280,-0.5350000),(0.7457960,-0.0858037,-0.5350000),(0.7454912,-0.0860076,-0.5350000),(0.7457960,-0.0858037,-0.5350000),(0.7459209,-0.0858280,-0.5350000),(0.7454912,-0.0860076,-0.5350000),(0.7459209,-0.0858280,-0.5350000),(0.7460267,-0.0859010,-0.5350000),(0.7454912,-0.0860076,-0.5350000),(0.7460267,-0.0859010,-0.5350000),(0.7460998,-0.0860076,-0.5350000),(0.7454912,-0.0860076,-0.5350000),(0.7460998,-0.0860076,-0.5350000),(0.7461241,-0.0861328,-0.5350000),(0.7454912,-0.0860076,-0.5350000),(0.7461241,-0.0861328,-0.5350000),(0.7460998,-0.0862579,-0.5350000),(0.7454912,-0.0860076,-0.5350000),(0.7460998,-0.0862579,-0.5350000),(0.7460267,-0.0863646,-0.5350000),(0.7454912,-0.0860076,-0.5350000),(0.7460267,-0.0863646,-0.5350000),(0.7459209,-0.0864376,-0.5350000),(0.7454912,-0.0860076,-0.5350000),(0.7459209,-0.0864376,-0.5350000),(0.7457960,-0.0864619,-0.5350000),(0.7454912,-0.0860076,-0.5350000),(0.7457960,-0.0864619,-0.5350000),(0.7456709,-0.0864376,-0.5350000),(0.7454912,-0.0860076,-0.5350000),(0.7456709,-0.0864376,-0.5350000),(0.7455642,-0.0863646,-0.5350000),(0.7454912,-0.0860076,-0.5350000),(0.7455642,-0.0863646,-0.5350000),(0.7454912,-0.0862579,-0.5350000),(0.7454912,-0.0860076,-0.5350000),(0.7454912,-0.0862579,-0.5350000),(0.7454669,-0.0861328,-0.5350000),(0.7644292,-0.0877600,-0.5350000),(0.7658114,-0.0859703,-0.5350000),(0.7658836,-0.0859084,-0.5350000),(0.7644292,-0.0877600,-0.5350000),(0.7658836,-0.0859084,-0.5350000),(0.7659754,-0.0858878,-0.5350000),(0.7644292,-0.0877600,-0.5350000),(0.7659754,-0.0858878,-0.5350000),(0.7661077,-0.0859333,-0.5350000),(0.7644292,-0.0877600,-0.5350000),(0.7661077,-0.0859333,-0.5350000),(0.7661720,-0.0860069,-0.5350000),(0.7644292,-0.0877600,-0.5350000),(0.7661720,-0.0860069,-0.5350000),(0.7661935,-0.0861026,-0.5350000),(0.7644292,-0.0877600,-0.5350000),(0.7661935,-0.0861026,-0.5350000),(0.7661490,-0.0862349,-0.5350000),(0.7644292,-0.0877600,-0.5350000),(0.7661490,-0.0862349,-0.5350000),(0.7649732,-0.0877600,-0.5350000),(0.7649732,-0.0877600,-0.5350000),(0.7650589,-0.0877600,-0.5350000),(0.7651782,-0.0877651,-0.5350000),(0.7644292,-0.0877600,-0.5350000),(0.7649732,-0.0877600,-0.5350000),(0.7651782,-0.0877651,-0.5350000),(0.7635656,-0.0877600,-0.5350000),(0.7644292,-0.0877600,-0.5350000),(0.7651782,-0.0877651,-0.5350000),(0.7635656,-0.0877600,-0.5350000),(0.7651782,-0.0877651,-0.5350000),(0.7652920,-0.0877804,-0.5350000),(0.7635656,-0.0877600,-0.5350000),(0.7652920,-0.0877804,-0.5350000),(0.7654003,-0.0878060,-0.5350000),(0.7635656,-0.0877600,-0.5350000),(0.7654003,-0.0878060,-0.5350000),(0.7655032,-0.0878417,-0.5350000),(0.7635656,-0.0877600,-0.5350000),(0.7655032,-0.0878417,-0.5350000),(0.7656006,-0.0878877,-0.5350000),(0.7635656,-0.0877600,-0.5350000),(0.7656006,-0.0878877,-0.5350000),(0.7656925,-0.0879439,-0.5350000),(0.7635656,-0.0877600,-0.5350000),(0.7656925,-0.0879439,-0.5350000),(0.7657790,-0.0880104,-0.5350000),(0.7635656,-0.0877600,-0.5350000),(0.7657790,-0.0880104,-0.5350000),(0.7658601,-0.0880870,-0.5350000),(0.7635656,-0.0877600,-0.5350000),(0.7658601,-0.0880870,-0.5350000),(0.7659365,-0.0881767,-0.5350000),(0.7635656,-0.0877600,-0.5350000),(0.7659365,-0.0881767,-0.5350000),(0.7660027,-0.0882692,-0.5350000),(0.7635656,-0.0877600,-0.5350000),(0.7660027,-0.0882692,-0.5350000),(0.7660587,-0.0883643,-0.5350000),(0.7660587,-0.0883643,-0.5350000),(0.7661046,-0.0884622,-0.5350000),(0.7657090,-0.0886114,-0.5350000),(0.7660587,-0.0883643,-0.5350000),(0.7657090,-0.0886114,-0.5350000),(0.7656445,-0.0884938,-0.5350000),(0.7660587,-0.0883643,-0.5350000),(0.7656445,-0.0884938,-0.5350000),(0.7655542,-0.0883876,-0.5350000),(0.7660587,-0.0883643,-0.5350000),(0.7655542,-0.0883876,-0.5350000),(0.7654443,-0.0882996,-0.5350000),(0.7660587,-0.0883643,-0.5350000),(0.7654443,-0.0882996,-0.5350000),(0.7653251,-0.0882368,-0.5350000),(0.7660587,-0.0883643,-0.5350000),(0.7653251,-0.0882368,-0.5350000),(0.7651966,-0.0881991,-0.5350000),(0.7635656,-0.0877600,-0.5350000),(0.7660587,-0.0883643,-0.5350000),(0.7651966,-0.0881991,-0.5350000),(0.7635656,-0.0877600,-0.5350000),(0.7651966,-0.0881991,-0.5350000),(0.7650589,-0.0881865,-0.5350000),(0.7635656,-0.0877600,-0.5350000),(0.7650589,-0.0881865,-0.5350000),(0.7635656,-0.0881865,-0.5350000),(0.7657477,-0.0887404,-0.5350000),(0.7657090,-0.0886114,-0.5350000),(0.7661046,-0.0884622,-0.5350000),(0.7657606,-0.0888808,-0.5350000),(0.7657477,-0.0887404,-0.5350000),(0.7661046,-0.0884622,-0.5350000),(0.7657477,-0.0890198,-0.5350000),(0.7657606,-0.0888808,-0.5350000),(0.7661046,-0.0884622,-0.5350000),(0.7657090,-0.0891480,-0.5350000),(0.7657477,-0.0890198,-0.5350000),(0.7661046,-0.0884622,-0.5350000),(0.7656445,-0.0892653,-0.5350000),(0.7657090,-0.0891480,-0.5350000),(0.7661046,-0.0884622,-0.5350000),(0.7656445,-0.0892653,-0.5350000),(0.7661046,-0.0884622,-0.5350000),(0.7661402,-0.0885628,-0.5350000),(0.7656445,-0.0892653,-0.5350000),(0.7661402,-0.0885628,-0.5350000),(0.7661657,-0.0886660,-0.5350000),(0.7655542,-0.0893718,-0.5350000),(0.7656445,-0.0892653,-0.5350000),(0.7661657,-0.0886660,-0.5350000),(0.7655542,-0.0893718,-0.5350000),(0.7661657,-0.0886660,-0.5350000),(0.7661810,-0.0887720,-0.5350000),(0.7655542,-0.0893718,-0.5350000),(0.7661810,-0.0887720,-0.5350000),(0.7661860,-0.0888808,-0.5350000),(0.7654471,-0.0894598,-0.5350000),(0.7655542,-0.0893718,-0.5350000),(0.7661860,-0.0888808,-0.5350000),(0.7654471,-0.0894598,-0.5350000),(0.7661860,-0.0888808,-0.5350000),(0.7661810,-0.0889934,-0.5350000),(0.7654471,-0.0894598,-0.5350000),(0.7661810,-0.0889934,-0.5350000),(0.7661657,-0.0891021,-0.5350000),(0.7653299,-0.0895226,-0.5350000),(0.7654471,-0.0894598,-0.5350000),(0.7661657,-0.0891021,-0.5350000),(0.7653299,-0.0895226,-0.5350000),(0.7661657,-0.0891021,-0.5350000),(0.7661402,-0.0892069,-0.5350000),(0.7653299,-0.0895226,-0.5350000),(0.7661402,-0.0892069,-0.5350000),(0.7661046,-0.0893078,-0.5350000),(0.7652026,-0.0895603,-0.5350000),(0.7653299,-0.0895226,-0.5350000),(0.7661046,-0.0893078,-0.5350000),(0.7652026,-0.0895603,-0.5350000),(0.7661046,-0.0893078,-0.5350000),(0.7660587,-0.0894048,-0.5350000),(0.7652026,-0.0895603,-0.5350000),(0.7660587,-0.0894048,-0.5350000),(0.7660027,-0.0894979,-0.5350000),(0.7650653,-0.0895729,-0.5350000),(0.7652026,-0.0895603,-0.5350000),(0.7660027,-0.0894979,-0.5350000),(0.7650653,-0.0895729,-0.5350000),(0.7660027,-0.0894979,-0.5350000),(0.7659365,-0.0895871,-0.5350000),(0.7635656,-0.0895729,-0.5350000),(0.7650653,-0.0895729,-0.5350000),(0.7659365,-0.0895871,-0.5350000),(0.7635656,-0.0895729,-0.5350000),(0.7659365,-0.0895871,-0.5350000),(0.7658601,-0.0896724,-0.5350000),(0.7635656,-0.0895729,-0.5350000),(0.7658601,-0.0896724,-0.5350000),(0.7657730,-0.0897505,-0.5350000),(0.7635656,-0.0895729,-0.5350000),(0.7657730,-0.0897505,-0.5350000),(0.7656822,-0.0898182,-0.5350000),(0.7635656,-0.0895729,-0.5350000),(0.7656822,-0.0898182,-0.5350000),(0.7655877,-0.0898755,-0.5350000),(0.7635656,-0.0895729,-0.5350000),(0.7655877,-0.0898755,-0.5350000),(0.7654894,-0.0899224,-0.5350000),(0.7635656,-0.0895729,-0.5350000),(0.7654894,-0.0899224,-0.5350000),(0.7653874,-0.0899589,-0.5350000),(0.7635656,-0.0895729,-0.5350000),(0.7653874,-0.0899589,-0.5350000),(0.7652816,-0.0899849,-0.5350000),(0.7635656,-0.0895729,-0.5350000),(0.7652816,-0.0899849,-0.5350000),(0.7651721,-0.0900006,-0.5350000),(0.7635656,-0.0895729,-0.5350000),(0.7651721,-0.0900006,-0.5350000),(0.7650589,-0.0900058,-0.5350000),(0.7635656,-0.0895729,-0.5350000),(0.7650589,-0.0900058,-0.5350000),(0.7633529,-0.0900058,-0.5350000),(0.7635656,-0.0881865,-0.5350000),(0.7635656,-0.0895729,-0.5350000),(0.7633529,-0.0900058,-0.5350000),(0.7635656,-0.0877600,-0.5350000),(0.7635656,-0.0881865,-0.5350000),(0.7633529,-0.0900058,-0.5350000),(0.7635656,-0.0877600,-0.5350000),(0.7633529,-0.0900058,-0.5350000),(0.7632669,-0.0899891,-0.5350000),(0.7635656,-0.0877600,-0.5350000),(0.7632669,-0.0899891,-0.5350000),(0.7631952,-0.0899391,-0.5350000),(0.7635656,-0.0877600,-0.5350000),(0.7631952,-0.0899391,-0.5350000),(0.7631531,-0.0898647,-0.5350000),(0.7635656,-0.0877600,-0.5350000),(0.7631531,-0.0898647,-0.5350000),(0.7631391,-0.0897856,-0.5350000),(0.7635656,-0.0877600,-0.5350000),(0.7631391,-0.0897856,-0.5350000),(0.7631391,-0.0861587,-0.5350000),(0.7635656,-0.0877600,-0.5350000),(0.7631391,-0.0861587,-0.5350000),(0.7631620,-0.0860754,-0.5350000),(0.7635656,-0.0877600,-0.5350000),(0.7631620,-0.0860754,-0.5350000),(0.7632052,-0.0860158,-0.5350000),(0.7635656,-0.0877600,-0.5350000),(0.7632052,-0.0860158,-0.5350000),(0.7633529,-0.0859682,-0.5350000),(0.7635656,-0.0877600,-0.5350000),(0.7633529,-0.0859682,-0.5350000),(0.7634269,-0.0859801,-0.5350000),(0.7635656,-0.0877600,-0.5350000),(0.7634269,-0.0859801,-0.5350000),(0.7634870,-0.0860158,-0.5350000),(0.7635656,-0.0877600,-0.5350000),(0.7634870,-0.0860158,-0.5350000),(0.7635656,-0.0861587,-0.5350000),(0.7621771,-0.0877653,-0.5350000),(0.7621750,-0.0861587,-0.5350000),(0.7621911,-0.0860767,-0.5350000),(0.7621771,-0.0877653,-0.5350000),(0.7621911,-0.0860767,-0.5350000),(0.7622395,-0.0860084,-0.5350000),(0.7621771,-0.0877653,-0.5350000),(0.7622395,-0.0860084,-0.5350000),(0.7623083,-0.0859624,-0.5350000),(0.7621771,-0.0877653,-0.5350000),(0.7623083,-0.0859624,-0.5350000),(0.7623856,-0.0859471,-0.5350000),(0.7621771,-0.0877653,-0.5350000),(0.7623856,-0.0859471,-0.5350000),(0.7624684,-0.0859624,-0.5350000),(0.7621771,-0.0877653,-0.5350000),(0.7624684,-0.0859624,-0.5350000),(0.7625369,-0.0860084,-0.5350000),(0.7621771,-0.0877653,-0.5350000),(0.7625369,-0.0860084,-0.5350000),(0.7625829,-0.0860767,-0.5350000),(0.7621771,-0.0877653,-0.5350000),(0.7625829,-0.0860767,-0.5350000),(0.7625983,-0.0861587,-0.5350000),(0.7621771,-0.0877653,-0.5350000),(0.7625983,-0.0861587,-0.5350000),(0.7625983,-0.0897856,-0.5350000),(0.7621771,-0.0877653,-0.5350000),(0.7625983,-0.0897856,-0.5350000),(0.7625829,-0.0898671,-0.5350000),(0.7621771,-0.0877653,-0.5350000),(0.7625829,-0.0898671,-0.5350000),(0.7625369,-0.0899359,-0.5350000),(0.7621771,-0.0877653,-0.5350000),(0.7625369,-0.0899359,-0.5350000),(0.7624694,-0.0899835,-0.5350000),(0.7621771,-0.0877653,-0.5350000),(0.7624694,-0.0899835,-0.5350000),(0.7623898,-0.0899994,-0.5350000),(0.7621771,-0.0877653,-0.5350000),(0.7623898,-0.0899994,-0.5350000),(0.7623078,-0.0899830,-0.5350000),(0.7621771,-0.0877653,-0.5350000),(0.7623078,-0.0899830,-0.5350000),(0.7622374,-0.0899338,-0.5350000),(0.7621771,-0.0877653,-0.5350000),(0.7622374,-0.0899338,-0.5350000),(0.7621906,-0.0898692,-0.5350000),(0.7621771,-0.0877653,-0.5350000),(0.7621906,-0.0898692,-0.5350000),(0.7621750,-0.0897856,-0.5350000),(0.7621771,-0.0877653,-0.5350000),(0.7621750,-0.0897856,-0.5350000),(0.7621750,-0.0881865,-0.5350000),(0.7599757,-0.0877653,-0.5350000),(0.7621771,-0.0877653,-0.5350000),(0.7621750,-0.0881865,-0.5350000),(0.7599757,-0.0877653,-0.5350000),(0.7621750,-0.0881865,-0.5350000),(0.7599821,-0.0881865,-0.5350000),(0.7599757,-0.0877653,-0.5350000),(0.7599821,-0.0881865,-0.5350000),(0.7599821,-0.0897856,-0.5350000),(0.7599757,-0.0877653,-0.5350000),(0.7599821,-0.0897856,-0.5350000),(0.7599657,-0.0898671,-0.5350000),(0.7599757,-0.0877653,-0.5350000),(0.7599657,-0.0898671,-0.5350000),(0.7599165,-0.0899359,-0.5350000),(0.7599757,-0.0877653,-0.5350000),(0.7599165,-0.0899359,-0.5350000),(0.7598469,-0.0899835,-0.5350000),(0.7599757,-0.0877653,-0.5350000),(0.7598469,-0.0899835,-0.5350000),(0.7597694,-0.0899994,-0.5350000),(0.7599757,-0.0877653,-0.5350000),(0.7597694,-0.0899994,-0.5350000),(0.7596871,-0.0899835,-0.5350000),(0.7599757,-0.0877653,-0.5350000),(0.7596871,-0.0899835,-0.5350000),(0.7596159,-0.0899359,-0.5350000),(0.7599757,-0.0877653,-0.5350000),(0.7596159,-0.0899359,-0.5350000),(0.7595675,-0.0898671,-0.5350000),(0.7599757,-0.0877653,-0.5350000),(0.7595675,-0.0898671,-0.5350000),(0.7595514,-0.0897856,-0.5350000),(0.7599757,-0.0877653,-0.5350000),(0.7595514,-0.0897856,-0.5350000),(0.7595514,-0.0861587,-0.5350000),(0.7599757,-0.0877653,-0.5350000),(0.7595514,-0.0861587,-0.5350000),(0.7595670,-0.0860767,-0.5350000),(0.7599757,-0.0877653,-0.5350000),(0.7595670,-0.0860767,-0.5350000),(0.7596138,-0.0860084,-0.5350000),(0.7599757,-0.0877653,-0.5350000),(0.7596138,-0.0860084,-0.5350000),(0.7596834,-0.0859624,-0.5350000),(0.7599757,-0.0877653,-0.5350000),(0.7596834,-0.0859624,-0.5350000),(0.7597651,-0.0859471,-0.5350000),(0.7599757,-0.0877653,-0.5350000),(0.7597651,-0.0859471,-0.5350000),(0.7598429,-0.0859621,-0.5350000),(0.7599757,-0.0877653,-0.5350000),(0.7598429,-0.0859621,-0.5350000),(0.7599154,-0.0860074,-0.5350000),(0.7599757,-0.0877653,-0.5350000),(0.7599154,-0.0860074,-0.5350000),(0.7599607,-0.0860722,-0.5350000),(0.7599757,-0.0877653,-0.5350000),(0.7599607,-0.0860722,-0.5350000),(0.7599757,-0.0861587,-0.5350000),(0.7671576,-0.0874774,-0.5350000),(0.7671576,-0.0897856,-0.5350000),(0.7671422,-0.0898671,-0.5350000),(0.7671576,-0.0874774,-0.5350000),(0.7671422,-0.0898671,-0.5350000),(0.7670962,-0.0899359,-0.5350000),(0.7671576,-0.0874774,-0.5350000),(0.7670962,-0.0899359,-0.5350000),(0.7670287,-0.0899835,-0.5350000),(0.7671626,-0.0873649,-0.5350000),(0.7671576,-0.0874774,-0.5350000),(0.7670287,-0.0899835,-0.5350000),(0.7671626,-0.0873649,-0.5350000),(0.7670287,-0.0899835,-0.5350000),(0.7669491,-0.0899994,-0.5350000),(0.7671626,-0.0873649,-0.5350000),(0.7669491,-0.0899994,-0.5350000),(0.7668658,-0.0899830,-0.5350000),(0.7671626,-0.0873649,-0.5350000),(0.7668658,-0.0899830,-0.5350000),(0.7667914,-0.0899338,-0.5350000),(0.7671626,-0.0873649,-0.5350000),(0.7667914,-0.0899338,-0.5350000),(0.7667462,-0.0898692,-0.5350000),(0.7671626,-0.0873649,-0.5350000),(0.7667462,-0.0898692,-0.5350000),(0.7667311,-0.0897856,-0.5350000),(0.7671626,-0.0873649,-0.5350000),(0.7667311,-0.0897856,-0.5350000),(0.7667311,-0.0874774,-0.5350000),(0.7671626,-0.0873649,-0.5350000),(0.7667311,-0.0874774,-0.5350000),(0.7667380,-0.0873223,-0.5350000),(0.7671626,-0.0873649,-0.5350000),(0.7667380,-0.0873223,-0.5350000),(0.7667589,-0.0871729,-0.5350000),(0.7671626,-0.0873649,-0.5350000),(0.7667589,-0.0871729,-0.5350000),(0.7667936,-0.0870293,-0.5350000),(0.7671626,-0.0873649,-0.5350000),(0.7667936,-0.0870293,-0.5350000),(0.7668422,-0.0868914,-0.5350000),(0.7671626,-0.0873649,-0.5350000),(0.7668422,-0.0868914,-0.5350000),(0.7669047,-0.0867591,-0.5350000),(0.7671626,-0.0873649,-0.5350000),(0.7669047,-0.0867591,-0.5350000),(0.7669811,-0.0866327,-0.5350000),(0.7671626,-0.0873649,-0.5350000),(0.7669811,-0.0866327,-0.5350000),(0.7670714,-0.0865119,-0.5350000),(0.7671626,-0.0873649,-0.5350000),(0.7670714,-0.0865119,-0.5350000),(0.7671756,-0.0863968,-0.5350000),(0.7671626,-0.0873649,-0.5350000),(0.7671756,-0.0863968,-0.5350000),(0.7672882,-0.0862914,-0.5350000),(0.7672882,-0.0862914,-0.5350000),(0.7674068,-0.0862001,-0.5350000),(0.7675316,-0.0861228,-0.5350000),(0.7672882,-0.0862914,-0.5350000),(0.7675316,-0.0861228,-0.5350000),(0.7676624,-0.0860595,-0.5350000),(0.7672882,-0.0862914,-0.5350000),(0.7676624,-0.0860595,-0.5350000),(0.7677993,-0.0860103,-0.5350000),(0.7672882,-0.0862914,-0.5350000),(0.7677993,-0.0860103,-0.5350000),(0.7679423,-0.0859752,-0.5350000),(0.7672882,-0.0862914,-0.5350000),(0.7679423,-0.0859752,-0.5350000),(0.7680914,-0.0859541,-0.5350000),(0.7672882,-0.0862914,-0.5350000),(0.7680914,-0.0859541,-0.5350000),(0.7682466,-0.0859471,-0.5350000),(0.7672882,-0.0862914,-0.5350000),(0.7682466,-0.0859471,-0.5350000),(0.7684020,-0.0859541,-0.5350000),(0.7672882,-0.0862914,-0.5350000),(0.7684020,-0.0859541,-0.5350000),(0.7685517,-0.0859752,-0.5350000),(0.7672882,-0.0862914,-0.5350000),(0.7685517,-0.0859752,-0.5350000),(0.7686958,-0.0860103,-0.5350000),(0.7672882,-0.0862914,-0.5350000),(0.7686958,-0.0860103,-0.5350000),(0.7688343,-0.0860595,-0.5350000),(0.7672882,-0.0862914,-0.5350000),(0.7688343,-0.0860595,-0.5350000),(0.7689670,-0.0861228,-0.5350000),(0.7672882,-0.0862914,-0.5350000),(0.7689670,-0.0861228,-0.5350000),(0.7690941,-0.0862001,-0.5350000),(0.7672882,-0.0862914,-0.5350000),(0.7690941,-0.0862001,-0.5350000),(0.7692156,-0.0862914,-0.5350000),(0.7672882,-0.0862914,-0.5350000),(0.7692156,-0.0862914,-0.5350000),(0.7693314,-0.0863968,-0.5350000),(0.7693314,-0.0863968,-0.5350000),(0.7694361,-0.0865106,-0.5350000),(0.7695268,-0.0866305,-0.5350000),(0.7693314,-0.0863968,-0.5350000),(0.7695268,-0.0866305,-0.5350000),(0.7696036,-0.0867566,-0.5350000),(0.7693314,-0.0863968,-0.5350000),(0.7696036,-0.0867566,-0.5350000),(0.7696664,-0.0868890,-0.5350000),(0.7693314,-0.0863968,-0.5350000),(0.7696664,-0.0868890,-0.5350000),(0.7697152,-0.0870275,-0.5350000),(0.7693314,-0.0863968,-0.5350000),(0.7697152,-0.0870275,-0.5350000),(0.7697501,-0.0871723,-0.5350000),(0.7693314,-0.0863968,-0.5350000),(0.7697501,-0.0871723,-0.5350000),(0.7697710,-0.0873234,-0.5350000),(0.7693314,-0.0863968,-0.5350000),(0.7697710,-0.0873234,-0.5350000),(0.7697780,-0.0874806,-0.5350000),(0.7693314,-0.0863968,-0.5350000),(0.7697780,-0.0874806,-0.5350000),(0.7697780,-0.0897856,-0.5350000),(0.7693314,-0.0863968,-0.5350000),(0.7697780,-0.0897856,-0.5350000),(0.7697627,-0.0898671,-0.5350000),(0.7693314,-0.0863968,-0.5350000),(0.7697627,-0.0898671,-0.5350000),(0.7697166,-0.0899359,-0.5350000),(0.7693314,-0.0863968,-0.5350000),(0.7697166,-0.0899359,-0.5350000),(0.7696484,-0.0899835,-0.5350000),(0.7693314,-0.0863968,-0.5350000),(0.7696484,-0.0899835,-0.5350000),(0.7695664,-0.0899994,-0.5350000),(0.7693314,-0.0863968,-0.5350000),(0.7695664,-0.0899994,-0.5350000),(0.7694843,-0.0899835,-0.5350000),(0.7693314,-0.0863968,-0.5350000),(0.7694843,-0.0899835,-0.5350000),(0.7694161,-0.0899359,-0.5350000),(0.7694161,-0.0899359,-0.5350000),(0.7693700,-0.0898671,-0.5350000),(0.7693547,-0.0897856,-0.5350000),(0.7694161,-0.0899359,-0.5350000),(0.7693547,-0.0897856,-0.5350000),(0.7693547,-0.0874806,-0.5350000),(0.7693314,-0.0863968,-0.5350000),(0.7694161,-0.0899359,-0.5350000),(0.7693547,-0.0874806,-0.5350000),(0.7693314,-0.0863968,-0.5350000),(0.7693547,-0.0874806,-0.5350000),(0.7693496,-0.0873686,-0.5350000),(0.7693314,-0.0863968,-0.5350000),(0.7693496,-0.0873686,-0.5350000),(0.7693343,-0.0872606,-0.5350000),(0.7693314,-0.0863968,-0.5350000),(0.7693343,-0.0872606,-0.5350000),(0.7693087,-0.0871566,-0.5350000),(0.7693314,-0.0863968,-0.5350000),(0.7693087,-0.0871566,-0.5350000),(0.7692729,-0.0870567,-0.5350000),(0.7693314,-0.0863968,-0.5350000),(0.7692729,-0.0870567,-0.5350000),(0.7692270,-0.0869608,-0.5350000),(0.7693314,-0.0863968,-0.5350000),(0.7692270,-0.0869608,-0.5350000),(0.7691707,-0.0868690,-0.5350000),(0.7693314,-0.0863968,-0.5350000),(0.7691707,-0.0868690,-0.5350000),(0.7691043,-0.0867812,-0.5350000),(0.7693314,-0.0863968,-0.5350000),(0.7691043,-0.0867812,-0.5350000),(0.7690277,-0.0866974,-0.5350000),(0.7693314,-0.0863968,-0.5350000),(0.7690277,-0.0866974,-0.5350000),(0.7689458,-0.0866210,-0.5350000),(0.7693314,-0.0863968,-0.5350000),(0.7689458,-0.0866210,-0.5350000),(0.7688595,-0.0865548,-0.5350000),(0.7693314,-0.0863968,-0.5350000),(0.7688595,-0.0865548,-0.5350000),(0.7687687,-0.0864988,-0.5350000),(0.7693314,-0.0863968,-0.5350000),(0.7687687,-0.0864988,-0.5350000),(0.7686734,-0.0864529,-0.5350000),(0.7693314,-0.0863968,-0.5350000),(0.7686734,-0.0864529,-0.5350000),(0.7685737,-0.0864173,-0.5350000),(0.7693314,-0.0863968,-0.5350000),(0.7685737,-0.0864173,-0.5350000),(0.7684695,-0.0863918,-0.5350000),(0.7693314,-0.0863968,-0.5350000),(0.7684695,-0.0863918,-0.5350000),(0.7683608,-0.0863765,-0.5350000),(0.7672882,-0.0862914,-0.5350000),(0.7693314,-0.0863968,-0.5350000),(0.7683608,-0.0863765,-0.5350000),(0.7672882,-0.0862914,-0.5350000),(0.7683608,-0.0863765,-0.5350000),(0.7682477,-0.0863714,-0.5350000),(0.7672882,-0.0862914,-0.5350000),(0.7682477,-0.0863714,-0.5350000),(0.7681365,-0.0863765,-0.5350000),(0.7672882,-0.0862914,-0.5350000),(0.7681365,-0.0863765,-0.5350000),(0.7680296,-0.0863917,-0.5350000),(0.7672882,-0.0862914,-0.5350000),(0.7680296,-0.0863917,-0.5350000),(0.7679269,-0.0864170,-0.5350000),(0.7672882,-0.0862914,-0.5350000),(0.7679269,-0.0864170,-0.5350000),(0.7678283,-0.0864524,-0.5350000),(0.7672882,-0.0862914,-0.5350000),(0.7678283,-0.0864524,-0.5350000),(0.7677340,-0.0864980,-0.5350000),(0.7672882,-0.0862914,-0.5350000),(0.7677340,-0.0864980,-0.5350000),(0.7676438,-0.0865536,-0.5350000),(0.7672882,-0.0862914,-0.5350000),(0.7676438,-0.0865536,-0.5350000),(0.7675579,-0.0866194,-0.5350000),(0.7672882,-0.0862914,-0.5350000),(0.7675579,-0.0866194,-0.5350000),(0.7674762,-0.0866953,-0.5350000),(0.7672882,-0.0862914,-0.5350000),(0.7674762,-0.0866953,-0.5350000),(0.7674015,-0.0867784,-0.5350000),(0.7672882,-0.0862914,-0.5350000),(0.7674015,-0.0867784,-0.5350000),(0.7673368,-0.0868656,-0.5350000),(0.7672882,-0.0862914,-0.5350000),(0.7673368,-0.0868656,-0.5350000),(0.7672820,-0.0869571,-0.5350000),(0.7672882,-0.0862914,-0.5350000),(0.7672820,-0.0869571,-0.5350000),(0.7672372,-0.0870528,-0.5350000),(0.7672882,-0.0862914,-0.5350000),(0.7672372,-0.0870528,-0.5350000),(0.7672024,-0.0871526,-0.5350000),(0.7672882,-0.0862914,-0.5350000),(0.7672024,-0.0871526,-0.5350000),(0.7671775,-0.0872567,-0.5350000),(0.7671626,-0.0873649,-0.5350000),(0.7672882,-0.0862914,-0.5350000),(0.7671775,-0.0872567,-0.5350000),(0.7589552,-0.0896261,-0.5350000),(0.7590084,-0.0897856,-0.5350000),(0.7589933,-0.0898655,-0.5350000),(0.7589552,-0.0896261,-0.5350000),(0.7589933,-0.0898655,-0.5350000),(0.7589481,-0.0899338,-0.5350000),(0.7589552,-0.0896261,-0.5350000),(0.7589481,-0.0899338,-0.5350000),(0.7588798,-0.0899830,-0.5350000),(0.7589552,-0.0896261,-0.5350000),(0.7588798,-0.0899830,-0.5350000),(0.7587957,-0.0899994,-0.5350000),(0.7589552,-0.0896261,-0.5350000),(0.7587957,-0.0899994,-0.5350000),(0.7561753,-0.0899994,-0.5350000),(0.7589552,-0.0896261,-0.5350000),(0.7561753,-0.0899994,-0.5350000),(0.7560821,-0.0899790,-0.5350000),(0.7589552,-0.0896261,-0.5350000),(0.7560821,-0.0899790,-0.5350000),(0.7560081,-0.0899179,-0.5350000),(0.7589552,-0.0896261,-0.5350000),(0.7560081,-0.0899179,-0.5350000),(0.7559615,-0.0897856,-0.5350000),(0.7589552,-0.0896261,-0.5350000),(0.7559615,-0.0897856,-0.5350000),(0.7559615,-0.0897698,-0.5350000),(0.7589552,-0.0896261,-0.5350000),(0.7559615,-0.0897698,-0.5350000),(0.7560218,-0.0896406,-0.5350000),(0.7589552,-0.0896261,-0.5350000),(0.7560218,-0.0896406,-0.5350000),(0.7560930,-0.0895898,-0.5350000),(0.7589552,-0.0896261,-0.5350000),(0.7560930,-0.0895898,-0.5350000),(0.7561753,-0.0895729,-0.5350000),(0.7589552,-0.0896261,-0.5350000),(0.7561753,-0.0895729,-0.5350000),(0.7572749,-0.0895729,-0.5350000),(0.7572749,-0.0895729,-0.5350000),(0.7572749,-0.0861587,-0.5350000),(0.7572902,-0.0860767,-0.5350000),(0.7572749,-0.0895729,-0.5350000),(0.7572902,-0.0860767,-0.5350000),(0.7573363,-0.0860084,-0.5350000),(0.7572749,-0.0895729,-0.5350000),(0.7573363,-0.0860084,-0.5350000),(0.7574045,-0.0859624,-0.5350000),(0.7572749,-0.0895729,-0.5350000),(0.7574045,-0.0859624,-0.5350000),(0.7574865,-0.0859471,-0.5350000),(0.7572749,-0.0895729,-0.5350000),(0.7574865,-0.0859471,-0.5350000),(0.7575686,-0.0859624,-0.5350000),(0.7572749,-0.0895729,-0.5350000),(0.7575686,-0.0859624,-0.5350000),(0.7576368,-0.0860084,-0.5350000),(0.7572749,-0.0895729,-0.5350000),(0.7576368,-0.0860084,-0.5350000),(0.7576829,-0.0860767,-0.5350000),(0.7572749,-0.0895729,-0.5350000),(0.7576829,-0.0860767,-0.5350000),(0.7576982,-0.0861587,-0.5350000),(0.7572749,-0.0895729,-0.5350000),(0.7576982,-0.0861587,-0.5350000),(0.7576982,-0.0895729,-0.5350000),(0.7589552,-0.0896261,-0.5350000),(0.7572749,-0.0895729,-0.5350000),(0.7576982,-0.0895729,-0.5350000),(0.7589552,-0.0896261,-0.5350000),(0.7576982,-0.0895729,-0.5350000),(0.7587957,-0.0895729,-0.5350000),(0.7589552,-0.0896261,-0.5350000),(0.7587957,-0.0895729,-0.5350000),(0.7588888,-0.0895862,-0.5350000)));
#2007=COMPLEX_TRIANGULATED_SURFACE_SET('surface set',#2006,2442,(),(),(),((1,2,3),(4,5,6),(7,8,9),(10,11,12),(13,14,15),(16,17,18),(19,20,21),(22,23,24),(25,26,27),(28,29,30),(31,32,33),(34,35,36),(37,38,39),(40,41,42),(43,44,45),(46,47,48),(49,50,51),(52,53,54),(55,56,57),(58,59,60),(61,62,63),(64,65,66),(67,68,69),(70,71,72),(73,74,75),(76,77,78),(79,80,81),(82,83,84),(85,86,87),(88,89,90),(91,92,93),(94,95,96),(97,98,99),(100,101,102),(103,104,105),(106,107,108),(109,110,111),(112,113,114),(115,116,117),(118,119,120),(121,122,123),(124,125,126),(127,128,129),(130,131,132),(133,134,135),(136,137,138),(139,140,141),(142,143,144),(145,146,147),(148,149,150),(151,152,153),(154,155,156),(157,158,159),(160,161,162),(163,164,165),(166,167,168),(169,170,171),(172,173,174),(175,176,177),(178,179,180),(181,182,183),(184,185,186),(187,188,189),(190,191,192),(193,194,195),(196,197,198),(199,200,201),(202,203,204),(205,206,207),(208,209,210),(211,212,213),(214,215,216),(217,218,219),(220,221,222),(223,224,225),(226,227,228),(229,230,231),(232,233,234),(235,236,237),(238,239,240),(241,242,243),(244,245,246),(247,248,249),(250,251,252),(253,254,255),(256,257,258),(259,260,261),(262,263,264),(265,266,267),(268,269,270),(271,272,273),(274,275,276),(277,278,279),(280,281,282),(283,284,285),(286,287,288),(289,290,291),(292,293,294),(295,296,297),(298,299,300),(301,302,303),(304,305,306),(307,308,309),(310,311,312),(313,314,315),(316,317,318),(319,320,321),(322,323,324),(325,326,327),(328,329,330),(331,332,333),(334,335,336),(337,338,339),(340,341,342),(343,344,345),(346,347,348),(349,350,351),(352,353,354),(355,356,357),(358,359,360),(361,362,363),(364,365,366),(367,368,369),(370,371,372),(373,374,375),(376,377,378),(379,380,381),(382,383,384),(385,386,387),(388,389,390),(391,392,393),(394,395,396),(397,398,399),(400,401,402),(403,404,405),(406,407,408),(409,410,411),(412,413,414),(415,416,417),(418,419,420),(421,422,423),(424,425,426),(427,428,429),(430,431,432),(433,434,435),(436,437,438),(439,440,441),(442,443,444),(445,446,447),(448,449,450),(451,452,453),(454,455,456),(457,458,459),(460,461,462),(463,464,465),(466,467,468),(469,470,471),(472,473,474),(475,476,477),(478,479,480),(481,482,483),(484,485,486),(487,488,489),(490,491,492),(493,494,495),(496,497,498),(499,500,501),(502,503,504),(505,506,507),(508,509,510),(511,512,513),(514,515,516),(517,518,519),(520,521,522),(523,524,525),(526,527,528),(529,530,531),(532,533,534),(535,536,537),(538,539,540),(541,542,543),(544,545,546),(547,548,549),(550,551,552),(553,554,555),(556,557,558),(559,560,561),(562,563,564),(565,566,567),(568,569,570),(571,572,573),(574,575,576),(577,578,579),(580,581,582),(583,584,585),(586,587,588),(589,590,591),(592,593,594),(595,596,597),(598,599,600),(601,602,603),(604,605,606),(607,608,609),(610,611,612),(613,614,615),(616,617,618),(619,620,621),(622,623,624),(625,626,627),(628,629,630),(631,632,633),(634,635,636),(637,638,639),(640,641,642),(643,644,645),(646,647,648),(649,650,651),(652,653,654),(655,656,657),(658,659,660),(661,662,663),(664,665,666),(667,668,669),(670,671,672),(673,674,675),(676,677,678),(679,680,681),(682,683,684),(685,686,687),(688,689,690),(691,692,693),(694,695,696),(697,698,699),(700,701,702),(703,704,705),(706,707,708),(709,710,711),(712,713,714),(715,716,717),(718,719,720),(721,722,723),(724,725,726),(727,728,729),(730,731,732),(733,734,735),(736,737,738),(739,740,741),(742,743,744),(745,746,747),(748,749,750),(751,752,753),(754,755,756),(757,758,759),(760,761,762),(763,764,765),(766,767,768),(769,770,771),(772,773,774),(775,776,777),(778,779,780),(781,782,783),(784,785,786),(787,788,789),(790,791,792),(793,794,795),(796,797,798),(799,800,801),(802,803,804),(805,806,807),(808,809,810),(811,812,813),(814,815,816),(817,818,819),(820,821,822),(823,824,825),(826,827,828),(829,830,831),(832,833,834),(835,836,837),(838,839,840),(841,842,843),(844,845,846),(847,848,849),(850,851,852),(853,854,855),(856,857,858),(859,860,861),(862,863,864),(865,866,867),(868,869,870),(871,872,873),(874,875,876),(877,878,879),(880,881,882),(883,884,885),(886,887,888),(889,890,891),(892,893,894),(895,896,897),(898,899,900),(901,902,903),(904,905,906),(907,908,909),(910,911,912),(913,914,915),(916,917,918),(919,920,921),(922,923,924),(925,926,927),(928,929,930),(931,932,933),(934,935,936),(937,938,939),(940,941,942),(943,944,945),(946,947,948),(949,950,951),(952,953,954),(955,956,957),(958,959,960),(961,962,963),(964,965,966),(967,968,969),(970,971,972),(973,974,975),(976,977,978),(979,980,981),(982,983,984),(985,986,987),(988,989,990),(991,992,993),(994,995,996),(997,998,999),(1000,1001,1002),(1003,1004,1005),(1006,1007,1008),(1009,1010,1011),(1012,1013,1014),(1015,1016,1017),(1018,1019,1020),(1021,1022,1023),(1024,1025,1026),(1027,1028,1029),(1030,1031,1032),(1033,1034,1035),(1036,1037,1038),(1039,1040,1041),(1042,1043,1044),(1045,1046,1047),(1048,1049,1050),(1051,1052,1053),(1054,1055,1056),(1057,1058,1059),(1060,1061,1062),(1063,1064,1065),(1066,1067,1068),(1069,1070,1071),(1072,1073,1074),(1075,1076,1077),(1078,1079,1080),(1081,1082,1083),(1084,1085,1086),(1087,1088,1089),(1090,1091,1092),(1093,1094,1095),(1096,1097,1098),(1099,1100,1101),(1102,1103,1104),(1105,1106,1107),(1108,1109,1110),(1111,1112,1113),(1114,1115,1116),(1117,1118,1119),(1120,1121,1122),(1123,1124,1125),(1126,1127,1128),(1129,1130,1131),(1132,1133,1134),(1135,1136,1137),(1138,1139,1140),(1141,1142,1143),(1144,1145,1146),(1147,1148,1149),(1150,1151,1152),(1153,1154,1155),(1156,1157,1158),(1159,1160,1161),(1162,1163,1164),(1165,1166,1167),(1168,1169,1170),(1171,1172,1173),(1174,1175,1176),(1177,1178,1179),(1180,1181,1182),(1183,1184,1185),(1186,1187,1188),(1189,1190,1191),(1192,1193,1194),(1195,1196,1197),(1198,1199,1200),(1201,1202,1203),(1204,1205,1206),(1207,1208,1209),(1210,1211,1212),(1213,1214,1215),(1216,1217,1218),(1219,1220,1221),(1222,1223,1224),(1225,1226,1227),(1228,1229,1230),(1231,1232,1233),(1234,1235,1236),(1237,1238,1239),(1240,1241,1242),(1243,1244,1245),(1246,1247,1248),(1249,1250,1251),(1252,1253,1254),(1255,1256,1257),(1258,1259,1260),(1261,1262,1263),(1264,1265,1266),(1267,1268,1269),(1270,1271,1272),(1273,1274,1275),(1276,1277,1278),(1279,1280,1281),(1282,1283,1284),(1285,1286,1287),(1288,1289,1290),(1291,1292,1293),(1294,1295,1296),(1297,1298,1299),(1300,1301,1302),(1303,1304,1305),(1306,1307,1308),(1309,1310,1311),(1312,1313,1314),(1315,1316,1317),(1318,1319,1320),(1321,1322,1323),(1324,1325,1326),(1327,1328,1329),(1330,1331,1332),(1333,1334,1335),(1336,1337,1338),(1339,1340,1341),(1342,1343,1344),(1345,1346,1347),(1348,1349,1350),(1351,1352,1353),(1354,1355,1356),(1357,1358,1359),(1360,1361,1362),(1363,1364,1365),(1366,1367,1368),(1369,1370,1371),(1372,1373,1374),(1375,1376,1377),(1378,1379,1380),(1381,1382,1383),(1384,1385,1386),(1387,1388,1389),(1390,1391,1392),(1393,1394,1395),(1396,1397,1398),(1399,1400,1401),(1402,1403,1404),(1405,1406,1407),(1408,1409,1410),(1411,1412,1413),(1414,1415,1416),(1417,1418,1419),(1420,1421,1422),(1423,1424,1425),(1426,1427,1428),(1429,1430,1431),(1432,1433,1434),(1435,1436,1437),(1438,1439,1440),(1441,1442,1443),(1444,1445,1446),(1447,1448,1449),(1450,1451,1452),(1453,1454,1455),(1456,1457,1458),(1459,1460,1461),(1462,1463,1464),(1465,1466,1467),(1468,1469,1470),(1471,1472,1473),(1474,1475,1476),(1477,1478,1479),(1480,1481,1482),(1483,1484,1485),(1486,1487,1488),(1489,1490,1491),(1492,1493,1494),(1495,1496,1497),(1498,1499,1500),(1501,1502,1503),(1504,1505,1506),(1507,1508,1509),(1510,1511,1512),(1513,1514,1515),(1516,1517,1518),(1519,1520,1521),(1522,1523,1524),(1525,1526,1527),(1528,1529,1530),(1531,1532,1533),(1534,1535,1536),(1537,1538,1539),(1540,1541,1542),(1543,1544,1545),(1546,1547,1548),(1549,1550,1551),(1552,1553,1554),(1555,1556,1557),(1558,1559,1560),(1561,1562,1563),(1564,1565,1566),(1567,1568,1569),(1570,1571,1572),(1573,1574,1575),(1576,1577,1578),(1579,1580,1581),(1582,1583,1584),(1585,1586,1587),(1588,1589,1590),(1591,1592,1593),(1594,1595,1596),(1597,1598,1599),(1600,1601,1602),(1603,1604,1605),(1606,1607,1608),(1609,1610,1611),(1612,1613,1614),(1615,1616,1617),(1618,1619,1620),(1621,1622,1623),(1624,1625,1626),(1627,1628,1629),(1630,1631,1632),(1633,1634,1635),(1636,1637,1638),(1639,1640,1641),(1642,1643,1644),(1645,1646,1647),(1648,1649,1650),(1651,1652,1653),(1654,1655,1656),(1657,1658,1659),(1660,1661,1662),(1663,1664,1665),(1666,1667,1668),(1669,1670,1671),(1672,1673,1674),(1675,1676,1677),(1678,1679,1680),(1681,1682,1683),(1684,1685,1686),(1687,1688,1689),(1690,1691,1692),(1693,1694,1695),(1696,1697,1698),(1699,1700,1701),(1702,1703,1704),(1705,1706,1707),(1708,1709,1710),(1711,1712,1713),(1714,1715,1716),(1717,1718,1719),(1720,1721,1722),(1723,1724,1725),(1726,1727,1728),(1729,1730,1731),(1732,1733,1734),(1735,1736,1737),(1738,1739,1740),(1741,1742,1743),(1744,1745,1746),(1747,1748,1749),(1750,1751,1752),(1753,1754,1755),(1756,1757,1758),(1759,1760,1761),(1762,1763,1764),(1765,1766,1767),(1768,1769,1770),(1771,1772,1773),(1774,1775,1776),(1777,1778,1779),(1780,1781,1782),(1783,1784,1785),(1786,1787,1788),(1789,1790,1791),(1792,1793,1794),(1795,1796,1797),(1798,1799,1800),(1801,1802,1803),(1804,1805,1806),(1807,1808,1809),(1810,1811,1812),(1813,1814,1815),(1816,1817,1818),(1819,1820,1821),(1822,1823,1824),(1825,1826,1827),(1828,1829,1830),(1831,1832,1833),(1834,1835,1836),(1837,1838,1839),(1840,1841,1842),(1843,1844,1845),(1846,1847,1848),(1849,1850,1851),(1852,1853,1854),(1855,1856,1857),(1858,1859,1860),(1861,1862,1863),(1864,1865,1866),(1867,1868,1869),(1870,1871,1872),(1873,1874,1875),(1876,1877,1878),(1879,1880,1881),(1882,1883,1884),(1885,1886,1887),(1888,1889,1890),(1891,1892,1893),(1894,1895,1896),(1897,1898,1899),(1900,1901,1902),(1903,1904,1905),(1906,1907,1908),(1909,1910,1911),(1912,1913,1914),(1915,1916,1917),(1918,1919,1920),(1921,1922,1923),(1924,1925,1926),(1927,1928,1929),(1930,1931,1932),(1933,1934,1935),(1936,1937,1938),(1939,1940,1941),(1942,1943,1944),(1945,1946,1947),(1948,1949,1950),(1951,1952,1953),(1954,1955,1956),(1957,1958,1959),(1960,1961,1962),(1963,1964,1965),(1966,1967,1968),(1969,1970,1971),(1972,1973,1974),(1975,1976,1977),(1978,1979,1980),(1981,1982,1983),(1984,1985,1986),(1987,1988,1989),(1990,1991,1992),(1993,1994,1995),(1996,1997,1998),(1999,2000,2001),(2002,2003,2004),(2005,2006,2007),(2008,2009,2010),(2011,2012,2013),(2014,2015,2016),(2017,2018,2019),(2020,2021,2022),(2023,2024,2025),(2026,2027,2028),(2029,2030,2031),(2032,2033,2034),(2035,2036,2037),(2038,2039,2040),(2041,2042,2043),(2044,2045,2046),(2047,2048,2049),(2050,2051,2052),(2053,2054,2055),(2056,2057,2058),(2059,2060,2061),(2062,2063,2064),(2065,2066,2067),(2068,2069,2070),(2071,2072,2073),(2074,2075,2076),(2077,2078,2079),(2080,2081,2082),(2083,2084,2085),(2086,2087,2088),(2089,2090,2091),(2092,2093,2094),(2095,2096,2097),(2098,2099,2100),(2101,2102,2103),(2104,2105,2106),(2107,2108,2109),(2110,2111,2112),(2113,2114,2115),(2116,2117,2118),(2119,2120,2121),(2122,2123,2124),(2125,2126,2127),(2128,2129,2130),(2131,2132,2133),(2134,2135,2136),(2137,2138,2139),(2140,2141,2142),(2143,2144,2145),(2146,2147,2148),(2149,2150,2151),(2152,2153,2154),(2155,2156,2157),(2158,2159,2160),(2161,2162,2163),(2164,2165,2166),(2167,2168,2169),(2170,2171,2172),(2173,2174,2175),(2176,2177,2178),(2179,2180,2181),(2182,2183,2184),(2185,2186,2187),(2188,2189,2190),(2191,2192,2193),(2194,2195,2196),(2197,2198,2199),(2200,2201,2202),(2203,2204,2205),(2206,2207,2208),(2209,2210,2211),(2212,2213,2214),(2215,2216,2217),(2218,2219,2220),(2221,2222,2223),(2224,2225,2226),(2227,2228,2229),(2230,2231,2232),(2233,2234,2235),(2236,2237,2238),(2239,2240,2241),(2242,2243,2244),(2245,2246,2247),(2248,2249,2250),(2251,2252,2253),(2254,2255,2256),(2257,2258,2259),(2260,2261,2262),(2263,2264,2265),(2266,2267,2268),(2269,2270,2271),(2272,2273,2274),(2275,2276,2277),(2278,2279,2280),(2281,2282,2283),(2284,2285,2286),(2287,2288,2289),(2290,2291,2292),(2293,2294,2295),(2296,2297,2298),(2299,2300,2301),(2302,2303,2304),(2305,2306,2307),(2308,2309,2310),(2311,2312,2313),(2314,2315,2316),(2317,2318,2319),(2320,2321,2322),(2323,2324,2325),(2326,2327,2328),(2329,2330,2331),(2332,2333,2334),(2335,2336,2337),(2338,2339,2340),(2341,2342,2343),(2344,2345,2346),(2347,2348,2349),(2350,2351,2352),(2353,2354,2355),(2356,2357,2358),(2359,2360,2361),(2362,2363,2364),(2365,2366,2367),(2368,2369,2370),(2371,2372,2373),(2374,2375,2376),(2377,2378,2379),(2380,2381,2382),(2383,2384,2385),(2386,2387,2388),(2389,2390,2391),(2392,2393,2394),(2395,2396,2397),(2398,2399,2400),(2401,2402,2403),(2404,2405,2406),(2407,2408,2409),(2410,2411,2412),(2413,2414,2415),(2416,2417,2418),(2419,2420,2421),(2422,2423,2424),(2425,2426,2427),(2428,2429,2430),(2431,2432,2433),(2434,2435,2436),(2437,2438,2439),(2440,2441,2442)));
#2008=TESSELLATED_GEOMETRIC_SET('hole callout',(#2007));
#2009=COORDINATES_LIST('coordinates',5,((0.7384099,-0.0834099,-0.5350000),(0.7697780,-0.0834099,-0.5350000),(0.6659099,-0.0159099,-0.5350000),(0.7334099,-0.0834099,-0.5350000),(0.7384099,-0.0834099,-0.5350000)));
#2010=TESSELLATED_CURVE_SET('curve set',#2009,((1,2),(3,4,5)));
#2011=TESSELLATED_GEOMETRIC_SET('hole callout',(#2010));
#2012=TESSELLATED_ANNOTATION_OCCURRENCE('hole callout',(#2005),#2008);
#2013=TESSELLATED_ANNOTATION_OCCURRENCE('hole callout',(#2005),#2011);
#2014=DRAUGHTING_CALLOUT('hole callout',(#2012,#2013));
#2015=DRAUGHTING_MODEL_ITEM_ASSOCIATION('','',#1974,#1956,#2014);
#2016=DRAUGHTING_MODEL_ITEM_ASSOCIATION('','',#1972,#1956,#2014);
ENDSEC;
END-ISO-10303-21;
