ISO-10303-21;
HEADER;
/*Generated by software containing ST-Developer
 * from STEP Tools, Inc. (www.steptools.com) 
 */
/*OPTION: using custom renumber hook */
/*description */
/*implementation_level */
FILE_DESCRIPTION(('STEP AP242 Edition 2','STEP AP242 Edition 2''CAx-IF Rec.Pracs.---Representation and Presentation of Product Manufa
cturing Information (PMI)---4.0---2014-10-13','STEP AP242 Edition 2''CAx-IF Rec.Pracs.---Representation and Presentation of Product Manufa
cturing Information (PMI)---4.0---2014-10-13''CAx-IF Rec.Pracs.---3D Tessellated Geometry---0.4---2014-09-14','STEP AP242 Edition 2''CAx-IF Rec.Pracs.---Representation and Presentation of Product Manufa
cturing Information (PMI)---4.0---2014-10-13''CAx-IF Rec.Pracs.---3D Tessellated Geometry---0.4---2014-09-14''2;1','STEP AP242 Edition 2''CAx-IF Rec.Pracs.---Representation and Presentation of Product Manufa
cturing Information (PMI)---4.0---2014-10-13''CAx-IF Rec.Pracs.---3D Tessellated Geometry---0.4---2014-09-14''2;1''CAx-IF Rec.Pracs.---User Defined Attributes---1.5---2016-08-15'),'2;1');
/*name */
/*time_stamp */
/*author */
/*organization */
/*preprocessor_version */
/*originating_system */
/*authorisation */
FILE_NAME('/vol/tmp/translate-5583652002911604576/nitrat.step','2026-03-04T07:40:43',(''),(''),'ST-DEVELOPER v20','ONSHAPE BY PTC INC, 1.211','  ');
FILE_SCHEMA(('AP242_MANAGED_MODEL_BASED_3D_ENGINEERING_MIM_LF { 1 0 10303 442 3 1 4 }'));
ENDSEC;
DATA;
#10=SHAPE_REPRESENTATION_RELATIONSHIP('','',#1597,#11);
#11=ADVANCED_BREP_SHAPE_REPRESENTATION('',(#1595),#2927);
#12=B_SPLINE_SURFACE_WITH_KNOTS('',3,1,((#2075,#2076),(#2077,#2078),(#2079,
#2080),(#2081,#2082)),.SURF_OF_LINEAR_EXTRUSION.,.F.,.F.,.F.,(4,4),(2,2),(0.,1.),(0.,1.),.PIECEWISE_BEZIER_KNOTS.);
#13=B_SPLINE_SURFACE_WITH_KNOTS('',3,1,((#2095,#2096),(#2097,#2098),(#2099,
#2100),(#2101,#2102)),.SURF_OF_LINEAR_EXTRUSION.,.F.,.F.,.F.,(4,4),(2,2),(0.,1.),(0.,1.),.PIECEWISE_BEZIER_KNOTS.);
#14=B_SPLINE_SURFACE_WITH_KNOTS('',3,1,((#2112,#2113),(#2114,#2115),(#2116,
#2117),(#2118,#2119)),.SURF_OF_LINEAR_EXTRUSION.,.F.,.F.,.F.,(4,4),(2,2),(0.,1.),(0.,1.),.PIECEWISE_BEZIER_KNOTS.);
#15=B_SPLINE_SURFACE_WITH_KNOTS('',3,1,((#2129,#2130),(#2131,#2132),(#2133,
#2134),(#2135,#2136)),.SURF_OF_LINEAR_EXTRUSION.,.F.,.F.,.F.,(4,4),(2,2),(0.,1.),(0.,1.),.PIECEWISE_BEZIER_KNOTS.);
#16=B_SPLINE_SURFACE_WITH_KNOTS('',3,1,((#2146,#2147),(#2148,#2149),(#2150,
#2151),(#2152,#2153)),.SURF_OF_LINEAR_EXTRUSION.,.F.,.F.,.F.,(4,4),(2,2),(0.,1.),(0.,1.),.PIECEWISE_BEZIER_KNOTS.);
#17=B_SPLINE_SURFACE_WITH_KNOTS('',3,1,((#2163,#2164),(#2165,#2166),(#2167,
#2168),(#2169,#2170)),.SURF_OF_LINEAR_EXTRUSION.,.F.,.F.,.F.,(4,4),(2,2),(0.,1.),(0.,1.),.PIECEWISE_BEZIER_KNOTS.);
#18=B_SPLINE_SURFACE_WITH_KNOTS('',3,1,((#2180,#2181),(#2182,#2183),(#2184,
#2185),(#2186,#2187)),.SURF_OF_LINEAR_EXTRUSION.,.F.,.F.,.F.,(4,4),(2,2),(0.,1.),(0.,1.),.PIECEWISE_BEZIER_KNOTS.);
#19=B_SPLINE_SURFACE_WITH_KNOTS('',3,1,((#2197,#2198),(#2199,#2200),(#2201,
#2202),(#2203,#2204)),.SURF_OF_LINEAR_EXTRUSION.,.F.,.F.,.F.,(4,4),(2,2),(0.,1.),(0.,1.),.PIECEWISE_BEZIER_KNOTS.);
#20=B_SPLINE_SURFACE_WITH_KNOTS('',3,1,((#2214,#2215),(#2216,#2217),(#2218,
#2219),(#2220,#2221)),.SURF_OF_LINEAR_EXTRUSION.,.F.,.F.,.F.,(4,4),(2,2),(0.,1.),(0.,1.),.PIECEWISE_BEZIER_KNOTS.);
#21=B_SPLINE_SURFACE_WITH_KNOTS('',3,1,((#2231,#2232),(#2233,#2234),(#2235,
#2236),(#2237,#2238)),.SURF_OF_LINEAR_EXTRUSION.,.F.,.F.,.F.,(4,4),(2,2),(0.,1.),(0.,1.),.PIECEWISE_BEZIER_KNOTS.);
#22=B_SPLINE_SURFACE_WITH_KNOTS('',3,1,((#2248,#2249),(#2250,#2251),(#2252,
#2253),(#2254,#2255)),.SURF_OF_LINEAR_EXTRUSION.,.F.,.F.,.F.,(4,4),(2,2),(0.,1.),(0.,1.),.PIECEWISE_BEZIER_KNOTS.);
#23=B_SPLINE_SURFACE_WITH_KNOTS('',3,1,((#2265,#2266),(#2267,#2268),(#2269,
#2270),(#2271,#2272)),.SURF_OF_LINEAR_EXTRUSION.,.F.,.F.,.F.,(4,4),(2,2),(0.,1.),(0.,1.),.PIECEWISE_BEZIER_KNOTS.);
#24=B_SPLINE_SURFACE_WITH_KNOTS('',3,1,((#2280,#2281),(#2282,#2283),(#2284,
#2285),(#2286,#2287)),.SURF_OF_LINEAR_EXTRUSION.,.F.,.F.,.F.,(4,4),(2,2),(0.,1.),(0.,1.),.PIECEWISE_BEZIER_KNOTS.);
#25=B_SPLINE_SURFACE_WITH_KNOTS('',3,1,((#2293,#2294),(#2295,#2296),(#2297,
#2298),(#2299,#2300)),.SURF_OF_LINEAR_EXTRUSION.,.F.,.F.,.F.,(4,4),(2,2),(0.,1.),(0.,1.),.PIECEWISE_BEZIER_KNOTS.);
#26=B_SPLINE_SURFACE_WITH_KNOTS('',3,1,((#2306,#2307),(#2308,#2309),(#2310,
#2311),(#2312,#2313)),.SURF_OF_LINEAR_EXTRUSION.,.F.,.F.,.F.,(4,4),(2,2),(0.,1.),(0.,1.),.PIECEWISE_BEZIER_KNOTS.);
#27=B_SPLINE_SURFACE_WITH_KNOTS('',3,1,((#2319,#2320),(#2321,#2322),(#2323,
#2324),(#2325,#2326)),.SURF_OF_LINEAR_EXTRUSION.,.F.,.F.,.F.,(4,4),(2,2),(0.,1.),(0.,1.),.PIECEWISE_BEZIER_KNOTS.);
#28=B_SPLINE_SURFACE_WITH_KNOTS('',3,1,((#2332,#2333),(#2334,#2335),(#2336,
#2337),(#2338,#2339)),.SURF_OF_LINEAR_EXTRUSION.,.F.,.F.,.F.,(4,4),(2,2),(0.,1.),(0.,1.),.PIECEWISE_BEZIER_KNOTS.);
#29=B_SPLINE_SURFACE_WITH_KNOTS('',3,1,((#2345,#2346),(#2347,#2348),(#2349,
#2350),(#2351,#2352)),.SURF_OF_LINEAR_EXTRUSION.,.F.,.F.,.F.,(4,4),(2,2),(0.,1.),(0.,1.),.PIECEWISE_BEZIER_KNOTS.);
#30=B_SPLINE_SURFACE_WITH_KNOTS('',3,1,((#2358,#2359),(#2360,#2361),(#2362,
#2363),(#2364,#2365)),.SURF_OF_LINEAR_EXTRUSION.,.F.,.F.,.F.,(4,4),(2,2),(0.,1.),(0.,1.),.PIECEWISE_BEZIER_KNOTS.);
#31=B_SPLINE_SURFACE_WITH_KNOTS('',3,1,((#2371,#2372),(#2373,#2374),(#2375,
#2376),(#2377,#2378)),.SURF_OF_LINEAR_EXTRUSION.,.F.,.F.,.F.,(4,4),(2,2),(0.,1.),(0.,1.),.PIECEWISE_BEZIER_KNOTS.);
#32=B_SPLINE_SURFACE_WITH_KNOTS('',3,1,((#2384,#2385),(#2386,#2387),(#2388,
#2389),(#2390,#2391)),.SURF_OF_LINEAR_EXTRUSION.,.F.,.F.,.F.,(4,4),(2,2),(0.,1.),(0.,1.),.PIECEWISE_BEZIER_KNOTS.);
#33=B_SPLINE_SURFACE_WITH_KNOTS('',3,1,((#2397,#2398),(#2399,#2400),(#2401,
#2402),(#2403,#2404)),.SURF_OF_LINEAR_EXTRUSION.,.F.,.F.,.F.,(4,4),(2,2),(0.,1.),(0.,1.),.PIECEWISE_BEZIER_KNOTS.);
#34=B_SPLINE_SURFACE_WITH_KNOTS('',3,1,((#2410,#2411),(#2412,#2413),(#2414,
#2415),(#2416,#2417)),.SURF_OF_LINEAR_EXTRUSION.,.F.,.F.,.F.,(4,4),(2,2),(0.,1.),(0.,1.),.PIECEWISE_BEZIER_KNOTS.);
#35=B_SPLINE_SURFACE_WITH_KNOTS('',3,1,((#2421,#2422),(#2423,#2424),(#2425,
#2426),(#2427,#2428)),.SURF_OF_LINEAR_EXTRUSION.,.F.,.F.,.F.,(4,4),(2,2),(0.,1.),(0.,1.),.PIECEWISE_BEZIER_KNOTS.);
#36=B_SPLINE_SURFACE_WITH_KNOTS('',3,1,((#2436,#2437),(#2438,#2439),(#2440,
#2441),(#2442,#2443)),.SURF_OF_LINEAR_EXTRUSION.,.F.,.F.,.F.,(4,4),(2,2),(0.,1.),(0.,1.),.PIECEWISE_BEZIER_KNOTS.);
#37=B_SPLINE_SURFACE_WITH_KNOTS('',3,1,((#2451,#2452),(#2453,#2454),(#2455,
#2456),(#2457,#2458)),.SURF_OF_LINEAR_EXTRUSION.,.F.,.F.,.F.,(4,4),(2,2),(0.,1.),(0.,1.),.PIECEWISE_BEZIER_KNOTS.);
#38=B_SPLINE_SURFACE_WITH_KNOTS('',3,1,((#2464,#2465),(#2466,#2467),(#2468,
#2469),(#2470,#2471)),.SURF_OF_LINEAR_EXTRUSION.,.F.,.F.,.F.,(4,4),(2,2),(0.,1.),(0.,1.),.PIECEWISE_BEZIER_KNOTS.);
#39=B_SPLINE_SURFACE_WITH_KNOTS('',3,1,((#2477,#2478),(#2479,#2480),(#2481,
#2482),(#2483,#2484)),.SURF_OF_LINEAR_EXTRUSION.,.F.,.F.,.F.,(4,4),(2,2),(0.,1.),(0.,1.),.PIECEWISE_BEZIER_KNOTS.);
#40=B_SPLINE_SURFACE_WITH_KNOTS('',3,1,((#2490,#2491),(#2492,#2493),(#2494,
#2495),(#2496,#2497)),.SURF_OF_LINEAR_EXTRUSION.,.F.,.F.,.F.,(4,4),(2,2),(0.,1.),(0.,1.),.PIECEWISE_BEZIER_KNOTS.);
#41=B_SPLINE_SURFACE_WITH_KNOTS('',3,1,((#2503,#2504),(#2505,#2506),(#2507,
#2508),(#2509,#2510)),.SURF_OF_LINEAR_EXTRUSION.,.F.,.F.,.F.,(4,4),(2,2),(0.,1.),(0.,1.),.PIECEWISE_BEZIER_KNOTS.);
#42=B_SPLINE_SURFACE_WITH_KNOTS('',3,1,((#2520,#2521),(#2522,#2523),(#2524,
#2525),(#2526,#2527)),.SURF_OF_LINEAR_EXTRUSION.,.F.,.F.,.F.,(4,4),(2,2),(0.,1.),(0.,1.),.PIECEWISE_BEZIER_KNOTS.);
#43=B_SPLINE_SURFACE_WITH_KNOTS('',3,1,((#2533,#2534),(#2535,#2536),(#2537,
#2538),(#2539,#2540)),.SURF_OF_LINEAR_EXTRUSION.,.F.,.F.,.F.,(4,4),(2,2),(0.,1.),(0.,1.),.PIECEWISE_BEZIER_KNOTS.);
#44=B_SPLINE_SURFACE_WITH_KNOTS('',3,1,((#2546,#2547),(#2548,#2549),(#2550,
#2551),(#2552,#2553)),.SURF_OF_LINEAR_EXTRUSION.,.F.,.F.,.F.,(4,4),(2,2),(0.,1.),(0.,1.),.PIECEWISE_BEZIER_KNOTS.);
#45=B_SPLINE_SURFACE_WITH_KNOTS('',3,1,((#2559,#2560),(#2561,#2562),(#2563,
#2564),(#2565,#2566)),.SURF_OF_LINEAR_EXTRUSION.,.F.,.F.,.F.,(4,4),(2,2),(0.,1.),(0.,1.),.PIECEWISE_BEZIER_KNOTS.);
#46=B_SPLINE_SURFACE_WITH_KNOTS('',3,1,((#2572,#2573),(#2574,#2575),(#2576,
#2577),(#2578,#2579)),.SURF_OF_LINEAR_EXTRUSION.,.F.,.F.,.F.,(4,4),(2,2),(0.,1.),(0.,1.),.PIECEWISE_BEZIER_KNOTS.);
#47=B_SPLINE_SURFACE_WITH_KNOTS('',3,1,((#2585,#2586),(#2587,#2588),(#2589,
#2590),(#2591,#2592)),.SURF_OF_LINEAR_EXTRUSION.,.F.,.F.,.F.,(4,4),(2,2),(0.,1.),(0.,1.),.PIECEWISE_BEZIER_KNOTS.);
#48=B_SPLINE_SURFACE_WITH_KNOTS('',3,1,((#2598,#2599),(#2600,#2601),(#2602,
#2603),(#2604,#2605)),.SURF_OF_LINEAR_EXTRUSION.,.F.,.F.,.F.,(4,4),(2,2),(0.,1.),(0.,1.),.PIECEWISE_BEZIER_KNOTS.);
#49=B_SPLINE_SURFACE_WITH_KNOTS('',3,1,((#2611,#2612),(#2613,#2614),(#2615,
#2616),(#2617,#2618)),.SURF_OF_LINEAR_EXTRUSION.,.F.,.F.,.F.,(4,4),(2,2),(0.,1.),(0.,1.),.PIECEWISE_BEZIER_KNOTS.);
#50=B_SPLINE_SURFACE_WITH_KNOTS('',3,1,((#2628,#2629),(#2630,#2631),(#2632,
#2633),(#2634,#2635)),.SURF_OF_LINEAR_EXTRUSION.,.F.,.F.,.F.,(4,4),(2,2),(0.,1.),(0.,1.),.PIECEWISE_BEZIER_KNOTS.);
#51=B_SPLINE_SURFACE_WITH_KNOTS('',3,1,((#2641,#2642),(#2643,#2644),(#2645,
#2646),(#2647,#2648)),.SURF_OF_LINEAR_EXTRUSION.,.F.,.F.,.F.,(4,4),(2,2),(0.,1.),(0.,1.),.PIECEWISE_BEZIER_KNOTS.);
#52=B_SPLINE_SURFACE_WITH_KNOTS('',3,1,((#2654,#2655),(#2656,#2657),(#2658,
#2659),(#2660,#2661)),.SURF_OF_LINEAR_EXTRUSION.,.F.,.F.,.F.,(4,4),(2,2),(0.,1.),(0.,1.),.PIECEWISE_BEZIER_KNOTS.);
#53=B_SPLINE_SURFACE_WITH_KNOTS('',3,1,((#2667,#2668),(#2669,#2670),(#2671,
#2672),(#2673,#2674)),.SURF_OF_LINEAR_EXTRUSION.,.F.,.F.,.F.,(4,4),(2,2),(0.,1.),(0.,1.),.PIECEWISE_BEZIER_KNOTS.);
#54=B_SPLINE_SURFACE_WITH_KNOTS('',3,1,((#2684,#2685),(#2686,#2687),(#2688,
#2689),(#2690,#2691)),.SURF_OF_LINEAR_EXTRUSION.,.F.,.F.,.F.,(4,4),(2,2),(0.,1.),(0.,1.),.PIECEWISE_BEZIER_KNOTS.);
#55=B_SPLINE_SURFACE_WITH_KNOTS('',3,1,((#2697,#2698),(#2699,#2700),(#2701,
#2702),(#2703,#2704)),.SURF_OF_LINEAR_EXTRUSION.,.F.,.F.,.F.,(4,4),(2,2),(0.,1.),(0.,1.),.PIECEWISE_BEZIER_KNOTS.);
#56=B_SPLINE_SURFACE_WITH_KNOTS('',3,1,((#2710,#2711),(#2712,#2713),(#2714,
#2715),(#2716,#2717)),.SURF_OF_LINEAR_EXTRUSION.,.F.,.F.,.F.,(4,4),(2,2),(0.,1.),(0.,1.),.PIECEWISE_BEZIER_KNOTS.);
#57=B_SPLINE_SURFACE_WITH_KNOTS('',3,1,((#2723,#2724),(#2725,#2726),(#2727,
#2728),(#2729,#2730)),.SURF_OF_LINEAR_EXTRUSION.,.F.,.F.,.F.,(4,4),(2,2),(0.,1.),(0.,1.),.PIECEWISE_BEZIER_KNOTS.);
#58=B_SPLINE_SURFACE_WITH_KNOTS('',3,1,((#2748,#2749),(#2750,#2751),(#2752,
#2753),(#2754,#2755)),.SURF_OF_LINEAR_EXTRUSION.,.F.,.F.,.F.,(4,4),(2,2),(0.,1.),(0.,1.),.PIECEWISE_BEZIER_KNOTS.);
#59=B_SPLINE_SURFACE_WITH_KNOTS('',3,1,((#2761,#2762),(#2763,#2764),(#2765,
#2766),(#2767,#2768)),.SURF_OF_LINEAR_EXTRUSION.,.F.,.F.,.F.,(4,4),(2,2),(0.,1.),(0.,1.),.PIECEWISE_BEZIER_KNOTS.);
#60=B_SPLINE_SURFACE_WITH_KNOTS('',3,1,((#2778,#2779),(#2780,#2781),(#2782,
#2783),(#2784,#2785)),.SURF_OF_LINEAR_EXTRUSION.,.F.,.F.,.F.,(4,4),(2,2),(0.,1.),(0.,1.),.PIECEWISE_BEZIER_KNOTS.);
#61=B_SPLINE_SURFACE_WITH_KNOTS('',3,1,((#2791,#2792),(#2793,#2794),(#2795,
#2796),(#2797,#2798)),.SURF_OF_LINEAR_EXTRUSION.,.F.,.F.,.F.,(4,4),(2,2),(0.,1.),(0.,1.),.PIECEWISE_BEZIER_KNOTS.);
#62=B_SPLINE_SURFACE_WITH_KNOTS('',3,1,((#2804,#2805),(#2806,#2807),(#2808,
#2809),(#2810,#2811)),.SURF_OF_LINEAR_EXTRUSION.,.F.,.F.,.F.,(4,4),(2,2),(0.,1.),(0.,1.),.PIECEWISE_BEZIER_KNOTS.);
#63=B_SPLINE_SURFACE_WITH_KNOTS('',3,1,((#2817,#2818),(#2819,#2820),(#2821,
#2822),(#2823,#2824)),.SURF_OF_LINEAR_EXTRUSION.,.F.,.F.,.F.,(4,4),(2,2),(0.,1.),(0.,1.),.PIECEWISE_BEZIER_KNOTS.);
#64=B_SPLINE_SURFACE_WITH_KNOTS('',3,1,((#2830,#2831),(#2832,#2833),(#2834,
#2835),(#2836,#2837)),.SURF_OF_LINEAR_EXTRUSION.,.F.,.F.,.F.,(4,4),(2,2),(0.,1.),(0.,1.),.PIECEWISE_BEZIER_KNOTS.);
#65=B_SPLINE_SURFACE_WITH_KNOTS('',3,1,((#2851,#2852),(#2853,#2854),(#2855,
#2856),(#2857,#2858)),.SURF_OF_LINEAR_EXTRUSION.,.F.,.F.,.F.,(4,4),(2,2),(0.,1.),(0.,1.),.PIECEWISE_BEZIER_KNOTS.);
#66=B_SPLINE_SURFACE_WITH_KNOTS('',3,1,((#2864,#2865),(#2866,#2867),(#2868,
#2869),(#2870,#2871)),.SURF_OF_LINEAR_EXTRUSION.,.F.,.F.,.F.,(4,4),(2,2),(0.,1.),(0.,1.),.PIECEWISE_BEZIER_KNOTS.);
#67=CYLINDRICAL_SURFACE('',#1604,0.03);
#68=CYLINDRICAL_SURFACE('',#1615,0.00162449201462691);
#69=CYLINDRICAL_SURFACE('',#1620,0.00158176137764814);
#70=CYLINDRICAL_SURFACE('',#1622,0.0014450772173202);
#71=LINE('',#1909,#187);
#72=LINE('',#1943,#188);
#73=LINE('',#1945,#189);
#74=LINE('',#1947,#190);
#75=LINE('',#1983,#191);
#76=LINE('',#2017,#192);
#77=LINE('',#2034,#193);
#78=LINE('',#2037,#194);
#79=LINE('',#2039,#195);
#80=LINE('',#2041,#196);
#81=LINE('',#2043,#197);
#82=LINE('',#2045,#198);
#83=LINE('',#2047,#199);
#84=LINE('',#2049,#200);
#85=LINE('',#2051,#201);
#86=LINE('',#2053,#202);
#87=LINE('',#2055,#203);
#88=LINE('',#2057,#204);
#89=LINE('',#2064,#205);
#90=LINE('',#2068,#206);
#91=LINE('',#2071,#207);
#92=LINE('',#2073,#208);
#93=LINE('',#2088,#209);
#94=LINE('',#2094,#210);
#95=LINE('',#2107,#211);
#96=LINE('',#2124,#212);
#97=LINE('',#2141,#213);
#98=LINE('',#2158,#214);
#99=LINE('',#2175,#215);
#100=LINE('',#2192,#216);
#101=LINE('',#2209,#217);
#102=LINE('',#2226,#218);
#103=LINE('',#2243,#219);
#104=LINE('',#2260,#220);
#105=LINE('',#2273,#221);
#106=LINE('',#2279,#222);
#107=LINE('',#2288,#223);
#108=LINE('',#2301,#224);
#109=LINE('',#2314,#225);
#110=LINE('',#2327,#226);
#111=LINE('',#2340,#227);
#112=LINE('',#2353,#228);
#113=LINE('',#2366,#229);
#114=LINE('',#2379,#230);
#115=LINE('',#2392,#231);
#116=LINE('',#2405,#232);
#117=LINE('',#2444,#233);
#118=LINE('',#2450,#234);
#119=LINE('',#2459,#235);
#120=LINE('',#2472,#236);
#121=LINE('',#2485,#237);
#122=LINE('',#2498,#238);
#123=LINE('',#2511,#239);
#124=LINE('',#2517,#240);
#125=LINE('',#2519,#241);
#126=LINE('',#2528,#242);
#127=LINE('',#2541,#243);
#128=LINE('',#2554,#244);
#129=LINE('',#2567,#245);
#130=LINE('',#2580,#246);
#131=LINE('',#2593,#247);
#132=LINE('',#2606,#248);
#133=LINE('',#2619,#249);
#134=LINE('',#2625,#250);
#135=LINE('',#2627,#251);
#136=LINE('',#2636,#252);
#137=LINE('',#2649,#253);
#138=LINE('',#2662,#254);
#139=LINE('',#2675,#255);
#140=LINE('',#2681,#256);
#141=LINE('',#2692,#257);
#142=LINE('',#2705,#258);
#143=LINE('',#2718,#259);
#144=LINE('',#2731,#260);
#145=LINE('',#2737,#261);
#146=LINE('',#2739,#262);
#147=LINE('',#2741,#263);
#148=LINE('',#2743,#264);
#149=LINE('',#2745,#265);
#150=LINE('',#2747,#266);
#151=LINE('',#2756,#267);
#152=LINE('',#2769,#268);
#153=LINE('',#2775,#269);
#154=LINE('',#2786,#270);
#155=LINE('',#2799,#271);
#156=LINE('',#2812,#272);
#157=LINE('',#2825,#273);
#158=LINE('',#2838,#274);
#159=LINE('',#2844,#275);
#160=LINE('',#2848,#276);
#161=LINE('',#2850,#277);
#162=LINE('',#2859,#278);
#163=LINE('',#2877,#279);
#164=LINE('',#2879,#280);
#165=LINE('',#2881,#281);
#166=LINE('',#2883,#282);
#167=LINE('',#2885,#283);
#168=LINE('',#2887,#284);
#169=LINE('',#2889,#285);
#170=LINE('',#2891,#286);
#171=LINE('',#2893,#287);
#172=LINE('',#2895,#288);
#173=LINE('',#2897,#289);
#174=LINE('',#2899,#290);
#175=LINE('',#2901,#291);
#176=LINE('',#2903,#292);
#177=LINE('',#2905,#293);
#178=LINE('',#2907,#294);
#179=LINE('',#2909,#295);
#180=LINE('',#2911,#296);
#181=LINE('',#2913,#297);
#182=LINE('',#2915,#298);
#183=LINE('',#2917,#299);
#184=LINE('',#2919,#300);
#185=LINE('',#2921,#301);
#186=LINE('',#2923,#302);
#187=VECTOR('',#1646,1.);
#188=VECTOR('',#1651,1.);
#189=VECTOR('',#1652,1.);
#190=VECTOR('',#1653,1.);
#191=VECTOR('',#1656,1.);
#192=VECTOR('',#1657,1.);
#193=VECTOR('',#1658,1.);
#194=VECTOR('',#1659,1.);
#195=VECTOR('',#1660,1.);
#196=VECTOR('',#1661,1.);
#197=VECTOR('',#1662,1.);
#198=VECTOR('',#1663,1.);
#199=VECTOR('',#1664,1.);
#200=VECTOR('',#1665,1.);
#201=VECTOR('',#1666,1.);
#202=VECTOR('',#1667,1.);
#203=VECTOR('',#1668,1.);
#204=VECTOR('',#1669,1.);
#205=VECTOR('',#1676,1.);
#206=VECTOR('',#1679,1.);
#207=VECTOR('',#1684,1.);
#208=VECTOR('',#1687,1.);
#209=VECTOR('',#1690,1.);
#210=VECTOR('',#1691,1.);
#211=VECTOR('',#1692,1.);
#212=VECTOR('',#1693,1.);
#213=VECTOR('',#1694,1.);
#214=VECTOR('',#1695,1.);
#215=VECTOR('',#1696,1.);
#216=VECTOR('',#1697,1.);
#217=VECTOR('',#1698,1.);
#218=VECTOR('',#1699,1.);
#219=VECTOR('',#1700,1.);
#220=VECTOR('',#1701,1.);
#221=VECTOR('',#1702,1.);
#222=VECTOR('',#1703,1.);
#223=VECTOR('',#1704,1.);
#224=VECTOR('',#1705,1.);
#225=VECTOR('',#1706,1.);
#226=VECTOR('',#1707,1.);
#227=VECTOR('',#1708,1.);
#228=VECTOR('',#1709,1.);
#229=VECTOR('',#1710,1.);
#230=VECTOR('',#1711,1.);
#231=VECTOR('',#1712,1.);
#232=VECTOR('',#1713,1.);
#233=VECTOR('',#1716,1.);
#234=VECTOR('',#1717,1.);
#235=VECTOR('',#1718,1.);
#236=VECTOR('',#1719,1.);
#237=VECTOR('',#1720,1.);
#238=VECTOR('',#1721,1.);
#239=VECTOR('',#1722,1.);
#240=VECTOR('',#1725,1.);
#241=VECTOR('',#1726,1.);
#242=VECTOR('',#1727,1.);
#243=VECTOR('',#1728,1.);
#244=VECTOR('',#1729,1.);
#245=VECTOR('',#1730,1.);
#246=VECTOR('',#1731,1.);
#247=VECTOR('',#1732,1.);
#248=VECTOR('',#1733,1.);
#249=VECTOR('',#1734,1.);
#250=VECTOR('',#1737,1.);
#251=VECTOR('',#1738,1.);
#252=VECTOR('',#1739,1.);
#253=VECTOR('',#1740,1.);
#254=VECTOR('',#1741,1.);
#255=VECTOR('',#1742,1.);
#256=VECTOR('',#1745,1.);
#257=VECTOR('',#1748,1.);
#258=VECTOR('',#1749,1.);
#259=VECTOR('',#1750,1.);
#260=VECTOR('',#1751,1.);
#261=VECTOR('',#1754,1.);
#262=VECTOR('',#1755,1.);
#263=VECTOR('',#1758,1.);
#264=VECTOR('',#1759,1.);
#265=VECTOR('',#1762,1.);
#266=VECTOR('',#1763,1.);
#267=VECTOR('',#1764,1.);
#268=VECTOR('',#1765,1.);
#269=VECTOR('',#1768,1.);
#270=VECTOR('',#1771,1.);
#271=VECTOR('',#1772,1.);
#272=VECTOR('',#1773,1.);
#273=VECTOR('',#1774,1.);
#274=VECTOR('',#1775,1.);
#275=VECTOR('',#1778,1.);
#276=VECTOR('',#1783,1.);
#277=VECTOR('',#1784,1.);
#278=VECTOR('',#1785,1.);
#279=VECTOR('',#1790,1.);
#280=VECTOR('',#1791,1.);
#281=VECTOR('',#1792,1.);
#282=VECTOR('',#1795,1.);
#283=VECTOR('',#1796,1.);
#284=VECTOR('',#1799,1.);
#285=VECTOR('',#1800,1.);
#286=VECTOR('',#1803,1.);
#287=VECTOR('',#1804,1.);
#288=VECTOR('',#1807,1.);
#289=VECTOR('',#1808,1.);
#290=VECTOR('',#1811,1.);
#291=VECTOR('',#1812,1.);
#292=VECTOR('',#1815,1.);
#293=VECTOR('',#1816,1.);
#294=VECTOR('',#1819,1.);
#295=VECTOR('',#1820,1.);
#296=VECTOR('',#1823,1.);
#297=VECTOR('',#1824,1.);
#298=VECTOR('',#1827,1.);
#299=VECTOR('',#1828,1.);
#300=VECTOR('',#1831,1.);
#301=VECTOR('',#1832,1.);
#302=VECTOR('',#1835,1.);
#303=B_SPLINE_CURVE_WITH_KNOTS('',2,(#1844,#1845,#1846),.UNSPECIFIED.,.F.,.F.,(3,3),(0.,1.),.PIECEWISE_BEZIER_KNOTS.);
#304=B_SPLINE_CURVE_WITH_KNOTS('',2,(#1849,#1850,#1851),.UNSPECIFIED.,.F.,.F.,(3,3),(0.,1.),.PIECEWISE_BEZIER_KNOTS.);
#305=B_SPLINE_CURVE_WITH_KNOTS('',2,(#1853,#1854,#1855),.UNSPECIFIED.,.F.,.F.,(3,3),(0.,1.),.PIECEWISE_BEZIER_KNOTS.);
#306=B_SPLINE_CURVE_WITH_KNOTS('',2,(#1857,#1858,#1859),.UNSPECIFIED.,.F.,.F.,(3,3),(0.,1.),.PIECEWISE_BEZIER_KNOTS.);
#307=B_SPLINE_CURVE_WITH_KNOTS('',2,(#1861,#1862,#1863),.UNSPECIFIED.,.F.,.F.,(3,3),(0.,1.),.PIECEWISE_BEZIER_KNOTS.);
#308=B_SPLINE_CURVE_WITH_KNOTS('',2,(#1865,#1866,#1867),.UNSPECIFIED.,.F.,.F.,(3,3),(0.,1.),.PIECEWISE_BEZIER_KNOTS.);
#309=B_SPLINE_CURVE_WITH_KNOTS('',2,(#1869,#1870,#1871),.UNSPECIFIED.,.F.,.F.,(3,3),(0.,1.),.PIECEWISE_BEZIER_KNOTS.);
#310=B_SPLINE_CURVE_WITH_KNOTS('',2,(#1873,#1874,#1875),.UNSPECIFIED.,.F.,.F.,(3,3),(0.,1.),.PIECEWISE_BEZIER_KNOTS.);
#311=B_SPLINE_CURVE_WITH_KNOTS('',2,(#1877,#1878,#1879),.UNSPECIFIED.,.F.,.F.,(3,3),(0.,1.),.PIECEWISE_BEZIER_KNOTS.);
#312=B_SPLINE_CURVE_WITH_KNOTS('',2,(#1881,#1882,#1883),.UNSPECIFIED.,.F.,.F.,(3,3),(0.,1.),.PIECEWISE_BEZIER_KNOTS.);
#313=B_SPLINE_CURVE_WITH_KNOTS('',2,(#1885,#1886,#1887),.UNSPECIFIED.,.F.,.F.,(3,3),(0.,1.),.PIECEWISE_BEZIER_KNOTS.);
#314=B_SPLINE_CURVE_WITH_KNOTS('',2,(#1889,#1890,#1891),.UNSPECIFIED.,.F.,.F.,(3,3),(0.,1.),.PIECEWISE_BEZIER_KNOTS.);
#315=B_SPLINE_CURVE_WITH_KNOTS('',2,(#1892,#1893,#1894),.UNSPECIFIED.,.F.,.F.,(3,3),(0.,1.),.PIECEWISE_BEZIER_KNOTS.);
#316=B_SPLINE_CURVE_WITH_KNOTS('',2,(#1897,#1898,#1899),.UNSPECIFIED.,.F.,.F.,(3,3),(0.,1.),.PIECEWISE_BEZIER_KNOTS.);
#317=B_SPLINE_CURVE_WITH_KNOTS('',2,(#1901,#1902,#1903),.UNSPECIFIED.,.F.,.F.,(3,3),(0.,1.),.PIECEWISE_BEZIER_KNOTS.);
#318=B_SPLINE_CURVE_WITH_KNOTS('',2,(#1905,#1906,#1907),.UNSPECIFIED.,.F.,.F.,(3,3),(0.,1.),.PIECEWISE_BEZIER_KNOTS.);
#319=B_SPLINE_CURVE_WITH_KNOTS('',2,(#1913,#1914,#1915),.UNSPECIFIED.,.F.,.F.,(3,3),(0.,1.),.PIECEWISE_BEZIER_KNOTS.);
#320=B_SPLINE_CURVE_WITH_KNOTS('',2,(#1917,#1918,#1919),.UNSPECIFIED.,.F.,.F.,(3,3),(0.,1.),.PIECEWISE_BEZIER_KNOTS.);
#321=B_SPLINE_CURVE_WITH_KNOTS('',2,(#1921,#1922,#1923),.UNSPECIFIED.,.F.,.F.,(3,3),(0.,1.),.PIECEWISE_BEZIER_KNOTS.);
#322=B_SPLINE_CURVE_WITH_KNOTS('',2,(#1925,#1926,#1927),.UNSPECIFIED.,.F.,.F.,(3,3),(0.,1.),.PIECEWISE_BEZIER_KNOTS.);
#323=B_SPLINE_CURVE_WITH_KNOTS('',2,(#1929,#1930,#1931),.UNSPECIFIED.,.F.,.F.,(3,3),(0.,1.),.PIECEWISE_BEZIER_KNOTS.);
#324=B_SPLINE_CURVE_WITH_KNOTS('',2,(#1935,#1936,#1937),.UNSPECIFIED.,.F.,.F.,(3,3),(0.,1.),.PIECEWISE_BEZIER_KNOTS.);
#325=B_SPLINE_CURVE_WITH_KNOTS('',2,(#1939,#1940,#1941),.UNSPECIFIED.,.F.,.F.,(3,3),(0.,1.),.PIECEWISE_BEZIER_KNOTS.);
#326=B_SPLINE_CURVE_WITH_KNOTS('',2,(#1949,#1950,#1951),.UNSPECIFIED.,.F.,.F.,(3,3),(0.,1.),.PIECEWISE_BEZIER_KNOTS.);
#327=B_SPLINE_CURVE_WITH_KNOTS('',2,(#1953,#1954,#1955),.UNSPECIFIED.,.F.,.F.,(3,3),(0.,1.),.PIECEWISE_BEZIER_KNOTS.);
#328=B_SPLINE_CURVE_WITH_KNOTS('',2,(#1957,#1958,#1959),.UNSPECIFIED.,.F.,.F.,(3,3),(0.,1.),.PIECEWISE_BEZIER_KNOTS.);
#329=B_SPLINE_CURVE_WITH_KNOTS('',2,(#1961,#1962,#1963),.UNSPECIFIED.,.F.,.F.,(3,3),(0.,1.),.PIECEWISE_BEZIER_KNOTS.);
#330=B_SPLINE_CURVE_WITH_KNOTS('',2,(#1967,#1968,#1969),.UNSPECIFIED.,.F.,.F.,(3,3),(0.,1.),.PIECEWISE_BEZIER_KNOTS.);
#331=B_SPLINE_CURVE_WITH_KNOTS('',2,(#1971,#1972,#1973),.UNSPECIFIED.,.F.,.F.,(3,3),(0.,1.),.PIECEWISE_BEZIER_KNOTS.);
#332=B_SPLINE_CURVE_WITH_KNOTS('',2,(#1975,#1976,#1977),.UNSPECIFIED.,.F.,.F.,(3,3),(0.,1.),.PIECEWISE_BEZIER_KNOTS.);
#333=B_SPLINE_CURVE_WITH_KNOTS('',2,(#1979,#1980,#1981),.UNSPECIFIED.,.F.,.F.,(3,3),(0.,1.),.PIECEWISE_BEZIER_KNOTS.);
#334=B_SPLINE_CURVE_WITH_KNOTS('',2,(#1985,#1986,#1987),.UNSPECIFIED.,.F.,.F.,(3,3),(0.,1.),.PIECEWISE_BEZIER_KNOTS.);
#335=B_SPLINE_CURVE_WITH_KNOTS('',2,(#1989,#1990,#1991),.UNSPECIFIED.,.F.,.F.,(3,3),(0.,1.),.PIECEWISE_BEZIER_KNOTS.);
#336=B_SPLINE_CURVE_WITH_KNOTS('',2,(#1993,#1994,#1995),.UNSPECIFIED.,.F.,.F.,(3,3),(0.,1.),.PIECEWISE_BEZIER_KNOTS.);
#337=B_SPLINE_CURVE_WITH_KNOTS('',2,(#1997,#1998,#1999),.UNSPECIFIED.,.F.,.F.,(3,3),(0.,1.),.PIECEWISE_BEZIER_KNOTS.);
#338=B_SPLINE_CURVE_WITH_KNOTS('',2,(#2001,#2002,#2003),.UNSPECIFIED.,.F.,.F.,(3,3),(0.,1.),.PIECEWISE_BEZIER_KNOTS.);
#339=B_SPLINE_CURVE_WITH_KNOTS('',2,(#2005,#2006,#2007),.UNSPECIFIED.,.F.,.F.,(3,3),(0.,1.),.PIECEWISE_BEZIER_KNOTS.);
#340=B_SPLINE_CURVE_WITH_KNOTS('',2,(#2009,#2010,#2011),.UNSPECIFIED.,.F.,.F.,(3,3),(0.,1.),.PIECEWISE_BEZIER_KNOTS.);
#341=B_SPLINE_CURVE_WITH_KNOTS('',2,(#2013,#2014,#2015),.UNSPECIFIED.,.F.,.F.,(3,3),(0.,1.),.PIECEWISE_BEZIER_KNOTS.);
#342=B_SPLINE_CURVE_WITH_KNOTS('',2,(#2019,#2020,#2021),.UNSPECIFIED.,.F.,.F.,(3,3),(0.,1.),.PIECEWISE_BEZIER_KNOTS.);
#343=B_SPLINE_CURVE_WITH_KNOTS('',2,(#2023,#2024,#2025),.UNSPECIFIED.,.F.,.F.,(3,3),(0.,1.),.PIECEWISE_BEZIER_KNOTS.);
#344=B_SPLINE_CURVE_WITH_KNOTS('',2,(#2027,#2028,#2029),.UNSPECIFIED.,.F.,.F.,(3,3),(0.,1.),.PIECEWISE_BEZIER_KNOTS.);
#345=B_SPLINE_CURVE_WITH_KNOTS('',2,(#2031,#2032,#2033),.UNSPECIFIED.,.F.,.F.,(3,3),(0.,1.),.PIECEWISE_BEZIER_KNOTS.);
#346=B_SPLINE_CURVE_WITH_KNOTS('',2,(#2083,#2084,#2085),.UNSPECIFIED.,.F.,.F.,(3,3),(0.,1.),.PIECEWISE_BEZIER_KNOTS.);
#347=B_SPLINE_CURVE_WITH_KNOTS('',2,(#2090,#2091,#2092),.UNSPECIFIED.,.F.,.F.,(3,3),(0.,1.),.PIECEWISE_BEZIER_KNOTS.);
#348=B_SPLINE_CURVE_WITH_KNOTS('',2,(#2103,#2104,#2105),.UNSPECIFIED.,.F.,.F.,(3,3),(0.,1.),.PIECEWISE_BEZIER_KNOTS.);
#349=B_SPLINE_CURVE_WITH_KNOTS('',2,(#2109,#2110,#2111),.UNSPECIFIED.,.F.,.F.,(3,3),(0.,1.),.PIECEWISE_BEZIER_KNOTS.);
#350=B_SPLINE_CURVE_WITH_KNOTS('',2,(#2120,#2121,#2122),.UNSPECIFIED.,.F.,.F.,(3,3),(0.,1.),.PIECEWISE_BEZIER_KNOTS.);
#351=B_SPLINE_CURVE_WITH_KNOTS('',2,(#2126,#2127,#2128),.UNSPECIFIED.,.F.,.F.,(3,3),(0.,1.),.PIECEWISE_BEZIER_KNOTS.);
#352=B_SPLINE_CURVE_WITH_KNOTS('',2,(#2137,#2138,#2139),.UNSPECIFIED.,.F.,.F.,(3,3),(0.,1.),.PIECEWISE_BEZIER_KNOTS.);
#353=B_SPLINE_CURVE_WITH_KNOTS('',2,(#2143,#2144,#2145),.UNSPECIFIED.,.F.,.F.,(3,3),(0.,1.),.PIECEWISE_BEZIER_KNOTS.);
#354=B_SPLINE_CURVE_WITH_KNOTS('',2,(#2154,#2155,#2156),.UNSPECIFIED.,.F.,.F.,(3,3),(0.,1.),.PIECEWISE_BEZIER_KNOTS.);
#355=B_SPLINE_CURVE_WITH_KNOTS('',2,(#2160,#2161,#2162),.UNSPECIFIED.,.F.,.F.,(3,3),(0.,1.),.PIECEWISE_BEZIER_KNOTS.);
#356=B_SPLINE_CURVE_WITH_KNOTS('',2,(#2171,#2172,#2173),.UNSPECIFIED.,.F.,.F.,(3,3),(0.,1.),.PIECEWISE_BEZIER_KNOTS.);
#357=B_SPLINE_CURVE_WITH_KNOTS('',2,(#2177,#2178,#2179),.UNSPECIFIED.,.F.,.F.,(3,3),(0.,1.),.PIECEWISE_BEZIER_KNOTS.);
#358=B_SPLINE_CURVE_WITH_KNOTS('',2,(#2188,#2189,#2190),.UNSPECIFIED.,.F.,.F.,(3,3),(0.,1.),.PIECEWISE_BEZIER_KNOTS.);
#359=B_SPLINE_CURVE_WITH_KNOTS('',2,(#2194,#2195,#2196),.UNSPECIFIED.,.F.,.F.,(3,3),(0.,1.),.PIECEWISE_BEZIER_KNOTS.);
#360=B_SPLINE_CURVE_WITH_KNOTS('',2,(#2205,#2206,#2207),.UNSPECIFIED.,.F.,.F.,(3,3),(0.,1.),.PIECEWISE_BEZIER_KNOTS.);
#361=B_SPLINE_CURVE_WITH_KNOTS('',2,(#2211,#2212,#2213),.UNSPECIFIED.,.F.,.F.,(3,3),(0.,1.),.PIECEWISE_BEZIER_KNOTS.);
#362=B_SPLINE_CURVE_WITH_KNOTS('',2,(#2222,#2223,#2224),.UNSPECIFIED.,.F.,.F.,(3,3),(0.,1.),.PIECEWISE_BEZIER_KNOTS.);
#363=B_SPLINE_CURVE_WITH_KNOTS('',2,(#2228,#2229,#2230),.UNSPECIFIED.,.F.,.F.,(3,3),(0.,1.),.PIECEWISE_BEZIER_KNOTS.);
#364=B_SPLINE_CURVE_WITH_KNOTS('',2,(#2239,#2240,#2241),.UNSPECIFIED.,.F.,.F.,(3,3),(0.,1.),.PIECEWISE_BEZIER_KNOTS.);
#365=B_SPLINE_CURVE_WITH_KNOTS('',2,(#2245,#2246,#2247),.UNSPECIFIED.,.F.,.F.,(3,3),(0.,1.),.PIECEWISE_BEZIER_KNOTS.);
#366=B_SPLINE_CURVE_WITH_KNOTS('',2,(#2256,#2257,#2258),.UNSPECIFIED.,.F.,.F.,(3,3),(0.,1.),.PIECEWISE_BEZIER_KNOTS.);
#367=B_SPLINE_CURVE_WITH_KNOTS('',2,(#2262,#2263,#2264),.UNSPECIFIED.,.F.,.F.,(3,3),(0.,1.),.PIECEWISE_BEZIER_KNOTS.);
#368=B_SPLINE_CURVE_WITH_KNOTS('',2,(#2275,#2276,#2277),.UNSPECIFIED.,.F.,.F.,(3,3),(0.,1.),.PIECEWISE_BEZIER_KNOTS.);
#369=B_SPLINE_CURVE_WITH_KNOTS('',2,(#2290,#2291,#2292),.UNSPECIFIED.,.F.,.F.,(3,3),(0.,1.),.PIECEWISE_BEZIER_KNOTS.);
#370=B_SPLINE_CURVE_WITH_KNOTS('',2,(#2303,#2304,#2305),.UNSPECIFIED.,.F.,.F.,(3,3),(0.,1.),.PIECEWISE_BEZIER_KNOTS.);
#371=B_SPLINE_CURVE_WITH_KNOTS('',2,(#2316,#2317,#2318),.UNSPECIFIED.,.F.,.F.,(3,3),(0.,1.),.PIECEWISE_BEZIER_KNOTS.);
#372=B_SPLINE_CURVE_WITH_KNOTS('',2,(#2329,#2330,#2331),.UNSPECIFIED.,.F.,.F.,(3,3),(0.,1.),.PIECEWISE_BEZIER_KNOTS.);
#373=B_SPLINE_CURVE_WITH_KNOTS('',2,(#2342,#2343,#2344),.UNSPECIFIED.,.F.,.F.,(3,3),(0.,1.),.PIECEWISE_BEZIER_KNOTS.);
#374=B_SPLINE_CURVE_WITH_KNOTS('',2,(#2355,#2356,#2357),.UNSPECIFIED.,.F.,.F.,(3,3),(0.,1.),.PIECEWISE_BEZIER_KNOTS.);
#375=B_SPLINE_CURVE_WITH_KNOTS('',2,(#2368,#2369,#2370),.UNSPECIFIED.,.F.,.F.,(3,3),(0.,1.),.PIECEWISE_BEZIER_KNOTS.);
#376=B_SPLINE_CURVE_WITH_KNOTS('',2,(#2381,#2382,#2383),.UNSPECIFIED.,.F.,.F.,(3,3),(0.,1.),.PIECEWISE_BEZIER_KNOTS.);
#377=B_SPLINE_CURVE_WITH_KNOTS('',2,(#2394,#2395,#2396),.UNSPECIFIED.,.F.,.F.,(3,3),(0.,1.),.PIECEWISE_BEZIER_KNOTS.);
#378=B_SPLINE_CURVE_WITH_KNOTS('',2,(#2407,#2408,#2409),.UNSPECIFIED.,.F.,.F.,(3,3),(0.,1.),.PIECEWISE_BEZIER_KNOTS.);
#379=B_SPLINE_CURVE_WITH_KNOTS('',2,(#2418,#2419,#2420),.UNSPECIFIED.,.F.,.F.,(3,3),(0.,1.),.PIECEWISE_BEZIER_KNOTS.);
#380=B_SPLINE_CURVE_WITH_KNOTS('',2,(#2429,#2430,#2431),.UNSPECIFIED.,.F.,.F.,(3,3),(0.,1.),.PIECEWISE_BEZIER_KNOTS.);
#381=B_SPLINE_CURVE_WITH_KNOTS('',2,(#2432,#2433,#2434),.UNSPECIFIED.,.F.,.F.,(3,3),(0.,1.),.PIECEWISE_BEZIER_KNOTS.);
#382=B_SPLINE_CURVE_WITH_KNOTS('',2,(#2446,#2447,#2448),.UNSPECIFIED.,.F.,.F.,(3,3),(0.,1.),.PIECEWISE_BEZIER_KNOTS.);
#383=B_SPLINE_CURVE_WITH_KNOTS('',2,(#2461,#2462,#2463),.UNSPECIFIED.,.F.,.F.,(3,3),(0.,1.),.PIECEWISE_BEZIER_KNOTS.);
#384=B_SPLINE_CURVE_WITH_KNOTS('',2,(#2474,#2475,#2476),.UNSPECIFIED.,.F.,.F.,(3,3),(0.,1.),.PIECEWISE_BEZIER_KNOTS.);
#385=B_SPLINE_CURVE_WITH_KNOTS('',2,(#2487,#2488,#2489),.UNSPECIFIED.,.F.,.F.,(3,3),(0.,1.),.PIECEWISE_BEZIER_KNOTS.);
#386=B_SPLINE_CURVE_WITH_KNOTS('',2,(#2500,#2501,#2502),.UNSPECIFIED.,.F.,.F.,(3,3),(0.,1.),.PIECEWISE_BEZIER_KNOTS.);
#387=B_SPLINE_CURVE_WITH_KNOTS('',2,(#2513,#2514,#2515),.UNSPECIFIED.,.F.,.F.,(3,3),(0.,1.),.PIECEWISE_BEZIER_KNOTS.);
#388=B_SPLINE_CURVE_WITH_KNOTS('',2,(#2530,#2531,#2532),.UNSPECIFIED.,.F.,.F.,(3,3),(0.,1.),.PIECEWISE_BEZIER_KNOTS.);
#389=B_SPLINE_CURVE_WITH_KNOTS('',2,(#2543,#2544,#2545),.UNSPECIFIED.,.F.,.F.,(3,3),(0.,1.),.PIECEWISE_BEZIER_KNOTS.);
#390=B_SPLINE_CURVE_WITH_KNOTS('',2,(#2556,#2557,#2558),.UNSPECIFIED.,.F.,.F.,(3,3),(0.,1.),.PIECEWISE_BEZIER_KNOTS.);
#391=B_SPLINE_CURVE_WITH_KNOTS('',2,(#2569,#2570,#2571),.UNSPECIFIED.,.F.,.F.,(3,3),(0.,1.),.PIECEWISE_BEZIER_KNOTS.);
#392=B_SPLINE_CURVE_WITH_KNOTS('',2,(#2582,#2583,#2584),.UNSPECIFIED.,.F.,.F.,(3,3),(0.,1.),.PIECEWISE_BEZIER_KNOTS.);
#393=B_SPLINE_CURVE_WITH_KNOTS('',2,(#2595,#2596,#2597),.UNSPECIFIED.,.F.,.F.,(3,3),(0.,1.),.PIECEWISE_BEZIER_KNOTS.);
#394=B_SPLINE_CURVE_WITH_KNOTS('',2,(#2608,#2609,#2610),.UNSPECIFIED.,.F.,.F.,(3,3),(0.,1.),.PIECEWISE_BEZIER_KNOTS.);
#395=B_SPLINE_CURVE_WITH_KNOTS('',2,(#2621,#2622,#2623),.UNSPECIFIED.,.F.,.F.,(3,3),(0.,1.),.PIECEWISE_BEZIER_KNOTS.);
#396=B_SPLINE_CURVE_WITH_KNOTS('',2,(#2638,#2639,#2640),.UNSPECIFIED.,.F.,.F.,(3,3),(0.,1.),.PIECEWISE_BEZIER_KNOTS.);
#397=B_SPLINE_CURVE_WITH_KNOTS('',2,(#2651,#2652,#2653),.UNSPECIFIED.,.F.,.F.,(3,3),(0.,1.),.PIECEWISE_BEZIER_KNOTS.);
#398=B_SPLINE_CURVE_WITH_KNOTS('',2,(#2664,#2665,#2666),.UNSPECIFIED.,.F.,.F.,(3,3),(0.,1.),.PIECEWISE_BEZIER_KNOTS.);
#399=B_SPLINE_CURVE_WITH_KNOTS('',2,(#2677,#2678,#2679),.UNSPECIFIED.,.F.,.F.,(3,3),(0.,1.),.PIECEWISE_BEZIER_KNOTS.);
#400=B_SPLINE_CURVE_WITH_KNOTS('',2,(#2694,#2695,#2696),.UNSPECIFIED.,.F.,.F.,(3,3),(0.,1.),.PIECEWISE_BEZIER_KNOTS.);
#401=B_SPLINE_CURVE_WITH_KNOTS('',2,(#2707,#2708,#2709),.UNSPECIFIED.,.F.,.F.,(3,3),(0.,1.),.PIECEWISE_BEZIER_KNOTS.);
#402=B_SPLINE_CURVE_WITH_KNOTS('',2,(#2720,#2721,#2722),.UNSPECIFIED.,.F.,.F.,(3,3),(0.,1.),.PIECEWISE_BEZIER_KNOTS.);
#403=B_SPLINE_CURVE_WITH_KNOTS('',2,(#2733,#2734,#2735),.UNSPECIFIED.,.F.,.F.,(3,3),(0.,1.),.PIECEWISE_BEZIER_KNOTS.);
#404=B_SPLINE_CURVE_WITH_KNOTS('',2,(#2758,#2759,#2760),.UNSPECIFIED.,.F.,.F.,(3,3),(0.,1.),.PIECEWISE_BEZIER_KNOTS.);
#405=B_SPLINE_CURVE_WITH_KNOTS('',2,(#2771,#2772,#2773),.UNSPECIFIED.,.F.,.F.,(3,3),(0.,1.),.PIECEWISE_BEZIER_KNOTS.);
#406=B_SPLINE_CURVE_WITH_KNOTS('',2,(#2788,#2789,#2790),.UNSPECIFIED.,.F.,.F.,(3,3),(0.,1.),.PIECEWISE_BEZIER_KNOTS.);
#407=B_SPLINE_CURVE_WITH_KNOTS('',2,(#2801,#2802,#2803),.UNSPECIFIED.,.F.,.F.,(3,3),(0.,1.),.PIECEWISE_BEZIER_KNOTS.);
#408=B_SPLINE_CURVE_WITH_KNOTS('',2,(#2814,#2815,#2816),.UNSPECIFIED.,.F.,.F.,(3,3),(0.,1.),.PIECEWISE_BEZIER_KNOTS.);
#409=B_SPLINE_CURVE_WITH_KNOTS('',2,(#2827,#2828,#2829),.UNSPECIFIED.,.F.,.F.,(3,3),(0.,1.),.PIECEWISE_BEZIER_KNOTS.);
#410=B_SPLINE_CURVE_WITH_KNOTS('',2,(#2840,#2841,#2842),.UNSPECIFIED.,.F.,.F.,(3,3),(0.,1.),.PIECEWISE_BEZIER_KNOTS.);
#411=B_SPLINE_CURVE_WITH_KNOTS('',2,(#2861,#2862,#2863),.UNSPECIFIED.,.F.,.F.,(3,3),(0.,1.),.PIECEWISE_BEZIER_KNOTS.);
#412=B_SPLINE_CURVE_WITH_KNOTS('',2,(#2872,#2873,#2874),.UNSPECIFIED.,.F.,.F.,(3,3),(0.,1.),.PIECEWISE_BEZIER_KNOTS.);
#413=ORIENTED_EDGE('',*,*,#885,.T.);
#414=ORIENTED_EDGE('',*,*,#886,.T.);
#415=ORIENTED_EDGE('',*,*,#887,.T.);
#416=ORIENTED_EDGE('',*,*,#888,.T.);
#417=ORIENTED_EDGE('',*,*,#889,.T.);
#418=ORIENTED_EDGE('',*,*,#890,.T.);
#419=ORIENTED_EDGE('',*,*,#891,.T.);
#420=ORIENTED_EDGE('',*,*,#892,.T.);
#421=ORIENTED_EDGE('',*,*,#893,.T.);
#422=ORIENTED_EDGE('',*,*,#894,.T.);
#423=ORIENTED_EDGE('',*,*,#895,.T.);
#424=ORIENTED_EDGE('',*,*,#896,.T.);
#425=ORIENTED_EDGE('',*,*,#897,.T.);
#426=ORIENTED_EDGE('',*,*,#898,.T.);
#427=ORIENTED_EDGE('',*,*,#899,.T.);
#428=ORIENTED_EDGE('',*,*,#900,.T.);
#429=ORIENTED_EDGE('',*,*,#901,.T.);
#430=ORIENTED_EDGE('',*,*,#902,.T.);
#431=ORIENTED_EDGE('',*,*,#903,.T.);
#432=ORIENTED_EDGE('',*,*,#904,.T.);
#433=ORIENTED_EDGE('',*,*,#905,.T.);
#434=ORIENTED_EDGE('',*,*,#906,.T.);
#435=ORIENTED_EDGE('',*,*,#907,.T.);
#436=ORIENTED_EDGE('',*,*,#908,.T.);
#437=ORIENTED_EDGE('',*,*,#909,.T.);
#438=ORIENTED_EDGE('',*,*,#910,.T.);
#439=ORIENTED_EDGE('',*,*,#911,.T.);
#440=ORIENTED_EDGE('',*,*,#912,.T.);
#441=ORIENTED_EDGE('',*,*,#913,.T.);
#442=ORIENTED_EDGE('',*,*,#914,.T.);
#443=ORIENTED_EDGE('',*,*,#915,.T.);
#444=ORIENTED_EDGE('',*,*,#916,.T.);
#445=ORIENTED_EDGE('',*,*,#917,.T.);
#446=ORIENTED_EDGE('',*,*,#918,.T.);
#447=ORIENTED_EDGE('',*,*,#919,.T.);
#448=ORIENTED_EDGE('',*,*,#920,.T.);
#449=ORIENTED_EDGE('',*,*,#921,.T.);
#450=ORIENTED_EDGE('',*,*,#922,.T.);
#451=ORIENTED_EDGE('',*,*,#923,.T.);
#452=ORIENTED_EDGE('',*,*,#924,.T.);
#453=ORIENTED_EDGE('',*,*,#925,.T.);
#454=ORIENTED_EDGE('',*,*,#926,.T.);
#455=ORIENTED_EDGE('',*,*,#927,.T.);
#456=ORIENTED_EDGE('',*,*,#928,.T.);
#457=ORIENTED_EDGE('',*,*,#929,.T.);
#458=ORIENTED_EDGE('',*,*,#930,.T.);
#459=ORIENTED_EDGE('',*,*,#931,.T.);
#460=ORIENTED_EDGE('',*,*,#932,.T.);
#461=ORIENTED_EDGE('',*,*,#933,.T.);
#462=ORIENTED_EDGE('',*,*,#934,.T.);
#463=ORIENTED_EDGE('',*,*,#935,.T.);
#464=ORIENTED_EDGE('',*,*,#936,.T.);
#465=ORIENTED_EDGE('',*,*,#937,.T.);
#466=ORIENTED_EDGE('',*,*,#938,.T.);
#467=ORIENTED_EDGE('',*,*,#939,.T.);
#468=ORIENTED_EDGE('',*,*,#940,.T.);
#469=ORIENTED_EDGE('',*,*,#941,.T.);
#470=ORIENTED_EDGE('',*,*,#942,.T.);
#471=ORIENTED_EDGE('',*,*,#943,.T.);
#472=ORIENTED_EDGE('',*,*,#944,.T.);
#473=ORIENTED_EDGE('',*,*,#945,.T.);
#474=ORIENTED_EDGE('',*,*,#946,.T.);
#475=ORIENTED_EDGE('',*,*,#947,.T.);
#476=ORIENTED_EDGE('',*,*,#948,.T.);
#477=ORIENTED_EDGE('',*,*,#949,.T.);
#478=ORIENTED_EDGE('',*,*,#950,.T.);
#479=ORIENTED_EDGE('',*,*,#885,.F.);
#480=ORIENTED_EDGE('',*,*,#951,.F.);
#481=ORIENTED_EDGE('',*,*,#952,.T.);
#482=ORIENTED_EDGE('',*,*,#953,.T.);
#483=ORIENTED_EDGE('',*,*,#954,.F.);
#484=ORIENTED_EDGE('',*,*,#950,.F.);
#485=ORIENTED_EDGE('',*,*,#951,.T.);
#486=ORIENTED_EDGE('',*,*,#955,.T.);
#487=ORIENTED_EDGE('',*,*,#956,.F.);
#488=ORIENTED_EDGE('',*,*,#953,.F.);
#489=ORIENTED_EDGE('',*,*,#956,.T.);
#490=ORIENTED_EDGE('',*,*,#952,.F.);
#491=ORIENTED_EDGE('',*,*,#955,.F.);
#492=ORIENTED_EDGE('',*,*,#954,.T.);
#493=ORIENTED_EDGE('',*,*,#957,.F.);
#494=ORIENTED_EDGE('',*,*,#958,.F.);
#495=ORIENTED_EDGE('',*,*,#959,.T.);
#496=ORIENTED_EDGE('',*,*,#960,.T.);
#497=ORIENTED_EDGE('',*,*,#961,.F.);
#498=ORIENTED_EDGE('',*,*,#962,.F.);
#499=ORIENTED_EDGE('',*,*,#963,.T.);
#500=ORIENTED_EDGE('',*,*,#958,.T.);
#501=ORIENTED_EDGE('',*,*,#964,.F.);
#502=ORIENTED_EDGE('',*,*,#965,.F.);
#503=ORIENTED_EDGE('',*,*,#966,.T.);
#504=ORIENTED_EDGE('',*,*,#962,.T.);
#505=ORIENTED_EDGE('',*,*,#967,.F.);
#506=ORIENTED_EDGE('',*,*,#968,.F.);
#507=ORIENTED_EDGE('',*,*,#969,.T.);
#508=ORIENTED_EDGE('',*,*,#965,.T.);
#509=ORIENTED_EDGE('',*,*,#970,.F.);
#510=ORIENTED_EDGE('',*,*,#971,.F.);
#511=ORIENTED_EDGE('',*,*,#972,.T.);
#512=ORIENTED_EDGE('',*,*,#968,.T.);
#513=ORIENTED_EDGE('',*,*,#973,.F.);
#514=ORIENTED_EDGE('',*,*,#974,.F.);
#515=ORIENTED_EDGE('',*,*,#975,.T.);
#516=ORIENTED_EDGE('',*,*,#971,.T.);
#517=ORIENTED_EDGE('',*,*,#976,.F.);
#518=ORIENTED_EDGE('',*,*,#977,.F.);
#519=ORIENTED_EDGE('',*,*,#978,.T.);
#520=ORIENTED_EDGE('',*,*,#974,.T.);
#521=ORIENTED_EDGE('',*,*,#979,.F.);
#522=ORIENTED_EDGE('',*,*,#980,.F.);
#523=ORIENTED_EDGE('',*,*,#981,.T.);
#524=ORIENTED_EDGE('',*,*,#977,.T.);
#525=ORIENTED_EDGE('',*,*,#982,.F.);
#526=ORIENTED_EDGE('',*,*,#983,.F.);
#527=ORIENTED_EDGE('',*,*,#984,.T.);
#528=ORIENTED_EDGE('',*,*,#980,.T.);
#529=ORIENTED_EDGE('',*,*,#985,.F.);
#530=ORIENTED_EDGE('',*,*,#986,.F.);
#531=ORIENTED_EDGE('',*,*,#987,.T.);
#532=ORIENTED_EDGE('',*,*,#983,.T.);
#533=ORIENTED_EDGE('',*,*,#988,.F.);
#534=ORIENTED_EDGE('',*,*,#989,.F.);
#535=ORIENTED_EDGE('',*,*,#990,.T.);
#536=ORIENTED_EDGE('',*,*,#986,.T.);
#537=ORIENTED_EDGE('',*,*,#887,.F.);
#538=ORIENTED_EDGE('',*,*,#991,.F.);
#539=ORIENTED_EDGE('',*,*,#992,.T.);
#540=ORIENTED_EDGE('',*,*,#993,.T.);
#541=ORIENTED_EDGE('',*,*,#886,.F.);
#542=ORIENTED_EDGE('',*,*,#994,.F.);
#543=ORIENTED_EDGE('',*,*,#995,.T.);
#544=ORIENTED_EDGE('',*,*,#991,.T.);
#545=ORIENTED_EDGE('',*,*,#897,.F.);
#546=ORIENTED_EDGE('',*,*,#996,.F.);
#547=ORIENTED_EDGE('',*,*,#997,.T.);
#548=ORIENTED_EDGE('',*,*,#994,.T.);
#549=ORIENTED_EDGE('',*,*,#896,.F.);
#550=ORIENTED_EDGE('',*,*,#998,.F.);
#551=ORIENTED_EDGE('',*,*,#999,.T.);
#552=ORIENTED_EDGE('',*,*,#996,.T.);
#553=ORIENTED_EDGE('',*,*,#895,.F.);
#554=ORIENTED_EDGE('',*,*,#1000,.F.);
#555=ORIENTED_EDGE('',*,*,#1001,.T.);
#556=ORIENTED_EDGE('',*,*,#998,.T.);
#557=ORIENTED_EDGE('',*,*,#894,.F.);
#558=ORIENTED_EDGE('',*,*,#1002,.F.);
#559=ORIENTED_EDGE('',*,*,#1003,.T.);
#560=ORIENTED_EDGE('',*,*,#1000,.T.);
#561=ORIENTED_EDGE('',*,*,#893,.F.);
#562=ORIENTED_EDGE('',*,*,#1004,.F.);
#563=ORIENTED_EDGE('',*,*,#1005,.T.);
#564=ORIENTED_EDGE('',*,*,#1002,.T.);
#565=ORIENTED_EDGE('',*,*,#892,.F.);
#566=ORIENTED_EDGE('',*,*,#1006,.F.);
#567=ORIENTED_EDGE('',*,*,#1007,.T.);
#568=ORIENTED_EDGE('',*,*,#1004,.T.);
#569=ORIENTED_EDGE('',*,*,#891,.F.);
#570=ORIENTED_EDGE('',*,*,#1008,.F.);
#571=ORIENTED_EDGE('',*,*,#1009,.T.);
#572=ORIENTED_EDGE('',*,*,#1006,.T.);
#573=ORIENTED_EDGE('',*,*,#890,.F.);
#574=ORIENTED_EDGE('',*,*,#1010,.F.);
#575=ORIENTED_EDGE('',*,*,#1011,.T.);
#576=ORIENTED_EDGE('',*,*,#1008,.T.);
#577=ORIENTED_EDGE('',*,*,#889,.F.);
#578=ORIENTED_EDGE('',*,*,#1012,.F.);
#579=ORIENTED_EDGE('',*,*,#1013,.T.);
#580=ORIENTED_EDGE('',*,*,#1010,.T.);
#581=ORIENTED_EDGE('',*,*,#888,.F.);
#582=ORIENTED_EDGE('',*,*,#993,.F.);
#583=ORIENTED_EDGE('',*,*,#1014,.T.);
#584=ORIENTED_EDGE('',*,*,#1012,.T.);
#585=ORIENTED_EDGE('',*,*,#1015,.F.);
#586=ORIENTED_EDGE('',*,*,#960,.F.);
#587=ORIENTED_EDGE('',*,*,#1016,.T.);
#588=ORIENTED_EDGE('',*,*,#989,.T.);
#589=ORIENTED_EDGE('',*,*,#992,.F.);
#590=ORIENTED_EDGE('',*,*,#995,.F.);
#591=ORIENTED_EDGE('',*,*,#997,.F.);
#592=ORIENTED_EDGE('',*,*,#999,.F.);
#593=ORIENTED_EDGE('',*,*,#1001,.F.);
#594=ORIENTED_EDGE('',*,*,#1003,.F.);
#595=ORIENTED_EDGE('',*,*,#1005,.F.);
#596=ORIENTED_EDGE('',*,*,#1007,.F.);
#597=ORIENTED_EDGE('',*,*,#1009,.F.);
#598=ORIENTED_EDGE('',*,*,#1011,.F.);
#599=ORIENTED_EDGE('',*,*,#1013,.F.);
#600=ORIENTED_EDGE('',*,*,#1014,.F.);
#601=ORIENTED_EDGE('',*,*,#959,.F.);
#602=ORIENTED_EDGE('',*,*,#963,.F.);
#603=ORIENTED_EDGE('',*,*,#966,.F.);
#604=ORIENTED_EDGE('',*,*,#969,.F.);
#605=ORIENTED_EDGE('',*,*,#972,.F.);
#606=ORIENTED_EDGE('',*,*,#975,.F.);
#607=ORIENTED_EDGE('',*,*,#978,.F.);
#608=ORIENTED_EDGE('',*,*,#981,.F.);
#609=ORIENTED_EDGE('',*,*,#984,.F.);
#610=ORIENTED_EDGE('',*,*,#987,.F.);
#611=ORIENTED_EDGE('',*,*,#990,.F.);
#612=ORIENTED_EDGE('',*,*,#1016,.F.);
#613=ORIENTED_EDGE('',*,*,#899,.F.);
#614=ORIENTED_EDGE('',*,*,#1017,.F.);
#615=ORIENTED_EDGE('',*,*,#1018,.T.);
#616=ORIENTED_EDGE('',*,*,#1019,.T.);
#617=ORIENTED_EDGE('',*,*,#898,.F.);
#618=ORIENTED_EDGE('',*,*,#1020,.F.);
#619=ORIENTED_EDGE('',*,*,#1021,.T.);
#620=ORIENTED_EDGE('',*,*,#1017,.T.);
#621=ORIENTED_EDGE('',*,*,#937,.F.);
#622=ORIENTED_EDGE('',*,*,#1022,.F.);
#623=ORIENTED_EDGE('',*,*,#1023,.T.);
#624=ORIENTED_EDGE('',*,*,#1020,.T.);
#625=ORIENTED_EDGE('',*,*,#936,.F.);
#626=ORIENTED_EDGE('',*,*,#1024,.F.);
#627=ORIENTED_EDGE('',*,*,#1025,.T.);
#628=ORIENTED_EDGE('',*,*,#1022,.T.);
#629=ORIENTED_EDGE('',*,*,#935,.F.);
#630=ORIENTED_EDGE('',*,*,#1026,.F.);
#631=ORIENTED_EDGE('',*,*,#1027,.T.);
#632=ORIENTED_EDGE('',*,*,#1024,.T.);
#633=ORIENTED_EDGE('',*,*,#934,.F.);
#634=ORIENTED_EDGE('',*,*,#1028,.F.);
#635=ORIENTED_EDGE('',*,*,#1029,.T.);
#636=ORIENTED_EDGE('',*,*,#1026,.T.);
#637=ORIENTED_EDGE('',*,*,#933,.F.);
#638=ORIENTED_EDGE('',*,*,#1030,.F.);
#639=ORIENTED_EDGE('',*,*,#1031,.T.);
#640=ORIENTED_EDGE('',*,*,#1028,.T.);
#641=ORIENTED_EDGE('',*,*,#932,.F.);
#642=ORIENTED_EDGE('',*,*,#1032,.F.);
#643=ORIENTED_EDGE('',*,*,#1033,.T.);
#644=ORIENTED_EDGE('',*,*,#1030,.T.);
#645=ORIENTED_EDGE('',*,*,#931,.F.);
#646=ORIENTED_EDGE('',*,*,#1034,.F.);
#647=ORIENTED_EDGE('',*,*,#1035,.T.);
#648=ORIENTED_EDGE('',*,*,#1032,.T.);
#649=ORIENTED_EDGE('',*,*,#930,.F.);
#650=ORIENTED_EDGE('',*,*,#1036,.F.);
#651=ORIENTED_EDGE('',*,*,#1037,.T.);
#652=ORIENTED_EDGE('',*,*,#1034,.T.);
#653=ORIENTED_EDGE('',*,*,#929,.F.);
#654=ORIENTED_EDGE('',*,*,#1038,.F.);
#655=ORIENTED_EDGE('',*,*,#1039,.T.);
#656=ORIENTED_EDGE('',*,*,#1036,.T.);
#657=ORIENTED_EDGE('',*,*,#928,.F.);
#658=ORIENTED_EDGE('',*,*,#1040,.F.);
#659=ORIENTED_EDGE('',*,*,#1041,.T.);
#660=ORIENTED_EDGE('',*,*,#1038,.T.);
#661=ORIENTED_EDGE('',*,*,#927,.F.);
#662=ORIENTED_EDGE('',*,*,#1042,.F.);
#663=ORIENTED_EDGE('',*,*,#1043,.T.);
#664=ORIENTED_EDGE('',*,*,#1040,.T.);
#665=ORIENTED_EDGE('',*,*,#926,.F.);
#666=ORIENTED_EDGE('',*,*,#1044,.F.);
#667=ORIENTED_EDGE('',*,*,#1045,.T.);
#668=ORIENTED_EDGE('',*,*,#1042,.T.);
#669=ORIENTED_EDGE('',*,*,#925,.F.);
#670=ORIENTED_EDGE('',*,*,#1046,.F.);
#671=ORIENTED_EDGE('',*,*,#1047,.T.);
#672=ORIENTED_EDGE('',*,*,#1044,.T.);
#673=ORIENTED_EDGE('',*,*,#924,.F.);
#674=ORIENTED_EDGE('',*,*,#1048,.F.);
#675=ORIENTED_EDGE('',*,*,#1049,.T.);
#676=ORIENTED_EDGE('',*,*,#1046,.T.);
#677=ORIENTED_EDGE('',*,*,#923,.F.);
#678=ORIENTED_EDGE('',*,*,#1050,.F.);
#679=ORIENTED_EDGE('',*,*,#1051,.T.);
#680=ORIENTED_EDGE('',*,*,#1048,.T.);
#681=ORIENTED_EDGE('',*,*,#922,.F.);
#682=ORIENTED_EDGE('',*,*,#1052,.F.);
#683=ORIENTED_EDGE('',*,*,#1053,.T.);
#684=ORIENTED_EDGE('',*,*,#1050,.T.);
#685=ORIENTED_EDGE('',*,*,#921,.F.);
#686=ORIENTED_EDGE('',*,*,#1054,.F.);
#687=ORIENTED_EDGE('',*,*,#1055,.T.);
#688=ORIENTED_EDGE('',*,*,#1052,.T.);
#689=ORIENTED_EDGE('',*,*,#920,.F.);
#690=ORIENTED_EDGE('',*,*,#1056,.F.);
#691=ORIENTED_EDGE('',*,*,#1057,.T.);
#692=ORIENTED_EDGE('',*,*,#1054,.T.);
#693=ORIENTED_EDGE('',*,*,#919,.F.);
#694=ORIENTED_EDGE('',*,*,#1058,.F.);
#695=ORIENTED_EDGE('',*,*,#1059,.T.);
#696=ORIENTED_EDGE('',*,*,#1056,.T.);
#697=ORIENTED_EDGE('',*,*,#918,.F.);
#698=ORIENTED_EDGE('',*,*,#1060,.F.);
#699=ORIENTED_EDGE('',*,*,#1061,.T.);
#700=ORIENTED_EDGE('',*,*,#1058,.T.);
#701=ORIENTED_EDGE('',*,*,#917,.F.);
#702=ORIENTED_EDGE('',*,*,#1062,.F.);
#703=ORIENTED_EDGE('',*,*,#1063,.T.);
#704=ORIENTED_EDGE('',*,*,#1060,.T.);
#705=ORIENTED_EDGE('',*,*,#916,.F.);
#706=ORIENTED_EDGE('',*,*,#1064,.F.);
#707=ORIENTED_EDGE('',*,*,#1065,.T.);
#708=ORIENTED_EDGE('',*,*,#1062,.T.);
#709=ORIENTED_EDGE('',*,*,#915,.F.);
#710=ORIENTED_EDGE('',*,*,#1066,.F.);
#711=ORIENTED_EDGE('',*,*,#1067,.T.);
#712=ORIENTED_EDGE('',*,*,#1064,.T.);
#713=ORIENTED_EDGE('',*,*,#914,.F.);
#714=ORIENTED_EDGE('',*,*,#1068,.F.);
#715=ORIENTED_EDGE('',*,*,#1069,.T.);
#716=ORIENTED_EDGE('',*,*,#1066,.T.);
#717=ORIENTED_EDGE('',*,*,#913,.F.);
#718=ORIENTED_EDGE('',*,*,#1070,.F.);
#719=ORIENTED_EDGE('',*,*,#1071,.T.);
#720=ORIENTED_EDGE('',*,*,#1068,.T.);
#721=ORIENTED_EDGE('',*,*,#912,.F.);
#722=ORIENTED_EDGE('',*,*,#1072,.F.);
#723=ORIENTED_EDGE('',*,*,#1073,.T.);
#724=ORIENTED_EDGE('',*,*,#1070,.T.);
#725=ORIENTED_EDGE('',*,*,#911,.F.);
#726=ORIENTED_EDGE('',*,*,#1074,.F.);
#727=ORIENTED_EDGE('',*,*,#1075,.T.);
#728=ORIENTED_EDGE('',*,*,#1072,.T.);
#729=ORIENTED_EDGE('',*,*,#910,.F.);
#730=ORIENTED_EDGE('',*,*,#1076,.F.);
#731=ORIENTED_EDGE('',*,*,#1077,.T.);
#732=ORIENTED_EDGE('',*,*,#1074,.T.);
#733=ORIENTED_EDGE('',*,*,#909,.F.);
#734=ORIENTED_EDGE('',*,*,#1078,.F.);
#735=ORIENTED_EDGE('',*,*,#1079,.T.);
#736=ORIENTED_EDGE('',*,*,#1076,.T.);
#737=ORIENTED_EDGE('',*,*,#908,.F.);
#738=ORIENTED_EDGE('',*,*,#1080,.F.);
#739=ORIENTED_EDGE('',*,*,#1081,.T.);
#740=ORIENTED_EDGE('',*,*,#1078,.T.);
#741=ORIENTED_EDGE('',*,*,#907,.F.);
#742=ORIENTED_EDGE('',*,*,#1082,.F.);
#743=ORIENTED_EDGE('',*,*,#1083,.T.);
#744=ORIENTED_EDGE('',*,*,#1080,.T.);
#745=ORIENTED_EDGE('',*,*,#906,.F.);
#746=ORIENTED_EDGE('',*,*,#1084,.F.);
#747=ORIENTED_EDGE('',*,*,#1085,.T.);
#748=ORIENTED_EDGE('',*,*,#1082,.T.);
#749=ORIENTED_EDGE('',*,*,#905,.F.);
#750=ORIENTED_EDGE('',*,*,#1086,.F.);
#751=ORIENTED_EDGE('',*,*,#1087,.T.);
#752=ORIENTED_EDGE('',*,*,#1084,.T.);
#753=ORIENTED_EDGE('',*,*,#904,.F.);
#754=ORIENTED_EDGE('',*,*,#1088,.F.);
#755=ORIENTED_EDGE('',*,*,#1089,.T.);
#756=ORIENTED_EDGE('',*,*,#1086,.T.);
#757=ORIENTED_EDGE('',*,*,#903,.F.);
#758=ORIENTED_EDGE('',*,*,#1090,.F.);
#759=ORIENTED_EDGE('',*,*,#1091,.T.);
#760=ORIENTED_EDGE('',*,*,#1088,.T.);
#761=ORIENTED_EDGE('',*,*,#902,.F.);
#762=ORIENTED_EDGE('',*,*,#1092,.F.);
#763=ORIENTED_EDGE('',*,*,#1093,.T.);
#764=ORIENTED_EDGE('',*,*,#1090,.T.);
#765=ORIENTED_EDGE('',*,*,#901,.F.);
#766=ORIENTED_EDGE('',*,*,#1094,.F.);
#767=ORIENTED_EDGE('',*,*,#1095,.T.);
#768=ORIENTED_EDGE('',*,*,#1092,.T.);
#769=ORIENTED_EDGE('',*,*,#900,.F.);
#770=ORIENTED_EDGE('',*,*,#1019,.F.);
#771=ORIENTED_EDGE('',*,*,#1096,.T.);
#772=ORIENTED_EDGE('',*,*,#1094,.T.);
#773=ORIENTED_EDGE('',*,*,#1018,.F.);
#774=ORIENTED_EDGE('',*,*,#1021,.F.);
#775=ORIENTED_EDGE('',*,*,#1023,.F.);
#776=ORIENTED_EDGE('',*,*,#1025,.F.);
#777=ORIENTED_EDGE('',*,*,#1027,.F.);
#778=ORIENTED_EDGE('',*,*,#1029,.F.);
#779=ORIENTED_EDGE('',*,*,#1031,.F.);
#780=ORIENTED_EDGE('',*,*,#1033,.F.);
#781=ORIENTED_EDGE('',*,*,#1035,.F.);
#782=ORIENTED_EDGE('',*,*,#1037,.F.);
#783=ORIENTED_EDGE('',*,*,#1039,.F.);
#784=ORIENTED_EDGE('',*,*,#1041,.F.);
#785=ORIENTED_EDGE('',*,*,#1043,.F.);
#786=ORIENTED_EDGE('',*,*,#1045,.F.);
#787=ORIENTED_EDGE('',*,*,#1047,.F.);
#788=ORIENTED_EDGE('',*,*,#1049,.F.);
#789=ORIENTED_EDGE('',*,*,#1051,.F.);
#790=ORIENTED_EDGE('',*,*,#1053,.F.);
#791=ORIENTED_EDGE('',*,*,#1055,.F.);
#792=ORIENTED_EDGE('',*,*,#1057,.F.);
#793=ORIENTED_EDGE('',*,*,#1059,.F.);
#794=ORIENTED_EDGE('',*,*,#1061,.F.);
#795=ORIENTED_EDGE('',*,*,#1063,.F.);
#796=ORIENTED_EDGE('',*,*,#1065,.F.);
#797=ORIENTED_EDGE('',*,*,#1067,.F.);
#798=ORIENTED_EDGE('',*,*,#1069,.F.);
#799=ORIENTED_EDGE('',*,*,#1071,.F.);
#800=ORIENTED_EDGE('',*,*,#1073,.F.);
#801=ORIENTED_EDGE('',*,*,#1075,.F.);
#802=ORIENTED_EDGE('',*,*,#1077,.F.);
#803=ORIENTED_EDGE('',*,*,#1079,.F.);
#804=ORIENTED_EDGE('',*,*,#1081,.F.);
#805=ORIENTED_EDGE('',*,*,#1083,.F.);
#806=ORIENTED_EDGE('',*,*,#1085,.F.);
#807=ORIENTED_EDGE('',*,*,#1087,.F.);
#808=ORIENTED_EDGE('',*,*,#1089,.F.);
#809=ORIENTED_EDGE('',*,*,#1091,.F.);
#810=ORIENTED_EDGE('',*,*,#1093,.F.);
#811=ORIENTED_EDGE('',*,*,#1095,.F.);
#812=ORIENTED_EDGE('',*,*,#1096,.F.);
#813=ORIENTED_EDGE('',*,*,#939,.F.);
#814=ORIENTED_EDGE('',*,*,#1097,.F.);
#815=ORIENTED_EDGE('',*,*,#1098,.T.);
#816=ORIENTED_EDGE('',*,*,#1099,.T.);
#817=ORIENTED_EDGE('',*,*,#938,.F.);
#818=ORIENTED_EDGE('',*,*,#1100,.F.);
#819=ORIENTED_EDGE('',*,*,#1101,.T.);
#820=ORIENTED_EDGE('',*,*,#1097,.T.);
#821=ORIENTED_EDGE('',*,*,#949,.F.);
#822=ORIENTED_EDGE('',*,*,#1102,.F.);
#823=ORIENTED_EDGE('',*,*,#1103,.T.);
#824=ORIENTED_EDGE('',*,*,#1100,.T.);
#825=ORIENTED_EDGE('',*,*,#948,.F.);
#826=ORIENTED_EDGE('',*,*,#1104,.F.);
#827=ORIENTED_EDGE('',*,*,#1105,.T.);
#828=ORIENTED_EDGE('',*,*,#1102,.T.);
#829=ORIENTED_EDGE('',*,*,#947,.F.);
#830=ORIENTED_EDGE('',*,*,#1106,.F.);
#831=ORIENTED_EDGE('',*,*,#1107,.T.);
#832=ORIENTED_EDGE('',*,*,#1104,.T.);
#833=ORIENTED_EDGE('',*,*,#946,.F.);
#834=ORIENTED_EDGE('',*,*,#1108,.F.);
#835=ORIENTED_EDGE('',*,*,#1109,.T.);
#836=ORIENTED_EDGE('',*,*,#1106,.T.);
#837=ORIENTED_EDGE('',*,*,#945,.F.);
#838=ORIENTED_EDGE('',*,*,#1110,.F.);
#839=ORIENTED_EDGE('',*,*,#1111,.T.);
#840=ORIENTED_EDGE('',*,*,#1108,.T.);
#841=ORIENTED_EDGE('',*,*,#944,.F.);
#842=ORIENTED_EDGE('',*,*,#1112,.F.);
#843=ORIENTED_EDGE('',*,*,#1113,.T.);
#844=ORIENTED_EDGE('',*,*,#1110,.T.);
#845=ORIENTED_EDGE('',*,*,#943,.F.);
#846=ORIENTED_EDGE('',*,*,#1114,.F.);
#847=ORIENTED_EDGE('',*,*,#1115,.T.);
#848=ORIENTED_EDGE('',*,*,#1112,.T.);
#849=ORIENTED_EDGE('',*,*,#942,.F.);
#850=ORIENTED_EDGE('',*,*,#1116,.F.);
#851=ORIENTED_EDGE('',*,*,#1117,.T.);
#852=ORIENTED_EDGE('',*,*,#1114,.T.);
#853=ORIENTED_EDGE('',*,*,#941,.F.);
#854=ORIENTED_EDGE('',*,*,#1118,.F.);
#855=ORIENTED_EDGE('',*,*,#1119,.T.);
#856=ORIENTED_EDGE('',*,*,#1116,.T.);
#857=ORIENTED_EDGE('',*,*,#940,.F.);
#858=ORIENTED_EDGE('',*,*,#1099,.F.);
#859=ORIENTED_EDGE('',*,*,#1120,.T.);
#860=ORIENTED_EDGE('',*,*,#1118,.T.);
#861=ORIENTED_EDGE('',*,*,#1098,.F.);
#862=ORIENTED_EDGE('',*,*,#1101,.F.);
#863=ORIENTED_EDGE('',*,*,#1103,.F.);
#864=ORIENTED_EDGE('',*,*,#1105,.F.);
#865=ORIENTED_EDGE('',*,*,#1107,.F.);
#866=ORIENTED_EDGE('',*,*,#1109,.F.);
#867=ORIENTED_EDGE('',*,*,#1111,.F.);
#868=ORIENTED_EDGE('',*,*,#1113,.F.);
#869=ORIENTED_EDGE('',*,*,#1115,.F.);
#870=ORIENTED_EDGE('',*,*,#1117,.F.);
#871=ORIENTED_EDGE('',*,*,#1119,.F.);
#872=ORIENTED_EDGE('',*,*,#1120,.F.);
#873=ORIENTED_EDGE('',*,*,#961,.T.);
#874=ORIENTED_EDGE('',*,*,#957,.T.);
#875=ORIENTED_EDGE('',*,*,#1015,.T.);
#876=ORIENTED_EDGE('',*,*,#988,.T.);
#877=ORIENTED_EDGE('',*,*,#985,.T.);
#878=ORIENTED_EDGE('',*,*,#982,.T.);
#879=ORIENTED_EDGE('',*,*,#979,.T.);
#880=ORIENTED_EDGE('',*,*,#976,.T.);
#881=ORIENTED_EDGE('',*,*,#973,.T.);
#882=ORIENTED_EDGE('',*,*,#970,.T.);
#883=ORIENTED_EDGE('',*,*,#967,.T.);
#884=ORIENTED_EDGE('',*,*,#964,.T.);
#885=EDGE_CURVE('',#1121,#1121,#1279,.T.);
#886=EDGE_CURVE('',#1122,#1123,#303,.T.);
#887=EDGE_CURVE('',#1123,#1124,#304,.T.);
#888=EDGE_CURVE('',#1124,#1125,#305,.T.);
#889=EDGE_CURVE('',#1125,#1126,#306,.T.);
#890=EDGE_CURVE('',#1126,#1127,#307,.T.);
#891=EDGE_CURVE('',#1127,#1128,#308,.T.);
#892=EDGE_CURVE('',#1128,#1129,#309,.T.);
#893=EDGE_CURVE('',#1129,#1130,#310,.T.);
#894=EDGE_CURVE('',#1130,#1131,#311,.T.);
#895=EDGE_CURVE('',#1131,#1132,#312,.T.);
#896=EDGE_CURVE('',#1132,#1133,#313,.T.);
#897=EDGE_CURVE('',#1133,#1122,#314,.T.);
#898=EDGE_CURVE('',#1134,#1135,#315,.T.);
#899=EDGE_CURVE('',#1135,#1136,#316,.T.);
#900=EDGE_CURVE('',#1136,#1137,#317,.T.);
#901=EDGE_CURVE('',#1137,#1138,#318,.T.);
#902=EDGE_CURVE('',#1138,#1139,#71,.T.);
#903=EDGE_CURVE('',#1139,#1140,#1280,.T.);
#904=EDGE_CURVE('',#1140,#1141,#319,.T.);
#905=EDGE_CURVE('',#1141,#1142,#320,.T.);
#906=EDGE_CURVE('',#1142,#1143,#321,.T.);
#907=EDGE_CURVE('',#1143,#1144,#322,.T.);
#908=EDGE_CURVE('',#1144,#1145,#323,.T.);
#909=EDGE_CURVE('',#1145,#1146,#1281,.T.);
#910=EDGE_CURVE('',#1146,#1147,#324,.T.);
#911=EDGE_CURVE('',#1147,#1148,#325,.T.);
#912=EDGE_CURVE('',#1148,#1149,#72,.T.);
#913=EDGE_CURVE('',#1149,#1150,#73,.T.);
#914=EDGE_CURVE('',#1150,#1151,#74,.T.);
#915=EDGE_CURVE('',#1151,#1152,#326,.T.);
#916=EDGE_CURVE('',#1152,#1153,#327,.T.);
#917=EDGE_CURVE('',#1153,#1154,#328,.T.);
#918=EDGE_CURVE('',#1154,#1155,#329,.T.);
#919=EDGE_CURVE('',#1155,#1156,#1282,.T.);
#920=EDGE_CURVE('',#1156,#1157,#330,.T.);
#921=EDGE_CURVE('',#1157,#1158,#331,.T.);
#922=EDGE_CURVE('',#1158,#1159,#332,.T.);
#923=EDGE_CURVE('',#1159,#1160,#333,.T.);
#924=EDGE_CURVE('',#1160,#1161,#75,.T.);
#925=EDGE_CURVE('',#1161,#1162,#334,.T.);
#926=EDGE_CURVE('',#1162,#1163,#335,.T.);
#927=EDGE_CURVE('',#1163,#1164,#336,.T.);
#928=EDGE_CURVE('',#1164,#1165,#337,.T.);
#929=EDGE_CURVE('',#1165,#1166,#338,.T.);
#930=EDGE_CURVE('',#1166,#1167,#339,.T.);
#931=EDGE_CURVE('',#1167,#1168,#340,.T.);
#932=EDGE_CURVE('',#1168,#1169,#341,.T.);
#933=EDGE_CURVE('',#1169,#1170,#76,.T.);
#934=EDGE_CURVE('',#1170,#1171,#342,.T.);
#935=EDGE_CURVE('',#1171,#1172,#343,.T.);
#936=EDGE_CURVE('',#1172,#1173,#344,.T.);
#937=EDGE_CURVE('',#1173,#1134,#345,.T.);
#938=EDGE_CURVE('',#1174,#1175,#77,.T.);
#939=EDGE_CURVE('',#1175,#1176,#78,.T.);
#940=EDGE_CURVE('',#1176,#1177,#79,.T.);
#941=EDGE_CURVE('',#1177,#1178,#80,.T.);
#942=EDGE_CURVE('',#1178,#1179,#81,.T.);
#943=EDGE_CURVE('',#1179,#1180,#82,.T.);
#944=EDGE_CURVE('',#1180,#1181,#83,.T.);
#945=EDGE_CURVE('',#1181,#1182,#84,.T.);
#946=EDGE_CURVE('',#1182,#1183,#85,.T.);
#947=EDGE_CURVE('',#1183,#1184,#86,.T.);
#948=EDGE_CURVE('',#1184,#1185,#87,.T.);
#949=EDGE_CURVE('',#1185,#1174,#88,.T.);
#950=EDGE_CURVE('',#1186,#1186,#1283,.T.);
#951=EDGE_CURVE('',#1187,#1188,#1284,.T.);
#952=EDGE_CURVE('',#1187,#1189,#89,.T.);
#953=EDGE_CURVE('',#1189,#1190,#1285,.T.);
#954=EDGE_CURVE('',#1188,#1190,#90,.T.);
#955=EDGE_CURVE('',#1188,#1187,#91,.T.);
#956=EDGE_CURVE('',#1190,#1189,#92,.T.);
#957=EDGE_CURVE('',#1191,#1192,#346,.T.);
#958=EDGE_CURVE('',#1193,#1191,#93,.T.);
#959=EDGE_CURVE('',#1193,#1194,#347,.T.);
#960=EDGE_CURVE('',#1194,#1192,#94,.T.);
#961=EDGE_CURVE('',#1195,#1191,#348,.T.);
#962=EDGE_CURVE('',#1196,#1195,#95,.T.);
#963=EDGE_CURVE('',#1196,#1193,#349,.T.);
#964=EDGE_CURVE('',#1197,#1195,#350,.T.);
#965=EDGE_CURVE('',#1198,#1197,#96,.T.);
#966=EDGE_CURVE('',#1198,#1196,#351,.T.);
#967=EDGE_CURVE('',#1199,#1197,#352,.T.);
#968=EDGE_CURVE('',#1200,#1199,#97,.T.);
#969=EDGE_CURVE('',#1200,#1198,#353,.T.);
#970=EDGE_CURVE('',#1201,#1199,#354,.T.);
#971=EDGE_CURVE('',#1202,#1201,#98,.T.);
#972=EDGE_CURVE('',#1202,#1200,#355,.T.);
#973=EDGE_CURVE('',#1203,#1201,#356,.T.);
#974=EDGE_CURVE('',#1204,#1203,#99,.T.);
#975=EDGE_CURVE('',#1204,#1202,#357,.T.);
#976=EDGE_CURVE('',#1205,#1203,#358,.T.);
#977=EDGE_CURVE('',#1206,#1205,#100,.T.);
#978=EDGE_CURVE('',#1206,#1204,#359,.T.);
#979=EDGE_CURVE('',#1207,#1205,#360,.T.);
#980=EDGE_CURVE('',#1208,#1207,#101,.T.);
#981=EDGE_CURVE('',#1208,#1206,#361,.T.);
#982=EDGE_CURVE('',#1209,#1207,#362,.T.);
#983=EDGE_CURVE('',#1210,#1209,#102,.T.);
#984=EDGE_CURVE('',#1210,#1208,#363,.T.);
#985=EDGE_CURVE('',#1211,#1209,#364,.T.);
#986=EDGE_CURVE('',#1212,#1211,#103,.T.);
#987=EDGE_CURVE('',#1212,#1210,#365,.T.);
#988=EDGE_CURVE('',#1213,#1211,#366,.T.);
#989=EDGE_CURVE('',#1214,#1213,#104,.T.);
#990=EDGE_CURVE('',#1214,#1212,#367,.T.);
#991=EDGE_CURVE('',#1215,#1123,#105,.T.);
#992=EDGE_CURVE('',#1215,#1216,#368,.T.);
#993=EDGE_CURVE('',#1216,#1124,#106,.T.);
#994=EDGE_CURVE('',#1217,#1122,#107,.T.);
#995=EDGE_CURVE('',#1217,#1215,#369,.T.);
#996=EDGE_CURVE('',#1218,#1133,#108,.T.);
#997=EDGE_CURVE('',#1218,#1217,#370,.T.);
#998=EDGE_CURVE('',#1219,#1132,#109,.T.);
#999=EDGE_CURVE('',#1219,#1218,#371,.T.);
#1000=EDGE_CURVE('',#1220,#1131,#110,.T.);
#1001=EDGE_CURVE('',#1220,#1219,#372,.T.);
#1002=EDGE_CURVE('',#1221,#1130,#111,.T.);
#1003=EDGE_CURVE('',#1221,#1220,#373,.T.);
#1004=EDGE_CURVE('',#1222,#1129,#112,.T.);
#1005=EDGE_CURVE('',#1222,#1221,#374,.T.);
#1006=EDGE_CURVE('',#1223,#1128,#113,.T.);
#1007=EDGE_CURVE('',#1223,#1222,#375,.T.);
#1008=EDGE_CURVE('',#1224,#1127,#114,.T.);
#1009=EDGE_CURVE('',#1224,#1223,#376,.T.);
#1010=EDGE_CURVE('',#1225,#1126,#115,.T.);
#1011=EDGE_CURVE('',#1225,#1224,#377,.T.);
#1012=EDGE_CURVE('',#1226,#1125,#116,.T.);
#1013=EDGE_CURVE('',#1226,#1225,#378,.T.);
#1014=EDGE_CURVE('',#1216,#1226,#379,.T.);
#1015=EDGE_CURVE('',#1192,#1213,#380,.T.);
#1016=EDGE_CURVE('',#1194,#1214,#381,.T.);
#1017=EDGE_CURVE('',#1227,#1135,#117,.T.);
#1018=EDGE_CURVE('',#1227,#1228,#382,.T.);
#1019=EDGE_CURVE('',#1228,#1136,#118,.T.);
#1020=EDGE_CURVE('',#1229,#1134,#119,.T.);
#1021=EDGE_CURVE('',#1229,#1227,#383,.T.);
#1022=EDGE_CURVE('',#1230,#1173,#120,.T.);
#1023=EDGE_CURVE('',#1230,#1229,#384,.T.);
#1024=EDGE_CURVE('',#1231,#1172,#121,.T.);
#1025=EDGE_CURVE('',#1231,#1230,#385,.T.);
#1026=EDGE_CURVE('',#1232,#1171,#122,.T.);
#1027=EDGE_CURVE('',#1232,#1231,#386,.T.);
#1028=EDGE_CURVE('',#1233,#1170,#123,.T.);
#1029=EDGE_CURVE('',#1233,#1232,#387,.T.);
#1030=EDGE_CURVE('',#1234,#1169,#124,.T.);
#1031=EDGE_CURVE('',#1234,#1233,#125,.T.);
#1032=EDGE_CURVE('',#1235,#1168,#126,.T.);
#1033=EDGE_CURVE('',#1235,#1234,#388,.T.);
#1034=EDGE_CURVE('',#1236,#1167,#127,.T.);
#1035=EDGE_CURVE('',#1236,#1235,#389,.T.);
#1036=EDGE_CURVE('',#1237,#1166,#128,.T.);
#1037=EDGE_CURVE('',#1237,#1236,#390,.T.);
#1038=EDGE_CURVE('',#1238,#1165,#129,.T.);
#1039=EDGE_CURVE('',#1238,#1237,#391,.T.);
#1040=EDGE_CURVE('',#1239,#1164,#130,.T.);
#1041=EDGE_CURVE('',#1239,#1238,#392,.T.);
#1042=EDGE_CURVE('',#1240,#1163,#131,.T.);
#1043=EDGE_CURVE('',#1240,#1239,#393,.T.);
#1044=EDGE_CURVE('',#1241,#1162,#132,.T.);
#1045=EDGE_CURVE('',#1241,#1240,#394,.T.);
#1046=EDGE_CURVE('',#1242,#1161,#133,.T.);
#1047=EDGE_CURVE('',#1242,#1241,#395,.T.);
#1048=EDGE_CURVE('',#1243,#1160,#134,.T.);
#1049=EDGE_CURVE('',#1243,#1242,#135,.T.);
#1050=EDGE_CURVE('',#1244,#1159,#136,.T.);
#1051=EDGE_CURVE('',#1244,#1243,#396,.T.);
#1052=EDGE_CURVE('',#1245,#1158,#137,.T.);
#1053=EDGE_CURVE('',#1245,#1244,#397,.T.);
#1054=EDGE_CURVE('',#1246,#1157,#138,.T.);
#1055=EDGE_CURVE('',#1246,#1245,#398,.T.);
#1056=EDGE_CURVE('',#1247,#1156,#139,.T.);
#1057=EDGE_CURVE('',#1247,#1246,#399,.T.);
#1058=EDGE_CURVE('',#1248,#1155,#140,.T.);
#1059=EDGE_CURVE('',#1248,#1247,#1286,.T.);
#1060=EDGE_CURVE('',#1249,#1154,#141,.T.);
#1061=EDGE_CURVE('',#1249,#1248,#400,.T.);
#1062=EDGE_CURVE('',#1250,#1153,#142,.T.);
#1063=EDGE_CURVE('',#1250,#1249,#401,.T.);
#1064=EDGE_CURVE('',#1251,#1152,#143,.T.);
#1065=EDGE_CURVE('',#1251,#1250,#402,.T.);
#1066=EDGE_CURVE('',#1252,#1151,#144,.T.);
#1067=EDGE_CURVE('',#1252,#1251,#403,.T.);
#1068=EDGE_CURVE('',#1253,#1150,#145,.T.);
#1069=EDGE_CURVE('',#1253,#1252,#146,.T.);
#1070=EDGE_CURVE('',#1254,#1149,#147,.T.);
#1071=EDGE_CURVE('',#1254,#1253,#148,.T.);
#1072=EDGE_CURVE('',#1255,#1148,#149,.T.);
#1073=EDGE_CURVE('',#1255,#1254,#150,.T.);
#1074=EDGE_CURVE('',#1256,#1147,#151,.T.);
#1075=EDGE_CURVE('',#1256,#1255,#404,.T.);
#1076=EDGE_CURVE('',#1257,#1146,#152,.T.);
#1077=EDGE_CURVE('',#1257,#1256,#405,.T.);
#1078=EDGE_CURVE('',#1258,#1145,#153,.T.);
#1079=EDGE_CURVE('',#1258,#1257,#1287,.T.);
#1080=EDGE_CURVE('',#1259,#1144,#154,.T.);
#1081=EDGE_CURVE('',#1259,#1258,#406,.T.);
#1082=EDGE_CURVE('',#1260,#1143,#155,.T.);
#1083=EDGE_CURVE('',#1260,#1259,#407,.T.);
#1084=EDGE_CURVE('',#1261,#1142,#156,.T.);
#1085=EDGE_CURVE('',#1261,#1260,#408,.T.);
#1086=EDGE_CURVE('',#1262,#1141,#157,.T.);
#1087=EDGE_CURVE('',#1262,#1261,#409,.T.);
#1088=EDGE_CURVE('',#1263,#1140,#158,.T.);
#1089=EDGE_CURVE('',#1263,#1262,#410,.T.);
#1090=EDGE_CURVE('',#1264,#1139,#159,.T.);
#1091=EDGE_CURVE('',#1264,#1263,#1288,.T.);
#1092=EDGE_CURVE('',#1265,#1138,#160,.T.);
#1093=EDGE_CURVE('',#1265,#1264,#161,.T.);
#1094=EDGE_CURVE('',#1266,#1137,#162,.T.);
#1095=EDGE_CURVE('',#1266,#1265,#411,.T.);
#1096=EDGE_CURVE('',#1228,#1266,#412,.T.);
#1097=EDGE_CURVE('',#1267,#1175,#163,.T.);
#1098=EDGE_CURVE('',#1267,#1268,#164,.T.);
#1099=EDGE_CURVE('',#1268,#1176,#165,.T.);
#1100=EDGE_CURVE('',#1269,#1174,#166,.T.);
#1101=EDGE_CURVE('',#1269,#1267,#167,.T.);
#1102=EDGE_CURVE('',#1270,#1185,#168,.T.);
#1103=EDGE_CURVE('',#1270,#1269,#169,.T.);
#1104=EDGE_CURVE('',#1271,#1184,#170,.T.);
#1105=EDGE_CURVE('',#1271,#1270,#171,.T.);
#1106=EDGE_CURVE('',#1272,#1183,#172,.T.);
#1107=EDGE_CURVE('',#1272,#1271,#173,.T.);
#1108=EDGE_CURVE('',#1273,#1182,#174,.T.);
#1109=EDGE_CURVE('',#1273,#1272,#175,.T.);
#1110=EDGE_CURVE('',#1274,#1181,#176,.T.);
#1111=EDGE_CURVE('',#1274,#1273,#177,.T.);
#1112=EDGE_CURVE('',#1275,#1180,#178,.T.);
#1113=EDGE_CURVE('',#1275,#1274,#179,.T.);
#1114=EDGE_CURVE('',#1276,#1179,#180,.T.);
#1115=EDGE_CURVE('',#1276,#1275,#181,.T.);
#1116=EDGE_CURVE('',#1277,#1178,#182,.T.);
#1117=EDGE_CURVE('',#1277,#1276,#183,.T.);
#1118=EDGE_CURVE('',#1278,#1177,#184,.T.);
#1119=EDGE_CURVE('',#1278,#1277,#185,.T.);
#1120=EDGE_CURVE('',#1268,#1278,#186,.T.);
#1121=VERTEX_POINT('',#1843);
#1122=VERTEX_POINT('',#1847);
#1123=VERTEX_POINT('',#1848);
#1124=VERTEX_POINT('',#1852);
#1125=VERTEX_POINT('',#1856);
#1126=VERTEX_POINT('',#1860);
#1127=VERTEX_POINT('',#1864);
#1128=VERTEX_POINT('',#1868);
#1129=VERTEX_POINT('',#1872);
#1130=VERTEX_POINT('',#1876);
#1131=VERTEX_POINT('',#1880);
#1132=VERTEX_POINT('',#1884);
#1133=VERTEX_POINT('',#1888);
#1134=VERTEX_POINT('',#1895);
#1135=VERTEX_POINT('',#1896);
#1136=VERTEX_POINT('',#1900);
#1137=VERTEX_POINT('',#1904);
#1138=VERTEX_POINT('',#1908);
#1139=VERTEX_POINT('',#1910);
#1140=VERTEX_POINT('',#1912);
#1141=VERTEX_POINT('',#1916);
#1142=VERTEX_POINT('',#1920);
#1143=VERTEX_POINT('',#1924);
#1144=VERTEX_POINT('',#1928);
#1145=VERTEX_POINT('',#1932);
#1146=VERTEX_POINT('',#1934);
#1147=VERTEX_POINT('',#1938);
#1148=VERTEX_POINT('',#1942);
#1149=VERTEX_POINT('',#1944);
#1150=VERTEX_POINT('',#1946);
#1151=VERTEX_POINT('',#1948);
#1152=VERTEX_POINT('',#1952);
#1153=VERTEX_POINT('',#1956);
#1154=VERTEX_POINT('',#1960);
#1155=VERTEX_POINT('',#1964);
#1156=VERTEX_POINT('',#1966);
#1157=VERTEX_POINT('',#1970);
#1158=VERTEX_POINT('',#1974);
#1159=VERTEX_POINT('',#1978);
#1160=VERTEX_POINT('',#1982);
#1161=VERTEX_POINT('',#1984);
#1162=VERTEX_POINT('',#1988);
#1163=VERTEX_POINT('',#1992);
#1164=VERTEX_POINT('',#1996);
#1165=VERTEX_POINT('',#2000);
#1166=VERTEX_POINT('',#2004);
#1167=VERTEX_POINT('',#2008);
#1168=VERTEX_POINT('',#2012);
#1169=VERTEX_POINT('',#2016);
#1170=VERTEX_POINT('',#2018);
#1171=VERTEX_POINT('',#2022);
#1172=VERTEX_POINT('',#2026);
#1173=VERTEX_POINT('',#2030);
#1174=VERTEX_POINT('',#2035);
#1175=VERTEX_POINT('',#2036);
#1176=VERTEX_POINT('',#2038);
#1177=VERTEX_POINT('',#2040);
#1178=VERTEX_POINT('',#2042);
#1179=VERTEX_POINT('',#2044);
#1180=VERTEX_POINT('',#2046);
#1181=VERTEX_POINT('',#2048);
#1182=VERTEX_POINT('',#2050);
#1183=VERTEX_POINT('',#2052);
#1184=VERTEX_POINT('',#2054);
#1185=VERTEX_POINT('',#2056);
#1186=VERTEX_POINT('',#2060);
#1187=VERTEX_POINT('',#2062);
#1188=VERTEX_POINT('',#2063);
#1189=VERTEX_POINT('',#2065);
#1190=VERTEX_POINT('',#2067);
#1191=VERTEX_POINT('',#2086);
#1192=VERTEX_POINT('',#2087);
#1193=VERTEX_POINT('',#2089);
#1194=VERTEX_POINT('',#2093);
#1195=VERTEX_POINT('',#2106);
#1196=VERTEX_POINT('',#2108);
#1197=VERTEX_POINT('',#2123);
#1198=VERTEX_POINT('',#2125);
#1199=VERTEX_POINT('',#2140);
#1200=VERTEX_POINT('',#2142);
#1201=VERTEX_POINT('',#2157);
#1202=VERTEX_POINT('',#2159);
#1203=VERTEX_POINT('',#2174);
#1204=VERTEX_POINT('',#2176);
#1205=VERTEX_POINT('',#2191);
#1206=VERTEX_POINT('',#2193);
#1207=VERTEX_POINT('',#2208);
#1208=VERTEX_POINT('',#2210);
#1209=VERTEX_POINT('',#2225);
#1210=VERTEX_POINT('',#2227);
#1211=VERTEX_POINT('',#2242);
#1212=VERTEX_POINT('',#2244);
#1213=VERTEX_POINT('',#2259);
#1214=VERTEX_POINT('',#2261);
#1215=VERTEX_POINT('',#2274);
#1216=VERTEX_POINT('',#2278);
#1217=VERTEX_POINT('',#2289);
#1218=VERTEX_POINT('',#2302);
#1219=VERTEX_POINT('',#2315);
#1220=VERTEX_POINT('',#2328);
#1221=VERTEX_POINT('',#2341);
#1222=VERTEX_POINT('',#2354);
#1223=VERTEX_POINT('',#2367);
#1224=VERTEX_POINT('',#2380);
#1225=VERTEX_POINT('',#2393);
#1226=VERTEX_POINT('',#2406);
#1227=VERTEX_POINT('',#2445);
#1228=VERTEX_POINT('',#2449);
#1229=VERTEX_POINT('',#2460);
#1230=VERTEX_POINT('',#2473);
#1231=VERTEX_POINT('',#2486);
#1232=VERTEX_POINT('',#2499);
#1233=VERTEX_POINT('',#2512);
#1234=VERTEX_POINT('',#2518);
#1235=VERTEX_POINT('',#2529);
#1236=VERTEX_POINT('',#2542);
#1237=VERTEX_POINT('',#2555);
#1238=VERTEX_POINT('',#2568);
#1239=VERTEX_POINT('',#2581);
#1240=VERTEX_POINT('',#2594);
#1241=VERTEX_POINT('',#2607);
#1242=VERTEX_POINT('',#2620);
#1243=VERTEX_POINT('',#2626);
#1244=VERTEX_POINT('',#2637);
#1245=VERTEX_POINT('',#2650);
#1246=VERTEX_POINT('',#2663);
#1247=VERTEX_POINT('',#2676);
#1248=VERTEX_POINT('',#2682);
#1249=VERTEX_POINT('',#2693);
#1250=VERTEX_POINT('',#2706);
#1251=VERTEX_POINT('',#2719);
#1252=VERTEX_POINT('',#2732);
#1253=VERTEX_POINT('',#2738);
#1254=VERTEX_POINT('',#2742);
#1255=VERTEX_POINT('',#2746);
#1256=VERTEX_POINT('',#2757);
#1257=VERTEX_POINT('',#2770);
#1258=VERTEX_POINT('',#2776);
#1259=VERTEX_POINT('',#2787);
#1260=VERTEX_POINT('',#2800);
#1261=VERTEX_POINT('',#2813);
#1262=VERTEX_POINT('',#2826);
#1263=VERTEX_POINT('',#2839);
#1264=VERTEX_POINT('',#2845);
#1265=VERTEX_POINT('',#2849);
#1266=VERTEX_POINT('',#2860);
#1267=VERTEX_POINT('',#2878);
#1268=VERTEX_POINT('',#2880);
#1269=VERTEX_POINT('',#2884);
#1270=VERTEX_POINT('',#2888);
#1271=VERTEX_POINT('',#2892);
#1272=VERTEX_POINT('',#2896);
#1273=VERTEX_POINT('',#2900);
#1274=VERTEX_POINT('',#2904);
#1275=VERTEX_POINT('',#2908);
#1276=VERTEX_POINT('',#2912);
#1277=VERTEX_POINT('',#2916);
#1278=VERTEX_POINT('',#2920);
#1279=CIRCLE('',#1600,0.03);
#1280=CIRCLE('',#1601,0.0014450772173202);
#1281=CIRCLE('',#1602,0.00158176137764814);
#1282=CIRCLE('',#1603,0.00162449201462691);
#1283=CIRCLE('',#1605,0.03);
#1284=CIRCLE('',#1606,0.03);
#1285=CIRCLE('',#1607,0.03);
#1286=CIRCLE('',#1616,0.00162449201462691);
#1287=CIRCLE('',#1621,0.00158176137764814);
#1288=CIRCLE('',#1623,0.0014450772173202);
#1289=EDGE_LOOP('',(#413));
#1290=EDGE_LOOP('',(#414,#415,#416,#417,#418,#419,#420,#421,#422,#423,#424,#425));
#1291=EDGE_LOOP('',(#426,#427,#428,#429,#430,#431,#432,#433,#434,#435,#436,#437,#438,#439,#440,#441,#442,#443,#444,#445,#446,#447,#448,#449,#450,#451,#452,#453,#454,#455,#456,#457,#458,#459,#460,#461,#462,#463,#464,#465));
#1292=EDGE_LOOP('',(#466,#467,#468,#469,#470,#471,#472,#473,#474,#475,#476,#477));
#1293=EDGE_LOOP('',(#478));
#1294=EDGE_LOOP('',(#479));
#1295=EDGE_LOOP('',(#480,#481,#482,#483));
#1296=EDGE_LOOP('',(#484));
#1297=EDGE_LOOP('',(#485,#486));
#1298=EDGE_LOOP('',(#487,#488));
#1299=EDGE_LOOP('',(#489,#490,#491,#492));
#1300=EDGE_LOOP('',(#493,#494,#495,#496));
#1301=EDGE_LOOP('',(#497,#498,#499,#500));
#1302=EDGE_LOOP('',(#501,#502,#503,#504));
#1303=EDGE_LOOP('',(#505,#506,#507,#508));
#1304=EDGE_LOOP('',(#509,#510,#511,#512));
#1305=EDGE_LOOP('',(#513,#514,#515,#516));
#1306=EDGE_LOOP('',(#517,#518,#519,#520));
#1307=EDGE_LOOP('',(#521,#522,#523,#524));
#1308=EDGE_LOOP('',(#525,#526,#527,#528));
#1309=EDGE_LOOP('',(#529,#530,#531,#532));
#1310=EDGE_LOOP('',(#533,#534,#535,#536));
#1311=EDGE_LOOP('',(#537,#538,#539,#540));
#1312=EDGE_LOOP('',(#541,#542,#543,#544));
#1313=EDGE_LOOP('',(#545,#546,#547,#548));
#1314=EDGE_LOOP('',(#549,#550,#551,#552));
#1315=EDGE_LOOP('',(#553,#554,#555,#556));
#1316=EDGE_LOOP('',(#557,#558,#559,#560));
#1317=EDGE_LOOP('',(#561,#562,#563,#564));
#1318=EDGE_LOOP('',(#565,#566,#567,#568));
#1319=EDGE_LOOP('',(#569,#570,#571,#572));
#1320=EDGE_LOOP('',(#573,#574,#575,#576));
#1321=EDGE_LOOP('',(#577,#578,#579,#580));
#1322=EDGE_LOOP('',(#581,#582,#583,#584));
#1323=EDGE_LOOP('',(#585,#586,#587,#588));
#1324=EDGE_LOOP('',(#589,#590,#591,#592,#593,#594,#595,#596,#597,#598,#599,#600));
#1325=EDGE_LOOP('',(#601,#602,#603,#604,#605,#606,#607,#608,#609,#610,#611,#612));
#1326=EDGE_LOOP('',(#613,#614,#615,#616));
#1327=EDGE_LOOP('',(#617,#618,#619,#620));
#1328=EDGE_LOOP('',(#621,#622,#623,#624));
#1329=EDGE_LOOP('',(#625,#626,#627,#628));
#1330=EDGE_LOOP('',(#629,#630,#631,#632));
#1331=EDGE_LOOP('',(#633,#634,#635,#636));
#1332=EDGE_LOOP('',(#637,#638,#639,#640));
#1333=EDGE_LOOP('',(#641,#642,#643,#644));
#1334=EDGE_LOOP('',(#645,#646,#647,#648));
#1335=EDGE_LOOP('',(#649,#650,#651,#652));
#1336=EDGE_LOOP('',(#653,#654,#655,#656));
#1337=EDGE_LOOP('',(#657,#658,#659,#660));
#1338=EDGE_LOOP('',(#661,#662,#663,#664));
#1339=EDGE_LOOP('',(#665,#666,#667,#668));
#1340=EDGE_LOOP('',(#669,#670,#671,#672));
#1341=EDGE_LOOP('',(#673,#674,#675,#676));
#1342=EDGE_LOOP('',(#677,#678,#679,#680));
#1343=EDGE_LOOP('',(#681,#682,#683,#684));
#1344=EDGE_LOOP('',(#685,#686,#687,#688));
#1345=EDGE_LOOP('',(#689,#690,#691,#692));
#1346=EDGE_LOOP('',(#693,#694,#695,#696));
#1347=EDGE_LOOP('',(#697,#698,#699,#700));
#1348=EDGE_LOOP('',(#701,#702,#703,#704));
#1349=EDGE_LOOP('',(#705,#706,#707,#708));
#1350=EDGE_LOOP('',(#709,#710,#711,#712));
#1351=EDGE_LOOP('',(#713,#714,#715,#716));
#1352=EDGE_LOOP('',(#717,#718,#719,#720));
#1353=EDGE_LOOP('',(#721,#722,#723,#724));
#1354=EDGE_LOOP('',(#725,#726,#727,#728));
#1355=EDGE_LOOP('',(#729,#730,#731,#732));
#1356=EDGE_LOOP('',(#733,#734,#735,#736));
#1357=EDGE_LOOP('',(#737,#738,#739,#740));
#1358=EDGE_LOOP('',(#741,#742,#743,#744));
#1359=EDGE_LOOP('',(#745,#746,#747,#748));
#1360=EDGE_LOOP('',(#749,#750,#751,#752));
#1361=EDGE_LOOP('',(#753,#754,#755,#756));
#1362=EDGE_LOOP('',(#757,#758,#759,#760));
#1363=EDGE_LOOP('',(#761,#762,#763,#764));
#1364=EDGE_LOOP('',(#765,#766,#767,#768));
#1365=EDGE_LOOP('',(#769,#770,#771,#772));
#1366=EDGE_LOOP('',(#773,#774,#775,#776,#777,#778,#779,#780,#781,#782,#783,#784,#785,#786,#787,#788,#789,#790,#791,#792,#793,#794,#795,#796,#797,#798,#799,#800,#801,#802,#803,#804,#805,#806,#807,#808,#809,#810,#811,#812));
#1367=EDGE_LOOP('',(#813,#814,#815,#816));
#1368=EDGE_LOOP('',(#817,#818,#819,#820));
#1369=EDGE_LOOP('',(#821,#822,#823,#824));
#1370=EDGE_LOOP('',(#825,#826,#827,#828));
#1371=EDGE_LOOP('',(#829,#830,#831,#832));
#1372=EDGE_LOOP('',(#833,#834,#835,#836));
#1373=EDGE_LOOP('',(#837,#838,#839,#840));
#1374=EDGE_LOOP('',(#841,#842,#843,#844));
#1375=EDGE_LOOP('',(#845,#846,#847,#848));
#1376=EDGE_LOOP('',(#849,#850,#851,#852));
#1377=EDGE_LOOP('',(#853,#854,#855,#856));
#1378=EDGE_LOOP('',(#857,#858,#859,#860));
#1379=EDGE_LOOP('',(#861,#862,#863,#864,#865,#866,#867,#868,#869,#870,#871,#872));
#1380=EDGE_LOOP('',(#873,#874,#875,#876,#877,#878,#879,#880,#881,#882,#883,#884));
#1381=FACE_BOUND('',#1289,.T.);
#1382=FACE_BOUND('',#1290,.T.);
#1383=FACE_BOUND('',#1291,.T.);
#1384=FACE_BOUND('',#1292,.T.);
#1385=FACE_BOUND('',#1293,.T.);
#1386=FACE_BOUND('',#1294,.T.);
#1387=FACE_BOUND('',#1295,.T.);
#1388=FACE_BOUND('',#1296,.T.);
#1389=FACE_BOUND('',#1297,.T.);
#1390=FACE_BOUND('',#1298,.T.);
#1391=FACE_BOUND('',#1299,.T.);
#1392=FACE_BOUND('',#1300,.T.);
#1393=FACE_BOUND('',#1301,.T.);
#1394=FACE_BOUND('',#1302,.T.);
#1395=FACE_BOUND('',#1303,.T.);
#1396=FACE_BOUND('',#1304,.T.);
#1397=FACE_BOUND('',#1305,.T.);
#1398=FACE_BOUND('',#1306,.T.);
#1399=FACE_BOUND('',#1307,.T.);
#1400=FACE_BOUND('',#1308,.T.);
#1401=FACE_BOUND('',#1309,.T.);
#1402=FACE_BOUND('',#1310,.T.);
#1403=FACE_BOUND('',#1311,.T.);
#1404=FACE_BOUND('',#1312,.T.);
#1405=FACE_BOUND('',#1313,.T.);
#1406=FACE_BOUND('',#1314,.T.);
#1407=FACE_BOUND('',#1315,.T.);
#1408=FACE_BOUND('',#1316,.T.);
#1409=FACE_BOUND('',#1317,.T.);
#1410=FACE_BOUND('',#1318,.T.);
#1411=FACE_BOUND('',#1319,.T.);
#1412=FACE_BOUND('',#1320,.T.);
#1413=FACE_BOUND('',#1321,.T.);
#1414=FACE_BOUND('',#1322,.T.);
#1415=FACE_BOUND('',#1323,.T.);
#1416=FACE_BOUND('',#1324,.T.);
#1417=FACE_BOUND('',#1325,.T.);
#1418=FACE_BOUND('',#1326,.T.);
#1419=FACE_BOUND('',#1327,.T.);
#1420=FACE_BOUND('',#1328,.T.);
#1421=FACE_BOUND('',#1329,.T.);
#1422=FACE_BOUND('',#1330,.T.);
#1423=FACE_BOUND('',#1331,.T.);
#1424=FACE_BOUND('',#1332,.T.);
#1425=FACE_BOUND('',#1333,.T.);
#1426=FACE_BOUND('',#1334,.T.);
#1427=FACE_BOUND('',#1335,.T.);
#1428=FACE_BOUND('',#1336,.T.);
#1429=FACE_BOUND('',#1337,.T.);
#1430=FACE_BOUND('',#1338,.T.);
#1431=FACE_BOUND('',#1339,.T.);
#1432=FACE_BOUND('',#1340,.T.);
#1433=FACE_BOUND('',#1341,.T.);
#1434=FACE_BOUND('',#1342,.T.);
#1435=FACE_BOUND('',#1343,.T.);
#1436=FACE_BOUND('',#1344,.T.);
#1437=FACE_BOUND('',#1345,.T.);
#1438=FACE_BOUND('',#1346,.T.);
#1439=FACE_BOUND('',#1347,.T.);
#1440=FACE_BOUND('',#1348,.T.);
#1441=FACE_BOUND('',#1349,.T.);
#1442=FACE_BOUND('',#1350,.T.);
#1443=FACE_BOUND('',#1351,.T.);
#1444=FACE_BOUND('',#1352,.T.);
#1445=FACE_BOUND('',#1353,.T.);
#1446=FACE_BOUND('',#1354,.T.);
#1447=FACE_BOUND('',#1355,.T.);
#1448=FACE_BOUND('',#1356,.T.);
#1449=FACE_BOUND('',#1357,.T.);
#1450=FACE_BOUND('',#1358,.T.);
#1451=FACE_BOUND('',#1359,.T.);
#1452=FACE_BOUND('',#1360,.T.);
#1453=FACE_BOUND('',#1361,.T.);
#1454=FACE_BOUND('',#1362,.T.);
#1455=FACE_BOUND('',#1363,.T.);
#1456=FACE_BOUND('',#1364,.T.);
#1457=FACE_BOUND('',#1365,.T.);
#1458=FACE_BOUND('',#1366,.T.);
#1459=FACE_BOUND('',#1367,.T.);
#1460=FACE_BOUND('',#1368,.T.);
#1461=FACE_BOUND('',#1369,.T.);
#1462=FACE_BOUND('',#1370,.T.);
#1463=FACE_BOUND('',#1371,.T.);
#1464=FACE_BOUND('',#1372,.T.);
#1465=FACE_BOUND('',#1373,.T.);
#1466=FACE_BOUND('',#1374,.T.);
#1467=FACE_BOUND('',#1375,.T.);
#1468=FACE_BOUND('',#1376,.T.);
#1469=FACE_BOUND('',#1377,.T.);
#1470=FACE_BOUND('',#1378,.T.);
#1471=FACE_BOUND('',#1379,.T.);
#1472=FACE_BOUND('',#1380,.T.);
#1473=PLANE('',#1599);
#1474=PLANE('',#1608);
#1475=PLANE('',#1609);
#1476=PLANE('',#1610);
#1477=PLANE('',#1611);
#1478=PLANE('',#1612);
#1479=PLANE('',#1613);
#1480=PLANE('',#1614);
#1481=PLANE('',#1617);
#1482=PLANE('',#1618);
#1483=PLANE('',#1619);
#1484=PLANE('',#1624);
#1485=PLANE('',#1625);
#1486=PLANE('',#1626);
#1487=PLANE('',#1627);
#1488=PLANE('',#1628);
#1489=PLANE('',#1629);
#1490=PLANE('',#1630);
#1491=PLANE('',#1631);
#1492=PLANE('',#1632);
#1493=PLANE('',#1633);
#1494=PLANE('',#1634);
#1495=PLANE('',#1635);
#1496=PLANE('',#1636);
#1497=PLANE('',#1637);
#1498=PLANE('',#1638);
#1499=PLANE('',#1639);
#1500=ADVANCED_FACE('',(#1381,#1382,#1383,#1384),#1473,.T.);
#1501=ADVANCED_FACE('',(#1385,#1386,#1387),#67,.T.);
#1502=ADVANCED_FACE('',(#1388),#1474,.F.);
#1503=ADVANCED_FACE('',(#1389),#1475,.T.);
#1504=ADVANCED_FACE('',(#1390),#1476,.F.);
#1505=ADVANCED_FACE('',(#1391),#1477,.F.);
#1506=ADVANCED_FACE('',(#1392),#12,.T.);
#1507=ADVANCED_FACE('',(#1393),#13,.T.);
#1508=ADVANCED_FACE('',(#1394),#14,.T.);
#1509=ADVANCED_FACE('',(#1395),#15,.T.);
#1510=ADVANCED_FACE('',(#1396),#16,.T.);
#1511=ADVANCED_FACE('',(#1397),#17,.T.);
#1512=ADVANCED_FACE('',(#1398),#18,.T.);
#1513=ADVANCED_FACE('',(#1399),#19,.T.);
#1514=ADVANCED_FACE('',(#1400),#20,.T.);
#1515=ADVANCED_FACE('',(#1401),#21,.T.);
#1516=ADVANCED_FACE('',(#1402),#22,.T.);
#1517=ADVANCED_FACE('',(#1403),#23,.T.);
#1518=ADVANCED_FACE('',(#1404),#24,.T.);
#1519=ADVANCED_FACE('',(#1405),#25,.T.);
#1520=ADVANCED_FACE('',(#1406),#26,.T.);
#1521=ADVANCED_FACE('',(#1407),#27,.T.);
#1522=ADVANCED_FACE('',(#1408),#28,.T.);
#1523=ADVANCED_FACE('',(#1409),#29,.T.);
#1524=ADVANCED_FACE('',(#1410),#30,.T.);
#1525=ADVANCED_FACE('',(#1411),#31,.T.);
#1526=ADVANCED_FACE('',(#1412),#32,.T.);
#1527=ADVANCED_FACE('',(#1413),#33,.T.);
#1528=ADVANCED_FACE('',(#1414),#34,.T.);
#1529=ADVANCED_FACE('',(#1415),#35,.T.);
#1530=ADVANCED_FACE('',(#1416,#1417),#1478,.T.);
#1531=ADVANCED_FACE('',(#1418),#36,.T.);
#1532=ADVANCED_FACE('',(#1419),#37,.T.);
#1533=ADVANCED_FACE('',(#1420),#38,.T.);
#1534=ADVANCED_FACE('',(#1421),#39,.T.);
#1535=ADVANCED_FACE('',(#1422),#40,.T.);
#1536=ADVANCED_FACE('',(#1423),#41,.T.);
#1537=ADVANCED_FACE('',(#1424),#1479,.T.);
#1538=ADVANCED_FACE('',(#1425),#42,.T.);
#1539=ADVANCED_FACE('',(#1426),#43,.T.);
#1540=ADVANCED_FACE('',(#1427),#44,.T.);
#1541=ADVANCED_FACE('',(#1428),#45,.T.);
#1542=ADVANCED_FACE('',(#1429),#46,.T.);
#1543=ADVANCED_FACE('',(#1430),#47,.T.);
#1544=ADVANCED_FACE('',(#1431),#48,.T.);
#1545=ADVANCED_FACE('',(#1432),#49,.T.);
#1546=ADVANCED_FACE('',(#1433),#1480,.T.);
#1547=ADVANCED_FACE('',(#1434),#50,.T.);
#1548=ADVANCED_FACE('',(#1435),#51,.T.);
#1549=ADVANCED_FACE('',(#1436),#52,.T.);
#1550=ADVANCED_FACE('',(#1437),#53,.T.);
#1551=ADVANCED_FACE('',(#1438),#68,.T.);
#1552=ADVANCED_FACE('',(#1439),#54,.T.);
#1553=ADVANCED_FACE('',(#1440),#55,.T.);
#1554=ADVANCED_FACE('',(#1441),#56,.T.);
#1555=ADVANCED_FACE('',(#1442),#57,.T.);
#1556=ADVANCED_FACE('',(#1443),#1481,.T.);
#1557=ADVANCED_FACE('',(#1444),#1482,.T.);
#1558=ADVANCED_FACE('',(#1445),#1483,.T.);
#1559=ADVANCED_FACE('',(#1446),#58,.T.);
#1560=ADVANCED_FACE('',(#1447),#59,.T.);
#1561=ADVANCED_FACE('',(#1448),#69,.T.);
#1562=ADVANCED_FACE('',(#1449),#60,.T.);
#1563=ADVANCED_FACE('',(#1450),#61,.T.);
#1564=ADVANCED_FACE('',(#1451),#62,.T.);
#1565=ADVANCED_FACE('',(#1452),#63,.T.);
#1566=ADVANCED_FACE('',(#1453),#64,.T.);
#1567=ADVANCED_FACE('',(#1454),#70,.T.);
#1568=ADVANCED_FACE('',(#1455),#1484,.T.);
#1569=ADVANCED_FACE('',(#1456),#65,.T.);
#1570=ADVANCED_FACE('',(#1457),#66,.T.);
#1571=ADVANCED_FACE('',(#1458),#1485,.T.);
#1572=ADVANCED_FACE('',(#1459),#1486,.T.);
#1573=ADVANCED_FACE('',(#1460),#1487,.T.);
#1574=ADVANCED_FACE('',(#1461),#1488,.T.);
#1575=ADVANCED_FACE('',(#1462),#1489,.T.);
#1576=ADVANCED_FACE('',(#1463),#1490,.T.);
#1577=ADVANCED_FACE('',(#1464),#1491,.T.);
#1578=ADVANCED_FACE('',(#1465),#1492,.T.);
#1579=ADVANCED_FACE('',(#1466),#1493,.T.);
#1580=ADVANCED_FACE('',(#1467),#1494,.T.);
#1581=ADVANCED_FACE('',(#1468),#1495,.T.);
#1582=ADVANCED_FACE('',(#1469),#1496,.T.);
#1583=ADVANCED_FACE('',(#1470),#1497,.T.);
#1584=ADVANCED_FACE('',(#1471),#1498,.T.);
#1585=ADVANCED_FACE('',(#1472),#1499,.T.);
#1586=CLOSED_SHELL('',(#1500,#1501,#1502,#1503,#1504,#1505,#1506,#1507,#1508,#1509,#1510,#1511,#1512,#1513,#1514,#1515,#1516,#1517,#1518,#1519,#1520,#1521,#1522,#1523,#1524,#1525,#1526,#1527,#1528,#1529,#1530,#1531,#1532,#1533,#1534,#1535,#1536,#1537,#1538,#1539,#1540,#1541,#1542,#1543,#1544,#1545,#1546,#1547,#1548,#1549,#1550,#1551,#1552,#1553,#1554,#1555,#1556,#1557,#1558,#1559,#1560,#1561,#1562,#1563,#1564,#1565,#1566,#1567,#1568,#1569,#1570,#1571,#1572,#1573,#1574,#1575,#1576,#1577,#1578,#1579,#1580,#1581,#1582,#1583,#1584,#1585));
#1587=STYLED_ITEM('',(#1588),#1595);
#1588=PRESENTATION_STYLE_ASSIGNMENT((#1589));
#1589=SURFACE_STYLE_USAGE(.BOTH.,#1590);
#1590=SURFACE_SIDE_STYLE('',(#1591));
#1591=SURFACE_STYLE_FILL_AREA(#1592);
#1592=FILL_AREA_STYLE('',(#1593));
#1593=FILL_AREA_STYLE_COLOUR('',#1594);
#1594=COLOUR_RGB('',0.615686274509804,0.811764705882353,0.929411764705882);
#1595=MANIFOLD_SOLID_BREP('no3',#1586);
#1596=SHAPE_DEFINITION_REPRESENTATION(#2932,#1597);
#1597=SHAPE_REPRESENTATION('no3',(#1598),#2927);
#1598=AXIS2_PLACEMENT_3D('',#1840,#1640,#1641);
#1599=AXIS2_PLACEMENT_3D('',#1841,#1642,#1643);
#1600=AXIS2_PLACEMENT_3D('',#1842,#1644,#1645);
#1601=AXIS2_PLACEMENT_3D('',#1911,#1647,#1648);
#1602=AXIS2_PLACEMENT_3D('',#1933,#1649,#1650);
#1603=AXIS2_PLACEMENT_3D('',#1965,#1654,#1655);
#1604=AXIS2_PLACEMENT_3D('',#2058,#1670,#1671);
#1605=AXIS2_PLACEMENT_3D('',#2059,#1672,#1673);
#1606=AXIS2_PLACEMENT_3D('',#2061,#1674,#1675);
#1607=AXIS2_PLACEMENT_3D('',#2066,#1677,#1678);
#1608=AXIS2_PLACEMENT_3D('',#2069,#1680,#1681);
#1609=AXIS2_PLACEMENT_3D('',#2070,#1682,#1683);
#1610=AXIS2_PLACEMENT_3D('',#2072,#1685,#1686);
#1611=AXIS2_PLACEMENT_3D('',#2074,#1688,#1689);
#1612=AXIS2_PLACEMENT_3D('',#2435,#1714,#1715);
#1613=AXIS2_PLACEMENT_3D('',#2516,#1723,#1724);
#1614=AXIS2_PLACEMENT_3D('',#2624,#1735,#1736);
#1615=AXIS2_PLACEMENT_3D('',#2680,#1743,#1744);
#1616=AXIS2_PLACEMENT_3D('',#2683,#1746,#1747);
#1617=AXIS2_PLACEMENT_3D('',#2736,#1752,#1753);
#1618=AXIS2_PLACEMENT_3D('',#2740,#1756,#1757);
#1619=AXIS2_PLACEMENT_3D('',#2744,#1760,#1761);
#1620=AXIS2_PLACEMENT_3D('',#2774,#1766,#1767);
#1621=AXIS2_PLACEMENT_3D('',#2777,#1769,#1770);
#1622=AXIS2_PLACEMENT_3D('',#2843,#1776,#1777);
#1623=AXIS2_PLACEMENT_3D('',#2846,#1779,#1780);
#1624=AXIS2_PLACEMENT_3D('',#2847,#1781,#1782);
#1625=AXIS2_PLACEMENT_3D('',#2875,#1786,#1787);
#1626=AXIS2_PLACEMENT_3D('',#2876,#1788,#1789);
#1627=AXIS2_PLACEMENT_3D('',#2882,#1793,#1794);
#1628=AXIS2_PLACEMENT_3D('',#2886,#1797,#1798);
#1629=AXIS2_PLACEMENT_3D('',#2890,#1801,#1802);
#1630=AXIS2_PLACEMENT_3D('',#2894,#1805,#1806);
#1631=AXIS2_PLACEMENT_3D('',#2898,#1809,#1810);
#1632=AXIS2_PLACEMENT_3D('',#2902,#1813,#1814);
#1633=AXIS2_PLACEMENT_3D('',#2906,#1817,#1818);
#1634=AXIS2_PLACEMENT_3D('',#2910,#1821,#1822);
#1635=AXIS2_PLACEMENT_3D('',#2914,#1825,#1826);
#1636=AXIS2_PLACEMENT_3D('',#2918,#1829,#1830);
#1637=AXIS2_PLACEMENT_3D('',#2922,#1833,#1834);
#1638=AXIS2_PLACEMENT_3D('',#2924,#1836,#1837);
#1639=AXIS2_PLACEMENT_3D('',#2925,#1838,#1839);
#1640=DIRECTION('',(0.,0.,1.));
#1641=DIRECTION('',(1.,0.,0.));
#1642=DIRECTION('',(0.,0.,1.));
#1643=DIRECTION('',(1.,0.,0.));
#1644=DIRECTION('',(0.,0.,1.));
#1645=DIRECTION('',(1.,0.,0.));
#1646=DIRECTION('',(1.,3.05720943571493E-16,0.));
#1647=DIRECTION('',(0.,0.,1.));
#1648=DIRECTION('',(1.,0.,0.));
#1649=DIRECTION('',(0.,0.,1.));
#1650=DIRECTION('',(1.,0.,0.));
#1651=DIRECTION('',(-1.,-1.74521575506538E-16,0.));
#1652=DIRECTION('',(0.,1.,0.));
#1653=DIRECTION('',(1.,0.,0.));
#1654=DIRECTION('',(0.,0.,1.));
#1655=DIRECTION('',(1.,0.,0.));
#1656=DIRECTION('',(-1.,-3.21282561059756E-16,0.));
#1657=DIRECTION('',(0.,-1.,0.));
#1658=DIRECTION('',(1.,0.,0.));
#1659=DIRECTION('',(1.3016947586653E-16,-1.,0.));
#1660=DIRECTION('',(-1.,0.,0.));
#1661=DIRECTION('',(-0.568552802753587,0.82264677139161,0.));
#1662=DIRECTION('',(-1.,0.,0.));
#1663=DIRECTION('',(0.,-1.,0.));
#1664=DIRECTION('',(-1.,0.,0.));
#1665=DIRECTION('',(0.,1.,0.));
#1666=DIRECTION('',(1.,0.,0.));
#1667=DIRECTION('',(0.565763662857258,-0.824567448902962,0.));
#1668=DIRECTION('',(1.,0.,0.));
#1669=DIRECTION('',(0.,1.,0.));
#1670=DIRECTION('',(0.,0.,-1.));
#1671=DIRECTION('',(-1.,0.,0.));
#1672=DIRECTION('',(0.,0.,1.));
#1673=DIRECTION('',(1.,0.,0.));
#1674=DIRECTION('',(0.,0.,-1.));
#1675=DIRECTION('',(-1.,0.,0.));
#1676=DIRECTION('',(0.,0.,-1.));
#1677=DIRECTION('',(0.,0.,-1.));
#1678=DIRECTION('',(-1.,0.,0.));
#1679=DIRECTION('',(0.,0.,-1.));
#1680=DIRECTION('',(0.,0.,1.));
#1681=DIRECTION('',(1.,0.,0.));
#1682=DIRECTION('',(0.,0.,-1.));
#1683=DIRECTION('',(1.,0.,0.));
#1684=DIRECTION('',(0.,1.,0.));
#1685=DIRECTION('',(0.,0.,-1.));
#1686=DIRECTION('',(1.,0.,0.));
#1687=DIRECTION('',(0.,1.,0.));
#1688=DIRECTION('',(-1.,0.,0.));
#1689=DIRECTION('',(0.,0.,1.));
#1690=DIRECTION('',(0.,0.,1.));
#1691=DIRECTION('',(0.,0.,1.));
#1692=DIRECTION('',(0.,0.,1.));
#1693=DIRECTION('',(0.,0.,1.));
#1694=DIRECTION('',(0.,0.,1.));
#1695=DIRECTION('',(0.,0.,1.));
#1696=DIRECTION('',(0.,0.,1.));
#1697=DIRECTION('',(0.,0.,1.));
#1698=DIRECTION('',(0.,0.,1.));
#1699=DIRECTION('',(0.,0.,1.));
#1700=DIRECTION('',(0.,0.,1.));
#1701=DIRECTION('',(0.,0.,1.));
#1702=DIRECTION('',(0.,0.,1.));
#1703=DIRECTION('',(0.,0.,1.));
#1704=DIRECTION('',(0.,0.,1.));
#1705=DIRECTION('',(0.,0.,1.));
#1706=DIRECTION('',(0.,0.,1.));
#1707=DIRECTION('',(0.,0.,1.));
#1708=DIRECTION('',(0.,0.,1.));
#1709=DIRECTION('',(0.,0.,1.));
#1710=DIRECTION('',(0.,0.,1.));
#1711=DIRECTION('',(0.,0.,1.));
#1712=DIRECTION('',(0.,0.,1.));
#1713=DIRECTION('',(0.,0.,1.));
#1714=DIRECTION('',(0.,0.,1.));
#1715=DIRECTION('',(1.,0.,0.));
#1716=DIRECTION('',(0.,0.,1.));
#1717=DIRECTION('',(0.,0.,1.));
#1718=DIRECTION('',(0.,0.,1.));
#1719=DIRECTION('',(0.,0.,1.));
#1720=DIRECTION('',(0.,0.,1.));
#1721=DIRECTION('',(0.,0.,1.));
#1722=DIRECTION('',(0.,0.,1.));
#1723=DIRECTION('',(-1.,0.,0.));
#1724=DIRECTION('',(0.,0.,1.));
#1725=DIRECTION('',(0.,0.,1.));
#1726=DIRECTION('',(0.,-1.,0.));
#1727=DIRECTION('',(0.,0.,1.));
#1728=DIRECTION('',(0.,0.,1.));
#1729=DIRECTION('',(0.,0.,1.));
#1730=DIRECTION('',(0.,0.,1.));
#1731=DIRECTION('',(0.,0.,1.));
#1732=DIRECTION('',(0.,0.,1.));
#1733=DIRECTION('',(0.,0.,1.));
#1734=DIRECTION('',(0.,0.,1.));
#1735=DIRECTION('',(-3.21282561059756E-16,1.,0.));
#1736=DIRECTION('',(-1.,-3.21282561059756E-16,0.));
#1737=DIRECTION('',(0.,0.,1.));
#1738=DIRECTION('',(-1.,-3.21282561059756E-16,0.));
#1739=DIRECTION('',(0.,0.,1.));
#1740=DIRECTION('',(0.,0.,1.));
#1741=DIRECTION('',(0.,0.,1.));
#1742=DIRECTION('',(0.,0.,1.));
#1743=DIRECTION('',(0.,0.,1.));
#1744=DIRECTION('',(0.670496969998082,0.741912267874977,0.));
#1745=DIRECTION('',(0.,0.,1.));
#1746=DIRECTION('',(0.,0.,1.));
#1747=DIRECTION('',(1.,0.,0.));
#1748=DIRECTION('',(0.,0.,1.));
#1749=DIRECTION('',(0.,0.,1.));
#1750=DIRECTION('',(0.,0.,1.));
#1751=DIRECTION('',(0.,0.,1.));
#1752=DIRECTION('',(0.,-1.,0.));
#1753=DIRECTION('',(0.,0.,-1.));
#1754=DIRECTION('',(0.,0.,1.));
#1755=DIRECTION('',(1.,0.,0.));
#1756=DIRECTION('',(1.,0.,0.));
#1757=DIRECTION('',(0.,0.,-1.));
#1758=DIRECTION('',(0.,0.,1.));
#1759=DIRECTION('',(0.,1.,0.));
#1760=DIRECTION('',(-1.74521575506538E-16,1.,0.));
#1761=DIRECTION('',(-1.,-1.74521575506538E-16,0.));
#1762=DIRECTION('',(0.,0.,1.));
#1763=DIRECTION('',(-1.,-1.74521575506538E-16,0.));
#1764=DIRECTION('',(0.,0.,1.));
#1765=DIRECTION('',(0.,0.,1.));
#1766=DIRECTION('',(0.,0.,1.));
#1767=DIRECTION('',(0.953521908523603,0.301323696322585,0.));
#1768=DIRECTION('',(0.,0.,1.));
#1769=DIRECTION('',(0.,0.,1.));
#1770=DIRECTION('',(1.,0.,0.));
#1771=DIRECTION('',(0.,0.,1.));
#1772=DIRECTION('',(0.,0.,1.));
#1773=DIRECTION('',(0.,0.,1.));
#1774=DIRECTION('',(0.,0.,1.));
#1775=DIRECTION('',(0.,0.,1.));
#1776=DIRECTION('',(0.,0.,1.));
#1777=DIRECTION('',(-0.935137351189484,-0.354285385544359,0.));
#1778=DIRECTION('',(0.,0.,1.));
#1779=DIRECTION('',(0.,0.,1.));
#1780=DIRECTION('',(1.,0.,0.));
#1781=DIRECTION('',(3.05720943571493E-16,-1.,0.));
#1782=DIRECTION('',(1.,3.05720943571493E-16,0.));
#1783=DIRECTION('',(0.,0.,1.));
#1784=DIRECTION('',(1.,3.05720943571493E-16,0.));
#1785=DIRECTION('',(0.,0.,1.));
#1786=DIRECTION('',(0.,0.,1.));
#1787=DIRECTION('',(1.,0.,0.));
#1788=DIRECTION('',(-1.,-1.3016947586653E-16,0.));
#1789=DIRECTION('',(1.3016947586653E-16,-1.,0.));
#1790=DIRECTION('',(0.,0.,1.));
#1791=DIRECTION('',(1.3016947586653E-16,-1.,0.));
#1792=DIRECTION('',(0.,0.,1.));
#1793=DIRECTION('',(0.,-1.,0.));
#1794=DIRECTION('',(0.,0.,-1.));
#1795=DIRECTION('',(0.,0.,1.));
#1796=DIRECTION('',(1.,0.,0.));
#1797=DIRECTION('',(1.,0.,0.));
#1798=DIRECTION('',(0.,0.,-1.));
#1799=DIRECTION('',(0.,0.,1.));
#1800=DIRECTION('',(0.,1.,0.));
#1801=DIRECTION('',(0.,-1.,0.));
#1802=DIRECTION('',(0.,0.,-1.));
#1803=DIRECTION('',(0.,0.,1.));
#1804=DIRECTION('',(1.,0.,0.));
#1805=DIRECTION('',(-0.824567448902962,-0.565763662857258,0.));
#1806=DIRECTION('',(0.565763662857258,-0.824567448902962,0.));
#1807=DIRECTION('',(0.,0.,1.));
#1808=DIRECTION('',(0.565763662857258,-0.824567448902962,0.));
#1809=DIRECTION('',(0.,-1.,0.));
#1810=DIRECTION('',(0.,0.,-1.));
#1811=DIRECTION('',(0.,0.,1.));
#1812=DIRECTION('',(1.,0.,0.));
#1813=DIRECTION('',(1.,0.,0.));
#1814=DIRECTION('',(0.,0.,-1.));
#1815=DIRECTION('',(0.,0.,1.));
#1816=DIRECTION('',(0.,1.,0.));
#1817=DIRECTION('',(0.,1.,0.));
#1818=DIRECTION('',(0.,0.,1.));
#1819=DIRECTION('',(0.,0.,1.));
#1820=DIRECTION('',(-1.,0.,0.));
#1821=DIRECTION('',(-1.,0.,0.));
#1822=DIRECTION('',(0.,0.,1.));
#1823=DIRECTION('',(0.,0.,1.));
#1824=DIRECTION('',(0.,-1.,0.));
#1825=DIRECTION('',(0.,1.,0.));
#1826=DIRECTION('',(0.,0.,1.));
#1827=DIRECTION('',(0.,0.,1.));
#1828=DIRECTION('',(-1.,0.,0.));
#1829=DIRECTION('',(0.822646771391611,0.568552802753587,0.));
#1830=DIRECTION('',(-0.568552802753587,0.82264677139161,0.));
#1831=DIRECTION('',(0.,0.,1.));
#1832=DIRECTION('',(-0.568552802753587,0.82264677139161,0.));
#1833=DIRECTION('',(0.,1.,0.));
#1834=DIRECTION('',(0.,0.,1.));
#1835=DIRECTION('',(-1.,0.,0.));
#1836=DIRECTION('',(0.,0.,1.));
#1837=DIRECTION('',(1.,0.,0.));
#1838=DIRECTION('',(0.,0.,1.));
#1839=DIRECTION('',(1.,0.,0.));
#1840=CARTESIAN_POINT('',(0.,0.,0.));
#1841=CARTESIAN_POINT('',(0.,0.,0.387));
#1842=CARTESIAN_POINT('',(0.,1.83697019872103E-18,0.387));
#1843=CARTESIAN_POINT('',(0.03,1.83697019872103E-18,0.387));
#1844=CARTESIAN_POINT('',(0.00605067277411967,0.00453429007643741,0.387));
#1845=CARTESIAN_POINT('',(0.00687374749498998,0.00300551824706438,0.387));
#1846=CARTESIAN_POINT('',(0.00687374749498998,0.000824012378183762,0.387));
#1847=CARTESIAN_POINT('',(0.00605067277411967,0.00453429007643741,0.387));
#1848=CARTESIAN_POINT('',(0.00687374749498998,0.000824012378183762,0.387));
#1849=CARTESIAN_POINT('',(0.00687374749498998,0.000824012378183762,0.387));
#1850=CARTESIAN_POINT('',(0.00687374749498998,-0.00135463062210252,0.387));
#1851=CARTESIAN_POINT('',(0.00605067277411967,-0.00288340245147556,0.387));
#1852=CARTESIAN_POINT('',(0.00605067277411967,-0.00288340245147556,0.387));
#1853=CARTESIAN_POINT('',(0.00605067277411967,-0.00288340245147556,0.387));
#1854=CARTESIAN_POINT('',(0.00522759805324936,-0.00441217428084859,0.387));
#1855=CARTESIAN_POINT('',(0.00381190953335243,-0.00521664035585575,0.387));
#1856=CARTESIAN_POINT('',(0.00381190953335243,-0.00521664035585575,0.387));
#1857=CARTESIAN_POINT('',(0.00381190953335243,-0.00521664035585575,0.387));
#1858=CARTESIAN_POINT('',(0.00239622101345549,-0.0060211064308629,0.387));
#1859=CARTESIAN_POINT('',(0.000632693959347268,-0.0060211064308629,0.387));
#1860=CARTESIAN_POINT('',(0.000632693959347268,-0.0060211064308629,0.387));
#1861=CARTESIAN_POINT('',(0.000632693959347268,-0.0060211064308629,0.387));
#1862=CARTESIAN_POINT('',(-0.00114228456913827,-0.0060211064308629,0.387));
#1863=CARTESIAN_POINT('',(-0.00255511022044088,-0.00521377748726142,0.387));
#1864=CARTESIAN_POINT('',(-0.00255511022044088,-0.00521377748726142,0.387));
#1865=CARTESIAN_POINT('',(-0.00255511022044088,-0.00521377748726142,0.387));
#1866=CARTESIAN_POINT('',(-0.00396793587174348,-0.00440644854365992,0.387));
#1867=CARTESIAN_POINT('',(-0.0047867162897223,-0.00287767671428689,0.387));
#1868=CARTESIAN_POINT('',(-0.0047867162897223,-0.00287767671428689,0.387));
#1869=CARTESIAN_POINT('',(-0.0047867162897223,-0.00287767671428689,0.387));
#1870=CARTESIAN_POINT('',(-0.00560549670770111,-0.00134890488491386,0.387));
#1871=CARTESIAN_POINT('',(-0.00560549670770111,0.00082401237818376,0.387));
#1872=CARTESIAN_POINT('',(-0.00560549670770111,0.00082401237818376,0.387));
#1873=CARTESIAN_POINT('',(-0.00560549670770111,0.00082401237818376,0.387));
#1874=CARTESIAN_POINT('',(-0.00560549670770111,0.00300551824706438,0.387));
#1875=CARTESIAN_POINT('',(-0.0047867162897223,0.00453429007643741,0.387));
#1876=CARTESIAN_POINT('',(-0.0047867162897223,0.00453429007643741,0.387));
#1877=CARTESIAN_POINT('',(-0.0047867162897223,0.00453429007643741,0.387));
#1878=CARTESIAN_POINT('',(-0.00396793587174349,0.00606306190581044,0.387));
#1879=CARTESIAN_POINT('',(-0.00255511022044089,0.00686609654652044,0.387));
#1880=CARTESIAN_POINT('',(-0.00255511022044089,0.00686609654652044,0.387));
#1881=CARTESIAN_POINT('',(-0.00255511022044089,0.00686609654652044,0.387));
#1882=CARTESIAN_POINT('',(-0.00114228456913828,0.00766913118723043,0.387));
#1883=CARTESIAN_POINT('',(0.000632693959347265,0.00766913118723043,0.387));
#1884=CARTESIAN_POINT('',(0.000632693959347265,0.00766913118723043,0.387));
#1885=CARTESIAN_POINT('',(0.000632693959347265,0.00766913118723043,0.387));
#1886=CARTESIAN_POINT('',(0.00239622101345548,0.00766913118723043,0.387));
#1887=CARTESIAN_POINT('',(0.00381190953335242,0.00686609654652044,0.387));
#1888=CARTESIAN_POINT('',(0.00381190953335242,0.00686609654652044,0.387));
#1889=CARTESIAN_POINT('',(0.00381190953335242,0.00686609654652044,0.387));
#1890=CARTESIAN_POINT('',(0.00522759805324936,0.00606306190581045,0.387));
#1891=CARTESIAN_POINT('',(0.00605067277411967,0.00453429007643741,0.387));
#1892=CARTESIAN_POINT('',(0.0164586315488119,-0.00551294725536906,0.387));
#1893=CARTESIAN_POINT('',(0.0152991697681077,-0.0060211064308629,0.387));
#1894=CARTESIAN_POINT('',(0.0138047523618666,-0.0060211064308629,0.387));
#1895=CARTESIAN_POINT('',(0.0164586315488119,-0.00551294725536906,0.387));
#1896=CARTESIAN_POINT('',(0.0138047523618666,-0.0060211064308629,0.387));
#1897=CARTESIAN_POINT('',(0.0138047523618666,-0.0060211064308629,0.387));
#1898=CARTESIAN_POINT('',(0.0123475522473518,-0.0060211064308629,0.387));
#1899=CARTESIAN_POINT('',(0.0112109934154022,-0.00551581012396339,0.387));
#1900=CARTESIAN_POINT('',(0.0112109934154022,-0.00551581012396339,0.387));
#1901=CARTESIAN_POINT('',(0.0112109934154022,-0.00551581012396339,0.387));
#1902=CARTESIAN_POINT('',(0.0100744345834526,-0.00501051381706388,0.387));
#1903=CARTESIAN_POINT('',(0.00942170054394504,-0.00412302455282111,0.387));
#1904=CARTESIAN_POINT('',(0.00942170054394504,-0.00412302455282111,0.387));
#1905=CARTESIAN_POINT('',(0.00942170054394504,-0.00412302455282111,0.387));
#1906=CARTESIAN_POINT('',(0.00876896650443745,-0.00323553528857834,0.387));
#1907=CARTESIAN_POINT('',(0.00874892642427713,-0.0020703477706854,0.387));
#1908=CARTESIAN_POINT('',(0.00874892642427713,-0.0020703477706854,0.387));
#1909=CARTESIAN_POINT('',(0.0101674778127684,-0.0020703477706854,0.387));
#1910=CARTESIAN_POINT('',(0.0115868684903921,-0.0020703477706854,0.387));
#1911=CARTESIAN_POINT('',(0.0130309636674746,-0.0020170816130916,0.387));
#1912=CARTESIAN_POINT('',(0.011908101918122,-0.00292634548039053,0.387));
#1913=CARTESIAN_POINT('',(0.011908101918122,-0.00292634548039053,0.387));
#1914=CARTESIAN_POINT('',(0.0122044088176353,-0.00329279266046496,0.387));
#1915=CARTESIAN_POINT('',(0.0126982536501575,-0.00349462489636533,0.387));
#1916=CARTESIAN_POINT('',(0.0126982536501575,-0.00349462489636533,0.387));
#1917=CARTESIAN_POINT('',(0.0126982536501575,-0.00349462489636533,0.387));
#1918=CARTESIAN_POINT('',(0.0131920984826796,-0.00369645713226571,0.387));
#1919=CARTESIAN_POINT('',(0.0138104780990553,-0.00369645713226571,0.387));
#1920=CARTESIAN_POINT('',(0.0138104780990553,-0.00369645713226571,0.387));
#1921=CARTESIAN_POINT('',(0.0138104780990553,-0.00369645713226571,0.387));
#1922=CARTESIAN_POINT('',(0.0144546235327798,-0.00369645713226571,0.387));
#1923=CARTESIAN_POINT('',(0.014948468365302,-0.00346885907901635,0.387));
#1924=CARTESIAN_POINT('',(0.014948468365302,-0.00346885907901635,0.387));
#1925=CARTESIAN_POINT('',(0.014948468365302,-0.00346885907901635,0.387));
#1926=CARTESIAN_POINT('',(0.0154423131978242,-0.00324126102576699,0.387));
#1927=CARTESIAN_POINT('',(0.0157228743200687,-0.00283759655396625,0.387));
#1928=CARTESIAN_POINT('',(0.0157228743200687,-0.00283759655396625,0.387));
#1929=CARTESIAN_POINT('',(0.0157228743200687,-0.00283759655396625,0.387));
#1930=CARTESIAN_POINT('',(0.0160034354423132,-0.00243393208216551,0.387));
#1931=CARTESIAN_POINT('',(0.0160034354423132,-0.00190716426080851,0.387));
#1932=CARTESIAN_POINT('',(0.0160034354423132,-0.00190716426080851,0.387));
#1933=CARTESIAN_POINT('',(0.0144209117511856,-0.00188105924823328,0.387));
#1934=CARTESIAN_POINT('',(0.0157071285427999,-0.000960986190381939,0.387));
#1935=CARTESIAN_POINT('',(0.0157071285427999,-0.000960986190381939,0.387));
#1936=CARTESIAN_POINT('',(0.0154108216432866,-0.000547301678501034,0.387));
#1937=CARTESIAN_POINT('',(0.0148611508731749,-0.000313977888063015,0.387));
#1938=CARTESIAN_POINT('',(0.0148611508731749,-0.000313977888063015,0.387));
#1939=CARTESIAN_POINT('',(0.0148611508731749,-0.000313977888063015,0.387));
#1940=CARTESIAN_POINT('',(0.0143114801030633,-8.06540976249961E-05,0.387));
#1941=CARTESIAN_POINT('',(0.0135556827941597,-8.06540976249961E-05,0.387));
#1942=CARTESIAN_POINT('',(0.0135556827941597,-8.0654097624996E-05,0.387));
#1943=CARTESIAN_POINT('',(0.0129344403091898,-8.06540976249961E-05,0.387));
#1944=CARTESIAN_POINT('',(0.0123131978242199,-8.06540976249969E-05,0.387));
#1945=CARTESIAN_POINT('',(0.0123131978242199,0.000954272899225848,0.387));
#1946=CARTESIAN_POINT('',(0.0123131978242199,0.0019891998960767,0.387));
#1947=CARTESIAN_POINT('',(0.0129344403091898,0.0019891998960767,0.387));
#1948=CARTESIAN_POINT('',(0.0135556827941597,0.0019891998960767,0.387));
#1949=CARTESIAN_POINT('',(0.0135556827941597,0.0019891998960767,0.387));
#1950=CARTESIAN_POINT('',(0.0141941024906957,0.0019891998960767,0.387));
#1951=CARTESIAN_POINT('',(0.0146850844546235,0.00221107221213739,0.387));
#1952=CARTESIAN_POINT('',(0.0146850844546235,0.00221107221213739,0.387));
#1953=CARTESIAN_POINT('',(0.0146850844546235,0.00221107221213739,0.387));
#1954=CARTESIAN_POINT('',(0.0151760664185514,0.00243294452819808,0.387));
#1955=CARTESIAN_POINT('',(0.01544947036931,0.00282658895991867,0.387));
#1956=CARTESIAN_POINT('',(0.01544947036931,0.00282658895991867,0.387));
#1957=CARTESIAN_POINT('',(0.01544947036931,0.00282658895991867,0.387));
#1958=CARTESIAN_POINT('',(0.0157228743200687,0.00322023339163925,0.387));
#1959=CARTESIAN_POINT('',(0.0157228743200687,0.00374700121299625,0.387));
#1960=CARTESIAN_POINT('',(0.0157228743200687,0.00374700121299625,0.387));
#1961=CARTESIAN_POINT('',(0.0157228743200687,0.00374700121299625,0.387));
#1962=CARTESIAN_POINT('',(0.0157228743200687,0.00424800321700427,0.387));
#1963=CARTESIAN_POINT('',(0.0154852562267392,0.00462876474005036,0.387));
#1964=CARTESIAN_POINT('',(0.0154852562267392,0.00462876474005036,0.387));
#1965=CARTESIAN_POINT('',(0.0141114540880239,0.00376268718499226,0.387));
#1966=CARTESIAN_POINT('',(0.0148225021471514,0.00522424140767131,0.387));
#1967=CARTESIAN_POINT('',(0.0148225021471514,0.00522424140767131,0.387));
#1968=CARTESIAN_POINT('',(0.0143973661608932,0.00543895655224617,0.387));
#1969=CARTESIAN_POINT('',(0.0138305181792156,0.00543895655224617,0.387));
#1970=CARTESIAN_POINT('',(0.0138305181792156,0.00543895655224617,0.387));
#1971=CARTESIAN_POINT('',(0.0138305181792156,0.00543895655224617,0.387));
#1972=CARTESIAN_POINT('',(0.0132579444603493,0.00543895655224617,0.387));
#1973=CARTESIAN_POINT('',(0.0127827082736902,0.0052328300134543,0.387));
#1974=CARTESIAN_POINT('',(0.0127827082736902,0.0052328300134543,0.387));
#1975=CARTESIAN_POINT('',(0.0127827082736902,0.0052328300134543,0.387));
#1976=CARTESIAN_POINT('',(0.0123074720870312,0.00502670347466244,0.387));
#1977=CARTESIAN_POINT('',(0.0120211852275981,0.00465023625450784,0.387));
#1978=CARTESIAN_POINT('',(0.0120211852275981,0.00465023625450784,0.387));
#1979=CARTESIAN_POINT('',(0.0120211852275981,0.00465023625450784,0.387));
#1980=CARTESIAN_POINT('',(0.0117348983681649,0.00427376903435325,0.387));
#1981=CARTESIAN_POINT('',(0.0117148582880046,0.00376704129315657,0.387));
#1982=CARTESIAN_POINT('',(0.0117148582880046,0.00376704129315657,0.387));
#1983=CARTESIAN_POINT('',(0.0103650157457773,0.00376704129315657,0.387));
#1984=CARTESIAN_POINT('',(0.00901517320354996,0.00376704129315657,0.387));
#1985=CARTESIAN_POINT('',(0.00901517320354996,0.00376704129315657,0.387));
#1986=CARTESIAN_POINT('',(0.00903521328371028,0.00491791446807784,0.387));
#1987=CARTESIAN_POINT('',(0.00967220154594904,0.00579538369224045,0.387));
#1988=CARTESIAN_POINT('',(0.00967220154594904,0.00579538369224045,0.387));
#1989=CARTESIAN_POINT('',(0.00967220154594904,0.00579538369224045,0.387));
#1990=CARTESIAN_POINT('',(0.0103091898081878,0.00667285291640306,0.387));
#1991=CARTESIAN_POINT('',(0.0113927855711423,0.00717099205181674,0.387));
#1992=CARTESIAN_POINT('',(0.0113927855711423,0.00717099205181674,0.387));
#1993=CARTESIAN_POINT('',(0.0113927855711423,0.00717099205181674,0.387));
#1994=CARTESIAN_POINT('',(0.0124763813340968,0.00766913118723043,0.387));
#1995=CARTESIAN_POINT('',(0.0138419696535929,0.00766913118723043,0.387));
#1996=CARTESIAN_POINT('',(0.0138419696535929,0.00766913118723043,0.387));
#1997=CARTESIAN_POINT('',(0.0138419696535929,0.00766913118723043,0.387));
#1998=CARTESIAN_POINT('',(0.0152218723160607,0.00766913118723043,0.387));
#1999=CARTESIAN_POINT('',(0.0162567993129115,0.00716812918322241,0.387));
#2000=CARTESIAN_POINT('',(0.0162567993129115,0.00716812918322241,0.387));
#2001=CARTESIAN_POINT('',(0.0162567993129115,0.00716812918322241,0.387));
#2002=CARTESIAN_POINT('',(0.0172917263097624,0.0066671271792144,0.387));
#2003=CARTESIAN_POINT('',(0.017867162897223,0.0058182866409951,0.387));
#2004=CARTESIAN_POINT('',(0.017867162897223,0.0058182866409951,0.387));
#2005=CARTESIAN_POINT('',(0.017867162897223,0.0058182866409951,0.387));
#2006=CARTESIAN_POINT('',(0.0184425994846836,0.00496944610277581,0.387));
#2007=CARTESIAN_POINT('',(0.018436873747495,0.0039159104600618,0.387));
#2008=CARTESIAN_POINT('',(0.018436873747495,0.0039159104600618,0.387));
#2009=CARTESIAN_POINT('',(0.018436873747495,0.0039159104600618,0.387));
#2010=CARTESIAN_POINT('',(0.0184425994846836,0.00279652883967819,0.387));
#2011=CARTESIAN_POINT('',(0.0177440595476667,0.00204788870226049,0.387));
#2012=CARTESIAN_POINT('',(0.0177440595476667,0.00204788870226049,0.387));
#2013=CARTESIAN_POINT('',(0.0177440595476667,0.00204788870226049,0.387));
#2014=CARTESIAN_POINT('',(0.0170455196106499,0.0012992485648428,0.387));
#2015=CARTESIAN_POINT('',(0.0159261379902662,0.00109884776323959,0.387));
#2016=CARTESIAN_POINT('',(0.0159261379902662,0.00109884776323959,0.387));
#2017=CARTESIAN_POINT('',(0.0159261379902662,0.00104588469424446,0.387));
#2018=CARTESIAN_POINT('',(0.0159261379902662,0.000992921625249324,0.387));
#2019=CARTESIAN_POINT('',(0.0159261379902662,0.000992921625249324,0.387));
#2020=CARTESIAN_POINT('',(0.0173947895791583,0.000803972298023444,0.387));
#2021=CARTESIAN_POINT('',(0.0181663326653306,-2.4828160035531E-05,0.387));
#2022=CARTESIAN_POINT('',(0.0181663326653306,-2.4828160035531E-05,0.387));
#2023=CARTESIAN_POINT('',(0.0181663326653306,-2.4828160035531E-05,0.387));
#2024=CARTESIAN_POINT('',(0.018937875751503,-0.000853628618094506,0.387));
#2025=CARTESIAN_POINT('',(0.0189321500143144,-0.00209611358803438,0.387));
#2026=CARTESIAN_POINT('',(0.0189321500143144,-0.00209611358803438,0.387));
#2027=CARTESIAN_POINT('',(0.0189321500143144,-0.00209611358803438,0.387));
#2028=CARTESIAN_POINT('',(0.018937875751503,-0.00323553528857833,0.387));
#2029=CARTESIAN_POINT('',(0.0182779845405096,-0.00412016168422677,0.387));
#2030=CARTESIAN_POINT('',(0.0182779845405096,-0.00412016168422677,0.387));
#2031=CARTESIAN_POINT('',(0.0182779845405096,-0.00412016168422677,0.387));
#2032=CARTESIAN_POINT('',(0.0176180933295162,-0.00500478807987521,0.387));
#2033=CARTESIAN_POINT('',(0.0164586315488119,-0.00551294725536906,0.387));
#2034=CARTESIAN_POINT('',(-0.00909819639278557,0.00748877046578754,0.387));
#2035=CARTESIAN_POINT('',(-0.010501002004008,0.00748877046578754,0.387));
#2036=CARTESIAN_POINT('',(-0.00769539078156313,0.00748877046578754,0.387));
#2037=CARTESIAN_POINT('',(-0.00769539078156313,0.000825443812480926,0.387));
#2038=CARTESIAN_POINT('',(-0.00769539078156312,-0.00583788284082569,0.387));
#2039=CARTESIAN_POINT('',(-0.00891210993415402,-0.00583788284082569,0.387));
#2040=CARTESIAN_POINT('',(-0.0101288290867449,-0.00583788284082569,0.387));
#2041=CARTESIAN_POINT('',(-0.0130274835385056,-0.00164378035013001,0.387));
#2042=CARTESIAN_POINT('',(-0.0159261379902662,0.00255032214056567,0.387));
#2043=CARTESIAN_POINT('',(-0.0159748067563699,0.00255032214056567,0.387));
#2044=CARTESIAN_POINT('',(-0.0160234755224735,0.00255032214056567,0.387));
#2045=CARTESIAN_POINT('',(-0.0160234755224735,-0.00164378035013001,0.387));
#2046=CARTESIAN_POINT('',(-0.0160234755224735,-0.00583788284082569,0.387));
#2047=CARTESIAN_POINT('',(-0.0174320068708846,-0.00583788284082569,0.387));
#2048=CARTESIAN_POINT('',(-0.0188405382192958,-0.00583788284082569,0.387));
#2049=CARTESIAN_POINT('',(-0.0188405382192958,0.000825443812480924,0.387));
#2050=CARTESIAN_POINT('',(-0.0188405382192958,0.00748877046578754,0.387));
#2051=CARTESIAN_POINT('',(-0.0176052104208417,0.00748877046578754,0.387));
#2052=CARTESIAN_POINT('',(-0.0163698826223877,0.00748877046578754,0.387));
#2053=CARTESIAN_POINT('',(-0.0134941311193816,0.0032975308436862,0.387));
#2054=CARTESIAN_POINT('',(-0.0106183796163756,-0.000893708778415153,0.387));
#2055=CARTESIAN_POINT('',(-0.0105596908101918,-0.000893708778415153,0.387));
#2056=CARTESIAN_POINT('',(-0.010501002004008,-0.000893708778415153,0.387));
#2057=CARTESIAN_POINT('',(-0.010501002004008,0.0032975308436862,0.387));
#2058=CARTESIAN_POINT('',(0.,1.83697019872103E-18,0.387));
#2059=CARTESIAN_POINT('',(0.,1.83697019872103E-18,-0.387));
#2060=CARTESIAN_POINT('',(0.03,1.83697019872103E-18,-0.387));
#2061=CARTESIAN_POINT('',(0.,1.83697019872103E-18,-0.001));
#2062=CARTESIAN_POINT('',(6.93889390390723E-18,0.03,-0.001));
#2063=CARTESIAN_POINT('',(0.,-0.03,-0.001));
#2064=CARTESIAN_POINT('',(6.93889390390723E-18,0.03,-0.001));
#2065=CARTESIAN_POINT('',(6.93889390390723E-18,0.03,-0.011));
#2066=CARTESIAN_POINT('',(0.,1.83697019872103E-18,-0.011));
#2067=CARTESIAN_POINT('',(0.,-0.03,-0.011));
#2068=CARTESIAN_POINT('',(0.,-0.03,-0.001));
#2069=CARTESIAN_POINT('',(0.,0.,-0.387));
#2070=CARTESIAN_POINT('',(0.0165030993521214,0.,-0.001));
#2071=CARTESIAN_POINT('',(0.,1.7347234759768E-18,-0.001));
#2072=CARTESIAN_POINT('',(0.0165030993521214,0.,-0.011));
#2073=CARTESIAN_POINT('',(0.,1.7347234759768E-18,-0.011));
#2074=CARTESIAN_POINT('',(0.,1.7347234759768E-18,-0.001));
#2075=CARTESIAN_POINT('',(0.00401660463784712,0.000824012378183762,0.377));
#2076=CARTESIAN_POINT('',(0.00401660463784712,0.000824012378183762,0.387));
#2077=CARTESIAN_POINT('',(0.00401660463784712,0.00176494185618739,0.377));
#2078=CARTESIAN_POINT('',(0.00401660463784712,0.00176494185618739,0.387));
#2079=CARTESIAN_POINT('',(0.0038768012214906,0.00255891074634866,0.377));
#2080=CARTESIAN_POINT('',(0.0038768012214906,0.00255891074634866,0.387));
#2081=CARTESIAN_POINT('',(0.00359719438877756,0.00320591904866758,0.377));
#2082=CARTESIAN_POINT('',(0.00359719438877756,0.00320591904866758,0.387));
#2083=CARTESIAN_POINT('',(0.00401660463784712,0.000824012378183762,0.387));
#2084=CARTESIAN_POINT('',(0.00401660463784712,0.0022354065951892,0.387));
#2085=CARTESIAN_POINT('',(0.00359719438877756,0.00320591904866758,0.387));
#2086=CARTESIAN_POINT('',(0.00401660463784712,0.000824012378183762,0.387));
#2087=CARTESIAN_POINT('',(0.00359719438877756,0.00320591904866758,0.387));
#2088=CARTESIAN_POINT('',(0.00401660463784712,0.000824012378183762,0.377));
#2089=CARTESIAN_POINT('',(0.00401660463784712,0.000824012378183762,0.377));
#2090=CARTESIAN_POINT('',(0.00401660463784712,0.000824012378183762,0.377));
#2091=CARTESIAN_POINT('',(0.00401660463784712,0.0022354065951892,0.377));
#2092=CARTESIAN_POINT('',(0.00359719438877756,0.00320591904866758,0.377));
#2093=CARTESIAN_POINT('',(0.00359719438877756,0.00320591904866758,0.377));
#2094=CARTESIAN_POINT('',(0.00359719438877756,0.00320591904866758,0.377));
#2095=CARTESIAN_POINT('',(0.00359719438877756,-0.0015564628580029,0.377));
#2096=CARTESIAN_POINT('',(0.00359719438877756,-0.0015564628580029,0.387));
#2097=CARTESIAN_POINT('',(0.0038768012214906,-0.000910408845215416,0.377));
#2098=CARTESIAN_POINT('',(0.0038768012214906,-0.000910408845215416,0.387));
#2099=CARTESIAN_POINT('',(0.00401660463784712,-0.000116917099819864,0.377));
#2100=CARTESIAN_POINT('',(0.00401660463784712,-0.000116917099819864,0.387));
#2101=CARTESIAN_POINT('',(0.00401660463784712,0.000824012378183762,0.377));
#2102=CARTESIAN_POINT('',(0.00401660463784712,0.000824012378183762,0.387));
#2103=CARTESIAN_POINT('',(0.00359719438877756,-0.0015564628580029,0.387));
#2104=CARTESIAN_POINT('',(0.00401660463784712,-0.000587381838821677,0.387));
#2105=CARTESIAN_POINT('',(0.00401660463784712,0.000824012378183762,0.387));
#2106=CARTESIAN_POINT('',(0.00359719438877756,-0.0015564628580029,0.387));
#2107=CARTESIAN_POINT('',(0.00359719438877756,-0.0015564628580029,0.377));
#2108=CARTESIAN_POINT('',(0.00359719438877756,-0.0015564628580029,0.377));
#2109=CARTESIAN_POINT('',(0.00359719438877756,-0.0015564628580029,0.377));
#2110=CARTESIAN_POINT('',(0.00401660463784712,-0.000587381838821677,0.377));
#2111=CARTESIAN_POINT('',(0.00401660463784712,0.000824012378183762,0.377));
#2112=CARTESIAN_POINT('',(0.00241626109361581,-0.00302654588119213,0.377));
#2113=CARTESIAN_POINT('',(0.00241626109361581,-0.00302654588119213,0.387));
#2114=CARTESIAN_POINT('',(0.00292394312434393,-0.00269254454518679,0.377));
#2115=CARTESIAN_POINT('',(0.00292394312434393,-0.00269254454518679,0.387));
#2116=CARTESIAN_POINT('',(0.00331758755606451,-0.00220251687079037,0.377));
#2117=CARTESIAN_POINT('',(0.00331758755606451,-0.00220251687079037,0.387));
#2118=CARTESIAN_POINT('',(0.00359719438877756,-0.0015564628580029,0.377));
#2119=CARTESIAN_POINT('',(0.00359719438877756,-0.0015564628580029,0.387));
#2120=CARTESIAN_POINT('',(0.00241626109361581,-0.00302654588119213,0.387));
#2121=CARTESIAN_POINT('',(0.00317778413970799,-0.00252554387718411,0.387));
#2122=CARTESIAN_POINT('',(0.00359719438877756,-0.0015564628580029,0.387));
#2123=CARTESIAN_POINT('',(0.00241626109361581,-0.00302654588119213,0.387));
#2124=CARTESIAN_POINT('',(0.00241626109361581,-0.00302654588119213,0.377));
#2125=CARTESIAN_POINT('',(0.00241626109361581,-0.00302654588119213,0.377));
#2126=CARTESIAN_POINT('',(0.00241626109361581,-0.00302654588119213,0.377));
#2127=CARTESIAN_POINT('',(0.00317778413970799,-0.00252554387718411,0.377));
#2128=CARTESIAN_POINT('',(0.00359719438877756,-0.0015564628580029,0.377));
#2129=CARTESIAN_POINT('',(0.000632693959347268,-0.00352754788520015,0.377));
#2130=CARTESIAN_POINT('',(0.000632693959347268,-0.00352754788520015,0.387));
#2131=CARTESIAN_POINT('',(0.00131405668479817,-0.00352754788520015,0.377));
#2132=CARTESIAN_POINT('',(0.00131405668479817,-0.00352754788520015,0.387));
#2133=CARTESIAN_POINT('',(0.00190857906288768,-0.00336054721719748,0.377));
#2134=CARTESIAN_POINT('',(0.00190857906288768,-0.00336054721719748,0.387));
#2135=CARTESIAN_POINT('',(0.00241626109361581,-0.00302654588119213,0.377));
#2136=CARTESIAN_POINT('',(0.00241626109361581,-0.00302654588119213,0.387));
#2137=CARTESIAN_POINT('',(0.000632693959347268,-0.00352754788520015,0.387));
#2138=CARTESIAN_POINT('',(0.00165473804752363,-0.00352754788520015,0.387));
#2139=CARTESIAN_POINT('',(0.00241626109361581,-0.00302654588119213,0.387));
#2140=CARTESIAN_POINT('',(0.000632693959347268,-0.00352754788520015,0.387));
#2141=CARTESIAN_POINT('',(0.000632693959347268,-0.00352754788520015,0.377));
#2142=CARTESIAN_POINT('',(0.000632693959347268,-0.00352754788520015,0.377));
#2143=CARTESIAN_POINT('',(0.000632693959347268,-0.00352754788520015,0.377));
#2144=CARTESIAN_POINT('',(0.00165473804752363,-0.00352754788520015,0.377));
#2145=CARTESIAN_POINT('',(0.00241626109361581,-0.00302654588119213,0.377));
#2146=CARTESIAN_POINT('',(-0.0011494417406241,-0.00302654588119213,0.377));
#2147=CARTESIAN_POINT('',(-0.0011494417406241,-0.00302654588119213,0.387));
#2148=CARTESIAN_POINT('',(-0.000642713999427422,-0.00336054721719748,0.377));
#2149=CARTESIAN_POINT('',(-0.000642713999427422,-0.00336054721719748,0.387));
#2150=CARTESIAN_POINT('',(-4.86687661036326E-05,-0.00352754788520015,0.377));
#2151=CARTESIAN_POINT('',(-4.86687661036326E-05,-0.00352754788520015,0.387));
#2152=CARTESIAN_POINT('',(0.000632693959347268,-0.00352754788520015,0.377));
#2153=CARTESIAN_POINT('',(0.000632693959347268,-0.00352754788520015,0.387));
#2154=CARTESIAN_POINT('',(-0.0011494417406241,-0.00302654588119213,0.387));
#2155=CARTESIAN_POINT('',(-0.000389350128829083,-0.00352754788520015,0.387));
#2156=CARTESIAN_POINT('',(0.000632693959347268,-0.00352754788520015,0.387));
#2157=CARTESIAN_POINT('',(-0.0011494417406241,-0.00302654588119213,0.387));
#2158=CARTESIAN_POINT('',(-0.0011494417406241,-0.00302654588119213,0.377));
#2159=CARTESIAN_POINT('',(-0.0011494417406241,-0.00302654588119213,0.377));
#2160=CARTESIAN_POINT('',(-0.0011494417406241,-0.00302654588119213,0.377));
#2161=CARTESIAN_POINT('',(-0.000389350128829083,-0.00352754788520015,0.377));
#2162=CARTESIAN_POINT('',(0.000632693959347268,-0.00352754788520015,0.377));
#2163=CARTESIAN_POINT('',(-0.00233037503578585,-0.0015564628580029,0.377));
#2164=CARTESIAN_POINT('',(-0.00233037503578585,-0.0015564628580029,0.387));
#2165=CARTESIAN_POINT('',(-0.00204981391354137,-0.00220251687079038,0.377));
#2166=CARTESIAN_POINT('',(-0.00204981391354137,-0.00220251687079038,0.387));
#2167=CARTESIAN_POINT('',(-0.00165616948182078,-0.00269254454518679,0.377));
#2168=CARTESIAN_POINT('',(-0.00165616948182078,-0.00269254454518679,0.387));
#2169=CARTESIAN_POINT('',(-0.0011494417406241,-0.00302654588119213,0.377));
#2170=CARTESIAN_POINT('',(-0.0011494417406241,-0.00302654588119213,0.387));
#2171=CARTESIAN_POINT('',(-0.00233037503578585,-0.0015564628580029,0.387));
#2172=CARTESIAN_POINT('',(-0.00190953335241912,-0.00252554387718412,0.387));
#2173=CARTESIAN_POINT('',(-0.0011494417406241,-0.00302654588119213,0.387));
#2174=CARTESIAN_POINT('',(-0.00233037503578585,-0.0015564628580029,0.387));
#2175=CARTESIAN_POINT('',(-0.00233037503578585,-0.0015564628580029,0.377));
#2176=CARTESIAN_POINT('',(-0.00233037503578585,-0.0015564628580029,0.377));
#2177=CARTESIAN_POINT('',(-0.00233037503578585,-0.0015564628580029,0.377));
#2178=CARTESIAN_POINT('',(-0.00190953335241912,-0.00252554387718412,0.377));
#2179=CARTESIAN_POINT('',(-0.0011494417406241,-0.00302654588119213,0.377));
#2180=CARTESIAN_POINT('',(-0.00275121671915259,0.00082401237818376,0.377));
#2181=CARTESIAN_POINT('',(-0.00275121671915259,0.00082401237818376,0.387));
#2182=CARTESIAN_POINT('',(-0.00275121671915259,-0.000116917099819866,0.377));
#2183=CARTESIAN_POINT('',(-0.00275121671915259,-0.000116917099819866,0.387));
#2184=CARTESIAN_POINT('',(-0.00261093615803035,-0.000910408845215419,0.377));
#2185=CARTESIAN_POINT('',(-0.00261093615803035,-0.000910408845215419,0.387));
#2186=CARTESIAN_POINT('',(-0.00233037503578585,-0.0015564628580029,0.377));
#2187=CARTESIAN_POINT('',(-0.00233037503578585,-0.0015564628580029,0.387));
#2188=CARTESIAN_POINT('',(-0.00275121671915259,0.00082401237818376,0.387));
#2189=CARTESIAN_POINT('',(-0.00275121671915259,-0.000587381838821679,0.387));
#2190=CARTESIAN_POINT('',(-0.00233037503578585,-0.0015564628580029,0.387));
#2191=CARTESIAN_POINT('',(-0.00275121671915259,0.00082401237818376,0.387));
#2192=CARTESIAN_POINT('',(-0.00275121671915259,0.00082401237818376,0.377));
#2193=CARTESIAN_POINT('',(-0.00275121671915259,0.00082401237818376,0.377));
#2194=CARTESIAN_POINT('',(-0.00275121671915259,0.00082401237818376,0.377));
#2195=CARTESIAN_POINT('',(-0.00275121671915259,-0.000587381838821679,0.377));
#2196=CARTESIAN_POINT('',(-0.00233037503578585,-0.0015564628580029,0.377));
#2197=CARTESIAN_POINT('',(-0.00233037503578585,0.00320591904866758,0.377));
#2198=CARTESIAN_POINT('',(-0.00233037503578585,0.00320591904866758,0.387));
#2199=CARTESIAN_POINT('',(-0.00261093615803035,0.00255891074634866,0.377));
#2200=CARTESIAN_POINT('',(-0.00261093615803035,0.00255891074634866,0.387));
#2201=CARTESIAN_POINT('',(-0.00275121671915259,0.00176494185618739,0.377));
#2202=CARTESIAN_POINT('',(-0.00275121671915259,0.00176494185618739,0.387));
#2203=CARTESIAN_POINT('',(-0.00275121671915259,0.00082401237818376,0.377));
#2204=CARTESIAN_POINT('',(-0.00275121671915259,0.00082401237818376,0.387));
#2205=CARTESIAN_POINT('',(-0.00233037503578585,0.00320591904866758,0.387));
#2206=CARTESIAN_POINT('',(-0.00275121671915259,0.0022354065951892,0.387));
#2207=CARTESIAN_POINT('',(-0.00275121671915259,0.00082401237818376,0.387));
#2208=CARTESIAN_POINT('',(-0.00233037503578585,0.00320591904866758,0.387));
#2209=CARTESIAN_POINT('',(-0.00233037503578585,0.00320591904866758,0.377));
#2210=CARTESIAN_POINT('',(-0.00233037503578585,0.00320591904866758,0.377));
#2211=CARTESIAN_POINT('',(-0.00233037503578585,0.00320591904866758,0.377));
#2212=CARTESIAN_POINT('',(-0.00275121671915259,0.0022354065951892,0.377));
#2213=CARTESIAN_POINT('',(-0.00275121671915259,0.00082401237818376,0.377));
#2214=CARTESIAN_POINT('',(-0.0011494417406241,0.00467743350615399,0.377));
#2215=CARTESIAN_POINT('',(-0.0011494417406241,0.00467743350615399,0.387));
#2216=CARTESIAN_POINT('',(-0.00165616948182078,0.00434343217014864,0.377));
#2217=CARTESIAN_POINT('',(-0.00165616948182078,0.00434343217014864,0.387));
#2218=CARTESIAN_POINT('',(-0.00204981391354137,0.00385292735098651,0.377));
#2219=CARTESIAN_POINT('',(-0.00204981391354137,0.00385292735098651,0.387));
#2220=CARTESIAN_POINT('',(-0.00233037503578585,0.00320591904866758,0.377));
#2221=CARTESIAN_POINT('',(-0.00233037503578585,0.00320591904866758,0.387));
#2222=CARTESIAN_POINT('',(-0.0011494417406241,0.00467743350615399,0.387));
#2223=CARTESIAN_POINT('',(-0.00190953335241913,0.00417643150214597,0.387));
#2224=CARTESIAN_POINT('',(-0.00233037503578585,0.00320591904866758,0.387));
#2225=CARTESIAN_POINT('',(-0.0011494417406241,0.00467743350615399,0.387));
#2226=CARTESIAN_POINT('',(-0.0011494417406241,0.00467743350615399,0.377));
#2227=CARTESIAN_POINT('',(-0.0011494417406241,0.00467743350615399,0.377));
#2228=CARTESIAN_POINT('',(-0.0011494417406241,0.00467743350615399,0.377));
#2229=CARTESIAN_POINT('',(-0.00190953335241913,0.00417643150214597,0.377));
#2230=CARTESIAN_POINT('',(-0.00233037503578585,0.00320591904866758,0.377));
#2231=CARTESIAN_POINT('',(0.000632693959347265,0.005178435510162,0.377));
#2232=CARTESIAN_POINT('',(0.000632693959347265,0.005178435510162,0.387));
#2233=CARTESIAN_POINT('',(-4.86687661036359E-05,0.005178435510162,0.377));
#2234=CARTESIAN_POINT('',(-4.86687661036359E-05,0.005178435510162,0.387));
#2235=CARTESIAN_POINT('',(-0.000642713999427426,0.00501143484215933,0.377));
#2236=CARTESIAN_POINT('',(-0.000642713999427426,0.00501143484215933,0.387));
#2237=CARTESIAN_POINT('',(-0.0011494417406241,0.00467743350615399,0.377));
#2238=CARTESIAN_POINT('',(-0.0011494417406241,0.00467743350615399,0.387));
#2239=CARTESIAN_POINT('',(0.000632693959347265,0.005178435510162,0.387));
#2240=CARTESIAN_POINT('',(-0.000389350128829086,0.005178435510162,0.387));
#2241=CARTESIAN_POINT('',(-0.0011494417406241,0.00467743350615399,0.387));
#2242=CARTESIAN_POINT('',(0.000632693959347265,0.005178435510162,0.387));
#2243=CARTESIAN_POINT('',(0.000632693959347265,0.005178435510162,0.377));
#2244=CARTESIAN_POINT('',(0.000632693959347265,0.005178435510162,0.377));
#2245=CARTESIAN_POINT('',(0.000632693959347265,0.005178435510162,0.377));
#2246=CARTESIAN_POINT('',(-0.000389350128829086,0.005178435510162,0.377));
#2247=CARTESIAN_POINT('',(-0.0011494417406241,0.00467743350615399,0.377));
#2248=CARTESIAN_POINT('',(0.0024162610936158,0.00467743350615399,0.377));
#2249=CARTESIAN_POINT('',(0.0024162610936158,0.00467743350615399,0.387));
#2250=CARTESIAN_POINT('',(0.00190857906288768,0.00501143484215933,0.377));
#2251=CARTESIAN_POINT('',(0.00190857906288768,0.00501143484215933,0.387));
#2252=CARTESIAN_POINT('',(0.00131405668479817,0.005178435510162,0.377));
#2253=CARTESIAN_POINT('',(0.00131405668479817,0.005178435510162,0.387));
#2254=CARTESIAN_POINT('',(0.000632693959347265,0.005178435510162,0.377));
#2255=CARTESIAN_POINT('',(0.000632693959347265,0.005178435510162,0.387));
#2256=CARTESIAN_POINT('',(0.0024162610936158,0.00467743350615399,0.387));
#2257=CARTESIAN_POINT('',(0.00165473804752362,0.005178435510162,0.387));
#2258=CARTESIAN_POINT('',(0.000632693959347265,0.005178435510162,0.387));
#2259=CARTESIAN_POINT('',(0.0024162610936158,0.00467743350615399,0.387));
#2260=CARTESIAN_POINT('',(0.0024162610936158,0.00467743350615399,0.377));
#2261=CARTESIAN_POINT('',(0.0024162610936158,0.00467743350615399,0.377));
#2262=CARTESIAN_POINT('',(0.0024162610936158,0.00467743350615399,0.377));
#2263=CARTESIAN_POINT('',(0.00165473804752362,0.005178435510162,0.377));
#2264=CARTESIAN_POINT('',(0.000632693959347265,0.005178435510162,0.377));
#2265=CARTESIAN_POINT('',(0.00687374749498998,0.000824012378183762,0.377));
#2266=CARTESIAN_POINT('',(0.00687374749498998,0.000824012378183762,0.387));
#2267=CARTESIAN_POINT('',(0.00687374749498998,-0.000628416288673762,0.377));
#2268=CARTESIAN_POINT('',(0.00687374749498998,-0.000628416288673762,0.387));
#2269=CARTESIAN_POINT('',(0.00659938925469988,-0.00186422123189353,0.377));
#2270=CARTESIAN_POINT('',(0.00659938925469988,-0.00186422123189353,0.387));
#2271=CARTESIAN_POINT('',(0.00605067277411967,-0.00288340245147556,0.377));
#2272=CARTESIAN_POINT('',(0.00605067277411967,-0.00288340245147556,0.387));
#2273=CARTESIAN_POINT('',(0.00687374749498998,0.000824012378183762,0.377));
#2274=CARTESIAN_POINT('',(0.00687374749498998,0.000824012378183762,0.377));
#2275=CARTESIAN_POINT('',(0.00687374749498998,0.000824012378183762,0.377));
#2276=CARTESIAN_POINT('',(0.00687374749498998,-0.00135463062210252,0.377));
#2277=CARTESIAN_POINT('',(0.00605067277411967,-0.00288340245147556,0.377));
#2278=CARTESIAN_POINT('',(0.00605067277411967,-0.00288340245147556,0.377));
#2279=CARTESIAN_POINT('',(0.00605067277411967,-0.00288340245147556,0.377));
#2280=CARTESIAN_POINT('',(0.00605067277411967,0.00453429007643741,0.377));
#2281=CARTESIAN_POINT('',(0.00605067277411967,0.00453429007643741,0.387));
#2282=CARTESIAN_POINT('',(0.00659938925469988,0.00351510885685539,0.377));
#2283=CARTESIAN_POINT('',(0.00659938925469988,0.00351510885685539,0.387));
#2284=CARTESIAN_POINT('',(0.00687374749498998,0.00227834962410417,0.377));
#2285=CARTESIAN_POINT('',(0.00687374749498998,0.00227834962410417,0.387));
#2286=CARTESIAN_POINT('',(0.00687374749498998,0.000824012378183762,0.377));
#2287=CARTESIAN_POINT('',(0.00687374749498998,0.000824012378183762,0.387));
#2288=CARTESIAN_POINT('',(0.00605067277411967,0.00453429007643741,0.377));
#2289=CARTESIAN_POINT('',(0.00605067277411967,0.00453429007643741,0.377));
#2290=CARTESIAN_POINT('',(0.00605067277411967,0.00453429007643741,0.377));
#2291=CARTESIAN_POINT('',(0.00687374749498998,0.00300551824706438,0.377));
#2292=CARTESIAN_POINT('',(0.00687374749498998,0.000824012378183762,0.377));
#2293=CARTESIAN_POINT('',(0.00381190953335242,0.00686609654652044,0.377));
#2294=CARTESIAN_POINT('',(0.00381190953335242,0.00686609654652044,0.387));
#2295=CARTESIAN_POINT('',(0.00475570187995038,0.00633074011938045,0.377));
#2296=CARTESIAN_POINT('',(0.00475570187995038,0.00633074011938045,0.387));
#2297=CARTESIAN_POINT('',(0.00550195629353946,0.00555347129601944,0.377));
#2298=CARTESIAN_POINT('',(0.00550195629353946,0.00555347129601944,0.387));
#2299=CARTESIAN_POINT('',(0.00605067277411967,0.00453429007643741,0.377));
#2300=CARTESIAN_POINT('',(0.00605067277411967,0.00453429007643741,0.387));
#2301=CARTESIAN_POINT('',(0.00381190953335242,0.00686609654652044,0.377));
#2302=CARTESIAN_POINT('',(0.00381190953335242,0.00686609654652044,0.377));
#2303=CARTESIAN_POINT('',(0.00381190953335242,0.00686609654652044,0.377));
#2304=CARTESIAN_POINT('',(0.00522759805324936,0.00606306190581045,0.377));
#2305=CARTESIAN_POINT('',(0.00605067277411967,0.00453429007643741,0.377));
#2306=CARTESIAN_POINT('',(0.000632693959347265,0.00766913118723043,0.377));
#2307=CARTESIAN_POINT('',(0.000632693959347265,0.00766913118723043,0.387));
#2308=CARTESIAN_POINT('',(0.00180837866208607,0.00766913118723043,0.377));
#2309=CARTESIAN_POINT('',(0.00180837866208607,0.00766913118723043,0.387));
#2310=CARTESIAN_POINT('',(0.00286811718675446,0.00740145297366043,0.377));
#2311=CARTESIAN_POINT('',(0.00286811718675446,0.00740145297366043,0.387));
#2312=CARTESIAN_POINT('',(0.00381190953335242,0.00686609654652044,0.377));
#2313=CARTESIAN_POINT('',(0.00381190953335242,0.00686609654652044,0.387));
#2314=CARTESIAN_POINT('',(0.000632693959347265,0.00766913118723043,0.377));
#2315=CARTESIAN_POINT('',(0.000632693959347265,0.00766913118723043,0.377));
#2316=CARTESIAN_POINT('',(0.000632693959347265,0.00766913118723043,0.377));
#2317=CARTESIAN_POINT('',(0.00239622101345548,0.00766913118723043,0.377));
#2318=CARTESIAN_POINT('',(0.00381190953335242,0.00686609654652044,0.377));
#2319=CARTESIAN_POINT('',(-0.00255511022044089,0.00686609654652044,0.377));
#2320=CARTESIAN_POINT('',(-0.00255511022044089,0.00686609654652044,0.387));
#2321=CARTESIAN_POINT('',(-0.00161322645290582,0.00740145297366043,0.377));
#2322=CARTESIAN_POINT('',(-0.00161322645290582,0.00740145297366043,0.387));
#2323=CARTESIAN_POINT('',(-0.000550625059643098,0.00766913118723043,0.377));
#2324=CARTESIAN_POINT('',(-0.000550625059643098,0.00766913118723043,0.387));
#2325=CARTESIAN_POINT('',(0.000632693959347265,0.00766913118723043,0.377));
#2326=CARTESIAN_POINT('',(0.000632693959347265,0.00766913118723043,0.387));
#2327=CARTESIAN_POINT('',(-0.00255511022044089,0.00686609654652044,0.377));
#2328=CARTESIAN_POINT('',(-0.00255511022044089,0.00686609654652044,0.377));
#2329=CARTESIAN_POINT('',(-0.00255511022044089,0.00686609654652044,0.377));
#2330=CARTESIAN_POINT('',(-0.00114228456913828,0.00766913118723043,0.377));
#2331=CARTESIAN_POINT('',(0.000632693959347265,0.00766913118723043,0.377));
#2332=CARTESIAN_POINT('',(-0.0047867162897223,0.00453429007643741,0.377));
#2333=CARTESIAN_POINT('',(-0.0047867162897223,0.00453429007643741,0.387));
#2334=CARTESIAN_POINT('',(-0.00424086267773643,0.00555347129601943,0.377));
#2335=CARTESIAN_POINT('',(-0.00424086267773643,0.00555347129601943,0.387));
#2336=CARTESIAN_POINT('',(-0.00349699398797595,0.00633074011938044,0.377));
#2337=CARTESIAN_POINT('',(-0.00349699398797595,0.00633074011938044,0.387));
#2338=CARTESIAN_POINT('',(-0.00255511022044089,0.00686609654652044,0.377));
#2339=CARTESIAN_POINT('',(-0.00255511022044089,0.00686609654652044,0.387));
#2340=CARTESIAN_POINT('',(-0.0047867162897223,0.00453429007643741,0.377));
#2341=CARTESIAN_POINT('',(-0.0047867162897223,0.00453429007643741,0.377));
#2342=CARTESIAN_POINT('',(-0.0047867162897223,0.00453429007643741,0.377));
#2343=CARTESIAN_POINT('',(-0.00396793587174349,0.00606306190581044,0.377));
#2344=CARTESIAN_POINT('',(-0.00255511022044089,0.00686609654652044,0.377));
#2345=CARTESIAN_POINT('',(-0.00560549670770111,0.00082401237818376,0.377));
#2346=CARTESIAN_POINT('',(-0.00560549670770111,0.00082401237818376,0.387));
#2347=CARTESIAN_POINT('',(-0.00560549670770111,0.00227834962410417,0.377));
#2348=CARTESIAN_POINT('',(-0.00560549670770111,0.00227834962410417,0.387));
#2349=CARTESIAN_POINT('',(-0.00533256990170817,0.00351510885685539,0.377));
#2350=CARTESIAN_POINT('',(-0.00533256990170817,0.00351510885685539,0.387));
#2351=CARTESIAN_POINT('',(-0.0047867162897223,0.00453429007643741,0.377));
#2352=CARTESIAN_POINT('',(-0.0047867162897223,0.00453429007643741,0.387));
#2353=CARTESIAN_POINT('',(-0.00560549670770111,0.00082401237818376,0.377));
#2354=CARTESIAN_POINT('',(-0.00560549670770111,0.00082401237818376,0.377));
#2355=CARTESIAN_POINT('',(-0.00560549670770111,0.00082401237818376,0.377));
#2356=CARTESIAN_POINT('',(-0.00560549670770111,0.00300551824706438,0.377));
#2357=CARTESIAN_POINT('',(-0.0047867162897223,0.00453429007643741,0.377));
#2358=CARTESIAN_POINT('',(-0.0047867162897223,-0.00287767671428689,0.377));
#2359=CARTESIAN_POINT('',(-0.0047867162897223,-0.00287767671428689,0.387));
#2360=CARTESIAN_POINT('',(-0.00533256990170817,-0.00185849549470487,0.377));
#2361=CARTESIAN_POINT('',(-0.00533256990170817,-0.00185849549470487,0.387));
#2362=CARTESIAN_POINT('',(-0.00560549670770111,-0.000624599130547988,0.377));
#2363=CARTESIAN_POINT('',(-0.00560549670770111,-0.000624599130547988,0.387));
#2364=CARTESIAN_POINT('',(-0.00560549670770111,0.00082401237818376,0.377));
#2365=CARTESIAN_POINT('',(-0.00560549670770111,0.00082401237818376,0.387));
#2366=CARTESIAN_POINT('',(-0.0047867162897223,-0.00287767671428689,0.377));
#2367=CARTESIAN_POINT('',(-0.0047867162897223,-0.00287767671428689,0.377));
#2368=CARTESIAN_POINT('',(-0.0047867162897223,-0.00287767671428689,0.377));
#2369=CARTESIAN_POINT('',(-0.00560549670770111,-0.00134890488491386,0.377));
#2370=CARTESIAN_POINT('',(-0.00560549670770111,0.00082401237818376,0.377));
#2371=CARTESIAN_POINT('',(-0.00255511022044088,-0.00521377748726142,0.377));
#2372=CARTESIAN_POINT('',(-0.00255511022044088,-0.00521377748726142,0.387));
#2373=CARTESIAN_POINT('',(-0.00349699398797595,-0.00467555819152709,0.377));
#2374=CARTESIAN_POINT('',(-0.00349699398797595,-0.00467555819152709,0.387));
#2375=CARTESIAN_POINT('',(-0.00424086267773642,-0.00389685793386892,0.377));
#2376=CARTESIAN_POINT('',(-0.00424086267773642,-0.00389685793386892,0.387));
#2377=CARTESIAN_POINT('',(-0.0047867162897223,-0.00287767671428689,0.377));
#2378=CARTESIAN_POINT('',(-0.0047867162897223,-0.00287767671428689,0.387));
#2379=CARTESIAN_POINT('',(-0.00255511022044088,-0.00521377748726142,0.377));
#2380=CARTESIAN_POINT('',(-0.00255511022044088,-0.00521377748726142,0.377));
#2381=CARTESIAN_POINT('',(-0.00255511022044088,-0.00521377748726142,0.377));
#2382=CARTESIAN_POINT('',(-0.00396793587174348,-0.00440644854365992,0.377));
#2383=CARTESIAN_POINT('',(-0.0047867162897223,-0.00287767671428689,0.377));
#2384=CARTESIAN_POINT('',(0.000632693959347268,-0.0060211064308629,0.377));
#2385=CARTESIAN_POINT('',(0.000632693959347268,-0.0060211064308629,0.387));
#2386=CARTESIAN_POINT('',(-0.000550625059643093,-0.0060211064308629,0.377));
#2387=CARTESIAN_POINT('',(-0.000550625059643093,-0.0060211064308629,0.387));
#2388=CARTESIAN_POINT('',(-0.00161322645290581,-0.00575199678299574,0.377));
#2389=CARTESIAN_POINT('',(-0.00161322645290581,-0.00575199678299574,0.387));
#2390=CARTESIAN_POINT('',(-0.00255511022044088,-0.00521377748726142,0.377));
#2391=CARTESIAN_POINT('',(-0.00255511022044088,-0.00521377748726142,0.387));
#2392=CARTESIAN_POINT('',(0.000632693959347268,-0.0060211064308629,0.377));
#2393=CARTESIAN_POINT('',(0.000632693959347268,-0.0060211064308629,0.377));
#2394=CARTESIAN_POINT('',(0.000632693959347268,-0.0060211064308629,0.377));
#2395=CARTESIAN_POINT('',(-0.00114228456913827,-0.0060211064308629,0.377));
#2396=CARTESIAN_POINT('',(-0.00255511022044088,-0.00521377748726142,0.377));
#2397=CARTESIAN_POINT('',(0.00381190953335243,-0.00521664035585575,0.377));
#2398=CARTESIAN_POINT('',(0.00381190953335243,-0.00521664035585575,0.387));
#2399=CARTESIAN_POINT('',(0.00286811718675446,-0.00575295107252718,0.377));
#2400=CARTESIAN_POINT('',(0.00286811718675446,-0.00575295107252718,0.387));
#2401=CARTESIAN_POINT('',(0.00180837866208608,-0.0060211064308629,0.377));
#2402=CARTESIAN_POINT('',(0.00180837866208608,-0.0060211064308629,0.387));
#2403=CARTESIAN_POINT('',(0.000632693959347268,-0.0060211064308629,0.377));
#2404=CARTESIAN_POINT('',(0.000632693959347268,-0.0060211064308629,0.387));
#2405=CARTESIAN_POINT('',(0.00381190953335243,-0.00521664035585575,0.377));
#2406=CARTESIAN_POINT('',(0.00381190953335243,-0.00521664035585575,0.377));
#2407=CARTESIAN_POINT('',(0.00381190953335243,-0.00521664035585575,0.377));
#2408=CARTESIAN_POINT('',(0.00239622101345549,-0.0060211064308629,0.377));
#2409=CARTESIAN_POINT('',(0.000632693959347268,-0.0060211064308629,0.377));
#2410=CARTESIAN_POINT('',(0.00605067277411967,-0.00288340245147556,0.377));
#2411=CARTESIAN_POINT('',(0.00605067277411967,-0.00288340245147556,0.387));
#2412=CARTESIAN_POINT('',(0.00550195629353946,-0.00390258367105758,0.377));
#2413=CARTESIAN_POINT('',(0.00550195629353946,-0.00390258367105758,0.387));
#2414=CARTESIAN_POINT('',(0.00475570187995038,-0.00468032963918431,0.377));
#2415=CARTESIAN_POINT('',(0.00475570187995038,-0.00468032963918431,0.387));
#2416=CARTESIAN_POINT('',(0.00381190953335243,-0.00521664035585575,0.377));
#2417=CARTESIAN_POINT('',(0.00381190953335243,-0.00521664035585575,0.387));
#2418=CARTESIAN_POINT('',(0.00605067277411967,-0.00288340245147556,0.377));
#2419=CARTESIAN_POINT('',(0.00522759805324936,-0.00441217428084859,0.377));
#2420=CARTESIAN_POINT('',(0.00381190953335243,-0.00521664035585575,0.377));
#2421=CARTESIAN_POINT('',(0.00359719438877756,0.00320591904866758,0.377));
#2422=CARTESIAN_POINT('',(0.00359719438877756,0.00320591904866758,0.387));
#2423=CARTESIAN_POINT('',(0.00331758755606451,0.00385292735098651,0.377));
#2424=CARTESIAN_POINT('',(0.00331758755606451,0.00385292735098651,0.387));
#2425=CARTESIAN_POINT('',(0.00292394312434393,0.00434343217014864,0.377));
#2426=CARTESIAN_POINT('',(0.00292394312434393,0.00434343217014864,0.387));
#2427=CARTESIAN_POINT('',(0.0024162610936158,0.00467743350615399,0.377));
#2428=CARTESIAN_POINT('',(0.0024162610936158,0.00467743350615399,0.387));
#2429=CARTESIAN_POINT('',(0.00359719438877756,0.00320591904866758,0.387));
#2430=CARTESIAN_POINT('',(0.00317778413970799,0.00417643150214597,0.387));
#2431=CARTESIAN_POINT('',(0.0024162610936158,0.00467743350615399,0.387));
#2432=CARTESIAN_POINT('',(0.00359719438877756,0.00320591904866758,0.377));
#2433=CARTESIAN_POINT('',(0.00317778413970799,0.00417643150214597,0.377));
#2434=CARTESIAN_POINT('',(0.0024162610936158,0.00467743350615399,0.377));
#2435=CARTESIAN_POINT('',(0.,0.,0.377));
#2436=CARTESIAN_POINT('',(0.0138047523618666,-0.0060211064308629,0.377));
#2437=CARTESIAN_POINT('',(0.0138047523618666,-0.0060211064308629,0.387));
#2438=CARTESIAN_POINT('',(0.0128332856188568,-0.0060211064308629,0.377));
#2439=CARTESIAN_POINT('',(0.0128332856188568,-0.0060211064308629,0.387));
#2440=CARTESIAN_POINT('',(0.0119686993033686,-0.00585267432856306,0.377));
#2441=CARTESIAN_POINT('',(0.0119686993033686,-0.00585267432856306,0.387));
#2442=CARTESIAN_POINT('',(0.0112109934154022,-0.00551581012396339,0.377));
#2443=CARTESIAN_POINT('',(0.0112109934154022,-0.00551581012396339,0.387));
#2444=CARTESIAN_POINT('',(0.0138047523618666,-0.0060211064308629,0.377));
#2445=CARTESIAN_POINT('',(0.0138047523618666,-0.0060211064308629,0.377));
#2446=CARTESIAN_POINT('',(0.0138047523618666,-0.0060211064308629,0.377));
#2447=CARTESIAN_POINT('',(0.0123475522473518,-0.0060211064308629,0.377));
#2448=CARTESIAN_POINT('',(0.0112109934154022,-0.00551581012396339,0.377));
#2449=CARTESIAN_POINT('',(0.0112109934154022,-0.00551581012396339,0.377));
#2450=CARTESIAN_POINT('',(0.0112109934154022,-0.00551581012396339,0.377));
#2451=CARTESIAN_POINT('',(0.0164586315488119,-0.00551294725536906,0.377));
#2452=CARTESIAN_POINT('',(0.0164586315488119,-0.00551294725536906,0.387));
#2453=CARTESIAN_POINT('',(0.0156856570283424,-0.00585172003903162,0.377));
#2454=CARTESIAN_POINT('',(0.0156856570283424,-0.00585172003903162,0.387));
#2455=CARTESIAN_POINT('',(0.014801030632694,-0.0060211064308629,0.377));
#2456=CARTESIAN_POINT('',(0.014801030632694,-0.0060211064308629,0.387));
#2457=CARTESIAN_POINT('',(0.0138047523618666,-0.0060211064308629,0.377));
#2458=CARTESIAN_POINT('',(0.0138047523618666,-0.0060211064308629,0.387));
#2459=CARTESIAN_POINT('',(0.0164586315488119,-0.00551294725536906,0.377));
#2460=CARTESIAN_POINT('',(0.0164586315488119,-0.00551294725536906,0.377));
#2461=CARTESIAN_POINT('',(0.0164586315488119,-0.00551294725536906,0.377));
#2462=CARTESIAN_POINT('',(0.0152991697681077,-0.0060211064308629,0.377));
#2463=CARTESIAN_POINT('',(0.0138047523618666,-0.0060211064308629,0.377));
#2464=CARTESIAN_POINT('',(0.0182779845405096,-0.00412016168422677,0.377));
#2465=CARTESIAN_POINT('',(0.0182779845405096,-0.00412016168422677,0.387));
#2466=CARTESIAN_POINT('',(0.017838057066514,-0.00470991261465906,0.377));
#2467=CARTESIAN_POINT('',(0.017838057066514,-0.00470991261465906,0.387));
#2468=CARTESIAN_POINT('',(0.0172316060692814,-0.00517417447170649,0.377));
#2469=CARTESIAN_POINT('',(0.0172316060692814,-0.00517417447170649,0.387));
#2470=CARTESIAN_POINT('',(0.0164586315488119,-0.00551294725536906,0.377));
#2471=CARTESIAN_POINT('',(0.0164586315488119,-0.00551294725536906,0.387));
#2472=CARTESIAN_POINT('',(0.0182779845405096,-0.00412016168422677,0.377));
#2473=CARTESIAN_POINT('',(0.0182779845405096,-0.00412016168422677,0.377));
#2474=CARTESIAN_POINT('',(0.0182779845405096,-0.00412016168422677,0.377));
#2475=CARTESIAN_POINT('',(0.0176180933295162,-0.00500478807987521,0.377));
#2476=CARTESIAN_POINT('',(0.0164586315488119,-0.00551294725536906,0.377));
#2477=CARTESIAN_POINT('',(0.0189321500143144,-0.00209611358803438,0.377));
#2478=CARTESIAN_POINT('',(0.0189321500143144,-0.00209611358803438,0.387));
#2479=CARTESIAN_POINT('',(0.0189359671724401,-0.00285572805506368,0.377));
#2480=CARTESIAN_POINT('',(0.0189359671724401,-0.00285572805506368,0.387));
#2481=CARTESIAN_POINT('',(0.0187179120145052,-0.00353041075379448,0.377));
#2482=CARTESIAN_POINT('',(0.0187179120145052,-0.00353041075379448,0.387));
#2483=CARTESIAN_POINT('',(0.0182779845405096,-0.00412016168422677,0.377));
#2484=CARTESIAN_POINT('',(0.0182779845405096,-0.00412016168422677,0.387));
#2485=CARTESIAN_POINT('',(0.0189321500143144,-0.00209611358803438,0.377));
#2486=CARTESIAN_POINT('',(0.0189321500143144,-0.00209611358803438,0.377));
#2487=CARTESIAN_POINT('',(0.0189321500143144,-0.00209611358803438,0.377));
#2488=CARTESIAN_POINT('',(0.018937875751503,-0.00323553528857833,0.377));
#2489=CARTESIAN_POINT('',(0.0182779845405096,-0.00412016168422677,0.377));
#2490=CARTESIAN_POINT('',(0.0181663326653306,-2.4828160035531E-05,0.377));
#2491=CARTESIAN_POINT('',(0.0181663326653306,-2.4828160035531E-05,0.387));
#2492=CARTESIAN_POINT('',(0.0186806947227789,-0.000577361798741514,0.377));
#2493=CARTESIAN_POINT('',(0.0186806947227789,-0.000577361798741514,0.387));
#2494=CARTESIAN_POINT('',(0.0189359671724401,-0.00126779027474113,0.377));
#2495=CARTESIAN_POINT('',(0.0189359671724401,-0.00126779027474113,0.387));
#2496=CARTESIAN_POINT('',(0.0189321500143144,-0.00209611358803438,0.377));
#2497=CARTESIAN_POINT('',(0.0189321500143144,-0.00209611358803438,0.387));
#2498=CARTESIAN_POINT('',(0.0181663326653306,-2.4828160035531E-05,0.377));
#2499=CARTESIAN_POINT('',(0.0181663326653306,-2.4828160035531E-05,0.377));
#2500=CARTESIAN_POINT('',(0.0181663326653306,-2.4828160035531E-05,0.377));
#2501=CARTESIAN_POINT('',(0.018937875751503,-0.000853628618094506,0.377));
#2502=CARTESIAN_POINT('',(0.0189321500143144,-0.00209611358803438,0.377));
#2503=CARTESIAN_POINT('',(0.0159261379902662,0.000992921625249324,0.377));
#2504=CARTESIAN_POINT('',(0.0159261379902662,0.000992921625249324,0.387));
#2505=CARTESIAN_POINT('',(0.0169052390495276,0.000866955407098737,0.377));
#2506=CARTESIAN_POINT('',(0.0169052390495276,0.000866955407098737,0.387));
#2507=CARTESIAN_POINT('',(0.0176519706078824,0.000527705478670452,0.377));
#2508=CARTESIAN_POINT('',(0.0176519706078824,0.000527705478670452,0.387));
#2509=CARTESIAN_POINT('',(0.0181663326653306,-2.4828160035531E-05,0.377));
#2510=CARTESIAN_POINT('',(0.0181663326653306,-2.4828160035531E-05,0.387));
#2511=CARTESIAN_POINT('',(0.0159261379902662,0.000992921625249324,0.377));
#2512=CARTESIAN_POINT('',(0.0159261379902662,0.000992921625249324,0.377));
#2513=CARTESIAN_POINT('',(0.0159261379902662,0.000992921625249324,0.377));
#2514=CARTESIAN_POINT('',(0.0173947895791583,0.000803972298023444,0.377));
#2515=CARTESIAN_POINT('',(0.0181663326653306,-2.4828160035531E-05,0.377));
#2516=CARTESIAN_POINT('',(0.0159261379902662,0.00104588469424446,0.377));
#2517=CARTESIAN_POINT('',(0.0159261379902662,0.00109884776323959,0.377));
#2518=CARTESIAN_POINT('',(0.0159261379902662,0.00109884776323959,0.377));
#2519=CARTESIAN_POINT('',(0.0159261379902662,0.00104588469424446,0.377));
#2520=CARTESIAN_POINT('',(0.0177440595476667,0.00204788870226049,0.377));
#2521=CARTESIAN_POINT('',(0.0177440595476667,0.00204788870226049,0.387));
#2522=CARTESIAN_POINT('',(0.0172783662563222,0.00154879527731536,0.377));
#2523=CARTESIAN_POINT('',(0.0172783662563222,0.00154879527731536,0.387));
#2524=CARTESIAN_POINT('',(0.0166723924038553,0.00123244829764173,0.377));
#2525=CARTESIAN_POINT('',(0.0166723924038553,0.00123244829764173,0.387));
#2526=CARTESIAN_POINT('',(0.0159261379902662,0.00109884776323959,0.377));
#2527=CARTESIAN_POINT('',(0.0159261379902662,0.00109884776323959,0.387));
#2528=CARTESIAN_POINT('',(0.0177440595476667,0.00204788870226049,0.377));
#2529=CARTESIAN_POINT('',(0.0177440595476667,0.00204788870226049,0.377));
#2530=CARTESIAN_POINT('',(0.0177440595476667,0.00204788870226049,0.377));
#2531=CARTESIAN_POINT('',(0.0170455196106499,0.0012992485648428,0.377));
#2532=CARTESIAN_POINT('',(0.0159261379902662,0.00109884776323959,0.377));
#2533=CARTESIAN_POINT('',(0.018436873747495,0.0039159104600618,0.377));
#2534=CARTESIAN_POINT('',(0.018436873747495,0.0039159104600618,0.387));
#2535=CARTESIAN_POINT('',(0.0184406909056208,0.00316965604647272,0.377));
#2536=CARTESIAN_POINT('',(0.0184406909056208,0.00316965604647272,0.387));
#2537=CARTESIAN_POINT('',(0.0182097528390113,0.00254698212720562,0.377));
#2538=CARTESIAN_POINT('',(0.0182097528390113,0.00254698212720562,0.387));
#2539=CARTESIAN_POINT('',(0.0177440595476667,0.00204788870226049,0.377));
#2540=CARTESIAN_POINT('',(0.0177440595476667,0.00204788870226049,0.387));
#2541=CARTESIAN_POINT('',(0.018436873747495,0.0039159104600618,0.377));
#2542=CARTESIAN_POINT('',(0.018436873747495,0.0039159104600618,0.377));
#2543=CARTESIAN_POINT('',(0.018436873747495,0.0039159104600618,0.377));
#2544=CARTESIAN_POINT('',(0.0184425994846836,0.00279652883967819,0.377));
#2545=CARTESIAN_POINT('',(0.0177440595476667,0.00204788870226049,0.377));
#2546=CARTESIAN_POINT('',(0.017867162897223,0.0058182866409951,0.377));
#2547=CARTESIAN_POINT('',(0.017867162897223,0.0058182866409951,0.387));
#2548=CARTESIAN_POINT('',(0.0182507872888634,0.00525239294884891,0.377));
#2549=CARTESIAN_POINT('',(0.0182507872888634,0.00525239294884891,0.387));
#2550=CARTESIAN_POINT('',(0.0184406909056208,0.00461826755520447,0.377));
#2551=CARTESIAN_POINT('',(0.0184406909056208,0.00461826755520447,0.387));
#2552=CARTESIAN_POINT('',(0.018436873747495,0.0039159104600618,0.377));
#2553=CARTESIAN_POINT('',(0.018436873747495,0.0039159104600618,0.387));
#2554=CARTESIAN_POINT('',(0.017867162897223,0.0058182866409951,0.377));
#2555=CARTESIAN_POINT('',(0.017867162897223,0.0058182866409951,0.377));
#2556=CARTESIAN_POINT('',(0.017867162897223,0.0058182866409951,0.377));
#2557=CARTESIAN_POINT('',(0.0184425994846836,0.00496944610277581,0.377));
#2558=CARTESIAN_POINT('',(0.018436873747495,0.0039159104600618,0.377));
#2559=CARTESIAN_POINT('',(0.0162567993129115,0.00716812918322241,0.377));
#2560=CARTESIAN_POINT('',(0.0162567993129115,0.00716812918322241,0.387));
#2561=CARTESIAN_POINT('',(0.0169467506441455,0.00683412784721707,0.377));
#2562=CARTESIAN_POINT('',(0.0169467506441455,0.00683412784721707,0.387));
#2563=CARTESIAN_POINT('',(0.0174835385055826,0.0063841803331413,0.377));
#2564=CARTESIAN_POINT('',(0.0174835385055826,0.0063841803331413,0.387));
#2565=CARTESIAN_POINT('',(0.017867162897223,0.0058182866409951,0.377));
#2566=CARTESIAN_POINT('',(0.017867162897223,0.0058182866409951,0.387));
#2567=CARTESIAN_POINT('',(0.0162567993129115,0.00716812918322241,0.377));
#2568=CARTESIAN_POINT('',(0.0162567993129115,0.00716812918322241,0.377));
#2569=CARTESIAN_POINT('',(0.0162567993129115,0.00716812918322241,0.377));
#2570=CARTESIAN_POINT('',(0.0172917263097624,0.0066671271792144,0.377));
#2571=CARTESIAN_POINT('',(0.017867162897223,0.0058182866409951,0.377));
#2572=CARTESIAN_POINT('',(0.0138419696535929,0.00766913118723043,0.377));
#2573=CARTESIAN_POINT('',(0.0138419696535929,0.00766913118723043,0.387));
#2574=CARTESIAN_POINT('',(0.0147619047619048,0.00766913118723043,0.377));
#2575=CARTESIAN_POINT('',(0.0147619047619048,0.00766913118723043,0.387));
#2576=CARTESIAN_POINT('',(0.0155668479816777,0.00750213051922776,0.377));
#2577=CARTESIAN_POINT('',(0.0155668479816777,0.00750213051922776,0.387));
#2578=CARTESIAN_POINT('',(0.0162567993129115,0.00716812918322241,0.377));
#2579=CARTESIAN_POINT('',(0.0162567993129115,0.00716812918322241,0.387));
#2580=CARTESIAN_POINT('',(0.0138419696535929,0.00766913118723043,0.377));
#2581=CARTESIAN_POINT('',(0.0138419696535929,0.00766913118723043,0.377));
#2582=CARTESIAN_POINT('',(0.0138419696535929,0.00766913118723043,0.377));
#2583=CARTESIAN_POINT('',(0.0152218723160607,0.00766913118723043,0.377));
#2584=CARTESIAN_POINT('',(0.0162567993129115,0.00716812918322241,0.377));
#2585=CARTESIAN_POINT('',(0.0113927855711423,0.00717099205181674,0.377));
#2586=CARTESIAN_POINT('',(0.0113927855711423,0.00717099205181674,0.387));
#2587=CARTESIAN_POINT('',(0.0121151827464453,0.0075030848087592,0.377));
#2588=CARTESIAN_POINT('',(0.0121151827464453,0.0075030848087592,0.387));
#2589=CARTESIAN_POINT('',(0.0129315774405955,0.00766913118723043,0.377));
#2590=CARTESIAN_POINT('',(0.0129315774405955,0.00766913118723043,0.387));
#2591=CARTESIAN_POINT('',(0.0138419696535929,0.00766913118723043,0.377));
#2592=CARTESIAN_POINT('',(0.0138419696535929,0.00766913118723043,0.387));
#2593=CARTESIAN_POINT('',(0.0113927855711423,0.00717099205181674,0.377));
#2594=CARTESIAN_POINT('',(0.0113927855711423,0.00717099205181674,0.377));
#2595=CARTESIAN_POINT('',(0.0113927855711423,0.00717099205181674,0.377));
#2596=CARTESIAN_POINT('',(0.0124763813340968,0.00766913118723043,0.377));
#2597=CARTESIAN_POINT('',(0.0138419696535929,0.00766913118723043,0.377));
#2598=CARTESIAN_POINT('',(0.00967220154594904,0.00579538369224045,0.377));
#2599=CARTESIAN_POINT('',(0.00967220154594904,0.00579538369224045,0.387));
#2600=CARTESIAN_POINT('',(0.0100968603874415,0.00638036317501552,0.377));
#2601=CARTESIAN_POINT('',(0.0100968603874415,0.00638036317501552,0.387));
#2602=CARTESIAN_POINT('',(0.0106703883958393,0.00683889929487429,0.377));
#2603=CARTESIAN_POINT('',(0.0106703883958393,0.00683889929487429,0.387));
#2604=CARTESIAN_POINT('',(0.0113927855711423,0.00717099205181674,0.377));
#2605=CARTESIAN_POINT('',(0.0113927855711423,0.00717099205181674,0.387));
#2606=CARTESIAN_POINT('',(0.00967220154594904,0.00579538369224045,0.377));
#2607=CARTESIAN_POINT('',(0.00967220154594904,0.00579538369224045,0.377));
#2608=CARTESIAN_POINT('',(0.00967220154594904,0.00579538369224045,0.377));
#2609=CARTESIAN_POINT('',(0.0103091898081878,0.00667285291640306,0.377));
#2610=CARTESIAN_POINT('',(0.0113927855711423,0.00717099205181674,0.377));
#2611=CARTESIAN_POINT('',(0.00901517320354996,0.00376704129315657,0.377));
#2612=CARTESIAN_POINT('',(0.00901517320354996,0.00376704129315657,0.387));
#2613=CARTESIAN_POINT('',(0.00902853325699017,0.00453429007643741,0.377));
#2614=CARTESIAN_POINT('',(0.00902853325699017,0.00453429007643741,0.387));
#2615=CARTESIAN_POINT('',(0.00924754270445653,0.00521040420946538,0.377));
#2616=CARTESIAN_POINT('',(0.00924754270445653,0.00521040420946538,0.387));
#2617=CARTESIAN_POINT('',(0.00967220154594904,0.00579538369224045,0.377));
#2618=CARTESIAN_POINT('',(0.00967220154594904,0.00579538369224045,0.387));
#2619=CARTESIAN_POINT('',(0.00901517320354996,0.00376704129315657,0.377));
#2620=CARTESIAN_POINT('',(0.00901517320354996,0.00376704129315657,0.377));
#2621=CARTESIAN_POINT('',(0.00901517320354996,0.00376704129315657,0.377));
#2622=CARTESIAN_POINT('',(0.00903521328371028,0.00491791446807784,0.377));
#2623=CARTESIAN_POINT('',(0.00967220154594904,0.00579538369224045,0.377));
#2624=CARTESIAN_POINT('',(0.0103650157457773,0.00376704129315657,0.377));
#2625=CARTESIAN_POINT('',(0.0117148582880046,0.00376704129315657,0.377));
#2626=CARTESIAN_POINT('',(0.0117148582880046,0.00376704129315657,0.377));
#2627=CARTESIAN_POINT('',(0.0103650157457773,0.00376704129315657,0.377));
#2628=CARTESIAN_POINT('',(0.0120211852275981,0.00465023625450784,0.377));
#2629=CARTESIAN_POINT('',(0.0120211852275981,0.00465023625450784,0.387));
#2630=CARTESIAN_POINT('',(0.0118303273213093,0.00439925810773811,0.377));
#2631=CARTESIAN_POINT('',(0.0118303273213093,0.00439925810773811,0.387));
#2632=CARTESIAN_POINT('',(0.0117282183414448,0.00410485978728769,0.377));
#2633=CARTESIAN_POINT('',(0.0117282183414448,0.00410485978728769,0.387));
#2634=CARTESIAN_POINT('',(0.0117148582880046,0.00376704129315657,0.377));
#2635=CARTESIAN_POINT('',(0.0117148582880046,0.00376704129315657,0.387));
#2636=CARTESIAN_POINT('',(0.0120211852275981,0.00465023625450784,0.377));
#2637=CARTESIAN_POINT('',(0.0120211852275981,0.00465023625450784,0.377));
#2638=CARTESIAN_POINT('',(0.0120211852275981,0.00465023625450784,0.377));
#2639=CARTESIAN_POINT('',(0.0117348983681649,0.00427376903435325,0.377));
#2640=CARTESIAN_POINT('',(0.0117148582880046,0.00376704129315657,0.377));
#2641=CARTESIAN_POINT('',(0.0127827082736902,0.0052328300134543,0.377));
#2642=CARTESIAN_POINT('',(0.0127827082736902,0.0052328300134543,0.387));
#2643=CARTESIAN_POINT('',(0.0124658841492509,0.00509541232092639,0.377));
#2644=CARTESIAN_POINT('',(0.0124658841492509,0.00509541232092639,0.387));
#2645=CARTESIAN_POINT('',(0.0122120431338868,0.00490121440127757,0.377));
#2646=CARTESIAN_POINT('',(0.0122120431338868,0.00490121440127757,0.387));
#2647=CARTESIAN_POINT('',(0.0120211852275981,0.00465023625450784,0.377));
#2648=CARTESIAN_POINT('',(0.0120211852275981,0.00465023625450784,0.387));
#2649=CARTESIAN_POINT('',(0.0127827082736902,0.0052328300134543,0.377));
#2650=CARTESIAN_POINT('',(0.0127827082736902,0.0052328300134543,0.377));
#2651=CARTESIAN_POINT('',(0.0127827082736902,0.0052328300134543,0.377));
#2652=CARTESIAN_POINT('',(0.0123074720870312,0.00502670347466244,0.377));
#2653=CARTESIAN_POINT('',(0.0120211852275981,0.00465023625450784,0.377));
#2654=CARTESIAN_POINT('',(0.0138305181792156,0.00543895655224617,0.377));
#2655=CARTESIAN_POINT('',(0.0138305181792156,0.00543895655224617,0.387));
#2656=CARTESIAN_POINT('',(0.013448802366638,0.00543895655224617,0.377));
#2657=CARTESIAN_POINT('',(0.013448802366638,0.00543895655224617,0.387));
#2658=CARTESIAN_POINT('',(0.0130995323981296,0.00537024770598221,0.377));
#2659=CARTESIAN_POINT('',(0.0130995323981296,0.00537024770598221,0.387));
#2660=CARTESIAN_POINT('',(0.0127827082736902,0.0052328300134543,0.377));
#2661=CARTESIAN_POINT('',(0.0127827082736902,0.0052328300134543,0.387));
#2662=CARTESIAN_POINT('',(0.0138305181792156,0.00543895655224617,0.377));
#2663=CARTESIAN_POINT('',(0.0138305181792156,0.00543895655224617,0.377));
#2664=CARTESIAN_POINT('',(0.0138305181792156,0.00543895655224617,0.377));
#2665=CARTESIAN_POINT('',(0.0132579444603493,0.00543895655224617,0.377));
#2666=CARTESIAN_POINT('',(0.0127827082736902,0.0052328300134543,0.377));
#2667=CARTESIAN_POINT('',(0.0148225021471514,0.00522424140767131,0.377));
#2668=CARTESIAN_POINT('',(0.0148225021471514,0.00522424140767131,0.387));
#2669=CARTESIAN_POINT('',(0.0145390781563126,0.00536738483738788,0.377));
#2670=CARTESIAN_POINT('',(0.0145390781563126,0.00536738483738788,0.387));
#2671=CARTESIAN_POINT('',(0.0142084168336673,0.00543895655224617,0.377));
#2672=CARTESIAN_POINT('',(0.0142084168336673,0.00543895655224617,0.387));
#2673=CARTESIAN_POINT('',(0.0138305181792156,0.00543895655224617,0.377));
#2674=CARTESIAN_POINT('',(0.0138305181792156,0.00543895655224617,0.387));
#2675=CARTESIAN_POINT('',(0.0148225021471514,0.00522424140767131,0.377));
#2676=CARTESIAN_POINT('',(0.0148225021471514,0.00522424140767131,0.377));
#2677=CARTESIAN_POINT('',(0.0148225021471514,0.00522424140767131,0.377));
#2678=CARTESIAN_POINT('',(0.0143973661608932,0.00543895655224617,0.377));
#2679=CARTESIAN_POINT('',(0.0138305181792156,0.00543895655224617,0.377));
#2680=CARTESIAN_POINT('',(0.0141114540880239,0.00376268718499226,0.376999999999999));
#2681=CARTESIAN_POINT('',(0.0154852562267392,0.00462876474005036,0.377));
#2682=CARTESIAN_POINT('',(0.0154852562267392,0.00462876474005036,0.377));
#2683=CARTESIAN_POINT('',(0.0141114540880239,0.00376268718499226,0.377));
#2684=CARTESIAN_POINT('',(0.0157228743200687,0.00374700121299625,0.377));
#2685=CARTESIAN_POINT('',(0.0157228743200687,0.00374700121299625,0.387));
#2686=CARTESIAN_POINT('',(0.0157228743200687,0.00408100254900159,0.377));
#2687=CARTESIAN_POINT('',(0.0157228743200687,0.00408100254900159,0.387));
#2688=CARTESIAN_POINT('',(0.0156436682889589,0.0043749237246863,0.377));
#2689=CARTESIAN_POINT('',(0.0156436682889589,0.0043749237246863,0.387));
#2690=CARTESIAN_POINT('',(0.0154852562267392,0.00462876474005036,0.377));
#2691=CARTESIAN_POINT('',(0.0154852562267392,0.00462876474005036,0.387));
#2692=CARTESIAN_POINT('',(0.0157228743200687,0.00374700121299625,0.377));
#2693=CARTESIAN_POINT('',(0.0157228743200687,0.00374700121299625,0.377));
#2694=CARTESIAN_POINT('',(0.0157228743200687,0.00374700121299625,0.377));
#2695=CARTESIAN_POINT('',(0.0157228743200687,0.00424800321700427,0.377));
#2696=CARTESIAN_POINT('',(0.0154852562267392,0.00462876474005036,0.377));
#2697=CARTESIAN_POINT('',(0.01544947036931,0.00282658895991867,0.377));
#2698=CARTESIAN_POINT('',(0.01544947036931,0.00282658895991867,0.387));
#2699=CARTESIAN_POINT('',(0.0156317396698158,0.00308901858106572,0.377));
#2700=CARTESIAN_POINT('',(0.0156317396698158,0.00308901858106572,0.387));
#2701=CARTESIAN_POINT('',(0.0157228743200687,0.00339582266542491,0.377));
#2702=CARTESIAN_POINT('',(0.0157228743200687,0.00339582266542491,0.387));
#2703=CARTESIAN_POINT('',(0.0157228743200687,0.00374700121299625,0.377));
#2704=CARTESIAN_POINT('',(0.0157228743200687,0.00374700121299625,0.387));
#2705=CARTESIAN_POINT('',(0.01544947036931,0.00282658895991867,0.377));
#2706=CARTESIAN_POINT('',(0.01544947036931,0.00282658895991867,0.377));
#2707=CARTESIAN_POINT('',(0.01544947036931,0.00282658895991867,0.377));
#2708=CARTESIAN_POINT('',(0.0157228743200687,0.00322023339163925,0.377));
#2709=CARTESIAN_POINT('',(0.0157228743200687,0.00374700121299625,0.377));
#2710=CARTESIAN_POINT('',(0.0146850844546235,0.00221107221213739,0.377));
#2711=CARTESIAN_POINT('',(0.0146850844546235,0.00221107221213739,0.387));
#2712=CARTESIAN_POINT('',(0.0150124057639088,0.00235898708951118,0.377));
#2713=CARTESIAN_POINT('',(0.0150124057639088,0.00235898708951118,0.387));
#2714=CARTESIAN_POINT('',(0.0152672010688043,0.00256415933877161,0.377));
#2715=CARTESIAN_POINT('',(0.0152672010688043,0.00256415933877161,0.387));
#2716=CARTESIAN_POINT('',(0.01544947036931,0.00282658895991867,0.377));
#2717=CARTESIAN_POINT('',(0.01544947036931,0.00282658895991867,0.387));
#2718=CARTESIAN_POINT('',(0.0146850844546235,0.00221107221213739,0.377));
#2719=CARTESIAN_POINT('',(0.0146850844546235,0.00221107221213739,0.377));
#2720=CARTESIAN_POINT('',(0.0146850844546235,0.00221107221213739,0.377));
#2721=CARTESIAN_POINT('',(0.0151760664185514,0.00243294452819808,0.377));
#2722=CARTESIAN_POINT('',(0.01544947036931,0.00282658895991867,0.377));
#2723=CARTESIAN_POINT('',(0.0135556827941597,0.0019891998960767,0.377));
#2724=CARTESIAN_POINT('',(0.0135556827941597,0.0019891998960767,0.387));
#2725=CARTESIAN_POINT('',(0.0139812959251837,0.0019891998960767,0.377));
#2726=CARTESIAN_POINT('',(0.0139812959251837,0.0019891998960767,0.387));
#2727=CARTESIAN_POINT('',(0.0143577631453383,0.00206315733476359,0.377));
#2728=CARTESIAN_POINT('',(0.0143577631453383,0.00206315733476359,0.387));
#2729=CARTESIAN_POINT('',(0.0146850844546235,0.00221107221213739,0.377));
#2730=CARTESIAN_POINT('',(0.0146850844546235,0.00221107221213739,0.387));
#2731=CARTESIAN_POINT('',(0.0135556827941597,0.0019891998960767,0.377));
#2732=CARTESIAN_POINT('',(0.0135556827941597,0.0019891998960767,0.377));
#2733=CARTESIAN_POINT('',(0.0135556827941597,0.0019891998960767,0.377));
#2734=CARTESIAN_POINT('',(0.0141941024906957,0.0019891998960767,0.377));
#2735=CARTESIAN_POINT('',(0.0146850844546235,0.00221107221213739,0.377));
#2736=CARTESIAN_POINT('',(0.0129344403091898,0.0019891998960767,0.377));
#2737=CARTESIAN_POINT('',(0.0123131978242199,0.0019891998960767,0.377));
#2738=CARTESIAN_POINT('',(0.0123131978242199,0.0019891998960767,0.377));
#2739=CARTESIAN_POINT('',(0.0129344403091898,0.0019891998960767,0.377));
#2740=CARTESIAN_POINT('',(0.0123131978242199,0.000954272899225848,0.377));
#2741=CARTESIAN_POINT('',(0.0123131978242199,-8.06540976249969E-05,0.377));
#2742=CARTESIAN_POINT('',(0.0123131978242199,-8.06540976249969E-05,0.377));
#2743=CARTESIAN_POINT('',(0.0123131978242199,0.000954272899225848,0.377));
#2744=CARTESIAN_POINT('',(0.0129344403091898,-8.06540976249961E-05,0.377));
#2745=CARTESIAN_POINT('',(0.0135556827941597,-8.0654097624996E-05,0.377));
#2746=CARTESIAN_POINT('',(0.0135556827941597,-8.0654097624996E-05,0.377));
#2747=CARTESIAN_POINT('',(0.0129344403091898,-8.06540976249961E-05,0.377));
#2748=CARTESIAN_POINT('',(0.0148611508731749,-0.000313977888063015,0.377));
#2749=CARTESIAN_POINT('',(0.0148611508731749,-0.000313977888063015,0.387));
#2750=CARTESIAN_POINT('',(0.0144947036931005,-0.000158428694437669,0.377));
#2751=CARTESIAN_POINT('',(0.0144947036931005,-0.000158428694437669,0.387));
#2752=CARTESIAN_POINT('',(0.0140595476667621,-8.06540976249961E-05,0.377));
#2753=CARTESIAN_POINT('',(0.0140595476667621,-8.06540976249961E-05,0.387));
#2754=CARTESIAN_POINT('',(0.0135556827941597,-8.06540976249961E-05,0.377));
#2755=CARTESIAN_POINT('',(0.0135556827941597,-8.06540976249961E-05,0.387));
#2756=CARTESIAN_POINT('',(0.0148611508731749,-0.000313977888063015,0.377));
#2757=CARTESIAN_POINT('',(0.0148611508731749,-0.000313977888063015,0.377));
#2758=CARTESIAN_POINT('',(0.0148611508731749,-0.000313977888063015,0.377));
#2759=CARTESIAN_POINT('',(0.0143114801030633,-8.06540976249961E-05,0.377));
#2760=CARTESIAN_POINT('',(0.0135556827941597,-8.06540976249961E-05,0.377));
#2761=CARTESIAN_POINT('',(0.0157071285427999,-0.000960986190381939,0.377));
#2762=CARTESIAN_POINT('',(0.0157071285427999,-0.000960986190381939,0.387));
#2763=CARTESIAN_POINT('',(0.015509590609791,-0.000685196515794669,0.377));
#2764=CARTESIAN_POINT('',(0.015509590609791,-0.000685196515794669,0.387));
#2765=CARTESIAN_POINT('',(0.0152275980532494,-0.000469527081688361,0.377));
#2766=CARTESIAN_POINT('',(0.0152275980532494,-0.000469527081688361,0.387));
#2767=CARTESIAN_POINT('',(0.0148611508731749,-0.000313977888063015,0.377));
#2768=CARTESIAN_POINT('',(0.0148611508731749,-0.000313977888063015,0.387));
#2769=CARTESIAN_POINT('',(0.0157071285427999,-0.000960986190381939,0.377));
#2770=CARTESIAN_POINT('',(0.0157071285427999,-0.000960986190381939,0.377));
#2771=CARTESIAN_POINT('',(0.0157071285427999,-0.000960986190381939,0.377));
#2772=CARTESIAN_POINT('',(0.0154108216432866,-0.000547301678501034,0.377));
#2773=CARTESIAN_POINT('',(0.0148611508731749,-0.000313977888063015,0.377));
#2774=CARTESIAN_POINT('',(0.0144209117511856,-0.00188105924823328,0.377));
#2775=CARTESIAN_POINT('',(0.0160034354423132,-0.00190716426080851,0.377));
#2776=CARTESIAN_POINT('',(0.0160034354423132,-0.00190716426080851,0.377));
#2777=CARTESIAN_POINT('',(0.0144209117511856,-0.00188105924823328,0.377));
#2778=CARTESIAN_POINT('',(0.0157228743200687,-0.00283759655396625,0.377));
#2779=CARTESIAN_POINT('',(0.0157228743200687,-0.00283759655396625,0.387));
#2780=CARTESIAN_POINT('',(0.0159099150682317,-0.00256848690609909,0.377));
#2781=CARTESIAN_POINT('',(0.0159099150682317,-0.00256848690609909,0.387));
#2782=CARTESIAN_POINT('',(0.0160034354423132,-0.00225834280837984,0.377));
#2783=CARTESIAN_POINT('',(0.0160034354423132,-0.00225834280837984,0.387));
#2784=CARTESIAN_POINT('',(0.0160034354423132,-0.00190716426080851,0.377));
#2785=CARTESIAN_POINT('',(0.0160034354423132,-0.00190716426080851,0.387));
#2786=CARTESIAN_POINT('',(0.0157228743200687,-0.00283759655396625,0.377));
#2787=CARTESIAN_POINT('',(0.0157228743200687,-0.00283759655396625,0.377));
#2788=CARTESIAN_POINT('',(0.0157228743200687,-0.00283759655396625,0.377));
#2789=CARTESIAN_POINT('',(0.0160034354423132,-0.00243393208216551,0.377));
#2790=CARTESIAN_POINT('',(0.0160034354423132,-0.00190716426080851,0.377));
#2791=CARTESIAN_POINT('',(0.014948468365302,-0.00346885907901635,0.377));
#2792=CARTESIAN_POINT('',(0.014948468365302,-0.00346885907901635,0.387));
#2793=CARTESIAN_POINT('',(0.0152776982536501,-0.00331712704351678,0.377));
#2794=CARTESIAN_POINT('',(0.0152776982536501,-0.00331712704351678,0.387));
#2795=CARTESIAN_POINT('',(0.0155358335719057,-0.00310670620183341,0.377));
#2796=CARTESIAN_POINT('',(0.0155358335719057,-0.00310670620183341,0.387));
#2797=CARTESIAN_POINT('',(0.0157228743200687,-0.00283759655396625,0.377));
#2798=CARTESIAN_POINT('',(0.0157228743200687,-0.00283759655396625,0.387));
#2799=CARTESIAN_POINT('',(0.014948468365302,-0.00346885907901635,0.377));
#2800=CARTESIAN_POINT('',(0.014948468365302,-0.00346885907901635,0.377));
#2801=CARTESIAN_POINT('',(0.014948468365302,-0.00346885907901635,0.377));
#2802=CARTESIAN_POINT('',(0.0154423131978242,-0.00324126102576699,0.377));
#2803=CARTESIAN_POINT('',(0.0157228743200687,-0.00283759655396625,0.377));
#2804=CARTESIAN_POINT('',(0.0138104780990553,-0.00369645713226571,0.377));
#2805=CARTESIAN_POINT('',(0.0138104780990553,-0.00369645713226571,0.387));
#2806=CARTESIAN_POINT('',(0.014239908388205,-0.00369645713226571,0.377));
#2807=CARTESIAN_POINT('',(0.014239908388205,-0.00369645713226571,0.387));
#2808=CARTESIAN_POINT('',(0.0146192384769539,-0.00362059111451592,0.377));
#2809=CARTESIAN_POINT('',(0.0146192384769539,-0.00362059111451592,0.387));
#2810=CARTESIAN_POINT('',(0.014948468365302,-0.00346885907901635,0.377));
#2811=CARTESIAN_POINT('',(0.014948468365302,-0.00346885907901635,0.387));
#2812=CARTESIAN_POINT('',(0.0138104780990553,-0.00369645713226571,0.377));
#2813=CARTESIAN_POINT('',(0.0138104780990553,-0.00369645713226571,0.377));
#2814=CARTESIAN_POINT('',(0.0138104780990553,-0.00369645713226571,0.377));
#2815=CARTESIAN_POINT('',(0.0144546235327798,-0.00369645713226571,0.377));
#2816=CARTESIAN_POINT('',(0.014948468365302,-0.00346885907901635,0.377));
#2817=CARTESIAN_POINT('',(0.0126982536501575,-0.00349462489636533,0.377));
#2818=CARTESIAN_POINT('',(0.0126982536501575,-0.00349462489636533,0.387));
#2819=CARTESIAN_POINT('',(0.0130274835385056,-0.00362917972029892,0.377));
#2820=CARTESIAN_POINT('',(0.0130274835385056,-0.00362917972029892,0.387));
#2821=CARTESIAN_POINT('',(0.0133982250214715,-0.00369645713226571,0.377));
#2822=CARTESIAN_POINT('',(0.0133982250214715,-0.00369645713226571,0.387));
#2823=CARTESIAN_POINT('',(0.0138104780990553,-0.00369645713226571,0.377));
#2824=CARTESIAN_POINT('',(0.0138104780990553,-0.00369645713226571,0.387));
#2825=CARTESIAN_POINT('',(0.0126982536501575,-0.00349462489636533,0.377));
#2826=CARTESIAN_POINT('',(0.0126982536501575,-0.00349462489636533,0.377));
#2827=CARTESIAN_POINT('',(0.0126982536501575,-0.00349462489636533,0.377));
#2828=CARTESIAN_POINT('',(0.0131920984826796,-0.00369645713226571,0.377));
#2829=CARTESIAN_POINT('',(0.0138104780990553,-0.00369645713226571,0.377));
#2830=CARTESIAN_POINT('',(0.011908101918122,-0.00292634548039053,0.377));
#2831=CARTESIAN_POINT('',(0.011908101918122,-0.00292634548039053,0.387));
#2832=CARTESIAN_POINT('',(0.0121056398511308,-0.00317064360044015,0.377));
#2833=CARTESIAN_POINT('',(0.0121056398511308,-0.00317064360044015,0.387));
#2834=CARTESIAN_POINT('',(0.0123690237618093,-0.00336007007243175,0.377));
#2835=CARTESIAN_POINT('',(0.0123690237618093,-0.00336007007243175,0.387));
#2836=CARTESIAN_POINT('',(0.0126982536501575,-0.00349462489636533,0.377));
#2837=CARTESIAN_POINT('',(0.0126982536501575,-0.00349462489636533,0.387));
#2838=CARTESIAN_POINT('',(0.011908101918122,-0.00292634548039053,0.377));
#2839=CARTESIAN_POINT('',(0.011908101918122,-0.00292634548039053,0.377));
#2840=CARTESIAN_POINT('',(0.011908101918122,-0.00292634548039053,0.377));
#2841=CARTESIAN_POINT('',(0.0122044088176353,-0.00329279266046496,0.377));
#2842=CARTESIAN_POINT('',(0.0126982536501575,-0.00349462489636533,0.377));
#2843=CARTESIAN_POINT('',(0.0130309636674746,-0.0020170816130916,0.377));
#2844=CARTESIAN_POINT('',(0.0115868684903921,-0.0020703477706854,0.377));
#2845=CARTESIAN_POINT('',(0.0115868684903921,-0.0020703477706854,0.377));
#2846=CARTESIAN_POINT('',(0.0130309636674746,-0.0020170816130916,0.377));
#2847=CARTESIAN_POINT('',(0.0101674778127684,-0.0020703477706854,0.377));
#2848=CARTESIAN_POINT('',(0.00874892642427713,-0.0020703477706854,0.377));
#2849=CARTESIAN_POINT('',(0.00874892642427713,-0.0020703477706854,0.377));
#2850=CARTESIAN_POINT('',(0.0101674778127684,-0.0020703477706854,0.377));
#2851=CARTESIAN_POINT('',(0.00942170054394504,-0.00412302455282111,0.377));
#2852=CARTESIAN_POINT('',(0.00942170054394504,-0.00412302455282111,0.387));
#2853=CARTESIAN_POINT('',(0.00898654451760665,-0.00353136504332593,0.377));
#2854=CARTESIAN_POINT('',(0.00898654451760665,-0.00353136504332593,0.387));
#2855=CARTESIAN_POINT('',(0.00876228647771734,-0.00284713944928069,0.377));
#2856=CARTESIAN_POINT('',(0.00876228647771734,-0.00284713944928069,0.387));
#2857=CARTESIAN_POINT('',(0.00874892642427713,-0.0020703477706854,0.377));
#2858=CARTESIAN_POINT('',(0.00874892642427713,-0.0020703477706854,0.387));
#2859=CARTESIAN_POINT('',(0.00942170054394504,-0.00412302455282111,0.377));
#2860=CARTESIAN_POINT('',(0.00942170054394504,-0.00412302455282111,0.377));
#2861=CARTESIAN_POINT('',(0.00942170054394504,-0.00412302455282111,0.377));
#2862=CARTESIAN_POINT('',(0.00876896650443745,-0.00323553528857834,0.377));
#2863=CARTESIAN_POINT('',(0.00874892642427713,-0.0020703477706854,0.377));
#2864=CARTESIAN_POINT('',(0.0112109934154022,-0.00551581012396339,0.377));
#2865=CARTESIAN_POINT('',(0.0112109934154022,-0.00551581012396339,0.387));
#2866=CARTESIAN_POINT('',(0.0104532875274358,-0.00517894591936372,0.377));
#2867=CARTESIAN_POINT('',(0.0104532875274358,-0.00517894591936372,0.387));
#2868=CARTESIAN_POINT('',(0.00985685657028343,-0.00471468406231629,0.377));
#2869=CARTESIAN_POINT('',(0.00985685657028343,-0.00471468406231629,0.387));
#2870=CARTESIAN_POINT('',(0.00942170054394504,-0.00412302455282111,0.377));
#2871=CARTESIAN_POINT('',(0.00942170054394504,-0.00412302455282111,0.387));
#2872=CARTESIAN_POINT('',(0.0112109934154022,-0.00551581012396339,0.377));
#2873=CARTESIAN_POINT('',(0.0100744345834526,-0.00501051381706388,0.377));
#2874=CARTESIAN_POINT('',(0.00942170054394504,-0.00412302455282111,0.377));
#2875=CARTESIAN_POINT('',(0.,0.,0.377));
#2876=CARTESIAN_POINT('',(-0.00769539078156313,0.000825443812480926,0.377));
#2877=CARTESIAN_POINT('',(-0.00769539078156313,0.00748877046578754,0.377));
#2878=CARTESIAN_POINT('',(-0.00769539078156313,0.00748877046578754,0.377));
#2879=CARTESIAN_POINT('',(-0.00769539078156313,0.000825443812480926,0.377));
#2880=CARTESIAN_POINT('',(-0.00769539078156312,-0.00583788284082569,0.377));
#2881=CARTESIAN_POINT('',(-0.00769539078156312,-0.00583788284082569,0.377));
#2882=CARTESIAN_POINT('',(-0.00909819639278557,0.00748877046578754,0.377));
#2883=CARTESIAN_POINT('',(-0.010501002004008,0.00748877046578754,0.377));
#2884=CARTESIAN_POINT('',(-0.010501002004008,0.00748877046578754,0.377));
#2885=CARTESIAN_POINT('',(-0.00909819639278557,0.00748877046578754,0.377));
#2886=CARTESIAN_POINT('',(-0.010501002004008,0.0032975308436862,0.377));
#2887=CARTESIAN_POINT('',(-0.010501002004008,-0.000893708778415153,0.377));
#2888=CARTESIAN_POINT('',(-0.010501002004008,-0.000893708778415153,0.377));
#2889=CARTESIAN_POINT('',(-0.010501002004008,0.0032975308436862,0.377));
#2890=CARTESIAN_POINT('',(-0.0105596908101918,-0.000893708778415153,0.377));
#2891=CARTESIAN_POINT('',(-0.0106183796163756,-0.000893708778415153,0.377));
#2892=CARTESIAN_POINT('',(-0.0106183796163756,-0.000893708778415153,0.377));
#2893=CARTESIAN_POINT('',(-0.0105596908101918,-0.000893708778415153,0.377));
#2894=CARTESIAN_POINT('',(-0.0134941311193816,0.0032975308436862,0.377));
#2895=CARTESIAN_POINT('',(-0.0163698826223877,0.00748877046578754,0.377));
#2896=CARTESIAN_POINT('',(-0.0163698826223877,0.00748877046578754,0.377));
#2897=CARTESIAN_POINT('',(-0.0134941311193816,0.0032975308436862,0.377));
#2898=CARTESIAN_POINT('',(-0.0176052104208417,0.00748877046578754,0.377));
#2899=CARTESIAN_POINT('',(-0.0188405382192958,0.00748877046578754,0.377));
#2900=CARTESIAN_POINT('',(-0.0188405382192958,0.00748877046578754,0.377));
#2901=CARTESIAN_POINT('',(-0.0176052104208417,0.00748877046578754,0.377));
#2902=CARTESIAN_POINT('',(-0.0188405382192958,0.000825443812480924,0.377));
#2903=CARTESIAN_POINT('',(-0.0188405382192958,-0.00583788284082569,0.377));
#2904=CARTESIAN_POINT('',(-0.0188405382192958,-0.00583788284082569,0.377));
#2905=CARTESIAN_POINT('',(-0.0188405382192958,0.000825443812480924,0.377));
#2906=CARTESIAN_POINT('',(-0.0174320068708846,-0.00583788284082569,0.377));
#2907=CARTESIAN_POINT('',(-0.0160234755224735,-0.00583788284082569,0.377));
#2908=CARTESIAN_POINT('',(-0.0160234755224735,-0.00583788284082569,0.377));
#2909=CARTESIAN_POINT('',(-0.0174320068708846,-0.00583788284082569,0.377));
#2910=CARTESIAN_POINT('',(-0.0160234755224735,-0.00164378035013001,0.377));
#2911=CARTESIAN_POINT('',(-0.0160234755224735,0.00255032214056567,0.377));
#2912=CARTESIAN_POINT('',(-0.0160234755224735,0.00255032214056567,0.377));
#2913=CARTESIAN_POINT('',(-0.0160234755224735,-0.00164378035013001,0.377));
#2914=CARTESIAN_POINT('',(-0.0159748067563699,0.00255032214056567,0.377));
#2915=CARTESIAN_POINT('',(-0.0159261379902662,0.00255032214056567,0.377));
#2916=CARTESIAN_POINT('',(-0.0159261379902662,0.00255032214056567,0.377));
#2917=CARTESIAN_POINT('',(-0.0159748067563699,0.00255032214056567,0.377));
#2918=CARTESIAN_POINT('',(-0.0130274835385056,-0.00164378035013001,0.377));
#2919=CARTESIAN_POINT('',(-0.0101288290867449,-0.00583788284082569,0.377));
#2920=CARTESIAN_POINT('',(-0.0101288290867449,-0.00583788284082569,0.377));
#2921=CARTESIAN_POINT('',(-0.0130274835385056,-0.00164378035013001,0.377));
#2922=CARTESIAN_POINT('',(-0.00891210993415402,-0.00583788284082569,0.377));
#2923=CARTESIAN_POINT('',(-0.00891210993415402,-0.00583788284082569,0.377));
#2924=CARTESIAN_POINT('',(0.,0.,0.377));
#2925=CARTESIAN_POINT('',(0.,0.,0.387));
#2926=MECHANICAL_DESIGN_GEOMETRIC_PRESENTATION_REPRESENTATION('',(#1587),#2927);
#2927=(
GEOMETRIC_REPRESENTATION_CONTEXT(3)
GLOBAL_UNCERTAINTY_ASSIGNED_CONTEXT((#2928))
GLOBAL_UNIT_ASSIGNED_CONTEXT((#2931,#2930,#2929))
REPRESENTATION_CONTEXT('no3','TOP_LEVEL_ASSEMBLY_PART')
);
#2928=UNCERTAINTY_MEASURE_WITH_UNIT(LENGTH_MEASURE(2.E-05),#2931,'DISTANCE_ACCURACY_VALUE','Maximum Tolerance applied to model');
#2929=(
NAMED_UNIT(*)
SI_UNIT($,.STERADIAN.)
SOLID_ANGLE_UNIT()
);
#2930=(
NAMED_UNIT(*)
PLANE_ANGLE_UNIT()
SI_UNIT($,.RADIAN.)
);
#2931=(
LENGTH_UNIT()
NAMED_UNIT(*)
SI_UNIT($,.METRE.)
);
#2932=PRODUCT_DEFINITION_SHAPE('','',#2933);
#2933=PRODUCT_DEFINITION('','',#2935,#2934);
#2934=PRODUCT_DEFINITION_CONTEXT('',#2941,'design');
#2935=PRODUCT_DEFINITION_FORMATION_WITH_SPECIFIED_SOURCE('','',#2937,.NOT_KNOWN.);
#2936=PRODUCT_RELATED_PRODUCT_CATEGORY('','',(#2937));
#2937=PRODUCT('no3','no3','no3',(#2939));
#2938=PRODUCT_CATEGORY('','');
#2939=PRODUCT_CONTEXT('',#2941,'mechanical');
#2940=APPLICATION_PROTOCOL_DEFINITION('international standard','ap242_managed_model_based_3d_engineering',2020,#2941);
#2941=APPLICATION_CONTEXT('managed model based 3d engineering');
ENDSEC;
END-ISO-10303-21;
