ISO-10303-21;
HEADER;
/*Generated by software containing ST-Developer
 * from STEP Tools, Inc. (www.steptools.com) 
 */
/*OPTION: using custom renumber hook */
/*description */
/*implementation_level */
FILE_DESCRIPTION(('STEP AP242 Edition 2','STEP AP242 Edition 2''CAx-IF Rec.Pracs.---Representation and Presentation of Product Manufa
cturing Information (PMI)---4.0---2014-10-13','STEP AP242 Edition 2''CAx-IF Rec.Pracs.---Representation and Presentation of Product Manufa
cturing Information (PMI)---4.0---2014-10-13''CAx-IF Rec.Pracs.---3D Tessellated Geometry---0.4---2014-09-14','STEP AP242 Edition 2''CAx-IF Rec.Pracs.---Representation and Presentation of Product Manufa
cturing Information (PMI)---4.0---2014-10-13''CAx-IF Rec.Pracs.---3D Tessellated Geometry---0.4---2014-09-14''2;1','STEP AP242 Edition 2''CAx-IF Rec.Pracs.---Representation and Presentation of Product Manufa
cturing Information (PMI)---4.0---2014-10-13''CAx-IF Rec.Pracs.---3D Tessellated Geometry---0.4---2014-09-14''2;1''CAx-IF Rec.Pracs.---User Defined Attributes---1.5---2016-08-15'),'2;1');
/*name */
/*time_stamp */
/*author */
/*organization */
/*preprocessor_version */
/*originating_system */
/*authorisation */
FILE_NAME('/vol/tmp/translate-1798439507021733862/69a7e1de1c3198865758059d.step','2026-03-04T07:40:15',(''),(''),'ST-DEVELOPER v20','ONSHAPE BY PTC INC, 1.211','  ');
FILE_SCHEMA(('AP242_MANAGED_MODEL_BASED_3D_ENGINEERING_MIM_LF { 1 0 10303 442 3 1 4 }'));
ENDSEC;
DATA;
#10=ELLIPSE('',#5256,0.0141421356237309,0.01);
#11=ELLIPSE('',#5257,0.0141421356237309,0.01);
#12=ELLIPSE('',#5258,0.0141421356237309,0.01);
#13=ELLIPSE('',#5259,0.0141421356237309,0.01);
#14=B_SPLINE_CURVE_WITH_KNOTS('',3,(#7438,#7439,#7440,#7441,#7442,#7443,#7444,#7445,#7446,#7447,#7448),.UNSPECIFIED.,.F.,.F.,(4,1,1,1,1,1,1,1,4),(0.,0.00394786278515099,0.00789572557030199,0.011843588355453,0.015791451140604,0.019739313925755,0.023687176710906,0.0276350394960569,0.0315829022812079),.UNSPECIFIED.);
#15=B_SPLINE_CURVE_WITH_KNOTS('',3,(#7453,#7454,#7455,#7456,#7457,#7458,#7459,#7460,#7461,#7462,#7463),.UNSPECIFIED.,.F.,.F.,(4,1,1,1,1,1,1,1,4),(0.,0.00394786278515099,0.00789572557030199,0.011843588355453,0.015791451140604,0.019739313925755,0.023687176710906,0.0276350394960569,0.0315829022812079),.UNSPECIFIED.);
#16=B_SPLINE_CURVE_WITH_KNOTS('',3,(#7466,#7467,#7468,#7469,#7470,#7471,#7472,#7473,#7474,#7475,#7476),.UNSPECIFIED.,.F.,.F.,(4,1,1,1,1,1,1,1,4),(0.,0.00394786278515099,0.00789572557030198,0.011843588355453,0.015791451140604,0.019739313925755,0.0236871767109059,0.0276350394960569,0.0315829022812079),.UNSPECIFIED.);
#17=B_SPLINE_CURVE_WITH_KNOTS('',3,(#7481,#7482,#7483,#7484,#7485,#7486,#7487,#7488,#7489,#7490,#7491),.UNSPECIFIED.,.F.,.F.,(4,1,1,1,1,1,1,1,4),(0.,0.00394786278515099,0.00789572557030199,0.011843588355453,0.015791451140604,0.019739313925755,0.023687176710906,0.0276350394960569,0.0315829022812079),.UNSPECIFIED.);
#18=B_SPLINE_CURVE_WITH_KNOTS('',3,(#7494,#7495,#7496,#7497,#7498,#7499,#7500,#7501,#7502,#7503,#7504),.UNSPECIFIED.,.F.,.F.,(4,1,1,1,1,1,1,1,4),(0.,0.00394786278515099,0.00789572557030198,0.011843588355453,0.015791451140604,0.019739313925755,0.0236871767109059,0.0276350394960569,0.0315829022812079),.UNSPECIFIED.);
#19=B_SPLINE_CURVE_WITH_KNOTS('',3,(#7509,#7510,#7511,#7512,#7513,#7514,#7515,#7516,#7517,#7518,#7519),.UNSPECIFIED.,.F.,.F.,(4,1,1,1,1,1,1,1,4),(0.,0.00394786278515099,0.00789572557030198,0.011843588355453,0.015791451140604,0.019739313925755,0.0236871767109059,0.0276350394960569,0.0315829022812079),.UNSPECIFIED.);
#20=B_SPLINE_CURVE_WITH_KNOTS('',3,(#7522,#7523,#7524,#7525,#7526,#7527,#7528,#7529,#7530,#7531,#7532),.UNSPECIFIED.,.F.,.F.,(4,1,1,1,1,1,1,1,4),(0.,0.00394786278515099,0.00789572557030199,0.011843588355453,0.015791451140604,0.019739313925755,0.023687176710906,0.0276350394960569,0.0315829022812079),.UNSPECIFIED.);
#21=B_SPLINE_CURVE_WITH_KNOTS('',3,(#7537,#7538,#7539,#7540,#7541,#7542,#7543,#7544,#7545,#7546,#7547),.UNSPECIFIED.,.F.,.F.,(4,1,1,1,1,1,1,1,4),(0.,0.00394786278515099,0.00789572557030198,0.011843588355453,0.015791451140604,0.019739313925755,0.0236871767109059,0.0276350394960569,0.0315829022812079),.UNSPECIFIED.);
#22=B_SPLINE_CURVE_WITH_KNOTS('',3,(#7560,#7561,#7562,#7563,#7564,#7565),.UNSPECIFIED.,.F.,.F.,(4,1,1,4),(0.,0.0023486037878472,0.0046972075756944,0.0093944151513888),.UNSPECIFIED.);
#23=B_SPLINE_CURVE_WITH_KNOTS('',3,(#7569,#7570,#7571,#7572,#7573,#7574,#7575,#7576,#7577,#7578,#7579),.UNSPECIFIED.,.F.,.F.,(4,1,1,1,1,1,1,1,4),(0.,0.00396668400197497,0.00793336800394994,0.0119000520059249,0.0158667360078999,0.0198334200098749,0.0238001040118498,0.0277667880138248,0.0317334720157998),.UNSPECIFIED.);
#24=B_SPLINE_CURVE_WITH_KNOTS('',3,(#7583,#7584,#7585,#7586,#7587,#7588),.UNSPECIFIED.,.F.,.F.,(4,1,1,4),(0.,0.00234756537638274,0.00469513075276549,0.00939026150553098),.UNSPECIFIED.);
#25=B_SPLINE_CURVE_WITH_KNOTS('',3,(#7589,#7590,#7591,#7592,#7593,#7594),.UNSPECIFIED.,.F.,.F.,(4,1,1,4),(0.,0.0023486037878472,0.0046972075756944,0.0093944151513888),.UNSPECIFIED.);
#26=B_SPLINE_CURVE_WITH_KNOTS('',3,(#7598,#7599,#7600,#7601,#7602,#7603,#7604,#7605,#7606,#7607,#7608),.UNSPECIFIED.,.F.,.F.,(4,1,1,1,1,1,1,1,4),(0.,0.00396668400197497,0.00793336800394994,0.0119000520059249,0.0158667360078999,0.0198334200098748,0.0238001040118498,0.0277667880138248,0.0317334720157997),.UNSPECIFIED.);
#27=B_SPLINE_CURVE_WITH_KNOTS('',3,(#7612,#7613,#7614,#7615,#7616,#7617),.UNSPECIFIED.,.F.,.F.,(4,1,1,4),(0.,0.00234756537638274,0.00469513075276549,0.00939026150553098),.UNSPECIFIED.);
#28=B_SPLINE_CURVE_WITH_KNOTS('',3,(#7618,#7619,#7620,#7621,#7622,#7623),.UNSPECIFIED.,.F.,.F.,(4,1,1,4),(0.,0.0023486037878472,0.0046972075756944,0.00939441515138879),.UNSPECIFIED.);
#29=B_SPLINE_CURVE_WITH_KNOTS('',3,(#7627,#7628,#7629,#7630,#7631,#7632,#7633,#7634,#7635,#7636,#7637),.UNSPECIFIED.,.F.,.F.,(4,1,1,1,1,1,1,1,4),(0.,0.00396668400197497,0.00793336800394995,0.0119000520059249,0.0158667360078999,0.0198334200098749,0.0238001040118498,0.0277667880138248,0.0317334720157998),.UNSPECIFIED.);
#30=B_SPLINE_CURVE_WITH_KNOTS('',3,(#7641,#7642,#7643,#7644,#7645,#7646),.UNSPECIFIED.,.F.,.F.,(4,1,1,4),(0.,0.00234756537638274,0.00469513075276549,0.00939026150553098),.UNSPECIFIED.);
#31=B_SPLINE_CURVE_WITH_KNOTS('',3,(#7647,#7648,#7649,#7650,#7651,#7652),.UNSPECIFIED.,.F.,.F.,(4,1,1,4),(0.,0.0023486037878472,0.0046972075756944,0.0093944151513888),.UNSPECIFIED.);
#32=B_SPLINE_CURVE_WITH_KNOTS('',3,(#7656,#7657,#7658,#7659,#7660,#7661,#7662,#7663,#7664,#7665,#7666),.UNSPECIFIED.,.F.,.F.,(4,1,1,1,1,1,1,1,4),(0.,0.00396668400197497,0.00793336800394994,0.0119000520059249,0.0158667360078999,0.0198334200098749,0.0238001040118498,0.0277667880138248,0.0317334720157998),.UNSPECIFIED.);
#33=B_SPLINE_CURVE_WITH_KNOTS('',3,(#7670,#7671,#7672,#7673,#7674,#7675),.UNSPECIFIED.,.F.,.F.,(4,1,1,4),(0.,0.00234756537638275,0.00469513075276549,0.00939026150553098),.UNSPECIFIED.);
#34=CONTEXT_DEPENDENT_SHAPE_REPRESENTATION(#78,#8223);
#35=CONTEXT_DEPENDENT_SHAPE_REPRESENTATION(#79,#8225);
#36=CONTEXT_DEPENDENT_SHAPE_REPRESENTATION(#80,#8227);
#37=CONTEXT_DEPENDENT_SHAPE_REPRESENTATION(#81,#8229);
#38=CONTEXT_DEPENDENT_SHAPE_REPRESENTATION(#82,#8231);
#39=CONTEXT_DEPENDENT_SHAPE_REPRESENTATION(#83,#8233);
#40=CONTEXT_DEPENDENT_SHAPE_REPRESENTATION(#84,#8235);
#41=CONTEXT_DEPENDENT_SHAPE_REPRESENTATION(#85,#8238);
#42=CONTEXT_DEPENDENT_SHAPE_REPRESENTATION(#86,#8239);
#43=CONTEXT_DEPENDENT_SHAPE_REPRESENTATION(#87,#8240);
#44=CONTEXT_DEPENDENT_SHAPE_REPRESENTATION(#88,#8242);
#45=CONTEXT_DEPENDENT_SHAPE_REPRESENTATION(#89,#8244);
#46=CONTEXT_DEPENDENT_SHAPE_REPRESENTATION(#90,#8245);
#47=CONTEXT_DEPENDENT_SHAPE_REPRESENTATION(#91,#8247);
#48=CONTEXT_DEPENDENT_SHAPE_REPRESENTATION(#92,#8248);
#49=CONTEXT_DEPENDENT_SHAPE_REPRESENTATION(#93,#8249);
#50=CONTEXT_DEPENDENT_SHAPE_REPRESENTATION(#94,#8250);
#51=CONTEXT_DEPENDENT_SHAPE_REPRESENTATION(#95,#8251);
#52=CONTEXT_DEPENDENT_SHAPE_REPRESENTATION(#96,#8252);
#53=CONTEXT_DEPENDENT_SHAPE_REPRESENTATION(#97,#8253);
#54=CONTEXT_DEPENDENT_SHAPE_REPRESENTATION(#98,#8254);
#55=CONTEXT_DEPENDENT_SHAPE_REPRESENTATION(#99,#8255);
#56=NEXT_ASSEMBLY_USAGE_OCCURRENCE('NAUO1','deckel','deckel',#8256,#8257,'');
#57=NEXT_ASSEMBLY_USAGE_OCCURRENCE('NAUO2','einlage_ende','einlage_ende',#8256,#8258,'');
#58=NEXT_ASSEMBLY_USAGE_OCCURRENCE('NAUO3','einlage_mitte','einlage_mitte',#8256,#8259,'');
#59=NEXT_ASSEMBLY_USAGE_OCCURRENCE('NAUO4','Tischplatte','Tischplatte',#8256,#8260,'');
#60=NEXT_ASSEMBLY_USAGE_OCCURRENCE('NAUO5','guetekasten','guetekasten',#8256,#8261,'');
#61=NEXT_ASSEMBLY_USAGE_OCCURRENCE('NAUO6','Einlass','Einlass',#8256,#8262,'');
#62=NEXT_ASSEMBLY_USAGE_OCCURRENCE('NAUO7','einlage_klein','einlage_klein',#8256,#8263,'');
#63=NEXT_ASSEMBLY_USAGE_OCCURRENCE('NAUO8','1','1',#8264,#8265,'');
#64=NEXT_ASSEMBLY_USAGE_OCCURRENCE('NAUO9','1','1',#8264,#8265,'');
#65=NEXT_ASSEMBLY_USAGE_OCCURRENCE('NAUO10','1','1',#8264,#8265,'');
#66=NEXT_ASSEMBLY_USAGE_OCCURRENCE('NAUO11','1','1',#8264,#8266,'');
#67=NEXT_ASSEMBLY_USAGE_OCCURRENCE('NAUO12','1','1',#8264,#8267,'');
#68=NEXT_ASSEMBLY_USAGE_OCCURRENCE('NAUO13','1','1',#8264,#8267,'');
#69=NEXT_ASSEMBLY_USAGE_OCCURRENCE('NAUO14','Part 1','Part 1',#8264,#8268,'');
#70=NEXT_ASSEMBLY_USAGE_OCCURRENCE('NAUO15','1','1',#8264,#8265,'');
#71=NEXT_ASSEMBLY_USAGE_OCCURRENCE('NAUO16','1','1',#8264,#8267,'');
#72=NEXT_ASSEMBLY_USAGE_OCCURRENCE('NAUO17','1','1',#8264,#8265,'');
#73=NEXT_ASSEMBLY_USAGE_OCCURRENCE('NAUO18','1','1',#8264,#8266,'');
#74=NEXT_ASSEMBLY_USAGE_OCCURRENCE('NAUO19','1','1',#8264,#8267,'');
#75=NEXT_ASSEMBLY_USAGE_OCCURRENCE('NAUO20','1','1',#8264,#8265,'');
#76=NEXT_ASSEMBLY_USAGE_OCCURRENCE('NAUO21','1','1',#8264,#8265,'');
#77=NEXT_ASSEMBLY_USAGE_OCCURRENCE('NAUO22','profiltisch <1>','profiltisch <1>',#8256,#8264,'');
#78=(
REPRESENTATION_RELATIONSHIP(' ',' ',#5027,#5026)
REPRESENTATION_RELATIONSHIP_WITH_TRANSFORMATION(#100)
SHAPE_REPRESENTATION_RELATIONSHIP()
);
#79=(
REPRESENTATION_RELATIONSHIP(' ',' ',#5028,#5026)
REPRESENTATION_RELATIONSHIP_WITH_TRANSFORMATION(#101)
SHAPE_REPRESENTATION_RELATIONSHIP()
);
#80=(
REPRESENTATION_RELATIONSHIP(' ',' ',#5029,#5026)
REPRESENTATION_RELATIONSHIP_WITH_TRANSFORMATION(#102)
SHAPE_REPRESENTATION_RELATIONSHIP()
);
#81=(
REPRESENTATION_RELATIONSHIP(' ',' ',#5030,#5026)
REPRESENTATION_RELATIONSHIP_WITH_TRANSFORMATION(#103)
SHAPE_REPRESENTATION_RELATIONSHIP()
);
#82=(
REPRESENTATION_RELATIONSHIP(' ',' ',#5031,#5026)
REPRESENTATION_RELATIONSHIP_WITH_TRANSFORMATION(#104)
SHAPE_REPRESENTATION_RELATIONSHIP()
);
#83=(
REPRESENTATION_RELATIONSHIP(' ',' ',#5032,#5026)
REPRESENTATION_RELATIONSHIP_WITH_TRANSFORMATION(#105)
SHAPE_REPRESENTATION_RELATIONSHIP()
);
#84=(
REPRESENTATION_RELATIONSHIP(' ',' ',#5033,#5026)
REPRESENTATION_RELATIONSHIP_WITH_TRANSFORMATION(#106)
SHAPE_REPRESENTATION_RELATIONSHIP()
);
#85=(
REPRESENTATION_RELATIONSHIP(' ',' ',#5035,#5034)
REPRESENTATION_RELATIONSHIP_WITH_TRANSFORMATION(#107)
SHAPE_REPRESENTATION_RELATIONSHIP()
);
#86=(
REPRESENTATION_RELATIONSHIP(' ',' ',#5035,#5034)
REPRESENTATION_RELATIONSHIP_WITH_TRANSFORMATION(#108)
SHAPE_REPRESENTATION_RELATIONSHIP()
);
#87=(
REPRESENTATION_RELATIONSHIP(' ',' ',#5035,#5034)
REPRESENTATION_RELATIONSHIP_WITH_TRANSFORMATION(#109)
SHAPE_REPRESENTATION_RELATIONSHIP()
);
#88=(
REPRESENTATION_RELATIONSHIP(' ',' ',#5036,#5034)
REPRESENTATION_RELATIONSHIP_WITH_TRANSFORMATION(#110)
SHAPE_REPRESENTATION_RELATIONSHIP()
);
#89=(
REPRESENTATION_RELATIONSHIP(' ',' ',#5037,#5034)
REPRESENTATION_RELATIONSHIP_WITH_TRANSFORMATION(#111)
SHAPE_REPRESENTATION_RELATIONSHIP()
);
#90=(
REPRESENTATION_RELATIONSHIP(' ',' ',#5037,#5034)
REPRESENTATION_RELATIONSHIP_WITH_TRANSFORMATION(#112)
SHAPE_REPRESENTATION_RELATIONSHIP()
);
#91=(
REPRESENTATION_RELATIONSHIP(' ',' ',#5038,#5034)
REPRESENTATION_RELATIONSHIP_WITH_TRANSFORMATION(#113)
SHAPE_REPRESENTATION_RELATIONSHIP()
);
#92=(
REPRESENTATION_RELATIONSHIP(' ',' ',#5035,#5034)
REPRESENTATION_RELATIONSHIP_WITH_TRANSFORMATION(#114)
SHAPE_REPRESENTATION_RELATIONSHIP()
);
#93=(
REPRESENTATION_RELATIONSHIP(' ',' ',#5037,#5034)
REPRESENTATION_RELATIONSHIP_WITH_TRANSFORMATION(#115)
SHAPE_REPRESENTATION_RELATIONSHIP()
);
#94=(
REPRESENTATION_RELATIONSHIP(' ',' ',#5035,#5034)
REPRESENTATION_RELATIONSHIP_WITH_TRANSFORMATION(#116)
SHAPE_REPRESENTATION_RELATIONSHIP()
);
#95=(
REPRESENTATION_RELATIONSHIP(' ',' ',#5036,#5034)
REPRESENTATION_RELATIONSHIP_WITH_TRANSFORMATION(#117)
SHAPE_REPRESENTATION_RELATIONSHIP()
);
#96=(
REPRESENTATION_RELATIONSHIP(' ',' ',#5037,#5034)
REPRESENTATION_RELATIONSHIP_WITH_TRANSFORMATION(#118)
SHAPE_REPRESENTATION_RELATIONSHIP()
);
#97=(
REPRESENTATION_RELATIONSHIP(' ',' ',#5035,#5034)
REPRESENTATION_RELATIONSHIP_WITH_TRANSFORMATION(#119)
SHAPE_REPRESENTATION_RELATIONSHIP()
);
#98=(
REPRESENTATION_RELATIONSHIP(' ',' ',#5035,#5034)
REPRESENTATION_RELATIONSHIP_WITH_TRANSFORMATION(#120)
SHAPE_REPRESENTATION_RELATIONSHIP()
);
#99=(
REPRESENTATION_RELATIONSHIP(' ',' ',#5034,#5026)
REPRESENTATION_RELATIONSHIP_WITH_TRANSFORMATION(#121)
SHAPE_REPRESENTATION_RELATIONSHIP()
);
#100=ITEM_DEFINED_TRANSFORMATION(' ',' ',#5039,#5123);
#101=ITEM_DEFINED_TRANSFORMATION(' ',' ',#5039,#5134);
#102=ITEM_DEFINED_TRANSFORMATION(' ',' ',#5039,#5152);
#103=ITEM_DEFINED_TRANSFORMATION(' ',' ',#5039,#5167);
#104=ITEM_DEFINED_TRANSFORMATION(' ',' ',#5039,#5238);
#105=ITEM_DEFINED_TRANSFORMATION(' ',' ',#5039,#5285);
#106=ITEM_DEFINED_TRANSFORMATION(' ',' ',#5039,#5296);
#107=ITEM_DEFINED_TRANSFORMATION(' ',' ',#5039,#5322);
#108=ITEM_DEFINED_TRANSFORMATION(' ',' ',#5039,#5323);
#109=ITEM_DEFINED_TRANSFORMATION(' ',' ',#5039,#5324);
#110=ITEM_DEFINED_TRANSFORMATION(' ',' ',#5039,#5350);
#111=ITEM_DEFINED_TRANSFORMATION(' ',' ',#5039,#5376);
#112=ITEM_DEFINED_TRANSFORMATION(' ',' ',#5039,#5377);
#113=ITEM_DEFINED_TRANSFORMATION(' ',' ',#5039,#5384);
#114=ITEM_DEFINED_TRANSFORMATION(' ',' ',#5039,#5385);
#115=ITEM_DEFINED_TRANSFORMATION(' ',' ',#5039,#5386);
#116=ITEM_DEFINED_TRANSFORMATION(' ',' ',#5039,#5387);
#117=ITEM_DEFINED_TRANSFORMATION(' ',' ',#5039,#5388);
#118=ITEM_DEFINED_TRANSFORMATION(' ',' ',#5039,#5389);
#119=ITEM_DEFINED_TRANSFORMATION(' ',' ',#5039,#5390);
#120=ITEM_DEFINED_TRANSFORMATION(' ',' ',#5039,#5391);
#121=ITEM_DEFINED_TRANSFORMATION(' ',' ',#5039,#5392);
#122=SHAPE_REPRESENTATION_RELATIONSHIP('','',#5027,#133);
#123=SHAPE_REPRESENTATION_RELATIONSHIP('','',#5028,#134);
#124=SHAPE_REPRESENTATION_RELATIONSHIP('','',#5029,#135);
#125=SHAPE_REPRESENTATION_RELATIONSHIP('','',#5030,#136);
#126=SHAPE_REPRESENTATION_RELATIONSHIP('','',#5031,#137);
#127=SHAPE_REPRESENTATION_RELATIONSHIP('','',#5032,#138);
#128=SHAPE_REPRESENTATION_RELATIONSHIP('','',#5033,#139);
#129=SHAPE_REPRESENTATION_RELATIONSHIP('','',#5035,#140);
#130=SHAPE_REPRESENTATION_RELATIONSHIP('','',#5036,#141);
#131=SHAPE_REPRESENTATION_RELATIONSHIP('','',#5037,#142);
#132=SHAPE_REPRESENTATION_RELATIONSHIP('','',#5038,#143);
#133=ADVANCED_BREP_SHAPE_REPRESENTATION('',(#5002),#8193);
#134=ADVANCED_BREP_SHAPE_REPRESENTATION('',(#5003),#8194);
#135=ADVANCED_BREP_SHAPE_REPRESENTATION('',(#5004),#8195);
#136=ADVANCED_BREP_SHAPE_REPRESENTATION('',(#5005),#8196);
#137=ADVANCED_BREP_SHAPE_REPRESENTATION('',(#5006),#8197);
#138=ADVANCED_BREP_SHAPE_REPRESENTATION('',(#5007),#8198);
#139=ADVANCED_BREP_SHAPE_REPRESENTATION('',(#5008),#8199);
#140=ADVANCED_BREP_SHAPE_REPRESENTATION('',(#5009),#8201);
#141=ADVANCED_BREP_SHAPE_REPRESENTATION('',(#5010),#8202);
#142=ADVANCED_BREP_SHAPE_REPRESENTATION('',(#5011),#8203);
#143=ADVANCED_BREP_SHAPE_REPRESENTATION('',(#5012),#8204);
#144=CYLINDRICAL_SURFACE('',#5069,0.021);
#145=CYLINDRICAL_SURFACE('',#5071,0.021);
#146=CYLINDRICAL_SURFACE('',#5073,0.021);
#147=CYLINDRICAL_SURFACE('',#5075,0.021);
#148=CYLINDRICAL_SURFACE('',#5077,0.021);
#149=CYLINDRICAL_SURFACE('',#5079,0.021);
#150=CYLINDRICAL_SURFACE('',#5081,0.0425);
#151=CYLINDRICAL_SURFACE('',#5083,0.031);
#152=CYLINDRICAL_SURFACE('',#5085,0.031);
#153=CYLINDRICAL_SURFACE('',#5092,0.0475);
#154=CYLINDRICAL_SURFACE('',#5095,0.026);
#155=CYLINDRICAL_SURFACE('',#5098,0.026);
#156=CYLINDRICAL_SURFACE('',#5101,0.026);
#157=CYLINDRICAL_SURFACE('',#5104,0.026);
#158=CYLINDRICAL_SURFACE('',#5107,0.026);
#159=CYLINDRICAL_SURFACE('',#5112,0.03);
#160=CYLINDRICAL_SURFACE('',#5114,0.035);
#161=CYLINDRICAL_SURFACE('',#5117,0.026);
#162=CYLINDRICAL_SURFACE('',#5120,0.036);
#163=CYLINDRICAL_SURFACE('',#5213,0.0225);
#164=CYLINDRICAL_SURFACE('',#5225,0.01);
#165=CYLINDRICAL_SURFACE('',#5227,0.0125);
#166=CYLINDRICAL_SURFACE('',#5230,0.025);
#167=CYLINDRICAL_SURFACE('',#5251,0.025);
#168=CYLINDRICAL_SURFACE('',#5254,0.01);
#169=CYLINDRICAL_SURFACE('',#5260,0.021);
#170=CYLINDRICAL_SURFACE('',#5267,0.035);
#171=CYLINDRICAL_SURFACE('',#5271,0.01);
#172=CYLINDRICAL_SURFACE('',#5272,0.01);
#173=CYLINDRICAL_SURFACE('',#5275,0.01);
#174=CYLINDRICAL_SURFACE('',#5276,0.01);
#175=CYLINDRICAL_SURFACE('',#5278,0.01);
#176=CYLINDRICAL_SURFACE('',#5279,0.01);
#177=CYLINDRICAL_SURFACE('',#5281,0.01);
#178=CYLINDRICAL_SURFACE('',#5282,0.01);
#179=CYLINDRICAL_SURFACE('',#5319,0.005);
#180=CYLINDRICAL_SURFACE('',#5347,0.005);
#181=CYLINDRICAL_SURFACE('',#5373,0.005);
#182=CIRCLE('',#5050,0.036);
#183=CIRCLE('',#5051,0.026);
#184=CIRCLE('',#5052,0.035);
#185=CIRCLE('',#5053,0.026);
#186=CIRCLE('',#5054,0.026);
#187=CIRCLE('',#5055,0.026);
#188=CIRCLE('',#5056,0.026);
#189=CIRCLE('',#5057,0.026);
#190=CIRCLE('',#5058,0.0475);
#191=CIRCLE('',#5060,0.031);
#192=CIRCLE('',#5061,0.031);
#193=CIRCLE('',#5062,0.0425);
#194=CIRCLE('',#5063,0.021);
#195=CIRCLE('',#5064,0.021);
#196=CIRCLE('',#5065,0.021);
#197=CIRCLE('',#5066,0.021);
#198=CIRCLE('',#5067,0.021);
#199=CIRCLE('',#5068,0.021);
#200=CIRCLE('',#5070,0.021);
#201=CIRCLE('',#5072,0.021);
#202=CIRCLE('',#5074,0.021);
#203=CIRCLE('',#5076,0.021);
#204=CIRCLE('',#5078,0.021);
#205=CIRCLE('',#5080,0.021);
#206=CIRCLE('',#5082,0.0425);
#207=CIRCLE('',#5084,0.031);
#208=CIRCLE('',#5086,0.031);
#209=CIRCLE('',#5093,0.0475);
#210=CIRCLE('',#5096,0.026);
#211=CIRCLE('',#5099,0.026);
#212=CIRCLE('',#5102,0.026);
#213=CIRCLE('',#5105,0.026);
#214=CIRCLE('',#5108,0.026);
#215=CIRCLE('',#5111,0.03);
#216=CIRCLE('',#5113,0.03);
#217=CIRCLE('',#5115,0.035);
#218=CIRCLE('',#5118,0.026);
#219=CIRCLE('',#5121,0.036);
#220=CIRCLE('',#5171,0.01);
#221=CIRCLE('',#5180,0.0225);
#222=CIRCLE('',#5201,0.0125);
#223=CIRCLE('',#5204,0.025);
#224=CIRCLE('',#5214,0.0225);
#225=CIRCLE('',#5226,0.01);
#226=CIRCLE('',#5228,0.0125);
#227=CIRCLE('',#5231,0.025);
#228=CIRCLE('',#5240,0.01);
#229=CIRCLE('',#5241,0.021);
#230=CIRCLE('',#5243,0.021);
#231=CIRCLE('',#5244,0.01);
#232=CIRCLE('',#5246,0.01);
#233=CIRCLE('',#5247,0.021);
#234=CIRCLE('',#5249,0.021);
#235=CIRCLE('',#5250,0.01);
#236=CIRCLE('',#5252,0.025);
#237=CIRCLE('',#5253,0.025);
#238=CIRCLE('',#5255,0.01);
#239=CIRCLE('',#5261,0.021);
#240=CIRCLE('',#5264,0.035);
#241=CIRCLE('',#5266,0.035);
#242=CIRCLE('',#5298,0.005);
#243=CIRCLE('',#5320,0.005);
#244=CIRCLE('',#5326,0.005);
#245=CIRCLE('',#5348,0.005);
#246=CIRCLE('',#5352,0.005);
#247=CIRCLE('',#5374,0.005);
#248=ORIENTED_EDGE('',*,*,#1536,.T.);
#249=ORIENTED_EDGE('',*,*,#1537,.F.);
#250=ORIENTED_EDGE('',*,*,#1538,.F.);
#251=ORIENTED_EDGE('',*,*,#1539,.T.);
#252=ORIENTED_EDGE('',*,*,#1540,.T.);
#253=ORIENTED_EDGE('',*,*,#1539,.F.);
#254=ORIENTED_EDGE('',*,*,#1541,.F.);
#255=ORIENTED_EDGE('',*,*,#1542,.T.);
#256=ORIENTED_EDGE('',*,*,#1543,.T.);
#257=ORIENTED_EDGE('',*,*,#1542,.F.);
#258=ORIENTED_EDGE('',*,*,#1544,.F.);
#259=ORIENTED_EDGE('',*,*,#1545,.T.);
#260=ORIENTED_EDGE('',*,*,#1546,.T.);
#261=ORIENTED_EDGE('',*,*,#1545,.F.);
#262=ORIENTED_EDGE('',*,*,#1547,.F.);
#263=ORIENTED_EDGE('',*,*,#1537,.T.);
#264=ORIENTED_EDGE('',*,*,#1538,.T.);
#265=ORIENTED_EDGE('',*,*,#1547,.T.);
#266=ORIENTED_EDGE('',*,*,#1544,.T.);
#267=ORIENTED_EDGE('',*,*,#1541,.T.);
#268=ORIENTED_EDGE('',*,*,#1548,.F.);
#269=ORIENTED_EDGE('',*,*,#1549,.F.);
#270=ORIENTED_EDGE('',*,*,#1550,.T.);
#271=ORIENTED_EDGE('',*,*,#1551,.T.);
#272=ORIENTED_EDGE('',*,*,#1552,.T.);
#273=ORIENTED_EDGE('',*,*,#1553,.F.);
#274=ORIENTED_EDGE('',*,*,#1554,.F.);
#275=ORIENTED_EDGE('',*,*,#1549,.T.);
#276=ORIENTED_EDGE('',*,*,#1555,.T.);
#277=ORIENTED_EDGE('',*,*,#1556,.F.);
#278=ORIENTED_EDGE('',*,*,#1557,.F.);
#279=ORIENTED_EDGE('',*,*,#1553,.T.);
#280=ORIENTED_EDGE('',*,*,#1558,.F.);
#281=ORIENTED_EDGE('',*,*,#1551,.F.);
#282=ORIENTED_EDGE('',*,*,#1559,.T.);
#283=ORIENTED_EDGE('',*,*,#1556,.T.);
#284=ORIENTED_EDGE('',*,*,#1560,.F.);
#285=ORIENTED_EDGE('',*,*,#1561,.F.);
#286=ORIENTED_EDGE('',*,*,#1562,.F.);
#287=ORIENTED_EDGE('',*,*,#1563,.F.);
#288=ORIENTED_EDGE('',*,*,#1564,.F.);
#289=ORIENTED_EDGE('',*,*,#1565,.F.);
#290=ORIENTED_EDGE('',*,*,#1566,.F.);
#291=ORIENTED_EDGE('',*,*,#1567,.F.);
#292=ORIENTED_EDGE('',*,*,#1568,.F.);
#293=ORIENTED_EDGE('',*,*,#1550,.F.);
#294=ORIENTED_EDGE('',*,*,#1554,.T.);
#295=ORIENTED_EDGE('',*,*,#1557,.T.);
#296=ORIENTED_EDGE('',*,*,#1559,.F.);
#297=ORIENTED_EDGE('',*,*,#1540,.F.);
#298=ORIENTED_EDGE('',*,*,#1543,.F.);
#299=ORIENTED_EDGE('',*,*,#1546,.F.);
#300=ORIENTED_EDGE('',*,*,#1536,.F.);
#301=ORIENTED_EDGE('',*,*,#1569,.T.);
#302=ORIENTED_EDGE('',*,*,#1570,.T.);
#303=ORIENTED_EDGE('',*,*,#1571,.T.);
#304=ORIENTED_EDGE('',*,*,#1572,.T.);
#305=ORIENTED_EDGE('',*,*,#1573,.F.);
#306=ORIENTED_EDGE('',*,*,#1574,.F.);
#307=ORIENTED_EDGE('',*,*,#1575,.F.);
#308=ORIENTED_EDGE('',*,*,#1576,.F.);
#309=ORIENTED_EDGE('',*,*,#1577,.F.);
#310=ORIENTED_EDGE('',*,*,#1578,.F.);
#311=ORIENTED_EDGE('',*,*,#1579,.F.);
#312=ORIENTED_EDGE('',*,*,#1580,.F.);
#313=ORIENTED_EDGE('',*,*,#1581,.F.);
#314=ORIENTED_EDGE('',*,*,#1548,.T.);
#315=ORIENTED_EDGE('',*,*,#1558,.T.);
#316=ORIENTED_EDGE('',*,*,#1555,.F.);
#317=ORIENTED_EDGE('',*,*,#1552,.F.);
#318=ORIENTED_EDGE('',*,*,#1581,.T.);
#319=ORIENTED_EDGE('',*,*,#1582,.T.);
#320=ORIENTED_EDGE('',*,*,#1580,.T.);
#321=ORIENTED_EDGE('',*,*,#1583,.T.);
#322=ORIENTED_EDGE('',*,*,#1579,.T.);
#323=ORIENTED_EDGE('',*,*,#1584,.T.);
#324=ORIENTED_EDGE('',*,*,#1578,.T.);
#325=ORIENTED_EDGE('',*,*,#1585,.T.);
#326=ORIENTED_EDGE('',*,*,#1577,.T.);
#327=ORIENTED_EDGE('',*,*,#1586,.T.);
#328=ORIENTED_EDGE('',*,*,#1576,.T.);
#329=ORIENTED_EDGE('',*,*,#1587,.T.);
#330=ORIENTED_EDGE('',*,*,#1575,.T.);
#331=ORIENTED_EDGE('',*,*,#1588,.T.);
#332=ORIENTED_EDGE('',*,*,#1574,.T.);
#333=ORIENTED_EDGE('',*,*,#1589,.T.);
#334=ORIENTED_EDGE('',*,*,#1590,.F.);
#335=ORIENTED_EDGE('',*,*,#1573,.T.);
#336=ORIENTED_EDGE('',*,*,#1570,.F.);
#337=ORIENTED_EDGE('',*,*,#1591,.F.);
#338=ORIENTED_EDGE('',*,*,#1592,.T.);
#339=ORIENTED_EDGE('',*,*,#1593,.T.);
#340=ORIENTED_EDGE('',*,*,#1569,.F.);
#341=ORIENTED_EDGE('',*,*,#1594,.F.);
#342=ORIENTED_EDGE('',*,*,#1595,.T.);
#343=ORIENTED_EDGE('',*,*,#1591,.T.);
#344=ORIENTED_EDGE('',*,*,#1572,.F.);
#345=ORIENTED_EDGE('',*,*,#1596,.F.);
#346=ORIENTED_EDGE('',*,*,#1597,.T.);
#347=ORIENTED_EDGE('',*,*,#1594,.T.);
#348=ORIENTED_EDGE('',*,*,#1571,.F.);
#349=ORIENTED_EDGE('',*,*,#1593,.F.);
#350=ORIENTED_EDGE('',*,*,#1598,.T.);
#351=ORIENTED_EDGE('',*,*,#1596,.T.);
#352=ORIENTED_EDGE('',*,*,#1592,.F.);
#353=ORIENTED_EDGE('',*,*,#1595,.F.);
#354=ORIENTED_EDGE('',*,*,#1597,.F.);
#355=ORIENTED_EDGE('',*,*,#1598,.F.);
#356=ORIENTED_EDGE('',*,*,#1599,.F.);
#357=ORIENTED_EDGE('',*,*,#1568,.T.);
#358=ORIENTED_EDGE('',*,*,#1588,.F.);
#359=ORIENTED_EDGE('',*,*,#1599,.T.);
#360=ORIENTED_EDGE('',*,*,#1600,.F.);
#361=ORIENTED_EDGE('',*,*,#1567,.T.);
#362=ORIENTED_EDGE('',*,*,#1582,.F.);
#363=ORIENTED_EDGE('',*,*,#1600,.T.);
#364=ORIENTED_EDGE('',*,*,#1601,.F.);
#365=ORIENTED_EDGE('',*,*,#1566,.T.);
#366=ORIENTED_EDGE('',*,*,#1583,.F.);
#367=ORIENTED_EDGE('',*,*,#1601,.T.);
#368=ORIENTED_EDGE('',*,*,#1602,.F.);
#369=ORIENTED_EDGE('',*,*,#1565,.T.);
#370=ORIENTED_EDGE('',*,*,#1584,.F.);
#371=ORIENTED_EDGE('',*,*,#1602,.T.);
#372=ORIENTED_EDGE('',*,*,#1603,.F.);
#373=ORIENTED_EDGE('',*,*,#1564,.T.);
#374=ORIENTED_EDGE('',*,*,#1585,.F.);
#375=ORIENTED_EDGE('',*,*,#1603,.T.);
#376=ORIENTED_EDGE('',*,*,#1604,.F.);
#377=ORIENTED_EDGE('',*,*,#1563,.T.);
#378=ORIENTED_EDGE('',*,*,#1586,.F.);
#379=ORIENTED_EDGE('',*,*,#1604,.T.);
#380=ORIENTED_EDGE('',*,*,#1605,.T.);
#381=ORIENTED_EDGE('',*,*,#1590,.T.);
#382=ORIENTED_EDGE('',*,*,#1606,.T.);
#383=ORIENTED_EDGE('',*,*,#1605,.F.);
#384=ORIENTED_EDGE('',*,*,#1607,.F.);
#385=ORIENTED_EDGE('',*,*,#1562,.T.);
#386=ORIENTED_EDGE('',*,*,#1606,.F.);
#387=ORIENTED_EDGE('',*,*,#1607,.T.);
#388=ORIENTED_EDGE('',*,*,#1608,.F.);
#389=ORIENTED_EDGE('',*,*,#1561,.T.);
#390=ORIENTED_EDGE('',*,*,#1587,.F.);
#391=ORIENTED_EDGE('',*,*,#1608,.T.);
#392=ORIENTED_EDGE('',*,*,#1609,.F.);
#393=ORIENTED_EDGE('',*,*,#1560,.T.);
#394=ORIENTED_EDGE('',*,*,#1589,.F.);
#395=ORIENTED_EDGE('',*,*,#1609,.T.);
#396=ORIENTED_EDGE('',*,*,#1610,.F.);
#397=ORIENTED_EDGE('',*,*,#1611,.T.);
#398=ORIENTED_EDGE('',*,*,#1612,.T.);
#399=ORIENTED_EDGE('',*,*,#1613,.F.);
#400=ORIENTED_EDGE('',*,*,#1614,.T.);
#401=ORIENTED_EDGE('',*,*,#1615,.T.);
#402=ORIENTED_EDGE('',*,*,#1610,.T.);
#403=ORIENTED_EDGE('',*,*,#1616,.T.);
#404=ORIENTED_EDGE('',*,*,#1617,.F.);
#405=ORIENTED_EDGE('',*,*,#1618,.F.);
#406=ORIENTED_EDGE('',*,*,#1619,.T.);
#407=ORIENTED_EDGE('',*,*,#1620,.F.);
#408=ORIENTED_EDGE('',*,*,#1621,.T.);
#409=ORIENTED_EDGE('',*,*,#1622,.F.);
#410=ORIENTED_EDGE('',*,*,#1623,.F.);
#411=ORIENTED_EDGE('',*,*,#1618,.T.);
#412=ORIENTED_EDGE('',*,*,#1624,.F.);
#413=ORIENTED_EDGE('',*,*,#1625,.T.);
#414=ORIENTED_EDGE('',*,*,#1626,.F.);
#415=ORIENTED_EDGE('',*,*,#1622,.T.);
#416=ORIENTED_EDGE('',*,*,#1627,.T.);
#417=ORIENTED_EDGE('',*,*,#1628,.F.);
#418=ORIENTED_EDGE('',*,*,#1612,.F.);
#419=ORIENTED_EDGE('',*,*,#1629,.F.);
#420=ORIENTED_EDGE('',*,*,#1630,.F.);
#421=ORIENTED_EDGE('',*,*,#1616,.F.);
#422=ORIENTED_EDGE('',*,*,#1613,.T.);
#423=ORIENTED_EDGE('',*,*,#1628,.T.);
#424=ORIENTED_EDGE('',*,*,#1631,.F.);
#425=ORIENTED_EDGE('',*,*,#1619,.F.);
#426=ORIENTED_EDGE('',*,*,#1623,.T.);
#427=ORIENTED_EDGE('',*,*,#1626,.T.);
#428=ORIENTED_EDGE('',*,*,#1617,.T.);
#429=ORIENTED_EDGE('',*,*,#1630,.T.);
#430=ORIENTED_EDGE('',*,*,#1627,.F.);
#431=ORIENTED_EDGE('',*,*,#1621,.F.);
#432=ORIENTED_EDGE('',*,*,#1631,.T.);
#433=ORIENTED_EDGE('',*,*,#1625,.F.);
#434=ORIENTED_EDGE('',*,*,#1632,.F.);
#435=ORIENTED_EDGE('',*,*,#1620,.T.);
#436=ORIENTED_EDGE('',*,*,#1611,.F.);
#437=ORIENTED_EDGE('',*,*,#1615,.F.);
#438=ORIENTED_EDGE('',*,*,#1633,.T.);
#439=ORIENTED_EDGE('',*,*,#1629,.T.);
#440=ORIENTED_EDGE('',*,*,#1614,.F.);
#441=ORIENTED_EDGE('',*,*,#1632,.T.);
#442=ORIENTED_EDGE('',*,*,#1624,.T.);
#443=ORIENTED_EDGE('',*,*,#1633,.F.);
#444=ORIENTED_EDGE('',*,*,#1634,.T.);
#445=ORIENTED_EDGE('',*,*,#1635,.T.);
#446=ORIENTED_EDGE('',*,*,#1636,.T.);
#447=ORIENTED_EDGE('',*,*,#1637,.T.);
#448=ORIENTED_EDGE('',*,*,#1638,.F.);
#449=ORIENTED_EDGE('',*,*,#1639,.F.);
#450=ORIENTED_EDGE('',*,*,#1640,.T.);
#451=ORIENTED_EDGE('',*,*,#1641,.F.);
#452=ORIENTED_EDGE('',*,*,#1642,.F.);
#453=ORIENTED_EDGE('',*,*,#1643,.T.);
#454=ORIENTED_EDGE('',*,*,#1644,.F.);
#455=ORIENTED_EDGE('',*,*,#1645,.F.);
#456=ORIENTED_EDGE('',*,*,#1646,.F.);
#457=ORIENTED_EDGE('',*,*,#1647,.F.);
#458=ORIENTED_EDGE('',*,*,#1648,.T.);
#459=ORIENTED_EDGE('',*,*,#1649,.T.);
#460=ORIENTED_EDGE('',*,*,#1650,.T.);
#461=ORIENTED_EDGE('',*,*,#1651,.T.);
#462=ORIENTED_EDGE('',*,*,#1652,.F.);
#463=ORIENTED_EDGE('',*,*,#1653,.F.);
#464=ORIENTED_EDGE('',*,*,#1654,.F.);
#465=ORIENTED_EDGE('',*,*,#1655,.F.);
#466=ORIENTED_EDGE('',*,*,#1656,.T.);
#467=ORIENTED_EDGE('',*,*,#1657,.T.);
#468=ORIENTED_EDGE('',*,*,#1658,.F.);
#469=ORIENTED_EDGE('',*,*,#1642,.T.);
#470=ORIENTED_EDGE('',*,*,#1659,.F.);
#471=ORIENTED_EDGE('',*,*,#1660,.F.);
#472=ORIENTED_EDGE('',*,*,#1636,.F.);
#473=ORIENTED_EDGE('',*,*,#1661,.T.);
#474=ORIENTED_EDGE('',*,*,#1662,.T.);
#475=ORIENTED_EDGE('',*,*,#1663,.T.);
#476=ORIENTED_EDGE('',*,*,#1662,.F.);
#477=ORIENTED_EDGE('',*,*,#1664,.T.);
#478=ORIENTED_EDGE('',*,*,#1660,.T.);
#479=ORIENTED_EDGE('',*,*,#1665,.T.);
#480=ORIENTED_EDGE('',*,*,#1666,.T.);
#481=ORIENTED_EDGE('',*,*,#1667,.T.);
#482=ORIENTED_EDGE('',*,*,#1639,.T.);
#483=ORIENTED_EDGE('',*,*,#1668,.T.);
#484=ORIENTED_EDGE('',*,*,#1650,.F.);
#485=ORIENTED_EDGE('',*,*,#1669,.F.);
#486=ORIENTED_EDGE('',*,*,#1647,.T.);
#487=ORIENTED_EDGE('',*,*,#1670,.F.);
#488=ORIENTED_EDGE('',*,*,#1653,.T.);
#489=ORIENTED_EDGE('',*,*,#1671,.F.);
#490=ORIENTED_EDGE('',*,*,#1648,.F.);
#491=ORIENTED_EDGE('',*,*,#1669,.T.);
#492=ORIENTED_EDGE('',*,*,#1665,.F.);
#493=ORIENTED_EDGE('',*,*,#1659,.T.);
#494=ORIENTED_EDGE('',*,*,#1649,.F.);
#495=ORIENTED_EDGE('',*,*,#1671,.T.);
#496=ORIENTED_EDGE('',*,*,#1652,.T.);
#497=ORIENTED_EDGE('',*,*,#1672,.F.);
#498=ORIENTED_EDGE('',*,*,#1637,.F.);
#499=ORIENTED_EDGE('',*,*,#1663,.F.);
#500=ORIENTED_EDGE('',*,*,#1651,.F.);
#501=ORIENTED_EDGE('',*,*,#1668,.F.);
#502=ORIENTED_EDGE('',*,*,#1638,.T.);
#503=ORIENTED_EDGE('',*,*,#1672,.T.);
#504=ORIENTED_EDGE('',*,*,#1646,.T.);
#505=ORIENTED_EDGE('',*,*,#1673,.T.);
#506=ORIENTED_EDGE('',*,*,#1674,.F.);
#507=ORIENTED_EDGE('',*,*,#1670,.T.);
#508=ORIENTED_EDGE('',*,*,#1675,.F.);
#509=ORIENTED_EDGE('',*,*,#1640,.F.);
#510=ORIENTED_EDGE('',*,*,#1667,.F.);
#511=ORIENTED_EDGE('',*,*,#1676,.T.);
#512=ORIENTED_EDGE('',*,*,#1677,.F.);
#513=ORIENTED_EDGE('',*,*,#1676,.F.);
#514=ORIENTED_EDGE('',*,*,#1666,.F.);
#515=ORIENTED_EDGE('',*,*,#1674,.T.);
#516=ORIENTED_EDGE('',*,*,#1655,.T.);
#517=ORIENTED_EDGE('',*,*,#1678,.T.);
#518=ORIENTED_EDGE('',*,*,#1634,.F.);
#519=ORIENTED_EDGE('',*,*,#1679,.F.);
#520=ORIENTED_EDGE('',*,*,#1680,.T.);
#521=ORIENTED_EDGE('',*,*,#1644,.T.);
#522=ORIENTED_EDGE('',*,*,#1681,.F.);
#523=ORIENTED_EDGE('',*,*,#1657,.F.);
#524=ORIENTED_EDGE('',*,*,#1654,.T.);
#525=ORIENTED_EDGE('',*,*,#1681,.T.);
#526=ORIENTED_EDGE('',*,*,#1643,.F.);
#527=ORIENTED_EDGE('',*,*,#1658,.T.);
#528=ORIENTED_EDGE('',*,*,#1664,.F.);
#529=ORIENTED_EDGE('',*,*,#1661,.F.);
#530=ORIENTED_EDGE('',*,*,#1635,.F.);
#531=ORIENTED_EDGE('',*,*,#1678,.F.);
#532=ORIENTED_EDGE('',*,*,#1679,.T.);
#533=ORIENTED_EDGE('',*,*,#1641,.T.);
#534=ORIENTED_EDGE('',*,*,#1675,.T.);
#535=ORIENTED_EDGE('',*,*,#1677,.T.);
#536=ORIENTED_EDGE('',*,*,#1673,.F.);
#537=ORIENTED_EDGE('',*,*,#1645,.T.);
#538=ORIENTED_EDGE('',*,*,#1680,.F.);
#539=ORIENTED_EDGE('',*,*,#1656,.F.);
#540=ORIENTED_EDGE('',*,*,#1682,.T.);
#541=ORIENTED_EDGE('',*,*,#1683,.T.);
#542=ORIENTED_EDGE('',*,*,#1684,.F.);
#543=ORIENTED_EDGE('',*,*,#1685,.F.);
#544=ORIENTED_EDGE('',*,*,#1686,.F.);
#545=ORIENTED_EDGE('',*,*,#1687,.F.);
#546=ORIENTED_EDGE('',*,*,#1688,.F.);
#547=ORIENTED_EDGE('',*,*,#1689,.F.);
#548=ORIENTED_EDGE('',*,*,#1690,.F.);
#549=ORIENTED_EDGE('',*,*,#1691,.F.);
#550=ORIENTED_EDGE('',*,*,#1692,.F.);
#551=ORIENTED_EDGE('',*,*,#1693,.F.);
#552=ORIENTED_EDGE('',*,*,#1694,.F.);
#553=ORIENTED_EDGE('',*,*,#1695,.T.);
#554=ORIENTED_EDGE('',*,*,#1696,.T.);
#555=ORIENTED_EDGE('',*,*,#1697,.F.);
#556=ORIENTED_EDGE('',*,*,#1698,.T.);
#557=ORIENTED_EDGE('',*,*,#1699,.T.);
#558=ORIENTED_EDGE('',*,*,#1700,.T.);
#559=ORIENTED_EDGE('',*,*,#1701,.T.);
#560=ORIENTED_EDGE('',*,*,#1702,.T.);
#561=ORIENTED_EDGE('',*,*,#1703,.T.);
#562=ORIENTED_EDGE('',*,*,#1704,.T.);
#563=ORIENTED_EDGE('',*,*,#1705,.T.);
#564=ORIENTED_EDGE('',*,*,#1694,.T.);
#565=ORIENTED_EDGE('',*,*,#1706,.F.);
#566=ORIENTED_EDGE('',*,*,#1682,.F.);
#567=ORIENTED_EDGE('',*,*,#1707,.T.);
#568=ORIENTED_EDGE('',*,*,#1695,.F.);
#569=ORIENTED_EDGE('',*,*,#1707,.F.);
#570=ORIENTED_EDGE('',*,*,#1685,.T.);
#571=ORIENTED_EDGE('',*,*,#1708,.T.);
#572=ORIENTED_EDGE('',*,*,#1696,.F.);
#573=ORIENTED_EDGE('',*,*,#1708,.F.);
#574=ORIENTED_EDGE('',*,*,#1684,.T.);
#575=ORIENTED_EDGE('',*,*,#1709,.T.);
#576=ORIENTED_EDGE('',*,*,#1697,.T.);
#577=ORIENTED_EDGE('',*,*,#1709,.F.);
#578=ORIENTED_EDGE('',*,*,#1683,.F.);
#579=ORIENTED_EDGE('',*,*,#1706,.T.);
#580=ORIENTED_EDGE('',*,*,#1686,.T.);
#581=ORIENTED_EDGE('',*,*,#1710,.T.);
#582=ORIENTED_EDGE('',*,*,#1699,.F.);
#583=ORIENTED_EDGE('',*,*,#1711,.F.);
#584=ORIENTED_EDGE('',*,*,#1687,.T.);
#585=ORIENTED_EDGE('',*,*,#1711,.T.);
#586=ORIENTED_EDGE('',*,*,#1698,.F.);
#587=ORIENTED_EDGE('',*,*,#1712,.F.);
#588=ORIENTED_EDGE('',*,*,#1688,.T.);
#589=ORIENTED_EDGE('',*,*,#1712,.T.);
#590=ORIENTED_EDGE('',*,*,#1705,.F.);
#591=ORIENTED_EDGE('',*,*,#1713,.F.);
#592=ORIENTED_EDGE('',*,*,#1689,.T.);
#593=ORIENTED_EDGE('',*,*,#1713,.T.);
#594=ORIENTED_EDGE('',*,*,#1704,.F.);
#595=ORIENTED_EDGE('',*,*,#1714,.F.);
#596=ORIENTED_EDGE('',*,*,#1690,.T.);
#597=ORIENTED_EDGE('',*,*,#1714,.T.);
#598=ORIENTED_EDGE('',*,*,#1703,.F.);
#599=ORIENTED_EDGE('',*,*,#1715,.F.);
#600=ORIENTED_EDGE('',*,*,#1691,.T.);
#601=ORIENTED_EDGE('',*,*,#1715,.T.);
#602=ORIENTED_EDGE('',*,*,#1702,.F.);
#603=ORIENTED_EDGE('',*,*,#1716,.F.);
#604=ORIENTED_EDGE('',*,*,#1692,.T.);
#605=ORIENTED_EDGE('',*,*,#1716,.T.);
#606=ORIENTED_EDGE('',*,*,#1701,.F.);
#607=ORIENTED_EDGE('',*,*,#1717,.F.);
#608=ORIENTED_EDGE('',*,*,#1693,.T.);
#609=ORIENTED_EDGE('',*,*,#1717,.T.);
#610=ORIENTED_EDGE('',*,*,#1700,.F.);
#611=ORIENTED_EDGE('',*,*,#1710,.F.);
#612=ORIENTED_EDGE('',*,*,#1718,.F.);
#613=ORIENTED_EDGE('',*,*,#1719,.F.);
#614=ORIENTED_EDGE('',*,*,#1720,.F.);
#615=ORIENTED_EDGE('',*,*,#1721,.T.);
#616=ORIENTED_EDGE('',*,*,#1722,.F.);
#617=ORIENTED_EDGE('',*,*,#1723,.F.);
#618=ORIENTED_EDGE('',*,*,#1724,.T.);
#619=ORIENTED_EDGE('',*,*,#1725,.F.);
#620=ORIENTED_EDGE('',*,*,#1726,.F.);
#621=ORIENTED_EDGE('',*,*,#1721,.F.);
#622=ORIENTED_EDGE('',*,*,#1727,.F.);
#623=ORIENTED_EDGE('',*,*,#1728,.F.);
#624=ORIENTED_EDGE('',*,*,#1729,.T.);
#625=ORIENTED_EDGE('',*,*,#1730,.T.);
#626=ORIENTED_EDGE('',*,*,#1731,.F.);
#627=ORIENTED_EDGE('',*,*,#1723,.T.);
#628=ORIENTED_EDGE('',*,*,#1732,.T.);
#629=ORIENTED_EDGE('',*,*,#1733,.F.);
#630=ORIENTED_EDGE('',*,*,#1725,.T.);
#631=ORIENTED_EDGE('',*,*,#1734,.T.);
#632=ORIENTED_EDGE('',*,*,#1735,.F.);
#633=ORIENTED_EDGE('',*,*,#1736,.F.);
#634=ORIENTED_EDGE('',*,*,#1737,.T.);
#635=ORIENTED_EDGE('',*,*,#1738,.T.);
#636=ORIENTED_EDGE('',*,*,#1719,.T.);
#637=ORIENTED_EDGE('',*,*,#1739,.F.);
#638=ORIENTED_EDGE('',*,*,#1740,.F.);
#639=ORIENTED_EDGE('',*,*,#1741,.F.);
#640=ORIENTED_EDGE('',*,*,#1742,.T.);
#641=ORIENTED_EDGE('',*,*,#1743,.F.);
#642=ORIENTED_EDGE('',*,*,#1744,.F.);
#643=ORIENTED_EDGE('',*,*,#1745,.F.);
#644=ORIENTED_EDGE('',*,*,#1746,.T.);
#645=ORIENTED_EDGE('',*,*,#1747,.T.);
#646=ORIENTED_EDGE('',*,*,#1748,.T.);
#647=ORIENTED_EDGE('',*,*,#1749,.T.);
#648=ORIENTED_EDGE('',*,*,#1750,.T.);
#649=ORIENTED_EDGE('',*,*,#1751,.T.);
#650=ORIENTED_EDGE('',*,*,#1752,.T.);
#651=ORIENTED_EDGE('',*,*,#1753,.T.);
#652=ORIENTED_EDGE('',*,*,#1754,.T.);
#653=ORIENTED_EDGE('',*,*,#1755,.T.);
#654=ORIENTED_EDGE('',*,*,#1756,.T.);
#655=ORIENTED_EDGE('',*,*,#1757,.F.);
#656=ORIENTED_EDGE('',*,*,#1758,.F.);
#657=ORIENTED_EDGE('',*,*,#1759,.F.);
#658=ORIENTED_EDGE('',*,*,#1760,.T.);
#659=ORIENTED_EDGE('',*,*,#1761,.F.);
#660=ORIENTED_EDGE('',*,*,#1762,.F.);
#661=ORIENTED_EDGE('',*,*,#1763,.F.);
#662=ORIENTED_EDGE('',*,*,#1764,.T.);
#663=ORIENTED_EDGE('',*,*,#1765,.F.);
#664=ORIENTED_EDGE('',*,*,#1766,.F.);
#665=ORIENTED_EDGE('',*,*,#1767,.F.);
#666=ORIENTED_EDGE('',*,*,#1768,.F.);
#667=ORIENTED_EDGE('',*,*,#1769,.F.);
#668=ORIENTED_EDGE('',*,*,#1770,.F.);
#669=ORIENTED_EDGE('',*,*,#1750,.F.);
#670=ORIENTED_EDGE('',*,*,#1771,.T.);
#671=ORIENTED_EDGE('',*,*,#1772,.T.);
#672=ORIENTED_EDGE('',*,*,#1773,.T.);
#673=ORIENTED_EDGE('',*,*,#1774,.T.);
#674=ORIENTED_EDGE('',*,*,#1775,.T.);
#675=ORIENTED_EDGE('',*,*,#1746,.F.);
#676=ORIENTED_EDGE('',*,*,#1776,.F.);
#677=ORIENTED_EDGE('',*,*,#1777,.F.);
#678=ORIENTED_EDGE('',*,*,#1778,.T.);
#679=ORIENTED_EDGE('',*,*,#1779,.F.);
#680=ORIENTED_EDGE('',*,*,#1780,.T.);
#681=ORIENTED_EDGE('',*,*,#1781,.F.);
#682=ORIENTED_EDGE('',*,*,#1742,.F.);
#683=ORIENTED_EDGE('',*,*,#1782,.T.);
#684=ORIENTED_EDGE('',*,*,#1783,.T.);
#685=ORIENTED_EDGE('',*,*,#1752,.F.);
#686=ORIENTED_EDGE('',*,*,#1784,.F.);
#687=ORIENTED_EDGE('',*,*,#1756,.F.);
#688=ORIENTED_EDGE('',*,*,#1785,.T.);
#689=ORIENTED_EDGE('',*,*,#1786,.T.);
#690=ORIENTED_EDGE('',*,*,#1787,.F.);
#691=ORIENTED_EDGE('',*,*,#1788,.F.);
#692=ORIENTED_EDGE('',*,*,#1760,.F.);
#693=ORIENTED_EDGE('',*,*,#1789,.F.);
#694=ORIENTED_EDGE('',*,*,#1790,.T.);
#695=ORIENTED_EDGE('',*,*,#1791,.T.);
#696=ORIENTED_EDGE('',*,*,#1792,.F.);
#697=ORIENTED_EDGE('',*,*,#1793,.T.);
#698=ORIENTED_EDGE('',*,*,#1772,.F.);
#699=ORIENTED_EDGE('',*,*,#1794,.T.);
#700=ORIENTED_EDGE('',*,*,#1782,.F.);
#701=ORIENTED_EDGE('',*,*,#1795,.F.);
#702=ORIENTED_EDGE('',*,*,#1786,.F.);
#703=ORIENTED_EDGE('',*,*,#1796,.T.);
#704=ORIENTED_EDGE('',*,*,#1774,.F.);
#705=ORIENTED_EDGE('',*,*,#1797,.F.);
#706=ORIENTED_EDGE('',*,*,#1798,.F.);
#707=ORIENTED_EDGE('',*,*,#1780,.F.);
#708=ORIENTED_EDGE('',*,*,#1799,.T.);
#709=ORIENTED_EDGE('',*,*,#1790,.F.);
#710=ORIENTED_EDGE('',*,*,#1738,.F.);
#711=ORIENTED_EDGE('',*,*,#1800,.F.);
#712=ORIENTED_EDGE('',*,*,#1727,.T.);
#713=ORIENTED_EDGE('',*,*,#1720,.T.);
#714=ORIENTED_EDGE('',*,*,#1734,.F.);
#715=ORIENTED_EDGE('',*,*,#1724,.F.);
#716=ORIENTED_EDGE('',*,*,#1731,.T.);
#717=ORIENTED_EDGE('',*,*,#1801,.T.);
#718=ORIENTED_EDGE('',*,*,#1737,.F.);
#719=ORIENTED_EDGE('',*,*,#1802,.F.);
#720=ORIENTED_EDGE('',*,*,#1728,.T.);
#721=ORIENTED_EDGE('',*,*,#1800,.T.);
#722=ORIENTED_EDGE('',*,*,#1736,.T.);
#723=ORIENTED_EDGE('',*,*,#1803,.F.);
#724=ORIENTED_EDGE('',*,*,#1729,.F.);
#725=ORIENTED_EDGE('',*,*,#1802,.T.);
#726=ORIENTED_EDGE('',*,*,#1735,.T.);
#727=ORIENTED_EDGE('',*,*,#1801,.F.);
#728=ORIENTED_EDGE('',*,*,#1730,.F.);
#729=ORIENTED_EDGE('',*,*,#1803,.T.);
#730=ORIENTED_EDGE('',*,*,#1804,.F.);
#731=ORIENTED_EDGE('',*,*,#1792,.T.);
#732=ORIENTED_EDGE('',*,*,#1805,.F.);
#733=ORIENTED_EDGE('',*,*,#1778,.F.);
#734=ORIENTED_EDGE('',*,*,#1805,.T.);
#735=ORIENTED_EDGE('',*,*,#1791,.F.);
#736=ORIENTED_EDGE('',*,*,#1799,.F.);
#737=ORIENTED_EDGE('',*,*,#1779,.T.);
#738=ORIENTED_EDGE('',*,*,#1751,.F.);
#739=ORIENTED_EDGE('',*,*,#1773,.F.);
#740=ORIENTED_EDGE('',*,*,#1795,.T.);
#741=ORIENTED_EDGE('',*,*,#1784,.T.);
#742=ORIENTED_EDGE('',*,*,#1806,.T.);
#743=ORIENTED_EDGE('',*,*,#1807,.T.);
#744=ORIENTED_EDGE('',*,*,#1808,.T.);
#745=ORIENTED_EDGE('',*,*,#1809,.T.);
#746=ORIENTED_EDGE('',*,*,#1810,.T.);
#747=ORIENTED_EDGE('',*,*,#1811,.T.);
#748=ORIENTED_EDGE('',*,*,#1812,.T.);
#749=ORIENTED_EDGE('',*,*,#1813,.F.);
#750=ORIENTED_EDGE('',*,*,#1814,.T.);
#751=ORIENTED_EDGE('',*,*,#1815,.T.);
#752=ORIENTED_EDGE('',*,*,#1816,.F.);
#753=ORIENTED_EDGE('',*,*,#1817,.F.);
#754=ORIENTED_EDGE('',*,*,#1818,.T.);
#755=ORIENTED_EDGE('',*,*,#1819,.T.);
#756=ORIENTED_EDGE('',*,*,#1820,.T.);
#757=ORIENTED_EDGE('',*,*,#1821,.T.);
#758=ORIENTED_EDGE('',*,*,#1763,.T.);
#759=ORIENTED_EDGE('',*,*,#1822,.F.);
#760=ORIENTED_EDGE('',*,*,#1806,.F.);
#761=ORIENTED_EDGE('',*,*,#1823,.T.);
#762=ORIENTED_EDGE('',*,*,#1764,.F.);
#763=ORIENTED_EDGE('',*,*,#1823,.F.);
#764=ORIENTED_EDGE('',*,*,#1813,.T.);
#765=ORIENTED_EDGE('',*,*,#1824,.T.);
#766=ORIENTED_EDGE('',*,*,#1765,.T.);
#767=ORIENTED_EDGE('',*,*,#1824,.F.);
#768=ORIENTED_EDGE('',*,*,#1812,.F.);
#769=ORIENTED_EDGE('',*,*,#1825,.T.);
#770=ORIENTED_EDGE('',*,*,#1766,.T.);
#771=ORIENTED_EDGE('',*,*,#1825,.F.);
#772=ORIENTED_EDGE('',*,*,#1811,.F.);
#773=ORIENTED_EDGE('',*,*,#1826,.T.);
#774=ORIENTED_EDGE('',*,*,#1767,.T.);
#775=ORIENTED_EDGE('',*,*,#1826,.F.);
#776=ORIENTED_EDGE('',*,*,#1810,.F.);
#777=ORIENTED_EDGE('',*,*,#1827,.T.);
#778=ORIENTED_EDGE('',*,*,#1768,.T.);
#779=ORIENTED_EDGE('',*,*,#1827,.F.);
#780=ORIENTED_EDGE('',*,*,#1809,.F.);
#781=ORIENTED_EDGE('',*,*,#1828,.T.);
#782=ORIENTED_EDGE('',*,*,#1769,.T.);
#783=ORIENTED_EDGE('',*,*,#1828,.F.);
#784=ORIENTED_EDGE('',*,*,#1808,.F.);
#785=ORIENTED_EDGE('',*,*,#1829,.T.);
#786=ORIENTED_EDGE('',*,*,#1770,.T.);
#787=ORIENTED_EDGE('',*,*,#1829,.F.);
#788=ORIENTED_EDGE('',*,*,#1807,.F.);
#789=ORIENTED_EDGE('',*,*,#1822,.T.);
#790=ORIENTED_EDGE('',*,*,#1830,.F.);
#791=ORIENTED_EDGE('',*,*,#1831,.T.);
#792=ORIENTED_EDGE('',*,*,#1832,.T.);
#793=ORIENTED_EDGE('',*,*,#1833,.T.);
#794=ORIENTED_EDGE('',*,*,#1834,.F.);
#795=ORIENTED_EDGE('',*,*,#1835,.F.);
#796=ORIENTED_EDGE('',*,*,#1836,.T.);
#797=ORIENTED_EDGE('',*,*,#1832,.F.);
#798=ORIENTED_EDGE('',*,*,#1837,.F.);
#799=ORIENTED_EDGE('',*,*,#1838,.T.);
#800=ORIENTED_EDGE('',*,*,#1839,.T.);
#801=ORIENTED_EDGE('',*,*,#1840,.F.);
#802=ORIENTED_EDGE('',*,*,#1841,.T.);
#803=ORIENTED_EDGE('',*,*,#1842,.T.);
#804=ORIENTED_EDGE('',*,*,#1843,.T.);
#805=ORIENTED_EDGE('',*,*,#1838,.F.);
#806=ORIENTED_EDGE('',*,*,#1820,.F.);
#807=ORIENTED_EDGE('',*,*,#1844,.F.);
#808=ORIENTED_EDGE('',*,*,#1842,.F.);
#809=ORIENTED_EDGE('',*,*,#1845,.T.);
#810=ORIENTED_EDGE('',*,*,#1819,.F.);
#811=ORIENTED_EDGE('',*,*,#1846,.F.);
#812=ORIENTED_EDGE('',*,*,#1839,.F.);
#813=ORIENTED_EDGE('',*,*,#1843,.F.);
#814=ORIENTED_EDGE('',*,*,#1844,.T.);
#815=ORIENTED_EDGE('',*,*,#1821,.F.);
#816=ORIENTED_EDGE('',*,*,#1845,.F.);
#817=ORIENTED_EDGE('',*,*,#1841,.F.);
#818=ORIENTED_EDGE('',*,*,#1837,.T.);
#819=ORIENTED_EDGE('',*,*,#1847,.T.);
#820=ORIENTED_EDGE('',*,*,#1848,.T.);
#821=ORIENTED_EDGE('',*,*,#1817,.T.);
#822=ORIENTED_EDGE('',*,*,#1849,.F.);
#823=ORIENTED_EDGE('',*,*,#1834,.T.);
#824=ORIENTED_EDGE('',*,*,#1849,.T.);
#825=ORIENTED_EDGE('',*,*,#1816,.T.);
#826=ORIENTED_EDGE('',*,*,#1850,.F.);
#827=ORIENTED_EDGE('',*,*,#1835,.T.);
#828=ORIENTED_EDGE('',*,*,#1815,.F.);
#829=ORIENTED_EDGE('',*,*,#1851,.F.);
#830=ORIENTED_EDGE('',*,*,#1836,.F.);
#831=ORIENTED_EDGE('',*,*,#1850,.T.);
#832=ORIENTED_EDGE('',*,*,#1818,.F.);
#833=ORIENTED_EDGE('',*,*,#1848,.F.);
#834=ORIENTED_EDGE('',*,*,#1833,.F.);
#835=ORIENTED_EDGE('',*,*,#1846,.T.);
#836=ORIENTED_EDGE('',*,*,#1814,.F.);
#837=ORIENTED_EDGE('',*,*,#1847,.F.);
#838=ORIENTED_EDGE('',*,*,#1831,.F.);
#839=ORIENTED_EDGE('',*,*,#1851,.T.);
#840=ORIENTED_EDGE('',*,*,#1793,.F.);
#841=ORIENTED_EDGE('',*,*,#1852,.F.);
#842=ORIENTED_EDGE('',*,*,#1744,.T.);
#843=ORIENTED_EDGE('',*,*,#1853,.F.);
#844=ORIENTED_EDGE('',*,*,#1854,.F.);
#845=ORIENTED_EDGE('',*,*,#1855,.T.);
#846=ORIENTED_EDGE('',*,*,#1781,.T.);
#847=ORIENTED_EDGE('',*,*,#1798,.T.);
#848=ORIENTED_EDGE('',*,*,#1789,.T.);
#849=ORIENTED_EDGE('',*,*,#1759,.T.);
#850=ORIENTED_EDGE('',*,*,#1856,.F.);
#851=ORIENTED_EDGE('',*,*,#1857,.F.);
#852=ORIENTED_EDGE('',*,*,#1853,.T.);
#853=ORIENTED_EDGE('',*,*,#1743,.T.);
#854=ORIENTED_EDGE('',*,*,#1758,.T.);
#855=ORIENTED_EDGE('',*,*,#1858,.F.);
#856=ORIENTED_EDGE('',*,*,#1859,.F.);
#857=ORIENTED_EDGE('',*,*,#1856,.T.);
#858=ORIENTED_EDGE('',*,*,#1776,.T.);
#859=ORIENTED_EDGE('',*,*,#1745,.T.);
#860=ORIENTED_EDGE('',*,*,#1855,.F.);
#861=ORIENTED_EDGE('',*,*,#1860,.F.);
#862=ORIENTED_EDGE('',*,*,#1858,.T.);
#863=ORIENTED_EDGE('',*,*,#1757,.T.);
#864=ORIENTED_EDGE('',*,*,#1787,.T.);
#865=ORIENTED_EDGE('',*,*,#1797,.T.);
#866=ORIENTED_EDGE('',*,*,#1854,.T.);
#867=ORIENTED_EDGE('',*,*,#1857,.T.);
#868=ORIENTED_EDGE('',*,*,#1859,.T.);
#869=ORIENTED_EDGE('',*,*,#1860,.T.);
#870=ORIENTED_EDGE('',*,*,#1754,.F.);
#871=ORIENTED_EDGE('',*,*,#1861,.F.);
#872=ORIENTED_EDGE('',*,*,#1862,.T.);
#873=ORIENTED_EDGE('',*,*,#1863,.T.);
#874=ORIENTED_EDGE('',*,*,#1749,.F.);
#875=ORIENTED_EDGE('',*,*,#1864,.F.);
#876=ORIENTED_EDGE('',*,*,#1865,.T.);
#877=ORIENTED_EDGE('',*,*,#1861,.T.);
#878=ORIENTED_EDGE('',*,*,#1753,.F.);
#879=ORIENTED_EDGE('',*,*,#1783,.F.);
#880=ORIENTED_EDGE('',*,*,#1794,.F.);
#881=ORIENTED_EDGE('',*,*,#1771,.F.);
#882=ORIENTED_EDGE('',*,*,#1748,.F.);
#883=ORIENTED_EDGE('',*,*,#1866,.F.);
#884=ORIENTED_EDGE('',*,*,#1867,.T.);
#885=ORIENTED_EDGE('',*,*,#1864,.T.);
#886=ORIENTED_EDGE('',*,*,#1796,.F.);
#887=ORIENTED_EDGE('',*,*,#1785,.F.);
#888=ORIENTED_EDGE('',*,*,#1755,.F.);
#889=ORIENTED_EDGE('',*,*,#1863,.F.);
#890=ORIENTED_EDGE('',*,*,#1868,.T.);
#891=ORIENTED_EDGE('',*,*,#1866,.T.);
#892=ORIENTED_EDGE('',*,*,#1747,.F.);
#893=ORIENTED_EDGE('',*,*,#1775,.F.);
#894=ORIENTED_EDGE('',*,*,#1862,.F.);
#895=ORIENTED_EDGE('',*,*,#1865,.F.);
#896=ORIENTED_EDGE('',*,*,#1867,.F.);
#897=ORIENTED_EDGE('',*,*,#1868,.F.);
#898=ORIENTED_EDGE('',*,*,#1732,.F.);
#899=ORIENTED_EDGE('',*,*,#1869,.F.);
#900=ORIENTED_EDGE('',*,*,#1870,.F.);
#901=ORIENTED_EDGE('',*,*,#1830,.T.);
#902=ORIENTED_EDGE('',*,*,#1869,.T.);
#903=ORIENTED_EDGE('',*,*,#1870,.T.);
#904=ORIENTED_EDGE('',*,*,#1871,.F.);
#905=ORIENTED_EDGE('',*,*,#1840,.T.);
#906=ORIENTED_EDGE('',*,*,#1852,.T.);
#907=ORIENTED_EDGE('',*,*,#1871,.T.);
#908=ORIENTED_EDGE('',*,*,#1718,.T.);
#909=ORIENTED_EDGE('',*,*,#1726,.T.);
#910=ORIENTED_EDGE('',*,*,#1722,.T.);
#911=ORIENTED_EDGE('',*,*,#1733,.T.);
#912=ORIENTED_EDGE('',*,*,#1872,.F.);
#913=ORIENTED_EDGE('',*,*,#1873,.F.);
#914=ORIENTED_EDGE('',*,*,#1874,.T.);
#915=ORIENTED_EDGE('',*,*,#1739,.T.);
#916=ORIENTED_EDGE('',*,*,#1762,.T.);
#917=ORIENTED_EDGE('',*,*,#1875,.F.);
#918=ORIENTED_EDGE('',*,*,#1876,.F.);
#919=ORIENTED_EDGE('',*,*,#1872,.T.);
#920=ORIENTED_EDGE('',*,*,#1777,.T.);
#921=ORIENTED_EDGE('',*,*,#1741,.T.);
#922=ORIENTED_EDGE('',*,*,#1877,.F.);
#923=ORIENTED_EDGE('',*,*,#1878,.F.);
#924=ORIENTED_EDGE('',*,*,#1875,.T.);
#925=ORIENTED_EDGE('',*,*,#1761,.T.);
#926=ORIENTED_EDGE('',*,*,#1788,.T.);
#927=ORIENTED_EDGE('',*,*,#1804,.T.);
#928=ORIENTED_EDGE('',*,*,#1740,.T.);
#929=ORIENTED_EDGE('',*,*,#1874,.F.);
#930=ORIENTED_EDGE('',*,*,#1879,.F.);
#931=ORIENTED_EDGE('',*,*,#1877,.T.);
#932=ORIENTED_EDGE('',*,*,#1873,.T.);
#933=ORIENTED_EDGE('',*,*,#1876,.T.);
#934=ORIENTED_EDGE('',*,*,#1878,.T.);
#935=ORIENTED_EDGE('',*,*,#1879,.T.);
#936=ORIENTED_EDGE('',*,*,#1880,.F.);
#937=ORIENTED_EDGE('',*,*,#1881,.T.);
#938=ORIENTED_EDGE('',*,*,#1882,.F.);
#939=ORIENTED_EDGE('',*,*,#1883,.T.);
#940=ORIENTED_EDGE('',*,*,#1884,.F.);
#941=ORIENTED_EDGE('',*,*,#1885,.T.);
#942=ORIENTED_EDGE('',*,*,#1886,.F.);
#943=ORIENTED_EDGE('',*,*,#1887,.T.);
#944=ORIENTED_EDGE('',*,*,#1888,.F.);
#945=ORIENTED_EDGE('',*,*,#1889,.T.);
#946=ORIENTED_EDGE('',*,*,#1890,.F.);
#947=ORIENTED_EDGE('',*,*,#1891,.T.);
#948=ORIENTED_EDGE('',*,*,#1892,.F.);
#949=ORIENTED_EDGE('',*,*,#1893,.T.);
#950=ORIENTED_EDGE('',*,*,#1894,.F.);
#951=ORIENTED_EDGE('',*,*,#1895,.T.);
#952=ORIENTED_EDGE('',*,*,#1896,.F.);
#953=ORIENTED_EDGE('',*,*,#1897,.T.);
#954=ORIENTED_EDGE('',*,*,#1898,.F.);
#955=ORIENTED_EDGE('',*,*,#1899,.T.);
#956=ORIENTED_EDGE('',*,*,#1900,.F.);
#957=ORIENTED_EDGE('',*,*,#1901,.T.);
#958=ORIENTED_EDGE('',*,*,#1902,.F.);
#959=ORIENTED_EDGE('',*,*,#1903,.T.);
#960=ORIENTED_EDGE('',*,*,#1904,.F.);
#961=ORIENTED_EDGE('',*,*,#1905,.F.);
#962=ORIENTED_EDGE('',*,*,#1906,.F.);
#963=ORIENTED_EDGE('',*,*,#1907,.T.);
#964=ORIENTED_EDGE('',*,*,#1908,.F.);
#965=ORIENTED_EDGE('',*,*,#1909,.F.);
#966=ORIENTED_EDGE('',*,*,#1910,.F.);
#967=ORIENTED_EDGE('',*,*,#1911,.T.);
#968=ORIENTED_EDGE('',*,*,#1912,.F.);
#969=ORIENTED_EDGE('',*,*,#1913,.F.);
#970=ORIENTED_EDGE('',*,*,#1914,.F.);
#971=ORIENTED_EDGE('',*,*,#1881,.F.);
#972=ORIENTED_EDGE('',*,*,#1915,.T.);
#973=ORIENTED_EDGE('',*,*,#1887,.F.);
#974=ORIENTED_EDGE('',*,*,#1916,.T.);
#975=ORIENTED_EDGE('',*,*,#1895,.F.);
#976=ORIENTED_EDGE('',*,*,#1917,.T.);
#977=ORIENTED_EDGE('',*,*,#1889,.F.);
#978=ORIENTED_EDGE('',*,*,#1918,.T.);
#979=ORIENTED_EDGE('',*,*,#1919,.T.);
#980=ORIENTED_EDGE('',*,*,#1885,.F.);
#981=ORIENTED_EDGE('',*,*,#1920,.T.);
#982=ORIENTED_EDGE('',*,*,#1921,.T.);
#983=ORIENTED_EDGE('',*,*,#1922,.T.);
#984=ORIENTED_EDGE('',*,*,#1923,.F.);
#985=ORIENTED_EDGE('',*,*,#1924,.T.);
#986=ORIENTED_EDGE('',*,*,#1883,.F.);
#987=ORIENTED_EDGE('',*,*,#1925,.T.);
#988=ORIENTED_EDGE('',*,*,#1926,.F.);
#989=ORIENTED_EDGE('',*,*,#1927,.T.);
#990=ORIENTED_EDGE('',*,*,#1928,.F.);
#991=ORIENTED_EDGE('',*,*,#1929,.T.);
#992=ORIENTED_EDGE('',*,*,#1891,.F.);
#993=ORIENTED_EDGE('',*,*,#1930,.T.);
#994=ORIENTED_EDGE('',*,*,#1931,.T.);
#995=ORIENTED_EDGE('',*,*,#1932,.T.);
#996=ORIENTED_EDGE('',*,*,#1933,.F.);
#997=ORIENTED_EDGE('',*,*,#1934,.T.);
#998=ORIENTED_EDGE('',*,*,#1893,.F.);
#999=ORIENTED_EDGE('',*,*,#1935,.T.);
#1000=ORIENTED_EDGE('',*,*,#1936,.T.);
#1001=ORIENTED_EDGE('',*,*,#1937,.T.);
#1002=ORIENTED_EDGE('',*,*,#1938,.F.);
#1003=ORIENTED_EDGE('',*,*,#1939,.T.);
#1004=ORIENTED_EDGE('',*,*,#1914,.T.);
#1005=ORIENTED_EDGE('',*,*,#1896,.T.);
#1006=ORIENTED_EDGE('',*,*,#1897,.F.);
#1007=ORIENTED_EDGE('',*,*,#1940,.F.);
#1008=ORIENTED_EDGE('',*,*,#1941,.T.);
#1009=ORIENTED_EDGE('',*,*,#1941,.F.);
#1010=ORIENTED_EDGE('',*,*,#1940,.T.);
#1011=ORIENTED_EDGE('',*,*,#1919,.F.);
#1012=ORIENTED_EDGE('',*,*,#1942,.T.);
#1013=ORIENTED_EDGE('',*,*,#1928,.T.);
#1014=ORIENTED_EDGE('',*,*,#1943,.F.);
#1015=ORIENTED_EDGE('',*,*,#1899,.F.);
#1016=ORIENTED_EDGE('',*,*,#1944,.F.);
#1017=ORIENTED_EDGE('',*,*,#1926,.T.);
#1018=ORIENTED_EDGE('',*,*,#1945,.T.);
#1019=ORIENTED_EDGE('',*,*,#1901,.F.);
#1020=ORIENTED_EDGE('',*,*,#1900,.T.);
#1021=ORIENTED_EDGE('',*,*,#1943,.T.);
#1022=ORIENTED_EDGE('',*,*,#1927,.F.);
#1023=ORIENTED_EDGE('',*,*,#1944,.T.);
#1024=ORIENTED_EDGE('',*,*,#1898,.T.);
#1025=ORIENTED_EDGE('',*,*,#1945,.F.);
#1026=ORIENTED_EDGE('',*,*,#1925,.F.);
#1027=ORIENTED_EDGE('',*,*,#1882,.T.);
#1028=ORIENTED_EDGE('',*,*,#1918,.F.);
#1029=ORIENTED_EDGE('',*,*,#1888,.T.);
#1030=ORIENTED_EDGE('',*,*,#1929,.F.);
#1031=ORIENTED_EDGE('',*,*,#1942,.F.);
#1032=ORIENTED_EDGE('',*,*,#1946,.T.);
#1033=ORIENTED_EDGE('',*,*,#1933,.T.);
#1034=ORIENTED_EDGE('',*,*,#1947,.F.);
#1035=ORIENTED_EDGE('',*,*,#1903,.F.);
#1036=ORIENTED_EDGE('',*,*,#1905,.T.);
#1037=ORIENTED_EDGE('',*,*,#1948,.T.);
#1038=ORIENTED_EDGE('',*,*,#1931,.F.);
#1039=ORIENTED_EDGE('',*,*,#1949,.F.);
#1040=ORIENTED_EDGE('',*,*,#1904,.T.);
#1041=ORIENTED_EDGE('',*,*,#1947,.T.);
#1042=ORIENTED_EDGE('',*,*,#1932,.F.);
#1043=ORIENTED_EDGE('',*,*,#1948,.F.);
#1044=ORIENTED_EDGE('',*,*,#1902,.T.);
#1045=ORIENTED_EDGE('',*,*,#1949,.T.);
#1046=ORIENTED_EDGE('',*,*,#1930,.F.);
#1047=ORIENTED_EDGE('',*,*,#1890,.T.);
#1048=ORIENTED_EDGE('',*,*,#1917,.F.);
#1049=ORIENTED_EDGE('',*,*,#1894,.T.);
#1050=ORIENTED_EDGE('',*,*,#1934,.F.);
#1051=ORIENTED_EDGE('',*,*,#1946,.F.);
#1052=ORIENTED_EDGE('',*,*,#1909,.T.);
#1053=ORIENTED_EDGE('',*,*,#1950,.T.);
#1054=ORIENTED_EDGE('',*,*,#1936,.F.);
#1055=ORIENTED_EDGE('',*,*,#1951,.F.);
#1056=ORIENTED_EDGE('',*,*,#1908,.T.);
#1057=ORIENTED_EDGE('',*,*,#1952,.T.);
#1058=ORIENTED_EDGE('',*,*,#1937,.F.);
#1059=ORIENTED_EDGE('',*,*,#1950,.F.);
#1060=ORIENTED_EDGE('',*,*,#1906,.T.);
#1061=ORIENTED_EDGE('',*,*,#1951,.T.);
#1062=ORIENTED_EDGE('',*,*,#1935,.F.);
#1063=ORIENTED_EDGE('',*,*,#1892,.T.);
#1064=ORIENTED_EDGE('',*,*,#1916,.F.);
#1065=ORIENTED_EDGE('',*,*,#1886,.T.);
#1066=ORIENTED_EDGE('',*,*,#1939,.F.);
#1067=ORIENTED_EDGE('',*,*,#1953,.F.);
#1068=ORIENTED_EDGE('',*,*,#1953,.T.);
#1069=ORIENTED_EDGE('',*,*,#1938,.T.);
#1070=ORIENTED_EDGE('',*,*,#1952,.F.);
#1071=ORIENTED_EDGE('',*,*,#1907,.F.);
#1072=ORIENTED_EDGE('',*,*,#1910,.T.);
#1073=ORIENTED_EDGE('',*,*,#1954,.T.);
#1074=ORIENTED_EDGE('',*,*,#1920,.F.);
#1075=ORIENTED_EDGE('',*,*,#1884,.T.);
#1076=ORIENTED_EDGE('',*,*,#1915,.F.);
#1077=ORIENTED_EDGE('',*,*,#1880,.T.);
#1078=ORIENTED_EDGE('',*,*,#1924,.F.);
#1079=ORIENTED_EDGE('',*,*,#1955,.F.);
#1080=ORIENTED_EDGE('',*,*,#1912,.T.);
#1081=ORIENTED_EDGE('',*,*,#1956,.T.);
#1082=ORIENTED_EDGE('',*,*,#1922,.F.);
#1083=ORIENTED_EDGE('',*,*,#1957,.F.);
#1084=ORIENTED_EDGE('',*,*,#1913,.T.);
#1085=ORIENTED_EDGE('',*,*,#1957,.T.);
#1086=ORIENTED_EDGE('',*,*,#1921,.F.);
#1087=ORIENTED_EDGE('',*,*,#1954,.F.);
#1088=ORIENTED_EDGE('',*,*,#1955,.T.);
#1089=ORIENTED_EDGE('',*,*,#1923,.T.);
#1090=ORIENTED_EDGE('',*,*,#1956,.F.);
#1091=ORIENTED_EDGE('',*,*,#1911,.F.);
#1092=ORIENTED_EDGE('',*,*,#1958,.F.);
#1093=ORIENTED_EDGE('',*,*,#1959,.T.);
#1094=ORIENTED_EDGE('',*,*,#1960,.T.);
#1095=ORIENTED_EDGE('',*,*,#1961,.T.);
#1096=ORIENTED_EDGE('',*,*,#1962,.F.);
#1097=ORIENTED_EDGE('',*,*,#1963,.T.);
#1098=ORIENTED_EDGE('',*,*,#1964,.T.);
#1099=ORIENTED_EDGE('',*,*,#1965,.F.);
#1100=ORIENTED_EDGE('',*,*,#1966,.T.);
#1101=ORIENTED_EDGE('',*,*,#1967,.F.);
#1102=ORIENTED_EDGE('',*,*,#1968,.F.);
#1103=ORIENTED_EDGE('',*,*,#1969,.F.);
#1104=ORIENTED_EDGE('',*,*,#1970,.F.);
#1105=ORIENTED_EDGE('',*,*,#1971,.T.);
#1106=ORIENTED_EDGE('',*,*,#1972,.T.);
#1107=ORIENTED_EDGE('',*,*,#1973,.F.);
#1108=ORIENTED_EDGE('',*,*,#1966,.F.);
#1109=ORIENTED_EDGE('',*,*,#1974,.F.);
#1110=ORIENTED_EDGE('',*,*,#1958,.T.);
#1111=ORIENTED_EDGE('',*,*,#1975,.T.);
#1112=ORIENTED_EDGE('',*,*,#1969,.T.);
#1113=ORIENTED_EDGE('',*,*,#1976,.F.);
#1114=ORIENTED_EDGE('',*,*,#1959,.F.);
#1115=ORIENTED_EDGE('',*,*,#1974,.T.);
#1116=ORIENTED_EDGE('',*,*,#1968,.T.);
#1117=ORIENTED_EDGE('',*,*,#1977,.F.);
#1118=ORIENTED_EDGE('',*,*,#1960,.F.);
#1119=ORIENTED_EDGE('',*,*,#1976,.T.);
#1120=ORIENTED_EDGE('',*,*,#1967,.T.);
#1121=ORIENTED_EDGE('',*,*,#1975,.F.);
#1122=ORIENTED_EDGE('',*,*,#1961,.F.);
#1123=ORIENTED_EDGE('',*,*,#1977,.T.);
#1124=ORIENTED_EDGE('',*,*,#1970,.T.);
#1125=ORIENTED_EDGE('',*,*,#1978,.T.);
#1126=ORIENTED_EDGE('',*,*,#1963,.F.);
#1127=ORIENTED_EDGE('',*,*,#1979,.F.);
#1128=ORIENTED_EDGE('',*,*,#1979,.T.);
#1129=ORIENTED_EDGE('',*,*,#1962,.T.);
#1130=ORIENTED_EDGE('',*,*,#1980,.F.);
#1131=ORIENTED_EDGE('',*,*,#1971,.F.);
#1132=ORIENTED_EDGE('',*,*,#1980,.T.);
#1133=ORIENTED_EDGE('',*,*,#1965,.T.);
#1134=ORIENTED_EDGE('',*,*,#1981,.F.);
#1135=ORIENTED_EDGE('',*,*,#1972,.F.);
#1136=ORIENTED_EDGE('',*,*,#1973,.T.);
#1137=ORIENTED_EDGE('',*,*,#1981,.T.);
#1138=ORIENTED_EDGE('',*,*,#1964,.F.);
#1139=ORIENTED_EDGE('',*,*,#1978,.F.);
#1140=ORIENTED_EDGE('',*,*,#1982,.F.);
#1141=ORIENTED_EDGE('',*,*,#1983,.F.);
#1142=ORIENTED_EDGE('',*,*,#1984,.F.);
#1143=ORIENTED_EDGE('',*,*,#1985,.F.);
#1144=ORIENTED_EDGE('',*,*,#1986,.F.);
#1145=ORIENTED_EDGE('',*,*,#1987,.F.);
#1146=ORIENTED_EDGE('',*,*,#1988,.F.);
#1147=ORIENTED_EDGE('',*,*,#1989,.F.);
#1148=ORIENTED_EDGE('',*,*,#1990,.F.);
#1149=ORIENTED_EDGE('',*,*,#1991,.F.);
#1150=ORIENTED_EDGE('',*,*,#1992,.F.);
#1151=ORIENTED_EDGE('',*,*,#1993,.F.);
#1152=ORIENTED_EDGE('',*,*,#1994,.F.);
#1153=ORIENTED_EDGE('',*,*,#1995,.F.);
#1154=ORIENTED_EDGE('',*,*,#1996,.F.);
#1155=ORIENTED_EDGE('',*,*,#1997,.F.);
#1156=ORIENTED_EDGE('',*,*,#1998,.F.);
#1157=ORIENTED_EDGE('',*,*,#1999,.F.);
#1158=ORIENTED_EDGE('',*,*,#2000,.F.);
#1159=ORIENTED_EDGE('',*,*,#2001,.F.);
#1160=ORIENTED_EDGE('',*,*,#2002,.T.);
#1161=ORIENTED_EDGE('',*,*,#2003,.T.);
#1162=ORIENTED_EDGE('',*,*,#2004,.T.);
#1163=ORIENTED_EDGE('',*,*,#2005,.F.);
#1164=ORIENTED_EDGE('',*,*,#1982,.T.);
#1165=ORIENTED_EDGE('',*,*,#2006,.T.);
#1166=ORIENTED_EDGE('',*,*,#2007,.T.);
#1167=ORIENTED_EDGE('',*,*,#2003,.F.);
#1168=ORIENTED_EDGE('',*,*,#2001,.T.);
#1169=ORIENTED_EDGE('',*,*,#2008,.T.);
#1170=ORIENTED_EDGE('',*,*,#2009,.T.);
#1171=ORIENTED_EDGE('',*,*,#2006,.F.);
#1172=ORIENTED_EDGE('',*,*,#2000,.T.);
#1173=ORIENTED_EDGE('',*,*,#2010,.T.);
#1174=ORIENTED_EDGE('',*,*,#2011,.T.);
#1175=ORIENTED_EDGE('',*,*,#2008,.F.);
#1176=ORIENTED_EDGE('',*,*,#1999,.T.);
#1177=ORIENTED_EDGE('',*,*,#2012,.T.);
#1178=ORIENTED_EDGE('',*,*,#2013,.T.);
#1179=ORIENTED_EDGE('',*,*,#2010,.F.);
#1180=ORIENTED_EDGE('',*,*,#1998,.T.);
#1181=ORIENTED_EDGE('',*,*,#2014,.T.);
#1182=ORIENTED_EDGE('',*,*,#2015,.T.);
#1183=ORIENTED_EDGE('',*,*,#2012,.F.);
#1184=ORIENTED_EDGE('',*,*,#1997,.T.);
#1185=ORIENTED_EDGE('',*,*,#2016,.T.);
#1186=ORIENTED_EDGE('',*,*,#2017,.T.);
#1187=ORIENTED_EDGE('',*,*,#2014,.F.);
#1188=ORIENTED_EDGE('',*,*,#1996,.T.);
#1189=ORIENTED_EDGE('',*,*,#2018,.T.);
#1190=ORIENTED_EDGE('',*,*,#2019,.T.);
#1191=ORIENTED_EDGE('',*,*,#2016,.F.);
#1192=ORIENTED_EDGE('',*,*,#1995,.T.);
#1193=ORIENTED_EDGE('',*,*,#2020,.T.);
#1194=ORIENTED_EDGE('',*,*,#2021,.T.);
#1195=ORIENTED_EDGE('',*,*,#2018,.F.);
#1196=ORIENTED_EDGE('',*,*,#1994,.T.);
#1197=ORIENTED_EDGE('',*,*,#2022,.T.);
#1198=ORIENTED_EDGE('',*,*,#2023,.T.);
#1199=ORIENTED_EDGE('',*,*,#2020,.F.);
#1200=ORIENTED_EDGE('',*,*,#1993,.T.);
#1201=ORIENTED_EDGE('',*,*,#2024,.T.);
#1202=ORIENTED_EDGE('',*,*,#2025,.T.);
#1203=ORIENTED_EDGE('',*,*,#2022,.F.);
#1204=ORIENTED_EDGE('',*,*,#1992,.T.);
#1205=ORIENTED_EDGE('',*,*,#2026,.T.);
#1206=ORIENTED_EDGE('',*,*,#2027,.T.);
#1207=ORIENTED_EDGE('',*,*,#2024,.F.);
#1208=ORIENTED_EDGE('',*,*,#1991,.T.);
#1209=ORIENTED_EDGE('',*,*,#2028,.T.);
#1210=ORIENTED_EDGE('',*,*,#2029,.T.);
#1211=ORIENTED_EDGE('',*,*,#2026,.F.);
#1212=ORIENTED_EDGE('',*,*,#1990,.T.);
#1213=ORIENTED_EDGE('',*,*,#2030,.T.);
#1214=ORIENTED_EDGE('',*,*,#2031,.T.);
#1215=ORIENTED_EDGE('',*,*,#2028,.F.);
#1216=ORIENTED_EDGE('',*,*,#1989,.T.);
#1217=ORIENTED_EDGE('',*,*,#2032,.T.);
#1218=ORIENTED_EDGE('',*,*,#2033,.T.);
#1219=ORIENTED_EDGE('',*,*,#2030,.F.);
#1220=ORIENTED_EDGE('',*,*,#1988,.T.);
#1221=ORIENTED_EDGE('',*,*,#2034,.T.);
#1222=ORIENTED_EDGE('',*,*,#2035,.T.);
#1223=ORIENTED_EDGE('',*,*,#2032,.F.);
#1224=ORIENTED_EDGE('',*,*,#1987,.T.);
#1225=ORIENTED_EDGE('',*,*,#2036,.T.);
#1226=ORIENTED_EDGE('',*,*,#2037,.T.);
#1227=ORIENTED_EDGE('',*,*,#2034,.F.);
#1228=ORIENTED_EDGE('',*,*,#1986,.T.);
#1229=ORIENTED_EDGE('',*,*,#2038,.T.);
#1230=ORIENTED_EDGE('',*,*,#2039,.T.);
#1231=ORIENTED_EDGE('',*,*,#2036,.F.);
#1232=ORIENTED_EDGE('',*,*,#1985,.T.);
#1233=ORIENTED_EDGE('',*,*,#2040,.T.);
#1234=ORIENTED_EDGE('',*,*,#2041,.T.);
#1235=ORIENTED_EDGE('',*,*,#2038,.F.);
#1236=ORIENTED_EDGE('',*,*,#1984,.T.);
#1237=ORIENTED_EDGE('',*,*,#2005,.T.);
#1238=ORIENTED_EDGE('',*,*,#2042,.T.);
#1239=ORIENTED_EDGE('',*,*,#2040,.F.);
#1240=ORIENTED_EDGE('',*,*,#1983,.T.);
#1241=ORIENTED_EDGE('',*,*,#2043,.F.);
#1242=ORIENTED_EDGE('',*,*,#2002,.F.);
#1243=ORIENTED_EDGE('',*,*,#2004,.F.);
#1244=ORIENTED_EDGE('',*,*,#2007,.F.);
#1245=ORIENTED_EDGE('',*,*,#2009,.F.);
#1246=ORIENTED_EDGE('',*,*,#2011,.F.);
#1247=ORIENTED_EDGE('',*,*,#2013,.F.);
#1248=ORIENTED_EDGE('',*,*,#2015,.F.);
#1249=ORIENTED_EDGE('',*,*,#2017,.F.);
#1250=ORIENTED_EDGE('',*,*,#2019,.F.);
#1251=ORIENTED_EDGE('',*,*,#2021,.F.);
#1252=ORIENTED_EDGE('',*,*,#2023,.F.);
#1253=ORIENTED_EDGE('',*,*,#2025,.F.);
#1254=ORIENTED_EDGE('',*,*,#2027,.F.);
#1255=ORIENTED_EDGE('',*,*,#2029,.F.);
#1256=ORIENTED_EDGE('',*,*,#2031,.F.);
#1257=ORIENTED_EDGE('',*,*,#2033,.F.);
#1258=ORIENTED_EDGE('',*,*,#2035,.F.);
#1259=ORIENTED_EDGE('',*,*,#2037,.F.);
#1260=ORIENTED_EDGE('',*,*,#2039,.F.);
#1261=ORIENTED_EDGE('',*,*,#2041,.F.);
#1262=ORIENTED_EDGE('',*,*,#2042,.F.);
#1263=ORIENTED_EDGE('',*,*,#2043,.T.);
#1264=ORIENTED_EDGE('',*,*,#2044,.F.);
#1265=ORIENTED_EDGE('',*,*,#2045,.F.);
#1266=ORIENTED_EDGE('',*,*,#2046,.F.);
#1267=ORIENTED_EDGE('',*,*,#2047,.F.);
#1268=ORIENTED_EDGE('',*,*,#2048,.F.);
#1269=ORIENTED_EDGE('',*,*,#2049,.F.);
#1270=ORIENTED_EDGE('',*,*,#2050,.F.);
#1271=ORIENTED_EDGE('',*,*,#2051,.F.);
#1272=ORIENTED_EDGE('',*,*,#2052,.F.);
#1273=ORIENTED_EDGE('',*,*,#2053,.F.);
#1274=ORIENTED_EDGE('',*,*,#2054,.F.);
#1275=ORIENTED_EDGE('',*,*,#2055,.F.);
#1276=ORIENTED_EDGE('',*,*,#2056,.F.);
#1277=ORIENTED_EDGE('',*,*,#2057,.F.);
#1278=ORIENTED_EDGE('',*,*,#2058,.F.);
#1279=ORIENTED_EDGE('',*,*,#2059,.F.);
#1280=ORIENTED_EDGE('',*,*,#2060,.F.);
#1281=ORIENTED_EDGE('',*,*,#2061,.F.);
#1282=ORIENTED_EDGE('',*,*,#2062,.F.);
#1283=ORIENTED_EDGE('',*,*,#2063,.F.);
#1284=ORIENTED_EDGE('',*,*,#2064,.T.);
#1285=ORIENTED_EDGE('',*,*,#2065,.T.);
#1286=ORIENTED_EDGE('',*,*,#2066,.T.);
#1287=ORIENTED_EDGE('',*,*,#2067,.F.);
#1288=ORIENTED_EDGE('',*,*,#2044,.T.);
#1289=ORIENTED_EDGE('',*,*,#2068,.T.);
#1290=ORIENTED_EDGE('',*,*,#2069,.T.);
#1291=ORIENTED_EDGE('',*,*,#2065,.F.);
#1292=ORIENTED_EDGE('',*,*,#2063,.T.);
#1293=ORIENTED_EDGE('',*,*,#2070,.T.);
#1294=ORIENTED_EDGE('',*,*,#2071,.T.);
#1295=ORIENTED_EDGE('',*,*,#2068,.F.);
#1296=ORIENTED_EDGE('',*,*,#2062,.T.);
#1297=ORIENTED_EDGE('',*,*,#2072,.T.);
#1298=ORIENTED_EDGE('',*,*,#2073,.T.);
#1299=ORIENTED_EDGE('',*,*,#2070,.F.);
#1300=ORIENTED_EDGE('',*,*,#2061,.T.);
#1301=ORIENTED_EDGE('',*,*,#2074,.T.);
#1302=ORIENTED_EDGE('',*,*,#2075,.T.);
#1303=ORIENTED_EDGE('',*,*,#2072,.F.);
#1304=ORIENTED_EDGE('',*,*,#2060,.T.);
#1305=ORIENTED_EDGE('',*,*,#2076,.T.);
#1306=ORIENTED_EDGE('',*,*,#2077,.T.);
#1307=ORIENTED_EDGE('',*,*,#2074,.F.);
#1308=ORIENTED_EDGE('',*,*,#2059,.T.);
#1309=ORIENTED_EDGE('',*,*,#2078,.T.);
#1310=ORIENTED_EDGE('',*,*,#2079,.T.);
#1311=ORIENTED_EDGE('',*,*,#2076,.F.);
#1312=ORIENTED_EDGE('',*,*,#2058,.T.);
#1313=ORIENTED_EDGE('',*,*,#2080,.T.);
#1314=ORIENTED_EDGE('',*,*,#2081,.T.);
#1315=ORIENTED_EDGE('',*,*,#2078,.F.);
#1316=ORIENTED_EDGE('',*,*,#2057,.T.);
#1317=ORIENTED_EDGE('',*,*,#2082,.T.);
#1318=ORIENTED_EDGE('',*,*,#2083,.T.);
#1319=ORIENTED_EDGE('',*,*,#2080,.F.);
#1320=ORIENTED_EDGE('',*,*,#2056,.T.);
#1321=ORIENTED_EDGE('',*,*,#2084,.T.);
#1322=ORIENTED_EDGE('',*,*,#2085,.T.);
#1323=ORIENTED_EDGE('',*,*,#2082,.F.);
#1324=ORIENTED_EDGE('',*,*,#2055,.T.);
#1325=ORIENTED_EDGE('',*,*,#2086,.T.);
#1326=ORIENTED_EDGE('',*,*,#2087,.T.);
#1327=ORIENTED_EDGE('',*,*,#2084,.F.);
#1328=ORIENTED_EDGE('',*,*,#2054,.T.);
#1329=ORIENTED_EDGE('',*,*,#2088,.T.);
#1330=ORIENTED_EDGE('',*,*,#2089,.T.);
#1331=ORIENTED_EDGE('',*,*,#2086,.F.);
#1332=ORIENTED_EDGE('',*,*,#2053,.T.);
#1333=ORIENTED_EDGE('',*,*,#2090,.T.);
#1334=ORIENTED_EDGE('',*,*,#2091,.T.);
#1335=ORIENTED_EDGE('',*,*,#2088,.F.);
#1336=ORIENTED_EDGE('',*,*,#2052,.T.);
#1337=ORIENTED_EDGE('',*,*,#2092,.T.);
#1338=ORIENTED_EDGE('',*,*,#2093,.T.);
#1339=ORIENTED_EDGE('',*,*,#2090,.F.);
#1340=ORIENTED_EDGE('',*,*,#2051,.T.);
#1341=ORIENTED_EDGE('',*,*,#2094,.T.);
#1342=ORIENTED_EDGE('',*,*,#2095,.T.);
#1343=ORIENTED_EDGE('',*,*,#2092,.F.);
#1344=ORIENTED_EDGE('',*,*,#2050,.T.);
#1345=ORIENTED_EDGE('',*,*,#2096,.T.);
#1346=ORIENTED_EDGE('',*,*,#2097,.T.);
#1347=ORIENTED_EDGE('',*,*,#2094,.F.);
#1348=ORIENTED_EDGE('',*,*,#2049,.T.);
#1349=ORIENTED_EDGE('',*,*,#2098,.T.);
#1350=ORIENTED_EDGE('',*,*,#2099,.T.);
#1351=ORIENTED_EDGE('',*,*,#2096,.F.);
#1352=ORIENTED_EDGE('',*,*,#2048,.T.);
#1353=ORIENTED_EDGE('',*,*,#2100,.T.);
#1354=ORIENTED_EDGE('',*,*,#2101,.T.);
#1355=ORIENTED_EDGE('',*,*,#2098,.F.);
#1356=ORIENTED_EDGE('',*,*,#2047,.T.);
#1357=ORIENTED_EDGE('',*,*,#2102,.T.);
#1358=ORIENTED_EDGE('',*,*,#2103,.T.);
#1359=ORIENTED_EDGE('',*,*,#2100,.F.);
#1360=ORIENTED_EDGE('',*,*,#2046,.T.);
#1361=ORIENTED_EDGE('',*,*,#2067,.T.);
#1362=ORIENTED_EDGE('',*,*,#2104,.T.);
#1363=ORIENTED_EDGE('',*,*,#2102,.F.);
#1364=ORIENTED_EDGE('',*,*,#2045,.T.);
#1365=ORIENTED_EDGE('',*,*,#2105,.F.);
#1366=ORIENTED_EDGE('',*,*,#2064,.F.);
#1367=ORIENTED_EDGE('',*,*,#2066,.F.);
#1368=ORIENTED_EDGE('',*,*,#2069,.F.);
#1369=ORIENTED_EDGE('',*,*,#2071,.F.);
#1370=ORIENTED_EDGE('',*,*,#2073,.F.);
#1371=ORIENTED_EDGE('',*,*,#2075,.F.);
#1372=ORIENTED_EDGE('',*,*,#2077,.F.);
#1373=ORIENTED_EDGE('',*,*,#2079,.F.);
#1374=ORIENTED_EDGE('',*,*,#2081,.F.);
#1375=ORIENTED_EDGE('',*,*,#2083,.F.);
#1376=ORIENTED_EDGE('',*,*,#2085,.F.);
#1377=ORIENTED_EDGE('',*,*,#2087,.F.);
#1378=ORIENTED_EDGE('',*,*,#2089,.F.);
#1379=ORIENTED_EDGE('',*,*,#2091,.F.);
#1380=ORIENTED_EDGE('',*,*,#2093,.F.);
#1381=ORIENTED_EDGE('',*,*,#2095,.F.);
#1382=ORIENTED_EDGE('',*,*,#2097,.F.);
#1383=ORIENTED_EDGE('',*,*,#2099,.F.);
#1384=ORIENTED_EDGE('',*,*,#2101,.F.);
#1385=ORIENTED_EDGE('',*,*,#2103,.F.);
#1386=ORIENTED_EDGE('',*,*,#2104,.F.);
#1387=ORIENTED_EDGE('',*,*,#2105,.T.);
#1388=ORIENTED_EDGE('',*,*,#2106,.F.);
#1389=ORIENTED_EDGE('',*,*,#2107,.F.);
#1390=ORIENTED_EDGE('',*,*,#2108,.F.);
#1391=ORIENTED_EDGE('',*,*,#2109,.F.);
#1392=ORIENTED_EDGE('',*,*,#2110,.F.);
#1393=ORIENTED_EDGE('',*,*,#2111,.F.);
#1394=ORIENTED_EDGE('',*,*,#2112,.F.);
#1395=ORIENTED_EDGE('',*,*,#2113,.F.);
#1396=ORIENTED_EDGE('',*,*,#2114,.F.);
#1397=ORIENTED_EDGE('',*,*,#2115,.F.);
#1398=ORIENTED_EDGE('',*,*,#2116,.F.);
#1399=ORIENTED_EDGE('',*,*,#2117,.F.);
#1400=ORIENTED_EDGE('',*,*,#2118,.F.);
#1401=ORIENTED_EDGE('',*,*,#2119,.F.);
#1402=ORIENTED_EDGE('',*,*,#2120,.F.);
#1403=ORIENTED_EDGE('',*,*,#2121,.F.);
#1404=ORIENTED_EDGE('',*,*,#2122,.F.);
#1405=ORIENTED_EDGE('',*,*,#2123,.F.);
#1406=ORIENTED_EDGE('',*,*,#2124,.F.);
#1407=ORIENTED_EDGE('',*,*,#2125,.F.);
#1408=ORIENTED_EDGE('',*,*,#2126,.T.);
#1409=ORIENTED_EDGE('',*,*,#2127,.T.);
#1410=ORIENTED_EDGE('',*,*,#2128,.T.);
#1411=ORIENTED_EDGE('',*,*,#2129,.F.);
#1412=ORIENTED_EDGE('',*,*,#2106,.T.);
#1413=ORIENTED_EDGE('',*,*,#2130,.T.);
#1414=ORIENTED_EDGE('',*,*,#2131,.T.);
#1415=ORIENTED_EDGE('',*,*,#2127,.F.);
#1416=ORIENTED_EDGE('',*,*,#2125,.T.);
#1417=ORIENTED_EDGE('',*,*,#2132,.T.);
#1418=ORIENTED_EDGE('',*,*,#2133,.T.);
#1419=ORIENTED_EDGE('',*,*,#2130,.F.);
#1420=ORIENTED_EDGE('',*,*,#2124,.T.);
#1421=ORIENTED_EDGE('',*,*,#2134,.T.);
#1422=ORIENTED_EDGE('',*,*,#2135,.T.);
#1423=ORIENTED_EDGE('',*,*,#2132,.F.);
#1424=ORIENTED_EDGE('',*,*,#2123,.T.);
#1425=ORIENTED_EDGE('',*,*,#2136,.T.);
#1426=ORIENTED_EDGE('',*,*,#2137,.T.);
#1427=ORIENTED_EDGE('',*,*,#2134,.F.);
#1428=ORIENTED_EDGE('',*,*,#2122,.T.);
#1429=ORIENTED_EDGE('',*,*,#2138,.T.);
#1430=ORIENTED_EDGE('',*,*,#2139,.T.);
#1431=ORIENTED_EDGE('',*,*,#2136,.F.);
#1432=ORIENTED_EDGE('',*,*,#2121,.T.);
#1433=ORIENTED_EDGE('',*,*,#2140,.T.);
#1434=ORIENTED_EDGE('',*,*,#2141,.T.);
#1435=ORIENTED_EDGE('',*,*,#2138,.F.);
#1436=ORIENTED_EDGE('',*,*,#2120,.T.);
#1437=ORIENTED_EDGE('',*,*,#2142,.T.);
#1438=ORIENTED_EDGE('',*,*,#2143,.T.);
#1439=ORIENTED_EDGE('',*,*,#2140,.F.);
#1440=ORIENTED_EDGE('',*,*,#2119,.T.);
#1441=ORIENTED_EDGE('',*,*,#2144,.T.);
#1442=ORIENTED_EDGE('',*,*,#2145,.T.);
#1443=ORIENTED_EDGE('',*,*,#2142,.F.);
#1444=ORIENTED_EDGE('',*,*,#2118,.T.);
#1445=ORIENTED_EDGE('',*,*,#2146,.T.);
#1446=ORIENTED_EDGE('',*,*,#2147,.T.);
#1447=ORIENTED_EDGE('',*,*,#2144,.F.);
#1448=ORIENTED_EDGE('',*,*,#2117,.T.);
#1449=ORIENTED_EDGE('',*,*,#2148,.T.);
#1450=ORIENTED_EDGE('',*,*,#2149,.T.);
#1451=ORIENTED_EDGE('',*,*,#2146,.F.);
#1452=ORIENTED_EDGE('',*,*,#2116,.T.);
#1453=ORIENTED_EDGE('',*,*,#2150,.T.);
#1454=ORIENTED_EDGE('',*,*,#2151,.T.);
#1455=ORIENTED_EDGE('',*,*,#2148,.F.);
#1456=ORIENTED_EDGE('',*,*,#2115,.T.);
#1457=ORIENTED_EDGE('',*,*,#2152,.T.);
#1458=ORIENTED_EDGE('',*,*,#2153,.T.);
#1459=ORIENTED_EDGE('',*,*,#2150,.F.);
#1460=ORIENTED_EDGE('',*,*,#2114,.T.);
#1461=ORIENTED_EDGE('',*,*,#2154,.T.);
#1462=ORIENTED_EDGE('',*,*,#2155,.T.);
#1463=ORIENTED_EDGE('',*,*,#2152,.F.);
#1464=ORIENTED_EDGE('',*,*,#2113,.T.);
#1465=ORIENTED_EDGE('',*,*,#2156,.T.);
#1466=ORIENTED_EDGE('',*,*,#2157,.T.);
#1467=ORIENTED_EDGE('',*,*,#2154,.F.);
#1468=ORIENTED_EDGE('',*,*,#2112,.T.);
#1469=ORIENTED_EDGE('',*,*,#2158,.T.);
#1470=ORIENTED_EDGE('',*,*,#2159,.T.);
#1471=ORIENTED_EDGE('',*,*,#2156,.F.);
#1472=ORIENTED_EDGE('',*,*,#2111,.T.);
#1473=ORIENTED_EDGE('',*,*,#2160,.T.);
#1474=ORIENTED_EDGE('',*,*,#2161,.T.);
#1475=ORIENTED_EDGE('',*,*,#2158,.F.);
#1476=ORIENTED_EDGE('',*,*,#2110,.T.);
#1477=ORIENTED_EDGE('',*,*,#2162,.T.);
#1478=ORIENTED_EDGE('',*,*,#2163,.T.);
#1479=ORIENTED_EDGE('',*,*,#2160,.F.);
#1480=ORIENTED_EDGE('',*,*,#2109,.T.);
#1481=ORIENTED_EDGE('',*,*,#2164,.T.);
#1482=ORIENTED_EDGE('',*,*,#2165,.T.);
#1483=ORIENTED_EDGE('',*,*,#2162,.F.);
#1484=ORIENTED_EDGE('',*,*,#2108,.T.);
#1485=ORIENTED_EDGE('',*,*,#2129,.T.);
#1486=ORIENTED_EDGE('',*,*,#2166,.T.);
#1487=ORIENTED_EDGE('',*,*,#2164,.F.);
#1488=ORIENTED_EDGE('',*,*,#2107,.T.);
#1489=ORIENTED_EDGE('',*,*,#2167,.F.);
#1490=ORIENTED_EDGE('',*,*,#2126,.F.);
#1491=ORIENTED_EDGE('',*,*,#2128,.F.);
#1492=ORIENTED_EDGE('',*,*,#2131,.F.);
#1493=ORIENTED_EDGE('',*,*,#2133,.F.);
#1494=ORIENTED_EDGE('',*,*,#2135,.F.);
#1495=ORIENTED_EDGE('',*,*,#2137,.F.);
#1496=ORIENTED_EDGE('',*,*,#2139,.F.);
#1497=ORIENTED_EDGE('',*,*,#2141,.F.);
#1498=ORIENTED_EDGE('',*,*,#2143,.F.);
#1499=ORIENTED_EDGE('',*,*,#2145,.F.);
#1500=ORIENTED_EDGE('',*,*,#2147,.F.);
#1501=ORIENTED_EDGE('',*,*,#2149,.F.);
#1502=ORIENTED_EDGE('',*,*,#2151,.F.);
#1503=ORIENTED_EDGE('',*,*,#2153,.F.);
#1504=ORIENTED_EDGE('',*,*,#2155,.F.);
#1505=ORIENTED_EDGE('',*,*,#2157,.F.);
#1506=ORIENTED_EDGE('',*,*,#2159,.F.);
#1507=ORIENTED_EDGE('',*,*,#2161,.F.);
#1508=ORIENTED_EDGE('',*,*,#2163,.F.);
#1509=ORIENTED_EDGE('',*,*,#2165,.F.);
#1510=ORIENTED_EDGE('',*,*,#2166,.F.);
#1511=ORIENTED_EDGE('',*,*,#2167,.T.);
#1512=ORIENTED_EDGE('',*,*,#2168,.F.);
#1513=ORIENTED_EDGE('',*,*,#2169,.F.);
#1514=ORIENTED_EDGE('',*,*,#2170,.T.);
#1515=ORIENTED_EDGE('',*,*,#2171,.T.);
#1516=ORIENTED_EDGE('',*,*,#2172,.T.);
#1517=ORIENTED_EDGE('',*,*,#2173,.F.);
#1518=ORIENTED_EDGE('',*,*,#2174,.F.);
#1519=ORIENTED_EDGE('',*,*,#2169,.T.);
#1520=ORIENTED_EDGE('',*,*,#2175,.T.);
#1521=ORIENTED_EDGE('',*,*,#2176,.F.);
#1522=ORIENTED_EDGE('',*,*,#2177,.F.);
#1523=ORIENTED_EDGE('',*,*,#2173,.T.);
#1524=ORIENTED_EDGE('',*,*,#2178,.F.);
#1525=ORIENTED_EDGE('',*,*,#2171,.F.);
#1526=ORIENTED_EDGE('',*,*,#2179,.T.);
#1527=ORIENTED_EDGE('',*,*,#2176,.T.);
#1528=ORIENTED_EDGE('',*,*,#2170,.F.);
#1529=ORIENTED_EDGE('',*,*,#2174,.T.);
#1530=ORIENTED_EDGE('',*,*,#2177,.T.);
#1531=ORIENTED_EDGE('',*,*,#2179,.F.);
#1532=ORIENTED_EDGE('',*,*,#2168,.T.);
#1533=ORIENTED_EDGE('',*,*,#2178,.T.);
#1534=ORIENTED_EDGE('',*,*,#2175,.F.);
#1535=ORIENTED_EDGE('',*,*,#2172,.F.);
#1536=EDGE_CURVE('',#2180,#2181,#2628,.T.);
#1537=EDGE_CURVE('',#2182,#2181,#2629,.T.);
#1538=EDGE_CURVE('',#2183,#2182,#2630,.T.);
#1539=EDGE_CURVE('',#2183,#2180,#2631,.T.);
#1540=EDGE_CURVE('',#2184,#2180,#2632,.T.);
#1541=EDGE_CURVE('',#2185,#2183,#2633,.T.);
#1542=EDGE_CURVE('',#2185,#2184,#2634,.T.);
#1543=EDGE_CURVE('',#2186,#2184,#2635,.T.);
#1544=EDGE_CURVE('',#2187,#2185,#2636,.T.);
#1545=EDGE_CURVE('',#2187,#2186,#2637,.T.);
#1546=EDGE_CURVE('',#2181,#2186,#2638,.T.);
#1547=EDGE_CURVE('',#2182,#2187,#2639,.T.);
#1548=EDGE_CURVE('',#2188,#2189,#2640,.T.);
#1549=EDGE_CURVE('',#2190,#2188,#2641,.T.);
#1550=EDGE_CURVE('',#2190,#2191,#2642,.T.);
#1551=EDGE_CURVE('',#2191,#2189,#2643,.T.);
#1552=EDGE_CURVE('',#2188,#2192,#2644,.T.);
#1553=EDGE_CURVE('',#2193,#2192,#2645,.T.);
#1554=EDGE_CURVE('',#2190,#2193,#2646,.T.);
#1555=EDGE_CURVE('',#2192,#2194,#2647,.T.);
#1556=EDGE_CURVE('',#2195,#2194,#2648,.T.);
#1557=EDGE_CURVE('',#2193,#2195,#2649,.T.);
#1558=EDGE_CURVE('',#2189,#2194,#2650,.T.);
#1559=EDGE_CURVE('',#2191,#2195,#2651,.T.);
#1560=EDGE_CURVE('',#2196,#2196,#182,.T.);
#1561=EDGE_CURVE('',#2197,#2197,#183,.T.);
#1562=EDGE_CURVE('',#2198,#2198,#184,.T.);
#1563=EDGE_CURVE('',#2199,#2199,#185,.T.);
#1564=EDGE_CURVE('',#2200,#2200,#186,.T.);
#1565=EDGE_CURVE('',#2201,#2201,#187,.T.);
#1566=EDGE_CURVE('',#2202,#2202,#188,.T.);
#1567=EDGE_CURVE('',#2203,#2203,#189,.T.);
#1568=EDGE_CURVE('',#2204,#2204,#190,.T.);
#1569=EDGE_CURVE('',#2205,#2206,#2652,.T.);
#1570=EDGE_CURVE('',#2206,#2207,#2653,.T.);
#1571=EDGE_CURVE('',#2207,#2208,#2654,.T.);
#1572=EDGE_CURVE('',#2208,#2205,#2655,.T.);
#1573=EDGE_CURVE('',#2209,#2209,#191,.F.);
#1574=EDGE_CURVE('',#2210,#2210,#192,.F.);
#1575=EDGE_CURVE('',#2211,#2211,#193,.F.);
#1576=EDGE_CURVE('',#2212,#2212,#194,.F.);
#1577=EDGE_CURVE('',#2213,#2213,#195,.F.);
#1578=EDGE_CURVE('',#2214,#2214,#196,.F.);
#1579=EDGE_CURVE('',#2215,#2215,#197,.F.);
#1580=EDGE_CURVE('',#2216,#2216,#198,.F.);
#1581=EDGE_CURVE('',#2217,#2217,#199,.F.);
#1582=EDGE_CURVE('',#2218,#2218,#200,.T.);
#1583=EDGE_CURVE('',#2219,#2219,#201,.T.);
#1584=EDGE_CURVE('',#2220,#2220,#202,.T.);
#1585=EDGE_CURVE('',#2221,#2221,#203,.T.);
#1586=EDGE_CURVE('',#2222,#2222,#204,.T.);
#1587=EDGE_CURVE('',#2223,#2223,#205,.T.);
#1588=EDGE_CURVE('',#2224,#2224,#206,.T.);
#1589=EDGE_CURVE('',#2225,#2225,#207,.T.);
#1590=EDGE_CURVE('',#2226,#2226,#208,.T.);
#1591=EDGE_CURVE('',#2227,#2206,#2656,.T.);
#1592=EDGE_CURVE('',#2227,#2228,#2657,.T.);
#1593=EDGE_CURVE('',#2228,#2207,#2658,.T.);
#1594=EDGE_CURVE('',#2229,#2205,#2659,.T.);
#1595=EDGE_CURVE('',#2229,#2227,#2660,.T.);
#1596=EDGE_CURVE('',#2230,#2208,#2661,.T.);
#1597=EDGE_CURVE('',#2230,#2229,#2662,.T.);
#1598=EDGE_CURVE('',#2228,#2230,#2663,.T.);
#1599=EDGE_CURVE('',#2231,#2231,#209,.T.);
#1600=EDGE_CURVE('',#2232,#2232,#210,.T.);
#1601=EDGE_CURVE('',#2233,#2233,#211,.T.);
#1602=EDGE_CURVE('',#2234,#2234,#212,.T.);
#1603=EDGE_CURVE('',#2235,#2235,#213,.T.);
#1604=EDGE_CURVE('',#2236,#2236,#214,.T.);
#1605=EDGE_CURVE('',#2237,#2237,#215,.T.);
#1606=EDGE_CURVE('',#2238,#2238,#216,.T.);
#1607=EDGE_CURVE('',#2239,#2239,#217,.T.);
#1608=EDGE_CURVE('',#2240,#2240,#218,.T.);
#1609=EDGE_CURVE('',#2241,#2241,#219,.T.);
#1610=EDGE_CURVE('',#2242,#2243,#2664,.T.);
#1611=EDGE_CURVE('',#2242,#2244,#2665,.T.);
#1612=EDGE_CURVE('',#2244,#2245,#2666,.T.);
#1613=EDGE_CURVE('',#2243,#2245,#2667,.T.);
#1614=EDGE_CURVE('',#2246,#2247,#2668,.T.);
#1615=EDGE_CURVE('',#2247,#2242,#2669,.T.);
#1616=EDGE_CURVE('',#2243,#2248,#2670,.T.);
#1617=EDGE_CURVE('',#2249,#2248,#2671,.T.);
#1618=EDGE_CURVE('',#2250,#2249,#2672,.T.);
#1619=EDGE_CURVE('',#2250,#2251,#2673,.T.);
#1620=EDGE_CURVE('',#2246,#2251,#2674,.T.);
#1621=EDGE_CURVE('',#2249,#2252,#2675,.T.);
#1622=EDGE_CURVE('',#2253,#2252,#2676,.T.);
#1623=EDGE_CURVE('',#2250,#2253,#2677,.T.);
#1624=EDGE_CURVE('',#2254,#2255,#2678,.T.);
#1625=EDGE_CURVE('',#2254,#2256,#2679,.T.);
#1626=EDGE_CURVE('',#2253,#2256,#2680,.T.);
#1627=EDGE_CURVE('',#2252,#2257,#2681,.T.);
#1628=EDGE_CURVE('',#2245,#2257,#2682,.T.);
#1629=EDGE_CURVE('',#2255,#2244,#2683,.T.);
#1630=EDGE_CURVE('',#2248,#2257,#2684,.T.);
#1631=EDGE_CURVE('',#2251,#2256,#2685,.T.);
#1632=EDGE_CURVE('',#2246,#2254,#2686,.T.);
#1633=EDGE_CURVE('',#2247,#2255,#2687,.T.);
#1634=EDGE_CURVE('',#2258,#2259,#2688,.T.);
#1635=EDGE_CURVE('',#2259,#2260,#2689,.T.);
#1636=EDGE_CURVE('',#2260,#2261,#2690,.T.);
#1637=EDGE_CURVE('',#2261,#2262,#2691,.T.);
#1638=EDGE_CURVE('',#2263,#2262,#2692,.T.);
#1639=EDGE_CURVE('',#2264,#2263,#2693,.T.);
#1640=EDGE_CURVE('',#2264,#2265,#2694,.T.);
#1641=EDGE_CURVE('',#2258,#2265,#2695,.T.);
#1642=EDGE_CURVE('',#2266,#2267,#2696,.T.);
#1643=EDGE_CURVE('',#2266,#2268,#2697,.T.);
#1644=EDGE_CURVE('',#2269,#2268,#2698,.T.);
#1645=EDGE_CURVE('',#2270,#2269,#2699,.T.);
#1646=EDGE_CURVE('',#2271,#2270,#2700,.T.);
#1647=EDGE_CURVE('',#2272,#2271,#2701,.T.);
#1648=EDGE_CURVE('',#2272,#2273,#2702,.T.);
#1649=EDGE_CURVE('',#2273,#2267,#2703,.T.);
#1650=EDGE_CURVE('',#2274,#2275,#2704,.T.);
#1651=EDGE_CURVE('',#2275,#2276,#2705,.T.);
#1652=EDGE_CURVE('',#2277,#2276,#2706,.T.);
#1653=EDGE_CURVE('',#2274,#2277,#2707,.T.);
#1654=EDGE_CURVE('',#2278,#2279,#2708,.T.);
#1655=EDGE_CURVE('',#2280,#2278,#2709,.T.);
#1656=EDGE_CURVE('',#2280,#2281,#2710,.T.);
#1657=EDGE_CURVE('',#2281,#2279,#2711,.T.);
#1658=EDGE_CURVE('',#2266,#2282,#2712,.T.);
#1659=EDGE_CURVE('',#2283,#2267,#2713,.T.);
#1660=EDGE_CURVE('',#2282,#2283,#2714,.T.);
#1661=EDGE_CURVE('',#2260,#2284,#2715,.T.);
#1662=EDGE_CURVE('',#2284,#2285,#2716,.T.);
#1663=EDGE_CURVE('',#2285,#2261,#2717,.T.);
#1664=EDGE_CURVE('',#2284,#2282,#2718,.T.);
#1665=EDGE_CURVE('',#2283,#2285,#2719,.T.);
#1666=EDGE_CURVE('',#2286,#2287,#2720,.T.);
#1667=EDGE_CURVE('',#2287,#2264,#2721,.T.);
#1668=EDGE_CURVE('',#2263,#2275,#2722,.T.);
#1669=EDGE_CURVE('',#2272,#2274,#2723,.T.);
#1670=EDGE_CURVE('',#2286,#2271,#2724,.T.);
#1671=EDGE_CURVE('',#2273,#2277,#2725,.T.);
#1672=EDGE_CURVE('',#2262,#2276,#2726,.T.);
#1673=EDGE_CURVE('',#2270,#2288,#2727,.T.);
#1674=EDGE_CURVE('',#2286,#2288,#2728,.T.);
#1675=EDGE_CURVE('',#2265,#2289,#2729,.T.);
#1676=EDGE_CURVE('',#2287,#2289,#2730,.T.);
#1677=EDGE_CURVE('',#2289,#2288,#2731,.T.);
#1678=EDGE_CURVE('',#2278,#2259,#2732,.T.);
#1679=EDGE_CURVE('',#2280,#2258,#2733,.T.);
#1680=EDGE_CURVE('',#2281,#2269,#2734,.T.);
#1681=EDGE_CURVE('',#2279,#2268,#2735,.T.);
#1682=EDGE_CURVE('',#2290,#2291,#2736,.T.);
#1683=EDGE_CURVE('',#2291,#2292,#2737,.T.);
#1684=EDGE_CURVE('',#2293,#2292,#2738,.T.);
#1685=EDGE_CURVE('',#2290,#2293,#2739,.T.);
#1686=EDGE_CURVE('',#2294,#2295,#2740,.T.);
#1687=EDGE_CURVE('',#2296,#2294,#2741,.T.);
#1688=EDGE_CURVE('',#2297,#2296,#2742,.T.);
#1689=EDGE_CURVE('',#2298,#2297,#2743,.T.);
#1690=EDGE_CURVE('',#2299,#2298,#2744,.T.);
#1691=EDGE_CURVE('',#2300,#2299,#2745,.T.);
#1692=EDGE_CURVE('',#2301,#2300,#2746,.T.);
#1693=EDGE_CURVE('',#2295,#2301,#2747,.T.);
#1694=EDGE_CURVE('',#2302,#2303,#2748,.T.);
#1695=EDGE_CURVE('',#2302,#2304,#2749,.T.);
#1696=EDGE_CURVE('',#2304,#2305,#2750,.T.);
#1697=EDGE_CURVE('',#2303,#2305,#2751,.T.);
#1698=EDGE_CURVE('',#2306,#2307,#2752,.T.);
#1699=EDGE_CURVE('',#2307,#2308,#2753,.T.);
#1700=EDGE_CURVE('',#2308,#2309,#2754,.T.);
#1701=EDGE_CURVE('',#2309,#2310,#2755,.T.);
#1702=EDGE_CURVE('',#2310,#2311,#2756,.T.);
#1703=EDGE_CURVE('',#2311,#2312,#2757,.T.);
#1704=EDGE_CURVE('',#2312,#2313,#2758,.T.);
#1705=EDGE_CURVE('',#2313,#2306,#2759,.T.);
#1706=EDGE_CURVE('',#2291,#2303,#2760,.T.);
#1707=EDGE_CURVE('',#2290,#2302,#2761,.T.);
#1708=EDGE_CURVE('',#2293,#2304,#2762,.T.);
#1709=EDGE_CURVE('',#2292,#2305,#2763,.T.);
#1710=EDGE_CURVE('',#2295,#2308,#2764,.T.);
#1711=EDGE_CURVE('',#2294,#2307,#2765,.T.);
#1712=EDGE_CURVE('',#2296,#2306,#2766,.T.);
#1713=EDGE_CURVE('',#2297,#2313,#2767,.T.);
#1714=EDGE_CURVE('',#2298,#2312,#2768,.T.);
#1715=EDGE_CURVE('',#2299,#2311,#2769,.T.);
#1716=EDGE_CURVE('',#2300,#2310,#2770,.T.);
#1717=EDGE_CURVE('',#2301,#2309,#2771,.T.);
#1718=EDGE_CURVE('',#2314,#2315,#2772,.T.);
#1719=EDGE_CURVE('',#2316,#2314,#2773,.T.);
#1720=EDGE_CURVE('',#2317,#2316,#2774,.T.);
#1721=EDGE_CURVE('',#2317,#2315,#2775,.T.);
#1722=EDGE_CURVE('',#2318,#2319,#2776,.T.);
#1723=EDGE_CURVE('',#2320,#2318,#2777,.T.);
#1724=EDGE_CURVE('',#2320,#2321,#2778,.T.);
#1725=EDGE_CURVE('',#2319,#2321,#2779,.T.);
#1726=EDGE_CURVE('',#2315,#2318,#2780,.T.);
#1727=EDGE_CURVE('',#2322,#2317,#2781,.T.);
#1728=EDGE_CURVE('',#2323,#2322,#2782,.T.);
#1729=EDGE_CURVE('',#2323,#2324,#2783,.T.);
#1730=EDGE_CURVE('',#2324,#2325,#2784,.T.);
#1731=EDGE_CURVE('',#2320,#2325,#2785,.T.);
#1732=EDGE_CURVE('',#2326,#2326,#220,.F.);
#1733=EDGE_CURVE('',#2319,#2327,#2786,.T.);
#1734=EDGE_CURVE('',#2321,#2328,#2787,.T.);
#1735=EDGE_CURVE('',#2329,#2328,#2788,.T.);
#1736=EDGE_CURVE('',#2330,#2329,#2789,.T.);
#1737=EDGE_CURVE('',#2330,#2331,#2790,.T.);
#1738=EDGE_CURVE('',#2331,#2316,#2791,.T.);
#1739=EDGE_CURVE('',#2332,#2314,#2792,.T.);
#1740=EDGE_CURVE('',#2333,#2332,#2793,.T.);
#1741=EDGE_CURVE('',#2334,#2333,#2794,.T.);
#1742=EDGE_CURVE('',#2334,#2335,#2795,.T.);
#1743=EDGE_CURVE('',#2336,#2335,#2796,.T.);
#1744=EDGE_CURVE('',#2337,#2336,#2797,.T.);
#1745=EDGE_CURVE('',#2338,#2337,#2798,.T.);
#1746=EDGE_CURVE('',#2338,#2339,#2799,.T.);
#1747=EDGE_CURVE('',#2339,#2340,#2800,.T.);
#1748=EDGE_CURVE('',#2340,#2341,#2801,.T.);
#1749=EDGE_CURVE('',#2341,#2342,#2802,.T.);
#1750=EDGE_CURVE('',#2342,#2343,#2803,.T.);
#1751=EDGE_CURVE('',#2343,#2344,#2804,.T.);
#1752=EDGE_CURVE('',#2344,#2345,#2805,.T.);
#1753=EDGE_CURVE('',#2345,#2346,#2806,.T.);
#1754=EDGE_CURVE('',#2346,#2347,#2807,.T.);
#1755=EDGE_CURVE('',#2347,#2348,#2808,.T.);
#1756=EDGE_CURVE('',#2348,#2349,#2809,.T.);
#1757=EDGE_CURVE('',#2350,#2349,#2810,.T.);
#1758=EDGE_CURVE('',#2351,#2350,#2811,.T.);
#1759=EDGE_CURVE('',#2352,#2351,#2812,.T.);
#1760=EDGE_CURVE('',#2352,#2353,#2813,.T.);
#1761=EDGE_CURVE('',#2354,#2353,#2814,.T.);
#1762=EDGE_CURVE('',#2327,#2354,#2815,.T.);
#1763=EDGE_CURVE('',#2355,#2356,#2816,.T.);
#1764=EDGE_CURVE('',#2355,#2357,#2817,.T.);
#1765=EDGE_CURVE('',#2358,#2357,#2818,.T.);
#1766=EDGE_CURVE('',#2359,#2358,#2819,.T.);
#1767=EDGE_CURVE('',#2360,#2359,#2820,.T.);
#1768=EDGE_CURVE('',#2361,#2360,#2821,.T.);
#1769=EDGE_CURVE('',#2362,#2361,#2822,.T.);
#1770=EDGE_CURVE('',#2356,#2362,#2823,.T.);
#1771=EDGE_CURVE('',#2342,#2363,#2824,.T.);
#1772=EDGE_CURVE('',#2363,#2364,#2825,.T.);
#1773=EDGE_CURVE('',#2364,#2343,#2826,.T.);
#1774=EDGE_CURVE('',#2365,#2366,#2827,.T.);
#1775=EDGE_CURVE('',#2366,#2339,#2828,.T.);
#1776=EDGE_CURVE('',#2365,#2338,#2829,.T.);
#1777=EDGE_CURVE('',#2367,#2334,#2830,.T.);
#1778=EDGE_CURVE('',#2367,#2368,#2831,.T.);
#1779=EDGE_CURVE('',#2369,#2368,#2832,.T.);
#1780=EDGE_CURVE('',#2369,#2370,#2833,.T.);
#1781=EDGE_CURVE('',#2335,#2370,#2834,.T.);
#1782=EDGE_CURVE('',#2371,#2372,#2835,.T.);
#1783=EDGE_CURVE('',#2372,#2345,#2836,.T.);
#1784=EDGE_CURVE('',#2371,#2344,#2837,.T.);
#1785=EDGE_CURVE('',#2348,#2373,#2838,.T.);
#1786=EDGE_CURVE('',#2373,#2374,#2839,.T.);
#1787=EDGE_CURVE('',#2349,#2374,#2840,.T.);
#1788=EDGE_CURVE('',#2353,#2375,#2841,.T.);
#1789=EDGE_CURVE('',#2376,#2352,#2842,.T.);
#1790=EDGE_CURVE('',#2376,#2377,#2843,.T.);
#1791=EDGE_CURVE('',#2377,#2378,#2844,.T.);
#1792=EDGE_CURVE('',#2375,#2378,#2845,.T.);
#1793=EDGE_CURVE('',#2379,#2379,#221,.F.);
#1794=EDGE_CURVE('',#2363,#2372,#2846,.T.);
#1795=EDGE_CURVE('',#2364,#2371,#2847,.T.);
#1796=EDGE_CURVE('',#2373,#2366,#2848,.T.);
#1797=EDGE_CURVE('',#2374,#2365,#2849,.T.);
#1798=EDGE_CURVE('',#2370,#2376,#2850,.T.);
#1799=EDGE_CURVE('',#2369,#2377,#2851,.T.);
#1800=EDGE_CURVE('',#2322,#2331,#2852,.T.);
#1801=EDGE_CURVE('',#2325,#2328,#2853,.T.);
#1802=EDGE_CURVE('',#2323,#2330,#2854,.T.);
#1803=EDGE_CURVE('',#2324,#2329,#2855,.T.);
#1804=EDGE_CURVE('',#2375,#2367,#2856,.T.);
#1805=EDGE_CURVE('',#2368,#2378,#2857,.T.);
#1806=EDGE_CURVE('',#2380,#2381,#2858,.T.);
#1807=EDGE_CURVE('',#2381,#2382,#2859,.T.);
#1808=EDGE_CURVE('',#2382,#2383,#2860,.T.);
#1809=EDGE_CURVE('',#2383,#2384,#2861,.T.);
#1810=EDGE_CURVE('',#2384,#2385,#2862,.T.);
#1811=EDGE_CURVE('',#2385,#2386,#2863,.T.);
#1812=EDGE_CURVE('',#2386,#2387,#2864,.T.);
#1813=EDGE_CURVE('',#2380,#2387,#2865,.T.);
#1814=EDGE_CURVE('',#2388,#2389,#2866,.T.);
#1815=EDGE_CURVE('',#2389,#2390,#2867,.T.);
#1816=EDGE_CURVE('',#2391,#2390,#2868,.T.);
#1817=EDGE_CURVE('',#2392,#2391,#2869,.T.);
#1818=EDGE_CURVE('',#2392,#2393,#2870,.T.);
#1819=EDGE_CURVE('',#2393,#2394,#2871,.T.);
#1820=EDGE_CURVE('',#2394,#2395,#2872,.T.);
#1821=EDGE_CURVE('',#2395,#2388,#2873,.T.);
#1822=EDGE_CURVE('',#2381,#2356,#2874,.T.);
#1823=EDGE_CURVE('',#2380,#2355,#2875,.T.);
#1824=EDGE_CURVE('',#2387,#2357,#2876,.T.);
#1825=EDGE_CURVE('',#2386,#2358,#2877,.T.);
#1826=EDGE_CURVE('',#2385,#2359,#2878,.T.);
#1827=EDGE_CURVE('',#2384,#2360,#2879,.T.);
#1828=EDGE_CURVE('',#2383,#2361,#2880,.T.);
#1829=EDGE_CURVE('',#2382,#2362,#2881,.T.);
#1830=EDGE_CURVE('',#2396,#2396,#222,.F.);
#1831=EDGE_CURVE('',#2397,#2398,#2882,.T.);
#1832=EDGE_CURVE('',#2398,#2399,#2883,.T.);
#1833=EDGE_CURVE('',#2399,#2400,#2884,.T.);
#1834=EDGE_CURVE('',#2401,#2400,#2885,.T.);
#1835=EDGE_CURVE('',#2402,#2401,#2886,.T.);
#1836=EDGE_CURVE('',#2402,#2397,#2887,.T.);
#1837=EDGE_CURVE('',#2403,#2398,#2888,.T.);
#1838=EDGE_CURVE('',#2403,#2404,#2889,.T.);
#1839=EDGE_CURVE('',#2404,#2399,#2890,.T.);
#1840=EDGE_CURVE('',#2405,#2405,#223,.T.);
#1841=EDGE_CURVE('',#2403,#2406,#2891,.T.);
#1842=EDGE_CURVE('',#2406,#2407,#2892,.T.);
#1843=EDGE_CURVE('',#2407,#2404,#2893,.T.);
#1844=EDGE_CURVE('',#2407,#2394,#2894,.T.);
#1845=EDGE_CURVE('',#2406,#2395,#2895,.T.);
#1846=EDGE_CURVE('',#2399,#2393,#2896,.T.);
#1847=EDGE_CURVE('',#2398,#2388,#2897,.T.);
#1848=EDGE_CURVE('',#2400,#2392,#2898,.T.);
#1849=EDGE_CURVE('',#2401,#2391,#2899,.T.);
#1850=EDGE_CURVE('',#2402,#2390,#2900,.T.);
#1851=EDGE_CURVE('',#2397,#2389,#2901,.T.);
#1852=EDGE_CURVE('',#2408,#2408,#224,.T.);
#1853=EDGE_CURVE('',#2409,#2336,#2902,.T.);
#1854=EDGE_CURVE('',#2410,#2409,#2903,.T.);
#1855=EDGE_CURVE('',#2410,#2337,#2904,.T.);
#1856=EDGE_CURVE('',#2411,#2351,#2905,.T.);
#1857=EDGE_CURVE('',#2409,#2411,#2906,.T.);
#1858=EDGE_CURVE('',#2412,#2350,#2907,.T.);
#1859=EDGE_CURVE('',#2411,#2412,#2908,.T.);
#1860=EDGE_CURVE('',#2412,#2410,#2909,.T.);
#1861=EDGE_CURVE('',#2413,#2346,#2910,.T.);
#1862=EDGE_CURVE('',#2413,#2414,#2911,.T.);
#1863=EDGE_CURVE('',#2414,#2347,#2912,.T.);
#1864=EDGE_CURVE('',#2415,#2341,#2913,.T.);
#1865=EDGE_CURVE('',#2415,#2413,#2914,.T.);
#1866=EDGE_CURVE('',#2416,#2340,#2915,.T.);
#1867=EDGE_CURVE('',#2416,#2415,#2916,.T.);
#1868=EDGE_CURVE('',#2414,#2416,#2917,.T.);
#1869=EDGE_CURVE('',#2417,#2417,#225,.T.);
#1870=EDGE_CURVE('',#2418,#2418,#226,.T.);
#1871=EDGE_CURVE('',#2419,#2419,#227,.T.);
#1872=EDGE_CURVE('',#2420,#2327,#2918,.T.);
#1873=EDGE_CURVE('',#2421,#2420,#2919,.T.);
#1874=EDGE_CURVE('',#2421,#2332,#2920,.T.);
#1875=EDGE_CURVE('',#2422,#2354,#2921,.T.);
#1876=EDGE_CURVE('',#2420,#2422,#2922,.T.);
#1877=EDGE_CURVE('',#2423,#2333,#2923,.T.);
#1878=EDGE_CURVE('',#2422,#2423,#2924,.T.);
#1879=EDGE_CURVE('',#2423,#2421,#2925,.T.);
#1880=EDGE_CURVE('',#2424,#2425,#2926,.F.);
#1881=EDGE_CURVE('',#2424,#2426,#228,.T.);
#1882=EDGE_CURVE('',#2427,#2426,#2927,.F.);
#1883=EDGE_CURVE('',#2427,#2425,#229,.T.);
#1884=EDGE_CURVE('',#2428,#2429,#2928,.T.);
#1885=EDGE_CURVE('',#2428,#2430,#230,.T.);
#1886=EDGE_CURVE('',#2431,#2430,#2929,.F.);
#1887=EDGE_CURVE('',#2431,#2429,#231,.T.);
#1888=EDGE_CURVE('',#2432,#2433,#2930,.T.);
#1889=EDGE_CURVE('',#2432,#2434,#232,.T.);
#1890=EDGE_CURVE('',#2435,#2434,#2931,.T.);
#1891=EDGE_CURVE('',#2435,#2433,#233,.T.);
#1892=EDGE_CURVE('',#2436,#2437,#2932,.T.);
#1893=EDGE_CURVE('',#2436,#2438,#234,.T.);
#1894=EDGE_CURVE('',#2439,#2438,#2933,.F.);
#1895=EDGE_CURVE('',#2439,#2437,#235,.T.);
#1896=EDGE_CURVE('',#2440,#2440,#236,.T.);
#1897=EDGE_CURVE('',#2441,#2441,#237,.T.);
#1898=EDGE_CURVE('',#2442,#2443,#14,.T.);
#1899=EDGE_CURVE('',#2442,#2444,#2934,.T.);
#1900=EDGE_CURVE('',#2445,#2444,#15,.T.);
#1901=EDGE_CURVE('',#2445,#2443,#2935,.F.);
#1902=EDGE_CURVE('',#2446,#2447,#16,.T.);
#1903=EDGE_CURVE('',#2446,#2448,#2936,.T.);
#1904=EDGE_CURVE('',#2449,#2448,#17,.T.);
#1905=EDGE_CURVE('',#2447,#2449,#2937,.T.);
#1906=EDGE_CURVE('',#2450,#2451,#18,.T.);
#1907=EDGE_CURVE('',#2450,#2452,#2938,.T.);
#1908=EDGE_CURVE('',#2453,#2452,#19,.T.);
#1909=EDGE_CURVE('',#2451,#2453,#2939,.T.);
#1910=EDGE_CURVE('',#2454,#2455,#20,.T.);
#1911=EDGE_CURVE('',#2454,#2456,#2940,.T.);
#1912=EDGE_CURVE('',#2457,#2456,#21,.T.);
#1913=EDGE_CURVE('',#2455,#2457,#2941,.T.);
#1914=EDGE_CURVE('',#2458,#2458,#238,.F.);
#1915=EDGE_CURVE('',#2424,#2429,#10,.F.);
#1916=EDGE_CURVE('',#2431,#2437,#11,.F.);
#1917=EDGE_CURVE('',#2439,#2434,#12,.F.);
#1918=EDGE_CURVE('',#2432,#2426,#13,.F.);
#1919=EDGE_CURVE('',#2459,#2459,#239,.T.);
#1920=EDGE_CURVE('',#2428,#2460,#22,.T.);
#1921=EDGE_CURVE('',#2460,#2461,#2942,.F.);
#1922=EDGE_CURVE('',#2461,#2462,#23,.T.);
#1923=EDGE_CURVE('',#2463,#2462,#2943,.F.);
#1924=EDGE_CURVE('',#2463,#2425,#24,.T.);
#1925=EDGE_CURVE('',#2427,#2464,#25,.T.);
#1926=EDGE_CURVE('',#2465,#2464,#2944,.T.);
#1927=EDGE_CURVE('',#2465,#2466,#26,.T.);
#1928=EDGE_CURVE('',#2467,#2466,#2945,.F.);
#1929=EDGE_CURVE('',#2467,#2433,#27,.T.);
#1930=EDGE_CURVE('',#2435,#2468,#28,.T.);
#1931=EDGE_CURVE('',#2468,#2469,#2946,.F.);
#1932=EDGE_CURVE('',#2469,#2470,#29,.T.);
#1933=EDGE_CURVE('',#2471,#2470,#2947,.F.);
#1934=EDGE_CURVE('',#2471,#2438,#30,.T.);
#1935=EDGE_CURVE('',#2436,#2472,#31,.T.);
#1936=EDGE_CURVE('',#2472,#2473,#2948,.F.);
#1937=EDGE_CURVE('',#2473,#2474,#32,.T.);
#1938=EDGE_CURVE('',#2475,#2474,#2949,.F.);
#1939=EDGE_CURVE('',#2475,#2430,#33,.T.);
#1940=EDGE_CURVE('',#2476,#2476,#240,.T.);
#1941=EDGE_CURVE('',#2477,#2477,#241,.T.);
#1942=EDGE_CURVE('',#2442,#2467,#2950,.T.);
#1943=EDGE_CURVE('',#2444,#2466,#2951,.T.);
#1944=EDGE_CURVE('',#2465,#2445,#2952,.T.);
#1945=EDGE_CURVE('',#2464,#2443,#2953,.T.);
#1946=EDGE_CURVE('',#2446,#2471,#2954,.T.);
#1947=EDGE_CURVE('',#2448,#2470,#2955,.T.);
#1948=EDGE_CURVE('',#2449,#2469,#2956,.T.);
#1949=EDGE_CURVE('',#2447,#2468,#2957,.T.);
#1950=EDGE_CURVE('',#2453,#2473,#2958,.T.);
#1951=EDGE_CURVE('',#2451,#2472,#2959,.T.);
#1952=EDGE_CURVE('',#2452,#2474,#2960,.T.);
#1953=EDGE_CURVE('',#2450,#2475,#2961,.T.);
#1954=EDGE_CURVE('',#2455,#2460,#2962,.T.);
#1955=EDGE_CURVE('',#2454,#2463,#2963,.T.);
#1956=EDGE_CURVE('',#2456,#2462,#2964,.T.);
#1957=EDGE_CURVE('',#2457,#2461,#2965,.T.);
#1958=EDGE_CURVE('',#2478,#2479,#2966,.T.);
#1959=EDGE_CURVE('',#2478,#2480,#2967,.T.);
#1960=EDGE_CURVE('',#2480,#2481,#2968,.T.);
#1961=EDGE_CURVE('',#2481,#2479,#2969,.T.);
#1962=EDGE_CURVE('',#2482,#2483,#2970,.T.);
#1963=EDGE_CURVE('',#2482,#2484,#2971,.T.);
#1964=EDGE_CURVE('',#2484,#2485,#2972,.T.);
#1965=EDGE_CURVE('',#2483,#2485,#2973,.T.);
#1966=EDGE_CURVE('',#2486,#2487,#2974,.T.);
#1967=EDGE_CURVE('',#2488,#2487,#2975,.T.);
#1968=EDGE_CURVE('',#2489,#2488,#2976,.T.);
#1969=EDGE_CURVE('',#2486,#2489,#2977,.T.);
#1970=EDGE_CURVE('',#2490,#2491,#2978,.T.);
#1971=EDGE_CURVE('',#2490,#2492,#2979,.T.);
#1972=EDGE_CURVE('',#2492,#2493,#2980,.T.);
#1973=EDGE_CURVE('',#2491,#2493,#2981,.T.);
#1974=EDGE_CURVE('',#2478,#2486,#2982,.T.);
#1975=EDGE_CURVE('',#2479,#2487,#2983,.T.);
#1976=EDGE_CURVE('',#2480,#2489,#2984,.T.);
#1977=EDGE_CURVE('',#2481,#2488,#2985,.T.);
#1978=EDGE_CURVE('',#2491,#2484,#2986,.T.);
#1979=EDGE_CURVE('',#2490,#2482,#2987,.T.);
#1980=EDGE_CURVE('',#2492,#2483,#2988,.T.);
#1981=EDGE_CURVE('',#2493,#2485,#2989,.T.);
#1982=EDGE_CURVE('',#2494,#2495,#2990,.T.);
#1983=EDGE_CURVE('',#2496,#2494,#2991,.T.);
#1984=EDGE_CURVE('',#2497,#2496,#2992,.T.);
#1985=EDGE_CURVE('',#2498,#2497,#2993,.T.);
#1986=EDGE_CURVE('',#2499,#2498,#2994,.T.);
#1987=EDGE_CURVE('',#2500,#2499,#2995,.T.);
#1988=EDGE_CURVE('',#2501,#2500,#2996,.T.);
#1989=EDGE_CURVE('',#2502,#2501,#2997,.T.);
#1990=EDGE_CURVE('',#2503,#2502,#2998,.T.);
#1991=EDGE_CURVE('',#2504,#2503,#2999,.T.);
#1992=EDGE_CURVE('',#2505,#2504,#3000,.T.);
#1993=EDGE_CURVE('',#2506,#2505,#3001,.T.);
#1994=EDGE_CURVE('',#2507,#2506,#3002,.T.);
#1995=EDGE_CURVE('',#2508,#2507,#3003,.T.);
#1996=EDGE_CURVE('',#2509,#2508,#3004,.T.);
#1997=EDGE_CURVE('',#2510,#2509,#3005,.T.);
#1998=EDGE_CURVE('',#2511,#2510,#3006,.T.);
#1999=EDGE_CURVE('',#2512,#2511,#3007,.T.);
#2000=EDGE_CURVE('',#2513,#2512,#3008,.T.);
#2001=EDGE_CURVE('',#2495,#2513,#3009,.T.);
#2002=EDGE_CURVE('',#2514,#2514,#242,.T.);
#2003=EDGE_CURVE('',#2495,#2515,#3010,.T.);
#2004=EDGE_CURVE('',#2515,#2516,#3011,.T.);
#2005=EDGE_CURVE('',#2494,#2516,#3012,.T.);
#2006=EDGE_CURVE('',#2513,#2517,#3013,.T.);
#2007=EDGE_CURVE('',#2517,#2515,#3014,.T.);
#2008=EDGE_CURVE('',#2512,#2518,#3015,.T.);
#2009=EDGE_CURVE('',#2518,#2517,#3016,.T.);
#2010=EDGE_CURVE('',#2511,#2519,#3017,.T.);
#2011=EDGE_CURVE('',#2519,#2518,#3018,.T.);
#2012=EDGE_CURVE('',#2510,#2520,#3019,.T.);
#2013=EDGE_CURVE('',#2520,#2519,#3020,.T.);
#2014=EDGE_CURVE('',#2509,#2521,#3021,.T.);
#2015=EDGE_CURVE('',#2521,#2520,#3022,.T.);
#2016=EDGE_CURVE('',#2508,#2522,#3023,.T.);
#2017=EDGE_CURVE('',#2522,#2521,#3024,.T.);
#2018=EDGE_CURVE('',#2507,#2523,#3025,.T.);
#2019=EDGE_CURVE('',#2523,#2522,#3026,.T.);
#2020=EDGE_CURVE('',#2506,#2524,#3027,.T.);
#2021=EDGE_CURVE('',#2524,#2523,#3028,.T.);
#2022=EDGE_CURVE('',#2505,#2525,#3029,.T.);
#2023=EDGE_CURVE('',#2525,#2524,#3030,.T.);
#2024=EDGE_CURVE('',#2504,#2526,#3031,.T.);
#2025=EDGE_CURVE('',#2526,#2525,#3032,.T.);
#2026=EDGE_CURVE('',#2503,#2527,#3033,.T.);
#2027=EDGE_CURVE('',#2527,#2526,#3034,.T.);
#2028=EDGE_CURVE('',#2502,#2528,#3035,.T.);
#2029=EDGE_CURVE('',#2528,#2527,#3036,.T.);
#2030=EDGE_CURVE('',#2501,#2529,#3037,.T.);
#2031=EDGE_CURVE('',#2529,#2528,#3038,.T.);
#2032=EDGE_CURVE('',#2500,#2530,#3039,.T.);
#2033=EDGE_CURVE('',#2530,#2529,#3040,.T.);
#2034=EDGE_CURVE('',#2499,#2531,#3041,.T.);
#2035=EDGE_CURVE('',#2531,#2530,#3042,.T.);
#2036=EDGE_CURVE('',#2498,#2532,#3043,.T.);
#2037=EDGE_CURVE('',#2532,#2531,#3044,.T.);
#2038=EDGE_CURVE('',#2497,#2533,#3045,.T.);
#2039=EDGE_CURVE('',#2533,#2532,#3046,.T.);
#2040=EDGE_CURVE('',#2496,#2534,#3047,.T.);
#2041=EDGE_CURVE('',#2534,#2533,#3048,.T.);
#2042=EDGE_CURVE('',#2516,#2534,#3049,.T.);
#2043=EDGE_CURVE('',#2535,#2535,#243,.F.);
#2044=EDGE_CURVE('',#2536,#2537,#3050,.T.);
#2045=EDGE_CURVE('',#2538,#2536,#3051,.T.);
#2046=EDGE_CURVE('',#2539,#2538,#3052,.T.);
#2047=EDGE_CURVE('',#2540,#2539,#3053,.T.);
#2048=EDGE_CURVE('',#2541,#2540,#3054,.T.);
#2049=EDGE_CURVE('',#2542,#2541,#3055,.T.);
#2050=EDGE_CURVE('',#2543,#2542,#3056,.T.);
#2051=EDGE_CURVE('',#2544,#2543,#3057,.T.);
#2052=EDGE_CURVE('',#2545,#2544,#3058,.T.);
#2053=EDGE_CURVE('',#2546,#2545,#3059,.T.);
#2054=EDGE_CURVE('',#2547,#2546,#3060,.T.);
#2055=EDGE_CURVE('',#2548,#2547,#3061,.T.);
#2056=EDGE_CURVE('',#2549,#2548,#3062,.T.);
#2057=EDGE_CURVE('',#2550,#2549,#3063,.T.);
#2058=EDGE_CURVE('',#2551,#2550,#3064,.T.);
#2059=EDGE_CURVE('',#2552,#2551,#3065,.T.);
#2060=EDGE_CURVE('',#2553,#2552,#3066,.T.);
#2061=EDGE_CURVE('',#2554,#2553,#3067,.T.);
#2062=EDGE_CURVE('',#2555,#2554,#3068,.T.);
#2063=EDGE_CURVE('',#2537,#2555,#3069,.T.);
#2064=EDGE_CURVE('',#2556,#2556,#244,.T.);
#2065=EDGE_CURVE('',#2537,#2557,#3070,.T.);
#2066=EDGE_CURVE('',#2557,#2558,#3071,.T.);
#2067=EDGE_CURVE('',#2536,#2558,#3072,.T.);
#2068=EDGE_CURVE('',#2555,#2559,#3073,.T.);
#2069=EDGE_CURVE('',#2559,#2557,#3074,.T.);
#2070=EDGE_CURVE('',#2554,#2560,#3075,.T.);
#2071=EDGE_CURVE('',#2560,#2559,#3076,.T.);
#2072=EDGE_CURVE('',#2553,#2561,#3077,.T.);
#2073=EDGE_CURVE('',#2561,#2560,#3078,.T.);
#2074=EDGE_CURVE('',#2552,#2562,#3079,.T.);
#2075=EDGE_CURVE('',#2562,#2561,#3080,.T.);
#2076=EDGE_CURVE('',#2551,#2563,#3081,.T.);
#2077=EDGE_CURVE('',#2563,#2562,#3082,.T.);
#2078=EDGE_CURVE('',#2550,#2564,#3083,.T.);
#2079=EDGE_CURVE('',#2564,#2563,#3084,.T.);
#2080=EDGE_CURVE('',#2549,#2565,#3085,.T.);
#2081=EDGE_CURVE('',#2565,#2564,#3086,.T.);
#2082=EDGE_CURVE('',#2548,#2566,#3087,.T.);
#2083=EDGE_CURVE('',#2566,#2565,#3088,.T.);
#2084=EDGE_CURVE('',#2547,#2567,#3089,.T.);
#2085=EDGE_CURVE('',#2567,#2566,#3090,.T.);
#2086=EDGE_CURVE('',#2546,#2568,#3091,.T.);
#2087=EDGE_CURVE('',#2568,#2567,#3092,.T.);
#2088=EDGE_CURVE('',#2545,#2569,#3093,.T.);
#2089=EDGE_CURVE('',#2569,#2568,#3094,.T.);
#2090=EDGE_CURVE('',#2544,#2570,#3095,.T.);
#2091=EDGE_CURVE('',#2570,#2569,#3096,.T.);
#2092=EDGE_CURVE('',#2543,#2571,#3097,.T.);
#2093=EDGE_CURVE('',#2571,#2570,#3098,.T.);
#2094=EDGE_CURVE('',#2542,#2572,#3099,.T.);
#2095=EDGE_CURVE('',#2572,#2571,#3100,.T.);
#2096=EDGE_CURVE('',#2541,#2573,#3101,.T.);
#2097=EDGE_CURVE('',#2573,#2572,#3102,.T.);
#2098=EDGE_CURVE('',#2540,#2574,#3103,.T.);
#2099=EDGE_CURVE('',#2574,#2573,#3104,.T.);
#2100=EDGE_CURVE('',#2539,#2575,#3105,.T.);
#2101=EDGE_CURVE('',#2575,#2574,#3106,.T.);
#2102=EDGE_CURVE('',#2538,#2576,#3107,.T.);
#2103=EDGE_CURVE('',#2576,#2575,#3108,.T.);
#2104=EDGE_CURVE('',#2558,#2576,#3109,.T.);
#2105=EDGE_CURVE('',#2577,#2577,#245,.F.);
#2106=EDGE_CURVE('',#2578,#2579,#3110,.T.);
#2107=EDGE_CURVE('',#2580,#2578,#3111,.T.);
#2108=EDGE_CURVE('',#2581,#2580,#3112,.T.);
#2109=EDGE_CURVE('',#2582,#2581,#3113,.T.);
#2110=EDGE_CURVE('',#2583,#2582,#3114,.T.);
#2111=EDGE_CURVE('',#2584,#2583,#3115,.T.);
#2112=EDGE_CURVE('',#2585,#2584,#3116,.T.);
#2113=EDGE_CURVE('',#2586,#2585,#3117,.T.);
#2114=EDGE_CURVE('',#2587,#2586,#3118,.T.);
#2115=EDGE_CURVE('',#2588,#2587,#3119,.T.);
#2116=EDGE_CURVE('',#2589,#2588,#3120,.T.);
#2117=EDGE_CURVE('',#2590,#2589,#3121,.T.);
#2118=EDGE_CURVE('',#2591,#2590,#3122,.T.);
#2119=EDGE_CURVE('',#2592,#2591,#3123,.T.);
#2120=EDGE_CURVE('',#2593,#2592,#3124,.T.);
#2121=EDGE_CURVE('',#2594,#2593,#3125,.T.);
#2122=EDGE_CURVE('',#2595,#2594,#3126,.T.);
#2123=EDGE_CURVE('',#2596,#2595,#3127,.T.);
#2124=EDGE_CURVE('',#2597,#2596,#3128,.T.);
#2125=EDGE_CURVE('',#2579,#2597,#3129,.T.);
#2126=EDGE_CURVE('',#2598,#2598,#246,.T.);
#2127=EDGE_CURVE('',#2579,#2599,#3130,.T.);
#2128=EDGE_CURVE('',#2599,#2600,#3131,.T.);
#2129=EDGE_CURVE('',#2578,#2600,#3132,.T.);
#2130=EDGE_CURVE('',#2597,#2601,#3133,.T.);
#2131=EDGE_CURVE('',#2601,#2599,#3134,.T.);
#2132=EDGE_CURVE('',#2596,#2602,#3135,.T.);
#2133=EDGE_CURVE('',#2602,#2601,#3136,.T.);
#2134=EDGE_CURVE('',#2595,#2603,#3137,.T.);
#2135=EDGE_CURVE('',#2603,#2602,#3138,.T.);
#2136=EDGE_CURVE('',#2594,#2604,#3139,.T.);
#2137=EDGE_CURVE('',#2604,#2603,#3140,.T.);
#2138=EDGE_CURVE('',#2593,#2605,#3141,.T.);
#2139=EDGE_CURVE('',#2605,#2604,#3142,.T.);
#2140=EDGE_CURVE('',#2592,#2606,#3143,.T.);
#2141=EDGE_CURVE('',#2606,#2605,#3144,.T.);
#2142=EDGE_CURVE('',#2591,#2607,#3145,.T.);
#2143=EDGE_CURVE('',#2607,#2606,#3146,.T.);
#2144=EDGE_CURVE('',#2590,#2608,#3147,.T.);
#2145=EDGE_CURVE('',#2608,#2607,#3148,.T.);
#2146=EDGE_CURVE('',#2589,#2609,#3149,.T.);
#2147=EDGE_CURVE('',#2609,#2608,#3150,.T.);
#2148=EDGE_CURVE('',#2588,#2610,#3151,.T.);
#2149=EDGE_CURVE('',#2610,#2609,#3152,.T.);
#2150=EDGE_CURVE('',#2587,#2611,#3153,.T.);
#2151=EDGE_CURVE('',#2611,#2610,#3154,.T.);
#2152=EDGE_CURVE('',#2586,#2612,#3155,.T.);
#2153=EDGE_CURVE('',#2612,#2611,#3156,.T.);
#2154=EDGE_CURVE('',#2585,#2613,#3157,.T.);
#2155=EDGE_CURVE('',#2613,#2612,#3158,.T.);
#2156=EDGE_CURVE('',#2584,#2614,#3159,.T.);
#2157=EDGE_CURVE('',#2614,#2613,#3160,.T.);
#2158=EDGE_CURVE('',#2583,#2615,#3161,.T.);
#2159=EDGE_CURVE('',#2615,#2614,#3162,.T.);
#2160=EDGE_CURVE('',#2582,#2616,#3163,.T.);
#2161=EDGE_CURVE('',#2616,#2615,#3164,.T.);
#2162=EDGE_CURVE('',#2581,#2617,#3165,.T.);
#2163=EDGE_CURVE('',#2617,#2616,#3166,.T.);
#2164=EDGE_CURVE('',#2580,#2618,#3167,.T.);
#2165=EDGE_CURVE('',#2618,#2617,#3168,.T.);
#2166=EDGE_CURVE('',#2600,#2618,#3169,.T.);
#2167=EDGE_CURVE('',#2619,#2619,#247,.F.);
#2168=EDGE_CURVE('',#2620,#2621,#3170,.T.);
#2169=EDGE_CURVE('',#2622,#2620,#3171,.T.);
#2170=EDGE_CURVE('',#2622,#2623,#3172,.T.);
#2171=EDGE_CURVE('',#2623,#2621,#3173,.T.);
#2172=EDGE_CURVE('',#2620,#2624,#3174,.T.);
#2173=EDGE_CURVE('',#2625,#2624,#3175,.T.);
#2174=EDGE_CURVE('',#2622,#2625,#3176,.T.);
#2175=EDGE_CURVE('',#2624,#2626,#3177,.T.);
#2176=EDGE_CURVE('',#2627,#2626,#3178,.T.);
#2177=EDGE_CURVE('',#2625,#2627,#3179,.T.);
#2178=EDGE_CURVE('',#2621,#2626,#3180,.T.);
#2179=EDGE_CURVE('',#2623,#2627,#3181,.T.);
#2180=VERTEX_POINT('',#6658);
#2181=VERTEX_POINT('',#6659);
#2182=VERTEX_POINT('',#6661);
#2183=VERTEX_POINT('',#6663);
#2184=VERTEX_POINT('',#6667);
#2185=VERTEX_POINT('',#6669);
#2186=VERTEX_POINT('',#6673);
#2187=VERTEX_POINT('',#6675);
#2188=VERTEX_POINT('',#6683);
#2189=VERTEX_POINT('',#6684);
#2190=VERTEX_POINT('',#6686);
#2191=VERTEX_POINT('',#6688);
#2192=VERTEX_POINT('',#6692);
#2193=VERTEX_POINT('',#6694);
#2194=VERTEX_POINT('',#6698);
#2195=VERTEX_POINT('',#6700);
#2196=VERTEX_POINT('',#6707);
#2197=VERTEX_POINT('',#6709);
#2198=VERTEX_POINT('',#6711);
#2199=VERTEX_POINT('',#6713);
#2200=VERTEX_POINT('',#6715);
#2201=VERTEX_POINT('',#6717);
#2202=VERTEX_POINT('',#6719);
#2203=VERTEX_POINT('',#6721);
#2204=VERTEX_POINT('',#6723);
#2205=VERTEX_POINT('',#6726);
#2206=VERTEX_POINT('',#6727);
#2207=VERTEX_POINT('',#6729);
#2208=VERTEX_POINT('',#6731);
#2209=VERTEX_POINT('',#6734);
#2210=VERTEX_POINT('',#6736);
#2211=VERTEX_POINT('',#6738);
#2212=VERTEX_POINT('',#6740);
#2213=VERTEX_POINT('',#6742);
#2214=VERTEX_POINT('',#6744);
#2215=VERTEX_POINT('',#6746);
#2216=VERTEX_POINT('',#6748);
#2217=VERTEX_POINT('',#6750);
#2218=VERTEX_POINT('',#6753);
#2219=VERTEX_POINT('',#6756);
#2220=VERTEX_POINT('',#6759);
#2221=VERTEX_POINT('',#6762);
#2222=VERTEX_POINT('',#6765);
#2223=VERTEX_POINT('',#6768);
#2224=VERTEX_POINT('',#6771);
#2225=VERTEX_POINT('',#6774);
#2226=VERTEX_POINT('',#6777);
#2227=VERTEX_POINT('',#6780);
#2228=VERTEX_POINT('',#6782);
#2229=VERTEX_POINT('',#6786);
#2230=VERTEX_POINT('',#6790);
#2231=VERTEX_POINT('',#6797);
#2232=VERTEX_POINT('',#6801);
#2233=VERTEX_POINT('',#6805);
#2234=VERTEX_POINT('',#6809);
#2235=VERTEX_POINT('',#6813);
#2236=VERTEX_POINT('',#6817);
#2237=VERTEX_POINT('',#6821);
#2238=VERTEX_POINT('',#6824);
#2239=VERTEX_POINT('',#6827);
#2240=VERTEX_POINT('',#6831);
#2241=VERTEX_POINT('',#6835);
#2242=VERTEX_POINT('',#6840);
#2243=VERTEX_POINT('',#6841);
#2244=VERTEX_POINT('',#6843);
#2245=VERTEX_POINT('',#6845);
#2246=VERTEX_POINT('',#6849);
#2247=VERTEX_POINT('',#6850);
#2248=VERTEX_POINT('',#6853);
#2249=VERTEX_POINT('',#6855);
#2250=VERTEX_POINT('',#6857);
#2251=VERTEX_POINT('',#6859);
#2252=VERTEX_POINT('',#6863);
#2253=VERTEX_POINT('',#6865);
#2254=VERTEX_POINT('',#6869);
#2255=VERTEX_POINT('',#6870);
#2256=VERTEX_POINT('',#6872);
#2257=VERTEX_POINT('',#6875);
#2258=VERTEX_POINT('',#6891);
#2259=VERTEX_POINT('',#6892);
#2260=VERTEX_POINT('',#6894);
#2261=VERTEX_POINT('',#6896);
#2262=VERTEX_POINT('',#6898);
#2263=VERTEX_POINT('',#6900);
#2264=VERTEX_POINT('',#6902);
#2265=VERTEX_POINT('',#6904);
#2266=VERTEX_POINT('',#6908);
#2267=VERTEX_POINT('',#6909);
#2268=VERTEX_POINT('',#6911);
#2269=VERTEX_POINT('',#6913);
#2270=VERTEX_POINT('',#6915);
#2271=VERTEX_POINT('',#6917);
#2272=VERTEX_POINT('',#6919);
#2273=VERTEX_POINT('',#6921);
#2274=VERTEX_POINT('',#6925);
#2275=VERTEX_POINT('',#6926);
#2276=VERTEX_POINT('',#6928);
#2277=VERTEX_POINT('',#6930);
#2278=VERTEX_POINT('',#6933);
#2279=VERTEX_POINT('',#6934);
#2280=VERTEX_POINT('',#6936);
#2281=VERTEX_POINT('',#6938);
#2282=VERTEX_POINT('',#6942);
#2283=VERTEX_POINT('',#6944);
#2284=VERTEX_POINT('',#6948);
#2285=VERTEX_POINT('',#6950);
#2286=VERTEX_POINT('',#6957);
#2287=VERTEX_POINT('',#6958);
#2288=VERTEX_POINT('',#6970);
#2289=VERTEX_POINT('',#6974);
#2290=VERTEX_POINT('',#6989);
#2291=VERTEX_POINT('',#6990);
#2292=VERTEX_POINT('',#6992);
#2293=VERTEX_POINT('',#6994);
#2294=VERTEX_POINT('',#6997);
#2295=VERTEX_POINT('',#6998);
#2296=VERTEX_POINT('',#7000);
#2297=VERTEX_POINT('',#7002);
#2298=VERTEX_POINT('',#7004);
#2299=VERTEX_POINT('',#7006);
#2300=VERTEX_POINT('',#7008);
#2301=VERTEX_POINT('',#7010);
#2302=VERTEX_POINT('',#7014);
#2303=VERTEX_POINT('',#7015);
#2304=VERTEX_POINT('',#7017);
#2305=VERTEX_POINT('',#7019);
#2306=VERTEX_POINT('',#7022);
#2307=VERTEX_POINT('',#7023);
#2308=VERTEX_POINT('',#7025);
#2309=VERTEX_POINT('',#7027);
#2310=VERTEX_POINT('',#7029);
#2311=VERTEX_POINT('',#7031);
#2312=VERTEX_POINT('',#7033);
#2313=VERTEX_POINT('',#7035);
#2314=VERTEX_POINT('',#7064);
#2315=VERTEX_POINT('',#7065);
#2316=VERTEX_POINT('',#7067);
#2317=VERTEX_POINT('',#7069);
#2318=VERTEX_POINT('',#7073);
#2319=VERTEX_POINT('',#7074);
#2320=VERTEX_POINT('',#7076);
#2321=VERTEX_POINT('',#7078);
#2322=VERTEX_POINT('',#7083);
#2323=VERTEX_POINT('',#7085);
#2324=VERTEX_POINT('',#7087);
#2325=VERTEX_POINT('',#7089);
#2326=VERTEX_POINT('',#7092);
#2327=VERTEX_POINT('',#7095);
#2328=VERTEX_POINT('',#7097);
#2329=VERTEX_POINT('',#7099);
#2330=VERTEX_POINT('',#7101);
#2331=VERTEX_POINT('',#7103);
#2332=VERTEX_POINT('',#7106);
#2333=VERTEX_POINT('',#7108);
#2334=VERTEX_POINT('',#7110);
#2335=VERTEX_POINT('',#7112);
#2336=VERTEX_POINT('',#7114);
#2337=VERTEX_POINT('',#7116);
#2338=VERTEX_POINT('',#7118);
#2339=VERTEX_POINT('',#7120);
#2340=VERTEX_POINT('',#7122);
#2341=VERTEX_POINT('',#7124);
#2342=VERTEX_POINT('',#7126);
#2343=VERTEX_POINT('',#7128);
#2344=VERTEX_POINT('',#7130);
#2345=VERTEX_POINT('',#7132);
#2346=VERTEX_POINT('',#7134);
#2347=VERTEX_POINT('',#7136);
#2348=VERTEX_POINT('',#7138);
#2349=VERTEX_POINT('',#7140);
#2350=VERTEX_POINT('',#7142);
#2351=VERTEX_POINT('',#7144);
#2352=VERTEX_POINT('',#7146);
#2353=VERTEX_POINT('',#7148);
#2354=VERTEX_POINT('',#7150);
#2355=VERTEX_POINT('',#7153);
#2356=VERTEX_POINT('',#7154);
#2357=VERTEX_POINT('',#7156);
#2358=VERTEX_POINT('',#7158);
#2359=VERTEX_POINT('',#7160);
#2360=VERTEX_POINT('',#7162);
#2361=VERTEX_POINT('',#7164);
#2362=VERTEX_POINT('',#7166);
#2363=VERTEX_POINT('',#7170);
#2364=VERTEX_POINT('',#7172);
#2365=VERTEX_POINT('',#7176);
#2366=VERTEX_POINT('',#7177);
#2367=VERTEX_POINT('',#7182);
#2368=VERTEX_POINT('',#7184);
#2369=VERTEX_POINT('',#7186);
#2370=VERTEX_POINT('',#7188);
#2371=VERTEX_POINT('',#7192);
#2372=VERTEX_POINT('',#7193);
#2373=VERTEX_POINT('',#7198);
#2374=VERTEX_POINT('',#7200);
#2375=VERTEX_POINT('',#7204);
#2376=VERTEX_POINT('',#7206);
#2377=VERTEX_POINT('',#7208);
#2378=VERTEX_POINT('',#7210);
#2379=VERTEX_POINT('',#7214);
#2380=VERTEX_POINT('',#7239);
#2381=VERTEX_POINT('',#7240);
#2382=VERTEX_POINT('',#7242);
#2383=VERTEX_POINT('',#7244);
#2384=VERTEX_POINT('',#7246);
#2385=VERTEX_POINT('',#7248);
#2386=VERTEX_POINT('',#7250);
#2387=VERTEX_POINT('',#7252);
#2388=VERTEX_POINT('',#7255);
#2389=VERTEX_POINT('',#7256);
#2390=VERTEX_POINT('',#7258);
#2391=VERTEX_POINT('',#7260);
#2392=VERTEX_POINT('',#7262);
#2393=VERTEX_POINT('',#7264);
#2394=VERTEX_POINT('',#7266);
#2395=VERTEX_POINT('',#7268);
#2396=VERTEX_POINT('',#7288);
#2397=VERTEX_POINT('',#7290);
#2398=VERTEX_POINT('',#7291);
#2399=VERTEX_POINT('',#7293);
#2400=VERTEX_POINT('',#7295);
#2401=VERTEX_POINT('',#7297);
#2402=VERTEX_POINT('',#7299);
#2403=VERTEX_POINT('',#7303);
#2404=VERTEX_POINT('',#7305);
#2405=VERTEX_POINT('',#7309);
#2406=VERTEX_POINT('',#7311);
#2407=VERTEX_POINT('',#7313);
#2408=VERTEX_POINT('',#7333);
#2409=VERTEX_POINT('',#7336);
#2410=VERTEX_POINT('',#7338);
#2411=VERTEX_POINT('',#7342);
#2412=VERTEX_POINT('',#7346);
#2413=VERTEX_POINT('',#7353);
#2414=VERTEX_POINT('',#7355);
#2415=VERTEX_POINT('',#7359);
#2416=VERTEX_POINT('',#7363);
#2417=VERTEX_POINT('',#7370);
#2418=VERTEX_POINT('',#7373);
#2419=VERTEX_POINT('',#7377);
#2420=VERTEX_POINT('',#7381);
#2421=VERTEX_POINT('',#7383);
#2422=VERTEX_POINT('',#7387);
#2423=VERTEX_POINT('',#7391);
#2424=VERTEX_POINT('',#7399);
#2425=VERTEX_POINT('',#7400);
#2426=VERTEX_POINT('',#7402);
#2427=VERTEX_POINT('',#7404);
#2428=VERTEX_POINT('',#7408);
#2429=VERTEX_POINT('',#7409);
#2430=VERTEX_POINT('',#7411);
#2431=VERTEX_POINT('',#7413);
#2432=VERTEX_POINT('',#7417);
#2433=VERTEX_POINT('',#7418);
#2434=VERTEX_POINT('',#7420);
#2435=VERTEX_POINT('',#7422);
#2436=VERTEX_POINT('',#7426);
#2437=VERTEX_POINT('',#7427);
#2438=VERTEX_POINT('',#7429);
#2439=VERTEX_POINT('',#7431);
#2440=VERTEX_POINT('',#7435);
#2441=VERTEX_POINT('',#7437);
#2442=VERTEX_POINT('',#7449);
#2443=VERTEX_POINT('',#7450);
#2444=VERTEX_POINT('',#7452);
#2445=VERTEX_POINT('',#7464);
#2446=VERTEX_POINT('',#7477);
#2447=VERTEX_POINT('',#7478);
#2448=VERTEX_POINT('',#7480);
#2449=VERTEX_POINT('',#7492);
#2450=VERTEX_POINT('',#7505);
#2451=VERTEX_POINT('',#7506);
#2452=VERTEX_POINT('',#7508);
#2453=VERTEX_POINT('',#7520);
#2454=VERTEX_POINT('',#7533);
#2455=VERTEX_POINT('',#7534);
#2456=VERTEX_POINT('',#7536);
#2457=VERTEX_POINT('',#7548);
#2458=VERTEX_POINT('',#7552);
#2459=VERTEX_POINT('',#7559);
#2460=VERTEX_POINT('',#7566);
#2461=VERTEX_POINT('',#7568);
#2462=VERTEX_POINT('',#7580);
#2463=VERTEX_POINT('',#7582);
#2464=VERTEX_POINT('',#7595);
#2465=VERTEX_POINT('',#7597);
#2466=VERTEX_POINT('',#7609);
#2467=VERTEX_POINT('',#7611);
#2468=VERTEX_POINT('',#7624);
#2469=VERTEX_POINT('',#7626);
#2470=VERTEX_POINT('',#7638);
#2471=VERTEX_POINT('',#7640);
#2472=VERTEX_POINT('',#7653);
#2473=VERTEX_POINT('',#7655);
#2474=VERTEX_POINT('',#7667);
#2475=VERTEX_POINT('',#7669);
#2476=VERTEX_POINT('',#7679);
#2477=VERTEX_POINT('',#7682);
#2478=VERTEX_POINT('',#7720);
#2479=VERTEX_POINT('',#7721);
#2480=VERTEX_POINT('',#7723);
#2481=VERTEX_POINT('',#7725);
#2482=VERTEX_POINT('',#7728);
#2483=VERTEX_POINT('',#7729);
#2484=VERTEX_POINT('',#7731);
#2485=VERTEX_POINT('',#7733);
#2486=VERTEX_POINT('',#7737);
#2487=VERTEX_POINT('',#7738);
#2488=VERTEX_POINT('',#7740);
#2489=VERTEX_POINT('',#7742);
#2490=VERTEX_POINT('',#7745);
#2491=VERTEX_POINT('',#7746);
#2492=VERTEX_POINT('',#7748);
#2493=VERTEX_POINT('',#7750);
#2494=VERTEX_POINT('',#7771);
#2495=VERTEX_POINT('',#7772);
#2496=VERTEX_POINT('',#7774);
#2497=VERTEX_POINT('',#7776);
#2498=VERTEX_POINT('',#7778);
#2499=VERTEX_POINT('',#7780);
#2500=VERTEX_POINT('',#7782);
#2501=VERTEX_POINT('',#7784);
#2502=VERTEX_POINT('',#7786);
#2503=VERTEX_POINT('',#7788);
#2504=VERTEX_POINT('',#7790);
#2505=VERTEX_POINT('',#7792);
#2506=VERTEX_POINT('',#7794);
#2507=VERTEX_POINT('',#7796);
#2508=VERTEX_POINT('',#7798);
#2509=VERTEX_POINT('',#7800);
#2510=VERTEX_POINT('',#7802);
#2511=VERTEX_POINT('',#7804);
#2512=VERTEX_POINT('',#7806);
#2513=VERTEX_POINT('',#7808);
#2514=VERTEX_POINT('',#7811);
#2515=VERTEX_POINT('',#7814);
#2516=VERTEX_POINT('',#7816);
#2517=VERTEX_POINT('',#7820);
#2518=VERTEX_POINT('',#7824);
#2519=VERTEX_POINT('',#7828);
#2520=VERTEX_POINT('',#7832);
#2521=VERTEX_POINT('',#7836);
#2522=VERTEX_POINT('',#7840);
#2523=VERTEX_POINT('',#7844);
#2524=VERTEX_POINT('',#7848);
#2525=VERTEX_POINT('',#7852);
#2526=VERTEX_POINT('',#7856);
#2527=VERTEX_POINT('',#7860);
#2528=VERTEX_POINT('',#7864);
#2529=VERTEX_POINT('',#7868);
#2530=VERTEX_POINT('',#7872);
#2531=VERTEX_POINT('',#7876);
#2532=VERTEX_POINT('',#7880);
#2533=VERTEX_POINT('',#7884);
#2534=VERTEX_POINT('',#7888);
#2535=VERTEX_POINT('',#7894);
#2536=VERTEX_POINT('',#7901);
#2537=VERTEX_POINT('',#7902);
#2538=VERTEX_POINT('',#7904);
#2539=VERTEX_POINT('',#7906);
#2540=VERTEX_POINT('',#7908);
#2541=VERTEX_POINT('',#7910);
#2542=VERTEX_POINT('',#7912);
#2543=VERTEX_POINT('',#7914);
#2544=VERTEX_POINT('',#7916);
#2545=VERTEX_POINT('',#7918);
#2546=VERTEX_POINT('',#7920);
#2547=VERTEX_POINT('',#7922);
#2548=VERTEX_POINT('',#7924);
#2549=VERTEX_POINT('',#7926);
#2550=VERTEX_POINT('',#7928);
#2551=VERTEX_POINT('',#7930);
#2552=VERTEX_POINT('',#7932);
#2553=VERTEX_POINT('',#7934);
#2554=VERTEX_POINT('',#7936);
#2555=VERTEX_POINT('',#7938);
#2556=VERTEX_POINT('',#7941);
#2557=VERTEX_POINT('',#7944);
#2558=VERTEX_POINT('',#7946);
#2559=VERTEX_POINT('',#7950);
#2560=VERTEX_POINT('',#7954);
#2561=VERTEX_POINT('',#7958);
#2562=VERTEX_POINT('',#7962);
#2563=VERTEX_POINT('',#7966);
#2564=VERTEX_POINT('',#7970);
#2565=VERTEX_POINT('',#7974);
#2566=VERTEX_POINT('',#7978);
#2567=VERTEX_POINT('',#7982);
#2568=VERTEX_POINT('',#7986);
#2569=VERTEX_POINT('',#7990);
#2570=VERTEX_POINT('',#7994);
#2571=VERTEX_POINT('',#7998);
#2572=VERTEX_POINT('',#8002);
#2573=VERTEX_POINT('',#8006);
#2574=VERTEX_POINT('',#8010);
#2575=VERTEX_POINT('',#8014);
#2576=VERTEX_POINT('',#8018);
#2577=VERTEX_POINT('',#8024);
#2578=VERTEX_POINT('',#8029);
#2579=VERTEX_POINT('',#8030);
#2580=VERTEX_POINT('',#8032);
#2581=VERTEX_POINT('',#8034);
#2582=VERTEX_POINT('',#8036);
#2583=VERTEX_POINT('',#8038);
#2584=VERTEX_POINT('',#8040);
#2585=VERTEX_POINT('',#8042);
#2586=VERTEX_POINT('',#8044);
#2587=VERTEX_POINT('',#8046);
#2588=VERTEX_POINT('',#8048);
#2589=VERTEX_POINT('',#8050);
#2590=VERTEX_POINT('',#8052);
#2591=VERTEX_POINT('',#8054);
#2592=VERTEX_POINT('',#8056);
#2593=VERTEX_POINT('',#8058);
#2594=VERTEX_POINT('',#8060);
#2595=VERTEX_POINT('',#8062);
#2596=VERTEX_POINT('',#8064);
#2597=VERTEX_POINT('',#8066);
#2598=VERTEX_POINT('',#8069);
#2599=VERTEX_POINT('',#8072);
#2600=VERTEX_POINT('',#8074);
#2601=VERTEX_POINT('',#8078);
#2602=VERTEX_POINT('',#8082);
#2603=VERTEX_POINT('',#8086);
#2604=VERTEX_POINT('',#8090);
#2605=VERTEX_POINT('',#8094);
#2606=VERTEX_POINT('',#8098);
#2607=VERTEX_POINT('',#8102);
#2608=VERTEX_POINT('',#8106);
#2609=VERTEX_POINT('',#8110);
#2610=VERTEX_POINT('',#8114);
#2611=VERTEX_POINT('',#8118);
#2612=VERTEX_POINT('',#8122);
#2613=VERTEX_POINT('',#8126);
#2614=VERTEX_POINT('',#8130);
#2615=VERTEX_POINT('',#8134);
#2616=VERTEX_POINT('',#8138);
#2617=VERTEX_POINT('',#8142);
#2618=VERTEX_POINT('',#8146);
#2619=VERTEX_POINT('',#8152);
#2620=VERTEX_POINT('',#8158);
#2621=VERTEX_POINT('',#8159);
#2622=VERTEX_POINT('',#8161);
#2623=VERTEX_POINT('',#8163);
#2624=VERTEX_POINT('',#8167);
#2625=VERTEX_POINT('',#8169);
#2626=VERTEX_POINT('',#8173);
#2627=VERTEX_POINT('',#8175);
#2628=LINE('',#6657,#3182);
#2629=LINE('',#6660,#3183);
#2630=LINE('',#6662,#3184);
#2631=LINE('',#6664,#3185);
#2632=LINE('',#6666,#3186);
#2633=LINE('',#6668,#3187);
#2634=LINE('',#6670,#3188);
#2635=LINE('',#6672,#3189);
#2636=LINE('',#6674,#3190);
#2637=LINE('',#6676,#3191);
#2638=LINE('',#6678,#3192);
#2639=LINE('',#6679,#3193);
#2640=LINE('',#6682,#3194);
#2641=LINE('',#6685,#3195);
#2642=LINE('',#6687,#3196);
#2643=LINE('',#6689,#3197);
#2644=LINE('',#6691,#3198);
#2645=LINE('',#6693,#3199);
#2646=LINE('',#6695,#3200);
#2647=LINE('',#6697,#3201);
#2648=LINE('',#6699,#3202);
#2649=LINE('',#6701,#3203);
#2650=LINE('',#6703,#3204);
#2651=LINE('',#6704,#3205);
#2652=LINE('',#6725,#3206);
#2653=LINE('',#6728,#3207);
#2654=LINE('',#6730,#3208);
#2655=LINE('',#6732,#3209);
#2656=LINE('',#6779,#3210);
#2657=LINE('',#6781,#3211);
#2658=LINE('',#6783,#3212);
#2659=LINE('',#6785,#3213);
#2660=LINE('',#6787,#3214);
#2661=LINE('',#6789,#3215);
#2662=LINE('',#6791,#3216);
#2663=LINE('',#6793,#3217);
#2664=LINE('',#6839,#3218);
#2665=LINE('',#6842,#3219);
#2666=LINE('',#6844,#3220);
#2667=LINE('',#6846,#3221);
#2668=LINE('',#6848,#3222);
#2669=LINE('',#6851,#3223);
#2670=LINE('',#6852,#3224);
#2671=LINE('',#6854,#3225);
#2672=LINE('',#6856,#3226);
#2673=LINE('',#6858,#3227);
#2674=LINE('',#6860,#3228);
#2675=LINE('',#6862,#3229);
#2676=LINE('',#6864,#3230);
#2677=LINE('',#6866,#3231);
#2678=LINE('',#6868,#3232);
#2679=LINE('',#6871,#3233);
#2680=LINE('',#6873,#3234);
#2681=LINE('',#6874,#3235);
#2682=LINE('',#6876,#3236);
#2683=LINE('',#6877,#3237);
#2684=LINE('',#6879,#3238);
#2685=LINE('',#6881,#3239);
#2686=LINE('',#6884,#3240);
#2687=LINE('',#6886,#3241);
#2688=LINE('',#6890,#3242);
#2689=LINE('',#6893,#3243);
#2690=LINE('',#6895,#3244);
#2691=LINE('',#6897,#3245);
#2692=LINE('',#6899,#3246);
#2693=LINE('',#6901,#3247);
#2694=LINE('',#6903,#3248);
#2695=LINE('',#6905,#3249);
#2696=LINE('',#6907,#3250);
#2697=LINE('',#6910,#3251);
#2698=LINE('',#6912,#3252);
#2699=LINE('',#6914,#3253);
#2700=LINE('',#6916,#3254);
#2701=LINE('',#6918,#3255);
#2702=LINE('',#6920,#3256);
#2703=LINE('',#6922,#3257);
#2704=LINE('',#6924,#3258);
#2705=LINE('',#6927,#3259);
#2706=LINE('',#6929,#3260);
#2707=LINE('',#6931,#3261);
#2708=LINE('',#6932,#3262);
#2709=LINE('',#6935,#3263);
#2710=LINE('',#6937,#3264);
#2711=LINE('',#6939,#3265);
#2712=LINE('',#6941,#3266);
#2713=LINE('',#6943,#3267);
#2714=LINE('',#6945,#3268);
#2715=LINE('',#6947,#3269);
#2716=LINE('',#6949,#3270);
#2717=LINE('',#6951,#3271);
#2718=LINE('',#6953,#3272);
#2719=LINE('',#6954,#3273);
#2720=LINE('',#6956,#3274);
#2721=LINE('',#6959,#3275);
#2722=LINE('',#6960,#3276);
#2723=LINE('',#6961,#3277);
#2724=LINE('',#6962,#3278);
#2725=LINE('',#6964,#3279);
#2726=LINE('',#6966,#3280);
#2727=LINE('',#6969,#3281);
#2728=LINE('',#6971,#3282);
#2729=LINE('',#6973,#3283);
#2730=LINE('',#6975,#3284);
#2731=LINE('',#6977,#3285);
#2732=LINE('',#6979,#3286);
#2733=LINE('',#6980,#3287);
#2734=LINE('',#6982,#3288);
#2735=LINE('',#6983,#3289);
#2736=LINE('',#6988,#3290);
#2737=LINE('',#6991,#3291);
#2738=LINE('',#6993,#3292);
#2739=LINE('',#6995,#3293);
#2740=LINE('',#6996,#3294);
#2741=LINE('',#6999,#3295);
#2742=LINE('',#7001,#3296);
#2743=LINE('',#7003,#3297);
#2744=LINE('',#7005,#3298);
#2745=LINE('',#7007,#3299);
#2746=LINE('',#7009,#3300);
#2747=LINE('',#7011,#3301);
#2748=LINE('',#7013,#3302);
#2749=LINE('',#7016,#3303);
#2750=LINE('',#7018,#3304);
#2751=LINE('',#7020,#3305);
#2752=LINE('',#7021,#3306);
#2753=LINE('',#7024,#3307);
#2754=LINE('',#7026,#3308);
#2755=LINE('',#7028,#3309);
#2756=LINE('',#7030,#3310);
#2757=LINE('',#7032,#3311);
#2758=LINE('',#7034,#3312);
#2759=LINE('',#7036,#3313);
#2760=LINE('',#7038,#3314);
#2761=LINE('',#7039,#3315);
#2762=LINE('',#7041,#3316);
#2763=LINE('',#7043,#3317);
#2764=LINE('',#7046,#3318);
#2765=LINE('',#7047,#3319);
#2766=LINE('',#7049,#3320);
#2767=LINE('',#7051,#3321);
#2768=LINE('',#7053,#3322);
#2769=LINE('',#7055,#3323);
#2770=LINE('',#7057,#3324);
#2771=LINE('',#7059,#3325);
#2772=LINE('',#7063,#3326);
#2773=LINE('',#7066,#3327);
#2774=LINE('',#7068,#3328);
#2775=LINE('',#7070,#3329);
#2776=LINE('',#7072,#3330);
#2777=LINE('',#7075,#3331);
#2778=LINE('',#7077,#3332);
#2779=LINE('',#7079,#3333);
#2780=LINE('',#7081,#3334);
#2781=LINE('',#7082,#3335);
#2782=LINE('',#7084,#3336);
#2783=LINE('',#7086,#3337);
#2784=LINE('',#7088,#3338);
#2785=LINE('',#7090,#3339);
#2786=LINE('',#7094,#3340);
#2787=LINE('',#7096,#3341);
#2788=LINE('',#7098,#3342);
#2789=LINE('',#7100,#3343);
#2790=LINE('',#7102,#3344);
#2791=LINE('',#7104,#3345);
#2792=LINE('',#7105,#3346);
#2793=LINE('',#7107,#3347);
#2794=LINE('',#7109,#3348);
#2795=LINE('',#7111,#3349);
#2796=LINE('',#7113,#3350);
#2797=LINE('',#7115,#3351);
#2798=LINE('',#7117,#3352);
#2799=LINE('',#7119,#3353);
#2800=LINE('',#7121,#3354);
#2801=LINE('',#7123,#3355);
#2802=LINE('',#7125,#3356);
#2803=LINE('',#7127,#3357);
#2804=LINE('',#7129,#3358);
#2805=LINE('',#7131,#3359);
#2806=LINE('',#7133,#3360);
#2807=LINE('',#7135,#3361);
#2808=LINE('',#7137,#3362);
#2809=LINE('',#7139,#3363);
#2810=LINE('',#7141,#3364);
#2811=LINE('',#7143,#3365);
#2812=LINE('',#7145,#3366);
#2813=LINE('',#7147,#3367);
#2814=LINE('',#7149,#3368);
#2815=LINE('',#7151,#3369);
#2816=LINE('',#7152,#3370);
#2817=LINE('',#7155,#3371);
#2818=LINE('',#7157,#3372);
#2819=LINE('',#7159,#3373);
#2820=LINE('',#7161,#3374);
#2821=LINE('',#7163,#3375);
#2822=LINE('',#7165,#3376);
#2823=LINE('',#7167,#3377);
#2824=LINE('',#7169,#3378);
#2825=LINE('',#7171,#3379);
#2826=LINE('',#7173,#3380);
#2827=LINE('',#7175,#3381);
#2828=LINE('',#7178,#3382);
#2829=LINE('',#7179,#3383);
#2830=LINE('',#7181,#3384);
#2831=LINE('',#7183,#3385);
#2832=LINE('',#7185,#3386);
#2833=LINE('',#7187,#3387);
#2834=LINE('',#7189,#3388);
#2835=LINE('',#7191,#3389);
#2836=LINE('',#7194,#3390);
#2837=LINE('',#7195,#3391);
#2838=LINE('',#7197,#3392);
#2839=LINE('',#7199,#3393);
#2840=LINE('',#7201,#3394);
#2841=LINE('',#7203,#3395);
#2842=LINE('',#7205,#3396);
#2843=LINE('',#7207,#3397);
#2844=LINE('',#7209,#3398);
#2845=LINE('',#7211,#3399);
#2846=LINE('',#7215,#3400);
#2847=LINE('',#7216,#3401);
#2848=LINE('',#7218,#3402);
#2849=LINE('',#7219,#3403);
#2850=LINE('',#7221,#3404);
#2851=LINE('',#7222,#3405);
#2852=LINE('',#7224,#3406);
#2853=LINE('',#7226,#3407);
#2854=LINE('',#7228,#3408);
#2855=LINE('',#7230,#3409);
#2856=LINE('',#7233,#3410);
#2857=LINE('',#7234,#3411);
#2858=LINE('',#7238,#3412);
#2859=LINE('',#7241,#3413);
#2860=LINE('',#7243,#3414);
#2861=LINE('',#7245,#3415);
#2862=LINE('',#7247,#3416);
#2863=LINE('',#7249,#3417);
#2864=LINE('',#7251,#3418);
#2865=LINE('',#7253,#3419);
#2866=LINE('',#7254,#3420);
#2867=LINE('',#7257,#3421);
#2868=LINE('',#7259,#3422);
#2869=LINE('',#7261,#3423);
#2870=LINE('',#7263,#3424);
#2871=LINE('',#7265,#3425);
#2872=LINE('',#7267,#3426);
#2873=LINE('',#7269,#3427);
#2874=LINE('',#7271,#3428);
#2875=LINE('',#7272,#3429);
#2876=LINE('',#7274,#3430);
#2877=LINE('',#7276,#3431);
#2878=LINE('',#7278,#3432);
#2879=LINE('',#7280,#3433);
#2880=LINE('',#7282,#3434);
#2881=LINE('',#7284,#3435);
#2882=LINE('',#7289,#3436);
#2883=LINE('',#7292,#3437);
#2884=LINE('',#7294,#3438);
#2885=LINE('',#7296,#3439);
#2886=LINE('',#7298,#3440);
#2887=LINE('',#7300,#3441);
#2888=LINE('',#7302,#3442);
#2889=LINE('',#7304,#3443);
#2890=LINE('',#7306,#3444);
#2891=LINE('',#7310,#3445);
#2892=LINE('',#7312,#3446);
#2893=LINE('',#7314,#3447);
#2894=LINE('',#7316,#3448);
#2895=LINE('',#7317,#3449);
#2896=LINE('',#7319,#3450);
#2897=LINE('',#7321,#3451);
#2898=LINE('',#7323,#3452);
#2899=LINE('',#7324,#3453);
#2900=LINE('',#7326,#3454);
#2901=LINE('',#7328,#3455);
#2902=LINE('',#7335,#3456);
#2903=LINE('',#7337,#3457);
#2904=LINE('',#7339,#3458);
#2905=LINE('',#7341,#3459);
#2906=LINE('',#7343,#3460);
#2907=LINE('',#7345,#3461);
#2908=LINE('',#7347,#3462);
#2909=LINE('',#7349,#3463);
#2910=LINE('',#7352,#3464);
#2911=LINE('',#7354,#3465);
#2912=LINE('',#7356,#3466);
#2913=LINE('',#7358,#3467);
#2914=LINE('',#7360,#3468);
#2915=LINE('',#7362,#3469);
#2916=LINE('',#7364,#3470);
#2917=LINE('',#7366,#3471);
#2918=LINE('',#7380,#3472);
#2919=LINE('',#7382,#3473);
#2920=LINE('',#7384,#3474);
#2921=LINE('',#7386,#3475);
#2922=LINE('',#7388,#3476);
#2923=LINE('',#7390,#3477);
#2924=LINE('',#7392,#3478);
#2925=LINE('',#7394,#3479);
#2926=LINE('',#7398,#3480);
#2927=LINE('',#7403,#3481);
#2928=LINE('',#7407,#3482);
#2929=LINE('',#7412,#3483);
#2930=LINE('',#7416,#3484);
#2931=LINE('',#7421,#3485);
#2932=LINE('',#7425,#3486);
#2933=LINE('',#7430,#3487);
#2934=LINE('',#7451,#3488);
#2935=LINE('',#7465,#3489);
#2936=LINE('',#7479,#3490);
#2937=LINE('',#7493,#3491);
#2938=LINE('',#7507,#3492);
#2939=LINE('',#7521,#3493);
#2940=LINE('',#7535,#3494);
#2941=LINE('',#7549,#3495);
#2942=LINE('',#7567,#3496);
#2943=LINE('',#7581,#3497);
#2944=LINE('',#7596,#3498);
#2945=LINE('',#7610,#3499);
#2946=LINE('',#7625,#3500);
#2947=LINE('',#7639,#3501);
#2948=LINE('',#7654,#3502);
#2949=LINE('',#7668,#3503);
#2950=LINE('',#7686,#3504);
#2951=LINE('',#7687,#3505);
#2952=LINE('',#7689,#3506);
#2953=LINE('',#7690,#3507);
#2954=LINE('',#7694,#3508);
#2955=LINE('',#7695,#3509);
#2956=LINE('',#7697,#3510);
#2957=LINE('',#7698,#3511);
#2958=LINE('',#7702,#3512);
#2959=LINE('',#7703,#3513);
#2960=LINE('',#7705,#3514);
#2961=LINE('',#7707,#3515);
#2962=LINE('',#7710,#3516);
#2963=LINE('',#7711,#3517);
#2964=LINE('',#7713,#3518);
#2965=LINE('',#7714,#3519);
#2966=LINE('',#7719,#3520);
#2967=LINE('',#7722,#3521);
#2968=LINE('',#7724,#3522);
#2969=LINE('',#7726,#3523);
#2970=LINE('',#7727,#3524);
#2971=LINE('',#7730,#3525);
#2972=LINE('',#7732,#3526);
#2973=LINE('',#7734,#3527);
#2974=LINE('',#7736,#3528);
#2975=LINE('',#7739,#3529);
#2976=LINE('',#7741,#3530);
#2977=LINE('',#7743,#3531);
#2978=LINE('',#7744,#3532);
#2979=LINE('',#7747,#3533);
#2980=LINE('',#7749,#3534);
#2981=LINE('',#7751,#3535);
#2982=LINE('',#7753,#3536);
#2983=LINE('',#7754,#3537);
#2984=LINE('',#7756,#3538);
#2985=LINE('',#7758,#3539);
#2986=LINE('',#7761,#3540);
#2987=LINE('',#7762,#3541);
#2988=LINE('',#7764,#3542);
#2989=LINE('',#7766,#3543);
#2990=LINE('',#7770,#3544);
#2991=LINE('',#7773,#3545);
#2992=LINE('',#7775,#3546);
#2993=LINE('',#7777,#3547);
#2994=LINE('',#7779,#3548);
#2995=LINE('',#7781,#3549);
#2996=LINE('',#7783,#3550);
#2997=LINE('',#7785,#3551);
#2998=LINE('',#7787,#3552);
#2999=LINE('',#7789,#3553);
#3000=LINE('',#7791,#3554);
#3001=LINE('',#7793,#3555);
#3002=LINE('',#7795,#3556);
#3003=LINE('',#7797,#3557);
#3004=LINE('',#7799,#3558);
#3005=LINE('',#7801,#3559);
#3006=LINE('',#7803,#3560);
#3007=LINE('',#7805,#3561);
#3008=LINE('',#7807,#3562);
#3009=LINE('',#7809,#3563);
#3010=LINE('',#7813,#3564);
#3011=LINE('',#7815,#3565);
#3012=LINE('',#7817,#3566);
#3013=LINE('',#7819,#3567);
#3014=LINE('',#7821,#3568);
#3015=LINE('',#7823,#3569);
#3016=LINE('',#7825,#3570);
#3017=LINE('',#7827,#3571);
#3018=LINE('',#7829,#3572);
#3019=LINE('',#7831,#3573);
#3020=LINE('',#7833,#3574);
#3021=LINE('',#7835,#3575);
#3022=LINE('',#7837,#3576);
#3023=LINE('',#7839,#3577);
#3024=LINE('',#7841,#3578);
#3025=LINE('',#7843,#3579);
#3026=LINE('',#7845,#3580);
#3027=LINE('',#7847,#3581);
#3028=LINE('',#7849,#3582);
#3029=LINE('',#7851,#3583);
#3030=LINE('',#7853,#3584);
#3031=LINE('',#7855,#3585);
#3032=LINE('',#7857,#3586);
#3033=LINE('',#7859,#3587);
#3034=LINE('',#7861,#3588);
#3035=LINE('',#7863,#3589);
#3036=LINE('',#7865,#3590);
#3037=LINE('',#7867,#3591);
#3038=LINE('',#7869,#3592);
#3039=LINE('',#7871,#3593);
#3040=LINE('',#7873,#3594);
#3041=LINE('',#7875,#3595);
#3042=LINE('',#7877,#3596);
#3043=LINE('',#7879,#3597);
#3044=LINE('',#7881,#3598);
#3045=LINE('',#7883,#3599);
#3046=LINE('',#7885,#3600);
#3047=LINE('',#7887,#3601);
#3048=LINE('',#7889,#3602);
#3049=LINE('',#7891,#3603);
#3050=LINE('',#7900,#3604);
#3051=LINE('',#7903,#3605);
#3052=LINE('',#7905,#3606);
#3053=LINE('',#7907,#3607);
#3054=LINE('',#7909,#3608);
#3055=LINE('',#7911,#3609);
#3056=LINE('',#7913,#3610);
#3057=LINE('',#7915,#3611);
#3058=LINE('',#7917,#3612);
#3059=LINE('',#7919,#3613);
#3060=LINE('',#7921,#3614);
#3061=LINE('',#7923,#3615);
#3062=LINE('',#7925,#3616);
#3063=LINE('',#7927,#3617);
#3064=LINE('',#7929,#3618);
#3065=LINE('',#7931,#3619);
#3066=LINE('',#7933,#3620);
#3067=LINE('',#7935,#3621);
#3068=LINE('',#7937,#3622);
#3069=LINE('',#7939,#3623);
#3070=LINE('',#7943,#3624);
#3071=LINE('',#7945,#3625);
#3072=LINE('',#7947,#3626);
#3073=LINE('',#7949,#3627);
#3074=LINE('',#7951,#3628);
#3075=LINE('',#7953,#3629);
#3076=LINE('',#7955,#3630);
#3077=LINE('',#7957,#3631);
#3078=LINE('',#7959,#3632);
#3079=LINE('',#7961,#3633);
#3080=LINE('',#7963,#3634);
#3081=LINE('',#7965,#3635);
#3082=LINE('',#7967,#3636);
#3083=LINE('',#7969,#3637);
#3084=LINE('',#7971,#3638);
#3085=LINE('',#7973,#3639);
#3086=LINE('',#7975,#3640);
#3087=LINE('',#7977,#3641);
#3088=LINE('',#7979,#3642);
#3089=LINE('',#7981,#3643);
#3090=LINE('',#7983,#3644);
#3091=LINE('',#7985,#3645);
#3092=LINE('',#7987,#3646);
#3093=LINE('',#7989,#3647);
#3094=LINE('',#7991,#3648);
#3095=LINE('',#7993,#3649);
#3096=LINE('',#7995,#3650);
#3097=LINE('',#7997,#3651);
#3098=LINE('',#7999,#3652);
#3099=LINE('',#8001,#3653);
#3100=LINE('',#8003,#3654);
#3101=LINE('',#8005,#3655);
#3102=LINE('',#8007,#3656);
#3103=LINE('',#8009,#3657);
#3104=LINE('',#8011,#3658);
#3105=LINE('',#8013,#3659);
#3106=LINE('',#8015,#3660);
#3107=LINE('',#8017,#3661);
#3108=LINE('',#8019,#3662);
#3109=LINE('',#8021,#3663);
#3110=LINE('',#8028,#3664);
#3111=LINE('',#8031,#3665);
#3112=LINE('',#8033,#3666);
#3113=LINE('',#8035,#3667);
#3114=LINE('',#8037,#3668);
#3115=LINE('',#8039,#3669);
#3116=LINE('',#8041,#3670);
#3117=LINE('',#8043,#3671);
#3118=LINE('',#8045,#3672);
#3119=LINE('',#8047,#3673);
#3120=LINE('',#8049,#3674);
#3121=LINE('',#8051,#3675);
#3122=LINE('',#8053,#3676);
#3123=LINE('',#8055,#3677);
#3124=LINE('',#8057,#3678);
#3125=LINE('',#8059,#3679);
#3126=LINE('',#8061,#3680);
#3127=LINE('',#8063,#3681);
#3128=LINE('',#8065,#3682);
#3129=LINE('',#8067,#3683);
#3130=LINE('',#8071,#3684);
#3131=LINE('',#8073,#3685);
#3132=LINE('',#8075,#3686);
#3133=LINE('',#8077,#3687);
#3134=LINE('',#8079,#3688);
#3135=LINE('',#8081,#3689);
#3136=LINE('',#8083,#3690);
#3137=LINE('',#8085,#3691);
#3138=LINE('',#8087,#3692);
#3139=LINE('',#8089,#3693);
#3140=LINE('',#8091,#3694);
#3141=LINE('',#8093,#3695);
#3142=LINE('',#8095,#3696);
#3143=LINE('',#8097,#3697);
#3144=LINE('',#8099,#3698);
#3145=LINE('',#8101,#3699);
#3146=LINE('',#8103,#3700);
#3147=LINE('',#8105,#3701);
#3148=LINE('',#8107,#3702);
#3149=LINE('',#8109,#3703);
#3150=LINE('',#8111,#3704);
#3151=LINE('',#8113,#3705);
#3152=LINE('',#8115,#3706);
#3153=LINE('',#8117,#3707);
#3154=LINE('',#8119,#3708);
#3155=LINE('',#8121,#3709);
#3156=LINE('',#8123,#3710);
#3157=LINE('',#8125,#3711);
#3158=LINE('',#8127,#3712);
#3159=LINE('',#8129,#3713);
#3160=LINE('',#8131,#3714);
#3161=LINE('',#8133,#3715);
#3162=LINE('',#8135,#3716);
#3163=LINE('',#8137,#3717);
#3164=LINE('',#8139,#3718);
#3165=LINE('',#8141,#3719);
#3166=LINE('',#8143,#3720);
#3167=LINE('',#8145,#3721);
#3168=LINE('',#8147,#3722);
#3169=LINE('',#8149,#3723);
#3170=LINE('',#8157,#3724);
#3171=LINE('',#8160,#3725);
#3172=LINE('',#8162,#3726);
#3173=LINE('',#8164,#3727);
#3174=LINE('',#8166,#3728);
#3175=LINE('',#8168,#3729);
#3176=LINE('',#8170,#3730);
#3177=LINE('',#8172,#3731);
#3178=LINE('',#8174,#3732);
#3179=LINE('',#8176,#3733);
#3180=LINE('',#8178,#3734);
#3181=LINE('',#8179,#3735);
#3182=VECTOR('',#5397,1.);
#3183=VECTOR('',#5398,1.);
#3184=VECTOR('',#5399,1.);
#3185=VECTOR('',#5400,1.);
#3186=VECTOR('',#5403,1.);
#3187=VECTOR('',#5404,1.);
#3188=VECTOR('',#5405,1.);
#3189=VECTOR('',#5408,1.);
#3190=VECTOR('',#5409,1.);
#3191=VECTOR('',#5410,1.);
#3192=VECTOR('',#5413,1.);
#3193=VECTOR('',#5414,1.);
#3194=VECTOR('',#5419,1.);
#3195=VECTOR('',#5420,1.);
#3196=VECTOR('',#5421,1.);
#3197=VECTOR('',#5422,1.);
#3198=VECTOR('',#5425,1.);
#3199=VECTOR('',#5426,1.);
#3200=VECTOR('',#5427,1.);
#3201=VECTOR('',#5430,1.);
#3202=VECTOR('',#5431,1.);
#3203=VECTOR('',#5432,1.);
#3204=VECTOR('',#5435,1.);
#3205=VECTOR('',#5436,1.);
#3206=VECTOR('',#5459,1.);
#3207=VECTOR('',#5460,1.);
#3208=VECTOR('',#5461,1.);
#3209=VECTOR('',#5462,1.);
#3210=VECTOR('',#5519,1.);
#3211=VECTOR('',#5520,1.);
#3212=VECTOR('',#5521,1.);
#3213=VECTOR('',#5524,1.);
#3214=VECTOR('',#5525,1.);
#3215=VECTOR('',#5528,1.);
#3216=VECTOR('',#5529,1.);
#3217=VECTOR('',#5532,1.);
#3218=VECTOR('',#5601,1.);
#3219=VECTOR('',#5602,1.);
#3220=VECTOR('',#5603,1.);
#3221=VECTOR('',#5604,1.);
#3222=VECTOR('',#5607,1.);
#3223=VECTOR('',#5608,1.);
#3224=VECTOR('',#5609,1.);
#3225=VECTOR('',#5610,1.);
#3226=VECTOR('',#5611,1.);
#3227=VECTOR('',#5612,1.);
#3228=VECTOR('',#5613,1.);
#3229=VECTOR('',#5616,1.);
#3230=VECTOR('',#5617,1.);
#3231=VECTOR('',#5618,1.);
#3232=VECTOR('',#5621,1.);
#3233=VECTOR('',#5622,1.);
#3234=VECTOR('',#5623,1.);
#3235=VECTOR('',#5624,1.);
#3236=VECTOR('',#5625,1.);
#3237=VECTOR('',#5626,1.);
#3238=VECTOR('',#5629,1.);
#3239=VECTOR('',#5632,1.);
#3240=VECTOR('',#5637,1.);
#3241=VECTOR('',#5640,1.);
#3242=VECTOR('',#5647,1.);
#3243=VECTOR('',#5648,1.);
#3244=VECTOR('',#5649,1.);
#3245=VECTOR('',#5650,1.);
#3246=VECTOR('',#5651,1.);
#3247=VECTOR('',#5652,1.);
#3248=VECTOR('',#5653,1.);
#3249=VECTOR('',#5654,1.);
#3250=VECTOR('',#5657,1.);
#3251=VECTOR('',#5658,1.);
#3252=VECTOR('',#5659,1.);
#3253=VECTOR('',#5660,1.);
#3254=VECTOR('',#5661,1.);
#3255=VECTOR('',#5662,1.);
#3256=VECTOR('',#5663,1.);
#3257=VECTOR('',#5664,1.);
#3258=VECTOR('',#5667,1.);
#3259=VECTOR('',#5668,1.);
#3260=VECTOR('',#5669,1.);
#3261=VECTOR('',#5670,1.);
#3262=VECTOR('',#5671,1.);
#3263=VECTOR('',#5672,1.);
#3264=VECTOR('',#5673,1.);
#3265=VECTOR('',#5674,1.);
#3266=VECTOR('',#5677,1.);
#3267=VECTOR('',#5678,1.);
#3268=VECTOR('',#5679,1.);
#3269=VECTOR('',#5682,1.);
#3270=VECTOR('',#5683,1.);
#3271=VECTOR('',#5684,1.);
#3272=VECTOR('',#5687,1.);
#3273=VECTOR('',#5688,1.);
#3274=VECTOR('',#5691,1.);
#3275=VECTOR('',#5692,1.);
#3276=VECTOR('',#5693,1.);
#3277=VECTOR('',#5694,1.);
#3278=VECTOR('',#5695,1.);
#3279=VECTOR('',#5698,1.);
#3280=VECTOR('',#5701,1.);
#3281=VECTOR('',#5706,1.);
#3282=VECTOR('',#5707,1.);
#3283=VECTOR('',#5710,1.);
#3284=VECTOR('',#5711,1.);
#3285=VECTOR('',#5714,1.);
#3286=VECTOR('',#5717,1.);
#3287=VECTOR('',#5718,1.);
#3288=VECTOR('',#5721,1.);
#3289=VECTOR('',#5722,1.);
#3290=VECTOR('',#5731,1.);
#3291=VECTOR('',#5732,1.);
#3292=VECTOR('',#5733,1.);
#3293=VECTOR('',#5734,1.);
#3294=VECTOR('',#5735,1.);
#3295=VECTOR('',#5736,1.);
#3296=VECTOR('',#5737,1.);
#3297=VECTOR('',#5738,1.);
#3298=VECTOR('',#5739,1.);
#3299=VECTOR('',#5740,1.);
#3300=VECTOR('',#5741,1.);
#3301=VECTOR('',#5742,1.);
#3302=VECTOR('',#5745,1.);
#3303=VECTOR('',#5746,1.);
#3304=VECTOR('',#5747,1.);
#3305=VECTOR('',#5748,1.);
#3306=VECTOR('',#5749,1.);
#3307=VECTOR('',#5750,1.);
#3308=VECTOR('',#5751,1.);
#3309=VECTOR('',#5752,1.);
#3310=VECTOR('',#5753,1.);
#3311=VECTOR('',#5754,1.);
#3312=VECTOR('',#5755,1.);
#3313=VECTOR('',#5756,1.);
#3314=VECTOR('',#5759,1.);
#3315=VECTOR('',#5760,1.);
#3316=VECTOR('',#5763,1.);
#3317=VECTOR('',#5766,1.);
#3318=VECTOR('',#5771,1.);
#3319=VECTOR('',#5772,1.);
#3320=VECTOR('',#5775,1.);
#3321=VECTOR('',#5778,1.);
#3322=VECTOR('',#5781,1.);
#3323=VECTOR('',#5784,1.);
#3324=VECTOR('',#5787,1.);
#3325=VECTOR('',#5790,1.);
#3326=VECTOR('',#5797,1.);
#3327=VECTOR('',#5798,1.);
#3328=VECTOR('',#5799,1.);
#3329=VECTOR('',#5800,1.);
#3330=VECTOR('',#5803,1.);
#3331=VECTOR('',#5804,1.);
#3332=VECTOR('',#5805,1.);
#3333=VECTOR('',#5806,1.);
#3334=VECTOR('',#5809,1.);
#3335=VECTOR('',#5810,1.);
#3336=VECTOR('',#5811,1.);
#3337=VECTOR('',#5812,1.);
#3338=VECTOR('',#5813,1.);
#3339=VECTOR('',#5814,1.);
#3340=VECTOR('',#5819,1.);
#3341=VECTOR('',#5820,1.);
#3342=VECTOR('',#5821,1.);
#3343=VECTOR('',#5822,1.);
#3344=VECTOR('',#5823,1.);
#3345=VECTOR('',#5824,1.);
#3346=VECTOR('',#5825,1.);
#3347=VECTOR('',#5826,1.);
#3348=VECTOR('',#5827,1.);
#3349=VECTOR('',#5828,1.);
#3350=VECTOR('',#5829,1.);
#3351=VECTOR('',#5830,1.);
#3352=VECTOR('',#5831,1.);
#3353=VECTOR('',#5832,1.);
#3354=VECTOR('',#5833,1.);
#3355=VECTOR('',#5834,1.);
#3356=VECTOR('',#5835,1.);
#3357=VECTOR('',#5836,1.);
#3358=VECTOR('',#5837,1.);
#3359=VECTOR('',#5838,1.);
#3360=VECTOR('',#5839,1.);
#3361=VECTOR('',#5840,1.);
#3362=VECTOR('',#5841,1.);
#3363=VECTOR('',#5842,1.);
#3364=VECTOR('',#5843,1.);
#3365=VECTOR('',#5844,1.);
#3366=VECTOR('',#5845,1.);
#3367=VECTOR('',#5846,1.);
#3368=VECTOR('',#5847,1.);
#3369=VECTOR('',#5848,1.);
#3370=VECTOR('',#5849,1.);
#3371=VECTOR('',#5850,1.);
#3372=VECTOR('',#5851,1.);
#3373=VECTOR('',#5852,1.);
#3374=VECTOR('',#5853,1.);
#3375=VECTOR('',#5854,1.);
#3376=VECTOR('',#5855,1.);
#3377=VECTOR('',#5856,1.);
#3378=VECTOR('',#5859,1.);
#3379=VECTOR('',#5860,1.);
#3380=VECTOR('',#5861,1.);
#3381=VECTOR('',#5864,1.);
#3382=VECTOR('',#5865,1.);
#3383=VECTOR('',#5866,1.);
#3384=VECTOR('',#5869,1.);
#3385=VECTOR('',#5870,1.);
#3386=VECTOR('',#5871,1.);
#3387=VECTOR('',#5872,1.);
#3388=VECTOR('',#5873,1.);
#3389=VECTOR('',#5876,1.);
#3390=VECTOR('',#5877,1.);
#3391=VECTOR('',#5878,1.);
#3392=VECTOR('',#5881,1.);
#3393=VECTOR('',#5882,1.);
#3394=VECTOR('',#5883,1.);
#3395=VECTOR('',#5886,1.);
#3396=VECTOR('',#5887,1.);
#3397=VECTOR('',#5888,1.);
#3398=VECTOR('',#5889,1.);
#3399=VECTOR('',#5890,1.);
#3400=VECTOR('',#5895,1.);
#3401=VECTOR('',#5896,1.);
#3402=VECTOR('',#5899,1.);
#3403=VECTOR('',#5900,1.);
#3404=VECTOR('',#5903,1.);
#3405=VECTOR('',#5904,1.);
#3406=VECTOR('',#5907,1.);
#3407=VECTOR('',#5910,1.);
#3408=VECTOR('',#5913,1.);
#3409=VECTOR('',#5916,1.);
#3410=VECTOR('',#5921,1.);
#3411=VECTOR('',#5922,1.);
#3412=VECTOR('',#5929,1.);
#3413=VECTOR('',#5930,1.);
#3414=VECTOR('',#5931,1.);
#3415=VECTOR('',#5932,1.);
#3416=VECTOR('',#5933,1.);
#3417=VECTOR('',#5934,1.);
#3418=VECTOR('',#5935,1.);
#3419=VECTOR('',#5936,1.);
#3420=VECTOR('',#5937,1.);
#3421=VECTOR('',#5938,1.);
#3422=VECTOR('',#5939,1.);
#3423=VECTOR('',#5940,1.);
#3424=VECTOR('',#5941,1.);
#3425=VECTOR('',#5942,1.);
#3426=VECTOR('',#5943,1.);
#3427=VECTOR('',#5944,1.);
#3428=VECTOR('',#5947,1.);
#3429=VECTOR('',#5948,1.);
#3430=VECTOR('',#5951,1.);
#3431=VECTOR('',#5954,1.);
#3432=VECTOR('',#5957,1.);
#3433=VECTOR('',#5960,1.);
#3434=VECTOR('',#5963,1.);
#3435=VECTOR('',#5966,1.);
#3436=VECTOR('',#5973,1.);
#3437=VECTOR('',#5974,1.);
#3438=VECTOR('',#5975,1.);
#3439=VECTOR('',#5976,1.);
#3440=VECTOR('',#5977,1.);
#3441=VECTOR('',#5978,1.);
#3442=VECTOR('',#5981,1.);
#3443=VECTOR('',#5982,1.);
#3444=VECTOR('',#5983,1.);
#3445=VECTOR('',#5988,1.);
#3446=VECTOR('',#5989,1.);
#3447=VECTOR('',#5990,1.);
#3448=VECTOR('',#5993,1.);
#3449=VECTOR('',#5994,1.);
#3450=VECTOR('',#5997,1.);
#3451=VECTOR('',#6000,1.);
#3452=VECTOR('',#6003,1.);
#3453=VECTOR('',#6004,1.);
#3454=VECTOR('',#6007,1.);
#3455=VECTOR('',#6010,1.);
#3456=VECTOR('',#6021,1.);
#3457=VECTOR('',#6022,1.);
#3458=VECTOR('',#6023,1.);
#3459=VECTOR('',#6026,1.);
#3460=VECTOR('',#6027,1.);
#3461=VECTOR('',#6030,1.);
#3462=VECTOR('',#6031,1.);
#3463=VECTOR('',#6034,1.);
#3464=VECTOR('',#6039,1.);
#3465=VECTOR('',#6040,1.);
#3466=VECTOR('',#6041,1.);
#3467=VECTOR('',#6044,1.);
#3468=VECTOR('',#6045,1.);
#3469=VECTOR('',#6048,1.);
#3470=VECTOR('',#6049,1.);
#3471=VECTOR('',#6052,1.);
#3472=VECTOR('',#6073,1.);
#3473=VECTOR('',#6074,1.);
#3474=VECTOR('',#6075,1.);
#3475=VECTOR('',#6078,1.);
#3476=VECTOR('',#6079,1.);
#3477=VECTOR('',#6082,1.);
#3478=VECTOR('',#6083,1.);
#3479=VECTOR('',#6086,1.);
#3480=VECTOR('',#6093,1.);
#3481=VECTOR('',#6096,1.);
#3482=VECTOR('',#6101,1.);
#3483=VECTOR('',#6104,1.);
#3484=VECTOR('',#6109,1.);
#3485=VECTOR('',#6112,1.);
#3486=VECTOR('',#6117,1.);
#3487=VECTOR('',#6120,1.);
#3488=VECTOR('',#6129,1.);
#3489=VECTOR('',#6130,1.);
#3490=VECTOR('',#6131,1.);
#3491=VECTOR('',#6132,1.);
#3492=VECTOR('',#6133,1.);
#3493=VECTOR('',#6134,1.);
#3494=VECTOR('',#6135,1.);
#3495=VECTOR('',#6136,1.);
#3496=VECTOR('',#6153,1.);
#3497=VECTOR('',#6154,1.);
#3498=VECTOR('',#6155,1.);
#3499=VECTOR('',#6156,1.);
#3500=VECTOR('',#6157,1.);
#3501=VECTOR('',#6158,1.);
#3502=VECTOR('',#6159,1.);
#3503=VECTOR('',#6160,1.);
#3504=VECTOR('',#6177,1.);
#3505=VECTOR('',#6178,1.);
#3506=VECTOR('',#6181,1.);
#3507=VECTOR('',#6182,1.);
#3508=VECTOR('',#6189,1.);
#3509=VECTOR('',#6190,1.);
#3510=VECTOR('',#6193,1.);
#3511=VECTOR('',#6194,1.);
#3512=VECTOR('',#6201,1.);
#3513=VECTOR('',#6202,1.);
#3514=VECTOR('',#6205,1.);
#3515=VECTOR('',#6208,1.);
#3516=VECTOR('',#6213,1.);
#3517=VECTOR('',#6214,1.);
#3518=VECTOR('',#6217,1.);
#3519=VECTOR('',#6218,1.);
#3520=VECTOR('',#6227,1.);
#3521=VECTOR('',#6228,1.);
#3522=VECTOR('',#6229,1.);
#3523=VECTOR('',#6230,1.);
#3524=VECTOR('',#6231,1.);
#3525=VECTOR('',#6232,1.);
#3526=VECTOR('',#6233,1.);
#3527=VECTOR('',#6234,1.);
#3528=VECTOR('',#6237,1.);
#3529=VECTOR('',#6238,1.);
#3530=VECTOR('',#6239,1.);
#3531=VECTOR('',#6240,1.);
#3532=VECTOR('',#6241,1.);
#3533=VECTOR('',#6242,1.);
#3534=VECTOR('',#6243,1.);
#3535=VECTOR('',#6244,1.);
#3536=VECTOR('',#6247,1.);
#3537=VECTOR('',#6248,1.);
#3538=VECTOR('',#6251,1.);
#3539=VECTOR('',#6254,1.);
#3540=VECTOR('',#6259,1.);
#3541=VECTOR('',#6260,1.);
#3542=VECTOR('',#6263,1.);
#3543=VECTOR('',#6266,1.);
#3544=VECTOR('',#6273,1.);
#3545=VECTOR('',#6274,1.);
#3546=VECTOR('',#6275,1.);
#3547=VECTOR('',#6276,1.);
#3548=VECTOR('',#6277,1.);
#3549=VECTOR('',#6278,1.);
#3550=VECTOR('',#6279,1.);
#3551=VECTOR('',#6280,1.);
#3552=VECTOR('',#6281,1.);
#3553=VECTOR('',#6282,1.);
#3554=VECTOR('',#6283,1.);
#3555=VECTOR('',#6284,1.);
#3556=VECTOR('',#6285,1.);
#3557=VECTOR('',#6286,1.);
#3558=VECTOR('',#6287,1.);
#3559=VECTOR('',#6288,1.);
#3560=VECTOR('',#6289,1.);
#3561=VECTOR('',#6290,1.);
#3562=VECTOR('',#6291,1.);
#3563=VECTOR('',#6292,1.);
#3564=VECTOR('',#6297,1.);
#3565=VECTOR('',#6298,1.);
#3566=VECTOR('',#6299,1.);
#3567=VECTOR('',#6302,1.);
#3568=VECTOR('',#6303,1.);
#3569=VECTOR('',#6306,1.);
#3570=VECTOR('',#6307,1.);
#3571=VECTOR('',#6310,1.);
#3572=VECTOR('',#6311,1.);
#3573=VECTOR('',#6314,1.);
#3574=VECTOR('',#6315,1.);
#3575=VECTOR('',#6318,1.);
#3576=VECTOR('',#6319,1.);
#3577=VECTOR('',#6322,1.);
#3578=VECTOR('',#6323,1.);
#3579=VECTOR('',#6326,1.);
#3580=VECTOR('',#6327,1.);
#3581=VECTOR('',#6330,1.);
#3582=VECTOR('',#6331,1.);
#3583=VECTOR('',#6334,1.);
#3584=VECTOR('',#6335,1.);
#3585=VECTOR('',#6338,1.);
#3586=VECTOR('',#6339,1.);
#3587=VECTOR('',#6342,1.);
#3588=VECTOR('',#6343,1.);
#3589=VECTOR('',#6346,1.);
#3590=VECTOR('',#6347,1.);
#3591=VECTOR('',#6350,1.);
#3592=VECTOR('',#6351,1.);
#3593=VECTOR('',#6354,1.);
#3594=VECTOR('',#6355,1.);
#3595=VECTOR('',#6358,1.);
#3596=VECTOR('',#6359,1.);
#3597=VECTOR('',#6362,1.);
#3598=VECTOR('',#6363,1.);
#3599=VECTOR('',#6366,1.);
#3600=VECTOR('',#6367,1.);
#3601=VECTOR('',#6370,1.);
#3602=VECTOR('',#6371,1.);
#3603=VECTOR('',#6374,1.);
#3604=VECTOR('',#6389,1.);
#3605=VECTOR('',#6390,1.);
#3606=VECTOR('',#6391,1.);
#3607=VECTOR('',#6392,1.);
#3608=VECTOR('',#6393,1.);
#3609=VECTOR('',#6394,1.);
#3610=VECTOR('',#6395,1.);
#3611=VECTOR('',#6396,1.);
#3612=VECTOR('',#6397,1.);
#3613=VECTOR('',#6398,1.);
#3614=VECTOR('',#6399,1.);
#3615=VECTOR('',#6400,1.);
#3616=VECTOR('',#6401,1.);
#3617=VECTOR('',#6402,1.);
#3618=VECTOR('',#6403,1.);
#3619=VECTOR('',#6404,1.);
#3620=VECTOR('',#6405,1.);
#3621=VECTOR('',#6406,1.);
#3622=VECTOR('',#6407,1.);
#3623=VECTOR('',#6408,1.);
#3624=VECTOR('',#6413,1.);
#3625=VECTOR('',#6414,1.);
#3626=VECTOR('',#6415,1.);
#3627=VECTOR('',#6418,1.);
#3628=VECTOR('',#6419,1.);
#3629=VECTOR('',#6422,1.);
#3630=VECTOR('',#6423,1.);
#3631=VECTOR('',#6426,1.);
#3632=VECTOR('',#6427,1.);
#3633=VECTOR('',#6430,1.);
#3634=VECTOR('',#6431,1.);
#3635=VECTOR('',#6434,1.);
#3636=VECTOR('',#6435,1.);
#3637=VECTOR('',#6438,1.);
#3638=VECTOR('',#6439,1.);
#3639=VECTOR('',#6442,1.);
#3640=VECTOR('',#6443,1.);
#3641=VECTOR('',#6446,1.);
#3642=VECTOR('',#6447,1.);
#3643=VECTOR('',#6450,1.);
#3644=VECTOR('',#6451,1.);
#3645=VECTOR('',#6454,1.);
#3646=VECTOR('',#6455,1.);
#3647=VECTOR('',#6458,1.);
#3648=VECTOR('',#6459,1.);
#3649=VECTOR('',#6462,1.);
#3650=VECTOR('',#6463,1.);
#3651=VECTOR('',#6466,1.);
#3652=VECTOR('',#6467,1.);
#3653=VECTOR('',#6470,1.);
#3654=VECTOR('',#6471,1.);
#3655=VECTOR('',#6474,1.);
#3656=VECTOR('',#6475,1.);
#3657=VECTOR('',#6478,1.);
#3658=VECTOR('',#6479,1.);
#3659=VECTOR('',#6482,1.);
#3660=VECTOR('',#6483,1.);
#3661=VECTOR('',#6486,1.);
#3662=VECTOR('',#6487,1.);
#3663=VECTOR('',#6490,1.);
#3664=VECTOR('',#6501,1.);
#3665=VECTOR('',#6502,1.);
#3666=VECTOR('',#6503,1.);
#3667=VECTOR('',#6504,1.);
#3668=VECTOR('',#6505,1.);
#3669=VECTOR('',#6506,1.);
#3670=VECTOR('',#6507,1.);
#3671=VECTOR('',#6508,1.);
#3672=VECTOR('',#6509,1.);
#3673=VECTOR('',#6510,1.);
#3674=VECTOR('',#6511,1.);
#3675=VECTOR('',#6512,1.);
#3676=VECTOR('',#6513,1.);
#3677=VECTOR('',#6514,1.);
#3678=VECTOR('',#6515,1.);
#3679=VECTOR('',#6516,1.);
#3680=VECTOR('',#6517,1.);
#3681=VECTOR('',#6518,1.);
#3682=VECTOR('',#6519,1.);
#3683=VECTOR('',#6520,1.);
#3684=VECTOR('',#6525,1.);
#3685=VECTOR('',#6526,1.);
#3686=VECTOR('',#6527,1.);
#3687=VECTOR('',#6530,1.);
#3688=VECTOR('',#6531,1.);
#3689=VECTOR('',#6534,1.);
#3690=VECTOR('',#6535,1.);
#3691=VECTOR('',#6538,1.);
#3692=VECTOR('',#6539,1.);
#3693=VECTOR('',#6542,1.);
#3694=VECTOR('',#6543,1.);
#3695=VECTOR('',#6546,1.);
#3696=VECTOR('',#6547,1.);
#3697=VECTOR('',#6550,1.);
#3698=VECTOR('',#6551,1.);
#3699=VECTOR('',#6554,1.);
#3700=VECTOR('',#6555,1.);
#3701=VECTOR('',#6558,1.);
#3702=VECTOR('',#6559,1.);
#3703=VECTOR('',#6562,1.);
#3704=VECTOR('',#6563,1.);
#3705=VECTOR('',#6566,1.);
#3706=VECTOR('',#6567,1.);
#3707=VECTOR('',#6570,1.);
#3708=VECTOR('',#6571,1.);
#3709=VECTOR('',#6574,1.);
#3710=VECTOR('',#6575,1.);
#3711=VECTOR('',#6578,1.);
#3712=VECTOR('',#6579,1.);
#3713=VECTOR('',#6582,1.);
#3714=VECTOR('',#6583,1.);
#3715=VECTOR('',#6586,1.);
#3716=VECTOR('',#6587,1.);
#3717=VECTOR('',#6590,1.);
#3718=VECTOR('',#6591,1.);
#3719=VECTOR('',#6594,1.);
#3720=VECTOR('',#6595,1.);
#3721=VECTOR('',#6598,1.);
#3722=VECTOR('',#6599,1.);
#3723=VECTOR('',#6602,1.);
#3724=VECTOR('',#6615,1.);
#3725=VECTOR('',#6616,1.);
#3726=VECTOR('',#6617,1.);
#3727=VECTOR('',#6618,1.);
#3728=VECTOR('',#6621,1.);
#3729=VECTOR('',#6622,1.);
#3730=VECTOR('',#6623,1.);
#3731=VECTOR('',#6626,1.);
#3732=VECTOR('',#6627,1.);
#3733=VECTOR('',#6628,1.);
#3734=VECTOR('',#6631,1.);
#3735=VECTOR('',#6632,1.);
#3736=EDGE_LOOP('',(#248,#249,#250,#251));
#3737=EDGE_LOOP('',(#252,#253,#254,#255));
#3738=EDGE_LOOP('',(#256,#257,#258,#259));
#3739=EDGE_LOOP('',(#260,#261,#262,#263));
#3740=EDGE_LOOP('',(#264,#265,#266,#267));
#3741=EDGE_LOOP('',(#268,#269,#270,#271));
#3742=EDGE_LOOP('',(#272,#273,#274,#275));
#3743=EDGE_LOOP('',(#276,#277,#278,#279));
#3744=EDGE_LOOP('',(#280,#281,#282,#283));
#3745=EDGE_LOOP('',(#284));
#3746=EDGE_LOOP('',(#285));
#3747=EDGE_LOOP('',(#286));
#3748=EDGE_LOOP('',(#287));
#3749=EDGE_LOOP('',(#288));
#3750=EDGE_LOOP('',(#289));
#3751=EDGE_LOOP('',(#290));
#3752=EDGE_LOOP('',(#291));
#3753=EDGE_LOOP('',(#292));
#3754=EDGE_LOOP('',(#293,#294,#295,#296));
#3755=EDGE_LOOP('',(#297,#298,#299,#300));
#3756=EDGE_LOOP('',(#301,#302,#303,#304));
#3757=EDGE_LOOP('',(#305));
#3758=EDGE_LOOP('',(#306));
#3759=EDGE_LOOP('',(#307));
#3760=EDGE_LOOP('',(#308));
#3761=EDGE_LOOP('',(#309));
#3762=EDGE_LOOP('',(#310));
#3763=EDGE_LOOP('',(#311));
#3764=EDGE_LOOP('',(#312));
#3765=EDGE_LOOP('',(#313));
#3766=EDGE_LOOP('',(#314,#315,#316,#317));
#3767=EDGE_LOOP('',(#318));
#3768=EDGE_LOOP('',(#319));
#3769=EDGE_LOOP('',(#320));
#3770=EDGE_LOOP('',(#321));
#3771=EDGE_LOOP('',(#322));
#3772=EDGE_LOOP('',(#323));
#3773=EDGE_LOOP('',(#324));
#3774=EDGE_LOOP('',(#325));
#3775=EDGE_LOOP('',(#326));
#3776=EDGE_LOOP('',(#327));
#3777=EDGE_LOOP('',(#328));
#3778=EDGE_LOOP('',(#329));
#3779=EDGE_LOOP('',(#330));
#3780=EDGE_LOOP('',(#331));
#3781=EDGE_LOOP('',(#332));
#3782=EDGE_LOOP('',(#333));
#3783=EDGE_LOOP('',(#334));
#3784=EDGE_LOOP('',(#335));
#3785=EDGE_LOOP('',(#336,#337,#338,#339));
#3786=EDGE_LOOP('',(#340,#341,#342,#343));
#3787=EDGE_LOOP('',(#344,#345,#346,#347));
#3788=EDGE_LOOP('',(#348,#349,#350,#351));
#3789=EDGE_LOOP('',(#352,#353,#354,#355));
#3790=EDGE_LOOP('',(#356));
#3791=EDGE_LOOP('',(#357));
#3792=EDGE_LOOP('',(#358));
#3793=EDGE_LOOP('',(#359));
#3794=EDGE_LOOP('',(#360));
#3795=EDGE_LOOP('',(#361));
#3796=EDGE_LOOP('',(#362));
#3797=EDGE_LOOP('',(#363));
#3798=EDGE_LOOP('',(#364));
#3799=EDGE_LOOP('',(#365));
#3800=EDGE_LOOP('',(#366));
#3801=EDGE_LOOP('',(#367));
#3802=EDGE_LOOP('',(#368));
#3803=EDGE_LOOP('',(#369));
#3804=EDGE_LOOP('',(#370));
#3805=EDGE_LOOP('',(#371));
#3806=EDGE_LOOP('',(#372));
#3807=EDGE_LOOP('',(#373));
#3808=EDGE_LOOP('',(#374));
#3809=EDGE_LOOP('',(#375));
#3810=EDGE_LOOP('',(#376));
#3811=EDGE_LOOP('',(#377));
#3812=EDGE_LOOP('',(#378));
#3813=EDGE_LOOP('',(#379));
#3814=EDGE_LOOP('',(#380));
#3815=EDGE_LOOP('',(#381));
#3816=EDGE_LOOP('',(#382));
#3817=EDGE_LOOP('',(#383));
#3818=EDGE_LOOP('',(#384));
#3819=EDGE_LOOP('',(#385));
#3820=EDGE_LOOP('',(#386));
#3821=EDGE_LOOP('',(#387));
#3822=EDGE_LOOP('',(#388));
#3823=EDGE_LOOP('',(#389));
#3824=EDGE_LOOP('',(#390));
#3825=EDGE_LOOP('',(#391));
#3826=EDGE_LOOP('',(#392));
#3827=EDGE_LOOP('',(#393));
#3828=EDGE_LOOP('',(#394));
#3829=EDGE_LOOP('',(#395));
#3830=EDGE_LOOP('',(#396,#397,#398,#399));
#3831=EDGE_LOOP('',(#400,#401,#402,#403,#404,#405,#406,#407));
#3832=EDGE_LOOP('',(#408,#409,#410,#411));
#3833=EDGE_LOOP('',(#412,#413,#414,#415,#416,#417,#418,#419));
#3834=EDGE_LOOP('',(#420,#421,#422,#423));
#3835=EDGE_LOOP('',(#424,#425,#426,#427));
#3836=EDGE_LOOP('',(#428,#429,#430,#431));
#3837=EDGE_LOOP('',(#432,#433,#434,#435));
#3838=EDGE_LOOP('',(#436,#437,#438,#439));
#3839=EDGE_LOOP('',(#440,#441,#442,#443));
#3840=EDGE_LOOP('',(#444,#445,#446,#447,#448,#449,#450,#451));
#3841=EDGE_LOOP('',(#452,#453,#454,#455,#456,#457,#458,#459));
#3842=EDGE_LOOP('',(#460,#461,#462,#463));
#3843=EDGE_LOOP('',(#464,#465,#466,#467));
#3844=EDGE_LOOP('',(#468,#469,#470,#471));
#3845=EDGE_LOOP('',(#472,#473,#474,#475));
#3846=EDGE_LOOP('',(#476,#477,#478,#479));
#3847=EDGE_LOOP('',(#480,#481,#482,#483,#484,#485,#486,#487));
#3848=EDGE_LOOP('',(#488,#489,#490,#491));
#3849=EDGE_LOOP('',(#492,#493,#494,#495,#496,#497,#498,#499));
#3850=EDGE_LOOP('',(#500,#501,#502,#503));
#3851=EDGE_LOOP('',(#504,#505,#506,#507));
#3852=EDGE_LOOP('',(#508,#509,#510,#511));
#3853=EDGE_LOOP('',(#512,#513,#514,#515));
#3854=EDGE_LOOP('',(#516,#517,#518,#519));
#3855=EDGE_LOOP('',(#520,#521,#522,#523));
#3856=EDGE_LOOP('',(#524,#525,#526,#527,#528,#529,#530,#531));
#3857=EDGE_LOOP('',(#532,#533,#534,#535,#536,#537,#538,#539));
#3858=EDGE_LOOP('',(#540,#541,#542,#543));
#3859=EDGE_LOOP('',(#544,#545,#546,#547,#548,#549,#550,#551));
#3860=EDGE_LOOP('',(#552,#553,#554,#555));
#3861=EDGE_LOOP('',(#556,#557,#558,#559,#560,#561,#562,#563));
#3862=EDGE_LOOP('',(#564,#565,#566,#567));
#3863=EDGE_LOOP('',(#568,#569,#570,#571));
#3864=EDGE_LOOP('',(#572,#573,#574,#575));
#3865=EDGE_LOOP('',(#576,#577,#578,#579));
#3866=EDGE_LOOP('',(#580,#581,#582,#583));
#3867=EDGE_LOOP('',(#584,#585,#586,#587));
#3868=EDGE_LOOP('',(#588,#589,#590,#591));
#3869=EDGE_LOOP('',(#592,#593,#594,#595));
#3870=EDGE_LOOP('',(#596,#597,#598,#599));
#3871=EDGE_LOOP('',(#600,#601,#602,#603));
#3872=EDGE_LOOP('',(#604,#605,#606,#607));
#3873=EDGE_LOOP('',(#608,#609,#610,#611));
#3874=EDGE_LOOP('',(#612,#613,#614,#615));
#3875=EDGE_LOOP('',(#616,#617,#618,#619));
#3876=EDGE_LOOP('',(#620,#621,#622,#623,#624,#625,#626,#627));
#3877=EDGE_LOOP('',(#628));
#3878=EDGE_LOOP('',(#629,#630,#631,#632,#633,#634,#635,#636,#637,#638,#639,#640,#641,#642,#643,#644,#645,#646,#647,#648,#649,#650,#651,#652,#653,#654,#655,#656,#657,#658,#659,#660));
#3879=EDGE_LOOP('',(#661,#662,#663,#664,#665,#666,#667,#668));
#3880=EDGE_LOOP('',(#669,#670,#671,#672));
#3881=EDGE_LOOP('',(#673,#674,#675,#676));
#3882=EDGE_LOOP('',(#677,#678,#679,#680,#681,#682));
#3883=EDGE_LOOP('',(#683,#684,#685,#686));
#3884=EDGE_LOOP('',(#687,#688,#689,#690));
#3885=EDGE_LOOP('',(#691,#692,#693,#694,#695,#696));
#3886=EDGE_LOOP('',(#697));
#3887=EDGE_LOOP('',(#698,#699,#700,#701));
#3888=EDGE_LOOP('',(#702,#703,#704,#705));
#3889=EDGE_LOOP('',(#706,#707,#708,#709));
#3890=EDGE_LOOP('',(#710,#711,#712,#713));
#3891=EDGE_LOOP('',(#714,#715,#716,#717));
#3892=EDGE_LOOP('',(#718,#719,#720,#721));
#3893=EDGE_LOOP('',(#722,#723,#724,#725));
#3894=EDGE_LOOP('',(#726,#727,#728,#729));
#3895=EDGE_LOOP('',(#730,#731,#732,#733));
#3896=EDGE_LOOP('',(#734,#735,#736,#737));
#3897=EDGE_LOOP('',(#738,#739,#740,#741));
#3898=EDGE_LOOP('',(#742,#743,#744,#745,#746,#747,#748,#749));
#3899=EDGE_LOOP('',(#750,#751,#752,#753,#754,#755,#756,#757));
#3900=EDGE_LOOP('',(#758,#759,#760,#761));
#3901=EDGE_LOOP('',(#762,#763,#764,#765));
#3902=EDGE_LOOP('',(#766,#767,#768,#769));
#3903=EDGE_LOOP('',(#770,#771,#772,#773));
#3904=EDGE_LOOP('',(#774,#775,#776,#777));
#3905=EDGE_LOOP('',(#778,#779,#780,#781));
#3906=EDGE_LOOP('',(#782,#783,#784,#785));
#3907=EDGE_LOOP('',(#786,#787,#788,#789));
#3908=EDGE_LOOP('',(#790));
#3909=EDGE_LOOP('',(#791,#792,#793,#794,#795,#796));
#3910=EDGE_LOOP('',(#797,#798,#799,#800));
#3911=EDGE_LOOP('',(#801));
#3912=EDGE_LOOP('',(#802,#803,#804,#805));
#3913=EDGE_LOOP('',(#806,#807,#808,#809));
#3914=EDGE_LOOP('',(#810,#811,#812,#813,#814));
#3915=EDGE_LOOP('',(#815,#816,#817,#818,#819));
#3916=EDGE_LOOP('',(#820,#821,#822,#823));
#3917=EDGE_LOOP('',(#824,#825,#826,#827));
#3918=EDGE_LOOP('',(#828,#829,#830,#831));
#3919=EDGE_LOOP('',(#832,#833,#834,#835));
#3920=EDGE_LOOP('',(#836,#837,#838,#839));
#3921=EDGE_LOOP('',(#840));
#3922=EDGE_LOOP('',(#841));
#3923=EDGE_LOOP('',(#842,#843,#844,#845));
#3924=EDGE_LOOP('',(#846,#847,#848,#849,#850,#851,#852,#853));
#3925=EDGE_LOOP('',(#854,#855,#856,#857));
#3926=EDGE_LOOP('',(#858,#859,#860,#861,#862,#863,#864,#865));
#3927=EDGE_LOOP('',(#866,#867,#868,#869));
#3928=EDGE_LOOP('',(#870,#871,#872,#873));
#3929=EDGE_LOOP('',(#874,#875,#876,#877,#878,#879,#880,#881));
#3930=EDGE_LOOP('',(#882,#883,#884,#885));
#3931=EDGE_LOOP('',(#886,#887,#888,#889,#890,#891,#892,#893));
#3932=EDGE_LOOP('',(#894,#895,#896,#897));
#3933=EDGE_LOOP('',(#898));
#3934=EDGE_LOOP('',(#899));
#3935=EDGE_LOOP('',(#900));
#3936=EDGE_LOOP('',(#901));
#3937=EDGE_LOOP('',(#902));
#3938=EDGE_LOOP('',(#903));
#3939=EDGE_LOOP('',(#904));
#3940=EDGE_LOOP('',(#905));
#3941=EDGE_LOOP('',(#906));
#3942=EDGE_LOOP('',(#907));
#3943=EDGE_LOOP('',(#908,#909,#910,#911,#912,#913,#914,#915));
#3944=EDGE_LOOP('',(#916,#917,#918,#919));
#3945=EDGE_LOOP('',(#920,#921,#922,#923,#924,#925,#926,#927));
#3946=EDGE_LOOP('',(#928,#929,#930,#931));
#3947=EDGE_LOOP('',(#932,#933,#934,#935));
#3948=EDGE_LOOP('',(#936,#937,#938,#939));
#3949=EDGE_LOOP('',(#940,#941,#942,#943));
#3950=EDGE_LOOP('',(#944,#945,#946,#947));
#3951=EDGE_LOOP('',(#948,#949,#950,#951));
#3952=EDGE_LOOP('',(#952));
#3953=EDGE_LOOP('',(#953));
#3954=EDGE_LOOP('',(#954,#955,#956,#957));
#3955=EDGE_LOOP('',(#958,#959,#960,#961));
#3956=EDGE_LOOP('',(#962,#963,#964,#965));
#3957=EDGE_LOOP('',(#966,#967,#968,#969));
#3958=EDGE_LOOP('',(#970));
#3959=EDGE_LOOP('',(#971,#972,#973,#974,#975,#976,#977,#978));
#3960=EDGE_LOOP('',(#979));
#3961=EDGE_LOOP('',(#980,#981,#982,#983,#984,#985,#986,#987,#988,#989,#990,#991,#992,#993,#994,#995,#996,#997,#998,#999,#1000,#1001,#1002,#1003));
#3962=EDGE_LOOP('',(#1004));
#3963=EDGE_LOOP('',(#1005));
#3964=EDGE_LOOP('',(#1006));
#3965=EDGE_LOOP('',(#1007));
#3966=EDGE_LOOP('',(#1008));
#3967=EDGE_LOOP('',(#1009));
#3968=EDGE_LOOP('',(#1010));
#3969=EDGE_LOOP('',(#1011));
#3970=EDGE_LOOP('',(#1012,#1013,#1014,#1015));
#3971=EDGE_LOOP('',(#1016,#1017,#1018,#1019));
#3972=EDGE_LOOP('',(#1020,#1021,#1022,#1023));
#3973=EDGE_LOOP('',(#1024,#1025,#1026,#1027,#1028,#1029,#1030,#1031));
#3974=EDGE_LOOP('',(#1032,#1033,#1034,#1035));
#3975=EDGE_LOOP('',(#1036,#1037,#1038,#1039));
#3976=EDGE_LOOP('',(#1040,#1041,#1042,#1043));
#3977=EDGE_LOOP('',(#1044,#1045,#1046,#1047,#1048,#1049,#1050,#1051));
#3978=EDGE_LOOP('',(#1052,#1053,#1054,#1055));
#3979=EDGE_LOOP('',(#1056,#1057,#1058,#1059));
#3980=EDGE_LOOP('',(#1060,#1061,#1062,#1063,#1064,#1065,#1066,#1067));
#3981=EDGE_LOOP('',(#1068,#1069,#1070,#1071));
#3982=EDGE_LOOP('',(#1072,#1073,#1074,#1075,#1076,#1077,#1078,#1079));
#3983=EDGE_LOOP('',(#1080,#1081,#1082,#1083));
#3984=EDGE_LOOP('',(#1084,#1085,#1086,#1087));
#3985=EDGE_LOOP('',(#1088,#1089,#1090,#1091));
#3986=EDGE_LOOP('',(#1092,#1093,#1094,#1095));
#3987=EDGE_LOOP('',(#1096,#1097,#1098,#1099));
#3988=EDGE_LOOP('',(#1100,#1101,#1102,#1103));
#3989=EDGE_LOOP('',(#1104,#1105,#1106,#1107));
#3990=EDGE_LOOP('',(#1108,#1109,#1110,#1111));
#3991=EDGE_LOOP('',(#1112,#1113,#1114,#1115));
#3992=EDGE_LOOP('',(#1116,#1117,#1118,#1119));
#3993=EDGE_LOOP('',(#1120,#1121,#1122,#1123));
#3994=EDGE_LOOP('',(#1124,#1125,#1126,#1127));
#3995=EDGE_LOOP('',(#1128,#1129,#1130,#1131));
#3996=EDGE_LOOP('',(#1132,#1133,#1134,#1135));
#3997=EDGE_LOOP('',(#1136,#1137,#1138,#1139));
#3998=EDGE_LOOP('',(#1140,#1141,#1142,#1143,#1144,#1145,#1146,#1147,#1148,#1149,#1150,#1151,#1152,#1153,#1154,#1155,#1156,#1157,#1158,#1159));
#3999=EDGE_LOOP('',(#1160));
#4000=EDGE_LOOP('',(#1161,#1162,#1163,#1164));
#4001=EDGE_LOOP('',(#1165,#1166,#1167,#1168));
#4002=EDGE_LOOP('',(#1169,#1170,#1171,#1172));
#4003=EDGE_LOOP('',(#1173,#1174,#1175,#1176));
#4004=EDGE_LOOP('',(#1177,#1178,#1179,#1180));
#4005=EDGE_LOOP('',(#1181,#1182,#1183,#1184));
#4006=EDGE_LOOP('',(#1185,#1186,#1187,#1188));
#4007=EDGE_LOOP('',(#1189,#1190,#1191,#1192));
#4008=EDGE_LOOP('',(#1193,#1194,#1195,#1196));
#4009=EDGE_LOOP('',(#1197,#1198,#1199,#1200));
#4010=EDGE_LOOP('',(#1201,#1202,#1203,#1204));
#4011=EDGE_LOOP('',(#1205,#1206,#1207,#1208));
#4012=EDGE_LOOP('',(#1209,#1210,#1211,#1212));
#4013=EDGE_LOOP('',(#1213,#1214,#1215,#1216));
#4014=EDGE_LOOP('',(#1217,#1218,#1219,#1220));
#4015=EDGE_LOOP('',(#1221,#1222,#1223,#1224));
#4016=EDGE_LOOP('',(#1225,#1226,#1227,#1228));
#4017=EDGE_LOOP('',(#1229,#1230,#1231,#1232));
#4018=EDGE_LOOP('',(#1233,#1234,#1235,#1236));
#4019=EDGE_LOOP('',(#1237,#1238,#1239,#1240));
#4020=EDGE_LOOP('',(#1241));
#4021=EDGE_LOOP('',(#1242));
#4022=EDGE_LOOP('',(#1243,#1244,#1245,#1246,#1247,#1248,#1249,#1250,#1251,#1252,#1253,#1254,#1255,#1256,#1257,#1258,#1259,#1260,#1261,#1262));
#4023=EDGE_LOOP('',(#1263));
#4024=EDGE_LOOP('',(#1264,#1265,#1266,#1267,#1268,#1269,#1270,#1271,#1272,#1273,#1274,#1275,#1276,#1277,#1278,#1279,#1280,#1281,#1282,#1283));
#4025=EDGE_LOOP('',(#1284));
#4026=EDGE_LOOP('',(#1285,#1286,#1287,#1288));
#4027=EDGE_LOOP('',(#1289,#1290,#1291,#1292));
#4028=EDGE_LOOP('',(#1293,#1294,#1295,#1296));
#4029=EDGE_LOOP('',(#1297,#1298,#1299,#1300));
#4030=EDGE_LOOP('',(#1301,#1302,#1303,#1304));
#4031=EDGE_LOOP('',(#1305,#1306,#1307,#1308));
#4032=EDGE_LOOP('',(#1309,#1310,#1311,#1312));
#4033=EDGE_LOOP('',(#1313,#1314,#1315,#1316));
#4034=EDGE_LOOP('',(#1317,#1318,#1319,#1320));
#4035=EDGE_LOOP('',(#1321,#1322,#1323,#1324));
#4036=EDGE_LOOP('',(#1325,#1326,#1327,#1328));
#4037=EDGE_LOOP('',(#1329,#1330,#1331,#1332));
#4038=EDGE_LOOP('',(#1333,#1334,#1335,#1336));
#4039=EDGE_LOOP('',(#1337,#1338,#1339,#1340));
#4040=EDGE_LOOP('',(#1341,#1342,#1343,#1344));
#4041=EDGE_LOOP('',(#1345,#1346,#1347,#1348));
#4042=EDGE_LOOP('',(#1349,#1350,#1351,#1352));
#4043=EDGE_LOOP('',(#1353,#1354,#1355,#1356));
#4044=EDGE_LOOP('',(#1357,#1358,#1359,#1360));
#4045=EDGE_LOOP('',(#1361,#1362,#1363,#1364));
#4046=EDGE_LOOP('',(#1365));
#4047=EDGE_LOOP('',(#1366));
#4048=EDGE_LOOP('',(#1367,#1368,#1369,#1370,#1371,#1372,#1373,#1374,#1375,#1376,#1377,#1378,#1379,#1380,#1381,#1382,#1383,#1384,#1385,#1386));
#4049=EDGE_LOOP('',(#1387));
#4050=EDGE_LOOP('',(#1388,#1389,#1390,#1391,#1392,#1393,#1394,#1395,#1396,#1397,#1398,#1399,#1400,#1401,#1402,#1403,#1404,#1405,#1406,#1407));
#4051=EDGE_LOOP('',(#1408));
#4052=EDGE_LOOP('',(#1409,#1410,#1411,#1412));
#4053=EDGE_LOOP('',(#1413,#1414,#1415,#1416));
#4054=EDGE_LOOP('',(#1417,#1418,#1419,#1420));
#4055=EDGE_LOOP('',(#1421,#1422,#1423,#1424));
#4056=EDGE_LOOP('',(#1425,#1426,#1427,#1428));
#4057=EDGE_LOOP('',(#1429,#1430,#1431,#1432));
#4058=EDGE_LOOP('',(#1433,#1434,#1435,#1436));
#4059=EDGE_LOOP('',(#1437,#1438,#1439,#1440));
#4060=EDGE_LOOP('',(#1441,#1442,#1443,#1444));
#4061=EDGE_LOOP('',(#1445,#1446,#1447,#1448));
#4062=EDGE_LOOP('',(#1449,#1450,#1451,#1452));
#4063=EDGE_LOOP('',(#1453,#1454,#1455,#1456));
#4064=EDGE_LOOP('',(#1457,#1458,#1459,#1460));
#4065=EDGE_LOOP('',(#1461,#1462,#1463,#1464));
#4066=EDGE_LOOP('',(#1465,#1466,#1467,#1468));
#4067=EDGE_LOOP('',(#1469,#1470,#1471,#1472));
#4068=EDGE_LOOP('',(#1473,#1474,#1475,#1476));
#4069=EDGE_LOOP('',(#1477,#1478,#1479,#1480));
#4070=EDGE_LOOP('',(#1481,#1482,#1483,#1484));
#4071=EDGE_LOOP('',(#1485,#1486,#1487,#1488));
#4072=EDGE_LOOP('',(#1489));
#4073=EDGE_LOOP('',(#1490));
#4074=EDGE_LOOP('',(#1491,#1492,#1493,#1494,#1495,#1496,#1497,#1498,#1499,#1500,#1501,#1502,#1503,#1504,#1505,#1506,#1507,#1508,#1509,#1510));
#4075=EDGE_LOOP('',(#1511));
#4076=EDGE_LOOP('',(#1512,#1513,#1514,#1515));
#4077=EDGE_LOOP('',(#1516,#1517,#1518,#1519));
#4078=EDGE_LOOP('',(#1520,#1521,#1522,#1523));
#4079=EDGE_LOOP('',(#1524,#1525,#1526,#1527));
#4080=EDGE_LOOP('',(#1528,#1529,#1530,#1531));
#4081=EDGE_LOOP('',(#1532,#1533,#1534,#1535));
#4082=FACE_BOUND('',#3736,.T.);
#4083=FACE_BOUND('',#3737,.T.);
#4084=FACE_BOUND('',#3738,.T.);
#4085=FACE_BOUND('',#3739,.T.);
#4086=FACE_BOUND('',#3740,.T.);
#4087=FACE_BOUND('',#3741,.T.);
#4088=FACE_BOUND('',#3742,.T.);
#4089=FACE_BOUND('',#3743,.T.);
#4090=FACE_BOUND('',#3744,.T.);
#4091=FACE_BOUND('',#3745,.T.);
#4092=FACE_BOUND('',#3746,.T.);
#4093=FACE_BOUND('',#3747,.T.);
#4094=FACE_BOUND('',#3748,.T.);
#4095=FACE_BOUND('',#3749,.T.);
#4096=FACE_BOUND('',#3750,.T.);
#4097=FACE_BOUND('',#3751,.T.);
#4098=FACE_BOUND('',#3752,.T.);
#4099=FACE_BOUND('',#3753,.T.);
#4100=FACE_BOUND('',#3754,.T.);
#4101=FACE_BOUND('',#3755,.T.);
#4102=FACE_BOUND('',#3756,.T.);
#4103=FACE_BOUND('',#3757,.T.);
#4104=FACE_BOUND('',#3758,.T.);
#4105=FACE_BOUND('',#3759,.T.);
#4106=FACE_BOUND('',#3760,.T.);
#4107=FACE_BOUND('',#3761,.T.);
#4108=FACE_BOUND('',#3762,.T.);
#4109=FACE_BOUND('',#3763,.T.);
#4110=FACE_BOUND('',#3764,.T.);
#4111=FACE_BOUND('',#3765,.T.);
#4112=FACE_BOUND('',#3766,.T.);
#4113=FACE_BOUND('',#3767,.T.);
#4114=FACE_BOUND('',#3768,.T.);
#4115=FACE_BOUND('',#3769,.T.);
#4116=FACE_BOUND('',#3770,.T.);
#4117=FACE_BOUND('',#3771,.T.);
#4118=FACE_BOUND('',#3772,.T.);
#4119=FACE_BOUND('',#3773,.T.);
#4120=FACE_BOUND('',#3774,.T.);
#4121=FACE_BOUND('',#3775,.T.);
#4122=FACE_BOUND('',#3776,.T.);
#4123=FACE_BOUND('',#3777,.T.);
#4124=FACE_BOUND('',#3778,.T.);
#4125=FACE_BOUND('',#3779,.T.);
#4126=FACE_BOUND('',#3780,.T.);
#4127=FACE_BOUND('',#3781,.T.);
#4128=FACE_BOUND('',#3782,.T.);
#4129=FACE_BOUND('',#3783,.T.);
#4130=FACE_BOUND('',#3784,.T.);
#4131=FACE_BOUND('',#3785,.T.);
#4132=FACE_BOUND('',#3786,.T.);
#4133=FACE_BOUND('',#3787,.T.);
#4134=FACE_BOUND('',#3788,.T.);
#4135=FACE_BOUND('',#3789,.T.);
#4136=FACE_BOUND('',#3790,.T.);
#4137=FACE_BOUND('',#3791,.T.);
#4138=FACE_BOUND('',#3792,.T.);
#4139=FACE_BOUND('',#3793,.T.);
#4140=FACE_BOUND('',#3794,.T.);
#4141=FACE_BOUND('',#3795,.T.);
#4142=FACE_BOUND('',#3796,.T.);
#4143=FACE_BOUND('',#3797,.T.);
#4144=FACE_BOUND('',#3798,.T.);
#4145=FACE_BOUND('',#3799,.T.);
#4146=FACE_BOUND('',#3800,.T.);
#4147=FACE_BOUND('',#3801,.T.);
#4148=FACE_BOUND('',#3802,.T.);
#4149=FACE_BOUND('',#3803,.T.);
#4150=FACE_BOUND('',#3804,.T.);
#4151=FACE_BOUND('',#3805,.T.);
#4152=FACE_BOUND('',#3806,.T.);
#4153=FACE_BOUND('',#3807,.T.);
#4154=FACE_BOUND('',#3808,.T.);
#4155=FACE_BOUND('',#3809,.T.);
#4156=FACE_BOUND('',#3810,.T.);
#4157=FACE_BOUND('',#3811,.T.);
#4158=FACE_BOUND('',#3812,.T.);
#4159=FACE_BOUND('',#3813,.T.);
#4160=FACE_BOUND('',#3814,.T.);
#4161=FACE_BOUND('',#3815,.T.);
#4162=FACE_BOUND('',#3816,.T.);
#4163=FACE_BOUND('',#3817,.T.);
#4164=FACE_BOUND('',#3818,.T.);
#4165=FACE_BOUND('',#3819,.T.);
#4166=FACE_BOUND('',#3820,.T.);
#4167=FACE_BOUND('',#3821,.T.);
#4168=FACE_BOUND('',#3822,.T.);
#4169=FACE_BOUND('',#3823,.T.);
#4170=FACE_BOUND('',#3824,.T.);
#4171=FACE_BOUND('',#3825,.T.);
#4172=FACE_BOUND('',#3826,.T.);
#4173=FACE_BOUND('',#3827,.T.);
#4174=FACE_BOUND('',#3828,.T.);
#4175=FACE_BOUND('',#3829,.T.);
#4176=FACE_BOUND('',#3830,.T.);
#4177=FACE_BOUND('',#3831,.T.);
#4178=FACE_BOUND('',#3832,.T.);
#4179=FACE_BOUND('',#3833,.T.);
#4180=FACE_BOUND('',#3834,.T.);
#4181=FACE_BOUND('',#3835,.T.);
#4182=FACE_BOUND('',#3836,.T.);
#4183=FACE_BOUND('',#3837,.T.);
#4184=FACE_BOUND('',#3838,.T.);
#4185=FACE_BOUND('',#3839,.T.);
#4186=FACE_BOUND('',#3840,.T.);
#4187=FACE_BOUND('',#3841,.T.);
#4188=FACE_BOUND('',#3842,.T.);
#4189=FACE_BOUND('',#3843,.T.);
#4190=FACE_BOUND('',#3844,.T.);
#4191=FACE_BOUND('',#3845,.T.);
#4192=FACE_BOUND('',#3846,.T.);
#4193=FACE_BOUND('',#3847,.T.);
#4194=FACE_BOUND('',#3848,.T.);
#4195=FACE_BOUND('',#3849,.T.);
#4196=FACE_BOUND('',#3850,.T.);
#4197=FACE_BOUND('',#3851,.T.);
#4198=FACE_BOUND('',#3852,.T.);
#4199=FACE_BOUND('',#3853,.T.);
#4200=FACE_BOUND('',#3854,.T.);
#4201=FACE_BOUND('',#3855,.T.);
#4202=FACE_BOUND('',#3856,.T.);
#4203=FACE_BOUND('',#3857,.T.);
#4204=FACE_BOUND('',#3858,.T.);
#4205=FACE_BOUND('',#3859,.T.);
#4206=FACE_BOUND('',#3860,.T.);
#4207=FACE_BOUND('',#3861,.T.);
#4208=FACE_BOUND('',#3862,.T.);
#4209=FACE_BOUND('',#3863,.T.);
#4210=FACE_BOUND('',#3864,.T.);
#4211=FACE_BOUND('',#3865,.T.);
#4212=FACE_BOUND('',#3866,.T.);
#4213=FACE_BOUND('',#3867,.T.);
#4214=FACE_BOUND('',#3868,.T.);
#4215=FACE_BOUND('',#3869,.T.);
#4216=FACE_BOUND('',#3870,.T.);
#4217=FACE_BOUND('',#3871,.T.);
#4218=FACE_BOUND('',#3872,.T.);
#4219=FACE_BOUND('',#3873,.T.);
#4220=FACE_BOUND('',#3874,.T.);
#4221=FACE_BOUND('',#3875,.T.);
#4222=FACE_BOUND('',#3876,.T.);
#4223=FACE_BOUND('',#3877,.T.);
#4224=FACE_BOUND('',#3878,.T.);
#4225=FACE_BOUND('',#3879,.T.);
#4226=FACE_BOUND('',#3880,.T.);
#4227=FACE_BOUND('',#3881,.T.);
#4228=FACE_BOUND('',#3882,.T.);
#4229=FACE_BOUND('',#3883,.T.);
#4230=FACE_BOUND('',#3884,.T.);
#4231=FACE_BOUND('',#3885,.T.);
#4232=FACE_BOUND('',#3886,.T.);
#4233=FACE_BOUND('',#3887,.T.);
#4234=FACE_BOUND('',#3888,.T.);
#4235=FACE_BOUND('',#3889,.T.);
#4236=FACE_BOUND('',#3890,.T.);
#4237=FACE_BOUND('',#3891,.T.);
#4238=FACE_BOUND('',#3892,.T.);
#4239=FACE_BOUND('',#3893,.T.);
#4240=FACE_BOUND('',#3894,.T.);
#4241=FACE_BOUND('',#3895,.T.);
#4242=FACE_BOUND('',#3896,.T.);
#4243=FACE_BOUND('',#3897,.T.);
#4244=FACE_BOUND('',#3898,.T.);
#4245=FACE_BOUND('',#3899,.T.);
#4246=FACE_BOUND('',#3900,.T.);
#4247=FACE_BOUND('',#3901,.T.);
#4248=FACE_BOUND('',#3902,.T.);
#4249=FACE_BOUND('',#3903,.T.);
#4250=FACE_BOUND('',#3904,.T.);
#4251=FACE_BOUND('',#3905,.T.);
#4252=FACE_BOUND('',#3906,.T.);
#4253=FACE_BOUND('',#3907,.T.);
#4254=FACE_BOUND('',#3908,.T.);
#4255=FACE_BOUND('',#3909,.T.);
#4256=FACE_BOUND('',#3910,.T.);
#4257=FACE_BOUND('',#3911,.T.);
#4258=FACE_BOUND('',#3912,.T.);
#4259=FACE_BOUND('',#3913,.T.);
#4260=FACE_BOUND('',#3914,.T.);
#4261=FACE_BOUND('',#3915,.T.);
#4262=FACE_BOUND('',#3916,.T.);
#4263=FACE_BOUND('',#3917,.T.);
#4264=FACE_BOUND('',#3918,.T.);
#4265=FACE_BOUND('',#3919,.T.);
#4266=FACE_BOUND('',#3920,.T.);
#4267=FACE_BOUND('',#3921,.T.);
#4268=FACE_BOUND('',#3922,.T.);
#4269=FACE_BOUND('',#3923,.T.);
#4270=FACE_BOUND('',#3924,.T.);
#4271=FACE_BOUND('',#3925,.T.);
#4272=FACE_BOUND('',#3926,.T.);
#4273=FACE_BOUND('',#3927,.T.);
#4274=FACE_BOUND('',#3928,.T.);
#4275=FACE_BOUND('',#3929,.T.);
#4276=FACE_BOUND('',#3930,.T.);
#4277=FACE_BOUND('',#3931,.T.);
#4278=FACE_BOUND('',#3932,.T.);
#4279=FACE_BOUND('',#3933,.T.);
#4280=FACE_BOUND('',#3934,.T.);
#4281=FACE_BOUND('',#3935,.T.);
#4282=FACE_BOUND('',#3936,.T.);
#4283=FACE_BOUND('',#3937,.T.);
#4284=FACE_BOUND('',#3938,.T.);
#4285=FACE_BOUND('',#3939,.T.);
#4286=FACE_BOUND('',#3940,.T.);
#4287=FACE_BOUND('',#3941,.T.);
#4288=FACE_BOUND('',#3942,.T.);
#4289=FACE_BOUND('',#3943,.T.);
#4290=FACE_BOUND('',#3944,.T.);
#4291=FACE_BOUND('',#3945,.T.);
#4292=FACE_BOUND('',#3946,.T.);
#4293=FACE_BOUND('',#3947,.T.);
#4294=FACE_BOUND('',#3948,.T.);
#4295=FACE_BOUND('',#3949,.T.);
#4296=FACE_BOUND('',#3950,.T.);
#4297=FACE_BOUND('',#3951,.T.);
#4298=FACE_BOUND('',#3952,.T.);
#4299=FACE_BOUND('',#3953,.T.);
#4300=FACE_BOUND('',#3954,.T.);
#4301=FACE_BOUND('',#3955,.T.);
#4302=FACE_BOUND('',#3956,.T.);
#4303=FACE_BOUND('',#3957,.T.);
#4304=FACE_BOUND('',#3958,.T.);
#4305=FACE_BOUND('',#3959,.T.);
#4306=FACE_BOUND('',#3960,.T.);
#4307=FACE_BOUND('',#3961,.T.);
#4308=FACE_BOUND('',#3962,.T.);
#4309=FACE_BOUND('',#3963,.T.);
#4310=FACE_BOUND('',#3964,.T.);
#4311=FACE_BOUND('',#3965,.T.);
#4312=FACE_BOUND('',#3966,.T.);
#4313=FACE_BOUND('',#3967,.T.);
#4314=FACE_BOUND('',#3968,.T.);
#4315=FACE_BOUND('',#3969,.T.);
#4316=FACE_BOUND('',#3970,.T.);
#4317=FACE_BOUND('',#3971,.T.);
#4318=FACE_BOUND('',#3972,.T.);
#4319=FACE_BOUND('',#3973,.T.);
#4320=FACE_BOUND('',#3974,.T.);
#4321=FACE_BOUND('',#3975,.T.);
#4322=FACE_BOUND('',#3976,.T.);
#4323=FACE_BOUND('',#3977,.T.);
#4324=FACE_BOUND('',#3978,.T.);
#4325=FACE_BOUND('',#3979,.T.);
#4326=FACE_BOUND('',#3980,.T.);
#4327=FACE_BOUND('',#3981,.T.);
#4328=FACE_BOUND('',#3982,.T.);
#4329=FACE_BOUND('',#3983,.T.);
#4330=FACE_BOUND('',#3984,.T.);
#4331=FACE_BOUND('',#3985,.T.);
#4332=FACE_BOUND('',#3986,.T.);
#4333=FACE_BOUND('',#3987,.T.);
#4334=FACE_BOUND('',#3988,.T.);
#4335=FACE_BOUND('',#3989,.T.);
#4336=FACE_BOUND('',#3990,.T.);
#4337=FACE_BOUND('',#3991,.T.);
#4338=FACE_BOUND('',#3992,.T.);
#4339=FACE_BOUND('',#3993,.T.);
#4340=FACE_BOUND('',#3994,.T.);
#4341=FACE_BOUND('',#3995,.T.);
#4342=FACE_BOUND('',#3996,.T.);
#4343=FACE_BOUND('',#3997,.T.);
#4344=FACE_BOUND('',#3998,.T.);
#4345=FACE_BOUND('',#3999,.T.);
#4346=FACE_BOUND('',#4000,.T.);
#4347=FACE_BOUND('',#4001,.T.);
#4348=FACE_BOUND('',#4002,.T.);
#4349=FACE_BOUND('',#4003,.T.);
#4350=FACE_BOUND('',#4004,.T.);
#4351=FACE_BOUND('',#4005,.T.);
#4352=FACE_BOUND('',#4006,.T.);
#4353=FACE_BOUND('',#4007,.T.);
#4354=FACE_BOUND('',#4008,.T.);
#4355=FACE_BOUND('',#4009,.T.);
#4356=FACE_BOUND('',#4010,.T.);
#4357=FACE_BOUND('',#4011,.T.);
#4358=FACE_BOUND('',#4012,.T.);
#4359=FACE_BOUND('',#4013,.T.);
#4360=FACE_BOUND('',#4014,.T.);
#4361=FACE_BOUND('',#4015,.T.);
#4362=FACE_BOUND('',#4016,.T.);
#4363=FACE_BOUND('',#4017,.T.);
#4364=FACE_BOUND('',#4018,.T.);
#4365=FACE_BOUND('',#4019,.T.);
#4366=FACE_BOUND('',#4020,.T.);
#4367=FACE_BOUND('',#4021,.T.);
#4368=FACE_BOUND('',#4022,.T.);
#4369=FACE_BOUND('',#4023,.T.);
#4370=FACE_BOUND('',#4024,.T.);
#4371=FACE_BOUND('',#4025,.T.);
#4372=FACE_BOUND('',#4026,.T.);
#4373=FACE_BOUND('',#4027,.T.);
#4374=FACE_BOUND('',#4028,.T.);
#4375=FACE_BOUND('',#4029,.T.);
#4376=FACE_BOUND('',#4030,.T.);
#4377=FACE_BOUND('',#4031,.T.);
#4378=FACE_BOUND('',#4032,.T.);
#4379=FACE_BOUND('',#4033,.T.);
#4380=FACE_BOUND('',#4034,.T.);
#4381=FACE_BOUND('',#4035,.T.);
#4382=FACE_BOUND('',#4036,.T.);
#4383=FACE_BOUND('',#4037,.T.);
#4384=FACE_BOUND('',#4038,.T.);
#4385=FACE_BOUND('',#4039,.T.);
#4386=FACE_BOUND('',#4040,.T.);
#4387=FACE_BOUND('',#4041,.T.);
#4388=FACE_BOUND('',#4042,.T.);
#4389=FACE_BOUND('',#4043,.T.);
#4390=FACE_BOUND('',#4044,.T.);
#4391=FACE_BOUND('',#4045,.T.);
#4392=FACE_BOUND('',#4046,.T.);
#4393=FACE_BOUND('',#4047,.T.);
#4394=FACE_BOUND('',#4048,.T.);
#4395=FACE_BOUND('',#4049,.T.);
#4396=FACE_BOUND('',#4050,.T.);
#4397=FACE_BOUND('',#4051,.T.);
#4398=FACE_BOUND('',#4052,.T.);
#4399=FACE_BOUND('',#4053,.T.);
#4400=FACE_BOUND('',#4054,.T.);
#4401=FACE_BOUND('',#4055,.T.);
#4402=FACE_BOUND('',#4056,.T.);
#4403=FACE_BOUND('',#4057,.T.);
#4404=FACE_BOUND('',#4058,.T.);
#4405=FACE_BOUND('',#4059,.T.);
#4406=FACE_BOUND('',#4060,.T.);
#4407=FACE_BOUND('',#4061,.T.);
#4408=FACE_BOUND('',#4062,.T.);
#4409=FACE_BOUND('',#4063,.T.);
#4410=FACE_BOUND('',#4064,.T.);
#4411=FACE_BOUND('',#4065,.T.);
#4412=FACE_BOUND('',#4066,.T.);
#4413=FACE_BOUND('',#4067,.T.);
#4414=FACE_BOUND('',#4068,.T.);
#4415=FACE_BOUND('',#4069,.T.);
#4416=FACE_BOUND('',#4070,.T.);
#4417=FACE_BOUND('',#4071,.T.);
#4418=FACE_BOUND('',#4072,.T.);
#4419=FACE_BOUND('',#4073,.T.);
#4420=FACE_BOUND('',#4074,.T.);
#4421=FACE_BOUND('',#4075,.T.);
#4422=FACE_BOUND('',#4076,.T.);
#4423=FACE_BOUND('',#4077,.T.);
#4424=FACE_BOUND('',#4078,.T.);
#4425=FACE_BOUND('',#4079,.T.);
#4426=FACE_BOUND('',#4080,.T.);
#4427=FACE_BOUND('',#4081,.T.);
#4428=PLANE('',#5040);
#4429=PLANE('',#5041);
#4430=PLANE('',#5042);
#4431=PLANE('',#5043);
#4432=PLANE('',#5044);
#4433=PLANE('',#5045);
#4434=PLANE('',#5046);
#4435=PLANE('',#5047);
#4436=PLANE('',#5048);
#4437=PLANE('',#5049);
#4438=PLANE('',#5059);
#4439=PLANE('',#5087);
#4440=PLANE('',#5088);
#4441=PLANE('',#5089);
#4442=PLANE('',#5090);
#4443=PLANE('',#5091);
#4444=PLANE('',#5094);
#4445=PLANE('',#5097);
#4446=PLANE('',#5100);
#4447=PLANE('',#5103);
#4448=PLANE('',#5106);
#4449=PLANE('',#5109);
#4450=PLANE('',#5110);
#4451=PLANE('',#5116);
#4452=PLANE('',#5119);
#4453=PLANE('',#5122);
#4454=PLANE('',#5124);
#4455=PLANE('',#5125);
#4456=PLANE('',#5126);
#4457=PLANE('',#5127);
#4458=PLANE('',#5128);
#4459=PLANE('',#5129);
#4460=PLANE('',#5130);
#4461=PLANE('',#5131);
#4462=PLANE('',#5132);
#4463=PLANE('',#5133);
#4464=PLANE('',#5135);
#4465=PLANE('',#5136);
#4466=PLANE('',#5137);
#4467=PLANE('',#5138);
#4468=PLANE('',#5139);
#4469=PLANE('',#5140);
#4470=PLANE('',#5141);
#4471=PLANE('',#5142);
#4472=PLANE('',#5143);
#4473=PLANE('',#5144);
#4474=PLANE('',#5145);
#4475=PLANE('',#5146);
#4476=PLANE('',#5147);
#4477=PLANE('',#5148);
#4478=PLANE('',#5149);
#4479=PLANE('',#5150);
#4480=PLANE('',#5151);
#4481=PLANE('',#5153);
#4482=PLANE('',#5154);
#4483=PLANE('',#5155);
#4484=PLANE('',#5156);
#4485=PLANE('',#5157);
#4486=PLANE('',#5158);
#4487=PLANE('',#5159);
#4488=PLANE('',#5160);
#4489=PLANE('',#5161);
#4490=PLANE('',#5162);
#4491=PLANE('',#5163);
#4492=PLANE('',#5164);
#4493=PLANE('',#5165);
#4494=PLANE('',#5166);
#4495=PLANE('',#5168);
#4496=PLANE('',#5169);
#4497=PLANE('',#5170);
#4498=PLANE('',#5172);
#4499=PLANE('',#5173);
#4500=PLANE('',#5174);
#4501=PLANE('',#5175);
#4502=PLANE('',#5176);
#4503=PLANE('',#5177);
#4504=PLANE('',#5178);
#4505=PLANE('',#5179);
#4506=PLANE('',#5181);
#4507=PLANE('',#5182);
#4508=PLANE('',#5183);
#4509=PLANE('',#5184);
#4510=PLANE('',#5185);
#4511=PLANE('',#5186);
#4512=PLANE('',#5187);
#4513=PLANE('',#5188);
#4514=PLANE('',#5189);
#4515=PLANE('',#5190);
#4516=PLANE('',#5191);
#4517=PLANE('',#5192);
#4518=PLANE('',#5193);
#4519=PLANE('',#5194);
#4520=PLANE('',#5195);
#4521=PLANE('',#5196);
#4522=PLANE('',#5197);
#4523=PLANE('',#5198);
#4524=PLANE('',#5199);
#4525=PLANE('',#5200);
#4526=PLANE('',#5202);
#4527=PLANE('',#5203);
#4528=PLANE('',#5205);
#4529=PLANE('',#5206);
#4530=PLANE('',#5207);
#4531=PLANE('',#5208);
#4532=PLANE('',#5209);
#4533=PLANE('',#5210);
#4534=PLANE('',#5211);
#4535=PLANE('',#5212);
#4536=PLANE('',#5215);
#4537=PLANE('',#5216);
#4538=PLANE('',#5217);
#4539=PLANE('',#5218);
#4540=PLANE('',#5219);
#4541=PLANE('',#5220);
#4542=PLANE('',#5221);
#4543=PLANE('',#5222);
#4544=PLANE('',#5223);
#4545=PLANE('',#5224);
#4546=PLANE('',#5229);
#4547=PLANE('',#5232);
#4548=PLANE('',#5233);
#4549=PLANE('',#5234);
#4550=PLANE('',#5235);
#4551=PLANE('',#5236);
#4552=PLANE('',#5237);
#4553=PLANE('',#5239);
#4554=PLANE('',#5242);
#4555=PLANE('',#5245);
#4556=PLANE('',#5248);
#4557=PLANE('',#5262);
#4558=PLANE('',#5263);
#4559=PLANE('',#5265);
#4560=PLANE('',#5268);
#4561=PLANE('',#5269);
#4562=PLANE('',#5270);
#4563=PLANE('',#5273);
#4564=PLANE('',#5274);
#4565=PLANE('',#5277);
#4566=PLANE('',#5280);
#4567=PLANE('',#5283);
#4568=PLANE('',#5284);
#4569=PLANE('',#5286);
#4570=PLANE('',#5287);
#4571=PLANE('',#5288);
#4572=PLANE('',#5289);
#4573=PLANE('',#5290);
#4574=PLANE('',#5291);
#4575=PLANE('',#5292);
#4576=PLANE('',#5293);
#4577=PLANE('',#5294);
#4578=PLANE('',#5295);
#4579=PLANE('',#5297);
#4580=PLANE('',#5299);
#4581=PLANE('',#5300);
#4582=PLANE('',#5301);
#4583=PLANE('',#5302);
#4584=PLANE('',#5303);
#4585=PLANE('',#5304);
#4586=PLANE('',#5305);
#4587=PLANE('',#5306);
#4588=PLANE('',#5307);
#4589=PLANE('',#5308);
#4590=PLANE('',#5309);
#4591=PLANE('',#5310);
#4592=PLANE('',#5311);
#4593=PLANE('',#5312);
#4594=PLANE('',#5313);
#4595=PLANE('',#5314);
#4596=PLANE('',#5315);
#4597=PLANE('',#5316);
#4598=PLANE('',#5317);
#4599=PLANE('',#5318);
#4600=PLANE('',#5321);
#4601=PLANE('',#5325);
#4602=PLANE('',#5327);
#4603=PLANE('',#5328);
#4604=PLANE('',#5329);
#4605=PLANE('',#5330);
#4606=PLANE('',#5331);
#4607=PLANE('',#5332);
#4608=PLANE('',#5333);
#4609=PLANE('',#5334);
#4610=PLANE('',#5335);
#4611=PLANE('',#5336);
#4612=PLANE('',#5337);
#4613=PLANE('',#5338);
#4614=PLANE('',#5339);
#4615=PLANE('',#5340);
#4616=PLANE('',#5341);
#4617=PLANE('',#5342);
#4618=PLANE('',#5343);
#4619=PLANE('',#5344);
#4620=PLANE('',#5345);
#4621=PLANE('',#5346);
#4622=PLANE('',#5349);
#4623=PLANE('',#5351);
#4624=PLANE('',#5353);
#4625=PLANE('',#5354);
#4626=PLANE('',#5355);
#4627=PLANE('',#5356);
#4628=PLANE('',#5357);
#4629=PLANE('',#5358);
#4630=PLANE('',#5359);
#4631=PLANE('',#5360);
#4632=PLANE('',#5361);
#4633=PLANE('',#5362);
#4634=PLANE('',#5363);
#4635=PLANE('',#5364);
#4636=PLANE('',#5365);
#4637=PLANE('',#5366);
#4638=PLANE('',#5367);
#4639=PLANE('',#5368);
#4640=PLANE('',#5369);
#4641=PLANE('',#5370);
#4642=PLANE('',#5371);
#4643=PLANE('',#5372);
#4644=PLANE('',#5375);
#4645=PLANE('',#5378);
#4646=PLANE('',#5379);
#4647=PLANE('',#5380);
#4648=PLANE('',#5381);
#4649=PLANE('',#5382);
#4650=PLANE('',#5383);
#4651=ADVANCED_FACE('',(#4082),#4428,.T.);
#4652=ADVANCED_FACE('',(#4083),#4429,.T.);
#4653=ADVANCED_FACE('',(#4084),#4430,.T.);
#4654=ADVANCED_FACE('',(#4085),#4431,.T.);
#4655=ADVANCED_FACE('',(#4086),#4432,.T.);
#4656=ADVANCED_FACE('',(#4087),#4433,.T.);
#4657=ADVANCED_FACE('',(#4088),#4434,.F.);
#4658=ADVANCED_FACE('',(#4089),#4435,.F.);
#4659=ADVANCED_FACE('',(#4090),#4436,.T.);
#4660=ADVANCED_FACE('',(#4091,#4092,#4093,#4094,#4095,#4096,#4097,#4098,#4099,#4100),#4437,.T.);
#4661=ADVANCED_FACE('',(#4101,#4102,#4103,#4104,#4105,#4106,#4107,#4108,#4109,#4110,#4111,#4112),#4438,.F.);
#4662=ADVANCED_FACE('',(#4113,#4114),#144,.F.);
#4663=ADVANCED_FACE('',(#4115,#4116),#145,.F.);
#4664=ADVANCED_FACE('',(#4117,#4118),#146,.F.);
#4665=ADVANCED_FACE('',(#4119,#4120),#147,.F.);
#4666=ADVANCED_FACE('',(#4121,#4122),#148,.F.);
#4667=ADVANCED_FACE('',(#4123,#4124),#149,.F.);
#4668=ADVANCED_FACE('',(#4125,#4126),#150,.F.);
#4669=ADVANCED_FACE('',(#4127,#4128),#151,.F.);
#4670=ADVANCED_FACE('',(#4129,#4130),#152,.F.);
#4671=ADVANCED_FACE('',(#4131),#4439,.T.);
#4672=ADVANCED_FACE('',(#4132),#4440,.T.);
#4673=ADVANCED_FACE('',(#4133),#4441,.T.);
#4674=ADVANCED_FACE('',(#4134),#4442,.T.);
#4675=ADVANCED_FACE('',(#4135),#4443,.T.);
#4676=ADVANCED_FACE('',(#4136,#4137),#153,.T.);
#4677=ADVANCED_FACE('',(#4138,#4139),#4444,.T.);
#4678=ADVANCED_FACE('',(#4140,#4141),#154,.T.);
#4679=ADVANCED_FACE('',(#4142,#4143),#4445,.T.);
#4680=ADVANCED_FACE('',(#4144,#4145),#155,.T.);
#4681=ADVANCED_FACE('',(#4146,#4147),#4446,.T.);
#4682=ADVANCED_FACE('',(#4148,#4149),#156,.T.);
#4683=ADVANCED_FACE('',(#4150,#4151),#4447,.T.);
#4684=ADVANCED_FACE('',(#4152,#4153),#157,.T.);
#4685=ADVANCED_FACE('',(#4154,#4155),#4448,.T.);
#4686=ADVANCED_FACE('',(#4156,#4157),#158,.T.);
#4687=ADVANCED_FACE('',(#4158,#4159),#4449,.T.);
#4688=ADVANCED_FACE('',(#4160,#4161),#4450,.F.);
#4689=ADVANCED_FACE('',(#4162,#4163),#159,.F.);
#4690=ADVANCED_FACE('',(#4164,#4165),#160,.T.);
#4691=ADVANCED_FACE('',(#4166,#4167),#4451,.T.);
#4692=ADVANCED_FACE('',(#4168,#4169),#161,.T.);
#4693=ADVANCED_FACE('',(#4170,#4171),#4452,.T.);
#4694=ADVANCED_FACE('',(#4172,#4173),#162,.T.);
#4695=ADVANCED_FACE('',(#4174,#4175),#4453,.T.);
#4696=ADVANCED_FACE('',(#4176),#4454,.T.);
#4697=ADVANCED_FACE('',(#4177),#4455,.T.);
#4698=ADVANCED_FACE('',(#4178),#4456,.F.);
#4699=ADVANCED_FACE('',(#4179),#4457,.F.);
#4700=ADVANCED_FACE('',(#4180),#4458,.T.);
#4701=ADVANCED_FACE('',(#4181),#4459,.T.);
#4702=ADVANCED_FACE('',(#4182),#4460,.F.);
#4703=ADVANCED_FACE('',(#4183),#4461,.F.);
#4704=ADVANCED_FACE('',(#4184),#4462,.T.);
#4705=ADVANCED_FACE('',(#4185),#4463,.T.);
#4706=ADVANCED_FACE('',(#4186),#4464,.T.);
#4707=ADVANCED_FACE('',(#4187),#4465,.T.);
#4708=ADVANCED_FACE('',(#4188,#4189),#4466,.F.);
#4709=ADVANCED_FACE('',(#4190),#4467,.F.);
#4710=ADVANCED_FACE('',(#4191),#4468,.T.);
#4711=ADVANCED_FACE('',(#4192),#4469,.T.);
#4712=ADVANCED_FACE('',(#4193),#4470,.T.);
#4713=ADVANCED_FACE('',(#4194),#4471,.F.);
#4714=ADVANCED_FACE('',(#4195),#4472,.F.);
#4715=ADVANCED_FACE('',(#4196),#4473,.T.);
#4716=ADVANCED_FACE('',(#4197),#4474,.F.);
#4717=ADVANCED_FACE('',(#4198),#4475,.T.);
#4718=ADVANCED_FACE('',(#4199),#4476,.T.);
#4719=ADVANCED_FACE('',(#4200),#4477,.T.);
#4720=ADVANCED_FACE('',(#4201),#4478,.F.);
#4721=ADVANCED_FACE('',(#4202),#4479,.T.);
#4722=ADVANCED_FACE('',(#4203),#4480,.F.);
#4723=ADVANCED_FACE('',(#4204,#4205),#4481,.F.);
#4724=ADVANCED_FACE('',(#4206,#4207),#4482,.T.);
#4725=ADVANCED_FACE('',(#4208),#4483,.F.);
#4726=ADVANCED_FACE('',(#4209),#4484,.T.);
#4727=ADVANCED_FACE('',(#4210),#4485,.T.);
#4728=ADVANCED_FACE('',(#4211),#4486,.F.);
#4729=ADVANCED_FACE('',(#4212),#4487,.T.);
#4730=ADVANCED_FACE('',(#4213),#4488,.T.);
#4731=ADVANCED_FACE('',(#4214),#4489,.T.);
#4732=ADVANCED_FACE('',(#4215),#4490,.T.);
#4733=ADVANCED_FACE('',(#4216),#4491,.T.);
#4734=ADVANCED_FACE('',(#4217),#4492,.T.);
#4735=ADVANCED_FACE('',(#4218),#4493,.T.);
#4736=ADVANCED_FACE('',(#4219),#4494,.T.);
#4737=ADVANCED_FACE('',(#4220),#4495,.T.);
#4738=ADVANCED_FACE('',(#4221),#4496,.T.);
#4739=ADVANCED_FACE('',(#4222,#4223),#4497,.T.);
#4740=ADVANCED_FACE('',(#4224,#4225),#4498,.T.);
#4741=ADVANCED_FACE('',(#4226),#4499,.T.);
#4742=ADVANCED_FACE('',(#4227),#4500,.T.);
#4743=ADVANCED_FACE('',(#4228),#4501,.T.);
#4744=ADVANCED_FACE('',(#4229),#4502,.T.);
#4745=ADVANCED_FACE('',(#4230),#4503,.T.);
#4746=ADVANCED_FACE('',(#4231),#4504,.T.);
#4747=ADVANCED_FACE('',(#4232,#4233),#4505,.T.);
#4748=ADVANCED_FACE('',(#4234),#4506,.T.);
#4749=ADVANCED_FACE('',(#4235),#4507,.T.);
#4750=ADVANCED_FACE('',(#4236),#4508,.T.);
#4751=ADVANCED_FACE('',(#4237),#4509,.T.);
#4752=ADVANCED_FACE('',(#4238),#4510,.T.);
#4753=ADVANCED_FACE('',(#4239),#4511,.F.);
#4754=ADVANCED_FACE('',(#4240),#4512,.F.);
#4755=ADVANCED_FACE('',(#4241),#4513,.T.);
#4756=ADVANCED_FACE('',(#4242),#4514,.F.);
#4757=ADVANCED_FACE('',(#4243),#4515,.T.);
#4758=ADVANCED_FACE('',(#4244,#4245),#4516,.F.);
#4759=ADVANCED_FACE('',(#4246),#4517,.F.);
#4760=ADVANCED_FACE('',(#4247),#4518,.T.);
#4761=ADVANCED_FACE('',(#4248),#4519,.F.);
#4762=ADVANCED_FACE('',(#4249),#4520,.F.);
#4763=ADVANCED_FACE('',(#4250),#4521,.F.);
#4764=ADVANCED_FACE('',(#4251),#4522,.F.);
#4765=ADVANCED_FACE('',(#4252),#4523,.F.);
#4766=ADVANCED_FACE('',(#4253),#4524,.F.);
#4767=ADVANCED_FACE('',(#4254,#4255),#4525,.F.);
#4768=ADVANCED_FACE('',(#4256),#4526,.T.);
#4769=ADVANCED_FACE('',(#4257,#4258),#4527,.F.);
#4770=ADVANCED_FACE('',(#4259),#4528,.F.);
#4771=ADVANCED_FACE('',(#4260),#4529,.F.);
#4772=ADVANCED_FACE('',(#4261),#4530,.F.);
#4773=ADVANCED_FACE('',(#4262),#4531,.T.);
#4774=ADVANCED_FACE('',(#4263),#4532,.T.);
#4775=ADVANCED_FACE('',(#4264),#4533,.F.);
#4776=ADVANCED_FACE('',(#4265),#4534,.F.);
#4777=ADVANCED_FACE('',(#4266),#4535,.F.);
#4778=ADVANCED_FACE('',(#4267,#4268),#163,.F.);
#4779=ADVANCED_FACE('',(#4269),#4536,.F.);
#4780=ADVANCED_FACE('',(#4270),#4537,.F.);
#4781=ADVANCED_FACE('',(#4271),#4538,.F.);
#4782=ADVANCED_FACE('',(#4272),#4539,.F.);
#4783=ADVANCED_FACE('',(#4273),#4540,.T.);
#4784=ADVANCED_FACE('',(#4274),#4541,.T.);
#4785=ADVANCED_FACE('',(#4275),#4542,.T.);
#4786=ADVANCED_FACE('',(#4276),#4543,.T.);
#4787=ADVANCED_FACE('',(#4277),#4544,.T.);
#4788=ADVANCED_FACE('',(#4278),#4545,.T.);
#4789=ADVANCED_FACE('',(#4279,#4280),#164,.F.);
#4790=ADVANCED_FACE('',(#4281,#4282),#165,.T.);
#4791=ADVANCED_FACE('',(#4283,#4284),#4546,.T.);
#4792=ADVANCED_FACE('',(#4285,#4286),#166,.T.);
#4793=ADVANCED_FACE('',(#4287,#4288),#4547,.T.);
#4794=ADVANCED_FACE('',(#4289),#4548,.F.);
#4795=ADVANCED_FACE('',(#4290),#4549,.F.);
#4796=ADVANCED_FACE('',(#4291),#4550,.F.);
#4797=ADVANCED_FACE('',(#4292),#4551,.F.);
#4798=ADVANCED_FACE('',(#4293),#4552,.T.);
#4799=ADVANCED_FACE('',(#4294),#4553,.F.);
#4800=ADVANCED_FACE('',(#4295),#4554,.F.);
#4801=ADVANCED_FACE('',(#4296),#4555,.F.);
#4802=ADVANCED_FACE('',(#4297),#4556,.F.);
#4803=ADVANCED_FACE('',(#4298,#4299,#4300,#4301,#4302,#4303),#167,.T.);
#4804=ADVANCED_FACE('',(#4304,#4305),#168,.F.);
#4805=ADVANCED_FACE('',(#4306,#4307),#169,.F.);
#4806=ADVANCED_FACE('',(#4308,#4309),#4557,.T.);
#4807=ADVANCED_FACE('',(#4310,#4311),#4558,.F.);
#4808=ADVANCED_FACE('',(#4312),#4559,.T.);
#4809=ADVANCED_FACE('',(#4313,#4314),#170,.T.);
#4810=ADVANCED_FACE('',(#4315),#4560,.F.);
#4811=ADVANCED_FACE('',(#4316),#4561,.F.);
#4812=ADVANCED_FACE('',(#4317),#4562,.F.);
#4813=ADVANCED_FACE('',(#4318),#171,.F.);
#4814=ADVANCED_FACE('',(#4319),#172,.F.);
#4815=ADVANCED_FACE('',(#4320),#4563,.F.);
#4816=ADVANCED_FACE('',(#4321),#4564,.T.);
#4817=ADVANCED_FACE('',(#4322),#173,.F.);
#4818=ADVANCED_FACE('',(#4323),#174,.F.);
#4819=ADVANCED_FACE('',(#4324),#4565,.T.);
#4820=ADVANCED_FACE('',(#4325),#175,.F.);
#4821=ADVANCED_FACE('',(#4326),#176,.F.);
#4822=ADVANCED_FACE('',(#4327),#4566,.F.);
#4823=ADVANCED_FACE('',(#4328),#177,.F.);
#4824=ADVANCED_FACE('',(#4329),#178,.F.);
#4825=ADVANCED_FACE('',(#4330),#4567,.T.);
#4826=ADVANCED_FACE('',(#4331),#4568,.F.);
#4827=ADVANCED_FACE('',(#4332,#4333),#4569,.T.);
#4828=ADVANCED_FACE('',(#4334,#4335),#4570,.F.);
#4829=ADVANCED_FACE('',(#4336),#4571,.T.);
#4830=ADVANCED_FACE('',(#4337),#4572,.F.);
#4831=ADVANCED_FACE('',(#4338),#4573,.F.);
#4832=ADVANCED_FACE('',(#4339),#4574,.F.);
#4833=ADVANCED_FACE('',(#4340),#4575,.T.);
#4834=ADVANCED_FACE('',(#4341),#4576,.F.);
#4835=ADVANCED_FACE('',(#4342),#4577,.F.);
#4836=ADVANCED_FACE('',(#4343),#4578,.T.);
#4837=ADVANCED_FACE('',(#4344,#4345),#4579,.F.);
#4838=ADVANCED_FACE('',(#4346),#4580,.T.);
#4839=ADVANCED_FACE('',(#4347),#4581,.T.);
#4840=ADVANCED_FACE('',(#4348),#4582,.T.);
#4841=ADVANCED_FACE('',(#4349),#4583,.T.);
#4842=ADVANCED_FACE('',(#4350),#4584,.T.);
#4843=ADVANCED_FACE('',(#4351),#4585,.T.);
#4844=ADVANCED_FACE('',(#4352),#4586,.T.);
#4845=ADVANCED_FACE('',(#4353),#4587,.T.);
#4846=ADVANCED_FACE('',(#4354),#4588,.T.);
#4847=ADVANCED_FACE('',(#4355),#4589,.T.);
#4848=ADVANCED_FACE('',(#4356),#4590,.T.);
#4849=ADVANCED_FACE('',(#4357),#4591,.T.);
#4850=ADVANCED_FACE('',(#4358),#4592,.T.);
#4851=ADVANCED_FACE('',(#4359),#4593,.T.);
#4852=ADVANCED_FACE('',(#4360),#4594,.T.);
#4853=ADVANCED_FACE('',(#4361),#4595,.T.);
#4854=ADVANCED_FACE('',(#4362),#4596,.T.);
#4855=ADVANCED_FACE('',(#4363),#4597,.T.);
#4856=ADVANCED_FACE('',(#4364),#4598,.T.);
#4857=ADVANCED_FACE('',(#4365),#4599,.T.);
#4858=ADVANCED_FACE('',(#4366,#4367),#179,.F.);
#4859=ADVANCED_FACE('',(#4368,#4369),#4600,.T.);
#4860=ADVANCED_FACE('',(#4370,#4371),#4601,.F.);
#4861=ADVANCED_FACE('',(#4372),#4602,.T.);
#4862=ADVANCED_FACE('',(#4373),#4603,.T.);
#4863=ADVANCED_FACE('',(#4374),#4604,.T.);
#4864=ADVANCED_FACE('',(#4375),#4605,.T.);
#4865=ADVANCED_FACE('',(#4376),#4606,.T.);
#4866=ADVANCED_FACE('',(#4377),#4607,.T.);
#4867=ADVANCED_FACE('',(#4378),#4608,.T.);
#4868=ADVANCED_FACE('',(#4379),#4609,.T.);
#4869=ADVANCED_FACE('',(#4380),#4610,.T.);
#4870=ADVANCED_FACE('',(#4381),#4611,.T.);
#4871=ADVANCED_FACE('',(#4382),#4612,.T.);
#4872=ADVANCED_FACE('',(#4383),#4613,.T.);
#4873=ADVANCED_FACE('',(#4384),#4614,.T.);
#4874=ADVANCED_FACE('',(#4385),#4615,.T.);
#4875=ADVANCED_FACE('',(#4386),#4616,.T.);
#4876=ADVANCED_FACE('',(#4387),#4617,.T.);
#4877=ADVANCED_FACE('',(#4388),#4618,.T.);
#4878=ADVANCED_FACE('',(#4389),#4619,.T.);
#4879=ADVANCED_FACE('',(#4390),#4620,.T.);
#4880=ADVANCED_FACE('',(#4391),#4621,.T.);
#4881=ADVANCED_FACE('',(#4392,#4393),#180,.F.);
#4882=ADVANCED_FACE('',(#4394,#4395),#4622,.T.);
#4883=ADVANCED_FACE('',(#4396,#4397),#4623,.F.);
#4884=ADVANCED_FACE('',(#4398),#4624,.T.);
#4885=ADVANCED_FACE('',(#4399),#4625,.T.);
#4886=ADVANCED_FACE('',(#4400),#4626,.T.);
#4887=ADVANCED_FACE('',(#4401),#4627,.T.);
#4888=ADVANCED_FACE('',(#4402),#4628,.T.);
#4889=ADVANCED_FACE('',(#4403),#4629,.T.);
#4890=ADVANCED_FACE('',(#4404),#4630,.T.);
#4891=ADVANCED_FACE('',(#4405),#4631,.T.);
#4892=ADVANCED_FACE('',(#4406),#4632,.T.);
#4893=ADVANCED_FACE('',(#4407),#4633,.T.);
#4894=ADVANCED_FACE('',(#4408),#4634,.T.);
#4895=ADVANCED_FACE('',(#4409),#4635,.T.);
#4896=ADVANCED_FACE('',(#4410),#4636,.T.);
#4897=ADVANCED_FACE('',(#4411),#4637,.T.);
#4898=ADVANCED_FACE('',(#4412),#4638,.T.);
#4899=ADVANCED_FACE('',(#4413),#4639,.T.);
#4900=ADVANCED_FACE('',(#4414),#4640,.T.);
#4901=ADVANCED_FACE('',(#4415),#4641,.T.);
#4902=ADVANCED_FACE('',(#4416),#4642,.T.);
#4903=ADVANCED_FACE('',(#4417),#4643,.T.);
#4904=ADVANCED_FACE('',(#4418,#4419),#181,.F.);
#4905=ADVANCED_FACE('',(#4420,#4421),#4644,.T.);
#4906=ADVANCED_FACE('',(#4422),#4645,.T.);
#4907=ADVANCED_FACE('',(#4423),#4646,.F.);
#4908=ADVANCED_FACE('',(#4424),#4647,.F.);
#4909=ADVANCED_FACE('',(#4425),#4648,.T.);
#4910=ADVANCED_FACE('',(#4426),#4649,.T.);
#4911=ADVANCED_FACE('',(#4427),#4650,.F.);
#4912=CLOSED_SHELL('',(#4651,#4652,#4653,#4654,#4655,#4656,#4657,#4658,#4659,#4660,#4661,#4662,#4663,#4664,#4665,#4666,#4667,#4668,#4669,#4670,#4671,#4672,#4673,#4674,#4675,#4676,#4677,#4678,#4679,#4680,#4681,#4682,#4683,#4684,#4685,#4686,#4687,#4688,#4689,#4690,#4691,#4692,#4693,#4694,#4695));
#4913=CLOSED_SHELL('',(#4696,#4697,#4698,#4699,#4700,#4701,#4702,#4703,#4704,#4705));
#4914=CLOSED_SHELL('',(#4706,#4707,#4708,#4709,#4710,#4711,#4712,#4713,#4714,#4715,#4716,#4717,#4718,#4719,#4720,#4721,#4722));
#4915=CLOSED_SHELL('',(#4723,#4724,#4725,#4726,#4727,#4728,#4729,#4730,#4731,#4732,#4733,#4734,#4735,#4736));
#4916=CLOSED_SHELL('',(#4737,#4738,#4739,#4740,#4741,#4742,#4743,#4744,#4745,#4746,#4747,#4748,#4749,#4750,#4751,#4752,#4753,#4754,#4755,#4756,#4757,#4758,#4759,#4760,#4761,#4762,#4763,#4764,#4765,#4766,#4767,#4768,#4769,#4770,#4771,#4772,#4773,#4774,#4775,#4776,#4777,#4778,#4779,#4780,#4781,#4782,#4783,#4784,#4785,#4786,#4787,#4788,#4789,#4790,#4791,#4792,#4793,#4794,#4795,#4796,#4797,#4798));
#4917=CLOSED_SHELL('',(#4799,#4800,#4801,#4802,#4803,#4804,#4805,#4806,#4807,#4808,#4809,#4810,#4811,#4812,#4813,#4814,#4815,#4816,#4817,#4818,#4819,#4820,#4821,#4822,#4823,#4824,#4825,#4826));
#4918=CLOSED_SHELL('',(#4827,#4828,#4829,#4830,#4831,#4832,#4833,#4834,#4835,#4836));
#4919=CLOSED_SHELL('',(#4837,#4838,#4839,#4840,#4841,#4842,#4843,#4844,#4845,#4846,#4847,#4848,#4849,#4850,#4851,#4852,#4853,#4854,#4855,#4856,#4857,#4858,#4859));
#4920=CLOSED_SHELL('',(#4860,#4861,#4862,#4863,#4864,#4865,#4866,#4867,#4868,#4869,#4870,#4871,#4872,#4873,#4874,#4875,#4876,#4877,#4878,#4879,#4880,#4881,#4882));
#4921=CLOSED_SHELL('',(#4883,#4884,#4885,#4886,#4887,#4888,#4889,#4890,#4891,#4892,#4893,#4894,#4895,#4896,#4897,#4898,#4899,#4900,#4901,#4902,#4903,#4904,#4905));
#4922=CLOSED_SHELL('',(#4906,#4907,#4908,#4909,#4910,#4911));
#4923=STYLED_ITEM('',(#4934),#5002);
#4924=STYLED_ITEM('',(#4935),#5003);
#4925=STYLED_ITEM('',(#4936),#5004);
#4926=STYLED_ITEM('',(#4937),#5005);
#4927=STYLED_ITEM('',(#4938),#5006);
#4928=STYLED_ITEM('',(#4939),#5007);
#4929=STYLED_ITEM('',(#4940),#5008);
#4930=STYLED_ITEM('',(#4941),#5009);
#4931=STYLED_ITEM('',(#4942),#5010);
#4932=STYLED_ITEM('',(#4943),#5011);
#4933=STYLED_ITEM('',(#4944),#5012);
#4934=PRESENTATION_STYLE_ASSIGNMENT((#4945));
#4935=PRESENTATION_STYLE_ASSIGNMENT((#4946));
#4936=PRESENTATION_STYLE_ASSIGNMENT((#4947));
#4937=PRESENTATION_STYLE_ASSIGNMENT((#4948));
#4938=PRESENTATION_STYLE_ASSIGNMENT((#4949));
#4939=PRESENTATION_STYLE_ASSIGNMENT((#4950));
#4940=PRESENTATION_STYLE_ASSIGNMENT((#4951));
#4941=PRESENTATION_STYLE_ASSIGNMENT((#4952));
#4942=PRESENTATION_STYLE_ASSIGNMENT((#4953));
#4943=PRESENTATION_STYLE_ASSIGNMENT((#4954));
#4944=PRESENTATION_STYLE_ASSIGNMENT((#4955));
#4945=SURFACE_STYLE_USAGE(.BOTH.,#4956);
#4946=SURFACE_STYLE_USAGE(.BOTH.,#4957);
#4947=SURFACE_STYLE_USAGE(.BOTH.,#4958);
#4948=SURFACE_STYLE_USAGE(.BOTH.,#4959);
#4949=SURFACE_STYLE_USAGE(.BOTH.,#4960);
#4950=SURFACE_STYLE_USAGE(.BOTH.,#4961);
#4951=SURFACE_STYLE_USAGE(.BOTH.,#4962);
#4952=SURFACE_STYLE_USAGE(.BOTH.,#4963);
#4953=SURFACE_STYLE_USAGE(.BOTH.,#4964);
#4954=SURFACE_STYLE_USAGE(.BOTH.,#4965);
#4955=SURFACE_STYLE_USAGE(.BOTH.,#4966);
#4956=SURFACE_SIDE_STYLE('',(#4967));
#4957=SURFACE_SIDE_STYLE('',(#4968));
#4958=SURFACE_SIDE_STYLE('',(#4969));
#4959=SURFACE_SIDE_STYLE('',(#4970));
#4960=SURFACE_SIDE_STYLE('',(#4971));
#4961=SURFACE_SIDE_STYLE('',(#4972));
#4962=SURFACE_SIDE_STYLE('',(#4973));
#4963=SURFACE_SIDE_STYLE('',(#4974));
#4964=SURFACE_SIDE_STYLE('',(#4975));
#4965=SURFACE_SIDE_STYLE('',(#4976));
#4966=SURFACE_SIDE_STYLE('',(#4977));
#4967=SURFACE_STYLE_FILL_AREA(#4978);
#4968=SURFACE_STYLE_FILL_AREA(#4979);
#4969=SURFACE_STYLE_FILL_AREA(#4980);
#4970=SURFACE_STYLE_FILL_AREA(#4981);
#4971=SURFACE_STYLE_FILL_AREA(#4982);
#4972=SURFACE_STYLE_FILL_AREA(#4983);
#4973=SURFACE_STYLE_FILL_AREA(#4984);
#4974=SURFACE_STYLE_FILL_AREA(#4985);
#4975=SURFACE_STYLE_FILL_AREA(#4986);
#4976=SURFACE_STYLE_FILL_AREA(#4987);
#4977=SURFACE_STYLE_FILL_AREA(#4988);
#4978=FILL_AREA_STYLE('',(#4989));
#4979=FILL_AREA_STYLE('',(#4990));
#4980=FILL_AREA_STYLE('',(#4991));
#4981=FILL_AREA_STYLE('',(#4992));
#4982=FILL_AREA_STYLE('',(#4993));
#4983=FILL_AREA_STYLE('',(#4994));
#4984=FILL_AREA_STYLE('',(#4995));
#4985=FILL_AREA_STYLE('',(#4996));
#4986=FILL_AREA_STYLE('',(#4997));
#4987=FILL_AREA_STYLE('',(#4998));
#4988=FILL_AREA_STYLE('',(#4999));
#4989=FILL_AREA_STYLE_COLOUR('',#5000);
#4990=FILL_AREA_STYLE_COLOUR('',#5000);
#4991=FILL_AREA_STYLE_COLOUR('',#5000);
#4992=FILL_AREA_STYLE_COLOUR('',#5000);
#4993=FILL_AREA_STYLE_COLOUR('',#5000);
#4994=FILL_AREA_STYLE_COLOUR('',#5000);
#4995=FILL_AREA_STYLE_COLOUR('',#5000);
#4996=FILL_AREA_STYLE_COLOUR('',#5001);
#4997=FILL_AREA_STYLE_COLOUR('',#5001);
#4998=FILL_AREA_STYLE_COLOUR('',#5001);
#4999=FILL_AREA_STYLE_COLOUR('',#5000);
#5000=COLOUR_RGB('',0.615686274509804,0.811764705882353,0.929411764705882);
#5001=COLOUR_RGB('',0.768627450980392,0.886274509803922,0.952941176470588);
#5002=MANIFOLD_SOLID_BREP('deckel',#4912);
#5003=MANIFOLD_SOLID_BREP('einlage_ende',#4913);
#5004=MANIFOLD_SOLID_BREP('einlage_mitte',#4914);
#5005=MANIFOLD_SOLID_BREP('Tischplatte',#4915);
#5006=MANIFOLD_SOLID_BREP('guetekasten',#4916);
#5007=MANIFOLD_SOLID_BREP('Einlass',#4917);
#5008=MANIFOLD_SOLID_BREP('einlage_klein',#4918);
#5009=MANIFOLD_SOLID_BREP('1',#4919);
#5010=MANIFOLD_SOLID_BREP('1',#4920);
#5011=MANIFOLD_SOLID_BREP('1',#4921);
#5012=MANIFOLD_SOLID_BREP('Part 1',#4922);
#5013=SHAPE_DEFINITION_REPRESENTATION(#8221,#5026);
#5014=SHAPE_DEFINITION_REPRESENTATION(#8222,#5027);
#5015=SHAPE_DEFINITION_REPRESENTATION(#8224,#5028);
#5016=SHAPE_DEFINITION_REPRESENTATION(#8226,#5029);
#5017=SHAPE_DEFINITION_REPRESENTATION(#8228,#5030);
#5018=SHAPE_DEFINITION_REPRESENTATION(#8230,#5031);
#5019=SHAPE_DEFINITION_REPRESENTATION(#8232,#5032);
#5020=SHAPE_DEFINITION_REPRESENTATION(#8234,#5033);
#5021=SHAPE_DEFINITION_REPRESENTATION(#8236,#5034);
#5022=SHAPE_DEFINITION_REPRESENTATION(#8237,#5035);
#5023=SHAPE_DEFINITION_REPRESENTATION(#8241,#5036);
#5024=SHAPE_DEFINITION_REPRESENTATION(#8243,#5037);
#5025=SHAPE_DEFINITION_REPRESENTATION(#8246,#5038);
#5026=SHAPE_REPRESENTATION('zusammen_ohne_sensoren',(#5039,#5123,#5134,#5152,#5167,#5238,#5285,#5296,#5392),#8192);
#5027=SHAPE_REPRESENTATION('deckel',(#5039),#8193);
#5028=SHAPE_REPRESENTATION('einlage_ende',(#5039),#8194);
#5029=SHAPE_REPRESENTATION('einlage_mitte',(#5039),#8195);
#5030=SHAPE_REPRESENTATION('Tischplatte',(#5039),#8196);
#5031=SHAPE_REPRESENTATION('guetekasten',(#5039),#8197);
#5032=SHAPE_REPRESENTATION('Einlass',(#5039),#8198);
#5033=SHAPE_REPRESENTATION('einlage_klein',(#5039),#8199);
#5034=SHAPE_REPRESENTATION('profiltisch <1>',(#5039,#5322,#5323,#5324,#5350,#5376,#5377,#5384,#5385,#5386,#5387,#5388,#5389,#5390,#5391),#8200);
#5035=SHAPE_REPRESENTATION('1',(#5039),#8201);
#5036=SHAPE_REPRESENTATION('1',(#5039),#8202);
#5037=SHAPE_REPRESENTATION('1',(#5039),#8203);
#5038=SHAPE_REPRESENTATION('Part 1',(#5039),#8204);
#5039=AXIS2_PLACEMENT_3D('',#6655,#5393,#5394);
#5040=AXIS2_PLACEMENT_3D('',#6656,#5395,#5396);
#5041=AXIS2_PLACEMENT_3D('',#6665,#5401,#5402);
#5042=AXIS2_PLACEMENT_3D('',#6671,#5406,#5407);
#5043=AXIS2_PLACEMENT_3D('',#6677,#5411,#5412);
#5044=AXIS2_PLACEMENT_3D('',#6680,#5415,#5416);
#5045=AXIS2_PLACEMENT_3D('',#6681,#5417,#5418);
#5046=AXIS2_PLACEMENT_3D('',#6690,#5423,#5424);
#5047=AXIS2_PLACEMENT_3D('',#6696,#5428,#5429);
#5048=AXIS2_PLACEMENT_3D('',#6702,#5433,#5434);
#5049=AXIS2_PLACEMENT_3D('',#6705,#5437,#5438);
#5050=AXIS2_PLACEMENT_3D('',#6706,#5439,#5440);
#5051=AXIS2_PLACEMENT_3D('',#6708,#5441,#5442);
#5052=AXIS2_PLACEMENT_3D('',#6710,#5443,#5444);
#5053=AXIS2_PLACEMENT_3D('',#6712,#5445,#5446);
#5054=AXIS2_PLACEMENT_3D('',#6714,#5447,#5448);
#5055=AXIS2_PLACEMENT_3D('',#6716,#5449,#5450);
#5056=AXIS2_PLACEMENT_3D('',#6718,#5451,#5452);
#5057=AXIS2_PLACEMENT_3D('',#6720,#5453,#5454);
#5058=AXIS2_PLACEMENT_3D('',#6722,#5455,#5456);
#5059=AXIS2_PLACEMENT_3D('',#6724,#5457,#5458);
#5060=AXIS2_PLACEMENT_3D('',#6733,#5463,#5464);
#5061=AXIS2_PLACEMENT_3D('',#6735,#5465,#5466);
#5062=AXIS2_PLACEMENT_3D('',#6737,#5467,#5468);
#5063=AXIS2_PLACEMENT_3D('',#6739,#5469,#5470);
#5064=AXIS2_PLACEMENT_3D('',#6741,#5471,#5472);
#5065=AXIS2_PLACEMENT_3D('',#6743,#5473,#5474);
#5066=AXIS2_PLACEMENT_3D('',#6745,#5475,#5476);
#5067=AXIS2_PLACEMENT_3D('',#6747,#5477,#5478);
#5068=AXIS2_PLACEMENT_3D('',#6749,#5479,#5480);
#5069=AXIS2_PLACEMENT_3D('',#6751,#5481,#5482);
#5070=AXIS2_PLACEMENT_3D('',#6752,#5483,#5484);
#5071=AXIS2_PLACEMENT_3D('',#6754,#5485,#5486);
#5072=AXIS2_PLACEMENT_3D('',#6755,#5487,#5488);
#5073=AXIS2_PLACEMENT_3D('',#6757,#5489,#5490);
#5074=AXIS2_PLACEMENT_3D('',#6758,#5491,#5492);
#5075=AXIS2_PLACEMENT_3D('',#6760,#5493,#5494);
#5076=AXIS2_PLACEMENT_3D('',#6761,#5495,#5496);
#5077=AXIS2_PLACEMENT_3D('',#6763,#5497,#5498);
#5078=AXIS2_PLACEMENT_3D('',#6764,#5499,#5500);
#5079=AXIS2_PLACEMENT_3D('',#6766,#5501,#5502);
#5080=AXIS2_PLACEMENT_3D('',#6767,#5503,#5504);
#5081=AXIS2_PLACEMENT_3D('',#6769,#5505,#5506);
#5082=AXIS2_PLACEMENT_3D('',#6770,#5507,#5508);
#5083=AXIS2_PLACEMENT_3D('',#6772,#5509,#5510);
#5084=AXIS2_PLACEMENT_3D('',#6773,#5511,#5512);
#5085=AXIS2_PLACEMENT_3D('',#6775,#5513,#5514);
#5086=AXIS2_PLACEMENT_3D('',#6776,#5515,#5516);
#5087=AXIS2_PLACEMENT_3D('',#6778,#5517,#5518);
#5088=AXIS2_PLACEMENT_3D('',#6784,#5522,#5523);
#5089=AXIS2_PLACEMENT_3D('',#6788,#5526,#5527);
#5090=AXIS2_PLACEMENT_3D('',#6792,#5530,#5531);
#5091=AXIS2_PLACEMENT_3D('',#6794,#5533,#5534);
#5092=AXIS2_PLACEMENT_3D('',#6795,#5535,#5536);
#5093=AXIS2_PLACEMENT_3D('',#6796,#5537,#5538);
#5094=AXIS2_PLACEMENT_3D('',#6798,#5539,#5540);
#5095=AXIS2_PLACEMENT_3D('',#6799,#5541,#5542);
#5096=AXIS2_PLACEMENT_3D('',#6800,#5543,#5544);
#5097=AXIS2_PLACEMENT_3D('',#6802,#5545,#5546);
#5098=AXIS2_PLACEMENT_3D('',#6803,#5547,#5548);
#5099=AXIS2_PLACEMENT_3D('',#6804,#5549,#5550);
#5100=AXIS2_PLACEMENT_3D('',#6806,#5551,#5552);
#5101=AXIS2_PLACEMENT_3D('',#6807,#5553,#5554);
#5102=AXIS2_PLACEMENT_3D('',#6808,#5555,#5556);
#5103=AXIS2_PLACEMENT_3D('',#6810,#5557,#5558);
#5104=AXIS2_PLACEMENT_3D('',#6811,#5559,#5560);
#5105=AXIS2_PLACEMENT_3D('',#6812,#5561,#5562);
#5106=AXIS2_PLACEMENT_3D('',#6814,#5563,#5564);
#5107=AXIS2_PLACEMENT_3D('',#6815,#5565,#5566);
#5108=AXIS2_PLACEMENT_3D('',#6816,#5567,#5568);
#5109=AXIS2_PLACEMENT_3D('',#6818,#5569,#5570);
#5110=AXIS2_PLACEMENT_3D('',#6819,#5571,#5572);
#5111=AXIS2_PLACEMENT_3D('',#6820,#5573,#5574);
#5112=AXIS2_PLACEMENT_3D('',#6822,#5575,#5576);
#5113=AXIS2_PLACEMENT_3D('',#6823,#5577,#5578);
#5114=AXIS2_PLACEMENT_3D('',#6825,#5579,#5580);
#5115=AXIS2_PLACEMENT_3D('',#6826,#5581,#5582);
#5116=AXIS2_PLACEMENT_3D('',#6828,#5583,#5584);
#5117=AXIS2_PLACEMENT_3D('',#6829,#5585,#5586);
#5118=AXIS2_PLACEMENT_3D('',#6830,#5587,#5588);
#5119=AXIS2_PLACEMENT_3D('',#6832,#5589,#5590);
#5120=AXIS2_PLACEMENT_3D('',#6833,#5591,#5592);
#5121=AXIS2_PLACEMENT_3D('',#6834,#5593,#5594);
#5122=AXIS2_PLACEMENT_3D('',#6836,#5595,#5596);
#5123=AXIS2_PLACEMENT_3D('',#6837,#5597,#5598);
#5124=AXIS2_PLACEMENT_3D('',#6838,#5599,#5600);
#5125=AXIS2_PLACEMENT_3D('',#6847,#5605,#5606);
#5126=AXIS2_PLACEMENT_3D('',#6861,#5614,#5615);
#5127=AXIS2_PLACEMENT_3D('',#6867,#5619,#5620);
#5128=AXIS2_PLACEMENT_3D('',#6878,#5627,#5628);
#5129=AXIS2_PLACEMENT_3D('',#6880,#5630,#5631);
#5130=AXIS2_PLACEMENT_3D('',#6882,#5633,#5634);
#5131=AXIS2_PLACEMENT_3D('',#6883,#5635,#5636);
#5132=AXIS2_PLACEMENT_3D('',#6885,#5638,#5639);
#5133=AXIS2_PLACEMENT_3D('',#6887,#5641,#5642);
#5134=AXIS2_PLACEMENT_3D('',#6888,#5643,#5644);
#5135=AXIS2_PLACEMENT_3D('',#6889,#5645,#5646);
#5136=AXIS2_PLACEMENT_3D('',#6906,#5655,#5656);
#5137=AXIS2_PLACEMENT_3D('',#6923,#5665,#5666);
#5138=AXIS2_PLACEMENT_3D('',#6940,#5675,#5676);
#5139=AXIS2_PLACEMENT_3D('',#6946,#5680,#5681);
#5140=AXIS2_PLACEMENT_3D('',#6952,#5685,#5686);
#5141=AXIS2_PLACEMENT_3D('',#6955,#5689,#5690);
#5142=AXIS2_PLACEMENT_3D('',#6963,#5696,#5697);
#5143=AXIS2_PLACEMENT_3D('',#6965,#5699,#5700);
#5144=AXIS2_PLACEMENT_3D('',#6967,#5702,#5703);
#5145=AXIS2_PLACEMENT_3D('',#6968,#5704,#5705);
#5146=AXIS2_PLACEMENT_3D('',#6972,#5708,#5709);
#5147=AXIS2_PLACEMENT_3D('',#6976,#5712,#5713);
#5148=AXIS2_PLACEMENT_3D('',#6978,#5715,#5716);
#5149=AXIS2_PLACEMENT_3D('',#6981,#5719,#5720);
#5150=AXIS2_PLACEMENT_3D('',#6984,#5723,#5724);
#5151=AXIS2_PLACEMENT_3D('',#6985,#5725,#5726);
#5152=AXIS2_PLACEMENT_3D('',#6986,#5727,#5728);
#5153=AXIS2_PLACEMENT_3D('',#6987,#5729,#5730);
#5154=AXIS2_PLACEMENT_3D('',#7012,#5743,#5744);
#5155=AXIS2_PLACEMENT_3D('',#7037,#5757,#5758);
#5156=AXIS2_PLACEMENT_3D('',#7040,#5761,#5762);
#5157=AXIS2_PLACEMENT_3D('',#7042,#5764,#5765);
#5158=AXIS2_PLACEMENT_3D('',#7044,#5767,#5768);
#5159=AXIS2_PLACEMENT_3D('',#7045,#5769,#5770);
#5160=AXIS2_PLACEMENT_3D('',#7048,#5773,#5774);
#5161=AXIS2_PLACEMENT_3D('',#7050,#5776,#5777);
#5162=AXIS2_PLACEMENT_3D('',#7052,#5779,#5780);
#5163=AXIS2_PLACEMENT_3D('',#7054,#5782,#5783);
#5164=AXIS2_PLACEMENT_3D('',#7056,#5785,#5786);
#5165=AXIS2_PLACEMENT_3D('',#7058,#5788,#5789);
#5166=AXIS2_PLACEMENT_3D('',#7060,#5791,#5792);
#5167=AXIS2_PLACEMENT_3D('',#7061,#5793,#5794);
#5168=AXIS2_PLACEMENT_3D('',#7062,#5795,#5796);
#5169=AXIS2_PLACEMENT_3D('',#7071,#5801,#5802);
#5170=AXIS2_PLACEMENT_3D('',#7080,#5807,#5808);
#5171=AXIS2_PLACEMENT_3D('',#7091,#5815,#5816);
#5172=AXIS2_PLACEMENT_3D('',#7093,#5817,#5818);
#5173=AXIS2_PLACEMENT_3D('',#7168,#5857,#5858);
#5174=AXIS2_PLACEMENT_3D('',#7174,#5862,#5863);
#5175=AXIS2_PLACEMENT_3D('',#7180,#5867,#5868);
#5176=AXIS2_PLACEMENT_3D('',#7190,#5874,#5875);
#5177=AXIS2_PLACEMENT_3D('',#7196,#5879,#5880);
#5178=AXIS2_PLACEMENT_3D('',#7202,#5884,#5885);
#5179=AXIS2_PLACEMENT_3D('',#7212,#5891,#5892);
#5180=AXIS2_PLACEMENT_3D('',#7213,#5893,#5894);
#5181=AXIS2_PLACEMENT_3D('',#7217,#5897,#5898);
#5182=AXIS2_PLACEMENT_3D('',#7220,#5901,#5902);
#5183=AXIS2_PLACEMENT_3D('',#7223,#5905,#5906);
#5184=AXIS2_PLACEMENT_3D('',#7225,#5908,#5909);
#5185=AXIS2_PLACEMENT_3D('',#7227,#5911,#5912);
#5186=AXIS2_PLACEMENT_3D('',#7229,#5914,#5915);
#5187=AXIS2_PLACEMENT_3D('',#7231,#5917,#5918);
#5188=AXIS2_PLACEMENT_3D('',#7232,#5919,#5920);
#5189=AXIS2_PLACEMENT_3D('',#7235,#5923,#5924);
#5190=AXIS2_PLACEMENT_3D('',#7236,#5925,#5926);
#5191=AXIS2_PLACEMENT_3D('',#7237,#5927,#5928);
#5192=AXIS2_PLACEMENT_3D('',#7270,#5945,#5946);
#5193=AXIS2_PLACEMENT_3D('',#7273,#5949,#5950);
#5194=AXIS2_PLACEMENT_3D('',#7275,#5952,#5953);
#5195=AXIS2_PLACEMENT_3D('',#7277,#5955,#5956);
#5196=AXIS2_PLACEMENT_3D('',#7279,#5958,#5959);
#5197=AXIS2_PLACEMENT_3D('',#7281,#5961,#5962);
#5198=AXIS2_PLACEMENT_3D('',#7283,#5964,#5965);
#5199=AXIS2_PLACEMENT_3D('',#7285,#5967,#5968);
#5200=AXIS2_PLACEMENT_3D('',#7286,#5969,#5970);
#5201=AXIS2_PLACEMENT_3D('',#7287,#5971,#5972);
#5202=AXIS2_PLACEMENT_3D('',#7301,#5979,#5980);
#5203=AXIS2_PLACEMENT_3D('',#7307,#5984,#5985);
#5204=AXIS2_PLACEMENT_3D('',#7308,#5986,#5987);
#5205=AXIS2_PLACEMENT_3D('',#7315,#5991,#5992);
#5206=AXIS2_PLACEMENT_3D('',#7318,#5995,#5996);
#5207=AXIS2_PLACEMENT_3D('',#7320,#5998,#5999);
#5208=AXIS2_PLACEMENT_3D('',#7322,#6001,#6002);
#5209=AXIS2_PLACEMENT_3D('',#7325,#6005,#6006);
#5210=AXIS2_PLACEMENT_3D('',#7327,#6008,#6009);
#5211=AXIS2_PLACEMENT_3D('',#7329,#6011,#6012);
#5212=AXIS2_PLACEMENT_3D('',#7330,#6013,#6014);
#5213=AXIS2_PLACEMENT_3D('',#7331,#6015,#6016);
#5214=AXIS2_PLACEMENT_3D('',#7332,#6017,#6018);
#5215=AXIS2_PLACEMENT_3D('',#7334,#6019,#6020);
#5216=AXIS2_PLACEMENT_3D('',#7340,#6024,#6025);
#5217=AXIS2_PLACEMENT_3D('',#7344,#6028,#6029);
#5218=AXIS2_PLACEMENT_3D('',#7348,#6032,#6033);
#5219=AXIS2_PLACEMENT_3D('',#7350,#6035,#6036);
#5220=AXIS2_PLACEMENT_3D('',#7351,#6037,#6038);
#5221=AXIS2_PLACEMENT_3D('',#7357,#6042,#6043);
#5222=AXIS2_PLACEMENT_3D('',#7361,#6046,#6047);
#5223=AXIS2_PLACEMENT_3D('',#7365,#6050,#6051);
#5224=AXIS2_PLACEMENT_3D('',#7367,#6053,#6054);
#5225=AXIS2_PLACEMENT_3D('',#7368,#6055,#6056);
#5226=AXIS2_PLACEMENT_3D('',#7369,#6057,#6058);
#5227=AXIS2_PLACEMENT_3D('',#7371,#6059,#6060);
#5228=AXIS2_PLACEMENT_3D('',#7372,#6061,#6062);
#5229=AXIS2_PLACEMENT_3D('',#7374,#6063,#6064);
#5230=AXIS2_PLACEMENT_3D('',#7375,#6065,#6066);
#5231=AXIS2_PLACEMENT_3D('',#7376,#6067,#6068);
#5232=AXIS2_PLACEMENT_3D('',#7378,#6069,#6070);
#5233=AXIS2_PLACEMENT_3D('',#7379,#6071,#6072);
#5234=AXIS2_PLACEMENT_3D('',#7385,#6076,#6077);
#5235=AXIS2_PLACEMENT_3D('',#7389,#6080,#6081);
#5236=AXIS2_PLACEMENT_3D('',#7393,#6084,#6085);
#5237=AXIS2_PLACEMENT_3D('',#7395,#6087,#6088);
#5238=AXIS2_PLACEMENT_3D('',#7396,#6089,#6090);
#5239=AXIS2_PLACEMENT_3D('',#7397,#6091,#6092);
#5240=AXIS2_PLACEMENT_3D('',#7401,#6094,#6095);
#5241=AXIS2_PLACEMENT_3D('',#7405,#6097,#6098);
#5242=AXIS2_PLACEMENT_3D('',#7406,#6099,#6100);
#5243=AXIS2_PLACEMENT_3D('',#7410,#6102,#6103);
#5244=AXIS2_PLACEMENT_3D('',#7414,#6105,#6106);
#5245=AXIS2_PLACEMENT_3D('',#7415,#6107,#6108);
#5246=AXIS2_PLACEMENT_3D('',#7419,#6110,#6111);
#5247=AXIS2_PLACEMENT_3D('',#7423,#6113,#6114);
#5248=AXIS2_PLACEMENT_3D('',#7424,#6115,#6116);
#5249=AXIS2_PLACEMENT_3D('',#7428,#6118,#6119);
#5250=AXIS2_PLACEMENT_3D('',#7432,#6121,#6122);
#5251=AXIS2_PLACEMENT_3D('',#7433,#6123,#6124);
#5252=AXIS2_PLACEMENT_3D('',#7434,#6125,#6126);
#5253=AXIS2_PLACEMENT_3D('',#7436,#6127,#6128);
#5254=AXIS2_PLACEMENT_3D('',#7550,#6137,#6138);
#5255=AXIS2_PLACEMENT_3D('',#7551,#6139,#6140);
#5256=AXIS2_PLACEMENT_3D('',#7553,#6141,#6142);
#5257=AXIS2_PLACEMENT_3D('',#7554,#6143,#6144);
#5258=AXIS2_PLACEMENT_3D('',#7555,#6145,#6146);
#5259=AXIS2_PLACEMENT_3D('',#7556,#6147,#6148);
#5260=AXIS2_PLACEMENT_3D('',#7557,#6149,#6150);
#5261=AXIS2_PLACEMENT_3D('',#7558,#6151,#6152);
#5262=AXIS2_PLACEMENT_3D('',#7676,#6161,#6162);
#5263=AXIS2_PLACEMENT_3D('',#7677,#6163,#6164);
#5264=AXIS2_PLACEMENT_3D('',#7678,#6165,#6166);
#5265=AXIS2_PLACEMENT_3D('',#7680,#6167,#6168);
#5266=AXIS2_PLACEMENT_3D('',#7681,#6169,#6170);
#5267=AXIS2_PLACEMENT_3D('',#7683,#6171,#6172);
#5268=AXIS2_PLACEMENT_3D('',#7684,#6173,#6174);
#5269=AXIS2_PLACEMENT_3D('',#7685,#6175,#6176);
#5270=AXIS2_PLACEMENT_3D('',#7688,#6179,#6180);
#5271=AXIS2_PLACEMENT_3D('',#7691,#6183,#6184);
#5272=AXIS2_PLACEMENT_3D('',#7692,#6185,#6186);
#5273=AXIS2_PLACEMENT_3D('',#7693,#6187,#6188);
#5274=AXIS2_PLACEMENT_3D('',#7696,#6191,#6192);
#5275=AXIS2_PLACEMENT_3D('',#7699,#6195,#6196);
#5276=AXIS2_PLACEMENT_3D('',#7700,#6197,#6198);
#5277=AXIS2_PLACEMENT_3D('',#7701,#6199,#6200);
#5278=AXIS2_PLACEMENT_3D('',#7704,#6203,#6204);
#5279=AXIS2_PLACEMENT_3D('',#7706,#6206,#6207);
#5280=AXIS2_PLACEMENT_3D('',#7708,#6209,#6210);
#5281=AXIS2_PLACEMENT_3D('',#7709,#6211,#6212);
#5282=AXIS2_PLACEMENT_3D('',#7712,#6215,#6216);
#5283=AXIS2_PLACEMENT_3D('',#7715,#6219,#6220);
#5284=AXIS2_PLACEMENT_3D('',#7716,#6221,#6222);
#5285=AXIS2_PLACEMENT_3D('',#7717,#6223,#6224);
#5286=AXIS2_PLACEMENT_3D('',#7718,#6225,#6226);
#5287=AXIS2_PLACEMENT_3D('',#7735,#6235,#6236);
#5288=AXIS2_PLACEMENT_3D('',#7752,#6245,#6246);
#5289=AXIS2_PLACEMENT_3D('',#7755,#6249,#6250);
#5290=AXIS2_PLACEMENT_3D('',#7757,#6252,#6253);
#5291=AXIS2_PLACEMENT_3D('',#7759,#6255,#6256);
#5292=AXIS2_PLACEMENT_3D('',#7760,#6257,#6258);
#5293=AXIS2_PLACEMENT_3D('',#7763,#6261,#6262);
#5294=AXIS2_PLACEMENT_3D('',#7765,#6264,#6265);
#5295=AXIS2_PLACEMENT_3D('',#7767,#6267,#6268);
#5296=AXIS2_PLACEMENT_3D('',#7768,#6269,#6270);
#5297=AXIS2_PLACEMENT_3D('',#7769,#6271,#6272);
#5298=AXIS2_PLACEMENT_3D('',#7810,#6293,#6294);
#5299=AXIS2_PLACEMENT_3D('',#7812,#6295,#6296);
#5300=AXIS2_PLACEMENT_3D('',#7818,#6300,#6301);
#5301=AXIS2_PLACEMENT_3D('',#7822,#6304,#6305);
#5302=AXIS2_PLACEMENT_3D('',#7826,#6308,#6309);
#5303=AXIS2_PLACEMENT_3D('',#7830,#6312,#6313);
#5304=AXIS2_PLACEMENT_3D('',#7834,#6316,#6317);
#5305=AXIS2_PLACEMENT_3D('',#7838,#6320,#6321);
#5306=AXIS2_PLACEMENT_3D('',#7842,#6324,#6325);
#5307=AXIS2_PLACEMENT_3D('',#7846,#6328,#6329);
#5308=AXIS2_PLACEMENT_3D('',#7850,#6332,#6333);
#5309=AXIS2_PLACEMENT_3D('',#7854,#6336,#6337);
#5310=AXIS2_PLACEMENT_3D('',#7858,#6340,#6341);
#5311=AXIS2_PLACEMENT_3D('',#7862,#6344,#6345);
#5312=AXIS2_PLACEMENT_3D('',#7866,#6348,#6349);
#5313=AXIS2_PLACEMENT_3D('',#7870,#6352,#6353);
#5314=AXIS2_PLACEMENT_3D('',#7874,#6356,#6357);
#5315=AXIS2_PLACEMENT_3D('',#7878,#6360,#6361);
#5316=AXIS2_PLACEMENT_3D('',#7882,#6364,#6365);
#5317=AXIS2_PLACEMENT_3D('',#7886,#6368,#6369);
#5318=AXIS2_PLACEMENT_3D('',#7890,#6372,#6373);
#5319=AXIS2_PLACEMENT_3D('',#7892,#6375,#6376);
#5320=AXIS2_PLACEMENT_3D('',#7893,#6377,#6378);
#5321=AXIS2_PLACEMENT_3D('',#7895,#6379,#6380);
#5322=AXIS2_PLACEMENT_3D('',#7896,#6381,#6382);
#5323=AXIS2_PLACEMENT_3D('',#7897,#6383,#6384);
#5324=AXIS2_PLACEMENT_3D('',#7898,#6385,#6386);
#5325=AXIS2_PLACEMENT_3D('',#7899,#6387,#6388);
#5326=AXIS2_PLACEMENT_3D('',#7940,#6409,#6410);
#5327=AXIS2_PLACEMENT_3D('',#7942,#6411,#6412);
#5328=AXIS2_PLACEMENT_3D('',#7948,#6416,#6417);
#5329=AXIS2_PLACEMENT_3D('',#7952,#6420,#6421);
#5330=AXIS2_PLACEMENT_3D('',#7956,#6424,#6425);
#5331=AXIS2_PLACEMENT_3D('',#7960,#6428,#6429);
#5332=AXIS2_PLACEMENT_3D('',#7964,#6432,#6433);
#5333=AXIS2_PLACEMENT_3D('',#7968,#6436,#6437);
#5334=AXIS2_PLACEMENT_3D('',#7972,#6440,#6441);
#5335=AXIS2_PLACEMENT_3D('',#7976,#6444,#6445);
#5336=AXIS2_PLACEMENT_3D('',#7980,#6448,#6449);
#5337=AXIS2_PLACEMENT_3D('',#7984,#6452,#6453);
#5338=AXIS2_PLACEMENT_3D('',#7988,#6456,#6457);
#5339=AXIS2_PLACEMENT_3D('',#7992,#6460,#6461);
#5340=AXIS2_PLACEMENT_3D('',#7996,#6464,#6465);
#5341=AXIS2_PLACEMENT_3D('',#8000,#6468,#6469);
#5342=AXIS2_PLACEMENT_3D('',#8004,#6472,#6473);
#5343=AXIS2_PLACEMENT_3D('',#8008,#6476,#6477);
#5344=AXIS2_PLACEMENT_3D('',#8012,#6480,#6481);
#5345=AXIS2_PLACEMENT_3D('',#8016,#6484,#6485);
#5346=AXIS2_PLACEMENT_3D('',#8020,#6488,#6489);
#5347=AXIS2_PLACEMENT_3D('',#8022,#6491,#6492);
#5348=AXIS2_PLACEMENT_3D('',#8023,#6493,#6494);
#5349=AXIS2_PLACEMENT_3D('',#8025,#6495,#6496);
#5350=AXIS2_PLACEMENT_3D('',#8026,#6497,#6498);
#5351=AXIS2_PLACEMENT_3D('',#8027,#6499,#6500);
#5352=AXIS2_PLACEMENT_3D('',#8068,#6521,#6522);
#5353=AXIS2_PLACEMENT_3D('',#8070,#6523,#6524);
#5354=AXIS2_PLACEMENT_3D('',#8076,#6528,#6529);
#5355=AXIS2_PLACEMENT_3D('',#8080,#6532,#6533);
#5356=AXIS2_PLACEMENT_3D('',#8084,#6536,#6537);
#5357=AXIS2_PLACEMENT_3D('',#8088,#6540,#6541);
#5358=AXIS2_PLACEMENT_3D('',#8092,#6544,#6545);
#5359=AXIS2_PLACEMENT_3D('',#8096,#6548,#6549);
#5360=AXIS2_PLACEMENT_3D('',#8100,#6552,#6553);
#5361=AXIS2_PLACEMENT_3D('',#8104,#6556,#6557);
#5362=AXIS2_PLACEMENT_3D('',#8108,#6560,#6561);
#5363=AXIS2_PLACEMENT_3D('',#8112,#6564,#6565);
#5364=AXIS2_PLACEMENT_3D('',#8116,#6568,#6569);
#5365=AXIS2_PLACEMENT_3D('',#8120,#6572,#6573);
#5366=AXIS2_PLACEMENT_3D('',#8124,#6576,#6577);
#5367=AXIS2_PLACEMENT_3D('',#8128,#6580,#6581);
#5368=AXIS2_PLACEMENT_3D('',#8132,#6584,#6585);
#5369=AXIS2_PLACEMENT_3D('',#8136,#6588,#6589);
#5370=AXIS2_PLACEMENT_3D('',#8140,#6592,#6593);
#5371=AXIS2_PLACEMENT_3D('',#8144,#6596,#6597);
#5372=AXIS2_PLACEMENT_3D('',#8148,#6600,#6601);
#5373=AXIS2_PLACEMENT_3D('',#8150,#6603,#6604);
#5374=AXIS2_PLACEMENT_3D('',#8151,#6605,#6606);
#5375=AXIS2_PLACEMENT_3D('',#8153,#6607,#6608);
#5376=AXIS2_PLACEMENT_3D('',#8154,#6609,#6610);
#5377=AXIS2_PLACEMENT_3D('',#8155,#6611,#6612);
#5378=AXIS2_PLACEMENT_3D('',#8156,#6613,#6614);
#5379=AXIS2_PLACEMENT_3D('',#8165,#6619,#6620);
#5380=AXIS2_PLACEMENT_3D('',#8171,#6624,#6625);
#5381=AXIS2_PLACEMENT_3D('',#8177,#6629,#6630);
#5382=AXIS2_PLACEMENT_3D('',#8180,#6633,#6634);
#5383=AXIS2_PLACEMENT_3D('',#8181,#6635,#6636);
#5384=AXIS2_PLACEMENT_3D('',#8182,#6637,#6638);
#5385=AXIS2_PLACEMENT_3D('',#8183,#6639,#6640);
#5386=AXIS2_PLACEMENT_3D('',#8184,#6641,#6642);
#5387=AXIS2_PLACEMENT_3D('',#8185,#6643,#6644);
#5388=AXIS2_PLACEMENT_3D('',#8186,#6645,#6646);
#5389=AXIS2_PLACEMENT_3D('',#8187,#6647,#6648);
#5390=AXIS2_PLACEMENT_3D('',#8188,#6649,#6650);
#5391=AXIS2_PLACEMENT_3D('',#8189,#6651,#6652);
#5392=AXIS2_PLACEMENT_3D('',#8190,#6653,#6654);
#5393=DIRECTION('',(0.,0.,1.));
#5394=DIRECTION('',(1.,0.,0.));
#5395=DIRECTION('',(-3.1720657846433E-16,1.,0.));
#5396=DIRECTION('',(1.,3.1720657846433E-16,0.));
#5397=DIRECTION('',(1.,3.1720657846433E-16,0.));
#5398=DIRECTION('',(0.,0.,1.));
#5399=DIRECTION('',(1.,3.1720657846433E-16,0.));
#5400=DIRECTION('',(0.,0.,1.));
#5401=DIRECTION('',(-1.,0.,0.));
#5402=DIRECTION('',(0.,0.,1.));
#5403=DIRECTION('',(0.,1.,0.));
#5404=DIRECTION('',(0.,1.,0.));
#5405=DIRECTION('',(0.,0.,1.));
#5406=DIRECTION('',(1.58603289232165E-16,-1.,0.));
#5407=DIRECTION('',(-1.,-1.58603289232165E-16,0.));
#5408=DIRECTION('',(-1.,-1.58603289232165E-16,0.));
#5409=DIRECTION('',(-1.,-1.58603289232165E-16,0.));
#5410=DIRECTION('',(0.,0.,1.));
#5411=DIRECTION('',(1.,0.,0.));
#5412=DIRECTION('',(0.,0.,-1.));
#5413=DIRECTION('',(0.,-1.,0.));
#5414=DIRECTION('',(0.,-1.,0.));
#5415=DIRECTION('',(0.,0.,-1.));
#5416=DIRECTION('',(1.,0.,0.));
#5417=DIRECTION('',(-1.93643550806713E-16,1.,0.));
#5418=DIRECTION('',(-1.,-1.93643550806713E-16,0.));
#5419=DIRECTION('',(1.,1.93643550806713E-16,0.));
#5420=DIRECTION('',(0.,0.,-1.));
#5421=DIRECTION('',(1.,1.93643550806713E-16,0.));
#5422=DIRECTION('',(0.,0.,-1.));
#5423=DIRECTION('',(1.,0.,0.));
#5424=DIRECTION('',(0.,0.,-1.));
#5425=DIRECTION('',(0.,-1.,0.));
#5426=DIRECTION('',(0.,0.,-1.));
#5427=DIRECTION('',(0.,-1.,0.));
#5428=DIRECTION('',(-1.93643550806713E-16,1.,0.));
#5429=DIRECTION('',(-1.,-1.93643550806713E-16,0.));
#5430=DIRECTION('',(1.,1.93643550806713E-16,0.));
#5431=DIRECTION('',(0.,0.,-1.));
#5432=DIRECTION('',(1.,1.93643550806713E-16,0.));
#5433=DIRECTION('',(1.,0.,0.));
#5434=DIRECTION('',(0.,0.,-1.));
#5435=DIRECTION('',(0.,-1.,0.));
#5436=DIRECTION('',(0.,-1.,0.));
#5437=DIRECTION('',(0.,0.,1.));
#5438=DIRECTION('',(1.,0.,0.));
#5439=DIRECTION('',(0.,0.,1.));
#5440=DIRECTION('',(1.,0.,0.));
#5441=DIRECTION('',(0.,0.,1.));
#5442=DIRECTION('',(1.,0.,0.));
#5443=DIRECTION('',(0.,0.,1.));
#5444=DIRECTION('',(1.,0.,0.));
#5445=DIRECTION('',(0.,0.,1.));
#5446=DIRECTION('',(1.,0.,0.));
#5447=DIRECTION('',(0.,0.,1.));
#5448=DIRECTION('',(1.,0.,0.));
#5449=DIRECTION('',(0.,0.,1.));
#5450=DIRECTION('',(1.,0.,0.));
#5451=DIRECTION('',(0.,0.,1.));
#5452=DIRECTION('',(1.,0.,0.));
#5453=DIRECTION('',(0.,0.,1.));
#5454=DIRECTION('',(1.,0.,0.));
#5455=DIRECTION('',(0.,0.,1.));
#5456=DIRECTION('',(1.,0.,0.));
#5457=DIRECTION('',(0.,0.,1.));
#5458=DIRECTION('',(1.,0.,0.));
#5459=DIRECTION('',(0.,-1.,0.));
#5460=DIRECTION('',(1.,-3.1720657846433E-16,0.));
#5461=DIRECTION('',(0.,1.,0.));
#5462=DIRECTION('',(-1.,1.58603289232165E-16,0.));
#5463=DIRECTION('',(0.,0.,1.));
#5464=DIRECTION('',(1.,0.,0.));
#5465=DIRECTION('',(0.,0.,1.));
#5466=DIRECTION('',(1.,0.,0.));
#5467=DIRECTION('',(0.,0.,1.));
#5468=DIRECTION('',(1.,0.,0.));
#5469=DIRECTION('',(0.,0.,1.));
#5470=DIRECTION('',(1.,0.,0.));
#5471=DIRECTION('',(0.,0.,1.));
#5472=DIRECTION('',(1.,0.,0.));
#5473=DIRECTION('',(0.,0.,1.));
#5474=DIRECTION('',(1.,0.,0.));
#5475=DIRECTION('',(0.,0.,1.));
#5476=DIRECTION('',(1.,0.,0.));
#5477=DIRECTION('',(0.,0.,1.));
#5478=DIRECTION('',(1.,0.,0.));
#5479=DIRECTION('',(0.,0.,1.));
#5480=DIRECTION('',(1.,0.,0.));
#5481=DIRECTION('',(0.,0.,-1.));
#5482=DIRECTION('',(-1.,0.,0.));
#5483=DIRECTION('',(0.,0.,1.));
#5484=DIRECTION('',(1.,0.,0.));
#5485=DIRECTION('',(0.,0.,-1.));
#5486=DIRECTION('',(-1.,0.,0.));
#5487=DIRECTION('',(0.,0.,1.));
#5488=DIRECTION('',(1.,0.,0.));
#5489=DIRECTION('',(0.,0.,-1.));
#5490=DIRECTION('',(-1.,0.,0.));
#5491=DIRECTION('',(0.,0.,1.));
#5492=DIRECTION('',(1.,0.,0.));
#5493=DIRECTION('',(0.,0.,-1.));
#5494=DIRECTION('',(-1.,0.,0.));
#5495=DIRECTION('',(0.,0.,1.));
#5496=DIRECTION('',(1.,0.,0.));
#5497=DIRECTION('',(0.,0.,-1.));
#5498=DIRECTION('',(-1.,0.,0.));
#5499=DIRECTION('',(0.,0.,1.));
#5500=DIRECTION('',(1.,0.,0.));
#5501=DIRECTION('',(0.,0.,-1.));
#5502=DIRECTION('',(-1.,0.,0.));
#5503=DIRECTION('',(0.,0.,1.));
#5504=DIRECTION('',(1.,0.,0.));
#5505=DIRECTION('',(0.,0.,-1.));
#5506=DIRECTION('',(-1.,0.,0.));
#5507=DIRECTION('',(0.,0.,1.));
#5508=DIRECTION('',(1.,0.,0.));
#5509=DIRECTION('',(0.,0.,-1.));
#5510=DIRECTION('',(-1.,0.,0.));
#5511=DIRECTION('',(0.,0.,1.));
#5512=DIRECTION('',(1.,0.,0.));
#5513=DIRECTION('',(0.,0.,-1.));
#5514=DIRECTION('',(-1.,0.,0.));
#5515=DIRECTION('',(0.,0.,-1.));
#5516=DIRECTION('',(-1.,0.,0.));
#5517=DIRECTION('',(-3.1720657846433E-16,-1.,0.));
#5518=DIRECTION('',(1.,-3.1720657846433E-16,0.));
#5519=DIRECTION('',(0.,0.,1.));
#5520=DIRECTION('',(1.,-3.1720657846433E-16,0.));
#5521=DIRECTION('',(0.,0.,1.));
#5522=DIRECTION('',(-1.,0.,0.));
#5523=DIRECTION('',(0.,0.,1.));
#5524=DIRECTION('',(0.,0.,1.));
#5525=DIRECTION('',(0.,-1.,0.));
#5526=DIRECTION('',(1.58603289232165E-16,1.,0.));
#5527=DIRECTION('',(-1.,1.58603289232165E-16,0.));
#5528=DIRECTION('',(0.,0.,1.));
#5529=DIRECTION('',(-1.,1.58603289232165E-16,0.));
#5530=DIRECTION('',(1.,0.,0.));
#5531=DIRECTION('',(0.,0.,-1.));
#5532=DIRECTION('',(0.,1.,0.));
#5533=DIRECTION('',(0.,0.,-1.));
#5534=DIRECTION('',(1.,0.,0.));
#5535=DIRECTION('',(0.,0.,-1.));
#5536=DIRECTION('',(-1.,0.,0.));
#5537=DIRECTION('',(0.,0.,1.));
#5538=DIRECTION('',(1.,0.,0.));
#5539=DIRECTION('',(0.,0.,1.));
#5540=DIRECTION('',(1.,0.,0.));
#5541=DIRECTION('',(0.,0.,-1.));
#5542=DIRECTION('',(-1.,0.,0.));
#5543=DIRECTION('',(0.,0.,1.));
#5544=DIRECTION('',(1.,0.,0.));
#5545=DIRECTION('',(0.,0.,1.));
#5546=DIRECTION('',(1.,0.,0.));
#5547=DIRECTION('',(0.,0.,-1.));
#5548=DIRECTION('',(-1.,0.,0.));
#5549=DIRECTION('',(0.,0.,1.));
#5550=DIRECTION('',(1.,0.,0.));
#5551=DIRECTION('',(0.,0.,1.));
#5552=DIRECTION('',(1.,0.,0.));
#5553=DIRECTION('',(0.,0.,-1.));
#5554=DIRECTION('',(-1.,0.,0.));
#5555=DIRECTION('',(0.,0.,1.));
#5556=DIRECTION('',(1.,0.,0.));
#5557=DIRECTION('',(0.,0.,1.));
#5558=DIRECTION('',(1.,0.,0.));
#5559=DIRECTION('',(0.,0.,-1.));
#5560=DIRECTION('',(-1.,0.,0.));
#5561=DIRECTION('',(0.,0.,1.));
#5562=DIRECTION('',(1.,0.,0.));
#5563=DIRECTION('',(0.,0.,1.));
#5564=DIRECTION('',(1.,0.,0.));
#5565=DIRECTION('',(0.,0.,-1.));
#5566=DIRECTION('',(-1.,0.,0.));
#5567=DIRECTION('',(0.,0.,1.));
#5568=DIRECTION('',(1.,0.,0.));
#5569=DIRECTION('',(0.,0.,1.));
#5570=DIRECTION('',(1.,0.,0.));
#5571=DIRECTION('',(0.,0.,1.));
#5572=DIRECTION('',(1.,0.,0.));
#5573=DIRECTION('',(0.,0.,1.));
#5574=DIRECTION('',(1.,0.,0.));
#5575=DIRECTION('',(0.,0.,-1.));
#5576=DIRECTION('',(-1.,0.,0.));
#5577=DIRECTION('',(0.,0.,1.));
#5578=DIRECTION('',(1.,0.,0.));
#5579=DIRECTION('',(0.,0.,-1.));
#5580=DIRECTION('',(-1.,0.,0.));
#5581=DIRECTION('',(0.,0.,1.));
#5582=DIRECTION('',(1.,0.,0.));
#5583=DIRECTION('',(0.,0.,1.));
#5584=DIRECTION('',(1.,0.,0.));
#5585=DIRECTION('',(0.,0.,-1.));
#5586=DIRECTION('',(-1.,0.,0.));
#5587=DIRECTION('',(0.,0.,1.));
#5588=DIRECTION('',(1.,0.,0.));
#5589=DIRECTION('',(0.,0.,1.));
#5590=DIRECTION('',(1.,0.,0.));
#5591=DIRECTION('',(0.,0.,-1.));
#5592=DIRECTION('',(-1.,0.,0.));
#5593=DIRECTION('',(0.,0.,1.));
#5594=DIRECTION('',(1.,0.,0.));
#5595=DIRECTION('',(0.,0.,1.));
#5596=DIRECTION('',(1.,0.,0.));
#5597=DIRECTION('',(0.,0.,1.));
#5598=DIRECTION('',(1.,0.,0.));
#5599=DIRECTION('',(0.,0.,1.));
#5600=DIRECTION('',(1.,0.,0.));
#5601=DIRECTION('',(0.,1.,0.));
#5602=DIRECTION('',(1.,6.45478502689045E-17,0.));
#5603=DIRECTION('',(0.,1.,0.));
#5604=DIRECTION('',(1.,1.22464679914735E-16,0.));
#5605=DIRECTION('',(-1.,0.,0.));
#5606=DIRECTION('',(0.,0.,1.));
#5607=DIRECTION('',(0.,1.,0.));
#5608=DIRECTION('',(0.,0.,1.));
#5609=DIRECTION('',(0.,0.,-1.));
#5610=DIRECTION('',(0.,1.,0.));
#5611=DIRECTION('',(0.,0.,-1.));
#5612=DIRECTION('',(0.,1.,0.));
#5613=DIRECTION('',(0.,0.,1.));
#5614=DIRECTION('',(-1.29095700537809E-16,1.,0.));
#5615=DIRECTION('',(-1.,-1.29095700537809E-16,0.));
#5616=DIRECTION('',(1.,1.29095700537809E-16,0.));
#5617=DIRECTION('',(0.,0.,-1.));
#5618=DIRECTION('',(1.,1.29095700537809E-16,0.));
#5619=DIRECTION('',(-1.,0.,0.));
#5620=DIRECTION('',(0.,0.,1.));
#5621=DIRECTION('',(0.,1.,0.));
#5622=DIRECTION('',(0.,0.,1.));
#5623=DIRECTION('',(0.,1.,0.));
#5624=DIRECTION('',(0.,1.,0.));
#5625=DIRECTION('',(0.,0.,-1.));
#5626=DIRECTION('',(0.,0.,1.));
#5627=DIRECTION('',(-1.22464679914735E-16,1.,0.));
#5628=DIRECTION('',(-1.,-1.22464679914735E-16,0.));
#5629=DIRECTION('',(1.,1.22464679914735E-16,0.));
#5630=DIRECTION('',(0.,0.,1.));
#5631=DIRECTION('',(1.,0.,0.));
#5632=DIRECTION('',(1.,1.29095700537809E-16,0.));
#5633=DIRECTION('',(0.,0.,1.));
#5634=DIRECTION('',(1.,0.,0.));
#5635=DIRECTION('',(1.29095700537809E-16,-1.,0.));
#5636=DIRECTION('',(1.,1.29095700537809E-16,0.));
#5637=DIRECTION('',(1.,1.29095700537809E-16,0.));
#5638=DIRECTION('',(6.45478502689045E-17,-1.,0.));
#5639=DIRECTION('',(1.,6.45478502689045E-17,0.));
#5640=DIRECTION('',(1.,6.45478502689045E-17,0.));
#5641=DIRECTION('',(0.,0.,1.));
#5642=DIRECTION('',(1.,0.,0.));
#5643=DIRECTION('',(-1.,0.,0.));
#5644=DIRECTION('',(0.,0.,-1.));
#5645=DIRECTION('',(0.,0.,1.));
#5646=DIRECTION('',(1.,0.,0.));
#5647=DIRECTION('',(1.,3.04748718752683E-16,0.));
#5648=DIRECTION('',(0.,-1.,0.));
#5649=DIRECTION('',(1.,6.6436218228899E-17,0.));
#5650=DIRECTION('',(0.,1.,0.));
#5651=DIRECTION('',(1.,1.22464679914735E-16,0.));
#5652=DIRECTION('',(0.,1.,0.));
#5653=DIRECTION('',(1.,6.6436218228899E-17,0.));
#5654=DIRECTION('',(1.19636101791504E-16,-1.,0.));
#5655=DIRECTION('',(0.,0.,1.));
#5656=DIRECTION('',(1.,0.,0.));
#5657=DIRECTION('',(1.,1.32872436457798E-16,0.));
#5658=DIRECTION('',(0.,-1.,0.));
#5659=DIRECTION('',(1.,3.00060276925718E-16,0.));
#5660=DIRECTION('',(1.19636101791504E-16,-1.,0.));
#5661=DIRECTION('',(1.,1.32872436457798E-16,0.));
#5662=DIRECTION('',(0.,1.,0.));
#5663=DIRECTION('',(1.,1.18108832406932E-16,0.));
#5664=DIRECTION('',(0.,1.,0.));
#5665=DIRECTION('',(0.,0.,1.));
#5666=DIRECTION('',(1.,0.,0.));
#5667=DIRECTION('',(0.,1.,0.));
#5668=DIRECTION('',(1.,1.22464679914735E-16,0.));
#5669=DIRECTION('',(0.,1.,0.));
#5670=DIRECTION('',(1.,1.18108832406932E-16,0.));
#5671=DIRECTION('',(0.,-1.,0.));
#5672=DIRECTION('',(1.,3.04748718752683E-16,0.));
#5673=DIRECTION('',(1.19636101791504E-16,-1.,0.));
#5674=DIRECTION('',(1.,3.00060276925718E-16,0.));
#5675=DIRECTION('',(1.32872436457798E-16,-1.,0.));
#5676=DIRECTION('',(1.,1.32872436457798E-16,0.));
#5677=DIRECTION('',(0.,0.,-1.));
#5678=DIRECTION('',(0.,0.,1.));
#5679=DIRECTION('',(1.,1.32872436457798E-16,0.));
#5680=DIRECTION('',(6.6436218228899E-17,-1.,0.));
#5681=DIRECTION('',(1.,6.6436218228899E-17,0.));
#5682=DIRECTION('',(0.,0.,-1.));
#5683=DIRECTION('',(1.,6.6436218228899E-17,0.));
#5684=DIRECTION('',(0.,0.,1.));
#5685=DIRECTION('',(0.,0.,1.));
#5686=DIRECTION('',(1.,0.,0.));
#5687=DIRECTION('',(0.,-1.,0.));
#5688=DIRECTION('',(0.,1.,0.));
#5689=DIRECTION('',(-1.,0.,0.));
#5690=DIRECTION('',(0.,0.,1.));
#5691=DIRECTION('',(0.,1.,0.));
#5692=DIRECTION('',(0.,0.,1.));
#5693=DIRECTION('',(0.,0.,-1.));
#5694=DIRECTION('',(0.,0.,-1.));
#5695=DIRECTION('',(0.,0.,1.));
#5696=DIRECTION('',(-1.18108832406932E-16,1.,0.));
#5697=DIRECTION('',(-1.,-1.18108832406932E-16,0.));
#5698=DIRECTION('',(0.,0.,-1.));
#5699=DIRECTION('',(-1.,0.,0.));
#5700=DIRECTION('',(0.,0.,1.));
#5701=DIRECTION('',(0.,0.,-1.));
#5702=DIRECTION('',(-1.22464679914735E-16,1.,0.));
#5703=DIRECTION('',(-1.,-1.22464679914735E-16,0.));
#5704=DIRECTION('',(1.32872436457798E-16,-1.,0.));
#5705=DIRECTION('',(1.,1.32872436457798E-16,0.));
#5706=DIRECTION('',(0.,0.,-1.));
#5707=DIRECTION('',(1.,1.32872436457798E-16,0.));
#5708=DIRECTION('',(6.6436218228899E-17,-1.,0.));
#5709=DIRECTION('',(1.,6.6436218228899E-17,0.));
#5710=DIRECTION('',(0.,0.,-1.));
#5711=DIRECTION('',(1.,6.6436218228899E-17,0.));
#5712=DIRECTION('',(0.,0.,1.));
#5713=DIRECTION('',(1.,0.,0.));
#5714=DIRECTION('',(1.19636101791504E-16,-1.,0.));
#5715=DIRECTION('',(3.04748718752683E-16,-1.,0.));
#5716=DIRECTION('',(1.,3.04748718752683E-16,0.));
#5717=DIRECTION('',(0.,0.,1.));
#5718=DIRECTION('',(0.,0.,1.));
#5719=DIRECTION('',(3.00060276925718E-16,-1.,0.));
#5720=DIRECTION('',(1.,3.00060276925718E-16,0.));
#5721=DIRECTION('',(0.,0.,1.));
#5722=DIRECTION('',(0.,0.,1.));
#5723=DIRECTION('',(-1.,0.,0.));
#5724=DIRECTION('',(0.,0.,1.));
#5725=DIRECTION('',(-1.,-1.19636101791504E-16,0.));
#5726=DIRECTION('',(1.19636101791504E-16,-1.,0.));
#5727=DIRECTION('',(1.,0.,0.));
#5728=DIRECTION('',(0.,0.,-1.));
#5729=DIRECTION('',(0.,0.,1.));
#5730=DIRECTION('',(1.,0.,0.));
#5731=DIRECTION('',(1.,0.,0.));
#5732=DIRECTION('',(0.,-1.,0.));
#5733=DIRECTION('',(1.,0.,0.));
#5734=DIRECTION('',(0.,-1.,0.));
#5735=DIRECTION('',(0.,1.,0.));
#5736=DIRECTION('',(-1.,-2.08166817117217E-16,0.));
#5737=DIRECTION('',(0.,-1.,0.));
#5738=DIRECTION('',(-1.,-1.94289029309402E-16,0.));
#5739=DIRECTION('',(0.,-1.,0.));
#5740=DIRECTION('',(1.,1.11022302462516E-16,0.));
#5741=DIRECTION('',(1.91417762866406E-16,-1.,0.));
#5742=DIRECTION('',(1.,0.,0.));
#5743=DIRECTION('',(0.,0.,1.));
#5744=DIRECTION('',(1.,0.,0.));
#5745=DIRECTION('',(1.,0.,0.));
#5746=DIRECTION('',(0.,-1.,0.));
#5747=DIRECTION('',(1.,0.,0.));
#5748=DIRECTION('',(0.,-1.,0.));
#5749=DIRECTION('',(-1.,-2.08166817117217E-16,0.));
#5750=DIRECTION('',(0.,1.,0.));
#5751=DIRECTION('',(1.,0.,0.));
#5752=DIRECTION('',(1.91417762866406E-16,-1.,0.));
#5753=DIRECTION('',(1.,1.11022302462516E-16,0.));
#5754=DIRECTION('',(0.,-1.,0.));
#5755=DIRECTION('',(-1.,-1.94289029309402E-16,0.));
#5756=DIRECTION('',(0.,-1.,0.));
#5757=DIRECTION('',(0.,-1.,0.));
#5758=DIRECTION('',(0.,0.,-1.));
#5759=DIRECTION('',(0.,0.,1.));
#5760=DIRECTION('',(0.,0.,1.));
#5761=DIRECTION('',(-1.,0.,0.));
#5762=DIRECTION('',(0.,0.,1.));
#5763=DIRECTION('',(0.,0.,1.));
#5764=DIRECTION('',(0.,-1.,0.));
#5765=DIRECTION('',(0.,0.,-1.));
#5766=DIRECTION('',(0.,0.,1.));
#5767=DIRECTION('',(-1.,0.,0.));
#5768=DIRECTION('',(0.,0.,1.));
#5769=DIRECTION('',(1.,0.,0.));
#5770=DIRECTION('',(0.,0.,-1.));
#5771=DIRECTION('',(0.,0.,1.));
#5772=DIRECTION('',(0.,0.,1.));
#5773=DIRECTION('',(-2.08166817117217E-16,1.,0.));
#5774=DIRECTION('',(-1.,-2.08166817117217E-16,0.));
#5775=DIRECTION('',(0.,0.,1.));
#5776=DIRECTION('',(-1.,0.,0.));
#5777=DIRECTION('',(0.,0.,1.));
#5778=DIRECTION('',(0.,0.,1.));
#5779=DIRECTION('',(-1.94289029309402E-16,1.,0.));
#5780=DIRECTION('',(-1.,-1.94289029309402E-16,0.));
#5781=DIRECTION('',(0.,0.,1.));
#5782=DIRECTION('',(-1.,0.,0.));
#5783=DIRECTION('',(0.,0.,1.));
#5784=DIRECTION('',(0.,0.,1.));
#5785=DIRECTION('',(1.11022302462516E-16,-1.,0.));
#5786=DIRECTION('',(1.,1.11022302462516E-16,0.));
#5787=DIRECTION('',(0.,0.,1.));
#5788=DIRECTION('',(-1.,-1.91417762866406E-16,0.));
#5789=DIRECTION('',(1.91417762866406E-16,-1.,0.));
#5790=DIRECTION('',(0.,0.,1.));
#5791=DIRECTION('',(0.,-1.,0.));
#5792=DIRECTION('',(0.,0.,-1.));
#5793=DIRECTION('',(0.,0.,1.));
#5794=DIRECTION('',(1.,0.,0.));
#5795=DIRECTION('',(1.80411241501588E-16,-1.,0.));
#5796=DIRECTION('',(1.,1.80411241501588E-16,0.));
#5797=DIRECTION('',(0.,0.,-1.));
#5798=DIRECTION('',(1.,1.80411241501588E-16,0.));
#5799=DIRECTION('',(0.,0.,1.));
#5800=DIRECTION('',(1.,1.80411241501588E-16,0.));
#5801=DIRECTION('',(-1.2490009027033E-16,1.,0.));
#5802=DIRECTION('',(-1.,-1.2490009027033E-16,0.));
#5803=DIRECTION('',(0.,0.,1.));
#5804=DIRECTION('',(1.,1.2490009027033E-16,0.));
#5805=DIRECTION('',(0.,0.,1.));
#5806=DIRECTION('',(-1.,-1.2490009027033E-16,0.));
#5807=DIRECTION('',(0.,0.,1.));
#5808=DIRECTION('',(1.,0.,0.));
#5809=DIRECTION('',(0.,-1.,0.));
#5810=DIRECTION('',(0.,-1.,0.));
#5811=DIRECTION('',(1.,2.08166817117217E-16,0.));
#5812=DIRECTION('',(0.,-1.,0.));
#5813=DIRECTION('',(1.,2.08166817117217E-16,0.));
#5814=DIRECTION('',(0.,-1.,0.));
#5815=DIRECTION('',(0.,0.,1.));
#5816=DIRECTION('',(1.,0.,0.));
#5817=DIRECTION('',(0.,0.,1.));
#5818=DIRECTION('',(1.,0.,0.));
#5819=DIRECTION('',(0.,-1.,0.));
#5820=DIRECTION('',(0.,-1.,0.));
#5821=DIRECTION('',(1.,2.08166817117217E-16,0.));
#5822=DIRECTION('',(0.,-1.,0.));
#5823=DIRECTION('',(1.,2.08166817117217E-16,0.));
#5824=DIRECTION('',(0.,-1.,0.));
#5825=DIRECTION('',(0.,-1.,0.));
#5826=DIRECTION('',(-1.,0.,0.));
#5827=DIRECTION('',(0.,1.,0.));
#5828=DIRECTION('',(1.,1.80411241501588E-16,0.));
#5829=DIRECTION('',(0.,-1.,0.));
#5830=DIRECTION('',(-1.,0.,0.));
#5831=DIRECTION('',(0.,1.,0.));
#5832=DIRECTION('',(1.,1.80411241501588E-16,0.));
#5833=DIRECTION('',(0.,1.,0.));
#5834=DIRECTION('',(1.,4.62592926927148E-16,0.));
#5835=DIRECTION('',(0.,-1.,0.));
#5836=DIRECTION('',(1.,1.80411241501588E-16,0.));
#5837=DIRECTION('',(0.,-1.,0.));
#5838=DIRECTION('',(-1.,-1.2490009027033E-16,0.));
#5839=DIRECTION('',(0.,-1.,0.));
#5840=DIRECTION('',(-1.,-4.62592926927148E-16,0.));
#5841=DIRECTION('',(0.,1.,0.));
#5842=DIRECTION('',(-1.,-1.2490009027033E-16,0.));
#5843=DIRECTION('',(0.,1.,0.));
#5844=DIRECTION('',(1.,0.,0.));
#5845=DIRECTION('',(0.,-1.,0.));
#5846=DIRECTION('',(-1.,-1.2490009027033E-16,0.));
#5847=DIRECTION('',(0.,1.,0.));
#5848=DIRECTION('',(1.,0.,0.));
#5849=DIRECTION('',(1.,1.66533453693773E-16,0.));
#5850=DIRECTION('',(0.,1.,0.));
#5851=DIRECTION('',(1.,1.29095700537809E-16,0.));
#5852=DIRECTION('',(-1.29095700537809E-16,1.,0.));
#5853=DIRECTION('',(-1.,-3.22739251344522E-16,0.));
#5854=DIRECTION('',(0.,-1.,0.));
#5855=DIRECTION('',(-1.,-1.11022302462516E-16,0.));
#5856=DIRECTION('',(0.,-1.,0.));
#5857=DIRECTION('',(1.80411241501588E-16,-1.,0.));
#5858=DIRECTION('',(1.,1.80411241501588E-16,0.));
#5859=DIRECTION('',(0.,0.,-1.));
#5860=DIRECTION('',(1.,1.80411241501588E-16,0.));
#5861=DIRECTION('',(0.,0.,1.));
#5862=DIRECTION('',(1.80411241501588E-16,-1.,0.));
#5863=DIRECTION('',(1.,1.80411241501588E-16,0.));
#5864=DIRECTION('',(1.,1.80411241501588E-16,0.));
#5865=DIRECTION('',(0.,0.,1.));
#5866=DIRECTION('',(0.,0.,1.));
#5867=DIRECTION('',(1.80411241501588E-16,-1.,0.));
#5868=DIRECTION('',(1.,1.80411241501588E-16,0.));
#5869=DIRECTION('',(0.,0.,1.));
#5870=DIRECTION('',(1.,1.80411241501588E-16,0.));
#5871=DIRECTION('',(0.,0.,1.));
#5872=DIRECTION('',(1.,1.80411241501588E-16,0.));
#5873=DIRECTION('',(0.,0.,-1.));
#5874=DIRECTION('',(-1.2490009027033E-16,1.,0.));
#5875=DIRECTION('',(-1.,-1.2490009027033E-16,0.));
#5876=DIRECTION('',(-1.,-1.2490009027033E-16,0.));
#5877=DIRECTION('',(0.,0.,1.));
#5878=DIRECTION('',(0.,0.,1.));
#5879=DIRECTION('',(-1.2490009027033E-16,1.,0.));
#5880=DIRECTION('',(-1.,-1.2490009027033E-16,0.));
#5881=DIRECTION('',(0.,0.,-1.));
#5882=DIRECTION('',(-1.,-1.2490009027033E-16,0.));
#5883=DIRECTION('',(0.,0.,-1.));
#5884=DIRECTION('',(-1.2490009027033E-16,1.,0.));
#5885=DIRECTION('',(-1.,-1.2490009027033E-16,0.));
#5886=DIRECTION('',(0.,0.,-1.));
#5887=DIRECTION('',(0.,0.,1.));
#5888=DIRECTION('',(-1.,-1.2490009027033E-16,0.));
#5889=DIRECTION('',(0.,0.,1.));
#5890=DIRECTION('',(1.,1.2490009027033E-16,0.));
#5891=DIRECTION('',(0.,0.,1.));
#5892=DIRECTION('',(1.,0.,0.));
#5893=DIRECTION('',(0.,0.,1.));
#5894=DIRECTION('',(1.,0.,0.));
#5895=DIRECTION('',(0.,-1.,0.));
#5896=DIRECTION('',(0.,-1.,0.));
#5897=DIRECTION('',(0.,0.,1.));
#5898=DIRECTION('',(1.,0.,0.));
#5899=DIRECTION('',(0.,1.,0.));
#5900=DIRECTION('',(0.,1.,0.));
#5901=DIRECTION('',(0.,0.,1.));
#5902=DIRECTION('',(1.,0.,0.));
#5903=DIRECTION('',(0.,-1.,0.));
#5904=DIRECTION('',(0.,-1.,0.));
#5905=DIRECTION('',(-1.,0.,0.));
#5906=DIRECTION('',(0.,0.,1.));
#5907=DIRECTION('',(0.,0.,1.));
#5908=DIRECTION('',(-1.,0.,0.));
#5909=DIRECTION('',(0.,0.,1.));
#5910=DIRECTION('',(0.,0.,1.));
#5911=DIRECTION('',(2.08166817117217E-16,-1.,0.));
#5912=DIRECTION('',(1.,2.08166817117217E-16,0.));
#5913=DIRECTION('',(0.,0.,1.));
#5914=DIRECTION('',(-1.,0.,0.));
#5915=DIRECTION('',(0.,0.,1.));
#5916=DIRECTION('',(0.,0.,1.));
#5917=DIRECTION('',(2.08166817117217E-16,-1.,0.));
#5918=DIRECTION('',(1.,2.08166817117217E-16,0.));
#5919=DIRECTION('',(0.,0.,1.));
#5920=DIRECTION('',(1.,0.,0.));
#5921=DIRECTION('',(0.,1.,0.));
#5922=DIRECTION('',(0.,-1.,0.));
#5923=DIRECTION('',(-1.,0.,0.));
#5924=DIRECTION('',(0.,0.,1.));
#5925=DIRECTION('',(-1.,0.,0.));
#5926=DIRECTION('',(0.,0.,1.));
#5927=DIRECTION('',(0.,0.,1.));
#5928=DIRECTION('',(1.,0.,0.));
#5929=DIRECTION('',(1.,1.66533453693773E-16,0.));
#5930=DIRECTION('',(0.,-1.,0.));
#5931=DIRECTION('',(-1.,-1.11022302462516E-16,0.));
#5932=DIRECTION('',(0.,-1.,0.));
#5933=DIRECTION('',(-1.,-3.22739251344522E-16,0.));
#5934=DIRECTION('',(-1.29095700537809E-16,1.,0.));
#5935=DIRECTION('',(1.,1.29095700537809E-16,0.));
#5936=DIRECTION('',(0.,1.,0.));
#5937=DIRECTION('',(0.,1.,0.));
#5938=DIRECTION('',(-1.,-2.08166817117217E-16,0.));
#5939=DIRECTION('',(0.,1.,0.));
#5940=DIRECTION('',(-1.,-2.08166817117217E-16,0.));
#5941=DIRECTION('',(0.,1.,0.));
#5942=DIRECTION('',(1.,1.2490009027033E-16,0.));
#5943=DIRECTION('',(0.,1.,0.));
#5944=DIRECTION('',(-1.,-1.80411241501588E-16,0.));
#5945=DIRECTION('',(1.66533453693773E-16,-1.,0.));
#5946=DIRECTION('',(1.,1.66533453693773E-16,0.));
#5947=DIRECTION('',(0.,0.,1.));
#5948=DIRECTION('',(0.,0.,1.));
#5949=DIRECTION('',(1.,0.,0.));
#5950=DIRECTION('',(0.,0.,-1.));
#5951=DIRECTION('',(0.,0.,1.));
#5952=DIRECTION('',(1.29095700537809E-16,-1.,0.));
#5953=DIRECTION('',(1.,1.29095700537809E-16,0.));
#5954=DIRECTION('',(0.,0.,1.));
#5955=DIRECTION('',(1.,1.29095700537809E-16,0.));
#5956=DIRECTION('',(-1.29095700537809E-16,1.,0.));
#5957=DIRECTION('',(0.,0.,1.));
#5958=DIRECTION('',(-3.22739251344522E-16,1.,0.));
#5959=DIRECTION('',(-1.,-3.22739251344522E-16,0.));
#5960=DIRECTION('',(0.,0.,1.));
#5961=DIRECTION('',(-1.,0.,0.));
#5962=DIRECTION('',(0.,0.,1.));
#5963=DIRECTION('',(0.,0.,1.));
#5964=DIRECTION('',(-1.11022302462516E-16,1.,0.));
#5965=DIRECTION('',(-1.,-1.11022302462516E-16,0.));
#5966=DIRECTION('',(0.,0.,1.));
#5967=DIRECTION('',(-1.,0.,0.));
#5968=DIRECTION('',(0.,0.,1.));
#5969=DIRECTION('',(0.,0.,1.));
#5970=DIRECTION('',(1.,0.,0.));
#5971=DIRECTION('',(0.,0.,1.));
#5972=DIRECTION('',(1.,0.,0.));
#5973=DIRECTION('',(0.,-1.,0.));
#5974=DIRECTION('',(0.,-1.,0.));
#5975=DIRECTION('',(0.,-1.,0.));
#5976=DIRECTION('',(1.,2.08166817117217E-16,0.));
#5977=DIRECTION('',(0.,-1.,0.));
#5978=DIRECTION('',(1.,2.08166817117217E-16,0.));
#5979=DIRECTION('',(-1.,0.,0.));
#5980=DIRECTION('',(0.,0.,1.));
#5981=DIRECTION('',(0.,0.,1.));
#5982=DIRECTION('',(0.,-1.,0.));
#5983=DIRECTION('',(0.,0.,1.));
#5984=DIRECTION('',(0.,0.,1.));
#5985=DIRECTION('',(1.,0.,0.));
#5986=DIRECTION('',(0.,0.,-1.));
#5987=DIRECTION('',(-1.,0.,0.));
#5988=DIRECTION('',(1.,1.80411241501588E-16,0.));
#5989=DIRECTION('',(0.,-1.,0.));
#5990=DIRECTION('',(-1.,-1.2490009027033E-16,0.));
#5991=DIRECTION('',(-1.,0.,0.));
#5992=DIRECTION('',(0.,0.,1.));
#5993=DIRECTION('',(0.,0.,1.));
#5994=DIRECTION('',(0.,0.,1.));
#5995=DIRECTION('',(-1.2490009027033E-16,1.,0.));
#5996=DIRECTION('',(-1.,-1.2490009027033E-16,0.));
#5997=DIRECTION('',(0.,0.,1.));
#5998=DIRECTION('',(1.80411241501588E-16,-1.,0.));
#5999=DIRECTION('',(1.,1.80411241501588E-16,0.));
#6000=DIRECTION('',(0.,0.,1.));
#6001=DIRECTION('',(2.08166817117217E-16,-1.,0.));
#6002=DIRECTION('',(1.,2.08166817117217E-16,0.));
#6003=DIRECTION('',(0.,0.,1.));
#6004=DIRECTION('',(0.,0.,1.));
#6005=DIRECTION('',(-1.,0.,0.));
#6006=DIRECTION('',(0.,0.,1.));
#6007=DIRECTION('',(0.,0.,1.));
#6008=DIRECTION('',(2.08166817117217E-16,-1.,0.));
#6009=DIRECTION('',(1.,2.08166817117217E-16,0.));
#6010=DIRECTION('',(0.,0.,1.));
#6011=DIRECTION('',(-1.,0.,0.));
#6012=DIRECTION('',(0.,0.,1.));
#6013=DIRECTION('',(-1.,0.,0.));
#6014=DIRECTION('',(0.,0.,1.));
#6015=DIRECTION('',(0.,0.,1.));
#6016=DIRECTION('',(1.,0.,0.));
#6017=DIRECTION('',(0.,0.,1.));
#6018=DIRECTION('',(1.,0.,0.));
#6019=DIRECTION('',(0.,1.,0.));
#6020=DIRECTION('',(0.,0.,1.));
#6021=DIRECTION('',(0.,0.,1.));
#6022=DIRECTION('',(-1.,0.,0.));
#6023=DIRECTION('',(0.,0.,1.));
#6024=DIRECTION('',(-1.,0.,0.));
#6025=DIRECTION('',(0.,0.,1.));
#6026=DIRECTION('',(0.,0.,1.));
#6027=DIRECTION('',(0.,-1.,0.));
#6028=DIRECTION('',(0.,-1.,0.));
#6029=DIRECTION('',(0.,0.,-1.));
#6030=DIRECTION('',(0.,0.,1.));
#6031=DIRECTION('',(1.,0.,0.));
#6032=DIRECTION('',(1.,0.,0.));
#6033=DIRECTION('',(0.,0.,-1.));
#6034=DIRECTION('',(0.,1.,0.));
#6035=DIRECTION('',(0.,0.,1.));
#6036=DIRECTION('',(1.,0.,0.));
#6037=DIRECTION('',(-4.62592926927148E-16,1.,0.));
#6038=DIRECTION('',(-1.,-4.62592926927148E-16,0.));
#6039=DIRECTION('',(0.,0.,1.));
#6040=DIRECTION('',(-1.,-4.62592926927148E-16,0.));
#6041=DIRECTION('',(0.,0.,1.));
#6042=DIRECTION('',(-1.,0.,0.));
#6043=DIRECTION('',(0.,0.,1.));
#6044=DIRECTION('',(0.,0.,1.));
#6045=DIRECTION('',(0.,-1.,0.));
#6046=DIRECTION('',(4.62592926927148E-16,-1.,0.));
#6047=DIRECTION('',(1.,4.62592926927148E-16,0.));
#6048=DIRECTION('',(0.,0.,1.));
#6049=DIRECTION('',(1.,4.62592926927148E-16,0.));
#6050=DIRECTION('',(1.,0.,0.));
#6051=DIRECTION('',(0.,0.,-1.));
#6052=DIRECTION('',(0.,1.,0.));
#6053=DIRECTION('',(0.,0.,1.));
#6054=DIRECTION('',(1.,0.,0.));
#6055=DIRECTION('',(0.,0.,1.));
#6056=DIRECTION('',(1.,0.,0.));
#6057=DIRECTION('',(0.,0.,1.));
#6058=DIRECTION('',(1.,0.,0.));
#6059=DIRECTION('',(0.,0.,1.));
#6060=DIRECTION('',(1.,0.,0.));
#6061=DIRECTION('',(0.,0.,-1.));
#6062=DIRECTION('',(-1.,0.,0.));
#6063=DIRECTION('',(0.,0.,-1.));
#6064=DIRECTION('',(1.,0.,0.));
#6065=DIRECTION('',(0.,0.,1.));
#6066=DIRECTION('',(1.,0.,0.));
#6067=DIRECTION('',(0.,0.,-1.));
#6068=DIRECTION('',(-1.,0.,0.));
#6069=DIRECTION('',(0.,0.,-1.));
#6070=DIRECTION('',(1.,0.,0.));
#6071=DIRECTION('',(-1.,0.,0.));
#6072=DIRECTION('',(0.,0.,1.));
#6073=DIRECTION('',(0.,0.,1.));
#6074=DIRECTION('',(0.,-1.,0.));
#6075=DIRECTION('',(0.,0.,1.));
#6076=DIRECTION('',(0.,-1.,0.));
#6077=DIRECTION('',(0.,0.,-1.));
#6078=DIRECTION('',(0.,0.,1.));
#6079=DIRECTION('',(1.,0.,0.));
#6080=DIRECTION('',(1.,0.,0.));
#6081=DIRECTION('',(0.,0.,-1.));
#6082=DIRECTION('',(0.,0.,1.));
#6083=DIRECTION('',(0.,1.,0.));
#6084=DIRECTION('',(0.,1.,0.));
#6085=DIRECTION('',(0.,0.,1.));
#6086=DIRECTION('',(-1.,0.,0.));
#6087=DIRECTION('',(0.,0.,1.));
#6088=DIRECTION('',(1.,0.,0.));
#6089=DIRECTION('',(0.,0.,1.));
#6090=DIRECTION('',(1.,0.,0.));
#6091=DIRECTION('',(0.,-1.22464679914735E-16,-1.));
#6092=DIRECTION('',(1.,0.,0.));
#6093=DIRECTION('',(0.,-1.,1.22464679914735E-16));
#6094=DIRECTION('',(0.,-1.22464679914735E-16,-1.));
#6095=DIRECTION('',(1.,0.,0.));
#6096=DIRECTION('',(1.,-6.12323399573677E-17,7.49879891330929E-33));
#6097=DIRECTION('',(0.,1.22464679914735E-16,1.));
#6098=DIRECTION('',(-1.,0.,0.));
#6099=DIRECTION('',(0.,-1.22464679914735E-16,-1.));
#6100=DIRECTION('',(1.,0.,0.));
#6101=DIRECTION('',(0.,-1.,1.22464679914735E-16));
#6102=DIRECTION('',(0.,1.22464679914735E-16,1.));
#6103=DIRECTION('',(-1.,0.,0.));
#6104=DIRECTION('',(1.,-6.12323399573677E-17,7.49879891330929E-33));
#6105=DIRECTION('',(0.,-1.22464679914735E-16,-1.));
#6106=DIRECTION('',(1.,0.,0.));
#6107=DIRECTION('',(0.,-1.22464679914735E-16,-1.));
#6108=DIRECTION('',(1.,0.,0.));
#6109=DIRECTION('',(1.,-6.12323399573677E-17,7.49879891330929E-33));
#6110=DIRECTION('',(0.,-1.22464679914735E-16,-1.));
#6111=DIRECTION('',(1.,0.,0.));
#6112=DIRECTION('',(1.22464679914735E-16,1.,-1.22464679914735E-16));
#6113=DIRECTION('',(0.,1.22464679914735E-16,1.));
#6114=DIRECTION('',(-1.,0.,0.));
#6115=DIRECTION('',(0.,-1.22464679914735E-16,-1.));
#6116=DIRECTION('',(1.,0.,0.));
#6117=DIRECTION('',(1.,-6.12323399573677E-17,7.49879891330929E-33));
#6118=DIRECTION('',(0.,1.22464679914735E-16,1.));
#6119=DIRECTION('',(-1.,0.,0.));
#6120=DIRECTION('',(1.22464679914735E-16,1.,-1.22464679914735E-16));
#6121=DIRECTION('',(0.,-1.22464679914735E-16,-1.));
#6122=DIRECTION('',(1.,0.,0.));
#6123=DIRECTION('',(0.,1.22464679914735E-16,1.));
#6124=DIRECTION('',(-1.,0.,0.));
#6125=DIRECTION('',(0.,-1.22464679914735E-16,-1.));
#6126=DIRECTION('',(1.,0.,0.));
#6127=DIRECTION('',(0.,-1.22464679914735E-16,-1.));
#6128=DIRECTION('',(1.,0.,0.));
#6129=DIRECTION('',(0.,1.22464679914735E-16,1.));
#6130=DIRECTION('',(0.,1.22464679914735E-16,1.));
#6131=DIRECTION('',(0.,1.22464679914735E-16,1.));
#6132=DIRECTION('',(0.,1.22464679914735E-16,1.));
#6133=DIRECTION('',(0.,1.22464679914735E-16,1.));
#6134=DIRECTION('',(0.,1.22464679914735E-16,1.));
#6135=DIRECTION('',(0.,1.22464679914735E-16,1.));
#6136=DIRECTION('',(0.,1.22464679914735E-16,1.));
#6137=DIRECTION('',(0.,-1.22464679914735E-16,-1.));
#6138=DIRECTION('',(1.,0.,0.));
#6139=DIRECTION('',(0.,-1.22464679914735E-16,-1.));
#6140=DIRECTION('',(1.,0.,0.));
#6141=DIRECTION('',(0.,-0.707106781186548,-0.707106781186547));
#6142=DIRECTION('',(0.,0.707106781186547,-0.707106781186548));
#6143=DIRECTION('',(0.707106781186548,-1.29893408435324E-16,-0.707106781186548));
#6144=DIRECTION('',(-0.707106781186548,-4.32978028117746E-17,-0.707106781186548));
#6145=DIRECTION('',(8.65956056235493E-17,0.707106781186547,-0.707106781186548));
#6146=DIRECTION('',(-8.65956056235493E-17,-0.707106781186548,-0.707106781186547));
#6147=DIRECTION('',(-0.707106781186548,-4.32978028117746E-17,-0.707106781186548));
#6148=DIRECTION('',(0.707106781186548,-1.29893408435324E-16,-0.707106781186548));
#6149=DIRECTION('',(0.,-1.22464679914735E-16,-1.));
#6150=DIRECTION('',(1.,0.,0.));
#6151=DIRECTION('',(0.,1.22464679914735E-16,1.));
#6152=DIRECTION('',(-1.,0.,0.));
#6153=DIRECTION('',(0.,-1.22464679914735E-16,-1.));
#6154=DIRECTION('',(0.,-1.22464679914735E-16,-1.));
#6155=DIRECTION('',(0.,-1.22464679914735E-16,-1.));
#6156=DIRECTION('',(0.,-1.22464679914735E-16,-1.));
#6157=DIRECTION('',(0.,-1.22464679914735E-16,-1.));
#6158=DIRECTION('',(0.,-1.22464679914735E-16,-1.));
#6159=DIRECTION('',(0.,-1.22464679914735E-16,-1.));
#6160=DIRECTION('',(0.,-1.22464679914735E-16,-1.));
#6161=DIRECTION('',(0.,-1.22464679914735E-16,-1.));
#6162=DIRECTION('',(1.,0.,0.));
#6163=DIRECTION('',(0.,1.22464679914735E-16,1.));
#6164=DIRECTION('',(1.,0.,0.));
#6165=DIRECTION('',(0.,1.22464679914735E-16,1.));
#6166=DIRECTION('',(-1.,0.,0.));
#6167=DIRECTION('',(0.,1.22464679914735E-16,1.));
#6168=DIRECTION('',(1.,0.,0.));
#6169=DIRECTION('',(0.,1.22464679914735E-16,1.));
#6170=DIRECTION('',(-1.,0.,0.));
#6171=DIRECTION('',(0.,-1.22464679914735E-16,-1.));
#6172=DIRECTION('',(1.,0.,0.));
#6173=DIRECTION('',(0.,1.22464679914735E-16,1.));
#6174=DIRECTION('',(1.,0.,0.));
#6175=DIRECTION('',(-1.83697019872103E-16,-1.,1.22464679914735E-16));
#6176=DIRECTION('',(0.,1.22464679914735E-16,1.));
#6177=DIRECTION('',(-1.,1.83697019872103E-16,-2.24963967399279E-32));
#6178=DIRECTION('',(-1.,1.83697019872103E-16,-2.24963967399279E-32));
#6179=DIRECTION('',(6.12323399573677E-17,1.,-1.22464679914735E-16));
#6180=DIRECTION('',(0.,1.22464679914735E-16,1.));
#6181=DIRECTION('',(1.,-6.12323399573677E-17,7.49879891330929E-33));
#6182=DIRECTION('',(1.,-6.12323399573677E-17,7.49879891330929E-33));
#6183=DIRECTION('',(1.,-6.12323399573677E-17,7.49879891330929E-33));
#6184=DIRECTION('',(0.,-1.22464679914735E-16,-1.));
#6185=DIRECTION('',(1.,-6.12323399573677E-17,7.49879891330929E-33));
#6186=DIRECTION('',(0.,-1.22464679914735E-16,-1.));
#6187=DIRECTION('',(-1.,1.22464679914735E-16,-1.49975978266186E-32));
#6188=DIRECTION('',(0.,1.22464679914735E-16,1.));
#6189=DIRECTION('',(1.22464679914735E-16,1.,-1.22464679914735E-16));
#6190=DIRECTION('',(1.22464679914735E-16,1.,-1.22464679914735E-16));
#6191=DIRECTION('',(-1.,1.22464679914735E-16,-1.49975978266186E-32));
#6192=DIRECTION('',(0.,1.22464679914735E-16,1.));
#6193=DIRECTION('',(1.22464679914735E-16,1.,-1.22464679914735E-16));
#6194=DIRECTION('',(1.22464679914735E-16,1.,-1.22464679914735E-16));
#6195=DIRECTION('',(1.22464679914735E-16,1.,-1.22464679914735E-16));
#6196=DIRECTION('',(0.,-1.22464679914735E-16,-1.));
#6197=DIRECTION('',(1.22464679914735E-16,1.,-1.22464679914735E-16));
#6198=DIRECTION('',(0.,-1.22464679914735E-16,-1.));
#6199=DIRECTION('',(6.12323399573677E-17,1.,-1.22464679914735E-16));
#6200=DIRECTION('',(0.,1.22464679914735E-16,1.));
#6201=DIRECTION('',(1.,-6.12323399573677E-17,7.49879891330929E-33));
#6202=DIRECTION('',(1.,-6.12323399573677E-17,7.49879891330929E-33));
#6203=DIRECTION('',(1.,-6.12323399573677E-17,7.49879891330929E-33));
#6204=DIRECTION('',(0.,-1.22464679914735E-16,-1.));
#6205=DIRECTION('',(1.,-6.12323399573677E-17,7.49879891330929E-33));
#6206=DIRECTION('',(1.,-6.12323399573677E-17,7.49879891330929E-33));
#6207=DIRECTION('',(0.,-1.22464679914735E-16,-1.));
#6208=DIRECTION('',(1.,-6.12323399573677E-17,7.49879891330929E-33));
#6209=DIRECTION('',(6.12323399573677E-17,1.,-1.22464679914735E-16));
#6210=DIRECTION('',(0.,1.22464679914735E-16,1.));
#6211=DIRECTION('',(0.,-1.,1.22464679914735E-16));
#6212=DIRECTION('',(0.,-1.22464679914735E-16,-1.));
#6213=DIRECTION('',(0.,-1.,1.22464679914735E-16));
#6214=DIRECTION('',(0.,-1.,1.22464679914735E-16));
#6215=DIRECTION('',(0.,-1.,1.22464679914735E-16));
#6216=DIRECTION('',(0.,-1.22464679914735E-16,-1.));
#6217=DIRECTION('',(0.,-1.,1.22464679914735E-16));
#6218=DIRECTION('',(0.,-1.,1.22464679914735E-16));
#6219=DIRECTION('',(1.,0.,0.));
#6220=DIRECTION('',(0.,1.22464679914735E-16,1.));
#6221=DIRECTION('',(1.,0.,0.));
#6222=DIRECTION('',(0.,1.22464679914735E-16,1.));
#6223=DIRECTION('',(0.,0.,1.));
#6224=DIRECTION('',(1.,0.,0.));
#6225=DIRECTION('',(0.,0.,1.));
#6226=DIRECTION('',(1.,0.,0.));
#6227=DIRECTION('',(1.,1.98254111540206E-16,0.));
#6228=DIRECTION('',(0.,-1.,0.));
#6229=DIRECTION('',(1.,1.98254111540206E-16,0.));
#6230=DIRECTION('',(0.,1.,0.));
#6231=DIRECTION('',(2.39272203583008E-16,-1.,0.));
#6232=DIRECTION('',(1.,0.,0.));
#6233=DIRECTION('',(0.,-1.,0.));
#6234=DIRECTION('',(1.,1.75668200098917E-16,0.));
#6235=DIRECTION('',(0.,0.,1.));
#6236=DIRECTION('',(1.,0.,0.));
#6237=DIRECTION('',(1.,1.98254111540206E-16,0.));
#6238=DIRECTION('',(0.,1.,0.));
#6239=DIRECTION('',(1.,1.98254111540206E-16,0.));
#6240=DIRECTION('',(0.,-1.,0.));
#6241=DIRECTION('',(1.,0.,0.));
#6242=DIRECTION('',(2.39272203583008E-16,-1.,0.));
#6243=DIRECTION('',(1.,1.75668200098917E-16,0.));
#6244=DIRECTION('',(0.,-1.,0.));
#6245=DIRECTION('',(-1.98254111540206E-16,1.,0.));
#6246=DIRECTION('',(-1.,-1.98254111540206E-16,0.));
#6247=DIRECTION('',(0.,0.,-1.));
#6248=DIRECTION('',(0.,0.,-1.));
#6249=DIRECTION('',(1.,0.,0.));
#6250=DIRECTION('',(0.,0.,-1.));
#6251=DIRECTION('',(0.,0.,-1.));
#6252=DIRECTION('',(-1.98254111540206E-16,1.,0.));
#6253=DIRECTION('',(-1.,-1.98254111540206E-16,0.));
#6254=DIRECTION('',(0.,0.,-1.));
#6255=DIRECTION('',(-1.,0.,0.));
#6256=DIRECTION('',(0.,0.,1.));
#6257=DIRECTION('',(0.,-1.,0.));
#6258=DIRECTION('',(0.,0.,-1.));
#6259=DIRECTION('',(0.,0.,1.));
#6260=DIRECTION('',(0.,0.,1.));
#6261=DIRECTION('',(-1.,-2.39272203583008E-16,0.));
#6262=DIRECTION('',(2.39272203583008E-16,-1.,0.));
#6263=DIRECTION('',(0.,0.,1.));
#6264=DIRECTION('',(1.75668200098917E-16,-1.,0.));
#6265=DIRECTION('',(1.,1.75668200098917E-16,0.));
#6266=DIRECTION('',(0.,0.,1.));
#6267=DIRECTION('',(-1.,0.,0.));
#6268=DIRECTION('',(0.,0.,1.));
#6269=DIRECTION('',(1.,0.,0.));
#6270=DIRECTION('',(0.,0.,1.));
#6271=DIRECTION('',(1.,0.,0.));
#6272=DIRECTION('',(0.,0.,-1.));
#6273=DIRECTION('',(0.,0.,-1.));
#6274=DIRECTION('',(0.,-1.,0.));
#6275=DIRECTION('',(0.,0.,1.));
#6276=DIRECTION('',(0.,-1.,0.));
#6277=DIRECTION('',(0.,0.,-1.));
#6278=DIRECTION('',(0.,-1.,0.));
#6279=DIRECTION('',(0.,0.,1.));
#6280=DIRECTION('',(0.,1.,0.));
#6281=DIRECTION('',(0.,0.,1.));
#6282=DIRECTION('',(0.,-1.,0.));
#6283=DIRECTION('',(0.,0.,1.));
#6284=DIRECTION('',(0.,1.,0.));
#6285=DIRECTION('',(0.,0.,-1.));
#6286=DIRECTION('',(0.,1.,0.));
#6287=DIRECTION('',(0.,0.,1.));
#6288=DIRECTION('',(0.,1.,0.));
#6289=DIRECTION('',(0.,0.,-1.));
#6290=DIRECTION('',(0.,-1.,0.));
#6291=DIRECTION('',(0.,0.,-1.));
#6292=DIRECTION('',(0.,1.,0.));
#6293=DIRECTION('',(1.,0.,0.));
#6294=DIRECTION('',(0.,0.,-1.));
#6295=DIRECTION('',(0.,-1.,0.));
#6296=DIRECTION('',(0.,0.,-1.));
#6297=DIRECTION('',(1.,0.,0.));
#6298=DIRECTION('',(0.,0.,1.));
#6299=DIRECTION('',(1.,0.,0.));
#6300=DIRECTION('',(0.,0.,-1.));
#6301=DIRECTION('',(0.,1.,0.));
#6302=DIRECTION('',(1.,0.,0.));
#6303=DIRECTION('',(0.,-1.,0.));
#6304=DIRECTION('',(0.,-1.,0.));
#6305=DIRECTION('',(0.,0.,-1.));
#6306=DIRECTION('',(1.,0.,0.));
#6307=DIRECTION('',(0.,0.,1.));
#6308=DIRECTION('',(0.,0.,1.));
#6309=DIRECTION('',(0.,-1.,0.));
#6310=DIRECTION('',(1.,0.,0.));
#6311=DIRECTION('',(0.,1.,0.));
#6312=DIRECTION('',(0.,-1.,0.));
#6313=DIRECTION('',(0.,0.,-1.));
#6314=DIRECTION('',(1.,0.,0.));
#6315=DIRECTION('',(0.,0.,1.));
#6316=DIRECTION('',(0.,0.,-1.));
#6317=DIRECTION('',(0.,1.,0.));
#6318=DIRECTION('',(1.,0.,0.));
#6319=DIRECTION('',(0.,-1.,0.));
#6320=DIRECTION('',(0.,1.,0.));
#6321=DIRECTION('',(0.,0.,1.));
#6322=DIRECTION('',(1.,0.,0.));
#6323=DIRECTION('',(0.,0.,-1.));
#6324=DIRECTION('',(0.,0.,-1.));
#6325=DIRECTION('',(0.,1.,0.));
#6326=DIRECTION('',(1.,0.,0.));
#6327=DIRECTION('',(0.,-1.,0.));
#6328=DIRECTION('',(0.,-1.,0.));
#6329=DIRECTION('',(0.,0.,-1.));
#6330=DIRECTION('',(1.,0.,0.));
#6331=DIRECTION('',(0.,0.,1.));
#6332=DIRECTION('',(0.,0.,-1.));
#6333=DIRECTION('',(0.,1.,0.));
#6334=DIRECTION('',(1.,0.,0.));
#6335=DIRECTION('',(0.,-1.,0.));
#6336=DIRECTION('',(0.,1.,0.));
#6337=DIRECTION('',(0.,0.,1.));
#6338=DIRECTION('',(1.,0.,0.));
#6339=DIRECTION('',(0.,0.,-1.));
#6340=DIRECTION('',(0.,0.,1.));
#6341=DIRECTION('',(0.,-1.,0.));
#6342=DIRECTION('',(1.,0.,0.));
#6343=DIRECTION('',(0.,1.,0.));
#6344=DIRECTION('',(0.,1.,0.));
#6345=DIRECTION('',(0.,0.,1.));
#6346=DIRECTION('',(1.,0.,0.));
#6347=DIRECTION('',(0.,0.,-1.));
#6348=DIRECTION('',(0.,0.,-1.));
#6349=DIRECTION('',(0.,1.,0.));
#6350=DIRECTION('',(1.,0.,0.));
#6351=DIRECTION('',(0.,-1.,0.));
#6352=DIRECTION('',(0.,1.,0.));
#6353=DIRECTION('',(0.,0.,1.));
#6354=DIRECTION('',(1.,0.,0.));
#6355=DIRECTION('',(0.,0.,-1.));
#6356=DIRECTION('',(0.,0.,1.));
#6357=DIRECTION('',(0.,-1.,0.));
#6358=DIRECTION('',(1.,0.,0.));
#6359=DIRECTION('',(0.,1.,0.));
#6360=DIRECTION('',(0.,-1.,0.));
#6361=DIRECTION('',(0.,0.,-1.));
#6362=DIRECTION('',(1.,0.,0.));
#6363=DIRECTION('',(0.,0.,1.));
#6364=DIRECTION('',(0.,0.,1.));
#6365=DIRECTION('',(0.,-1.,0.));
#6366=DIRECTION('',(1.,0.,0.));
#6367=DIRECTION('',(0.,1.,0.));
#6368=DIRECTION('',(0.,1.,0.));
#6369=DIRECTION('',(0.,0.,1.));
#6370=DIRECTION('',(1.,0.,0.));
#6371=DIRECTION('',(0.,0.,-1.));
#6372=DIRECTION('',(0.,0.,1.));
#6373=DIRECTION('',(0.,-1.,0.));
#6374=DIRECTION('',(0.,1.,0.));
#6375=DIRECTION('',(1.,0.,0.));
#6376=DIRECTION('',(0.,0.,-1.));
#6377=DIRECTION('',(1.,0.,0.));
#6378=DIRECTION('',(0.,0.,-1.));
#6379=DIRECTION('',(1.,0.,0.));
#6380=DIRECTION('',(0.,1.,0.));
#6381=DIRECTION('',(1.,0.,0.));
#6382=DIRECTION('',(0.,0.,-1.));
#6383=DIRECTION('',(0.,0.,1.));
#6384=DIRECTION('',(1.,0.,0.));
#6385=DIRECTION('',(0.,-1.,0.));
#6386=DIRECTION('',(0.,0.,-1.));
#6387=DIRECTION('',(1.,0.,0.));
#6388=DIRECTION('',(0.,0.,-1.));
#6389=DIRECTION('',(0.,0.,-1.));
#6390=DIRECTION('',(0.,-1.,0.));
#6391=DIRECTION('',(0.,0.,1.));
#6392=DIRECTION('',(0.,-1.,0.));
#6393=DIRECTION('',(0.,0.,-1.));
#6394=DIRECTION('',(0.,-1.,0.));
#6395=DIRECTION('',(0.,0.,1.));
#6396=DIRECTION('',(0.,1.,0.));
#6397=DIRECTION('',(0.,0.,1.));
#6398=DIRECTION('',(0.,-1.,0.));
#6399=DIRECTION('',(0.,0.,1.));
#6400=DIRECTION('',(0.,1.,0.));
#6401=DIRECTION('',(0.,0.,-1.));
#6402=DIRECTION('',(0.,1.,0.));
#6403=DIRECTION('',(0.,0.,1.));
#6404=DIRECTION('',(0.,1.,0.));
#6405=DIRECTION('',(0.,0.,-1.));
#6406=DIRECTION('',(0.,-1.,0.));
#6407=DIRECTION('',(0.,0.,-1.));
#6408=DIRECTION('',(0.,1.,0.));
#6409=DIRECTION('',(1.,0.,0.));
#6410=DIRECTION('',(0.,0.,-1.));
#6411=DIRECTION('',(0.,-1.,0.));
#6412=DIRECTION('',(0.,0.,-1.));
#6413=DIRECTION('',(1.,0.,0.));
#6414=DIRECTION('',(0.,0.,1.));
#6415=DIRECTION('',(1.,0.,0.));
#6416=DIRECTION('',(0.,0.,-1.));
#6417=DIRECTION('',(0.,1.,0.));
#6418=DIRECTION('',(1.,0.,0.));
#6419=DIRECTION('',(0.,-1.,0.));
#6420=DIRECTION('',(0.,-1.,0.));
#6421=DIRECTION('',(0.,0.,-1.));
#6422=DIRECTION('',(1.,0.,0.));
#6423=DIRECTION('',(0.,0.,1.));
#6424=DIRECTION('',(0.,0.,1.));
#6425=DIRECTION('',(0.,-1.,0.));
#6426=DIRECTION('',(1.,0.,0.));
#6427=DIRECTION('',(0.,1.,0.));
#6428=DIRECTION('',(0.,-1.,0.));
#6429=DIRECTION('',(0.,0.,-1.));
#6430=DIRECTION('',(1.,0.,0.));
#6431=DIRECTION('',(0.,0.,1.));
#6432=DIRECTION('',(0.,0.,-1.));
#6433=DIRECTION('',(0.,1.,0.));
#6434=DIRECTION('',(1.,0.,0.));
#6435=DIRECTION('',(0.,-1.,0.));
#6436=DIRECTION('',(0.,1.,0.));
#6437=DIRECTION('',(0.,0.,1.));
#6438=DIRECTION('',(1.,0.,0.));
#6439=DIRECTION('',(0.,0.,-1.));
#6440=DIRECTION('',(0.,0.,-1.));
#6441=DIRECTION('',(0.,1.,0.));
#6442=DIRECTION('',(1.,0.,0.));
#6443=DIRECTION('',(0.,-1.,0.));
#6444=DIRECTION('',(0.,-1.,0.));
#6445=DIRECTION('',(0.,0.,-1.));
#6446=DIRECTION('',(1.,0.,0.));
#6447=DIRECTION('',(0.,0.,1.));
#6448=DIRECTION('',(0.,0.,-1.));
#6449=DIRECTION('',(0.,1.,0.));
#6450=DIRECTION('',(1.,0.,0.));
#6451=DIRECTION('',(0.,-1.,0.));
#6452=DIRECTION('',(0.,1.,0.));
#6453=DIRECTION('',(0.,0.,1.));
#6454=DIRECTION('',(1.,0.,0.));
#6455=DIRECTION('',(0.,0.,-1.));
#6456=DIRECTION('',(0.,0.,1.));
#6457=DIRECTION('',(0.,-1.,0.));
#6458=DIRECTION('',(1.,0.,0.));
#6459=DIRECTION('',(0.,1.,0.));
#6460=DIRECTION('',(0.,1.,0.));
#6461=DIRECTION('',(0.,0.,1.));
#6462=DIRECTION('',(1.,0.,0.));
#6463=DIRECTION('',(0.,0.,-1.));
#6464=DIRECTION('',(0.,0.,-1.));
#6465=DIRECTION('',(0.,1.,0.));
#6466=DIRECTION('',(1.,0.,0.));
#6467=DIRECTION('',(0.,-1.,0.));
#6468=DIRECTION('',(0.,1.,0.));
#6469=DIRECTION('',(0.,0.,1.));
#6470=DIRECTION('',(1.,0.,0.));
#6471=DIRECTION('',(0.,0.,-1.));
#6472=DIRECTION('',(0.,0.,1.));
#6473=DIRECTION('',(0.,-1.,0.));
#6474=DIRECTION('',(1.,0.,0.));
#6475=DIRECTION('',(0.,1.,0.));
#6476=DIRECTION('',(0.,-1.,0.));
#6477=DIRECTION('',(0.,0.,-1.));
#6478=DIRECTION('',(1.,0.,0.));
#6479=DIRECTION('',(0.,0.,1.));
#6480=DIRECTION('',(0.,0.,1.));
#6481=DIRECTION('',(0.,-1.,0.));
#6482=DIRECTION('',(1.,0.,0.));
#6483=DIRECTION('',(0.,1.,0.));
#6484=DIRECTION('',(0.,1.,0.));
#6485=DIRECTION('',(0.,0.,1.));
#6486=DIRECTION('',(1.,0.,0.));
#6487=DIRECTION('',(0.,0.,-1.));
#6488=DIRECTION('',(0.,0.,1.));
#6489=DIRECTION('',(0.,-1.,0.));
#6490=DIRECTION('',(0.,1.,0.));
#6491=DIRECTION('',(1.,0.,0.));
#6492=DIRECTION('',(0.,0.,-1.));
#6493=DIRECTION('',(1.,0.,0.));
#6494=DIRECTION('',(0.,0.,-1.));
#6495=DIRECTION('',(1.,0.,0.));
#6496=DIRECTION('',(0.,1.,0.));
#6497=DIRECTION('',(1.,0.,0.));
#6498=DIRECTION('',(0.,0.,-1.));
#6499=DIRECTION('',(1.,0.,0.));
#6500=DIRECTION('',(0.,0.,-1.));
#6501=DIRECTION('',(0.,0.,-1.));
#6502=DIRECTION('',(0.,-1.,0.));
#6503=DIRECTION('',(0.,0.,1.));
#6504=DIRECTION('',(0.,-1.,0.));
#6505=DIRECTION('',(0.,0.,-1.));
#6506=DIRECTION('',(0.,-1.,0.));
#6507=DIRECTION('',(0.,0.,1.));
#6508=DIRECTION('',(0.,1.,0.));
#6509=DIRECTION('',(0.,0.,1.));
#6510=DIRECTION('',(0.,-1.,0.));
#6511=DIRECTION('',(0.,0.,1.));
#6512=DIRECTION('',(0.,1.,0.));
#6513=DIRECTION('',(0.,0.,-1.));
#6514=DIRECTION('',(0.,1.,0.));
#6515=DIRECTION('',(0.,0.,1.));
#6516=DIRECTION('',(0.,1.,0.));
#6517=DIRECTION('',(0.,0.,-1.));
#6518=DIRECTION('',(0.,-1.,0.));
#6519=DIRECTION('',(0.,0.,-1.));
#6520=DIRECTION('',(0.,1.,0.));
#6521=DIRECTION('',(1.,0.,0.));
#6522=DIRECTION('',(0.,0.,-1.));
#6523=DIRECTION('',(0.,-1.,0.));
#6524=DIRECTION('',(0.,0.,-1.));
#6525=DIRECTION('',(1.,0.,0.));
#6526=DIRECTION('',(0.,0.,1.));
#6527=DIRECTION('',(1.,0.,0.));
#6528=DIRECTION('',(0.,0.,-1.));
#6529=DIRECTION('',(0.,1.,0.));
#6530=DIRECTION('',(1.,0.,0.));
#6531=DIRECTION('',(0.,-1.,0.));
#6532=DIRECTION('',(0.,-1.,0.));
#6533=DIRECTION('',(0.,0.,-1.));
#6534=DIRECTION('',(1.,0.,0.));
#6535=DIRECTION('',(0.,0.,1.));
#6536=DIRECTION('',(0.,0.,1.));
#6537=DIRECTION('',(0.,-1.,0.));
#6538=DIRECTION('',(1.,0.,0.));
#6539=DIRECTION('',(0.,1.,0.));
#6540=DIRECTION('',(0.,-1.,0.));
#6541=DIRECTION('',(0.,0.,-1.));
#6542=DIRECTION('',(1.,0.,0.));
#6543=DIRECTION('',(0.,0.,1.));
#6544=DIRECTION('',(0.,0.,-1.));
#6545=DIRECTION('',(0.,1.,0.));
#6546=DIRECTION('',(1.,0.,0.));
#6547=DIRECTION('',(0.,-1.,0.));
#6548=DIRECTION('',(0.,1.,0.));
#6549=DIRECTION('',(0.,0.,1.));
#6550=DIRECTION('',(1.,0.,0.));
#6551=DIRECTION('',(0.,0.,-1.));
#6552=DIRECTION('',(0.,0.,-1.));
#6553=DIRECTION('',(0.,1.,0.));
#6554=DIRECTION('',(1.,0.,0.));
#6555=DIRECTION('',(0.,-1.,0.));
#6556=DIRECTION('',(0.,-1.,0.));
#6557=DIRECTION('',(0.,0.,-1.));
#6558=DIRECTION('',(1.,0.,0.));
#6559=DIRECTION('',(0.,0.,1.));
#6560=DIRECTION('',(0.,0.,-1.));
#6561=DIRECTION('',(0.,1.,0.));
#6562=DIRECTION('',(1.,0.,0.));
#6563=DIRECTION('',(0.,-1.,0.));
#6564=DIRECTION('',(0.,1.,0.));
#6565=DIRECTION('',(0.,0.,1.));
#6566=DIRECTION('',(1.,0.,0.));
#6567=DIRECTION('',(0.,0.,-1.));
#6568=DIRECTION('',(0.,0.,1.));
#6569=DIRECTION('',(0.,-1.,0.));
#6570=DIRECTION('',(1.,0.,0.));
#6571=DIRECTION('',(0.,1.,0.));
#6572=DIRECTION('',(0.,1.,0.));
#6573=DIRECTION('',(0.,0.,1.));
#6574=DIRECTION('',(1.,0.,0.));
#6575=DIRECTION('',(0.,0.,-1.));
#6576=DIRECTION('',(0.,0.,-1.));
#6577=DIRECTION('',(0.,1.,0.));
#6578=DIRECTION('',(1.,0.,0.));
#6579=DIRECTION('',(0.,-1.,0.));
#6580=DIRECTION('',(0.,1.,0.));
#6581=DIRECTION('',(0.,0.,1.));
#6582=DIRECTION('',(1.,0.,0.));
#6583=DIRECTION('',(0.,0.,-1.));
#6584=DIRECTION('',(0.,0.,1.));
#6585=DIRECTION('',(0.,-1.,0.));
#6586=DIRECTION('',(1.,0.,0.));
#6587=DIRECTION('',(0.,1.,0.));
#6588=DIRECTION('',(0.,-1.,0.));
#6589=DIRECTION('',(0.,0.,-1.));
#6590=DIRECTION('',(1.,0.,0.));
#6591=DIRECTION('',(0.,0.,1.));
#6592=DIRECTION('',(0.,0.,1.));
#6593=DIRECTION('',(0.,-1.,0.));
#6594=DIRECTION('',(1.,0.,0.));
#6595=DIRECTION('',(0.,1.,0.));
#6596=DIRECTION('',(0.,1.,0.));
#6597=DIRECTION('',(0.,0.,1.));
#6598=DIRECTION('',(1.,0.,0.));
#6599=DIRECTION('',(0.,0.,-1.));
#6600=DIRECTION('',(0.,0.,1.));
#6601=DIRECTION('',(0.,-1.,0.));
#6602=DIRECTION('',(0.,1.,0.));
#6603=DIRECTION('',(1.,0.,0.));
#6604=DIRECTION('',(0.,0.,-1.));
#6605=DIRECTION('',(1.,0.,0.));
#6606=DIRECTION('',(0.,0.,-1.));
#6607=DIRECTION('',(1.,0.,0.));
#6608=DIRECTION('',(0.,1.,0.));
#6609=DIRECTION('',(0.,0.,1.));
#6610=DIRECTION('',(0.,-1.,0.));
#6611=DIRECTION('',(0.,0.,1.));
#6612=DIRECTION('',(0.,-1.,0.));
#6613=DIRECTION('',(0.,1.,0.));
#6614=DIRECTION('',(0.,0.,1.));
#6615=DIRECTION('',(1.,0.,0.));
#6616=DIRECTION('',(0.,0.,-1.));
#6617=DIRECTION('',(1.,0.,0.));
#6618=DIRECTION('',(0.,0.,-1.));
#6619=DIRECTION('',(1.,0.,0.));
#6620=DIRECTION('',(0.,0.,-1.));
#6621=DIRECTION('',(0.,-1.,0.));
#6622=DIRECTION('',(0.,0.,-1.));
#6623=DIRECTION('',(0.,-1.,0.));
#6624=DIRECTION('',(0.,1.,0.));
#6625=DIRECTION('',(0.,0.,1.));
#6626=DIRECTION('',(1.,0.,0.));
#6627=DIRECTION('',(0.,0.,-1.));
#6628=DIRECTION('',(1.,0.,0.));
#6629=DIRECTION('',(1.,0.,0.));
#6630=DIRECTION('',(0.,0.,-1.));
#6631=DIRECTION('',(0.,-1.,0.));
#6632=DIRECTION('',(0.,-1.,0.));
#6633=DIRECTION('',(0.,0.,1.));
#6634=DIRECTION('',(1.,0.,0.));
#6635=DIRECTION('',(0.,0.,1.));
#6636=DIRECTION('',(1.,0.,0.));
#6637=DIRECTION('',(0.,-1.,0.));
#6638=DIRECTION('',(1.,0.,0.));
#6639=DIRECTION('',(0.,0.,1.));
#6640=DIRECTION('',(1.,0.,0.));
#6641=DIRECTION('',(0.,0.,1.));
#6642=DIRECTION('',(0.,-1.,0.));
#6643=DIRECTION('',(0.,0.,1.));
#6644=DIRECTION('',(1.,0.,0.));
#6645=DIRECTION('',(-1.,0.,0.));
#6646=DIRECTION('',(0.,0.,1.));
#6647=DIRECTION('',(0.,0.,1.));
#6648=DIRECTION('',(0.,-1.,0.));
#6649=DIRECTION('',(0.,0.,1.));
#6650=DIRECTION('',(1.,0.,0.));
#6651=DIRECTION('',(0.,0.,1.));
#6652=DIRECTION('',(1.,0.,0.));
#6653=DIRECTION('',(0.,0.,1.));
#6654=DIRECTION('',(1.,0.,0.));
#6655=CARTESIAN_POINT('',(0.,0.,0.));
#6656=CARTESIAN_POINT('',(2.77555756156289E-17,0.175,-0.01));
#6657=CARTESIAN_POINT('',(2.77555756156289E-17,0.175,0.));
#6658=CARTESIAN_POINT('',(-0.175,0.175,0.));
#6659=CARTESIAN_POINT('',(0.175,0.175,0.));
#6660=CARTESIAN_POINT('',(0.175,0.175,-0.01));
#6661=CARTESIAN_POINT('',(0.175,0.175,-0.01));
#6662=CARTESIAN_POINT('',(2.77555756156289E-17,0.175,-0.01));
#6663=CARTESIAN_POINT('',(-0.175,0.175,-0.01));
#6664=CARTESIAN_POINT('',(-0.175,0.175,-0.01));
#6665=CARTESIAN_POINT('',(-0.175,0.17,-0.01));
#6666=CARTESIAN_POINT('',(-0.175,0.17,0.));
#6667=CARTESIAN_POINT('',(-0.175,0.165,0.));
#6668=CARTESIAN_POINT('',(-0.175,0.17,-0.01));
#6669=CARTESIAN_POINT('',(-0.175,0.165,-0.01));
#6670=CARTESIAN_POINT('',(-0.175,0.165,-0.01));
#6671=CARTESIAN_POINT('',(0.,0.165,-0.01));
#6672=CARTESIAN_POINT('',(0.,0.165,0.));
#6673=CARTESIAN_POINT('',(0.175,0.165,0.));
#6674=CARTESIAN_POINT('',(0.,0.165,-0.01));
#6675=CARTESIAN_POINT('',(0.175,0.165,-0.01));
#6676=CARTESIAN_POINT('',(0.175,0.165,-0.01));
#6677=CARTESIAN_POINT('',(0.175,0.17,-0.01));
#6678=CARTESIAN_POINT('',(0.175,0.17,0.));
#6679=CARTESIAN_POINT('',(0.175,0.17,-0.01));
#6680=CARTESIAN_POINT('',(0.,2.77555756156289E-17,-0.01));
#6681=CARTESIAN_POINT('',(0.,0.215,0.01));
#6682=CARTESIAN_POINT('',(0.,0.215,0.));
#6683=CARTESIAN_POINT('',(-0.215,0.215,0.));
#6684=CARTESIAN_POINT('',(0.215,0.215,0.));
#6685=CARTESIAN_POINT('',(-0.215,0.215,0.01));
#6686=CARTESIAN_POINT('',(-0.215,0.215,0.01));
#6687=CARTESIAN_POINT('',(0.,0.215,0.01));
#6688=CARTESIAN_POINT('',(0.215,0.215,0.01));
#6689=CARTESIAN_POINT('',(0.215,0.215,0.01));
#6690=CARTESIAN_POINT('',(-0.215,-5.55111512312578E-17,0.01));
#6691=CARTESIAN_POINT('',(-0.215,-5.55111512312578E-17,0.));
#6692=CARTESIAN_POINT('',(-0.215,-0.215,0.));
#6693=CARTESIAN_POINT('',(-0.215,-0.215,0.01));
#6694=CARTESIAN_POINT('',(-0.215,-0.215,0.01));
#6695=CARTESIAN_POINT('',(-0.215,-5.55111512312578E-17,0.01));
#6696=CARTESIAN_POINT('',(0.,-0.215,0.01));
#6697=CARTESIAN_POINT('',(0.,-0.215,0.));
#6698=CARTESIAN_POINT('',(0.215,-0.215,0.));
#6699=CARTESIAN_POINT('',(0.215,-0.215,0.01));
#6700=CARTESIAN_POINT('',(0.215,-0.215,0.01));
#6701=CARTESIAN_POINT('',(0.,-0.215,0.01));
#6702=CARTESIAN_POINT('',(0.215,2.77555756156289E-17,0.01));
#6703=CARTESIAN_POINT('',(0.215,2.77555756156289E-17,0.));
#6704=CARTESIAN_POINT('',(0.215,2.77555756156289E-17,0.01));
#6705=CARTESIAN_POINT('',(0.,-2.77555756156289E-17,0.01));
#6706=CARTESIAN_POINT('',(-0.115,-7.17738477489867E-18,0.01));
#6707=CARTESIAN_POINT('',(-0.079,-7.17738477489867E-18,0.01));
#6708=CARTESIAN_POINT('',(0.115,0.,0.01));
#6709=CARTESIAN_POINT('',(0.141,0.,0.01));
#6710=CARTESIAN_POINT('',(-0.072,-0.115,0.01));
#6711=CARTESIAN_POINT('',(-0.037,-0.115,0.01));
#6712=CARTESIAN_POINT('',(0.072,-0.115,0.01));
#6713=CARTESIAN_POINT('',(0.098,-0.115,0.01));
#6714=CARTESIAN_POINT('',(0.,-0.115,0.01));
#6715=CARTESIAN_POINT('',(0.026,-0.115,0.01));
#6716=CARTESIAN_POINT('',(-0.072,0.115,0.01));
#6717=CARTESIAN_POINT('',(-0.046,0.115,0.01));
#6718=CARTESIAN_POINT('',(0.072,0.115,0.01));
#6719=CARTESIAN_POINT('',(0.098,0.115,0.01));
#6720=CARTESIAN_POINT('',(0.,0.115,0.01));
#6721=CARTESIAN_POINT('',(0.026,0.115,0.01));
#6722=CARTESIAN_POINT('',(0.,0.,0.01));
#6723=CARTESIAN_POINT('',(0.0475,0.,0.01));
#6724=CARTESIAN_POINT('',(0.,-2.77555756156289E-17,0.));
#6725=CARTESIAN_POINT('',(-0.175,-0.17,0.));
#6726=CARTESIAN_POINT('',(-0.175,-0.165,0.));
#6727=CARTESIAN_POINT('',(-0.175,-0.175,0.));
#6728=CARTESIAN_POINT('',(2.77555756156289E-17,-0.175,0.));
#6729=CARTESIAN_POINT('',(0.175,-0.175,0.));
#6730=CARTESIAN_POINT('',(0.175,-0.17,0.));
#6731=CARTESIAN_POINT('',(0.175,-0.165,0.));
#6732=CARTESIAN_POINT('',(0.,-0.165,0.));
#6733=CARTESIAN_POINT('',(-0.072,-0.115,0.));
#6734=CARTESIAN_POINT('',(-0.041,-0.115,0.));
#6735=CARTESIAN_POINT('',(-0.115,-1.38777878078145E-17,0.));
#6736=CARTESIAN_POINT('',(-0.084,-1.38777878078145E-17,0.));
#6737=CARTESIAN_POINT('',(0.,0.,0.));
#6738=CARTESIAN_POINT('',(0.0425,0.,0.));
#6739=CARTESIAN_POINT('',(0.115,0.,0.));
#6740=CARTESIAN_POINT('',(0.136,0.,0.));
#6741=CARTESIAN_POINT('',(0.072,-0.115,0.));
#6742=CARTESIAN_POINT('',(0.093,-0.115,0.));
#6743=CARTESIAN_POINT('',(0.,-0.115,0.));
#6744=CARTESIAN_POINT('',(0.021,-0.115,0.));
#6745=CARTESIAN_POINT('',(-0.072,0.115,0.));
#6746=CARTESIAN_POINT('',(-0.051,0.115,0.));
#6747=CARTESIAN_POINT('',(0.072,0.115,0.));
#6748=CARTESIAN_POINT('',(0.093,0.115,0.));
#6749=CARTESIAN_POINT('',(0.,0.115,0.));
#6750=CARTESIAN_POINT('',(0.021,0.115,0.));
#6751=CARTESIAN_POINT('',(0.,0.115,0.01));
#6752=CARTESIAN_POINT('',(0.,0.115,0.02));
#6753=CARTESIAN_POINT('',(0.021,0.115,0.02));
#6754=CARTESIAN_POINT('',(0.072,0.115,0.01));
#6755=CARTESIAN_POINT('',(0.072,0.115,0.02));
#6756=CARTESIAN_POINT('',(0.093,0.115,0.02));
#6757=CARTESIAN_POINT('',(-0.072,0.115,0.01));
#6758=CARTESIAN_POINT('',(-0.072,0.115,0.02));
#6759=CARTESIAN_POINT('',(-0.051,0.115,0.02));
#6760=CARTESIAN_POINT('',(0.,-0.115,0.01));
#6761=CARTESIAN_POINT('',(0.,-0.115,0.02));
#6762=CARTESIAN_POINT('',(0.021,-0.115,0.02));
#6763=CARTESIAN_POINT('',(0.072,-0.115,0.01));
#6764=CARTESIAN_POINT('',(0.072,-0.115,0.02));
#6765=CARTESIAN_POINT('',(0.093,-0.115,0.02));
#6766=CARTESIAN_POINT('',(0.115,0.,0.01));
#6767=CARTESIAN_POINT('',(0.115,0.,0.02));
#6768=CARTESIAN_POINT('',(0.136,0.,0.02));
#6769=CARTESIAN_POINT('',(0.,0.,0.01));
#6770=CARTESIAN_POINT('',(0.,0.,0.02));
#6771=CARTESIAN_POINT('',(0.0425,0.,0.02));
#6772=CARTESIAN_POINT('',(-0.115,-1.38777878078145E-17,0.01));
#6773=CARTESIAN_POINT('',(-0.115,-7.17738477489867E-18,0.02));
#6774=CARTESIAN_POINT('',(-0.084,-7.17738477489867E-18,0.02));
#6775=CARTESIAN_POINT('',(-0.072,-0.115,0.01));
#6776=CARTESIAN_POINT('',(-0.072,-0.115,0.01));
#6777=CARTESIAN_POINT('',(-0.103,-0.115,0.01));
#6778=CARTESIAN_POINT('',(2.77555756156289E-17,-0.175,-0.01));
#6779=CARTESIAN_POINT('',(-0.175,-0.175,-0.01));
#6780=CARTESIAN_POINT('',(-0.175,-0.175,-0.01));
#6781=CARTESIAN_POINT('',(2.77555756156289E-17,-0.175,-0.01));
#6782=CARTESIAN_POINT('',(0.175,-0.175,-0.01));
#6783=CARTESIAN_POINT('',(0.175,-0.175,-0.01));
#6784=CARTESIAN_POINT('',(-0.175,-0.17,-0.01));
#6785=CARTESIAN_POINT('',(-0.175,-0.165,-0.01));
#6786=CARTESIAN_POINT('',(-0.175,-0.165,-0.01));
#6787=CARTESIAN_POINT('',(-0.175,-0.17,-0.01));
#6788=CARTESIAN_POINT('',(0.,-0.165,-0.01));
#6789=CARTESIAN_POINT('',(0.175,-0.165,-0.01));
#6790=CARTESIAN_POINT('',(0.175,-0.165,-0.01));
#6791=CARTESIAN_POINT('',(0.,-0.165,-0.01));
#6792=CARTESIAN_POINT('',(0.175,-0.17,-0.01));
#6793=CARTESIAN_POINT('',(0.175,-0.17,-0.01));
#6794=CARTESIAN_POINT('',(0.,-2.77555756156289E-17,-0.01));
#6795=CARTESIAN_POINT('',(0.,0.,0.02));
#6796=CARTESIAN_POINT('',(0.,0.,0.02));
#6797=CARTESIAN_POINT('',(0.0475,0.,0.02));
#6798=CARTESIAN_POINT('',(0.,0.,0.02));
#6799=CARTESIAN_POINT('',(0.,0.115,0.02));
#6800=CARTESIAN_POINT('',(0.,0.115,0.02));
#6801=CARTESIAN_POINT('',(0.026,0.115,0.02));
#6802=CARTESIAN_POINT('',(0.,0.115,0.02));
#6803=CARTESIAN_POINT('',(0.072,0.115,0.02));
#6804=CARTESIAN_POINT('',(0.072,0.115,0.02));
#6805=CARTESIAN_POINT('',(0.098,0.115,0.02));
#6806=CARTESIAN_POINT('',(0.072,0.115,0.02));
#6807=CARTESIAN_POINT('',(-0.072,0.115,0.02));
#6808=CARTESIAN_POINT('',(-0.072,0.115,0.02));
#6809=CARTESIAN_POINT('',(-0.046,0.115,0.02));
#6810=CARTESIAN_POINT('',(-0.072,0.115,0.02));
#6811=CARTESIAN_POINT('',(0.,-0.115,0.02));
#6812=CARTESIAN_POINT('',(0.,-0.115,0.02));
#6813=CARTESIAN_POINT('',(0.026,-0.115,0.02));
#6814=CARTESIAN_POINT('',(0.,-0.115,0.02));
#6815=CARTESIAN_POINT('',(0.072,-0.115,0.02));
#6816=CARTESIAN_POINT('',(0.072,-0.115,0.02));
#6817=CARTESIAN_POINT('',(0.098,-0.115,0.02));
#6818=CARTESIAN_POINT('',(0.072,-0.115,0.02));
#6819=CARTESIAN_POINT('',(-0.072,-0.115,0.01));
#6820=CARTESIAN_POINT('',(-0.072,-0.115,0.01));
#6821=CARTESIAN_POINT('',(-0.042,-0.115,0.01));
#6822=CARTESIAN_POINT('',(-0.072,-0.115,0.02));
#6823=CARTESIAN_POINT('',(-0.072,-0.115,0.02));
#6824=CARTESIAN_POINT('',(-0.042,-0.115,0.02));
#6825=CARTESIAN_POINT('',(-0.072,-0.115,0.02));
#6826=CARTESIAN_POINT('',(-0.072,-0.115,0.02));
#6827=CARTESIAN_POINT('',(-0.037,-0.115,0.02));
#6828=CARTESIAN_POINT('',(-0.072,-0.115,0.02));
#6829=CARTESIAN_POINT('',(0.115,0.,0.02));
#6830=CARTESIAN_POINT('',(0.115,0.,0.02));
#6831=CARTESIAN_POINT('',(0.141,0.,0.02));
#6832=CARTESIAN_POINT('',(0.115,0.,0.02));
#6833=CARTESIAN_POINT('',(-0.115,-7.17738477489867E-18,0.02));
#6834=CARTESIAN_POINT('',(-0.115,-7.17738477489867E-18,0.02));
#6835=CARTESIAN_POINT('',(-0.079,-7.17738477489867E-18,0.02));
#6836=CARTESIAN_POINT('',(-0.115,-7.17738477489867E-18,0.02));
#6837=CARTESIAN_POINT('',(-0.000191326727160523,-0.00118997684291142,0.551642496839079));
#6838=CARTESIAN_POINT('',(0.215,-0.039,0.01));
#6839=CARTESIAN_POINT('',(1.83697019872104E-18,-0.039,0.01));
#6840=CARTESIAN_POINT('',(1.83697019872104E-18,-0.03,0.01));
#6841=CARTESIAN_POINT('',(1.83697019872104E-18,-2.77555756156289E-17,0.01));
#6842=CARTESIAN_POINT('',(0.215,-0.03,0.01));
#6843=CARTESIAN_POINT('',(0.43,-0.03,0.01));
#6844=CARTESIAN_POINT('',(0.43,-0.039,0.01));
#6845=CARTESIAN_POINT('',(0.43,2.63156680274635E-17,0.01));
#6846=CARTESIAN_POINT('',(0.215,-1.42381542045802E-20,0.01));
#6847=CARTESIAN_POINT('',(1.83697019872104E-18,-0.039,0.01));
#6848=CARTESIAN_POINT('',(1.83697019872104E-18,-0.039,0.005));
#6849=CARTESIAN_POINT('',(1.83697019872104E-18,-0.048,0.005));
#6850=CARTESIAN_POINT('',(1.83697019872104E-18,-0.03,0.005));
#6851=CARTESIAN_POINT('',(1.83697019872104E-18,-0.03,0.005));
#6852=CARTESIAN_POINT('',(1.83697019872104E-18,-2.77555756156289E-17,0.01));
#6853=CARTESIAN_POINT('',(1.83697019872104E-18,-2.77555756156289E-17,0.));
#6854=CARTESIAN_POINT('',(1.83697019872104E-18,-0.039,0.));
#6855=CARTESIAN_POINT('',(1.83697019872104E-18,-0.078,0.));
#6856=CARTESIAN_POINT('',(1.83697019872104E-18,-0.078,0.01));
#6857=CARTESIAN_POINT('',(1.83697019872104E-18,-0.078,0.01));
#6858=CARTESIAN_POINT('',(1.83697019872104E-18,-0.039,0.01));
#6859=CARTESIAN_POINT('',(1.83697019872104E-18,-0.048,0.01));
#6860=CARTESIAN_POINT('',(1.83697019872104E-18,-0.048,0.005));
#6861=CARTESIAN_POINT('',(0.215,-0.078,0.01));
#6862=CARTESIAN_POINT('',(0.215,-0.078,0.));
#6863=CARTESIAN_POINT('',(0.43,-0.078,0.));
#6864=CARTESIAN_POINT('',(0.43,-0.078,0.01));
#6865=CARTESIAN_POINT('',(0.43,-0.078,0.01));
#6866=CARTESIAN_POINT('',(0.215,-0.078,0.01));
#6867=CARTESIAN_POINT('',(0.43,-0.039,0.01));
#6868=CARTESIAN_POINT('',(0.43,-0.039,0.005));
#6869=CARTESIAN_POINT('',(0.43,-0.048,0.005));
#6870=CARTESIAN_POINT('',(0.43,-0.03,0.005));
#6871=CARTESIAN_POINT('',(0.43,-0.048,0.005));
#6872=CARTESIAN_POINT('',(0.43,-0.048,0.01));
#6873=CARTESIAN_POINT('',(0.43,-0.039,0.01));
#6874=CARTESIAN_POINT('',(0.43,-0.039,0.));
#6875=CARTESIAN_POINT('',(0.43,2.63156680274635E-17,0.));
#6876=CARTESIAN_POINT('',(0.43,2.63156680274635E-17,0.01));
#6877=CARTESIAN_POINT('',(0.43,-0.03,0.005));
#6878=CARTESIAN_POINT('',(0.215,-1.42381542045802E-20,0.01));
#6879=CARTESIAN_POINT('',(0.215,-1.42381542045802E-20,0.));
#6880=CARTESIAN_POINT('',(0.215,-0.039,0.01));
#6881=CARTESIAN_POINT('',(0.215,-0.048,0.01));
#6882=CARTESIAN_POINT('',(0.215,-0.039,0.));
#6883=CARTESIAN_POINT('',(0.215,-0.048,0.005));
#6884=CARTESIAN_POINT('',(0.215,-0.048,0.005));
#6885=CARTESIAN_POINT('',(0.215,-0.03,0.005));
#6886=CARTESIAN_POINT('',(0.215,-0.03,0.005));
#6887=CARTESIAN_POINT('',(0.215,-0.039,0.005));
#6888=CARTESIAN_POINT('',(0.611804624691913,-0.039,0.204));
#6889=CARTESIAN_POINT('',(0.235,-0.039,0.01));
#6890=CARTESIAN_POINT('',(0.205,-0.01,0.01));
#6891=CARTESIAN_POINT('',(0.02,-0.01,0.01));
#6892=CARTESIAN_POINT('',(0.39,-0.01,0.01));
#6893=CARTESIAN_POINT('',(0.39,-0.039,0.01));
#6894=CARTESIAN_POINT('',(0.39,-0.03,0.01));
#6895=CARTESIAN_POINT('',(0.235,-0.03,0.01));
#6896=CARTESIAN_POINT('',(0.47,-0.03,0.01));
#6897=CARTESIAN_POINT('',(0.47,-0.039,0.01));
#6898=CARTESIAN_POINT('',(0.47,3.12142552240529E-17,0.01));
#6899=CARTESIAN_POINT('',(0.235,2.43505544409013E-18,0.01));
#6900=CARTESIAN_POINT('',(1.83697019872104E-18,-2.77555756156289E-17,0.01));
#6901=CARTESIAN_POINT('',(1.83697019872104E-18,-0.039,0.01));
#6902=CARTESIAN_POINT('',(1.83697019872104E-18,-0.03,0.01));
#6903=CARTESIAN_POINT('',(0.235,-0.03,0.01));
#6904=CARTESIAN_POINT('',(0.02,-0.03,0.01));
#6905=CARTESIAN_POINT('',(0.02,-0.039,0.01));
#6906=CARTESIAN_POINT('',(0.235,-0.039,0.01));
#6907=CARTESIAN_POINT('',(0.235,-0.048,0.01));
#6908=CARTESIAN_POINT('',(0.39,-0.048,0.01));
#6909=CARTESIAN_POINT('',(0.47,-0.048,0.01));
#6910=CARTESIAN_POINT('',(0.39,-0.039,0.01));
#6911=CARTESIAN_POINT('',(0.39,-0.068,0.01));
#6912=CARTESIAN_POINT('',(0.205,-0.068,0.01));
#6913=CARTESIAN_POINT('',(0.02,-0.068,0.01));
#6914=CARTESIAN_POINT('',(0.02,-0.039,0.01));
#6915=CARTESIAN_POINT('',(0.02,-0.048,0.01));
#6916=CARTESIAN_POINT('',(0.235,-0.048,0.01));
#6917=CARTESIAN_POINT('',(1.83697019872104E-18,-0.048,0.01));
#6918=CARTESIAN_POINT('',(1.83697019872104E-18,-0.039,0.01));
#6919=CARTESIAN_POINT('',(1.83697019872104E-18,-0.078,0.01));
#6920=CARTESIAN_POINT('',(0.235,-0.078,0.01));
#6921=CARTESIAN_POINT('',(0.47,-0.078,0.01));
#6922=CARTESIAN_POINT('',(0.47,-0.039,0.01));
#6923=CARTESIAN_POINT('',(0.235,-0.039,0.));
#6924=CARTESIAN_POINT('',(1.83697019872104E-18,-0.039,0.));
#6925=CARTESIAN_POINT('',(1.83697019872104E-18,-0.078,0.));
#6926=CARTESIAN_POINT('',(1.83697019872104E-18,-2.77555756156289E-17,0.));
#6927=CARTESIAN_POINT('',(0.235,2.43505544409013E-18,0.));
#6928=CARTESIAN_POINT('',(0.47,3.12142552240529E-17,0.));
#6929=CARTESIAN_POINT('',(0.47,-0.039,0.));
#6930=CARTESIAN_POINT('',(0.47,-0.078,0.));
#6931=CARTESIAN_POINT('',(0.235,-0.078,0.));
#6932=CARTESIAN_POINT('',(0.39,-0.039,0.));
#6933=CARTESIAN_POINT('',(0.39,-0.01,0.));
#6934=CARTESIAN_POINT('',(0.39,-0.068,0.));
#6935=CARTESIAN_POINT('',(0.235,-0.01,0.));
#6936=CARTESIAN_POINT('',(0.02,-0.01,0.));
#6937=CARTESIAN_POINT('',(0.02,-0.039,0.));
#6938=CARTESIAN_POINT('',(0.02,-0.068,0.));
#6939=CARTESIAN_POINT('',(0.235,-0.068,0.));
#6940=CARTESIAN_POINT('',(0.235,-0.048,0.005));
#6941=CARTESIAN_POINT('',(0.39,-0.048,0.005));
#6942=CARTESIAN_POINT('',(0.39,-0.048,0.005));
#6943=CARTESIAN_POINT('',(0.47,-0.048,0.005));
#6944=CARTESIAN_POINT('',(0.47,-0.048,0.005));
#6945=CARTESIAN_POINT('',(0.235,-0.048,0.005));
#6946=CARTESIAN_POINT('',(0.235,-0.03,0.005));
#6947=CARTESIAN_POINT('',(0.39,-0.03,0.005));
#6948=CARTESIAN_POINT('',(0.39,-0.03,0.005));
#6949=CARTESIAN_POINT('',(0.235,-0.03,0.005));
#6950=CARTESIAN_POINT('',(0.47,-0.03,0.005));
#6951=CARTESIAN_POINT('',(0.47,-0.03,0.005));
#6952=CARTESIAN_POINT('',(0.235,-0.039,0.005));
#6953=CARTESIAN_POINT('',(0.39,-0.039,0.005));
#6954=CARTESIAN_POINT('',(0.47,-0.039,0.005));
#6955=CARTESIAN_POINT('',(1.83697019872104E-18,-0.039,0.01));
#6956=CARTESIAN_POINT('',(1.83697019872104E-18,-0.039,0.005));
#6957=CARTESIAN_POINT('',(1.83697019872104E-18,-0.048,0.005));
#6958=CARTESIAN_POINT('',(1.83697019872104E-18,-0.03,0.005));
#6959=CARTESIAN_POINT('',(1.83697019872104E-18,-0.03,0.005));
#6960=CARTESIAN_POINT('',(1.83697019872104E-18,-2.77555756156289E-17,0.01));
#6961=CARTESIAN_POINT('',(1.83697019872104E-18,-0.078,0.01));
#6962=CARTESIAN_POINT('',(1.83697019872104E-18,-0.048,0.005));
#6963=CARTESIAN_POINT('',(0.235,-0.078,0.01));
#6964=CARTESIAN_POINT('',(0.47,-0.078,0.01));
#6965=CARTESIAN_POINT('',(0.47,-0.039,0.01));
#6966=CARTESIAN_POINT('',(0.47,3.12142552240529E-17,0.01));
#6967=CARTESIAN_POINT('',(0.235,2.43505544409013E-18,0.01));
#6968=CARTESIAN_POINT('',(0.235,-0.048,0.005));
#6969=CARTESIAN_POINT('',(0.02,-0.048,0.005));
#6970=CARTESIAN_POINT('',(0.02,-0.048,0.005));
#6971=CARTESIAN_POINT('',(0.235,-0.048,0.005));
#6972=CARTESIAN_POINT('',(0.235,-0.03,0.005));
#6973=CARTESIAN_POINT('',(0.02,-0.03,0.005));
#6974=CARTESIAN_POINT('',(0.02,-0.03,0.005));
#6975=CARTESIAN_POINT('',(0.235,-0.03,0.005));
#6976=CARTESIAN_POINT('',(0.235,-0.039,0.005));
#6977=CARTESIAN_POINT('',(0.02,-0.039,0.005));
#6978=CARTESIAN_POINT('',(0.205,-0.01,-0.015));
#6979=CARTESIAN_POINT('',(0.39,-0.01,-0.015));
#6980=CARTESIAN_POINT('',(0.02,-0.01,-0.015));
#6981=CARTESIAN_POINT('',(0.205,-0.068,-0.015));
#6982=CARTESIAN_POINT('',(0.02,-0.068,-0.015));
#6983=CARTESIAN_POINT('',(0.39,-0.068,-0.015));
#6984=CARTESIAN_POINT('',(0.39,-0.039,-0.015));
#6985=CARTESIAN_POINT('',(0.02,-0.039,-0.015));
#6986=CARTESIAN_POINT('',(0.345456798604956,0.039,0.244));
#6987=CARTESIAN_POINT('',(-0.1,5.55111512312578E-17,-0.02));
#6988=CARTESIAN_POINT('',(-0.1,0.3,-0.02));
#6989=CARTESIAN_POINT('',(-0.6,0.3,-0.02));
#6990=CARTESIAN_POINT('',(0.4,0.3,-0.02));
#6991=CARTESIAN_POINT('',(0.4,5.55111512312578E-17,-0.02));
#6992=CARTESIAN_POINT('',(0.4,-0.3,-0.02));
#6993=CARTESIAN_POINT('',(-0.1,-0.3,-0.02));
#6994=CARTESIAN_POINT('',(-0.6,-0.3,-0.02));
#6995=CARTESIAN_POINT('',(-0.6,5.55111512312578E-17,-0.02));
#6996=CARTESIAN_POINT('',(-0.546,5.55111512312578E-17,-0.02));
#6997=CARTESIAN_POINT('',(-0.546,-0.2,-0.02));
#6998=CARTESIAN_POINT('',(-0.546,0.2,-0.02));
#6999=CARTESIAN_POINT('',(-0.1,-0.2,-0.02));
#7000=CARTESIAN_POINT('',(-0.146,-0.2,-0.02));
#7001=CARTESIAN_POINT('',(-0.146,5.55111512312578E-17,-0.02));
#7002=CARTESIAN_POINT('',(-0.146,-0.055,-0.02));
#7003=CARTESIAN_POINT('',(-0.1,-0.055,-0.02));
#7004=CARTESIAN_POINT('',(0.354,-0.055,-0.02));
#7005=CARTESIAN_POINT('',(0.354,5.55111512312578E-17,-0.02));
#7006=CARTESIAN_POINT('',(0.354,0.055,-0.02));
#7007=CARTESIAN_POINT('',(-0.1,0.055,-0.02));
#7008=CARTESIAN_POINT('',(-0.146,0.055,-0.02));
#7009=CARTESIAN_POINT('',(-0.146,4.67059341394032E-17,-0.02));
#7010=CARTESIAN_POINT('',(-0.146,0.2,-0.02));
#7011=CARTESIAN_POINT('',(-0.1,0.2,-0.02));
#7012=CARTESIAN_POINT('',(-0.1,5.55111512312578E-17,0.));
#7013=CARTESIAN_POINT('',(-0.1,0.3,0.));
#7014=CARTESIAN_POINT('',(-0.6,0.3,0.));
#7015=CARTESIAN_POINT('',(0.4,0.3,0.));
#7016=CARTESIAN_POINT('',(-0.6,5.55111512312578E-17,0.));
#7017=CARTESIAN_POINT('',(-0.6,-0.3,0.));
#7018=CARTESIAN_POINT('',(-0.1,-0.3,0.));
#7019=CARTESIAN_POINT('',(0.4,-0.3,0.));
#7020=CARTESIAN_POINT('',(0.4,5.55111512312578E-17,0.));
#7021=CARTESIAN_POINT('',(-0.346,-0.2,0.));
#7022=CARTESIAN_POINT('',(-0.146,-0.2,0.));
#7023=CARTESIAN_POINT('',(-0.546,-0.2,0.));
#7024=CARTESIAN_POINT('',(-0.546,0.1,0.));
#7025=CARTESIAN_POINT('',(-0.546,0.2,0.));
#7026=CARTESIAN_POINT('',(-0.346,0.2,0.));
#7027=CARTESIAN_POINT('',(-0.146,0.2,0.));
#7028=CARTESIAN_POINT('',(-0.146,0.1275,0.));
#7029=CARTESIAN_POINT('',(-0.146,0.055,0.));
#7030=CARTESIAN_POINT('',(0.104,0.055,0.));
#7031=CARTESIAN_POINT('',(0.354,0.055,0.));
#7032=CARTESIAN_POINT('',(0.354,-0.0275,0.));
#7033=CARTESIAN_POINT('',(0.354,-0.055,0.));
#7034=CARTESIAN_POINT('',(0.104,-0.055,0.));
#7035=CARTESIAN_POINT('',(-0.146,-0.055,0.));
#7036=CARTESIAN_POINT('',(-0.146,-0.1275,0.));
#7037=CARTESIAN_POINT('',(-0.1,0.3,-0.02));
#7038=CARTESIAN_POINT('',(0.4,0.3,-0.02));
#7039=CARTESIAN_POINT('',(-0.6,0.3,-0.02));
#7040=CARTESIAN_POINT('',(-0.6,5.55111512312578E-17,-0.02));
#7041=CARTESIAN_POINT('',(-0.6,-0.3,-0.02));
#7042=CARTESIAN_POINT('',(-0.1,-0.3,-0.02));
#7043=CARTESIAN_POINT('',(0.4,-0.3,-0.02));
#7044=CARTESIAN_POINT('',(0.4,5.55111512312578E-17,-0.02));
#7045=CARTESIAN_POINT('',(-0.546,0.1,-0.25));
#7046=CARTESIAN_POINT('',(-0.546,0.2,-0.25));
#7047=CARTESIAN_POINT('',(-0.546,-0.2,-0.25));
#7048=CARTESIAN_POINT('',(-0.346,-0.2,-0.25));
#7049=CARTESIAN_POINT('',(-0.146,-0.2,-0.25));
#7050=CARTESIAN_POINT('',(-0.146,-0.1275,-0.25));
#7051=CARTESIAN_POINT('',(-0.146,-0.055,-0.25));
#7052=CARTESIAN_POINT('',(0.104,-0.055,-0.25));
#7053=CARTESIAN_POINT('',(0.354,-0.055,-0.25));
#7054=CARTESIAN_POINT('',(0.354,-0.0275,-0.25));
#7055=CARTESIAN_POINT('',(0.354,0.055,-0.25));
#7056=CARTESIAN_POINT('',(0.104,0.055,-0.25));
#7057=CARTESIAN_POINT('',(-0.146,0.055,-0.25));
#7058=CARTESIAN_POINT('',(-0.146,0.1275,-0.25));
#7059=CARTESIAN_POINT('',(-0.146,0.2,-0.25));
#7060=CARTESIAN_POINT('',(-0.346,0.2,-0.25));
#7061=CARTESIAN_POINT('',(0.345630711648434,2.84508063801431E-17,-0.0229460593535076));
#7062=CARTESIAN_POINT('',(0.45,0.035,-0.49));
#7063=CARTESIAN_POINT('',(0.198,0.035,-0.49));
#7064=CARTESIAN_POINT('',(0.198,0.035,0.));
#7065=CARTESIAN_POINT('',(0.198,0.035,-0.23));
#7066=CARTESIAN_POINT('',(0.25,0.035,0.));
#7067=CARTESIAN_POINT('',(0.18,0.035,0.));
#7068=CARTESIAN_POINT('',(0.18,0.035,-0.25));
#7069=CARTESIAN_POINT('',(0.18,0.035,-0.23));
#7070=CARTESIAN_POINT('',(0.25,0.035,-0.23));
#7071=CARTESIAN_POINT('',(0.45,-0.035,-0.49));
#7072=CARTESIAN_POINT('',(0.198,-0.035,-0.49));
#7073=CARTESIAN_POINT('',(0.198,-0.035,-0.23));
#7074=CARTESIAN_POINT('',(0.198,-0.035,0.));
#7075=CARTESIAN_POINT('',(0.45,-0.035,-0.23));
#7076=CARTESIAN_POINT('',(0.18,-0.035,-0.23));
#7077=CARTESIAN_POINT('',(0.18,-0.035,-0.49));
#7078=CARTESIAN_POINT('',(0.18,-0.035,0.));
#7079=CARTESIAN_POINT('',(0.25,-0.035,0.));
#7080=CARTESIAN_POINT('',(0.25,0.,-0.23));
#7081=CARTESIAN_POINT('',(0.198,0.,-0.23));
#7082=CARTESIAN_POINT('',(0.18,0.,-0.23));
#7083=CARTESIAN_POINT('',(0.18,0.18,-0.23));
#7084=CARTESIAN_POINT('',(0.25,0.18,-0.23));
#7085=CARTESIAN_POINT('',(-0.18,0.18,-0.23));
#7086=CARTESIAN_POINT('',(-0.18,0.,-0.23));
#7087=CARTESIAN_POINT('',(-0.18,-0.18,-0.23));
#7088=CARTESIAN_POINT('',(0.25,-0.18,-0.23));
#7089=CARTESIAN_POINT('',(0.18,-0.18,-0.23));
#7090=CARTESIAN_POINT('',(0.18,0.,-0.23));
#7091=CARTESIAN_POINT('',(-0.12,0.,-0.23));
#7092=CARTESIAN_POINT('',(-0.11,0.,-0.23));
#7093=CARTESIAN_POINT('',(0.25,0.,0.));
#7094=CARTESIAN_POINT('',(0.198,3.46944695195361E-17,0.));
#7095=CARTESIAN_POINT('',(0.198,-0.041,0.));
#7096=CARTESIAN_POINT('',(0.18,0.,0.));
#7097=CARTESIAN_POINT('',(0.18,-0.18,0.));
#7098=CARTESIAN_POINT('',(0.25,-0.18,0.));
#7099=CARTESIAN_POINT('',(-0.18,-0.18,0.));
#7100=CARTESIAN_POINT('',(-0.18,0.,0.));
#7101=CARTESIAN_POINT('',(-0.18,0.18,0.));
#7102=CARTESIAN_POINT('',(0.25,0.18,0.));
#7103=CARTESIAN_POINT('',(0.18,0.18,0.));
#7104=CARTESIAN_POINT('',(0.18,0.,0.));
#7105=CARTESIAN_POINT('',(0.198,3.46944695195361E-17,0.));
#7106=CARTESIAN_POINT('',(0.198,0.041,0.));
#7107=CARTESIAN_POINT('',(0.2055,0.041,0.));
#7108=CARTESIAN_POINT('',(0.213,0.041,0.));
#7109=CARTESIAN_POINT('',(0.213,2.77555756156289E-17,0.));
#7110=CARTESIAN_POINT('',(0.213,0.035,0.));
#7111=CARTESIAN_POINT('',(0.25,0.035,0.));
#7112=CARTESIAN_POINT('',(0.343,0.035,0.));
#7113=CARTESIAN_POINT('',(0.343,5.55111512312578E-17,0.));
#7114=CARTESIAN_POINT('',(0.343,0.041,0.));
#7115=CARTESIAN_POINT('',(0.3505,0.041,0.));
#7116=CARTESIAN_POINT('',(0.358,0.041,0.));
#7117=CARTESIAN_POINT('',(0.358,5.55111512312578E-17,0.));
#7118=CARTESIAN_POINT('',(0.358,0.035,0.));
#7119=CARTESIAN_POINT('',(0.25,0.035,0.));
#7120=CARTESIAN_POINT('',(0.6,0.035,0.));
#7121=CARTESIAN_POINT('',(0.6,9.0205620750794E-17,0.));
#7122=CARTESIAN_POINT('',(0.6,0.041,0.));
#7123=CARTESIAN_POINT('',(0.6075,0.041,0.));
#7124=CARTESIAN_POINT('',(0.615,0.041,0.));
#7125=CARTESIAN_POINT('',(0.615,9.71445146547012E-17,0.));
#7126=CARTESIAN_POINT('',(0.615,0.035,0.));
#7127=CARTESIAN_POINT('',(0.25,0.035,0.));
#7128=CARTESIAN_POINT('',(0.68,0.035,0.));
#7129=CARTESIAN_POINT('',(0.68,0.,0.));
#7130=CARTESIAN_POINT('',(0.68,-0.035,0.));
#7131=CARTESIAN_POINT('',(0.25,-0.035,0.));
#7132=CARTESIAN_POINT('',(0.615,-0.035,0.));
#7133=CARTESIAN_POINT('',(0.615,9.71445146547012E-17,0.));
#7134=CARTESIAN_POINT('',(0.615,-0.041,0.));
#7135=CARTESIAN_POINT('',(0.6075,-0.041,0.));
#7136=CARTESIAN_POINT('',(0.6,-0.041,0.));
#7137=CARTESIAN_POINT('',(0.6,9.0205620750794E-17,0.));
#7138=CARTESIAN_POINT('',(0.6,-0.035,0.));
#7139=CARTESIAN_POINT('',(0.25,-0.035,0.));
#7140=CARTESIAN_POINT('',(0.358,-0.035,0.));
#7141=CARTESIAN_POINT('',(0.358,5.55111512312578E-17,0.));
#7142=CARTESIAN_POINT('',(0.358,-0.041,0.));
#7143=CARTESIAN_POINT('',(0.3505,-0.041,0.));
#7144=CARTESIAN_POINT('',(0.343,-0.041,0.));
#7145=CARTESIAN_POINT('',(0.343,5.55111512312578E-17,0.));
#7146=CARTESIAN_POINT('',(0.343,-0.035,0.));
#7147=CARTESIAN_POINT('',(0.25,-0.035,0.));
#7148=CARTESIAN_POINT('',(0.213,-0.035,0.));
#7149=CARTESIAN_POINT('',(0.213,2.77555756156289E-17,0.));
#7150=CARTESIAN_POINT('',(0.213,-0.041,0.));
#7151=CARTESIAN_POINT('',(0.2055,-0.041,0.));
#7152=CARTESIAN_POINT('',(0.465,0.07,0.));
#7153=CARTESIAN_POINT('',(0.215,0.07,0.));
#7154=CARTESIAN_POINT('',(0.715,0.07,0.));
#7155=CARTESIAN_POINT('',(0.215,0.1425,0.));
#7156=CARTESIAN_POINT('',(0.215,0.215,0.));
#7157=CARTESIAN_POINT('',(2.77555756156289E-17,0.215,0.));
#7158=CARTESIAN_POINT('',(-0.215,0.215,0.));
#7159=CARTESIAN_POINT('',(-0.215,-5.55111512312578E-17,0.));
#7160=CARTESIAN_POINT('',(-0.215,-0.215,0.));
#7161=CARTESIAN_POINT('',(5.55111512312578E-17,-0.215,0.));
#7162=CARTESIAN_POINT('',(0.215,-0.215,0.));
#7163=CARTESIAN_POINT('',(0.215,-0.1425,0.));
#7164=CARTESIAN_POINT('',(0.215,-0.07,0.));
#7165=CARTESIAN_POINT('',(0.465,-0.07,0.));
#7166=CARTESIAN_POINT('',(0.715,-0.07,0.));
#7167=CARTESIAN_POINT('',(0.715,1.2490009027033E-16,0.));
#7168=CARTESIAN_POINT('',(0.45,0.035,-0.49));
#7169=CARTESIAN_POINT('',(0.615,0.035,-0.49));
#7170=CARTESIAN_POINT('',(0.615,0.035,-0.47));
#7171=CARTESIAN_POINT('',(0.25,0.035,-0.47));
#7172=CARTESIAN_POINT('',(0.68,0.035,-0.47));
#7173=CARTESIAN_POINT('',(0.68,0.035,-0.49));
#7174=CARTESIAN_POINT('',(0.45,0.035,-0.49));
#7175=CARTESIAN_POINT('',(0.25,0.035,-0.47));
#7176=CARTESIAN_POINT('',(0.358,0.035,-0.47));
#7177=CARTESIAN_POINT('',(0.6,0.035,-0.47));
#7178=CARTESIAN_POINT('',(0.6,0.035,-0.49));
#7179=CARTESIAN_POINT('',(0.358,0.035,-0.49));
#7180=CARTESIAN_POINT('',(0.45,0.035,-0.49));
#7181=CARTESIAN_POINT('',(0.213,0.035,-0.49));
#7182=CARTESIAN_POINT('',(0.213,0.035,-0.23));
#7183=CARTESIAN_POINT('',(0.25,0.035,-0.23));
#7184=CARTESIAN_POINT('',(0.22,0.035,-0.23));
#7185=CARTESIAN_POINT('',(0.22,0.035,-0.49));
#7186=CARTESIAN_POINT('',(0.22,0.035,-0.47));
#7187=CARTESIAN_POINT('',(0.25,0.035,-0.47));
#7188=CARTESIAN_POINT('',(0.343,0.035,-0.47));
#7189=CARTESIAN_POINT('',(0.343,0.035,-0.49));
#7190=CARTESIAN_POINT('',(0.45,-0.035,-0.49));
#7191=CARTESIAN_POINT('',(0.25,-0.035,-0.47));
#7192=CARTESIAN_POINT('',(0.68,-0.035,-0.47));
#7193=CARTESIAN_POINT('',(0.615,-0.035,-0.47));
#7194=CARTESIAN_POINT('',(0.615,-0.035,-0.49));
#7195=CARTESIAN_POINT('',(0.68,-0.035,-0.49));
#7196=CARTESIAN_POINT('',(0.45,-0.035,-0.49));
#7197=CARTESIAN_POINT('',(0.6,-0.035,-0.49));
#7198=CARTESIAN_POINT('',(0.6,-0.035,-0.47));
#7199=CARTESIAN_POINT('',(0.25,-0.035,-0.47));
#7200=CARTESIAN_POINT('',(0.358,-0.035,-0.47));
#7201=CARTESIAN_POINT('',(0.358,-0.035,-0.49));
#7202=CARTESIAN_POINT('',(0.45,-0.035,-0.49));
#7203=CARTESIAN_POINT('',(0.213,-0.035,-0.49));
#7204=CARTESIAN_POINT('',(0.213,-0.035,-0.23));
#7205=CARTESIAN_POINT('',(0.343,-0.035,-0.49));
#7206=CARTESIAN_POINT('',(0.343,-0.035,-0.47));
#7207=CARTESIAN_POINT('',(0.25,-0.035,-0.47));
#7208=CARTESIAN_POINT('',(0.22,-0.035,-0.47));
#7209=CARTESIAN_POINT('',(0.22,-0.035,-0.49));
#7210=CARTESIAN_POINT('',(0.22,-0.035,-0.23));
#7211=CARTESIAN_POINT('',(0.45,-0.035,-0.23));
#7212=CARTESIAN_POINT('',(0.25,0.,-0.47));
#7213=CARTESIAN_POINT('',(0.65,9.52503066003498E-18,-0.47));
#7214=CARTESIAN_POINT('',(0.6725,9.52503066003498E-18,-0.47));
#7215=CARTESIAN_POINT('',(0.615,0.,-0.47));
#7216=CARTESIAN_POINT('',(0.68,0.,-0.47));
#7217=CARTESIAN_POINT('',(0.25,0.,-0.47));
#7218=CARTESIAN_POINT('',(0.6,0.,-0.47));
#7219=CARTESIAN_POINT('',(0.358,0.,-0.47));
#7220=CARTESIAN_POINT('',(0.25,0.,-0.47));
#7221=CARTESIAN_POINT('',(0.343,0.,-0.47));
#7222=CARTESIAN_POINT('',(0.22,0.,-0.47));
#7223=CARTESIAN_POINT('',(0.18,-0.1275,-0.25));
#7224=CARTESIAN_POINT('',(0.18,0.18,-0.25));
#7225=CARTESIAN_POINT('',(0.18,-0.1275,-0.25));
#7226=CARTESIAN_POINT('',(0.18,-0.18,-0.25));
#7227=CARTESIAN_POINT('',(4.16333634234433E-18,0.18,-0.25));
#7228=CARTESIAN_POINT('',(-0.18,0.18,-0.25));
#7229=CARTESIAN_POINT('',(-0.18,-5.55111512312578E-17,-0.25));
#7230=CARTESIAN_POINT('',(-0.18,-0.18,-0.25));
#7231=CARTESIAN_POINT('',(-4.16333634234433E-18,-0.18,-0.25));
#7232=CARTESIAN_POINT('',(0.25,0.,-0.23));
#7233=CARTESIAN_POINT('',(0.213,0.,-0.23));
#7234=CARTESIAN_POINT('',(0.22,0.,-0.23));
#7235=CARTESIAN_POINT('',(0.22,3.46944695195361E-17,-0.49));
#7236=CARTESIAN_POINT('',(0.68,1.11022302462516E-16,-0.49));
#7237=CARTESIAN_POINT('',(0.25,-2.77555756156289E-17,-0.02));
#7238=CARTESIAN_POINT('',(0.465,0.07,-0.02));
#7239=CARTESIAN_POINT('',(0.215,0.07,-0.02));
#7240=CARTESIAN_POINT('',(0.715,0.07,-0.02));
#7241=CARTESIAN_POINT('',(0.715,1.2490009027033E-16,-0.02));
#7242=CARTESIAN_POINT('',(0.715,-0.07,-0.02));
#7243=CARTESIAN_POINT('',(0.465,-0.07,-0.02));
#7244=CARTESIAN_POINT('',(0.215,-0.07,-0.02));
#7245=CARTESIAN_POINT('',(0.215,-0.1425,-0.02));
#7246=CARTESIAN_POINT('',(0.215,-0.215,-0.02));
#7247=CARTESIAN_POINT('',(5.55111512312578E-17,-0.215,-0.02));
#7248=CARTESIAN_POINT('',(-0.215,-0.215,-0.02));
#7249=CARTESIAN_POINT('',(-0.215,-5.55111512312578E-17,-0.02));
#7250=CARTESIAN_POINT('',(-0.215,0.215,-0.02));
#7251=CARTESIAN_POINT('',(2.77555756156289E-17,0.215,-0.02));
#7252=CARTESIAN_POINT('',(0.215,0.215,-0.02));
#7253=CARTESIAN_POINT('',(0.215,0.1425,-0.02));
#7254=CARTESIAN_POINT('',(0.2,-0.1275,-0.02));
#7255=CARTESIAN_POINT('',(0.2,0.055,-0.02));
#7256=CARTESIAN_POINT('',(0.2,0.2,-0.02));
#7257=CARTESIAN_POINT('',(0.,0.2,-0.02));
#7258=CARTESIAN_POINT('',(-0.2,0.2,-0.02));
#7259=CARTESIAN_POINT('',(-0.2,-5.55111512312578E-17,-0.02));
#7260=CARTESIAN_POINT('',(-0.2,-0.2,-0.02));
#7261=CARTESIAN_POINT('',(0.,-0.2,-0.02));
#7262=CARTESIAN_POINT('',(0.2,-0.2,-0.02));
#7263=CARTESIAN_POINT('',(0.2,-0.1275,-0.02));
#7264=CARTESIAN_POINT('',(0.2,-0.055,-0.02));
#7265=CARTESIAN_POINT('',(0.45,-0.055,-0.02));
#7266=CARTESIAN_POINT('',(0.7,-0.055,-0.02));
#7267=CARTESIAN_POINT('',(0.7,1.11022302462516E-16,-0.02));
#7268=CARTESIAN_POINT('',(0.7,0.055,-0.02));
#7269=CARTESIAN_POINT('',(0.45,0.055,-0.02));
#7270=CARTESIAN_POINT('',(0.465,0.07,-0.02));
#7271=CARTESIAN_POINT('',(0.715,0.07,-0.02));
#7272=CARTESIAN_POINT('',(0.215,0.07,-0.02));
#7273=CARTESIAN_POINT('',(0.215,0.1425,-0.02));
#7274=CARTESIAN_POINT('',(0.215,0.215,-0.02));
#7275=CARTESIAN_POINT('',(2.77555756156289E-17,0.215,-0.02));
#7276=CARTESIAN_POINT('',(-0.215,0.215,-0.02));
#7277=CARTESIAN_POINT('',(-0.215,-5.55111512312578E-17,-0.02));
#7278=CARTESIAN_POINT('',(-0.215,-0.215,-0.02));
#7279=CARTESIAN_POINT('',(5.55111512312578E-17,-0.215,-0.02));
#7280=CARTESIAN_POINT('',(0.215,-0.215,-0.02));
#7281=CARTESIAN_POINT('',(0.215,-0.1425,-0.02));
#7282=CARTESIAN_POINT('',(0.215,-0.07,-0.02));
#7283=CARTESIAN_POINT('',(0.465,-0.07,-0.02));
#7284=CARTESIAN_POINT('',(0.715,-0.07,-0.02));
#7285=CARTESIAN_POINT('',(0.715,1.2490009027033E-16,-0.02));
#7286=CARTESIAN_POINT('',(0.25,0.,-0.25));
#7287=CARTESIAN_POINT('',(-0.12,-7.65404249467096E-19,-0.25));
#7288=CARTESIAN_POINT('',(-0.1075,-7.65404249467096E-19,-0.25));
#7289=CARTESIAN_POINT('',(0.2,-0.1275,-0.25));
#7290=CARTESIAN_POINT('',(0.2,0.2,-0.25));
#7291=CARTESIAN_POINT('',(0.2,0.055,-0.25));
#7292=CARTESIAN_POINT('',(0.2,-0.1275,-0.25));
#7293=CARTESIAN_POINT('',(0.2,-0.055,-0.25));
#7294=CARTESIAN_POINT('',(0.2,-0.1275,-0.25));
#7295=CARTESIAN_POINT('',(0.2,-0.2,-0.25));
#7296=CARTESIAN_POINT('',(0.,-0.2,-0.25));
#7297=CARTESIAN_POINT('',(-0.2,-0.2,-0.25));
#7298=CARTESIAN_POINT('',(-0.2,-5.55111512312578E-17,-0.25));
#7299=CARTESIAN_POINT('',(-0.2,0.2,-0.25));
#7300=CARTESIAN_POINT('',(0.,0.2,-0.25));
#7301=CARTESIAN_POINT('',(0.2,3.46944695195361E-17,-0.49));
#7302=CARTESIAN_POINT('',(0.2,0.055,-0.49));
#7303=CARTESIAN_POINT('',(0.2,0.055,-0.49));
#7304=CARTESIAN_POINT('',(0.2,3.46944695195361E-17,-0.49));
#7305=CARTESIAN_POINT('',(0.2,-0.055,-0.49));
#7306=CARTESIAN_POINT('',(0.2,-0.055,-0.49));
#7307=CARTESIAN_POINT('',(0.25,0.,-0.49));
#7308=CARTESIAN_POINT('',(0.65,7.99422216110078E-18,-0.49));
#7309=CARTESIAN_POINT('',(0.625,7.99422216110078E-18,-0.49));
#7310=CARTESIAN_POINT('',(0.45,0.055,-0.49));
#7311=CARTESIAN_POINT('',(0.7,0.055,-0.49));
#7312=CARTESIAN_POINT('',(0.7,1.11022302462516E-16,-0.49));
#7313=CARTESIAN_POINT('',(0.7,-0.055,-0.49));
#7314=CARTESIAN_POINT('',(0.45,-0.055,-0.49));
#7315=CARTESIAN_POINT('',(0.7,1.11022302462516E-16,-0.49));
#7316=CARTESIAN_POINT('',(0.7,-0.055,-0.49));
#7317=CARTESIAN_POINT('',(0.7,0.055,-0.49));
#7318=CARTESIAN_POINT('',(0.45,-0.055,-0.49));
#7319=CARTESIAN_POINT('',(0.2,-0.055,-0.49));
#7320=CARTESIAN_POINT('',(0.45,0.055,-0.49));
#7321=CARTESIAN_POINT('',(0.2,0.055,-0.49));
#7322=CARTESIAN_POINT('',(0.,-0.2,-0.25));
#7323=CARTESIAN_POINT('',(0.2,-0.2,-0.25));
#7324=CARTESIAN_POINT('',(-0.2,-0.2,-0.25));
#7325=CARTESIAN_POINT('',(-0.2,-5.55111512312578E-17,-0.25));
#7326=CARTESIAN_POINT('',(-0.2,0.2,-0.25));
#7327=CARTESIAN_POINT('',(0.,0.2,-0.25));
#7328=CARTESIAN_POINT('',(0.2,0.2,-0.25));
#7329=CARTESIAN_POINT('',(0.2,-0.1275,-0.25));
#7330=CARTESIAN_POINT('',(0.2,-0.1275,-0.25));
#7331=CARTESIAN_POINT('',(0.65,9.52503066003498E-18,-0.49));
#7332=CARTESIAN_POINT('',(0.65,9.52503066003498E-18,-0.535));
#7333=CARTESIAN_POINT('',(0.6725,9.52503066003498E-18,-0.535));
#7334=CARTESIAN_POINT('',(0.3505,0.041,-0.476));
#7335=CARTESIAN_POINT('',(0.343,0.041,-0.476));
#7336=CARTESIAN_POINT('',(0.343,0.041,-0.476));
#7337=CARTESIAN_POINT('',(0.3505,0.041,-0.476));
#7338=CARTESIAN_POINT('',(0.358,0.041,-0.476));
#7339=CARTESIAN_POINT('',(0.358,0.041,-0.476));
#7340=CARTESIAN_POINT('',(0.343,5.55111512312578E-17,-0.476));
#7341=CARTESIAN_POINT('',(0.343,-0.041,-0.476));
#7342=CARTESIAN_POINT('',(0.343,-0.041,-0.476));
#7343=CARTESIAN_POINT('',(0.343,5.55111512312578E-17,-0.476));
#7344=CARTESIAN_POINT('',(0.3505,-0.041,-0.476));
#7345=CARTESIAN_POINT('',(0.358,-0.041,-0.476));
#7346=CARTESIAN_POINT('',(0.358,-0.041,-0.476));
#7347=CARTESIAN_POINT('',(0.3505,-0.041,-0.476));
#7348=CARTESIAN_POINT('',(0.358,5.55111512312578E-17,-0.476));
#7349=CARTESIAN_POINT('',(0.358,5.55111512312578E-17,-0.476));
#7350=CARTESIAN_POINT('',(0.25,-2.77555756156289E-17,-0.476));
#7351=CARTESIAN_POINT('',(0.6075,-0.041,-0.476));
#7352=CARTESIAN_POINT('',(0.615,-0.041,-0.476));
#7353=CARTESIAN_POINT('',(0.615,-0.041,-0.476));
#7354=CARTESIAN_POINT('',(0.6075,-0.041,-0.476));
#7355=CARTESIAN_POINT('',(0.6,-0.041,-0.476));
#7356=CARTESIAN_POINT('',(0.6,-0.041,-0.476));
#7357=CARTESIAN_POINT('',(0.615,9.71445146547012E-17,-0.476));
#7358=CARTESIAN_POINT('',(0.615,0.041,-0.476));
#7359=CARTESIAN_POINT('',(0.615,0.041,-0.476));
#7360=CARTESIAN_POINT('',(0.615,9.71445146547012E-17,-0.476));
#7361=CARTESIAN_POINT('',(0.6075,0.041,-0.476));
#7362=CARTESIAN_POINT('',(0.6,0.041,-0.476));
#7363=CARTESIAN_POINT('',(0.6,0.041,-0.476));
#7364=CARTESIAN_POINT('',(0.6075,0.041,-0.476));
#7365=CARTESIAN_POINT('',(0.6,9.0205620750794E-17,-0.476));
#7366=CARTESIAN_POINT('',(0.6,9.0205620750794E-17,-0.476));
#7367=CARTESIAN_POINT('',(0.25,-2.77555756156289E-17,-0.476));
#7368=CARTESIAN_POINT('',(-0.12,0.,-0.25));
#7369=CARTESIAN_POINT('',(-0.12,0.,-0.285));
#7370=CARTESIAN_POINT('',(-0.11,0.,-0.285));
#7371=CARTESIAN_POINT('',(-0.12,-7.65404249467096E-19,-0.285));
#7372=CARTESIAN_POINT('',(-0.12,-7.65404249467096E-19,-0.285));
#7373=CARTESIAN_POINT('',(-0.1325,-7.65404249467096E-19,-0.285));
#7374=CARTESIAN_POINT('',(0.,0.,-0.285));
#7375=CARTESIAN_POINT('',(0.65,7.99422216110078E-18,-0.535));
#7376=CARTESIAN_POINT('',(0.65,7.99422216110078E-18,-0.535));
#7377=CARTESIAN_POINT('',(0.625,7.99422216110078E-18,-0.535));
#7378=CARTESIAN_POINT('',(0.45,8.32667268468867E-17,-0.535));
#7379=CARTESIAN_POINT('',(0.198,3.46944695195361E-17,-0.236));
#7380=CARTESIAN_POINT('',(0.198,-0.041,-0.236));
#7381=CARTESIAN_POINT('',(0.198,-0.041,-0.236));
#7382=CARTESIAN_POINT('',(0.198,3.46944695195361E-17,-0.236));
#7383=CARTESIAN_POINT('',(0.198,0.041,-0.236));
#7384=CARTESIAN_POINT('',(0.198,0.041,-0.236));
#7385=CARTESIAN_POINT('',(0.2055,-0.041,-0.236));
#7386=CARTESIAN_POINT('',(0.213,-0.041,-0.236));
#7387=CARTESIAN_POINT('',(0.213,-0.041,-0.236));
#7388=CARTESIAN_POINT('',(0.2055,-0.041,-0.236));
#7389=CARTESIAN_POINT('',(0.213,2.77555756156289E-17,-0.236));
#7390=CARTESIAN_POINT('',(0.213,0.041,-0.236));
#7391=CARTESIAN_POINT('',(0.213,0.041,-0.236));
#7392=CARTESIAN_POINT('',(0.213,2.77555756156289E-17,-0.236));
#7393=CARTESIAN_POINT('',(0.2055,0.041,-0.236));
#7394=CARTESIAN_POINT('',(0.2055,0.041,-0.236));
#7395=CARTESIAN_POINT('',(0.449,8.32667268468867E-17,-0.236));
#7396=CARTESIAN_POINT('',(-0.00036928835156557,1.45730185723287E-17,0.25));
#7397=CARTESIAN_POINT('',(0.,0.,0.));
#7398=CARTESIAN_POINT('',(0.006,0.025,-3.06161699786838E-18));
#7399=CARTESIAN_POINT('',(0.006,0.008,-9.79717439317882E-19));
#7400=CARTESIAN_POINT('',(0.006,0.0201246117974981,-2.46455414218891E-18));
#7401=CARTESIAN_POINT('',(0.,0.,0.));
#7402=CARTESIAN_POINT('',(0.008,0.006,-7.34788079488412E-19));
#7403=CARTESIAN_POINT('',(-0.025,0.006,-7.34788079488413E-19));
#7404=CARTESIAN_POINT('',(0.0201246117974981,0.006,-7.34788079488413E-19));
#7405=CARTESIAN_POINT('',(0.,1.28587913910472E-18,-1.57474777179495E-34));
#7406=CARTESIAN_POINT('',(0.,0.,0.));
#7407=CARTESIAN_POINT('',(-0.006,0.025,-3.06161699786838E-18));
#7408=CARTESIAN_POINT('',(-0.006,0.0201246117974981,-2.46455414218891E-18));
#7409=CARTESIAN_POINT('',(-0.006,0.008,-9.79717439317882E-19));
#7410=CARTESIAN_POINT('',(0.,1.28587913910472E-18,-1.57474777179495E-34));
#7411=CARTESIAN_POINT('',(-0.0201246117974981,0.006,-7.34788079488413E-19));
#7412=CARTESIAN_POINT('',(-0.025,0.006,-7.34788079488413E-19));
#7413=CARTESIAN_POINT('',(-0.008,0.006,-7.34788079488413E-19));
#7414=CARTESIAN_POINT('',(0.,0.,0.));
#7415=CARTESIAN_POINT('',(0.,0.,0.));
#7416=CARTESIAN_POINT('',(-0.025,-0.006,7.34788079488412E-19));
#7417=CARTESIAN_POINT('',(0.008,-0.006,7.34788079488413E-19));
#7418=CARTESIAN_POINT('',(0.0201246117974981,-0.006,7.34788079488413E-19));
#7419=CARTESIAN_POINT('',(0.,0.,0.));
#7420=CARTESIAN_POINT('',(0.006,-0.008,9.79717439317882E-19));
#7421=CARTESIAN_POINT('',(0.006,-0.025,3.06161699786838E-18));
#7422=CARTESIAN_POINT('',(0.006,-0.0201246117974981,2.46455414218891E-18));
#7423=CARTESIAN_POINT('',(0.,1.28587913910472E-18,-1.57474777179495E-34));
#7424=CARTESIAN_POINT('',(0.,0.,0.));
#7425=CARTESIAN_POINT('',(-0.025,-0.006,7.34788079488412E-19));
#7426=CARTESIAN_POINT('',(-0.0201246117974981,-0.006,7.34788079488413E-19));
#7427=CARTESIAN_POINT('',(-0.008,-0.006,7.34788079488412E-19));
#7428=CARTESIAN_POINT('',(0.,1.28587913910472E-18,-1.57474777179495E-34));
#7429=CARTESIAN_POINT('',(-0.006,-0.0201246117974981,2.46455414218891E-18));
#7430=CARTESIAN_POINT('',(-0.006,-0.025,3.06161699786838E-18));
#7431=CARTESIAN_POINT('',(-0.006,-0.008,9.79717439317882E-19));
#7432=CARTESIAN_POINT('',(0.,0.,0.));
#7433=CARTESIAN_POINT('',(0.,-2.75545529808154E-18,-0.01));
#7434=CARTESIAN_POINT('',(0.,-2.75545529808154E-18,-0.01));
#7435=CARTESIAN_POINT('',(0.025,-2.75545529808154E-18,-0.01));
#7436=CARTESIAN_POINT('',(0.,3.36777869765522E-18,0.04));
#7437=CARTESIAN_POINT('',(0.025,3.36777869765522E-18,0.04));
#7438=CARTESIAN_POINT('',(0.0229128784747792,-0.01,0.008));
#7439=CARTESIAN_POINT('',(0.0229128784747792,-0.01,0.00666384865874644));
#7440=CARTESIAN_POINT('',(0.0231579502080522,-0.00946261239475416,0.00404077888559834));
#7441=CARTESIAN_POINT('',(0.0239840433409111,-0.00725156265600974,0.00075122369862581));
#7442=CARTESIAN_POINT('',(0.0247771486620734,-0.0039699991930583,-0.00145962155298286));
#7443=CARTESIAN_POINT('',(0.0251106472417013,-1.54975502755636E-05,-0.00226807826997579));
#7444=CARTESIAN_POINT('',(0.0247802440634617,0.00395787935709978,-0.00146801959794991));
#7445=CARTESIAN_POINT('',(0.0239840330065859,0.00725168845282026,0.000751702699252664));
#7446=CARTESIAN_POINT('',(0.0231594278721117,0.009458863084428,0.00403189151102856));
#7447=CARTESIAN_POINT('',(0.0229128784747792,0.01,0.00666352329705233));
#7448=CARTESIAN_POINT('',(0.0229128784747792,0.01,0.008));
#7449=CARTESIAN_POINT('',(0.0229128784747792,-0.01,0.008));
#7450=CARTESIAN_POINT('',(0.0229128784747792,0.01,0.008));
#7451=CARTESIAN_POINT('',(0.0229128784747792,-0.01,-0.01));
#7452=CARTESIAN_POINT('',(0.0229128784747792,-0.01,0.028));
#7453=CARTESIAN_POINT('',(0.0229128784747792,0.01,0.028));
#7454=CARTESIAN_POINT('',(0.0229128784747792,0.01,0.0293361513412536));
#7455=CARTESIAN_POINT('',(0.0231579502080522,0.00946261239475416,0.0319592211144017));
#7456=CARTESIAN_POINT('',(0.0239840433409111,0.00725156265600974,0.0352487763013742));
#7457=CARTESIAN_POINT('',(0.0247771486620734,0.0039699991930583,0.0374596215529829));
#7458=CARTESIAN_POINT('',(0.0251106472417013,1.54975502755699E-05,0.0382680782699758));
#7459=CARTESIAN_POINT('',(0.0247802440634617,-0.00395787935709977,0.0374680195979499));
#7460=CARTESIAN_POINT('',(0.0239840330065859,-0.00725168845282027,0.0352482973007473));
#7461=CARTESIAN_POINT('',(0.0231594278721117,-0.009458863084428,0.0319681084889714));
#7462=CARTESIAN_POINT('',(0.0229128784747792,-0.01,0.0293364767029477));
#7463=CARTESIAN_POINT('',(0.0229128784747792,-0.01,0.028));
#7464=CARTESIAN_POINT('',(0.0229128784747792,0.01,0.028));
#7465=CARTESIAN_POINT('',(0.0229128784747792,0.01,-0.01));
#7466=CARTESIAN_POINT('',(-0.01,-0.0229128784747792,0.008));
#7467=CARTESIAN_POINT('',(-0.01,-0.0229128784747792,0.00666384865874644));
#7468=CARTESIAN_POINT('',(-0.00946261239475416,-0.0231579502080522,0.00404077888559834));
#7469=CARTESIAN_POINT('',(-0.00725156265600974,-0.0239840433409111,0.000751223698625811));
#7470=CARTESIAN_POINT('',(-0.0039699991930583,-0.0247771486620734,-0.00145962155298286));
#7471=CARTESIAN_POINT('',(-1.54975502755693E-05,-0.0251106472417013,-0.00226807826997579));
#7472=CARTESIAN_POINT('',(0.00395787935709977,-0.0247802440634616,-0.00146801959794992));
#7473=CARTESIAN_POINT('',(0.00725168845282026,-0.0239840330065859,0.000751702699252672));
#7474=CARTESIAN_POINT('',(0.009458863084428,-0.0231594278721117,0.00403189151102855));
#7475=CARTESIAN_POINT('',(0.01,-0.0229128784747792,0.00666352329705233));
#7476=CARTESIAN_POINT('',(0.01,-0.0229128784747792,0.008));
#7477=CARTESIAN_POINT('',(-0.01,-0.0229128784747792,0.008));
#7478=CARTESIAN_POINT('',(0.01,-0.0229128784747792,0.008));
#7479=CARTESIAN_POINT('',(-0.01,-0.0229128784747792,-0.01));
#7480=CARTESIAN_POINT('',(-0.01,-0.0229128784747792,0.028));
#7481=CARTESIAN_POINT('',(0.01,-0.0229128784747792,0.028));
#7482=CARTESIAN_POINT('',(0.01,-0.0229128784747792,0.0293361513412536));
#7483=CARTESIAN_POINT('',(0.00946261239475416,-0.0231579502080522,0.0319592211144017));
#7484=CARTESIAN_POINT('',(0.00725156265600974,-0.0239840433409111,0.0352487763013742));
#7485=CARTESIAN_POINT('',(0.0039699991930583,-0.0247771486620734,0.0374596215529829));
#7486=CARTESIAN_POINT('',(1.54975502755676E-05,-0.0251106472417013,0.0382680782699758));
#7487=CARTESIAN_POINT('',(-0.00395787935709977,-0.0247802440634617,0.0374680195979499));
#7488=CARTESIAN_POINT('',(-0.00725168845282027,-0.0239840330065859,0.0352482973007473));
#7489=CARTESIAN_POINT('',(-0.009458863084428,-0.0231594278721117,0.0319681084889714));
#7490=CARTESIAN_POINT('',(-0.01,-0.0229128784747792,0.0293364767029477));
#7491=CARTESIAN_POINT('',(-0.01,-0.0229128784747792,0.028));
#7492=CARTESIAN_POINT('',(0.01,-0.0229128784747792,0.028));
#7493=CARTESIAN_POINT('',(0.01,-0.0229128784747792,-0.01));
#7494=CARTESIAN_POINT('',(-0.0229128784747792,0.01,0.008));
#7495=CARTESIAN_POINT('',(-0.0229128784747792,0.01,0.00666384865874644));
#7496=CARTESIAN_POINT('',(-0.0231579502080522,0.00946261239475416,0.00404077888559834));
#7497=CARTESIAN_POINT('',(-0.0239840433409111,0.00725156265600975,0.000751223698625813));
#7498=CARTESIAN_POINT('',(-0.0247771486620734,0.0039699991930583,-0.00145962155298286));
#7499=CARTESIAN_POINT('',(-0.0251106472417013,1.54975502755672E-05,-0.00226807826997579));
#7500=CARTESIAN_POINT('',(-0.0247802440634617,-0.00395787935709977,-0.00146801959794991));
#7501=CARTESIAN_POINT('',(-0.0239840330065859,-0.00725168845282027,0.000751702699252667));
#7502=CARTESIAN_POINT('',(-0.0231594278721117,-0.009458863084428,0.00403189151102856));
#7503=CARTESIAN_POINT('',(-0.0229128784747792,-0.01,0.00666352329705233));
#7504=CARTESIAN_POINT('',(-0.0229128784747792,-0.01,0.008));
#7505=CARTESIAN_POINT('',(-0.0229128784747792,0.01,0.008));
#7506=CARTESIAN_POINT('',(-0.0229128784747792,-0.01,0.008));
#7507=CARTESIAN_POINT('',(-0.0229128784747792,0.01,-0.01));
#7508=CARTESIAN_POINT('',(-0.0229128784747792,0.01,0.028));
#7509=CARTESIAN_POINT('',(-0.0229128784747792,-0.01,0.028));
#7510=CARTESIAN_POINT('',(-0.0229128784747792,-0.01,0.0293361513412536));
#7511=CARTESIAN_POINT('',(-0.0231579502080522,-0.00946261239475415,0.0319592211144017));
#7512=CARTESIAN_POINT('',(-0.0239840433409111,-0.00725156265600973,0.0352487763013742));
#7513=CARTESIAN_POINT('',(-0.0247771486620734,-0.00396999919305829,0.0374596215529829));
#7514=CARTESIAN_POINT('',(-0.0251106472417013,-1.54975502755646E-05,0.0382680782699758));
#7515=CARTESIAN_POINT('',(-0.0247802440634617,0.00395787935709977,0.0374680195979499));
#7516=CARTESIAN_POINT('',(-0.0239840330065859,0.00725168845282028,0.0352482973007473));
#7517=CARTESIAN_POINT('',(-0.0231594278721117,0.009458863084428,0.0319681084889715));
#7518=CARTESIAN_POINT('',(-0.0229128784747792,0.01,0.0293364767029477));
#7519=CARTESIAN_POINT('',(-0.0229128784747792,0.01,0.028));
#7520=CARTESIAN_POINT('',(-0.0229128784747792,-0.01,0.028));
#7521=CARTESIAN_POINT('',(-0.0229128784747792,-0.01,-0.01));
#7522=CARTESIAN_POINT('',(0.01,0.0229128784747792,0.008));
#7523=CARTESIAN_POINT('',(0.01,0.0229128784747792,0.00666384865874644));
#7524=CARTESIAN_POINT('',(0.00946261239475416,0.0231579502080522,0.00404077888559834));
#7525=CARTESIAN_POINT('',(0.00725156265600974,0.0239840433409111,0.000751223698625811));
#7526=CARTESIAN_POINT('',(0.0039699991930583,0.0247771486620733,-0.00145962155298286));
#7527=CARTESIAN_POINT('',(1.54975502755638E-05,0.0251106472417013,-0.00226807826997579));
#7528=CARTESIAN_POINT('',(-0.00395787935709977,0.0247802440634616,-0.00146801959794992));
#7529=CARTESIAN_POINT('',(-0.00725168845282027,0.0239840330065859,0.000751702699252663));
#7530=CARTESIAN_POINT('',(-0.009458863084428,0.0231594278721117,0.00403189151102856));
#7531=CARTESIAN_POINT('',(-0.01,0.0229128784747792,0.00666352329705233));
#7532=CARTESIAN_POINT('',(-0.01,0.0229128784747792,0.008));
#7533=CARTESIAN_POINT('',(0.01,0.0229128784747792,0.008));
#7534=CARTESIAN_POINT('',(-0.01,0.0229128784747792,0.008));
#7535=CARTESIAN_POINT('',(0.01,0.0229128784747792,-0.01));
#7536=CARTESIAN_POINT('',(0.01,0.0229128784747792,0.028));
#7537=CARTESIAN_POINT('',(-0.01,0.0229128784747792,0.028));
#7538=CARTESIAN_POINT('',(-0.01,0.0229128784747792,0.0293361513412536));
#7539=CARTESIAN_POINT('',(-0.00946261239475416,0.0231579502080522,0.0319592211144017));
#7540=CARTESIAN_POINT('',(-0.00725156265600974,0.0239840433409111,0.0352487763013742));
#7541=CARTESIAN_POINT('',(-0.00396999919305829,0.0247771486620734,0.0374596215529829));
#7542=CARTESIAN_POINT('',(-1.54975502755681E-05,0.0251106472417013,0.0382680782699758));
#7543=CARTESIAN_POINT('',(0.00395787935709977,0.0247802440634617,0.0374680195979499));
#7544=CARTESIAN_POINT('',(0.00725168845282027,0.0239840330065859,0.0352482973007473));
#7545=CARTESIAN_POINT('',(0.009458863084428,0.0231594278721117,0.0319681084889715));
#7546=CARTESIAN_POINT('',(0.01,0.0229128784747792,0.0293364767029477));
#7547=CARTESIAN_POINT('',(0.01,0.0229128784747792,0.028));
#7548=CARTESIAN_POINT('',(-0.01,0.0229128784747792,0.028));
#7549=CARTESIAN_POINT('',(-0.01,0.0229128784747792,-0.01));
#7550=CARTESIAN_POINT('',(0.,0.,0.));
#7551=CARTESIAN_POINT('',(0.,-1.22464679914735E-18,-0.01));
#7552=CARTESIAN_POINT('',(0.01,-1.22464679914735E-18,-0.01));
#7553=CARTESIAN_POINT('',(0.,9.79717439317882E-19,0.008));
#7554=CARTESIAN_POINT('',(0.,9.79717439317882E-19,0.008));
#7555=CARTESIAN_POINT('',(0.,9.79717439317882E-19,0.008));
#7556=CARTESIAN_POINT('',(0.,9.79717439317882E-19,0.008));
#7557=CARTESIAN_POINT('',(0.,6.18446633569413E-18,0.04));
#7558=CARTESIAN_POINT('',(0.,6.18446633569413E-18,0.04));
#7559=CARTESIAN_POINT('',(-0.021,6.18446633569413E-18,0.04));
#7560=CARTESIAN_POINT('',(-0.006,0.0201246117974981,-2.46455414218891E-18));
#7561=CARTESIAN_POINT('',(-0.00661779742747452,0.0199404201916104,0.000463348070605887));
#7562=CARTESIAN_POINT('',(-0.00771915752733993,0.0195514849481265,0.00150749480196882));
#7563=CARTESIAN_POINT('',(-0.00942819891958934,0.0187946715784918,0.00408426344596765));
#7564=CARTESIAN_POINT('',(-0.01,0.0184661853126194,0.00640947440588634));
#7565=CARTESIAN_POINT('',(-0.01,0.0184661853126194,0.008));
#7566=CARTESIAN_POINT('',(-0.01,0.0184661853126194,0.008));
#7567=CARTESIAN_POINT('',(-0.01,0.0184661853126194,0.04));
#7568=CARTESIAN_POINT('',(-0.01,0.0184661853126194,0.028));
#7569=CARTESIAN_POINT('',(-0.01,0.0184661853126194,0.028));
#7570=CARTESIAN_POINT('',(-0.01,0.0184661853126194,0.0293432083476652));
#7571=CARTESIAN_POINT('',(-0.00945544256059573,0.0187750801610826,0.0319744170901042));
#7572=CARTESIAN_POINT('',(-0.00725234764532216,0.0197814765413998,0.0352431627111848));
#7573=CARTESIAN_POINT('',(-0.00398946146329258,0.0207313569426679,0.0374514328591333));
#7574=CARTESIAN_POINT('',(-1.90599701825689E-05,0.0211333225259317,0.0382720041031965));
#7575=CARTESIAN_POINT('',(0.00397789784934215,0.0207353223605316,0.0374604864825992));
#7576=CARTESIAN_POINT('',(0.00725198315351693,0.0197814797062058,0.0352424537949038));
#7577=CARTESIAN_POINT('',(0.00945063042938536,0.0187774826230807,0.031986048804254));
#7578=CARTESIAN_POINT('',(0.01,0.0184661853126194,0.0293439152280737));
#7579=CARTESIAN_POINT('',(0.01,0.0184661853126194,0.028));
#7580=CARTESIAN_POINT('',(0.01,0.0184661853126194,0.028));
#7581=CARTESIAN_POINT('',(0.01,0.0184661853126194,0.04));
#7582=CARTESIAN_POINT('',(0.01,0.0184661853126194,0.008));
#7583=CARTESIAN_POINT('',(0.01,0.0184661853126194,0.008));
#7584=CARTESIAN_POINT('',(0.01,0.0184661853126194,0.00720506160594667));
#7585=CARTESIAN_POINT('',(0.00981433309880149,0.0185686245669569,0.00565079475890681));
#7586=CARTESIAN_POINT('',(0.00872819245371841,0.0191244128640359,0.0027030797154518));
#7587=CARTESIAN_POINT('',(0.00723519899127164,0.0197563466094684,0.000926399243453724));
#7588=CARTESIAN_POINT('',(0.006,0.0201246117974981,-2.73271298467342E-18));
#7589=CARTESIAN_POINT('',(0.0201246117974981,0.006,-7.34788079488413E-19));
#7590=CARTESIAN_POINT('',(0.0199404201916104,0.00661779742747452,0.000463348070605889));
#7591=CARTESIAN_POINT('',(0.0195514849481265,0.00771915752733994,0.00150749480196882));
#7592=CARTESIAN_POINT('',(0.0187946715784918,0.00942819891958934,0.00408426344596765));
#7593=CARTESIAN_POINT('',(0.0184661853126194,0.01,0.00640947440588634));
#7594=CARTESIAN_POINT('',(0.0184661853126194,0.01,0.008));
#7595=CARTESIAN_POINT('',(0.0184661853126194,0.01,0.008));
#7596=CARTESIAN_POINT('',(0.0184661853126194,0.01,0.04));
#7597=CARTESIAN_POINT('',(0.0184661853126194,0.01,0.028));
#7598=CARTESIAN_POINT('',(0.0184661853126194,0.01,0.028));
#7599=CARTESIAN_POINT('',(0.0184661853126194,0.01,0.0293432083476652));
#7600=CARTESIAN_POINT('',(0.0187750801610826,0.00945544256059573,0.0319744170901042));
#7601=CARTESIAN_POINT('',(0.0197814765413998,0.00725234764532216,0.0352431627111848));
#7602=CARTESIAN_POINT('',(0.0207313569426679,0.00398946146329258,0.0374514328591333));
#7603=CARTESIAN_POINT('',(0.0211333225259317,1.9059970182583E-05,0.0382720041031964));
#7604=CARTESIAN_POINT('',(0.0207353223605316,-0.00397789784934215,0.0374604864825992));
#7605=CARTESIAN_POINT('',(0.0197814797062058,-0.00725198315351692,0.0352424537949037));
#7606=CARTESIAN_POINT('',(0.0187774826230807,-0.00945063042938536,0.031986048804254));
#7607=CARTESIAN_POINT('',(0.0184661853126194,-0.01,0.0293439152280737));
#7608=CARTESIAN_POINT('',(0.0184661853126194,-0.01,0.028));
#7609=CARTESIAN_POINT('',(0.0184661853126194,-0.01,0.028));
#7610=CARTESIAN_POINT('',(0.0184661853126194,-0.01,0.04));
#7611=CARTESIAN_POINT('',(0.0184661853126194,-0.01,0.008));
#7612=CARTESIAN_POINT('',(0.0184661853126194,-0.01,0.008));
#7613=CARTESIAN_POINT('',(0.0184661853126194,-0.01,0.00720506160594667));
#7614=CARTESIAN_POINT('',(0.0185686245669569,-0.00981433309880149,0.00565079475890681));
#7615=CARTESIAN_POINT('',(0.0191244128640359,-0.00872819245371841,0.0027030797154518));
#7616=CARTESIAN_POINT('',(0.0197563466094684,-0.00723519899127164,0.000926399243453727));
#7617=CARTESIAN_POINT('',(0.0201246117974981,-0.006,1.17115550186522E-18));
#7618=CARTESIAN_POINT('',(0.006,-0.0201246117974981,2.46455414218891E-18));
#7619=CARTESIAN_POINT('',(0.00661779742747452,-0.0199404201916104,0.000463348070605892));
#7620=CARTESIAN_POINT('',(0.00771915752733993,-0.0195514849481265,0.00150749480196882));
#7621=CARTESIAN_POINT('',(0.00942819891958933,-0.0187946715784918,0.00408426344596765));
#7622=CARTESIAN_POINT('',(0.01,-0.0184661853126194,0.00640947440588635));
#7623=CARTESIAN_POINT('',(0.01,-0.0184661853126194,0.008));
#7624=CARTESIAN_POINT('',(0.01,-0.0184661853126194,0.008));
#7625=CARTESIAN_POINT('',(0.01,-0.0184661853126194,0.04));
#7626=CARTESIAN_POINT('',(0.01,-0.0184661853126194,0.028));
#7627=CARTESIAN_POINT('',(0.01,-0.0184661853126194,0.028));
#7628=CARTESIAN_POINT('',(0.01,-0.0184661853126194,0.0293432083476652));
#7629=CARTESIAN_POINT('',(0.00945544256059573,-0.0187750801610826,0.0319744170901042));
#7630=CARTESIAN_POINT('',(0.00725234764532215,-0.0197814765413998,0.0352431627111848));
#7631=CARTESIAN_POINT('',(0.00398946146329258,-0.0207313569426679,0.0374514328591333));
#7632=CARTESIAN_POINT('',(1.90599701825457E-05,-0.0211333225259317,0.0382720041031964));
#7633=CARTESIAN_POINT('',(-0.00397789784934216,-0.0207353223605315,0.0374604864825992));
#7634=CARTESIAN_POINT('',(-0.00725198315351693,-0.0197814797062058,0.0352424537949037));
#7635=CARTESIAN_POINT('',(-0.00945063042938536,-0.0187774826230807,0.0319860488042541));
#7636=CARTESIAN_POINT('',(-0.01,-0.0184661853126194,0.0293439152280737));
#7637=CARTESIAN_POINT('',(-0.01,-0.0184661853126194,0.028));
#7638=CARTESIAN_POINT('',(-0.01,-0.0184661853126194,0.028));
#7639=CARTESIAN_POINT('',(-0.01,-0.0184661853126194,0.04));
#7640=CARTESIAN_POINT('',(-0.01,-0.0184661853126194,0.008));
#7641=CARTESIAN_POINT('',(-0.01,-0.0184661853126194,0.008));
#7642=CARTESIAN_POINT('',(-0.01,-0.0184661853126194,0.00720506160594667));
#7643=CARTESIAN_POINT('',(-0.00981433309880149,-0.0185686245669569,0.00565079475890681));
#7644=CARTESIAN_POINT('',(-0.00872819245371841,-0.0191244128640359,0.00270307971545179));
#7645=CARTESIAN_POINT('',(-0.00723519899127164,-0.0197563466094684,0.000926399243453729));
#7646=CARTESIAN_POINT('',(-0.006,-0.0201246117974981,3.11762497142447E-18));
#7647=CARTESIAN_POINT('',(-0.0201246117974981,-0.006,7.34788079488413E-19));
#7648=CARTESIAN_POINT('',(-0.0199404201916104,-0.00661779742747452,0.000463348070605891));
#7649=CARTESIAN_POINT('',(-0.0195514849481265,-0.00771915752733994,0.00150749480196882));
#7650=CARTESIAN_POINT('',(-0.0187946715784918,-0.00942819891958933,0.00408426344596765));
#7651=CARTESIAN_POINT('',(-0.0184661853126194,-0.01,0.00640947440588635));
#7652=CARTESIAN_POINT('',(-0.0184661853126194,-0.01,0.008));
#7653=CARTESIAN_POINT('',(-0.0184661853126194,-0.01,0.008));
#7654=CARTESIAN_POINT('',(-0.0184661853126194,-0.01,0.04));
#7655=CARTESIAN_POINT('',(-0.0184661853126194,-0.01,0.028));
#7656=CARTESIAN_POINT('',(-0.0184661853126194,-0.01,0.028));
#7657=CARTESIAN_POINT('',(-0.0184661853126194,-0.01,0.0293432083476652));
#7658=CARTESIAN_POINT('',(-0.0187750801610826,-0.00945544256059573,0.0319744170901042));
#7659=CARTESIAN_POINT('',(-0.0197814765413998,-0.00725234764532215,0.0352431627111848));
#7660=CARTESIAN_POINT('',(-0.0207313569426679,-0.00398946146329258,0.0374514328591333));
#7661=CARTESIAN_POINT('',(-0.0211333225259317,-1.90599701825558E-05,0.0382720041031964));
#7662=CARTESIAN_POINT('',(-0.0207353223605316,0.00397789784934214,0.0374604864825992));
#7663=CARTESIAN_POINT('',(-0.0197814797062058,0.00725198315351694,0.0352424537949038));
#7664=CARTESIAN_POINT('',(-0.0187774826230807,0.00945063042938536,0.0319860488042541));
#7665=CARTESIAN_POINT('',(-0.0184661853126194,0.01,0.0293439152280737));
#7666=CARTESIAN_POINT('',(-0.0184661853126194,0.01,0.028));
#7667=CARTESIAN_POINT('',(-0.0184661853126194,0.01,0.028));
#7668=CARTESIAN_POINT('',(-0.0184661853126194,0.01,0.04));
#7669=CARTESIAN_POINT('',(-0.0184661853126194,0.01,0.008));
#7670=CARTESIAN_POINT('',(-0.0184661853126194,0.01,0.008));
#7671=CARTESIAN_POINT('',(-0.0184661853126194,0.01,0.00720506160594667));
#7672=CARTESIAN_POINT('',(-0.0185686245669569,0.00981433309880149,0.00565079475890681));
#7673=CARTESIAN_POINT('',(-0.0191244128640359,0.00872819245371841,0.0027030797154518));
#7674=CARTESIAN_POINT('',(-0.0197563466094684,0.00723519899127164,0.000926399243453726));
#7675=CARTESIAN_POINT('',(-0.0201246117974981,0.006,-3.13292207764925E-19));
#7676=CARTESIAN_POINT('',(0.,-1.22464679914735E-18,-0.01));
#7677=CARTESIAN_POINT('',(0.,4.89858719658941E-18,0.04));
#7678=CARTESIAN_POINT('',(0.,5.25577584634072E-18,0.04));
#7679=CARTESIAN_POINT('',(-0.035,5.25577584634072E-18,0.04));
#7680=CARTESIAN_POINT('',(0.,5.51091059616309E-18,0.045));
#7681=CARTESIAN_POINT('',(0.,5.8680992459144E-18,0.045));
#7682=CARTESIAN_POINT('',(-0.035,5.8680992459144E-18,0.045));
#7683=CARTESIAN_POINT('',(0.,5.8680992459144E-18,0.045));
#7684=CARTESIAN_POINT('',(0.,4.89858719658941E-18,0.04));
#7685=CARTESIAN_POINT('',(0.025,-0.01,0.018));
#7686=CARTESIAN_POINT('',(0.025,-0.01,0.008));
#7687=CARTESIAN_POINT('',(0.025,-0.01,0.028));
#7688=CARTESIAN_POINT('',(-0.025,0.01,0.018));
#7689=CARTESIAN_POINT('',(-0.025,0.01,0.028));
#7690=CARTESIAN_POINT('',(-0.025,0.01,0.008));
#7691=CARTESIAN_POINT('',(-0.025,4.95981953654678E-18,0.028));
#7692=CARTESIAN_POINT('',(-0.025,2.51052593825208E-18,0.008));
#7693=CARTESIAN_POINT('',(-0.01,-0.025,0.018));
#7694=CARTESIAN_POINT('',(-0.01,-0.025,0.008));
#7695=CARTESIAN_POINT('',(-0.01,-0.025,0.028));
#7696=CARTESIAN_POINT('',(0.01,-0.025,0.018));
#7697=CARTESIAN_POINT('',(0.01,-0.025,0.028));
#7698=CARTESIAN_POINT('',(0.01,-0.025,0.008));
#7699=CARTESIAN_POINT('',(-3.06161699786838E-18,-0.025,0.028));
#7700=CARTESIAN_POINT('',(-3.06161699786838E-18,-0.025,0.008));
#7701=CARTESIAN_POINT('',(-0.025,-0.01,0.018));
#7702=CARTESIAN_POINT('',(-0.025,-0.01,0.028));
#7703=CARTESIAN_POINT('',(-0.025,-0.01,0.008));
#7704=CARTESIAN_POINT('',(-0.025,4.95981953654678E-18,0.028));
#7705=CARTESIAN_POINT('',(-0.025,0.01,0.028));
#7706=CARTESIAN_POINT('',(-0.025,2.51052593825208E-18,0.008));
#7707=CARTESIAN_POINT('',(-0.025,0.01,0.008));
#7708=CARTESIAN_POINT('',(-0.025,0.01,0.018));
#7709=CARTESIAN_POINT('',(0.,0.025,0.008));
#7710=CARTESIAN_POINT('',(-0.01,0.025,0.008));
#7711=CARTESIAN_POINT('',(0.01,0.025,0.008));
#7712=CARTESIAN_POINT('',(0.,0.025,0.028));
#7713=CARTESIAN_POINT('',(0.01,0.025,0.028));
#7714=CARTESIAN_POINT('',(-0.01,0.025,0.028));
#7715=CARTESIAN_POINT('',(-0.01,0.025,0.018));
#7716=CARTESIAN_POINT('',(0.01,0.025,0.018));
#7717=CARTESIAN_POINT('',(-0.120369288351566,1.61038270712628E-17,0.03));
#7718=CARTESIAN_POINT('',(0.105,-0.019,0.01));
#7719=CARTESIAN_POINT('',(0.105,0.02,0.01));
#7720=CARTESIAN_POINT('',(0.,0.02,0.01));
#7721=CARTESIAN_POINT('',(0.21,0.02,0.01));
#7722=CARTESIAN_POINT('',(0.,-0.019,0.01));
#7723=CARTESIAN_POINT('',(0.,-0.058,0.01));
#7724=CARTESIAN_POINT('',(0.105,-0.058,0.01));
#7725=CARTESIAN_POINT('',(0.21,-0.058,0.01));
#7726=CARTESIAN_POINT('',(0.21,-0.019,0.01));
#7727=CARTESIAN_POINT('',(0.022,-0.019,0.01));
#7728=CARTESIAN_POINT('',(0.022,0.01,0.01));
#7729=CARTESIAN_POINT('',(0.022,-0.048,0.01));
#7730=CARTESIAN_POINT('',(0.101,0.01,0.01));
#7731=CARTESIAN_POINT('',(0.18,0.01,0.01));
#7732=CARTESIAN_POINT('',(0.18,-0.019,0.01));
#7733=CARTESIAN_POINT('',(0.18,-0.048,0.01));
#7734=CARTESIAN_POINT('',(0.101,-0.048,0.01));
#7735=CARTESIAN_POINT('',(0.105,-0.019,0.));
#7736=CARTESIAN_POINT('',(0.105,0.02,0.));
#7737=CARTESIAN_POINT('',(0.,0.02,0.));
#7738=CARTESIAN_POINT('',(0.21,0.02,0.));
#7739=CARTESIAN_POINT('',(0.21,-0.019,0.));
#7740=CARTESIAN_POINT('',(0.21,-0.058,0.));
#7741=CARTESIAN_POINT('',(0.105,-0.058,0.));
#7742=CARTESIAN_POINT('',(0.,-0.058,0.));
#7743=CARTESIAN_POINT('',(0.,-0.019,0.));
#7744=CARTESIAN_POINT('',(0.105,0.01,0.));
#7745=CARTESIAN_POINT('',(0.022,0.01,0.));
#7746=CARTESIAN_POINT('',(0.18,0.01,0.));
#7747=CARTESIAN_POINT('',(0.022,-0.019,0.));
#7748=CARTESIAN_POINT('',(0.022,-0.048,0.));
#7749=CARTESIAN_POINT('',(0.105,-0.048,0.));
#7750=CARTESIAN_POINT('',(0.18,-0.048,0.));
#7751=CARTESIAN_POINT('',(0.18,-0.019,0.));
#7752=CARTESIAN_POINT('',(0.105,0.02,0.01));
#7753=CARTESIAN_POINT('',(0.,0.02,0.01));
#7754=CARTESIAN_POINT('',(0.21,0.02,0.01));
#7755=CARTESIAN_POINT('',(0.,-0.019,0.01));
#7756=CARTESIAN_POINT('',(0.,-0.058,0.01));
#7757=CARTESIAN_POINT('',(0.105,-0.058,0.01));
#7758=CARTESIAN_POINT('',(0.21,-0.058,0.01));
#7759=CARTESIAN_POINT('',(0.21,-0.019,0.01));
#7760=CARTESIAN_POINT('',(0.101,0.01,-0.015));
#7761=CARTESIAN_POINT('',(0.18,0.01,-0.015));
#7762=CARTESIAN_POINT('',(0.022,0.01,-0.015));
#7763=CARTESIAN_POINT('',(0.022,-0.019,-0.015));
#7764=CARTESIAN_POINT('',(0.022,-0.048,-0.015));
#7765=CARTESIAN_POINT('',(0.101,-0.048,-0.015));
#7766=CARTESIAN_POINT('',(0.18,-0.048,-0.015));
#7767=CARTESIAN_POINT('',(0.18,-0.019,-0.015));
#7768=CARTESIAN_POINT('',(0.200130711648435,-0.019,0.014));
#7769=CARTESIAN_POINT('',(0.,4.44089209850063E-19,1.11022302462516E-19));
#7770=CARTESIAN_POINT('',(0.,-0.02,0.02));
#7771=CARTESIAN_POINT('',(0.,-0.02,0.02));
#7772=CARTESIAN_POINT('',(0.,-0.02,0.005));
#7773=CARTESIAN_POINT('',(0.,-0.005,0.02));
#7774=CARTESIAN_POINT('',(0.,-0.005,0.02));
#7775=CARTESIAN_POINT('',(0.,-0.005,0.0075));
#7776=CARTESIAN_POINT('',(0.,-0.005,0.0075));
#7777=CARTESIAN_POINT('',(0.,0.005,0.0075));
#7778=CARTESIAN_POINT('',(0.,0.005,0.0075));
#7779=CARTESIAN_POINT('',(0.,0.005,0.02));
#7780=CARTESIAN_POINT('',(0.,0.005,0.02));
#7781=CARTESIAN_POINT('',(0.,-0.0125,0.02));
#7782=CARTESIAN_POINT('',(0.,0.02,0.02));
#7783=CARTESIAN_POINT('',(0.,0.02,0.005));
#7784=CARTESIAN_POINT('',(0.,0.02,0.005));
#7785=CARTESIAN_POINT('',(0.,-0.01375,0.005));
#7786=CARTESIAN_POINT('',(0.,0.0075,0.005));
#7787=CARTESIAN_POINT('',(0.,0.0075,-0.005));
#7788=CARTESIAN_POINT('',(0.,0.0075,-0.005));
#7789=CARTESIAN_POINT('',(0.,-0.01375,-0.005));
#7790=CARTESIAN_POINT('',(0.,0.02,-0.005));
#7791=CARTESIAN_POINT('',(0.,0.02,0.0125));
#7792=CARTESIAN_POINT('',(0.,0.02,-0.02));
#7793=CARTESIAN_POINT('',(0.,-0.0125,-0.02));
#7794=CARTESIAN_POINT('',(0.,0.005,-0.02));
#7795=CARTESIAN_POINT('',(0.,0.005,0.01375));
#7796=CARTESIAN_POINT('',(0.,0.005,-0.0075));
#7797=CARTESIAN_POINT('',(0.,-0.005,-0.0075));
#7798=CARTESIAN_POINT('',(0.,-0.005,-0.0075));
#7799=CARTESIAN_POINT('',(0.,-0.005,0.01375));
#7800=CARTESIAN_POINT('',(0.,-0.005,-0.02));
#7801=CARTESIAN_POINT('',(0.,-0.02,-0.02));
#7802=CARTESIAN_POINT('',(0.,-0.02,-0.02));
#7803=CARTESIAN_POINT('',(0.,-0.02,0.0125));
#7804=CARTESIAN_POINT('',(0.,-0.02,-0.005));
#7805=CARTESIAN_POINT('',(0.,-0.0075,-0.005));
#7806=CARTESIAN_POINT('',(0.,-0.0075,-0.005));
#7807=CARTESIAN_POINT('',(0.,-0.0075,0.005));
#7808=CARTESIAN_POINT('',(0.,-0.0075,0.005));
#7809=CARTESIAN_POINT('',(0.,-0.02,0.005));
#7810=CARTESIAN_POINT('',(0.,0.,0.));
#7811=CARTESIAN_POINT('',(0.,0.,-0.005));
#7812=CARTESIAN_POINT('',(0.,-0.02,0.0125));
#7813=CARTESIAN_POINT('',(0.,-0.02,0.005));
#7814=CARTESIAN_POINT('',(1.,-0.02,0.005));
#7815=CARTESIAN_POINT('',(1.,-0.02,0.0125));
#7816=CARTESIAN_POINT('',(1.,-0.02,0.02));
#7817=CARTESIAN_POINT('',(0.,-0.02,0.02));
#7818=CARTESIAN_POINT('',(0.,-0.01375,0.005));
#7819=CARTESIAN_POINT('',(0.,-0.0075,0.005));
#7820=CARTESIAN_POINT('',(1.,-0.0075,0.005));
#7821=CARTESIAN_POINT('',(1.,-0.01375,0.005));
#7822=CARTESIAN_POINT('',(0.,-0.0075,0.));
#7823=CARTESIAN_POINT('',(0.,-0.0075,-0.005));
#7824=CARTESIAN_POINT('',(1.,-0.0075,-0.005));
#7825=CARTESIAN_POINT('',(1.,-0.0075,0.));
#7826=CARTESIAN_POINT('',(0.,-0.01375,-0.005));
#7827=CARTESIAN_POINT('',(0.,-0.02,-0.005));
#7828=CARTESIAN_POINT('',(1.,-0.02,-0.005));
#7829=CARTESIAN_POINT('',(1.,-0.01375,-0.005));
#7830=CARTESIAN_POINT('',(0.,-0.02,0.0125));
#7831=CARTESIAN_POINT('',(0.,-0.02,-0.02));
#7832=CARTESIAN_POINT('',(1.,-0.02,-0.02));
#7833=CARTESIAN_POINT('',(1.,-0.02,0.0125));
#7834=CARTESIAN_POINT('',(0.,-0.0125,-0.02));
#7835=CARTESIAN_POINT('',(0.,-0.005,-0.02));
#7836=CARTESIAN_POINT('',(1.,-0.005,-0.02));
#7837=CARTESIAN_POINT('',(1.,-0.0125,-0.02));
#7838=CARTESIAN_POINT('',(0.,-0.005,0.01375));
#7839=CARTESIAN_POINT('',(0.,-0.005,-0.0075));
#7840=CARTESIAN_POINT('',(1.,-0.005,-0.0075));
#7841=CARTESIAN_POINT('',(1.,-0.005,0.01375));
#7842=CARTESIAN_POINT('',(0.,0.,-0.0075));
#7843=CARTESIAN_POINT('',(0.,0.005,-0.0075));
#7844=CARTESIAN_POINT('',(1.,0.005,-0.0075));
#7845=CARTESIAN_POINT('',(1.,0.,-0.0075));
#7846=CARTESIAN_POINT('',(0.,0.005,0.01375));
#7847=CARTESIAN_POINT('',(0.,0.005,-0.02));
#7848=CARTESIAN_POINT('',(1.,0.005,-0.02));
#7849=CARTESIAN_POINT('',(1.,0.005,0.01375));
#7850=CARTESIAN_POINT('',(0.,-0.0125,-0.02));
#7851=CARTESIAN_POINT('',(0.,0.02,-0.02));
#7852=CARTESIAN_POINT('',(1.,0.02,-0.02));
#7853=CARTESIAN_POINT('',(1.,-0.0125,-0.02));
#7854=CARTESIAN_POINT('',(0.,0.02,0.0125));
#7855=CARTESIAN_POINT('',(0.,0.02,-0.005));
#7856=CARTESIAN_POINT('',(1.,0.02,-0.005));
#7857=CARTESIAN_POINT('',(1.,0.02,0.0125));
#7858=CARTESIAN_POINT('',(0.,-0.01375,-0.005));
#7859=CARTESIAN_POINT('',(0.,0.0075,-0.005));
#7860=CARTESIAN_POINT('',(1.,0.0075,-0.005));
#7861=CARTESIAN_POINT('',(1.,-0.01375,-0.005));
#7862=CARTESIAN_POINT('',(0.,0.0075,0.));
#7863=CARTESIAN_POINT('',(0.,0.0075,0.005));
#7864=CARTESIAN_POINT('',(1.,0.0075,0.005));
#7865=CARTESIAN_POINT('',(1.,0.0075,0.));
#7866=CARTESIAN_POINT('',(0.,-0.01375,0.005));
#7867=CARTESIAN_POINT('',(0.,0.02,0.005));
#7868=CARTESIAN_POINT('',(1.,0.02,0.005));
#7869=CARTESIAN_POINT('',(1.,-0.01375,0.005));
#7870=CARTESIAN_POINT('',(0.,0.02,0.0125));
#7871=CARTESIAN_POINT('',(0.,0.02,0.02));
#7872=CARTESIAN_POINT('',(1.,0.02,0.02));
#7873=CARTESIAN_POINT('',(1.,0.02,0.0125));
#7874=CARTESIAN_POINT('',(0.,-0.0125,0.02));
#7875=CARTESIAN_POINT('',(0.,0.005,0.02));
#7876=CARTESIAN_POINT('',(1.,0.005,0.02));
#7877=CARTESIAN_POINT('',(1.,-0.0125,0.02));
#7878=CARTESIAN_POINT('',(0.,0.005,0.01375));
#7879=CARTESIAN_POINT('',(0.,0.005,0.0075));
#7880=CARTESIAN_POINT('',(1.,0.005,0.0075));
#7881=CARTESIAN_POINT('',(1.,0.005,0.01375));
#7882=CARTESIAN_POINT('',(0.,0.,0.0075));
#7883=CARTESIAN_POINT('',(0.,-0.005,0.0075));
#7884=CARTESIAN_POINT('',(1.,-0.005,0.0075));
#7885=CARTESIAN_POINT('',(1.,0.,0.0075));
#7886=CARTESIAN_POINT('',(0.,-0.005,0.01375));
#7887=CARTESIAN_POINT('',(0.,-0.005,0.02));
#7888=CARTESIAN_POINT('',(1.,-0.005,0.02));
#7889=CARTESIAN_POINT('',(1.,-0.005,0.01375));
#7890=CARTESIAN_POINT('',(0.,-0.0125,0.02));
#7891=CARTESIAN_POINT('',(1.,-0.0125,0.02));
#7892=CARTESIAN_POINT('',(3.035,0.,0.));
#7893=CARTESIAN_POINT('',(1.,0.,0.));
#7894=CARTESIAN_POINT('',(1.,0.,-0.005));
#7895=CARTESIAN_POINT('',(1.,-0.00102272722870111,-0.00232438184320926));
#7896=CARTESIAN_POINT('',(0.725630711648435,-0.28,-0.0429460593535098));
#7897=CARTESIAN_POINT('',(-0.254369288351566,0.28,-0.622946059353505));
#7898=CARTESIAN_POINT('',(-0.234369288351566,-0.28,-0.0429460593535098));
#7899=CARTESIAN_POINT('',(0.,4.44089209850063E-19,1.11022302462516E-19));
#7900=CARTESIAN_POINT('',(0.,-0.02,0.02));
#7901=CARTESIAN_POINT('',(0.,-0.02,0.02));
#7902=CARTESIAN_POINT('',(0.,-0.02,0.005));
#7903=CARTESIAN_POINT('',(0.,-0.005,0.02));
#7904=CARTESIAN_POINT('',(0.,-0.005,0.02));
#7905=CARTESIAN_POINT('',(0.,-0.005,0.0075));
#7906=CARTESIAN_POINT('',(0.,-0.005,0.0075));
#7907=CARTESIAN_POINT('',(0.,0.005,0.0075));
#7908=CARTESIAN_POINT('',(0.,0.005,0.0075));
#7909=CARTESIAN_POINT('',(0.,0.005,0.02));
#7910=CARTESIAN_POINT('',(0.,0.005,0.02));
#7911=CARTESIAN_POINT('',(0.,-0.0125,0.02));
#7912=CARTESIAN_POINT('',(0.,0.02,0.02));
#7913=CARTESIAN_POINT('',(0.,0.02,0.005));
#7914=CARTESIAN_POINT('',(0.,0.02,0.005));
#7915=CARTESIAN_POINT('',(0.,-0.01375,0.005));
#7916=CARTESIAN_POINT('',(0.,0.0075,0.005));
#7917=CARTESIAN_POINT('',(0.,0.0075,-0.005));
#7918=CARTESIAN_POINT('',(0.,0.0075,-0.005));
#7919=CARTESIAN_POINT('',(0.,-0.01375,-0.005));
#7920=CARTESIAN_POINT('',(0.,0.02,-0.005));
#7921=CARTESIAN_POINT('',(0.,0.02,0.0125));
#7922=CARTESIAN_POINT('',(0.,0.02,-0.02));
#7923=CARTESIAN_POINT('',(0.,-0.0125,-0.02));
#7924=CARTESIAN_POINT('',(0.,0.005,-0.02));
#7925=CARTESIAN_POINT('',(0.,0.005,0.01375));
#7926=CARTESIAN_POINT('',(0.,0.005,-0.0075));
#7927=CARTESIAN_POINT('',(0.,-0.005,-0.0075));
#7928=CARTESIAN_POINT('',(0.,-0.005,-0.0075));
#7929=CARTESIAN_POINT('',(0.,-0.005,0.01375));
#7930=CARTESIAN_POINT('',(0.,-0.005,-0.02));
#7931=CARTESIAN_POINT('',(0.,-0.02,-0.02));
#7932=CARTESIAN_POINT('',(0.,-0.02,-0.02));
#7933=CARTESIAN_POINT('',(0.,-0.02,0.0125));
#7934=CARTESIAN_POINT('',(0.,-0.02,-0.005));
#7935=CARTESIAN_POINT('',(0.,-0.0075,-0.005));
#7936=CARTESIAN_POINT('',(0.,-0.0075,-0.005));
#7937=CARTESIAN_POINT('',(0.,-0.0075,0.005));
#7938=CARTESIAN_POINT('',(0.,-0.0075,0.005));
#7939=CARTESIAN_POINT('',(0.,-0.02,0.005));
#7940=CARTESIAN_POINT('',(0.,0.,0.));
#7941=CARTESIAN_POINT('',(0.,0.,-0.005));
#7942=CARTESIAN_POINT('',(0.,-0.02,0.0125));
#7943=CARTESIAN_POINT('',(0.,-0.02,0.005));
#7944=CARTESIAN_POINT('',(1.7,-0.02,0.005));
#7945=CARTESIAN_POINT('',(1.7,-0.02,0.0125));
#7946=CARTESIAN_POINT('',(1.7,-0.02,0.02));
#7947=CARTESIAN_POINT('',(0.,-0.02,0.02));
#7948=CARTESIAN_POINT('',(0.,-0.01375,0.005));
#7949=CARTESIAN_POINT('',(0.,-0.0075,0.005));
#7950=CARTESIAN_POINT('',(1.7,-0.0075,0.005));
#7951=CARTESIAN_POINT('',(1.7,-0.01375,0.005));
#7952=CARTESIAN_POINT('',(0.,-0.0075,0.));
#7953=CARTESIAN_POINT('',(0.,-0.0075,-0.005));
#7954=CARTESIAN_POINT('',(1.7,-0.0075,-0.005));
#7955=CARTESIAN_POINT('',(1.7,-0.0075,0.));
#7956=CARTESIAN_POINT('',(0.,-0.01375,-0.005));
#7957=CARTESIAN_POINT('',(0.,-0.02,-0.005));
#7958=CARTESIAN_POINT('',(1.7,-0.02,-0.005));
#7959=CARTESIAN_POINT('',(1.7,-0.01375,-0.005));
#7960=CARTESIAN_POINT('',(0.,-0.02,0.0125));
#7961=CARTESIAN_POINT('',(0.,-0.02,-0.02));
#7962=CARTESIAN_POINT('',(1.7,-0.02,-0.02));
#7963=CARTESIAN_POINT('',(1.7,-0.02,0.0125));
#7964=CARTESIAN_POINT('',(0.,-0.0125,-0.02));
#7965=CARTESIAN_POINT('',(0.,-0.005,-0.02));
#7966=CARTESIAN_POINT('',(1.7,-0.005,-0.02));
#7967=CARTESIAN_POINT('',(1.7,-0.0125,-0.02));
#7968=CARTESIAN_POINT('',(0.,-0.005,0.01375));
#7969=CARTESIAN_POINT('',(0.,-0.005,-0.0075));
#7970=CARTESIAN_POINT('',(1.7,-0.005,-0.0075));
#7971=CARTESIAN_POINT('',(1.7,-0.005,0.01375));
#7972=CARTESIAN_POINT('',(0.,0.,-0.0075));
#7973=CARTESIAN_POINT('',(0.,0.005,-0.0075));
#7974=CARTESIAN_POINT('',(1.7,0.005,-0.0075));
#7975=CARTESIAN_POINT('',(1.7,0.,-0.0075));
#7976=CARTESIAN_POINT('',(0.,0.005,0.01375));
#7977=CARTESIAN_POINT('',(0.,0.005,-0.02));
#7978=CARTESIAN_POINT('',(1.7,0.005,-0.02));
#7979=CARTESIAN_POINT('',(1.7,0.005,0.01375));
#7980=CARTESIAN_POINT('',(0.,-0.0125,-0.02));
#7981=CARTESIAN_POINT('',(0.,0.02,-0.02));
#7982=CARTESIAN_POINT('',(1.7,0.02,-0.02));
#7983=CARTESIAN_POINT('',(1.7,-0.0125,-0.02));
#7984=CARTESIAN_POINT('',(0.,0.02,0.0125));
#7985=CARTESIAN_POINT('',(0.,0.02,-0.005));
#7986=CARTESIAN_POINT('',(1.7,0.02,-0.005));
#7987=CARTESIAN_POINT('',(1.7,0.02,0.0125));
#7988=CARTESIAN_POINT('',(0.,-0.01375,-0.005));
#7989=CARTESIAN_POINT('',(0.,0.0075,-0.005));
#7990=CARTESIAN_POINT('',(1.7,0.0075,-0.005));
#7991=CARTESIAN_POINT('',(1.7,-0.01375,-0.005));
#7992=CARTESIAN_POINT('',(0.,0.0075,0.));
#7993=CARTESIAN_POINT('',(0.,0.0075,0.005));
#7994=CARTESIAN_POINT('',(1.7,0.0075,0.005));
#7995=CARTESIAN_POINT('',(1.7,0.0075,0.));
#7996=CARTESIAN_POINT('',(0.,-0.01375,0.005));
#7997=CARTESIAN_POINT('',(0.,0.02,0.005));
#7998=CARTESIAN_POINT('',(1.7,0.02,0.005));
#7999=CARTESIAN_POINT('',(1.7,-0.01375,0.005));
#8000=CARTESIAN_POINT('',(0.,0.02,0.0125));
#8001=CARTESIAN_POINT('',(0.,0.02,0.02));
#8002=CARTESIAN_POINT('',(1.7,0.02,0.02));
#8003=CARTESIAN_POINT('',(1.7,0.02,0.0125));
#8004=CARTESIAN_POINT('',(0.,-0.0125,0.02));
#8005=CARTESIAN_POINT('',(0.,0.005,0.02));
#8006=CARTESIAN_POINT('',(1.7,0.005,0.02));
#8007=CARTESIAN_POINT('',(1.7,-0.0125,0.02));
#8008=CARTESIAN_POINT('',(0.,0.005,0.01375));
#8009=CARTESIAN_POINT('',(0.,0.005,0.0075));
#8010=CARTESIAN_POINT('',(1.7,0.005,0.0075));
#8011=CARTESIAN_POINT('',(1.7,0.005,0.01375));
#8012=CARTESIAN_POINT('',(0.,0.,0.0075));
#8013=CARTESIAN_POINT('',(0.,-0.005,0.0075));
#8014=CARTESIAN_POINT('',(1.7,-0.005,0.0075));
#8015=CARTESIAN_POINT('',(1.7,0.,0.0075));
#8016=CARTESIAN_POINT('',(0.,-0.005,0.01375));
#8017=CARTESIAN_POINT('',(0.,-0.005,0.02));
#8018=CARTESIAN_POINT('',(1.7,-0.005,0.02));
#8019=CARTESIAN_POINT('',(1.7,-0.005,0.01375));
#8020=CARTESIAN_POINT('',(0.,-0.0125,0.02));
#8021=CARTESIAN_POINT('',(1.7,-0.0125,0.02));
#8022=CARTESIAN_POINT('',(3.035,0.,0.));
#8023=CARTESIAN_POINT('',(1.7,0.,0.));
#8024=CARTESIAN_POINT('',(1.7,0.,-0.005));
#8025=CARTESIAN_POINT('',(1.7,-0.00102272722870111,-0.00232438184320926));
#8026=CARTESIAN_POINT('',(0.725630711648435,0.28,0.657053940646495));
#8027=CARTESIAN_POINT('',(0.,4.44089209850063E-19,1.11022302462516E-19));
#8028=CARTESIAN_POINT('',(0.,-0.02,0.02));
#8029=CARTESIAN_POINT('',(0.,-0.02,0.02));
#8030=CARTESIAN_POINT('',(0.,-0.02,0.005));
#8031=CARTESIAN_POINT('',(0.,-0.005,0.02));
#8032=CARTESIAN_POINT('',(0.,-0.005,0.02));
#8033=CARTESIAN_POINT('',(0.,-0.005,0.0075));
#8034=CARTESIAN_POINT('',(0.,-0.005,0.0075));
#8035=CARTESIAN_POINT('',(0.,0.005,0.0075));
#8036=CARTESIAN_POINT('',(0.,0.005,0.0075));
#8037=CARTESIAN_POINT('',(0.,0.005,0.02));
#8038=CARTESIAN_POINT('',(0.,0.005,0.02));
#8039=CARTESIAN_POINT('',(0.,-0.0125,0.02));
#8040=CARTESIAN_POINT('',(0.,0.02,0.02));
#8041=CARTESIAN_POINT('',(0.,0.02,0.005));
#8042=CARTESIAN_POINT('',(0.,0.02,0.005));
#8043=CARTESIAN_POINT('',(0.,-0.01375,0.005));
#8044=CARTESIAN_POINT('',(0.,0.0075,0.005));
#8045=CARTESIAN_POINT('',(0.,0.0075,-0.005));
#8046=CARTESIAN_POINT('',(0.,0.0075,-0.005));
#8047=CARTESIAN_POINT('',(0.,-0.01375,-0.005));
#8048=CARTESIAN_POINT('',(0.,0.02,-0.005));
#8049=CARTESIAN_POINT('',(0.,0.02,0.0125));
#8050=CARTESIAN_POINT('',(0.,0.02,-0.02));
#8051=CARTESIAN_POINT('',(0.,-0.0125,-0.02));
#8052=CARTESIAN_POINT('',(0.,0.005,-0.02));
#8053=CARTESIAN_POINT('',(0.,0.005,0.01375));
#8054=CARTESIAN_POINT('',(0.,0.005,-0.0075));
#8055=CARTESIAN_POINT('',(0.,-0.005,-0.0075));
#8056=CARTESIAN_POINT('',(0.,-0.005,-0.0075));
#8057=CARTESIAN_POINT('',(0.,-0.005,0.01375));
#8058=CARTESIAN_POINT('',(0.,-0.005,-0.02));
#8059=CARTESIAN_POINT('',(0.,-0.02,-0.02));
#8060=CARTESIAN_POINT('',(0.,-0.02,-0.02));
#8061=CARTESIAN_POINT('',(0.,-0.02,0.0125));
#8062=CARTESIAN_POINT('',(0.,-0.02,-0.005));
#8063=CARTESIAN_POINT('',(0.,-0.0075,-0.005));
#8064=CARTESIAN_POINT('',(0.,-0.0075,-0.005));
#8065=CARTESIAN_POINT('',(0.,-0.0075,0.005));
#8066=CARTESIAN_POINT('',(0.,-0.0075,0.005));
#8067=CARTESIAN_POINT('',(0.,-0.02,0.005));
#8068=CARTESIAN_POINT('',(0.,0.,0.));
#8069=CARTESIAN_POINT('',(0.,0.,-0.005));
#8070=CARTESIAN_POINT('',(0.,-0.02,0.0125));
#8071=CARTESIAN_POINT('',(0.,-0.02,0.005));
#8072=CARTESIAN_POINT('',(0.6,-0.02,0.005));
#8073=CARTESIAN_POINT('',(0.6,-0.02,0.0125));
#8074=CARTESIAN_POINT('',(0.6,-0.02,0.02));
#8075=CARTESIAN_POINT('',(0.,-0.02,0.02));
#8076=CARTESIAN_POINT('',(0.,-0.01375,0.005));
#8077=CARTESIAN_POINT('',(0.,-0.0075,0.005));
#8078=CARTESIAN_POINT('',(0.6,-0.0075,0.005));
#8079=CARTESIAN_POINT('',(0.6,-0.01375,0.005));
#8080=CARTESIAN_POINT('',(0.,-0.0075,0.));
#8081=CARTESIAN_POINT('',(0.,-0.0075,-0.005));
#8082=CARTESIAN_POINT('',(0.6,-0.0075,-0.005));
#8083=CARTESIAN_POINT('',(0.6,-0.0075,0.));
#8084=CARTESIAN_POINT('',(0.,-0.01375,-0.005));
#8085=CARTESIAN_POINT('',(0.,-0.02,-0.005));
#8086=CARTESIAN_POINT('',(0.6,-0.02,-0.005));
#8087=CARTESIAN_POINT('',(0.6,-0.01375,-0.005));
#8088=CARTESIAN_POINT('',(0.,-0.02,0.0125));
#8089=CARTESIAN_POINT('',(0.,-0.02,-0.02));
#8090=CARTESIAN_POINT('',(0.6,-0.02,-0.02));
#8091=CARTESIAN_POINT('',(0.6,-0.02,0.0125));
#8092=CARTESIAN_POINT('',(0.,-0.0125,-0.02));
#8093=CARTESIAN_POINT('',(0.,-0.005,-0.02));
#8094=CARTESIAN_POINT('',(0.6,-0.005,-0.02));
#8095=CARTESIAN_POINT('',(0.6,-0.0125,-0.02));
#8096=CARTESIAN_POINT('',(0.,-0.005,0.01375));
#8097=CARTESIAN_POINT('',(0.,-0.005,-0.0075));
#8098=CARTESIAN_POINT('',(0.6,-0.005,-0.0075));
#8099=CARTESIAN_POINT('',(0.6,-0.005,0.01375));
#8100=CARTESIAN_POINT('',(0.,0.,-0.0075));
#8101=CARTESIAN_POINT('',(0.,0.005,-0.0075));
#8102=CARTESIAN_POINT('',(0.6,0.005,-0.0075));
#8103=CARTESIAN_POINT('',(0.6,0.,-0.0075));
#8104=CARTESIAN_POINT('',(0.,0.005,0.01375));
#8105=CARTESIAN_POINT('',(0.,0.005,-0.02));
#8106=CARTESIAN_POINT('',(0.6,0.005,-0.02));
#8107=CARTESIAN_POINT('',(0.6,0.005,0.01375));
#8108=CARTESIAN_POINT('',(0.,-0.0125,-0.02));
#8109=CARTESIAN_POINT('',(0.,0.02,-0.02));
#8110=CARTESIAN_POINT('',(0.6,0.02,-0.02));
#8111=CARTESIAN_POINT('',(0.6,-0.0125,-0.02));
#8112=CARTESIAN_POINT('',(0.,0.02,0.0125));
#8113=CARTESIAN_POINT('',(0.,0.02,-0.005));
#8114=CARTESIAN_POINT('',(0.6,0.02,-0.005));
#8115=CARTESIAN_POINT('',(0.6,0.02,0.0125));
#8116=CARTESIAN_POINT('',(0.,-0.01375,-0.005));
#8117=CARTESIAN_POINT('',(0.,0.0075,-0.005));
#8118=CARTESIAN_POINT('',(0.6,0.0075,-0.005));
#8119=CARTESIAN_POINT('',(0.6,-0.01375,-0.005));
#8120=CARTESIAN_POINT('',(0.,0.0075,0.));
#8121=CARTESIAN_POINT('',(0.,0.0075,0.005));
#8122=CARTESIAN_POINT('',(0.6,0.0075,0.005));
#8123=CARTESIAN_POINT('',(0.6,0.0075,0.));
#8124=CARTESIAN_POINT('',(0.,-0.01375,0.005));
#8125=CARTESIAN_POINT('',(0.,0.02,0.005));
#8126=CARTESIAN_POINT('',(0.6,0.02,0.005));
#8127=CARTESIAN_POINT('',(0.6,-0.01375,0.005));
#8128=CARTESIAN_POINT('',(0.,0.02,0.0125));
#8129=CARTESIAN_POINT('',(0.,0.02,0.02));
#8130=CARTESIAN_POINT('',(0.6,0.02,0.02));
#8131=CARTESIAN_POINT('',(0.6,0.02,0.0125));
#8132=CARTESIAN_POINT('',(0.,-0.0125,0.02));
#8133=CARTESIAN_POINT('',(0.,0.005,0.02));
#8134=CARTESIAN_POINT('',(0.6,0.005,0.02));
#8135=CARTESIAN_POINT('',(0.6,-0.0125,0.02));
#8136=CARTESIAN_POINT('',(0.,0.005,0.01375));
#8137=CARTESIAN_POINT('',(0.,0.005,0.0075));
#8138=CARTESIAN_POINT('',(0.6,0.005,0.0075));
#8139=CARTESIAN_POINT('',(0.6,0.005,0.01375));
#8140=CARTESIAN_POINT('',(0.,0.,0.0075));
#8141=CARTESIAN_POINT('',(0.,-0.005,0.0075));
#8142=CARTESIAN_POINT('',(0.6,-0.005,0.0075));
#8143=CARTESIAN_POINT('',(0.6,0.,0.0075));
#8144=CARTESIAN_POINT('',(0.,-0.005,0.01375));
#8145=CARTESIAN_POINT('',(0.,-0.005,0.02));
#8146=CARTESIAN_POINT('',(0.6,-0.005,0.02));
#8147=CARTESIAN_POINT('',(0.6,-0.005,0.01375));
#8148=CARTESIAN_POINT('',(0.,-0.0125,0.02));
#8149=CARTESIAN_POINT('',(0.6,-0.0125,0.02));
#8150=CARTESIAN_POINT('',(3.035,0.,0.));
#8151=CARTESIAN_POINT('',(0.6,0.,0.));
#8152=CARTESIAN_POINT('',(0.6,0.,-0.005));
#8153=CARTESIAN_POINT('',(0.6,-0.00102272722870111,-0.00232438184320926));
#8154=CARTESIAN_POINT('',(-0.234369288351566,0.3,-0.0629460593535041));
#8155=CARTESIAN_POINT('',(0.725630711648435,0.3,-0.622946059353509));
#8156=CARTESIAN_POINT('',(0.00682927668094627,0.13502034432644,0.01));
#8157=CARTESIAN_POINT('',(0.00682927668094627,0.13502034432644,0.));
#8158=CARTESIAN_POINT('',(-0.493170723319054,0.13502034432644,0.));
#8159=CARTESIAN_POINT('',(0.506829276680946,0.13502034432644,0.));
#8160=CARTESIAN_POINT('',(-0.493170723319054,0.13502034432644,0.01));
#8161=CARTESIAN_POINT('',(-0.493170723319054,0.13502034432644,0.01));
#8162=CARTESIAN_POINT('',(0.00682927668094627,0.13502034432644,0.01));
#8163=CARTESIAN_POINT('',(0.506829276680946,0.13502034432644,0.01));
#8164=CARTESIAN_POINT('',(0.506829276680946,0.13502034432644,0.01));
#8165=CARTESIAN_POINT('',(-0.493170723319054,-0.16497965567356,0.01));
#8166=CARTESIAN_POINT('',(-0.493170723319054,-0.16497965567356,0.));
#8167=CARTESIAN_POINT('',(-0.493170723319054,-0.464979655673561,0.));
#8168=CARTESIAN_POINT('',(-0.493170723319054,-0.464979655673561,0.01));
#8169=CARTESIAN_POINT('',(-0.493170723319054,-0.464979655673561,0.01));
#8170=CARTESIAN_POINT('',(-0.493170723319054,-0.16497965567356,0.01));
#8171=CARTESIAN_POINT('',(0.00682927668094635,-0.464979655673561,0.01));
#8172=CARTESIAN_POINT('',(0.00682927668094635,-0.464979655673561,0.));
#8173=CARTESIAN_POINT('',(0.506829276680946,-0.464979655673561,0.));
#8174=CARTESIAN_POINT('',(0.506829276680946,-0.464979655673561,0.01));
#8175=CARTESIAN_POINT('',(0.506829276680946,-0.464979655673561,0.01));
#8176=CARTESIAN_POINT('',(0.00682927668094635,-0.464979655673561,0.01));
#8177=CARTESIAN_POINT('',(0.506829276680946,-0.16497965567356,0.01));
#8178=CARTESIAN_POINT('',(0.506829276680946,-0.16497965567356,0.));
#8179=CARTESIAN_POINT('',(0.506829276680946,-0.16497965567356,0.01));
#8180=CARTESIAN_POINT('',(0.00682927668094624,-0.16497965567356,0.01));
#8181=CARTESIAN_POINT('',(0.00682927668094624,-0.16497965567356,0.));
#8182=CARTESIAN_POINT('',(0.238801434967489,0.26,0.522033596320056));
#8183=CARTESIAN_POINT('',(-0.254369288351566,-0.28,-0.622946059353504));
#8184=CARTESIAN_POINT('',(0.725630711648435,0.3,-0.0629460593535041));
#8185=CARTESIAN_POINT('',(-0.254369288351566,-0.28,-0.0629460593535041));
#8186=CARTESIAN_POINT('',(-0.234369288351566,0.28,-1.0429460593535));
#8187=CARTESIAN_POINT('',(-0.234369288351566,0.3,-0.622946059353505));
#8188=CARTESIAN_POINT('',(-0.254369288351566,0.28,0.637053940646494));
#8189=CARTESIAN_POINT('',(-0.254369288351566,0.28,-0.0629460593535041));
#8190=CARTESIAN_POINT('',(0.,0.,0.));
#8191=MECHANICAL_DESIGN_GEOMETRIC_PRESENTATION_REPRESENTATION('',(#4923,#4924,#4925,#4926,#4927,#4928,#4929,#4930,#4931,#4932,#4933),#8192);
#8192=(
GEOMETRIC_REPRESENTATION_CONTEXT(3)
GLOBAL_UNCERTAINTY_ASSIGNED_CONTEXT((#8205))
GLOBAL_UNIT_ASSIGNED_CONTEXT((#8220,#8219,#8218))
REPRESENTATION_CONTEXT('zusammen_ohne_sensoren','TOP_LEVEL_ASSEMBLY_PART')
);
#8193=(
GEOMETRIC_REPRESENTATION_CONTEXT(3)
GLOBAL_UNCERTAINTY_ASSIGNED_CONTEXT((#8206))
GLOBAL_UNIT_ASSIGNED_CONTEXT((#8220,#8219,#8218))
REPRESENTATION_CONTEXT('deckel','COMPONENT_PART')
);
#8194=(
GEOMETRIC_REPRESENTATION_CONTEXT(3)
GLOBAL_UNCERTAINTY_ASSIGNED_CONTEXT((#8207))
GLOBAL_UNIT_ASSIGNED_CONTEXT((#8220,#8219,#8218))
REPRESENTATION_CONTEXT('einlage_ende','COMPONENT_PART')
);
#8195=(
GEOMETRIC_REPRESENTATION_CONTEXT(3)
GLOBAL_UNCERTAINTY_ASSIGNED_CONTEXT((#8208))
GLOBAL_UNIT_ASSIGNED_CONTEXT((#8220,#8219,#8218))
REPRESENTATION_CONTEXT('einlage_mitte','COMPONENT_PART')
);
#8196=(
GEOMETRIC_REPRESENTATION_CONTEXT(3)
GLOBAL_UNCERTAINTY_ASSIGNED_CONTEXT((#8209))
GLOBAL_UNIT_ASSIGNED_CONTEXT((#8220,#8219,#8218))
REPRESENTATION_CONTEXT('Tischplatte','COMPONENT_PART')
);
#8197=(
GEOMETRIC_REPRESENTATION_CONTEXT(3)
GLOBAL_UNCERTAINTY_ASSIGNED_CONTEXT((#8210))
GLOBAL_UNIT_ASSIGNED_CONTEXT((#8220,#8219,#8218))
REPRESENTATION_CONTEXT('guetekasten','COMPONENT_PART')
);
#8198=(
GEOMETRIC_REPRESENTATION_CONTEXT(3)
GLOBAL_UNCERTAINTY_ASSIGNED_CONTEXT((#8211))
GLOBAL_UNIT_ASSIGNED_CONTEXT((#8220,#8219,#8218))
REPRESENTATION_CONTEXT('Einlass','COMPONENT_PART')
);
#8199=(
GEOMETRIC_REPRESENTATION_CONTEXT(3)
GLOBAL_UNCERTAINTY_ASSIGNED_CONTEXT((#8212))
GLOBAL_UNIT_ASSIGNED_CONTEXT((#8220,#8219,#8218))
REPRESENTATION_CONTEXT('einlage_klein','COMPONENT_PART')
);
#8200=(
GEOMETRIC_REPRESENTATION_CONTEXT(3)
GLOBAL_UNCERTAINTY_ASSIGNED_CONTEXT((#8213))
GLOBAL_UNIT_ASSIGNED_CONTEXT((#8220,#8219,#8218))
REPRESENTATION_CONTEXT('profiltisch <1>','COMPONENT_PART')
);
#8201=(
GEOMETRIC_REPRESENTATION_CONTEXT(3)
GLOBAL_UNCERTAINTY_ASSIGNED_CONTEXT((#8214))
GLOBAL_UNIT_ASSIGNED_CONTEXT((#8220,#8219,#8218))
REPRESENTATION_CONTEXT('1','COMPONENT_PART')
);
#8202=(
GEOMETRIC_REPRESENTATION_CONTEXT(3)
GLOBAL_UNCERTAINTY_ASSIGNED_CONTEXT((#8215))
GLOBAL_UNIT_ASSIGNED_CONTEXT((#8220,#8219,#8218))
REPRESENTATION_CONTEXT('1','COMPONENT_PART')
);
#8203=(
GEOMETRIC_REPRESENTATION_CONTEXT(3)
GLOBAL_UNCERTAINTY_ASSIGNED_CONTEXT((#8216))
GLOBAL_UNIT_ASSIGNED_CONTEXT((#8220,#8219,#8218))
REPRESENTATION_CONTEXT('1','COMPONENT_PART')
);
#8204=(
GEOMETRIC_REPRESENTATION_CONTEXT(3)
GLOBAL_UNCERTAINTY_ASSIGNED_CONTEXT((#8217))
GLOBAL_UNIT_ASSIGNED_CONTEXT((#8220,#8219,#8218))
REPRESENTATION_CONTEXT('Part 1','COMPONENT_PART')
);
#8205=UNCERTAINTY_MEASURE_WITH_UNIT(LENGTH_MEASURE(1.E-08),#8220,'DISTANCE_ACCURACY_VALUE','Maximum Tolerance applied to model');
#8206=UNCERTAINTY_MEASURE_WITH_UNIT(LENGTH_MEASURE(1.E-08),#8220,'DISTANCE_ACCURACY_VALUE','Maximum Tolerance applied to model');
#8207=UNCERTAINTY_MEASURE_WITH_UNIT(LENGTH_MEASURE(1.E-08),#8220,'DISTANCE_ACCURACY_VALUE','Maximum Tolerance applied to model');
#8208=UNCERTAINTY_MEASURE_WITH_UNIT(LENGTH_MEASURE(1.E-08),#8220,'DISTANCE_ACCURACY_VALUE','Maximum Tolerance applied to model');
#8209=UNCERTAINTY_MEASURE_WITH_UNIT(LENGTH_MEASURE(1.E-08),#8220,'DISTANCE_ACCURACY_VALUE','Maximum Tolerance applied to model');
#8210=UNCERTAINTY_MEASURE_WITH_UNIT(LENGTH_MEASURE(1.E-08),#8220,'DISTANCE_ACCURACY_VALUE','Maximum Tolerance applied to model');
#8211=UNCERTAINTY_MEASURE_WITH_UNIT(LENGTH_MEASURE(2.E-05),#8220,'DISTANCE_ACCURACY_VALUE','Maximum Tolerance applied to model');
#8212=UNCERTAINTY_MEASURE_WITH_UNIT(LENGTH_MEASURE(1.E-08),#8220,'DISTANCE_ACCURACY_VALUE','Maximum Tolerance applied to model');
#8213=UNCERTAINTY_MEASURE_WITH_UNIT(LENGTH_MEASURE(1.E-08),#8220,'DISTANCE_ACCURACY_VALUE','Maximum Tolerance applied to model');
#8214=UNCERTAINTY_MEASURE_WITH_UNIT(LENGTH_MEASURE(1.E-06),#8220,'DISTANCE_ACCURACY_VALUE','Maximum Tolerance applied to model');
#8215=UNCERTAINTY_MEASURE_WITH_UNIT(LENGTH_MEASURE(1.E-06),#8220,'DISTANCE_ACCURACY_VALUE','Maximum Tolerance applied to model');
#8216=UNCERTAINTY_MEASURE_WITH_UNIT(LENGTH_MEASURE(1.E-06),#8220,'DISTANCE_ACCURACY_VALUE','Maximum Tolerance applied to model');
#8217=UNCERTAINTY_MEASURE_WITH_UNIT(LENGTH_MEASURE(1.E-08),#8220,'DISTANCE_ACCURACY_VALUE','Maximum Tolerance applied to model');
#8218=(
NAMED_UNIT(*)
SI_UNIT($,.STERADIAN.)
SOLID_ANGLE_UNIT()
);
#8219=(
NAMED_UNIT(*)
PLANE_ANGLE_UNIT()
SI_UNIT($,.RADIAN.)
);
#8220=(
LENGTH_UNIT()
NAMED_UNIT(*)
SI_UNIT($,.METRE.)
);
#8221=PRODUCT_DEFINITION_SHAPE('','',#8256);
#8222=PRODUCT_DEFINITION_SHAPE('','',#8257);
#8223=PRODUCT_DEFINITION_SHAPE(' ','NAUO PRDDFN',#56);
#8224=PRODUCT_DEFINITION_SHAPE('','',#8258);
#8225=PRODUCT_DEFINITION_SHAPE(' ','NAUO PRDDFN',#57);
#8226=PRODUCT_DEFINITION_SHAPE('','',#8259);
#8227=PRODUCT_DEFINITION_SHAPE(' ','NAUO PRDDFN',#58);
#8228=PRODUCT_DEFINITION_SHAPE('','',#8260);
#8229=PRODUCT_DEFINITION_SHAPE(' ','NAUO PRDDFN',#59);
#8230=PRODUCT_DEFINITION_SHAPE('','',#8261);
#8231=PRODUCT_DEFINITION_SHAPE(' ','NAUO PRDDFN',#60);
#8232=PRODUCT_DEFINITION_SHAPE('','',#8262);
#8233=PRODUCT_DEFINITION_SHAPE(' ','NAUO PRDDFN',#61);
#8234=PRODUCT_DEFINITION_SHAPE('','',#8263);
#8235=PRODUCT_DEFINITION_SHAPE(' ','NAUO PRDDFN',#62);
#8236=PRODUCT_DEFINITION_SHAPE('','',#8264);
#8237=PRODUCT_DEFINITION_SHAPE('','',#8265);
#8238=PRODUCT_DEFINITION_SHAPE(' ','NAUO PRDDFN',#63);
#8239=PRODUCT_DEFINITION_SHAPE(' ','NAUO PRDDFN',#64);
#8240=PRODUCT_DEFINITION_SHAPE(' ','NAUO PRDDFN',#65);
#8241=PRODUCT_DEFINITION_SHAPE('','',#8266);
#8242=PRODUCT_DEFINITION_SHAPE(' ','NAUO PRDDFN',#66);
#8243=PRODUCT_DEFINITION_SHAPE('','',#8267);
#8244=PRODUCT_DEFINITION_SHAPE(' ','NAUO PRDDFN',#67);
#8245=PRODUCT_DEFINITION_SHAPE(' ','NAUO PRDDFN',#68);
#8246=PRODUCT_DEFINITION_SHAPE('','',#8268);
#8247=PRODUCT_DEFINITION_SHAPE(' ','NAUO PRDDFN',#69);
#8248=PRODUCT_DEFINITION_SHAPE(' ','NAUO PRDDFN',#70);
#8249=PRODUCT_DEFINITION_SHAPE(' ','NAUO PRDDFN',#71);
#8250=PRODUCT_DEFINITION_SHAPE(' ','NAUO PRDDFN',#72);
#8251=PRODUCT_DEFINITION_SHAPE(' ','NAUO PRDDFN',#73);
#8252=PRODUCT_DEFINITION_SHAPE(' ','NAUO PRDDFN',#74);
#8253=PRODUCT_DEFINITION_SHAPE(' ','NAUO PRDDFN',#75);
#8254=PRODUCT_DEFINITION_SHAPE(' ','NAUO PRDDFN',#76);
#8255=PRODUCT_DEFINITION_SHAPE(' ','NAUO PRDDFN',#77);
#8256=PRODUCT_DEFINITION('','',#8282,#8269);
#8257=PRODUCT_DEFINITION('','',#8283,#8270);
#8258=PRODUCT_DEFINITION('','',#8284,#8271);
#8259=PRODUCT_DEFINITION('','',#8285,#8272);
#8260=PRODUCT_DEFINITION('','',#8286,#8273);
#8261=PRODUCT_DEFINITION('','',#8287,#8274);
#8262=PRODUCT_DEFINITION('','',#8288,#8275);
#8263=PRODUCT_DEFINITION('','',#8289,#8276);
#8264=PRODUCT_DEFINITION('','',#8290,#8277);
#8265=PRODUCT_DEFINITION('','',#8291,#8278);
#8266=PRODUCT_DEFINITION('','',#8292,#8279);
#8267=PRODUCT_DEFINITION('','',#8293,#8280);
#8268=PRODUCT_DEFINITION('','',#8294,#8281);
#8269=PRODUCT_DEFINITION_CONTEXT('',#8348,'design');
#8270=PRODUCT_DEFINITION_CONTEXT('',#8348,'design');
#8271=PRODUCT_DEFINITION_CONTEXT('',#8348,'design');
#8272=PRODUCT_DEFINITION_CONTEXT('',#8348,'design');
#8273=PRODUCT_DEFINITION_CONTEXT('',#8348,'design');
#8274=PRODUCT_DEFINITION_CONTEXT('',#8348,'design');
#8275=PRODUCT_DEFINITION_CONTEXT('',#8348,'design');
#8276=PRODUCT_DEFINITION_CONTEXT('',#8348,'design');
#8277=PRODUCT_DEFINITION_CONTEXT('',#8348,'design');
#8278=PRODUCT_DEFINITION_CONTEXT('',#8348,'design');
#8279=PRODUCT_DEFINITION_CONTEXT('',#8348,'design');
#8280=PRODUCT_DEFINITION_CONTEXT('',#8348,'design');
#8281=PRODUCT_DEFINITION_CONTEXT('',#8348,'design');
#8282=PRODUCT_DEFINITION_FORMATION_WITH_SPECIFIED_SOURCE('','',#8308,.NOT_KNOWN.);
#8283=PRODUCT_DEFINITION_FORMATION_WITH_SPECIFIED_SOURCE('','',#8309,.NOT_KNOWN.);
#8284=PRODUCT_DEFINITION_FORMATION_WITH_SPECIFIED_SOURCE('','',#8310,.NOT_KNOWN.);
#8285=PRODUCT_DEFINITION_FORMATION_WITH_SPECIFIED_SOURCE('','',#8311,.NOT_KNOWN.);
#8286=PRODUCT_DEFINITION_FORMATION_WITH_SPECIFIED_SOURCE('','',#8312,.NOT_KNOWN.);
#8287=PRODUCT_DEFINITION_FORMATION_WITH_SPECIFIED_SOURCE('','',#8313,.NOT_KNOWN.);
#8288=PRODUCT_DEFINITION_FORMATION_WITH_SPECIFIED_SOURCE('','',#8314,.NOT_KNOWN.);
#8289=PRODUCT_DEFINITION_FORMATION_WITH_SPECIFIED_SOURCE('','',#8315,.NOT_KNOWN.);
#8290=PRODUCT_DEFINITION_FORMATION_WITH_SPECIFIED_SOURCE('','',#8316,.NOT_KNOWN.);
#8291=PRODUCT_DEFINITION_FORMATION_WITH_SPECIFIED_SOURCE('','',#8317,.NOT_KNOWN.);
#8292=PRODUCT_DEFINITION_FORMATION_WITH_SPECIFIED_SOURCE('','',#8318,.NOT_KNOWN.);
#8293=PRODUCT_DEFINITION_FORMATION_WITH_SPECIFIED_SOURCE('','',#8319,.NOT_KNOWN.);
#8294=PRODUCT_DEFINITION_FORMATION_WITH_SPECIFIED_SOURCE('','',#8320,.NOT_KNOWN.);
#8295=PRODUCT_RELATED_PRODUCT_CATEGORY('','',(#8308));
#8296=PRODUCT_RELATED_PRODUCT_CATEGORY('','',(#8309));
#8297=PRODUCT_RELATED_PRODUCT_CATEGORY('','',(#8310));
#8298=PRODUCT_RELATED_PRODUCT_CATEGORY('','',(#8311));
#8299=PRODUCT_RELATED_PRODUCT_CATEGORY('','',(#8312));
#8300=PRODUCT_RELATED_PRODUCT_CATEGORY('','',(#8313));
#8301=PRODUCT_RELATED_PRODUCT_CATEGORY('','',(#8314));
#8302=PRODUCT_RELATED_PRODUCT_CATEGORY('','',(#8315));
#8303=PRODUCT_RELATED_PRODUCT_CATEGORY('','',(#8316));
#8304=PRODUCT_RELATED_PRODUCT_CATEGORY('','',(#8317));
#8305=PRODUCT_RELATED_PRODUCT_CATEGORY('','',(#8318));
#8306=PRODUCT_RELATED_PRODUCT_CATEGORY('','',(#8319));
#8307=PRODUCT_RELATED_PRODUCT_CATEGORY('','',(#8320));
#8308=PRODUCT('zusammen_ohne_sensoren','zusammen_ohne_sensoren','zusammen_ohne_sensoren',(#8334));
#8309=PRODUCT('deckel','deckel','deckel',(#8335));
#8310=PRODUCT('einlage_ende','einlage_ende','einlage_ende',(#8336));
#8311=PRODUCT('einlage_mitte','einlage_mitte','einlage_mitte',(#8337));
#8312=PRODUCT('Tischplatte','Tischplatte','Tischplatte',(#8338));
#8313=PRODUCT('guetekasten','guetekasten','guetekasten',(#8339));
#8314=PRODUCT('Einlass','Einlass','Einlass',(#8340));
#8315=PRODUCT('einlage_klein','einlage_klein','einlage_klein',(#8341));
#8316=PRODUCT('profiltisch <1>','profiltisch <1>','profiltisch <1>',(#8342));
#8317=PRODUCT('1','1','1',(#8343));
#8318=PRODUCT('1','1','1',(#8344));
#8319=PRODUCT('1','1','1',(#8345));
#8320=PRODUCT('Part 1','Part 1','Part 1',(#8346));
#8321=PRODUCT_CATEGORY('','');
#8322=PRODUCT_CATEGORY('','');
#8323=PRODUCT_CATEGORY('','');
#8324=PRODUCT_CATEGORY('','');
#8325=PRODUCT_CATEGORY('','');
#8326=PRODUCT_CATEGORY('','');
#8327=PRODUCT_CATEGORY('','');
#8328=PRODUCT_CATEGORY('','');
#8329=PRODUCT_CATEGORY('','');
#8330=PRODUCT_CATEGORY('','');
#8331=PRODUCT_CATEGORY('','');
#8332=PRODUCT_CATEGORY('','');
#8333=PRODUCT_CATEGORY('','');
#8334=PRODUCT_CONTEXT('',#8348,'mechanical');
#8335=PRODUCT_CONTEXT('',#8348,'mechanical');
#8336=PRODUCT_CONTEXT('',#8348,'mechanical');
#8337=PRODUCT_CONTEXT('',#8348,'mechanical');
#8338=PRODUCT_CONTEXT('',#8348,'mechanical');
#8339=PRODUCT_CONTEXT('',#8348,'mechanical');
#8340=PRODUCT_CONTEXT('',#8348,'mechanical');
#8341=PRODUCT_CONTEXT('',#8348,'mechanical');
#8342=PRODUCT_CONTEXT('',#8348,'mechanical');
#8343=PRODUCT_CONTEXT('',#8348,'mechanical');
#8344=PRODUCT_CONTEXT('',#8348,'mechanical');
#8345=PRODUCT_CONTEXT('',#8348,'mechanical');
#8346=PRODUCT_CONTEXT('',#8348,'mechanical');
#8347=APPLICATION_PROTOCOL_DEFINITION('international standard','ap242_managed_model_based_3d_engineering',2020,#8348);
#8348=APPLICATION_CONTEXT('managed model based 3d engineering');
ENDSEC;
END-ISO-10303-21;
