  0
SECTION
  2
HEADER
  9
$ACADVER
  1
AC1014
  9
$ACADMAINTVER
 70
     9
  9
$DWGCODEPAGE
  3
ANSI_1252
  9
$INSBASE
 10
0.0
 20
0.0
 30
0.0
  9
$EXTMIN
 10
1.0
 20
0.5
 30
-39.11548073759714
  9
$EXTMAX
 10
420.0
 20
296.5
 30
39.11548073759718
  9
$LIMMIN
 10
0.0
 20
0.0
  9
$LIMMAX
 10
12.0
 20
9.0
  9
$ORTHOMODE
 70
     0
  9
$REGENMODE
 70
     1
  9
$FILLMODE
 70
     1
  9
$QTEXTMODE
 70
     0
  9
$MIRRTEXT
 70
     1
  9
$DRAGMODE
 70
     2
  9
$LTSCALE
 40
12.7
  9
$OSMODE
 70
    23
  9
$ATTMODE
 70
     1
  9
$TEXTSIZE
 40
3.5
  9
$TRACEWID
 40
0.05
  9
$TEXTSTYLE
  7
ONSHAPE-STANDARD
  9
$CLAYER
  8
0
  9
$CELTYPE
  6
BYLAYER
  9
$CECOLOR
 62
   256
  9
$CELTSCALE
 40
1.0
  9
$DELOBJ
 70
     1
  9
$DISPSILH
 70
     0
  9
$DIMSCALE
 40
1.0
  9
$DIMASZ
 40
2.5
  9
$DIMEXO
 40
0.625
  9
$DIMDLI
 40
3.75
  9
$DIMRND
 40
0.0
  9
$DIMDLE
 40
0.0
  9
$DIMEXE
 40
1.25
  9
$DIMTP
 40
0.0
  9
$DIMTM
 40
0.0
  9
$DIMTXT
 40
3.5
  9
$DIMCEN
 40
2.5
  9
$DIMTSZ
 40
0.0
  9
$DIMTOL
 70
     0
  9
$DIMLIM
 70
     0
  9
$DIMTIH
 70
     0
  9
$DIMTOH
 70
     0
  9
$DIMSE1
 70
     0
  9
$DIMSE2
 70
     0
  9
$DIMTAD
 70
     1
  9
$DIMZIN
 70
     8
  9
$DIMBLK
  1

  9
$DIMASO
 70
     1
  9
$DIMSHO
 70
     1
  9
$DIMPOST
  1

  9
$DIMAPOST
  1

  9
$DIMALT
 70
     0
  9
$DIMALTD
 70
     3
  9
$DIMALTF
 40
0.03937
  9
$DIMLFAC
 40
10.0
  9
$DIMTOFL
 70
     1
  9
$DIMTVP
 40
0.0
  9
$DIMTIX
 70
     0
  9
$DIMSOXD
 70
     0
  9
$DIMSAH
 70
     0
  9
$DIMBLK1
  1

  9
$DIMBLK2
  1

  9
$DIMSTYLE
  2
ONSHAPE-ISO-25
  9
$DIMCLRD
 70
     7
  9
$DIMCLRE
 70
     7
  9
$DIMCLRT
 70
     7
  9
$DIMTFAC
 40
1.0
  9
$DIMGAP
 40
0.625
  9
$DIMJUST
 70
     0
  9
$DIMSD1
 70
     0
  9
$DIMSD2
 70
     0
  9
$DIMTOLJ
 70
     0
  9
$DIMTZIN
 70
     8
  9
$DIMALTZ
 70
     8
  9
$DIMALTTZ
 70
     0
  9
$DIMFIT
 70
     3
  9
$DIMUPT
 70
     1
  9
$DIMUNIT
 70
     2
  9
$DIMDEC
 70
     2
  9
$DIMTDEC
 70
     2
  9
$DIMALTU
 70
     2
  9
$DIMALTTD
 70
     3
  9
$DIMTXSTY
  7
ONSHAPE-STANDARD-DIMENSION
  9
$DIMAUNIT
 70
     0
  9
$LUNITS
 70
     2
  9
$LUPREC
 70
     4
  9
$SKETCHINC
 40
0.1
  9
$FILLETRAD
 40
0.5
  9
$AUNITS
 70
     0
  9
$AUPREC
 70
     0
  9
$MENU
  1
.
  9
$ELEVATION
 40
0.0
  9
$PELEVATION
 40
0.0
  9
$THICKNESS
 40
0.0
  9
$LIMCHECK
 70
     0
  9
$CHAMFERA
 40
0.0
  9
$CHAMFERB
 40
0.0
  9
$CHAMFERC
 40
0.0
  9
$CHAMFERD
 40
0.0
  9
$SKPOLY
 70
     0
  9
$TDCREATE
 40
2461104.301215324
  9
$TDUPDATE
 40
2461104.30121603
  9
$TDINDWG
 40
0.0
  9
$TDUSRTIMER
 40
0.0
  9
$USRTIMER
 70
     1
  9
$ANGBASE
 50
0.0
  9
$ANGDIR
 70
     0
  9
$PDMODE
 70
    33
  9
$PDSIZE
 40
1.0
  9
$PLINEWID
 40
0.0
  9
$COORDS
 70
     1
  9
$SPLFRAME
 70
     0
  9
$SPLINETYPE
 70
     6
  9
$SPLINESEGS
 70
     8
  9
$ATTDIA
 70
     0
  9
$ATTREQ
 70
     1
  9
$HANDLING
 70
     1
  9
$HANDSEED
  5
3FE
  9
$SURFTAB1
 70
     6
  9
$SURFTAB2
 70
     6
  9
$SURFTYPE
 70
     6
  9
$SURFU
 70
     6
  9
$SURFV
 70
     6
  9
$UCSNAME
  2

  9
$UCSORG
 10
0.0
 20
0.0
 30
0.0
  9
$UCSXDIR
 10
1.0
 20
0.0
 30
0.0
  9
$UCSYDIR
 10
0.0
 20
1.0
 30
0.0
  9
$PUCSNAME
  2

  9
$PUCSORG
 10
0.0
 20
0.0
 30
0.0
  9
$PUCSXDIR
 10
1.0
 20
0.0
 30
0.0
  9
$PUCSYDIR
 10
0.0
 20
1.0
 30
0.0
  9
$USERI1
 70
     0
  9
$USERI2
 70
     0
  9
$USERI3
 70
     0
  9
$USERI4
 70
     0
  9
$USERI5
 70
     0
  9
$USERR1
 40
0.0
  9
$USERR2
 40
0.0
  9
$USERR3
 40
0.0
  9
$USERR4
 40
0.0
  9
$USERR5
 40
0.0
  9
$WORLDVIEW
 70
     1
  9
$SHADEDGE
 70
     3
  9
$SHADEDIF
 70
    70
  9
$TILEMODE
 70
     1
  9
$MAXACTVP
 70
    64
  9
$PINSBASE
 10
0.0
 20
0.0
 30
0.0
  9
$PLIMCHECK
 70
     0
  9
$PEXTMIN
 10
1.000000000000000E+20
 20
1.000000000000000E+20
 30
1.000000000000000E+20
  9
$PEXTMAX
 10
-1.000000000000000E+20
 20
-1.000000000000000E+20
 30
-1.000000000000000E+20
  9
$PLIMMIN
 10
0.0
 20
0.0
  9
$PLIMMAX
 10
12.0
 20
9.0
  9
$UNITMODE
 70
     0
  9
$VISRETAIN
 70
     1
  9
$PLINEGEN
 70
     0
  9
$PSLTSCALE
 70
     1
  9
$TREEDEPTH
 70
  3020
  9
$PICKSTYLE
 70
     1
  9
$CMLSTYLE
  2
STANDARD
  9
$CMLJUST
 70
     0
  9
$CMLSCALE
 40
1.0
  9
$PROXYGRAPHICS
 70
     1
  9
$MEASUREMENT
 70
     0
  0
ENDSEC
  0
SECTION
  2
CLASSES
  0
CLASS
  1
ACDBDICTIONARYWDFLT
  2
AcDbDictionaryWithDefault
  3
ObjectDBX Classes
 90
        0
280
     0
281
     0
  0
CLASS
  1
VISUALSTYLE
  2
AcDbVisualStyle
  3
ObjectDBX Classes
 90
     4095
280
     0
281
     0
  0
CLASS
  1
MATERIAL
  2
AcDbMaterial
  3
ObjectDBX Classes
 90
     1153
280
     0
281
     0
  0
CLASS
  1
SCALE
  2
AcDbScale
  3
ObjectDBX Classes
 90
     1153
280
     0
281
     0
  0
CLASS
  1
TABLESTYLE
  2
AcDbTableStyle
  3
ObjectDBX Classes
 90
     4095
280
     0
281
     0
  0
CLASS
  1
MLEADERSTYLE
  2
AcDbMLeaderStyle
  3
ACDB_MLEADERSTYLE_CLASS
 90
     4095
280
     0
281
     0
  0
CLASS
  1
SUN
  2
AcDbSun
  3
SCENEOE
 90
     1153
280
     0
281
     0
  0
CLASS
  1
DICTIONARYVAR
  2
AcDbDictionaryVar
  3
ObjectDBX Classes
 90
        0
280
     0
281
     0
  0
CLASS
  1
FIELD
  2
AcDbField
  3
ObjectDBX Classes
 90
     1152
280
     0
281
     0
  0
CLASS
  1
FIELDLIST
  2
AcDbFieldList
  3
ObjectDBX Classes
 90
     1152
280
     0
281
     0
  0
CLASS
  1
DIMASSOC
  2
AcDbDimAssoc
  3
"AcDbDimAssoc|Product Desc:     AcDim ARX App For Dimension|Company:          Autodesk, Inc.|WEB Address:      www.autodesk.com"
 90
        0
280
     0
281
     0
  0
CLASS
  1
BREAKDATA
  2
AcDbBreakData
  3
ObjectDBX Classes
 90
     1024
280
     0
281
     0
  0
CLASS
  1
XRECORD
  2
AcDbXrecord
  3
ObjectDBX Classes
 90
        0
280
     0
281
     0
  0
CLASS
  1
LWPOLYLINE
  2
AcDbPolyline
  3
ObjectDBX Classes
 90
        0
280
     0
281
     1
  0
CLASS
  1
HATCH
  2
AcDbHatch
  3
ObjectDBX Classes
 90
        0
280
     0
281
     1
  0
CLASS
  1
ACDBPLACEHOLDER
  2
AcDbPlaceHolder
  3
ObjectDBX Classes
 90
        0
280
     0
281
     0
  0
CLASS
  1
LAYOUT
  2
AcDbLayout
  3
ObjectDBX Classes
 90
        0
280
     0
281
     0
  0
ENDSEC
  0
SECTION
  2
TABLES
  0
TABLE
  2
VPORT
  5
8
102
{ACAD_XDICTIONARY
360
3F2
102
}
330
0
100
AcDbSymbolTable
 70
     1
  0
VPORT
  5
29
330
8
100
AcDbSymbolTableRecord
100
AcDbViewportTableRecord
  2
*ACTIVE
 70
     0
 10
0.0
 20
0.0
 11
1.0
 21
1.0
 12
210.5
 22
153.2942779291553
 13
0.0
 23
0.0
 14
0.5
 24
0.5
 15
0.5
 25
0.5
 16
0.0
 26
0.0
 36
1.0
 17
0.0
 27
0.0
 37
0.0
 40
313.7055858310626
 41
1.365292874703758
 42
50.0
 43
0.0
 44
0.0
 50
0.0
 51
0.0
 71
     0
 72
   100
 73
     1
 74
     3
 75
     0
 76
     0
 77
     0
 78
     0
  0
ENDTAB
  0
TABLE
  2
LTYPE
  5
5
330
0
100
AcDbSymbolTable
 70
     1
  0
LTYPE
  5
14
330
5
100
AcDbSymbolTableRecord
100
AcDbLinetypeTableRecord
  2
BYBLOCK
 70
     0
  3

 72
    65
 73
     0
 40
0.0
  0
LTYPE
  5
15
330
5
100
AcDbSymbolTableRecord
100
AcDbLinetypeTableRecord
  2
BYLAYER
 70
     0
  3

 72
    65
 73
     0
 40
0.0
  0
LTYPE
  5
16
330
5
100
AcDbSymbolTableRecord
100
AcDbLinetypeTableRecord
  2
CONTINUOUS
 70
     0
  3
Solid line
 72
    65
 73
     0
 40
0.0
  0
ENDTAB
  0
TABLE
  2
LAYER
  5
2
330
0
100
AcDbSymbolTable
 70
     7
  0
LAYER
  5
10
330
2
100
AcDbSymbolTableRecord
100
AcDbLayerTableRecord
  2
0
 70
     0
 62
     7
  6
CONTINUOUS
  0
LAYER
  5
70
330
2
100
AcDbSymbolTableRecord
100
AcDbLayerTableRecord
  2
DEFPOINTS
 70
     0
 62
     7
  6
CONTINUOUS
  0
LAYER
  5
74
330
2
100
AcDbSymbolTableRecord
100
AcDbLayerTableRecord
  2
VISIBLE
 70
     0
 62
     7
  6
CONTINUOUS
  0
LAYER
  5
241
330
2
100
AcDbSymbolTableRecord
100
AcDbLayerTableRecord
  2
BORDER_FRAME
 70
     0
 62
     7
  6
CONTINUOUS
  0
LAYER
  5
247
330
2
100
AcDbSymbolTableRecord
100
AcDbLayerTableRecord
  2
BORDER_ZONES
 70
     0
 62
     7
  6
CONTINUOUS
  0
LAYER
  5
26D
330
2
100
AcDbSymbolTableRecord
100
AcDbLayerTableRecord
  2
TITLE_BLOCK
 70
     0
 62
     7
  6
CONTINUOUS
  0
LAYER
  5
301
330
2
100
AcDbSymbolTableRecord
100
AcDbLayerTableRecord
  2
ANNOTATION_TEXT
 70
     0
 62
     7
  6
CONTINUOUS
  0
ENDTAB
  0
TABLE
  2
STYLE
  5
3
330
0
100
AcDbSymbolTable
 70
    36
  0
STYLE
  5
11
330
3
100
AcDbSymbolTableRecord
100
AcDbTextStyleTableRecord
  2
STANDARD
 70
     0
 40
0.0
 41
1.0
 50
0.0
 71
     0
 42
3.5
  3
txt
  4

  0
STYLE
  5
71
330
3
100
AcDbSymbolTableRecord
100
AcDbTextStyleTableRecord
  2
ONSHAPE-STANDARD
 70
     0
 40
0.0
 41
1.0
 50
0.0
 71
     0
 42
3.5
  3
NotoSans-Regular.ttf
  4

1001
ACAD
1000
Noto Sans
1071
        0
  0
STYLE
  5
73
330
3
100
AcDbSymbolTableRecord
100
AcDbTextStyleTableRecord
  2
ONSHAPE-STANDARD-DIMENSION
 70
     0
 40
0.0
 41
1.0
 50
0.0
 71
     0
 42
3.5
  3

  4

1001
ACAD
1000
Noto Sans
1071
        0
  0
STYLE
  5
2A2
330
3
100
AcDbSymbolTableRecord
100
AcDbTextStyleTableRecord
  2
ONSHAPE-STANDARD-FIELDS
 70
     0
 40
0.0
 41
1.0
 50
0.0
 71
     0
 42
3.5
  3

  4

1001
ACAD
1000
Noto Sans
1071
        0
  0
STYLE
  5
303
330
3
100
AcDbSymbolTableRecord
100
AcDbTextStyleTableRecord
  2
ONSHAPE-STANDARD-VIEW-LABE
 70
     0
 40
3.5
 41
1.0
 50
0.0
 71
     0
 42
3.5
  3
NotoSans-Regular.ttf
  4

1001
ACAD
1000
Noto Sans
1071
        0
  0
STYLE
  5
351
330
3
100
AcDbSymbolTableRecord
100
AcDbTextStyleTableRecord
  2
ONSHAPE-STANDARD-NOTESTYLE
 70
     0
 40
3.5
 41
1.0
 50
0.0
 71
     0
 42
3.5
  3
Noto Sans
  4

1001
ACAD
1000
Noto Sans
1071
        0
  0
STYLE
  5
36F
330
3
100
AcDbSymbolTableRecord
100
AcDbTextStyleTableRecord
  2
ONSHAPE-STANDARD-BOLD
 70
     0
 40
0.0
 41
1.0
 50
0.0
 71
     0
 42
3.5
  3
NotoSans-Bold.ttf
  4

1001
ACAD
1000
Noto Sans
1071
 33554432
  0
STYLE
  5
371
330
3
100
AcDbSymbolTableRecord
100
AcDbTextStyleTableRecord
  2
ONSHAPE-STANDARD-TCFIELDS
 70
     0
 40
0.0
 41
1.0
 50
0.0
 71
     0
 42
3.5
  3
NotoSansTC-Regular.otf
  4

1001
ACAD
1000
Noto Sans TC
1071
        0
  0
STYLE
  5
372
330
3
100
AcDbSymbolTableRecord
100
AcDbTextStyleTableRecord
  2
ONSHAPE-STANDARD-SCFIELDS
 70
     0
 40
0.0
 41
1.0
 50
0.0
 71
     0
 42
3.5
  3
NotoSansSC-Regular.otf
  4

1001
ACAD
1000
Noto Sans SC
1071
        0
  0
STYLE
  5
373
330
3
100
AcDbSymbolTableRecord
100
AcDbTextStyleTableRecord
  2
ONSHAPE-STANDARD-KOREANFIE
 70
     0
 40
0.0
 41
1.0
 50
0.0
 71
     0
 42
3.5
  3
NotoSansKR-Regular.otf
  4

1001
ACAD
1000
Noto Sans KR
1071
        0
  0
STYLE
  5
374
330
3
100
AcDbSymbolTableRecord
100
AcDbTextStyleTableRecord
  2
ONSHAPE-STANDARD-JAPANESEF
 70
     0
 40
0.0
 41
1.0
 50
0.0
 71
     0
 42
3.5
  3
NotoSansJP-Regular.otf
  4

1001
ACAD
1000
Noto Sans JP
1071
        0
  0
STYLE
  5
376
330
3
100
AcDbSymbolTableRecord
100
AcDbTextStyleTableRecord
  2
TTFSTYLE
 70
     0
 40
0.0
 41
1.0
 50
0.0
 71
     0
 42
3.5
  3

  4

1001
ACAD
1000
Verdana
1071
       34
  0
STYLE
  5
377
330
3
100
AcDbSymbolTableRecord
100
AcDbTextStyleTableRecord
  2
ONSHAPE-STANDARD-GTOLERANC
 70
     0
 40
0.0
 41
1.0
 50
0.0
 71
     0
 42
3.5
  3

  4

1001
ACAD
1000
Noto Sans
1071
        0
  0
STYLE
  5
378
330
3
100
AcDbSymbolTableRecord
100
AcDbTextStyleTableRecord
  2
ONSHAPE-STANDARD-TABLE-DAT
 70
     0
 40
0.0
 41
1.0
 50
0.0
 71
     0
 42
3.5
  3
NotoSans-Regular.ttf
  4

1001
ACAD
1000
Noto Sans
1071
        0
  0
STYLE
  5
379
330
3
100
AcDbSymbolTableRecord
100
AcDbTextStyleTableRecord
  2
ONSHAPE-STANDARD-TABLE-TIT
 70
     0
 40
0.0
 41
1.0
 50
0.0
 71
     0
 42
3.5
  3
NotoSans-Bold.ttf
  4

1001
ACAD
1000
Noto Sans
1071
 33554432
  0
STYLE
  5
37A
330
3
100
AcDbSymbolTableRecord
100
AcDbTextStyleTableRecord
  2
ONSHAPE-STANDARD-TABLE-HEA
 70
     0
 40
0.0
 41
1.0
 50
0.0
 71
     0
 42
3.5
  3
NotoSans-Bold.ttf
  4

1001
ACAD
1000
Noto Sans
1071
 33554432
  0
STYLE
  5
37B
330
3
100
AcDbSymbolTableRecord
100
AcDbTextStyleTableRecord
  2
ONSHAPE-STANDARD-BOMTABLE-
 70
     0
 40
0.0
 41
1.0
 50
0.0
 71
     0
 42
3.5
  3
NotoSans-Regular.ttf
  4

1001
ACAD
1000
Noto Sans
1071
        0
  0
STYLE
  5
37C
330
3
100
AcDbSymbolTableRecord
100
AcDbTextStyleTableRecord
  2
ONSHAPE-STANDARD-BOMTABLE0
 70
     0
 40
0.0
 41
1.0
 50
0.0
 71
     0
 42
3.5
  3
NotoSans-Bold.ttf
  4

1001
ACAD
1000
Noto Sans
1071
 33554432
  0
STYLE
  5
37D
330
3
100
AcDbSymbolTableRecord
100
AcDbTextStyleTableRecord
  2
ONSHAPE-STANDARD-BOMTABLE1
 70
     0
 40
0.0
 41
1.0
 50
0.0
 71
     0
 42
3.5
  3
NotoSans-Bold.ttf
  4

1001
ACAD
1000
Noto Sans
1071
 33554432
  0
STYLE
  5
37F
330
3
100
AcDbSymbolTableRecord
100
AcDbTextStyleTableRecord
  2
ONSHAPE-STANDARD-DATUM-DIM
 70
     0
 40
3.5
 41
1.0
 50
0.0
 71
     0
 42
3.5
  3
Noto Sans
  4

1001
ACAD
1000
Noto Sans
1071
        0
  0
STYLE
  5
381
330
3
100
AcDbSymbolTableRecord
100
AcDbTextStyleTableRecord
  2
ONSHAPE-DETAIL-VIEW-LEADER
 70
     0
 40
3.5
 41
1.0
 50
0.0
 71
     0
 42
3.5
  3
Noto Sans
  4

1001
ACAD
1000
Noto Sans
1071
        0
  0
STYLE
  5
382
330
3
100
AcDbSymbolTableRecord
100
AcDbTextStyleTableRecord
  2
ONSHAPE-STANDARD-HOLE-CALL
 70
     0
 40
3.5
 41
1.0
 50
0.0
 71
     0
 42
3.5
  3
Noto Sans
  4

1001
ACAD
1000
Noto Sans
1071
        0
  0
STYLE
  5
383
330
3
100
AcDbSymbolTableRecord
100
AcDbTextStyleTableRecord
  2
ONSHAPE-STANDARD-HOLETABLE
 70
     0
 40
0.0
 41
1.0
 50
0.0
 71
     0
 42
3.5
  3
NotoSans-Regular.ttf
  4

1001
ACAD
1000
Noto Sans
1071
        0
  0
STYLE
  5
384
330
3
100
AcDbSymbolTableRecord
100
AcDbTextStyleTableRecord
  2
ONSHAPE-STANDARD-HOLETABL0
 70
     0
 40
0.0
 41
1.0
 50
0.0
 71
     0
 42
3.5
  3
NotoSans-Bold.ttf
  4

1001
ACAD
1000
Noto Sans
1071
 33554432
  0
STYLE
  5
385
330
3
100
AcDbSymbolTableRecord
100
AcDbTextStyleTableRecord
  2
ONSHAPE-STANDARD-HOLETABL1
 70
     0
 40
0.0
 41
1.0
 50
0.0
 71
     0
 42
3.5
  3
NotoSans-Bold.ttf
  4

1001
ACAD
1000
Noto Sans
1071
 33554432
  0
STYLE
  5
386
330
3
100
AcDbSymbolTableRecord
100
AcDbTextStyleTableRecord
  2
ONSHAPE-STANDARD-HOLE-TAG
 70
     0
 40
3.5
 41
1.0
 50
0.0
 71
     0
 42
3.5
  3
Noto Sans
  4

1001
ACAD
1000
Noto Sans
1071
        0
  0
STYLE
  5
387
330
3
100
AcDbSymbolTableRecord
100
AcDbTextStyleTableRecord
  2
ONSHAPE-STANDARD-REVISIONT
 70
     0
 40
0.0
 41
1.0
 50
0.0
 71
     0
 42
3.5
  3
NotoSans-Regular.ttf
  4

1001
ACAD
1000
Noto Sans
1071
        0
  0
STYLE
  5
388
330
3
100
AcDbSymbolTableRecord
100
AcDbTextStyleTableRecord
  2
ONSHAPE-STANDARD-REVISION0
 70
     0
 40
0.0
 41
1.0
 50
0.0
 71
     0
 42
3.5
  3
NotoSans-Bold.ttf
  4

1001
ACAD
1000
Noto Sans
1071
 33554432
  0
STYLE
  5
389
330
3
100
AcDbSymbolTableRecord
100
AcDbTextStyleTableRecord
  2
ONSHAPE-STANDARD-REVISION1
 70
     0
 40
0.0
 41
1.0
 50
0.0
 71
     0
 42
3.5
  3
NotoSans-Bold.ttf
  4

1001
ACAD
1000
Noto Sans
1071
 33554432
  0
STYLE
  5
38A
330
3
100
AcDbSymbolTableRecord
100
AcDbTextStyleTableRecord
  2
ONSHAPE-STANDARD-REVISION-
 70
     0
 40
3.5
 41
1.0
 50
0.0
 71
     0
 42
3.5
  3
Noto Sans
  4

1001
ACAD
1000
Noto Sans
1071
        0
  0
STYLE
  5
38B
330
3
100
AcDbSymbolTableRecord
100
AcDbTextStyleTableRecord
  2
ONSHAPE-STANDARD-CUTLISTTA
 70
     0
 40
0.0
 41
1.0
 50
0.0
 71
     0
 42
3.5
  3
NotoSans-Regular.ttf
  4

1001
ACAD
1000
Noto Sans
1071
        0
  0
STYLE
  5
38C
330
3
100
AcDbSymbolTableRecord
100
AcDbTextStyleTableRecord
  2
ONSHAPE-STANDARD-CUTLISTT0
 70
     0
 40
0.0
 41
1.0
 50
0.0
 71
     0
 42
3.5
  3
NotoSans-Bold.ttf
  4

1001
ACAD
1000
Noto Sans
1071
 33554432
  0
STYLE
  5
38D
330
3
100
AcDbSymbolTableRecord
100
AcDbTextStyleTableRecord
  2
ONSHAPE-STANDARD-CUTLISTT1
 70
     0
 40
0.0
 41
1.0
 50
0.0
 71
     0
 42
3.5
  3
NotoSans-Bold.ttf
  4

1001
ACAD
1000
Noto Sans
1071
 33554432
  0
STYLE
  5
38E
330
3
100
AcDbSymbolTableRecord
100
AcDbTextStyleTableRecord
  2
ONSHAPE-STANDARD-CUSTOMTAB
 70
     0
 40
0.0
 41
1.0
 50
0.0
 71
     0
 42
3.5
  3
NotoSans-Regular.ttf
  4

1001
ACAD
1000
Noto Sans
1071
        0
  0
STYLE
  5
38F
330
3
100
AcDbSymbolTableRecord
100
AcDbTextStyleTableRecord
  2
ONSHAPE-STANDARD-CUSTOMTA0
 70
     0
 40
0.0
 41
1.0
 50
0.0
 71
     0
 42
3.5
  3
NotoSans-Bold.ttf
  4

1001
ACAD
1000
Noto Sans
1071
 33554432
  0
STYLE
  5
390
330
3
100
AcDbSymbolTableRecord
100
AcDbTextStyleTableRecord
  2
ONSHAPE-STANDARD-CUSTOMTA1
 70
     0
 40
0.0
 41
1.0
 50
0.0
 71
     0
 42
3.5
  3
NotoSans-Bold.ttf
  4

1001
ACAD
1000
Noto Sans
1071
 33554432
  0
ENDTAB
  0
TABLE
  2
VIEW
  5
6
330
0
100
AcDbSymbolTable
 70
     0
  0
ENDTAB
  0
TABLE
  2
UCS
  5
7
330
0
100
AcDbSymbolTable
 70
     0
  0
ENDTAB
  0
TABLE
  2
APPID
  5
9
330
0
100
AcDbSymbolTable
 70
     8
  0
APPID
  5
12
330
9
100
AcDbSymbolTableRecord
100
AcDbRegAppTableRecord
  2
ACAD
 70
     0
  0
APPID
  5
2D5
330
9
100
AcDbSymbolTableRecord
100
AcDbRegAppTableRecord
  2
ONSHAPE_NOTES_REORDERING_D
 70
     0
  0
APPID
  5
2D6
330
9
100
AcDbSymbolTableRecord
100
AcDbRegAppTableRecord
  2
ONSHAPE_NOTES_ANNOTATION_D
 70
     0
  0
APPID
  5
321
330
9
100
AcDbSymbolTableRecord
100
AcDbRegAppTableRecord
  2
ACAD_DIMASSOC_CALC_DIMLFAC
 70
     0
  0
APPID
  5
322
330
9
100
AcDbSymbolTableRecord
100
AcDbRegAppTableRecord
  2
ACAD_DIMASSOC_DIMLFAC
 70
     0
  0
APPID
  5
323
330
9
100
AcDbSymbolTableRecord
100
AcDbRegAppTableRecord
  2
ACAD_DIMASSOC_OVERRIDDEN_D
 70
     0
  0
APPID
  5
316
330
9
100
AcDbSymbolTableRecord
100
AcDbRegAppTableRecord
  2
INDEX
 70
     0
  0
APPID
  5
3FC
330
9
100
AcDbSymbolTableRecord
100
AcDbRegAppTableRecord
  2
ACAD_MLEADERVER
 70
     0
  0
ENDTAB
  0
TABLE
  2
DIMSTYLE
  5
A
330
0
100
AcDbSymbolTable
 70
    23
  0
DIMSTYLE
105
27
330
A
100
AcDbSymbolTableRecord
100
AcDbDimStyleTableRecord
  2
STANDARD
 70
     0
  3

  4

  5

  6

  7

 40
1.0
 41
0.18
 42
0.0625
 43
0.38
 44
0.18
 45
0.0
 46
0.0
 47
0.0
 48
0.0
140
0.18
141
0.09
142
0.0
143
25.4
144
1.0
145
0.0
146
1.0
147
0.09
 71
     0
 72
     0
 73
     1
 74
     1
 75
     0
 76
     0
 77
     0
 78
     0
170
     0
171
     2
172
     0
173
     0
174
     0
175
     0
176
     0
177
     0
178
     0
270
     2
271
     4
272
     4
273
     2
274
     2
340
11
275
     0
280
     0
281
     0
282
     0
283
     1
284
     0
285
     0
286
     0
287
     3
288
     0
  0
DIMSTYLE
105
72
330
A
100
AcDbSymbolTableRecord
100
AcDbDimStyleTableRecord
  2
ONSHAPE-ISO-25
 70
     0
  3

  4

  5

  6

  7

 40
1.0
 41
2.5
 42
0.625
 43
3.75
 44
1.25
 45
0.0
 46
0.0
 47
0.0
 48
0.0
140
3.5
141
2.5
142
0.0
143
0.03937
144
1.0
145
0.0
146
1.0
147
0.625
 71
     0
 72
     0
 73
     0
 74
     0
 75
     0
 76
     0
 77
     1
 78
     8
170
     0
171
     3
172
     1
173
     0
174
     0
175
     0
176
     7
177
     7
178
     7
179
     1
270
     2
271
     2
272
     2
273
     2
274
     3
340
73
275
     0
280
     0
281
     0
282
     0
283
     0
284
     8
285
     8
286
     0
287
     3
288
     1
  0
DIMSTYLE
105
311
102
{ACAD_REACTORS
330
308
330
324
330
337
102
}
330
A
100
AcDbSymbolTableRecord
100
AcDbDimStyleTableRecord
  2
ONSHAPE-ISO-25$0
 70
     0
  3

  4

  5

  6

  7

 40
1.0
 41
2.5
 42
0.625
 43
3.75
 44
1.25
 45
0.0
 46
0.0
 47
0.0
 48
0.0
140
3.5
141
2.5
142
0.0
143
0.03937
144
1.0
145
0.0
146
1.0
147
0.625
 71
     0
 72
     0
 73
     0
 74
     0
 75
     0
 76
     0
 77
     1
 78
     8
170
     0
171
     3
172
     1
173
     0
174
     0
175
     0
176
     7
177
     7
178
     7
179
     1
270
     2
271
     2
272
     2
273
     2
274
     3
340
73
275
     0
280
     0
281
     0
282
     0
283
     0
284
     8
285
     8
286
     0
287
     3
288
     1
  0
DIMSTYLE
105
391
330
A
100
AcDbSymbolTableRecord
100
AcDbDimStyleTableRecord
  2
ISO-25
 70
     0
  3

  4

  5

  6

  7

 40
1.0
 41
2.5
 42
0.625
 43
3.75
 44
1.25
 45
0.0
 46
0.0
 47
0.0
 48
0.0
140
2.5
141
2.5
142
0.0
143
0.03937007874016
144
1.0
145
0.0
146
1.0
147
0.625
 71
     0
 72
     0
 73
     0
 74
     0
 75
     0
 76
     0
 77
     1
 78
     8
170
     0
171
     3
172
     1
173
     0
174
     0
175
     0
176
     7
177
     7
178
     7
270
     2
271
     2
272
     2
273
     2
274
     3
340
11
275
     0
280
     0
281
     0
282
     0
283
     0
284
     8
285
     0
286
     0
287
     3
288
     1
  0
DIMSTYLE
105
393
330
A
100
AcDbSymbolTableRecord
100
AcDbDimStyleTableRecord
  2
ISO
 70
     0
  3

  4
"
  5

  6

  7

 40
1.0
 41
3.5
 42
1.0
 43
10.0
 44
1.0
 45
0.0
 46
0.0
 47
0.1
 48
0.1
140
3.5
141
0.0
142
0.0
143
0.03937
144
1.0
145
0.0
146
0.71
147
1.5
 71
     0
 72
     0
 73
     0
 74
     0
 75
     0
 76
     0
 77
     1
 78
     8
170
     0
171
     3
172
     1
173
     0
174
     0
175
     0
176
     7
177
     7
178
     7
270
     2
271
     2
272
     3
273
     2
274
     3
340
11
275
     0
280
     0
281
     0
282
     0
283
     0
284
     8
285
     8
286
     0
287
     3
288
     1
  0
DIMSTYLE
105
394
330
A
100
AcDbSymbolTableRecord
100
AcDbDimStyleTableRecord
  2
ISO$3
 70
     0
  3

  4
"
  5

  6

  7

 40
1.0
 41
3.5
 42
1.0
 43
10.0
 44
1.0
 45
0.0
 46
0.0
 47
0.1
 48
0.1
140
3.5
141
0.0
142
0.0
143
0.03937
144
1.0
145
0.0
146
0.71
147
1.5
 71
     0
 72
     0
 73
     0
 74
     1
 75
     0
 76
     0
 77
     1
 78
     8
170
     0
171
     3
172
     0
173
     0
174
     0
175
     0
176
     7
177
     7
178
     7
270
     2
271
     2
272
     3
273
     2
274
     3
340
11
275
     0
280
     0
281
     0
282
     0
283
     0
284
     8
285
     8
286
     0
288
     1
  0
DIMSTYLE
105
395
330
A
100
AcDbSymbolTableRecord
100
AcDbDimStyleTableRecord
  2
ISO$4
 70
     0
  3

  4
"
  5

  6

  7

 40
1.0
 41
3.5
 42
1.0
 43
10.0
 44
1.0
 45
0.0
 46
0.0
 47
0.1
 48
0.1
140
3.5
141
0.0
142
0.0
143
0.03937
144
1.0
145
0.0
146
0.71
147
1.5
 71
     0
 72
     0
 73
     0
 74
     0
 75
     0
 76
     0
 77
     1
 78
     8
170
     0
171
     3
172
     1
173
     0
174
     0
175
     0
176
     7
177
     7
178
     7
270
     2
271
     2
272
     3
273
     2
274
     3
340
11
275
     0
280
     0
281
     0
282
     0
283
     0
284
     8
285
     8
286
     0
287
     3
288
     1
  0
DIMSTYLE
105
396
330
A
100
AcDbSymbolTableRecord
100
AcDbDimStyleTableRecord
  2
ISO$6
 70
     0
  3

  4
"
  5

  6

  7

 40
1.0
 41
0.5
 42
1.0
 43
10.0
 44
1.0
 45
0.0
 46
0.0
 47
0.1
 48
0.1
140
3.5
141
0.0
142
0.0
143
0.03937
144
1.0
145
0.0
146
0.71
147
1.5
 71
     0
 72
     0
 73
     0
 74
     0
 75
     0
 76
     0
 77
     0
 78
     8
170
     0
171
     3
172
     1
173
     0
174
     0
175
     0
176
     7
177
     7
178
     7
270
     2
271
     2
272
     3
273
     2
274
     3
340
11
275
     0
280
     0
281
     0
282
     0
283
     0
284
     8
285
     8
286
     0
287
     3
288
     1
  0
DIMSTYLE
105
397
330
A
100
AcDbSymbolTableRecord
100
AcDbDimStyleTableRecord
  2
ISO$7
 70
     0
  3

  4
"
  5

  6

  7

 40
1.0
 41
3.5
 42
1.0
 43
10.0
 44
1.0
 45
0.0
 46
0.0
 47
0.1
 48
0.1
140
3.5
141
0.0
142
0.0
143
0.03937
144
1.0
145
0.0
146
0.71
147
1.5
 71
     0
 72
     0
 73
     0
 74
     0
 75
     0
 76
     0
 77
     1
 78
     8
170
     0
171
     3
172
     1
173
     0
174
     0
175
     0
176
     7
177
     7
178
     7
270
     2
271
     2
272
     3
273
     2
274
     3
340
11
275
     0
280
     0
281
     0
282
     0
283
     0
284
     8
285
     8
286
     0
287
     3
288
     1
  0
DIMSTYLE
105
398
330
A
100
AcDbSymbolTableRecord
100
AcDbDimStyleTableRecord
  2
ISO$SF
 70
     0
  3

  4
"
  5

  6

  7

 40
1.0
 41
3.5
 42
1.0
 43
10.0
 44
1.0
 45
0.0
 46
0.0
 47
0.1
 48
0.1
140
3.5
141
0.0
142
0.0
143
0.03937
144
1.0
145
0.0
146
0.71
147
1.5
 71
     0
 72
     0
 73
     0
 74
     0
 75
     1
 76
     1
 77
     1
 78
     8
170
     0
171
     3
172
     1
173
     0
174
     0
175
     0
176
     7
177
     7
178
     7
270
     2
271
     2
272
     3
273
     2
274
     3
340
11
275
     0
280
     0
281
     0
282
     0
283
     0
284
     8
285
     8
286
     0
287
     3
288
     1
  0
DIMSTYLE
105
399
330
A
100
AcDbSymbolTableRecord
100
AcDbDimStyleTableRecord
  2
ISO$SH
 70
     0
  3

  4
"
  5

  6

  7

 40
1.0
 41
3.5
 42
1.0
 43
10.0
 44
1.0
 45
0.0
 46
0.0
 47
0.1
 48
0.1
140
3.5
141
0.0
142
0.0
143
0.03937
144
2.0
145
0.0
146
0.71
147
1.5
 71
     0
 72
     0
 73
     0
 74
     0
 75
     1
 76
     1
 77
     1
 78
     8
170
     0
171
     3
172
     1
173
     1
174
     0
175
     0
176
     7
177
     7
178
     7
270
     2
271
     2
272
     3
273
     2
274
     3
340
11
275
     0
280
     0
281
     0
282
     0
283
     0
284
     8
285
     8
286
     0
287
     3
288
     1
  0
DIMSTYLE
105
39D
330
A
100
AcDbSymbolTableRecord
100
AcDbDimStyleTableRecord
  2
ONSHAPE-ISO-25$2
 70
     0
  3

  4

  5

  6

  7

 40
1.0
 41
2.5
 42
0.625
 43
3.75
 44
1.25
 45
0.0
 46
0.0
 47
0.0
 48
0.0
140
3.5
141
2.5
142
0.0
143
0.03937
144
1.0
145
0.0
146
1.0
147
0.625
 71
     0
 72
     0
 73
     0
 74
     0
 75
     0
 76
     0
 77
     1
 78
     8
170
     0
171
     3
172
     1
173
     0
174
     0
175
     0
176
     7
177
     7
178
     7
179
     1
270
     2
271
     2
272
     2
273
     2
274
     3
340
73
275
     0
280
     0
281
     0
282
     0
283
     0
284
     8
285
     8
286
     0
287
     3
288
     1
  0
DIMSTYLE
105
39E
330
A
100
AcDbSymbolTableRecord
100
AcDbDimStyleTableRecord
  2
ONSHAPE-ISO-25$3
 70
     0
  3

  4

  5

  6

  7

 40
1.0
 41
2.5
 42
0.625
 43
3.75
 44
1.25
 45
0.0
 46
0.0
 47
0.0
 48
0.0
140
3.5
141
0.0
142
0.0
143
0.03937
144
1.0
145
0.0
146
1.0
147
0.625
 71
     0
 72
     0
 73
     0
 74
     0
 75
     0
 76
     0
 77
     1
 78
     8
170
     0
171
     3
172
     1
173
     0
174
     0
175
     0
176
     7
177
     7
178
     7
179
     1
270
     2
271
     2
272
     2
273
     2
274
     3
340
73
275
     0
280
     0
281
     0
282
     0
283
     0
284
     8
285
     8
286
     0
287
     3
288
     1
  0
DIMSTYLE
105
39F
330
A
100
AcDbSymbolTableRecord
100
AcDbDimStyleTableRecord
  2
ONSHAPE-ISO-25$4
 70
     0
  3

  4

  5

  6

  7

 40
1.0
 41
2.5
 42
0.625
 43
3.75
 44
1.25
 45
0.0
 46
0.0
 47
0.0
 48
0.0
140
3.5
141
0.0
142
0.0
143
0.03937
144
1.0
145
0.0
146
1.0
147
0.625
 71
     0
 72
     0
 73
     0
 74
     0
 75
     0
 76
     0
 77
     1
 78
     8
170
     0
171
     3
172
     1
173
     0
174
     0
175
     0
176
     7
177
     7
178
     7
179
     1
270
     2
271
     2
272
     2
273
     2
274
     3
340
73
275
     0
280
     0
281
     0
282
     0
283
     0
284
     8
285
     8
286
     0
287
     3
288
     1
  0
DIMSTYLE
105
3A0
330
A
100
AcDbSymbolTableRecord
100
AcDbDimStyleTableRecord
  2
ONSHAPE-ISO-25$6
 70
     0
  3

  4

  5

  6

  7

 40
1.0
 41
0.5
 42
0.625
 43
3.75
 44
1.25
 45
0.0
 46
0.0
 47
0.0
 48
0.0
140
3.5
141
2.5
142
0.0
143
0.03937
144
1.0
145
0.0
146
1.0
147
0.625
 71
     0
 72
     0
 73
     0
 74
     0
 75
     0
 76
     0
 77
     1
 78
     8
170
     0
171
     3
172
     1
173
     0
174
     0
175
     0
176
     7
177
     7
178
     7
179
     1
270
     2
271
     2
272
     2
273
     2
274
     3
340
73
275
     0
280
     0
281
     0
282
     0
283
     0
284
     8
285
     8
286
     0
287
     3
288
     1
  0
DIMSTYLE
105
3A1
330
A
100
AcDbSymbolTableRecord
100
AcDbDimStyleTableRecord
  2
ONSHAPE-ISO-25$7
 70
     0
  3

  4

  5

  6

  7

 40
1.0
 41
2.5
 42
0.625
 43
3.75
 44
1.25
 45
0.0
 46
0.0
 47
0.0
 48
0.0
140
3.5
141
2.5
142
0.0
143
0.03937
144
1.0
145
0.0
146
1.0
147
0.625
 71
     0
 72
     0
 73
     0
 74
     0
 75
     0
 76
     0
 77
     1
 78
     8
170
     0
171
     3
172
     1
173
     0
174
     0
175
     0
176
     7
177
     7
178
     7
179
     1
270
     2
271
     2
272
     2
273
     2
274
     3
340
73
275
     0
280
     0
281
     0
282
     0
283
     0
284
     8
285
     8
286
     0
287
     3
288
     1
  0
DIMSTYLE
105
3A2
330
A
100
AcDbSymbolTableRecord
100
AcDbDimStyleTableRecord
  2
ONSHAPE-STANDARD-GTOLERANC
 70
     0
  3

  4

  5

  6

  7

 40
1.0
 41
2.5
 42
0.625
 43
3.75
 44
1.25
 45
0.0
 46
0.0
 47
0.0
 48
0.0
140
3.5
141
2.5
142
0.0
143
0.03937
144
1.0
145
0.0
146
1.0
147
0.625
 71
     0
 72
     0
 73
     0
 74
     0
 75
     0
 76
     0
 77
     1
 78
     8
170
     0
171
     3
172
     1
173
     0
174
     0
175
     0
176
     7
177
     7
178
     7
179
     1
270
     2
271
     2
272
     2
273
     2
274
     3
340
377
275
     0
280
     0
281
     0
282
     0
283
     0
284
     8
285
     8
286
     0
287
     3
288
     1
  0
DIMSTYLE
105
3A4
330
A
100
AcDbSymbolTableRecord
100
AcDbDimStyleTableRecord
  2
ONSHAPE-ORDINATESTYLE
 70
     0
  3

  4

  5

  6

  7

 40
1.0
 41
2.5
 42
0.625
 43
3.75
 44
1.25
 45
0.0
 46
0.0
 47
0.0
 48
0.0
140
3.5
141
2.5
142
0.0
143
0.03937
144
1.0
145
0.0
146
1.0
147
0.625
 71
     0
 72
     0
 73
     0
 74
     0
 75
     0
 76
     0
 77
     1
 78
     8
170
     0
171
     3
172
     1
173
     0
174
     0
175
     0
176
     7
177
     7
178
     7
179
     1
270
     2
271
     2
272
     2
273
     2
274
     3
340
73
275
     0
280
     0
281
     0
282
     0
283
     0
284
     8
285
     8
286
     0
287
     3
288
     1
  0
DIMSTYLE
105
3A5
330
A
100
AcDbSymbolTableRecord
100
AcDbDimStyleTableRecord
  2
ONSHAPE-CHAMFERDIMSTYLE
 70
     0
  3

  4

  5

  6

  7

 40
1.0
 41
2.5
 42
0.625
 43
3.75
 44
1.25
 45
0.0
 46
0.0
 47
0.0
 48
0.0
140
3.5
141
2.5
142
0.0
143
0.03937
144
1.0
145
0.0
146
1.0
147
0.625
 71
     0
 72
     0
 73
     0
 74
     0
 75
     0
 76
     0
 77
     1
 78
     8
170
     0
171
     3
172
     1
173
     0
174
     0
175
     0
176
     7
177
     7
178
     7
179
     1
270
     2
271
     2
272
     2
273
     2
274
     3
340
73
275
     0
280
     0
281
     0
282
     0
283
     0
284
     8
285
     8
286
     0
287
     3
288
     1
  0
DIMSTYLE
105
3A6
330
A
100
AcDbSymbolTableRecord
100
AcDbDimStyleTableRecord
  2
ONSHAPE-SKETCHDRIVENDIMSTY
 70
     0
  3

  4

  5

  6

  7

 40
1.0
 41
2.5
 42
0.625
 43
3.75
 44
1.25
 45
0.0
 46
0.0
 47
0.0
 48
0.0
140
3.5
141
2.5
142
0.0
143
0.03937
144
1.0
145
0.0
146
1.0
147
0.625
 71
     0
 72
     0
 73
     0
 74
     0
 75
     0
 76
     0
 77
     1
 78
     8
170
     0
171
     3
172
     1
173
     0
174
     0
175
     0
176
   251
177
   251
178
   251
179
     1
270
     2
271
     2
272
     2
273
     2
274
     3
340
73
275
     0
280
     0
281
     0
282
     0
283
     0
284
     8
285
     8
286
     0
287
     3
288
     1
  0
DIMSTYLE
105
3A7
330
A
100
AcDbSymbolTableRecord
100
AcDbDimStyleTableRecord
  2
ONSHAPE-SKETCHDRIVENDIMST0
 70
     0
  3

  4

  5

  6

  7

 40
1.0
 41
2.5
 42
0.625
 43
3.75
 44
1.25
 45
0.0
 46
0.0
 47
0.0
 48
0.0
140
3.5
141
2.5
142
0.0
143
0.03937
144
1.0
145
0.0
146
1.0
147
0.625
 71
     0
 72
     0
 73
     0
 74
     0
 75
     0
 76
     0
 77
     1
 78
     8
170
     0
171
     3
172
     1
173
     0
174
     0
175
     0
176
   251
177
   251
178
   251
179
     1
270
     2
271
     2
272
     2
273
     2
274
     3
340
73
275
     0
280
     0
281
     0
282
     0
283
     0
284
     8
285
     8
286
     0
287
     3
288
     1
  0
DIMSTYLE
105
3A8
330
A
100
AcDbSymbolTableRecord
100
AcDbDimStyleTableRecord
  2
ONSHAPE-SKETCHDRIVENDIMST1
 70
     0
  3

  4

  5

  6

  7

 40
1.0
 41
2.5
 42
0.625
 43
3.75
 44
1.25
 45
0.0
 46
0.0
 47
0.0
 48
0.0
140
3.5
141
0.0
142
0.0
143
0.03937
144
1.0
145
0.0
146
1.0
147
0.625
 71
     0
 72
     0
 73
     0
 74
     0
 75
     0
 76
     0
 77
     1
 78
     8
170
     0
171
     3
172
     1
173
     0
174
     0
175
     0
176
   251
177
   251
178
   251
179
     1
270
     2
271
     2
272
     2
273
     2
274
     3
340
73
275
     0
280
     0
281
     0
282
     0
283
     0
284
     8
285
     8
286
     0
287
     3
288
     1
  0
DIMSTYLE
105
3A9
330
A
100
AcDbSymbolTableRecord
100
AcDbDimStyleTableRecord
  2
ONSHAPE-SKETCHDRIVENDIMST2
 70
     0
  3

  4

  5

  6

  7

 40
1.0
 41
2.5
 42
0.625
 43
3.75
 44
1.25
 45
0.0
 46
0.0
 47
0.0
 48
0.0
140
3.5
141
0.0
142
0.0
143
0.03937
144
1.0
145
0.0
146
1.0
147
0.625
 71
     0
 72
     0
 73
     0
 74
     0
 75
     0
 76
     0
 77
     1
 78
     8
170
     0
171
     3
172
     1
173
     0
174
     0
175
     0
176
   251
177
   251
178
   251
179
     1
270
     2
271
     2
272
     2
273
     2
274
     3
340
73
275
     0
280
     0
281
     0
282
     0
283
     0
284
     8
285
     8
286
     0
287
     3
288
     1
  0
ENDTAB
  0
TABLE
  2
BLOCK_RECORD
  5
1
330
0
100
AcDbSymbolTable
 70
     3
  0
BLOCK_RECORD
  5
1F
330
1
100
AcDbSymbolTableRecord
100
AcDbBlockTableRecord
  2
*MODEL_SPACE
  0
BLOCK_RECORD
  5
1B
330
1
100
AcDbSymbolTableRecord
100
AcDbBlockTableRecord
  2
*PAPER_SPACE
  0
BLOCK_RECORD
  5
313
330
1
100
AcDbSymbolTableRecord
100
AcDbBlockTableRecord
  2
*D1
  0
BLOCK_RECORD
  5
32A
330
1
100
AcDbSymbolTableRecord
100
AcDbBlockTableRecord
  2
*D2
  0
BLOCK_RECORD
  5
33D
330
1
100
AcDbSymbolTableRecord
100
AcDbBlockTableRecord
  2
*D3
  0
ENDTAB
  0
ENDSEC
  0
SECTION
  2
BLOCKS
  0
BLOCK
  5
20
330
1F
100
AcDbEntity
  8
0
100
AcDbBlockBegin
  2
*MODEL_SPACE
 70
     0
 10
0.0
 20
0.0
 30
0.0
  3
*MODEL_SPACE
  1

  0
ENDBLK
  5
21
330
1F
100
AcDbEntity
  8
0
100
AcDbBlockEnd
  0
BLOCK
  5
1C
330
1B
100
AcDbEntity
 67
     1
  8
0
100
AcDbBlockBegin
  2
*PAPER_SPACE
 70
     0
 10
0.0
 20
0.0
 30
0.0
  3
*PAPER_SPACE
  1

  0
ENDBLK
  5
1D
330
1B
100
AcDbEntity
 67
     1
  8
0
100
AcDbBlockEnd
  0
BLOCK
  5
314
330
313
100
AcDbEntity
  8
0
100
AcDbBlockBegin
  2
*D1
 70
     1
 10
0.0
 20
0.0
 30
0.0
  3
*D1
  1

  0
LINE
  5
315
330
313
100
AcDbEntity
  8
ANNOTATION_TEXT
 62
     7
100
AcDbLine
 10
146.3585667414082
 20
56.53631869943281
 30
0.0
 11
169.1753554040707
 21
56.53631869943281
 31
0.0
1001
INDEX
1070
     0
  0
LINE
  5
317
330
313
100
AcDbEntity
  8
ANNOTATION_TEXT
 62
     7
100
AcDbLine
 10
146.3585667414082
 20
116.5363186994328
 30
0.0
 11
169.1753554040707
 21
116.5363186994328
 31
0.0
1001
INDEX
1070
     1
  0
LINE
  5
318
330
313
100
AcDbEntity
  8
ANNOTATION_TEXT
 62
     7
100
AcDbLine
 10
167.9253554040707
 20
59.03631869943281
 30
0.0
 11
167.9253554040707
 21
114.0363186994328
 31
0.0
1001
INDEX
1070
     3
  0
SOLID
  5
319
330
313
100
AcDbEntity
  8
ANNOTATION_TEXT
 62
     7
100
AcDbTrace
 10
167.5086887374041
 20
59.03631869943281
 30
0.0
 11
168.3420220707374
 21
59.03631869943281
 31
0.0
 12
167.9253554040707
 22
56.53631869943281
 32
0.0
 13
167.9253554040707
 23
56.53631869943281
 33
0.0
  0
SOLID
  5
31A
330
313
100
AcDbEntity
  8
ANNOTATION_TEXT
 62
     7
100
AcDbTrace
 10
168.3420220707374
 20
114.0363186994328
 30
0.0
 11
167.5086887374041
 21
114.0363186994328
 31
0.0
 12
167.9253554040707
 22
116.5363186994328
 32
0.0
 13
167.9253554040707
 23
116.5363186994328
 33
0.0
  0
MTEXT
  5
31B
330
313
100
AcDbEntity
  8
ANNOTATION_TEXT
 62
     7
100
AcDbMText
 10
165.5062477746429
 20
86.53631869943283
 30
0.0
 40
3.5
 41
0.0
 71
     5
 72
     1
  1
600
  7
ONSHAPE-STANDARD-DIMENSION
 11
0.0
 21
1.0
 31
0.0
  0
POINT
  5
31C
330
313
100
AcDbEntity
  8
DEFPOINTS
 62
     0
100
AcDbPoint
 10
145.7335667414082
 20
56.53631869943281
 30
0.0
  0
POINT
  5
31D
330
313
100
AcDbEntity
  8
DEFPOINTS
 62
     0
100
AcDbPoint
 10
145.7335667414082
 20
116.5363186994328
 30
0.0
  0
POINT
  5
31E
330
313
100
AcDbEntity
  8
DEFPOINTS
 62
     0
100
AcDbPoint
 10
167.9253554040707
 20
116.5363186994328
 30
0.0
  0
POINT
  5
31F
330
313
100
AcDbEntity
  8
DEFPOINTS
 62
     0
100
AcDbPoint
 10
167.9253554040707
 20
116.5363186994328
 30
0.0
  0
ENDBLK
  5
320
330
313
100
AcDbEntity
  8
0
100
AcDbBlockEnd
  0
BLOCK
  5
32B
330
32A
100
AcDbEntity
  8
0
100
AcDbBlockBegin
  2
*D2
 70
     1
 10
0.0
 20
0.0
 30
0.0
  3
*D2
  1

  0
LINE
  5
32C
330
32A
100
AcDbEntity
  8
ANNOTATION_TEXT
 62
     7
100
AcDbLine
 10
145.7335667414082
 20
117.1613186994328
 30
0.0
 11
145.7335667414082
 21
133.6928920028696
 31
0.0
1001
INDEX
1070
     0
  0
LINE
  5
32D
330
32A
100
AcDbEntity
  8
ANNOTATION_TEXT
 62
     7
100
AcDbLine
 10
45.73356674140818
 20
117.1613186994328
 30
0.0
 11
45.73356674140818
 21
133.6928920028696
 31
0.0
1001
INDEX
1070
     1
  0
LINE
  5
32E
330
32A
100
AcDbEntity
  8
ANNOTATION_TEXT
 62
     7
100
AcDbLine
 10
143.2335667414082
 20
132.4428920028696
 30
0.0
 11
48.23356674140818
 21
132.4428920028696
 31
0.0
1001
INDEX
1070
     3
  0
SOLID
  5
32F
330
32A
100
AcDbEntity
  8
ANNOTATION_TEXT
 62
     7
100
AcDbTrace
 10
143.2335667414082
 20
132.0262253362029
 30
0.0
 11
143.2335667414082
 21
132.8595586695362
 31
0.0
 12
145.7335667414082
 22
132.4428920028696
 32
0.0
 13
145.7335667414082
 23
132.4428920028696
 33
0.0
  0
SOLID
  5
330
330
32A
100
AcDbEntity
  8
ANNOTATION_TEXT
 62
     7
100
AcDbTrace
 10
48.23356674140818
 20
132.8595586695362
 30
0.0
 11
48.23356674140818
 21
132.0262253362029
 31
0.0
 12
45.73356674140818
 22
132.4428920028696
 32
0.0
 13
45.73356674140818
 23
132.4428920028696
 33
0.0
  0
MTEXT
  5
331
330
32A
100
AcDbEntity
  8
ANNOTATION_TEXT
 62
     7
100
AcDbMText
 10
95.7335667414082
 20
134.8619996322974
 30
0.0
 40
3.5
 41
0.0
 71
     5
 72
     1
  1
1000
  7
ONSHAPE-STANDARD-DIMENSION
  0
POINT
  5
332
330
32A
100
AcDbEntity
  8
DEFPOINTS
 62
     0
100
AcDbPoint
 10
145.7335667414082
 20
116.5363186994328
 30
0.0
  0
POINT
  5
333
330
32A
100
AcDbEntity
  8
DEFPOINTS
 62
     0
100
AcDbPoint
 10
45.73356674140818
 20
116.5363186994328
 30
0.0
  0
POINT
  5
334
330
32A
100
AcDbEntity
  8
DEFPOINTS
 62
     0
100
AcDbPoint
 10
45.73356674140818
 20
132.4428920028696
 30
0.0
  0
POINT
  5
335
330
32A
100
AcDbEntity
  8
DEFPOINTS
 62
     0
100
AcDbPoint
 10
45.73356674140818
 20
132.4428920028696
 30
0.0
  0
ENDBLK
  5
336
330
32A
100
AcDbEntity
  8
0
100
AcDbBlockEnd
  0
BLOCK
  5
33E
330
33D
100
AcDbEntity
  8
0
100
AcDbBlockBegin
  2
*D3
 70
     1
 10
0.0
 20
0.0
 30
0.0
  3
*D3
  1

  0
LINE
  5
33F
330
33D
100
AcDbEntity
  8
ANNOTATION_TEXT
 62
     7
100
AcDbLine
 10
45.1085667414082
 20
182.921822615482
 30
0.0
 11
25.99392108708727
 21
182.921822615482
 31
0.0
1001
INDEX
1070
     0
  0
LINE
  5
340
330
33D
100
AcDbEntity
  8
ANNOTATION_TEXT
 62
     7
100
AcDbLine
 10
45.1085667414082
 20
181.921822615482
 30
0.0
 11
25.99392108708727
 21
181.921822615482
 31
0.0
1001
INDEX
1070
     1
  0
LINE
  5
341
330
33D
100
AcDbEntity
  8
ANNOTATION_TEXT
 62
     7
100
AcDbLine
 10
27.24392108708727
 20
181.921822615482
 30
0.0
 11
27.24392108708727
 21
168.8011377282701
 31
0.0
  0
LINE
  5
342
330
33D
100
AcDbEntity
  8
ANNOTATION_TEXT
 62
     7
100
AcDbLine
 10
27.24392108708727
 20
182.921822615482
 30
0.0
 11
27.24392108708727
 21
181.921822615482
 31
0.0
1001
INDEX
1070
     3
  0
LINE
  5
343
330
33D
100
AcDbEntity
  8
ANNOTATION_TEXT
 62
     7
100
AcDbLine
 10
27.24392108708727
 20
185.421822615482
 30
0.0
 11
27.24392108708727
 21
187.921822615482
 31
0.0
1001
INDEX
1070
     3
  0
LINE
  5
344
330
33D
100
AcDbEntity
  8
ANNOTATION_TEXT
 62
     7
100
AcDbLine
 10
27.24392108708727
 20
179.421822615482
 30
0.0
 11
27.24392108708727
 21
176.921822615482
 31
0.0
1001
INDEX
1070
     3
  0
SOLID
  5
345
330
33D
100
AcDbEntity
  8
ANNOTATION_TEXT
 62
     7
100
AcDbTrace
 10
26.8272544204206
 20
185.421822615482
 30
0.0
 11
27.66058775375394
 21
185.421822615482
 31
0.0
 12
27.24392108708727
 22
182.921822615482
 32
0.0
 13
27.24392108708727
 23
182.921822615482
 33
0.0
  0
SOLID
  5
346
330
33D
100
AcDbEntity
  8
ANNOTATION_TEXT
 62
     7
100
AcDbTrace
 10
27.66058775375394
 20
179.421822615482
 30
0.0
 11
26.8272544204206
 21
179.421822615482
 31
0.0
 12
27.24392108708727
 22
181.921822615482
 32
0.0
 13
27.24392108708727
 23
181.921822615482
 33
0.0
  0
MTEXT
  5
347
330
33D
100
AcDbEntity
  8
ANNOTATION_TEXT
 62
     7
100
AcDbMText
 10
24.82481345765947
 20
171.8818597991148
 30
0.0
 40
3.5
 41
0.0
 71
     5
 72
     1
  1
10
  7
ONSHAPE-STANDARD-DIMENSION
 11
0.0
 21
1.0
 31
0.0
  0
POINT
  5
348
330
33D
100
AcDbEntity
  8
DEFPOINTS
 62
     0
100
AcDbPoint
 10
45.7335667414082
 20
182.921822615482
 30
0.0
  0
POINT
  5
349
330
33D
100
AcDbEntity
  8
DEFPOINTS
 62
     0
100
AcDbPoint
 10
45.7335667414082
 20
181.921822615482
 30
0.0
  0
POINT
  5
34A
330
33D
100
AcDbEntity
  8
DEFPOINTS
 62
     0
100
AcDbPoint
 10
27.24392108708727
 20
181.921822615482
 30
0.0
  0
POINT
  5
34B
330
33D
100
AcDbEntity
  8
DEFPOINTS
 62
     0
100
AcDbPoint
 10
27.24392108708727
 20
181.921822615482
 30
0.0
  0
ENDBLK
  5
34C
330
33D
100
AcDbEntity
  8
0
100
AcDbBlockEnd
  0
ENDSEC
  0
SECTION
  2
ENTITIES
  0
LINE
  5
76
330
1F
100
AcDbEntity
  8
VISIBLE
100
AcDbLine
 10
45.7335667414082
 20
182.921822615482
 30
0.0
 11
145.7335667414082
 21
182.921822615482
 31
0.0
  0
LINE
  5
77
330
1F
100
AcDbEntity
  8
VISIBLE
100
AcDbLine
 10
45.7335667414082
 20
181.921822615482
 30
0.0
 11
145.7335667414082
 21
181.921822615482
 31
0.0
  0
LINE
  5
78
330
1F
100
AcDbEntity
  8
VISIBLE
100
AcDbLine
 10
45.7335667414082
 20
182.921822615482
 30
0.0
 11
45.7335667414082
 21
181.921822615482
 31
0.0
  0
LINE
  5
79
330
1F
100
AcDbEntity
  8
VISIBLE
100
AcDbLine
 10
145.7335667414082
 20
182.921822615482
 30
0.0
 11
145.7335667414082
 21
181.921822615482
 31
0.0
  0
LINE
  5
7C
330
1F
100
AcDbEntity
  8
VISIBLE
100
AcDbLine
 10
145.7335667414082
 20
116.5363186994328
 30
0.0
 11
145.7335667414082
 21
56.53631869943281
 31
0.0
  0
LINE
  5
7D
330
1F
100
AcDbEntity
  8
VISIBLE
100
AcDbLine
 10
45.7335667414082
 20
56.53631869943281
 30
0.0
 11
145.7335667414082
 21
56.53631869943281
 31
0.0
  0
LINE
  5
7E
330
1F
100
AcDbEntity
  8
VISIBLE
100
AcDbLine
 10
45.73356674140818
 20
116.5363186994328
 30
0.0
 11
45.7335667414082
 21
56.53631869943281
 31
0.0
  0
LINE
  5
7F
330
1F
100
AcDbEntity
  8
VISIBLE
100
AcDbLine
 10
45.73356674140818
 20
116.5363186994328
 30
0.0
 11
145.7335667414082
 21
116.5363186994328
 31
0.0
  0
LINE
  5
82
330
1F
100
AcDbEntity
  8
VISIBLE
100
AcDbLine
 10
269.4086718203889
 20
175.9861691382453
 30
0.0
 11
331.6340685648051
 21
211.9120186990652
 31
0.0
  0
LINE
  5
83
330
1F
100
AcDbEntity
  8
VISIBLE
100
AcDbLine
 10
263.7518175708965
 20
175.9861691382453
 30
0.0
 11
334.4624956895514
 21
216.8109981846316
 31
0.0
  0
LINE
  5
84
330
1F
100
AcDbEntity
  8
VISIBLE
100
AcDbLine
 10
262.6911573991167
 20
176.5985415739411
 30
0.0
 11
263.7518175708965
 21
175.9861691382453
 31
0.0
  0
LINE
  5
85
330
1F
100
AcDbEntity
  8
VISIBLE
100
AcDbLine
 10
267.6409048674225
 20
177.0067898644049
 30
0.0
 11
331.6340685648051
 21
213.9532601513845
 31
0.0
  0
LINE
  5
86
330
1F
100
AcDbEntity
  8
VISIBLE
100
AcDbLine
 10
262.6911573991167
 20
175.5779208477814
 30
0.0
 11
262.6911573991167
 21
176.5985415739411
 31
0.0
  0
LINE
  5
87
330
1F
100
AcDbEntity
  8
VISIBLE
100
AcDbLine
 10
261.9840506179302
 20
175.9861691382453
 30
0.0
 11
262.6911573991167
 21
175.5779208477814
 31
0.0
  0
LINE
  5
88
330
1F
100
AcDbEntity
  8
VISIBLE
100
AcDbLine
 10
263.7518175708965
 20
175.9861691382453
 30
0.0
 11
263.7518175708965
 21
174.7614242668537
 31
0.0
  0
LINE
  5
89
330
1F
100
AcDbEntity
  8
VISIBLE
100
AcDbLine
 10
262.8679340944133
 20
175.2717346299335
 30
0.0
 11
262.8679340944133
 21
174.4552380490058
 31
0.0
  0
LINE
  5
8A
330
1F
100
AcDbEntity
  8
VISIBLE
100
AcDbLine
 10
263.7518175708965
 20
174.7614242668537
 30
0.0
 11
262.8679340944133
 21
175.2717346299335
 31
0.0
  0
LINE
  5
8B
330
1F
100
AcDbEntity
  8
VISIBLE
100
AcDbLine
 10
263.7518175708965
 20
172.7201828145344
 30
0.0
 11
262.6911573991167
 21
173.3325552502302
 31
0.0
  0
LINE
  5
8C
330
1F
100
AcDbEntity
  8
VISIBLE
100
AcDbLine
 10
263.7518175708965
 20
173.944927685926
 30
0.0
 11
263.7518175708965
 21
172.7201828145344
 31
0.0
  0
LINE
  5
8D
330
1F
100
AcDbEntity
  8
VISIBLE
100
AcDbLine
 10
261.9840506179302
 20
177.0067898644049
 30
0.0
 11
262.6911573991167
 21
177.4150381548688
 31
0.0
  0
LINE
  5
8E
330
1F
100
AcDbEntity
  8
VISIBLE
100
AcDbLine
 10
266.5802446956428
 20
179.6604037524201
 30
0.0
 11
330.5734083930253
 21
216.6068740393997
 31
0.0
  0
LINE
  5
8F
330
1F
100
AcDbEntity
  8
VISIBLE
100
AcDbLine
 10
262.8679340944133
 20
174.4552380490058
 30
0.0
 11
263.7518175708965
 21
173.944927685926
 31
0.0
  0
LINE
  5
90
330
1F
100
AcDbEntity
  8
VISIBLE
100
AcDbLine
 10
263.7518175708965
 20
173.944927685926
 30
0.0
 11
264.4589243520831
 21
174.3531759763898
 31
0.0
  0
LINE
  5
91
330
1F
100
AcDbEntity
  8
VISIBLE
100
AcDbLine
 10
268.3480116486091
 20
176.5985415739411
 30
0.0
 11
332.3411753459917
 21
213.5450118609207
 31
0.0
  0
LINE
  5
92
330
1F
100
AcDbEntity
  8
VISIBLE
100
AcDbLine
 10
262.6911573991167
 20
174.3531759763898
 30
0.0
 11
261.9840506179302
 21
174.7614242668537
 31
0.0
  0
LINE
  5
93
330
1F
100
AcDbEntity
  8
VISIBLE
100
AcDbLine
 10
261.9840506179302
 20
174.7614242668537
 30
0.0
 11
261.9840506179302
 21
173.740803540694
 31
0.0
  0
LINE
  5
94
330
1F
100
AcDbEntity
  8
VISIBLE
100
AcDbLine
 10
266.5802446956427
 20
180.8851486238116
 30
0.0
 11
328.8056414400589
 21
216.8109981846316
 31
0.0
  0
LINE
  5
95
330
1F
100
AcDbEntity
  8
VISIBLE
100
AcDbLine
 10
266.5802446956428
 20
178.8439071714923
 30
0.0
 11
330.5734083930253
 21
215.7903774584719
 31
0.0
  0
LINE
  5
96
330
1F
100
AcDbEntity
  8
VISIBLE
100
AcDbLine
 10
261.9840506179302
 20
177.0067898644049
 30
0.0
 11
261.9840506179302
 21
175.9861691382453
 31
0.0
  0
LINE
  5
97
330
1F
100
AcDbEntity
  8
VISIBLE
100
AcDbLine
 10
261.9840506179302
 20
173.740803540694
 30
0.0
 11
260.9233904461503
 21
174.3531759763898
 31
0.0
  0
LINE
  5
98
330
1F
100
AcDbEntity
  8
VISIBLE
100
AcDbLine
 10
260.9233904461503
 20
174.3531759763898
 30
0.0
 11
260.9233904461503
 21
175.5779208477814
 31
0.0
  0
LINE
  5
99
330
1F
100
AcDbEntity
  8
VISIBLE
100
AcDbLine
 10
260.9233904461503
 20
176.3944174287091
 30
0.0
 11
260.9233904461503
 21
177.6191623001007
 31
0.0
  0
LINE
  5
9A
330
1F
100
AcDbEntity
  8
VISIBLE
100
AcDbLine
 10
260.9233904461503
 20
175.5779208477814
 30
0.0
 11
261.8072739226335
 21
175.0676104847016
 31
0.0
  0
LINE
  5
9B
330
1F
100
AcDbEntity
  8
VISIBLE
100
AcDbLine
 10
261.8072739226335
 20
175.0676104847016
 30
0.0
 11
261.8072739226335
 21
175.8841070656293
 31
0.0
  0
LINE
  5
9C
330
1F
100
AcDbEntity
  8
VISIBLE
100
AcDbLine
 10
262.6911573991167
 20
173.3325552502302
 30
0.0
 11
262.6911573991167
 21
174.3531759763898
 31
0.0
  0
LINE
  5
9D
330
1F
100
AcDbEntity
  8
VISIBLE
100
AcDbLine
 10
261.8072739226335
 20
175.8841070656293
 30
0.0
 11
260.9233904461503
 21
176.3944174287091
 31
0.0
  0
LINE
  5
9E
330
1F
100
AcDbEntity
  8
VISIBLE
100
AcDbLine
 10
260.9233904461503
 20
177.6191623001007
 30
0.0
 11
261.9840506179302
 21
177.0067898644049
 31
0.0
  0
ELLIPSE
  5
9F
330
1F
100
AcDbEntity
  8
VISIBLE
100
AcDbEllipse
 10
262.3376040085234
 20
175.1696725573176
 30
0.0
 11
-0.25
 21
0.4330127018922196
 31
0.0
210
0.0
220
0.0
230
-0.9999999999999998
 40
0.5773502691896257
 41
0.0
 42
6.283185307179586
  0
LINE
  5
A0
330
1F
100
AcDbEntity
  8
VISIBLE
100
AcDbLine
 10
260.9233904461503
 20
174.3531759763898
 30
0.0
 11
303.3497973173432
 21
149.858278548558
 31
0.0
  0
LINE
  5
A1
330
1F
100
AcDbEntity
  8
VISIBLE
100
AcDbLine
 10
260.9233904461503
 20
175.5779208477814
 30
0.0
 11
260.9233904461503
 21
174.3531759763898
 31
0.0
  0
LINE
  5
A2
330
1F
100
AcDbEntity
  8
VISIBLE
100
AcDbLine
 10
260.9233904461503
 20
175.5779208477814
 30
0.0
 11
303.3497973173432
 21
151.0830234199496
 31
0.0
  0
LINE
  5
A3
330
1F
100
AcDbEntity
  8
VISIBLE
100
AcDbLine
 10
303.3497973173432
 20
151.0830234199496
 30
0.0
 11
304.2336807938264
 21
151.5933337830295
 31
0.0
  0
LINE
  5
A4
330
1F
100
AcDbEntity
  8
VISIBLE
100
AcDbLine
 10
304.4104574891231
 20
151.4912717104135
 30
0.0
 11
304.4104574891231
 21
150.4706509842538
 31
0.0
  0
LINE
  5
A5
330
1F
100
AcDbEntity
  8
VISIBLE
100
AcDbLine
 10
305.1175642703096
 20
151.8995200008773
 30
0.0
 11
304.4104574891231
 21
151.4912717104135
 31
0.0
  0
LINE
  5
A6
330
1F
100
AcDbEntity
  8
VISIBLE
100
AcDbLine
 10
305.1175642703096
 20
150.8788992747177
 30
0.0
 11
305.1175642703096
 21
151.8995200008773
 31
0.0
  0
LINE
  5
A7
330
1F
100
AcDbEntity
  8
VISIBLE
100
AcDbLine
 10
304.2336807938264
 20
151.5933337830295
 30
0.0
 11
304.2336807938264
 21
152.4098303639572
 31
0.0
  0
LINE
  5
A8
330
1F
100
AcDbEntity
  8
VISIBLE
100
AcDbLine
 10
306.1782244420894
 20
151.4912717104135
 30
0.0
 11
305.1175642703096
 21
150.8788992747177
 31
0.0
  0
LINE
  5
A9
330
1F
100
AcDbEntity
  8
VISIBLE
100
AcDbLine
 10
306.1782244420894
 20
152.7160165818051
 30
0.0
 11
306.1782244420894
 21
151.4912717104135
 31
0.0
  0
LINE
  5
AA
330
1F
100
AcDbEntity
  8
VISIBLE
100
AcDbLine
 10
305.2943409656062
 20
153.022202799653
 30
0.0
 11
305.2943409656062
 21
152.2057062187253
 31
0.0
  0
LINE
  5
AB
330
1F
100
AcDbEntity
  8
VISIBLE
100
AcDbLine
 10
264.8124777426764
 20
177.4150381548688
 30
0.0
 11
305.1175642703096
 21
154.1448855984286
 31
0.0
  0
LINE
  5
AC
330
1F
100
AcDbEntity
  8
VISIBLE
100
AcDbLine
 10
306.1782244420894
 20
153.5325131627328
 30
0.0
 11
305.2943409656062
 21
153.022202799653
 31
0.0
  0
LINE
  5
AD
330
1F
100
AcDbEntity
  8
VISIBLE
100
AcDbLine
 10
304.2336807938264
 20
152.4098303639572
 30
0.0
 11
303.3497973173432
 21
151.8995200008773
 31
0.0
  0
LINE
  5
AE
330
1F
100
AcDbEntity
  8
VISIBLE
100
AcDbLine
 10
306.1782244420894
 20
154.7572580341244
 30
0.0
 11
306.1782244420894
 21
153.5325131627328
 31
0.0
  0
LINE
  5
AF
330
1F
100
AcDbEntity
  8
VISIBLE
100
AcDbLine
 10
305.1175642703096
 20
154.1448855984286
 30
0.0
 11
306.1782244420894
 21
154.7572580341244
 31
0.0
  0
LINE
  5
B0
330
1F
100
AcDbEntity
  8
VISIBLE
100
AcDbLine
 10
304.4104574891231
 20
150.4706509842538
 30
0.0
 11
303.3497973173432
 21
149.858278548558
 31
0.0
  0
LINE
  5
B1
330
1F
100
AcDbEntity
  8
VISIBLE
100
AcDbLine
 10
304.4104574891231
 20
152.7160165818051
 30
0.0
 11
305.1175642703096
 21
153.124264872269
 31
0.0
  0
LINE
  5
B2
330
1F
100
AcDbEntity
  8
VISIBLE
100
AcDbLine
 10
304.4104574891231
 20
153.7366373079647
 30
0.0
 11
304.4104574891231
 21
152.7160165818051
 31
0.0
  0
LINE
  5
B3
330
1F
100
AcDbEntity
  8
VISIBLE
100
AcDbLine
 10
305.2943409656062
 20
152.2057062187253
 30
0.0
 11
306.1782244420894
 21
152.7160165818051
 31
0.0
  0
LINE
  5
B4
330
1F
100
AcDbEntity
  8
VISIBLE
100
AcDbLine
 10
305.1175642703096
 20
153.124264872269
 30
0.0
 11
305.1175642703096
 21
154.1448855984286
 31
0.0
  0
LINE
  5
B5
330
1F
100
AcDbEntity
  8
VISIBLE
100
AcDbLine
 10
260.9233904461503
 20
176.3944174287091
 30
0.0
 11
303.3497973173432
 21
151.8995200008773
 31
0.0
  0
LINE
  5
B6
330
1F
100
AcDbEntity
  8
VISIBLE
100
AcDbLine
 10
303.3497973173432
 20
151.8995200008773
 30
0.0
 11
303.3497973173432
 21
153.124264872269
 31
0.0
  0
LINE
  5
B7
330
1F
100
AcDbEntity
  8
VISIBLE
100
AcDbLine
 10
260.9233904461503
 20
177.6191623001007
 30
0.0
 11
260.9233904461503
 21
176.3944174287091
 31
0.0
  0
LINE
  5
B8
330
1F
100
AcDbEntity
  8
VISIBLE
100
AcDbLine
 10
303.3497973173432
 20
149.858278548558
 30
0.0
 11
303.3497973173432
 21
151.0830234199496
 31
0.0
  0
LINE
  5
B9
330
1F
100
AcDbEntity
  8
VISIBLE
100
AcDbLine
 10
260.9233904461503
 20
177.6191623001007
 30
0.0
 11
303.3497973173432
 21
153.124264872269
 31
0.0
  0
LINE
  5
BA
330
1F
100
AcDbEntity
  8
VISIBLE
100
AcDbLine
 10
303.3497973173432
 20
153.124264872269
 30
0.0
 11
304.4104574891231
 21
153.7366373079647
 31
0.0
  0
LINE
  5
BB
330
1F
100
AcDbEntity
  8
VISIBLE
100
AcDbLine
 10
266.5802446956427
 20
177.6191623001007
 30
0.0
 11
306.1782244420894
 21
154.7572580341244
 31
0.0
  0
LINE
  5
BC
330
1F
100
AcDbEntity
  8
VISIBLE
100
AcDbLine
 10
264.8124777426764
 20
176.5985415739411
 30
0.0
 11
304.4104574891231
 21
153.7366373079647
 31
0.0
  0
ELLIPSE
  5
BD
330
1F
100
AcDbEntity
  8
VISIBLE
100
AcDbEllipse
 10
304.7640108797164
 20
152.3077682913412
 30
0.0
 11
-0.25
 21
-0.4330127018922196
 31
0.0
210
0.0
220
0.0
230
-0.9999999999999998
 40
0.5773502691896257
 41
0.0
 42
6.283185307179586
  0
LINE
  5
BE
330
1F
100
AcDbEntity
  8
VISIBLE
100
AcDbLine
 10
303.3497973173432
 20
149.858278548558
 30
0.0
 11
374.060475435998
 21
190.6831075949443
 31
0.0
  0
LINE
  5
BF
330
1F
100
AcDbEntity
  8
VISIBLE
100
AcDbLine
 10
374.060475435998
 20
192.7243490472637
 30
0.0
 11
374.060475435998
 21
193.9490939186553
 31
0.0
  0
LINE
  5
C0
330
1F
100
AcDbEntity
  8
VISIBLE
100
AcDbLine
 10
374.060475435998
 20
190.6831075949443
 30
0.0
 11
374.060475435998
 21
191.9078524663359
 31
0.0
  0
LINE
  5
C1
330
1F
100
AcDbEntity
  8
VISIBLE
100
AcDbLine
 10
303.3497973173432
 20
153.124264872269
 30
0.0
 11
374.060475435998
 21
193.9490939186553
 31
0.0
  0
LINE
  5
C2
330
1F
100
AcDbEntity
  8
VISIBLE
100
AcDbLine
 10
374.060475435998
 20
193.9490939186553
 30
0.0
 11
372.9998152642182
 21
194.561466354351
 31
0.0
  0
LINE
  5
C3
330
1F
100
AcDbEntity
  8
VISIBLE
100
AcDbLine
 10
302.2891371455634
 20
153.7366373079647
 30
0.0
 11
303.3497973173432
 21
153.124264872269
 31
0.0
  0
LINE
  5
C4
330
1F
100
AcDbEntity
  8
VISIBLE
100
AcDbLine
 10
303.3497973173432
 20
151.8995200008773
 30
0.0
 11
374.060475435998
 21
192.7243490472637
 31
0.0
  0
LINE
  5
C5
330
1F
100
AcDbEntity
  8
VISIBLE
100
AcDbLine
 10
302.2891371455634
 20
152.7160165818051
 30
0.0
 11
302.2891371455634
 21
153.7366373079647
 31
0.0
  0
LINE
  5
C6
330
1F
100
AcDbEntity
  8
VISIBLE
100
AcDbLine
 10
372.2927084830317
 20
194.9697146448149
 30
0.0
 11
371.2320483112518
 21
195.5820870805107
 31
0.0
  0
LINE
  5
C7
330
1F
100
AcDbEntity
  8
VISIBLE
100
AcDbLine
 10
301.5820303643769
 20
153.124264872269
 30
0.0
 11
302.2891371455634
 21
152.7160165818051
 31
0.0
  0
LINE
  5
C8
330
1F
100
AcDbEntity
  8
VISIBLE
100
AcDbLine
 10
300.521370192597
 20
154.7572580341244
 30
0.0
 11
371.2320483112518
 21
195.5820870805107
 31
0.0
  0
LINE
  5
C9
330
1F
100
AcDbEntity
  8
VISIBLE
100
AcDbLine
 10
302.2891371455634
 20
153.7366373079647
 30
0.0
 11
372.9998152642182
 21
194.561466354351
 31
0.0
  0
LINE
  5
CA
330
1F
100
AcDbEntity
  8
VISIBLE
100
AcDbLine
 10
301.5820303643769
 20
154.1448855984286
 30
0.0
 11
301.5820303643769
 21
153.124264872269
 31
0.0
  0
LINE
  5
CB
330
1F
100
AcDbEntity
  8
VISIBLE
100
AcDbLine
 10
300.521370192597
 20
154.7572580341244
 30
0.0
 11
301.5820303643769
 21
154.1448855984286
 31
0.0
  0
LINE
  5
CC
330
1F
100
AcDbEntity
  8
VISIBLE
100
AcDbLine
 10
301.4052536690802
 20
152.2057062187253
 30
0.0
 11
301.4052536690802
 21
153.022202799653
 31
0.0
  0
LINE
  5
CD
330
1F
100
AcDbEntity
  8
VISIBLE
100
AcDbLine
 10
300.521370192597
 20
153.5325131627328
 30
0.0
 11
300.521370192597
 21
154.7572580341244
 31
0.0
  0
LINE
  5
CE
330
1F
100
AcDbEntity
  8
VISIBLE
100
AcDbLine
 10
300.521370192597
 20
152.7160165818051
 30
0.0
 11
301.4052536690802
 21
152.2057062187253
 31
0.0
  0
LINE
  5
CF
330
1F
100
AcDbEntity
  8
VISIBLE
100
AcDbLine
 10
300.521370192597
 20
151.4912717104135
 30
0.0
 11
300.521370192597
 21
152.7160165818051
 31
0.0
  0
LINE
  5
D0
330
1F
100
AcDbEntity
  8
VISIBLE
100
AcDbLine
 10
301.5820303643769
 20
150.8788992747177
 30
0.0
 11
300.521370192597
 21
151.4912717104135
 31
0.0
  0
LINE
  5
D1
330
1F
100
AcDbEntity
  8
VISIBLE
100
AcDbLine
 10
301.5820303643769
 20
151.8995200008774
 30
0.0
 11
301.5820303643769
 21
150.8788992747177
 31
0.0
  0
LINE
  5
D2
330
1F
100
AcDbEntity
  8
VISIBLE
100
AcDbLine
 10
303.3497973173432
 20
151.0830234199496
 30
0.0
 11
374.060475435998
 21
191.9078524663359
 31
0.0
  0
LINE
  5
D3
330
1F
100
AcDbEntity
  8
VISIBLE
100
AcDbLine
 10
302.2891371455634
 20
151.4912717104135
 30
0.0
 11
301.5820303643769
 21
151.8995200008774
 31
0.0
  0
LINE
  5
D4
330
1F
100
AcDbEntity
  8
VISIBLE
100
AcDbLine
 10
301.4052536690802
 20
153.022202799653
 30
0.0
 11
300.521370192597
 21
153.5325131627328
 31
0.0
  0
LINE
  5
D5
330
1F
100
AcDbEntity
  8
VISIBLE
100
AcDbLine
 10
302.2891371455634
 20
150.4706509842538
 30
0.0
 11
302.2891371455634
 21
151.4912717104135
 31
0.0
  0
LINE
  5
D6
330
1F
100
AcDbEntity
  8
VISIBLE
100
AcDbLine
 10
303.3497973173432
 20
149.858278548558
 30
0.0
 11
302.2891371455634
 21
150.4706509842538
 31
0.0
  0
LINE
  5
D7
330
1F
100
AcDbEntity
  8
VISIBLE
100
AcDbLine
 10
303.3497973173432
 20
151.0830234199496
 30
0.0
 11
303.3497973173432
 21
149.858278548558
 31
0.0
  0
LINE
  5
D8
330
1F
100
AcDbEntity
  8
VISIBLE
100
AcDbLine
 10
301.5820303643769
 20
154.1448855984286
 30
0.0
 11
372.2927084830317
 21
194.9697146448149
 31
0.0
  0
LINE
  5
D9
330
1F
100
AcDbEntity
  8
VISIBLE
100
AcDbLine
 10
302.46591384086
 20
151.5933337830295
 30
0.0
 11
303.3497973173432
 21
151.0830234199496
 31
0.0
  0
LINE
  5
DA
330
1F
100
AcDbEntity
  8
VISIBLE
100
AcDbLine
 10
303.3497973173432
 20
153.124264872269
 30
0.0
 11
303.3497973173432
 21
151.8995200008773
 31
0.0
  0
LINE
  5
DB
330
1F
100
AcDbEntity
  8
VISIBLE
100
AcDbLine
 10
302.46591384086
 20
152.4098303639572
 30
0.0
 11
302.46591384086
 21
151.5933337830295
 31
0.0
  0
LINE
  5
DC
330
1F
100
AcDbEntity
  8
VISIBLE
100
AcDbLine
 10
303.3497973173432
 20
151.8995200008773
 30
0.0
 11
302.46591384086
 21
152.4098303639572
 31
0.0
  0
ELLIPSE
  5
DD
330
1F
100
AcDbEntity
  8
VISIBLE
100
AcDbEllipse
 10
301.9355837549701
 20
152.3077682913412
 30
0.0
 11
-0.25
 21
0.4330127018922196
 31
0.0
210
0.0
220
0.0
230
-0.9999999999999998
 40
0.5773502691896257
 41
0.0
 42
6.283185307179586
  0
LINE
  5
DE
330
1F
100
AcDbEntity
  8
VISIBLE
100
AcDbLine
 10
331.6340685648051
 20
211.9120186990652
 30
0.0
 11
365.5751940617595
 21
192.3161007567998
 31
0.0
  0
LINE
  5
DF
330
1F
100
AcDbEntity
  8
VISIBLE
100
AcDbLine
 10
330.9269617836186
 20
213.5450118609207
 30
0.0
 11
366.6358542335392
 21
192.9284731924956
 31
0.0
  0
LINE
  5
E0
330
1F
100
AcDbEntity
  8
VISIBLE
100
AcDbLine
 10
370.5249415300653
 20
190.6831075949443
 30
0.0
 11
371.2320483112518
 21
190.2748593044805
 31
0.0
  0
LINE
  5
E1
330
1F
100
AcDbEntity
  8
VISIBLE
100
AcDbLine
 10
371.2320483112518
 20
190.2748593044805
 30
0.0
 11
372.115931787735
 21
190.7851696675603
 31
0.0
  0
LINE
  5
E2
330
1F
100
AcDbEntity
  8
VISIBLE
100
AcDbLine
 10
372.2927084830317
 20
190.6831075949443
 30
0.0
 11
372.2927084830317
 21
189.6624868687847
 31
0.0
  0
LINE
  5
E3
330
1F
100
AcDbEntity
  8
VISIBLE
100
AcDbLine
 10
372.9998152642182
 20
191.0913558854082
 30
0.0
 11
372.2927084830317
 21
190.6831075949443
 31
0.0
  0
LINE
  5
E4
330
1F
100
AcDbEntity
  8
VISIBLE
100
AcDbLine
 10
372.9998152642182
 20
190.0707351592486
 30
0.0
 11
372.9998152642182
 21
191.0913558854082
 31
0.0
  0
LINE
  5
E5
330
1F
100
AcDbEntity
  8
VISIBLE
100
AcDbLine
 10
372.115931787735
 20
190.7851696675603
 30
0.0
 11
372.115931787735
 21
191.601666248488
 31
0.0
  0
LINE
  5
E6
330
1F
100
AcDbEntity
  8
VISIBLE
100
AcDbLine
 10
374.060475435998
 20
190.6831075949443
 30
0.0
 11
372.9998152642182
 21
190.0707351592486
 31
0.0
  0
LINE
  5
E7
330
1F
100
AcDbEntity
  8
VISIBLE
100
AcDbLine
 10
374.060475435998
 20
191.9078524663359
 30
0.0
 11
374.060475435998
 21
190.6831075949443
 31
0.0
  0
LINE
  5
E8
330
1F
100
AcDbEntity
  8
VISIBLE
100
AcDbLine
 10
373.1765919595148
 20
192.2140386841838
 30
0.0
 11
373.1765919595148
 21
191.3975421032561
 31
0.0
  0
LINE
  5
E9
330
1F
100
AcDbEntity
  8
VISIBLE
100
AcDbLine
 10
332.694728736585
 20
216.6068740393997
 30
0.0
 11
372.9998152642182
 21
193.3367214829595
 31
0.0
  0
LINE
  5
EA
330
1F
100
AcDbEntity
  8
VISIBLE
100
AcDbLine
 10
374.060475435998
 20
192.7243490472637
 30
0.0
 11
373.1765919595148
 21
192.2140386841838
 31
0.0
  0
LINE
  5
EB
330
1F
100
AcDbEntity
  8
VISIBLE
100
AcDbLine
 10
372.115931787735
 20
191.601666248488
 30
0.0
 11
371.2320483112518
 21
191.0913558854082
 31
0.0
  0
LINE
  5
EC
330
1F
100
AcDbEntity
  8
VISIBLE
100
AcDbLine
 10
374.060475435998
 20
193.9490939186553
 30
0.0
 11
374.060475435998
 21
192.7243490472637
 31
0.0
  0
LINE
  5
ED
330
1F
100
AcDbEntity
  8
VISIBLE
100
AcDbLine
 10
372.9998152642182
 20
193.3367214829595
 30
0.0
 11
374.060475435998
 21
193.9490939186553
 31
0.0
  0
LINE
  5
EE
330
1F
100
AcDbEntity
  8
VISIBLE
100
AcDbLine
 10
372.2927084830317
 20
189.6624868687847
 30
0.0
 11
371.2320483112518
 21
189.0501144330889
 31
0.0
  0
LINE
  5
EF
330
1F
100
AcDbEntity
  8
VISIBLE
100
AcDbLine
 10
372.2927084830317
 20
191.9078524663359
 30
0.0
 11
372.9998152642182
 21
192.3161007567998
 31
0.0
  0
LINE
  5
F0
330
1F
100
AcDbEntity
  8
VISIBLE
100
AcDbLine
 10
372.2927084830317
 20
192.9284731924956
 30
0.0
 11
372.2927084830317
 21
191.9078524663359
 31
0.0
  0
LINE
  5
F1
330
1F
100
AcDbEntity
  8
VISIBLE
100
AcDbLine
 10
371.2320483112518
 20
189.0501144330889
 30
0.0
 11
371.2320483112518
 21
190.2748593044805
 31
0.0
  0
LINE
  5
F2
330
1F
100
AcDbEntity
  8
VISIBLE
100
AcDbLine
 10
328.8056414400589
 20
216.8109981846316
 30
0.0
 11
371.2320483112518
 21
192.3161007567998
 31
0.0
  0
LINE
  5
F3
330
1F
100
AcDbEntity
  8
VISIBLE
100
AcDbLine
 10
371.2320483112518
 20
192.3161007567998
 30
0.0
 11
372.2927084830317
 21
192.9284731924956
 31
0.0
  0
LINE
  5
F4
330
1F
100
AcDbEntity
  8
VISIBLE
100
AcDbLine
 10
334.4624956895514
 20
216.8109981846316
 30
0.0
 11
374.060475435998
 21
193.9490939186553
 31
0.0
  0
LINE
  5
F5
330
1F
100
AcDbEntity
  8
VISIBLE
100
AcDbLine
 10
332.694728736585
 20
215.7903774584719
 30
0.0
 11
372.2927084830317
 21
192.9284731924956
 31
0.0
  0
LINE
  5
F6
330
1F
100
AcDbEntity
  8
VISIBLE
100
AcDbLine
 10
373.1765919595148
 20
191.3975421032561
 30
0.0
 11
374.060475435998
 21
191.9078524663359
 31
0.0
  0
LINE
  5
F7
330
1F
100
AcDbEntity
  8
VISIBLE
100
AcDbLine
 10
372.9998152642182
 20
192.3161007567998
 30
0.0
 11
372.9998152642182
 21
193.3367214829595
 31
0.0
  0
LINE
  5
F8
330
1F
100
AcDbEntity
  8
VISIBLE
100
AcDbLine
 10
331.6340685648051
 20
213.9532601513845
 30
0.0
 11
367.3429610147258
 21
193.3367214829595
 31
0.0
  0
LINE
  5
F9
330
1F
100
AcDbEntity
  8
VISIBLE
100
AcDbLine
 10
371.2320483112518
 20
191.0913558854082
 30
0.0
 11
371.2320483112518
 21
192.3161007567998
 31
0.0
  0
ELLIPSE
  5
FA
330
1F
100
AcDbEntity
  8
VISIBLE
100
AcDbEllipse
 10
372.6462618736249
 20
191.4996041758721
 30
0.0
 11
-0.25
 21
-0.4330127018922196
 31
0.0
210
0.0
220
0.0
230
-0.9999999999999998
 40
0.5773502691896257
 41
0.0
 42
6.283185307179586
  0
LINE
  5
FB
330
1F
100
AcDbEntity
  8
VISIBLE
100
AcDbLine
 10
266.5802446956427
 20
95.96950420732813
 30
0.0
 11
266.5802446956427
 21
125.3633811207263
 31
0.0
  0
LINE
  5
FC
330
1F
100
AcDbEntity
  8
VISIBLE
100
AcDbLine
 10
266.5802446956427
 20
131.8953537681481
 30
0.0
 11
266.5802446956427
 21
171.0871896526789
 31
0.0
  0
LINE
  5
FD
330
1F
100
AcDbEntity
  8
VISIBLE
100
AcDbLine
 10
266.5802446956427
 20
177.6191623001007
 30
0.0
 11
266.5802446956427
 21
184.9676315284503
 31
0.0
  0
LINE
  5
FE
330
1F
100
AcDbEntity
  8
VISIBLE
100
AcDbLine
 10
265.5195845238629
 20
95.35713177163233
 30
0.0
 11
266.5802446956427
 21
95.96950420732813
 31
0.0
  0
LINE
  5
FF
330
1F
100
AcDbEntity
  8
VISIBLE
100
AcDbLine
 10
260.9233904461503
 20
95.96950420732813
 30
0.0
 11
261.9840506179302
 21
95.35713177163233
 31
0.0
  0
LINE
  5
100
330
1F
100
AcDbEntity
  8
VISIBLE
100
AcDbLine
 10
265.5195845238629
 20
95.35713177163233
 30
0.0
 11
265.5195845238629
 21
125.9757535564221
 31
0.0
  0
LINE
  5
101
330
1F
100
AcDbEntity
  8
VISIBLE
100
AcDbLine
 10
265.5195845238629
 20
130.4664847515245
 30
0.0
 11
265.5195845238629
 21
171.6995620883747
 31
0.0
  0
LINE
  5
102
330
1F
100
AcDbEntity
  8
VISIBLE
100
AcDbLine
 10
265.5195845238629
 20
176.1902932834772
 30
0.0
 11
265.5195845238629
 21
184.3552590927545
 31
0.0
  0
LINE
  5
103
330
1F
100
AcDbEntity
  8
VISIBLE
100
AcDbLine
 10
262.8679340944133
 20
233.8553643114979
 30
0.0
 11
262.8679340944133
 21
234.6718608924256
 31
0.0
  0
LINE
  5
104
330
1F
100
AcDbEntity
  8
VISIBLE
100
AcDbLine
 10
265.5195845238629
 20
234.1615505293458
 30
0.0
 11
264.6357010473797
 21
234.6718608924256
 31
0.0
  0
LINE
  5
105
330
1F
100
AcDbEntity
  8
VISIBLE
100
AcDbLine
 10
264.6357010473797
 20
234.8759850376575
 30
0.0
 11
265.5195845238629
 21
235.3862954007373
 31
0.0
  0
LINE
  5
106
330
1F
100
AcDbEntity
  8
VISIBLE
100
AcDbLine
 10
263.9285942661932
 20
235.2842333281214
 30
0.0
 11
264.6357010473797
 21
234.8759850376575
 31
0.0
  0
LINE
  5
107
330
1F
100
AcDbEntity
  8
VISIBLE
100
AcDbLine
 10
264.8124777426764
 20
235.7945436912012
 30
0.0
 11
263.9285942661932
 21
235.2842333281214
 31
0.0
  0
LINE
  5
108
330
1F
100
AcDbEntity
  8
VISIBLE
100
AcDbLine
 10
264.6357010473797
 20
234.6718608924256
 30
0.0
 11
263.9285942661932
 21
234.2636126019617
 31
0.0
  0
LINE
  5
109
330
1F
100
AcDbEntity
  8
VISIBLE
100
AcDbLine
 10
263.7518175708965
 20
236.406916126897
 30
0.0
 11
264.8124777426764
 21
235.7945436912012
 31
0.0
  0
LINE
  5
10A
330
1F
100
AcDbEntity
  8
VISIBLE
100
AcDbLine
 10
264.8124777426764
 20
234.9780471102735
 30
0.0
 11
264.8124777426764
 21
235.7945436912012
 31
0.0
  0
LINE
  5
10B
330
1F
100
AcDbEntity
  8
VISIBLE
100
AcDbLine
 10
262.6911573991167
 20
235.7945436912012
 30
0.0
 11
263.7518175708965
 21
236.406916126897
 31
0.0
  0
LINE
  5
10C
330
1F
100
AcDbEntity
  8
VISIBLE
100
AcDbLine
 10
262.8679340944133
 20
234.8759850376575
 30
0.0
 11
263.5750408755999
 21
235.2842333281214
 31
0.0
  0
LINE
  5
10D
330
1F
100
AcDbEntity
  8
VISIBLE
100
AcDbLine
 10
264.8124777426764
 20
95.7653800620962
 30
0.0
 11
265.5195845238629
 21
95.35713177163233
 31
0.0
  0
LINE
  5
10E
330
1F
100
AcDbEntity
  8
VISIBLE
100
AcDbLine
 10
261.9840506179302
 20
95.35713177163233
 30
0.0
 11
261.9840506179302
 21
234.1615505293458
 31
0.0
  0
LINE
  5
10F
330
1F
100
AcDbEntity
  8
VISIBLE
100
AcDbLine
 10
261.9840506179302
 20
235.3862954007373
 30
0.0
 11
262.8679340944133
 21
234.8759850376575
 31
0.0
  0
LINE
  5
110
330
1F
100
AcDbEntity
  8
VISIBLE
100
AcDbLine
 10
263.9285942661932
 20
234.2636126019617
 30
0.0
 11
264.8124777426764
 21
233.7533022388819
 31
0.0
  0
LINE
  5
111
330
1F
100
AcDbEntity
  8
VISIBLE
100
AcDbLine
 10
260.9233904461503
 20
234.7739229650415
 30
0.0
 11
261.9840506179302
 21
235.3862954007373
 31
0.0
  0
LINE
  5
112
330
1F
100
AcDbEntity
  8
VISIBLE
100
AcDbLine
 10
261.9840506179302
 20
234.1615505293458
 30
0.0
 11
260.9233904461503
 21
234.7739229650415
 31
0.0
  0
LINE
  5
113
330
1F
100
AcDbEntity
  8
VISIBLE
100
AcDbLine
 10
265.5195845238629
 20
235.3862954007373
 30
0.0
 11
266.5802446956427
 21
234.7739229650415
 31
0.0
  0
LINE
  5
114
330
1F
100
AcDbEntity
  8
VISIBLE
100
AcDbLine
 10
263.5750408755999
 20
234.2636126019617
 30
0.0
 11
262.8679340944133
 21
234.6718608924256
 31
0.0
  0
LINE
  5
115
330
1F
100
AcDbEntity
  8
VISIBLE
100
AcDbLine
 10
262.6911573991167
 20
233.7533022388819
 30
0.0
 11
263.5750408755999
 21
234.2636126019617
 31
0.0
  0
LINE
  5
116
330
1F
100
AcDbEntity
  8
VISIBLE
100
AcDbLine
 10
263.5750408755999
 20
235.2842333281214
 30
0.0
 11
262.6911573991167
 21
235.7945436912012
 31
0.0
  0
LINE
  5
117
330
1F
100
AcDbEntity
  8
VISIBLE
100
AcDbLine
 10
262.8679340944133
 20
234.6718608924256
 30
0.0
 11
261.9840506179302
 21
234.1615505293458
 31
0.0
  0
LINE
  5
118
330
1F
100
AcDbEntity
  8
VISIBLE
100
AcDbLine
 10
264.8124777426764
 20
94.94888348116847
 30
0.0
 11
264.8124777426764
 21
126.3840018468859
 31
0.0
  0
LINE
  5
119
330
1F
100
AcDbEntity
  8
VISIBLE
100
AcDbLine
 10
264.8124777426764
 20
130.8747330419884
 30
0.0
 11
264.8124777426764
 21
172.1078103788386
 31
0.0
  0
LINE
  5
11A
330
1F
100
AcDbEntity
  8
VISIBLE
100
AcDbLine
 10
264.8124777426764
 20
176.5985415739411
 30
0.0
 11
264.8124777426764
 21
183.9470108022906
 31
0.0
  0
LINE
  5
11B
330
1F
100
AcDbEntity
  8
VISIBLE
100
AcDbLine
 10
264.8124777426764
 20
233.7533022388819
 30
0.0
 11
263.7518175708965
 21
233.1409298031861
 31
0.0
  0
LINE
  5
11C
330
1F
100
AcDbEntity
  8
VISIBLE
100
AcDbLine
 10
263.7518175708965
 20
94.33651104547268
 30
0.0
 11
264.8124777426764
 21
94.94888348116847
 31
0.0
  0
LINE
  5
11D
330
1F
100
AcDbEntity
  8
VISIBLE
100
AcDbLine
 10
266.5802446956427
 20
234.7739229650415
 30
0.0
 11
265.5195845238629
 21
234.1615505293458
 31
0.0
  0
LINE
  5
11E
330
1F
100
AcDbEntity
  8
VISIBLE
100
AcDbLine
 10
263.7518175708965
 20
94.33651104547268
 30
0.0
 11
263.7518175708965
 21
233.1409298031861
 31
0.0
  0
LINE
  5
11F
330
1F
100
AcDbEntity
  8
VISIBLE
100
AcDbLine
 10
263.7518175708965
 20
233.1409298031861
 30
0.0
 11
262.6911573991167
 21
233.7533022388819
 31
0.0
  0
LINE
  5
120
330
1F
100
AcDbEntity
  8
VISIBLE
100
AcDbLine
 10
260.9233904461503
 20
95.96950420732813
 30
0.0
 11
260.9233904461503
 21
234.7739229650415
 31
0.0
  0
LINE
  5
121
330
1F
100
AcDbEntity
  8
VISIBLE
100
AcDbLine
 10
261.9840506179302
 20
95.35713177163233
 30
0.0
 11
262.6911573991167
 21
95.7653800620962
 31
0.0
  0
LINE
  5
122
330
1F
100
AcDbEntity
  8
VISIBLE
100
AcDbLine
 10
262.6911573991167
 20
94.94888348116847
 30
0.0
 11
262.6911573991167
 21
233.7533022388819
 31
0.0
  0
LINE
  5
123
330
1F
100
AcDbEntity
  8
VISIBLE
100
AcDbLine
 10
262.6911573991167
 20
94.94888348116847
 30
0.0
 11
263.7518175708965
 21
94.33651104547268
 31
0.0
  0
ELLIPSE
  5
124
330
1F
100
AcDbEntity
  8
VISIBLE
100
AcDbEllipse
 10
263.7518175708965
 20
234.7739229650416
 30
0.0
 11
0.4999999999999999
 21
0.0
 31
0.0
210
0.0
220
0.0
230
-1.0
 40
0.5773502691896258
 41
0.0
 42
6.283185307179586
  0
LINE
  5
125
330
1F
100
AcDbEntity
  8
VISIBLE
100
AcDbLine
 10
329.8663016118388
 20
134.5489676561632
 30
0.0
 11
330.5734083930253
 21
134.9572159466271
 31
0.0
  0
LINE
  5
126
330
1F
100
AcDbEntity
  8
VISIBLE
100
AcDbLine
 10
329.8663016118388
 20
273.3533864138766
 30
0.0
 11
329.8663016118388
 21
272.5368898329489
 31
0.0
  0
LINE
  5
127
330
1F
100
AcDbEntity
  8
VISIBLE
100
AcDbLine
 10
329.8663016118388
 20
221.505853524966
 30
0.0
 11
329.8663016118388
 21
215.3821291680081
 31
0.0
  0
LINE
  5
128
330
1F
100
AcDbEntity
  8
VISIBLE
100
AcDbLine
 10
329.8663016118388
 20
210.8913979729055
 30
0.0
 11
329.8663016118388
 21
171.6995620883747
 31
0.0
  0
LINE
  5
129
330
1F
100
AcDbEntity
  8
VISIBLE
100
AcDbLine
 10
329.8663016118388
 20
165.1675894409529
 30
0.0
 11
329.8663016118388
 21
134.5489676561632
 31
0.0
  0
LINE
  5
12A
330
1F
100
AcDbEntity
  8
VISIBLE
100
AcDbLine
 10
333.4018355177715
 20
134.5489676561632
 30
0.0
 11
334.4624956895514
 21
135.161340091859
 31
0.0
  0
LINE
  5
12B
330
1F
100
AcDbEntity
  8
VISIBLE
100
AcDbLine
 10
334.4624956895514
 20
224.1594674129811
 30
0.0
 11
334.4624956895514
 21
216.8109981846316
 31
0.0
  0
LINE
  5
12C
330
1F
100
AcDbEntity
  8
VISIBLE
100
AcDbLine
 10
334.4624956895514
 20
210.2790255372097
 30
0.0
 11
334.4624956895514
 21
174.3531759763898
 31
0.0
  0
LINE
  5
12D
330
1F
100
AcDbEntity
  8
VISIBLE
100
AcDbLine
 10
334.4624956895514
 20
164.5552170052571
 30
0.0
 11
334.4624956895514
 21
135.161340091859
 31
0.0
  0
LINE
  5
12E
330
1F
100
AcDbEntity
  8
VISIBLE
100
AcDbLine
 10
331.6340685648051
 20
133.5283469300035
 30
0.0
 11
332.694728736585
 21
134.1407193656993
 31
0.0
  0
LINE
  5
12F
330
1F
100
AcDbEntity
  8
VISIBLE
100
AcDbLine
 10
328.8056414400589
 20
220.8934810892702
 30
0.0
 11
328.8056414400589
 21
216.8109981846316
 31
0.0
  0
LINE
  5
130
330
1F
100
AcDbEntity
  8
VISIBLE
100
AcDbLine
 10
328.8056414400589
 20
210.2790255372097
 30
0.0
 11
328.8056414400589
 21
171.0871896526789
 31
0.0
  0
LINE
  5
131
330
1F
100
AcDbEntity
  8
VISIBLE
100
AcDbLine
 10
328.8056414400589
 20
164.5552170052571
 30
0.0
 11
328.8056414400589
 21
135.161340091859
 31
0.0
  0
LINE
  5
132
330
1F
100
AcDbEntity
  8
VISIBLE
100
AcDbLine
 10
330.5734083930253
 20
221.9141018154299
 30
0.0
 11
330.5734083930253
 21
215.7903774584719
 31
0.0
  0
LINE
  5
133
330
1F
100
AcDbEntity
  8
VISIBLE
100
AcDbLine
 10
330.5734083930253
 20
211.2996462633694
 30
0.0
 11
330.5734083930253
 21
172.1078103788386
 31
0.0
  0
LINE
  5
134
330
1F
100
AcDbEntity
  8
VISIBLE
100
AcDbLine
 10
330.5734083930253
 20
165.5758377314168
 30
0.0
 11
330.5734083930253
 21
134.1407193656993
 31
0.0
  0
LINE
  5
135
330
1F
100
AcDbEntity
  8
VISIBLE
100
AcDbLine
 10
330.5734083930253
 20
134.1407193656993
 30
0.0
 11
331.6340685648051
 21
133.5283469300035
 31
0.0
  0
LINE
  5
136
330
1F
100
AcDbEntity
  8
VISIBLE
100
AcDbLine
 10
331.6340685648051
 20
222.5264742511256
 30
0.0
 11
331.6340685648051
 21
172.7201828145343
 31
0.0
  0
LINE
  5
137
330
1F
100
AcDbEntity
  8
VISIBLE
100
AcDbLine
 10
331.6340685648051
 20
166.1882101671125
 30
0.0
 11
331.6340685648051
 21
133.5283469300035
 31
0.0
  0
LINE
  5
138
330
1F
100
AcDbEntity
  8
VISIBLE
100
AcDbLine
 10
333.4018355177715
 20
274.5781312852682
 30
0.0
 11
334.4624956895514
 21
273.9657588495724
 31
0.0
  0
LINE
  5
139
330
1F
100
AcDbEntity
  8
VISIBLE
100
AcDbLine
 10
333.4018355177715
 20
223.5470949772853
 30
0.0
 11
333.4018355177715
 21
215.382129168008
 31
0.0
  0
LINE
  5
13A
330
1F
100
AcDbEntity
  8
VISIBLE
100
AcDbLine
 10
333.4018355177715
 20
210.8913979729055
 30
0.0
 11
333.4018355177715
 21
173.740803540694
 31
0.0
  0
LINE
  5
13B
330
1F
100
AcDbEntity
  8
VISIBLE
100
AcDbLine
 10
333.4018355177715
 20
165.1675894409529
 30
0.0
 11
333.4018355177715
 21
134.5489676561632
 31
0.0
  0
LINE
  5
13C
330
1F
100
AcDbEntity
  8
VISIBLE
100
AcDbLine
 10
332.5179520412883
 20
274.0678209221884
 30
0.0
 11
333.4018355177715
 21
274.5781312852682
 31
0.0
  0
LINE
  5
13D
330
1F
100
AcDbEntity
  8
VISIBLE
100
AcDbLine
 10
332.694728736585
 20
134.9572159466271
 30
0.0
 11
333.4018355177715
 21
134.5489676561632
 31
0.0
  0
LINE
  5
13E
330
1F
100
AcDbEntity
  8
VISIBLE
100
AcDbLine
 10
331.8108452601018
 20
274.4760692126522
 30
0.0
 11
332.5179520412883
 21
274.0678209221884
 31
0.0
  0
LINE
  5
13F
330
1F
100
AcDbEntity
  8
VISIBLE
100
AcDbLine
 10
332.694728736585
 20
274.986379575732
 30
0.0
 11
331.8108452601018
 21
274.4760692126522
 31
0.0
  0
LINE
  5
140
330
1F
100
AcDbEntity
  8
VISIBLE
100
AcDbLine
 10
331.6340685648051
 20
275.5987520114278
 30
0.0
 11
332.694728736585
 21
274.986379575732
 31
0.0
  0
LINE
  5
141
330
1F
100
AcDbEntity
  8
VISIBLE
100
AcDbLine
 10
330.750185088322
 20
274.0678209221884
 30
0.0
 11
331.4572918695085
 21
274.4760692126522
 31
0.0
  0
LINE
  5
142
330
1F
100
AcDbEntity
  8
VISIBLE
100
AcDbLine
 10
330.5734083930253
 20
274.986379575732
 30
0.0
 11
331.6340685648051
 21
275.5987520114278
 31
0.0
  0
LINE
  5
143
330
1F
100
AcDbEntity
  8
VISIBLE
100
AcDbLine
 10
329.8663016118388
 20
274.5781312852682
 30
0.0
 11
330.750185088322
 21
274.0678209221884
 31
0.0
  0
LINE
  5
144
330
1F
100
AcDbEntity
  8
VISIBLE
100
AcDbLine
 10
328.8056414400589
 20
273.9657588495724
 30
0.0
 11
329.8663016118388
 21
274.5781312852682
 31
0.0
  0
LINE
  5
145
330
1F
100
AcDbEntity
  8
VISIBLE
100
AcDbLine
 10
329.8663016118388
 20
273.3533864138766
 30
0.0
 11
328.8056414400589
 21
273.9657588495724
 31
0.0
  0
LINE
  5
146
330
1F
100
AcDbEntity
  8
VISIBLE
100
AcDbLine
 10
330.750185088322
 20
273.8636967769564
 30
0.0
 11
329.8663016118388
 21
273.3533864138766
 31
0.0
  0
LINE
  5
147
330
1F
100
AcDbEntity
  8
VISIBLE
100
AcDbLine
 10
332.694728736585
 20
223.1388466868215
 30
0.0
 11
332.694728736585
 21
215.7903774584719
 31
0.0
  0
LINE
  5
148
330
1F
100
AcDbEntity
  8
VISIBLE
100
AcDbLine
 10
332.694728736585
 20
211.2996462633694
 30
0.0
 11
332.694728736585
 21
173.3325552502301
 31
0.0
  0
LINE
  5
149
330
1F
100
AcDbEntity
  8
VISIBLE
100
AcDbLine
 10
332.694728736585
 20
165.5758377314168
 30
0.0
 11
332.694728736585
 21
134.1407193656993
 31
0.0
  0
LINE
  5
14A
330
1F
100
AcDbEntity
  8
VISIBLE
100
AcDbLine
 10
331.4572918695085
 20
273.4554484864926
 30
0.0
 11
330.750185088322
 21
273.8636967769564
 31
0.0
  0
LINE
  5
14B
330
1F
100
AcDbEntity
  8
VISIBLE
100
AcDbLine
 10
331.4572918695085
 20
274.4760692126522
 30
0.0
 11
330.5734083930253
 21
274.986379575732
 31
0.0
  0
LINE
  5
14C
330
1F
100
AcDbEntity
  8
VISIBLE
100
AcDbLine
 10
330.5734083930253
 20
272.9451381234127
 30
0.0
 11
331.4572918695085
 21
273.4554484864926
 31
0.0
  0
LINE
  5
14D
330
1F
100
AcDbEntity
  8
VISIBLE
100
AcDbLine
 10
331.6340685648051
 20
272.3327656877169
 30
0.0
 11
330.5734083930253
 21
272.9451381234127
 31
0.0
  0
LINE
  5
14E
330
1F
100
AcDbEntity
  8
VISIBLE
100
AcDbLine
 10
332.694728736585
 20
272.9451381234127
 30
0.0
 11
331.6340685648051
 21
272.3327656877169
 31
0.0
  0
LINE
  5
14F
330
1F
100
AcDbEntity
  8
VISIBLE
100
AcDbLine
 10
332.694728736585
 20
274.986379575732
 30
0.0
 11
332.694728736585
 21
274.1698829948043
 31
0.0
  0
LINE
  5
150
330
1F
100
AcDbEntity
  8
VISIBLE
100
AcDbLine
 10
331.8108452601018
 20
273.4554484864926
 30
0.0
 11
332.694728736585
 21
272.9451381234127
 31
0.0
  0
LINE
  5
151
330
1F
100
AcDbEntity
  8
VISIBLE
100
AcDbLine
 10
334.4624956895514
 20
273.9657588495724
 30
0.0
 11
333.4018355177715
 21
273.3533864138766
 31
0.0
  0
LINE
  5
152
330
1F
100
AcDbEntity
  8
VISIBLE
100
AcDbLine
 10
332.5179520412883
 20
273.8636967769564
 30
0.0
 11
331.8108452601018
 21
273.4554484864926
 31
0.0
  0
LINE
  5
153
330
1F
100
AcDbEntity
  8
VISIBLE
100
AcDbLine
 10
330.750185088322
 20
273.8636967769564
 30
0.0
 11
330.750185088322
 21
273.0472001960287
 31
0.0
  0
LINE
  5
154
330
1F
100
AcDbEntity
  8
VISIBLE
100
AcDbLine
 10
328.8056414400589
 20
135.161340091859
 30
0.0
 11
329.8663016118388
 21
134.5489676561632
 31
0.0
  0
LINE
  5
155
330
1F
100
AcDbEntity
  8
VISIBLE
100
AcDbLine
 10
333.4018355177715
 20
273.3533864138766
 30
0.0
 11
332.5179520412883
 21
273.8636967769564
 31
0.0
  0
ELLIPSE
  5
156
330
1F
100
AcDbEntity
  8
VISIBLE
100
AcDbEllipse
 10
331.6340685648051
 20
273.9657588495724
 30
0.0
 11
0.4999999999999999
 21
0.0
 31
0.0
210
0.0
220
0.0
230
-1.0
 40
0.5773502691896258
 41
0.0
 42
6.283185307179586
  0
LINE
  5
157
330
1F
100
AcDbEntity
  8
VISIBLE
100
AcDbLine
 10
369.4642813582855
 20
111.6870633901868
 30
0.0
 11
370.171388139472
 21
112.0953116806507
 31
0.0
  0
LINE
  5
158
330
1F
100
AcDbEntity
  8
VISIBLE
100
AcDbLine
 10
369.4642813582855
 20
193.3367214829595
 30
0.0
 11
369.4642813582855
 21
192.5202249020317
 31
0.0
  0
LINE
  5
159
330
1F
100
AcDbEntity
  8
VISIBLE
100
AcDbLine
 10
369.4642813582855
 20
188.0294937069292
 30
0.0
 11
369.4642813582855
 21
146.7964163700791
 31
0.0
  0
LINE
  5
15A
330
1F
100
AcDbEntity
  8
VISIBLE
100
AcDbLine
 10
369.4642813582855
 20
142.3056851749766
 30
0.0
 11
369.4642813582855
 21
111.6870633901868
 31
0.0
  0
LINE
  5
15B
330
1F
100
AcDbEntity
  8
VISIBLE
100
AcDbLine
 10
372.9998152642182
 20
111.6870633901868
 30
0.0
 11
374.060475435998
 21
112.2994358258826
 31
0.0
  0
LINE
  5
15C
330
1F
100
AcDbEntity
  8
VISIBLE
100
AcDbLine
 10
374.060475435998
 20
193.9490939186553
 30
0.0
 11
374.060475435998
 21
112.2994358258826
 31
0.0
  0
LINE
  5
15D
330
1F
100
AcDbEntity
  8
VISIBLE
100
AcDbLine
 10
371.2320483112518
 20
110.6664426640272
 30
0.0
 11
372.2927084830317
 21
111.278815099723
 31
0.0
  0
LINE
  5
15E
330
1F
100
AcDbEntity
  8
VISIBLE
100
AcDbLine
 10
368.4036211865056
 20
187.4171212712334
 30
0.0
 11
368.4036211865056
 21
148.2252853867026
 31
0.0
  0
LINE
  5
15F
330
1F
100
AcDbEntity
  8
VISIBLE
100
AcDbLine
 10
368.4036211865056
 20
141.6933127392808
 30
0.0
 11
368.4036211865056
 21
112.2994358258826
 31
0.0
  0
LINE
  5
160
330
1F
100
AcDbEntity
  8
VISIBLE
100
AcDbLine
 10
370.171388139472
 20
188.4377419973931
 30
0.0
 11
370.171388139472
 21
147.204664660543
 31
0.0
  0
LINE
  5
161
330
1F
100
AcDbEntity
  8
VISIBLE
100
AcDbLine
 10
370.171388139472
 20
142.7139334654404
 30
0.0
 11
370.171388139472
 21
111.278815099723
 31
0.0
  0
LINE
  5
162
330
1F
100
AcDbEntity
  8
VISIBLE
100
AcDbLine
 10
370.171388139472
 20
111.278815099723
 30
0.0
 11
371.2320483112518
 21
110.6664426640272
 31
0.0
  0
LINE
  5
163
330
1F
100
AcDbEntity
  8
VISIBLE
100
AcDbLine
 10
371.2320483112518
 20
192.3161007567998
 30
0.0
 11
371.2320483112518
 21
110.6664426640272
 31
0.0
  0
LINE
  5
164
330
1F
100
AcDbEntity
  8
VISIBLE
100
AcDbLine
 10
372.9998152642182
 20
194.561466354351
 30
0.0
 11
374.060475435998
 21
193.9490939186553
 31
0.0
  0
LINE
  5
165
330
1F
100
AcDbEntity
  8
VISIBLE
100
AcDbLine
 10
372.9998152642182
 20
193.3367214829595
 30
0.0
 11
372.9998152642182
 21
111.6870633901868
 31
0.0
  0
LINE
  5
166
330
1F
100
AcDbEntity
  8
VISIBLE
100
AcDbLine
 10
372.115931787735
 20
194.0511559912712
 30
0.0
 11
372.9998152642182
 21
194.561466354351
 31
0.0
  0
LINE
  5
167
330
1F
100
AcDbEntity
  8
VISIBLE
100
AcDbLine
 10
372.2927084830317
 20
112.0953116806507
 30
0.0
 11
372.9998152642182
 21
111.6870633901868
 31
0.0
  0
LINE
  5
168
330
1F
100
AcDbEntity
  8
VISIBLE
100
AcDbLine
 10
371.4088250065485
 20
194.4594042817351
 30
0.0
 11
372.115931787735
 21
194.0511559912712
 31
0.0
  0
LINE
  5
169
330
1F
100
AcDbEntity
  8
VISIBLE
100
AcDbLine
 10
372.2927084830317
 20
194.9697146448149
 30
0.0
 11
371.4088250065485
 21
194.4594042817351
 31
0.0
  0
LINE
  5
16A
330
1F
100
AcDbEntity
  8
VISIBLE
100
AcDbLine
 10
371.2320483112518
 20
195.5820870805107
 30
0.0
 11
372.2927084830317
 21
194.9697146448149
 31
0.0
  0
LINE
  5
16B
330
1F
100
AcDbEntity
  8
VISIBLE
100
AcDbLine
 10
370.3481648347687
 20
194.0511559912712
 30
0.0
 11
371.0552716159552
 21
194.4594042817351
 31
0.0
  0
LINE
  5
16C
330
1F
100
AcDbEntity
  8
VISIBLE
100
AcDbLine
 10
370.171388139472
 20
194.9697146448149
 30
0.0
 11
371.2320483112518
 21
195.5820870805107
 31
0.0
  0
LINE
  5
16D
330
1F
100
AcDbEntity
  8
VISIBLE
100
AcDbLine
 10
369.4642813582855
 20
194.561466354351
 30
0.0
 11
370.3481648347687
 21
194.0511559912712
 31
0.0
  0
LINE
  5
16E
330
1F
100
AcDbEntity
  8
VISIBLE
100
AcDbLine
 10
368.4036211865056
 20
193.9490939186553
 30
0.0
 11
369.4642813582855
 21
194.561466354351
 31
0.0
  0
LINE
  5
16F
330
1F
100
AcDbEntity
  8
VISIBLE
100
AcDbLine
 10
369.4642813582855
 20
193.3367214829595
 30
0.0
 11
368.4036211865056
 21
193.9490939186553
 31
0.0
  0
LINE
  5
170
330
1F
100
AcDbEntity
  8
VISIBLE
100
AcDbLine
 10
370.3481648347687
 20
193.8470318460393
 30
0.0
 11
369.4642813582855
 21
193.3367214829595
 31
0.0
  0
LINE
  5
171
330
1F
100
AcDbEntity
  8
VISIBLE
100
AcDbLine
 10
372.2927084830317
 20
192.9284731924956
 30
0.0
 11
372.2927084830317
 21
111.278815099723
 31
0.0
  0
LINE
  5
172
330
1F
100
AcDbEntity
  8
VISIBLE
100
AcDbLine
 10
371.0552716159552
 20
193.4387835555754
 30
0.0
 11
370.3481648347687
 21
193.8470318460393
 31
0.0
  0
LINE
  5
173
330
1F
100
AcDbEntity
  8
VISIBLE
100
AcDbLine
 10
371.0552716159552
 20
194.4594042817351
 30
0.0
 11
370.171388139472
 21
194.9697146448149
 31
0.0
  0
LINE
  5
174
330
1F
100
AcDbEntity
  8
VISIBLE
100
AcDbLine
 10
370.171388139472
 20
192.9284731924956
 30
0.0
 11
371.0552716159552
 21
193.4387835555754
 31
0.0
  0
LINE
  5
175
330
1F
100
AcDbEntity
  8
VISIBLE
100
AcDbLine
 10
371.2320483112518
 20
192.3161007567998
 30
0.0
 11
370.171388139472
 21
192.9284731924956
 31
0.0
  0
LINE
  5
176
330
1F
100
AcDbEntity
  8
VISIBLE
100
AcDbLine
 10
372.2927084830317
 20
192.9284731924956
 30
0.0
 11
371.2320483112518
 21
192.3161007567998
 31
0.0
  0
LINE
  5
177
330
1F
100
AcDbEntity
  8
VISIBLE
100
AcDbLine
 10
371.4088250065485
 20
193.4387835555754
 30
0.0
 11
372.2927084830317
 21
192.9284731924956
 31
0.0
  0
LINE
  5
178
330
1F
100
AcDbEntity
  8
VISIBLE
100
AcDbLine
 10
374.060475435998
 20
193.9490939186553
 30
0.0
 11
372.9998152642182
 21
193.3367214829595
 31
0.0
  0
LINE
  5
179
330
1F
100
AcDbEntity
  8
VISIBLE
100
AcDbLine
 10
372.115931787735
 20
193.8470318460393
 30
0.0
 11
371.4088250065485
 21
193.4387835555754
 31
0.0
  0
LINE
  5
17A
330
1F
100
AcDbEntity
  8
VISIBLE
100
AcDbLine
 10
368.4036211865056
 20
112.2994358258826
 30
0.0
 11
369.4642813582855
 21
111.6870633901868
 31
0.0
  0
LINE
  5
17B
330
1F
100
AcDbEntity
  8
VISIBLE
100
AcDbLine
 10
372.9998152642182
 20
193.3367214829595
 30
0.0
 11
372.115931787735
 21
193.8470318460393
 31
0.0
  0
ELLIPSE
  5
17C
330
1F
100
AcDbEntity
  8
VISIBLE
100
AcDbEllipse
 10
371.2320483112518
 20
193.9490939186553
 30
0.0
 11
0.4999999999999999
 21
0.0
 31
0.0
210
0.0
220
0.0
230
-1.0
 40
0.5773502691896258
 41
0.0
 42
6.283185307179586
  0
LINE
  5
17D
330
1F
100
AcDbEntity
  8
VISIBLE
100
AcDbLine
 10
300.521370192597
 20
154.7572580341244
 30
0.0
 11
300.521370192597
 21
73.1075999413518
 31
0.0
  0
LINE
  5
17E
330
1F
100
AcDbEntity
  8
VISIBLE
100
AcDbLine
 10
301.5820303643769
 20
72.495227505656
 30
0.0
 11
302.2891371455634
 21
72.90347579611985
 31
0.0
  0
LINE
  5
17F
330
1F
100
AcDbEntity
  8
VISIBLE
100
AcDbLine
 10
302.2891371455634
 20
72.08697921519212
 30
0.0
 11
303.3497973173432
 21
71.47460677949633
 31
0.0
  0
LINE
  5
180
330
1F
100
AcDbEntity
  8
VISIBLE
100
AcDbLine
 10
300.521370192597
 20
73.1075999413518
 30
0.0
 11
301.5820303643769
 21
72.495227505656
 31
0.0
  0
LINE
  5
181
330
1F
100
AcDbEntity
  8
VISIBLE
100
AcDbLine
 10
303.3497973173432
 20
153.124264872269
 30
0.0
 11
303.3497973173432
 21
71.47460677949633
 31
0.0
  0
LINE
  5
182
330
1F
100
AcDbEntity
  8
VISIBLE
100
AcDbLine
 10
303.3497973173432
 20
71.47460677949633
 30
0.0
 11
304.4104574891231
 21
72.08697921519212
 31
0.0
  0
LINE
  5
183
330
1F
100
AcDbEntity
  8
VISIBLE
100
AcDbLine
 10
304.4104574891231
 20
153.7366373079647
 30
0.0
 11
303.3497973173432
 21
153.124264872269
 31
0.0
  0
LINE
  5
184
330
1F
100
AcDbEntity
  8
VISIBLE
100
AcDbLine
 10
304.410457489123
 20
72.90347579611985
 30
0.0
 11
305.1175642703096
 21
72.495227505656
 31
0.0
  0
LINE
  5
185
330
1F
100
AcDbEntity
  8
VISIBLE
100
AcDbLine
 10
302.2891371455634
 20
153.7366373079647
 30
0.0
 11
302.2891371455634
 21
72.08697921519212
 31
0.0
  0
LINE
  5
186
330
1F
100
AcDbEntity
  8
VISIBLE
100
AcDbLine
 10
303.5265740126399
 20
154.2469476710446
 30
0.0
 11
304.4104574891231
 21
153.7366373079647
 31
0.0
  0
LINE
  5
187
330
1F
100
AcDbEntity
  8
VISIBLE
100
AcDbLine
 10
305.1175642703096
 20
72.495227505656
 30
0.0
 11
306.1782244420894
 21
73.1075999413518
 31
0.0
  0
LINE
  5
188
330
1F
100
AcDbEntity
  8
VISIBLE
100
AcDbLine
 10
304.2336807938264
 20
154.6551959615084
 30
0.0
 11
303.5265740126399
 21
154.2469476710446
 31
0.0
  0
LINE
  5
189
330
1F
100
AcDbEntity
  8
VISIBLE
100
AcDbLine
 10
306.1782244420894
 20
154.7572580341244
 30
0.0
 11
306.1782244420894
 21
73.1075999413518
 31
0.0
  0
LINE
  5
18A
330
1F
100
AcDbEntity
  8
VISIBLE
100
AcDbLine
 10
304.4104574891231
 20
153.7366373079647
 30
0.0
 11
304.4104574891231
 21
72.08697921519212
 31
0.0
  0
LINE
  5
18B
330
1F
100
AcDbEntity
  8
VISIBLE
100
AcDbLine
 10
305.1175642703096
 20
154.1448855984286
 30
0.0
 11
304.2336807938264
 21
154.6551959615084
 31
0.0
  0
LINE
  5
18C
330
1F
100
AcDbEntity
  8
VISIBLE
100
AcDbLine
 10
306.1782244420894
 20
154.7572580341244
 30
0.0
 11
305.1175642703096
 21
154.1448855984286
 31
0.0
  0
LINE
  5
18D
330
1F
100
AcDbEntity
  8
VISIBLE
100
AcDbLine
 10
303.5265740126399
 20
155.2675683972042
 30
0.0
 11
304.2336807938264
 21
154.8593201067404
 31
0.0
  0
LINE
  5
18E
330
1F
100
AcDbEntity
  8
VISIBLE
100
AcDbLine
 10
305.1175642703096
 20
155.3696304698202
 30
0.0
 11
306.1782244420894
 21
154.7572580341244
 31
0.0
  0
LINE
  5
18F
330
1F
100
AcDbEntity
  8
VISIBLE
100
AcDbLine
 10
304.410457489123
 20
155.7778787602841
 30
0.0
 11
303.5265740126399
 21
155.2675683972042
 31
0.0
  0
LINE
  5
190
330
1F
100
AcDbEntity
  8
VISIBLE
100
AcDbLine
 10
303.3497973173432
 20
156.3902511959799
 30
0.0
 11
304.410457489123
 21
155.7778787602841
 31
0.0
  0
LINE
  5
191
330
1F
100
AcDbEntity
  8
VISIBLE
100
AcDbLine
 10
302.2891371455634
 20
155.7778787602841
 30
0.0
 11
303.3497973173432
 21
156.3902511959799
 31
0.0
  0
LINE
  5
192
330
1F
100
AcDbEntity
  8
VISIBLE
100
AcDbLine
 10
303.1730206220466
 20
155.2675683972042
 30
0.0
 11
302.2891371455634
 21
155.7778787602841
 31
0.0
  0
LINE
  5
193
330
1F
100
AcDbEntity
  8
VISIBLE
100
AcDbLine
 10
301.5820303643769
 20
154.1448855984286
 30
0.0
 11
301.5820303643769
 21
72.495227505656
 31
0.0
  0
LINE
  5
194
330
1F
100
AcDbEntity
  8
VISIBLE
100
AcDbLine
 10
302.46591384086
 20
154.8593201067404
 30
0.0
 11
303.1730206220466
 21
155.2675683972042
 31
0.0
  0
LINE
  5
195
330
1F
100
AcDbEntity
  8
VISIBLE
100
AcDbLine
 10
304.2336807938264
 20
154.8593201067404
 30
0.0
 11
305.1175642703096
 21
155.3696304698202
 31
0.0
  0
LINE
  5
196
330
1F
100
AcDbEntity
  8
VISIBLE
100
AcDbLine
 10
301.5820303643769
 20
155.3696304698202
 30
0.0
 11
302.46591384086
 21
154.8593201067404
 31
0.0
  0
LINE
  5
197
330
1F
100
AcDbEntity
  8
VISIBLE
100
AcDbLine
 10
300.521370192597
 20
154.7572580341244
 30
0.0
 11
301.5820303643769
 21
155.3696304698202
 31
0.0
  0
LINE
  5
198
330
1F
100
AcDbEntity
  8
VISIBLE
100
AcDbLine
 10
301.5820303643769
 20
154.1448855984286
 30
0.0
 11
300.521370192597
 21
154.7572580341244
 31
0.0
  0
LINE
  5
199
330
1F
100
AcDbEntity
  8
VISIBLE
100
AcDbLine
 10
305.1175642703096
 20
154.1448855984286
 30
0.0
 11
305.1175642703096
 21
72.495227505656
 31
0.0
  0
LINE
  5
19A
330
1F
100
AcDbEntity
  8
VISIBLE
100
AcDbLine
 10
302.46591384086
 20
154.6551959615084
 30
0.0
 11
301.5820303643769
 21
154.1448855984286
 31
0.0
  0
LINE
  5
19B
330
1F
100
AcDbEntity
  8
VISIBLE
100
AcDbLine
 10
303.3497973173432
 20
153.124264872269
 30
0.0
 11
302.2891371455634
 21
153.7366373079647
 31
0.0
  0
LINE
  5
19C
330
1F
100
AcDbEntity
  8
VISIBLE
100
AcDbLine
 10
303.1730206220466
 20
154.2469476710446
 30
0.0
 11
302.46591384086
 21
154.6551959615084
 31
0.0
  0
LINE
  5
19D
330
1F
100
AcDbEntity
  8
VISIBLE
100
AcDbLine
 10
302.2891371455634
 20
153.7366373079647
 30
0.0
 11
303.1730206220466
 21
154.2469476710446
 31
0.0
  0
ELLIPSE
  5
19E
330
1F
100
AcDbEntity
  8
VISIBLE
100
AcDbEllipse
 10
303.3497973173432
 20
154.7572580341244
 30
0.0
 11
0.4999999999999999
 21
0.0
 31
0.0
210
0.0
220
0.0
230
-1.0
 40
0.5773502691896258
 41
0.0
 42
6.283185307179586
  0
LINE
  5
19F
330
1F
100
AcDbEntity
  8
VISIBLE
100
AcDbLine
 10
261.9840506179302
 20
230.8955642056349
 30
0.0
 11
262.6911573991167
 21
231.3038124960987
 31
0.0
  0
LINE
  5
1A0
330
1F
100
AcDbEntity
  8
VISIBLE
100
AcDbLine
 10
263.7518175708965
 20
233.1409298031861
 30
0.0
 11
334.4624956895514
 21
273.9657588495724
 31
0.0
  0
LINE
  5
1A1
330
1F
100
AcDbEntity
  8
VISIBLE
100
AcDbLine
 10
334.4624956895514
 20
273.9657588495724
 30
0.0
 11
333.4018355177715
 21
274.5781312852682
 31
0.0
  0
LINE
  5
1A2
330
1F
100
AcDbEntity
  8
VISIBLE
100
AcDbLine
 10
262.6911573991167
 20
233.7533022388819
 30
0.0
 11
263.7518175708965
 21
233.1409298031861
 31
0.0
  0
LINE
  5
1A3
330
1F
100
AcDbEntity
  8
VISIBLE
100
AcDbLine
 10
332.694728736585
 20
274.1698829948043
 30
0.0
 11
332.694728736585
 21
274.986379575732
 31
0.0
  0
LINE
  5
1A4
330
1F
100
AcDbEntity
  8
VISIBLE
100
AcDbLine
 10
262.6911573991167
 20
232.7326815127222
 30
0.0
 11
262.6911573991167
 21
233.7533022388819
 31
0.0
  0
LINE
  5
1A5
330
1F
100
AcDbEntity
  8
VISIBLE
100
AcDbLine
 10
332.694728736585
 20
274.986379575732
 30
0.0
 11
331.6340685648051
 21
275.5987520114278
 31
0.0
  0
LINE
  5
1A6
330
1F
100
AcDbEntity
  8
VISIBLE
100
AcDbLine
 10
261.9840506179302
 20
233.1409298031861
 30
0.0
 11
262.6911573991167
 21
232.7326815127222
 31
0.0
  0
LINE
  5
1A7
330
1F
100
AcDbEntity
  8
VISIBLE
100
AcDbLine
 10
260.9233904461503
 20
234.7739229650415
 30
0.0
 11
331.6340685648051
 21
275.5987520114278
 31
0.0
  0
LINE
  5
1A8
330
1F
100
AcDbEntity
  8
VISIBLE
100
AcDbLine
 10
262.6911573991167
 20
233.7533022388819
 30
0.0
 11
333.4018355177715
 21
274.5781312852682
 31
0.0
  0
LINE
  5
1A9
330
1F
100
AcDbEntity
  8
VISIBLE
100
AcDbLine
 10
261.9840506179302
 20
234.1615505293458
 30
0.0
 11
261.9840506179302
 21
233.1409298031861
 31
0.0
  0
LINE
  5
1AA
330
1F
100
AcDbEntity
  8
VISIBLE
100
AcDbLine
 10
260.9233904461503
 20
234.7739229650415
 30
0.0
 11
261.9840506179302
 21
234.1615505293458
 31
0.0
  0
LINE
  5
1AB
330
1F
100
AcDbEntity
  8
VISIBLE
100
AcDbLine
 10
261.8072739226335
 20
232.2223711496424
 30
0.0
 11
261.8072739226335
 21
233.0388677305701
 31
0.0
  0
LINE
  5
1AC
330
1F
100
AcDbEntity
  8
VISIBLE
100
AcDbLine
 10
260.9233904461503
 20
233.5491780936499
 30
0.0
 11
260.9233904461503
 21
234.7739229650415
 31
0.0
  0
LINE
  5
1AD
330
1F
100
AcDbEntity
  8
VISIBLE
100
AcDbLine
 10
260.9233904461503
 20
232.7326815127223
 30
0.0
 11
261.8072739226335
 21
232.2223711496424
 31
0.0
  0
LINE
  5
1AE
330
1F
100
AcDbEntity
  8
VISIBLE
100
AcDbLine
 10
261.9840506179302
 20
233.1409298031861
 30
0.0
 11
262.6911573991167
 21
233.54917809365
 31
0.0
  0
LINE
  5
1AF
330
1F
100
AcDbEntity
  8
VISIBLE
100
AcDbLine
 10
260.9233904461503
 20
231.5079366413306
 30
0.0
 11
260.9233904461503
 21
232.7326815127223
 31
0.0
  0
LINE
  5
1B0
330
1F
100
AcDbEntity
  8
VISIBLE
100
AcDbLine
 10
261.9840506179302
 20
230.8955642056349
 30
0.0
 11
260.9233904461503
 21
231.5079366413306
 31
0.0
  0
LINE
  5
1B1
330
1F
100
AcDbEntity
  8
VISIBLE
100
AcDbLine
 10
261.9840506179302
 20
231.9161849317945
 30
0.0
 11
261.9840506179302
 21
230.8955642056349
 31
0.0
  0
LINE
  5
1B2
330
1F
100
AcDbEntity
  8
VISIBLE
100
AcDbLine
 10
262.6911573991167
 20
231.5079366413306
 30
0.0
 11
261.9840506179302
 21
231.9161849317945
 31
0.0
  0
LINE
  5
1B3
330
1F
100
AcDbEntity
  8
VISIBLE
100
AcDbLine
 10
261.8072739226335
 20
233.0388677305701
 30
0.0
 11
260.9233904461503
 21
233.5491780936499
 31
0.0
  0
LINE
  5
1B4
330
1F
100
AcDbEntity
  8
VISIBLE
100
AcDbLine
 10
262.6911573991167
 20
230.487315915171
 30
0.0
 11
262.6911573991167
 21
231.5079366413306
 31
0.0
  0
LINE
  5
1B5
330
1F
100
AcDbEntity
  8
VISIBLE
100
AcDbLine
 10
263.7518175708965
 20
229.8749434794752
 30
0.0
 11
262.6911573991167
 21
230.487315915171
 31
0.0
  0
LINE
  5
1B6
330
1F
100
AcDbEntity
  8
VISIBLE
100
AcDbLine
 10
263.7518175708965
 20
231.0996883508668
 30
0.0
 11
263.7518175708965
 21
229.8749434794752
 31
0.0
  0
LINE
  5
1B7
330
1F
100
AcDbEntity
  8
VISIBLE
100
AcDbLine
 10
261.9840506179302
 20
234.1615505293458
 30
0.0
 11
332.694728736585
 21
274.986379575732
 31
0.0
  0
LINE
  5
1B8
330
1F
100
AcDbEntity
  8
VISIBLE
100
AcDbLine
 10
262.8679340944133
 20
231.6099987139466
 30
0.0
 11
263.7518175708965
 21
231.0996883508668
 31
0.0
  0
LINE
  5
1B9
330
1F
100
AcDbEntity
  8
VISIBLE
100
AcDbLine
 10
263.7518175708965
 20
233.1409298031861
 30
0.0
 11
263.7518175708965
 21
231.9161849317945
 31
0.0
  0
LINE
  5
1BA
330
1F
100
AcDbEntity
  8
VISIBLE
100
AcDbLine
 10
262.8679340944133
 20
232.4264952948743
 30
0.0
 11
262.8679340944133
 21
231.6099987139466
 31
0.0
  0
LINE
  5
1BB
330
1F
100
AcDbEntity
  8
VISIBLE
100
AcDbLine
 10
263.7518175708965
 20
231.9161849317945
 30
0.0
 11
262.8679340944133
 21
232.4264952948743
 31
0.0
  0
ELLIPSE
  5
1BC
330
1F
100
AcDbEntity
  8
VISIBLE
100
AcDbEllipse
 10
262.3376040085234
 20
232.3244332222584
 30
0.0
 11
-0.25
 21
0.4330127018922196
 31
0.0
210
0.0
220
0.0
230
-0.9999999999999998
 40
0.5773502691896257
 41
0.0
 42
6.283185307179586
  0
LINE
  5
1BD
330
1F
100
AcDbEntity
  8
VISIBLE
100
AcDbLine
 10
269.4086718203889
 20
130.2623606062926
 30
0.0
 11
300.521370192597
 21
148.2252853867026
 31
0.0
  0
LINE
  5
1BE
330
1F
100
AcDbEntity
  8
VISIBLE
100
AcDbLine
 10
267.6409048674225
 20
131.2829813324523
 30
0.0
 11
300.521370192597
 21
150.2665268390219
 31
0.0
  0
LINE
  5
1BF
330
1F
100
AcDbEntity
  8
VISIBLE
100
AcDbLine
 10
262.6911573991167
 20
129.8541123158288
 30
0.0
 11
262.6911573991167
 21
130.8747330419884
 31
0.0
  0
LINE
  5
1C0
330
1F
100
AcDbEntity
  8
VISIBLE
100
AcDbLine
 10
261.9840506179302
 20
130.2623606062926
 30
0.0
 11
262.6911573991167
 21
129.8541123158288
 31
0.0
  0
LINE
  5
1C1
330
1F
100
AcDbEntity
  8
VISIBLE
100
AcDbLine
 10
260.9233904461503
 20
131.8953537681481
 30
0.0
 11
261.9840506179302
 21
131.2829813324523
 31
0.0
  0
LINE
  5
1C2
330
1F
100
AcDbEntity
  8
VISIBLE
100
AcDbLine
 10
261.8072739226335
 20
129.3438019527489
 30
0.0
 11
261.8072739226335
 21
130.1602985336767
 31
0.0
  0
LINE
  5
1C3
330
1F
100
AcDbEntity
  8
VISIBLE
100
AcDbLine
 10
260.9233904461503
 20
130.6706088967565
 30
0.0
 11
260.9233904461503
 21
131.8953537681481
 31
0.0
  0
LINE
  5
1C4
330
1F
100
AcDbEntity
  8
VISIBLE
100
AcDbLine
 10
260.9233904461503
 20
129.8541123158288
 30
0.0
 11
261.8072739226335
 21
129.3438019527489
 31
0.0
  0
LINE
  5
1C5
330
1F
100
AcDbEntity
  8
VISIBLE
100
AcDbLine
 10
260.9233904461503
 20
128.6293674444372
 30
0.0
 11
260.9233904461503
 21
129.8541123158288
 31
0.0
  0
LINE
  5
1C6
330
1F
100
AcDbEntity
  8
VISIBLE
100
AcDbLine
 10
261.9840506179302
 20
128.0169950087414
 30
0.0
 11
260.9233904461503
 21
128.6293674444372
 31
0.0
  0
LINE
  5
1C7
330
1F
100
AcDbEntity
  8
VISIBLE
100
AcDbLine
 10
261.9840506179302
 20
129.037615734901
 30
0.0
 11
261.9840506179302
 21
128.0169950087414
 31
0.0
  0
LINE
  5
1C8
330
1F
100
AcDbEntity
  8
VISIBLE
100
AcDbLine
 10
263.7518175708965
 20
128.2211191539733
 30
0.0
 11
264.4589243520831
 21
128.6293674444372
 31
0.0
  0
LINE
  5
1C9
330
1F
100
AcDbEntity
  8
VISIBLE
100
AcDbLine
 10
268.3480116486091
 20
130.8747330419884
 30
0.0
 11
300.521370192597
 21
149.4500302580942
 31
0.0
  0
LINE
  5
1CA
330
1F
100
AcDbEntity
  8
VISIBLE
100
AcDbLine
 10
262.6911573991167
 20
128.6293674444372
 30
0.0
 11
261.9840506179302
 21
129.037615734901
 31
0.0
  0
LINE
  5
1CB
330
1F
100
AcDbEntity
  8
VISIBLE
100
AcDbLine
 10
261.8072739226335
 20
130.1602985336767
 30
0.0
 11
260.9233904461503
 21
130.6706088967565
 31
0.0
  0
LINE
  5
1CC
330
1F
100
AcDbEntity
  8
VISIBLE
100
AcDbLine
 10
262.6911573991167
 20
127.6087467182775
 30
0.0
 11
262.6911573991167
 21
128.6293674444372
 31
0.0
  0
LINE
  5
1CD
330
1F
100
AcDbEntity
  8
VISIBLE
100
AcDbLine
 10
263.7518175708965
 20
126.9963742825817
 30
0.0
 11
262.6911573991167
 21
127.6087467182775
 31
0.0
  0
LINE
  5
1CE
330
1F
100
AcDbEntity
  8
VISIBLE
100
AcDbLine
 10
263.7518175708965
 20
128.2211191539733
 30
0.0
 11
263.7518175708965
 21
126.9963742825817
 31
0.0
  0
LINE
  5
1CF
330
1F
100
AcDbEntity
  8
VISIBLE
100
AcDbLine
 10
261.9840506179302
 20
131.2829813324523
 30
0.0
 11
262.6911573991167
 21
131.6912296229162
 31
0.0
  0
LINE
  5
1D0
330
1F
100
AcDbEntity
  8
VISIBLE
100
AcDbLine
 10
266.5802446956427
 20
133.9365952204674
 30
0.0
 11
298.7536032396306
 21
152.5118924365732
 31
0.0
  0
LINE
  5
1D1
330
1F
100
AcDbEntity
  8
VISIBLE
100
AcDbLine
 10
262.8679340944133
 20
128.7314295170531
 30
0.0
 11
263.7518175708965
 21
128.2211191539733
 31
0.0
  0
LINE
  5
1D2
330
1F
100
AcDbEntity
  8
VISIBLE
100
AcDbLine
 10
263.7518175708965
 20
130.2623606062926
 30
0.0
 11
263.7518175708965
 21
129.037615734901
 31
0.0
  0
LINE
  5
1D3
330
1F
100
AcDbEntity
  8
VISIBLE
100
AcDbLine
 10
262.8679340944133
 20
129.5479260979809
 30
0.0
 11
262.8679340944133
 21
128.7314295170531
 31
0.0
  0
LINE
  5
1D4
330
1F
100
AcDbEntity
  8
VISIBLE
100
AcDbLine
 10
263.7518175708965
 20
129.037615734901
 30
0.0
 11
262.8679340944133
 21
129.5479260979809
 31
0.0
  0
LINE
  5
1D5
330
1F
100
AcDbEntity
  8
VISIBLE
100
AcDbLine
 10
263.7518175708965
 20
130.2623606062926
 30
0.0
 11
300.521370192597
 21
151.4912717104135
 31
0.0
  0
LINE
  5
1D6
330
1F
100
AcDbEntity
  8
VISIBLE
100
AcDbLine
 10
266.5802446956427
 20
135.161340091859
 30
0.0
 11
297.6929430678508
 21
153.124264872269
 31
0.0
  0
LINE
  5
1D7
330
1F
100
AcDbEntity
  8
VISIBLE
100
AcDbLine
 10
261.9840506179302
 20
131.2829813324523
 30
0.0
 11
261.9840506179302
 21
130.2623606062926
 31
0.0
  0
LINE
  5
1D8
330
1F
100
AcDbEntity
  8
VISIBLE
100
AcDbLine
 10
266.5802446956427
 20
133.1200986395397
 30
0.0
 11
299.4607100208172
 21
152.1036441461093
 31
0.0
  0
LINE
  5
1D9
330
1F
100
AcDbEntity
  8
VISIBLE
100
AcDbLine
 10
262.6911573991167
 20
130.8747330419884
 30
0.0
 11
263.7518175708965
 21
130.2623606062926
 31
0.0
  0
ELLIPSE
  5
1DA
330
1F
100
AcDbEntity
  8
VISIBLE
100
AcDbEllipse
 10
262.3376040085235
 20
129.4458640253649
 30
0.0
 11
-0.25
 21
0.4330127018922196
 31
0.0
210
0.0
220
0.0
230
-0.9999999999999998
 40
0.5773502691896257
 41
0.0
 42
6.283185307179586
  0
LINE
  5
1DB
330
1F
100
AcDbEntity
  8
VISIBLE
100
AcDbLine
 10
303.3497973173432
 20
104.1344700166054
 30
0.0
 11
374.060475435998
 21
144.9592990629917
 31
0.0
  0
LINE
  5
1DC
330
1F
100
AcDbEntity
  8
VISIBLE
100
AcDbLine
 10
301.5820303643769
 20
107.4004563403163
 30
0.0
 11
302.2891371455634
 21
106.9922080498524
 31
0.0
  0
LINE
  5
1DD
330
1F
100
AcDbEntity
  8
VISIBLE
100
AcDbLine
 10
300.521370192597
 20
109.0334495021717
 30
0.0
 11
301.5820303643769
 21
108.4210770664759
 31
0.0
  0
LINE
  5
1DE
330
1F
100
AcDbEntity
  8
VISIBLE
100
AcDbLine
 10
301.4052536690802
 20
106.4818976867726
 30
0.0
 11
301.4052536690802
 21
107.2983942677003
 31
0.0
  0
LINE
  5
1DF
330
1F
100
AcDbEntity
  8
VISIBLE
100
AcDbLine
 10
300.521370192597
 20
107.8087046307802
 30
0.0
 11
300.521370192597
 21
109.0334495021717
 31
0.0
  0
LINE
  5
1E0
330
1F
100
AcDbEntity
  8
VISIBLE
100
AcDbLine
 10
300.521370192597
 20
106.9922080498524
 30
0.0
 11
301.4052536690802
 21
106.4818976867726
 31
0.0
  0
LINE
  5
1E1
330
1F
100
AcDbEntity
  8
VISIBLE
100
AcDbLine
 10
300.521370192597
 20
105.7674631784608
 30
0.0
 11
300.521370192597
 21
106.9922080498524
 31
0.0
  0
LINE
  5
1E2
330
1F
100
AcDbEntity
  8
VISIBLE
100
AcDbLine
 10
301.5820303643769
 20
105.155090742765
 30
0.0
 11
300.521370192597
 21
105.7674631784608
 31
0.0
  0
LINE
  5
1E3
330
1F
100
AcDbEntity
  8
VISIBLE
100
AcDbLine
 10
301.5820303643769
 20
106.1757114689247
 30
0.0
 11
301.5820303643769
 21
105.155090742765
 31
0.0
  0
LINE
  5
1E4
330
1F
100
AcDbEntity
  8
VISIBLE
100
AcDbLine
 10
303.3497973173432
 20
105.359214887997
 30
0.0
 11
374.060475435998
 21
146.1840439343833
 31
0.0
  0
LINE
  5
1E5
330
1F
100
AcDbEntity
  8
VISIBLE
100
AcDbLine
 10
302.2891371455634
 20
105.7674631784608
 30
0.0
 11
301.5820303643769
 21
106.1757114689247
 31
0.0
  0
LINE
  5
1E6
330
1F
100
AcDbEntity
  8
VISIBLE
100
AcDbLine
 10
301.4052536690802
 20
107.2983942677003
 30
0.0
 11
300.521370192597
 21
107.8087046307802
 31
0.0
  0
LINE
  5
1E7
330
1F
100
AcDbEntity
  8
VISIBLE
100
AcDbLine
 10
302.2891371455634
 20
104.7468424523012
 30
0.0
 11
302.2891371455634
 21
105.7674631784608
 31
0.0
  0
LINE
  5
1E8
330
1F
100
AcDbEntity
  8
VISIBLE
100
AcDbLine
 10
303.3497973173432
 20
104.1344700166054
 30
0.0
 11
302.2891371455634
 21
104.7468424523012
 31
0.0
  0
LINE
  5
1E9
330
1F
100
AcDbEntity
  8
VISIBLE
100
AcDbLine
 10
303.3497973173432
 20
105.359214887997
 30
0.0
 11
303.3497973173432
 21
104.1344700166054
 31
0.0
  0
LINE
  5
1EA
330
1F
100
AcDbEntity
  8
VISIBLE
100
AcDbLine
 10
301.5820303643769
 20
108.4210770664759
 30
0.0
 11
302.2891371455634
 21
108.8293253569398
 31
0.0
  0
LINE
  5
1EB
330
1F
100
AcDbEntity
  8
VISIBLE
100
AcDbLine
 10
306.1782244420894
 20
111.074690954491
 30
0.0
 11
370.171388139472
 21
148.0211612414707
 31
0.0
  0
LINE
  5
1EC
330
1F
100
AcDbEntity
  8
VISIBLE
100
AcDbLine
 10
302.46591384086
 20
105.8695252510768
 30
0.0
 11
303.3497973173432
 21
105.359214887997
 31
0.0
  0
LINE
  5
1ED
330
1F
100
AcDbEntity
  8
VISIBLE
100
AcDbLine
 10
303.3497973173432
 20
106.1757114689247
 30
0.0
 11
302.46591384086
 21
106.6860218320045
 31
0.0
  0
LINE
  5
1EE
330
1F
100
AcDbEntity
  8
VISIBLE
100
AcDbLine
 10
302.2891371455634
 20
106.9922080498524
 30
0.0
 11
302.2891371455634
 21
108.0128287760121
 31
0.0
  0
LINE
  5
1EF
330
1F
100
AcDbEntity
  8
VISIBLE
100
AcDbLine
 10
303.3497973173432
 20
106.1757114689247
 30
0.0
 11
374.060475435998
 21
147.000540515311
 31
0.0
  0
LINE
  5
1F0
330
1F
100
AcDbEntity
  8
VISIBLE
100
AcDbLine
 10
374.060475435998
 20
147.000540515311
 30
0.0
 11
374.060475435998
 21
148.2252853867026
 31
0.0
  0
LINE
  5
1F1
330
1F
100
AcDbEntity
  8
VISIBLE
100
AcDbLine
 10
302.46591384086
 20
106.6860218320045
 30
0.0
 11
302.46591384086
 21
105.8695252510768
 31
0.0
  0
LINE
  5
1F2
330
1F
100
AcDbEntity
  8
VISIBLE
100
AcDbLine
 10
303.3497973173432
 20
107.4004563403163
 30
0.0
 11
303.3497973173432
 21
106.1757114689247
 31
0.0
  0
LINE
  5
1F3
330
1F
100
AcDbEntity
  8
VISIBLE
100
AcDbLine
 10
374.060475435998
 20
144.9592990629917
 30
0.0
 11
374.060475435998
 21
146.1840439343833
 31
0.0
  0
LINE
  5
1F4
330
1F
100
AcDbEntity
  8
VISIBLE
100
AcDbLine
 10
303.3497973173432
 20
107.4004563403163
 30
0.0
 11
374.060475435998
 21
148.2252853867026
 31
0.0
  0
LINE
  5
1F5
330
1F
100
AcDbEntity
  8
VISIBLE
100
AcDbLine
 10
306.1782244420894
 20
112.2994358258826
 30
0.0
 11
368.4036211865056
 21
148.2252853867026
 31
0.0
  0
LINE
  5
1F6
330
1F
100
AcDbEntity
  8
VISIBLE
100
AcDbLine
 10
301.5820303643769
 20
108.4210770664759
 30
0.0
 11
301.5820303643769
 21
107.4004563403163
 31
0.0
  0
LINE
  5
1F7
330
1F
100
AcDbEntity
  8
VISIBLE
100
AcDbLine
 10
306.1782244420894
 20
110.2581943735633
 30
0.0
 11
370.171388139472
 21
147.2046646605429
 31
0.0
  0
LINE
  5
1F8
330
1F
100
AcDbEntity
  8
VISIBLE
100
AcDbLine
 10
302.2891371455634
 20
108.0128287760121
 30
0.0
 11
303.3497973173432
 21
107.4004563403163
 31
0.0
  0
ELLIPSE
  5
1F9
330
1F
100
AcDbEntity
  8
VISIBLE
100
AcDbEllipse
 10
301.9355837549701
 20
106.5839597593886
 30
0.0
 11
-0.25
 21
0.4330127018922196
 31
0.0
210
0.0
220
0.0
230
-0.9999999999999998
 40
0.5773502691896257
 41
0.0
 42
6.283185307179586
  0
LINE
  5
1FA
330
1F
100
AcDbEntity
  8
VISIBLE
100
AcDbLine
 10
331.6340685648051
 20
166.1882101671126
 30
0.0
 11
365.5751940617595
 21
146.5922922248471
 31
0.0
  0
LINE
  5
1FB
330
1F
100
AcDbEntity
  8
VISIBLE
100
AcDbLine
 10
332.694728736585
 20
166.8005826028084
 30
0.0
 11
366.6358542335393
 21
147.204664660543
 31
0.0
  0
LINE
  5
1FC
330
1F
100
AcDbEntity
  8
VISIBLE
100
AcDbLine
 10
370.5249415300653
 20
144.9592990629917
 30
0.0
 11
371.2320483112518
 21
144.5510507725278
 31
0.0
  0
LINE
  5
1FD
330
1F
100
AcDbEntity
  8
VISIBLE
100
AcDbLine
 10
371.2320483112518
 20
144.5510507725278
 30
0.0
 11
372.115931787735
 21
145.0613611356077
 31
0.0
  0
LINE
  5
1FE
330
1F
100
AcDbEntity
  8
VISIBLE
100
AcDbLine
 10
372.2927084830317
 20
144.9592990629917
 30
0.0
 11
372.2927084830317
 21
143.938678336832
 31
0.0
  0
LINE
  5
1FF
330
1F
100
AcDbEntity
  8
VISIBLE
100
AcDbLine
 10
372.9998152642182
 20
145.3675473534556
 30
0.0
 11
372.2927084830317
 21
144.9592990629917
 31
0.0
  0
LINE
  5
200
330
1F
100
AcDbEntity
  8
VISIBLE
100
AcDbLine
 10
372.9998152642182
 20
144.3469266272959
 30
0.0
 11
372.9998152642182
 21
145.3675473534556
 31
0.0
  0
LINE
  5
201
330
1F
100
AcDbEntity
  8
VISIBLE
100
AcDbLine
 10
372.115931787735
 20
145.0613611356077
 30
0.0
 11
372.115931787735
 21
145.8778577165354
 31
0.0
  0
LINE
  5
202
330
1F
100
AcDbEntity
  8
VISIBLE
100
AcDbLine
 10
374.060475435998
 20
144.9592990629917
 30
0.0
 11
372.9998152642182
 21
144.3469266272959
 31
0.0
  0
LINE
  5
203
330
1F
100
AcDbEntity
  8
VISIBLE
100
AcDbLine
 10
374.060475435998
 20
146.1840439343833
 30
0.0
 11
374.060475435998
 21
144.9592990629917
 31
0.0
  0
LINE
  5
204
330
1F
100
AcDbEntity
  8
VISIBLE
100
AcDbLine
 10
373.1765919595148
 20
146.4902301522312
 30
0.0
 11
373.1765919595148
 21
145.6737335713034
 31
0.0
  0
LINE
  5
205
330
1F
100
AcDbEntity
  8
VISIBLE
100
AcDbLine
 10
336.2302626425177
 20
168.8418240551277
 30
0.0
 11
368.4036211865056
 21
150.2665268390219
 31
0.0
  0
LINE
  5
206
330
1F
100
AcDbEntity
  8
VISIBLE
100
AcDbLine
 10
372.2927084830317
 20
148.0211612414707
 30
0.0
 11
372.9998152642182
 21
147.6129129510068
 31
0.0
  0
LINE
  5
207
330
1F
100
AcDbEntity
  8
VISIBLE
100
AcDbLine
 10
374.060475435998
 20
147.000540515311
 30
0.0
 11
373.1765919595148
 21
146.4902301522312
 31
0.0
  0
LINE
  5
208
330
1F
100
AcDbEntity
  8
VISIBLE
100
AcDbLine
 10
372.115931787735
 20
145.8778577165354
 30
0.0
 11
371.2320483112518
 21
145.3675473534556
 31
0.0
  0
LINE
  5
209
330
1F
100
AcDbEntity
  8
VISIBLE
100
AcDbLine
 10
374.060475435998
 20
148.2252853867026
 30
0.0
 11
374.060475435998
 21
147.000540515311
 31
0.0
  0
LINE
  5
20A
330
1F
100
AcDbEntity
  8
VISIBLE
100
AcDbLine
 10
372.9998152642182
 20
147.6129129510068
 30
0.0
 11
374.060475435998
 21
148.2252853867026
 31
0.0
  0
LINE
  5
20B
330
1F
100
AcDbEntity
  8
VISIBLE
100
AcDbLine
 10
372.2927084830317
 20
143.938678336832
 30
0.0
 11
371.2320483112518
 21
143.3263059011363
 31
0.0
  0
LINE
  5
20C
330
1F
100
AcDbEntity
  8
VISIBLE
100
AcDbLine
 10
372.2927084830317
 20
146.1840439343833
 30
0.0
 11
372.9998152642182
 21
146.5922922248471
 31
0.0
  0
LINE
  5
20D
330
1F
100
AcDbEntity
  8
VISIBLE
100
AcDbLine
 10
372.2927084830317
 20
147.204664660543
 30
0.0
 11
372.2927084830317
 21
146.1840439343833
 31
0.0
  0
LINE
  5
20E
330
1F
100
AcDbEntity
  8
VISIBLE
100
AcDbLine
 10
373.1765919595148
 20
145.6737335713034
 30
0.0
 11
374.060475435998
 21
146.1840439343833
 31
0.0
  0
LINE
  5
20F
330
1F
100
AcDbEntity
  8
VISIBLE
100
AcDbLine
 10
372.9998152642182
 20
146.5922922248471
 30
0.0
 11
372.9998152642182
 21
147.6129129510068
 31
0.0
  0
LINE
  5
210
330
1F
100
AcDbEntity
  8
VISIBLE
100
AcDbLine
 10
333.4018355177715
 20
167.2088308932722
 30
0.0
 11
367.3429610147259
 21
147.6129129510068
 31
0.0
  0
LINE
  5
211
330
1F
100
AcDbEntity
  8
VISIBLE
100
AcDbLine
 10
371.2320483112518
 20
145.3675473534556
 30
0.0
 11
371.2320483112518
 21
146.5922922248471
 31
0.0
  0
LINE
  5
212
330
1F
100
AcDbEntity
  8
VISIBLE
100
AcDbLine
 10
371.2320483112518
 20
143.3263059011363
 30
0.0
 11
371.2320483112518
 21
144.5510507725278
 31
0.0
  0
LINE
  5
213
330
1F
100
AcDbEntity
  8
VISIBLE
100
AcDbLine
 10
334.4624956895514
 20
167.821203328968
 30
0.0
 11
371.2320483112518
 21
146.5922922248471
 31
0.0
  0
LINE
  5
214
330
1F
100
AcDbEntity
  8
VISIBLE
100
AcDbLine
 10
371.2320483112518
 20
146.5922922248471
 30
0.0
 11
372.2927084830317
 21
147.204664660543
 31
0.0
  0
LINE
  5
215
330
1F
100
AcDbEntity
  8
VISIBLE
100
AcDbLine
 10
337.2909228142976
 20
169.4541964908235
 30
0.0
 11
368.4036211865056
 21
151.4912717104135
 31
0.0
  0
LINE
  5
216
330
1F
100
AcDbEntity
  8
VISIBLE
100
AcDbLine
 10
335.5231558613312
 20
168.4335757646638
 30
0.0
 11
368.4036211865056
 21
149.4500302580942
 31
0.0
  0
ELLIPSE
  5
217
330
1F
100
AcDbEntity
  8
VISIBLE
100
AcDbEllipse
 10
372.6462618736249
 20
145.7757956439194
 30
0.0
 11
-0.25
 21
-0.4330127018922196
 31
0.0
210
0.0
220
0.0
230
-0.9999999999999998
 40
0.5773502691896257
 41
0.0
 42
6.283185307179586
  0
LINE
  5
218
330
1F
100
AcDbEntity
  8
VISIBLE
100
AcDbLine
 10
260.9233904461503
 20
128.6293674444372
 30
0.0
 11
303.3497973173432
 21
104.1344700166054
 31
0.0
  0
LINE
  5
219
330
1F
100
AcDbEntity
  8
VISIBLE
100
AcDbLine
 10
260.9233904461503
 20
129.8541123158288
 30
0.0
 11
260.9233904461503
 21
128.6293674444372
 31
0.0
  0
LINE
  5
21A
330
1F
100
AcDbEntity
  8
VISIBLE
100
AcDbLine
 10
260.9233904461503
 20
129.8541123158288
 30
0.0
 11
303.3497973173432
 21
105.359214887997
 31
0.0
  0
LINE
  5
21B
330
1F
100
AcDbEntity
  8
VISIBLE
100
AcDbLine
 10
303.3497973173432
 20
105.359214887997
 30
0.0
 11
304.2336807938264
 21
105.8695252510768
 31
0.0
  0
LINE
  5
21C
330
1F
100
AcDbEntity
  8
VISIBLE
100
AcDbLine
 10
304.4104574891231
 20
105.7674631784608
 30
0.0
 11
304.4104574891231
 21
104.7468424523012
 31
0.0
  0
LINE
  5
21D
330
1F
100
AcDbEntity
  8
VISIBLE
100
AcDbLine
 10
305.1175642703096
 20
106.1757114689247
 30
0.0
 11
304.4104574891231
 21
105.7674631784608
 31
0.0
  0
LINE
  5
21E
330
1F
100
AcDbEntity
  8
VISIBLE
100
AcDbLine
 10
305.1175642703096
 20
105.155090742765
 30
0.0
 11
305.1175642703096
 21
106.1757114689247
 31
0.0
  0
LINE
  5
21F
330
1F
100
AcDbEntity
  8
VISIBLE
100
AcDbLine
 10
304.2336807938264
 20
105.8695252510768
 30
0.0
 11
304.2336807938264
 21
106.6860218320045
 31
0.0
  0
LINE
  5
220
330
1F
100
AcDbEntity
  8
VISIBLE
100
AcDbLine
 10
306.1782244420894
 20
105.7674631784608
 30
0.0
 11
305.1175642703096
 21
105.155090742765
 31
0.0
  0
LINE
  5
221
330
1F
100
AcDbEntity
  8
VISIBLE
100
AcDbLine
 10
306.1782244420894
 20
106.9922080498524
 30
0.0
 11
306.1782244420894
 21
105.7674631784608
 31
0.0
  0
LINE
  5
222
330
1F
100
AcDbEntity
  8
VISIBLE
100
AcDbLine
 10
305.2943409656062
 20
107.2983942677003
 30
0.0
 11
305.2943409656062
 21
106.4818976867726
 31
0.0
  0
LINE
  5
223
330
1F
100
AcDbEntity
  8
VISIBLE
100
AcDbLine
 10
264.8124777426764
 20
131.6912296229162
 30
0.0
 11
300.521370192597
 21
111.0746909544911
 31
0.0
  0
LINE
  5
224
330
1F
100
AcDbEntity
  8
VISIBLE
100
AcDbLine
 10
304.4104574891231
 20
108.8293253569398
 30
0.0
 11
305.1175642703096
 21
108.421077066476
 31
0.0
  0
LINE
  5
225
330
1F
100
AcDbEntity
  8
VISIBLE
100
AcDbLine
 10
306.1782244420894
 20
107.8087046307802
 30
0.0
 11
305.2943409656062
 21
107.2983942677003
 31
0.0
  0
LINE
  5
226
330
1F
100
AcDbEntity
  8
VISIBLE
100
AcDbLine
 10
304.2336807938264
 20
106.6860218320045
 30
0.0
 11
303.3497973173432
 21
106.1757114689247
 31
0.0
  0
LINE
  5
227
330
1F
100
AcDbEntity
  8
VISIBLE
100
AcDbLine
 10
306.1782244420894
 20
109.0334495021717
 30
0.0
 11
306.1782244420894
 21
107.8087046307802
 31
0.0
  0
LINE
  5
228
330
1F
100
AcDbEntity
  8
VISIBLE
100
AcDbLine
 10
305.1175642703096
 20
108.421077066476
 30
0.0
 11
306.1782244420894
 21
109.0334495021717
 31
0.0
  0
LINE
  5
229
330
1F
100
AcDbEntity
  8
VISIBLE
100
AcDbLine
 10
304.4104574891231
 20
104.7468424523012
 30
0.0
 11
303.3497973173432
 21
104.1344700166054
 31
0.0
  0
LINE
  5
22A
330
1F
100
AcDbEntity
  8
VISIBLE
100
AcDbLine
 10
304.4104574891231
 20
106.9922080498524
 30
0.0
 11
305.1175642703096
 21
107.4004563403163
 31
0.0
  0
LINE
  5
22B
330
1F
100
AcDbEntity
  8
VISIBLE
100
AcDbLine
 10
304.4104574891231
 20
108.0128287760121
 30
0.0
 11
304.4104574891231
 21
106.9922080498524
 31
0.0
  0
LINE
  5
22C
330
1F
100
AcDbEntity
  8
VISIBLE
100
AcDbLine
 10
305.2943409656062
 20
106.4818976867726
 30
0.0
 11
306.1782244420894
 21
106.9922080498524
 31
0.0
  0
LINE
  5
22D
330
1F
100
AcDbEntity
  8
VISIBLE
100
AcDbLine
 10
305.1175642703096
 20
107.4004563403163
 30
0.0
 11
305.1175642703096
 21
108.421077066476
 31
0.0
  0
LINE
  5
22E
330
1F
100
AcDbEntity
  8
VISIBLE
100
AcDbLine
 10
260.9233904461503
 20
130.6706088967565
 30
0.0
 11
303.3497973173432
 21
106.1757114689247
 31
0.0
  0
LINE
  5
22F
330
1F
100
AcDbEntity
  8
VISIBLE
100
AcDbLine
 10
303.3497973173432
 20
106.1757114689247
 30
0.0
 11
303.3497973173432
 21
107.4004563403163
 31
0.0
  0
LINE
  5
230
330
1F
100
AcDbEntity
  8
VISIBLE
100
AcDbLine
 10
260.9233904461503
 20
131.8953537681481
 30
0.0
 11
260.9233904461503
 21
130.6706088967565
 31
0.0
  0
LINE
  5
231
330
1F
100
AcDbEntity
  8
VISIBLE
100
AcDbLine
 10
303.3497973173432
 20
104.1344700166054
 30
0.0
 11
303.3497973173432
 21
105.359214887997
 31
0.0
  0
LINE
  5
232
330
1F
100
AcDbEntity
  8
VISIBLE
100
AcDbLine
 10
260.9233904461503
 20
131.8953537681481
 30
0.0
 11
303.3497973173432
 21
107.4004563403163
 31
0.0
  0
LINE
  5
233
330
1F
100
AcDbEntity
  8
VISIBLE
100
AcDbLine
 10
303.3497973173432
 20
107.4004563403163
 30
0.0
 11
304.4104574891231
 21
108.0128287760121
 31
0.0
  0
LINE
  5
234
330
1F
100
AcDbEntity
  8
VISIBLE
100
AcDbLine
 10
266.5802446956427
 20
131.8953537681481
 30
0.0
 11
300.521370192597
 21
112.2994358258827
 31
0.0
  0
LINE
  5
235
330
1F
100
AcDbEntity
  8
VISIBLE
100
AcDbLine
 10
264.8124777426764
 20
130.8747330419884
 30
0.0
 11
300.521370192597
 21
110.2581943735633
 31
0.0
  0
ELLIPSE
  5
236
330
1F
100
AcDbEntity
  8
VISIBLE
100
AcDbEllipse
 10
304.7640108797163
 20
106.5839597593885
 30
0.0
 11
-0.25
 21
-0.4330127018922196
 31
0.0
210
0.0
220
0.0
230
-0.9999999999999998
 40
0.5773502691896257
 41
0.0
 42
6.283185307179586
  0
LINE
  5
237
330
1F
100
AcDbEntity
  8
VISIBLE
100
AcDbLine
 10
264.4589243520831
 20
183.7428866570587
 30
0.0
 11
335.1696024707379
 21
224.567715703445
 31
0.0
  0
LINE
  5
238
330
1F
100
AcDbEntity
  8
VISIBLE
100
AcDbLine
 10
335.1696024707379
 20
273.5575105591086
 30
0.0
 11
335.1696024707379
 21
224.567715703445
 31
0.0
  0
LINE
  5
239
330
1F
100
AcDbEntity
  8
VISIBLE
100
AcDbLine
 10
263.7518175708965
 20
233.1409298031861
 30
0.0
 11
263.7518175708965
 21
184.1511349475225
 31
0.0
  0
LINE
  5
23A
330
1F
100
AcDbEntity
  8
VISIBLE
100
AcDbLine
 10
264.4589243520831
 20
183.7428866570587
 30
0.0
 11
263.7518175708965
 21
184.1511349475225
 31
0.0
  0
LINE
  5
23B
330
1F
100
AcDbEntity
  8
VISIBLE
100
AcDbLine
 10
264.4589243520831
 20
232.7326815127222
 30
0.0
 11
264.4589243520831
 21
183.7428866570587
 31
0.0
  0
LINE
  5
23C
330
1F
100
AcDbEntity
  8
VISIBLE
100
AcDbLine
 10
263.7518175708965
 20
233.1409298031861
 30
0.0
 11
334.4624956895514
 21
273.9657588495724
 31
0.0
  0
LINE
  5
23D
330
1F
100
AcDbEntity
  8
VISIBLE
100
AcDbLine
 10
264.4589243520831
 20
232.7326815127222
 30
0.0
 11
263.7518175708965
 21
233.1409298031861
 31
0.0
  0
LINE
  5
23E
330
1F
100
AcDbEntity
  8
VISIBLE
100
AcDbLine
 10
264.4589243520831
 20
232.7326815127222
 30
0.0
 11
335.1696024707379
 21
273.5575105591086
 31
0.0
  0
LINE
  5
23F
330
1F
100
AcDbEntity
  8
VISIBLE
100
AcDbLine
 10
335.1696024707379
 20
273.5575105591086
 30
0.0
 11
334.4624956895514
 21
273.9657588495724
 31
0.0
  0
LINE
  5
240
330
1F
100
AcDbEntity
  8
BORDER_FRAME
100
AcDbLine
 10
10.5
 20
10.0
 30
0.0
 11
10.5
 21
287.0
 31
0.0
  0
LINE
  5
243
330
1F
100
AcDbEntity
  8
BORDER_FRAME
100
AcDbLine
 10
10.5
 20
287.0
 30
0.0
 11
410.5
 21
287.0
 31
0.0
  0
LINE
  5
244
330
1F
100
AcDbEntity
  8
BORDER_FRAME
100
AcDbLine
 10
410.5
 20
287.0
 30
0.0
 11
410.5
 21
10.0
 31
0.0
  0
LINE
  5
245
330
1F
100
AcDbEntity
  8
BORDER_FRAME
100
AcDbLine
 10
410.5
 20
10.0
 30
0.0
 11
10.5
 21
10.0
 31
0.0
  0
LINE
  5
246
330
1F
100
AcDbEntity
  8
BORDER_ZONES
100
AcDbLine
 10
70.5
 20
10.0
 30
0.0
 11
70.5
 21
0.5
 31
0.0
  0
LINE
  5
248
330
1F
100
AcDbEntity
  8
BORDER_ZONES
100
AcDbLine
 10
70.5
 20
287.0
 30
0.0
 11
70.5
 21
296.5
 31
0.0
  0
MTEXT
  5
249
330
1F
100
AcDbEntity
  8
BORDER_ZONES
100
AcDbMText
 10
35.5
 20
5.0
 30
0.0
 40
6.0
 41
0.0
 71
     5
 72
     1
  1
6
  7
ONSHAPE-STANDARD
  0
MTEXT
  5
24B
330
1F
100
AcDbEntity
  8
BORDER_ZONES
100
AcDbMText
 10
35.5
 20
292.0
 30
0.0
 40
6.0
 41
0.0
 71
     5
 72
     1
  1
6
  7
ONSHAPE-STANDARD
  0
MTEXT
  5
24C
330
1F
100
AcDbEntity
  8
BORDER_ZONES
100
AcDbMText
 10
105.5
 20
5.0
 30
0.0
 40
6.0
 41
0.0
 71
     5
 72
     1
  1
5
  7
ONSHAPE-STANDARD
  0
MTEXT
  5
24D
330
1F
100
AcDbEntity
  8
BORDER_ZONES
100
AcDbMText
 10
105.5
 20
292.0
 30
0.0
 40
6.0
 41
0.0
 71
     5
 72
     1
  1
5
  7
ONSHAPE-STANDARD
  0
LINE
  5
24E
330
1F
100
AcDbEntity
  8
BORDER_ZONES
100
AcDbLine
 10
140.5
 20
10.0
 30
0.0
 11
140.5
 21
0.5
 31
0.0
  0
LINE
  5
24F
330
1F
100
AcDbEntity
  8
BORDER_ZONES
100
AcDbLine
 10
140.5
 20
287.0
 30
0.0
 11
140.5
 21
296.5
 31
0.0
  0
MTEXT
  5
250
330
1F
100
AcDbEntity
  8
BORDER_ZONES
100
AcDbMText
 10
175.5
 20
5.0
 30
0.0
 40
6.0
 41
0.0
 71
     5
 72
     1
  1
4
  7
ONSHAPE-STANDARD
  0
MTEXT
  5
251
330
1F
100
AcDbEntity
  8
BORDER_ZONES
100
AcDbMText
 10
175.5
 20
292.0
 30
0.0
 40
6.0
 41
0.0
 71
     5
 72
     1
  1
4
  7
ONSHAPE-STANDARD
  0
LINE
  5
252
330
1F
100
AcDbEntity
  8
BORDER_ZONES
100
AcDbLine
 10
210.5
 20
10.0
 30
0.0
 11
210.5
 21
0.5
 31
0.0
  0
LINE
  5
253
330
1F
100
AcDbEntity
  8
BORDER_ZONES
100
AcDbLine
 10
210.5
 20
287.0
 30
0.0
 11
210.5
 21
296.5
 31
0.0
  0
MTEXT
  5
254
330
1F
100
AcDbEntity
  8
BORDER_ZONES
100
AcDbMText
 10
245.5
 20
5.0
 30
0.0
 40
6.0
 41
0.0
 71
     5
 72
     1
  1
3
  7
ONSHAPE-STANDARD
  0
MTEXT
  5
255
330
1F
100
AcDbEntity
  8
BORDER_ZONES
100
AcDbMText
 10
245.5
 20
292.0
 30
0.0
 40
6.0
 41
0.0
 71
     5
 72
     1
  1
3
  7
ONSHAPE-STANDARD
  0
LINE
  5
256
330
1F
100
AcDbEntity
  8
BORDER_ZONES
100
AcDbLine
 10
280.5
 20
10.0
 30
0.0
 11
280.5
 21
0.5
 31
0.0
  0
LINE
  5
257
330
1F
100
AcDbEntity
  8
BORDER_ZONES
100
AcDbLine
 10
280.5
 20
287.0
 30
0.0
 11
280.5
 21
296.5
 31
0.0
  0
MTEXT
  5
258
330
1F
100
AcDbEntity
  8
BORDER_ZONES
100
AcDbMText
 10
315.5
 20
5.0
 30
0.0
 40
6.0
 41
0.0
 71
     5
 72
     1
  1
2
  7
ONSHAPE-STANDARD
  0
MTEXT
  5
259
330
1F
100
AcDbEntity
  8
BORDER_ZONES
100
AcDbMText
 10
315.5
 20
292.0
 30
0.0
 40
6.0
 41
0.0
 71
     5
 72
     1
  1
2
  7
ONSHAPE-STANDARD
  0
LINE
  5
25A
330
1F
100
AcDbEntity
  8
BORDER_ZONES
100
AcDbLine
 10
350.5
 20
10.0
 30
0.0
 11
350.5
 21
0.5
 31
0.0
  0
LINE
  5
25B
330
1F
100
AcDbEntity
  8
BORDER_ZONES
100
AcDbLine
 10
350.5
 20
287.0
 30
0.0
 11
350.5
 21
296.5
 31
0.0
  0
MTEXT
  5
25C
330
1F
100
AcDbEntity
  8
BORDER_ZONES
100
AcDbMText
 10
385.5
 20
5.0
 30
0.0
 40
6.0
 41
0.0
 71
     5
 72
     1
  1
1
  7
ONSHAPE-STANDARD
  0
MTEXT
  5
25D
330
1F
100
AcDbEntity
  8
BORDER_ZONES
100
AcDbMText
 10
385.5
 20
292.0
 30
0.0
 40
6.0
 41
0.0
 71
     5
 72
     1
  1
1
  7
ONSHAPE-STANDARD
  0
LINE
  5
25E
330
1F
100
AcDbEntity
  8
BORDER_ZONES
100
AcDbLine
 10
10.5
 20
74.5
 30
0.0
 11
1.0
 21
74.5
 31
0.0
  0
LINE
  5
25F
330
1F
100
AcDbEntity
  8
BORDER_ZONES
100
AcDbLine
 10
410.5
 20
74.5
 30
0.0
 11
420.0
 21
74.5
 31
0.0
  0
MTEXT
  5
260
330
1F
100
AcDbEntity
  8
BORDER_ZONES
100
AcDbMText
 10
5.5
 20
37.5
 30
0.0
 40
6.0
 41
0.0
 71
     5
 72
     1
  1
A
  7
ONSHAPE-STANDARD
  0
MTEXT
  5
261
330
1F
100
AcDbEntity
  8
BORDER_ZONES
100
AcDbMText
 10
415.5
 20
37.5
 30
0.0
 40
6.0
 41
0.0
 71
     5
 72
     1
  1
A
  7
ONSHAPE-STANDARD
  0
MTEXT
  5
262
330
1F
100
AcDbEntity
  8
BORDER_ZONES
100
AcDbMText
 10
5.5
 20
111.5
 30
0.0
 40
6.0
 41
0.0
 71
     5
 72
     1
  1
B
  7
ONSHAPE-STANDARD
  0
MTEXT
  5
263
330
1F
100
AcDbEntity
  8
BORDER_ZONES
100
AcDbMText
 10
415.5
 20
111.5
 30
0.0
 40
6.0
 41
0.0
 71
     5
 72
     1
  1
B
  7
ONSHAPE-STANDARD
  0
LINE
  5
264
330
1F
100
AcDbEntity
  8
BORDER_ZONES
100
AcDbLine
 10
10.5
 20
148.5
 30
0.0
 11
1.0
 21
148.5
 31
0.0
  0
LINE
  5
265
330
1F
100
AcDbEntity
  8
BORDER_ZONES
100
AcDbLine
 10
410.5
 20
148.5
 30
0.0
 11
420.0
 21
148.5
 31
0.0
  0
MTEXT
  5
266
330
1F
100
AcDbEntity
  8
BORDER_ZONES
100
AcDbMText
 10
5.5
 20
185.5
 30
0.0
 40
6.0
 41
0.0
 71
     5
 72
     1
  1
C
  7
ONSHAPE-STANDARD
  0
MTEXT
  5
267
330
1F
100
AcDbEntity
  8
BORDER_ZONES
100
AcDbMText
 10
415.5
 20
185.5
 30
0.0
 40
6.0
 41
0.0
 71
     5
 72
     1
  1
C
  7
ONSHAPE-STANDARD
  0
LINE
  5
268
330
1F
100
AcDbEntity
  8
BORDER_ZONES
100
AcDbLine
 10
10.5
 20
222.5
 30
0.0
 11
1.0
 21
222.5
 31
0.0
  0
LINE
  5
269
330
1F
100
AcDbEntity
  8
BORDER_ZONES
100
AcDbLine
 10
410.5
 20
222.5
 30
0.0
 11
420.0
 21
222.5
 31
0.0
  0
MTEXT
  5
26A
330
1F
100
AcDbEntity
  8
BORDER_ZONES
100
AcDbMText
 10
5.5
 20
259.5
 30
0.0
 40
6.0
 41
0.0
 71
     5
 72
     1
  1
D
  7
ONSHAPE-STANDARD
  0
MTEXT
  5
26B
330
1F
100
AcDbEntity
  8
BORDER_ZONES
100
AcDbMText
 10
415.5
 20
259.5
 30
0.0
 40
6.0
 41
0.0
 71
     5
 72
     1
  1
D
  7
ONSHAPE-STANDARD
  0
LINE
  5
26C
330
1F
100
AcDbEntity
  8
TITLE_BLOCK
100
AcDbLine
 10
194.6
 20
10.0
 30
0.0
 11
194.6
 21
60.8
 31
0.0
  0
LINE
  5
26E
330
1F
100
AcDbEntity
  8
TITLE_BLOCK
100
AcDbLine
 10
194.6
 20
10.0
 30
0.0
 11
235.24
 21
10.0
 31
0.0
  0
LINE
  5
26F
330
1F
100
AcDbEntity
  8
TITLE_BLOCK
100
AcDbLine
 10
194.6
 20
20.16
 30
0.0
 11
235.24
 21
20.16
 31
0.0
  0
LINE
  5
270
330
1F
100
AcDbEntity
  8
TITLE_BLOCK
100
AcDbLine
 10
194.6
 20
24.224
 30
0.0
 11
235.24
 21
24.224
 31
0.0
  0
LINE
  5
271
330
1F
100
AcDbEntity
  8
TITLE_BLOCK
100
AcDbLine
 10
194.6
 20
31.1328
 30
0.0
 11
235.24
 21
31.1328
 31
0.0
  0
LINE
  5
272
330
1F
100
AcDbEntity
  8
TITLE_BLOCK
100
AcDbLine
 10
194.6
 20
37.0256
 30
0.0
 11
235.24
 21
37.0256
 31
0.0
  0
LINE
  5
273
330
1F
100
AcDbEntity
  8
TITLE_BLOCK
100
AcDbLine
 10
194.6
 20
60.8
 30
0.0
 11
235.24
 21
60.8
 31
0.0
  0
MTEXT
  5
274
330
1F
100
AcDbEntity
  8
TITLE_BLOCK
100
AcDbMText
 10
195.49408
 20
59.33696
 30
0.0
 40
1.6256
 41
39.82720000000001
 71
     1
 72
     1
  1
UNLESS OTHERWISE SPECIFIED, DIMENSIONS ARE IN MILLIMETERS
  7
ONSHAPE-STANDARD
  0
MTEXT
  5
275
330
1F
100
AcDbEntity
  8
TITLE_BLOCK
100
AcDbMText
 10
215.724672
 20
53.38726400000001
 30
0.0
 40
1.46304
 41
19.91360000000002
 71
     1
 72
     1
  1
^JANGULAR = ± °^J
  7
ONSHAPE-STANDARD
  0
MTEXT
  5
276
330
1F
100
AcDbEntity
  8
TITLE_BLOCK
100
AcDbMText
 10
195.49408
 20
43.48736
 30
0.0
 40
1.6256
 41
19.91359999999999
 71
     1
 72
     1
  1
SURFACE FINISH
  7
ONSHAPE-STANDARD
  0
LINE
  5
277
330
1F
100
AcDbEntity
  8
TITLE_BLOCK
100
AcDbLine
 10
212.888
 20
41.0896
 30
0.0
 11
213.904
 21
39.32983637951002
 31
0.0
  0
LINE
  5
278
330
1F
100
AcDbEntity
  8
TITLE_BLOCK
100
AcDbLine
 10
213.904
 20
39.32983637951002
 30
0.0
 11
216.0376
 21
43.02533998253897
 31
0.0
  0
LINE
  5
279
330
1F
100
AcDbEntity
  8
TITLE_BLOCK
100
AcDbLine
 10
216.0376
 20
43.02533998253897
 30
0.0
 11
218.2728
 21
43.02533998253897
 31
0.0
  0
MTEXT
  5
27A
330
1F
100
AcDbEntity
  8
TITLE_BLOCK
100
AcDbMText
 10
214.92
 20
35.123648
 30
0.0
 40
2.11328
 41
39.82720000000001
 71
     2
 72
     1
  1
DO NOT SCALE DRAWING
  7
ONSHAPE-STANDARD
  0
MTEXT
  5
27B
330
1F
100
AcDbEntity
  8
TITLE_BLOCK
100
AcDbMText
 10
214.92
 20
29.66976
 30
0.0
 40
1.6256
 41
39.82720000000001
 71
     2
 72
     1
  1
BREAK ALL SHARP EDGES AND REMOVE BURRS
  7
ONSHAPE-STANDARD
  0
CIRCLE
  5
27C
330
1F
100
AcDbEntity
  8
TITLE_BLOCK
100
AcDbCircle
 10
219.492
 20
15.03936
 30
0.0
 40
1.8288
  0
CIRCLE
  5
27D
330
1F
100
AcDbEntity
  8
TITLE_BLOCK
100
AcDbCircle
 10
219.492
 20
15.03936
 30
0.0
 40
3.6576
  0
LINE
  5
27E
330
1F
100
AcDbEntity
  8
TITLE_BLOCK
100
AcDbLine
 10
220.4064
 20
15.03936
 30
0.0
 11
218.5776
 21
15.03936
 31
0.0
  0
LINE
  5
27F
330
1F
100
AcDbEntity
  8
TITLE_BLOCK
100
AcDbLine
 10
219.492
 20
15.95376
 30
0.0
 11
219.492
 21
14.12496
 31
0.0
  0
LINE
  5
280
330
1F
100
AcDbEntity
  8
TITLE_BLOCK
100
AcDbLine
 10
221.3208
 20
15.03936
 30
0.0
 11
224.064
 21
15.03936
 31
0.0
  0
LINE
  5
281
330
1F
100
AcDbEntity
  8
TITLE_BLOCK
100
AcDbLine
 10
219.492
 20
16.86816
 30
0.0
 11
219.492
 21
19.61136
 31
0.0
  0
LINE
  5
282
330
1F
100
AcDbEntity
  8
TITLE_BLOCK
100
AcDbLine
 10
217.6632
 20
15.03936
 30
0.0
 11
214.92
 21
15.03936
 31
0.0
  0
LINE
  5
283
330
1F
100
AcDbEntity
  8
TITLE_BLOCK
100
AcDbLine
 10
219.492
 20
13.21056
 30
0.0
 11
219.492
 21
10.46736
 31
0.0
  0
LINE
  5
284
330
1F
100
AcDbEntity
  8
TITLE_BLOCK
100
AcDbLine
 10
214.0056
 20
11.38176
 30
0.0
 11
214.0056
 21
18.69696
 31
0.0
  0
LINE
  5
285
330
1F
100
AcDbEntity
  8
TITLE_BLOCK
100
AcDbLine
 10
214.0056
 20
18.69696
 30
0.0
 11
206.6904
 21
16.86816
 31
0.0
  0
LINE
  5
286
330
1F
100
AcDbEntity
  8
TITLE_BLOCK
100
AcDbLine
 10
206.6904
 20
16.86816
 30
0.0
 11
206.6904
 21
13.21056
 31
0.0
  0
LINE
  5
287
330
1F
100
AcDbEntity
  8
TITLE_BLOCK
100
AcDbLine
 10
206.6904
 20
13.21056
 30
0.0
 11
214.0056
 21
11.38176
 31
0.0
  0
LINE
  5
288
330
1F
100
AcDbEntity
  8
TITLE_BLOCK
100
AcDbLine
 10
211.2624
 20
15.03936
 30
0.0
 11
214.4628
 21
15.03936
 31
0.0
  0
LINE
  5
289
330
1F
100
AcDbEntity
  8
TITLE_BLOCK
100
AcDbLine
 10
210.71376
 20
15.03936
 30
0.0
 11
209.98224
 21
15.03936
 31
0.0
  0
LINE
  5
28A
330
1F
100
AcDbEntity
  8
TITLE_BLOCK
100
AcDbLine
 10
209.4336
 20
15.03936
 30
0.0
 11
206.2332
 21
15.03936
 31
0.0
  0
MTEXT
  5
28B
330
1F
100
AcDbEntity
  8
TITLE_BLOCK
100
AcDbMText
 10
214.92
 20
22.76096
 30
0.0
 40
1.6256
 41
39.82720000000001
 71
     2
 72
     1
  1
FIRST ANGLE PROJECTION
  7
ONSHAPE-STANDARD
  0
LINE
  5
28C
330
1F
100
AcDbEntity
  8
TITLE_BLOCK
100
AcDbLine
 10
235.24
 20
10.0
 30
0.0
 11
235.24
 21
60.8
 31
0.0
  0
LINE
  5
28D
330
1F
100
AcDbEntity
  8
TITLE_BLOCK
100
AcDbLine
 10
253.02
 20
24.224
 30
0.0
 11
253.02
 21
60.8
 31
0.0
  0
LINE
  5
28E
330
1F
100
AcDbEntity
  8
TITLE_BLOCK
100
AcDbLine
 10
273.34
 20
24.224
 30
0.0
 11
273.34
 21
60.8
 31
0.0
  0
LINE
  5
28F
330
1F
100
AcDbEntity
  8
TITLE_BLOCK
100
AcDbLine
 10
270.8
 20
10.0
 30
0.0
 11
270.8
 21
24.224
 31
0.0
  0
MTEXT
  5
290
330
1F
100
AcDbEntity
  8
TITLE_BLOCK
100
AcDbMText
 10
283.5
 20
59.33696
 30
0.0
 40
1.6256
 41
19.91359999999994
 71
     2
 72
     1
  1
SIGNATURE
  7
ONSHAPE-STANDARD
  0
LINE
  5
291
330
1F
100
AcDbEntity
  8
TITLE_BLOCK
100
AcDbLine
 10
293.66
 20
24.224
 30
0.0
 11
293.66
 21
60.8
 31
0.0
  0
LINE
  5
292
330
1F
100
AcDbEntity
  8
TITLE_BLOCK
100
AcDbLine
 10
235.24
 20
60.8
 30
0.0
 11
306.36
 21
60.8
 31
0.0
  0
LINE
  5
293
330
1F
100
AcDbEntity
  8
TITLE_BLOCK
100
AcDbLine
 10
235.24
 20
54.70400000000001
 30
0.0
 11
306.36
 21
54.70400000000001
 31
0.0
  0
LINE
  5
294
330
1F
100
AcDbEntity
  8
TITLE_BLOCK
100
AcDbLine
 10
235.24
 20
48.608
 30
0.0
 11
306.36
 21
48.608
 31
0.0
  0
LINE
  5
295
330
1F
100
AcDbEntity
  8
TITLE_BLOCK
100
AcDbLine
 10
235.24
 20
42.512
 30
0.0
 11
306.36
 21
42.512
 31
0.0
  0
LINE
  5
296
330
1F
100
AcDbEntity
  8
TITLE_BLOCK
100
AcDbLine
 10
235.24
 20
36.416
 30
0.0
 11
306.36
 21
36.416
 31
0.0
  0
LINE
  5
297
330
1F
100
AcDbEntity
  8
TITLE_BLOCK
100
AcDbLine
 10
235.24
 20
30.32
 30
0.0
 11
306.36
 21
30.32
 31
0.0
  0
LINE
  5
298
330
1F
100
AcDbEntity
  8
TITLE_BLOCK
100
AcDbLine
 10
235.24
 20
24.224
 30
0.0
 11
306.36
 21
24.224
 31
0.0
  0
MTEXT
  5
299
330
1F
100
AcDbEntity
  8
TITLE_BLOCK
100
AcDbMText
 10
253.91408
 20
59.33696
 30
0.0
 40
1.6256
 41
19.91360000000002
 71
     1
 72
     1
  1
NAME
  7
ONSHAPE-STANDARD
  0
MTEXT
  5
29A
330
1F
100
AcDbEntity
  8
TITLE_BLOCK
100
AcDbMText
 10
300.01
 20
59.33696
 30
0.0
 40
1.6256
 41
12.44600000000004
 71
     2
 72
     1
  1
DATE
  7
ONSHAPE-STANDARD
  0
MTEXT
  5
29B
330
1F
100
AcDbEntity
  8
TITLE_BLOCK
100
AcDbMText
 10
236.13408
 20
53.24096000000001
 30
0.0
 40
1.6256
 41
17.4244
 71
     1
 72
     1
  1
DRAWN
  7
ONSHAPE-STANDARD
  0
MTEXT
  5
29C
102
{ACAD_XDICTIONARY
360
29D
102
}
330
1F
100
AcDbEntity
  8
TITLE_BLOCK
100
AcDbMText
 10
263.18
 20
51.65600000000001
 30
0.0
 40
1.365504
 41
20.32000000000002
 71
     5
 72
     1
  1
ALEX ZAVARSKY
  7
ONSHAPE-STANDARD-FIELDS
1001
ACAD
1000
ACAD_MTEXT_DEFINED_HEIGHT_BEGIN
1070
    46
1040
6.096000000000011
1000
ACAD_MTEXT_DEFINED_HEIGHT_END
  0
MTEXT
  5
2A3
102
{ACAD_XDICTIONARY
360
2A4
102
}
330
1F
100
AcDbEntity
  8
TITLE_BLOCK
100
AcDbMText
 10
300.01
 20
51.65600000000001
 30
0.0
 40
1.365504
 41
12.70000000000005
 71
     5
 72
     1
  1
2025-07-14
  7
ONSHAPE-STANDARD-FIELDS
1001
ACAD
1000
ACAD_MTEXT_DEFINED_HEIGHT_BEGIN
1070
    46
1040
6.096000000000011
1000
ACAD_MTEXT_DEFINED_HEIGHT_END
  0
MTEXT
  5
2A9
330
1F
100
AcDbEntity
  8
TITLE_BLOCK
100
AcDbMText
 10
236.13408
 20
47.14496
 30
0.0
 40
1.6256
 41
17.4244
 71
     1
 72
     1
  1
CHECKED
  7
ONSHAPE-STANDARD
  0
MTEXT
  5
2AA
330
1F
100
AcDbEntity
  8
TITLE_BLOCK
100
AcDbMText
 10
263.18
 20
45.56
 30
0.0
 40
1.365504
 41
20.32000000000002
 71
     5
 72
     1
  1
 
  7
ONSHAPE-STANDARD-FIELDS
1001
ACAD
1000
ACAD_MTEXT_DEFINED_HEIGHT_BEGIN
1070
    46
1040
6.095999999999997
1000
ACAD_MTEXT_DEFINED_HEIGHT_END
  0
MTEXT
  5
2AB
330
1F
100
AcDbEntity
  8
TITLE_BLOCK
100
AcDbMText
 10
300.01
 20
45.56
 30
0.0
 40
1.365504
 41
12.70000000000005
 71
     5
 72
     1
  1
 
  7
ONSHAPE-STANDARD-FIELDS
1001
ACAD
1000
ACAD_MTEXT_DEFINED_HEIGHT_BEGIN
1070
    46
1040
6.095999999999997
1000
ACAD_MTEXT_DEFINED_HEIGHT_END
  0
MTEXT
  5
2AC
330
1F
100
AcDbEntity
  8
TITLE_BLOCK
100
AcDbMText
 10
236.13408
 20
41.04896
 30
0.0
 40
1.6256
 41
17.4244
 71
     1
 72
     1
  1
APPROVED
  7
ONSHAPE-STANDARD
  0
MTEXT
  5
2AD
102
{ACAD_XDICTIONARY
360
2AE
102
}
330
1F
100
AcDbEntity
  8
TITLE_BLOCK
100
AcDbMText
 10
263.18
 20
39.464
 30
0.0
 40
1.365504
 41
20.32000000000002
 71
     5
 72
     1
  1
----
  7
ONSHAPE-STANDARD-FIELDS
1001
ACAD
1000
ACAD_MTEXT_DEFINED_HEIGHT_BEGIN
1070
    46
1040
6.096000000000004
1000
ACAD_MTEXT_DEFINED_HEIGHT_END
  0
MTEXT
  5
2B3
102
{ACAD_XDICTIONARY
360
2B4
102
}
330
1F
100
AcDbEntity
  8
TITLE_BLOCK
100
AcDbMText
 10
300.01
 20
39.464
 30
0.0
 40
1.365504
 41
12.70000000000005
 71
     5
 72
     1
  1
----
  7
ONSHAPE-STANDARD-FIELDS
1001
ACAD
1000
ACAD_MTEXT_DEFINED_HEIGHT_BEGIN
1070
    46
1040
6.096000000000004
1000
ACAD_MTEXT_DEFINED_HEIGHT_END
  0
MTEXT
  5
2B9
330
1F
100
AcDbEntity
  8
TITLE_BLOCK
100
AcDbMText
 10
244.13
 20
33.36799999999999
 30
0.0
 40
2.4384
 41
17.78
 71
     5
 72
     1
  1
 
  7
ONSHAPE-STANDARD-FIELDS
1001
ACAD
1000
ACAD_MTEXT_DEFINED_HEIGHT_BEGIN
1070
    46
1040
6.095999999999997
1000
ACAD_MTEXT_DEFINED_HEIGHT_END
  0
MTEXT
  5
2BA
330
1F
100
AcDbEntity
  8
TITLE_BLOCK
100
AcDbMText
 10
263.18
 20
33.36799999999999
 30
0.0
 40
1.365504
 41
20.32000000000002
 71
     5
 72
     1
  1
 
  7
ONSHAPE-STANDARD-FIELDS
1001
ACAD
1000
ACAD_MTEXT_DEFINED_HEIGHT_BEGIN
1070
    46
1040
6.095999999999997
1000
ACAD_MTEXT_DEFINED_HEIGHT_END
  0
MTEXT
  5
2BB
330
1F
100
AcDbEntity
  8
TITLE_BLOCK
100
AcDbMText
 10
300.01
 20
33.36799999999999
 30
0.0
 40
1.365504
 41
12.70000000000005
 71
     5
 72
     1
  1
 
  7
ONSHAPE-STANDARD-FIELDS
1001
ACAD
1000
ACAD_MTEXT_DEFINED_HEIGHT_BEGIN
1070
    46
1040
6.095999999999997
1000
ACAD_MTEXT_DEFINED_HEIGHT_END
  0
MTEXT
  5
2BC
330
1F
100
AcDbEntity
  8
TITLE_BLOCK
100
AcDbMText
 10
244.13
 20
27.272
 30
0.0
 40
2.4384
 41
17.78
 71
     5
 72
     1
  1
 
  7
ONSHAPE-STANDARD-FIELDS
1001
ACAD
1000
ACAD_MTEXT_DEFINED_HEIGHT_BEGIN
1070
    46
1040
6.096000000000004
1000
ACAD_MTEXT_DEFINED_HEIGHT_END
  0
MTEXT
  5
2BD
330
1F
100
AcDbEntity
  8
TITLE_BLOCK
100
AcDbMText
 10
263.18
 20
27.272
 30
0.0
 40
1.365504
 41
20.32000000000002
 71
     5
 72
     1
  1
 
  7
ONSHAPE-STANDARD-FIELDS
1001
ACAD
1000
ACAD_MTEXT_DEFINED_HEIGHT_BEGIN
1070
    46
1040
6.096000000000004
1000
ACAD_MTEXT_DEFINED_HEIGHT_END
  0
MTEXT
  5
2BE
330
1F
100
AcDbEntity
  8
TITLE_BLOCK
100
AcDbMText
 10
300.01
 20
27.272
 30
0.0
 40
1.365504
 41
12.70000000000005
 71
     5
 72
     1
  1
 
  7
ONSHAPE-STANDARD-FIELDS
1001
ACAD
1000
ACAD_MTEXT_DEFINED_HEIGHT_BEGIN
1070
    46
1040
6.096000000000004
1000
ACAD_MTEXT_DEFINED_HEIGHT_END
  0
MTEXT
  5
2BF
330
1F
100
AcDbEntity
  8
TITLE_BLOCK
100
AcDbMText
 10
236.13408
 20
22.76096
 30
0.0
 40
1.6256
 41
34.8488
 71
     1
 72
     1
  1
MATERIAL
  7
ONSHAPE-STANDARD
  0
MTEXT
  5
2C0
330
1F
100
AcDbEntity
  8
TITLE_BLOCK
100
AcDbMText
 10
253.02
 20
17.112
 30
0.0
 40
2.4384
 41
35.56
 71
     5
 72
     1
  1
 
  7
ONSHAPE-STANDARD-FIELDS
1001
ACAD
1000
ACAD_MTEXT_DEFINED_HEIGHT_BEGIN
1070
    46
1040
14.224
1000
ACAD_MTEXT_DEFINED_HEIGHT_END
  0
MTEXT
  5
2C1
330
1F
100
AcDbEntity
  8
TITLE_BLOCK
100
AcDbMText
 10
271.69408
 20
22.76096
 30
0.0
 40
1.6256
 41
34.8488
 71
     1
 72
     1
  1
FINISH
  7
ONSHAPE-STANDARD
  0
MTEXT
  5
2C2
330
1F
100
AcDbEntity
  8
TITLE_BLOCK
100
AcDbMText
 10
288.58
 20
17.112
 30
0.0
 40
2.4384
 41
35.56
 71
     5
 72
     1
  1
 
  7
ONSHAPE-STANDARD-FIELDS
1001
ACAD
1000
ACAD_MTEXT_DEFINED_HEIGHT_BEGIN
1070
    46
1040
14.224
1000
ACAD_MTEXT_DEFINED_HEIGHT_END
  0
LINE
  5
2C3
330
1F
100
AcDbEntity
  8
TITLE_BLOCK
100
AcDbLine
 10
306.36
 20
10.0
 30
0.0
 11
306.36
 21
60.8
 31
0.0
  0
LINE
  5
2C4
330
1F
100
AcDbEntity
  8
TITLE_BLOCK
100
AcDbLine
 10
319.06
 20
16.604
 30
0.0
 11
319.06
 21
26.764
 31
0.0
  0
LINE
  5
2C5
330
1F
100
AcDbEntity
  8
TITLE_BLOCK
100
AcDbLine
 10
328.712
 20
10.0
 30
0.0
 11
328.712
 21
16.604
 31
0.0
  0
LINE
  5
2C6
330
1F
100
AcDbEntity
  8
TITLE_BLOCK
100
AcDbLine
 10
374.94
 20
10.0
 30
0.0
 11
374.94
 21
16.604
 31
0.0
  0
LINE
  5
2C7
330
1F
100
AcDbEntity
  8
TITLE_BLOCK
100
AcDbLine
 10
400.34
 20
16.604
 30
0.0
 11
400.34
 21
26.764
 31
0.0
  0
LINE
  5
2C8
330
1F
100
AcDbEntity
  8
TITLE_BLOCK
100
AcDbLine
 10
306.36
 20
16.604
 30
0.0
 11
410.5
 21
16.604
 31
0.0
  0
LINE
  5
2C9
330
1F
100
AcDbEntity
  8
TITLE_BLOCK
100
AcDbLine
 10
306.36
 20
26.764
 30
0.0
 11
410.5
 21
26.764
 31
0.0
  0
LINE
  5
2CA
330
1F
100
AcDbEntity
  8
TITLE_BLOCK
100
AcDbLine
 10
306.36
 20
48.1
 30
0.0
 11
410.5
 21
48.1
 31
0.0
  0
LINE
  5
2CB
330
1F
100
AcDbEntity
  8
TITLE_BLOCK
100
AcDbLine
 10
306.36
 20
60.8
 30
0.0
 11
410.5
 21
60.8
 31
0.0
  0
MTEXT
  5
2CC
330
1F
100
AcDbEntity
  8
TITLE_BLOCK
100
AcDbMText
 10
307.25408
 20
46.63696
 30
0.0
 40
1.6256
 41
12.44599999999999
 71
     1
 72
     1
  1
TITLE
  7
ONSHAPE-STANDARD
  0
MTEXT
  5
2CD
102
{ACAD_XDICTIONARY
360
2CE
102
}
330
1F
100
AcDbEntity
  8
TITLE_BLOCK
100
AcDbMText
 10
358.43
 20
44.036
 30
0.0
 40
3.90144
 41
93.97999999999999
 71
     5
 72
     1
  1
----
  7
ONSHAPE-STANDARD-FIELDS
1001
ACAD
1000
ACAD_MTEXT_DEFINED_HEIGHT_BEGIN
1070
    46
1040
6.4008
1000
ACAD_MTEXT_DEFINED_HEIGHT_END
  0
MTEXT
  5
2D3
102
{ACAD_XDICTIONARY
360
2D4
102
}
330
1F
100
AcDbEntity
  8
TITLE_BLOCK
100
AcDbMText
 10
358.43
 20
37.6352
 30
0.0
 40
3.90144
 41
93.98000000000002
 71
     5
 72
     1
  1
Hinterplatte
  7
ONSHAPE-STANDARD-FIELDS
1001
ONSHAPE_NOTES_REORDERING_D
1071
        0
1070
     0
1001
ACAD
1000
ACAD_MTEXT_DEFINED_HEIGHT_BEGIN
1070
    46
1040
3.954593133514987
1000
ACAD_MTEXT_DEFINED_HEIGHT_END
  0
MTEXT
  5
2D7
102
{ACAD_XDICTIONARY
360
2D8
102
}
330
1F
100
AcDbEntity
  8
TITLE_BLOCK
100
AcDbMText
 10
358.43
 20
31.2344
 30
0.0
 40
3.90144
 41
93.98000000000002
 71
     5
 72
     1
  1
BfG
  7
ONSHAPE-STANDARD-FIELDS
1001
ONSHAPE_NOTES_REORDERING_D
1071
        0
1070
     0
1001
ACAD
1000
ACAD_MTEXT_DEFINED_HEIGHT_BEGIN
1070
    46
1040
3.954593133514987
1000
ACAD_MTEXT_DEFINED_HEIGHT_END
  0
MTEXT
  5
2D9
330
1F
100
AcDbEntity
  8
TITLE_BLOCK
100
AcDbMText
 10
307.075264
 20
25.593568
 30
0.0
 40
1.30048
 41
12.44599999999999
 71
     1
 72
     1
  1
SIZE
  7
ONSHAPE-STANDARD
  0
MTEXT
  5
2DA
102
{ACAD_XDICTIONARY
360
2DB
102
}
330
1F
100
AcDbEntity
  8
TITLE_BLOCK
100
AcDbMText
 10
312.71
 20
21.684
 30
0.0
 40
4.8768
 41
12.69999999999999
 71
     5
 72
     1
  1
A3
  7
ONSHAPE-STANDARD-FIELDS
1001
ACAD
1000
ACAD_MTEXT_DEFINED_HEIGHT_BEGIN
1070
    46
1040
10.16
1000
ACAD_MTEXT_DEFINED_HEIGHT_END
  0
MTEXT
  5
2E0
330
1F
100
AcDbEntity
  8
TITLE_BLOCK
100
AcDbMText
 10
319.775264
 20
25.593568
 30
0.0
 40
1.30048
 41
79.65439999999997
 71
     1
 72
     1
  1
DWG NO.
  7
ONSHAPE-STANDARD
  0
MTEXT
  5
2E1
102
{ACAD_XDICTIONARY
360
2E2
102
}
330
1F
100
AcDbEntity
  8
TITLE_BLOCK
100
AcDbMText
 10
359.7
 20
21.684
 30
0.0
 40
4.8768
 41
81.27999999999997
 71
     5
 72
     1
  1
----
  7
ONSHAPE-STANDARD-FIELDS
1001
ACAD
1000
ACAD_MTEXT_DEFINED_HEIGHT_BEGIN
1070
    46
1040
10.16
1000
ACAD_MTEXT_DEFINED_HEIGHT_END
  0
MTEXT
  5
2E7
330
1F
100
AcDbEntity
  8
TITLE_BLOCK
100
AcDbMText
 10
401.055264
 20
25.593568
 30
0.0
 40
1.30048
 41
9.956800000000024
 71
     1
 72
     1
  1
REV.
  7
ONSHAPE-STANDARD
  0
MTEXT
  5
2E8
102
{ACAD_XDICTIONARY
360
2E9
102
}
330
1F
100
AcDbEntity
  8
TITLE_BLOCK
100
AcDbMText
 10
405.928
 20
21.684
 30
0.0
 40
4.8768
 41
9.144000000000005
 71
     5
 72
     1
  1
-
  7
ONSHAPE-STANDARD-FIELDS
1001
ACAD
1000
ACAD_MTEXT_DEFINED_HEIGHT_BEGIN
1070
    46
1040
10.16
1000
ACAD_MTEXT_DEFINED_HEIGHT_END
  0
MTEXT
  5
2EE
330
1F
100
AcDbEntity
  8
TITLE_BLOCK
100
AcDbMText
 10
307.075264
 20
15.433568
 30
0.0
 40
1.30048
 41
21.90495999999997
 71
     1
 72
     1
  1
SCALE
  7
ONSHAPE-STANDARD
  0
MTEXT
  5
2EF
102
{ACAD_XDICTIONARY
360
2F0
102
}
330
1F
100
AcDbEntity
  8
TITLE_BLOCK
100
AcDbMText
 10
318.552
 20
13.302
 30
0.0
 40
2.92608
 41
20.31999999999999
 71
     5
 72
     1
  1
1:10
  7
ONSHAPE-STANDARD-FIELDS
1001
ACAD
1000
ACAD_MTEXT_DEFINED_HEIGHT_BEGIN
1070
    46
1040
6.603999999999999
1000
ACAD_MTEXT_DEFINED_HEIGHT_END
  0
MTEXT
  5
2F5
330
1F
100
AcDbEntity
  8
TITLE_BLOCK
100
AcDbMText
 10
329.427264
 20
15.433568
 30
0.0
 40
1.30048
 41
45.30344000000001
 71
     1
 72
     1
  1
WEIGHT
  7
ONSHAPE-STANDARD
  0
MTEXT
  5
2F6
330
1F
100
AcDbEntity
  8
TITLE_BLOCK
100
AcDbMText
 10
351.826
 20
13.302
 30
0.0
 40
2.92608
 41
46.22800000000001
 71
     5
 72
     1
  1
 
  7
ONSHAPE-STANDARD-FIELDS
1001
ACAD
1000
ACAD_MTEXT_DEFINED_HEIGHT_BEGIN
1070
    46
1040
6.603999999999999
1000
ACAD_MTEXT_DEFINED_HEIGHT_END
  0
MTEXT
  5
2F7
330
1F
100
AcDbEntity
  8
TITLE_BLOCK
100
AcDbMText
 10
375.655264
 20
15.433568
 30
0.0
 40
1.30048
 41
34.8488
 71
     1
 72
     1
  1
SHEET
  7
ONSHAPE-STANDARD
  0
MTEXT
  5
2F8
102
{ACAD_XDICTIONARY
360
2F9
102
}
330
1F
100
AcDbEntity
  8
TITLE_BLOCK
100
AcDbMText
 10
393.736
 20
13.302
 30
0.0
 40
2.92608
 41
33.52800000000002
 71
     5
 72
     1
  1
1 of 1
  7
ONSHAPE-STANDARD-FIELDS
1001
ACAD
1000
ACAD_MTEXT_DEFINED_HEIGHT_BEGIN
1070
    46
1040
6.603999999999999
1000
ACAD_MTEXT_DEFINED_HEIGHT_END
  0
MTEXT
  5
2FE
102
{ACAD_XDICTIONARY
360
2FF
102
}
330
1F
100
AcDbEntity
  8
ANNOTATION_TEXT
 62
     7
 60
     1
100
AcDbMText
 10
95.7335667414082
 20
168.791822615482
 30
0.0
 40
3.5
 41
0.0
 71
     2
 72
     1
  1

  7
ONSHAPE-STANDARD-VIEW-LABE
1001
ACAD
1000
ACAD_MTEXT_DEFINED_HEIGHT_BEGIN
1070
    46
1040
3.5
1000
ACAD_MTEXT_DEFINED_HEIGHT_END
  0
MTEXT
  5
304
102
{ACAD_XDICTIONARY
360
305
102
}
330
1F
100
AcDbEntity
  8
ANNOTATION_TEXT
 62
     7
 60
     1
100
AcDbMText
 10
95.7335667414082
 20
49.7863186994328
 30
0.0
 40
3.5
 41
0.0
 71
     2
 72
     1
  1

  7
ONSHAPE-STANDARD-VIEW-LABE
1001
ACAD
1000
ACAD_MTEXT_DEFINED_HEIGHT_BEGIN
1070
    46
1040
3.5
1000
ACAD_MTEXT_DEFINED_HEIGHT_END
  0
DIMENSION
  5
308
102
{ACAD_REACTORS
102
}
102
{ACAD_XDICTIONARY
360
309
102
}
330
1F
100
AcDbEntity
  8
ANNOTATION_TEXT
100
AcDbDimension
  2
*D1
 10
167.9253554040707
 20
116.5363186994328
 30
0.0
 11
167.9253554040707
 21
86.53631869943283
 31
0.0
 70
   160
  3
ONSHAPE-ISO-25$0
100
AcDbAlignedDimension
 13
145.7335667414082
 23
56.53631869943281
 33
0.4999999999999999
 14
145.7335667414082
 24
116.5363186994328
 34
0.5000000000000147
 50
90.0
100
AcDbRotatedDimension
1001
ACAD
1000
DSTYLE
1002
{
1070
     4
1000
[]
1070
   144
1040
10.0
1070
     3
1000

1070
   288
1070
     1
1002
}
1001
ACAD_DIMASSOC_CALC_DIMLFAC
1040
-10.0
1001
ACAD_DIMASSOC_DIMLFAC
1040
-10.0
1001
ACAD_DIMASSOC_OVERRIDDEN_D
1040
0.0
  0
DIMENSION
  5
324
102
{ACAD_REACTORS
102
}
102
{ACAD_XDICTIONARY
360
325
102
}
330
1F
100
AcDbEntity
  8
ANNOTATION_TEXT
100
AcDbDimension
  2
*D2
 10
45.73356674140818
 20
132.4428920028696
 30
0.0
 11
95.7335667414082
 21
132.4428920028696
 31
0.0
 70
   160
  3
ONSHAPE-ISO-25$0
100
AcDbAlignedDimension
 13
145.7335667414082
 23
116.5363186994328
 33
0.5000000000000147
 14
45.73356674140818
 24
116.5363186994328
 34
0.5000000000000147
100
AcDbRotatedDimension
1001
ACAD
1000
DSTYLE
1002
{
1070
     4
1000
[]
1070
   144
1040
10.0
1070
     3
1000

1070
   288
1070
     1
1002
}
1001
ACAD_DIMASSOC_CALC_DIMLFAC
1040
-10.0
1001
ACAD_DIMASSOC_DIMLFAC
1040
-10.0
1001
ACAD_DIMASSOC_OVERRIDDEN_D
1040
0.0
  0
DIMENSION
  5
337
102
{ACAD_REACTORS
102
}
102
{ACAD_XDICTIONARY
360
338
102
}
330
1F
100
AcDbEntity
  8
ANNOTATION_TEXT
100
AcDbDimension
  2
*D3
 10
27.24392108708727
 20
181.921822615482
 30
0.0
 11
27.24392108708727
 21
171.8818597991148
 31
0.0
 70
   160
  3
ONSHAPE-ISO-25$0
100
AcDbAlignedDimension
 13
45.7335667414082
 23
182.921822615482
 33
-0.0000000000000142
 14
45.7335667414082
 24
181.921822615482
 34
-0.0000000000000142
 50
90.0
100
AcDbRotatedDimension
1001
ACAD
1000
DSTYLE
1002
{
1070
     4
1000
[]
1070
   144
1040
10.0
1070
     3
1000

1070
   288
1070
     1
1002
}
1001
ACAD_DIMASSOC_CALC_DIMLFAC
1040
-10.0
1001
ACAD_DIMASSOC_DIMLFAC
1040
-10.0
1001
ACAD_DIMASSOC_OVERRIDDEN_D
1040
0.0
  0
MTEXT
  5
34D
102
{ACAD_XDICTIONARY
360
3EE
102
}
330
1F
100
AcDbEntity
  8
ANNOTATION_TEXT
100
AcDbMText
 10
69.67005201389657
 20
200.2104148210369
 30
0.0
 40
3.5
 41
77.15308824262664
 71
     1
 72
     5
  1
Hinterplatte PE oder PVC grau
  7
ONSHAPE-STANDARD-NOTESTYLE
1001
ONSHAPE_NOTES_REORDERING_D
1071
        0
1070
     0
1001
ACAD
1000
ACAD_MTEXT_DEFINED_HEIGHT_BEGIN
1070
    46
1040
3.547683923705722
1000
ACAD_MTEXT_DEFINED_HEIGHT_END
  0
MTEXT
  5
354
102
{ACAD_XDICTIONARY
360
355
102
}
330
1F
100
AcDbEntity
  8
ANNOTATION_TEXT
 62
     7
 60
     1
100
AcDbMText
 10
317.4919329410742
 20
59.51839951789977
 30
0.0
 40
3.5
 41
0.0
 71
     2
 72
     1
  1

  7
ONSHAPE-STANDARD-VIEW-LABE
1001
ACAD
1000
ACAD_MTEXT_DEFINED_HEIGHT_BEGIN
1070
    46
1040
3.5
1000
ACAD_MTEXT_DEFINED_HEIGHT_END
  0
MTEXT
  5
358
102
{ACAD_REACTORS
102
}
102
{ACAD_XDICTIONARY
360
3F0
102
}
330
1F
100
AcDbEntity
  8
ANNOTATION_TEXT
100
AcDbMText
 10
304.5344324118784
 20
278.6775408323655
 30
0.0
 40
3.5
 41
159.58378746594
 71
     6
 72
     1
  1
Hinterplatte mit entpsrechenden Nutsteinen und Schrauben montiert
  7
ONSHAPE-STANDARD-NOTESTYLE
1001
ONSHAPE_NOTES_REORDERING_D
1071
        0
1070
     0
1001
ACAD
1000
ACAD_MTEXT_DEFINED_HEIGHT_BEGIN
1070
    46
1040
3.547683923705722
1000
ACAD_MTEXT_DEFINED_HEIGHT_END
  0
SOLID
  5
35C
330
1F
100
AcDbEntity
  8
ANNOTATION_TEXT
100
AcDbTrace
 10
266.4938046799621
 20
234.2435994993522
 30
0.0
 11
264.4589243520831
 21
232.7326815127222
 31
0.0
 12
265.8937836936022
 22
234.8218894442519
 32
0.0
 13
265.8937836936022
 23
234.8218894442519
 33
0.0
  0
POLYLINE
  5
35D
330
1F
100
AcDbEntity
  8
ANNOTATION_TEXT
100
AcDb2dPolyline
 66
     1
 10
0.0
 20
0.0
 30
-222.8879882114034
210
0.0
220
-0.8769182817660295
230
-0.4806394980695142
  0
VERTEX
  5
35E
330
35D
100
AcDbEntity
  8
ANNOTATION_TEXT
100
AcDbVertex
100
AcDb2dVertex
 10
264.4589243520831
 20
-77.55943906778097
 30
-222.8879882114034
  0
VERTEX
  5
35F
330
35D
100
AcDbEntity
  8
ANNOTATION_TEXT
100
AcDbVertex
100
AcDb2dVertex
 10
305.7844324118784
 20
-166.7706724311049
 30
-222.8879882114034
  0
VERTEX
  5
360
330
35D
100
AcDbEntity
  8
ANNOTATION_TEXT
100
AcDbVertex
100
AcDb2dVertex
 10
144.9506449459384
 20
-166.7706724311049
 30
-222.8879882114034
  0
SEQEND
  5
361
330
35D
100
AcDbEntity
  8
ANNOTATION_TEXT
  0
ENDSEC
  0
SECTION
  2
OBJECTS
  0
DICTIONARY
  5
C
330
0
100
AcDbDictionary
  3
ACAD_FIELDLIST
350
307
  3
ACAD_GROUP
350
D
  3
ACAD_LAYOUT
350
1A
  3
ACAD_MATERIAL
350
43
  3
ACAD_MLEADERSTYLE
350
6B
  3
ACAD_MLINESTYLE
350
17
  3
ACAD_PLOTSETTINGS
350
19
  3
ACAD_SCALELIST
350
47
  3
ACAD_VISUALSTYLE
350
2A
  3
ACDB_RECOMPOSE_DATA
350
3FD
  3
ACDBHEADERROUNDTRIPXREC
350
3C4
  3
ACDBVARIABLEDICTIONARY
350
6E
  3
DWGPROPS
350
3EB
  3
ONSHAPE_DATA
350
362
  0
DICTIONARY
  5
3F2
330
8
100
AcDbDictionary
280
     1
  3
ACAD_XREC_ROUNDTRIP
360
3F3
  0
DICTIONARY
  5
29D
330
29C
100
AcDbDictionary
280
     1
  0
DICTIONARY
  5
2A4
330
2A3
100
AcDbDictionary
280
     1
  0
DICTIONARY
  5
2AE
330
2AD
100
AcDbDictionary
280
     1
  0
DICTIONARY
  5
2B4
330
2B3
100
AcDbDictionary
280
     1
  0
DICTIONARY
  5
2CE
330
2CD
100
AcDbDictionary
280
     1
  0
DICTIONARY
  5
2D4
330
2D3
100
AcDbDictionary
280
     1
  3
ACAD_MTEXT_RT
360
3EC
  0
DICTIONARY
  5
2D8
330
2D7
100
AcDbDictionary
280
     1
  3
ACAD_MTEXT_RT
360
3ED
  0
DICTIONARY
  5
2DB
330
2DA
100
AcDbDictionary
280
     1
  0
DICTIONARY
  5
2E2
330
2E1
100
AcDbDictionary
280
     1
  0
DICTIONARY
  5
2E9
330
2E8
100
AcDbDictionary
280
     1
  0
DICTIONARY
  5
2F0
330
2EF
100
AcDbDictionary
280
     1
  0
DICTIONARY
  5
2F9
330
2F8
100
AcDbDictionary
280
     1
  0
DICTIONARY
  5
2FF
330
2FE
100
AcDbDictionary
280
     1
  3
ONSHAPE_VIEW_ID
360
300
  0
DICTIONARY
  5
305
330
304
100
AcDbDictionary
280
     1
  3
ONSHAPE_VIEW_ID
360
306
  0
DICTIONARY
  5
309
330
308
100
AcDbDictionary
280
     1
  3
ACAD_BREAKDATA
360
30D
  3
OS_DIM_DISPLAY_FLAG_DATA
360
30A
  0
DICTIONARY
  5
325
330
324
100
AcDbDictionary
280
     1
  3
ACAD_BREAKDATA
360
329
  3
OS_DIM_DISPLAY_FLAG_DATA
360
326
  0
DICTIONARY
  5
338
330
337
100
AcDbDictionary
280
     1
  3
ACAD_BREAKDATA
360
33C
  3
OS_DIM_DISPLAY_FLAG_DATA
360
339
  0
DICTIONARY
  5
3EE
330
34D
100
AcDbDictionary
280
     1
  3
ACAD_MTEXT_RT
360
3EF
  0
DICTIONARY
  5
355
330
354
100
AcDbDictionary
280
     1
  3
ONSHAPE_VIEW_ID
360
356
  0
DICTIONARY
  5
3F0
330
358
100
AcDbDictionary
280
     1
  3
ACAD_MTEXT_RT
360
3F1
  0
ACAD_PROXY_OBJECT
  5
307
102
{ACAD_REACTORS
330
C
102
}
330
C
100
AcDbProxyObject
 90
      499
 91
      509
 93
       11
310
4500
330
2A0
330
2A1
330
2A7
330
2A8
330
2B1
330
2B2
330
2B7
330
2B8
330
2D1
330
2D2
330
2DE
330
2DF
330
2E5
330
2E6
330
2EC
330
2ED
330
2F3
330
2F4
330
2FC
330
2FD
 94
        0
  0
DICTIONARY
  5
D
102
{ACAD_REACTORS
330
C
102
}
330
C
100
AcDbDictionary
  0
DICTIONARY
  5
1A
102
{ACAD_REACTORS
330
C
102
}
330
C
100
AcDbDictionary
  0
DICTIONARY
  5
43
102
{ACAD_REACTORS
330
C
102
}
330
C
100
AcDbDictionary
  3
BYBLOCK
350
45
  3
BYLAYER
350
44
  3
GLOBAL
350
46
  0
DICTIONARY
  5
6B
102
{ACAD_REACTORS
330
C
102
}
330
C
100
AcDbDictionary
  3
STANDARD
350
6C
  0
DICTIONARY
  5
17
102
{ACAD_REACTORS
330
C
102
}
330
C
100
AcDbDictionary
  3
STANDARD
350
18
  0
DICTIONARY
  5
19
102
{ACAD_REACTORS
330
C
102
}
330
C
100
AcDbDictionary
  0
DICTIONARY
  5
47
102
{ACAD_REACTORS
330
C
102
}
330
C
100
AcDbDictionary
  3
A0
350
48
  3
A1
350
49
  3
A2
350
4A
  3
A3
350
4B
  3
A4
350
4C
  3
A5
350
4D
  3
A6
350
4E
  3
A7
350
4F
  3
A8
350
50
  3
A9
350
51
  3
B0
350
52
  3
B1
350
53
  3
B2
350
54
  3
B3
350
55
  3
B4
350
56
  3
B5
350
57
  3
B6
350
58
  3
B7
350
59
  3
B8
350
5A
  3
B9
350
5B
  3
C0
350
5C
  3
C1
350
5D
  3
C2
350
5E
  3
C3
350
5F
  3
C4
350
60
  3
C5
350
61
  3
C6
350
62
  3
C7
350
63
  3
C8
350
64
  3
C9
350
65
  3
D0
350
66
  3
D1
350
67
  3
D2
350
68
  0
DICTIONARY
  5
2A
102
{ACAD_REACTORS
330
C
102
}
330
C
100
AcDbDictionary
  3
2DWIREFRAME
350
2F
  3
BASIC
350
32
  3
BRIGHTEN
350
36
  3
COLORCHANGE
350
3A
  3
CONCEPTUAL
350
34
  3
DIM
350
35
  3
EDGECOLOROFF
350
3D
  3
FACEPATTERN
350
39
  3
FLAT
350
2B
  3
FLATWITHEDGES
350
2C
  3
GOURAUD
350
2D
  3
GOURAUDWITHEDGES
350
2E
  3
HIDDEN
350
31
  3
JITTEROFF
350
3B
  3
LINEPATTERN
350
38
  3
OVERHANGOFF
350
3C
  3
REALISTIC
350
33
  3
SHADED
350
42
  3
SHADED_WITH_EDGES
350
41
  3
SHADES_OF_GRAY
350
3E
  3
SKETCHY
350
3F
  3
THICKEN
350
37
  3
WIREFRAME
350
30
  3
X-RAY
350
40
  0
XRECORD
  5
3FD
102
{ACAD_REACTORS
330
C
102
}
330
C
100
AcDbXrecord
 90
        1
330
2D3
330
2D7
330
34D
330
358
  0
DICTIONARY
  5
3C4
102
{ACAD_REACTORS
330
C
102
}
330
C
100
AcDbDictionary
  3
CEPSNID
350
3CE
  3
CEPSNTYPE
350
3CD
  3
DIMSTYLEDATA
350
3E4
  3
FINGERPRINTGUID
350
3CF
  3
HYPERLINKBASE
350
3C7
  3
INSUNITS
350
3CC
  3
LAYOUTDICT
350
3C9
  3
LWETCUNION
350
3CB
  3
PLOTSETDICT
350
3CA
  3
PSVPSCALE
350
3D1
  3
PUCSBASE
350
3D4
  3
PUCSORGBACK
350
3DA
  3
PUCSORGBOTTOM
350
3D6
  3
PUCSORGFRONT
350
3D9
  3
PUCSORGLEFT
350
3D7
  3
PUCSORGRIGHT
350
3D8
  3
PUCSORGTOP
350
3D5
  3
PUCSORTHOREF
350
3D2
  3
PUCSORTHOVIEW
350
3D3
  3
STYLESHEET
350
3C8
  3
TSTACKALIGN
350
3C5
  3
TSTACKSIZE
350
3C6
  3
UCSBASE
350
3DD
  3
UCSORGBACK
350
3E3
  3
UCSORGBOTTOM
350
3DF
  3
UCSORGFRONT
350
3E2
  3
UCSORGLEFT
350
3E0
  3
UCSORGRIGHT
350
3E1
  3
UCSORGTOP
350
3DE
  3
UCSORTHOREF
350
3DB
  3
UCSORTHOVIEW
350
3DC
  3
VERSIONGUID
350
3D0
  0
DICTIONARY
  5
6E
102
{ACAD_REACTORS
330
C
102
}
330
C
100
AcDbDictionary
  3
CANNOSCALE
350
3F4
  3
CMLEADERSTYLE
350
3E6
  3
CTABLESTYLE
350
3E5
  3
DIMASSOC
350
3E9
  3
HIDETEXT
350
3EA
  3
MSLTSCALE
350
3F5
  3
OLEFRAME
350
6F
  0
XRECORD
  5
3EB
102
{ACAD_REACTORS
330
C
102
}
330
C
100
AcDbXrecord
  1
DWGPROPS COOKIE
  2

  3

  4

  6

  7

  8
nobody
  9

300
=
301
=
302
=
303
=
304
=
305
=
306
=
307
=
308
=
309
=
 40
0.0
 41
2461104.301215324
 42
2461104.30121603
  1

 90
        0
  0
DICTIONARY
  5
362
102
{ACAD_REACTORS
330
C
102
}
330
C
100
AcDbDictionary
280
     1
  3
DIM_UNITS
360
363
  3
ONSHAPE_ANG_TOL_PRECISION
360
366
  3
ONSHAPE_BREAK_DIMENSION_DEFAULT
360
36C
  3
ONSHAPE_DIMENSION_TEXT_HOR
360
36B
  3
ONSHAPE_FITCLASS_TOL_PRECISION
360
367
  3
ONSHAPE_JOGDIMENSION_LOCK_
360
369
  3
ONSHAPE_SHOWDIMENSIONSLINE
360
36A
  3
ONSHAPE_UNDERLINEOVERRIDEN
360
368
  3
ONSHAPE_VSHARP_EXTENSION
360
365
  3
ONSHAPE_WELD_STANDARD
360
364
  0
XRECORD
  5
3F3
102
{ACAD_REACTORS
330
3F2
102
}
330
3F2
100
AcDbXrecord
102
VTR_0.000_0.000_1.000_1.000_VISUALSTYLE
340
2F
102
VTR_0.000_0.000_1.000_1.000_GRIDDISPLAY
 70
     3
102
VTR_0.000_0.000_1.000_1.000_GRIDMAJOR
 70
     5
102
VTR_0.000_0.000_1.000_1.000_DEFAULTLIGHTING
280
     1
102
VTR_0.000_0.000_1.000_1.000_DEFAULTLIGHTINGTYPE
 70
     1
102
VTR_0.000_0.000_1.000_1.000_BRIGHTNESS
141
0.0
102
VTR_0.000_0.000_1.000_1.000_CONTRAST
142
0.0
  0
XRECORD
  5
3EC
102
{ACAD_REACTORS
330
2D4
102
}
330
2D4
100
AcDbXrecord
 40
8434.0
  1
{\pxqc;Hinterplatte}
  0
XRECORD
  5
3ED
102
{ACAD_REACTORS
330
2D8
102
}
330
2D8
100
AcDbXrecord
 40
483.0
  1
{\pxqc;BfG}
  0
XRECORD
  5
300
102
{ACAD_REACTORS
330
2FF
102
}
330
2FF
100
AcDbXrecord
330
0
  0
XRECORD
  5
306
102
{ACAD_REACTORS
330
305
102
}
330
305
100
AcDbXrecord
330
0
  0
BREAKDATA
  5
30D
102
{ACAD_REACTORS
330
309
102
}
330
309
100
AcDbBreakData
 70
     0
330
308
 90
        0
  0
XRECORD
  5
30A
102
{ACAD_REACTORS
330
309
102
}
330
309
100
AcDbXrecord
 90
        1
 90
        0
  0
BREAKDATA
  5
329
102
{ACAD_REACTORS
330
325
102
}
330
325
100
AcDbBreakData
 70
     0
330
324
 90
        0
  0
XRECORD
  5
326
102
{ACAD_REACTORS
330
325
102
}
330
325
100
AcDbXrecord
 90
        1
 90
        0
  0
BREAKDATA
  5
33C
102
{ACAD_REACTORS
330
338
102
}
330
338
100
AcDbBreakData
 70
     0
330
337
 90
        0
  0
XRECORD
  5
339
102
{ACAD_REACTORS
330
338
102
}
330
338
100
AcDbXrecord
 90
        1
 90
        0
  0
XRECORD
  5
3EF
102
{ACAD_REACTORS
330
3EE
102
}
330
3EE
100
AcDbXrecord
 40
38086.0
  1
{\pxql;Hinterplatte PE oder PVC grau}
  0
XRECORD
  5
356
102
{ACAD_REACTORS
330
355
102
}
330
355
100
AcDbXrecord
330
0
  0
XRECORD
  5
3F1
102
{ACAD_REACTORS
330
3F0
102
}
330
3F0
100
AcDbXrecord
 40
213754.0
  1
{\pxqr;Hinterplatte mit entpsrechenden Nutsteinen und Schrauben montiert}
  0
MATERIAL
  5
45
102
{ACAD_REACTORS
330
43
102
}
102
{ACAD_XDICTIONARY
360
3F8
102
}
330
43
100
AcDbMaterial
  1
BYBLOCK
  0
MATERIAL
  5
44
102
{ACAD_REACTORS
330
43
102
}
102
{ACAD_XDICTIONARY
360
3F6
102
}
330
43
100
AcDbMaterial
  1
BYLAYER
  0
MATERIAL
  5
46
102
{ACAD_REACTORS
330
43
102
}
102
{ACAD_XDICTIONARY
360
3FA
102
}
330
43
100
AcDbMaterial
  1
GLOBAL
  0
ACAD_PROXY_OBJECT
  5
6C
102
{ACAD_REACTORS
330
6B
102
}
330
6B
100
AcDbProxyObject
 90
      499
 91
      505
 93
      610
310
40901902A4063FBFFFFFE056BD1B81E855B9FC0AD7A3703D0AD73F4214DD185B99185C9900AD7A3703D0AC73F90140501A02B5E8DC0F42B1CFC02B5E8DC0F42B1CFE5764000000000000300FC0
340
14
340
0
340
11
340
0
 94
        0
1001
ACAD_MLEADERVER
1070
     2
  0
MLINESTYLE
  5
18
102
{ACAD_REACTORS
330
17
102
}
330
17
100
AcDbMlineStyle
  2
Standard
 70
     0
  3

 62
   256
 51
90.0
 52
90.0
 71
     2
 49
0.5
 62
   256
  6
BYLAYER
 49
-0.5
 62
   256
  6
BYLAYER
  0
ACAD_PROXY_OBJECT
  5
48
102
{ACAD_REACTORS
330
47
102
}
330
47
100
AcDbProxyObject
 90
      499
 91
      503
 93
       41
310
903313A31580
  0
ACAD_PROXY_OBJECT
  5
49
102
{ACAD_REACTORS
330
47
102
}
330
47
100
AcDbProxyObject
 90
      499
 91
      503
 93
      105
310
903313A324000000000000004000
  0
ACAD_PROXY_OBJECT
  5
4A
102
{ACAD_REACTORS
330
47
102
}
330
47
100
AcDbProxyObject
 90
      499
 91
      503
 93
      105
310
903313A344000000000000104000
  0
ACAD_PROXY_OBJECT
  5
4B
102
{ACAD_REACTORS
330
47
102
}
330
47
100
AcDbProxyObject
 90
      499
 91
      503
 93
      105
310
903313A354000000000000144000
  0
ACAD_PROXY_OBJECT
  5
4C
102
{ACAD_REACTORS
330
47
102
}
330
47
100
AcDbProxyObject
 90
      499
 91
      503
 93
      105
310
903313A384000000000000204000
  0
ACAD_PROXY_OBJECT
  5
4D
102
{ACAD_REACTORS
330
47
102
}
330
47
100
AcDbProxyObject
 90
      499
 91
      503
 93
      113
310
904313A31304000000000000244000
  0
ACAD_PROXY_OBJECT
  5
4E
102
{ACAD_REACTORS
330
47
102
}
330
47
100
AcDbProxyObject
 90
      499
 91
      503
 93
      113
310
904313A31364000000000000304000
  0
ACAD_PROXY_OBJECT
  5
4F
102
{ACAD_REACTORS
330
47
102
}
330
47
100
AcDbProxyObject
 90
      499
 91
      503
 93
      113
310
904313A32304000000000000344000
  0
ACAD_PROXY_OBJECT
  5
50
102
{ACAD_REACTORS
330
47
102
}
330
47
100
AcDbProxyObject
 90
      499
 91
      503
 93
      113
310
904313A333040000000000003E4000
  0
ACAD_PROXY_OBJECT
  5
51
102
{ACAD_REACTORS
330
47
102
}
330
47
100
AcDbProxyObject
 90
      499
 91
      503
 93
      113
310
904313A34304000000000000444000
  0
ACAD_PROXY_OBJECT
  5
52
102
{ACAD_REACTORS
330
47
102
}
330
47
100
AcDbProxyObject
 90
      499
 91
      503
 93
      113
310
904313A35304000000000000494000
  0
ACAD_PROXY_OBJECT
  5
53
102
{ACAD_REACTORS
330
47
102
}
330
47
100
AcDbProxyObject
 90
      499
 91
      503
 93
      121
310
905313A3130304000000000000594000
  0
ACAD_PROXY_OBJECT
  5
54
102
{ACAD_REACTORS
330
47
102
}
330
47
100
AcDbProxyObject
 90
      499
 91
      503
 93
      105
310
903323A310000000000000010100
  0
ACAD_PROXY_OBJECT
  5
55
102
{ACAD_REACTORS
330
47
102
}
330
47
100
AcDbProxyObject
 90
      499
 91
      503
 93
      105
310
903343A310000000000000410100
  0
ACAD_PROXY_OBJECT
  5
56
102
{ACAD_REACTORS
330
47
102
}
330
47
100
AcDbProxyObject
 90
      499
 91
      503
 93
      105
310
903383A310000000000000810100
  0
ACAD_PROXY_OBJECT
  5
57
102
{ACAD_REACTORS
330
47
102
}
330
47
100
AcDbProxyObject
 90
      499
 91
      503
 93
      113
310
90431303A310000000000000910100
  0
ACAD_PROXY_OBJECT
  5
58
102
{ACAD_REACTORS
330
47
102
}
330
47
100
AcDbProxyObject
 90
      499
 91
      503
 93
      121
310
9053130303A310000000000001650100
  0
ACAD_PROXY_OBJECT
  5
59
102
{ACAD_REACTORS
330
47
102
}
330
47
100
AcDbProxyObject
 90
      499
 91
      503
 93
      257
310
90E312F31323822203D2031272D3022000000000000200FC000000000000284000
  0
ACAD_PROXY_OBJECT
  5
5A
102
{ACAD_REACTORS
330
47
102
}
330
47
100
AcDbProxyObject
 90
      499
 91
      503
 93
      249
310
90D312F363422203D2031272D3022000000000000240FC000000000000284000
  0
ACAD_PROXY_OBJECT
  5
5B
102
{ACAD_REACTORS
330
47
102
}
330
47
100
AcDbProxyObject
 90
      499
 91
      503
 93
      249
310
90D312F333222203D2031272D3022000000000000280FC000000000000284000
  0
ACAD_PROXY_OBJECT
  5
5C
102
{ACAD_REACTORS
330
47
102
}
330
47
100
AcDbProxyObject
 90
      499
 91
      503
 93
      249
310
90D312F313622203D2031272D30220000000000002C0FC000000000000284000
  0
ACAD_PROXY_OBJECT
  5
5D
102
{ACAD_REACTORS
330
47
102
}
330
47
100
AcDbProxyObject
 90
      499
 91
      503
 93
      249
310
90D332F333222203D2031272D30220000000000002E0FC000000000000284000
  0
ACAD_PROXY_OBJECT
  5
5E
102
{ACAD_REACTORS
330
47
102
}
330
47
100
AcDbProxyObject
 90
      499
 91
      503
 93
      241
310
90C312F3822203D2031272D3022000000000000300FC000000000000284000
  0
ACAD_PROXY_OBJECT
  5
5F
102
{ACAD_REACTORS
330
47
102
}
330
47
100
AcDbProxyObject
 90
      499
 91
      503
 93
      249
310
90D332F313622203D2031272D3022000000000000320FC000000000000284000
  0
ACAD_PROXY_OBJECT
  5
60
102
{ACAD_REACTORS
330
47
102
}
330
47
100
AcDbProxyObject
 90
      499
 91
      503
 93
      241
310
90C312F3422203D2031272D3022000000000000340FC000000000000284000
  0
ACAD_PROXY_OBJECT
  5
61
102
{ACAD_REACTORS
330
47
102
}
330
47
100
AcDbProxyObject
 90
      499
 91
      503
 93
      241
310
90C332F3822203D2031272D3022000000000000360FC000000000000284000
  0
ACAD_PROXY_OBJECT
  5
62
102
{ACAD_REACTORS
330
47
102
}
330
47
100
AcDbProxyObject
 90
      499
 91
      503
 93
      241
310
90C312F3222203D2031272D3022000000000000380FC000000000000284000
  0
ACAD_PROXY_OBJECT
  5
63
102
{ACAD_REACTORS
330
47
102
}
330
47
100
AcDbProxyObject
 90
      499
 91
      503
 93
      241
310
90C332F3422203D2031272D30220000000000003A0FC000000000000284000
  0
ACAD_PROXY_OBJECT
  5
64
102
{ACAD_REACTORS
330
47
102
}
330
47
100
AcDbProxyObject
 90
      499
 91
      503
 93
      161
310
90A3122203D2031272D30224000000000000284000
  0
ACAD_PROXY_OBJECT
  5
65
102
{ACAD_REACTORS
330
47
102
}
330
47
100
AcDbProxyObject
 90
      499
 91
      503
 93
      257
310
90E312D312F3222203D2031272D30220000000000003E0FC000000000000284000
  0
ACAD_PROXY_OBJECT
  5
66
102
{ACAD_REACTORS
330
47
102
}
330
47
100
AcDbProxyObject
 90
      499
 91
      503
 93
      225
310
90A3322203D2031272D302200000000000002100000000000000284000
  0
ACAD_PROXY_OBJECT
  5
67
102
{ACAD_REACTORS
330
47
102
}
330
47
100
AcDbProxyObject
 90
      499
 91
      503
 93
      225
310
90A3622203D2031272D302200000000000006100000000000000284000
  0
ACAD_PROXY_OBJECT
  5
68
102
{ACAD_REACTORS
330
47
102
}
330
47
100
AcDbProxyObject
 90
      499
 91
      503
 93
      249
310
90D31272D3022203D2031272D30220000000000000A100000000000000284000
  0
ACAD_PROXY_OBJECT
  5
2F
102
{ACAD_REACTORS
330
2A
102
}
330
2A
100
AcDbProxyObject
 90
      499
 91
      501
 93
      436
310
42CC9915DA5C99599C985B595049028333333333333E33F0000000000000F90107901411070040501600405405064090741402480A0340
1001
ACAD
1000
AcDbSavedByObjectVersion
1070
     0
  0
ACAD_PROXY_OBJECT
  5
32
102
{ACAD_REACTORS
330
2A
102
}
330
2A
100
AcDbProxyObject
 90
      499
 91
      501
 93
      388
310
4150985CDA58D07406404333333333333E33F0000000000000F90107A41107004050150841D405064090741402480A0350
1001
ACAD
1000
AcDbSavedByObjectVersion
1070
     0
  0
ACAD_PROXY_OBJECT
  5
36
102
{ACAD_REACTORS
330
2A
102
}
330
2A
100
AcDbProxyObject
 90
      499
 91
      501
 93
      428
310
42109C9A59DA1D195B90C409028333333333333E33F0000000000000F9010790141107004050150841D405064090741402480A029950
1001
ACAD
1000
AcDbSavedByObjectVersion
1070
     0
  0
ACAD_PROXY_OBJECT
  5
3A
102
{ACAD_REACTORS
330
2A
102
}
330
2A
100
AcDbProxyObject
 90
      499
 91
      501
 93
      452
310
42D0DBDB1BDC90DA185B99D95104090240C333333333333E33F0000000000000F90108901411070040501508421405064090741402480A0350
1001
ACAD
1000
AcDbSavedByObjectVersion
1070
     0
  0
ACAD_PROXY_OBJECT
  5
34
102
{ACAD_REACTORS
330
2A
102
}
330
2A
100
AcDbProxyObject
 90
      499
 91
      501
 93
      500
310
4290DBDB98D95C1D1D585B10940D028333333333333E33F0000000000000F90107902409070040501000000000018199010841D405064090740C02480A0340
1001
ACAD
1000
AcDbSavedByObjectVersion
1070
     0
  0
ACAD_PROXY_OBJECT
  5
35
102
{ACAD_REACTORS
330
2A
102
}
330
2A
100
AcDbProxyObject
 90
      499
 91
      501
 93
      412
310
40D11A5B50B409028333333333333E33F0000000000000F9010790141107004050150841D405064090741402480A02677FFFFFD0
1001
ACAD
1000
AcDbSavedByObjectVersion
1070
     0
  0
ACAD_PROXY_OBJECT
  5
3D
102
{ACAD_REACTORS
330
2A
102
}
330
2A
100
AcDbProxyObject
 90
      499
 91
      501
 93
      452
310
43115919D950DBDB1BDC93D999916409028333333333333E33F0000000000000F9010790141107004050150841D405064090741402480A0350
1001
ACAD
1000
AcDbSavedByObjectVersion
1070
     0
  0
ACAD_PROXY_OBJECT
  5
39
102
{ACAD_REACTORS
330
2A
102
}
330
2A
100
AcDbProxyObject
 90
      499
 91
      501
 93
      444
310
42D19858D95C185D1D195C9B90F409028333333333333E33F0000000000000F9010790141107004050150841D405064090741402480A0350
1001
ACAD
1000
AcDbSavedByObjectVersion
1070
     0
  0
ACAD_PROXY_OBJECT
  5
2B
102
{ACAD_REACTORS
330
2A
102
}
330
2A
100
AcDbProxyObject
 90
      499
 91
      501
 93
      380
310
41119B185D240901404333333333333E33F0000000000000F9010740A907004050150841D405064090741402480A1B50
1001
ACAD
1000
AcDbSavedByObjectVersion
1070
     0
  0
ACAD_PROXY_OBJECT
  5
2C
102
{ACAD_REACTORS
330
2A
102
}
330
2A
100
AcDbProxyObject
 90
      499
 91
      501
 93
      468
310
43519B185D15DA5D1A115919D95CD0140901404333333333333E33F0000000000000F90107409019070040501600405405064090741402480A1B50
1001
ACAD
1000
AcDbSavedByObjectVersion
1070
     0
  0
ACAD_PROXY_OBJECT
  5
2D
102
{ACAD_REACTORS
330
2A
102
}
330
2A
100
AcDbProxyObject
 90
      499
 91
      501
 93
      404
310
41D1DBDD5C985D5910240902404333333333333E33F0000000000000F9010740A9070040501641D405064090741402480A1B50
1001
ACAD
1000
AcDbSavedByObjectVersion
1070
     0
  0
ACAD_PROXY_OBJECT
  5
2E
102
{ACAD_REACTORS
330
2A
102
}
330
2A
100
AcDbProxyObject
 90
      499
 91
      501
 93
      492
310
4411DBDD5C985D5915DA5D1A115919D95CD0340902404333333333333E33F0000000000000F90107409019070040501600405405064090741402480A1B50
1001
ACAD
1000
AcDbSavedByObjectVersion
1070
     0
  0
ACAD_PROXY_OBJECT
  5
31
102
{ACAD_REACTORS
330
2A
102
}
330
2A
100
AcDbProxyObject
 90
      499
 91
      501
 93
      476
310
41921A5919195B90640502408333333333333E33F0000000000000F901079024090700405020000000000001110200405405064090740C02480A0340
1001
ACAD
1000
AcDbSavedByObjectVersion
1070
     0
  0
ACAD_PROXY_OBJECT
  5
3B
102
{ACAD_REACTORS
330
2A
102
}
330
2A
100
AcDbProxyObject
 90
      499
 91
      501
 93
      428
310
42529A5D1D195C93D999914409028333333333333E33F0000000000000F9010790141107004050150A41D405064090741402480A0350
1001
ACAD
1000
AcDbSavedByObjectVersion
1070
     0
  0
ACAD_PROXY_OBJECT
  5
38
102
{ACAD_REACTORS
330
2A
102
}
330
2A
100
AcDbProxyObject
 90
      499
 91
      501
 93
      444
310
42D31A5B995C185D1D195C9B90E409028333333333333E33F0000000000000F9010790141107004050750841D405064090741402483A0350
1001
ACAD
1000
AcDbSavedByObjectVersion
1070
     0
  0
ACAD_PROXY_OBJECT
  5
3C
102
{ACAD_REACTORS
330
2A
102
}
330
2A
100
AcDbProxyObject
 90
      499
 91
      501
 93
      444
310
42D3DD995C9A185B99D3D999915409028333333333333E33F0000000000000F9010790141107004050150941D405064090741402480A0350
1001
ACAD
1000
AcDbSavedByObjectVersion
1070
     0
  0
ACAD_PROXY_OBJECT
  5
33
102
{ACAD_REACTORS
330
2A
102
}
330
2A
100
AcDbProxyObject
 90
      499
 91
      501
 93
      428
310
425499585B1A5CDD1A58D08409038333333333333E33F0000000000000F9010740A907004050150800405405064090740C02480A1B40
1001
ACAD
1000
AcDbSavedByObjectVersion
1070
     0
  0
ACAD_PROXY_OBJECT
  5
42
102
{ACAD_REACTORS
330
2A
102
}
330
2A
100
AcDbProxyObject
 90
      499
 91
      501
 93
      420
310
4194DA1859195911B40902404333333333333E33F0000000000000F9010740A41107004050150800405405064090840C02480A0B40
1001
ACAD
1000
AcDbSavedByObjectVersion
1070
     0
  0
ACAD_PROXY_OBJECT
  5
41
102
{ACAD_REACTORS
330
2A
102
}
330
2A
100
AcDbProxyObject
 90
      499
 91
      501
 93
      516
310
4454DA18591959081DDA5D1A08195919D95CD1A40902404333333333333E33F0000000000000F901074090142907004050250800405405064090740C02480A0B40
1001
ACAD
1000
AcDbSavedByObjectVersion
1070
     0
  0
ACAD_PROXY_OBJECT
  5
3E
102
{ACAD_REACTORS
330
2A
102
}
330
2A
100
AcDbProxyObject
 90
      499
 91
      501
 93
      532
310
4394DA1859195CC81BD98811DC985E5174090240C333333333333E33F0000000000000F901079024090741D01000000000000111010841D405064090740C02480A0340
1001
ACAD
1000
AcDbSavedByObjectVersion
1070
     0
  0
ACAD_PROXY_OBJECT
  5
3F
102
{ACAD_REACTORS
330
2A
102
}
330
2A
100
AcDbProxyObject
 90
      499
 91
      501
 93
      476
310
41D4DAD95D18DA1E51840502408333333333333E33F0000000000000F901079024090741D01000000000000111010B41D405064090741802480A0340
1001
ACAD
1000
AcDbSavedByObjectVersion
1070
     0
  0
ACAD_PROXY_OBJECT
  5
37
102
{ACAD_REACTORS
330
2A
102
}
330
2A
100
AcDbProxyObject
 90
      499
 91
      501
 93
      412
310
41D51A1A58DAD95B90D409028333333333333E33F0000000000000F9010790141107004050150C41D405064090741402480A0350
1001
ACAD
1000
AcDbSavedByObjectVersion
1070
     0
  0
ACAD_PROXY_OBJECT
  5
30
102
{ACAD_REACTORS
330
2A
102
}
330
2A
100
AcDbProxyObject
 90
      499
 91
      501
 93
      420
310
4255DA5C99599C985B595059028333333333333E33F0000000000000F90107901411070040501600405405064090740C02480A0340
1001
ACAD
1000
AcDbSavedByObjectVersion
1070
     0
  0
ACAD_PROXY_OBJECT
  5
40
102
{ACAD_REACTORS
330
2A
102
}
330
2A
100
AcDbProxyObject
 90
      499
 91
      501
 93
      404
310
41560B54985E51940902404000000000000E03F0000000000000F9010740501907004050150841D405064090740C02480A1B40
1001
ACAD
1000
AcDbSavedByObjectVersion
1070
     0
  0
XRECORD
  5
3CE
102
{ACAD_REACTORS
330
3C4
102
}
330
3C4
100
AcDbXrecord
340
0
  0
XRECORD
  5
3CD
102
{ACAD_REACTORS
330
3C4
102
}
330
3C4
100
AcDbXrecord
 90
        0
  0
XRECORD
  5
3E4
102
{ACAD_REACTORS
330
3C4
102
}
330
3C4
100
AcDbXrecord
1000
DSTYLE
1002
{
1070
   179
 70
     1
1070
   171
 70
     3
1070
   143
 40
0.03937
1070
   274
 70
     3
1070
   285
 70
     8
1070
    41
 40
2.5
1070
   141
 40
2.5
1070
   176
 70
     7
1070
   177
 70
     7
1070
   178
 70
     7
1070
   271
 70
     2
1070
    43
 40
3.75
1070
   278
 70
    44
1070
    44
 40
1.25
1070
    42
 40
0.625
1070
   147
 40
0.625
1070
   144
 40
10.0
1070
   371
 70
    13
1070
   372
 70
    13
1070
    77
 70
     1
1070
   272
 70
     2
1070
    73
 70
     0
1070
   172
 70
     1
1070
    74
 70
     0
1070
   283
 70
     0
1070
   340
340
73
1070
   140
 40
3.5
1070
   284
 70
     8
1070
   288
 70
     1
1070
    78
 70
     8
1002
}
  0
XRECORD
  5
3CF
102
{ACAD_REACTORS
330
3C4
102
}
330
3C4
100
AcDbXrecord
  1
{72363431-32e5-3372-3572-713775716134}
  0
XRECORD
  5
3C7
102
{ACAD_REACTORS
330
3C4
102
}
330
3C4
100
AcDbXrecord
  1

  0
XRECORD
  5
3CC
102
{ACAD_REACTORS
330
3C4
102
}
330
3C4
100
AcDbXrecord
 90
        0
  0
XRECORD
  5
3C9
102
{ACAD_REACTORS
330
3C4
102
}
330
3C4
100
AcDbXrecord
340
1A
  0
XRECORD
  5
3CB
102
{ACAD_REACTORS
330
3C4
102
}
330
3C4
100
AcDbXrecord
 90
    10269
  0
XRECORD
  5
3CA
102
{ACAD_REACTORS
330
3C4
102
}
330
3C4
100
AcDbXrecord
340
19
  0
XRECORD
  5
3D1
102
{ACAD_REACTORS
330
3C4
102
}
330
3C4
100
AcDbXrecord
 40
0.0
  0
XRECORD
  5
3D4
102
{ACAD_REACTORS
330
3C4
102
}
330
3C4
100
AcDbXrecord
340
0
  0
XRECORD
  5
3DA
102
{ACAD_REACTORS
330
3C4
102
}
330
3C4
100
AcDbXrecord
 10
0.0
 20
0.0
 30
0.0
  0
XRECORD
  5
3D6
102
{ACAD_REACTORS
330
3C4
102
}
330
3C4
100
AcDbXrecord
 10
0.0
 20
0.0
 30
0.0
  0
XRECORD
  5
3D9
102
{ACAD_REACTORS
330
3C4
102
}
330
3C4
100
AcDbXrecord
 10
0.0
 20
0.0
 30
0.0
  0
XRECORD
  5
3D7
102
{ACAD_REACTORS
330
3C4
102
}
330
3C4
100
AcDbXrecord
 10
0.0
 20
0.0
 30
0.0
  0
XRECORD
  5
3D8
102
{ACAD_REACTORS
330
3C4
102
}
330
3C4
100
AcDbXrecord
 10
0.0
 20
0.0
 30
0.0
  0
XRECORD
  5
3D5
102
{ACAD_REACTORS
330
3C4
102
}
330
3C4
100
AcDbXrecord
 10
0.0
 20
0.0
 30
0.0
  0
XRECORD
  5
3D2
102
{ACAD_REACTORS
330
3C4
102
}
330
3C4
100
AcDbXrecord
340
0
  0
XRECORD
  5
3D3
102
{ACAD_REACTORS
330
3C4
102
}
330
3C4
100
AcDbXrecord
 70
     0
  0
XRECORD
  5
3C8
102
{ACAD_REACTORS
330
3C4
102
}
330
3C4
100
AcDbXrecord
  1

  0
XRECORD
  5
3C5
102
{ACAD_REACTORS
330
3C4
102
}
330
3C4
100
AcDbXrecord
 90
        1
  0
XRECORD
  5
3C6
102
{ACAD_REACTORS
330
3C4
102
}
330
3C4
100
AcDbXrecord
 90
       70
  0
XRECORD
  5
3DD
102
{ACAD_REACTORS
330
3C4
102
}
330
3C4
100
AcDbXrecord
340
0
  0
XRECORD
  5
3E3
102
{ACAD_REACTORS
330
3C4
102
}
330
3C4
100
AcDbXrecord
 10
0.0
 20
0.0
 30
0.0
  0
XRECORD
  5
3DF
102
{ACAD_REACTORS
330
3C4
102
}
330
3C4
100
AcDbXrecord
 10
0.0
 20
0.0
 30
0.0
  0
XRECORD
  5
3E2
102
{ACAD_REACTORS
330
3C4
102
}
330
3C4
100
AcDbXrecord
 10
0.0
 20
0.0
 30
0.0
  0
XRECORD
  5
3E0
102
{ACAD_REACTORS
330
3C4
102
}
330
3C4
100
AcDbXrecord
 10
0.0
 20
0.0
 30
0.0
  0
XRECORD
  5
3E1
102
{ACAD_REACTORS
330
3C4
102
}
330
3C4
100
AcDbXrecord
 10
0.0
 20
0.0
 30
0.0
  0
XRECORD
  5
3DE
102
{ACAD_REACTORS
330
3C4
102
}
330
3C4
100
AcDbXrecord
 10
0.0
 20
0.0
 30
0.0
  0
XRECORD
  5
3DB
102
{ACAD_REACTORS
330
3C4
102
}
330
3C4
100
AcDbXrecord
340
0
  0
XRECORD
  5
3DC
102
{ACAD_REACTORS
330
3C4
102
}
330
3C4
100
AcDbXrecord
 70
     0
  0
XRECORD
  5
3D0
102
{ACAD_REACTORS
330
3C4
102
}
330
3C4
100
AcDbXrecord
  1
{FAEB1C32-E019-11D5-929B-00C0DF256EC4}
  0
DICTIONARYVAR
  5
3F4
102
{ACAD_REACTORS
330
6E
102
}
330
6E
100
DictionaryVariables
280
     0
  1
1:1
  0
DICTIONARYVAR
  5
3E6
102
{ACAD_REACTORS
330
6E
102
}
330
6E
100
DictionaryVariables
280
     0
  1
Standard
  0
DICTIONARYVAR
  5
3E5
102
{ACAD_REACTORS
330
6E
102
}
330
6E
100
DictionaryVariables
280
     0
  1
Onshape-Standard
  0
DICTIONARYVAR
  5
3E9
102
{ACAD_REACTORS
330
6E
102
}
330
6E
100
DictionaryVariables
280
     0
  1
2
  0
DICTIONARYVAR
  5
3EA
102
{ACAD_REACTORS
330
6E
102
}
330
6E
100
DictionaryVariables
280
     0
  1
1
  0
DICTIONARYVAR
  5
3F5
102
{ACAD_REACTORS
330
6E
102
}
330
6E
100
DictionaryVariables
280
     0
  1
1
  0
DICTIONARYVAR
  5
6F
102
{ACAD_REACTORS
330
6E
102
}
330
6E
100
DictionaryVariables
280
     0
  1
0
  0
XRECORD
  5
363
102
{ACAD_REACTORS
330
362
102
}
330
362
100
AcDbXrecord
 70
     0
  0
XRECORD
  5
366
102
{ACAD_REACTORS
330
362
102
}
330
362
100
AcDbXrecord
 90
        0
  0
ACAD_PROXY_OBJECT
  5
36C
102
{ACAD_REACTORS
330
362
102
}
330
362
100
AcDbProxyObject
 90
      499
 91
      512
 93
       34
310
40C8804040
  0
XRECORD
  5
36B
102
{ACAD_REACTORS
330
362
102
}
330
362
100
AcDbXrecord
 90
        5
  0
XRECORD
  5
367
102
{ACAD_REACTORS
330
362
102
}
330
362
100
AcDbXrecord
 90
        0
  0
XRECORD
  5
369
102
{ACAD_REACTORS
330
362
102
}
330
362
100
AcDbXrecord
 90
        0
  0
ACAD_PROXY_OBJECT
  5
36A
102
{ACAD_REACTORS
330
362
102
}
330
362
100
AcDbProxyObject
 90
      499
 91
      512
 93
       34
310
40C8804040
  0
ACAD_PROXY_OBJECT
  5
368
102
{ACAD_REACTORS
330
362
102
}
330
362
100
AcDbProxyObject
 90
      499
 91
      512
 93
       34
310
40C8804040
  0
XRECORD
  5
365
102
{ACAD_REACTORS
330
362
102
}
330
362
100
AcDbXrecord
 90
        0
  0
XRECORD
  5
364
102
{ACAD_REACTORS
330
362
102
}
330
362
100
AcDbXrecord
 90
        1
  0
DICTIONARY
  5
3F8
330
45
100
AcDbDictionary
280
     1
  3
ACAD_XREC_ROUNDTRIP
360
3F9
  0
DICTIONARY
  5
3F6
330
44
100
AcDbDictionary
280
     1
  3
ACAD_XREC_ROUNDTRIP
360
3F7
  0
DICTIONARY
  5
3FA
330
46
100
AcDbDictionary
280
     1
  3
ACAD_XREC_ROUNDTRIP
360
3FB
  0
XRECORD
  5
3F9
102
{ACAD_REACTORS
330
3F8
102
}
330
3F8
100
AcDbXrecord
102
MATERIAL
148
0.0
149
0.0
149
0.0
 93
        0
 94
      127
282
     0
 72
     1
 77
     1
171
     1
175
     1
179
     1
273
     0
  0
XRECORD
  5
3F7
102
{ACAD_REACTORS
330
3F6
102
}
330
3F6
100
AcDbXrecord
102
MATERIAL
148
0.0
149
0.0
149
0.0
 93
        0
 94
      127
282
     0
 72
     1
 77
     1
171
     1
175
     1
179
     1
273
     0
  0
XRECORD
  5
3FB
102
{ACAD_REACTORS
330
3FA
102
}
330
3FA
100
AcDbXrecord
102
MATERIAL
148
0.0
149
0.0
149
0.0
 93
        0
 94
      127
282
     0
 72
     1
 77
     1
171
     1
175
     1
179
     1
273
     0
  0
ENDSEC
  0
EOF
