  0
SECTION
  2
HEADER
  9
$ACADVER
  1
AC1014
  9
$ACADMAINTVER
 70
     9
  9
$DWGCODEPAGE
  3
ANSI_1252
  9
$INSBASE
 10
0.0
 20
0.0
 30
0.0
  9
$EXTMIN
 10
1.0
 20
0.5
 30
-24.375
  9
$EXTMAX
 10
420.0
 20
296.5
 30
24.375
  9
$LIMMIN
 10
0.0
 20
0.0
  9
$LIMMAX
 10
12.0
 20
9.0
  9
$ORTHOMODE
 70
     0
  9
$REGENMODE
 70
     1
  9
$FILLMODE
 70
     1
  9
$QTEXTMODE
 70
     0
  9
$MIRRTEXT
 70
     1
  9
$DRAGMODE
 70
     2
  9
$LTSCALE
 40
12.7
  9
$OSMODE
 70
    23
  9
$ATTMODE
 70
     1
  9
$TEXTSIZE
 40
3.5
  9
$TRACEWID
 40
0.05
  9
$TEXTSTYLE
  7
ONSHAPE-STANDARD
  9
$CLAYER
  8
0
  9
$CELTYPE
  6
BYLAYER
  9
$CECOLOR
 62
   256
  9
$CELTSCALE
 40
1.0
  9
$DELOBJ
 70
     1
  9
$DISPSILH
 70
     0
  9
$DIMSCALE
 40
1.0
  9
$DIMASZ
 40
2.5
  9
$DIMEXO
 40
0.625
  9
$DIMDLI
 40
3.75
  9
$DIMRND
 40
0.0
  9
$DIMDLE
 40
0.0
  9
$DIMEXE
 40
1.25
  9
$DIMTP
 40
0.0
  9
$DIMTM
 40
0.0
  9
$DIMTXT
 40
3.5
  9
$DIMCEN
 40
2.5
  9
$DIMTSZ
 40
0.0
  9
$DIMTOL
 70
     0
  9
$DIMLIM
 70
     0
  9
$DIMTIH
 70
     0
  9
$DIMTOH
 70
     0
  9
$DIMSE1
 70
     0
  9
$DIMSE2
 70
     0
  9
$DIMTAD
 70
     1
  9
$DIMZIN
 70
     8
  9
$DIMBLK
  1

  9
$DIMASO
 70
     1
  9
$DIMSHO
 70
     1
  9
$DIMPOST
  1

  9
$DIMAPOST
  1

  9
$DIMALT
 70
     0
  9
$DIMALTD
 70
     3
  9
$DIMALTF
 40
0.03937
  9
$DIMLFAC
 40
4.0
  9
$DIMTOFL
 70
     1
  9
$DIMTVP
 40
0.0
  9
$DIMTIX
 70
     0
  9
$DIMSOXD
 70
     0
  9
$DIMSAH
 70
     0
  9
$DIMBLK1
  1

  9
$DIMBLK2
  1

  9
$DIMSTYLE
  2
ONSHAPE-ISO-25
  9
$DIMCLRD
 70
     7
  9
$DIMCLRE
 70
     7
  9
$DIMCLRT
 70
     7
  9
$DIMTFAC
 40
1.0
  9
$DIMGAP
 40
0.625
  9
$DIMJUST
 70
     0
  9
$DIMSD1
 70
     0
  9
$DIMSD2
 70
     0
  9
$DIMTOLJ
 70
     0
  9
$DIMTZIN
 70
     8
  9
$DIMALTZ
 70
     8
  9
$DIMALTTZ
 70
     0
  9
$DIMFIT
 70
     3
  9
$DIMUPT
 70
     1
  9
$DIMUNIT
 70
     2
  9
$DIMDEC
 70
     2
  9
$DIMTDEC
 70
     2
  9
$DIMALTU
 70
     2
  9
$DIMALTTD
 70
     3
  9
$DIMTXSTY
  7
ONSHAPE-STANDARD-DIMENSION
  9
$DIMAUNIT
 70
     0
  9
$LUNITS
 70
     2
  9
$LUPREC
 70
     4
  9
$SKETCHINC
 40
0.1
  9
$FILLETRAD
 40
0.5
  9
$AUNITS
 70
     0
  9
$AUPREC
 70
     0
  9
$MENU
  1
.
  9
$ELEVATION
 40
0.0
  9
$PELEVATION
 40
0.0
  9
$THICKNESS
 40
0.0
  9
$LIMCHECK
 70
     0
  9
$CHAMFERA
 40
0.0
  9
$CHAMFERB
 40
0.0
  9
$CHAMFERC
 40
0.0
  9
$CHAMFERD
 40
0.0
  9
$SKPOLY
 70
     0
  9
$TDCREATE
 40
2461108.464659537
  9
$TDUPDATE
 40
2461108.46466066
  9
$TDINDWG
 40
0.0
  9
$TDUSRTIMER
 40
0.0
  9
$USRTIMER
 70
     1
  9
$ANGBASE
 50
0.0
  9
$ANGDIR
 70
     0
  9
$PDMODE
 70
    33
  9
$PDSIZE
 40
1.0
  9
$PLINEWID
 40
0.0
  9
$COORDS
 70
     1
  9
$SPLFRAME
 70
     0
  9
$SPLINETYPE
 70
     6
  9
$SPLINESEGS
 70
     8
  9
$ATTDIA
 70
     0
  9
$ATTREQ
 70
     1
  9
$HANDLING
 70
     1
  9
$HANDSEED
  5
450
  9
$SURFTAB1
 70
     6
  9
$SURFTAB2
 70
     6
  9
$SURFTYPE
 70
     6
  9
$SURFU
 70
     6
  9
$SURFV
 70
     6
  9
$UCSNAME
  2

  9
$UCSORG
 10
0.0
 20
0.0
 30
0.0
  9
$UCSXDIR
 10
1.0
 20
0.0
 30
0.0
  9
$UCSYDIR
 10
0.0
 20
1.0
 30
0.0
  9
$PUCSNAME
  2

  9
$PUCSORG
 10
0.0
 20
0.0
 30
0.0
  9
$PUCSXDIR
 10
1.0
 20
0.0
 30
0.0
  9
$PUCSYDIR
 10
0.0
 20
1.0
 30
0.0
  9
$USERI1
 70
     0
  9
$USERI2
 70
     0
  9
$USERI3
 70
     0
  9
$USERI4
 70
     0
  9
$USERI5
 70
     0
  9
$USERR1
 40
0.0
  9
$USERR2
 40
0.0
  9
$USERR3
 40
0.0
  9
$USERR4
 40
0.0
  9
$USERR5
 40
0.0
  9
$WORLDVIEW
 70
     1
  9
$SHADEDGE
 70
     3
  9
$SHADEDIF
 70
    70
  9
$TILEMODE
 70
     1
  9
$MAXACTVP
 70
    64
  9
$PINSBASE
 10
0.0
 20
0.0
 30
0.0
  9
$PLIMCHECK
 70
     0
  9
$PEXTMIN
 10
1.000000000000000E+20
 20
1.000000000000000E+20
 30
1.000000000000000E+20
  9
$PEXTMAX
 10
-1.000000000000000E+20
 20
-1.000000000000000E+20
 30
-1.000000000000000E+20
  9
$PLIMMIN
 10
0.0
 20
0.0
  9
$PLIMMAX
 10
12.0
 20
9.0
  9
$UNITMODE
 70
     0
  9
$VISRETAIN
 70
     1
  9
$PLINEGEN
 70
     0
  9
$PSLTSCALE
 70
     1
  9
$TREEDEPTH
 70
  3020
  9
$PICKSTYLE
 70
     1
  9
$CMLSTYLE
  2
STANDARD
  9
$CMLJUST
 70
     0
  9
$CMLSCALE
 40
1.0
  9
$PROXYGRAPHICS
 70
     1
  9
$MEASUREMENT
 70
     0
  0
ENDSEC
  0
SECTION
  2
CLASSES
  0
CLASS
  1
ACDBDICTIONARYWDFLT
  2
AcDbDictionaryWithDefault
  3
ObjectDBX Classes
 90
        0
280
     0
281
     0
  0
CLASS
  1
VISUALSTYLE
  2
AcDbVisualStyle
  3
ObjectDBX Classes
 90
     4095
280
     0
281
     0
  0
CLASS
  1
MATERIAL
  2
AcDbMaterial
  3
ObjectDBX Classes
 90
     1153
280
     0
281
     0
  0
CLASS
  1
SCALE
  2
AcDbScale
  3
ObjectDBX Classes
 90
     1153
280
     0
281
     0
  0
CLASS
  1
TABLESTYLE
  2
AcDbTableStyle
  3
ObjectDBX Classes
 90
     4095
280
     0
281
     0
  0
CLASS
  1
MLEADERSTYLE
  2
AcDbMLeaderStyle
  3
ACDB_MLEADERSTYLE_CLASS
 90
     4095
280
     0
281
     0
  0
CLASS
  1
SUN
  2
AcDbSun
  3
SCENEOE
 90
     1153
280
     0
281
     0
  0
CLASS
  1
DICTIONARYVAR
  2
AcDbDictionaryVar
  3
ObjectDBX Classes
 90
        0
280
     0
281
     0
  0
CLASS
  1
FIELD
  2
AcDbField
  3
ObjectDBX Classes
 90
     1152
280
     0
281
     0
  0
CLASS
  1
FIELDLIST
  2
AcDbFieldList
  3
ObjectDBX Classes
 90
     1152
280
     0
281
     0
  0
CLASS
  1
DIMASSOC
  2
AcDbDimAssoc
  3
"AcDbDimAssoc|Product Desc:     AcDim ARX App For Dimension|Company:          Autodesk, Inc.|WEB Address:      www.autodesk.com"
 90
        0
280
     0
281
     0
  0
CLASS
  1
BREAKDATA
  2
AcDbBreakData
  3
ObjectDBX Classes
 90
     1024
280
     0
281
     0
  0
CLASS
  1
XRECORD
  2
AcDbXrecord
  3
ObjectDBX Classes
 90
        0
280
     0
281
     0
  0
CLASS
  1
LWPOLYLINE
  2
AcDbPolyline
  3
ObjectDBX Classes
 90
        0
280
     0
281
     1
  0
CLASS
  1
HATCH
  2
AcDbHatch
  3
ObjectDBX Classes
 90
        0
280
     0
281
     1
  0
CLASS
  1
ACDBPLACEHOLDER
  2
AcDbPlaceHolder
  3
ObjectDBX Classes
 90
        0
280
     0
281
     0
  0
CLASS
  1
LAYOUT
  2
AcDbLayout
  3
ObjectDBX Classes
 90
        0
280
     0
281
     0
  0
ENDSEC
  0
SECTION
  2
TABLES
  0
TABLE
  2
VPORT
  5
8
102
{ACAD_XDICTIONARY
360
444
102
}
330
0
100
AcDbSymbolTable
 70
     1
  0
VPORT
  5
29
330
8
100
AcDbSymbolTableRecord
100
AcDbViewportTableRecord
  2
*ACTIVE
 70
     0
 10
0.0
 20
0.0
 11
1.0
 21
1.0
 12
210.5
 22
153.2942779291553
 13
0.0
 23
0.0
 14
0.5
 24
0.5
 15
0.5
 25
0.5
 16
0.0
 26
0.0
 36
1.0
 17
0.0
 27
0.0
 37
0.0
 40
313.7055858310626
 41
1.365292874703758
 42
50.0
 43
0.0
 44
0.0
 50
0.0
 51
0.0
 71
     0
 72
   100
 73
     1
 74
     3
 75
     0
 76
     0
 77
     0
 78
     0
  0
ENDTAB
  0
TABLE
  2
LTYPE
  5
5
330
0
100
AcDbSymbolTable
 70
     3
  0
LTYPE
  5
14
330
5
100
AcDbSymbolTableRecord
100
AcDbLinetypeTableRecord
  2
BYBLOCK
 70
     0
  3

 72
    65
 73
     0
 40
0.0
  0
LTYPE
  5
15
330
5
100
AcDbSymbolTableRecord
100
AcDbLinetypeTableRecord
  2
BYLAYER
 70
     0
  3

 72
    65
 73
     0
 40
0.0
  0
LTYPE
  5
16
330
5
100
AcDbSymbolTableRecord
100
AcDbLinetypeTableRecord
  2
CONTINUOUS
 70
     0
  3
Solid line
 72
    65
 73
     0
 40
0.0
  0
LTYPE
  5
1BE
330
5
100
AcDbSymbolTableRecord
100
AcDbLinetypeTableRecord
  2
CENTER
 70
     0
  3
Center line ____ _ ____ _ ____ _
 72
    65
 73
     4
 40
0.7874015748031495
 49
0.4921259842519685
 74
     0
 49
-0.0984251968503937
 74
     0
 49
0.0984251968503937
 74
     0
 49
-0.0984251968503937
 74
     0
  0
LTYPE
  5
247
330
5
100
AcDbSymbolTableRecord
100
AcDbLinetypeTableRecord
  2
ONS_DASHDOT
 70
     0
  3
Onshape Dashed with Dot _ . ____ . ____
 72
    65
 73
     4
 40
0.71
 49
0.5
 74
     0
 49
-0.1
 74
     0
 49
0.01
 74
     0
 49
-0.1
 74
     0
  0
ENDTAB
  0
TABLE
  2
LAYER
  5
2
330
0
100
AcDbSymbolTable
 70
    12
  0
LAYER
  5
10
330
2
100
AcDbSymbolTableRecord
100
AcDbLayerTableRecord
  2
0
 70
     0
 62
     7
  6
CONTINUOUS
  0
LAYER
  5
70
330
2
100
AcDbSymbolTableRecord
100
AcDbLayerTableRecord
  2
DEFPOINTS
 70
     0
 62
     7
  6
CONTINUOUS
  0
LAYER
  5
74
330
2
100
AcDbSymbolTableRecord
100
AcDbLayerTableRecord
  2
SIDE_THREAD_SYMBOLS
 70
     0
 62
     7
  6
CONTINUOUS
  0
LAYER
  5
76
330
2
100
AcDbSymbolTableRecord
100
AcDbLayerTableRecord
  2
BLIND_THREAD_SYMBOLS
 70
     0
 62
     7
  6
CONTINUOUS
  0
LAYER
  5
77
330
2
100
AcDbSymbolTableRecord
100
AcDbLayerTableRecord
  2
VISIBLE
 70
     0
 62
     7
  6
CONTINUOUS
  0
LAYER
  5
B3
330
2
100
AcDbSymbolTableRecord
100
AcDbLayerTableRecord
  2
VIEW_HATCHES
 70
     0
 62
     7
  6
CONTINUOUS
  0
LAYER
  5
F8
330
2
100
AcDbSymbolTableRecord
100
AcDbLayerTableRecord
  2
BORDER_FRAME
 70
     0
 62
     7
  6
CONTINUOUS
  0
LAYER
  5
FE
330
2
100
AcDbSymbolTableRecord
100
AcDbLayerTableRecord
  2
BORDER_ZONES
 70
     0
 62
     7
  6
CONTINUOUS
  0
LAYER
  5
124
330
2
100
AcDbSymbolTableRecord
100
AcDbLayerTableRecord
  2
TITLE_BLOCK
 70
     0
 62
     7
  6
CONTINUOUS
  0
LAYER
  5
1B8
330
2
100
AcDbSymbolTableRecord
100
AcDbLayerTableRecord
  2
ANNOTATION_TEXT
 70
     0
 62
     7
  6
CONTINUOUS
  0
LAYER
  5
1BC
330
2
100
AcDbSymbolTableRecord
100
AcDbLayerTableRecord
  2
CENTERMARKS
 70
     0
 62
     7
  6
CONTINUOUS
  0
LAYER
  5
245
330
2
100
AcDbSymbolTableRecord
100
AcDbLayerTableRecord
  2
SECTION_CUTTING_LINE
 70
     0
 62
     7
  6
ONS_DASHDOT
  0
ENDTAB
  0
TABLE
  2
STYLE
  5
3
330
0
100
AcDbSymbolTable
 70
    36
  0
STYLE
  5
11
330
3
100
AcDbSymbolTableRecord
100
AcDbTextStyleTableRecord
  2
STANDARD
 70
     0
 40
0.0
 41
1.0
 50
0.0
 71
     0
 42
3.5
  3
txt
  4

  0
STYLE
  5
71
330
3
100
AcDbSymbolTableRecord
100
AcDbTextStyleTableRecord
  2
ONSHAPE-STANDARD
 70
     0
 40
0.0
 41
1.0
 50
0.0
 71
     0
 42
3.5
  3
NotoSans-Regular.ttf
  4

1001
ACAD
1000
Noto Sans
1071
        0
  0
STYLE
  5
73
330
3
100
AcDbSymbolTableRecord
100
AcDbTextStyleTableRecord
  2
ONSHAPE-STANDARD-DIMENSION
 70
     0
 40
0.0
 41
1.0
 50
0.0
 71
     0
 42
3.5
  3

  4

1001
ACAD
1000
Noto Sans
1071
        0
  0
STYLE
  5
159
330
3
100
AcDbSymbolTableRecord
100
AcDbTextStyleTableRecord
  2
ONSHAPE-STANDARD-FIELDS
 70
     0
 40
0.0
 41
1.0
 50
0.0
 71
     0
 42
3.5
  3

  4

1001
ACAD
1000
Noto Sans
1071
        0
  0
STYLE
  5
1BA
330
3
100
AcDbSymbolTableRecord
100
AcDbTextStyleTableRecord
  2
ONSHAPE-STANDARD-VIEW-LABE
 70
     0
 40
3.5
 41
1.0
 50
0.0
 71
     0
 42
3.5
  3
NotoSans-Regular.ttf
  4

1001
ACAD
1000
Noto Sans
1071
        0
  0
STYLE
  5
387
330
3
100
AcDbSymbolTableRecord
100
AcDbTextStyleTableRecord
  2
ONSHAPE-STANDARD-NOTESTYLE
 70
     0
 40
3.5
 41
1.0
 50
0.0
 71
     0
 42
3.5
  3
NotoSans-Regular.ttf
  4

1001
ACAD
1000
Noto Sans
1071
        0
  0
STYLE
  5
3C0
330
3
100
AcDbSymbolTableRecord
100
AcDbTextStyleTableRecord
  2
ONSHAPE-STANDARD-TCFIELDS
 70
     0
 40
0.0
 41
1.0
 50
0.0
 71
     0
 42
3.5
  3
NotoSansTC-Regular.otf
  4

1001
ACAD
1000
Noto Sans TC
1071
        0
  0
STYLE
  5
3C1
330
3
100
AcDbSymbolTableRecord
100
AcDbTextStyleTableRecord
  2
ONSHAPE-STANDARD-SCFIELDS
 70
     0
 40
0.0
 41
1.0
 50
0.0
 71
     0
 42
3.5
  3
NotoSansSC-Regular.otf
  4

1001
ACAD
1000
Noto Sans SC
1071
        0
  0
STYLE
  5
3C2
330
3
100
AcDbSymbolTableRecord
100
AcDbTextStyleTableRecord
  2
ONSHAPE-STANDARD-KOREANFIE
 70
     0
 40
0.0
 41
1.0
 50
0.0
 71
     0
 42
3.5
  3
NotoSansKR-Regular.otf
  4

1001
ACAD
1000
Noto Sans KR
1071
        0
  0
STYLE
  5
3C3
330
3
100
AcDbSymbolTableRecord
100
AcDbTextStyleTableRecord
  2
ONSHAPE-STANDARD-JAPANESEF
 70
     0
 40
0.0
 41
1.0
 50
0.0
 71
     0
 42
3.5
  3
NotoSansJP-Regular.otf
  4

1001
ACAD
1000
Noto Sans JP
1071
        0
  0
STYLE
  5
3C5
330
3
100
AcDbSymbolTableRecord
100
AcDbTextStyleTableRecord
  2
ONSHAPE-STANDARD-BOLD
 70
     0
 40
0.0
 41
1.0
 50
0.0
 71
     0
 42
3.5
  3
NotoSans-Bold.ttf
  4

1001
ACAD
1000
Noto Sans
1071
 33554432
  0
STYLE
  5
3C8
330
3
100
AcDbSymbolTableRecord
100
AcDbTextStyleTableRecord
  2
TTFSTYLE
 70
     0
 40
0.0
 41
1.0
 50
0.0
 71
     0
 42
3.5
  3

  4

1001
ACAD
1000
Verdana
1071
       34
  0
STYLE
  5
3C9
330
3
100
AcDbSymbolTableRecord
100
AcDbTextStyleTableRecord
  2
ONSHAPE-STANDARD-GTOLERANC
 70
     0
 40
0.0
 41
1.0
 50
0.0
 71
     0
 42
3.5
  3

  4

1001
ACAD
1000
Noto Sans
1071
        0
  0
STYLE
  5
3CA
330
3
100
AcDbSymbolTableRecord
100
AcDbTextStyleTableRecord
  2
ONSHAPE-STANDARD-TABLE-DAT
 70
     0
 40
0.0
 41
1.0
 50
0.0
 71
     0
 42
3.5
  3
NotoSans-Regular.ttf
  4

1001
ACAD
1000
Noto Sans
1071
        0
  0
STYLE
  5
3CB
330
3
100
AcDbSymbolTableRecord
100
AcDbTextStyleTableRecord
  2
ONSHAPE-STANDARD-TABLE-TIT
 70
     0
 40
0.0
 41
1.0
 50
0.0
 71
     0
 42
3.5
  3
NotoSans-Bold.ttf
  4

1001
ACAD
1000
Noto Sans
1071
 33554432
  0
STYLE
  5
3CC
330
3
100
AcDbSymbolTableRecord
100
AcDbTextStyleTableRecord
  2
ONSHAPE-STANDARD-TABLE-HEA
 70
     0
 40
0.0
 41
1.0
 50
0.0
 71
     0
 42
3.5
  3
NotoSans-Bold.ttf
  4

1001
ACAD
1000
Noto Sans
1071
 33554432
  0
STYLE
  5
3CD
330
3
100
AcDbSymbolTableRecord
100
AcDbTextStyleTableRecord
  2
ONSHAPE-STANDARD-BOMTABLE-
 70
     0
 40
0.0
 41
1.0
 50
0.0
 71
     0
 42
3.5
  3
NotoSans-Regular.ttf
  4

1001
ACAD
1000
Noto Sans
1071
        0
  0
STYLE
  5
3CE
330
3
100
AcDbSymbolTableRecord
100
AcDbTextStyleTableRecord
  2
ONSHAPE-STANDARD-BOMTABLE0
 70
     0
 40
0.0
 41
1.0
 50
0.0
 71
     0
 42
3.5
  3
NotoSans-Bold.ttf
  4

1001
ACAD
1000
Noto Sans
1071
 33554432
  0
STYLE
  5
3CF
330
3
100
AcDbSymbolTableRecord
100
AcDbTextStyleTableRecord
  2
ONSHAPE-STANDARD-BOMTABLE1
 70
     0
 40
0.0
 41
1.0
 50
0.0
 71
     0
 42
3.5
  3
NotoSans-Bold.ttf
  4

1001
ACAD
1000
Noto Sans
1071
 33554432
  0
STYLE
  5
3D1
330
3
100
AcDbSymbolTableRecord
100
AcDbTextStyleTableRecord
  2
ONSHAPE-STANDARD-DATUM-DIM
 70
     0
 40
3.5
 41
1.0
 50
0.0
 71
     0
 42
3.5
  3
NotoSans-Regular.ttf
  4

1001
ACAD
1000
Noto Sans
1071
        0
  0
STYLE
  5
3D3
330
3
100
AcDbSymbolTableRecord
100
AcDbTextStyleTableRecord
  2
ONSHAPE-DETAIL-VIEW-LEADER
 70
     0
 40
3.5
 41
1.0
 50
0.0
 71
     0
 42
3.5
  3
NotoSans-Regular.ttf
  4

1001
ACAD
1000
Noto Sans
1071
        0
  0
STYLE
  5
3D4
330
3
100
AcDbSymbolTableRecord
100
AcDbTextStyleTableRecord
  2
ONSHAPE-STANDARD-HOLE-CALL
 70
     0
 40
3.5
 41
1.0
 50
0.0
 71
     0
 42
3.5
  3
NotoSans-Regular.ttf
  4

1001
ACAD
1000
Noto Sans
1071
        0
  0
STYLE
  5
3D5
330
3
100
AcDbSymbolTableRecord
100
AcDbTextStyleTableRecord
  2
ONSHAPE-STANDARD-HOLETABLE
 70
     0
 40
0.0
 41
1.0
 50
0.0
 71
     0
 42
3.5
  3
NotoSans-Regular.ttf
  4

1001
ACAD
1000
Noto Sans
1071
        0
  0
STYLE
  5
3D6
330
3
100
AcDbSymbolTableRecord
100
AcDbTextStyleTableRecord
  2
ONSHAPE-STANDARD-HOLETABL0
 70
     0
 40
0.0
 41
1.0
 50
0.0
 71
     0
 42
3.5
  3
NotoSans-Bold.ttf
  4

1001
ACAD
1000
Noto Sans
1071
 33554432
  0
STYLE
  5
3D7
330
3
100
AcDbSymbolTableRecord
100
AcDbTextStyleTableRecord
  2
ONSHAPE-STANDARD-HOLETABL1
 70
     0
 40
0.0
 41
1.0
 50
0.0
 71
     0
 42
3.5
  3
NotoSans-Bold.ttf
  4

1001
ACAD
1000
Noto Sans
1071
 33554432
  0
STYLE
  5
3D8
330
3
100
AcDbSymbolTableRecord
100
AcDbTextStyleTableRecord
  2
ONSHAPE-STANDARD-HOLE-TAG
 70
     0
 40
3.5
 41
1.0
 50
0.0
 71
     0
 42
3.5
  3
NotoSans-Regular.ttf
  4

1001
ACAD
1000
Noto Sans
1071
        0
  0
STYLE
  5
3D9
330
3
100
AcDbSymbolTableRecord
100
AcDbTextStyleTableRecord
  2
ONSHAPE-STANDARD-REVISIONT
 70
     0
 40
0.0
 41
1.0
 50
0.0
 71
     0
 42
3.5
  3
NotoSans-Regular.ttf
  4

1001
ACAD
1000
Noto Sans
1071
        0
  0
STYLE
  5
3DA
330
3
100
AcDbSymbolTableRecord
100
AcDbTextStyleTableRecord
  2
ONSHAPE-STANDARD-REVISION0
 70
     0
 40
0.0
 41
1.0
 50
0.0
 71
     0
 42
3.5
  3
NotoSans-Bold.ttf
  4

1001
ACAD
1000
Noto Sans
1071
 33554432
  0
STYLE
  5
3DB
330
3
100
AcDbSymbolTableRecord
100
AcDbTextStyleTableRecord
  2
ONSHAPE-STANDARD-REVISION1
 70
     0
 40
0.0
 41
1.0
 50
0.0
 71
     0
 42
3.5
  3
NotoSans-Bold.ttf
  4

1001
ACAD
1000
Noto Sans
1071
 33554432
  0
STYLE
  5
3DC
330
3
100
AcDbSymbolTableRecord
100
AcDbTextStyleTableRecord
  2
ONSHAPE-STANDARD-REVISION-
 70
     0
 40
3.5
 41
1.0
 50
0.0
 71
     0
 42
3.5
  3
NotoSans-Regular.ttf
  4

1001
ACAD
1000
Noto Sans
1071
        0
  0
STYLE
  5
3DD
330
3
100
AcDbSymbolTableRecord
100
AcDbTextStyleTableRecord
  2
ONSHAPE-STANDARD-CUTLISTTA
 70
     0
 40
0.0
 41
1.0
 50
0.0
 71
     0
 42
3.5
  3
NotoSans-Regular.ttf
  4

1001
ACAD
1000
Noto Sans
1071
        0
  0
STYLE
  5
3DE
330
3
100
AcDbSymbolTableRecord
100
AcDbTextStyleTableRecord
  2
ONSHAPE-STANDARD-CUTLISTT0
 70
     0
 40
0.0
 41
1.0
 50
0.0
 71
     0
 42
3.5
  3
NotoSans-Bold.ttf
  4

1001
ACAD
1000
Noto Sans
1071
 33554432
  0
STYLE
  5
3DF
330
3
100
AcDbSymbolTableRecord
100
AcDbTextStyleTableRecord
  2
ONSHAPE-STANDARD-CUTLISTT1
 70
     0
 40
0.0
 41
1.0
 50
0.0
 71
     0
 42
3.5
  3
NotoSans-Bold.ttf
  4

1001
ACAD
1000
Noto Sans
1071
 33554432
  0
STYLE
  5
3E0
330
3
100
AcDbSymbolTableRecord
100
AcDbTextStyleTableRecord
  2
ONSHAPE-STANDARD-CUSTOMTAB
 70
     0
 40
0.0
 41
1.0
 50
0.0
 71
     0
 42
3.5
  3
NotoSans-Regular.ttf
  4

1001
ACAD
1000
Noto Sans
1071
        0
  0
STYLE
  5
3E1
330
3
100
AcDbSymbolTableRecord
100
AcDbTextStyleTableRecord
  2
ONSHAPE-STANDARD-CUSTOMTA0
 70
     0
 40
0.0
 41
1.0
 50
0.0
 71
     0
 42
3.5
  3
NotoSans-Bold.ttf
  4

1001
ACAD
1000
Noto Sans
1071
 33554432
  0
STYLE
  5
3E2
330
3
100
AcDbSymbolTableRecord
100
AcDbTextStyleTableRecord
  2
ONSHAPE-STANDARD-CUSTOMTA1
 70
     0
 40
0.0
 41
1.0
 50
0.0
 71
     0
 42
3.5
  3
NotoSans-Bold.ttf
  4

1001
ACAD
1000
Noto Sans
1071
 33554432
  0
ENDTAB
  0
TABLE
  2
VIEW
  5
6
330
0
100
AcDbSymbolTable
 70
     0
  0
ENDTAB
  0
TABLE
  2
UCS
  5
7
330
0
100
AcDbSymbolTable
 70
     0
  0
ENDTAB
  0
TABLE
  2
APPID
  5
9
330
0
100
AcDbSymbolTable
 70
     9
  0
APPID
  5
12
330
9
100
AcDbSymbolTableRecord
100
AcDbRegAppTableRecord
  2
ACAD
 70
     0
  0
APPID
  5
18C
330
9
100
AcDbSymbolTableRecord
100
AcDbRegAppTableRecord
  2
ONSHAPE_NOTES_REORDERING_D
 70
     0
  0
APPID
  5
18D
330
9
100
AcDbSymbolTableRecord
100
AcDbRegAppTableRecord
  2
ONSHAPE_NOTES_ANNOTATION_D
 70
     0
  0
APPID
  5
271
330
9
100
AcDbSymbolTableRecord
100
AcDbRegAppTableRecord
  2
ACAD_DIMASSOC_CALC_DIMLFAC
 70
     0
  0
APPID
  5
272
330
9
100
AcDbSymbolTableRecord
100
AcDbRegAppTableRecord
  2
ACAD_DIMASSOC_DIMLFAC
 70
     0
  0
APPID
  5
273
330
9
100
AcDbSymbolTableRecord
100
AcDbRegAppTableRecord
  2
ACAD_DIMASSOC_OVERRIDDEN_D
 70
     0
  0
APPID
  5
266
330
9
100
AcDbSymbolTableRecord
100
AcDbRegAppTableRecord
  2
INDEX
 70
     0
  0
APPID
  5
30E
330
9
100
AcDbSymbolTableRecord
100
AcDbRegAppTableRecord
  2
ACAD_DSTYLE_DIMRADIAL_EXTE
 70
     0
  0
APPID
  5
44E
330
9
100
AcDbSymbolTableRecord
100
AcDbRegAppTableRecord
  2
ACAD_MLEADERVER
 70
     0
  0
ENDTAB
  0
TABLE
  2
DIMSTYLE
  5
A
330
0
100
AcDbSymbolTable
 70
    23
  0
DIMSTYLE
105
27
330
A
100
AcDbSymbolTableRecord
100
AcDbDimStyleTableRecord
  2
STANDARD
 70
     0
  3

  4

  5

  6

  7

 40
1.0
 41
0.18
 42
0.0625
 43
0.38
 44
0.18
 45
0.0
 46
0.0
 47
0.0
 48
0.0
140
0.18
141
0.09
142
0.0
143
25.4
144
1.0
145
0.0
146
1.0
147
0.09
 71
     0
 72
     0
 73
     1
 74
     1
 75
     0
 76
     0
 77
     0
 78
     0
170
     0
171
     2
172
     0
173
     0
174
     0
175
     0
176
     0
177
     0
178
     0
270
     2
271
     4
272
     4
273
     2
274
     2
340
11
275
     0
280
     0
281
     0
282
     0
283
     1
284
     0
285
     0
286
     0
287
     3
288
     0
  0
DIMSTYLE
105
72
330
A
100
AcDbSymbolTableRecord
100
AcDbDimStyleTableRecord
  2
ONSHAPE-ISO-25
 70
     0
  3

  4

  5

  6

  7

 40
1.0
 41
2.5
 42
0.625
 43
3.75
 44
1.25
 45
0.0
 46
0.0
 47
0.0
 48
0.0
140
3.5
141
2.5
142
0.0
143
0.03937
144
1.0
145
0.0
146
1.0
147
0.625
 71
     0
 72
     0
 73
     0
 74
     0
 75
     0
 76
     0
 77
     1
 78
     8
170
     0
171
     3
172
     1
173
     0
174
     0
175
     0
176
     7
177
     7
178
     7
179
     1
270
     2
271
     2
272
     2
273
     2
274
     3
340
73
275
     0
280
     0
281
     0
282
     0
283
     0
284
     8
285
     8
286
     0
287
     3
288
     1
  0
DIMSTYLE
105
261
102
{ACAD_REACTORS
330
258
330
274
330
287
330
29D
330
2B0
330
2C3
330
2D6
330
2EA
330
321
330
334
330
34A
330
35D
330
370
102
}
330
A
100
AcDbSymbolTableRecord
100
AcDbDimStyleTableRecord
  2
ONSHAPE-ISO-25$0
 70
     0
  3

  4

  5

  6

  7

 40
1.0
 41
2.5
 42
0.625
 43
3.75
 44
1.25
 45
0.0
 46
0.0
 47
0.0
 48
0.0
140
3.5
141
2.5
142
0.0
143
0.03937
144
1.0
145
0.0
146
1.0
147
0.625
 71
     0
 72
     0
 73
     0
 74
     0
 75
     0
 76
     0
 77
     1
 78
     8
170
     0
171
     3
172
     1
173
     0
174
     0
175
     0
176
     7
177
     7
178
     7
179
     1
270
     2
271
     2
272
     2
273
     2
274
     3
340
73
275
     0
280
     0
281
     0
282
     0
283
     0
284
     8
285
     8
286
     0
287
     3
288
     1
  0
DIMSTYLE
105
302
102
{ACAD_REACTORS
330
2FD
330
30F
330
38A
102
}
330
A
100
AcDbSymbolTableRecord
100
AcDbDimStyleTableRecord
  2
ONSHAPE-ISO-25$3
 70
     0
  3

  4

  5

  6

  7

 40
1.0
 41
2.5
 42
0.625
 43
3.75
 44
1.25
 45
0.0
 46
0.0
 47
0.0
 48
0.0
140
3.5
141
0.0
142
0.0
143
0.03937
144
1.0
145
0.0
146
1.0
147
0.625
 71
     0
 72
     0
 73
     0
 74
     0
 75
     0
 76
     0
 77
     1
 78
     8
170
     0
171
     3
172
     1
173
     0
174
     0
175
     0
176
     7
177
     7
178
     7
179
     1
270
     2
271
     2
272
     2
273
     2
274
     3
340
73
275
     0
280
     0
281
     0
282
     0
283
     0
284
     8
285
     8
286
     0
287
     3
288
     1
  0
DIMSTYLE
105
3E3
330
A
100
AcDbSymbolTableRecord
100
AcDbDimStyleTableRecord
  2
ISO-25
 70
     0
  3

  4

  5

  6

  7

 40
1.0
 41
2.5
 42
0.625
 43
3.75
 44
1.25
 45
0.0
 46
0.0
 47
0.0
 48
0.0
140
2.5
141
2.5
142
0.0
143
0.03937007874016
144
1.0
145
0.0
146
1.0
147
0.625
 71
     0
 72
     0
 73
     0
 74
     0
 75
     0
 76
     0
 77
     1
 78
     8
170
     0
171
     3
172
     1
173
     0
174
     0
175
     0
176
     7
177
     7
178
     7
270
     2
271
     2
272
     2
273
     2
274
     3
340
11
275
     0
280
     0
281
     0
282
     0
283
     0
284
     8
285
     0
286
     0
287
     3
288
     1
  0
DIMSTYLE
105
3E5
330
A
100
AcDbSymbolTableRecord
100
AcDbDimStyleTableRecord
  2
ISO
 70
     0
  3

  4
"
  5

  6

  7

 40
1.0
 41
3.5
 42
1.0
 43
10.0
 44
1.0
 45
0.0
 46
0.0
 47
0.1
 48
0.1
140
3.5
141
0.0
142
0.0
143
0.03937
144
1.0
145
0.0
146
0.71
147
1.5
 71
     0
 72
     0
 73
     0
 74
     0
 75
     0
 76
     0
 77
     1
 78
     8
170
     0
171
     3
172
     1
173
     0
174
     0
175
     0
176
     7
177
     7
178
     7
270
     2
271
     2
272
     3
273
     2
274
     3
340
11
275
     0
280
     0
281
     0
282
     0
283
     0
284
     8
285
     8
286
     0
287
     3
288
     1
  0
DIMSTYLE
105
3E6
330
A
100
AcDbSymbolTableRecord
100
AcDbDimStyleTableRecord
  2
ISO$3
 70
     0
  3

  4
"
  5

  6

  7

 40
1.0
 41
3.5
 42
1.0
 43
10.0
 44
1.0
 45
0.0
 46
0.0
 47
0.1
 48
0.1
140
3.5
141
0.0
142
0.0
143
0.03937
144
1.0
145
0.0
146
0.71
147
1.5
 71
     0
 72
     0
 73
     0
 74
     1
 75
     0
 76
     0
 77
     1
 78
     8
170
     0
171
     3
172
     0
173
     0
174
     0
175
     0
176
     7
177
     7
178
     7
270
     2
271
     2
272
     3
273
     2
274
     3
340
11
275
     0
280
     0
281
     0
282
     0
283
     0
284
     8
285
     8
286
     0
288
     1
  0
DIMSTYLE
105
3E7
330
A
100
AcDbSymbolTableRecord
100
AcDbDimStyleTableRecord
  2
ISO$4
 70
     0
  3

  4
"
  5

  6

  7

 40
1.0
 41
3.5
 42
1.0
 43
10.0
 44
1.0
 45
0.0
 46
0.0
 47
0.1
 48
0.1
140
3.5
141
0.0
142
0.0
143
0.03937
144
1.0
145
0.0
146
0.71
147
1.5
 71
     0
 72
     0
 73
     0
 74
     0
 75
     0
 76
     0
 77
     1
 78
     8
170
     0
171
     3
172
     1
173
     0
174
     0
175
     0
176
     7
177
     7
178
     7
270
     2
271
     2
272
     3
273
     2
274
     3
340
11
275
     0
280
     0
281
     0
282
     0
283
     0
284
     8
285
     8
286
     0
287
     3
288
     1
  0
DIMSTYLE
105
3E8
330
A
100
AcDbSymbolTableRecord
100
AcDbDimStyleTableRecord
  2
ISO$6
 70
     0
  3

  4
"
  5

  6

  7

 40
1.0
 41
0.5
 42
1.0
 43
10.0
 44
1.0
 45
0.0
 46
0.0
 47
0.1
 48
0.1
140
3.5
141
0.0
142
0.0
143
0.03937
144
1.0
145
0.0
146
0.71
147
1.5
 71
     0
 72
     0
 73
     0
 74
     0
 75
     0
 76
     0
 77
     0
 78
     8
170
     0
171
     3
172
     1
173
     0
174
     0
175
     0
176
     7
177
     7
178
     7
270
     2
271
     2
272
     3
273
     2
274
     3
340
11
275
     0
280
     0
281
     0
282
     0
283
     0
284
     8
285
     8
286
     0
287
     3
288
     1
  0
DIMSTYLE
105
3E9
330
A
100
AcDbSymbolTableRecord
100
AcDbDimStyleTableRecord
  2
ISO$7
 70
     0
  3

  4
"
  5

  6

  7

 40
1.0
 41
3.5
 42
1.0
 43
10.0
 44
1.0
 45
0.0
 46
0.0
 47
0.1
 48
0.1
140
3.5
141
0.0
142
0.0
143
0.03937
144
1.0
145
0.0
146
0.71
147
1.5
 71
     0
 72
     0
 73
     0
 74
     0
 75
     0
 76
     0
 77
     1
 78
     8
170
     0
171
     3
172
     1
173
     0
174
     0
175
     0
176
     7
177
     7
178
     7
270
     2
271
     2
272
     3
273
     2
274
     3
340
11
275
     0
280
     0
281
     0
282
     0
283
     0
284
     8
285
     8
286
     0
287
     3
288
     1
  0
DIMSTYLE
105
3EA
330
A
100
AcDbSymbolTableRecord
100
AcDbDimStyleTableRecord
  2
ISO$SF
 70
     0
  3

  4
"
  5

  6

  7

 40
1.0
 41
3.5
 42
1.0
 43
10.0
 44
1.0
 45
0.0
 46
0.0
 47
0.1
 48
0.1
140
3.5
141
0.0
142
0.0
143
0.03937
144
1.0
145
0.0
146
0.71
147
1.5
 71
     0
 72
     0
 73
     0
 74
     0
 75
     1
 76
     1
 77
     1
 78
     8
170
     0
171
     3
172
     1
173
     0
174
     0
175
     0
176
     7
177
     7
178
     7
270
     2
271
     2
272
     3
273
     2
274
     3
340
11
275
     0
280
     0
281
     0
282
     0
283
     0
284
     8
285
     8
286
     0
287
     3
288
     1
  0
DIMSTYLE
105
3EB
330
A
100
AcDbSymbolTableRecord
100
AcDbDimStyleTableRecord
  2
ISO$SH
 70
     0
  3

  4
"
  5

  6

  7

 40
1.0
 41
3.5
 42
1.0
 43
10.0
 44
1.0
 45
0.0
 46
0.0
 47
0.1
 48
0.1
140
3.5
141
0.0
142
0.0
143
0.03937
144
2.0
145
0.0
146
0.71
147
1.5
 71
     0
 72
     0
 73
     0
 74
     0
 75
     1
 76
     1
 77
     1
 78
     8
170
     0
171
     3
172
     1
173
     1
174
     0
175
     0
176
     7
177
     7
178
     7
270
     2
271
     2
272
     3
273
     2
274
     3
340
11
275
     0
280
     0
281
     0
282
     0
283
     0
284
     8
285
     8
286
     0
287
     3
288
     1
  0
DIMSTYLE
105
3EF
330
A
100
AcDbSymbolTableRecord
100
AcDbDimStyleTableRecord
  2
ONSHAPE-ISO-25$2
 70
     0
  3

  4

  5

  6

  7

 40
1.0
 41
2.5
 42
0.625
 43
3.75
 44
1.25
 45
0.0
 46
0.0
 47
0.0
 48
0.0
140
3.5
141
2.5
142
0.0
143
0.03937
144
1.0
145
0.0
146
1.0
147
0.625
 71
     0
 72
     0
 73
     0
 74
     0
 75
     0
 76
     0
 77
     1
 78
     8
170
     0
171
     3
172
     1
173
     0
174
     0
175
     0
176
     7
177
     7
178
     7
179
     1
270
     2
271
     2
272
     2
273
     2
274
     3
340
73
275
     0
280
     0
281
     0
282
     0
283
     0
284
     8
285
     8
286
     0
287
     3
288
     1
  0
DIMSTYLE
105
3F1
330
A
100
AcDbSymbolTableRecord
100
AcDbDimStyleTableRecord
  2
ONSHAPE-ISO-25$4
 70
     0
  3

  4

  5

  6

  7

 40
1.0
 41
2.5
 42
0.625
 43
3.75
 44
1.25
 45
0.0
 46
0.0
 47
0.0
 48
0.0
140
3.5
141
0.0
142
0.0
143
0.03937
144
1.0
145
0.0
146
1.0
147
0.625
 71
     0
 72
     0
 73
     0
 74
     0
 75
     0
 76
     0
 77
     1
 78
     8
170
     0
171
     3
172
     1
173
     0
174
     0
175
     0
176
     7
177
     7
178
     7
179
     1
270
     2
271
     2
272
     2
273
     2
274
     3
340
73
275
     0
280
     0
281
     0
282
     0
283
     0
284
     8
285
     8
286
     0
287
     3
288
     1
  0
DIMSTYLE
105
3F2
330
A
100
AcDbSymbolTableRecord
100
AcDbDimStyleTableRecord
  2
ONSHAPE-ISO-25$6
 70
     0
  3

  4

  5

  6

  7

 40
1.0
 41
0.5
 42
0.625
 43
3.75
 44
1.25
 45
0.0
 46
0.0
 47
0.0
 48
0.0
140
3.5
141
2.5
142
0.0
143
0.03937
144
1.0
145
0.0
146
1.0
147
0.625
 71
     0
 72
     0
 73
     0
 74
     0
 75
     0
 76
     0
 77
     1
 78
     8
170
     0
171
     3
172
     1
173
     0
174
     0
175
     0
176
     7
177
     7
178
     7
179
     1
270
     2
271
     2
272
     2
273
     2
274
     3
340
73
275
     0
280
     0
281
     0
282
     0
283
     0
284
     8
285
     8
286
     0
287
     3
288
     1
  0
DIMSTYLE
105
3F3
330
A
100
AcDbSymbolTableRecord
100
AcDbDimStyleTableRecord
  2
ONSHAPE-ISO-25$7
 70
     0
  3

  4

  5

  6

  7

 40
1.0
 41
2.5
 42
0.625
 43
3.75
 44
1.25
 45
0.0
 46
0.0
 47
0.0
 48
0.0
140
3.5
141
2.5
142
0.0
143
0.03937
144
1.0
145
0.0
146
1.0
147
0.625
 71
     0
 72
     0
 73
     0
 74
     0
 75
     0
 76
     0
 77
     1
 78
     8
170
     0
171
     3
172
     1
173
     0
174
     0
175
     0
176
     7
177
     7
178
     7
179
     1
270
     2
271
     2
272
     2
273
     2
274
     3
340
73
275
     0
280
     0
281
     0
282
     0
283
     0
284
     8
285
     8
286
     0
287
     3
288
     1
  0
DIMSTYLE
105
3F4
330
A
100
AcDbSymbolTableRecord
100
AcDbDimStyleTableRecord
  2
ONSHAPE-STANDARD-GTOLERANC
 70
     0
  3

  4

  5

  6

  7

 40
1.0
 41
2.5
 42
0.625
 43
3.75
 44
1.25
 45
0.0
 46
0.0
 47
0.0
 48
0.0
140
3.5
141
2.5
142
0.0
143
0.03937
144
1.0
145
0.0
146
1.0
147
0.625
 71
     0
 72
     0
 73
     0
 74
     0
 75
     0
 76
     0
 77
     1
 78
     8
170
     0
171
     3
172
     1
173
     0
174
     0
175
     0
176
     7
177
     7
178
     7
179
     1
270
     2
271
     2
272
     2
273
     2
274
     3
340
3C9
275
     0
280
     0
281
     0
282
     0
283
     0
284
     8
285
     8
286
     0
287
     3
288
     1
  0
DIMSTYLE
105
3F6
330
A
100
AcDbSymbolTableRecord
100
AcDbDimStyleTableRecord
  2
ONSHAPE-ORDINATESTYLE
 70
     0
  3

  4

  5

  6

  7

 40
1.0
 41
2.5
 42
0.625
 43
3.75
 44
1.25
 45
0.0
 46
0.0
 47
0.0
 48
0.0
140
3.5
141
2.5
142
0.0
143
0.03937
144
1.0
145
0.0
146
1.0
147
0.625
 71
     0
 72
     0
 73
     0
 74
     0
 75
     0
 76
     0
 77
     1
 78
     8
170
     0
171
     3
172
     1
173
     0
174
     0
175
     0
176
     7
177
     7
178
     7
179
     1
270
     2
271
     2
272
     2
273
     2
274
     3
340
73
275
     0
280
     0
281
     0
282
     0
283
     0
284
     8
285
     8
286
     0
287
     3
288
     1
  0
DIMSTYLE
105
3F7
330
A
100
AcDbSymbolTableRecord
100
AcDbDimStyleTableRecord
  2
ONSHAPE-CHAMFERDIMSTYLE
 70
     0
  3

  4

  5

  6

  7

 40
1.0
 41
2.5
 42
0.625
 43
3.75
 44
1.25
 45
0.0
 46
0.0
 47
0.0
 48
0.0
140
3.5
141
2.5
142
0.0
143
0.03937
144
1.0
145
0.0
146
1.0
147
0.625
 71
     0
 72
     0
 73
     0
 74
     0
 75
     0
 76
     0
 77
     1
 78
     8
170
     0
171
     3
172
     1
173
     0
174
     0
175
     0
176
     7
177
     7
178
     7
179
     1
270
     2
271
     2
272
     2
273
     2
274
     3
340
73
275
     0
280
     0
281
     0
282
     0
283
     0
284
     8
285
     8
286
     0
287
     3
288
     1
  0
DIMSTYLE
105
3F8
330
A
100
AcDbSymbolTableRecord
100
AcDbDimStyleTableRecord
  2
ONSHAPE-SKETCHDRIVENDIMSTY
 70
     0
  3

  4

  5

  6

  7

 40
1.0
 41
2.5
 42
0.625
 43
3.75
 44
1.25
 45
0.0
 46
0.0
 47
0.0
 48
0.0
140
3.5
141
2.5
142
0.0
143
0.03937
144
1.0
145
0.0
146
1.0
147
0.625
 71
     0
 72
     0
 73
     0
 74
     0
 75
     0
 76
     0
 77
     1
 78
     8
170
     0
171
     3
172
     1
173
     0
174
     0
175
     0
176
   251
177
   251
178
   251
179
     1
270
     2
271
     2
272
     2
273
     2
274
     3
340
73
275
     0
280
     0
281
     0
282
     0
283
     0
284
     8
285
     8
286
     0
287
     3
288
     1
  0
DIMSTYLE
105
3F9
330
A
100
AcDbSymbolTableRecord
100
AcDbDimStyleTableRecord
  2
ONSHAPE-SKETCHDRIVENDIMST0
 70
     0
  3

  4

  5

  6

  7

 40
1.0
 41
2.5
 42
0.625
 43
3.75
 44
1.25
 45
0.0
 46
0.0
 47
0.0
 48
0.0
140
3.5
141
2.5
142
0.0
143
0.03937
144
1.0
145
0.0
146
1.0
147
0.625
 71
     0
 72
     0
 73
     0
 74
     0
 75
     0
 76
     0
 77
     1
 78
     8
170
     0
171
     3
172
     1
173
     0
174
     0
175
     0
176
   251
177
   251
178
   251
179
     1
270
     2
271
     2
272
     2
273
     2
274
     3
340
73
275
     0
280
     0
281
     0
282
     0
283
     0
284
     8
285
     8
286
     0
287
     3
288
     1
  0
DIMSTYLE
105
3FA
330
A
100
AcDbSymbolTableRecord
100
AcDbDimStyleTableRecord
  2
ONSHAPE-SKETCHDRIVENDIMST1
 70
     0
  3

  4

  5

  6

  7

 40
1.0
 41
2.5
 42
0.625
 43
3.75
 44
1.25
 45
0.0
 46
0.0
 47
0.0
 48
0.0
140
3.5
141
0.0
142
0.0
143
0.03937
144
1.0
145
0.0
146
1.0
147
0.625
 71
     0
 72
     0
 73
     0
 74
     0
 75
     0
 76
     0
 77
     1
 78
     8
170
     0
171
     3
172
     1
173
     0
174
     0
175
     0
176
   251
177
   251
178
   251
179
     1
270
     2
271
     2
272
     2
273
     2
274
     3
340
73
275
     0
280
     0
281
     0
282
     0
283
     0
284
     8
285
     8
286
     0
287
     3
288
     1
  0
DIMSTYLE
105
3FB
330
A
100
AcDbSymbolTableRecord
100
AcDbDimStyleTableRecord
  2
ONSHAPE-SKETCHDRIVENDIMST2
 70
     0
  3

  4

  5

  6

  7

 40
1.0
 41
2.5
 42
0.625
 43
3.75
 44
1.25
 45
0.0
 46
0.0
 47
0.0
 48
0.0
140
3.5
141
0.0
142
0.0
143
0.03937
144
1.0
145
0.0
146
1.0
147
0.625
 71
     0
 72
     0
 73
     0
 74
     0
 75
     0
 76
     0
 77
     1
 78
     8
170
     0
171
     3
172
     1
173
     0
174
     0
175
     0
176
   251
177
   251
178
   251
179
     1
270
     2
271
     2
272
     2
273
     2
274
     3
340
73
275
     0
280
     0
281
     0
282
     0
283
     0
284
     8
285
     8
286
     0
287
     3
288
     1
  0
ENDTAB
  0
TABLE
  2
BLOCK_RECORD
  5
1
330
0
100
AcDbSymbolTable
 70
    16
  0
BLOCK_RECORD
  5
1F
330
1
100
AcDbSymbolTableRecord
100
AcDbBlockTableRecord
  2
*MODEL_SPACE
  0
BLOCK_RECORD
  5
1B
330
1
100
AcDbSymbolTableRecord
100
AcDbBlockTableRecord
  2
*PAPER_SPACE
  0
BLOCK_RECORD
  5
263
330
1
100
AcDbSymbolTableRecord
100
AcDbBlockTableRecord
  2
*D1
  0
BLOCK_RECORD
  5
27A
330
1
100
AcDbSymbolTableRecord
100
AcDbBlockTableRecord
  2
*D2
  0
BLOCK_RECORD
  5
28D
330
1
100
AcDbSymbolTableRecord
100
AcDbBlockTableRecord
  2
*D3
  0
BLOCK_RECORD
  5
2A3
330
1
100
AcDbSymbolTableRecord
100
AcDbBlockTableRecord
  2
*D4
  0
BLOCK_RECORD
  5
2B6
330
1
100
AcDbSymbolTableRecord
100
AcDbBlockTableRecord
  2
*D5
  0
BLOCK_RECORD
  5
2C9
330
1
100
AcDbSymbolTableRecord
100
AcDbBlockTableRecord
  2
*D6
  0
BLOCK_RECORD
  5
2DC
330
1
100
AcDbSymbolTableRecord
100
AcDbBlockTableRecord
  2
*D7
  0
BLOCK_RECORD
  5
2F0
330
1
100
AcDbSymbolTableRecord
100
AcDbBlockTableRecord
  2
*D8
  0
BLOCK_RECORD
  5
303
330
1
100
AcDbSymbolTableRecord
100
AcDbBlockTableRecord
  2
*D9
  0
BLOCK_RECORD
  5
314
330
1
100
AcDbSymbolTableRecord
100
AcDbBlockTableRecord
  2
*D10
  0
BLOCK_RECORD
  5
327
330
1
100
AcDbSymbolTableRecord
100
AcDbBlockTableRecord
  2
*D11
  0
BLOCK_RECORD
  5
33A
330
1
100
AcDbSymbolTableRecord
100
AcDbBlockTableRecord
  2
*D12
  0
BLOCK_RECORD
  5
350
330
1
100
AcDbSymbolTableRecord
100
AcDbBlockTableRecord
  2
*D13
  0
BLOCK_RECORD
  5
363
330
1
100
AcDbSymbolTableRecord
100
AcDbBlockTableRecord
  2
*D14
  0
BLOCK_RECORD
  5
376
330
1
100
AcDbSymbolTableRecord
100
AcDbBlockTableRecord
  2
*D15
  0
BLOCK_RECORD
  5
394
330
1
100
AcDbSymbolTableRecord
100
AcDbBlockTableRecord
  2
*D16
  0
ENDTAB
  0
ENDSEC
  0
SECTION
  2
BLOCKS
  0
BLOCK
  5
20
330
1F
100
AcDbEntity
  8
0
100
AcDbBlockBegin
  2
*MODEL_SPACE
 70
     0
 10
0.0
 20
0.0
 30
0.0
  3
*MODEL_SPACE
  1

  0
ENDBLK
  5
21
330
1F
100
AcDbEntity
  8
0
100
AcDbBlockEnd
  0
BLOCK
  5
1C
330
1B
100
AcDbEntity
 67
     1
  8
0
100
AcDbBlockBegin
  2
*PAPER_SPACE
 70
     0
 10
0.0
 20
0.0
 30
0.0
  3
*PAPER_SPACE
  1

  0
ENDBLK
  5
1D
330
1B
100
AcDbEntity
 67
     1
  8
0
100
AcDbBlockEnd
  0
BLOCK
  5
264
330
263
100
AcDbEntity
  8
0
100
AcDbBlockBegin
  2
*D1
 70
     1
 10
0.0
 20
0.0
 30
0.0
  3
*D1
  1

  0
LINE
  5
265
330
263
100
AcDbEntity
  8
ANNOTATION_TEXT
 62
     7
100
AcDbLine
 10
243.4666713828834
 20
250.6792638421969
 30
0.0
 11
243.4666713828834
 21
270.5374207118282
 31
0.0
1001
INDEX
1070
     0
  0
LINE
  5
267
330
263
100
AcDbEntity
  8
ANNOTATION_TEXT
 62
     7
100
AcDbLine
 10
340.9666713828834
 20
250.6792638421969
 30
0.0
 11
340.9666713828834
 21
270.5374207118282
 31
0.0
1001
INDEX
1070
     1
  0
LINE
  5
268
330
263
100
AcDbEntity
  8
ANNOTATION_TEXT
 62
     7
100
AcDbLine
 10
245.9666713828834
 20
269.2874207118282
 30
0.0
 11
338.4666713828834
 21
269.2874207118282
 31
0.0
1001
INDEX
1070
     3
  0
SOLID
  5
269
330
263
100
AcDbEntity
  8
ANNOTATION_TEXT
 62
     7
100
AcDbTrace
 10
245.9666713828834
 20
269.7040873784949
 30
0.0
 11
245.9666713828834
 21
268.8707540451615
 31
0.0
 12
243.4666713828834
 22
269.2874207118282
 32
0.0
 13
243.4666713828834
 23
269.2874207118282
 33
0.0
  0
SOLID
  5
26A
330
263
100
AcDbEntity
  8
ANNOTATION_TEXT
 62
     7
100
AcDbTrace
 10
338.4666713828834
 20
268.8707540451615
 30
0.0
 11
338.4666713828834
 21
269.7040873784949
 31
0.0
 12
340.9666713828834
 22
269.2874207118282
 32
0.0
 13
340.9666713828834
 23
269.2874207118282
 33
0.0
  0
MTEXT
  5
26B
330
263
100
AcDbEntity
  8
ANNOTATION_TEXT
 62
     7
100
AcDbMText
 10
288.0011288115438
 20
271.706528341256
 30
0.0
 40
3.5
 41
0.0
 71
     5
 72
     1
  1
390
  7
ONSHAPE-STANDARD-DIMENSION
  0
POINT
  5
26C
330
263
100
AcDbEntity
  8
DEFPOINTS
 62
     0
100
AcDbPoint
 10
243.4666713828834
 20
250.0542638421969
 30
0.0
  0
POINT
  5
26D
330
263
100
AcDbEntity
  8
DEFPOINTS
 62
     0
100
AcDbPoint
 10
340.9666713828834
 20
250.0542638421969
 30
0.0
  0
POINT
  5
26E
330
263
100
AcDbEntity
  8
DEFPOINTS
 62
     0
100
AcDbPoint
 10
340.9666713828834
 20
269.2874207118282
 30
0.0
  0
POINT
  5
26F
330
263
100
AcDbEntity
  8
DEFPOINTS
 62
     0
100
AcDbPoint
 10
340.9666713828834
 20
269.2874207118282
 30
0.0
  0
ENDBLK
  5
270
330
263
100
AcDbEntity
  8
0
100
AcDbBlockEnd
  0
BLOCK
  5
27B
330
27A
100
AcDbEntity
  8
0
100
AcDbBlockBegin
  2
*D2
 70
     1
 10
0.0
 20
0.0
 30
0.0
  3
*D2
  1

  0
LINE
  5
27C
330
27A
100
AcDbEntity
  8
ANNOTATION_TEXT
 62
     7
100
AcDbLine
 10
341.5916713828834
 20
250.0542638421969
 30
0.0
 11
371.6163452054021
 21
250.0542638421969
 31
0.0
1001
INDEX
1070
     0
  0
LINE
  5
27D
330
27A
100
AcDbEntity
  8
ANNOTATION_TEXT
 62
     7
100
AcDbLine
 10
329.0916713828834
 20
158.8042638421969
 30
0.0
 11
371.6163452054021
 21
158.8042638421969
 31
0.0
1001
INDEX
1070
     1
  0
LINE
  5
27E
330
27A
100
AcDbEntity
  8
ANNOTATION_TEXT
 62
     7
100
AcDbLine
 10
370.3663452054021
 20
247.5542638421969
 30
0.0
 11
370.3663452054021
 21
161.3042638421969
 31
0.0
1001
INDEX
1070
     3
  0
SOLID
  5
27F
330
27A
100
AcDbEntity
  8
ANNOTATION_TEXT
 62
     7
100
AcDbTrace
 10
370.7830118720688
 20
247.5542638421969
 30
0.0
 11
369.9496785387354
 21
247.5542638421969
 31
0.0
 12
370.3663452054021
 22
250.0542638421969
 32
0.0
 13
370.3663452054021
 23
250.0542638421969
 33
0.0
  0
SOLID
  5
280
330
27A
100
AcDbEntity
  8
ANNOTATION_TEXT
 62
     7
100
AcDbTrace
 10
369.9496785387354
 20
161.3042638421969
 30
0.0
 11
370.7830118720688
 21
161.3042638421969
 31
0.0
 12
370.3663452054021
 22
158.8042638421969
 32
0.0
 13
370.3663452054021
 23
158.8042638421969
 33
0.0
  0
MTEXT
  5
281
330
27A
100
AcDbEntity
  8
ANNOTATION_TEXT
 62
     7
100
AcDbMText
 10
367.9496217721596
 20
204.4292638421969
 30
0.0
 40
3.5
 41
0.0
 71
     5
 72
     1
  1
365
  7
ONSHAPE-STANDARD-DIMENSION
 11
0.0
 21
1.0
 31
0.0
  0
POINT
  5
282
330
27A
100
AcDbEntity
  8
DEFPOINTS
 62
     0
100
AcDbPoint
 10
340.9666713828834
 20
250.0542638421969
 30
0.0
  0
POINT
  5
283
330
27A
100
AcDbEntity
  8
DEFPOINTS
 62
     0
100
AcDbPoint
 10
328.4666713828834
 20
158.8042638421969
 30
0.0
  0
POINT
  5
284
330
27A
100
AcDbEntity
  8
DEFPOINTS
 62
     0
100
AcDbPoint
 10
370.3663452054021
 20
158.8042638421969
 30
0.0
  0
POINT
  5
285
330
27A
100
AcDbEntity
  8
DEFPOINTS
 62
     0
100
AcDbPoint
 10
370.3663452054021
 20
158.8042638421969
 30
0.0
  0
ENDBLK
  5
286
330
27A
100
AcDbEntity
  8
0
100
AcDbBlockEnd
  0
BLOCK
  5
28E
330
28D
100
AcDbEntity
  8
0
100
AcDbBlockBegin
  2
*D3
 70
     1
 10
0.0
 20
0.0
 30
0.0
  3
*D3
  1

  0
LINE
  5
28F
330
28D
100
AcDbEntity
  8
ANNOTATION_TEXT
 62
     7
100
AcDbLine
 10
341.5916713828834
 20
153.8042638421969
 30
0.0
 11
371.6163452054021
 21
153.8042638421969
 31
0.0
1001
INDEX
1070
     0
  0
LINE
  5
290
330
28D
100
AcDbEntity
  8
ANNOTATION_TEXT
 62
     7
100
AcDbLine
 10
329.0916713828834
 20
158.8042638421969
 30
0.0
 11
371.6163452054021
 21
158.8042638421969
 31
0.0
1001
INDEX
1070
     1
  0
LINE
  5
291
330
28D
100
AcDbEntity
  8
ANNOTATION_TEXT
 62
     7
100
AcDbLine
 10
370.3663452054021
 20
153.8042638421969
 30
0.0
 11
370.3663452054021
 21
142.4425472209435
 31
0.0
  0
LINE
  5
292
330
28D
100
AcDbEntity
  8
ANNOTATION_TEXT
 62
     7
100
AcDbLine
 10
370.3663452054021
 20
153.8042638421969
 30
0.0
 11
370.3663452054021
 21
158.7417638421969
 31
0.0
1001
INDEX
1070
     3
  0
LINE
  5
293
330
28D
100
AcDbEntity
  8
ANNOTATION_TEXT
 62
     7
100
AcDbLine
 10
370.3663452054021
 20
151.3042638421969
 30
0.0
 11
370.3663452054021
 21
148.8042638421969
 31
0.0
1001
INDEX
1070
     3
  0
LINE
  5
294
330
28D
100
AcDbEntity
  8
ANNOTATION_TEXT
 62
     7
100
AcDbLine
 10
370.3663452054021
 20
161.3042638421969
 30
0.0
 11
370.3663452054021
 21
163.8042638421969
 31
0.0
1001
INDEX
1070
     3
  0
SOLID
  5
295
330
28D
100
AcDbEntity
  8
ANNOTATION_TEXT
 62
     7
100
AcDbTrace
 10
370.7830118720688
 20
151.3042638421969
 30
0.0
 11
369.9496785387354
 21
151.3042638421969
 31
0.0
 12
370.3663452054021
 22
153.8042638421969
 32
0.0
 13
370.3663452054021
 23
153.8042638421969
 33
0.0
  0
SOLID
  5
296
330
28D
100
AcDbEntity
  8
ANNOTATION_TEXT
 62
     7
100
AcDbTrace
 10
369.9496785387354
 20
161.3042638421969
 30
0.0
 11
370.7830118720688
 21
161.3042638421969
 31
0.0
 12
370.3663452054021
 22
158.8042638421969
 32
0.0
 13
370.3663452054021
 23
158.8042638421969
 33
0.0
  0
MTEXT
  5
297
330
28D
100
AcDbEntity
  8
ANNOTATION_TEXT
 62
     7
100
AcDbMText
 10
367.9472375759743
 20
145.6234055315702
 30
0.0
 40
3.5
 41
0.0
 71
     5
 72
     1
  1
20
  7
ONSHAPE-STANDARD-DIMENSION
 11
0.0
 21
1.0
 31
0.0
  0
POINT
  5
298
330
28D
100
AcDbEntity
  8
DEFPOINTS
 62
     0
100
AcDbPoint
 10
340.9666713828834
 20
153.8042638421969
 30
0.0
  0
POINT
  5
299
330
28D
100
AcDbEntity
  8
DEFPOINTS
 62
     0
100
AcDbPoint
 10
328.4666713828834
 20
158.8042638421969
 30
0.0
  0
POINT
  5
29A
330
28D
100
AcDbEntity
  8
DEFPOINTS
 62
     0
100
AcDbPoint
 10
370.3663452054021
 20
158.8042638421969
 30
0.0
  0
POINT
  5
29B
330
28D
100
AcDbEntity
  8
DEFPOINTS
 62
     0
100
AcDbPoint
 10
370.3663452054021
 20
158.8042638421969
 30
0.0
  0
ENDBLK
  5
29C
330
28D
100
AcDbEntity
  8
0
100
AcDbBlockEnd
  0
BLOCK
  5
2A4
330
2A3
100
AcDbEntity
  8
0
100
AcDbBlockBegin
  2
*D4
 70
     1
 10
0.0
 20
0.0
 30
0.0
  3
*D4
  1

  0
LINE
  5
2A5
330
2A3
100
AcDbEntity
  8
ANNOTATION_TEXT
 62
     7
100
AcDbLine
 10
282.4666713828834
 20
139.190409980322
 30
0.0
 11
282.4666713828834
 21
116.6021606491044
 31
0.0
1001
INDEX
1070
     0
  0
LINE
  5
2A6
330
2A3
100
AcDbEntity
  8
ANNOTATION_TEXT
 62
     7
100
AcDbLine
 10
301.9666713828834
 20
139.190409980322
 30
0.0
 11
301.9666713828834
 21
116.6021606491044
 31
0.0
1001
INDEX
1070
     1
  0
LINE
  5
2A7
330
2A3
100
AcDbEntity
  8
ANNOTATION_TEXT
 62
     7
100
AcDbLine
 10
284.9666713828834
 20
117.8521606491044
 30
0.0
 11
299.4666713828834
 21
117.8521606491044
 31
0.0
1001
INDEX
1070
     3
  0
SOLID
  5
2A8
330
2A3
100
AcDbEntity
  8
ANNOTATION_TEXT
 62
     7
100
AcDbTrace
 10
284.9666713828834
 20
118.268827315771
 30
0.0
 11
284.9666713828834
 21
117.4354939824377
 31
0.0
 12
282.4666713828834
 22
117.8521606491044
 32
0.0
 13
282.4666713828834
 23
117.8521606491044
 33
0.0
  0
SOLID
  5
2A9
330
2A3
100
AcDbEntity
  8
ANNOTATION_TEXT
 62
     7
100
AcDbTrace
 10
299.4666713828834
 20
117.4354939824377
 30
0.0
 11
299.4666713828834
 21
118.268827315771
 31
0.0
 12
301.9666713828834
 22
117.8521606491044
 32
0.0
 13
301.9666713828834
 23
117.8521606491044
 33
0.0
  0
MTEXT
  5
2AA
330
2A3
100
AcDbEntity
  8
ANNOTATION_TEXT
 62
     7
100
AcDbMText
 10
292.2166713828834
 20
120.2688840823469
 30
0.0
 40
3.5
 41
0.0
 71
     5
 72
     1
  1
78
  7
ONSHAPE-STANDARD-DIMENSION
  0
POINT
  5
2AB
330
2A3
100
AcDbEntity
  8
DEFPOINTS
 62
     0
100
AcDbPoint
 10
282.4666713828834
 20
139.815409980322
 30
0.0
  0
POINT
  5
2AC
330
2A3
100
AcDbEntity
  8
DEFPOINTS
 62
     0
100
AcDbPoint
 10
301.9666713828834
 20
139.815409980322
 30
0.0
  0
POINT
  5
2AD
330
2A3
100
AcDbEntity
  8
DEFPOINTS
 62
     0
100
AcDbPoint
 10
301.9666713828834
 20
117.8521606491044
 30
0.0
  0
POINT
  5
2AE
330
2A3
100
AcDbEntity
  8
DEFPOINTS
 62
     0
100
AcDbPoint
 10
301.9666713828834
 20
117.8521606491044
 30
0.0
  0
ENDBLK
  5
2AF
330
2A3
100
AcDbEntity
  8
0
100
AcDbBlockEnd
  0
BLOCK
  5
2B7
330
2B6
100
AcDbEntity
  8
0
100
AcDbBlockBegin
  2
*D5
 70
     1
 10
0.0
 20
0.0
 30
0.0
  3
*D5
  1

  0
LINE
  5
2B8
330
2B6
100
AcDbEntity
  8
ANNOTATION_TEXT
 62
     7
100
AcDbLine
 10
291.5916713828834
 20
139.815409980322
 30
0.0
 11
270.8617760426499
 21
139.815409980322
 31
0.0
1001
INDEX
1070
     0
  0
LINE
  5
2B9
330
2B6
100
AcDbEntity
  8
ANNOTATION_TEXT
 62
     7
100
AcDbLine
 10
271.4867760426499
 20
158.8042638421969
 30
0.0
 11
270.8617760426499
 21
158.8042638421969
 31
0.0
1001
INDEX
1070
     1
  0
LINE
  5
2BA
330
2B6
100
AcDbEntity
  8
ANNOTATION_TEXT
 62
     7
100
AcDbLine
 10
272.1117760426499
 20
142.315409980322
 30
0.0
 11
272.1117760426499
 21
156.3042638421969
 31
0.0
1001
INDEX
1070
     3
  0
SOLID
  5
2BB
330
2B6
100
AcDbEntity
  8
ANNOTATION_TEXT
 62
     7
100
AcDbTrace
 10
271.6951093759832
 20
142.315409980322
 30
0.0
 11
272.5284427093166
 21
142.315409980322
 31
0.0
 12
272.1117760426499
 22
139.815409980322
 32
0.0
 13
272.1117760426499
 23
139.815409980322
 33
0.0
  0
SOLID
  5
2BC
330
2B6
100
AcDbEntity
  8
ANNOTATION_TEXT
 62
     7
100
AcDbTrace
 10
272.5284427093166
 20
156.3042638421969
 30
0.0
 11
271.6951093759832
 21
156.3042638421969
 31
0.0
 12
272.1117760426499
 22
158.8042638421969
 32
0.0
 13
272.1117760426499
 23
158.8042638421969
 33
0.0
  0
MTEXT
  5
2BD
330
2B6
100
AcDbEntity
  8
ANNOTATION_TEXT
 62
     7
100
AcDbMText
 10
269.4041806748025
 20
149.3098369112595
 30
0.0
 40
3.5
 41
0.0
 71
     5
 72
     1
  1
75,96
  7
ONSHAPE-STANDARD-DIMENSION
 11
0.0
 21
1.0
 31
0.0
  0
POINT
  5
2BE
330
2B6
100
AcDbEntity
  8
DEFPOINTS
 62
     0
100
AcDbPoint
 10
292.2166713828834
 20
139.815409980322
 30
0.0
  0
POINT
  5
2BF
330
2B6
100
AcDbEntity
  8
DEFPOINTS
 62
     0
100
AcDbPoint
 10
272.1117760426499
 20
158.8042638421969
 30
0.0
  0
POINT
  5
2C0
330
2B6
100
AcDbEntity
  8
DEFPOINTS
 62
     0
100
AcDbPoint
 10
272.1117760426499
 20
158.8042638421969
 30
0.0
  0
POINT
  5
2C1
330
2B6
100
AcDbEntity
  8
DEFPOINTS
 62
     0
100
AcDbPoint
 10
272.1117760426499
 20
158.8042638421969
 30
0.0
  0
ENDBLK
  5
2C2
330
2B6
100
AcDbEntity
  8
0
100
AcDbBlockEnd
  0
BLOCK
  5
2CA
330
2C9
100
AcDbEntity
  8
0
100
AcDbBlockBegin
  2
*D6
 70
     1
 10
0.0
 20
0.0
 30
0.0
  3
*D6
  1

  0
LINE
  5
2CB
330
2C9
100
AcDbEntity
  8
ANNOTATION_TEXT
 62
     7
100
AcDbLine
 10
128.8689077829969
 20
269.0722723831958
 30
0.0
 11
164.4062141988058
 21
269.0722723831958
 31
0.0
1001
INDEX
1070
     0
  0
LINE
  5
2CC
330
2C9
100
AcDbEntity
  8
ANNOTATION_TEXT
 62
     7
100
AcDbLine
 10
128.8689077829969
 20
171.5722723831958
 30
0.0
 11
164.4062141988058
 21
171.5722723831958
 31
0.0
1001
INDEX
1070
     1
  0
LINE
  5
2CD
330
2C9
100
AcDbEntity
  8
ANNOTATION_TEXT
 62
     7
100
AcDbLine
 10
163.1562141988058
 20
266.5722723831958
 30
0.0
 11
163.1562141988058
 21
174.0722723831958
 31
0.0
1001
INDEX
1070
     3
  0
SOLID
  5
2CE
330
2C9
100
AcDbEntity
  8
ANNOTATION_TEXT
 62
     7
100
AcDbTrace
 10
163.5728808654724
 20
266.5722723831958
 30
0.0
 11
162.7395475321391
 21
266.5722723831958
 31
0.0
 12
163.1562141988058
 22
269.0722723831958
 32
0.0
 13
163.1562141988058
 23
269.0722723831958
 33
0.0
  0
SOLID
  5
2CF
330
2C9
100
AcDbEntity
  8
ANNOTATION_TEXT
 62
     7
100
AcDbTrace
 10
162.7395475321391
 20
174.0722723831958
 30
0.0
 11
163.5728808654724
 21
174.0722723831958
 31
0.0
 12
163.1562141988058
 22
171.5722723831958
 32
0.0
 13
163.1562141988058
 23
171.5722723831958
 33
0.0
  0
MTEXT
  5
2D0
330
2C9
100
AcDbEntity
  8
ANNOTATION_TEXT
 62
     7
100
AcDbMText
 10
160.737106569378
 20
220.3222723831958
 30
0.0
 40
3.5
 41
0.0
 71
     5
 72
     1
  1
390
  7
ONSHAPE-STANDARD-DIMENSION
 11
0.0
 21
1.0
 31
0.0
  0
POINT
  5
2D1
330
2C9
100
AcDbEntity
  8
DEFPOINTS
 62
     0
100
AcDbPoint
 10
128.2439077829969
 20
269.0722723831958
 30
0.0
  0
POINT
  5
2D2
330
2C9
100
AcDbEntity
  8
DEFPOINTS
 62
     0
100
AcDbPoint
 10
128.2439077829969
 20
171.5722723831958
 30
0.0
  0
POINT
  5
2D3
330
2C9
100
AcDbEntity
  8
DEFPOINTS
 62
     0
100
AcDbPoint
 10
163.1562141988058
 20
171.5722723831958
 30
0.0
  0
POINT
  5
2D4
330
2C9
100
AcDbEntity
  8
DEFPOINTS
 62
     0
100
AcDbPoint
 10
163.1562141988058
 20
171.5722723831958
 30
0.0
  0
ENDBLK
  5
2D5
330
2C9
100
AcDbEntity
  8
0
100
AcDbBlockEnd
  0
BLOCK
  5
2DD
330
2DC
100
AcDbEntity
  8
0
100
AcDbBlockBegin
  2
*D7
 70
     1
 10
0.0
 20
0.0
 30
0.0
  3
*D7
  1

  0
LINE
  5
2DE
330
2DC
100
AcDbEntity
  8
ANNOTATION_TEXT
 62
     7
100
AcDbLine
 10
118.9939077829969
 20
260.4472723831958
 30
0.0
 11
118.9939077829969
 21
278.3199608435313
 31
0.0
1001
INDEX
1070
     0
  0
LINE
  5
2DF
330
2DC
100
AcDbEntity
  8
ANNOTATION_TEXT
 62
     7
100
AcDbLine
 10
128.2439077829969
 20
269.6972723831958
 30
0.0
 11
128.2439077829969
 21
278.3199608435313
 31
0.0
1001
INDEX
1070
     1
  0
LINE
  5
2E0
330
2DC
100
AcDbEntity
  8
ANNOTATION_TEXT
 62
     7
100
AcDbLine
 10
128.2439077829969
 20
277.0699608435313
 30
0.0
 11
149.4820548126315
 21
277.0699608435313
 31
0.0
  0
LINE
  5
2E1
330
2DC
100
AcDbEntity
  8
ANNOTATION_TEXT
 62
     7
100
AcDbLine
 10
121.4939077829969
 20
277.0699608435313
 30
0.0
 11
125.7439077829969
 21
277.0699608435313
 31
0.0
1001
INDEX
1070
     3
  0
SOLID
  5
2E2
330
2DC
100
AcDbEntity
  8
ANNOTATION_TEXT
 62
     7
100
AcDbTrace
 10
121.4939077829969
 20
277.486627510198
 30
0.0
 11
121.4939077829969
 21
276.6532941768646
 31
0.0
 12
118.9939077829969
 22
277.0699608435313
 32
0.0
 13
118.9939077829969
 23
277.0699608435313
 33
0.0
  0
SOLID
  5
2E3
330
2DC
100
AcDbEntity
  8
ANNOTATION_TEXT
 62
     7
100
AcDbTrace
 10
125.7439077829969
 20
276.6532941768646
 30
0.0
 11
125.7439077829969
 21
277.486627510198
 31
0.0
 12
128.2439077829969
 22
277.0699608435313
 32
0.0
 13
128.2439077829969
 23
277.0699608435313
 33
0.0
  0
MTEXT
  5
2E4
330
2DC
100
AcDbEntity
  8
ANNOTATION_TEXT
 62
     7
100
AcDbMText
 10
146.294043913449
 20
279.4866842767738
 30
0.0
 40
3.5
 41
0.0
 71
     5
 72
     1
  1
37
  7
ONSHAPE-STANDARD-DIMENSION
  0
POINT
  5
2E5
330
2DC
100
AcDbEntity
  8
DEFPOINTS
 62
     0
100
AcDbPoint
 10
118.9939077829969
 20
259.8222723831958
 30
0.0
  0
POINT
  5
2E6
330
2DC
100
AcDbEntity
  8
DEFPOINTS
 62
     0
100
AcDbPoint
 10
128.2439077829969
 20
269.0722723831958
 30
0.0
  0
POINT
  5
2E7
330
2DC
100
AcDbEntity
  8
DEFPOINTS
 62
     0
100
AcDbPoint
 10
128.2439077829969
 20
277.0699608435313
 30
0.0
  0
POINT
  5
2E8
330
2DC
100
AcDbEntity
  8
DEFPOINTS
 62
     0
100
AcDbPoint
 10
128.2439077829969
 20
277.0699608435313
 30
0.0
  0
ENDBLK
  5
2E9
330
2DC
100
AcDbEntity
  8
0
100
AcDbBlockEnd
  0
BLOCK
  5
2F1
330
2F0
100
AcDbEntity
  8
0
100
AcDbBlockBegin
  2
*D8
 70
     1
 10
0.0
 20
0.0
 30
0.0
  3
*D8
  1

  0
LINE
  5
2F2
330
2F0
100
AcDbEntity
  8
ANNOTATION_TEXT
 62
     7
100
AcDbLine
 10
67.49390778299693
 20
232.9472723831958
 30
0.0
 11
67.49390778299693
 21
244.27134776733
 31
0.0
1001
INDEX
1070
     0
  0
LINE
  5
2F3
330
2F0
100
AcDbEntity
  8
ANNOTATION_TEXT
 62
     7
100
AcDbLine
 10
91.49390778299693
 20
232.9472723831958
 30
0.0
 11
91.49390778299693
 21
244.27134776733
 31
0.0
1001
INDEX
1070
     1
  0
LINE
  5
2F4
330
2F0
100
AcDbEntity
  8
ANNOTATION_TEXT
 62
     7
100
AcDbLine
 10
69.99390778299693
 20
243.02134776733
 30
0.0
 11
88.99390778299693
 21
243.02134776733
 31
0.0
1001
INDEX
1070
     3
  0
SOLID
  5
2F5
330
2F0
100
AcDbEntity
  8
ANNOTATION_TEXT
 62
     7
100
AcDbTrace
 10
69.99390778299693
 20
243.4380144339967
 30
0.0
 11
69.99390778299693
 21
242.6046811006634
 31
0.0
 12
67.49390778299693
 22
243.02134776733
 32
0.0
 13
67.49390778299693
 23
243.02134776733
 33
0.0
  0
SOLID
  5
2F6
330
2F0
100
AcDbEntity
  8
ANNOTATION_TEXT
 62
     7
100
AcDbTrace
 10
88.99390778299693
 20
242.6046811006634
 30
0.0
 11
88.99390778299693
 21
243.4380144339967
 31
0.0
 12
91.49390778299693
 22
243.02134776733
 32
0.0
 13
91.49390778299693
 23
243.02134776733
 33
0.0
  0
MTEXT
  5
2F7
330
2F0
100
AcDbEntity
  8
ANNOTATION_TEXT
 62
     7
100
AcDbMText
 10
79.49390778299693
 20
245.4380712005726
 30
0.0
 40
3.5
 41
0.0
 71
     5
 72
     1
  1
96
  7
ONSHAPE-STANDARD-DIMENSION
  0
POINT
  5
2F8
330
2F0
100
AcDbEntity
  8
DEFPOINTS
 62
     0
100
AcDbPoint
 10
67.49390778299693
 20
232.3222723831958
 30
0.0
  0
POINT
  5
2F9
330
2F0
100
AcDbEntity
  8
DEFPOINTS
 62
     0
100
AcDbPoint
 10
91.49390778299693
 20
232.3222723831958
 30
0.0
  0
POINT
  5
2FA
330
2F0
100
AcDbEntity
  8
DEFPOINTS
 62
     0
100
AcDbPoint
 10
91.49390778299693
 20
243.02134776733
 30
0.0
  0
POINT
  5
2FB
330
2F0
100
AcDbEntity
  8
DEFPOINTS
 62
     0
100
AcDbPoint
 10
91.49390778299693
 20
243.02134776733
 30
0.0
  0
ENDBLK
  5
2FC
330
2F0
100
AcDbEntity
  8
0
100
AcDbBlockEnd
  0
BLOCK
  5
304
330
303
100
AcDbEntity
  8
0
100
AcDbBlockBegin
  2
*D9
 70
     1
 10
0.0
 20
0.0
 30
0.0
  3
*D9
  1

  0
LINE
  5
305
330
303
100
AcDbEntity
  8
ANNOTATION_TEXT
 62
     7
100
AcDbLine
 10
87.56726130403565
 20
223.6962111681076
 30
0.0
 11
105.8841064683302
 21
231.3510121322904
 31
0.0
1001
INDEX
1070
     3
  0
LINE
  5
306
330
303
100
AcDbEntity
  8
ANNOTATION_TEXT
 62
     7
100
AcDbLine
 10
71.4205542619582
 20
216.9483335982841
 30
0.0
 11
69.1138818273757
 21
215.9843510883093
 31
0.0
1001
INDEX
1070
     3
  0
MTEXT
  5
307
330
303
100
AcDbEntity
  8
ANNOTATION_TEXT
 62
     7
100
AcDbMText
 10
100.2478435099872
 20
231.7285305163361
 30
0.0
 40
3.5
 41
0.0
 71
     5
 72
     1
  1
%%c50
  7
ONSHAPE-STANDARD-DIMENSION
 11
0.9226689738329973
 21
0.3855930039899114
 31
0.0
  0
LINE
  5
308
330
303
100
AcDbEntity
  8
ANNOTATION_TEXT
 62
     7
100
AcDbLine
 10
73.7272266965407
 20
217.9123161082589
 30
0.0
 11
85.26058886945316
 21
222.7322286581328
 31
0.0
1001
INDEX
1070
     3
  0
SOLID
  5
309
330
303
100
AcDbEntity
  8
ANNOTATION_TEXT
 62
     7
100
AcDbTrace
 10
71.58121801362067
 20
216.5638881925204
 30
0.0
 11
71.25989051029573
 21
217.3327790040479
 31
0.0
 12
73.7272266965407
 22
217.9123161082589
 32
0.0
 13
73.7272266965407
 23
217.9123161082589
 33
0.0
  0
SOLID
  5
30A
330
303
100
AcDbEntity
  8
ANNOTATION_TEXT
 62
     7
100
AcDbTrace
 10
87.40659755237319
 20
224.0806565738713
 30
0.0
 11
87.72792505569812
 21
223.3117657623438
 31
0.0
 12
85.26058886945316
 22
222.7322286581328
 32
0.0
 13
85.26058886945316
 23
222.7322286581328
 33
0.0
  0
POINT
  5
30B
330
303
100
AcDbEntity
  8
DEFPOINTS
 62
     0
100
AcDbPoint
 10
85.26058886945316
 20
222.7322286581328
 30
0.0
  0
POINT
  5
30C
330
303
100
AcDbEntity
  8
DEFPOINTS
 62
     0
100
AcDbPoint
 10
73.7272266965407
 20
217.9123161082589
 30
0.0
  0
ENDBLK
  5
30D
330
303
100
AcDbEntity
  8
0
100
AcDbBlockEnd
  0
BLOCK
  5
315
330
314
100
AcDbEntity
  8
0
100
AcDbBlockBegin
  2
*D10
 70
     1
 10
0.0
 20
0.0
 30
0.0
  3
*D10
  1

  0
LINE
  5
316
330
314
100
AcDbEntity
  8
ANNOTATION_TEXT
 62
     7
100
AcDbLine
 10
87.01184898839138
 20
230.3087912978243
 30
0.0
 11
91.45631807696995
 21
236.2126382960854
 31
0.0
1001
INDEX
1070
     3
  0
LINE
  5
317
330
314
100
AcDbEntity
  8
ANNOTATION_TEXT
 62
     7
100
AcDbLine
 10
91.5314974890239
 20
236.3125034852316
 30
0.0
 11
104.2603227468333
 21
253.2209430067994
 31
0.0
1001
INDEX
1070
     3
  0
LINE
  5
318
330
314
100
AcDbEntity
  8
ANNOTATION_TEXT
 62
     7
100
AcDbLine
 10
71.97596657760248
 20
210.3357534685674
 30
0.0
 11
70.47237833652359
 21
208.3384496856417
 31
0.0
1001
INDEX
1070
     3
  0
MTEXT
  5
319
330
314
100
AcDbEntity
  8
ANNOTATION_TEXT
 62
     7
100
AcDbMText
 10
99.20558274101012
 20
250.6991214945961
 30
0.0
 40
3.5
 41
0.0
 71
     5
 72
     1
  1
%%c80
  7
ONSHAPE-STANDARD-DIMENSION
 11
0.6014352964315569
 21
0.7989215131702774
 31
0.0
  0
LINE
  5
31A
330
314
100
AcDbEntity
  8
ANNOTATION_TEXT
 62
     7
100
AcDbLine
 10
73.47955481868136
 20
212.3330572514931
 30
0.0
 11
79.45631807696995
 21
220.2723397886227
 31
0.0
1001
INDEX
1070
     3
  0
LINE
  5
31B
330
314
100
AcDbEntity
  8
ANNOTATION_TEXT
 62
     7
100
AcDbLine
 10
79.5314974890239
 20
220.372204977769
 30
0.0
 11
85.50826074731249
 21
228.3114875148986
 31
0.0
1001
INDEX
1070
     3
  0
SOLID
  5
31C
330
314
100
AcDbEntity
  8
ANNOTATION_TEXT
 62
     7
100
AcDbTrace
 10
72.30885054142342
 20
210.0851554283876
 30
0.0
 11
71.64308261378153
 21
210.5863515087472
 31
0.0
 12
73.47955481868136
 22
212.3330572514931
 32
0.0
 13
73.47955481868136
 23
212.3330572514931
 33
0.0
  0
SOLID
  5
31D
330
314
100
AcDbEntity
  8
ANNOTATION_TEXT
 62
     7
100
AcDbTrace
 10
86.67896502457043
 20
230.5593893380041
 30
0.0
 11
87.34473295221233
 21
230.0581932576445
 31
0.0
 12
85.50826074731249
 22
228.3114875148986
 32
0.0
 13
85.50826074731249
 23
228.3114875148986
 33
0.0
  0
POINT
  5
31E
330
314
100
AcDbEntity
  8
DEFPOINTS
 62
     0
100
AcDbPoint
 10
85.50826074731249
 20
228.3114875148986
 30
0.0
  0
POINT
  5
31F
330
314
100
AcDbEntity
  8
DEFPOINTS
 62
     0
100
AcDbPoint
 10
73.47955481868136
 20
212.3330572514931
 30
0.0
  0
ENDBLK
  5
320
330
314
100
AcDbEntity
  8
0
100
AcDbBlockEnd
  0
BLOCK
  5
328
330
327
100
AcDbEntity
  8
0
100
AcDbBlockBegin
  2
*D11
 70
     1
 10
0.0
 20
0.0
 30
0.0
  3
*D11
  1

  0
LINE
  5
329
330
327
100
AcDbEntity
  8
ANNOTATION_TEXT
 62
     7
100
AcDbLine
 10
36.11890778299693
 20
76.2365683120822
 30
0.0
 11
16.95640424583458
 21
76.2365683120822
 31
0.0
1001
INDEX
1070
     0
  0
LINE
  5
32A
330
327
100
AcDbEntity
  8
ANNOTATION_TEXT
 62
     7
100
AcDbLine
 10
42.61890778299691
 20
128.7365683120822
 30
0.0
 11
16.95640424583459
 21
128.7365683120822
 31
0.0
1001
INDEX
1070
     1
  0
LINE
  5
32B
330
327
100
AcDbEntity
  8
ANNOTATION_TEXT
 62
     7
100
AcDbLine
 10
18.20640424583458
 20
78.7365683120822
 30
0.0
 11
18.20640424583459
 21
126.2365683120822
 31
0.0
1001
INDEX
1070
     3
  0
SOLID
  5
32C
330
327
100
AcDbEntity
  8
ANNOTATION_TEXT
 62
     7
100
AcDbTrace
 10
17.78973757916792
 20
78.7365683120822
 30
0.0
 11
18.62307091250125
 21
78.7365683120822
 31
0.0
 12
18.20640424583458
 22
76.2365683120822
 32
0.0
 13
18.20640424583458
 23
76.2365683120822
 33
0.0
  0
SOLID
  5
32D
330
327
100
AcDbEntity
  8
ANNOTATION_TEXT
 62
     7
100
AcDbTrace
 10
18.62307091250126
 20
126.2365683120822
 30
0.0
 11
17.78973757916792
 21
126.2365683120822
 31
0.0
 12
18.20640424583459
 22
128.7365683120822
 32
0.0
 13
18.20640424583459
 23
128.7365683120822
 33
0.0
  0
MTEXT
  5
32E
330
327
100
AcDbEntity
  8
ANNOTATION_TEXT
 62
     7
100
AcDbMText
 10
15.78729661640679
 20
102.4865683120822
 30
0.0
 40
3.5
 41
0.0
 71
     5
 72
     1
  1
210
  7
ONSHAPE-STANDARD-DIMENSION
 11
6.767073673905720E-17
 21
1.0
 31
0.0
  0
POINT
  5
32F
330
327
100
AcDbEntity
  8
DEFPOINTS
 62
     0
100
AcDbPoint
 10
36.74390778299693
 20
76.2365683120822
 30
0.0
  0
POINT
  5
330
330
327
100
AcDbEntity
  8
DEFPOINTS
 62
     0
100
AcDbPoint
 10
43.24390778299691
 20
128.7365683120822
 30
0.0
  0
POINT
  5
331
330
327
100
AcDbEntity
  8
DEFPOINTS
 62
     0
100
AcDbPoint
 10
18.20640424583459
 20
128.7365683120822
 30
0.0
  0
POINT
  5
332
330
327
100
AcDbEntity
  8
DEFPOINTS
 62
     0
100
AcDbPoint
 10
18.20640424583459
 20
128.7365683120822
 30
0.0
  0
ENDBLK
  5
333
330
327
100
AcDbEntity
  8
0
100
AcDbBlockEnd
  0
BLOCK
  5
33B
330
33A
100
AcDbEntity
  8
0
100
AcDbBlockBegin
  2
*D12
 70
     1
 10
0.0
 20
0.0
 30
0.0
  3
*D12
  1

  0
LINE
  5
33C
330
33A
100
AcDbEntity
  8
ANNOTATION_TEXT
 62
     7
100
AcDbLine
 10
30.74390778299692
 20
134.3615683120822
 30
0.0
 11
30.74390778299692
 21
146.9895961210406
 31
0.0
1001
INDEX
1070
     0
  0
LINE
  5
33D
330
33A
100
AcDbEntity
  8
ANNOTATION_TEXT
 62
     7
100
AcDbLine
 10
33.74390778299693
 20
134.3615683120822
 30
0.0
 11
33.74390778299693
 21
146.9895961210406
 31
0.0
1001
INDEX
1070
     1
  0
LINE
  5
33E
330
33A
100
AcDbEntity
  8
ANNOTATION_TEXT
 62
     7
100
AcDbLine
 10
30.74390778299692
 20
145.7395961210406
 30
0.0
 11
15.13283476354576
 21
145.7395961210406
 31
0.0
  0
LINE
  5
33F
330
33A
100
AcDbEntity
  8
ANNOTATION_TEXT
 62
     7
100
AcDbLine
 10
30.74390778299692
 20
145.7395961210406
 30
0.0
 11
33.74390778299693
 21
145.7395961210406
 31
0.0
1001
INDEX
1070
     3
  0
LINE
  5
340
330
33A
100
AcDbEntity
  8
ANNOTATION_TEXT
 62
     7
100
AcDbLine
 10
28.24390778299692
 20
145.7395961210406
 30
0.0
 11
25.74390778299692
 21
145.7395961210406
 31
0.0
1001
INDEX
1070
     3
  0
LINE
  5
341
330
33A
100
AcDbEntity
  8
ANNOTATION_TEXT
 62
     7
100
AcDbLine
 10
36.24390778299693
 20
145.7395961210406
 30
0.0
 11
38.74390778299693
 21
145.7395961210406
 31
0.0
1001
INDEX
1070
     3
  0
SOLID
  5
342
330
33A
100
AcDbEntity
  8
ANNOTATION_TEXT
 62
     7
100
AcDbTrace
 10
28.24390778299692
 20
145.322929454374
 30
0.0
 11
28.24390778299692
 21
146.1562627877073
 31
0.0
 12
30.74390778299692
 22
145.7395961210406
 32
0.0
 13
30.74390778299692
 23
145.7395961210406
 33
0.0
  0
SOLID
  5
343
330
33A
100
AcDbEntity
  8
ANNOTATION_TEXT
 62
     7
100
AcDbTrace
 10
36.24390778299693
 20
146.1562627877073
 30
0.0
 11
36.24390778299693
 21
145.322929454374
 31
0.0
 12
33.74390778299693
 22
145.7395961210406
 32
0.0
 13
33.74390778299693
 23
145.7395961210406
 33
0.0
  0
MTEXT
  5
344
330
33A
100
AcDbEntity
  8
ANNOTATION_TEXT
 62
     7
100
AcDbMText
 10
18.20640424583459
 20
148.1324775924303
 30
0.0
 40
3.5
 41
0.0
 71
     5
 72
     1
  1
12
  7
ONSHAPE-STANDARD-DIMENSION
  0
POINT
  5
345
330
33A
100
AcDbEntity
  8
DEFPOINTS
 62
     0
100
AcDbPoint
 10
30.74390778299692
 20
133.7365683120822
 30
0.0
  0
POINT
  5
346
330
33A
100
AcDbEntity
  8
DEFPOINTS
 62
     0
100
AcDbPoint
 10
33.74390778299693
 20
133.7365683120822
 30
0.0
  0
POINT
  5
347
330
33A
100
AcDbEntity
  8
DEFPOINTS
 62
     0
100
AcDbPoint
 10
33.74390778299693
 20
145.7395961210406
 30
0.0
  0
POINT
  5
348
330
33A
100
AcDbEntity
  8
DEFPOINTS
 62
     0
100
AcDbPoint
 10
33.74390778299693
 20
145.7395961210406
 30
0.0
  0
ENDBLK
  5
349
330
33A
100
AcDbEntity
  8
0
100
AcDbBlockEnd
  0
BLOCK
  5
351
330
350
100
AcDbEntity
  8
0
100
AcDbBlockBegin
  2
*D13
 70
     1
 10
0.0
 20
0.0
 30
0.0
  3
*D13
  1

  0
LINE
  5
352
330
350
100
AcDbEntity
  8
ANNOTATION_TEXT
 62
     7
100
AcDbLine
 10
78.86890778299693
 20
121.2365683120822
 30
0.0
 11
78.24390778299693
 21
121.2365683120822
 31
0.0
1001
INDEX
1070
     0
  0
LINE
  5
353
330
350
100
AcDbEntity
  8
ANNOTATION_TEXT
 62
     7
100
AcDbLine
 10
78.86890778299693
 20
76.2365683120822
 30
0.0
 11
78.24390778299693
 21
76.2365683120822
 31
0.0
1001
INDEX
1070
     1
  0
LINE
  5
354
330
350
100
AcDbEntity
  8
ANNOTATION_TEXT
 62
     7
100
AcDbLine
 10
79.49390778299693
 20
118.7365683120822
 30
0.0
 11
79.49390778299693
 21
78.7365683120822
 31
0.0
1001
INDEX
1070
     3
  0
SOLID
  5
355
330
350
100
AcDbEntity
  8
ANNOTATION_TEXT
 62
     7
100
AcDbTrace
 10
79.9105744496636
 20
118.7365683120822
 30
0.0
 11
79.07724111633026
 21
118.7365683120822
 31
0.0
 12
79.49390778299693
 22
121.2365683120822
 32
0.0
 13
79.49390778299693
 23
121.2365683120822
 33
0.0
  0
SOLID
  5
356
330
350
100
AcDbEntity
  8
ANNOTATION_TEXT
 62
     7
100
AcDbTrace
 10
79.07724111633026
 20
78.7365683120822
 30
0.0
 11
79.9105744496636
 21
78.7365683120822
 31
0.0
 12
79.49390778299693
 22
76.2365683120822
 32
0.0
 13
79.49390778299693
 23
76.2365683120822
 33
0.0
  0
MTEXT
  5
357
330
350
100
AcDbEntity
  8
ANNOTATION_TEXT
 62
     7
100
AcDbMText
 10
77.07480015356913
 20
92.88317772655674
 30
0.0
 40
3.5
 41
0.0
 71
     5
 72
     1
  1
180
  7
ONSHAPE-STANDARD-DIMENSION
 11
0.0
 21
1.0
 31
0.0
  0
POINT
  5
358
330
350
100
AcDbEntity
  8
DEFPOINTS
 62
     0
100
AcDbPoint
 10
79.49390778299693
 20
121.2365683120822
 30
0.0
  0
POINT
  5
359
330
350
100
AcDbEntity
  8
DEFPOINTS
 62
     0
100
AcDbPoint
 10
79.49390778299693
 20
76.2365683120822
 30
0.0
  0
POINT
  5
35A
330
350
100
AcDbEntity
  8
DEFPOINTS
 62
     0
100
AcDbPoint
 10
79.49390778299693
 20
76.2365683120822
 30
0.0
  0
POINT
  5
35B
330
350
100
AcDbEntity
  8
DEFPOINTS
 62
     0
100
AcDbPoint
 10
79.49390778299693
 20
76.2365683120822
 30
0.0
  0
ENDBLK
  5
35C
330
350
100
AcDbEntity
  8
0
100
AcDbBlockEnd
  0
BLOCK
  5
364
330
363
100
AcDbEntity
  8
0
100
AcDbBlockBegin
  2
*D14
 70
     1
 10
0.0
 20
0.0
 30
0.0
  3
*D14
  1

  0
LINE
  5
365
330
363
100
AcDbEntity
  8
ANNOTATION_TEXT
 62
     7
100
AcDbLine
 10
69.49390778299693
 20
131.3615683120822
 30
0.0
 11
69.49390778299693
 21
163.8517664063975
 31
0.0
1001
INDEX
1070
     0
  0
LINE
  5
366
330
363
100
AcDbEntity
  8
ANNOTATION_TEXT
 62
     7
100
AcDbLine
 10
89.49390778299693
 20
131.3615683120822
 30
0.0
 11
89.49390778299693
 21
163.8517664063975
 31
0.0
1001
INDEX
1070
     1
  0
LINE
  5
367
330
363
100
AcDbEntity
  8
ANNOTATION_TEXT
 62
     7
100
AcDbLine
 10
71.99390778299693
 20
162.6017664063975
 30
0.0
 11
86.99390778299693
 21
162.6017664063975
 31
0.0
1001
INDEX
1070
     3
  0
SOLID
  5
368
330
363
100
AcDbEntity
  8
ANNOTATION_TEXT
 62
     7
100
AcDbTrace
 10
71.99390778299693
 20
163.0184330730641
 30
0.0
 11
71.99390778299693
 21
162.1850997397308
 31
0.0
 12
69.49390778299693
 22
162.6017664063975
 32
0.0
 13
69.49390778299693
 23
162.6017664063975
 33
0.0
  0
SOLID
  5
369
330
363
100
AcDbEntity
  8
ANNOTATION_TEXT
 62
     7
100
AcDbTrace
 10
86.99390778299693
 20
162.1850997397308
 30
0.0
 11
86.99390778299693
 21
163.0184330730641
 31
0.0
 12
89.49390778299693
 22
162.6017664063975
 32
0.0
 13
89.49390778299693
 23
162.6017664063975
 33
0.0
  0
MTEXT
  5
36A
330
363
100
AcDbEntity
  8
ANNOTATION_TEXT
 62
     7
100
AcDbMText
 10
79.49390778299693
 20
165.1233944717926
 30
0.0
 40
3.5
 41
0.0
 71
     5
 72
     1
  1
%%c80
  7
ONSHAPE-STANDARD-DIMENSION
  0
POINT
  5
36B
330
363
100
AcDbEntity
  8
DEFPOINTS
 62
     0
100
AcDbPoint
 10
69.49390778299693
 20
130.7365683120822
 30
0.0
  0
POINT
  5
36C
330
363
100
AcDbEntity
  8
DEFPOINTS
 62
     0
100
AcDbPoint
 10
89.49390778299693
 20
130.7365683120822
 30
0.0
  0
POINT
  5
36D
330
363
100
AcDbEntity
  8
DEFPOINTS
 62
     0
100
AcDbPoint
 10
89.49390778299693
 20
162.6017664063975
 30
0.0
  0
POINT
  5
36E
330
363
100
AcDbEntity
  8
DEFPOINTS
 62
     0
100
AcDbPoint
 10
89.49390778299693
 20
162.6017664063975
 30
0.0
  0
ENDBLK
  5
36F
330
363
100
AcDbEntity
  8
0
100
AcDbBlockEnd
  0
BLOCK
  5
377
330
376
100
AcDbEntity
  8
0
100
AcDbBlockBegin
  2
*D15
 70
     1
 10
0.0
 20
0.0
 30
0.0
  3
*D15
  1

  0
LINE
  5
378
330
376
100
AcDbEntity
  8
ANNOTATION_TEXT
 62
     7
100
AcDbLine
 10
73.24390778299693
 20
148.3504221739572
 30
0.0
 11
73.24390778299693
 21
154.1235912417685
 31
0.0
1001
INDEX
1070
     0
  0
LINE
  5
379
330
376
100
AcDbEntity
  8
ANNOTATION_TEXT
 62
     7
100
AcDbLine
 10
85.74390778299693
 20
148.3504221739572
 30
0.0
 11
85.74390778299693
 21
154.1235912417685
 31
0.0
1001
INDEX
1070
     1
  0
LINE
  5
37A
330
376
100
AcDbEntity
  8
ANNOTATION_TEXT
 62
     7
100
AcDbLine
 10
75.74390778299693
 20
152.8735912417685
 30
0.0
 11
83.24390778299693
 21
152.8735912417685
 31
0.0
1001
INDEX
1070
     3
  0
SOLID
  5
37B
330
376
100
AcDbEntity
  8
ANNOTATION_TEXT
 62
     7
100
AcDbTrace
 10
75.74390778299693
 20
153.2902579084352
 30
0.0
 11
75.74390778299693
 21
152.4569245751019
 31
0.0
 12
73.24390778299693
 22
152.8735912417685
 32
0.0
 13
73.24390778299693
 23
152.8735912417685
 33
0.0
  0
SOLID
  5
37C
330
376
100
AcDbEntity
  8
ANNOTATION_TEXT
 62
     7
100
AcDbTrace
 10
83.24390778299693
 20
152.4569245751019
 30
0.0
 11
83.24390778299693
 21
153.2902579084352
 31
0.0
 12
85.74390778299693
 22
152.8735912417685
 32
0.0
 13
85.74390778299693
 23
152.8735912417685
 33
0.0
  0
MTEXT
  5
37D
330
376
100
AcDbEntity
  8
ANNOTATION_TEXT
 62
     7
100
AcDbMText
 10
79.49390778299693
 20
155.3952193071636
 30
0.0
 40
3.5
 41
0.0
 71
     5
 72
     1
  1
%%c50
  7
ONSHAPE-STANDARD-DIMENSION
  0
POINT
  5
37E
330
376
100
AcDbEntity
  8
DEFPOINTS
 62
     0
100
AcDbPoint
 10
73.24390778299693
 20
147.7254221739572
 30
0.0
  0
POINT
  5
37F
330
376
100
AcDbEntity
  8
DEFPOINTS
 62
     0
100
AcDbPoint
 10
85.74390778299693
 20
147.7254221739572
 30
0.0
  0
POINT
  5
380
330
376
100
AcDbEntity
  8
DEFPOINTS
 62
     0
100
AcDbPoint
 10
85.74390778299693
 20
152.8735912417685
 30
0.0
  0
POINT
  5
381
330
376
100
AcDbEntity
  8
DEFPOINTS
 62
     0
100
AcDbPoint
 10
85.74390778299693
 20
152.8735912417685
 30
0.0
  0
ENDBLK
  5
382
330
376
100
AcDbEntity
  8
0
100
AcDbBlockEnd
  0
BLOCK
  5
395
330
394
100
AcDbEntity
  8
0
100
AcDbBlockBegin
  2
*D16
 70
     1
 10
0.0
 20
0.0
 30
0.0
  3
*D16
  1

  0
LINE
  5
396
330
394
100
AcDbEntity
  8
ANNOTATION_TEXT
 62
     7
100
AcDbLine
 10
125.6896238352939
 20
236.3644727395827
 30
0.0
 11
141.7902661057576
 21
244.7938039469148
 31
0.0
1001
INDEX
1070
     3
  0
LINE
  5
398
330
394
100
AcDbEntity
  8
ANNOTATION_TEXT
 62
     7
100
AcDbLine
 10
119.7981917306999
 20
233.280072026809
 30
0.0
 11
117.5833676312285
 21
232.1205228866685
 31
0.0
1001
INDEX
1070
     3
  0
MTEXT
  5
399
330
394
100
AcDbEntity
  8
ANNOTATION_TEXT
 62
     7
100
AcDbMText
 10
135.4472877155803
 20
244.5897716342238
 30
0.0
 40
3.5
 41
0.0
 71
     5
 72
     1
  1
%%c6,6
  7
ONSHAPE-STANDARD-DIMENSION
 11
0.8859296397885751
 21
0.4638196560561934
 31
0.0
  0
LINE
  5
39A
330
394
100
AcDbEntity
  8
ANNOTATION_TEXT
 62
     7
100
AcDbLine
 10
122.0130158301713
 20
234.4396211669495
 30
0.0
 11
123.4747997358225
 21
235.2049235994422
 31
0.0
1001
INDEX
1070
     3
  0
SOLID
  5
39B
330
394
100
AcDbEntity
  8
ANNOTATION_TEXT
 62
     7
100
AcDbTrace
 10
119.9914499207233
 20
232.9109346768971
 30
0.0
 11
119.6049335406765
 21
233.6492093767209
 31
0.0
 12
122.0130158301713
 22
234.4396211669495
 32
0.0
 13
122.0130158301713
 23
234.4396211669495
 33
0.0
  0
SOLID
  5
39C
330
394
100
AcDbEntity
  8
ANNOTATION_TEXT
 62
     7
100
AcDbTrace
 10
125.4963656452705
 20
236.7336100894946
 30
0.0
 11
125.8828820253173
 21
235.9953353896708
 31
0.0
 12
123.4747997358225
 22
235.2049235994422
 32
0.0
 13
123.4747997358225
 23
235.2049235994422
 33
0.0
  0
POINT
  5
39D
330
394
100
AcDbEntity
  8
DEFPOINTS
 62
     0
100
AcDbPoint
 10
123.4747997358225
 20
235.2049235994422
 30
0.0
  0
POINT
  5
39E
330
394
100
AcDbEntity
  8
DEFPOINTS
 62
     0
100
AcDbPoint
 10
122.0130158301713
 20
234.4396211669495
 30
0.0
  0
ENDBLK
  5
39F
330
394
100
AcDbEntity
  8
0
100
AcDbBlockEnd
  0
ENDSEC
  0
SECTION
  2
ENTITIES
  0
LINE
  5
78
330
1F
100
AcDbEntity
  8
VISIBLE
100
AcDbLine
 10
328.4666713828834
 20
158.8042638421969
 30
0.0
 11
328.4666713828834
 21
153.8042638421969
 31
0.0
  0
LINE
  5
79
330
1F
100
AcDbEntity
  8
VISIBLE
100
AcDbLine
 10
243.4666713828834
 20
250.0542638421969
 30
0.0
 11
243.4666713828834
 21
153.8042638421969
 31
0.0
  0
LINE
  5
7A
330
1F
100
AcDbEntity
  8
VISIBLE
100
AcDbLine
 10
328.4666713828834
 20
153.8042638421969
 30
0.0
 11
340.9666713828834
 21
153.8042638421969
 31
0.0
  0
LINE
  5
7B
330
1F
100
AcDbEntity
  8
VISIBLE
100
AcDbLine
 10
255.9666713828834
 20
158.8042638421969
 30
0.0
 11
328.4666713828834
 21
158.8042638421969
 31
0.0
  0
LINE
  5
7C
330
1F
100
AcDbEntity
  8
VISIBLE
100
AcDbLine
 10
243.4666713828834
 20
250.0542638421969
 30
0.0
 11
340.9666713828834
 21
250.0542638421969
 31
0.0
  0
LINE
  5
7D
330
1F
100
AcDbEntity
  8
VISIBLE
100
AcDbLine
 10
255.9666713828834
 20
153.8042638421969
 30
0.0
 11
255.9666713828834
 21
158.8042638421969
 31
0.0
  0
LINE
  5
7E
330
1F
100
AcDbEntity
  8
VISIBLE
100
AcDbLine
 10
340.9666713828834
 20
250.0542638421969
 30
0.0
 11
340.9666713828834
 21
153.8042638421969
 31
0.0
  0
LINE
  5
7F
330
1F
100
AcDbEntity
  8
VISIBLE
100
AcDbLine
 10
243.4666713828834
 20
153.8042638421969
 30
0.0
 11
255.9666713828834
 21
153.8042638421969
 31
0.0
  0
LINE
  5
80
330
1F
100
AcDbEntity
  8
VISIBLE
100
AcDbLine
 10
280.9666713828834
 20
156.8042638421969
 30
0.0
 11
284.3416713828834
 21
152.5542638421969
 31
0.0
  0
LINE
  5
81
330
1F
100
AcDbEntity
  8
VISIBLE
100
AcDbLine
 10
300.0916713828834
 20
152.5542638421969
 30
0.0
 11
303.4666713828834
 21
156.8042638421969
 31
0.0
  0
LINE
  5
82
330
1F
100
AcDbEntity
  8
VISIBLE
100
AcDbLine
 10
303.4666713828834
 20
156.8042638421969
 30
0.0
 11
303.4666713828834
 21
158.8042638421969
 31
0.0
  0
LINE
  5
83
330
1F
100
AcDbEntity
  8
VISIBLE
100
AcDbLine
 10
280.9666713828834
 20
158.8042638421969
 30
0.0
 11
280.9666713828834
 21
156.8042638421969
 31
0.0
  0
LINE
  5
84
330
1F
100
AcDbEntity
  8
VISIBLE
100
AcDbLine
 10
300.0916713828834
 20
152.5542638421969
 30
0.0
 11
284.3416713828834
 21
152.5542638421969
 31
0.0
  0
LINE
  5
85
330
1F
100
AcDbEntity
  8
VISIBLE
100
AcDbLine
 10
303.4666713828834
 20
156.8042638421969
 30
0.0
 11
280.9666713828834
 21
156.8042638421969
 31
0.0
  0
LINE
  5
86
330
1F
100
AcDbEntity
  8
VISIBLE
100
AcDbLine
 10
299.9666713828834
 20
143.7963015188539
 30
0.0
 11
299.9666713828834
 21
152.5542638421969
 31
0.0
  0
LINE
  5
87
330
1F
100
AcDbEntity
  8
VISIBLE
100
AcDbLine
 10
284.4666713828834
 20
152.5542638421969
 30
0.0
 11
284.4666713828834
 21
143.7963015188539
 31
0.0
  0
LINE
  5
88
330
1F
100
AcDbEntity
  8
VISIBLE
100
AcDbLine
 10
301.9666713828834
 20
139.815409980322
 30
0.0
 11
301.9666713828834
 21
143.7963015188539
 31
0.0
  0
LINE
  5
89
330
1F
100
AcDbEntity
  8
VISIBLE
100
AcDbLine
 10
282.4666713828834
 20
143.7963015188539
 30
0.0
 11
282.4666713828834
 21
139.815409980322
 31
0.0
  0
LINE
  5
8A
330
1F
100
AcDbEntity
  8
VISIBLE
100
AcDbLine
 10
301.9666713828834
 20
143.7963015188539
 30
0.0
 11
282.4666713828834
 21
143.7963015188539
 31
0.0
  0
LINE
  5
8B
330
1F
100
AcDbEntity
  8
VISIBLE
100
AcDbLine
 10
301.9666713828834
 20
139.815409980322
 30
0.0
 11
282.4666713828834
 21
139.815409980322
 31
0.0
  0
LINE
  5
8C
330
1F
100
AcDbEntity
  8
SIDE_THREAD_SYMBOLS
100
AcDbLine
 10
301.4994188828834
 20
139.815409980322
 30
0.0
 11
301.4994188828834
 21
143.7963015188539
 31
0.0
  0
LINE
  5
8D
330
1F
100
AcDbEntity
  8
SIDE_THREAD_SYMBOLS
100
AcDbLine
 10
282.9339238828833
 20
143.7963015188539
 30
0.0
 11
282.9339238828833
 21
139.815409980322
 31
0.0
  0
LINE
  5
8E
330
1F
100
AcDbEntity
  8
BLIND_THREAD_SYMBOLS
100
AcDbLine
 10
301.9666713828834
 20
143.7963015188539
 30
0.0
 11
282.4666713828834
 21
143.7963015188539
 31
0.0
  0
LINE
  5
91
330
1F
100
AcDbEntity
  8
VISIBLE
100
AcDbLine
 10
128.2439077829969
 20
269.0722723831958
 30
0.0
 11
128.2439077829969
 21
171.5722723831958
 31
0.0
  0
LINE
  5
92
330
1F
100
AcDbEntity
  8
VISIBLE
100
AcDbLine
 10
30.74390778299692
 20
269.0722723831958
 30
0.0
 11
128.2439077829969
 21
269.0722723831958
 31
0.0
  0
LINE
  5
93
330
1F
100
AcDbEntity
  8
VISIBLE
100
AcDbLine
 10
118.9939077829969
 20
259.8222723831958
 30
0.0
 11
118.9939077829969
 21
180.8222723831958
 31
0.0
  0
LINE
  5
94
330
1F
100
AcDbEntity
  8
VISIBLE
100
AcDbLine
 10
39.99390778299692
 20
259.8222723831958
 30
0.0
 11
118.9939077829969
 21
259.8222723831958
 31
0.0
  0
LINE
  5
95
330
1F
100
AcDbEntity
  8
VISIBLE
100
AcDbLine
 10
30.74390778299692
 20
171.5722723831958
 30
0.0
 11
128.2439077829969
 21
171.5722723831958
 31
0.0
  0
LINE
  5
96
330
1F
100
AcDbEntity
  8
VISIBLE
100
AcDbLine
 10
39.99390778299692
 20
259.8222723831958
 30
0.0
 11
39.99390778299692
 21
180.8222723831958
 31
0.0
  0
LINE
  5
97
330
1F
100
AcDbEntity
  8
VISIBLE
100
AcDbLine
 10
39.99390778299692
 20
180.8222723831958
 30
0.0
 11
118.9939077829969
 21
180.8222723831958
 31
0.0
  0
LINE
  5
98
330
1F
100
AcDbEntity
  8
VISIBLE
100
AcDbLine
 10
30.74390778299692
 20
269.0722723831958
 30
0.0
 11
30.74390778299692
 21
171.5722723831958
 31
0.0
  0
CIRCLE
  5
99
330
1F
100
AcDbEntity
  8
VISIBLE
100
AcDbCircle
 10
36.24390778299691
 20
234.8222723831958
 30
0.0
 40
0.8249999999999993
  0
CIRCLE
  5
9A
330
1F
100
AcDbEntity
  8
VISIBLE
100
AcDbCircle
 10
122.7439077829969
 20
263.5722723831959
 30
0.0
 40
0.8249999999999993
  0
CIRCLE
  5
9B
330
1F
100
AcDbEntity
  8
VISIBLE
100
AcDbCircle
 10
93.99390778299693
 20
263.5722723831959
 30
0.0
 40
0.8249999999999993
  0
CIRCLE
  5
9C
330
1F
100
AcDbEntity
  8
VISIBLE
100
AcDbCircle
 10
36.24390778299691
 20
177.0722723831958
 30
0.0
 40
0.8249999999999993
  0
CIRCLE
  5
9D
330
1F
100
AcDbEntity
  8
VISIBLE
100
AcDbCircle
 10
122.7439077829969
 20
177.0722723831958
 30
0.0
 40
0.8249999999999993
  0
CIRCLE
  5
9E
330
1F
100
AcDbEntity
  8
VISIBLE
100
AcDbCircle
 10
64.99390778299691
 20
263.5722723831959
 30
0.0
 40
0.8249999999999993
  0
CIRCLE
  5
9F
330
1F
100
AcDbEntity
  8
VISIBLE
100
AcDbCircle
 10
36.24390778299691
 20
263.5722723831959
 30
0.0
 40
0.8249999999999993
  0
CIRCLE
  5
A0
330
1F
100
AcDbEntity
  8
VISIBLE
100
AcDbCircle
 10
122.7439077829969
 20
234.8222723831959
 30
0.0
 40
0.8249999999999993
  0
CIRCLE
  5
A1
330
1F
100
AcDbEntity
  8
VISIBLE
100
AcDbCircle
 10
122.7439077829969
 20
205.8222723831959
 30
0.0
 40
0.8249999999999993
  0
CIRCLE
  5
A2
330
1F
100
AcDbEntity
  8
VISIBLE
100
AcDbCircle
 10
93.99390778299693
 20
177.0722723831958
 30
0.0
 40
0.8249999999999993
  0
CIRCLE
  5
A3
330
1F
100
AcDbEntity
  8
VISIBLE
100
AcDbCircle
 10
36.24390778299691
 20
205.8222723831958
 30
0.0
 40
0.8249999999999993
  0
CIRCLE
  5
A4
330
1F
100
AcDbEntity
  8
VISIBLE
100
AcDbCircle
 10
64.99390778299693
 20
177.0722723831958
 30
0.0
 40
0.8249999999999993
  0
LINE
  5
A5
330
1F
100
AcDbEntity
  8
VISIBLE
100
AcDbLine
 10
67.49390778299693
 20
232.3222723831958
 30
0.0
 11
91.49390778299693
 21
232.3222723831958
 31
0.0
  0
LINE
  5
A6
330
1F
100
AcDbEntity
  8
VISIBLE
100
AcDbLine
 10
39.99390778299693
 20
259.8222723831958
 30
0.0
 11
67.49390778299693
 21
232.3222723831958
 31
0.0
  0
LINE
  5
A7
330
1F
100
AcDbEntity
  8
VISIBLE
100
AcDbLine
 10
118.9939077829969
 20
259.8222723831958
 30
0.0
 11
91.49390778299693
 21
232.3222723831958
 31
0.0
  0
LINE
  5
A8
330
1F
100
AcDbEntity
  8
VISIBLE
100
AcDbLine
 10
91.49390778299693
 20
232.3222723831958
 30
0.0
 11
91.49390778299693
 21
208.3222723831958
 31
0.0
  0
LINE
  5
A9
330
1F
100
AcDbEntity
  8
VISIBLE
100
AcDbLine
 10
118.9939077829969
 20
180.8222723831958
 30
0.0
 11
91.49390778299693
 21
208.3222723831958
 31
0.0
  0
LINE
  5
AA
330
1F
100
AcDbEntity
  8
VISIBLE
100
AcDbLine
 10
91.49390778299693
 20
208.3222723831958
 30
0.0
 11
67.49390778299693
 21
208.3222723831958
 31
0.0
  0
LINE
  5
AB
330
1F
100
AcDbEntity
  8
VISIBLE
100
AcDbLine
 10
39.99390778299693
 20
180.8222723831958
 30
0.0
 11
67.49390778299693
 21
208.3222723831958
 31
0.0
  0
LINE
  5
AC
330
1F
100
AcDbEntity
  8
VISIBLE
100
AcDbLine
 10
67.49390778299693
 20
208.3222723831958
 30
0.0
 11
67.49390778299693
 21
232.3222723831958
 31
0.0
  0
CIRCLE
  5
AD
330
1F
100
AcDbEntity
  8
VISIBLE
100
AcDbCircle
 10
79.49390778299693
 20
220.3222723831958
 30
0.0
 40
10.0
  0
CIRCLE
  5
AE
330
1F
100
AcDbEntity
  8
VISIBLE
100
AcDbCircle
 10
79.49390778299693
 20
220.3222723831958
 30
0.0
 40
6.625000000000001
  0
CIRCLE
  5
AF
330
1F
100
AcDbEntity
  8
VISIBLE
100
AcDbCircle
 10
79.49390778299693
 20
220.3222723831958
 30
0.0
 40
6.250000000000001
  0
HATCH
  5
B4
330
1F
100
AcDbEntity
  8
VIEW_HATCHES
100
AcDbHatch
 10
0.0
 20
0.0
 30
-0.0000000000000036
210
0.0
220
0.0
230
1.0
  2
ISO02W100
 70
     0
 71
     0
 91
        1
 92
        0
 93
       11
 72
     1
 10
36.74390778299693
 20
76.23656831208218
 11
67.49390778299693
 21
121.2365683120822
 72
     1
 10
69.49390778299693
 20
121.2365683120822
 11
67.49390778299693
 21
121.2365683120822
 72
     1
 10
69.49390778299693
 20
121.2365683120822
 11
69.49390778299693
 21
130.7365683120822
 72
     1
 10
69.49390778299693
 20
130.7365683120822
 11
72.86890778299693
 21
134.9865683120822
 72
     1
 10
72.86890778299693
 20
134.9865683120822
 11
71.61890778299693
 21
134.9865683120822
 72
     1
 10
71.61890778299693
 20
134.9865683120822
 11
68.24390778299693
 21
130.7365683120822
 72
     1
 10
68.24390778299693
 20
130.7365683120822
 11
68.24390778299693
 21
123.2365683120822
 72
     1
 10
68.24390778299693
 20
123.2365683120822
 11
64.49390778299693
 21
123.2365683120822
 72
     1
 10
64.49390778299693
 20
121.2365683120822
 11
64.49390778299693
 21
123.2365683120822
 72
     1
 10
33.74390778299694
 20
76.23656831208218
 11
64.49390778299693
 21
121.2365683120822
 72
     1
 10
36.74390778299693
 20
76.23656831208218
 11
33.74390778299694
 21
76.23656831208218
 97
        0
 75
     0
 76
     2
 52
61.56818382871853
 41
66.91529574569424
 77
     0
 78
     1
 53
106.5681838287185
 43
79.49390778299693
 44
37.48656831208219
 45
-8.017130521358185
 46
-2.385163679387956
 79
     2
 49
20.07458872370826
 49
-5.018647180927066
 98
        1
 10
79.49390778299693
 20
37.48656831208219
  0
HATCH
  5
B5
330
1F
100
AcDbEntity
  8
VIEW_HATCHES
100
AcDbHatch
 10
0.0
 20
0.0
 30
-0.0000000000000036
210
0.0
220
0.0
230
1.0
  2
ISO02W100
 70
     0
 71
     0
 91
        1
 92
        0
 93
       11
 72
     1
 10
94.49390778299693
 20
121.2365683120822
 11
125.2439077829969
 21
76.23656831208217
 72
     1
 10
94.49390778299693
 20
121.2365683120822
 11
94.49390778299693
 21
123.2365683120822
 72
     1
 10
94.49390778299693
 20
123.2365683120822
 11
90.74390778299693
 21
123.2365683120822
 72
     1
 10
90.74390778299693
 20
123.2365683120822
 11
90.74390778299693
 21
130.7365683120822
 72
     1
 10
90.74390778299693
 20
130.7365683120822
 11
87.36890778299693
 21
134.9865683120822
 72
     1
 10
87.36890778299693
 20
134.9865683120822
 11
86.11890778299693
 21
134.9865683120822
 72
     1
 10
86.11890778299693
 20
134.9865683120822
 11
89.49390778299693
 21
130.7365683120822
 72
     1
 10
89.49390778299693
 20
130.7365683120822
 11
89.49390778299693
 21
121.2365683120822
 72
     1
 10
91.49390778299693
 20
121.2365683120822
 11
89.49390778299693
 21
121.2365683120822
 72
     1
 10
91.49390778299693
 20
121.2365683120822
 11
122.2439077829969
 21
76.23656831208217
 72
     1
 10
125.2439077829969
 20
76.2365683120822
 11
122.2439077829969
 21
76.2365683120822
 97
        0
 75
     0
 76
     2
 52
61.56818382871853
 41
66.91529574569424
 77
     0
 78
     1
 53
106.5681838287185
 43
79.49390778299693
 44
37.48656831208219
 45
-8.017130521358185
 46
-2.385163679387956
 79
     2
 49
20.07458872370826
 49
-5.018647180927066
 98
        1
 10
79.49390778299693
 20
37.48656831208219
  0
HATCH
  5
B6
330
1F
100
AcDbEntity
  8
VIEW_HATCHES
100
AcDbHatch
 10
0.0
 20
0.0
 30
-0.0000000000000036
210
0.0
220
0.0
230
1.0
  2
ISO02W100
 70
     0
 71
     0
 91
        1
 92
        0
 93
        6
 72
     1
 10
33.74390778299693
 20
133.7365683120822
 11
30.74390778299692
 21
133.7365683120822
 72
     1
 10
30.74390778299692
 20
133.7365683120822
 11
30.74390778299692
 21
37.48656831208217
 72
     1
 10
39.99390778299692
 20
37.48656831208218
 11
30.74390778299692
 21
37.48656831208218
 72
     1
 10
39.99390778299692
 20
37.48656831208218
 11
39.99390778299692
 21
42.48656831208218
 72
     1
 10
39.99390778299692
 20
42.48656831208218
 11
33.74390778299692
 21
42.48656831208218
 72
     1
 10
33.74390778299693
 20
133.7365683120822
 11
33.74390778299692
 21
42.48656831208217
 97
        0
 75
     0
 76
     2
 52
0.0
 41
44.26308602011012
 77
     0
 78
     1
 53
45.0
 43
79.49390778299693
 44
37.48656831208219
 45
-3.912341035132917
 46
3.912341035132918
 79
     2
 49
13.27892580603304
 49
-3.319731451508259
 98
        1
 10
79.49390778299693
 20
37.48656831208219
  0
HATCH
  5
B7
330
1F
100
AcDbEntity
  8
VIEW_HATCHES
100
AcDbHatch
 10
0.0
 20
0.0
 30
-0.0000000000000036
210
0.0
220
0.0
230
1.0
  2
ISO02W100
 70
     0
 71
     0
 91
        1
 92
        0
 93
        6
 72
     1
 10
125.2439077829969
 20
133.7365683120822
 11
125.2439077829969
 21
42.48656831208217
 72
     1
 10
125.2439077829969
 20
42.48656831208218
 11
118.9939077829969
 21
42.48656831208218
 72
     1
 10
118.9939077829969
 20
37.48656831208218
 11
118.9939077829969
 21
42.48656831208218
 72
     1
 10
128.2439077829969
 20
37.48656831208218
 11
118.9939077829969
 21
37.48656831208218
 72
     1
 10
128.2439077829969
 20
133.7365683120822
 11
128.2439077829969
 21
37.48656831208217
 72
     1
 10
128.2439077829969
 20
133.7365683120822
 11
125.2439077829969
 21
133.7365683120822
 97
        0
 75
     0
 76
     2
 52
0.0
 41
44.26308602011012
 77
     0
 78
     1
 53
45.0
 43
79.49390778299693
 44
37.48656831208219
 45
-3.912341035132917
 46
3.912341035132918
 79
     2
 49
13.27892580603304
 49
-3.319731451508259
 98
        1
 10
79.49390778299693
 20
37.48656831208219
  0
HATCH
  5
B8
330
1F
100
AcDbEntity
  8
VIEW_HATCHES
100
AcDbHatch
 10
0.0
 20
0.0
 30
-0.0000000000000036
210
0.0
220
0.0
230
1.0
  2
ISO02W100
 70
     0
 71
     0
 91
        1
 92
        0
 93
        6
 72
     1
 10
71.74390778299693
 20
143.7445306354252
 11
69.74390778299693
 21
143.7445306354252
 72
     1
 10
71.74390778299693
 20
134.9865683120822
 11
71.74390778299693
 21
143.7445306354252
 72
     1
 10
73.24390778299693
 20
134.9865683120822
 11
71.74390778299693
 21
134.9865683120822
 72
     1
 10
73.24390778299693
 20
147.7254221739571
 11
73.24390778299693
 21
134.9865683120822
 72
     1
 10
73.24390778299693
 20
147.7254221739571
 11
69.74390778299693
 21
147.7254221739571
 72
     1
 10
69.74390778299693
 20
143.7445306354252
 11
69.74390778299693
 21
147.7254221739571
 97
        0
 75
     0
 76
     2
 52
0.0
 41
14.33368553953268
 77
     0
 78
     1
 53
45.0
 43
79.49390778299693
 44
37.48656831208219
 45
-1.266930780549889
 46
1.26693078054989
 79
     2
 49
4.300105661859805
 49
-1.075026415464951
 98
        1
 10
79.49390778299693
 20
37.48656831208219
  0
HATCH
  5
B9
330
1F
100
AcDbEntity
  8
VIEW_HATCHES
100
AcDbHatch
 10
0.0
 20
0.0
 30
-0.0000000000000036
210
0.0
220
0.0
230
1.0
  2
ISO02W100
 70
     0
 71
     0
 91
        1
 92
        0
 93
        6
 72
     1
 10
89.24390778299693
 20
147.7254221739571
 11
85.74390778299693
 21
147.7254221739571
 72
     1
 10
85.74390778299693
 20
134.9865683120822
 11
85.74390778299693
 21
147.7254221739571
 72
     1
 10
87.24390778299693
 20
134.9865683120822
 11
85.74390778299693
 21
134.9865683120822
 72
     1
 10
87.24390778299693
 20
143.7445306354252
 11
87.24390778299693
 21
134.9865683120822
 72
     1
 10
89.24390778299693
 20
143.7445306354252
 11
87.24390778299693
 21
143.7445306354252
 72
     1
 10
89.24390778299693
 20
147.7254221739571
 11
89.24390778299693
 21
143.7445306354252
 97
        0
 75
     0
 76
     2
 52
0.0
 41
14.33368553953268
 77
     0
 78
     1
 53
45.0
 43
79.49390778299693
 44
37.48656831208219
 45
-1.266930780549889
 46
1.26693078054989
 79
     2
 49
4.300105661859805
 49
-1.075026415464951
 98
        1
 10
79.49390778299693
 20
37.48656831208219
  0
LINE
  5
BA
330
1F
100
AcDbEntity
  8
VISIBLE
100
AcDbLine
 10
94.49390778299693
 20
121.2365683120822
 30
0.0
 11
125.2439077829969
 21
76.2365683120822
 31
0.0
  0
LINE
  5
BB
330
1F
100
AcDbEntity
  8
VISIBLE
100
AcDbLine
 10
94.49390778299693
 20
123.2365683120822
 30
0.0
 11
90.74390778299693
 21
123.2365683120822
 31
0.0
  0
LINE
  5
BC
330
1F
100
AcDbEntity
  8
VISIBLE
100
AcDbLine
 10
91.49390778299693
 20
121.2365683120822
 30
0.0
 11
89.49390778299693
 21
121.2365683120822
 31
0.0
  0
LINE
  5
BD
330
1F
100
AcDbEntity
  8
VISIBLE
100
AcDbLine
 10
94.49390778299693
 20
121.2365683120822
 30
0.0
 11
94.49390778299693
 21
123.2365683120822
 31
0.0
  0
LINE
  5
BE
330
1F
100
AcDbEntity
  8
VISIBLE
100
AcDbLine
 10
91.49390778299693
 20
121.2365683120822
 30
0.0
 11
122.2439077829969
 21
76.2365683120822
 31
0.0
  0
LINE
  5
BF
330
1F
100
AcDbEntity
  8
VISIBLE
100
AcDbLine
 10
89.49390778299693
 20
130.7365683120822
 30
0.0
 11
89.49390778299693
 21
121.2365683120822
 31
0.0
  0
LINE
  5
C0
330
1F
100
AcDbEntity
  8
VISIBLE
100
AcDbLine
 10
122.2439077829969
 20
76.23656831208218
 30
0.0
 11
36.74390778299693
 21
76.23656831208218
 31
0.0
  0
LINE
  5
C1
330
1F
100
AcDbEntity
  8
VISIBLE
100
AcDbLine
 10
69.49390778299693
 20
121.2365683120822
 30
0.0
 11
67.49390778299693
 21
121.2365683120822
 31
0.0
  0
LINE
  5
C2
330
1F
100
AcDbEntity
  8
VISIBLE
100
AcDbLine
 10
69.49390778299693
 20
121.2365683120822
 30
0.0
 11
69.49390778299693
 21
130.7365683120822
 31
0.0
  0
LINE
  5
C3
330
1F
100
AcDbEntity
  8
VISIBLE
100
AcDbLine
 10
87.36890778299693
 20
134.9865683120822
 30
0.0
 11
86.11890778299693
 21
134.9865683120822
 31
0.0
  0
LINE
  5
C4
330
1F
100
AcDbEntity
  8
VISIBLE
100
AcDbLine
 10
90.74390778299693
 20
130.7365683120822
 30
0.0
 11
87.36890778299693
 21
134.9865683120822
 31
0.0
  0
LINE
  5
C5
330
1F
100
AcDbEntity
  8
VISIBLE
100
AcDbLine
 10
86.11890778299693
 20
134.9865683120822
 30
0.0
 11
89.49390778299693
 21
130.7365683120822
 31
0.0
  0
LINE
  5
C6
330
1F
100
AcDbEntity
  8
VISIBLE
100
AcDbLine
 10
125.2439077829969
 20
76.2365683120822
 30
0.0
 11
122.2439077829969
 21
76.2365683120822
 31
0.0
  0
LINE
  5
C7
330
1F
100
AcDbEntity
  8
VISIBLE
100
AcDbLine
 10
69.49390778299693
 20
130.7365683120822
 30
0.0
 11
72.86890778299693
 21
134.9865683120822
 31
0.0
  0
LINE
  5
C8
330
1F
100
AcDbEntity
  8
VISIBLE
100
AcDbLine
 10
68.24390778299693
 20
130.7365683120822
 30
0.0
 11
68.24390778299693
 21
123.2365683120822
 31
0.0
  0
LINE
  5
C9
330
1F
100
AcDbEntity
  8
VISIBLE
100
AcDbLine
 10
36.74390778299693
 20
76.23656831208218
 30
0.0
 11
33.74390778299694
 21
76.23656831208218
 31
0.0
  0
LINE
  5
CA
330
1F
100
AcDbEntity
  8
VISIBLE
100
AcDbLine
 10
68.24390778299693
 20
123.2365683120822
 30
0.0
 11
64.49390778299693
 21
123.2365683120822
 31
0.0
  0
LINE
  5
CB
330
1F
100
AcDbEntity
  8
VISIBLE
100
AcDbLine
 10
33.74390778299694
 20
76.23656831208218
 30
0.0
 11
64.49390778299693
 21
121.2365683120822
 31
0.0
  0
LINE
  5
CC
330
1F
100
AcDbEntity
  8
VISIBLE
100
AcDbLine
 10
71.61890778299693
 20
134.9865683120822
 30
0.0
 11
68.24390778299693
 21
130.7365683120822
 31
0.0
  0
LINE
  5
CD
330
1F
100
AcDbEntity
  8
VISIBLE
100
AcDbLine
 10
90.74390778299693
 20
123.2365683120822
 30
0.0
 11
90.74390778299693
 21
130.7365683120822
 31
0.0
  0
LINE
  5
CE
330
1F
100
AcDbEntity
  8
VISIBLE
100
AcDbLine
 10
36.74390778299693
 20
76.23656831208218
 30
0.0
 11
67.49390778299693
 21
121.2365683120822
 31
0.0
  0
LINE
  5
CF
330
1F
100
AcDbEntity
  8
VISIBLE
100
AcDbLine
 10
64.49390778299693
 20
121.2365683120822
 30
0.0
 11
64.49390778299693
 21
123.2365683120822
 31
0.0
  0
LINE
  5
D0
330
1F
100
AcDbEntity
  8
VISIBLE
100
AcDbLine
 10
72.86890778299693
 20
134.9865683120822
 30
0.0
 11
71.61890778299693
 21
134.9865683120822
 31
0.0
  0
LINE
  5
D1
330
1F
100
AcDbEntity
  8
VISIBLE
100
AcDbLine
 10
69.49390778299693
 20
130.7365683120822
 30
0.0
 11
89.49390778299693
 21
130.7365683120822
 31
0.0
  0
LINE
  5
D2
330
1F
100
AcDbEntity
  8
VISIBLE
100
AcDbLine
 10
69.49390778299693
 20
121.2365683120822
 30
0.0
 11
89.49390778299693
 21
121.2365683120822
 31
0.0
  0
LINE
  5
D3
330
1F
100
AcDbEntity
  8
VISIBLE
100
AcDbLine
 10
33.74390778299693
 20
133.7365683120822
 30
0.0
 11
43.24390778299691
 21
133.7365683120822
 31
0.0
  0
LINE
  5
D4
330
1F
100
AcDbEntity
  8
VISIBLE
100
AcDbLine
 10
43.24390778299691
 20
128.7365683120822
 30
0.0
 11
43.24390778299691
 21
133.7365683120822
 31
0.0
  0
LINE
  5
D5
330
1F
100
AcDbEntity
  8
VISIBLE
100
AcDbLine
 10
115.7439077829969
 20
133.7365683120822
 30
0.0
 11
115.7439077829969
 21
128.7365683120822
 31
0.0
  0
LINE
  5
D6
330
1F
100
AcDbEntity
  8
VISIBLE
100
AcDbLine
 10
39.99390778299692
 20
37.48656831208218
 30
0.0
 11
118.9939077829969
 21
37.48656831208218
 31
0.0
  0
LINE
  5
D7
330
1F
100
AcDbEntity
  8
VISIBLE
100
AcDbLine
 10
39.99390778299692
 20
42.48656831208218
 30
0.0
 11
118.9939077829969
 21
42.48656831208218
 31
0.0
  0
LINE
  5
D8
330
1F
100
AcDbEntity
  8
VISIBLE
100
AcDbLine
 10
33.74390778299693
 20
133.7365683120822
 30
0.0
 11
33.74390778299692
 21
42.48656831208218
 31
0.0
  0
LINE
  5
D9
330
1F
100
AcDbEntity
  8
VISIBLE
100
AcDbLine
 10
30.74390778299692
 20
133.7365683120822
 30
0.0
 11
30.74390778299692
 21
37.48656831208218
 31
0.0
  0
LINE
  5
DA
330
1F
100
AcDbEntity
  8
VISIBLE
100
AcDbLine
 10
39.99390778299692
 20
37.48656831208218
 30
0.0
 11
30.74390778299692
 21
37.48656831208218
 31
0.0
  0
LINE
  5
DB
330
1F
100
AcDbEntity
  8
VISIBLE
100
AcDbLine
 10
115.7439077829969
 20
133.7365683120822
 30
0.0
 11
125.2439077829969
 21
133.7365683120822
 31
0.0
  0
LINE
  5
DC
330
1F
100
AcDbEntity
  8
VISIBLE
100
AcDbLine
 10
33.74390778299693
 20
133.7365683120822
 30
0.0
 11
30.74390778299692
 21
133.7365683120822
 31
0.0
  0
LINE
  5
DD
330
1F
100
AcDbEntity
  8
VISIBLE
100
AcDbLine
 10
39.99390778299692
 20
37.48656831208218
 30
0.0
 11
39.99390778299692
 21
42.48656831208218
 31
0.0
  0
LINE
  5
DE
330
1F
100
AcDbEntity
  8
VISIBLE
100
AcDbLine
 10
39.99390778299692
 20
42.48656831208218
 30
0.0
 11
33.74390778299692
 21
42.48656831208218
 31
0.0
  0
LINE
  5
DF
330
1F
100
AcDbEntity
  8
VISIBLE
100
AcDbLine
 10
128.2439077829969
 20
133.7365683120822
 30
0.0
 11
128.2439077829969
 21
37.48656831208218
 31
0.0
  0
LINE
  5
E0
330
1F
100
AcDbEntity
  8
VISIBLE
100
AcDbLine
 10
125.2439077829969
 20
133.7365683120822
 30
0.0
 11
125.2439077829969
 21
42.48656831208218
 31
0.0
  0
LINE
  5
E1
330
1F
100
AcDbEntity
  8
VISIBLE
100
AcDbLine
 10
128.2439077829969
 20
37.48656831208218
 30
0.0
 11
118.9939077829969
 21
37.48656831208218
 31
0.0
  0
LINE
  5
E2
330
1F
100
AcDbEntity
  8
VISIBLE
100
AcDbLine
 10
115.7439077829969
 20
128.7365683120822
 30
0.0
 11
90.74390778299693
 21
128.7365683120822
 31
0.0
  0
LINE
  5
E3
330
1F
100
AcDbEntity
  8
VISIBLE
100
AcDbLine
 10
68.24390778299693
 20
128.7365683120822
 30
0.0
 11
43.24390778299691
 21
128.7365683120822
 31
0.0
  0
LINE
  5
E4
330
1F
100
AcDbEntity
  8
VISIBLE
100
AcDbLine
 10
118.9939077829969
 20
37.48656831208218
 30
0.0
 11
118.9939077829969
 21
42.48656831208218
 31
0.0
  0
LINE
  5
E5
330
1F
100
AcDbEntity
  8
VISIBLE
100
AcDbLine
 10
128.2439077829969
 20
133.7365683120822
 30
0.0
 11
125.2439077829969
 21
133.7365683120822
 31
0.0
  0
LINE
  5
E6
330
1F
100
AcDbEntity
  8
VISIBLE
100
AcDbLine
 10
125.2439077829969
 20
42.48656831208218
 30
0.0
 11
118.9939077829969
 21
42.48656831208218
 31
0.0
  0
LINE
  5
E7
330
1F
100
AcDbEntity
  8
VISIBLE
100
AcDbLine
 10
89.24390778299693
 20
147.7254221739571
 30
0.0
 11
85.74390778299693
 21
147.7254221739571
 31
0.0
  0
LINE
  5
E8
330
1F
100
AcDbEntity
  8
VISIBLE
100
AcDbLine
 10
87.24390778299693
 20
134.9865683120822
 30
0.0
 11
85.74390778299693
 21
134.9865683120822
 31
0.0
  0
LINE
  5
E9
330
1F
100
AcDbEntity
  8
VISIBLE
100
AcDbLine
 10
89.24390778299693
 20
143.7445306354252
 30
0.0
 11
87.24390778299693
 21
143.7445306354252
 31
0.0
  0
LINE
  5
EA
330
1F
100
AcDbEntity
  8
VISIBLE
100
AcDbLine
 10
73.24390778299693
 20
147.7254221739571
 30
0.0
 11
69.74390778299693
 21
147.7254221739571
 31
0.0
  0
LINE
  5
EB
330
1F
100
AcDbEntity
  8
VISIBLE
100
AcDbLine
 10
73.24390778299693
 20
134.9865683120822
 30
0.0
 11
71.74390778299693
 21
134.9865683120822
 31
0.0
  0
LINE
  5
EC
330
1F
100
AcDbEntity
  8
VISIBLE
100
AcDbLine
 10
87.24390778299693
 20
143.7445306354252
 30
0.0
 11
87.24390778299693
 21
134.9865683120822
 31
0.0
  0
LINE
  5
ED
330
1F
100
AcDbEntity
  8
VISIBLE
100
AcDbLine
 10
71.74390778299693
 20
134.9865683120822
 30
0.0
 11
71.74390778299693
 21
143.7445306354252
 31
0.0
  0
LINE
  5
EE
330
1F
100
AcDbEntity
  8
VISIBLE
100
AcDbLine
 10
85.74390778299693
 20
134.9865683120822
 30
0.0
 11
85.74390778299693
 21
147.7254221739571
 31
0.0
  0
LINE
  5
EF
330
1F
100
AcDbEntity
  8
VISIBLE
100
AcDbLine
 10
71.74390778299693
 20
143.7445306354252
 30
0.0
 11
69.74390778299693
 21
143.7445306354252
 31
0.0
  0
LINE
  5
F0
330
1F
100
AcDbEntity
  8
VISIBLE
100
AcDbLine
 10
73.24390778299693
 20
147.7254221739571
 30
0.0
 11
73.24390778299693
 21
134.9865683120822
 31
0.0
  0
LINE
  5
F1
330
1F
100
AcDbEntity
  8
VISIBLE
100
AcDbLine
 10
89.24390778299693
 20
147.7254221739571
 30
0.0
 11
89.24390778299693
 21
143.7445306354252
 31
0.0
  0
LINE
  5
F2
330
1F
100
AcDbEntity
  8
VISIBLE
100
AcDbLine
 10
69.74390778299693
 20
143.7445306354252
 30
0.0
 11
69.74390778299693
 21
147.7254221739571
 31
0.0
  0
LINE
  5
F3
330
1F
100
AcDbEntity
  8
VISIBLE
100
AcDbLine
 10
73.24390778299693
 20
147.7254221739571
 30
0.0
 11
85.74390778299693
 21
147.7254221739571
 31
0.0
  0
LINE
  5
F4
330
1F
100
AcDbEntity
  8
VISIBLE
100
AcDbLine
 10
73.24390778299693
 20
134.9865683120822
 30
0.0
 11
85.74390778299693
 21
134.9865683120822
 31
0.0
  0
LINE
  5
F5
330
1F
100
AcDbEntity
  8
SIDE_THREAD_SYMBOLS
100
AcDbLine
 10
88.77665528299693
 20
147.7254221739571
 30
0.0
 11
88.77665528299693
 21
143.7445306354252
 31
0.0
  0
LINE
  5
F6
330
1F
100
AcDbEntity
  8
SIDE_THREAD_SYMBOLS
100
AcDbLine
 10
70.21116028299693
 20
143.7445306354252
 30
0.0
 11
70.21116028299693
 21
147.7254221739571
 31
0.0
  0
LINE
  5
F7
330
1F
100
AcDbEntity
  8
BORDER_FRAME
100
AcDbLine
 10
10.5
 20
10.0
 30
0.0
 11
10.5
 21
287.0
 31
0.0
  0
LINE
  5
FA
330
1F
100
AcDbEntity
  8
BORDER_FRAME
100
AcDbLine
 10
10.5
 20
287.0
 30
0.0
 11
410.5
 21
287.0
 31
0.0
  0
LINE
  5
FB
330
1F
100
AcDbEntity
  8
BORDER_FRAME
100
AcDbLine
 10
410.5
 20
287.0
 30
0.0
 11
410.5
 21
10.0
 31
0.0
  0
LINE
  5
FC
330
1F
100
AcDbEntity
  8
BORDER_FRAME
100
AcDbLine
 10
410.5
 20
10.0
 30
0.0
 11
10.5
 21
10.0
 31
0.0
  0
LINE
  5
FD
330
1F
100
AcDbEntity
  8
BORDER_ZONES
100
AcDbLine
 10
70.5
 20
10.0
 30
0.0
 11
70.5
 21
0.5
 31
0.0
  0
LINE
  5
FF
330
1F
100
AcDbEntity
  8
BORDER_ZONES
100
AcDbLine
 10
70.5
 20
287.0
 30
0.0
 11
70.5
 21
296.5
 31
0.0
  0
MTEXT
  5
100
330
1F
100
AcDbEntity
  8
BORDER_ZONES
100
AcDbMText
 10
35.5
 20
5.0
 30
0.0
 40
6.0
 41
0.0
 71
     5
 72
     1
  1
6
  7
ONSHAPE-STANDARD
  0
MTEXT
  5
102
330
1F
100
AcDbEntity
  8
BORDER_ZONES
100
AcDbMText
 10
35.5
 20
292.0
 30
0.0
 40
6.0
 41
0.0
 71
     5
 72
     1
  1
6
  7
ONSHAPE-STANDARD
  0
MTEXT
  5
103
330
1F
100
AcDbEntity
  8
BORDER_ZONES
100
AcDbMText
 10
105.5
 20
5.0
 30
0.0
 40
6.0
 41
0.0
 71
     5
 72
     1
  1
5
  7
ONSHAPE-STANDARD
  0
MTEXT
  5
104
330
1F
100
AcDbEntity
  8
BORDER_ZONES
100
AcDbMText
 10
105.5
 20
292.0
 30
0.0
 40
6.0
 41
0.0
 71
     5
 72
     1
  1
5
  7
ONSHAPE-STANDARD
  0
LINE
  5
105
330
1F
100
AcDbEntity
  8
BORDER_ZONES
100
AcDbLine
 10
140.5
 20
10.0
 30
0.0
 11
140.5
 21
0.5
 31
0.0
  0
LINE
  5
106
330
1F
100
AcDbEntity
  8
BORDER_ZONES
100
AcDbLine
 10
140.5
 20
287.0
 30
0.0
 11
140.5
 21
296.5
 31
0.0
  0
MTEXT
  5
107
330
1F
100
AcDbEntity
  8
BORDER_ZONES
100
AcDbMText
 10
175.5
 20
5.0
 30
0.0
 40
6.0
 41
0.0
 71
     5
 72
     1
  1
4
  7
ONSHAPE-STANDARD
  0
MTEXT
  5
108
330
1F
100
AcDbEntity
  8
BORDER_ZONES
100
AcDbMText
 10
175.5
 20
292.0
 30
0.0
 40
6.0
 41
0.0
 71
     5
 72
     1
  1
4
  7
ONSHAPE-STANDARD
  0
LINE
  5
109
330
1F
100
AcDbEntity
  8
BORDER_ZONES
100
AcDbLine
 10
210.5
 20
10.0
 30
0.0
 11
210.5
 21
0.5
 31
0.0
  0
LINE
  5
10A
330
1F
100
AcDbEntity
  8
BORDER_ZONES
100
AcDbLine
 10
210.5
 20
287.0
 30
0.0
 11
210.5
 21
296.5
 31
0.0
  0
MTEXT
  5
10B
330
1F
100
AcDbEntity
  8
BORDER_ZONES
100
AcDbMText
 10
245.5
 20
5.0
 30
0.0
 40
6.0
 41
0.0
 71
     5
 72
     1
  1
3
  7
ONSHAPE-STANDARD
  0
MTEXT
  5
10C
330
1F
100
AcDbEntity
  8
BORDER_ZONES
100
AcDbMText
 10
245.5
 20
292.0
 30
0.0
 40
6.0
 41
0.0
 71
     5
 72
     1
  1
3
  7
ONSHAPE-STANDARD
  0
LINE
  5
10D
330
1F
100
AcDbEntity
  8
BORDER_ZONES
100
AcDbLine
 10
280.5
 20
10.0
 30
0.0
 11
280.5
 21
0.5
 31
0.0
  0
LINE
  5
10E
330
1F
100
AcDbEntity
  8
BORDER_ZONES
100
AcDbLine
 10
280.5
 20
287.0
 30
0.0
 11
280.5
 21
296.5
 31
0.0
  0
MTEXT
  5
10F
330
1F
100
AcDbEntity
  8
BORDER_ZONES
100
AcDbMText
 10
315.5
 20
5.0
 30
0.0
 40
6.0
 41
0.0
 71
     5
 72
     1
  1
2
  7
ONSHAPE-STANDARD
  0
MTEXT
  5
110
330
1F
100
AcDbEntity
  8
BORDER_ZONES
100
AcDbMText
 10
315.5
 20
292.0
 30
0.0
 40
6.0
 41
0.0
 71
     5
 72
     1
  1
2
  7
ONSHAPE-STANDARD
  0
LINE
  5
111
330
1F
100
AcDbEntity
  8
BORDER_ZONES
100
AcDbLine
 10
350.5
 20
10.0
 30
0.0
 11
350.5
 21
0.5
 31
0.0
  0
LINE
  5
112
330
1F
100
AcDbEntity
  8
BORDER_ZONES
100
AcDbLine
 10
350.5
 20
287.0
 30
0.0
 11
350.5
 21
296.5
 31
0.0
  0
MTEXT
  5
113
330
1F
100
AcDbEntity
  8
BORDER_ZONES
100
AcDbMText
 10
385.5
 20
5.0
 30
0.0
 40
6.0
 41
0.0
 71
     5
 72
     1
  1
1
  7
ONSHAPE-STANDARD
  0
MTEXT
  5
114
330
1F
100
AcDbEntity
  8
BORDER_ZONES
100
AcDbMText
 10
385.5
 20
292.0
 30
0.0
 40
6.0
 41
0.0
 71
     5
 72
     1
  1
1
  7
ONSHAPE-STANDARD
  0
LINE
  5
115
330
1F
100
AcDbEntity
  8
BORDER_ZONES
100
AcDbLine
 10
10.5
 20
74.5
 30
0.0
 11
1.0
 21
74.5
 31
0.0
  0
LINE
  5
116
330
1F
100
AcDbEntity
  8
BORDER_ZONES
100
AcDbLine
 10
410.5
 20
74.5
 30
0.0
 11
420.0
 21
74.5
 31
0.0
  0
MTEXT
  5
117
330
1F
100
AcDbEntity
  8
BORDER_ZONES
100
AcDbMText
 10
5.5
 20
37.5
 30
0.0
 40
6.0
 41
0.0
 71
     5
 72
     1
  1
A
  7
ONSHAPE-STANDARD
  0
MTEXT
  5
118
330
1F
100
AcDbEntity
  8
BORDER_ZONES
100
AcDbMText
 10
415.5
 20
37.5
 30
0.0
 40
6.0
 41
0.0
 71
     5
 72
     1
  1
A
  7
ONSHAPE-STANDARD
  0
MTEXT
  5
119
330
1F
100
AcDbEntity
  8
BORDER_ZONES
100
AcDbMText
 10
5.5
 20
111.5
 30
0.0
 40
6.0
 41
0.0
 71
     5
 72
     1
  1
B
  7
ONSHAPE-STANDARD
  0
MTEXT
  5
11A
330
1F
100
AcDbEntity
  8
BORDER_ZONES
100
AcDbMText
 10
415.5
 20
111.5
 30
0.0
 40
6.0
 41
0.0
 71
     5
 72
     1
  1
B
  7
ONSHAPE-STANDARD
  0
LINE
  5
11B
330
1F
100
AcDbEntity
  8
BORDER_ZONES
100
AcDbLine
 10
10.5
 20
148.5
 30
0.0
 11
1.0
 21
148.5
 31
0.0
  0
LINE
  5
11C
330
1F
100
AcDbEntity
  8
BORDER_ZONES
100
AcDbLine
 10
410.5
 20
148.5
 30
0.0
 11
420.0
 21
148.5
 31
0.0
  0
MTEXT
  5
11D
330
1F
100
AcDbEntity
  8
BORDER_ZONES
100
AcDbMText
 10
5.5
 20
185.5
 30
0.0
 40
6.0
 41
0.0
 71
     5
 72
     1
  1
C
  7
ONSHAPE-STANDARD
  0
MTEXT
  5
11E
330
1F
100
AcDbEntity
  8
BORDER_ZONES
100
AcDbMText
 10
415.5
 20
185.5
 30
0.0
 40
6.0
 41
0.0
 71
     5
 72
     1
  1
C
  7
ONSHAPE-STANDARD
  0
LINE
  5
11F
330
1F
100
AcDbEntity
  8
BORDER_ZONES
100
AcDbLine
 10
10.5
 20
222.5
 30
0.0
 11
1.0
 21
222.5
 31
0.0
  0
LINE
  5
120
330
1F
100
AcDbEntity
  8
BORDER_ZONES
100
AcDbLine
 10
410.5
 20
222.5
 30
0.0
 11
420.0
 21
222.5
 31
0.0
  0
MTEXT
  5
121
330
1F
100
AcDbEntity
  8
BORDER_ZONES
100
AcDbMText
 10
5.5
 20
259.5
 30
0.0
 40
6.0
 41
0.0
 71
     5
 72
     1
  1
D
  7
ONSHAPE-STANDARD
  0
MTEXT
  5
122
330
1F
100
AcDbEntity
  8
BORDER_ZONES
100
AcDbMText
 10
415.5
 20
259.5
 30
0.0
 40
6.0
 41
0.0
 71
     5
 72
     1
  1
D
  7
ONSHAPE-STANDARD
  0
LINE
  5
123
330
1F
100
AcDbEntity
  8
TITLE_BLOCK
100
AcDbLine
 10
194.6
 20
10.0
 30
0.0
 11
194.6
 21
60.8
 31
0.0
  0
LINE
  5
125
330
1F
100
AcDbEntity
  8
TITLE_BLOCK
100
AcDbLine
 10
194.6
 20
10.0
 30
0.0
 11
235.24
 21
10.0
 31
0.0
  0
LINE
  5
126
330
1F
100
AcDbEntity
  8
TITLE_BLOCK
100
AcDbLine
 10
194.6
 20
20.16
 30
0.0
 11
235.24
 21
20.16
 31
0.0
  0
LINE
  5
127
330
1F
100
AcDbEntity
  8
TITLE_BLOCK
100
AcDbLine
 10
194.6
 20
24.224
 30
0.0
 11
235.24
 21
24.224
 31
0.0
  0
LINE
  5
128
330
1F
100
AcDbEntity
  8
TITLE_BLOCK
100
AcDbLine
 10
194.6
 20
31.1328
 30
0.0
 11
235.24
 21
31.1328
 31
0.0
  0
LINE
  5
129
330
1F
100
AcDbEntity
  8
TITLE_BLOCK
100
AcDbLine
 10
194.6
 20
37.0256
 30
0.0
 11
235.24
 21
37.0256
 31
0.0
  0
LINE
  5
12A
330
1F
100
AcDbEntity
  8
TITLE_BLOCK
100
AcDbLine
 10
194.6
 20
60.8
 30
0.0
 11
235.24
 21
60.8
 31
0.0
  0
MTEXT
  5
12B
330
1F
100
AcDbEntity
  8
TITLE_BLOCK
100
AcDbMText
 10
195.49408
 20
59.33696
 30
0.0
 40
1.6256
 41
39.82720000000001
 71
     1
 72
     1
  1
UNLESS OTHERWISE SPECIFIED, DIMENSIONS ARE IN MILLIMETERS
  7
ONSHAPE-STANDARD
  0
MTEXT
  5
12C
330
1F
100
AcDbEntity
  8
TITLE_BLOCK
100
AcDbMText
 10
215.724672
 20
53.38726400000001
 30
0.0
 40
1.46304
 41
19.91360000000002
 71
     1
 72
     1
  1
^JANGULAR = ± °^J
  7
ONSHAPE-STANDARD
  0
MTEXT
  5
12D
330
1F
100
AcDbEntity
  8
TITLE_BLOCK
100
AcDbMText
 10
195.49408
 20
43.48736
 30
0.0
 40
1.6256
 41
19.91359999999999
 71
     1
 72
     1
  1
SURFACE FINISH
  7
ONSHAPE-STANDARD
  0
LINE
  5
12E
330
1F
100
AcDbEntity
  8
TITLE_BLOCK
100
AcDbLine
 10
212.888
 20
41.0896
 30
0.0
 11
213.904
 21
39.32983637951002
 31
0.0
  0
LINE
  5
12F
330
1F
100
AcDbEntity
  8
TITLE_BLOCK
100
AcDbLine
 10
213.904
 20
39.32983637951002
 30
0.0
 11
216.0376
 21
43.02533998253897
 31
0.0
  0
LINE
  5
130
330
1F
100
AcDbEntity
  8
TITLE_BLOCK
100
AcDbLine
 10
216.0376
 20
43.02533998253897
 30
0.0
 11
218.2728
 21
43.02533998253897
 31
0.0
  0
MTEXT
  5
131
330
1F
100
AcDbEntity
  8
TITLE_BLOCK
100
AcDbMText
 10
214.92
 20
35.123648
 30
0.0
 40
2.11328
 41
39.82720000000001
 71
     2
 72
     1
  1
DO NOT SCALE DRAWING
  7
ONSHAPE-STANDARD
  0
MTEXT
  5
132
330
1F
100
AcDbEntity
  8
TITLE_BLOCK
100
AcDbMText
 10
214.92
 20
29.66976
 30
0.0
 40
1.6256
 41
39.82720000000001
 71
     2
 72
     1
  1
BREAK ALL SHARP EDGES AND REMOVE BURRS
  7
ONSHAPE-STANDARD
  0
CIRCLE
  5
133
330
1F
100
AcDbEntity
  8
TITLE_BLOCK
100
AcDbCircle
 10
219.492
 20
15.03936
 30
0.0
 40
1.8288
  0
CIRCLE
  5
134
330
1F
100
AcDbEntity
  8
TITLE_BLOCK
100
AcDbCircle
 10
219.492
 20
15.03936
 30
0.0
 40
3.6576
  0
LINE
  5
135
330
1F
100
AcDbEntity
  8
TITLE_BLOCK
100
AcDbLine
 10
220.4064
 20
15.03936
 30
0.0
 11
218.5776
 21
15.03936
 31
0.0
  0
LINE
  5
136
330
1F
100
AcDbEntity
  8
TITLE_BLOCK
100
AcDbLine
 10
219.492
 20
15.95376
 30
0.0
 11
219.492
 21
14.12496
 31
0.0
  0
LINE
  5
137
330
1F
100
AcDbEntity
  8
TITLE_BLOCK
100
AcDbLine
 10
221.3208
 20
15.03936
 30
0.0
 11
224.064
 21
15.03936
 31
0.0
  0
LINE
  5
138
330
1F
100
AcDbEntity
  8
TITLE_BLOCK
100
AcDbLine
 10
219.492
 20
16.86816
 30
0.0
 11
219.492
 21
19.61136
 31
0.0
  0
LINE
  5
139
330
1F
100
AcDbEntity
  8
TITLE_BLOCK
100
AcDbLine
 10
217.6632
 20
15.03936
 30
0.0
 11
214.92
 21
15.03936
 31
0.0
  0
LINE
  5
13A
330
1F
100
AcDbEntity
  8
TITLE_BLOCK
100
AcDbLine
 10
219.492
 20
13.21056
 30
0.0
 11
219.492
 21
10.46736
 31
0.0
  0
LINE
  5
13B
330
1F
100
AcDbEntity
  8
TITLE_BLOCK
100
AcDbLine
 10
214.0056
 20
11.38176
 30
0.0
 11
214.0056
 21
18.69696
 31
0.0
  0
LINE
  5
13C
330
1F
100
AcDbEntity
  8
TITLE_BLOCK
100
AcDbLine
 10
214.0056
 20
18.69696
 30
0.0
 11
206.6904
 21
16.86816
 31
0.0
  0
LINE
  5
13D
330
1F
100
AcDbEntity
  8
TITLE_BLOCK
100
AcDbLine
 10
206.6904
 20
16.86816
 30
0.0
 11
206.6904
 21
13.21056
 31
0.0
  0
LINE
  5
13E
330
1F
100
AcDbEntity
  8
TITLE_BLOCK
100
AcDbLine
 10
206.6904
 20
13.21056
 30
0.0
 11
214.0056
 21
11.38176
 31
0.0
  0
LINE
  5
13F
330
1F
100
AcDbEntity
  8
TITLE_BLOCK
100
AcDbLine
 10
211.2624
 20
15.03936
 30
0.0
 11
214.4628
 21
15.03936
 31
0.0
  0
LINE
  5
140
330
1F
100
AcDbEntity
  8
TITLE_BLOCK
100
AcDbLine
 10
210.71376
 20
15.03936
 30
0.0
 11
209.98224
 21
15.03936
 31
0.0
  0
LINE
  5
141
330
1F
100
AcDbEntity
  8
TITLE_BLOCK
100
AcDbLine
 10
209.4336
 20
15.03936
 30
0.0
 11
206.2332
 21
15.03936
 31
0.0
  0
MTEXT
  5
142
330
1F
100
AcDbEntity
  8
TITLE_BLOCK
100
AcDbMText
 10
214.92
 20
22.76096
 30
0.0
 40
1.6256
 41
39.82720000000001
 71
     2
 72
     1
  1
FIRST ANGLE PROJECTION
  7
ONSHAPE-STANDARD
  0
LINE
  5
143
330
1F
100
AcDbEntity
  8
TITLE_BLOCK
100
AcDbLine
 10
235.24
 20
10.0
 30
0.0
 11
235.24
 21
60.8
 31
0.0
  0
LINE
  5
144
330
1F
100
AcDbEntity
  8
TITLE_BLOCK
100
AcDbLine
 10
253.02
 20
24.224
 30
0.0
 11
253.02
 21
60.8
 31
0.0
  0
LINE
  5
145
330
1F
100
AcDbEntity
  8
TITLE_BLOCK
100
AcDbLine
 10
273.34
 20
24.224
 30
0.0
 11
273.34
 21
60.8
 31
0.0
  0
LINE
  5
146
330
1F
100
AcDbEntity
  8
TITLE_BLOCK
100
AcDbLine
 10
270.8
 20
10.0
 30
0.0
 11
270.8
 21
24.224
 31
0.0
  0
MTEXT
  5
147
330
1F
100
AcDbEntity
  8
TITLE_BLOCK
100
AcDbMText
 10
283.5
 20
59.33696
 30
0.0
 40
1.6256
 41
19.91359999999994
 71
     2
 72
     1
  1
SIGNATURE
  7
ONSHAPE-STANDARD
  0
LINE
  5
148
330
1F
100
AcDbEntity
  8
TITLE_BLOCK
100
AcDbLine
 10
293.66
 20
24.224
 30
0.0
 11
293.66
 21
60.8
 31
0.0
  0
LINE
  5
149
330
1F
100
AcDbEntity
  8
TITLE_BLOCK
100
AcDbLine
 10
235.24
 20
60.8
 30
0.0
 11
306.36
 21
60.8
 31
0.0
  0
LINE
  5
14A
330
1F
100
AcDbEntity
  8
TITLE_BLOCK
100
AcDbLine
 10
235.24
 20
54.70400000000001
 30
0.0
 11
306.36
 21
54.70400000000001
 31
0.0
  0
LINE
  5
14B
330
1F
100
AcDbEntity
  8
TITLE_BLOCK
100
AcDbLine
 10
235.24
 20
48.608
 30
0.0
 11
306.36
 21
48.608
 31
0.0
  0
LINE
  5
14C
330
1F
100
AcDbEntity
  8
TITLE_BLOCK
100
AcDbLine
 10
235.24
 20
42.512
 30
0.0
 11
306.36
 21
42.512
 31
0.0
  0
LINE
  5
14D
330
1F
100
AcDbEntity
  8
TITLE_BLOCK
100
AcDbLine
 10
235.24
 20
36.416
 30
0.0
 11
306.36
 21
36.416
 31
0.0
  0
LINE
  5
14E
330
1F
100
AcDbEntity
  8
TITLE_BLOCK
100
AcDbLine
 10
235.24
 20
30.32
 30
0.0
 11
306.36
 21
30.32
 31
0.0
  0
LINE
  5
14F
330
1F
100
AcDbEntity
  8
TITLE_BLOCK
100
AcDbLine
 10
235.24
 20
24.224
 30
0.0
 11
306.36
 21
24.224
 31
0.0
  0
MTEXT
  5
150
330
1F
100
AcDbEntity
  8
TITLE_BLOCK
100
AcDbMText
 10
253.91408
 20
59.33696
 30
0.0
 40
1.6256
 41
19.91360000000002
 71
     1
 72
     1
  1
NAME
  7
ONSHAPE-STANDARD
  0
MTEXT
  5
151
330
1F
100
AcDbEntity
  8
TITLE_BLOCK
100
AcDbMText
 10
300.01
 20
59.33696
 30
0.0
 40
1.6256
 41
12.44600000000004
 71
     2
 72
     1
  1
DATE
  7
ONSHAPE-STANDARD
  0
MTEXT
  5
152
330
1F
100
AcDbEntity
  8
TITLE_BLOCK
100
AcDbMText
 10
236.13408
 20
53.24096000000001
 30
0.0
 40
1.6256
 41
17.4244
 71
     1
 72
     1
  1
DRAWN
  7
ONSHAPE-STANDARD
  0
MTEXT
  5
153
102
{ACAD_XDICTIONARY
360
154
102
}
330
1F
100
AcDbEntity
  8
TITLE_BLOCK
100
AcDbMText
 10
263.18
 20
51.65600000000001
 30
0.0
 40
1.365504
 41
20.32000000000002
 71
     5
 72
     1
  1
ALEX ZAVARSKY
  7
ONSHAPE-STANDARD-FIELDS
1001
ACAD
1000
ACAD_MTEXT_DEFINED_HEIGHT_BEGIN
1070
    46
1040
6.096000000000011
1000
ACAD_MTEXT_DEFINED_HEIGHT_END
  0
MTEXT
  5
15A
102
{ACAD_XDICTIONARY
360
15B
102
}
330
1F
100
AcDbEntity
  8
TITLE_BLOCK
100
AcDbMText
 10
300.01
 20
51.65600000000001
 30
0.0
 40
1.365504
 41
12.70000000000005
 71
     5
 72
     1
  1
2026-03-08
  7
ONSHAPE-STANDARD-FIELDS
1001
ACAD
1000
ACAD_MTEXT_DEFINED_HEIGHT_BEGIN
1070
    46
1040
6.096000000000011
1000
ACAD_MTEXT_DEFINED_HEIGHT_END
  0
MTEXT
  5
160
330
1F
100
AcDbEntity
  8
TITLE_BLOCK
100
AcDbMText
 10
236.13408
 20
47.14496
 30
0.0
 40
1.6256
 41
17.4244
 71
     1
 72
     1
  1
CHECKED
  7
ONSHAPE-STANDARD
  0
MTEXT
  5
161
330
1F
100
AcDbEntity
  8
TITLE_BLOCK
100
AcDbMText
 10
263.18
 20
45.56
 30
0.0
 40
1.365504
 41
20.32000000000002
 71
     5
 72
     1
  1
 
  7
ONSHAPE-STANDARD-FIELDS
1001
ACAD
1000
ACAD_MTEXT_DEFINED_HEIGHT_BEGIN
1070
    46
1040
6.095999999999997
1000
ACAD_MTEXT_DEFINED_HEIGHT_END
  0
MTEXT
  5
162
330
1F
100
AcDbEntity
  8
TITLE_BLOCK
100
AcDbMText
 10
300.01
 20
45.56
 30
0.0
 40
1.365504
 41
12.70000000000005
 71
     5
 72
     1
  1
 
  7
ONSHAPE-STANDARD-FIELDS
1001
ACAD
1000
ACAD_MTEXT_DEFINED_HEIGHT_BEGIN
1070
    46
1040
6.095999999999997
1000
ACAD_MTEXT_DEFINED_HEIGHT_END
  0
MTEXT
  5
163
330
1F
100
AcDbEntity
  8
TITLE_BLOCK
100
AcDbMText
 10
236.13408
 20
41.04896
 30
0.0
 40
1.6256
 41
17.4244
 71
     1
 72
     1
  1
APPROVED
  7
ONSHAPE-STANDARD
  0
MTEXT
  5
164
102
{ACAD_XDICTIONARY
360
165
102
}
330
1F
100
AcDbEntity
  8
TITLE_BLOCK
100
AcDbMText
 10
263.18
 20
39.464
 30
0.0
 40
1.365504
 41
20.32000000000002
 71
     5
 72
     1
  1
----
  7
ONSHAPE-STANDARD-FIELDS
1001
ACAD
1000
ACAD_MTEXT_DEFINED_HEIGHT_BEGIN
1070
    46
1040
6.096000000000004
1000
ACAD_MTEXT_DEFINED_HEIGHT_END
  0
MTEXT
  5
16A
102
{ACAD_XDICTIONARY
360
16B
102
}
330
1F
100
AcDbEntity
  8
TITLE_BLOCK
100
AcDbMText
 10
300.01
 20
39.464
 30
0.0
 40
1.365504
 41
12.70000000000005
 71
     5
 72
     1
  1
----
  7
ONSHAPE-STANDARD-FIELDS
1001
ACAD
1000
ACAD_MTEXT_DEFINED_HEIGHT_BEGIN
1070
    46
1040
6.096000000000004
1000
ACAD_MTEXT_DEFINED_HEIGHT_END
  0
MTEXT
  5
170
330
1F
100
AcDbEntity
  8
TITLE_BLOCK
100
AcDbMText
 10
244.13
 20
33.36799999999999
 30
0.0
 40
2.4384
 41
17.78
 71
     5
 72
     1
  1
 
  7
ONSHAPE-STANDARD-FIELDS
1001
ACAD
1000
ACAD_MTEXT_DEFINED_HEIGHT_BEGIN
1070
    46
1040
6.095999999999997
1000
ACAD_MTEXT_DEFINED_HEIGHT_END
  0
MTEXT
  5
171
330
1F
100
AcDbEntity
  8
TITLE_BLOCK
100
AcDbMText
 10
263.18
 20
33.36799999999999
 30
0.0
 40
1.365504
 41
20.32000000000002
 71
     5
 72
     1
  1
 
  7
ONSHAPE-STANDARD-FIELDS
1001
ACAD
1000
ACAD_MTEXT_DEFINED_HEIGHT_BEGIN
1070
    46
1040
6.095999999999997
1000
ACAD_MTEXT_DEFINED_HEIGHT_END
  0
MTEXT
  5
172
330
1F
100
AcDbEntity
  8
TITLE_BLOCK
100
AcDbMText
 10
300.01
 20
33.36799999999999
 30
0.0
 40
1.365504
 41
12.70000000000005
 71
     5
 72
     1
  1
 
  7
ONSHAPE-STANDARD-FIELDS
1001
ACAD
1000
ACAD_MTEXT_DEFINED_HEIGHT_BEGIN
1070
    46
1040
6.095999999999997
1000
ACAD_MTEXT_DEFINED_HEIGHT_END
  0
MTEXT
  5
173
330
1F
100
AcDbEntity
  8
TITLE_BLOCK
100
AcDbMText
 10
244.13
 20
27.272
 30
0.0
 40
2.4384
 41
17.78
 71
     5
 72
     1
  1
 
  7
ONSHAPE-STANDARD-FIELDS
1001
ACAD
1000
ACAD_MTEXT_DEFINED_HEIGHT_BEGIN
1070
    46
1040
6.096000000000004
1000
ACAD_MTEXT_DEFINED_HEIGHT_END
  0
MTEXT
  5
174
330
1F
100
AcDbEntity
  8
TITLE_BLOCK
100
AcDbMText
 10
263.18
 20
27.272
 30
0.0
 40
1.365504
 41
20.32000000000002
 71
     5
 72
     1
  1
 
  7
ONSHAPE-STANDARD-FIELDS
1001
ACAD
1000
ACAD_MTEXT_DEFINED_HEIGHT_BEGIN
1070
    46
1040
6.096000000000004
1000
ACAD_MTEXT_DEFINED_HEIGHT_END
  0
MTEXT
  5
175
330
1F
100
AcDbEntity
  8
TITLE_BLOCK
100
AcDbMText
 10
300.01
 20
27.272
 30
0.0
 40
1.365504
 41
12.70000000000005
 71
     5
 72
     1
  1
 
  7
ONSHAPE-STANDARD-FIELDS
1001
ACAD
1000
ACAD_MTEXT_DEFINED_HEIGHT_BEGIN
1070
    46
1040
6.096000000000004
1000
ACAD_MTEXT_DEFINED_HEIGHT_END
  0
MTEXT
  5
176
330
1F
100
AcDbEntity
  8
TITLE_BLOCK
100
AcDbMText
 10
236.13408
 20
22.76096
 30
0.0
 40
1.6256
 41
34.8488
 71
     1
 72
     1
  1
MATERIAL
  7
ONSHAPE-STANDARD
  0
MTEXT
  5
177
330
1F
100
AcDbEntity
  8
TITLE_BLOCK
100
AcDbMText
 10
253.02
 20
17.112
 30
0.0
 40
2.4384
 41
35.56
 71
     5
 72
     1
  1
 
  7
ONSHAPE-STANDARD-FIELDS
1001
ACAD
1000
ACAD_MTEXT_DEFINED_HEIGHT_BEGIN
1070
    46
1040
14.224
1000
ACAD_MTEXT_DEFINED_HEIGHT_END
  0
MTEXT
  5
178
330
1F
100
AcDbEntity
  8
TITLE_BLOCK
100
AcDbMText
 10
271.69408
 20
22.76096
 30
0.0
 40
1.6256
 41
34.8488
 71
     1
 72
     1
  1
FINISH
  7
ONSHAPE-STANDARD
  0
MTEXT
  5
179
330
1F
100
AcDbEntity
  8
TITLE_BLOCK
100
AcDbMText
 10
288.58
 20
17.112
 30
0.0
 40
2.4384
 41
35.56
 71
     5
 72
     1
  1
 
  7
ONSHAPE-STANDARD-FIELDS
1001
ACAD
1000
ACAD_MTEXT_DEFINED_HEIGHT_BEGIN
1070
    46
1040
14.224
1000
ACAD_MTEXT_DEFINED_HEIGHT_END
  0
LINE
  5
17A
330
1F
100
AcDbEntity
  8
TITLE_BLOCK
100
AcDbLine
 10
306.36
 20
10.0
 30
0.0
 11
306.36
 21
60.8
 31
0.0
  0
LINE
  5
17B
330
1F
100
AcDbEntity
  8
TITLE_BLOCK
100
AcDbLine
 10
319.06
 20
16.604
 30
0.0
 11
319.06
 21
26.764
 31
0.0
  0
LINE
  5
17C
330
1F
100
AcDbEntity
  8
TITLE_BLOCK
100
AcDbLine
 10
328.712
 20
10.0
 30
0.0
 11
328.712
 21
16.604
 31
0.0
  0
LINE
  5
17D
330
1F
100
AcDbEntity
  8
TITLE_BLOCK
100
AcDbLine
 10
374.94
 20
10.0
 30
0.0
 11
374.94
 21
16.604
 31
0.0
  0
LINE
  5
17E
330
1F
100
AcDbEntity
  8
TITLE_BLOCK
100
AcDbLine
 10
400.34
 20
16.604
 30
0.0
 11
400.34
 21
26.764
 31
0.0
  0
LINE
  5
17F
330
1F
100
AcDbEntity
  8
TITLE_BLOCK
100
AcDbLine
 10
306.36
 20
16.604
 30
0.0
 11
410.5
 21
16.604
 31
0.0
  0
LINE
  5
180
330
1F
100
AcDbEntity
  8
TITLE_BLOCK
100
AcDbLine
 10
306.36
 20
26.764
 30
0.0
 11
410.5
 21
26.764
 31
0.0
  0
LINE
  5
181
330
1F
100
AcDbEntity
  8
TITLE_BLOCK
100
AcDbLine
 10
306.36
 20
48.1
 30
0.0
 11
410.5
 21
48.1
 31
0.0
  0
LINE
  5
182
330
1F
100
AcDbEntity
  8
TITLE_BLOCK
100
AcDbLine
 10
306.36
 20
60.8
 30
0.0
 11
410.5
 21
60.8
 31
0.0
  0
MTEXT
  5
183
330
1F
100
AcDbEntity
  8
TITLE_BLOCK
100
AcDbMText
 10
307.25408
 20
46.63696
 30
0.0
 40
1.6256
 41
12.44599999999999
 71
     1
 72
     1
  1
TITLE
  7
ONSHAPE-STANDARD
  0
MTEXT
  5
184
102
{ACAD_XDICTIONARY
360
185
102
}
330
1F
100
AcDbEntity
  8
TITLE_BLOCK
100
AcDbMText
 10
358.43
 20
44.036
 30
0.0
 40
3.90144
 41
93.97999999999999
 71
     5
 72
     1
  1
----
  7
ONSHAPE-STANDARD-FIELDS
1001
ACAD
1000
ACAD_MTEXT_DEFINED_HEIGHT_BEGIN
1070
    46
1040
6.4008
1000
ACAD_MTEXT_DEFINED_HEIGHT_END
  0
MTEXT
  5
18A
102
{ACAD_XDICTIONARY
360
18B
102
}
330
1F
100
AcDbEntity
  8
TITLE_BLOCK
100
AcDbMText
 10
358.43
 20
37.6352
 30
0.0
 40
3.90144
 41
93.98000000000002
 71
     5
 72
     1
  1
Chamber wo Lid
  7
ONSHAPE-STANDARD-FIELDS
1001
ONSHAPE_NOTES_REORDERING_D
1071
        0
1070
     0
1001
ACAD
1000
ACAD_MTEXT_DEFINED_HEIGHT_BEGIN
1070
    46
1040
3.954593133514987
1000
ACAD_MTEXT_DEFINED_HEIGHT_END
  0
MTEXT
  5
18E
102
{ACAD_XDICTIONARY
360
18F
102
}
330
1F
100
AcDbEntity
  8
TITLE_BLOCK
100
AcDbMText
 10
358.43
 20
31.2344
 30
0.0
 40
3.90144
 41
93.98000000000002
 71
     5
 72
     1
  1
BfG
  7
ONSHAPE-STANDARD-FIELDS
1001
ONSHAPE_NOTES_REORDERING_D
1071
        0
1070
     0
1001
ACAD
1000
ACAD_MTEXT_DEFINED_HEIGHT_BEGIN
1070
    46
1040
3.954593133514987
1000
ACAD_MTEXT_DEFINED_HEIGHT_END
  0
MTEXT
  5
190
330
1F
100
AcDbEntity
  8
TITLE_BLOCK
100
AcDbMText
 10
307.075264
 20
25.593568
 30
0.0
 40
1.30048
 41
12.44599999999999
 71
     1
 72
     1
  1
SIZE
  7
ONSHAPE-STANDARD
  0
MTEXT
  5
191
102
{ACAD_XDICTIONARY
360
192
102
}
330
1F
100
AcDbEntity
  8
TITLE_BLOCK
100
AcDbMText
 10
312.71
 20
21.684
 30
0.0
 40
4.8768
 41
12.69999999999999
 71
     5
 72
     1
  1
A3
  7
ONSHAPE-STANDARD-FIELDS
1001
ACAD
1000
ACAD_MTEXT_DEFINED_HEIGHT_BEGIN
1070
    46
1040
10.16
1000
ACAD_MTEXT_DEFINED_HEIGHT_END
  0
MTEXT
  5
197
330
1F
100
AcDbEntity
  8
TITLE_BLOCK
100
AcDbMText
 10
319.775264
 20
25.593568
 30
0.0
 40
1.30048
 41
79.65439999999997
 71
     1
 72
     1
  1
DWG NO.
  7
ONSHAPE-STANDARD
  0
MTEXT
  5
198
102
{ACAD_XDICTIONARY
360
199
102
}
330
1F
100
AcDbEntity
  8
TITLE_BLOCK
100
AcDbMText
 10
359.7
 20
21.684
 30
0.0
 40
4.8768
 41
81.27999999999997
 71
     5
 72
     1
  1
----
  7
ONSHAPE-STANDARD-FIELDS
1001
ACAD
1000
ACAD_MTEXT_DEFINED_HEIGHT_BEGIN
1070
    46
1040
10.16
1000
ACAD_MTEXT_DEFINED_HEIGHT_END
  0
MTEXT
  5
19E
330
1F
100
AcDbEntity
  8
TITLE_BLOCK
100
AcDbMText
 10
401.055264
 20
25.593568
 30
0.0
 40
1.30048
 41
9.956800000000024
 71
     1
 72
     1
  1
REV.
  7
ONSHAPE-STANDARD
  0
MTEXT
  5
19F
102
{ACAD_XDICTIONARY
360
1A0
102
}
330
1F
100
AcDbEntity
  8
TITLE_BLOCK
100
AcDbMText
 10
405.928
 20
21.684
 30
0.0
 40
4.8768
 41
9.144000000000005
 71
     5
 72
     1
  1
-
  7
ONSHAPE-STANDARD-FIELDS
1001
ACAD
1000
ACAD_MTEXT_DEFINED_HEIGHT_BEGIN
1070
    46
1040
10.16
1000
ACAD_MTEXT_DEFINED_HEIGHT_END
  0
MTEXT
  5
1A5
330
1F
100
AcDbEntity
  8
TITLE_BLOCK
100
AcDbMText
 10
307.075264
 20
15.433568
 30
0.0
 40
1.30048
 41
21.90495999999997
 71
     1
 72
     1
  1
SCALE
  7
ONSHAPE-STANDARD
  0
MTEXT
  5
1A6
102
{ACAD_XDICTIONARY
360
1A7
102
}
330
1F
100
AcDbEntity
  8
TITLE_BLOCK
100
AcDbMText
 10
318.552
 20
13.302
 30
0.0
 40
2.92608
 41
20.31999999999999
 71
     5
 72
     1
  1
1:4
  7
ONSHAPE-STANDARD-FIELDS
1001
ACAD
1000
ACAD_MTEXT_DEFINED_HEIGHT_BEGIN
1070
    46
1040
6.603999999999999
1000
ACAD_MTEXT_DEFINED_HEIGHT_END
  0
MTEXT
  5
1AC
330
1F
100
AcDbEntity
  8
TITLE_BLOCK
100
AcDbMText
 10
329.427264
 20
15.433568
 30
0.0
 40
1.30048
 41
45.30344000000001
 71
     1
 72
     1
  1
WEIGHT
  7
ONSHAPE-STANDARD
  0
MTEXT
  5
1AD
330
1F
100
AcDbEntity
  8
TITLE_BLOCK
100
AcDbMText
 10
351.826
 20
13.302
 30
0.0
 40
2.92608
 41
46.22800000000001
 71
     5
 72
     1
  1
 
  7
ONSHAPE-STANDARD-FIELDS
1001
ACAD
1000
ACAD_MTEXT_DEFINED_HEIGHT_BEGIN
1070
    46
1040
6.603999999999999
1000
ACAD_MTEXT_DEFINED_HEIGHT_END
  0
MTEXT
  5
1AE
330
1F
100
AcDbEntity
  8
TITLE_BLOCK
100
AcDbMText
 10
375.655264
 20
15.433568
 30
0.0
 40
1.30048
 41
34.8488
 71
     1
 72
     1
  1
SHEET
  7
ONSHAPE-STANDARD
  0
MTEXT
  5
1AF
102
{ACAD_XDICTIONARY
360
1B0
102
}
330
1F
100
AcDbEntity
  8
TITLE_BLOCK
100
AcDbMText
 10
393.736
 20
13.302
 30
0.0
 40
2.92608
 41
33.52800000000002
 71
     5
 72
     1
  1
1 of 1
  7
ONSHAPE-STANDARD-FIELDS
1001
ACAD
1000
ACAD_MTEXT_DEFINED_HEIGHT_BEGIN
1070
    46
1040
6.603999999999999
1000
ACAD_MTEXT_DEFINED_HEIGHT_END
  0
MTEXT
  5
1B5
102
{ACAD_XDICTIONARY
360
1B6
102
}
330
1F
100
AcDbEntity
  8
ANNOTATION_TEXT
 62
     7
 60
     1
100
AcDbMText
 10
292.2166713828834
 20
129.9284672872282
 30
0.0
 40
3.5
 41
0.0
 71
     2
 72
     1
  1

  7
ONSHAPE-STANDARD-VIEW-LABE
1001
ACAD
1000
ACAD_MTEXT_DEFINED_HEIGHT_BEGIN
1070
    46
1040
3.5
1000
ACAD_MTEXT_DEFINED_HEIGHT_END
  0
LINE
  5
1C0
330
1F
100
AcDbEntity
  8
CENTERMARKS
  6
CONTINUOUS
100
AcDbLine
 10
35.9551577829969
 20
234.8222723831958
 30
0.0
 11
36.5326577829969
 21
234.8222723831958
 31
0.0
  0
LINE
  5
1C1
330
1F
100
AcDbEntity
  8
CENTERMARKS
  6
CONTINUOUS
100
AcDbLine
 10
36.24390778299689
 20
234.5335223831958
 30
0.0
 11
36.24390778299691
 21
235.1110223831958
 31
0.0
  0
LINE
  5
1C2
330
1F
100
AcDbEntity
  8
CENTERMARKS
  6
CENTER
100
AcDbLine
 10
35.6664077829969
 20
234.8222723831958
 30
0.0
 11
34.8414077829969
 21
234.8222723831958
 31
0.0
  0
LINE
  5
1C3
330
1F
100
AcDbEntity
  8
CENTERMARKS
  6
CENTER
100
AcDbLine
 10
36.8214077829969
 20
234.8222723831958
 30
0.0
 11
37.6464077829969
 21
234.8222723831958
 31
0.0
  0
LINE
  5
1C4
330
1F
100
AcDbEntity
  8
CENTERMARKS
  6
CENTER
100
AcDbLine
 10
36.24390778299691
 20
235.3997723831958
 30
0.0
 11
36.24390778299693
 21
236.2247723831958
 31
0.0
  0
LINE
  5
1C5
330
1F
100
AcDbEntity
  8
CENTERMARKS
  6
CENTER
100
AcDbLine
 10
36.24390778299689
 20
234.2447723831959
 30
0.0
 11
36.24390778299687
 21
233.4197723831959
 31
0.0
  0
LINE
  5
1CA
330
1F
100
AcDbEntity
  8
CENTERMARKS
  6
CONTINUOUS
100
AcDbLine
 10
122.4551577829969
 20
263.5722723831958
 30
0.0
 11
123.0326577829969
 21
263.5722723831958
 31
0.0
  0
LINE
  5
1CB
330
1F
100
AcDbEntity
  8
CENTERMARKS
  6
CONTINUOUS
100
AcDbLine
 10
122.7439077829969
 20
263.2835223831958
 30
0.0
 11
122.7439077829969
 21
263.8610223831958
 31
0.0
  0
LINE
  5
1CC
330
1F
100
AcDbEntity
  8
CENTERMARKS
  6
CENTER
100
AcDbLine
 10
122.1664077829969
 20
263.5722723831958
 30
0.0
 11
121.3414077829969
 21
263.5722723831958
 31
0.0
  0
LINE
  5
1CD
330
1F
100
AcDbEntity
  8
CENTERMARKS
  6
CENTER
100
AcDbLine
 10
123.3214077829969
 20
263.5722723831958
 30
0.0
 11
124.1464077829969
 21
263.5722723831959
 31
0.0
  0
LINE
  5
1CE
330
1F
100
AcDbEntity
  8
CENTERMARKS
  6
CENTER
100
AcDbLine
 10
122.7439077829969
 20
264.1497723831958
 30
0.0
 11
122.7439077829969
 21
264.9747723831958
 31
0.0
  0
LINE
  5
1CF
330
1F
100
AcDbEntity
  8
CENTERMARKS
  6
CENTER
100
AcDbLine
 10
122.7439077829969
 20
262.9947723831958
 30
0.0
 11
122.7439077829969
 21
262.1697723831958
 31
0.0
  0
LINE
  5
1D4
330
1F
100
AcDbEntity
  8
CENTERMARKS
  6
CONTINUOUS
100
AcDbLine
 10
93.70515778299693
 20
263.5722723831958
 30
0.0
 11
94.28265778299692
 21
263.5722723831958
 31
0.0
  0
LINE
  5
1D5
330
1F
100
AcDbEntity
  8
CENTERMARKS
  6
CONTINUOUS
100
AcDbLine
 10
93.99390778299693
 20
263.2835223831958
 30
0.0
 11
93.99390778299693
 21
263.8610223831958
 31
0.0
  0
LINE
  5
1D6
330
1F
100
AcDbEntity
  8
CENTERMARKS
  6
CENTER
100
AcDbLine
 10
93.41640778299694
 20
263.5722723831958
 30
0.0
 11
92.59140778299694
 21
263.5722723831958
 31
0.0
  0
LINE
  5
1D7
330
1F
100
AcDbEntity
  8
CENTERMARKS
  6
CENTER
100
AcDbLine
 10
94.57140778299691
 20
263.5722723831958
 30
0.0
 11
95.39640778299692
 21
263.5722723831959
 31
0.0
  0
LINE
  5
1D8
330
1F
100
AcDbEntity
  8
CENTERMARKS
  6
CENTER
100
AcDbLine
 10
93.99390778299693
 20
264.1497723831958
 30
0.0
 11
93.99390778299693
 21
264.9747723831958
 31
0.0
  0
LINE
  5
1D9
330
1F
100
AcDbEntity
  8
CENTERMARKS
  6
CENTER
100
AcDbLine
 10
93.99390778299693
 20
262.9947723831958
 30
0.0
 11
93.99390778299693
 21
262.1697723831958
 31
0.0
  0
LINE
  5
1DE
330
1F
100
AcDbEntity
  8
CENTERMARKS
  6
CONTINUOUS
100
AcDbLine
 10
35.9551577829969
 20
177.0722723831958
 30
0.0
 11
36.5326577829969
 21
177.0722723831958
 31
0.0
  0
LINE
  5
1DF
330
1F
100
AcDbEntity
  8
CENTERMARKS
  6
CONTINUOUS
100
AcDbLine
 10
36.24390778299689
 20
176.7835223831958
 30
0.0
 11
36.24390778299691
 21
177.3610223831958
 31
0.0
  0
LINE
  5
1E0
330
1F
100
AcDbEntity
  8
CENTERMARKS
  6
CENTER
100
AcDbLine
 10
35.6664077829969
 20
177.0722723831958
 30
0.0
 11
34.8414077829969
 21
177.0722723831958
 31
0.0
  0
LINE
  5
1E1
330
1F
100
AcDbEntity
  8
CENTERMARKS
  6
CENTER
100
AcDbLine
 10
36.8214077829969
 20
177.0722723831958
 30
0.0
 11
37.6464077829969
 21
177.0722723831958
 31
0.0
  0
LINE
  5
1E2
330
1F
100
AcDbEntity
  8
CENTERMARKS
  6
CENTER
100
AcDbLine
 10
36.24390778299691
 20
177.6497723831958
 30
0.0
 11
36.24390778299693
 21
178.4747723831958
 31
0.0
  0
LINE
  5
1E3
330
1F
100
AcDbEntity
  8
CENTERMARKS
  6
CENTER
100
AcDbLine
 10
36.24390778299689
 20
176.4947723831959
 30
0.0
 11
36.24390778299687
 21
175.6697723831959
 31
0.0
  0
LINE
  5
1E8
330
1F
100
AcDbEntity
  8
CENTERMARKS
  6
CONTINUOUS
100
AcDbLine
 10
122.4551577829969
 20
177.0722723831958
 30
0.0
 11
123.0326577829969
 21
177.0722723831958
 31
0.0
  0
LINE
  5
1E9
330
1F
100
AcDbEntity
  8
CENTERMARKS
  6
CONTINUOUS
100
AcDbLine
 10
122.7439077829969
 20
176.7835223831958
 30
0.0
 11
122.7439077829969
 21
177.3610223831958
 31
0.0
  0
LINE
  5
1EA
330
1F
100
AcDbEntity
  8
CENTERMARKS
  6
CENTER
100
AcDbLine
 10
122.1664077829969
 20
177.0722723831958
 30
0.0
 11
121.3414077829969
 21
177.0722723831958
 31
0.0
  0
LINE
  5
1EB
330
1F
100
AcDbEntity
  8
CENTERMARKS
  6
CENTER
100
AcDbLine
 10
123.3214077829969
 20
177.0722723831958
 30
0.0
 11
124.1464077829969
 21
177.0722723831958
 31
0.0
  0
LINE
  5
1EC
330
1F
100
AcDbEntity
  8
CENTERMARKS
  6
CENTER
100
AcDbLine
 10
122.7439077829969
 20
177.6497723831958
 30
0.0
 11
122.7439077829969
 21
178.4747723831958
 31
0.0
  0
LINE
  5
1ED
330
1F
100
AcDbEntity
  8
CENTERMARKS
  6
CENTER
100
AcDbLine
 10
122.7439077829969
 20
176.4947723831959
 30
0.0
 11
122.7439077829969
 21
175.6697723831959
 31
0.0
  0
LINE
  5
1F2
330
1F
100
AcDbEntity
  8
CENTERMARKS
  6
CONTINUOUS
100
AcDbLine
 10
64.70515778299693
 20
263.5722723831958
 30
0.0
 11
65.28265778299692
 21
263.5722723831958
 31
0.0
  0
LINE
  5
1F3
330
1F
100
AcDbEntity
  8
CENTERMARKS
  6
CONTINUOUS
100
AcDbLine
 10
64.99390778299693
 20
263.2835223831958
 30
0.0
 11
64.99390778299693
 21
263.8610223831958
 31
0.0
  0
LINE
  5
1F4
330
1F
100
AcDbEntity
  8
CENTERMARKS
  6
CENTER
100
AcDbLine
 10
64.41640778299694
 20
263.5722723831958
 30
0.0
 11
63.59140778299694
 21
263.5722723831958
 31
0.0
  0
LINE
  5
1F5
330
1F
100
AcDbEntity
  8
CENTERMARKS
  6
CENTER
100
AcDbLine
 10
65.57140778299691
 20
263.5722723831958
 30
0.0
 11
66.39640778299692
 21
263.5722723831959
 31
0.0
  0
LINE
  5
1F6
330
1F
100
AcDbEntity
  8
CENTERMARKS
  6
CENTER
100
AcDbLine
 10
64.99390778299693
 20
264.1497723831958
 30
0.0
 11
64.99390778299691
 21
264.9747723831958
 31
0.0
  0
LINE
  5
1F7
330
1F
100
AcDbEntity
  8
CENTERMARKS
  6
CENTER
100
AcDbLine
 10
64.99390778299693
 20
262.9947723831958
 30
0.0
 11
64.99390778299694
 21
262.1697723831958
 31
0.0
  0
LINE
  5
1FC
330
1F
100
AcDbEntity
  8
CENTERMARKS
  6
CONTINUOUS
100
AcDbLine
 10
35.9551577829969
 20
263.5722723831958
 30
0.0
 11
36.5326577829969
 21
263.5722723831958
 31
0.0
  0
LINE
  5
1FD
330
1F
100
AcDbEntity
  8
CENTERMARKS
  6
CONTINUOUS
100
AcDbLine
 10
36.24390778299689
 20
263.2835223831958
 30
0.0
 11
36.24390778299691
 21
263.8610223831958
 31
0.0
  0
LINE
  5
1FE
330
1F
100
AcDbEntity
  8
CENTERMARKS
  6
CENTER
100
AcDbLine
 10
35.6664077829969
 20
263.5722723831958
 30
0.0
 11
34.8414077829969
 21
263.5722723831958
 31
0.0
  0
LINE
  5
1FF
330
1F
100
AcDbEntity
  8
CENTERMARKS
  6
CENTER
100
AcDbLine
 10
36.8214077829969
 20
263.5722723831958
 30
0.0
 11
37.6464077829969
 21
263.5722723831959
 31
0.0
  0
LINE
  5
200
330
1F
100
AcDbEntity
  8
CENTERMARKS
  6
CENTER
100
AcDbLine
 10
36.24390778299691
 20
264.1497723831958
 30
0.0
 11
36.24390778299693
 21
264.9747723831958
 31
0.0
  0
LINE
  5
201
330
1F
100
AcDbEntity
  8
CENTERMARKS
  6
CENTER
100
AcDbLine
 10
36.24390778299689
 20
262.9947723831958
 30
0.0
 11
36.24390778299687
 21
262.1697723831958
 31
0.0
  0
LINE
  5
206
330
1F
100
AcDbEntity
  8
CENTERMARKS
  6
CONTINUOUS
100
AcDbLine
 10
122.4551577829969
 20
234.8222723831959
 30
0.0
 11
123.0326577829969
 21
234.8222723831959
 31
0.0
  0
LINE
  5
207
330
1F
100
AcDbEntity
  8
CENTERMARKS
  6
CONTINUOUS
100
AcDbLine
 10
122.7439077829969
 20
234.5335223831959
 30
0.0
 11
122.7439077829969
 21
235.1110223831959
 31
0.0
  0
LINE
  5
208
330
1F
100
AcDbEntity
  8
CENTERMARKS
  6
CENTER
100
AcDbLine
 10
122.1664077829969
 20
234.8222723831959
 30
0.0
 11
121.3414077829969
 21
234.8222723831959
 31
0.0
  0
LINE
  5
209
330
1F
100
AcDbEntity
  8
CENTERMARKS
  6
CENTER
100
AcDbLine
 10
123.3214077829969
 20
234.8222723831959
 30
0.0
 11
124.1464077829969
 21
234.8222723831959
 31
0.0
  0
LINE
  5
20A
330
1F
100
AcDbEntity
  8
CENTERMARKS
  6
CENTER
100
AcDbLine
 10
122.7439077829969
 20
235.3997723831959
 30
0.0
 11
122.7439077829969
 21
236.2247723831958
 31
0.0
  0
LINE
  5
20B
330
1F
100
AcDbEntity
  8
CENTERMARKS
  6
CENTER
100
AcDbLine
 10
122.7439077829969
 20
234.2447723831959
 30
0.0
 11
122.7439077829969
 21
233.4197723831959
 31
0.0
  0
LINE
  5
210
330
1F
100
AcDbEntity
  8
CENTERMARKS
  6
CONTINUOUS
100
AcDbLine
 10
122.4551577829969
 20
205.8222723831958
 30
0.0
 11
123.0326577829969
 21
205.8222723831958
 31
0.0
  0
LINE
  5
211
330
1F
100
AcDbEntity
  8
CENTERMARKS
  6
CONTINUOUS
100
AcDbLine
 10
122.7439077829969
 20
205.5335223831958
 30
0.0
 11
122.7439077829969
 21
206.1110223831958
 31
0.0
  0
LINE
  5
212
330
1F
100
AcDbEntity
  8
CENTERMARKS
  6
CENTER
100
AcDbLine
 10
122.1664077829969
 20
205.8222723831958
 30
0.0
 11
121.3414077829969
 21
205.8222723831958
 31
0.0
  0
LINE
  5
213
330
1F
100
AcDbEntity
  8
CENTERMARKS
  6
CENTER
100
AcDbLine
 10
123.3214077829969
 20
205.8222723831958
 30
0.0
 11
124.1464077829969
 21
205.8222723831959
 31
0.0
  0
LINE
  5
214
330
1F
100
AcDbEntity
  8
CENTERMARKS
  6
CENTER
100
AcDbLine
 10
122.7439077829969
 20
206.3997723831958
 30
0.0
 11
122.7439077829969
 21
207.2247723831958
 31
0.0
  0
LINE
  5
215
330
1F
100
AcDbEntity
  8
CENTERMARKS
  6
CENTER
100
AcDbLine
 10
122.7439077829969
 20
205.2447723831959
 30
0.0
 11
122.7439077829969
 21
204.4197723831959
 31
0.0
  0
LINE
  5
21A
330
1F
100
AcDbEntity
  8
CENTERMARKS
  6
CONTINUOUS
100
AcDbLine
 10
93.70515778299693
 20
177.0722723831958
 30
0.0
 11
94.28265778299692
 21
177.0722723831958
 31
0.0
  0
LINE
  5
21B
330
1F
100
AcDbEntity
  8
CENTERMARKS
  6
CONTINUOUS
100
AcDbLine
 10
93.99390778299693
 20
176.7835223831958
 30
0.0
 11
93.99390778299693
 21
177.3610223831958
 31
0.0
  0
LINE
  5
21C
330
1F
100
AcDbEntity
  8
CENTERMARKS
  6
CENTER
100
AcDbLine
 10
93.41640778299694
 20
177.0722723831958
 30
0.0
 11
92.59140778299694
 21
177.0722723831958
 31
0.0
  0
LINE
  5
21D
330
1F
100
AcDbEntity
  8
CENTERMARKS
  6
CENTER
100
AcDbLine
 10
94.57140778299691
 20
177.0722723831958
 30
0.0
 11
95.39640778299692
 21
177.0722723831958
 31
0.0
  0
LINE
  5
21E
330
1F
100
AcDbEntity
  8
CENTERMARKS
  6
CENTER
100
AcDbLine
 10
93.99390778299693
 20
177.6497723831958
 30
0.0
 11
93.99390778299693
 21
178.4747723831958
 31
0.0
  0
LINE
  5
21F
330
1F
100
AcDbEntity
  8
CENTERMARKS
  6
CENTER
100
AcDbLine
 10
93.99390778299693
 20
176.4947723831959
 30
0.0
 11
93.99390778299693
 21
175.6697723831959
 31
0.0
  0
LINE
  5
224
330
1F
100
AcDbEntity
  8
CENTERMARKS
  6
CONTINUOUS
100
AcDbLine
 10
35.9551577829969
 20
205.8222723831958
 30
0.0
 11
36.5326577829969
 21
205.8222723831958
 31
0.0
  0
LINE
  5
225
330
1F
100
AcDbEntity
  8
CENTERMARKS
  6
CONTINUOUS
100
AcDbLine
 10
36.24390778299689
 20
205.5335223831958
 30
0.0
 11
36.24390778299691
 21
206.1110223831958
 31
0.0
  0
LINE
  5
226
330
1F
100
AcDbEntity
  8
CENTERMARKS
  6
CENTER
100
AcDbLine
 10
35.6664077829969
 20
205.8222723831958
 30
0.0
 11
34.8414077829969
 21
205.8222723831958
 31
0.0
  0
LINE
  5
227
330
1F
100
AcDbEntity
  8
CENTERMARKS
  6
CENTER
100
AcDbLine
 10
36.8214077829969
 20
205.8222723831958
 30
0.0
 11
37.6464077829969
 21
205.8222723831958
 31
0.0
  0
LINE
  5
228
330
1F
100
AcDbEntity
  8
CENTERMARKS
  6
CENTER
100
AcDbLine
 10
36.24390778299691
 20
206.3997723831958
 30
0.0
 11
36.24390778299693
 21
207.2247723831958
 31
0.0
  0
LINE
  5
229
330
1F
100
AcDbEntity
  8
CENTERMARKS
  6
CENTER
100
AcDbLine
 10
36.24390778299689
 20
205.2447723831959
 30
0.0
 11
36.24390778299687
 21
204.4197723831959
 31
0.0
  0
LINE
  5
22E
330
1F
100
AcDbEntity
  8
CENTERMARKS
  6
CONTINUOUS
100
AcDbLine
 10
64.70515778299693
 20
177.0722723831958
 30
0.0
 11
65.28265778299692
 21
177.0722723831958
 31
0.0
  0
LINE
  5
22F
330
1F
100
AcDbEntity
  8
CENTERMARKS
  6
CONTINUOUS
100
AcDbLine
 10
64.99390778299693
 20
176.7835223831958
 30
0.0
 11
64.99390778299693
 21
177.3610223831958
 31
0.0
  0
LINE
  5
230
330
1F
100
AcDbEntity
  8
CENTERMARKS
  6
CENTER
100
AcDbLine
 10
64.41640778299694
 20
177.0722723831958
 30
0.0
 11
63.59140778299694
 21
177.0722723831958
 31
0.0
  0
LINE
  5
231
330
1F
100
AcDbEntity
  8
CENTERMARKS
  6
CENTER
100
AcDbLine
 10
65.57140778299691
 20
177.0722723831958
 30
0.0
 11
66.39640778299692
 21
177.0722723831958
 31
0.0
  0
LINE
  5
232
330
1F
100
AcDbEntity
  8
CENTERMARKS
  6
CENTER
100
AcDbLine
 10
64.99390778299693
 20
177.6497723831958
 30
0.0
 11
64.99390778299693
 21
178.4747723831958
 31
0.0
  0
LINE
  5
233
330
1F
100
AcDbEntity
  8
CENTERMARKS
  6
CENTER
100
AcDbLine
 10
64.99390778299693
 20
176.4947723831959
 30
0.0
 11
64.99390778299693
 21
175.6697723831959
 31
0.0
  0
LINE
  5
238
330
1F
100
AcDbEntity
  8
CENTERMARKS
  6
CONTINUOUS
100
AcDbLine
 10
78.24390778299693
 20
220.3222723831958
 30
0.0
 11
80.74390778299693
 21
220.3222723831958
 31
0.0
  0
LINE
  5
239
330
1F
100
AcDbEntity
  8
CENTERMARKS
  6
CONTINUOUS
100
AcDbLine
 10
79.49390778299693
 20
219.0722723831958
 30
0.0
 11
79.49390778299693
 21
221.5722723831958
 31
0.0
  0
LINE
  5
23A
330
1F
100
AcDbEntity
  8
CENTERMARKS
  6
CENTER
100
AcDbLine
 10
76.99390778299693
 20
220.3222723831958
 30
0.0
 11
66.99390778299693
 21
220.3222723831958
 31
0.0
  0
LINE
  5
23B
330
1F
100
AcDbEntity
  8
CENTERMARKS
  6
CENTER
100
AcDbLine
 10
81.99390778299693
 20
220.3222723831958
 30
0.0
 11
91.99390778299693
 21
220.3222723831958
 31
0.0
  0
LINE
  5
23C
330
1F
100
AcDbEntity
  8
CENTERMARKS
  6
CENTER
100
AcDbLine
 10
79.49390778299693
 20
222.8222723831958
 30
0.0
 11
79.49390778299693
 21
232.8222723831958
 31
0.0
  0
LINE
  5
23D
330
1F
100
AcDbEntity
  8
CENTERMARKS
  6
CENTER
100
AcDbLine
 10
79.49390778299693
 20
217.8222723831958
 30
0.0
 11
79.49390778299693
 21
207.8222723831958
 31
0.0
  0
MTEXT
  5
23E
102
{ACAD_XDICTIONARY
360
23F
102
}
330
1F
100
AcDbEntity
  8
ANNOTATION_TEXT
 62
     7
 60
     1
100
AcDbMText
 10
79.49390778299693
 20
164.9472723831958
 30
0.0
 40
3.5
 41
0.0
 71
     2
 72
     1
  1

  7
ONSHAPE-STANDARD-VIEW-LABE
1001
ACAD
1000
ACAD_MTEXT_DEFINED_HEIGHT_BEGIN
1070
    46
1040
3.5
1000
ACAD_MTEXT_DEFINED_HEIGHT_END
  0
LINE
  5
24A
330
1F
100
AcDbEntity
  8
SECTION_CUTTING_LINE
 62
     7
100
AcDbLine
 10
24.74390778299693
 20
220.3222723831958
 30
0.0
 11
134.2439077829969
 21
220.3222723831958
 31
0.0
  0
SOLID
  5
24B
330
1F
100
AcDbEntity
  8
SECTION_CUTTING_LINE
 62
     7
100
AcDbTrace
 10
24.74390778299693
 20
220.3222723831958
 30
0.0
 11
25.1605744496636
 21
222.8222723831958
 31
0.0
 12
24.32724111633026
 22
222.8222723831958
 32
0.0
 13
24.32724111633026
 23
222.8222723831958
 33
0.0
  0
SOLID
  5
24C
330
1F
100
AcDbEntity
  8
SECTION_CUTTING_LINE
 62
     7
100
AcDbTrace
 10
24.8480744496636
 20
222.8222723831958
 30
0.0
 11
24.8480744496636
 21
225.3222723831958
 31
0.0
 12
24.63974111633026
 22
222.8222723831958
 32
0.0
 13
24.63974111633026
 23
225.3222723831958
 33
0.0
  0
SOLID
  5
24D
330
1F
100
AcDbEntity
  8
SECTION_CUTTING_LINE
 62
     7
100
AcDbTrace
 10
134.2439077829969
 20
220.3222723831958
 30
0.0
 11
134.6605744496636
 21
222.8222723831958
 31
0.0
 12
133.8272411163303
 22
222.8222723831958
 32
0.0
 13
133.8272411163303
 23
222.8222723831958
 33
0.0
  0
SOLID
  5
24E
330
1F
100
AcDbEntity
  8
SECTION_CUTTING_LINE
 62
     7
100
AcDbTrace
 10
134.3480744496636
 20
222.8222723831958
 30
0.0
 11
134.3480744496636
 21
225.3222723831958
 31
0.0
 12
134.1397411163303
 22
222.8222723831958
 32
0.0
 13
134.1397411163303
 23
225.3222723831958
 33
0.0
  0
MTEXT
  5
24F
330
1F
100
AcDbEntity
  8
SECTION_CUTTING_LINE
 62
     7
100
AcDbMText
 10
23.18583557591246
 20
230.4085637660093
 30
0.0
 40
3.5
 41
3.12091280653951
 71
     1
 72
     1
  1
\fNoto Sans|b0|i0|c0|p0;\W1.0000000000;\T1.0000000000;\o\lA
  7
ONSHAPE-STANDARD
  0
MTEXT
  5
250
330
1F
100
AcDbEntity
  8
SECTION_CUTTING_LINE
 62
     7
100
AcDbMText
 10
132.6858355759124
 20
230.4085637660093
 30
0.0
 40
3.5
 41
3.12091280653951
 71
     1
 72
     1
  1
\fNoto Sans|b0|i0|c0|p0;\W1.0000000000;\T1.0000000000;\o\lA
  7
ONSHAPE-STANDARD
  0
MTEXT
  5
251
102
{ACAD_XDICTIONARY
360
252
102
}
330
1F
100
AcDbEntity
  8
ANNOTATION_TEXT
 62
     7
100
AcDbMText
 10
79.49390778299693
 20
30.09962561898843
 30
0.0
 40
3.5
 41
0.0
 71
     2
 72
     1
  1
 A - A 
  7
ONSHAPE-STANDARD-VIEW-LABE
1001
ACAD
1000
ACAD_MTEXT_DEFINED_HEIGHT_BEGIN
1070
    46
1040
3.5
1000
ACAD_MTEXT_DEFINED_HEIGHT_END
  0
DIMENSION
  5
258
102
{ACAD_REACTORS
102
}
102
{ACAD_XDICTIONARY
360
259
102
}
330
1F
100
AcDbEntity
  8
ANNOTATION_TEXT
100
AcDbDimension
  2
*D1
 10
340.9666713828834
 20
269.2874207118282
 30
0.0
 11
288.0011288115438
 21
269.2874207118282
 31
0.0
 70
   160
  3
ONSHAPE-ISO-25$0
100
AcDbAlignedDimension
 13
243.4666713828834
 23
250.0542638421969
 33
24.37500000000001
 14
340.9666713828834
 24
250.0542638421969
 34
24.37500000000001
100
AcDbRotatedDimension
1001
ACAD
1000
DSTYLE
1002
{
1070
     4
1000
[]
1070
   144
1040
4.0
1070
     3
1000

1070
   288
1070
     1
1002
}
1001
ACAD_DIMASSOC_CALC_DIMLFAC
1040
-4.0
1001
ACAD_DIMASSOC_DIMLFAC
1040
-4.0
1001
ACAD_DIMASSOC_OVERRIDDEN_D
1040
0.0
  0
DIMENSION
  5
274
102
{ACAD_REACTORS
330
28C
102
}
102
{ACAD_XDICTIONARY
360
275
102
}
330
1F
100
AcDbEntity
  8
ANNOTATION_TEXT
100
AcDbDimension
  2
*D2
 10
370.3663452054021
 20
158.8042638421969
 30
0.0
 11
370.3663452054021
 21
204.4292638421969
 31
0.0
 70
   160
  3
ONSHAPE-ISO-25$0
100
AcDbAlignedDimension
 13
340.9666713828834
 23
250.0542638421969
 33
24.37500000000001
 14
328.4666713828834
 24
158.8042638421969
 34
24.375
 50
90.0
100
AcDbRotatedDimension
1001
ACAD
1000
DSTYLE
1002
{
1070
     4
1000
[]
1070
   144
1040
4.0
1070
     3
1000

1070
   288
1070
     1
1002
}
1001
ACAD_DIMASSOC_CALC_DIMLFAC
1040
-4.0
1001
ACAD_DIMASSOC_DIMLFAC
1040
-4.0
1001
ACAD_DIMASSOC_OVERRIDDEN_D
1040
0.0
  0
DIMENSION
  5
287
102
{ACAD_REACTORS
102
}
102
{ACAD_XDICTIONARY
360
288
102
}
330
1F
100
AcDbEntity
  8
ANNOTATION_TEXT
100
AcDbDimension
  2
*D3
 10
370.3663452054021
 20
158.8042638421969
 30
0.0
 11
370.3663452054021
 21
145.6234055315702
 31
0.0
 70
   160
  3
ONSHAPE-ISO-25$0
100
AcDbAlignedDimension
 13
340.9666713828834
 23
153.8042638421969
 33
24.375
 14
328.4666713828834
 24
158.8042638421969
 34
24.375
 50
90.0
100
AcDbRotatedDimension
1001
ACAD
1000
DSTYLE
1002
{
1070
     4
1000
[]
1070
   144
1040
4.0
1070
     3
1000

1070
   288
1070
     1
1002
}
1001
ACAD_DIMASSOC_CALC_DIMLFAC
1040
-4.0
1001
ACAD_DIMASSOC_DIMLFAC
1040
-4.0
1001
ACAD_DIMASSOC_OVERRIDDEN_D
1040
0.0
  0
DIMENSION
  5
29D
102
{ACAD_REACTORS
330
2B5
102
}
102
{ACAD_XDICTIONARY
360
29E
102
}
330
1F
100
AcDbEntity
  8
ANNOTATION_TEXT
100
AcDbDimension
  2
*D4
 10
301.9666713828834
 20
117.8521606491044
 30
0.0
 11
292.2166713828834
 21
117.8521606491044
 31
0.0
 70
   160
  3
ONSHAPE-ISO-25$0
100
AcDbAlignedDimension
 13
282.4666713828834
 23
139.815409980322
 33
-24.37500000000001
 14
301.9666713828834
 24
139.815409980322
 34
-24.37500000000001
100
AcDbRotatedDimension
1001
ACAD
1000
DSTYLE
1002
{
1070
     4
1000
[]
1070
   144
1040
4.0
1070
     3
1000

1070
   288
1070
     1
1002
}
1001
ACAD_DIMASSOC_CALC_DIMLFAC
1040
-4.0
1001
ACAD_DIMASSOC_DIMLFAC
1040
-4.0
1001
ACAD_DIMASSOC_OVERRIDDEN_D
1040
0.0
  0
DIMENSION
  5
2B0
102
{ACAD_REACTORS
102
}
102
{ACAD_XDICTIONARY
360
2B1
102
}
330
1F
100
AcDbEntity
  8
ANNOTATION_TEXT
100
AcDbDimension
  2
*D5
 10
272.1117760426499
 20
158.8042638421969
 30
0.0
 11
272.1117760426499
 21
149.3098369112595
 31
0.0
 70
   160
  3
ONSHAPE-ISO-25$0
100
AcDbAlignedDimension
 13
292.2166713828834
 23
139.815409980322
 33
-24.37500000000001
 14
272.1117760426499
 24
158.8042638421969
 34
24.375
 50
90.0
100
AcDbRotatedDimension
1001
ACAD
1000
DSTYLE
1002
{
1070
     4
1000
[]
1070
   144
1040
4.0
1070
     3
1000

1070
   288
1070
     1
1002
}
1001
ACAD_DIMASSOC_CALC_DIMLFAC
1040
-4.0
1001
ACAD_DIMASSOC_DIMLFAC
1040
-4.0
1001
ACAD_DIMASSOC_OVERRIDDEN_D
1040
0.0
  0
DIMENSION
  5
2C3
102
{ACAD_REACTORS
102
}
102
{ACAD_XDICTIONARY
360
2C4
102
}
330
1F
100
AcDbEntity
  8
ANNOTATION_TEXT
100
AcDbDimension
  2
*D6
 10
163.1562141988058
 20
171.5722723831958
 30
0.0
 11
163.1562141988058
 21
220.3222723831958
 31
0.0
 70
   160
  3
ONSHAPE-ISO-25$0
100
AcDbAlignedDimension
 13
128.2439077829969
 23
269.0722723831958
 33
48.75000000000001
 14
128.2439077829969
 24
171.5722723831958
 34
48.75000000000001
 50
90.0
100
AcDbRotatedDimension
1001
ACAD
1000
DSTYLE
1002
{
1070
     4
1000
[]
1070
   144
1040
4.0
1070
     3
1000

1070
   288
1070
     1
1002
}
1001
ACAD_DIMASSOC_CALC_DIMLFAC
1040
-4.0
1001
ACAD_DIMASSOC_DIMLFAC
1040
-4.0
1001
ACAD_DIMASSOC_OVERRIDDEN_D
1040
0.0
  0
DIMENSION
  5
2D6
102
{ACAD_REACTORS
102
}
102
{ACAD_XDICTIONARY
360
2D7
102
}
330
1F
100
AcDbEntity
  8
ANNOTATION_TEXT
100
AcDbDimension
  2
*D7
 10
128.2439077829969
 20
277.0699608435313
 30
0.0
 11
146.294043913449
 21
277.0699608435313
 31
0.0
 70
   160
  3
ONSHAPE-ISO-25$0
100
AcDbAlignedDimension
 13
118.9939077829969
 23
259.8222723831958
 33
48.75000000000001
 14
128.2439077829969
 24
269.0722723831958
 34
48.75000000000001
100
AcDbRotatedDimension
1001
ACAD
1000
DSTYLE
1002
{
1070
     4
1000
[]
1070
   144
1040
4.0
1070
     3
1000

1070
   288
1070
     1
1002
}
1001
ACAD_DIMASSOC_CALC_DIMLFAC
1040
-4.0
1001
ACAD_DIMASSOC_DIMLFAC
1040
-4.0
1001
ACAD_DIMASSOC_OVERRIDDEN_D
1040
0.0
  0
DIMENSION
  5
2EA
102
{ACAD_REACTORS
330
313
102
}
102
{ACAD_XDICTIONARY
360
2EB
102
}
330
1F
100
AcDbEntity
  8
ANNOTATION_TEXT
100
AcDbDimension
  2
*D8
 10
91.49390778299693
 20
243.02134776733
 30
0.0
 11
79.49390778299693
 21
243.02134776733
 31
0.0
 70
   161
  3
ONSHAPE-ISO-25$0
100
AcDbAlignedDimension
 13
67.49390778299693
 23
232.3222723831958
 33
-34.99999999999999
 14
91.49390778299693
 24
232.3222723831958
 34
-34.99999999999999
1001
ACAD
1000
DSTYLE
1002
{
1070
     4
1000
[]
1070
   144
1040
4.0
1070
     3
1000

1070
   288
1070
     1
1002
}
1001
ACAD_DIMASSOC_CALC_DIMLFAC
1040
-4.0
1001
ACAD_DIMASSOC_DIMLFAC
1040
-4.0
1001
ACAD_DIMASSOC_OVERRIDDEN_D
1040
0.0
  0
DIMENSION
  5
2FD
102
{ACAD_REACTORS
330
313
102
}
102
{ACAD_XDICTIONARY
360
2FE
102
}
330
1F
100
AcDbEntity
  8
ANNOTATION_TEXT
100
AcDbDimension
  2
*D9
 10
73.7272266965407
 20
217.9123161082589
 30
-48.75000000000001
 11
101.2201656506682
 21
229.4019025368495
 31
0.0
 70
   163
  3
ONSHAPE-ISO-25$3
100
AcDbDiametricDimension
 15
85.26058886945316
 25
222.7322286581328
 35
-48.75000000000001
 40
0.0
1001
ACAD
1000
DSTYLE
1002
{
1070
   287
1070
     3
1070
     4
1000
[]
1070
   144
1040
4.0
1070
   289
1070
     3
1070
   279
1070
     0
1070
   172
1070
     1
1070
     3
1000
%%c<>
1002
}
1001
ACAD_DSTYLE_DIMRADIAL_EXTE
1070
   387
1070
     1
1070
   388
1040
0.0
1070
   390
1040
6.283185307179586
1001
ACAD_DIMASSOC_CALC_DIMLFAC
1040
-4.0
1001
ACAD_DIMASSOC_DIMLFAC
1040
-4.0
1001
ACAD_DIMASSOC_OVERRIDDEN_D
1040
0.0
  0
DIMENSION
  5
30F
102
{ACAD_REACTORS
102
}
102
{ACAD_XDICTIONARY
360
310
102
}
330
1F
100
AcDbEntity
  8
ANNOTATION_TEXT
100
AcDbDimension
  2
*D10
 10
73.47955481868136
 20
212.3330572514931
 30
-34.99999999999999
 11
101.2201656506682
 21
249.182525371595
 31
0.0
 70
   163
  3
ONSHAPE-ISO-25$3
100
AcDbDiametricDimension
 15
85.50826074731249
 25
228.3114875148986
 35
-34.99999999999999
 40
0.0
1001
ACAD
1000
DSTYLE
1002
{
1070
   287
1070
     3
1070
     4
1000
[]
1070
   144
1040
4.0
1070
   289
1070
     3
1070
   279
1070
     0
1070
   172
1070
     1
1070
     3
1000
%%c<>
1002
}
1001
ACAD_DSTYLE_DIMRADIAL_EXTE
1070
   387
1070
     1
1070
   388
1040
0.0
1070
   390
1040
6.283185307179586
1001
ACAD_DIMASSOC_CALC_DIMLFAC
1040
-4.0
1001
ACAD_DIMASSOC_DIMLFAC
1040
-4.0
1001
ACAD_DIMASSOC_OVERRIDDEN_D
1040
0.0
  0
DIMENSION
  5
321
102
{ACAD_REACTORS
102
}
102
{ACAD_XDICTIONARY
360
322
102
}
330
1F
100
AcDbEntity
  8
ANNOTATION_TEXT
100
AcDbDimension
  2
*D11
 10
18.20640424583459
 20
128.7365683120822
 30
0.0
 11
18.20640424583459
 21
102.4865683120822
 31
0.0
 70
   160
  3
ONSHAPE-ISO-25$0
100
AcDbAlignedDimension
 13
36.74390778299693
 23
76.2365683120822
 33
-42.75
 14
43.24390778299691
 24
128.7365683120822
 34
-45.75000000000003
 50
90.0
100
AcDbRotatedDimension
1001
ACAD
1000
DSTYLE
1002
{
1070
     4
1000
[]
1070
   144
1040
4.0
1070
     3
1000

1070
   288
1070
     1
1002
}
1001
ACAD_DIMASSOC_CALC_DIMLFAC
1040
-4.0
1001
ACAD_DIMASSOC_DIMLFAC
1040
-4.0
1001
ACAD_DIMASSOC_OVERRIDDEN_D
1040
0.0
  0
DIMENSION
  5
334
102
{ACAD_REACTORS
102
}
102
{ACAD_XDICTIONARY
360
335
102
}
330
1F
100
AcDbEntity
  8
ANNOTATION_TEXT
100
AcDbDimension
  2
*D12
 10
33.74390778299693
 20
145.7395961210406
 30
0.0
 11
18.20640424583459
 21
145.7395961210406
 31
0.0
 70
   160
  3
ONSHAPE-ISO-25$0
100
AcDbAlignedDimension
 13
30.74390778299692
 23
133.7365683120822
 33
-0.0000000000000036
 14
33.74390778299693
 24
133.7365683120822
 34
-0.0000000000000036
100
AcDbRotatedDimension
1001
ACAD
1000
DSTYLE
1002
{
1070
     4
1000
[]
1070
   144
1040
4.0
1070
     3
1000

1070
   288
1070
     1
1002
}
1001
ACAD_DIMASSOC_CALC_DIMLFAC
1040
-4.0
1001
ACAD_DIMASSOC_DIMLFAC
1040
-4.0
1001
ACAD_DIMASSOC_OVERRIDDEN_D
1040
0.0
  0
DIMENSION
  5
34A
102
{ACAD_REACTORS
102
}
102
{ACAD_XDICTIONARY
360
34B
102
}
330
1F
100
AcDbEntity
  8
ANNOTATION_TEXT
100
AcDbDimension
  2
*D13
 10
79.49390778299693
 20
76.2365683120822
 30
0.0
 11
79.49390778299693
 21
92.88317772655674
 31
0.0
 70
   160
  3
ONSHAPE-ISO-25$0
100
AcDbAlignedDimension
 13
79.49390778299693
 23
121.2365683120822
 33
-10.0
 14
79.49390778299693
 24
76.2365683120822
 34
-42.75
 50
90.0
100
AcDbRotatedDimension
1001
ACAD
1000
DSTYLE
1002
{
1070
     4
1000
[]
1070
   144
1040
4.0
1070
     3
1000

1070
   288
1070
     1
1002
}
1001
ACAD_DIMASSOC_CALC_DIMLFAC
1040
-4.0
1001
ACAD_DIMASSOC_DIMLFAC
1040
-4.0
1001
ACAD_DIMASSOC_OVERRIDDEN_D
1040
0.0
  0
DIMENSION
  5
35D
102
{ACAD_REACTORS
102
}
102
{ACAD_XDICTIONARY
360
35E
102
}
330
1F
100
AcDbEntity
  8
ANNOTATION_TEXT
100
AcDbDimension
  2
*D14
 10
89.49390778299693
 20
162.6017664063975
 30
0.0
 11
79.49390778299693
 21
162.6017664063975
 31
0.0
 70
   160
  3
ONSHAPE-ISO-25$0
100
AcDbAlignedDimension
 13
69.49390778299693
 23
130.7365683120822
 33
-0.0000000000000036
 14
89.49390778299693
 24
130.7365683120822
 34
-0.0000000000000036
100
AcDbRotatedDimension
1001
ACAD
1000
DSTYLE
1002
{
1070
     4
1000
[]
1070
   144
1040
4.0
1070
     3
1000
%%c<>
1070
   288
1070
     1
1002
}
1001
ACAD_DIMASSOC_CALC_DIMLFAC
1040
-4.0
1001
ACAD_DIMASSOC_DIMLFAC
1040
-4.0
1001
ACAD_DIMASSOC_OVERRIDDEN_D
1040
0.0
  0
DIMENSION
  5
370
102
{ACAD_REACTORS
102
}
102
{ACAD_XDICTIONARY
360
371
102
}
330
1F
100
AcDbEntity
  8
ANNOTATION_TEXT
100
AcDbDimension
  2
*D15
 10
85.74390778299693
 20
152.8735912417685
 30
0.0
 11
79.49390778299693
 21
152.8735912417685
 31
0.0
 70
   160
  3
ONSHAPE-ISO-25$0
100
AcDbAlignedDimension
 13
73.24390778299693
 23
147.7254221739572
 33
-0.0000000000000036
 14
85.74390778299693
 24
147.7254221739572
 34
-0.0000000000000036
100
AcDbRotatedDimension
1001
ACAD
1000
DSTYLE
1002
{
1070
     4
1000
[]
1070
   144
1040
4.0
1070
     3
1000
%%c<>
1070
   288
1070
     1
1002
}
1001
ACAD_DIMASSOC_CALC_DIMLFAC
1040
-4.0
1001
ACAD_DIMASSOC_DIMLFAC
1040
-4.0
1001
ACAD_DIMASSOC_OVERRIDDEN_D
1040
0.0
  0
MTEXT
  5
383
102
{ACAD_XDICTIONARY
360
440
102
}
330
1F
100
AcDbEntity
  8
ANNOTATION_TEXT
100
AcDbMText
 10
191.043649670742
 20
90.28899768265568
 30
0.0
 40
3.5
 41
93.98000000000005
 71
     1
 72
     5
  1
Material used: black PE
  7
ONSHAPE-STANDARD-NOTESTYLE
1001
ONSHAPE_NOTES_REORDERING_D
1071
        0
1070
     0
1001
ACAD
1000
ACAD_MTEXT_DEFINED_HEIGHT_BEGIN
1070
    46
1040
3.547683923705722
1000
ACAD_MTEXT_DEFINED_HEIGHT_END
  0
DIMENSION
  5
38A
102
{ACAD_REACTORS
102
}
102
{ACAD_XDICTIONARY
360
38B
102
}
330
1F
100
AcDbEntity
  8
ANNOTATION_TEXT
100
AcDbDimension
  2
*D16
 10
122.0130158301713
 20
234.4396211669495
 30
48.75000000000001
 11
136.7280050015638
 21
242.1435074687722
 31
0.0
 70
   163
  3
ONSHAPE-ISO-25$3
100
AcDbDiametricDimension
 15
123.4747997358225
 25
235.2049235994422
 35
48.75000000000001
 40
0.0
1001
ACAD
1000
DSTYLE
1002
{
1070
   287
1070
     3
1070
     4
1000
[]
1070
   144
1040
4.0
1070
   289
1070
     3
1070
   279
1070
     0
1070
   172
1070
     1
1070
     3
1000
%%c<>
1002
}
1001
ACAD_DSTYLE_DIMRADIAL_EXTE
1070
   387
1070
     1
1070
   388
1040
0.0
1070
   390
1040
6.283185307179586
1001
ACAD_DIMASSOC_CALC_DIMLFAC
1040
-4.0
1001
ACAD_DIMASSOC_DIMLFAC
1040
-4.0
1001
ACAD_DIMASSOC_OVERRIDDEN_D
1040
0.0
  0
MTEXT
  5
3A4
102
{ACAD_REACTORS
102
}
102
{ACAD_XDICTIONARY
360
442
102
}
330
1F
100
AcDbEntity
  8
ANNOTATION_TEXT
100
AcDbMText
 10
174.2625475117571
 20
242.9541887324912
 30
0.0
 40
3.5
 41
65.28835149863761
 71
     4
 72
     1
  1
threaded holes for tightning\Pthe lid with the seal using \Pwing nuts.. Also threaded\Prods can be placed here
  7
ONSHAPE-STANDARD-NOTESTYLE
1001
ONSHAPE_NOTES_REORDERING_D
1071
        0
1070
     0
1001
ACAD
1000
ACAD_MTEXT_DEFINED_HEIGHT_BEGIN
1070
    46
1040
19.66723433242507
1000
ACAD_MTEXT_DEFINED_HEIGHT_END
  0
SOLID
  5
3AE
330
1F
100
AcDbEntity
  8
ANNOTATION_TEXT
100
AcDbTrace
 10
126.0270151461873
 20
234.2047618147515
 30
0.0
 11
123.5689077829969
 21
234.8222723831959
 31
0.0
 12
126.0944181757806
 22
235.0353647740804
 32
0.0
 13
126.0944181757806
 23
235.0353647740804
 33
0.0
  0
POLYLINE
  5
3AF
330
1F
100
AcDbEntity
  8
ANNOTATION_TEXT
100
AcDb2dPolyline
 66
     1
 10
0.0
 20
0.0
 30
232.0315472186742
210
0.0
220
0.9966301240528245
230
-0.08202679946488087
  0
VERTEX
  5
3B0
330
3AF
100
AcDbEntity
  8
ANNOTATION_TEXT
100
AcDbVertex
100
AcDb2dVertex
 10
-123.5689077829969
 20
43.55457872045164
 30
232.0315472186742
  0
VERTEX
  5
3B1
330
3AF
100
AcDbEntity
  8
ANNOTATION_TEXT
100
AcDbVertex
100
AcDb2dVertex
 10
-173.0125475117571
 20
-5.360258211986999
 30
232.0315472186742
  0
VERTEX
  5
3B2
330
3AF
100
AcDbEntity
  8
ANNOTATION_TEXT
100
AcDbVertex
100
AcDb2dVertex
 10
-239.5508990103947
 20
-5.360258211986999
 30
232.0315472186742
  0
SEQEND
  5
3B3
330
3AF
100
AcDbEntity
  8
ANNOTATION_TEXT
  0
ENDSEC
  0
SECTION
  2
OBJECTS
  0
DICTIONARY
  5
C
330
0
100
AcDbDictionary
  3
ACAD_FIELDLIST
350
1BB
  3
ACAD_GROUP
350
D
  3
ACAD_LAYOUT
350
1A
  3
ACAD_MATERIAL
350
43
  3
ACAD_MLEADERSTYLE
350
6B
  3
ACAD_MLINESTYLE
350
17
  3
ACAD_PLOTSETTINGS
350
19
  3
ACAD_SCALELIST
350
47
  3
ACAD_VISUALSTYLE
350
2A
  3
ACDB_RECOMPOSE_DATA
350
44F
  3
ACDBHEADERROUNDTRIPXREC
350
416
  3
ACDBVARIABLEDICTIONARY
350
6E
  3
DWGPROPS
350
43D
  3
ONSHAPE_DATA
350
3B4
  0
DICTIONARY
  5
444
330
8
100
AcDbDictionary
280
     1
  3
ACAD_XREC_ROUNDTRIP
360
445
  0
DICTIONARY
  5
154
330
153
100
AcDbDictionary
280
     1
  0
DICTIONARY
  5
15B
330
15A
100
AcDbDictionary
280
     1
  0
DICTIONARY
  5
165
330
164
100
AcDbDictionary
280
     1
  0
DICTIONARY
  5
16B
330
16A
100
AcDbDictionary
280
     1
  0
DICTIONARY
  5
185
330
184
100
AcDbDictionary
280
     1
  0
DICTIONARY
  5
18B
330
18A
100
AcDbDictionary
280
     1
  3
ACAD_MTEXT_RT
360
43E
  0
DICTIONARY
  5
18F
330
18E
100
AcDbDictionary
280
     1
  3
ACAD_MTEXT_RT
360
43F
  0
DICTIONARY
  5
192
330
191
100
AcDbDictionary
280
     1
  0
DICTIONARY
  5
199
330
198
100
AcDbDictionary
280
     1
  0
DICTIONARY
  5
1A0
330
19F
100
AcDbDictionary
280
     1
  0
DICTIONARY
  5
1A7
330
1A6
100
AcDbDictionary
280
     1
  0
DICTIONARY
  5
1B0
330
1AF
100
AcDbDictionary
280
     1
  0
DICTIONARY
  5
1B6
330
1B5
100
AcDbDictionary
280
     1
  3
ONSHAPE_VIEW_ID
360
1B7
  0
DICTIONARY
  5
23F
330
23E
100
AcDbDictionary
280
     1
  3
ONSHAPE_VIEW_ID
360
240
  0
DICTIONARY
  5
252
330
251
100
AcDbDictionary
280
     1
  3
ONSHAPE_VIEW_ID
360
253
  0
DICTIONARY
  5
259
330
258
100
AcDbDictionary
280
     1
  3
ACAD_BREAKDATA
360
25D
  3
OS_DIM_DISPLAY_FLAG_DATA
360
25A
  0
DICTIONARY
  5
275
330
274
100
AcDbDictionary
280
     1
  3
ACAD_BREAKDATA
360
279
  3
OS_DIM_DISPLAY_FLAG_DATA
360
276
  0
DICTIONARY
  5
288
330
287
100
AcDbDictionary
280
     1
  3
ACAD_BREAKDATA
360
28C
  3
OS_DIM_DISPLAY_FLAG_DATA
360
289
  0
DICTIONARY
  5
29E
330
29D
100
AcDbDictionary
280
     1
  3
ACAD_BREAKDATA
360
2A2
  3
OS_DIM_DISPLAY_FLAG_DATA
360
29F
  0
DICTIONARY
  5
2B1
330
2B0
100
AcDbDictionary
280
     1
  3
ACAD_BREAKDATA
360
2B5
  3
OS_DIM_DISPLAY_FLAG_DATA
360
2B2
  0
DICTIONARY
  5
2C4
330
2C3
100
AcDbDictionary
280
     1
  3
ACAD_BREAKDATA
360
2C8
  3
OS_DIM_DISPLAY_FLAG_DATA
360
2C5
  0
DICTIONARY
  5
2D7
330
2D6
100
AcDbDictionary
280
     1
  3
ACAD_BREAKDATA
360
2DB
  3
OS_DIM_DISPLAY_FLAG_DATA
360
2D8
  0
DICTIONARY
  5
2EB
330
2EA
100
AcDbDictionary
280
     1
  3
ACAD_BREAKDATA
360
2EF
  3
OS_DIM_DISPLAY_FLAG_DATA
360
2EC
  0
DICTIONARY
  5
2FE
330
2FD
100
AcDbDictionary
280
     1
  3
ACAD_BREAKDATA
360
301
  3
OS_DIM_DISPLAY_FLAG_DATA
360
2FF
  0
DICTIONARY
  5
310
330
30F
100
AcDbDictionary
280
     1
  3
ACAD_BREAKDATA
360
313
  3
OS_DIM_DISPLAY_FLAG_DATA
360
311
  0
DICTIONARY
  5
322
330
321
100
AcDbDictionary
280
     1
  3
ACAD_BREAKDATA
360
326
  3
OS_DIM_DISPLAY_FLAG_DATA
360
323
  0
DICTIONARY
  5
335
330
334
100
AcDbDictionary
280
     1
  3
ACAD_BREAKDATA
360
339
  3
OS_DIM_DISPLAY_FLAG_DATA
360
336
  0
DICTIONARY
  5
34B
330
34A
100
AcDbDictionary
280
     1
  3
ACAD_BREAKDATA
360
34F
  3
OS_DIM_DISPLAY_FLAG_DATA
360
34C
  0
DICTIONARY
  5
35E
330
35D
100
AcDbDictionary
280
     1
  3
ACAD_BREAKDATA
360
362
  3
OS_DIM_DISPLAY_FLAG_DATA
360
35F
  0
DICTIONARY
  5
371
330
370
100
AcDbDictionary
280
     1
  3
ACAD_BREAKDATA
360
375
  3
OS_DIM_DISPLAY_FLAG_DATA
360
372
  0
DICTIONARY
  5
440
330
383
100
AcDbDictionary
280
     1
  3
ACAD_MTEXT_RT
360
441
  0
DICTIONARY
  5
38B
330
38A
100
AcDbDictionary
280
     1
  3
ACAD_BREAKDATA
360
38E
  3
OS_DIM_DISPLAY_FLAG_DATA
360
38C
  0
DICTIONARY
  5
442
330
3A4
100
AcDbDictionary
280
     1
  3
ACAD_MTEXT_RT
360
443
  0
ACAD_PROXY_OBJECT
  5
1BB
102
{ACAD_REACTORS
330
C
102
}
330
C
100
AcDbProxyObject
 90
      499
 91
      509
 93
       11
310
4500
330
157
330
158
330
15E
330
15F
330
168
330
169
330
16E
330
16F
330
188
330
189
330
195
330
196
330
19C
330
19D
330
1A3
330
1A4
330
1AA
330
1AB
330
1B3
330
1B4
 94
        0
  0
DICTIONARY
  5
D
102
{ACAD_REACTORS
330
C
102
}
330
C
100
AcDbDictionary
  0
DICTIONARY
  5
1A
102
{ACAD_REACTORS
330
C
102
}
330
C
100
AcDbDictionary
  0
DICTIONARY
  5
43
102
{ACAD_REACTORS
330
C
102
}
330
C
100
AcDbDictionary
  3
BYBLOCK
350
45
  3
BYLAYER
350
44
  3
GLOBAL
350
46
  0
DICTIONARY
  5
6B
102
{ACAD_REACTORS
330
C
102
}
330
C
100
AcDbDictionary
  3
STANDARD
350
6C
  0
DICTIONARY
  5
17
102
{ACAD_REACTORS
330
C
102
}
330
C
100
AcDbDictionary
  3
STANDARD
350
18
  0
DICTIONARY
  5
19
102
{ACAD_REACTORS
330
C
102
}
330
C
100
AcDbDictionary
  0
DICTIONARY
  5
47
102
{ACAD_REACTORS
330
C
102
}
330
C
100
AcDbDictionary
  3
A0
350
48
  3
A1
350
49
  3
A2
350
4A
  3
A3
350
4B
  3
A4
350
4C
  3
A5
350
4D
  3
A6
350
4E
  3
A7
350
4F
  3
A8
350
50
  3
A9
350
51
  3
B0
350
52
  3
B1
350
53
  3
B2
350
54
  3
B3
350
55
  3
B4
350
56
  3
B5
350
57
  3
B6
350
58
  3
B7
350
59
  3
B8
350
5A
  3
B9
350
5B
  3
C0
350
5C
  3
C1
350
5D
  3
C2
350
5E
  3
C3
350
5F
  3
C4
350
60
  3
C5
350
61
  3
C6
350
62
  3
C7
350
63
  3
C8
350
64
  3
C9
350
65
  3
D0
350
66
  3
D1
350
67
  3
D2
350
68
  0
DICTIONARY
  5
2A
102
{ACAD_REACTORS
330
C
102
}
330
C
100
AcDbDictionary
  3
2DWIREFRAME
350
2F
  3
BASIC
350
32
  3
BRIGHTEN
350
36
  3
COLORCHANGE
350
3A
  3
CONCEPTUAL
350
34
  3
DIM
350
35
  3
EDGECOLOROFF
350
3D
  3
FACEPATTERN
350
39
  3
FLAT
350
2B
  3
FLATWITHEDGES
350
2C
  3
GOURAUD
350
2D
  3
GOURAUDWITHEDGES
350
2E
  3
HIDDEN
350
31
  3
JITTEROFF
350
3B
  3
LINEPATTERN
350
38
  3
OVERHANGOFF
350
3C
  3
REALISTIC
350
33
  3
SHADED
350
42
  3
SHADED_WITH_EDGES
350
41
  3
SHADES_OF_GRAY
350
3E
  3
SKETCHY
350
3F
  3
THICKEN
350
37
  3
WIREFRAME
350
30
  3
X-RAY
350
40
  0
XRECORD
  5
44F
102
{ACAD_REACTORS
330
C
102
}
330
C
100
AcDbXrecord
 90
        1
330
18A
330
18E
330
3A4
330
383
  0
DICTIONARY
  5
416
102
{ACAD_REACTORS
330
C
102
}
330
C
100
AcDbDictionary
  3
CEPSNID
350
420
  3
CEPSNTYPE
350
41F
  3
DIMSTYLEDATA
350
436
  3
FINGERPRINTGUID
350
421
  3
HYPERLINKBASE
350
419
  3
INSUNITS
350
41E
  3
LAYOUTDICT
350
41B
  3
LWETCUNION
350
41D
  3
PLOTSETDICT
350
41C
  3
PSVPSCALE
350
423
  3
PUCSBASE
350
426
  3
PUCSORGBACK
350
42C
  3
PUCSORGBOTTOM
350
428
  3
PUCSORGFRONT
350
42B
  3
PUCSORGLEFT
350
429
  3
PUCSORGRIGHT
350
42A
  3
PUCSORGTOP
350
427
  3
PUCSORTHOREF
350
424
  3
PUCSORTHOVIEW
350
425
  3
STYLESHEET
350
41A
  3
TSTACKALIGN
350
417
  3
TSTACKSIZE
350
418
  3
UCSBASE
350
42F
  3
UCSORGBACK
350
435
  3
UCSORGBOTTOM
350
431
  3
UCSORGFRONT
350
434
  3
UCSORGLEFT
350
432
  3
UCSORGRIGHT
350
433
  3
UCSORGTOP
350
430
  3
UCSORTHOREF
350
42D
  3
UCSORTHOVIEW
350
42E
  3
VERSIONGUID
350
422
  0
DICTIONARY
  5
6E
102
{ACAD_REACTORS
330
C
102
}
330
C
100
AcDbDictionary
  3
CANNOSCALE
350
446
  3
CMLEADERSTYLE
350
438
  3
CTABLESTYLE
350
437
  3
DIMASSOC
350
43B
  3
HIDETEXT
350
43C
  3
MSLTSCALE
350
447
  3
OLEFRAME
350
6F
  0
XRECORD
  5
43D
102
{ACAD_REACTORS
330
C
102
}
330
C
100
AcDbXrecord
  1
DWGPROPS COOKIE
  2

  3

  4

  6

  7

  8
nobody
  9

300
=
301
=
302
=
303
=
304
=
305
=
306
=
307
=
308
=
309
=
 40
0.0
 41
2461108.464659537
 42
2461108.46466066
  1

 90
        0
  0
DICTIONARY
  5
3B4
102
{ACAD_REACTORS
330
C
102
}
330
C
100
AcDbDictionary
280
     1
  3
DIM_UNITS
360
3B5
  3
ONSHAPE_ANG_TOL_PRECISION
360
3B8
  3
ONSHAPE_BREAK_DIMENSION_DEFAULT
360
3BE
  3
ONSHAPE_DIMENSION_TEXT_HOR
360
3BD
  3
ONSHAPE_FITCLASS_TOL_PRECISION
360
3B9
  3
ONSHAPE_JOGDIMENSION_LOCK_
360
3BB
  3
ONSHAPE_SHOWDIMENSIONSLINE
360
3BC
  3
ONSHAPE_UNDERLINEOVERRIDEN
360
3BA
  3
ONSHAPE_VSHARP_EXTENSION
360
3B7
  3
ONSHAPE_WELD_STANDARD
360
3B6
  0
XRECORD
  5
445
102
{ACAD_REACTORS
330
444
102
}
330
444
100
AcDbXrecord
102
VTR_0.000_0.000_1.000_1.000_VISUALSTYLE
340
2F
102
VTR_0.000_0.000_1.000_1.000_GRIDDISPLAY
 70
     3
102
VTR_0.000_0.000_1.000_1.000_GRIDMAJOR
 70
     5
102
VTR_0.000_0.000_1.000_1.000_DEFAULTLIGHTING
280
     1
102
VTR_0.000_0.000_1.000_1.000_DEFAULTLIGHTINGTYPE
 70
     1
102
VTR_0.000_0.000_1.000_1.000_BRIGHTNESS
141
0.0
102
VTR_0.000_0.000_1.000_1.000_CONTRAST
142
0.0
  0
XRECORD
  5
43E
102
{ACAD_REACTORS
330
18B
102
}
330
18B
100
AcDbXrecord
 40
9362.0
  1
{\pxqc;Chamber wo Lid}
  0
XRECORD
  5
43F
102
{ACAD_REACTORS
330
18F
102
}
330
18F
100
AcDbXrecord
 40
483.0
  1
{\pxqc;BfG}
  0
XRECORD
  5
1B7
102
{ACAD_REACTORS
330
1B6
102
}
330
1B6
100
AcDbXrecord
330
0
  0
XRECORD
  5
240
102
{ACAD_REACTORS
330
23F
102
}
330
23F
100
AcDbXrecord
330
0
  0
XRECORD
  5
253
102
{ACAD_REACTORS
330
252
102
}
330
252
100
AcDbXrecord
330
0
  0
BREAKDATA
  5
25D
102
{ACAD_REACTORS
330
259
102
}
330
259
100
AcDbBreakData
 70
     0
330
258
 90
        0
  0
XRECORD
  5
25A
102
{ACAD_REACTORS
330
259
102
}
330
259
100
AcDbXrecord
 90
        1
 90
        0
  0
BREAKDATA
  5
279
102
{ACAD_REACTORS
330
275
102
}
330
275
100
AcDbBreakData
 70
     0
330
274
 90
        0
  0
XRECORD
  5
276
102
{ACAD_REACTORS
330
275
102
}
330
275
100
AcDbXrecord
 90
        1
 90
        0
  0
BREAKDATA
  5
28C
102
{ACAD_REACTORS
330
288
102
}
330
288
100
AcDbBreakData
 70
     0
330
287
 90
        3
100
AcDbBreakPointRef
 71
     0
 72
     0
 91
       -1
 10
0.0
 20
0.0
 30
0.0
 11
0.0
 21
0.0
 31
0.0
331
274
 73
     5
 92
        0
100
AcDbBreakPointRef
 71
     0
 72
     0
 91
       -1
 10
0.0
 20
0.0
 30
0.0
 11
0.0
 21
0.0
 31
0.0
331
274
 73
     2
 92
        0
100
AcDbBreakPointRef
 71
     0
 72
     0
 91
       -1
 10
0.0
 20
0.0
 30
0.0
 11
0.0
 21
0.0
 31
0.0
331
274
 73
     2
 92
        0
  0
XRECORD
  5
289
102
{ACAD_REACTORS
330
288
102
}
330
288
100
AcDbXrecord
 90
        1
 90
        0
  0
BREAKDATA
  5
2A2
102
{ACAD_REACTORS
330
29E
102
}
330
29E
100
AcDbBreakData
 70
     0
330
29D
 90
        0
  0
XRECORD
  5
29F
102
{ACAD_REACTORS
330
29E
102
}
330
29E
100
AcDbXrecord
 90
        1
 90
        0
  0
BREAKDATA
  5
2B5
102
{ACAD_REACTORS
330
2B1
102
}
330
2B1
100
AcDbBreakData
 70
     0
330
2B0
 90
        1
100
AcDbBreakPointRef
 71
     0
 72
     0
 91
       -1
 10
0.0
 20
0.0
 30
0.0
 11
0.0
 21
0.0
 31
0.0
331
29D
 73
     5
 92
        0
  0
XRECORD
  5
2B2
102
{ACAD_REACTORS
330
2B1
102
}
330
2B1
100
AcDbXrecord
 90
        1
 90
        0
  0
BREAKDATA
  5
2C8
102
{ACAD_REACTORS
330
2C4
102
}
330
2C4
100
AcDbBreakData
 70
     0
330
2C3
 90
        0
  0
XRECORD
  5
2C5
102
{ACAD_REACTORS
330
2C4
102
}
330
2C4
100
AcDbXrecord
 90
        1
 90
        0
  0
BREAKDATA
  5
2DB
102
{ACAD_REACTORS
330
2D7
102
}
330
2D7
100
AcDbBreakData
 70
     0
330
2D6
 90
        0
  0
XRECORD
  5
2D8
102
{ACAD_REACTORS
330
2D7
102
}
330
2D7
100
AcDbXrecord
 90
        1
 90
        0
  0
BREAKDATA
  5
2EF
102
{ACAD_REACTORS
330
2EB
102
}
330
2EB
100
AcDbBreakData
 70
     0
330
2EA
 90
        0
  0
XRECORD
  5
2EC
102
{ACAD_REACTORS
330
2EB
102
}
330
2EB
100
AcDbXrecord
 90
        1
 90
        0
  0
BREAKDATA
  5
301
102
{ACAD_REACTORS
330
2FE
102
}
330
2FE
100
AcDbBreakData
 70
     0
330
2FD
 90
        0
  0
XRECORD
  5
2FF
102
{ACAD_REACTORS
330
2FE
102
}
330
2FE
100
AcDbXrecord
 90
        1
 90
        0
  0
BREAKDATA
  5
313
102
{ACAD_REACTORS
330
310
102
}
330
310
100
AcDbBreakData
 70
     0
330
30F
 90
        3
100
AcDbBreakPointRef
 71
     0
 72
     0
 91
       -1
 10
0.0
 20
0.0
 30
0.0
 11
0.0
 21
0.0
 31
0.0
331
2EA
 73
     5
 92
        0
100
AcDbBreakPointRef
 71
     0
 72
     0
 91
       -1
 10
0.0
 20
0.0
 30
0.0
 11
0.0
 21
0.0
 31
0.0
331
2FD
 73
     5
 92
        0
100
AcDbBreakPointRef
 71
     0
 72
     0
 91
       -1
 10
0.0
 20
0.0
 30
0.0
 11
0.0
 21
0.0
 31
0.0
331
2FD
 73
     2
 92
        0
  0
XRECORD
  5
311
102
{ACAD_REACTORS
330
310
102
}
330
310
100
AcDbXrecord
 90
        1
 90
        0
  0
BREAKDATA
  5
326
102
{ACAD_REACTORS
330
322
102
}
330
322
100
AcDbBreakData
 70
     0
330
321
 90
        0
  0
XRECORD
  5
323
102
{ACAD_REACTORS
330
322
102
}
330
322
100
AcDbXrecord
 90
        1
 90
        0
  0
BREAKDATA
  5
339
102
{ACAD_REACTORS
330
335
102
}
330
335
100
AcDbBreakData
 70
     0
330
334
 90
        0
  0
XRECORD
  5
336
102
{ACAD_REACTORS
330
335
102
}
330
335
100
AcDbXrecord
 90
        1
 90
        0
  0
BREAKDATA
  5
34F
102
{ACAD_REACTORS
330
34B
102
}
330
34B
100
AcDbBreakData
 70
     0
330
34A
 90
        0
  0
XRECORD
  5
34C
102
{ACAD_REACTORS
330
34B
102
}
330
34B
100
AcDbXrecord
 90
        1
 90
        0
  0
BREAKDATA
  5
362
102
{ACAD_REACTORS
330
35E
102
}
330
35E
100
AcDbBreakData
 70
     0
330
35D
 90
        0
  0
XRECORD
  5
35F
102
{ACAD_REACTORS
330
35E
102
}
330
35E
100
AcDbXrecord
 90
        1
 90
        0
  0
BREAKDATA
  5
375
102
{ACAD_REACTORS
330
371
102
}
330
371
100
AcDbBreakData
 70
     0
330
370
 90
        0
  0
XRECORD
  5
372
102
{ACAD_REACTORS
330
371
102
}
330
371
100
AcDbXrecord
 90
        1
 90
        0
  0
XRECORD
  5
441
102
{ACAD_REACTORS
330
440
102
}
330
440
100
AcDbXrecord
 40
23483.0
  1
{\pxql;Material used: black PE}
  0
BREAKDATA
  5
38E
102
{ACAD_REACTORS
330
38B
102
}
330
38B
100
AcDbBreakData
 70
     0
330
38A
 90
        0
  0
XRECORD
  5
38C
102
{ACAD_REACTORS
330
38B
102
}
330
38B
100
AcDbXrecord
 90
        1
 90
        0
  0
XRECORD
  5
443
102
{ACAD_REACTORS
330
442
102
}
330
442
100
AcDbXrecord
 40
562272.0
  1
{\pxql;threaded holes for tightning\Pthe lid with the seal using \Pwing nuts.. Also threaded\Prods can be placed here}
  0
MATERIAL
  5
45
102
{ACAD_REACTORS
330
43
102
}
102
{ACAD_XDICTIONARY
360
44A
102
}
330
43
100
AcDbMaterial
  1
BYBLOCK
  0
MATERIAL
  5
44
102
{ACAD_REACTORS
330
43
102
}
102
{ACAD_XDICTIONARY
360
448
102
}
330
43
100
AcDbMaterial
  1
BYLAYER
  0
MATERIAL
  5
46
102
{ACAD_REACTORS
330
43
102
}
102
{ACAD_XDICTIONARY
360
44C
102
}
330
43
100
AcDbMaterial
  1
GLOBAL
  0
ACAD_PROXY_OBJECT
  5
6C
102
{ACAD_REACTORS
330
6B
102
}
330
6B
100
AcDbProxyObject
 90
      499
 91
      505
 93
      610
310
40901902A4063FBFFFFFE056BD1B81E855B9FC0AD7A3703D0AD73F4214DD185B99185C9900AD7A3703D0AC73F90140501A02B5E8DC0F42B1CFC02B5E8DC0F42B1CFE5764000000000000300FC0
340
14
340
0
340
11
340
0
 94
        0
1001
ACAD_MLEADERVER
1070
     2
  0
MLINESTYLE
  5
18
102
{ACAD_REACTORS
330
17
102
}
330
17
100
AcDbMlineStyle
  2
Standard
 70
     0
  3

 62
   256
 51
90.0
 52
90.0
 71
     2
 49
0.5
 62
   256
  6
BYLAYER
 49
-0.5
 62
   256
  6
BYLAYER
  0
ACAD_PROXY_OBJECT
  5
48
102
{ACAD_REACTORS
330
47
102
}
330
47
100
AcDbProxyObject
 90
      499
 91
      503
 93
       41
310
903313A31580
  0
ACAD_PROXY_OBJECT
  5
49
102
{ACAD_REACTORS
330
47
102
}
330
47
100
AcDbProxyObject
 90
      499
 91
      503
 93
      105
310
903313A324000000000000004000
  0
ACAD_PROXY_OBJECT
  5
4A
102
{ACAD_REACTORS
330
47
102
}
330
47
100
AcDbProxyObject
 90
      499
 91
      503
 93
      105
310
903313A344000000000000104000
  0
ACAD_PROXY_OBJECT
  5
4B
102
{ACAD_REACTORS
330
47
102
}
330
47
100
AcDbProxyObject
 90
      499
 91
      503
 93
      105
310
903313A354000000000000144000
  0
ACAD_PROXY_OBJECT
  5
4C
102
{ACAD_REACTORS
330
47
102
}
330
47
100
AcDbProxyObject
 90
      499
 91
      503
 93
      105
310
903313A384000000000000204000
  0
ACAD_PROXY_OBJECT
  5
4D
102
{ACAD_REACTORS
330
47
102
}
330
47
100
AcDbProxyObject
 90
      499
 91
      503
 93
      113
310
904313A31304000000000000244000
  0
ACAD_PROXY_OBJECT
  5
4E
102
{ACAD_REACTORS
330
47
102
}
330
47
100
AcDbProxyObject
 90
      499
 91
      503
 93
      113
310
904313A31364000000000000304000
  0
ACAD_PROXY_OBJECT
  5
4F
102
{ACAD_REACTORS
330
47
102
}
330
47
100
AcDbProxyObject
 90
      499
 91
      503
 93
      113
310
904313A32304000000000000344000
  0
ACAD_PROXY_OBJECT
  5
50
102
{ACAD_REACTORS
330
47
102
}
330
47
100
AcDbProxyObject
 90
      499
 91
      503
 93
      113
310
904313A333040000000000003E4000
  0
ACAD_PROXY_OBJECT
  5
51
102
{ACAD_REACTORS
330
47
102
}
330
47
100
AcDbProxyObject
 90
      499
 91
      503
 93
      113
310
904313A34304000000000000444000
  0
ACAD_PROXY_OBJECT
  5
52
102
{ACAD_REACTORS
330
47
102
}
330
47
100
AcDbProxyObject
 90
      499
 91
      503
 93
      113
310
904313A35304000000000000494000
  0
ACAD_PROXY_OBJECT
  5
53
102
{ACAD_REACTORS
330
47
102
}
330
47
100
AcDbProxyObject
 90
      499
 91
      503
 93
      121
310
905313A3130304000000000000594000
  0
ACAD_PROXY_OBJECT
  5
54
102
{ACAD_REACTORS
330
47
102
}
330
47
100
AcDbProxyObject
 90
      499
 91
      503
 93
      105
310
903323A310000000000000010100
  0
ACAD_PROXY_OBJECT
  5
55
102
{ACAD_REACTORS
330
47
102
}
330
47
100
AcDbProxyObject
 90
      499
 91
      503
 93
      105
310
903343A310000000000000410100
  0
ACAD_PROXY_OBJECT
  5
56
102
{ACAD_REACTORS
330
47
102
}
330
47
100
AcDbProxyObject
 90
      499
 91
      503
 93
      105
310
903383A310000000000000810100
  0
ACAD_PROXY_OBJECT
  5
57
102
{ACAD_REACTORS
330
47
102
}
330
47
100
AcDbProxyObject
 90
      499
 91
      503
 93
      113
310
90431303A310000000000000910100
  0
ACAD_PROXY_OBJECT
  5
58
102
{ACAD_REACTORS
330
47
102
}
330
47
100
AcDbProxyObject
 90
      499
 91
      503
 93
      121
310
9053130303A310000000000001650100
  0
ACAD_PROXY_OBJECT
  5
59
102
{ACAD_REACTORS
330
47
102
}
330
47
100
AcDbProxyObject
 90
      499
 91
      503
 93
      257
310
90E312F31323822203D2031272D3022000000000000200FC000000000000284000
  0
ACAD_PROXY_OBJECT
  5
5A
102
{ACAD_REACTORS
330
47
102
}
330
47
100
AcDbProxyObject
 90
      499
 91
      503
 93
      249
310
90D312F363422203D2031272D3022000000000000240FC000000000000284000
  0
ACAD_PROXY_OBJECT
  5
5B
102
{ACAD_REACTORS
330
47
102
}
330
47
100
AcDbProxyObject
 90
      499
 91
      503
 93
      249
310
90D312F333222203D2031272D3022000000000000280FC000000000000284000
  0
ACAD_PROXY_OBJECT
  5
5C
102
{ACAD_REACTORS
330
47
102
}
330
47
100
AcDbProxyObject
 90
      499
 91
      503
 93
      249
310
90D312F313622203D2031272D30220000000000002C0FC000000000000284000
  0
ACAD_PROXY_OBJECT
  5
5D
102
{ACAD_REACTORS
330
47
102
}
330
47
100
AcDbProxyObject
 90
      499
 91
      503
 93
      249
310
90D332F333222203D2031272D30220000000000002E0FC000000000000284000
  0
ACAD_PROXY_OBJECT
  5
5E
102
{ACAD_REACTORS
330
47
102
}
330
47
100
AcDbProxyObject
 90
      499
 91
      503
 93
      241
310
90C312F3822203D2031272D3022000000000000300FC000000000000284000
  0
ACAD_PROXY_OBJECT
  5
5F
102
{ACAD_REACTORS
330
47
102
}
330
47
100
AcDbProxyObject
 90
      499
 91
      503
 93
      249
310
90D332F313622203D2031272D3022000000000000320FC000000000000284000
  0
ACAD_PROXY_OBJECT
  5
60
102
{ACAD_REACTORS
330
47
102
}
330
47
100
AcDbProxyObject
 90
      499
 91
      503
 93
      241
310
90C312F3422203D2031272D3022000000000000340FC000000000000284000
  0
ACAD_PROXY_OBJECT
  5
61
102
{ACAD_REACTORS
330
47
102
}
330
47
100
AcDbProxyObject
 90
      499
 91
      503
 93
      241
310
90C332F3822203D2031272D3022000000000000360FC000000000000284000
  0
ACAD_PROXY_OBJECT
  5
62
102
{ACAD_REACTORS
330
47
102
}
330
47
100
AcDbProxyObject
 90
      499
 91
      503
 93
      241
310
90C312F3222203D2031272D3022000000000000380FC000000000000284000
  0
ACAD_PROXY_OBJECT
  5
63
102
{ACAD_REACTORS
330
47
102
}
330
47
100
AcDbProxyObject
 90
      499
 91
      503
 93
      241
310
90C332F3422203D2031272D30220000000000003A0FC000000000000284000
  0
ACAD_PROXY_OBJECT
  5
64
102
{ACAD_REACTORS
330
47
102
}
330
47
100
AcDbProxyObject
 90
      499
 91
      503
 93
      161
310
90A3122203D2031272D30224000000000000284000
  0
ACAD_PROXY_OBJECT
  5
65
102
{ACAD_REACTORS
330
47
102
}
330
47
100
AcDbProxyObject
 90
      499
 91
      503
 93
      257
310
90E312D312F3222203D2031272D30220000000000003E0FC000000000000284000
  0
ACAD_PROXY_OBJECT
  5
66
102
{ACAD_REACTORS
330
47
102
}
330
47
100
AcDbProxyObject
 90
      499
 91
      503
 93
      225
310
90A3322203D2031272D302200000000000002100000000000000284000
  0
ACAD_PROXY_OBJECT
  5
67
102
{ACAD_REACTORS
330
47
102
}
330
47
100
AcDbProxyObject
 90
      499
 91
      503
 93
      225
310
90A3622203D2031272D302200000000000006100000000000000284000
  0
ACAD_PROXY_OBJECT
  5
68
102
{ACAD_REACTORS
330
47
102
}
330
47
100
AcDbProxyObject
 90
      499
 91
      503
 93
      249
310
90D31272D3022203D2031272D30220000000000000A100000000000000284000
  0
ACAD_PROXY_OBJECT
  5
2F
102
{ACAD_REACTORS
330
2A
102
}
330
2A
100
AcDbProxyObject
 90
      499
 91
      501
 93
      436
310
42CC9915DA5C99599C985B595049028333333333333E33F0000000000000F90107901411070040501600405405064090741402480A0340
1001
ACAD
1000
AcDbSavedByObjectVersion
1070
     0
  0
ACAD_PROXY_OBJECT
  5
32
102
{ACAD_REACTORS
330
2A
102
}
330
2A
100
AcDbProxyObject
 90
      499
 91
      501
 93
      388
310
4150985CDA58D07406404333333333333E33F0000000000000F90107A41107004050150841D405064090741402480A0350
1001
ACAD
1000
AcDbSavedByObjectVersion
1070
     0
  0
ACAD_PROXY_OBJECT
  5
36
102
{ACAD_REACTORS
330
2A
102
}
330
2A
100
AcDbProxyObject
 90
      499
 91
      501
 93
      428
310
42109C9A59DA1D195B90C409028333333333333E33F0000000000000F9010790141107004050150841D405064090741402480A029950
1001
ACAD
1000
AcDbSavedByObjectVersion
1070
     0
  0
ACAD_PROXY_OBJECT
  5
3A
102
{ACAD_REACTORS
330
2A
102
}
330
2A
100
AcDbProxyObject
 90
      499
 91
      501
 93
      452
310
42D0DBDB1BDC90DA185B99D95104090240C333333333333E33F0000000000000F90108901411070040501508421405064090741402480A0350
1001
ACAD
1000
AcDbSavedByObjectVersion
1070
     0
  0
ACAD_PROXY_OBJECT
  5
34
102
{ACAD_REACTORS
330
2A
102
}
330
2A
100
AcDbProxyObject
 90
      499
 91
      501
 93
      500
310
4290DBDB98D95C1D1D585B10940D028333333333333E33F0000000000000F90107902409070040501000000000018199010841D405064090740C02480A0340
1001
ACAD
1000
AcDbSavedByObjectVersion
1070
     0
  0
ACAD_PROXY_OBJECT
  5
35
102
{ACAD_REACTORS
330
2A
102
}
330
2A
100
AcDbProxyObject
 90
      499
 91
      501
 93
      412
310
40D11A5B50B409028333333333333E33F0000000000000F9010790141107004050150841D405064090741402480A02677FFFFFD0
1001
ACAD
1000
AcDbSavedByObjectVersion
1070
     0
  0
ACAD_PROXY_OBJECT
  5
3D
102
{ACAD_REACTORS
330
2A
102
}
330
2A
100
AcDbProxyObject
 90
      499
 91
      501
 93
      452
310
43115919D950DBDB1BDC93D999916409028333333333333E33F0000000000000F9010790141107004050150841D405064090741402480A0350
1001
ACAD
1000
AcDbSavedByObjectVersion
1070
     0
  0
ACAD_PROXY_OBJECT
  5
39
102
{ACAD_REACTORS
330
2A
102
}
330
2A
100
AcDbProxyObject
 90
      499
 91
      501
 93
      444
310
42D19858D95C185D1D195C9B90F409028333333333333E33F0000000000000F9010790141107004050150841D405064090741402480A0350
1001
ACAD
1000
AcDbSavedByObjectVersion
1070
     0
  0
ACAD_PROXY_OBJECT
  5
2B
102
{ACAD_REACTORS
330
2A
102
}
330
2A
100
AcDbProxyObject
 90
      499
 91
      501
 93
      380
310
41119B185D240901404333333333333E33F0000000000000F9010740A907004050150841D405064090741402480A1B50
1001
ACAD
1000
AcDbSavedByObjectVersion
1070
     0
  0
ACAD_PROXY_OBJECT
  5
2C
102
{ACAD_REACTORS
330
2A
102
}
330
2A
100
AcDbProxyObject
 90
      499
 91
      501
 93
      468
310
43519B185D15DA5D1A115919D95CD0140901404333333333333E33F0000000000000F90107409019070040501600405405064090741402480A1B50
1001
ACAD
1000
AcDbSavedByObjectVersion
1070
     0
  0
ACAD_PROXY_OBJECT
  5
2D
102
{ACAD_REACTORS
330
2A
102
}
330
2A
100
AcDbProxyObject
 90
      499
 91
      501
 93
      404
310
41D1DBDD5C985D5910240902404333333333333E33F0000000000000F9010740A9070040501641D405064090741402480A1B50
1001
ACAD
1000
AcDbSavedByObjectVersion
1070
     0
  0
ACAD_PROXY_OBJECT
  5
2E
102
{ACAD_REACTORS
330
2A
102
}
330
2A
100
AcDbProxyObject
 90
      499
 91
      501
 93
      492
310
4411DBDD5C985D5915DA5D1A115919D95CD0340902404333333333333E33F0000000000000F90107409019070040501600405405064090741402480A1B50
1001
ACAD
1000
AcDbSavedByObjectVersion
1070
     0
  0
ACAD_PROXY_OBJECT
  5
31
102
{ACAD_REACTORS
330
2A
102
}
330
2A
100
AcDbProxyObject
 90
      499
 91
      501
 93
      476
310
41921A5919195B90640502408333333333333E33F0000000000000F901079024090700405020000000000001110200405405064090740C02480A0340
1001
ACAD
1000
AcDbSavedByObjectVersion
1070
     0
  0
ACAD_PROXY_OBJECT
  5
3B
102
{ACAD_REACTORS
330
2A
102
}
330
2A
100
AcDbProxyObject
 90
      499
 91
      501
 93
      428
310
42529A5D1D195C93D999914409028333333333333E33F0000000000000F9010790141107004050150A41D405064090741402480A0350
1001
ACAD
1000
AcDbSavedByObjectVersion
1070
     0
  0
ACAD_PROXY_OBJECT
  5
38
102
{ACAD_REACTORS
330
2A
102
}
330
2A
100
AcDbProxyObject
 90
      499
 91
      501
 93
      444
310
42D31A5B995C185D1D195C9B90E409028333333333333E33F0000000000000F9010790141107004050750841D405064090741402483A0350
1001
ACAD
1000
AcDbSavedByObjectVersion
1070
     0
  0
ACAD_PROXY_OBJECT
  5
3C
102
{ACAD_REACTORS
330
2A
102
}
330
2A
100
AcDbProxyObject
 90
      499
 91
      501
 93
      444
310
42D3DD995C9A185B99D3D999915409028333333333333E33F0000000000000F9010790141107004050150941D405064090741402480A0350
1001
ACAD
1000
AcDbSavedByObjectVersion
1070
     0
  0
ACAD_PROXY_OBJECT
  5
33
102
{ACAD_REACTORS
330
2A
102
}
330
2A
100
AcDbProxyObject
 90
      499
 91
      501
 93
      428
310
425499585B1A5CDD1A58D08409038333333333333E33F0000000000000F9010740A907004050150800405405064090740C02480A1B40
1001
ACAD
1000
AcDbSavedByObjectVersion
1070
     0
  0
ACAD_PROXY_OBJECT
  5
42
102
{ACAD_REACTORS
330
2A
102
}
330
2A
100
AcDbProxyObject
 90
      499
 91
      501
 93
      420
310
4194DA1859195911B40902404333333333333E33F0000000000000F9010740A41107004050150800405405064090840C02480A0B40
1001
ACAD
1000
AcDbSavedByObjectVersion
1070
     0
  0
ACAD_PROXY_OBJECT
  5
41
102
{ACAD_REACTORS
330
2A
102
}
330
2A
100
AcDbProxyObject
 90
      499
 91
      501
 93
      516
310
4454DA18591959081DDA5D1A08195919D95CD1A40902404333333333333E33F0000000000000F901074090142907004050250800405405064090740C02480A0B40
1001
ACAD
1000
AcDbSavedByObjectVersion
1070
     0
  0
ACAD_PROXY_OBJECT
  5
3E
102
{ACAD_REACTORS
330
2A
102
}
330
2A
100
AcDbProxyObject
 90
      499
 91
      501
 93
      532
310
4394DA1859195CC81BD98811DC985E5174090240C333333333333E33F0000000000000F901079024090741D01000000000000111010841D405064090740C02480A0340
1001
ACAD
1000
AcDbSavedByObjectVersion
1070
     0
  0
ACAD_PROXY_OBJECT
  5
3F
102
{ACAD_REACTORS
330
2A
102
}
330
2A
100
AcDbProxyObject
 90
      499
 91
      501
 93
      476
310
41D4DAD95D18DA1E51840502408333333333333E33F0000000000000F901079024090741D01000000000000111010B41D405064090741802480A0340
1001
ACAD
1000
AcDbSavedByObjectVersion
1070
     0
  0
ACAD_PROXY_OBJECT
  5
37
102
{ACAD_REACTORS
330
2A
102
}
330
2A
100
AcDbProxyObject
 90
      499
 91
      501
 93
      412
310
41D51A1A58DAD95B90D409028333333333333E33F0000000000000F9010790141107004050150C41D405064090741402480A0350
1001
ACAD
1000
AcDbSavedByObjectVersion
1070
     0
  0
ACAD_PROXY_OBJECT
  5
30
102
{ACAD_REACTORS
330
2A
102
}
330
2A
100
AcDbProxyObject
 90
      499
 91
      501
 93
      420
310
4255DA5C99599C985B595059028333333333333E33F0000000000000F90107901411070040501600405405064090740C02480A0340
1001
ACAD
1000
AcDbSavedByObjectVersion
1070
     0
  0
ACAD_PROXY_OBJECT
  5
40
102
{ACAD_REACTORS
330
2A
102
}
330
2A
100
AcDbProxyObject
 90
      499
 91
      501
 93
      404
310
41560B54985E51940902404000000000000E03F0000000000000F9010740501907004050150841D405064090740C02480A1B40
1001
ACAD
1000
AcDbSavedByObjectVersion
1070
     0
  0
XRECORD
  5
420
102
{ACAD_REACTORS
330
416
102
}
330
416
100
AcDbXrecord
340
0
  0
XRECORD
  5
41F
102
{ACAD_REACTORS
330
416
102
}
330
416
100
AcDbXrecord
 90
        0
  0
XRECORD
  5
436
102
{ACAD_REACTORS
330
416
102
}
330
416
100
AcDbXrecord
1000
DSTYLE
1002
{
1070
   179
 70
     1
1070
   171
 70
     3
1070
   143
 40
0.03937
1070
   274
 70
     3
1070
   285
 70
     8
1070
    41
 40
2.5
1070
   141
 40
2.5
1070
   176
 70
     7
1070
   177
 70
     7
1070
   178
 70
     7
1070
   271
 70
     2
1070
    43
 40
3.75
1070
   278
 70
    44
1070
    44
 40
1.25
1070
    42
 40
0.625
1070
   147
 40
0.625
1070
   144
 40
4.0
1070
   371
 70
    13
1070
   372
 70
    13
1070
    77
 70
     1
1070
   272
 70
     2
1070
    73
 70
     0
1070
   172
 70
     1
1070
    74
 70
     0
1070
   283
 70
     0
1070
   340
340
73
1070
   140
 40
3.5
1070
   284
 70
     8
1070
   288
 70
     1
1070
    78
 70
     8
1002
}
  0
XRECORD
  5
421
102
{ACAD_REACTORS
330
416
102
}
330
416
100
AcDbXrecord
  1
{b274b534-3878-6265-3165-393777743772}
  0
XRECORD
  5
419
102
{ACAD_REACTORS
330
416
102
}
330
416
100
AcDbXrecord
  1

  0
XRECORD
  5
41E
102
{ACAD_REACTORS
330
416
102
}
330
416
100
AcDbXrecord
 90
        0
  0
XRECORD
  5
41B
102
{ACAD_REACTORS
330
416
102
}
330
416
100
AcDbXrecord
340
1A
  0
XRECORD
  5
41D
102
{ACAD_REACTORS
330
416
102
}
330
416
100
AcDbXrecord
 90
    10269
  0
XRECORD
  5
41C
102
{ACAD_REACTORS
330
416
102
}
330
416
100
AcDbXrecord
340
19
  0
XRECORD
  5
423
102
{ACAD_REACTORS
330
416
102
}
330
416
100
AcDbXrecord
 40
0.0
  0
XRECORD
  5
426
102
{ACAD_REACTORS
330
416
102
}
330
416
100
AcDbXrecord
340
0
  0
XRECORD
  5
42C
102
{ACAD_REACTORS
330
416
102
}
330
416
100
AcDbXrecord
 10
0.0
 20
0.0
 30
0.0
  0
XRECORD
  5
428
102
{ACAD_REACTORS
330
416
102
}
330
416
100
AcDbXrecord
 10
0.0
 20
0.0
 30
0.0
  0
XRECORD
  5
42B
102
{ACAD_REACTORS
330
416
102
}
330
416
100
AcDbXrecord
 10
0.0
 20
0.0
 30
0.0
  0
XRECORD
  5
429
102
{ACAD_REACTORS
330
416
102
}
330
416
100
AcDbXrecord
 10
0.0
 20
0.0
 30
0.0
  0
XRECORD
  5
42A
102
{ACAD_REACTORS
330
416
102
}
330
416
100
AcDbXrecord
 10
0.0
 20
0.0
 30
0.0
  0
XRECORD
  5
427
102
{ACAD_REACTORS
330
416
102
}
330
416
100
AcDbXrecord
 10
0.0
 20
0.0
 30
0.0
  0
XRECORD
  5
424
102
{ACAD_REACTORS
330
416
102
}
330
416
100
AcDbXrecord
340
0
  0
XRECORD
  5
425
102
{ACAD_REACTORS
330
416
102
}
330
416
100
AcDbXrecord
 70
     0
  0
XRECORD
  5
41A
102
{ACAD_REACTORS
330
416
102
}
330
416
100
AcDbXrecord
  1

  0
XRECORD
  5
417
102
{ACAD_REACTORS
330
416
102
}
330
416
100
AcDbXrecord
 90
        1
  0
XRECORD
  5
418
102
{ACAD_REACTORS
330
416
102
}
330
416
100
AcDbXrecord
 90
       70
  0
XRECORD
  5
42F
102
{ACAD_REACTORS
330
416
102
}
330
416
100
AcDbXrecord
340
0
  0
XRECORD
  5
435
102
{ACAD_REACTORS
330
416
102
}
330
416
100
AcDbXrecord
 10
0.0
 20
0.0
 30
0.0
  0
XRECORD
  5
431
102
{ACAD_REACTORS
330
416
102
}
330
416
100
AcDbXrecord
 10
0.0
 20
0.0
 30
0.0
  0
XRECORD
  5
434
102
{ACAD_REACTORS
330
416
102
}
330
416
100
AcDbXrecord
 10
0.0
 20
0.0
 30
0.0
  0
XRECORD
  5
432
102
{ACAD_REACTORS
330
416
102
}
330
416
100
AcDbXrecord
 10
0.0
 20
0.0
 30
0.0
  0
XRECORD
  5
433
102
{ACAD_REACTORS
330
416
102
}
330
416
100
AcDbXrecord
 10
0.0
 20
0.0
 30
0.0
  0
XRECORD
  5
430
102
{ACAD_REACTORS
330
416
102
}
330
416
100
AcDbXrecord
 10
0.0
 20
0.0
 30
0.0
  0
XRECORD
  5
42D
102
{ACAD_REACTORS
330
416
102
}
330
416
100
AcDbXrecord
340
0
  0
XRECORD
  5
42E
102
{ACAD_REACTORS
330
416
102
}
330
416
100
AcDbXrecord
 70
     0
  0
XRECORD
  5
422
102
{ACAD_REACTORS
330
416
102
}
330
416
100
AcDbXrecord
  1
{FAEB1C32-E019-11D5-929B-00C0DF256EC4}
  0
DICTIONARYVAR
  5
446
102
{ACAD_REACTORS
330
6E
102
}
330
6E
100
DictionaryVariables
280
     0
  1
1:1
  0
DICTIONARYVAR
  5
438
102
{ACAD_REACTORS
330
6E
102
}
330
6E
100
DictionaryVariables
280
     0
  1
Standard
  0
DICTIONARYVAR
  5
437
102
{ACAD_REACTORS
330
6E
102
}
330
6E
100
DictionaryVariables
280
     0
  1
Onshape-Standard
  0
DICTIONARYVAR
  5
43B
102
{ACAD_REACTORS
330
6E
102
}
330
6E
100
DictionaryVariables
280
     0
  1
2
  0
DICTIONARYVAR
  5
43C
102
{ACAD_REACTORS
330
6E
102
}
330
6E
100
DictionaryVariables
280
     0
  1
1
  0
DICTIONARYVAR
  5
447
102
{ACAD_REACTORS
330
6E
102
}
330
6E
100
DictionaryVariables
280
     0
  1
1
  0
DICTIONARYVAR
  5
6F
102
{ACAD_REACTORS
330
6E
102
}
330
6E
100
DictionaryVariables
280
     0
  1
0
  0
XRECORD
  5
3B5
102
{ACAD_REACTORS
330
3B4
102
}
330
3B4
100
AcDbXrecord
 70
     0
  0
XRECORD
  5
3B8
102
{ACAD_REACTORS
330
3B4
102
}
330
3B4
100
AcDbXrecord
 90
        0
  0
ACAD_PROXY_OBJECT
  5
3BE
102
{ACAD_REACTORS
330
3B4
102
}
330
3B4
100
AcDbProxyObject
 90
      499
 91
      512
 93
       34
310
40C8804040
  0
XRECORD
  5
3BD
102
{ACAD_REACTORS
330
3B4
102
}
330
3B4
100
AcDbXrecord
 90
        5
  0
XRECORD
  5
3B9
102
{ACAD_REACTORS
330
3B4
102
}
330
3B4
100
AcDbXrecord
 90
        3
  0
XRECORD
  5
3BB
102
{ACAD_REACTORS
330
3B4
102
}
330
3B4
100
AcDbXrecord
 90
        0
  0
ACAD_PROXY_OBJECT
  5
3BC
102
{ACAD_REACTORS
330
3B4
102
}
330
3B4
100
AcDbProxyObject
 90
      499
 91
      512
 93
       34
310
40C8804040
  0
ACAD_PROXY_OBJECT
  5
3BA
102
{ACAD_REACTORS
330
3B4
102
}
330
3B4
100
AcDbProxyObject
 90
      499
 91
      512
 93
       34
310
40C8804040
  0
XRECORD
  5
3B7
102
{ACAD_REACTORS
330
3B4
102
}
330
3B4
100
AcDbXrecord
 90
        0
  0
XRECORD
  5
3B6
102
{ACAD_REACTORS
330
3B4
102
}
330
3B4
100
AcDbXrecord
 90
        1
  0
DICTIONARY
  5
44A
330
45
100
AcDbDictionary
280
     1
  3
ACAD_XREC_ROUNDTRIP
360
44B
  0
DICTIONARY
  5
448
330
44
100
AcDbDictionary
280
     1
  3
ACAD_XREC_ROUNDTRIP
360
449
  0
DICTIONARY
  5
44C
330
46
100
AcDbDictionary
280
     1
  3
ACAD_XREC_ROUNDTRIP
360
44D
  0
XRECORD
  5
44B
102
{ACAD_REACTORS
330
44A
102
}
330
44A
100
AcDbXrecord
102
MATERIAL
148
0.0
149
0.0
149
0.0
 93
        0
 94
      127
282
     0
 72
     1
 77
     1
171
     1
175
     1
179
     1
273
     0
  0
XRECORD
  5
449
102
{ACAD_REACTORS
330
448
102
}
330
448
100
AcDbXrecord
102
MATERIAL
148
0.0
149
0.0
149
0.0
 93
        0
 94
      127
282
     0
 72
     1
 77
     1
171
     1
175
     1
179
     1
273
     0
  0
XRECORD
  5
44D
102
{ACAD_REACTORS
330
44C
102
}
330
44C
100
AcDbXrecord
102
MATERIAL
148
0.0
149
0.0
149
0.0
 93
        0
 94
      127
282
     0
 72
     1
 77
     1
171
     1
175
     1
179
     1
273
     0
  0
ENDSEC
  0
EOF
