ISO-10303-21;
HEADER;
/*Generated by software containing ST-Developer
 * from STEP Tools, Inc. (www.steptools.com) 
 */
/*OPTION: using custom renumber hook */
/*description */
/*implementation_level */
FILE_DESCRIPTION(('STEP AP242 Edition 2','STEP AP242 Edition 2''CAx-IF Rec.Pracs.---Representation and Presentation of Product Manufa
cturing Information (PMI)---4.0---2014-10-13','STEP AP242 Edition 2''CAx-IF Rec.Pracs.---Representation and Presentation of Product Manufa
cturing Information (PMI)---4.0---2014-10-13''CAx-IF Rec.Pracs.---3D Tessellated Geometry---0.4---2014-09-14','STEP AP242 Edition 2''CAx-IF Rec.Pracs.---Representation and Presentation of Product Manufa
cturing Information (PMI)---4.0---2014-10-13''CAx-IF Rec.Pracs.---3D Tessellated Geometry---0.4---2014-09-14''2;1','STEP AP242 Edition 2''CAx-IF Rec.Pracs.---Representation and Presentation of Product Manufa
cturing Information (PMI)---4.0---2014-10-13''CAx-IF Rec.Pracs.---3D Tessellated Geometry---0.4---2014-09-14''2;1''CAx-IF Rec.Pracs.---User Defined Attributes---1.5---2016-08-15'),'2;1');
/*name */
/*time_stamp */
/*author */
/*organization */
/*preprocessor_version */
/*originating_system */
/*authorisation */
FILE_NAME('/vol/tmp/translate-12530478095506014121/69ad58ad02d78c505ae2e68c.step','2026-03-08T11:08:30',(''),(''),'ST-DEVELOPER v20','ONSHAPE BY PTC INC, 1.211','  ');
FILE_SCHEMA(('AP242_MANAGED_MODEL_BASED_3D_ENGINEERING_MIM_LF { 1 0 10303 442 3 1 4 }'));
ENDSEC;
DATA;
#10=VERTEX_LOOP('',#1231);
#11=VERTEX_LOOP('',#1233);
#12=TOROIDAL_SURFACE('',#2647,0.0076,0.0005);
#13=TOROIDAL_SURFACE('',#2649,0.0093,0.0008);
#14=TOROIDAL_SURFACE('',#2658,0.015,0.01);
#15=TOROIDAL_SURFACE('',#2665,0.015,0.009);
#16=DRAUGHTING_PRE_DEFINED_COLOUR('black');
#17=CONICAL_SURFACE('',#2543,0.045,0.671143835436009);
#18=CONICAL_SURFACE('',#2547,0.0265,0.671143835436009);
#19=CONICAL_SURFACE('',#2648,0.008225,0.265781903440384);
#20=CONICAL_SURFACE('',#2654,0.01125,0.558599315343562);
#21=CONICAL_SURFACE('',#2721,0.0033,1.02974425867665);
#22=CONICAL_SURFACE('',#2724,0.0033,1.02974425867665);
#23=CONTEXT_DEPENDENT_SHAPE_REPRESENTATION(#53,#4095);
#24=CONTEXT_DEPENDENT_SHAPE_REPRESENTATION(#54,#4098);
#25=CONTEXT_DEPENDENT_SHAPE_REPRESENTATION(#55,#4100);
#26=CONTEXT_DEPENDENT_SHAPE_REPRESENTATION(#56,#4101);
#27=CONTEXT_DEPENDENT_SHAPE_REPRESENTATION(#57,#4102);
#28=CONTEXT_DEPENDENT_SHAPE_REPRESENTATION(#58,#4104);
#29=CONTEXT_DEPENDENT_SHAPE_REPRESENTATION(#59,#4107);
#30=CONTEXT_DEPENDENT_SHAPE_REPRESENTATION(#60,#4108);
#31=CONTEXT_DEPENDENT_SHAPE_REPRESENTATION(#61,#4110);
#32=CONTEXT_DEPENDENT_SHAPE_REPRESENTATION(#62,#4112);
#33=CONTEXT_DEPENDENT_SHAPE_REPRESENTATION(#63,#4114);
#34=CONTEXT_DEPENDENT_SHAPE_REPRESENTATION(#64,#4115);
#35=CONTEXT_DEPENDENT_SHAPE_REPRESENTATION(#65,#4117);
#36=CONTEXT_DEPENDENT_SHAPE_REPRESENTATION(#66,#4119);
#37=CONTEXT_DEPENDENT_SHAPE_REPRESENTATION(#67,#4120);
#38=NEXT_ASSEMBLY_USAGE_OCCURRENCE('NAUO1','outer_wall','outer_wall',#4122,#4123,'');
#39=NEXT_ASSEMBLY_USAGE_OCCURRENCE('NAUO2','interior','interior',#4124,#4125,'');
#40=NEXT_ASSEMBLY_USAGE_OCCURRENCE('NAUO3','drain','drain',#4124,#4126,'');
#41=NEXT_ASSEMBLY_USAGE_OCCURRENCE('NAUO4','interior_assembly <1>','interior_assembly <1>',#4122,#4124,'');
#42=NEXT_ASSEMBLY_USAGE_OCCURRENCE('NAUO5','chamber_wo_lid <1>','chamber_wo_lid <1>',#4121,#4122,'');
#43=NEXT_ASSEMBLY_USAGE_OCCURRENCE('NAUO6','epdm_seal','epdm_seal',#4121,#4127,'');
#44=NEXT_ASSEMBLY_USAGE_OCCURRENCE('NAUO7','Part 1','Part 1',#4128,#4129,'');
#45=NEXT_ASSEMBLY_USAGE_OCCURRENCE('NAUO8','Part 1','Part 1',#4128,#4129,'');
#46=NEXT_ASSEMBLY_USAGE_OCCURRENCE('NAUO9','pipe_150','pipe_150',#4128,#4130,'');
#47=NEXT_ASSEMBLY_USAGE_OCCURRENCE('NAUO10','red_25_50','red_25_50',#4128,#4131,'');
#48=NEXT_ASSEMBLY_USAGE_OCCURRENCE('NAUO11','90','90',#4128,#4132,'');
#49=NEXT_ASSEMBLY_USAGE_OCCURRENCE('NAUO12','90','90',#4128,#4132,'');
#50=NEXT_ASSEMBLY_USAGE_OCCURRENCE('NAUO13','lid_plate','lid_plate',#4128,#4133,'');
#51=NEXT_ASSEMBLY_USAGE_OCCURRENCE('NAUO14','pipe_30','pipe_30',#4128,#4134,'');
#52=NEXT_ASSEMBLY_USAGE_OCCURRENCE('NAUO15','full_lid <1>','full_lid <1>',#4121,#4128,'');
#53=(
REPRESENTATION_RELATIONSHIP(' ',' ',#2440,#2439)
REPRESENTATION_RELATIONSHIP_WITH_TRANSFORMATION(#68)
SHAPE_REPRESENTATION_RELATIONSHIP()
);
#54=(
REPRESENTATION_RELATIONSHIP(' ',' ',#2442,#2441)
REPRESENTATION_RELATIONSHIP_WITH_TRANSFORMATION(#69)
SHAPE_REPRESENTATION_RELATIONSHIP()
);
#55=(
REPRESENTATION_RELATIONSHIP(' ',' ',#2443,#2441)
REPRESENTATION_RELATIONSHIP_WITH_TRANSFORMATION(#70)
SHAPE_REPRESENTATION_RELATIONSHIP()
);
#56=(
REPRESENTATION_RELATIONSHIP(' ',' ',#2441,#2439)
REPRESENTATION_RELATIONSHIP_WITH_TRANSFORMATION(#71)
SHAPE_REPRESENTATION_RELATIONSHIP()
);
#57=(
REPRESENTATION_RELATIONSHIP(' ',' ',#2439,#2438)
REPRESENTATION_RELATIONSHIP_WITH_TRANSFORMATION(#72)
SHAPE_REPRESENTATION_RELATIONSHIP()
);
#58=(
REPRESENTATION_RELATIONSHIP(' ',' ',#2444,#2438)
REPRESENTATION_RELATIONSHIP_WITH_TRANSFORMATION(#73)
SHAPE_REPRESENTATION_RELATIONSHIP()
);
#59=(
REPRESENTATION_RELATIONSHIP(' ',' ',#2446,#2445)
REPRESENTATION_RELATIONSHIP_WITH_TRANSFORMATION(#74)
SHAPE_REPRESENTATION_RELATIONSHIP()
);
#60=(
REPRESENTATION_RELATIONSHIP(' ',' ',#2446,#2445)
REPRESENTATION_RELATIONSHIP_WITH_TRANSFORMATION(#75)
SHAPE_REPRESENTATION_RELATIONSHIP()
);
#61=(
REPRESENTATION_RELATIONSHIP(' ',' ',#2447,#2445)
REPRESENTATION_RELATIONSHIP_WITH_TRANSFORMATION(#76)
SHAPE_REPRESENTATION_RELATIONSHIP()
);
#62=(
REPRESENTATION_RELATIONSHIP(' ',' ',#2448,#2445)
REPRESENTATION_RELATIONSHIP_WITH_TRANSFORMATION(#77)
SHAPE_REPRESENTATION_RELATIONSHIP()
);
#63=(
REPRESENTATION_RELATIONSHIP(' ',' ',#2449,#2445)
REPRESENTATION_RELATIONSHIP_WITH_TRANSFORMATION(#78)
SHAPE_REPRESENTATION_RELATIONSHIP()
);
#64=(
REPRESENTATION_RELATIONSHIP(' ',' ',#2449,#2445)
REPRESENTATION_RELATIONSHIP_WITH_TRANSFORMATION(#79)
SHAPE_REPRESENTATION_RELATIONSHIP()
);
#65=(
REPRESENTATION_RELATIONSHIP(' ',' ',#2450,#2445)
REPRESENTATION_RELATIONSHIP_WITH_TRANSFORMATION(#80)
SHAPE_REPRESENTATION_RELATIONSHIP()
);
#66=(
REPRESENTATION_RELATIONSHIP(' ',' ',#2451,#2445)
REPRESENTATION_RELATIONSHIP_WITH_TRANSFORMATION(#81)
SHAPE_REPRESENTATION_RELATIONSHIP()
);
#67=(
REPRESENTATION_RELATIONSHIP(' ',' ',#2445,#2438)
REPRESENTATION_RELATIONSHIP_WITH_TRANSFORMATION(#82)
SHAPE_REPRESENTATION_RELATIONSHIP()
);
#68=ITEM_DEFINED_TRANSFORMATION(' ',' ',#2452,#2523);
#69=ITEM_DEFINED_TRANSFORMATION(' ',' ',#2452,#2550);
#70=ITEM_DEFINED_TRANSFORMATION(' ',' ',#2452,#2563);
#71=ITEM_DEFINED_TRANSFORMATION(' ',' ',#2452,#2564);
#72=ITEM_DEFINED_TRANSFORMATION(' ',' ',#2452,#2565);
#73=ITEM_DEFINED_TRANSFORMATION(' ',' ',#2452,#2612);
#74=ITEM_DEFINED_TRANSFORMATION(' ',' ',#2452,#2622);
#75=ITEM_DEFINED_TRANSFORMATION(' ',' ',#2452,#2623);
#76=ITEM_DEFINED_TRANSFORMATION(' ',' ',#2452,#2632);
#77=ITEM_DEFINED_TRANSFORMATION(' ',' ',#2452,#2657);
#78=ITEM_DEFINED_TRANSFORMATION(' ',' ',#2452,#2666);
#79=ITEM_DEFINED_TRANSFORMATION(' ',' ',#2452,#2667);
#80=ITEM_DEFINED_TRANSFORMATION(' ',' ',#2452,#2727);
#81=ITEM_DEFINED_TRANSFORMATION(' ',' ',#2452,#2736);
#82=ITEM_DEFINED_TRANSFORMATION(' ',' ',#2452,#2737);
#83=SHAPE_REPRESENTATION_RELATIONSHIP('','',#2440,#93);
#84=SHAPE_REPRESENTATION_RELATIONSHIP('','',#2442,#94);
#85=SHAPE_REPRESENTATION_RELATIONSHIP('','',#2443,#95);
#86=SHAPE_REPRESENTATION_RELATIONSHIP('','',#2444,#96);
#87=SHAPE_REPRESENTATION_RELATIONSHIP('','',#2446,#97);
#88=SHAPE_REPRESENTATION_RELATIONSHIP('','',#2447,#98);
#89=SHAPE_REPRESENTATION_RELATIONSHIP('','',#2448,#99);
#90=SHAPE_REPRESENTATION_RELATIONSHIP('','',#2449,#100);
#91=SHAPE_REPRESENTATION_RELATIONSHIP('','',#2450,#101);
#92=SHAPE_REPRESENTATION_RELATIONSHIP('','',#2451,#102);
#93=ADVANCED_BREP_SHAPE_REPRESENTATION('',(#2414),#4063);
#94=ADVANCED_BREP_SHAPE_REPRESENTATION('',(#2415),#4065);
#95=ADVANCED_BREP_SHAPE_REPRESENTATION('',(#2416),#4066);
#96=ADVANCED_BREP_SHAPE_REPRESENTATION('',(#2417),#4067);
#97=ADVANCED_BREP_SHAPE_REPRESENTATION('',(#2418),#4069);
#98=ADVANCED_BREP_SHAPE_REPRESENTATION('',(#2419),#4070);
#99=ADVANCED_BREP_SHAPE_REPRESENTATION('',(#2420),#4071);
#100=ADVANCED_BREP_SHAPE_REPRESENTATION('',(#2421),#4072);
#101=ADVANCED_BREP_SHAPE_REPRESENTATION('',(#2422),#4073);
#102=ADVANCED_BREP_SHAPE_REPRESENTATION('',(#2423),#4074);
#103=CYLINDRICAL_SURFACE('',#2489,0.0033);
#104=CYLINDRICAL_SURFACE('',#2492,0.0033);
#105=CYLINDRICAL_SURFACE('',#2495,0.0033);
#106=CYLINDRICAL_SURFACE('',#2498,0.0033);
#107=CYLINDRICAL_SURFACE('',#2501,0.0033);
#108=CYLINDRICAL_SURFACE('',#2504,0.0033);
#109=CYLINDRICAL_SURFACE('',#2507,0.0033);
#110=CYLINDRICAL_SURFACE('',#2510,0.0033);
#111=CYLINDRICAL_SURFACE('',#2513,0.0033);
#112=CYLINDRICAL_SURFACE('',#2516,0.0033);
#113=CYLINDRICAL_SURFACE('',#2519,0.0033);
#114=CYLINDRICAL_SURFACE('',#2522,0.0033);
#115=CYLINDRICAL_SURFACE('',#2541,0.045);
#116=CYLINDRICAL_SURFACE('',#2545,0.04);
#117=CYLINDRICAL_SURFACE('',#2551,0.039);
#118=CYLINDRICAL_SURFACE('',#2556,0.025);
#119=CYLINDRICAL_SURFACE('',#2560,0.031);
#120=CYLINDRICAL_SURFACE('',#2600,0.0033);
#121=CYLINDRICAL_SURFACE('',#2601,0.0033);
#122=CYLINDRICAL_SURFACE('',#2602,0.0033);
#123=CYLINDRICAL_SURFACE('',#2603,0.0033);
#124=CYLINDRICAL_SURFACE('',#2604,0.0033);
#125=CYLINDRICAL_SURFACE('',#2605,0.0033);
#126=CYLINDRICAL_SURFACE('',#2606,0.0033);
#127=CYLINDRICAL_SURFACE('',#2607,0.0033);
#128=CYLINDRICAL_SURFACE('',#2608,0.0033);
#129=CYLINDRICAL_SURFACE('',#2609,0.0033);
#130=CYLINDRICAL_SURFACE('',#2610,0.0033);
#131=CYLINDRICAL_SURFACE('',#2611,0.0033);
#132=CYLINDRICAL_SURFACE('',#2613,0.052);
#133=CYLINDRICAL_SURFACE('',#2619,0.045);
#134=CYLINDRICAL_SURFACE('',#2624,0.009);
#135=CYLINDRICAL_SURFACE('',#2627,0.01);
#136=CYLINDRICAL_SURFACE('',#2645,0.0081);
#137=CYLINDRICAL_SURFACE('',#2651,0.0101);
#138=CYLINDRICAL_SURFACE('',#2652,0.0125);
#139=CYLINDRICAL_SURFACE('',#2656,0.01);
#140=CYLINDRICAL_SURFACE('',#2706,0.01);
#141=CYLINDRICAL_SURFACE('',#2707,0.0033);
#142=CYLINDRICAL_SURFACE('',#2708,0.0033);
#143=CYLINDRICAL_SURFACE('',#2709,0.0033);
#144=CYLINDRICAL_SURFACE('',#2710,0.0033);
#145=CYLINDRICAL_SURFACE('',#2711,0.0033);
#146=CYLINDRICAL_SURFACE('',#2712,0.0033);
#147=CYLINDRICAL_SURFACE('',#2713,0.0033);
#148=CYLINDRICAL_SURFACE('',#2714,0.0033);
#149=CYLINDRICAL_SURFACE('',#2715,0.0033);
#150=CYLINDRICAL_SURFACE('',#2716,0.0033);
#151=CYLINDRICAL_SURFACE('',#2717,0.0033);
#152=CYLINDRICAL_SURFACE('',#2718,0.0033);
#153=CYLINDRICAL_SURFACE('',#2719,0.052);
#154=CYLINDRICAL_SURFACE('',#2720,0.052);
#155=CYLINDRICAL_SURFACE('',#2723,0.0033);
#156=CYLINDRICAL_SURFACE('',#2726,0.0033);
#157=CYLINDRICAL_SURFACE('',#2728,0.009);
#158=CYLINDRICAL_SURFACE('',#2731,0.01);
#159=CIRCLE('',#2463,0.0033);
#160=CIRCLE('',#2464,0.0033);
#161=CIRCLE('',#2465,0.0033);
#162=CIRCLE('',#2466,0.0033);
#163=CIRCLE('',#2467,0.0033);
#164=CIRCLE('',#2468,0.0033);
#165=CIRCLE('',#2469,0.0033);
#166=CIRCLE('',#2470,0.0033);
#167=CIRCLE('',#2471,0.0033);
#168=CIRCLE('',#2472,0.0033);
#169=CIRCLE('',#2473,0.0033);
#170=CIRCLE('',#2474,0.0033);
#171=CIRCLE('',#2488,0.0033);
#172=CIRCLE('',#2491,0.0033);
#173=CIRCLE('',#2494,0.0033);
#174=CIRCLE('',#2497,0.0033);
#175=CIRCLE('',#2500,0.0033);
#176=CIRCLE('',#2503,0.0033);
#177=CIRCLE('',#2506,0.0033);
#178=CIRCLE('',#2509,0.0033);
#179=CIRCLE('',#2512,0.0033);
#180=CIRCLE('',#2515,0.0033);
#181=CIRCLE('',#2518,0.0033);
#182=CIRCLE('',#2521,0.0033);
#183=CIRCLE('',#2529,0.045);
#184=CIRCLE('',#2540,0.04);
#185=CIRCLE('',#2542,0.045);
#186=CIRCLE('',#2544,0.0315);
#187=CIRCLE('',#2546,0.04);
#188=CIRCLE('',#2548,0.0265);
#189=CIRCLE('',#2552,0.039);
#190=CIRCLE('',#2553,0.039);
#191=CIRCLE('',#2555,0.025);
#192=CIRCLE('',#2557,0.025);
#193=CIRCLE('',#2559,0.031);
#194=CIRCLE('',#2561,0.031);
#195=CIRCLE('',#2575,0.0033);
#196=CIRCLE('',#2576,0.0033);
#197=CIRCLE('',#2577,0.0033);
#198=CIRCLE('',#2578,0.0033);
#199=CIRCLE('',#2579,0.0033);
#200=CIRCLE('',#2580,0.0033);
#201=CIRCLE('',#2581,0.0033);
#202=CIRCLE('',#2582,0.0033);
#203=CIRCLE('',#2583,0.0033);
#204=CIRCLE('',#2584,0.0033);
#205=CIRCLE('',#2585,0.0033);
#206=CIRCLE('',#2586,0.0033);
#207=CIRCLE('',#2588,0.0033);
#208=CIRCLE('',#2589,0.0033);
#209=CIRCLE('',#2590,0.0033);
#210=CIRCLE('',#2591,0.0033);
#211=CIRCLE('',#2592,0.0033);
#212=CIRCLE('',#2593,0.0033);
#213=CIRCLE('',#2594,0.0033);
#214=CIRCLE('',#2595,0.0033);
#215=CIRCLE('',#2596,0.0033);
#216=CIRCLE('',#2597,0.0033);
#217=CIRCLE('',#2598,0.0033);
#218=CIRCLE('',#2599,0.0033);
#219=CIRCLE('',#2614,0.052);
#220=CIRCLE('',#2615,0.052);
#221=CIRCLE('',#2617,0.045);
#222=CIRCLE('',#2620,0.045);
#223=CIRCLE('',#2625,0.009);
#224=CIRCLE('',#2626,0.009);
#225=CIRCLE('',#2628,0.01);
#226=CIRCLE('',#2629,0.01);
#227=CIRCLE('',#2634,0.01);
#228=CIRCLE('',#2635,0.0081);
#229=CIRCLE('',#2637,0.0101);
#230=CIRCLE('',#2638,0.0125);
#231=CIRCLE('',#2640,0.00945);
#232=CIRCLE('',#2641,0.0093);
#233=CIRCLE('',#2643,0.0076);
#234=CIRCLE('',#2644,0.007);
#235=CIRCLE('',#2646,0.0081);
#236=CIRCLE('',#2650,0.0101);
#237=CIRCLE('',#2653,0.0125);
#238=CIRCLE('',#2655,0.01);
#239=CIRCLE('',#2659,0.01);
#240=CIRCLE('',#2660,0.01);
#241=CIRCLE('',#2662,0.009);
#242=CIRCLE('',#2664,0.009);
#243=CIRCLE('',#2673,0.0033);
#244=CIRCLE('',#2674,0.0033);
#245=CIRCLE('',#2675,0.052);
#246=CIRCLE('',#2676,0.052);
#247=CIRCLE('',#2677,0.0033);
#248=CIRCLE('',#2678,0.0033);
#249=CIRCLE('',#2679,0.0033);
#250=CIRCLE('',#2680,0.0033);
#251=CIRCLE('',#2681,0.0033);
#252=CIRCLE('',#2682,0.0033);
#253=CIRCLE('',#2683,0.0033);
#254=CIRCLE('',#2684,0.0033);
#255=CIRCLE('',#2685,0.0033);
#256=CIRCLE('',#2686,0.0033);
#257=CIRCLE('',#2687,0.0033);
#258=CIRCLE('',#2688,0.0033);
#259=CIRCLE('',#2689,0.01);
#260=CIRCLE('',#2691,0.052);
#261=CIRCLE('',#2692,0.052);
#262=CIRCLE('',#2693,0.0033);
#263=CIRCLE('',#2694,0.0033);
#264=CIRCLE('',#2695,0.0033);
#265=CIRCLE('',#2696,0.0033);
#266=CIRCLE('',#2697,0.0033);
#267=CIRCLE('',#2698,0.0033);
#268=CIRCLE('',#2699,0.0033);
#269=CIRCLE('',#2700,0.0033);
#270=CIRCLE('',#2701,0.0033);
#271=CIRCLE('',#2702,0.0033);
#272=CIRCLE('',#2703,0.0033);
#273=CIRCLE('',#2704,0.0033);
#274=CIRCLE('',#2705,0.01);
#275=CIRCLE('',#2722,0.0033);
#276=CIRCLE('',#2725,0.0033);
#277=CIRCLE('',#2729,0.009);
#278=CIRCLE('',#2730,0.009);
#279=CIRCLE('',#2732,0.01);
#280=CIRCLE('',#2733,0.01);
#281=ORIENTED_EDGE('',*,*,#781,.F.);
#282=ORIENTED_EDGE('',*,*,#782,.T.);
#283=ORIENTED_EDGE('',*,*,#783,.T.);
#284=ORIENTED_EDGE('',*,*,#784,.F.);
#285=ORIENTED_EDGE('',*,*,#785,.F.);
#286=ORIENTED_EDGE('',*,*,#786,.F.);
#287=ORIENTED_EDGE('',*,*,#787,.T.);
#288=ORIENTED_EDGE('',*,*,#788,.F.);
#289=ORIENTED_EDGE('',*,*,#789,.F.);
#290=ORIENTED_EDGE('',*,*,#790,.T.);
#291=ORIENTED_EDGE('',*,*,#791,.T.);
#292=ORIENTED_EDGE('',*,*,#792,.F.);
#293=ORIENTED_EDGE('',*,*,#793,.T.);
#294=ORIENTED_EDGE('',*,*,#794,.T.);
#295=ORIENTED_EDGE('',*,*,#795,.T.);
#296=ORIENTED_EDGE('',*,*,#796,.F.);
#297=ORIENTED_EDGE('',*,*,#782,.F.);
#298=ORIENTED_EDGE('',*,*,#797,.T.);
#299=ORIENTED_EDGE('',*,*,#789,.T.);
#300=ORIENTED_EDGE('',*,*,#798,.F.);
#301=ORIENTED_EDGE('',*,*,#799,.F.);
#302=ORIENTED_EDGE('',*,*,#788,.T.);
#303=ORIENTED_EDGE('',*,*,#800,.T.);
#304=ORIENTED_EDGE('',*,*,#791,.F.);
#305=ORIENTED_EDGE('',*,*,#801,.T.);
#306=ORIENTED_EDGE('',*,*,#802,.T.);
#307=ORIENTED_EDGE('',*,*,#803,.F.);
#308=ORIENTED_EDGE('',*,*,#804,.F.);
#309=ORIENTED_EDGE('',*,*,#805,.T.);
#310=ORIENTED_EDGE('',*,*,#806,.T.);
#311=ORIENTED_EDGE('',*,*,#807,.F.);
#312=ORIENTED_EDGE('',*,*,#808,.T.);
#313=ORIENTED_EDGE('',*,*,#809,.F.);
#314=ORIENTED_EDGE('',*,*,#807,.T.);
#315=ORIENTED_EDGE('',*,*,#810,.T.);
#316=ORIENTED_EDGE('',*,*,#811,.F.);
#317=ORIENTED_EDGE('',*,*,#812,.F.);
#318=ORIENTED_EDGE('',*,*,#792,.T.);
#319=ORIENTED_EDGE('',*,*,#800,.F.);
#320=ORIENTED_EDGE('',*,*,#787,.F.);
#321=ORIENTED_EDGE('',*,*,#813,.T.);
#322=ORIENTED_EDGE('',*,*,#814,.F.);
#323=ORIENTED_EDGE('',*,*,#815,.F.);
#324=ORIENTED_EDGE('',*,*,#804,.T.);
#325=ORIENTED_EDGE('',*,*,#816,.T.);
#326=ORIENTED_EDGE('',*,*,#817,.T.);
#327=ORIENTED_EDGE('',*,*,#818,.T.);
#328=ORIENTED_EDGE('',*,*,#819,.T.);
#329=ORIENTED_EDGE('',*,*,#811,.T.);
#330=ORIENTED_EDGE('',*,*,#820,.F.);
#331=ORIENTED_EDGE('',*,*,#821,.F.);
#332=ORIENTED_EDGE('',*,*,#814,.T.);
#333=ORIENTED_EDGE('',*,*,#810,.F.);
#334=ORIENTED_EDGE('',*,*,#806,.F.);
#335=ORIENTED_EDGE('',*,*,#822,.T.);
#336=ORIENTED_EDGE('',*,*,#820,.T.);
#337=ORIENTED_EDGE('',*,*,#823,.T.);
#338=ORIENTED_EDGE('',*,*,#824,.T.);
#339=ORIENTED_EDGE('',*,*,#825,.T.);
#340=ORIENTED_EDGE('',*,*,#826,.T.);
#341=ORIENTED_EDGE('',*,*,#827,.T.);
#342=ORIENTED_EDGE('',*,*,#828,.T.);
#343=ORIENTED_EDGE('',*,*,#829,.T.);
#344=ORIENTED_EDGE('',*,*,#830,.T.);
#345=ORIENTED_EDGE('',*,*,#831,.T.);
#346=ORIENTED_EDGE('',*,*,#832,.T.);
#347=ORIENTED_EDGE('',*,*,#833,.T.);
#348=ORIENTED_EDGE('',*,*,#834,.T.);
#349=ORIENTED_EDGE('',*,*,#805,.F.);
#350=ORIENTED_EDGE('',*,*,#815,.T.);
#351=ORIENTED_EDGE('',*,*,#821,.T.);
#352=ORIENTED_EDGE('',*,*,#822,.F.);
#353=ORIENTED_EDGE('',*,*,#835,.F.);
#354=ORIENTED_EDGE('',*,*,#836,.T.);
#355=ORIENTED_EDGE('',*,*,#837,.T.);
#356=ORIENTED_EDGE('',*,*,#838,.F.);
#357=ORIENTED_EDGE('',*,*,#803,.T.);
#358=ORIENTED_EDGE('',*,*,#839,.T.);
#359=ORIENTED_EDGE('',*,*,#783,.F.);
#360=ORIENTED_EDGE('',*,*,#798,.T.);
#361=ORIENTED_EDGE('',*,*,#796,.T.);
#362=ORIENTED_EDGE('',*,*,#840,.T.);
#363=ORIENTED_EDGE('',*,*,#816,.F.);
#364=ORIENTED_EDGE('',*,*,#813,.F.);
#365=ORIENTED_EDGE('',*,*,#841,.T.);
#366=ORIENTED_EDGE('',*,*,#818,.F.);
#367=ORIENTED_EDGE('',*,*,#842,.F.);
#368=ORIENTED_EDGE('',*,*,#794,.F.);
#369=ORIENTED_EDGE('',*,*,#812,.T.);
#370=ORIENTED_EDGE('',*,*,#819,.F.);
#371=ORIENTED_EDGE('',*,*,#841,.F.);
#372=ORIENTED_EDGE('',*,*,#793,.F.);
#373=ORIENTED_EDGE('',*,*,#842,.T.);
#374=ORIENTED_EDGE('',*,*,#817,.F.);
#375=ORIENTED_EDGE('',*,*,#840,.F.);
#376=ORIENTED_EDGE('',*,*,#795,.F.);
#377=ORIENTED_EDGE('',*,*,#843,.T.);
#378=ORIENTED_EDGE('',*,*,#785,.T.);
#379=ORIENTED_EDGE('',*,*,#844,.F.);
#380=ORIENTED_EDGE('',*,*,#801,.F.);
#381=ORIENTED_EDGE('',*,*,#844,.T.);
#382=ORIENTED_EDGE('',*,*,#784,.T.);
#383=ORIENTED_EDGE('',*,*,#839,.F.);
#384=ORIENTED_EDGE('',*,*,#802,.F.);
#385=ORIENTED_EDGE('',*,*,#809,.T.);
#386=ORIENTED_EDGE('',*,*,#786,.T.);
#387=ORIENTED_EDGE('',*,*,#843,.F.);
#388=ORIENTED_EDGE('',*,*,#808,.F.);
#389=ORIENTED_EDGE('',*,*,#835,.T.);
#390=ORIENTED_EDGE('',*,*,#845,.F.);
#391=ORIENTED_EDGE('',*,*,#846,.F.);
#392=ORIENTED_EDGE('',*,*,#847,.T.);
#393=ORIENTED_EDGE('',*,*,#836,.F.);
#394=ORIENTED_EDGE('',*,*,#847,.F.);
#395=ORIENTED_EDGE('',*,*,#848,.T.);
#396=ORIENTED_EDGE('',*,*,#849,.T.);
#397=ORIENTED_EDGE('',*,*,#837,.F.);
#398=ORIENTED_EDGE('',*,*,#849,.F.);
#399=ORIENTED_EDGE('',*,*,#850,.T.);
#400=ORIENTED_EDGE('',*,*,#851,.T.);
#401=ORIENTED_EDGE('',*,*,#838,.T.);
#402=ORIENTED_EDGE('',*,*,#851,.F.);
#403=ORIENTED_EDGE('',*,*,#852,.F.);
#404=ORIENTED_EDGE('',*,*,#845,.T.);
#405=ORIENTED_EDGE('',*,*,#846,.T.);
#406=ORIENTED_EDGE('',*,*,#852,.T.);
#407=ORIENTED_EDGE('',*,*,#850,.F.);
#408=ORIENTED_EDGE('',*,*,#848,.F.);
#409=ORIENTED_EDGE('',*,*,#781,.T.);
#410=ORIENTED_EDGE('',*,*,#799,.T.);
#411=ORIENTED_EDGE('',*,*,#790,.F.);
#412=ORIENTED_EDGE('',*,*,#797,.F.);
#413=ORIENTED_EDGE('',*,*,#853,.F.);
#414=ORIENTED_EDGE('',*,*,#853,.T.);
#415=ORIENTED_EDGE('',*,*,#834,.F.);
#416=ORIENTED_EDGE('',*,*,#854,.F.);
#417=ORIENTED_EDGE('',*,*,#854,.T.);
#418=ORIENTED_EDGE('',*,*,#833,.F.);
#419=ORIENTED_EDGE('',*,*,#855,.F.);
#420=ORIENTED_EDGE('',*,*,#855,.T.);
#421=ORIENTED_EDGE('',*,*,#832,.F.);
#422=ORIENTED_EDGE('',*,*,#856,.F.);
#423=ORIENTED_EDGE('',*,*,#856,.T.);
#424=ORIENTED_EDGE('',*,*,#831,.F.);
#425=ORIENTED_EDGE('',*,*,#857,.F.);
#426=ORIENTED_EDGE('',*,*,#857,.T.);
#427=ORIENTED_EDGE('',*,*,#830,.F.);
#428=ORIENTED_EDGE('',*,*,#858,.F.);
#429=ORIENTED_EDGE('',*,*,#858,.T.);
#430=ORIENTED_EDGE('',*,*,#829,.F.);
#431=ORIENTED_EDGE('',*,*,#859,.F.);
#432=ORIENTED_EDGE('',*,*,#859,.T.);
#433=ORIENTED_EDGE('',*,*,#828,.F.);
#434=ORIENTED_EDGE('',*,*,#860,.F.);
#435=ORIENTED_EDGE('',*,*,#860,.T.);
#436=ORIENTED_EDGE('',*,*,#827,.F.);
#437=ORIENTED_EDGE('',*,*,#861,.F.);
#438=ORIENTED_EDGE('',*,*,#861,.T.);
#439=ORIENTED_EDGE('',*,*,#826,.F.);
#440=ORIENTED_EDGE('',*,*,#862,.F.);
#441=ORIENTED_EDGE('',*,*,#862,.T.);
#442=ORIENTED_EDGE('',*,*,#825,.F.);
#443=ORIENTED_EDGE('',*,*,#863,.F.);
#444=ORIENTED_EDGE('',*,*,#863,.T.);
#445=ORIENTED_EDGE('',*,*,#824,.F.);
#446=ORIENTED_EDGE('',*,*,#864,.F.);
#447=ORIENTED_EDGE('',*,*,#864,.T.);
#448=ORIENTED_EDGE('',*,*,#823,.F.);
#449=ORIENTED_EDGE('',*,*,#865,.F.);
#450=ORIENTED_EDGE('',*,*,#866,.F.);
#451=ORIENTED_EDGE('',*,*,#867,.T.);
#452=ORIENTED_EDGE('',*,*,#868,.T.);
#453=ORIENTED_EDGE('',*,*,#869,.T.);
#454=ORIENTED_EDGE('',*,*,#870,.F.);
#455=ORIENTED_EDGE('',*,*,#871,.F.);
#456=ORIENTED_EDGE('',*,*,#866,.T.);
#457=ORIENTED_EDGE('',*,*,#872,.T.);
#458=ORIENTED_EDGE('',*,*,#873,.F.);
#459=ORIENTED_EDGE('',*,*,#874,.F.);
#460=ORIENTED_EDGE('',*,*,#870,.T.);
#461=ORIENTED_EDGE('',*,*,#875,.F.);
#462=ORIENTED_EDGE('',*,*,#868,.F.);
#463=ORIENTED_EDGE('',*,*,#876,.T.);
#464=ORIENTED_EDGE('',*,*,#873,.T.);
#465=ORIENTED_EDGE('',*,*,#877,.F.);
#466=ORIENTED_EDGE('',*,*,#865,.T.);
#467=ORIENTED_EDGE('',*,*,#875,.T.);
#468=ORIENTED_EDGE('',*,*,#872,.F.);
#469=ORIENTED_EDGE('',*,*,#869,.F.);
#470=ORIENTED_EDGE('',*,*,#867,.F.);
#471=ORIENTED_EDGE('',*,*,#878,.F.);
#472=ORIENTED_EDGE('',*,*,#879,.T.);
#473=ORIENTED_EDGE('',*,*,#880,.T.);
#474=ORIENTED_EDGE('',*,*,#878,.T.);
#475=ORIENTED_EDGE('',*,*,#871,.T.);
#476=ORIENTED_EDGE('',*,*,#881,.F.);
#477=ORIENTED_EDGE('',*,*,#882,.T.);
#478=ORIENTED_EDGE('',*,*,#881,.T.);
#479=ORIENTED_EDGE('',*,*,#874,.T.);
#480=ORIENTED_EDGE('',*,*,#883,.F.);
#481=ORIENTED_EDGE('',*,*,#884,.T.);
#482=ORIENTED_EDGE('',*,*,#883,.T.);
#483=ORIENTED_EDGE('',*,*,#876,.F.);
#484=ORIENTED_EDGE('',*,*,#880,.F.);
#485=ORIENTED_EDGE('',*,*,#885,.T.);
#486=ORIENTED_EDGE('',*,*,#886,.T.);
#487=ORIENTED_EDGE('',*,*,#887,.T.);
#488=ORIENTED_EDGE('',*,*,#888,.T.);
#489=ORIENTED_EDGE('',*,*,#889,.T.);
#490=ORIENTED_EDGE('',*,*,#885,.F.);
#491=ORIENTED_EDGE('',*,*,#879,.F.);
#492=ORIENTED_EDGE('',*,*,#882,.F.);
#493=ORIENTED_EDGE('',*,*,#884,.F.);
#494=ORIENTED_EDGE('',*,*,#890,.T.);
#495=ORIENTED_EDGE('',*,*,#891,.F.);
#496=ORIENTED_EDGE('',*,*,#889,.F.);
#497=ORIENTED_EDGE('',*,*,#892,.T.);
#498=ORIENTED_EDGE('',*,*,#892,.F.);
#499=ORIENTED_EDGE('',*,*,#888,.F.);
#500=ORIENTED_EDGE('',*,*,#893,.T.);
#501=ORIENTED_EDGE('',*,*,#894,.T.);
#502=ORIENTED_EDGE('',*,*,#893,.F.);
#503=ORIENTED_EDGE('',*,*,#887,.F.);
#504=ORIENTED_EDGE('',*,*,#895,.T.);
#505=ORIENTED_EDGE('',*,*,#896,.T.);
#506=ORIENTED_EDGE('',*,*,#895,.F.);
#507=ORIENTED_EDGE('',*,*,#886,.F.);
#508=ORIENTED_EDGE('',*,*,#891,.T.);
#509=ORIENTED_EDGE('',*,*,#897,.T.);
#510=ORIENTED_EDGE('',*,*,#897,.F.);
#511=ORIENTED_EDGE('',*,*,#890,.F.);
#512=ORIENTED_EDGE('',*,*,#894,.F.);
#513=ORIENTED_EDGE('',*,*,#896,.F.);
#514=ORIENTED_EDGE('',*,*,#898,.T.);
#515=ORIENTED_EDGE('',*,*,#899,.F.);
#516=ORIENTED_EDGE('',*,*,#877,.T.);
#517=ORIENTED_EDGE('',*,*,#900,.F.);
#518=ORIENTED_EDGE('',*,*,#899,.T.);
#519=ORIENTED_EDGE('',*,*,#898,.F.);
#520=ORIENTED_EDGE('',*,*,#901,.T.);
#521=ORIENTED_EDGE('',*,*,#901,.F.);
#522=ORIENTED_EDGE('',*,*,#902,.T.);
#523=ORIENTED_EDGE('',*,*,#902,.F.);
#524=ORIENTED_EDGE('',*,*,#900,.T.);
#525=ORIENTED_EDGE('',*,*,#903,.T.);
#526=ORIENTED_EDGE('',*,*,#904,.F.);
#527=ORIENTED_EDGE('',*,*,#905,.F.);
#528=ORIENTED_EDGE('',*,*,#904,.T.);
#529=ORIENTED_EDGE('',*,*,#905,.T.);
#530=ORIENTED_EDGE('',*,*,#906,.F.);
#531=ORIENTED_EDGE('',*,*,#906,.T.);
#532=ORIENTED_EDGE('',*,*,#907,.F.);
#533=ORIENTED_EDGE('',*,*,#907,.T.);
#534=ORIENTED_EDGE('',*,*,#908,.F.);
#535=ORIENTED_EDGE('',*,*,#908,.T.);
#536=ORIENTED_EDGE('',*,*,#903,.F.);
#537=ORIENTED_EDGE('',*,*,#909,.F.);
#538=ORIENTED_EDGE('',*,*,#910,.F.);
#539=ORIENTED_EDGE('',*,*,#911,.T.);
#540=ORIENTED_EDGE('',*,*,#912,.T.);
#541=ORIENTED_EDGE('',*,*,#913,.T.);
#542=ORIENTED_EDGE('',*,*,#914,.F.);
#543=ORIENTED_EDGE('',*,*,#915,.F.);
#544=ORIENTED_EDGE('',*,*,#910,.T.);
#545=ORIENTED_EDGE('',*,*,#916,.T.);
#546=ORIENTED_EDGE('',*,*,#917,.F.);
#547=ORIENTED_EDGE('',*,*,#918,.F.);
#548=ORIENTED_EDGE('',*,*,#914,.T.);
#549=ORIENTED_EDGE('',*,*,#919,.F.);
#550=ORIENTED_EDGE('',*,*,#920,.F.);
#551=ORIENTED_EDGE('',*,*,#921,.T.);
#552=ORIENTED_EDGE('',*,*,#922,.T.);
#553=ORIENTED_EDGE('',*,*,#923,.T.);
#554=ORIENTED_EDGE('',*,*,#924,.F.);
#555=ORIENTED_EDGE('',*,*,#925,.F.);
#556=ORIENTED_EDGE('',*,*,#920,.T.);
#557=ORIENTED_EDGE('',*,*,#926,.T.);
#558=ORIENTED_EDGE('',*,*,#927,.F.);
#559=ORIENTED_EDGE('',*,*,#928,.F.);
#560=ORIENTED_EDGE('',*,*,#924,.T.);
#561=ORIENTED_EDGE('',*,*,#929,.F.);
#562=ORIENTED_EDGE('',*,*,#922,.F.);
#563=ORIENTED_EDGE('',*,*,#930,.T.);
#564=ORIENTED_EDGE('',*,*,#927,.T.);
#565=ORIENTED_EDGE('',*,*,#931,.F.);
#566=ORIENTED_EDGE('',*,*,#912,.F.);
#567=ORIENTED_EDGE('',*,*,#932,.T.);
#568=ORIENTED_EDGE('',*,*,#917,.T.);
#569=ORIENTED_EDGE('',*,*,#933,.T.);
#570=ORIENTED_EDGE('',*,*,#934,.T.);
#571=ORIENTED_EDGE('',*,*,#935,.T.);
#572=ORIENTED_EDGE('',*,*,#936,.T.);
#573=ORIENTED_EDGE('',*,*,#937,.T.);
#574=ORIENTED_EDGE('',*,*,#938,.T.);
#575=ORIENTED_EDGE('',*,*,#939,.T.);
#576=ORIENTED_EDGE('',*,*,#940,.T.);
#577=ORIENTED_EDGE('',*,*,#941,.T.);
#578=ORIENTED_EDGE('',*,*,#942,.T.);
#579=ORIENTED_EDGE('',*,*,#943,.T.);
#580=ORIENTED_EDGE('',*,*,#944,.T.);
#581=ORIENTED_EDGE('',*,*,#921,.F.);
#582=ORIENTED_EDGE('',*,*,#925,.T.);
#583=ORIENTED_EDGE('',*,*,#928,.T.);
#584=ORIENTED_EDGE('',*,*,#930,.F.);
#585=ORIENTED_EDGE('',*,*,#911,.F.);
#586=ORIENTED_EDGE('',*,*,#915,.T.);
#587=ORIENTED_EDGE('',*,*,#918,.T.);
#588=ORIENTED_EDGE('',*,*,#932,.F.);
#589=ORIENTED_EDGE('',*,*,#945,.T.);
#590=ORIENTED_EDGE('',*,*,#946,.T.);
#591=ORIENTED_EDGE('',*,*,#947,.T.);
#592=ORIENTED_EDGE('',*,*,#948,.T.);
#593=ORIENTED_EDGE('',*,*,#949,.T.);
#594=ORIENTED_EDGE('',*,*,#950,.T.);
#595=ORIENTED_EDGE('',*,*,#951,.T.);
#596=ORIENTED_EDGE('',*,*,#952,.T.);
#597=ORIENTED_EDGE('',*,*,#953,.T.);
#598=ORIENTED_EDGE('',*,*,#954,.T.);
#599=ORIENTED_EDGE('',*,*,#955,.T.);
#600=ORIENTED_EDGE('',*,*,#956,.T.);
#601=ORIENTED_EDGE('',*,*,#919,.T.);
#602=ORIENTED_EDGE('',*,*,#929,.T.);
#603=ORIENTED_EDGE('',*,*,#926,.F.);
#604=ORIENTED_EDGE('',*,*,#923,.F.);
#605=ORIENTED_EDGE('',*,*,#909,.T.);
#606=ORIENTED_EDGE('',*,*,#931,.T.);
#607=ORIENTED_EDGE('',*,*,#916,.F.);
#608=ORIENTED_EDGE('',*,*,#913,.F.);
#609=ORIENTED_EDGE('',*,*,#944,.F.);
#610=ORIENTED_EDGE('',*,*,#956,.F.);
#611=ORIENTED_EDGE('',*,*,#943,.F.);
#612=ORIENTED_EDGE('',*,*,#955,.F.);
#613=ORIENTED_EDGE('',*,*,#942,.F.);
#614=ORIENTED_EDGE('',*,*,#954,.F.);
#615=ORIENTED_EDGE('',*,*,#941,.F.);
#616=ORIENTED_EDGE('',*,*,#953,.F.);
#617=ORIENTED_EDGE('',*,*,#940,.F.);
#618=ORIENTED_EDGE('',*,*,#952,.F.);
#619=ORIENTED_EDGE('',*,*,#939,.F.);
#620=ORIENTED_EDGE('',*,*,#951,.F.);
#621=ORIENTED_EDGE('',*,*,#938,.F.);
#622=ORIENTED_EDGE('',*,*,#950,.F.);
#623=ORIENTED_EDGE('',*,*,#937,.F.);
#624=ORIENTED_EDGE('',*,*,#949,.F.);
#625=ORIENTED_EDGE('',*,*,#936,.F.);
#626=ORIENTED_EDGE('',*,*,#948,.F.);
#627=ORIENTED_EDGE('',*,*,#935,.F.);
#628=ORIENTED_EDGE('',*,*,#947,.F.);
#629=ORIENTED_EDGE('',*,*,#934,.F.);
#630=ORIENTED_EDGE('',*,*,#946,.F.);
#631=ORIENTED_EDGE('',*,*,#933,.F.);
#632=ORIENTED_EDGE('',*,*,#945,.F.);
#633=ORIENTED_EDGE('',*,*,#957,.F.);
#634=ORIENTED_EDGE('',*,*,#958,.T.);
#635=ORIENTED_EDGE('',*,*,#959,.F.);
#636=ORIENTED_EDGE('',*,*,#957,.T.);
#637=ORIENTED_EDGE('',*,*,#958,.F.);
#638=ORIENTED_EDGE('',*,*,#959,.T.);
#639=ORIENTED_EDGE('',*,*,#960,.F.);
#640=ORIENTED_EDGE('',*,*,#960,.T.);
#641=ORIENTED_EDGE('',*,*,#961,.T.);
#642=ORIENTED_EDGE('',*,*,#962,.F.);
#643=ORIENTED_EDGE('',*,*,#963,.F.);
#644=ORIENTED_EDGE('',*,*,#964,.T.);
#645=ORIENTED_EDGE('',*,*,#961,.F.);
#646=ORIENTED_EDGE('',*,*,#963,.T.);
#647=ORIENTED_EDGE('',*,*,#962,.T.);
#648=ORIENTED_EDGE('',*,*,#964,.F.);
#649=ORIENTED_EDGE('',*,*,#965,.T.);
#650=ORIENTED_EDGE('',*,*,#966,.F.);
#651=ORIENTED_EDGE('',*,*,#967,.T.);
#652=ORIENTED_EDGE('',*,*,#968,.F.);
#653=ORIENTED_EDGE('',*,*,#969,.T.);
#654=ORIENTED_EDGE('',*,*,#970,.F.);
#655=ORIENTED_EDGE('',*,*,#971,.T.);
#656=ORIENTED_EDGE('',*,*,#972,.F.);
#657=ORIENTED_EDGE('',*,*,#973,.F.);
#658=ORIENTED_EDGE('',*,*,#966,.T.);
#659=ORIENTED_EDGE('',*,*,#973,.T.);
#660=ORIENTED_EDGE('',*,*,#971,.F.);
#661=ORIENTED_EDGE('',*,*,#969,.F.);
#662=ORIENTED_EDGE('',*,*,#972,.T.);
#663=ORIENTED_EDGE('',*,*,#974,.F.);
#664=ORIENTED_EDGE('',*,*,#970,.T.);
#665=ORIENTED_EDGE('',*,*,#967,.F.);
#666=ORIENTED_EDGE('',*,*,#974,.T.);
#667=ORIENTED_EDGE('',*,*,#968,.T.);
#668=ORIENTED_EDGE('',*,*,#975,.F.);
#669=ORIENTED_EDGE('',*,*,#975,.T.);
#670=ORIENTED_EDGE('',*,*,#976,.F.);
#671=ORIENTED_EDGE('',*,*,#976,.T.);
#672=ORIENTED_EDGE('',*,*,#965,.F.);
#673=ORIENTED_EDGE('',*,*,#977,.F.);
#674=ORIENTED_EDGE('',*,*,#978,.T.);
#675=ORIENTED_EDGE('',*,*,#979,.F.);
#676=ORIENTED_EDGE('',*,*,#977,.T.);
#677=ORIENTED_EDGE('',*,*,#980,.T.);
#678=ORIENTED_EDGE('',*,*,#978,.F.);
#679=ORIENTED_EDGE('',*,*,#979,.T.);
#680=ORIENTED_EDGE('',*,*,#980,.F.);
#681=ORIENTED_EDGE('',*,*,#981,.F.);
#682=ORIENTED_EDGE('',*,*,#982,.F.);
#683=ORIENTED_EDGE('',*,*,#983,.T.);
#684=ORIENTED_EDGE('',*,*,#984,.T.);
#685=ORIENTED_EDGE('',*,*,#985,.T.);
#686=ORIENTED_EDGE('',*,*,#986,.F.);
#687=ORIENTED_EDGE('',*,*,#987,.F.);
#688=ORIENTED_EDGE('',*,*,#982,.T.);
#689=ORIENTED_EDGE('',*,*,#988,.T.);
#690=ORIENTED_EDGE('',*,*,#989,.F.);
#691=ORIENTED_EDGE('',*,*,#990,.F.);
#692=ORIENTED_EDGE('',*,*,#986,.T.);
#693=ORIENTED_EDGE('',*,*,#991,.F.);
#694=ORIENTED_EDGE('',*,*,#984,.F.);
#695=ORIENTED_EDGE('',*,*,#992,.T.);
#696=ORIENTED_EDGE('',*,*,#989,.T.);
#697=ORIENTED_EDGE('',*,*,#993,.T.);
#698=ORIENTED_EDGE('',*,*,#994,.T.);
#699=ORIENTED_EDGE('',*,*,#995,.T.);
#700=ORIENTED_EDGE('',*,*,#996,.T.);
#701=ORIENTED_EDGE('',*,*,#997,.T.);
#702=ORIENTED_EDGE('',*,*,#998,.T.);
#703=ORIENTED_EDGE('',*,*,#999,.T.);
#704=ORIENTED_EDGE('',*,*,#1000,.T.);
#705=ORIENTED_EDGE('',*,*,#1001,.T.);
#706=ORIENTED_EDGE('',*,*,#1002,.T.);
#707=ORIENTED_EDGE('',*,*,#1003,.T.);
#708=ORIENTED_EDGE('',*,*,#1004,.T.);
#709=ORIENTED_EDGE('',*,*,#1005,.T.);
#710=ORIENTED_EDGE('',*,*,#1006,.T.);
#711=ORIENTED_EDGE('',*,*,#1007,.T.);
#712=ORIENTED_EDGE('',*,*,#1008,.T.);
#713=ORIENTED_EDGE('',*,*,#1009,.T.);
#714=ORIENTED_EDGE('',*,*,#983,.F.);
#715=ORIENTED_EDGE('',*,*,#987,.T.);
#716=ORIENTED_EDGE('',*,*,#990,.T.);
#717=ORIENTED_EDGE('',*,*,#992,.F.);
#718=ORIENTED_EDGE('',*,*,#1010,.F.);
#719=ORIENTED_EDGE('',*,*,#1011,.F.);
#720=ORIENTED_EDGE('',*,*,#1012,.F.);
#721=ORIENTED_EDGE('',*,*,#1013,.F.);
#722=ORIENTED_EDGE('',*,*,#1014,.F.);
#723=ORIENTED_EDGE('',*,*,#1015,.F.);
#724=ORIENTED_EDGE('',*,*,#1016,.F.);
#725=ORIENTED_EDGE('',*,*,#1017,.F.);
#726=ORIENTED_EDGE('',*,*,#1018,.F.);
#727=ORIENTED_EDGE('',*,*,#1019,.F.);
#728=ORIENTED_EDGE('',*,*,#1020,.F.);
#729=ORIENTED_EDGE('',*,*,#1021,.F.);
#730=ORIENTED_EDGE('',*,*,#1022,.F.);
#731=ORIENTED_EDGE('',*,*,#1023,.F.);
#732=ORIENTED_EDGE('',*,*,#1024,.F.);
#733=ORIENTED_EDGE('',*,*,#981,.T.);
#734=ORIENTED_EDGE('',*,*,#991,.T.);
#735=ORIENTED_EDGE('',*,*,#988,.F.);
#736=ORIENTED_EDGE('',*,*,#985,.F.);
#737=ORIENTED_EDGE('',*,*,#1024,.T.);
#738=ORIENTED_EDGE('',*,*,#1009,.F.);
#739=ORIENTED_EDGE('',*,*,#1023,.T.);
#740=ORIENTED_EDGE('',*,*,#1008,.F.);
#741=ORIENTED_EDGE('',*,*,#1022,.T.);
#742=ORIENTED_EDGE('',*,*,#1007,.F.);
#743=ORIENTED_EDGE('',*,*,#1021,.T.);
#744=ORIENTED_EDGE('',*,*,#1006,.F.);
#745=ORIENTED_EDGE('',*,*,#1020,.T.);
#746=ORIENTED_EDGE('',*,*,#1005,.F.);
#747=ORIENTED_EDGE('',*,*,#1019,.T.);
#748=ORIENTED_EDGE('',*,*,#1004,.F.);
#749=ORIENTED_EDGE('',*,*,#1018,.T.);
#750=ORIENTED_EDGE('',*,*,#1003,.F.);
#751=ORIENTED_EDGE('',*,*,#1017,.T.);
#752=ORIENTED_EDGE('',*,*,#1002,.F.);
#753=ORIENTED_EDGE('',*,*,#1016,.T.);
#754=ORIENTED_EDGE('',*,*,#1001,.F.);
#755=ORIENTED_EDGE('',*,*,#1015,.T.);
#756=ORIENTED_EDGE('',*,*,#1000,.F.);
#757=ORIENTED_EDGE('',*,*,#1014,.T.);
#758=ORIENTED_EDGE('',*,*,#999,.F.);
#759=ORIENTED_EDGE('',*,*,#1013,.T.);
#760=ORIENTED_EDGE('',*,*,#998,.F.);
#761=ORIENTED_EDGE('',*,*,#1012,.T.);
#762=ORIENTED_EDGE('',*,*,#997,.F.);
#763=ORIENTED_EDGE('',*,*,#1011,.T.);
#764=ORIENTED_EDGE('',*,*,#996,.F.);
#765=ORIENTED_EDGE('',*,*,#1010,.T.);
#766=ORIENTED_EDGE('',*,*,#995,.F.);
#767=ORIENTED_EDGE('',*,*,#1025,.F.);
#768=ORIENTED_EDGE('',*,*,#1025,.T.);
#769=ORIENTED_EDGE('',*,*,#994,.F.);
#770=ORIENTED_EDGE('',*,*,#1026,.F.);
#771=ORIENTED_EDGE('',*,*,#1026,.T.);
#772=ORIENTED_EDGE('',*,*,#993,.F.);
#773=ORIENTED_EDGE('',*,*,#1027,.T.);
#774=ORIENTED_EDGE('',*,*,#1028,.F.);
#775=ORIENTED_EDGE('',*,*,#1029,.F.);
#776=ORIENTED_EDGE('',*,*,#1030,.T.);
#777=ORIENTED_EDGE('',*,*,#1027,.F.);
#778=ORIENTED_EDGE('',*,*,#1029,.T.);
#779=ORIENTED_EDGE('',*,*,#1028,.T.);
#780=ORIENTED_EDGE('',*,*,#1030,.F.);
#781=EDGE_CURVE('',#1031,#1032,#1239,.T.);
#782=EDGE_CURVE('',#1031,#1033,#1240,.T.);
#783=EDGE_CURVE('',#1033,#1034,#1241,.T.);
#784=EDGE_CURVE('',#1035,#1034,#1242,.T.);
#785=EDGE_CURVE('',#1036,#1035,#1243,.T.);
#786=EDGE_CURVE('',#1037,#1036,#1244,.T.);
#787=EDGE_CURVE('',#1037,#1038,#1245,.T.);
#788=EDGE_CURVE('',#1032,#1038,#1246,.T.);
#789=EDGE_CURVE('',#1039,#1040,#1247,.T.);
#790=EDGE_CURVE('',#1039,#1041,#1248,.T.);
#791=EDGE_CURVE('',#1041,#1042,#1249,.T.);
#792=EDGE_CURVE('',#1043,#1042,#1250,.T.);
#793=EDGE_CURVE('',#1043,#1044,#1251,.T.);
#794=EDGE_CURVE('',#1044,#1045,#1252,.T.);
#795=EDGE_CURVE('',#1045,#1046,#1253,.T.);
#796=EDGE_CURVE('',#1040,#1046,#1254,.T.);
#797=EDGE_CURVE('',#1031,#1039,#1255,.T.);
#798=EDGE_CURVE('',#1033,#1040,#1256,.T.);
#799=EDGE_CURVE('',#1032,#1041,#1257,.T.);
#800=EDGE_CURVE('',#1038,#1042,#1258,.T.);
#801=EDGE_CURVE('',#1047,#1048,#1259,.T.);
#802=EDGE_CURVE('',#1048,#1049,#1260,.T.);
#803=EDGE_CURVE('',#1050,#1049,#1261,.T.);
#804=EDGE_CURVE('',#1051,#1050,#1262,.T.);
#805=EDGE_CURVE('',#1051,#1052,#1263,.T.);
#806=EDGE_CURVE('',#1052,#1053,#1264,.T.);
#807=EDGE_CURVE('',#1054,#1053,#1265,.T.);
#808=EDGE_CURVE('',#1054,#1047,#1266,.T.);
#809=EDGE_CURVE('',#1054,#1037,#1267,.T.);
#810=EDGE_CURVE('',#1053,#1055,#1268,.T.);
#811=EDGE_CURVE('',#1056,#1055,#1269,.T.);
#812=EDGE_CURVE('',#1043,#1056,#1270,.T.);
#813=EDGE_CURVE('',#1050,#1057,#1271,.T.);
#814=EDGE_CURVE('',#1058,#1057,#1272,.T.);
#815=EDGE_CURVE('',#1051,#1058,#1273,.T.);
#816=EDGE_CURVE('',#1057,#1059,#1274,.T.);
#817=EDGE_CURVE('',#1059,#1060,#1275,.T.);
#818=EDGE_CURVE('',#1060,#1061,#1276,.T.);
#819=EDGE_CURVE('',#1061,#1056,#1277,.T.);
#820=EDGE_CURVE('',#1062,#1055,#1278,.T.);
#821=EDGE_CURVE('',#1058,#1062,#1279,.T.);
#822=EDGE_CURVE('',#1052,#1062,#1280,.T.);
#823=EDGE_CURVE('',#1063,#1063,#159,.T.);
#824=EDGE_CURVE('',#1064,#1064,#160,.T.);
#825=EDGE_CURVE('',#1065,#1065,#161,.T.);
#826=EDGE_CURVE('',#1066,#1066,#162,.T.);
#827=EDGE_CURVE('',#1067,#1067,#163,.T.);
#828=EDGE_CURVE('',#1068,#1068,#164,.T.);
#829=EDGE_CURVE('',#1069,#1069,#165,.T.);
#830=EDGE_CURVE('',#1070,#1070,#166,.T.);
#831=EDGE_CURVE('',#1071,#1071,#167,.T.);
#832=EDGE_CURVE('',#1072,#1072,#168,.T.);
#833=EDGE_CURVE('',#1073,#1073,#169,.T.);
#834=EDGE_CURVE('',#1074,#1074,#170,.T.);
#835=EDGE_CURVE('',#1075,#1076,#1281,.T.);
#836=EDGE_CURVE('',#1075,#1077,#1282,.T.);
#837=EDGE_CURVE('',#1077,#1078,#1283,.T.);
#838=EDGE_CURVE('',#1076,#1078,#1284,.T.);
#839=EDGE_CURVE('',#1049,#1034,#1285,.T.);
#840=EDGE_CURVE('',#1046,#1059,#1286,.T.);
#841=EDGE_CURVE('',#1044,#1061,#1287,.T.);
#842=EDGE_CURVE('',#1045,#1060,#1288,.T.);
#843=EDGE_CURVE('',#1047,#1036,#1289,.T.);
#844=EDGE_CURVE('',#1048,#1035,#1290,.T.);
#845=EDGE_CURVE('',#1079,#1076,#1291,.T.);
#846=EDGE_CURVE('',#1080,#1079,#1292,.T.);
#847=EDGE_CURVE('',#1080,#1075,#1293,.T.);
#848=EDGE_CURVE('',#1080,#1081,#1294,.T.);
#849=EDGE_CURVE('',#1081,#1077,#1295,.T.);
#850=EDGE_CURVE('',#1081,#1082,#1296,.T.);
#851=EDGE_CURVE('',#1082,#1078,#1297,.T.);
#852=EDGE_CURVE('',#1079,#1082,#1298,.T.);
#853=EDGE_CURVE('',#1083,#1083,#171,.T.);
#854=EDGE_CURVE('',#1084,#1084,#172,.T.);
#855=EDGE_CURVE('',#1085,#1085,#173,.T.);
#856=EDGE_CURVE('',#1086,#1086,#174,.T.);
#857=EDGE_CURVE('',#1087,#1087,#175,.T.);
#858=EDGE_CURVE('',#1088,#1088,#176,.T.);
#859=EDGE_CURVE('',#1089,#1089,#177,.T.);
#860=EDGE_CURVE('',#1090,#1090,#178,.T.);
#861=EDGE_CURVE('',#1091,#1091,#179,.T.);
#862=EDGE_CURVE('',#1092,#1092,#180,.T.);
#863=EDGE_CURVE('',#1093,#1093,#181,.T.);
#864=EDGE_CURVE('',#1094,#1094,#182,.T.);
#865=EDGE_CURVE('',#1095,#1096,#1299,.T.);
#866=EDGE_CURVE('',#1097,#1095,#1300,.T.);
#867=EDGE_CURVE('',#1097,#1098,#1301,.T.);
#868=EDGE_CURVE('',#1098,#1096,#1302,.T.);
#869=EDGE_CURVE('',#1095,#1099,#1303,.T.);
#870=EDGE_CURVE('',#1100,#1099,#1304,.T.);
#871=EDGE_CURVE('',#1097,#1100,#1305,.T.);
#872=EDGE_CURVE('',#1099,#1101,#1306,.T.);
#873=EDGE_CURVE('',#1102,#1101,#1307,.T.);
#874=EDGE_CURVE('',#1100,#1102,#1308,.T.);
#875=EDGE_CURVE('',#1096,#1101,#1309,.T.);
#876=EDGE_CURVE('',#1098,#1102,#1310,.T.);
#877=EDGE_CURVE('',#1103,#1103,#183,.F.);
#878=EDGE_CURVE('',#1104,#1097,#1311,.T.);
#879=EDGE_CURVE('',#1104,#1105,#1312,.F.);
#880=EDGE_CURVE('',#1105,#1098,#1313,.T.);
#881=EDGE_CURVE('',#1106,#1100,#1314,.T.);
#882=EDGE_CURVE('',#1106,#1104,#1315,.F.);
#883=EDGE_CURVE('',#1107,#1102,#1316,.T.);
#884=EDGE_CURVE('',#1107,#1106,#1317,.T.);
#885=EDGE_CURVE('',#1105,#1107,#1318,.T.);
#886=EDGE_CURVE('',#1108,#1109,#1319,.T.);
#887=EDGE_CURVE('',#1109,#1110,#1320,.T.);
#888=EDGE_CURVE('',#1110,#1111,#1321,.F.);
#889=EDGE_CURVE('',#1111,#1108,#1322,.F.);
#890=EDGE_CURVE('',#1112,#1113,#1323,.F.);
#891=EDGE_CURVE('',#1108,#1113,#1324,.T.);
#892=EDGE_CURVE('',#1111,#1112,#1325,.T.);
#893=EDGE_CURVE('',#1110,#1114,#1326,.T.);
#894=EDGE_CURVE('',#1114,#1112,#1327,.F.);
#895=EDGE_CURVE('',#1109,#1115,#1328,.T.);
#896=EDGE_CURVE('',#1115,#1114,#1329,.T.);
#897=EDGE_CURVE('',#1113,#1115,#1330,.T.);
#898=EDGE_CURVE('',#1116,#1116,#184,.T.);
#899=EDGE_CURVE('',#1117,#1117,#185,.T.);
#900=EDGE_CURVE('',#1118,#1118,#186,.T.);
#901=EDGE_CURVE('',#1119,#1119,#187,.T.);
#902=EDGE_CURVE('',#1120,#1120,#188,.T.);
#903=EDGE_CURVE('',#1121,#1121,#189,.T.);
#904=EDGE_CURVE('',#1122,#1122,#190,.T.);
#905=EDGE_CURVE('',#1123,#1123,#191,.T.);
#906=EDGE_CURVE('',#1124,#1124,#192,.T.);
#907=EDGE_CURVE('',#1125,#1125,#193,.T.);
#908=EDGE_CURVE('',#1126,#1126,#194,.T.);
#909=EDGE_CURVE('',#1127,#1128,#1331,.T.);
#910=EDGE_CURVE('',#1129,#1127,#1332,.T.);
#911=EDGE_CURVE('',#1129,#1130,#1333,.T.);
#912=EDGE_CURVE('',#1130,#1128,#1334,.T.);
#913=EDGE_CURVE('',#1127,#1131,#1335,.T.);
#914=EDGE_CURVE('',#1132,#1131,#1336,.T.);
#915=EDGE_CURVE('',#1129,#1132,#1337,.T.);
#916=EDGE_CURVE('',#1131,#1133,#1338,.T.);
#917=EDGE_CURVE('',#1134,#1133,#1339,.T.);
#918=EDGE_CURVE('',#1132,#1134,#1340,.T.);
#919=EDGE_CURVE('',#1135,#1136,#1341,.T.);
#920=EDGE_CURVE('',#1137,#1135,#1342,.T.);
#921=EDGE_CURVE('',#1137,#1138,#1343,.T.);
#922=EDGE_CURVE('',#1138,#1136,#1344,.T.);
#923=EDGE_CURVE('',#1135,#1139,#1345,.T.);
#924=EDGE_CURVE('',#1140,#1139,#1346,.T.);
#925=EDGE_CURVE('',#1137,#1140,#1347,.T.);
#926=EDGE_CURVE('',#1139,#1141,#1348,.T.);
#927=EDGE_CURVE('',#1142,#1141,#1349,.T.);
#928=EDGE_CURVE('',#1140,#1142,#1350,.T.);
#929=EDGE_CURVE('',#1136,#1141,#1351,.T.);
#930=EDGE_CURVE('',#1138,#1142,#1352,.T.);
#931=EDGE_CURVE('',#1128,#1133,#1353,.T.);
#932=EDGE_CURVE('',#1130,#1134,#1354,.T.);
#933=EDGE_CURVE('',#1143,#1143,#195,.F.);
#934=EDGE_CURVE('',#1144,#1144,#196,.F.);
#935=EDGE_CURVE('',#1145,#1145,#197,.F.);
#936=EDGE_CURVE('',#1146,#1146,#198,.F.);
#937=EDGE_CURVE('',#1147,#1147,#199,.F.);
#938=EDGE_CURVE('',#1148,#1148,#200,.F.);
#939=EDGE_CURVE('',#1149,#1149,#201,.F.);
#940=EDGE_CURVE('',#1150,#1150,#202,.F.);
#941=EDGE_CURVE('',#1151,#1151,#203,.F.);
#942=EDGE_CURVE('',#1152,#1152,#204,.F.);
#943=EDGE_CURVE('',#1153,#1153,#205,.F.);
#944=EDGE_CURVE('',#1154,#1154,#206,.F.);
#945=EDGE_CURVE('',#1155,#1155,#207,.T.);
#946=EDGE_CURVE('',#1156,#1156,#208,.T.);
#947=EDGE_CURVE('',#1157,#1157,#209,.T.);
#948=EDGE_CURVE('',#1158,#1158,#210,.T.);
#949=EDGE_CURVE('',#1159,#1159,#211,.T.);
#950=EDGE_CURVE('',#1160,#1160,#212,.T.);
#951=EDGE_CURVE('',#1161,#1161,#213,.T.);
#952=EDGE_CURVE('',#1162,#1162,#214,.T.);
#953=EDGE_CURVE('',#1163,#1163,#215,.T.);
#954=EDGE_CURVE('',#1164,#1164,#216,.T.);
#955=EDGE_CURVE('',#1165,#1165,#217,.T.);
#956=EDGE_CURVE('',#1166,#1166,#218,.T.);
#957=EDGE_CURVE('',#1167,#1167,#219,.T.);
#958=EDGE_CURVE('',#1168,#1168,#220,.T.);
#959=EDGE_CURVE('',#1169,#1169,#221,.T.);
#960=EDGE_CURVE('',#1170,#1170,#222,.T.);
#961=EDGE_CURVE('',#1171,#1171,#223,.T.);
#962=EDGE_CURVE('',#1172,#1172,#224,.T.);
#963=EDGE_CURVE('',#1173,#1173,#225,.T.);
#964=EDGE_CURVE('',#1174,#1174,#226,.T.);
#965=EDGE_CURVE('',#1175,#1175,#227,.T.);
#966=EDGE_CURVE('',#1176,#1176,#228,.T.);
#967=EDGE_CURVE('',#1177,#1177,#229,.T.);
#968=EDGE_CURVE('',#1178,#1178,#230,.T.);
#969=EDGE_CURVE('',#1179,#1179,#231,.T.);
#970=EDGE_CURVE('',#1180,#1180,#232,.T.);
#971=EDGE_CURVE('',#1181,#1181,#233,.T.);
#972=EDGE_CURVE('',#1182,#1182,#234,.T.);
#973=EDGE_CURVE('',#1183,#1183,#235,.T.);
#974=EDGE_CURVE('',#1184,#1184,#236,.T.);
#975=EDGE_CURVE('',#1185,#1185,#237,.T.);
#976=EDGE_CURVE('',#1186,#1186,#238,.T.);
#977=EDGE_CURVE('',#1187,#1187,#239,.T.);
#978=EDGE_CURVE('',#1188,#1188,#240,.T.);
#979=EDGE_CURVE('',#1189,#1189,#241,.T.);
#980=EDGE_CURVE('',#1190,#1190,#242,.T.);
#981=EDGE_CURVE('',#1191,#1192,#1355,.T.);
#982=EDGE_CURVE('',#1193,#1191,#1356,.T.);
#983=EDGE_CURVE('',#1193,#1194,#1357,.T.);
#984=EDGE_CURVE('',#1194,#1192,#1358,.T.);
#985=EDGE_CURVE('',#1191,#1195,#1359,.T.);
#986=EDGE_CURVE('',#1196,#1195,#1360,.T.);
#987=EDGE_CURVE('',#1193,#1196,#1361,.T.);
#988=EDGE_CURVE('',#1195,#1197,#1362,.T.);
#989=EDGE_CURVE('',#1198,#1197,#1363,.T.);
#990=EDGE_CURVE('',#1196,#1198,#1364,.T.);
#991=EDGE_CURVE('',#1192,#1197,#1365,.T.);
#992=EDGE_CURVE('',#1194,#1198,#1366,.T.);
#993=EDGE_CURVE('',#1199,#1199,#243,.T.);
#994=EDGE_CURVE('',#1200,#1200,#244,.T.);
#995=EDGE_CURVE('',#1201,#1201,#245,.T.);
#996=EDGE_CURVE('',#1202,#1202,#246,.T.);
#997=EDGE_CURVE('',#1203,#1203,#247,.T.);
#998=EDGE_CURVE('',#1204,#1204,#248,.T.);
#999=EDGE_CURVE('',#1205,#1205,#249,.T.);
#1000=EDGE_CURVE('',#1206,#1206,#250,.T.);
#1001=EDGE_CURVE('',#1207,#1207,#251,.T.);
#1002=EDGE_CURVE('',#1208,#1208,#252,.T.);
#1003=EDGE_CURVE('',#1209,#1209,#253,.T.);
#1004=EDGE_CURVE('',#1210,#1210,#254,.T.);
#1005=EDGE_CURVE('',#1211,#1211,#255,.T.);
#1006=EDGE_CURVE('',#1212,#1212,#256,.T.);
#1007=EDGE_CURVE('',#1213,#1213,#257,.T.);
#1008=EDGE_CURVE('',#1214,#1214,#258,.T.);
#1009=EDGE_CURVE('',#1215,#1215,#259,.T.);
#1010=EDGE_CURVE('',#1216,#1216,#260,.T.);
#1011=EDGE_CURVE('',#1217,#1217,#261,.T.);
#1012=EDGE_CURVE('',#1218,#1218,#262,.T.);
#1013=EDGE_CURVE('',#1219,#1219,#263,.T.);
#1014=EDGE_CURVE('',#1220,#1220,#264,.T.);
#1015=EDGE_CURVE('',#1221,#1221,#265,.T.);
#1016=EDGE_CURVE('',#1222,#1222,#266,.T.);
#1017=EDGE_CURVE('',#1223,#1223,#267,.T.);
#1018=EDGE_CURVE('',#1224,#1224,#268,.T.);
#1019=EDGE_CURVE('',#1225,#1225,#269,.T.);
#1020=EDGE_CURVE('',#1226,#1226,#270,.T.);
#1021=EDGE_CURVE('',#1227,#1227,#271,.T.);
#1022=EDGE_CURVE('',#1228,#1228,#272,.T.);
#1023=EDGE_CURVE('',#1229,#1229,#273,.T.);
#1024=EDGE_CURVE('',#1230,#1230,#274,.T.);
#1025=EDGE_CURVE('',#1232,#1232,#275,.T.);
#1026=EDGE_CURVE('',#1234,#1234,#276,.T.);
#1027=EDGE_CURVE('',#1235,#1235,#277,.T.);
#1028=EDGE_CURVE('',#1236,#1236,#278,.T.);
#1029=EDGE_CURVE('',#1237,#1237,#279,.T.);
#1030=EDGE_CURVE('',#1238,#1238,#280,.T.);
#1031=VERTEX_POINT('',#3441);
#1032=VERTEX_POINT('',#3442);
#1033=VERTEX_POINT('',#3444);
#1034=VERTEX_POINT('',#3446);
#1035=VERTEX_POINT('',#3448);
#1036=VERTEX_POINT('',#3450);
#1037=VERTEX_POINT('',#3452);
#1038=VERTEX_POINT('',#3454);
#1039=VERTEX_POINT('',#3458);
#1040=VERTEX_POINT('',#3459);
#1041=VERTEX_POINT('',#3461);
#1042=VERTEX_POINT('',#3463);
#1043=VERTEX_POINT('',#3465);
#1044=VERTEX_POINT('',#3467);
#1045=VERTEX_POINT('',#3469);
#1046=VERTEX_POINT('',#3471);
#1047=VERTEX_POINT('',#3481);
#1048=VERTEX_POINT('',#3482);
#1049=VERTEX_POINT('',#3484);
#1050=VERTEX_POINT('',#3486);
#1051=VERTEX_POINT('',#3488);
#1052=VERTEX_POINT('',#3490);
#1053=VERTEX_POINT('',#3492);
#1054=VERTEX_POINT('',#3494);
#1055=VERTEX_POINT('',#3499);
#1056=VERTEX_POINT('',#3501);
#1057=VERTEX_POINT('',#3505);
#1058=VERTEX_POINT('',#3507);
#1059=VERTEX_POINT('',#3511);
#1060=VERTEX_POINT('',#3513);
#1061=VERTEX_POINT('',#3515);
#1062=VERTEX_POINT('',#3518);
#1063=VERTEX_POINT('',#3524);
#1064=VERTEX_POINT('',#3526);
#1065=VERTEX_POINT('',#3528);
#1066=VERTEX_POINT('',#3530);
#1067=VERTEX_POINT('',#3532);
#1068=VERTEX_POINT('',#3534);
#1069=VERTEX_POINT('',#3536);
#1070=VERTEX_POINT('',#3538);
#1071=VERTEX_POINT('',#3540);
#1072=VERTEX_POINT('',#3542);
#1073=VERTEX_POINT('',#3544);
#1074=VERTEX_POINT('',#3546);
#1075=VERTEX_POINT('',#3548);
#1076=VERTEX_POINT('',#3549);
#1077=VERTEX_POINT('',#3551);
#1078=VERTEX_POINT('',#3553);
#1079=VERTEX_POINT('',#3570);
#1080=VERTEX_POINT('',#3572);
#1081=VERTEX_POINT('',#3576);
#1082=VERTEX_POINT('',#3580);
#1083=VERTEX_POINT('',#3587);
#1084=VERTEX_POINT('',#3591);
#1085=VERTEX_POINT('',#3595);
#1086=VERTEX_POINT('',#3599);
#1087=VERTEX_POINT('',#3603);
#1088=VERTEX_POINT('',#3607);
#1089=VERTEX_POINT('',#3611);
#1090=VERTEX_POINT('',#3615);
#1091=VERTEX_POINT('',#3619);
#1092=VERTEX_POINT('',#3623);
#1093=VERTEX_POINT('',#3627);
#1094=VERTEX_POINT('',#3631);
#1095=VERTEX_POINT('',#3636);
#1096=VERTEX_POINT('',#3637);
#1097=VERTEX_POINT('',#3639);
#1098=VERTEX_POINT('',#3641);
#1099=VERTEX_POINT('',#3645);
#1100=VERTEX_POINT('',#3647);
#1101=VERTEX_POINT('',#3651);
#1102=VERTEX_POINT('',#3653);
#1103=VERTEX_POINT('',#3660);
#1104=VERTEX_POINT('',#3663);
#1105=VERTEX_POINT('',#3665);
#1106=VERTEX_POINT('',#3669);
#1107=VERTEX_POINT('',#3673);
#1108=VERTEX_POINT('',#3679);
#1109=VERTEX_POINT('',#3680);
#1110=VERTEX_POINT('',#3682);
#1111=VERTEX_POINT('',#3684);
#1112=VERTEX_POINT('',#3688);
#1113=VERTEX_POINT('',#3689);
#1114=VERTEX_POINT('',#3694);
#1115=VERTEX_POINT('',#3698);
#1116=VERTEX_POINT('',#3704);
#1117=VERTEX_POINT('',#3707);
#1118=VERTEX_POINT('',#3710);
#1119=VERTEX_POINT('',#3713);
#1120=VERTEX_POINT('',#3716);
#1121=VERTEX_POINT('',#3721);
#1122=VERTEX_POINT('',#3723);
#1123=VERTEX_POINT('',#3726);
#1124=VERTEX_POINT('',#3729);
#1125=VERTEX_POINT('',#3732);
#1126=VERTEX_POINT('',#3735);
#1127=VERTEX_POINT('',#3742);
#1128=VERTEX_POINT('',#3743);
#1129=VERTEX_POINT('',#3745);
#1130=VERTEX_POINT('',#3747);
#1131=VERTEX_POINT('',#3751);
#1132=VERTEX_POINT('',#3753);
#1133=VERTEX_POINT('',#3757);
#1134=VERTEX_POINT('',#3759);
#1135=VERTEX_POINT('',#3763);
#1136=VERTEX_POINT('',#3764);
#1137=VERTEX_POINT('',#3766);
#1138=VERTEX_POINT('',#3768);
#1139=VERTEX_POINT('',#3772);
#1140=VERTEX_POINT('',#3774);
#1141=VERTEX_POINT('',#3778);
#1142=VERTEX_POINT('',#3780);
#1143=VERTEX_POINT('',#3790);
#1144=VERTEX_POINT('',#3792);
#1145=VERTEX_POINT('',#3794);
#1146=VERTEX_POINT('',#3796);
#1147=VERTEX_POINT('',#3798);
#1148=VERTEX_POINT('',#3800);
#1149=VERTEX_POINT('',#3802);
#1150=VERTEX_POINT('',#3804);
#1151=VERTEX_POINT('',#3806);
#1152=VERTEX_POINT('',#3808);
#1153=VERTEX_POINT('',#3810);
#1154=VERTEX_POINT('',#3812);
#1155=VERTEX_POINT('',#3815);
#1156=VERTEX_POINT('',#3817);
#1157=VERTEX_POINT('',#3819);
#1158=VERTEX_POINT('',#3821);
#1159=VERTEX_POINT('',#3823);
#1160=VERTEX_POINT('',#3825);
#1161=VERTEX_POINT('',#3827);
#1162=VERTEX_POINT('',#3829);
#1163=VERTEX_POINT('',#3831);
#1164=VERTEX_POINT('',#3833);
#1165=VERTEX_POINT('',#3835);
#1166=VERTEX_POINT('',#3837);
#1167=VERTEX_POINT('',#3853);
#1168=VERTEX_POINT('',#3855);
#1169=VERTEX_POINT('',#3858);
#1170=VERTEX_POINT('',#3862);
#1171=VERTEX_POINT('',#3868);
#1172=VERTEX_POINT('',#3870);
#1173=VERTEX_POINT('',#3873);
#1174=VERTEX_POINT('',#3875);
#1175=VERTEX_POINT('',#3881);
#1176=VERTEX_POINT('',#3883);
#1177=VERTEX_POINT('',#3886);
#1178=VERTEX_POINT('',#3888);
#1179=VERTEX_POINT('',#3891);
#1180=VERTEX_POINT('',#3893);
#1181=VERTEX_POINT('',#3896);
#1182=VERTEX_POINT('',#3898);
#1183=VERTEX_POINT('',#3901);
#1184=VERTEX_POINT('',#3906);
#1185=VERTEX_POINT('',#3910);
#1186=VERTEX_POINT('',#3913);
#1187=VERTEX_POINT('',#3918);
#1188=VERTEX_POINT('',#3920);
#1189=VERTEX_POINT('',#3923);
#1190=VERTEX_POINT('',#3926);
#1191=VERTEX_POINT('',#3932);
#1192=VERTEX_POINT('',#3933);
#1193=VERTEX_POINT('',#3935);
#1194=VERTEX_POINT('',#3937);
#1195=VERTEX_POINT('',#3941);
#1196=VERTEX_POINT('',#3943);
#1197=VERTEX_POINT('',#3947);
#1198=VERTEX_POINT('',#3949);
#1199=VERTEX_POINT('',#3956);
#1200=VERTEX_POINT('',#3958);
#1201=VERTEX_POINT('',#3960);
#1202=VERTEX_POINT('',#3962);
#1203=VERTEX_POINT('',#3964);
#1204=VERTEX_POINT('',#3966);
#1205=VERTEX_POINT('',#3968);
#1206=VERTEX_POINT('',#3970);
#1207=VERTEX_POINT('',#3972);
#1208=VERTEX_POINT('',#3974);
#1209=VERTEX_POINT('',#3976);
#1210=VERTEX_POINT('',#3978);
#1211=VERTEX_POINT('',#3980);
#1212=VERTEX_POINT('',#3982);
#1213=VERTEX_POINT('',#3984);
#1214=VERTEX_POINT('',#3986);
#1215=VERTEX_POINT('',#3988);
#1216=VERTEX_POINT('',#3991);
#1217=VERTEX_POINT('',#3993);
#1218=VERTEX_POINT('',#3995);
#1219=VERTEX_POINT('',#3997);
#1220=VERTEX_POINT('',#3999);
#1221=VERTEX_POINT('',#4001);
#1222=VERTEX_POINT('',#4003);
#1223=VERTEX_POINT('',#4005);
#1224=VERTEX_POINT('',#4007);
#1225=VERTEX_POINT('',#4009);
#1226=VERTEX_POINT('',#4011);
#1227=VERTEX_POINT('',#4013);
#1228=VERTEX_POINT('',#4015);
#1229=VERTEX_POINT('',#4017);
#1230=VERTEX_POINT('',#4019);
#1231=VERTEX_POINT('',#4036);
#1232=VERTEX_POINT('',#4038);
#1233=VERTEX_POINT('',#4041);
#1234=VERTEX_POINT('',#4043);
#1235=VERTEX_POINT('',#4048);
#1236=VERTEX_POINT('',#4050);
#1237=VERTEX_POINT('',#4053);
#1238=VERTEX_POINT('',#4055);
#1239=LINE('',#3440,#1367);
#1240=LINE('',#3443,#1368);
#1241=LINE('',#3445,#1369);
#1242=LINE('',#3447,#1370);
#1243=LINE('',#3449,#1371);
#1244=LINE('',#3451,#1372);
#1245=LINE('',#3453,#1373);
#1246=LINE('',#3455,#1374);
#1247=LINE('',#3457,#1375);
#1248=LINE('',#3460,#1376);
#1249=LINE('',#3462,#1377);
#1250=LINE('',#3464,#1378);
#1251=LINE('',#3466,#1379);
#1252=LINE('',#3468,#1380);
#1253=LINE('',#3470,#1381);
#1254=LINE('',#3472,#1382);
#1255=LINE('',#3474,#1383);
#1256=LINE('',#3475,#1384);
#1257=LINE('',#3477,#1385);
#1258=LINE('',#3478,#1386);
#1259=LINE('',#3480,#1387);
#1260=LINE('',#3483,#1388);
#1261=LINE('',#3485,#1389);
#1262=LINE('',#3487,#1390);
#1263=LINE('',#3489,#1391);
#1264=LINE('',#3491,#1392);
#1265=LINE('',#3493,#1393);
#1266=LINE('',#3495,#1394);
#1267=LINE('',#3497,#1395);
#1268=LINE('',#3498,#1396);
#1269=LINE('',#3500,#1397);
#1270=LINE('',#3502,#1398);
#1271=LINE('',#3504,#1399);
#1272=LINE('',#3506,#1400);
#1273=LINE('',#3508,#1401);
#1274=LINE('',#3510,#1402);
#1275=LINE('',#3512,#1403);
#1276=LINE('',#3514,#1404);
#1277=LINE('',#3516,#1405);
#1278=LINE('',#3517,#1406);
#1279=LINE('',#3519,#1407);
#1280=LINE('',#3521,#1408);
#1281=LINE('',#3547,#1409);
#1282=LINE('',#3550,#1410);
#1283=LINE('',#3552,#1411);
#1284=LINE('',#3554,#1412);
#1285=LINE('',#3556,#1413);
#1286=LINE('',#3557,#1414);
#1287=LINE('',#3559,#1415);
#1288=LINE('',#3560,#1416);
#1289=LINE('',#3564,#1417);
#1290=LINE('',#3565,#1418);
#1291=LINE('',#3569,#1419);
#1292=LINE('',#3571,#1420);
#1293=LINE('',#3573,#1421);
#1294=LINE('',#3575,#1422);
#1295=LINE('',#3577,#1423);
#1296=LINE('',#3579,#1424);
#1297=LINE('',#3581,#1425);
#1298=LINE('',#3583,#1426);
#1299=LINE('',#3635,#1427);
#1300=LINE('',#3638,#1428);
#1301=LINE('',#3640,#1429);
#1302=LINE('',#3642,#1430);
#1303=LINE('',#3644,#1431);
#1304=LINE('',#3646,#1432);
#1305=LINE('',#3648,#1433);
#1306=LINE('',#3650,#1434);
#1307=LINE('',#3652,#1435);
#1308=LINE('',#3654,#1436);
#1309=LINE('',#3656,#1437);
#1310=LINE('',#3657,#1438);
#1311=LINE('',#3662,#1439);
#1312=LINE('',#3664,#1440);
#1313=LINE('',#3666,#1441);
#1314=LINE('',#3668,#1442);
#1315=LINE('',#3670,#1443);
#1316=LINE('',#3672,#1444);
#1317=LINE('',#3674,#1445);
#1318=LINE('',#3676,#1446);
#1319=LINE('',#3678,#1447);
#1320=LINE('',#3681,#1448);
#1321=LINE('',#3683,#1449);
#1322=LINE('',#3685,#1450);
#1323=LINE('',#3687,#1451);
#1324=LINE('',#3690,#1452);
#1325=LINE('',#3691,#1453);
#1326=LINE('',#3693,#1454);
#1327=LINE('',#3695,#1455);
#1328=LINE('',#3697,#1456);
#1329=LINE('',#3699,#1457);
#1330=LINE('',#3701,#1458);
#1331=LINE('',#3741,#1459);
#1332=LINE('',#3744,#1460);
#1333=LINE('',#3746,#1461);
#1334=LINE('',#3748,#1462);
#1335=LINE('',#3750,#1463);
#1336=LINE('',#3752,#1464);
#1337=LINE('',#3754,#1465);
#1338=LINE('',#3756,#1466);
#1339=LINE('',#3758,#1467);
#1340=LINE('',#3760,#1468);
#1341=LINE('',#3762,#1469);
#1342=LINE('',#3765,#1470);
#1343=LINE('',#3767,#1471);
#1344=LINE('',#3769,#1472);
#1345=LINE('',#3771,#1473);
#1346=LINE('',#3773,#1474);
#1347=LINE('',#3775,#1475);
#1348=LINE('',#3777,#1476);
#1349=LINE('',#3779,#1477);
#1350=LINE('',#3781,#1478);
#1351=LINE('',#3783,#1479);
#1352=LINE('',#3784,#1480);
#1353=LINE('',#3786,#1481);
#1354=LINE('',#3787,#1482);
#1355=LINE('',#3931,#1483);
#1356=LINE('',#3934,#1484);
#1357=LINE('',#3936,#1485);
#1358=LINE('',#3938,#1486);
#1359=LINE('',#3940,#1487);
#1360=LINE('',#3942,#1488);
#1361=LINE('',#3944,#1489);
#1362=LINE('',#3946,#1490);
#1363=LINE('',#3948,#1491);
#1364=LINE('',#3950,#1492);
#1365=LINE('',#3952,#1493);
#1366=LINE('',#3953,#1494);
#1367=VECTOR('',#2742,1.);
#1368=VECTOR('',#2743,1.);
#1369=VECTOR('',#2744,1.);
#1370=VECTOR('',#2745,1.);
#1371=VECTOR('',#2746,1.);
#1372=VECTOR('',#2747,1.);
#1373=VECTOR('',#2748,1.);
#1374=VECTOR('',#2749,1.);
#1375=VECTOR('',#2752,1.);
#1376=VECTOR('',#2753,1.);
#1377=VECTOR('',#2754,1.);
#1378=VECTOR('',#2755,1.);
#1379=VECTOR('',#2756,1.);
#1380=VECTOR('',#2757,1.);
#1381=VECTOR('',#2758,1.);
#1382=VECTOR('',#2759,1.);
#1383=VECTOR('',#2762,1.);
#1384=VECTOR('',#2763,1.);
#1385=VECTOR('',#2766,1.);
#1386=VECTOR('',#2767,1.);
#1387=VECTOR('',#2770,1.);
#1388=VECTOR('',#2771,1.);
#1389=VECTOR('',#2772,1.);
#1390=VECTOR('',#2773,1.);
#1391=VECTOR('',#2774,1.);
#1392=VECTOR('',#2775,1.);
#1393=VECTOR('',#2776,1.);
#1394=VECTOR('',#2777,1.);
#1395=VECTOR('',#2780,1.);
#1396=VECTOR('',#2781,1.);
#1397=VECTOR('',#2782,1.);
#1398=VECTOR('',#2783,1.);
#1399=VECTOR('',#2786,1.);
#1400=VECTOR('',#2787,1.);
#1401=VECTOR('',#2788,1.);
#1402=VECTOR('',#2791,1.);
#1403=VECTOR('',#2792,1.);
#1404=VECTOR('',#2793,1.);
#1405=VECTOR('',#2794,1.);
#1406=VECTOR('',#2795,1.);
#1407=VECTOR('',#2796,1.);
#1408=VECTOR('',#2799,1.);
#1409=VECTOR('',#2826,1.);
#1410=VECTOR('',#2827,1.);
#1411=VECTOR('',#2828,1.);
#1412=VECTOR('',#2829,1.);
#1413=VECTOR('',#2832,1.);
#1414=VECTOR('',#2833,1.);
#1415=VECTOR('',#2836,1.);
#1416=VECTOR('',#2837,1.);
#1417=VECTOR('',#2844,1.);
#1418=VECTOR('',#2845,1.);
#1419=VECTOR('',#2852,1.);
#1420=VECTOR('',#2853,1.);
#1421=VECTOR('',#2854,1.);
#1422=VECTOR('',#2857,1.);
#1423=VECTOR('',#2858,1.);
#1424=VECTOR('',#2861,1.);
#1425=VECTOR('',#2862,1.);
#1426=VECTOR('',#2865,1.);
#1427=VECTOR('',#2944,1.);
#1428=VECTOR('',#2945,1.);
#1429=VECTOR('',#2946,1.);
#1430=VECTOR('',#2947,1.);
#1431=VECTOR('',#2950,1.);
#1432=VECTOR('',#2951,1.);
#1433=VECTOR('',#2952,1.);
#1434=VECTOR('',#2955,1.);
#1435=VECTOR('',#2956,1.);
#1436=VECTOR('',#2957,1.);
#1437=VECTOR('',#2960,1.);
#1438=VECTOR('',#2961,1.);
#1439=VECTOR('',#2968,1.);
#1440=VECTOR('',#2969,1.);
#1441=VECTOR('',#2970,1.);
#1442=VECTOR('',#2973,1.);
#1443=VECTOR('',#2974,1.);
#1444=VECTOR('',#2977,1.);
#1445=VECTOR('',#2978,1.);
#1446=VECTOR('',#2981,1.);
#1447=VECTOR('',#2984,1.);
#1448=VECTOR('',#2985,1.);
#1449=VECTOR('',#2986,1.);
#1450=VECTOR('',#2987,1.);
#1451=VECTOR('',#2990,1.);
#1452=VECTOR('',#2991,1.);
#1453=VECTOR('',#2992,1.);
#1454=VECTOR('',#2995,1.);
#1455=VECTOR('',#2996,1.);
#1456=VECTOR('',#2999,1.);
#1457=VECTOR('',#3000,1.);
#1458=VECTOR('',#3003,1.);
#1459=VECTOR('',#3060,1.);
#1460=VECTOR('',#3061,1.);
#1461=VECTOR('',#3062,1.);
#1462=VECTOR('',#3063,1.);
#1463=VECTOR('',#3066,1.);
#1464=VECTOR('',#3067,1.);
#1465=VECTOR('',#3068,1.);
#1466=VECTOR('',#3071,1.);
#1467=VECTOR('',#3072,1.);
#1468=VECTOR('',#3073,1.);
#1469=VECTOR('',#3076,1.);
#1470=VECTOR('',#3077,1.);
#1471=VECTOR('',#3078,1.);
#1472=VECTOR('',#3079,1.);
#1473=VECTOR('',#3082,1.);
#1474=VECTOR('',#3083,1.);
#1475=VECTOR('',#3084,1.);
#1476=VECTOR('',#3087,1.);
#1477=VECTOR('',#3088,1.);
#1478=VECTOR('',#3089,1.);
#1479=VECTOR('',#3092,1.);
#1480=VECTOR('',#3093,1.);
#1481=VECTOR('',#3096,1.);
#1482=VECTOR('',#3097,1.);
#1483=VECTOR('',#3288,1.);
#1484=VECTOR('',#3289,1.);
#1485=VECTOR('',#3290,1.);
#1486=VECTOR('',#3291,1.);
#1487=VECTOR('',#3294,1.);
#1488=VECTOR('',#3295,1.);
#1489=VECTOR('',#3296,1.);
#1490=VECTOR('',#3299,1.);
#1491=VECTOR('',#3300,1.);
#1492=VECTOR('',#3301,1.);
#1493=VECTOR('',#3304,1.);
#1494=VECTOR('',#3305,1.);
#1495=EDGE_LOOP('',(#281,#282,#283,#284,#285,#286,#287,#288));
#1496=EDGE_LOOP('',(#289,#290,#291,#292,#293,#294,#295,#296));
#1497=EDGE_LOOP('',(#297,#298,#299,#300));
#1498=EDGE_LOOP('',(#301,#302,#303,#304));
#1499=EDGE_LOOP('',(#305,#306,#307,#308,#309,#310,#311,#312));
#1500=EDGE_LOOP('',(#313,#314,#315,#316,#317,#318,#319,#320));
#1501=EDGE_LOOP('',(#321,#322,#323,#324));
#1502=EDGE_LOOP('',(#325,#326,#327,#328,#329,#330,#331,#332));
#1503=EDGE_LOOP('',(#333,#334,#335,#336));
#1504=EDGE_LOOP('',(#337));
#1505=EDGE_LOOP('',(#338));
#1506=EDGE_LOOP('',(#339));
#1507=EDGE_LOOP('',(#340));
#1508=EDGE_LOOP('',(#341));
#1509=EDGE_LOOP('',(#342));
#1510=EDGE_LOOP('',(#343));
#1511=EDGE_LOOP('',(#344));
#1512=EDGE_LOOP('',(#345));
#1513=EDGE_LOOP('',(#346));
#1514=EDGE_LOOP('',(#347));
#1515=EDGE_LOOP('',(#348));
#1516=EDGE_LOOP('',(#349,#350,#351,#352));
#1517=EDGE_LOOP('',(#353,#354,#355,#356));
#1518=EDGE_LOOP('',(#357,#358,#359,#360,#361,#362,#363,#364));
#1519=EDGE_LOOP('',(#365,#366,#367,#368));
#1520=EDGE_LOOP('',(#369,#370,#371,#372));
#1521=EDGE_LOOP('',(#373,#374,#375,#376));
#1522=EDGE_LOOP('',(#377,#378,#379,#380));
#1523=EDGE_LOOP('',(#381,#382,#383,#384));
#1524=EDGE_LOOP('',(#385,#386,#387,#388));
#1525=EDGE_LOOP('',(#389,#390,#391,#392));
#1526=EDGE_LOOP('',(#393,#394,#395,#396));
#1527=EDGE_LOOP('',(#397,#398,#399,#400));
#1528=EDGE_LOOP('',(#401,#402,#403,#404));
#1529=EDGE_LOOP('',(#405,#406,#407,#408));
#1530=EDGE_LOOP('',(#409,#410,#411,#412));
#1531=EDGE_LOOP('',(#413));
#1532=EDGE_LOOP('',(#414));
#1533=EDGE_LOOP('',(#415));
#1534=EDGE_LOOP('',(#416));
#1535=EDGE_LOOP('',(#417));
#1536=EDGE_LOOP('',(#418));
#1537=EDGE_LOOP('',(#419));
#1538=EDGE_LOOP('',(#420));
#1539=EDGE_LOOP('',(#421));
#1540=EDGE_LOOP('',(#422));
#1541=EDGE_LOOP('',(#423));
#1542=EDGE_LOOP('',(#424));
#1543=EDGE_LOOP('',(#425));
#1544=EDGE_LOOP('',(#426));
#1545=EDGE_LOOP('',(#427));
#1546=EDGE_LOOP('',(#428));
#1547=EDGE_LOOP('',(#429));
#1548=EDGE_LOOP('',(#430));
#1549=EDGE_LOOP('',(#431));
#1550=EDGE_LOOP('',(#432));
#1551=EDGE_LOOP('',(#433));
#1552=EDGE_LOOP('',(#434));
#1553=EDGE_LOOP('',(#435));
#1554=EDGE_LOOP('',(#436));
#1555=EDGE_LOOP('',(#437));
#1556=EDGE_LOOP('',(#438));
#1557=EDGE_LOOP('',(#439));
#1558=EDGE_LOOP('',(#440));
#1559=EDGE_LOOP('',(#441));
#1560=EDGE_LOOP('',(#442));
#1561=EDGE_LOOP('',(#443));
#1562=EDGE_LOOP('',(#444));
#1563=EDGE_LOOP('',(#445));
#1564=EDGE_LOOP('',(#446));
#1565=EDGE_LOOP('',(#447));
#1566=EDGE_LOOP('',(#448));
#1567=EDGE_LOOP('',(#449,#450,#451,#452));
#1568=EDGE_LOOP('',(#453,#454,#455,#456));
#1569=EDGE_LOOP('',(#457,#458,#459,#460));
#1570=EDGE_LOOP('',(#461,#462,#463,#464));
#1571=EDGE_LOOP('',(#465));
#1572=EDGE_LOOP('',(#466,#467,#468,#469));
#1573=EDGE_LOOP('',(#470,#471,#472,#473));
#1574=EDGE_LOOP('',(#474,#475,#476,#477));
#1575=EDGE_LOOP('',(#478,#479,#480,#481));
#1576=EDGE_LOOP('',(#482,#483,#484,#485));
#1577=EDGE_LOOP('',(#486,#487,#488,#489));
#1578=EDGE_LOOP('',(#490,#491,#492,#493));
#1579=EDGE_LOOP('',(#494,#495,#496,#497));
#1580=EDGE_LOOP('',(#498,#499,#500,#501));
#1581=EDGE_LOOP('',(#502,#503,#504,#505));
#1582=EDGE_LOOP('',(#506,#507,#508,#509));
#1583=EDGE_LOOP('',(#510,#511,#512,#513));
#1584=EDGE_LOOP('',(#514));
#1585=EDGE_LOOP('',(#515));
#1586=EDGE_LOOP('',(#516));
#1587=EDGE_LOOP('',(#517));
#1588=EDGE_LOOP('',(#518));
#1589=EDGE_LOOP('',(#519));
#1590=EDGE_LOOP('',(#520));
#1591=EDGE_LOOP('',(#521));
#1592=EDGE_LOOP('',(#522));
#1593=EDGE_LOOP('',(#523));
#1594=EDGE_LOOP('',(#524));
#1595=EDGE_LOOP('',(#525));
#1596=EDGE_LOOP('',(#526));
#1597=EDGE_LOOP('',(#527));
#1598=EDGE_LOOP('',(#528));
#1599=EDGE_LOOP('',(#529));
#1600=EDGE_LOOP('',(#530));
#1601=EDGE_LOOP('',(#531));
#1602=EDGE_LOOP('',(#532));
#1603=EDGE_LOOP('',(#533));
#1604=EDGE_LOOP('',(#534));
#1605=EDGE_LOOP('',(#535));
#1606=EDGE_LOOP('',(#536));
#1607=EDGE_LOOP('',(#537,#538,#539,#540));
#1608=EDGE_LOOP('',(#541,#542,#543,#544));
#1609=EDGE_LOOP('',(#545,#546,#547,#548));
#1610=EDGE_LOOP('',(#549,#550,#551,#552));
#1611=EDGE_LOOP('',(#553,#554,#555,#556));
#1612=EDGE_LOOP('',(#557,#558,#559,#560));
#1613=EDGE_LOOP('',(#561,#562,#563,#564));
#1614=EDGE_LOOP('',(#565,#566,#567,#568));
#1615=EDGE_LOOP('',(#569));
#1616=EDGE_LOOP('',(#570));
#1617=EDGE_LOOP('',(#571));
#1618=EDGE_LOOP('',(#572));
#1619=EDGE_LOOP('',(#573));
#1620=EDGE_LOOP('',(#574));
#1621=EDGE_LOOP('',(#575));
#1622=EDGE_LOOP('',(#576));
#1623=EDGE_LOOP('',(#577));
#1624=EDGE_LOOP('',(#578));
#1625=EDGE_LOOP('',(#579));
#1626=EDGE_LOOP('',(#580));
#1627=EDGE_LOOP('',(#581,#582,#583,#584));
#1628=EDGE_LOOP('',(#585,#586,#587,#588));
#1629=EDGE_LOOP('',(#589));
#1630=EDGE_LOOP('',(#590));
#1631=EDGE_LOOP('',(#591));
#1632=EDGE_LOOP('',(#592));
#1633=EDGE_LOOP('',(#593));
#1634=EDGE_LOOP('',(#594));
#1635=EDGE_LOOP('',(#595));
#1636=EDGE_LOOP('',(#596));
#1637=EDGE_LOOP('',(#597));
#1638=EDGE_LOOP('',(#598));
#1639=EDGE_LOOP('',(#599));
#1640=EDGE_LOOP('',(#600));
#1641=EDGE_LOOP('',(#601,#602,#603,#604));
#1642=EDGE_LOOP('',(#605,#606,#607,#608));
#1643=EDGE_LOOP('',(#609));
#1644=EDGE_LOOP('',(#610));
#1645=EDGE_LOOP('',(#611));
#1646=EDGE_LOOP('',(#612));
#1647=EDGE_LOOP('',(#613));
#1648=EDGE_LOOP('',(#614));
#1649=EDGE_LOOP('',(#615));
#1650=EDGE_LOOP('',(#616));
#1651=EDGE_LOOP('',(#617));
#1652=EDGE_LOOP('',(#618));
#1653=EDGE_LOOP('',(#619));
#1654=EDGE_LOOP('',(#620));
#1655=EDGE_LOOP('',(#621));
#1656=EDGE_LOOP('',(#622));
#1657=EDGE_LOOP('',(#623));
#1658=EDGE_LOOP('',(#624));
#1659=EDGE_LOOP('',(#625));
#1660=EDGE_LOOP('',(#626));
#1661=EDGE_LOOP('',(#627));
#1662=EDGE_LOOP('',(#628));
#1663=EDGE_LOOP('',(#629));
#1664=EDGE_LOOP('',(#630));
#1665=EDGE_LOOP('',(#631));
#1666=EDGE_LOOP('',(#632));
#1667=EDGE_LOOP('',(#633));
#1668=EDGE_LOOP('',(#634));
#1669=EDGE_LOOP('',(#635));
#1670=EDGE_LOOP('',(#636));
#1671=EDGE_LOOP('',(#637));
#1672=EDGE_LOOP('',(#638));
#1673=EDGE_LOOP('',(#639));
#1674=EDGE_LOOP('',(#640));
#1675=EDGE_LOOP('',(#641));
#1676=EDGE_LOOP('',(#642));
#1677=EDGE_LOOP('',(#643));
#1678=EDGE_LOOP('',(#644));
#1679=EDGE_LOOP('',(#645));
#1680=EDGE_LOOP('',(#646));
#1681=EDGE_LOOP('',(#647));
#1682=EDGE_LOOP('',(#648));
#1683=EDGE_LOOP('',(#649));
#1684=EDGE_LOOP('',(#650));
#1685=EDGE_LOOP('',(#651));
#1686=EDGE_LOOP('',(#652));
#1687=EDGE_LOOP('',(#653));
#1688=EDGE_LOOP('',(#654));
#1689=EDGE_LOOP('',(#655));
#1690=EDGE_LOOP('',(#656));
#1691=EDGE_LOOP('',(#657));
#1692=EDGE_LOOP('',(#658));
#1693=EDGE_LOOP('',(#659));
#1694=EDGE_LOOP('',(#660));
#1695=EDGE_LOOP('',(#661));
#1696=EDGE_LOOP('',(#662));
#1697=EDGE_LOOP('',(#663));
#1698=EDGE_LOOP('',(#664));
#1699=EDGE_LOOP('',(#665));
#1700=EDGE_LOOP('',(#666));
#1701=EDGE_LOOP('',(#667));
#1702=EDGE_LOOP('',(#668));
#1703=EDGE_LOOP('',(#669));
#1704=EDGE_LOOP('',(#670));
#1705=EDGE_LOOP('',(#671));
#1706=EDGE_LOOP('',(#672));
#1707=EDGE_LOOP('',(#673));
#1708=EDGE_LOOP('',(#674));
#1709=EDGE_LOOP('',(#675));
#1710=EDGE_LOOP('',(#676));
#1711=EDGE_LOOP('',(#677));
#1712=EDGE_LOOP('',(#678));
#1713=EDGE_LOOP('',(#679));
#1714=EDGE_LOOP('',(#680));
#1715=EDGE_LOOP('',(#681,#682,#683,#684));
#1716=EDGE_LOOP('',(#685,#686,#687,#688));
#1717=EDGE_LOOP('',(#689,#690,#691,#692));
#1718=EDGE_LOOP('',(#693,#694,#695,#696));
#1719=EDGE_LOOP('',(#697));
#1720=EDGE_LOOP('',(#698));
#1721=EDGE_LOOP('',(#699));
#1722=EDGE_LOOP('',(#700));
#1723=EDGE_LOOP('',(#701));
#1724=EDGE_LOOP('',(#702));
#1725=EDGE_LOOP('',(#703));
#1726=EDGE_LOOP('',(#704));
#1727=EDGE_LOOP('',(#705));
#1728=EDGE_LOOP('',(#706));
#1729=EDGE_LOOP('',(#707));
#1730=EDGE_LOOP('',(#708));
#1731=EDGE_LOOP('',(#709));
#1732=EDGE_LOOP('',(#710));
#1733=EDGE_LOOP('',(#711));
#1734=EDGE_LOOP('',(#712));
#1735=EDGE_LOOP('',(#713));
#1736=EDGE_LOOP('',(#714,#715,#716,#717));
#1737=EDGE_LOOP('',(#718));
#1738=EDGE_LOOP('',(#719));
#1739=EDGE_LOOP('',(#720));
#1740=EDGE_LOOP('',(#721));
#1741=EDGE_LOOP('',(#722));
#1742=EDGE_LOOP('',(#723));
#1743=EDGE_LOOP('',(#724));
#1744=EDGE_LOOP('',(#725));
#1745=EDGE_LOOP('',(#726));
#1746=EDGE_LOOP('',(#727));
#1747=EDGE_LOOP('',(#728));
#1748=EDGE_LOOP('',(#729));
#1749=EDGE_LOOP('',(#730));
#1750=EDGE_LOOP('',(#731));
#1751=EDGE_LOOP('',(#732));
#1752=EDGE_LOOP('',(#733,#734,#735,#736));
#1753=EDGE_LOOP('',(#737));
#1754=EDGE_LOOP('',(#738));
#1755=EDGE_LOOP('',(#739));
#1756=EDGE_LOOP('',(#740));
#1757=EDGE_LOOP('',(#741));
#1758=EDGE_LOOP('',(#742));
#1759=EDGE_LOOP('',(#743));
#1760=EDGE_LOOP('',(#744));
#1761=EDGE_LOOP('',(#745));
#1762=EDGE_LOOP('',(#746));
#1763=EDGE_LOOP('',(#747));
#1764=EDGE_LOOP('',(#748));
#1765=EDGE_LOOP('',(#749));
#1766=EDGE_LOOP('',(#750));
#1767=EDGE_LOOP('',(#751));
#1768=EDGE_LOOP('',(#752));
#1769=EDGE_LOOP('',(#753));
#1770=EDGE_LOOP('',(#754));
#1771=EDGE_LOOP('',(#755));
#1772=EDGE_LOOP('',(#756));
#1773=EDGE_LOOP('',(#757));
#1774=EDGE_LOOP('',(#758));
#1775=EDGE_LOOP('',(#759));
#1776=EDGE_LOOP('',(#760));
#1777=EDGE_LOOP('',(#761));
#1778=EDGE_LOOP('',(#762));
#1779=EDGE_LOOP('',(#763));
#1780=EDGE_LOOP('',(#764));
#1781=EDGE_LOOP('',(#765));
#1782=EDGE_LOOP('',(#766));
#1783=EDGE_LOOP('',(#767));
#1784=EDGE_LOOP('',(#768));
#1785=EDGE_LOOP('',(#769));
#1786=EDGE_LOOP('',(#770));
#1787=EDGE_LOOP('',(#771));
#1788=EDGE_LOOP('',(#772));
#1789=EDGE_LOOP('',(#773));
#1790=EDGE_LOOP('',(#774));
#1791=EDGE_LOOP('',(#775));
#1792=EDGE_LOOP('',(#776));
#1793=EDGE_LOOP('',(#777));
#1794=EDGE_LOOP('',(#778));
#1795=EDGE_LOOP('',(#779));
#1796=EDGE_LOOP('',(#780));
#1797=FACE_BOUND('',#1495,.T.);
#1798=FACE_BOUND('',#1496,.T.);
#1799=FACE_BOUND('',#1497,.T.);
#1800=FACE_BOUND('',#1498,.T.);
#1801=FACE_BOUND('',#1499,.T.);
#1802=FACE_BOUND('',#1500,.T.);
#1803=FACE_BOUND('',#1501,.T.);
#1804=FACE_BOUND('',#1502,.T.);
#1805=FACE_BOUND('',#1503,.T.);
#1806=FACE_BOUND('',#1504,.T.);
#1807=FACE_BOUND('',#1505,.T.);
#1808=FACE_BOUND('',#1506,.T.);
#1809=FACE_BOUND('',#1507,.T.);
#1810=FACE_BOUND('',#1508,.T.);
#1811=FACE_BOUND('',#1509,.T.);
#1812=FACE_BOUND('',#1510,.T.);
#1813=FACE_BOUND('',#1511,.T.);
#1814=FACE_BOUND('',#1512,.T.);
#1815=FACE_BOUND('',#1513,.T.);
#1816=FACE_BOUND('',#1514,.T.);
#1817=FACE_BOUND('',#1515,.T.);
#1818=FACE_BOUND('',#1516,.T.);
#1819=FACE_BOUND('',#1517,.T.);
#1820=FACE_BOUND('',#1518,.T.);
#1821=FACE_BOUND('',#1519,.T.);
#1822=FACE_BOUND('',#1520,.T.);
#1823=FACE_BOUND('',#1521,.T.);
#1824=FACE_BOUND('',#1522,.T.);
#1825=FACE_BOUND('',#1523,.T.);
#1826=FACE_BOUND('',#1524,.T.);
#1827=FACE_BOUND('',#1525,.T.);
#1828=FACE_BOUND('',#1526,.T.);
#1829=FACE_BOUND('',#1527,.T.);
#1830=FACE_BOUND('',#1528,.T.);
#1831=FACE_BOUND('',#1529,.T.);
#1832=FACE_BOUND('',#1530,.T.);
#1833=FACE_BOUND('',#1531,.T.);
#1834=FACE_BOUND('',#1532,.T.);
#1835=FACE_BOUND('',#1533,.T.);
#1836=FACE_BOUND('',#1534,.T.);
#1837=FACE_BOUND('',#1535,.T.);
#1838=FACE_BOUND('',#1536,.T.);
#1839=FACE_BOUND('',#1537,.T.);
#1840=FACE_BOUND('',#1538,.T.);
#1841=FACE_BOUND('',#1539,.T.);
#1842=FACE_BOUND('',#1540,.T.);
#1843=FACE_BOUND('',#1541,.T.);
#1844=FACE_BOUND('',#1542,.T.);
#1845=FACE_BOUND('',#1543,.T.);
#1846=FACE_BOUND('',#1544,.T.);
#1847=FACE_BOUND('',#1545,.T.);
#1848=FACE_BOUND('',#1546,.T.);
#1849=FACE_BOUND('',#1547,.T.);
#1850=FACE_BOUND('',#1548,.T.);
#1851=FACE_BOUND('',#1549,.T.);
#1852=FACE_BOUND('',#1550,.T.);
#1853=FACE_BOUND('',#1551,.T.);
#1854=FACE_BOUND('',#1552,.T.);
#1855=FACE_BOUND('',#1553,.T.);
#1856=FACE_BOUND('',#1554,.T.);
#1857=FACE_BOUND('',#1555,.T.);
#1858=FACE_BOUND('',#1556,.T.);
#1859=FACE_BOUND('',#1557,.T.);
#1860=FACE_BOUND('',#1558,.T.);
#1861=FACE_BOUND('',#1559,.T.);
#1862=FACE_BOUND('',#1560,.T.);
#1863=FACE_BOUND('',#1561,.T.);
#1864=FACE_BOUND('',#1562,.T.);
#1865=FACE_BOUND('',#1563,.T.);
#1866=FACE_BOUND('',#1564,.T.);
#1867=FACE_BOUND('',#1565,.T.);
#1868=FACE_BOUND('',#1566,.T.);
#1869=FACE_BOUND('',#1567,.T.);
#1870=FACE_BOUND('',#1568,.T.);
#1871=FACE_BOUND('',#1569,.T.);
#1872=FACE_BOUND('',#1570,.T.);
#1873=FACE_BOUND('',#1571,.T.);
#1874=FACE_BOUND('',#1572,.T.);
#1875=FACE_BOUND('',#1573,.T.);
#1876=FACE_BOUND('',#1574,.T.);
#1877=FACE_BOUND('',#1575,.T.);
#1878=FACE_BOUND('',#1576,.T.);
#1879=FACE_BOUND('',#1577,.T.);
#1880=FACE_BOUND('',#1578,.T.);
#1881=FACE_BOUND('',#1579,.T.);
#1882=FACE_BOUND('',#1580,.T.);
#1883=FACE_BOUND('',#1581,.T.);
#1884=FACE_BOUND('',#1582,.T.);
#1885=FACE_BOUND('',#1583,.T.);
#1886=FACE_BOUND('',#1584,.T.);
#1887=FACE_BOUND('',#1585,.T.);
#1888=FACE_BOUND('',#1586,.T.);
#1889=FACE_BOUND('',#1587,.T.);
#1890=FACE_BOUND('',#1588,.T.);
#1891=FACE_BOUND('',#1589,.T.);
#1892=FACE_BOUND('',#1590,.T.);
#1893=FACE_BOUND('',#1591,.T.);
#1894=FACE_BOUND('',#1592,.T.);
#1895=FACE_BOUND('',#1593,.T.);
#1896=FACE_BOUND('',#1594,.T.);
#1897=FACE_BOUND('',#1595,.T.);
#1898=FACE_BOUND('',#1596,.T.);
#1899=FACE_BOUND('',#1597,.T.);
#1900=FACE_BOUND('',#1598,.T.);
#1901=FACE_BOUND('',#1599,.T.);
#1902=FACE_BOUND('',#1600,.T.);
#1903=FACE_BOUND('',#1601,.T.);
#1904=FACE_BOUND('',#1602,.T.);
#1905=FACE_BOUND('',#1603,.T.);
#1906=FACE_BOUND('',#1604,.T.);
#1907=FACE_BOUND('',#1605,.T.);
#1908=FACE_BOUND('',#1606,.T.);
#1909=FACE_BOUND('',#1607,.T.);
#1910=FACE_BOUND('',#1608,.T.);
#1911=FACE_BOUND('',#1609,.T.);
#1912=FACE_BOUND('',#1610,.T.);
#1913=FACE_BOUND('',#1611,.T.);
#1914=FACE_BOUND('',#1612,.T.);
#1915=FACE_BOUND('',#1613,.T.);
#1916=FACE_BOUND('',#1614,.T.);
#1917=FACE_BOUND('',#1615,.T.);
#1918=FACE_BOUND('',#1616,.T.);
#1919=FACE_BOUND('',#1617,.T.);
#1920=FACE_BOUND('',#1618,.T.);
#1921=FACE_BOUND('',#1619,.T.);
#1922=FACE_BOUND('',#1620,.T.);
#1923=FACE_BOUND('',#1621,.T.);
#1924=FACE_BOUND('',#1622,.T.);
#1925=FACE_BOUND('',#1623,.T.);
#1926=FACE_BOUND('',#1624,.T.);
#1927=FACE_BOUND('',#1625,.T.);
#1928=FACE_BOUND('',#1626,.T.);
#1929=FACE_BOUND('',#1627,.T.);
#1930=FACE_BOUND('',#1628,.T.);
#1931=FACE_BOUND('',#1629,.T.);
#1932=FACE_BOUND('',#1630,.T.);
#1933=FACE_BOUND('',#1631,.T.);
#1934=FACE_BOUND('',#1632,.T.);
#1935=FACE_BOUND('',#1633,.T.);
#1936=FACE_BOUND('',#1634,.T.);
#1937=FACE_BOUND('',#1635,.T.);
#1938=FACE_BOUND('',#1636,.T.);
#1939=FACE_BOUND('',#1637,.T.);
#1940=FACE_BOUND('',#1638,.T.);
#1941=FACE_BOUND('',#1639,.T.);
#1942=FACE_BOUND('',#1640,.T.);
#1943=FACE_BOUND('',#1641,.T.);
#1944=FACE_BOUND('',#1642,.T.);
#1945=FACE_BOUND('',#1643,.T.);
#1946=FACE_BOUND('',#1644,.T.);
#1947=FACE_BOUND('',#1645,.T.);
#1948=FACE_BOUND('',#1646,.T.);
#1949=FACE_BOUND('',#1647,.T.);
#1950=FACE_BOUND('',#1648,.T.);
#1951=FACE_BOUND('',#1649,.T.);
#1952=FACE_BOUND('',#1650,.T.);
#1953=FACE_BOUND('',#1651,.T.);
#1954=FACE_BOUND('',#1652,.T.);
#1955=FACE_BOUND('',#1653,.T.);
#1956=FACE_BOUND('',#1654,.T.);
#1957=FACE_BOUND('',#1655,.T.);
#1958=FACE_BOUND('',#1656,.T.);
#1959=FACE_BOUND('',#1657,.T.);
#1960=FACE_BOUND('',#1658,.T.);
#1961=FACE_BOUND('',#1659,.T.);
#1962=FACE_BOUND('',#1660,.T.);
#1963=FACE_BOUND('',#1661,.T.);
#1964=FACE_BOUND('',#1662,.T.);
#1965=FACE_BOUND('',#1663,.T.);
#1966=FACE_BOUND('',#1664,.T.);
#1967=FACE_BOUND('',#1665,.T.);
#1968=FACE_BOUND('',#1666,.T.);
#1969=FACE_BOUND('',#1667,.T.);
#1970=FACE_BOUND('',#1668,.T.);
#1971=FACE_BOUND('',#1669,.T.);
#1972=FACE_BOUND('',#1670,.T.);
#1973=FACE_BOUND('',#1671,.T.);
#1974=FACE_BOUND('',#1672,.T.);
#1975=FACE_BOUND('',#1673,.T.);
#1976=FACE_BOUND('',#1674,.T.);
#1977=FACE_BOUND('',#1675,.T.);
#1978=FACE_BOUND('',#1676,.T.);
#1979=FACE_BOUND('',#1677,.T.);
#1980=FACE_BOUND('',#1678,.T.);
#1981=FACE_BOUND('',#1679,.T.);
#1982=FACE_BOUND('',#1680,.T.);
#1983=FACE_BOUND('',#1681,.T.);
#1984=FACE_BOUND('',#1682,.T.);
#1985=FACE_BOUND('',#1683,.T.);
#1986=FACE_BOUND('',#1684,.T.);
#1987=FACE_BOUND('',#1685,.T.);
#1988=FACE_BOUND('',#1686,.T.);
#1989=FACE_BOUND('',#1687,.T.);
#1990=FACE_BOUND('',#1688,.T.);
#1991=FACE_BOUND('',#1689,.T.);
#1992=FACE_BOUND('',#1690,.T.);
#1993=FACE_BOUND('',#1691,.T.);
#1994=FACE_BOUND('',#1692,.T.);
#1995=FACE_BOUND('',#1693,.T.);
#1996=FACE_BOUND('',#1694,.T.);
#1997=FACE_BOUND('',#1695,.T.);
#1998=FACE_BOUND('',#1696,.T.);
#1999=FACE_BOUND('',#1697,.T.);
#2000=FACE_BOUND('',#1698,.T.);
#2001=FACE_BOUND('',#1699,.T.);
#2002=FACE_BOUND('',#1700,.T.);
#2003=FACE_BOUND('',#1701,.T.);
#2004=FACE_BOUND('',#1702,.T.);
#2005=FACE_BOUND('',#1703,.T.);
#2006=FACE_BOUND('',#1704,.T.);
#2007=FACE_BOUND('',#1705,.T.);
#2008=FACE_BOUND('',#1706,.T.);
#2009=FACE_BOUND('',#1707,.T.);
#2010=FACE_BOUND('',#1708,.T.);
#2011=FACE_BOUND('',#1709,.T.);
#2012=FACE_BOUND('',#1710,.T.);
#2013=FACE_BOUND('',#1711,.T.);
#2014=FACE_BOUND('',#1712,.T.);
#2015=FACE_BOUND('',#1713,.T.);
#2016=FACE_BOUND('',#1714,.T.);
#2017=FACE_BOUND('',#1715,.T.);
#2018=FACE_BOUND('',#1716,.T.);
#2019=FACE_BOUND('',#1717,.T.);
#2020=FACE_BOUND('',#1718,.T.);
#2021=FACE_BOUND('',#1719,.T.);
#2022=FACE_BOUND('',#1720,.T.);
#2023=FACE_BOUND('',#1721,.T.);
#2024=FACE_BOUND('',#1722,.T.);
#2025=FACE_BOUND('',#1723,.T.);
#2026=FACE_BOUND('',#1724,.T.);
#2027=FACE_BOUND('',#1725,.T.);
#2028=FACE_BOUND('',#1726,.T.);
#2029=FACE_BOUND('',#1727,.T.);
#2030=FACE_BOUND('',#1728,.T.);
#2031=FACE_BOUND('',#1729,.T.);
#2032=FACE_BOUND('',#1730,.T.);
#2033=FACE_BOUND('',#1731,.T.);
#2034=FACE_BOUND('',#1732,.T.);
#2035=FACE_BOUND('',#1733,.T.);
#2036=FACE_BOUND('',#1734,.T.);
#2037=FACE_BOUND('',#1735,.T.);
#2038=FACE_BOUND('',#1736,.T.);
#2039=FACE_BOUND('',#1737,.T.);
#2040=FACE_BOUND('',#1738,.T.);
#2041=FACE_BOUND('',#1739,.T.);
#2042=FACE_BOUND('',#1740,.T.);
#2043=FACE_BOUND('',#1741,.T.);
#2044=FACE_BOUND('',#1742,.T.);
#2045=FACE_BOUND('',#1743,.T.);
#2046=FACE_BOUND('',#1744,.T.);
#2047=FACE_BOUND('',#1745,.T.);
#2048=FACE_BOUND('',#1746,.T.);
#2049=FACE_BOUND('',#1747,.T.);
#2050=FACE_BOUND('',#1748,.T.);
#2051=FACE_BOUND('',#1749,.T.);
#2052=FACE_BOUND('',#1750,.T.);
#2053=FACE_BOUND('',#1751,.T.);
#2054=FACE_BOUND('',#1752,.T.);
#2055=FACE_BOUND('',#1753,.T.);
#2056=FACE_BOUND('',#1754,.T.);
#2057=FACE_BOUND('',#1755,.T.);
#2058=FACE_BOUND('',#1756,.T.);
#2059=FACE_BOUND('',#1757,.T.);
#2060=FACE_BOUND('',#1758,.T.);
#2061=FACE_BOUND('',#1759,.T.);
#2062=FACE_BOUND('',#1760,.T.);
#2063=FACE_BOUND('',#1761,.T.);
#2064=FACE_BOUND('',#1762,.T.);
#2065=FACE_BOUND('',#1763,.T.);
#2066=FACE_BOUND('',#1764,.T.);
#2067=FACE_BOUND('',#1765,.T.);
#2068=FACE_BOUND('',#1766,.T.);
#2069=FACE_BOUND('',#1767,.T.);
#2070=FACE_BOUND('',#1768,.T.);
#2071=FACE_BOUND('',#1769,.T.);
#2072=FACE_BOUND('',#1770,.T.);
#2073=FACE_BOUND('',#1771,.T.);
#2074=FACE_BOUND('',#1772,.T.);
#2075=FACE_BOUND('',#1773,.T.);
#2076=FACE_BOUND('',#1774,.T.);
#2077=FACE_BOUND('',#1775,.T.);
#2078=FACE_BOUND('',#1776,.T.);
#2079=FACE_BOUND('',#1777,.T.);
#2080=FACE_BOUND('',#1778,.T.);
#2081=FACE_BOUND('',#1779,.T.);
#2082=FACE_BOUND('',#1780,.T.);
#2083=FACE_BOUND('',#1781,.T.);
#2084=FACE_BOUND('',#1782,.T.);
#2085=FACE_BOUND('',#10,.T.);
#2086=FACE_BOUND('',#1783,.T.);
#2087=FACE_BOUND('',#1784,.T.);
#2088=FACE_BOUND('',#1785,.T.);
#2089=FACE_BOUND('',#11,.T.);
#2090=FACE_BOUND('',#1786,.T.);
#2091=FACE_BOUND('',#1787,.T.);
#2092=FACE_BOUND('',#1788,.T.);
#2093=FACE_BOUND('',#1789,.T.);
#2094=FACE_BOUND('',#1790,.T.);
#2095=FACE_BOUND('',#1791,.T.);
#2096=FACE_BOUND('',#1792,.T.);
#2097=FACE_BOUND('',#1793,.T.);
#2098=FACE_BOUND('',#1794,.T.);
#2099=FACE_BOUND('',#1795,.T.);
#2100=FACE_BOUND('',#1796,.T.);
#2101=PLANE('',#2453);
#2102=PLANE('',#2454);
#2103=PLANE('',#2455);
#2104=PLANE('',#2456);
#2105=PLANE('',#2457);
#2106=PLANE('',#2458);
#2107=PLANE('',#2459);
#2108=PLANE('',#2460);
#2109=PLANE('',#2461);
#2110=PLANE('',#2462);
#2111=PLANE('',#2475);
#2112=PLANE('',#2476);
#2113=PLANE('',#2477);
#2114=PLANE('',#2478);
#2115=PLANE('',#2479);
#2116=PLANE('',#2480);
#2117=PLANE('',#2481);
#2118=PLANE('',#2482);
#2119=PLANE('',#2483);
#2120=PLANE('',#2484);
#2121=PLANE('',#2485);
#2122=PLANE('',#2486);
#2123=PLANE('',#2487);
#2124=PLANE('',#2490);
#2125=PLANE('',#2493);
#2126=PLANE('',#2496);
#2127=PLANE('',#2499);
#2128=PLANE('',#2502);
#2129=PLANE('',#2505);
#2130=PLANE('',#2508);
#2131=PLANE('',#2511);
#2132=PLANE('',#2514);
#2133=PLANE('',#2517);
#2134=PLANE('',#2520);
#2135=PLANE('',#2524);
#2136=PLANE('',#2525);
#2137=PLANE('',#2526);
#2138=PLANE('',#2527);
#2139=PLANE('',#2528);
#2140=PLANE('',#2530);
#2141=PLANE('',#2531);
#2142=PLANE('',#2532);
#2143=PLANE('',#2533);
#2144=PLANE('',#2534);
#2145=PLANE('',#2535);
#2146=PLANE('',#2536);
#2147=PLANE('',#2537);
#2148=PLANE('',#2538);
#2149=PLANE('',#2539);
#2150=PLANE('',#2549);
#2151=PLANE('',#2554);
#2152=PLANE('',#2558);
#2153=PLANE('',#2562);
#2154=PLANE('',#2566);
#2155=PLANE('',#2567);
#2156=PLANE('',#2568);
#2157=PLANE('',#2569);
#2158=PLANE('',#2570);
#2159=PLANE('',#2571);
#2160=PLANE('',#2572);
#2161=PLANE('',#2573);
#2162=PLANE('',#2574);
#2163=PLANE('',#2587);
#2164=PLANE('',#2616);
#2165=PLANE('',#2618);
#2166=PLANE('',#2621);
#2167=PLANE('',#2630);
#2168=PLANE('',#2631);
#2169=PLANE('',#2633);
#2170=PLANE('',#2636);
#2171=PLANE('',#2639);
#2172=PLANE('',#2642);
#2173=PLANE('',#2661);
#2174=PLANE('',#2663);
#2175=PLANE('',#2668);
#2176=PLANE('',#2669);
#2177=PLANE('',#2670);
#2178=PLANE('',#2671);
#2179=PLANE('',#2672);
#2180=PLANE('',#2690);
#2181=PLANE('',#2734);
#2182=PLANE('',#2735);
#2183=ADVANCED_FACE('',(#1797),#2101,.F.);
#2184=ADVANCED_FACE('',(#1798),#2102,.T.);
#2185=ADVANCED_FACE('',(#1799),#2103,.T.);
#2186=ADVANCED_FACE('',(#1800),#2104,.F.);
#2187=ADVANCED_FACE('',(#1801),#2105,.T.);
#2188=ADVANCED_FACE('',(#1802),#2106,.F.);
#2189=ADVANCED_FACE('',(#1803),#2107,.F.);
#2190=ADVANCED_FACE('',(#1804),#2108,.F.);
#2191=ADVANCED_FACE('',(#1805),#2109,.T.);
#2192=ADVANCED_FACE('',(#1806,#1807,#1808,#1809,#1810,#1811,#1812,#1813,#1814,#1815,#1816,#1817,#1818,#1819),#2110,.T.);
#2193=ADVANCED_FACE('',(#1820),#2111,.F.);
#2194=ADVANCED_FACE('',(#1821),#2112,.T.);
#2195=ADVANCED_FACE('',(#1822),#2113,.T.);
#2196=ADVANCED_FACE('',(#1823),#2114,.T.);
#2197=ADVANCED_FACE('',(#1824),#2115,.T.);
#2198=ADVANCED_FACE('',(#1825),#2116,.T.);
#2199=ADVANCED_FACE('',(#1826),#2117,.T.);
#2200=ADVANCED_FACE('',(#1827),#2118,.F.);
#2201=ADVANCED_FACE('',(#1828),#2119,.T.);
#2202=ADVANCED_FACE('',(#1829),#2120,.T.);
#2203=ADVANCED_FACE('',(#1830),#2121,.F.);
#2204=ADVANCED_FACE('',(#1831,#1832),#2122,.F.);
#2205=ADVANCED_FACE('',(#1833),#2123,.T.);
#2206=ADVANCED_FACE('',(#1834,#1835),#103,.F.);
#2207=ADVANCED_FACE('',(#1836),#2124,.T.);
#2208=ADVANCED_FACE('',(#1837,#1838),#104,.F.);
#2209=ADVANCED_FACE('',(#1839),#2125,.T.);
#2210=ADVANCED_FACE('',(#1840,#1841),#105,.F.);
#2211=ADVANCED_FACE('',(#1842),#2126,.T.);
#2212=ADVANCED_FACE('',(#1843,#1844),#106,.F.);
#2213=ADVANCED_FACE('',(#1845),#2127,.T.);
#2214=ADVANCED_FACE('',(#1846,#1847),#107,.F.);
#2215=ADVANCED_FACE('',(#1848),#2128,.T.);
#2216=ADVANCED_FACE('',(#1849,#1850),#108,.F.);
#2217=ADVANCED_FACE('',(#1851),#2129,.T.);
#2218=ADVANCED_FACE('',(#1852,#1853),#109,.F.);
#2219=ADVANCED_FACE('',(#1854),#2130,.T.);
#2220=ADVANCED_FACE('',(#1855,#1856),#110,.F.);
#2221=ADVANCED_FACE('',(#1857),#2131,.T.);
#2222=ADVANCED_FACE('',(#1858,#1859),#111,.F.);
#2223=ADVANCED_FACE('',(#1860),#2132,.T.);
#2224=ADVANCED_FACE('',(#1861,#1862),#112,.F.);
#2225=ADVANCED_FACE('',(#1863),#2133,.T.);
#2226=ADVANCED_FACE('',(#1864,#1865),#113,.F.);
#2227=ADVANCED_FACE('',(#1866),#2134,.T.);
#2228=ADVANCED_FACE('',(#1867,#1868),#114,.F.);
#2229=ADVANCED_FACE('',(#1869),#2135,.T.);
#2230=ADVANCED_FACE('',(#1870),#2136,.F.);
#2231=ADVANCED_FACE('',(#1871),#2137,.F.);
#2232=ADVANCED_FACE('',(#1872),#2138,.T.);
#2233=ADVANCED_FACE('',(#1873,#1874),#2139,.F.);
#2234=ADVANCED_FACE('',(#1875),#2140,.F.);
#2235=ADVANCED_FACE('',(#1876),#2141,.F.);
#2236=ADVANCED_FACE('',(#1877),#2142,.T.);
#2237=ADVANCED_FACE('',(#1878),#2143,.T.);
#2238=ADVANCED_FACE('',(#1879,#1880),#2144,.T.);
#2239=ADVANCED_FACE('',(#1881),#2145,.T.);
#2240=ADVANCED_FACE('',(#1882),#2146,.T.);
#2241=ADVANCED_FACE('',(#1883),#2147,.F.);
#2242=ADVANCED_FACE('',(#1884),#2148,.F.);
#2243=ADVANCED_FACE('',(#1885,#1886),#2149,.T.);
#2244=ADVANCED_FACE('',(#1887,#1888),#115,.T.);
#2245=ADVANCED_FACE('',(#1889,#1890),#17,.T.);
#2246=ADVANCED_FACE('',(#1891,#1892),#116,.F.);
#2247=ADVANCED_FACE('',(#1893,#1894),#18,.F.);
#2248=ADVANCED_FACE('',(#1895,#1896),#2150,.F.);
#2249=ADVANCED_FACE('',(#1897,#1898),#117,.T.);
#2250=ADVANCED_FACE('',(#1899,#1900),#2151,.F.);
#2251=ADVANCED_FACE('',(#1901,#1902),#118,.F.);
#2252=ADVANCED_FACE('',(#1903,#1904),#2152,.T.);
#2253=ADVANCED_FACE('',(#1905,#1906),#119,.T.);
#2254=ADVANCED_FACE('',(#1907,#1908),#2153,.T.);
#2255=ADVANCED_FACE('',(#1909),#2154,.T.);
#2256=ADVANCED_FACE('',(#1910),#2155,.F.);
#2257=ADVANCED_FACE('',(#1911),#2156,.F.);
#2258=ADVANCED_FACE('',(#1912),#2157,.T.);
#2259=ADVANCED_FACE('',(#1913),#2158,.F.);
#2260=ADVANCED_FACE('',(#1914),#2159,.F.);
#2261=ADVANCED_FACE('',(#1915),#2160,.T.);
#2262=ADVANCED_FACE('',(#1916),#2161,.T.);
#2263=ADVANCED_FACE('',(#1917,#1918,#1919,#1920,#1921,#1922,#1923,#1924,#1925,#1926,#1927,#1928,#1929,#1930),#2162,.T.);
#2264=ADVANCED_FACE('',(#1931,#1932,#1933,#1934,#1935,#1936,#1937,#1938,#1939,#1940,#1941,#1942,#1943,#1944),#2163,.F.);
#2265=ADVANCED_FACE('',(#1945,#1946),#120,.F.);
#2266=ADVANCED_FACE('',(#1947,#1948),#121,.F.);
#2267=ADVANCED_FACE('',(#1949,#1950),#122,.F.);
#2268=ADVANCED_FACE('',(#1951,#1952),#123,.F.);
#2269=ADVANCED_FACE('',(#1953,#1954),#124,.F.);
#2270=ADVANCED_FACE('',(#1955,#1956),#125,.F.);
#2271=ADVANCED_FACE('',(#1957,#1958),#126,.F.);
#2272=ADVANCED_FACE('',(#1959,#1960),#127,.F.);
#2273=ADVANCED_FACE('',(#1961,#1962),#128,.F.);
#2274=ADVANCED_FACE('',(#1963,#1964),#129,.F.);
#2275=ADVANCED_FACE('',(#1965,#1966),#130,.F.);
#2276=ADVANCED_FACE('',(#1967,#1968),#131,.F.);
#2277=ADVANCED_FACE('',(#1969,#1970),#132,.T.);
#2278=ADVANCED_FACE('',(#1971,#1972),#2164,.T.);
#2279=ADVANCED_FACE('',(#1973),#2165,.F.);
#2280=ADVANCED_FACE('',(#1974,#1975),#133,.F.);
#2281=ADVANCED_FACE('',(#1976),#2166,.T.);
#2282=ADVANCED_FACE('',(#1977,#1978),#134,.F.);
#2283=ADVANCED_FACE('',(#1979,#1980),#135,.T.);
#2284=ADVANCED_FACE('',(#1981,#1982),#2167,.T.);
#2285=ADVANCED_FACE('',(#1983,#1984),#2168,.F.);
#2286=ADVANCED_FACE('',(#1985,#1986),#2169,.T.);
#2287=ADVANCED_FACE('',(#1987,#1988),#2170,.T.);
#2288=ADVANCED_FACE('',(#1989,#1990),#2171,.T.);
#2289=ADVANCED_FACE('',(#1991,#1992),#2172,.T.);
#2290=ADVANCED_FACE('',(#1993,#1994),#136,.F.);
#2291=ADVANCED_FACE('',(#1995,#1996),#12,.F.);
#2292=ADVANCED_FACE('',(#1997,#1998),#19,.F.);
#2293=ADVANCED_FACE('',(#1999,#2000),#13,.F.);
#2294=ADVANCED_FACE('',(#2001,#2002),#137,.F.);
#2295=ADVANCED_FACE('',(#2003,#2004),#138,.T.);
#2296=ADVANCED_FACE('',(#2005,#2006),#20,.T.);
#2297=ADVANCED_FACE('',(#2007,#2008),#139,.T.);
#2298=ADVANCED_FACE('',(#2009,#2010),#14,.T.);
#2299=ADVANCED_FACE('',(#2011,#2012),#2173,.T.);
#2300=ADVANCED_FACE('',(#2013,#2014),#2174,.F.);
#2301=ADVANCED_FACE('',(#2015,#2016),#15,.F.);
#2302=ADVANCED_FACE('',(#2017),#2175,.T.);
#2303=ADVANCED_FACE('',(#2018),#2176,.F.);
#2304=ADVANCED_FACE('',(#2019),#2177,.F.);
#2305=ADVANCED_FACE('',(#2020),#2178,.T.);
#2306=ADVANCED_FACE('',(#2021,#2022,#2023,#2024,#2025,#2026,#2027,#2028,#2029,#2030,#2031,#2032,#2033,#2034,#2035,#2036,#2037,#2038),#2179,.T.);
#2307=ADVANCED_FACE('',(#2039,#2040,#2041,#2042,#2043,#2044,#2045,#2046,#2047,#2048,#2049,#2050,#2051,#2052,#2053,#2054),#2180,.F.);
#2308=ADVANCED_FACE('',(#2055,#2056),#140,.F.);
#2309=ADVANCED_FACE('',(#2057,#2058),#141,.F.);
#2310=ADVANCED_FACE('',(#2059,#2060),#142,.F.);
#2311=ADVANCED_FACE('',(#2061,#2062),#143,.F.);
#2312=ADVANCED_FACE('',(#2063,#2064),#144,.F.);
#2313=ADVANCED_FACE('',(#2065,#2066),#145,.F.);
#2314=ADVANCED_FACE('',(#2067,#2068),#146,.F.);
#2315=ADVANCED_FACE('',(#2069,#2070),#147,.F.);
#2316=ADVANCED_FACE('',(#2071,#2072),#148,.F.);
#2317=ADVANCED_FACE('',(#2073,#2074),#149,.F.);
#2318=ADVANCED_FACE('',(#2075,#2076),#150,.F.);
#2319=ADVANCED_FACE('',(#2077,#2078),#151,.F.);
#2320=ADVANCED_FACE('',(#2079,#2080),#152,.F.);
#2321=ADVANCED_FACE('',(#2081,#2082),#153,.F.);
#2322=ADVANCED_FACE('',(#2083,#2084),#154,.F.);
#2323=ADVANCED_FACE('',(#2085,#2086),#21,.F.);
#2324=ADVANCED_FACE('',(#2087,#2088),#155,.F.);
#2325=ADVANCED_FACE('',(#2089,#2090),#22,.F.);
#2326=ADVANCED_FACE('',(#2091,#2092),#156,.F.);
#2327=ADVANCED_FACE('',(#2093,#2094),#157,.F.);
#2328=ADVANCED_FACE('',(#2095,#2096),#158,.T.);
#2329=ADVANCED_FACE('',(#2097,#2098),#2181,.T.);
#2330=ADVANCED_FACE('',(#2099,#2100),#2182,.F.);
#2331=CLOSED_SHELL('',(#2183,#2184,#2185,#2186,#2187,#2188,#2189,#2190,#2191,#2192,#2193,#2194,#2195,#2196,#2197,#2198,#2199,#2200,#2201,#2202,#2203,#2204,#2205,#2206,#2207,#2208,#2209,#2210,#2211,#2212,#2213,#2214,#2215,#2216,#2217,#2218,#2219,#2220,#2221,#2222,#2223,#2224,#2225,#2226,#2227,#2228));
#2332=CLOSED_SHELL('',(#2229,#2230,#2231,#2232,#2233,#2234,#2235,#2236,#2237,#2238,#2239,#2240,#2241,#2242,#2243,#2244,#2245,#2246,#2247,#2248));
#2333=CLOSED_SHELL('',(#2249,#2250,#2251,#2252,#2253,#2254));
#2334=CLOSED_SHELL('',(#2255,#2256,#2257,#2258,#2259,#2260,#2261,#2262,#2263,#2264,#2265,#2266,#2267,#2268,#2269,#2270,#2271,#2272,#2273,#2274,#2275,#2276));
#2335=CLOSED_SHELL('',(#2277,#2278,#2279,#2280,#2281));
#2336=CLOSED_SHELL('',(#2282,#2283,#2284,#2285));
#2337=CLOSED_SHELL('',(#2286,#2287,#2288,#2289,#2290,#2291,#2292,#2293,#2294,#2295,#2296,#2297));
#2338=CLOSED_SHELL('',(#2298,#2299,#2300,#2301));
#2339=CLOSED_SHELL('',(#2302,#2303,#2304,#2305,#2306,#2307,#2308,#2309,#2310,#2311,#2312,#2313,#2314,#2315,#2316,#2317,#2318,#2319,#2320,#2321,#2322,#2323,#2324,#2325,#2326));
#2340=CLOSED_SHELL('',(#2327,#2328,#2329,#2330));
#2341=STYLED_ITEM('',(#2351),#2414);
#2342=STYLED_ITEM('',(#2352),#2415);
#2343=STYLED_ITEM('',(#2353),#2416);
#2344=STYLED_ITEM('',(#2354),#2417);
#2345=STYLED_ITEM('',(#2355),#2418);
#2346=STYLED_ITEM('',(#2356),#2419);
#2347=STYLED_ITEM('',(#2357),#2420);
#2348=STYLED_ITEM('',(#2358),#2421);
#2349=STYLED_ITEM('',(#2359),#2422);
#2350=STYLED_ITEM('',(#2360),#2423);
#2351=PRESENTATION_STYLE_ASSIGNMENT((#2361));
#2352=PRESENTATION_STYLE_ASSIGNMENT((#2362));
#2353=PRESENTATION_STYLE_ASSIGNMENT((#2363));
#2354=PRESENTATION_STYLE_ASSIGNMENT((#2364));
#2355=PRESENTATION_STYLE_ASSIGNMENT((#2365));
#2356=PRESENTATION_STYLE_ASSIGNMENT((#2366));
#2357=PRESENTATION_STYLE_ASSIGNMENT((#2367));
#2358=PRESENTATION_STYLE_ASSIGNMENT((#2368));
#2359=PRESENTATION_STYLE_ASSIGNMENT((#2369));
#2360=PRESENTATION_STYLE_ASSIGNMENT((#2370));
#2361=SURFACE_STYLE_USAGE(.BOTH.,#2371);
#2362=SURFACE_STYLE_USAGE(.BOTH.,#2372);
#2363=SURFACE_STYLE_USAGE(.BOTH.,#2373);
#2364=SURFACE_STYLE_USAGE(.BOTH.,#2374);
#2365=SURFACE_STYLE_USAGE(.BOTH.,#2375);
#2366=SURFACE_STYLE_USAGE(.BOTH.,#2376);
#2367=SURFACE_STYLE_USAGE(.BOTH.,#2377);
#2368=SURFACE_STYLE_USAGE(.BOTH.,#2378);
#2369=SURFACE_STYLE_USAGE(.BOTH.,#2379);
#2370=SURFACE_STYLE_USAGE(.BOTH.,#2380);
#2371=SURFACE_SIDE_STYLE('',(#2381));
#2372=SURFACE_SIDE_STYLE('',(#2382));
#2373=SURFACE_SIDE_STYLE('',(#2383));
#2374=SURFACE_SIDE_STYLE('',(#2384));
#2375=SURFACE_SIDE_STYLE('',(#2385));
#2376=SURFACE_SIDE_STYLE('',(#2386));
#2377=SURFACE_SIDE_STYLE('',(#2387));
#2378=SURFACE_SIDE_STYLE('',(#2388));
#2379=SURFACE_SIDE_STYLE('',(#2389));
#2380=SURFACE_SIDE_STYLE('',(#2390));
#2381=SURFACE_STYLE_FILL_AREA(#2391);
#2382=SURFACE_STYLE_FILL_AREA(#2392);
#2383=SURFACE_STYLE_FILL_AREA(#2393);
#2384=SURFACE_STYLE_FILL_AREA(#2394);
#2385=SURFACE_STYLE_FILL_AREA(#2395);
#2386=SURFACE_STYLE_FILL_AREA(#2396);
#2387=SURFACE_STYLE_FILL_AREA(#2397);
#2388=SURFACE_STYLE_FILL_AREA(#2398);
#2389=SURFACE_STYLE_FILL_AREA(#2399);
#2390=SURFACE_STYLE_FILL_AREA(#2400);
#2391=FILL_AREA_STYLE('',(#2401));
#2392=FILL_AREA_STYLE('',(#2402));
#2393=FILL_AREA_STYLE('',(#2403));
#2394=FILL_AREA_STYLE('',(#2404));
#2395=FILL_AREA_STYLE('',(#2405));
#2396=FILL_AREA_STYLE('',(#2406));
#2397=FILL_AREA_STYLE('',(#2407));
#2398=FILL_AREA_STYLE('',(#2408));
#2399=FILL_AREA_STYLE('',(#2409));
#2400=FILL_AREA_STYLE('',(#2410));
#2401=FILL_AREA_STYLE_COLOUR('',#2411);
#2402=FILL_AREA_STYLE_COLOUR('',#2412);
#2403=FILL_AREA_STYLE_COLOUR('',#2411);
#2404=FILL_AREA_STYLE_COLOUR('',#16);
#2405=FILL_AREA_STYLE_COLOUR('',#2411);
#2406=FILL_AREA_STYLE_COLOUR('',#2411);
#2407=FILL_AREA_STYLE_COLOUR('',#2413);
#2408=FILL_AREA_STYLE_COLOUR('',#2411);
#2409=FILL_AREA_STYLE_COLOUR('',#2411);
#2410=FILL_AREA_STYLE_COLOUR('',#2411);
#2411=COLOUR_RGB('',0.615686274509804,0.811764705882353,0.929411764705882);
#2412=COLOUR_RGB('',0.647058823529412,0.647058823529412,0.647058823529412);
#2413=COLOUR_RGB('',0.509803921568627,0.509803921568627,0.588235294117647);
#2414=MANIFOLD_SOLID_BREP('outer_wall',#2331);
#2415=MANIFOLD_SOLID_BREP('interior',#2332);
#2416=MANIFOLD_SOLID_BREP('drain',#2333);
#2417=MANIFOLD_SOLID_BREP('epdm_seal',#2334);
#2418=MANIFOLD_SOLID_BREP('Part 1',#2335);
#2419=MANIFOLD_SOLID_BREP('pipe_150',#2336);
#2420=MANIFOLD_SOLID_BREP('red_25_50',#2337);
#2421=MANIFOLD_SOLID_BREP('90',#2338);
#2422=MANIFOLD_SOLID_BREP('lid_plate',#2339);
#2423=MANIFOLD_SOLID_BREP('pipe_30',#2340);
#2424=SHAPE_DEFINITION_REPRESENTATION(#4092,#2438);
#2425=SHAPE_DEFINITION_REPRESENTATION(#4093,#2439);
#2426=SHAPE_DEFINITION_REPRESENTATION(#4094,#2440);
#2427=SHAPE_DEFINITION_REPRESENTATION(#4096,#2441);
#2428=SHAPE_DEFINITION_REPRESENTATION(#4097,#2442);
#2429=SHAPE_DEFINITION_REPRESENTATION(#4099,#2443);
#2430=SHAPE_DEFINITION_REPRESENTATION(#4103,#2444);
#2431=SHAPE_DEFINITION_REPRESENTATION(#4105,#2445);
#2432=SHAPE_DEFINITION_REPRESENTATION(#4106,#2446);
#2433=SHAPE_DEFINITION_REPRESENTATION(#4109,#2447);
#2434=SHAPE_DEFINITION_REPRESENTATION(#4111,#2448);
#2435=SHAPE_DEFINITION_REPRESENTATION(#4113,#2449);
#2436=SHAPE_DEFINITION_REPRESENTATION(#4116,#2450);
#2437=SHAPE_DEFINITION_REPRESENTATION(#4118,#2451);
#2438=SHAPE_REPRESENTATION('total',(#2452,#2565,#2612,#2737),#4061);
#2439=SHAPE_REPRESENTATION('chamber_wo_lid <1>',(#2452,#2523,#2564),#4062);
#2440=SHAPE_REPRESENTATION('outer_wall',(#2452),#4063);
#2441=SHAPE_REPRESENTATION('interior_assembly <1>',(#2452,#2550,#2563),#4064);
#2442=SHAPE_REPRESENTATION('interior',(#2452),#4065);
#2443=SHAPE_REPRESENTATION('drain',(#2452),#4066);
#2444=SHAPE_REPRESENTATION('epdm_seal',(#2452),#4067);
#2445=SHAPE_REPRESENTATION('full_lid <1>',(#2452,#2622,#2623,#2632,#2657,#2666,#2667,#2727,#2736),#4068);
#2446=SHAPE_REPRESENTATION('Part 1',(#2452),#4069);
#2447=SHAPE_REPRESENTATION('pipe_150',(#2452),#4070);
#2448=SHAPE_REPRESENTATION('red_25_50',(#2452),#4071);
#2449=SHAPE_REPRESENTATION('90',(#2452),#4072);
#2450=SHAPE_REPRESENTATION('lid_plate',(#2452),#4073);
#2451=SHAPE_REPRESENTATION('pipe_30',(#2452),#4074);
#2452=AXIS2_PLACEMENT_3D('',#3438,#2738,#2739);
#2453=AXIS2_PLACEMENT_3D('',#3439,#2740,#2741);
#2454=AXIS2_PLACEMENT_3D('',#3456,#2750,#2751);
#2455=AXIS2_PLACEMENT_3D('',#3473,#2760,#2761);
#2456=AXIS2_PLACEMENT_3D('',#3476,#2764,#2765);
#2457=AXIS2_PLACEMENT_3D('',#3479,#2768,#2769);
#2458=AXIS2_PLACEMENT_3D('',#3496,#2778,#2779);
#2459=AXIS2_PLACEMENT_3D('',#3503,#2784,#2785);
#2460=AXIS2_PLACEMENT_3D('',#3509,#2789,#2790);
#2461=AXIS2_PLACEMENT_3D('',#3520,#2797,#2798);
#2462=AXIS2_PLACEMENT_3D('',#3522,#2800,#2801);
#2463=AXIS2_PLACEMENT_3D('',#3523,#2802,#2803);
#2464=AXIS2_PLACEMENT_3D('',#3525,#2804,#2805);
#2465=AXIS2_PLACEMENT_3D('',#3527,#2806,#2807);
#2466=AXIS2_PLACEMENT_3D('',#3529,#2808,#2809);
#2467=AXIS2_PLACEMENT_3D('',#3531,#2810,#2811);
#2468=AXIS2_PLACEMENT_3D('',#3533,#2812,#2813);
#2469=AXIS2_PLACEMENT_3D('',#3535,#2814,#2815);
#2470=AXIS2_PLACEMENT_3D('',#3537,#2816,#2817);
#2471=AXIS2_PLACEMENT_3D('',#3539,#2818,#2819);
#2472=AXIS2_PLACEMENT_3D('',#3541,#2820,#2821);
#2473=AXIS2_PLACEMENT_3D('',#3543,#2822,#2823);
#2474=AXIS2_PLACEMENT_3D('',#3545,#2824,#2825);
#2475=AXIS2_PLACEMENT_3D('',#3555,#2830,#2831);
#2476=AXIS2_PLACEMENT_3D('',#3558,#2834,#2835);
#2477=AXIS2_PLACEMENT_3D('',#3561,#2838,#2839);
#2478=AXIS2_PLACEMENT_3D('',#3562,#2840,#2841);
#2479=AXIS2_PLACEMENT_3D('',#3563,#2842,#2843);
#2480=AXIS2_PLACEMENT_3D('',#3566,#2846,#2847);
#2481=AXIS2_PLACEMENT_3D('',#3567,#2848,#2849);
#2482=AXIS2_PLACEMENT_3D('',#3568,#2850,#2851);
#2483=AXIS2_PLACEMENT_3D('',#3574,#2855,#2856);
#2484=AXIS2_PLACEMENT_3D('',#3578,#2859,#2860);
#2485=AXIS2_PLACEMENT_3D('',#3582,#2863,#2864);
#2486=AXIS2_PLACEMENT_3D('',#3584,#2866,#2867);
#2487=AXIS2_PLACEMENT_3D('',#3585,#2868,#2869);
#2488=AXIS2_PLACEMENT_3D('',#3586,#2870,#2871);
#2489=AXIS2_PLACEMENT_3D('',#3588,#2872,#2873);
#2490=AXIS2_PLACEMENT_3D('',#3589,#2874,#2875);
#2491=AXIS2_PLACEMENT_3D('',#3590,#2876,#2877);
#2492=AXIS2_PLACEMENT_3D('',#3592,#2878,#2879);
#2493=AXIS2_PLACEMENT_3D('',#3593,#2880,#2881);
#2494=AXIS2_PLACEMENT_3D('',#3594,#2882,#2883);
#2495=AXIS2_PLACEMENT_3D('',#3596,#2884,#2885);
#2496=AXIS2_PLACEMENT_3D('',#3597,#2886,#2887);
#2497=AXIS2_PLACEMENT_3D('',#3598,#2888,#2889);
#2498=AXIS2_PLACEMENT_3D('',#3600,#2890,#2891);
#2499=AXIS2_PLACEMENT_3D('',#3601,#2892,#2893);
#2500=AXIS2_PLACEMENT_3D('',#3602,#2894,#2895);
#2501=AXIS2_PLACEMENT_3D('',#3604,#2896,#2897);
#2502=AXIS2_PLACEMENT_3D('',#3605,#2898,#2899);
#2503=AXIS2_PLACEMENT_3D('',#3606,#2900,#2901);
#2504=AXIS2_PLACEMENT_3D('',#3608,#2902,#2903);
#2505=AXIS2_PLACEMENT_3D('',#3609,#2904,#2905);
#2506=AXIS2_PLACEMENT_3D('',#3610,#2906,#2907);
#2507=AXIS2_PLACEMENT_3D('',#3612,#2908,#2909);
#2508=AXIS2_PLACEMENT_3D('',#3613,#2910,#2911);
#2509=AXIS2_PLACEMENT_3D('',#3614,#2912,#2913);
#2510=AXIS2_PLACEMENT_3D('',#3616,#2914,#2915);
#2511=AXIS2_PLACEMENT_3D('',#3617,#2916,#2917);
#2512=AXIS2_PLACEMENT_3D('',#3618,#2918,#2919);
#2513=AXIS2_PLACEMENT_3D('',#3620,#2920,#2921);
#2514=AXIS2_PLACEMENT_3D('',#3621,#2922,#2923);
#2515=AXIS2_PLACEMENT_3D('',#3622,#2924,#2925);
#2516=AXIS2_PLACEMENT_3D('',#3624,#2926,#2927);
#2517=AXIS2_PLACEMENT_3D('',#3625,#2928,#2929);
#2518=AXIS2_PLACEMENT_3D('',#3626,#2930,#2931);
#2519=AXIS2_PLACEMENT_3D('',#3628,#2932,#2933);
#2520=AXIS2_PLACEMENT_3D('',#3629,#2934,#2935);
#2521=AXIS2_PLACEMENT_3D('',#3630,#2936,#2937);
#2522=AXIS2_PLACEMENT_3D('',#3632,#2938,#2939);
#2523=AXIS2_PLACEMENT_3D('',#3633,#2940,#2941);
#2524=AXIS2_PLACEMENT_3D('',#3634,#2942,#2943);
#2525=AXIS2_PLACEMENT_3D('',#3643,#2948,#2949);
#2526=AXIS2_PLACEMENT_3D('',#3649,#2953,#2954);
#2527=AXIS2_PLACEMENT_3D('',#3655,#2958,#2959);
#2528=AXIS2_PLACEMENT_3D('',#3658,#2962,#2963);
#2529=AXIS2_PLACEMENT_3D('',#3659,#2964,#2965);
#2530=AXIS2_PLACEMENT_3D('',#3661,#2966,#2967);
#2531=AXIS2_PLACEMENT_3D('',#3667,#2971,#2972);
#2532=AXIS2_PLACEMENT_3D('',#3671,#2975,#2976);
#2533=AXIS2_PLACEMENT_3D('',#3675,#2979,#2980);
#2534=AXIS2_PLACEMENT_3D('',#3677,#2982,#2983);
#2535=AXIS2_PLACEMENT_3D('',#3686,#2988,#2989);
#2536=AXIS2_PLACEMENT_3D('',#3692,#2993,#2994);
#2537=AXIS2_PLACEMENT_3D('',#3696,#2997,#2998);
#2538=AXIS2_PLACEMENT_3D('',#3700,#3001,#3002);
#2539=AXIS2_PLACEMENT_3D('',#3702,#3004,#3005);
#2540=AXIS2_PLACEMENT_3D('',#3703,#3006,#3007);
#2541=AXIS2_PLACEMENT_3D('',#3705,#3008,#3009);
#2542=AXIS2_PLACEMENT_3D('',#3706,#3010,#3011);
#2543=AXIS2_PLACEMENT_3D('',#3708,#3012,#3013);
#2544=AXIS2_PLACEMENT_3D('',#3709,#3014,#3015);
#2545=AXIS2_PLACEMENT_3D('',#3711,#3016,#3017);
#2546=AXIS2_PLACEMENT_3D('',#3712,#3018,#3019);
#2547=AXIS2_PLACEMENT_3D('',#3714,#3020,#3021);
#2548=AXIS2_PLACEMENT_3D('',#3715,#3022,#3023);
#2549=AXIS2_PLACEMENT_3D('',#3717,#3024,#3025);
#2550=AXIS2_PLACEMENT_3D('',#3718,#3026,#3027);
#2551=AXIS2_PLACEMENT_3D('',#3719,#3028,#3029);
#2552=AXIS2_PLACEMENT_3D('',#3720,#3030,#3031);
#2553=AXIS2_PLACEMENT_3D('',#3722,#3032,#3033);
#2554=AXIS2_PLACEMENT_3D('',#3724,#3034,#3035);
#2555=AXIS2_PLACEMENT_3D('',#3725,#3036,#3037);
#2556=AXIS2_PLACEMENT_3D('',#3727,#3038,#3039);
#2557=AXIS2_PLACEMENT_3D('',#3728,#3040,#3041);
#2558=AXIS2_PLACEMENT_3D('',#3730,#3042,#3043);
#2559=AXIS2_PLACEMENT_3D('',#3731,#3044,#3045);
#2560=AXIS2_PLACEMENT_3D('',#3733,#3046,#3047);
#2561=AXIS2_PLACEMENT_3D('',#3734,#3048,#3049);
#2562=AXIS2_PLACEMENT_3D('',#3736,#3050,#3051);
#2563=AXIS2_PLACEMENT_3D('',#3737,#3052,#3053);
#2564=AXIS2_PLACEMENT_3D('',#3738,#3054,#3055);
#2565=AXIS2_PLACEMENT_3D('',#3739,#3056,#3057);
#2566=AXIS2_PLACEMENT_3D('',#3740,#3058,#3059);
#2567=AXIS2_PLACEMENT_3D('',#3749,#3064,#3065);
#2568=AXIS2_PLACEMENT_3D('',#3755,#3069,#3070);
#2569=AXIS2_PLACEMENT_3D('',#3761,#3074,#3075);
#2570=AXIS2_PLACEMENT_3D('',#3770,#3080,#3081);
#2571=AXIS2_PLACEMENT_3D('',#3776,#3085,#3086);
#2572=AXIS2_PLACEMENT_3D('',#3782,#3090,#3091);
#2573=AXIS2_PLACEMENT_3D('',#3785,#3094,#3095);
#2574=AXIS2_PLACEMENT_3D('',#3788,#3098,#3099);
#2575=AXIS2_PLACEMENT_3D('',#3789,#3100,#3101);
#2576=AXIS2_PLACEMENT_3D('',#3791,#3102,#3103);
#2577=AXIS2_PLACEMENT_3D('',#3793,#3104,#3105);
#2578=AXIS2_PLACEMENT_3D('',#3795,#3106,#3107);
#2579=AXIS2_PLACEMENT_3D('',#3797,#3108,#3109);
#2580=AXIS2_PLACEMENT_3D('',#3799,#3110,#3111);
#2581=AXIS2_PLACEMENT_3D('',#3801,#3112,#3113);
#2582=AXIS2_PLACEMENT_3D('',#3803,#3114,#3115);
#2583=AXIS2_PLACEMENT_3D('',#3805,#3116,#3117);
#2584=AXIS2_PLACEMENT_3D('',#3807,#3118,#3119);
#2585=AXIS2_PLACEMENT_3D('',#3809,#3120,#3121);
#2586=AXIS2_PLACEMENT_3D('',#3811,#3122,#3123);
#2587=AXIS2_PLACEMENT_3D('',#3813,#3124,#3125);
#2588=AXIS2_PLACEMENT_3D('',#3814,#3126,#3127);
#2589=AXIS2_PLACEMENT_3D('',#3816,#3128,#3129);
#2590=AXIS2_PLACEMENT_3D('',#3818,#3130,#3131);
#2591=AXIS2_PLACEMENT_3D('',#3820,#3132,#3133);
#2592=AXIS2_PLACEMENT_3D('',#3822,#3134,#3135);
#2593=AXIS2_PLACEMENT_3D('',#3824,#3136,#3137);
#2594=AXIS2_PLACEMENT_3D('',#3826,#3138,#3139);
#2595=AXIS2_PLACEMENT_3D('',#3828,#3140,#3141);
#2596=AXIS2_PLACEMENT_3D('',#3830,#3142,#3143);
#2597=AXIS2_PLACEMENT_3D('',#3832,#3144,#3145);
#2598=AXIS2_PLACEMENT_3D('',#3834,#3146,#3147);
#2599=AXIS2_PLACEMENT_3D('',#3836,#3148,#3149);
#2600=AXIS2_PLACEMENT_3D('',#3838,#3150,#3151);
#2601=AXIS2_PLACEMENT_3D('',#3839,#3152,#3153);
#2602=AXIS2_PLACEMENT_3D('',#3840,#3154,#3155);
#2603=AXIS2_PLACEMENT_3D('',#3841,#3156,#3157);
#2604=AXIS2_PLACEMENT_3D('',#3842,#3158,#3159);
#2605=AXIS2_PLACEMENT_3D('',#3843,#3160,#3161);
#2606=AXIS2_PLACEMENT_3D('',#3844,#3162,#3163);
#2607=AXIS2_PLACEMENT_3D('',#3845,#3164,#3165);
#2608=AXIS2_PLACEMENT_3D('',#3846,#3166,#3167);
#2609=AXIS2_PLACEMENT_3D('',#3847,#3168,#3169);
#2610=AXIS2_PLACEMENT_3D('',#3848,#3170,#3171);
#2611=AXIS2_PLACEMENT_3D('',#3849,#3172,#3173);
#2612=AXIS2_PLACEMENT_3D('',#3850,#3174,#3175);
#2613=AXIS2_PLACEMENT_3D('',#3851,#3176,#3177);
#2614=AXIS2_PLACEMENT_3D('',#3852,#3178,#3179);
#2615=AXIS2_PLACEMENT_3D('',#3854,#3180,#3181);
#2616=AXIS2_PLACEMENT_3D('',#3856,#3182,#3183);
#2617=AXIS2_PLACEMENT_3D('',#3857,#3184,#3185);
#2618=AXIS2_PLACEMENT_3D('',#3859,#3186,#3187);
#2619=AXIS2_PLACEMENT_3D('',#3860,#3188,#3189);
#2620=AXIS2_PLACEMENT_3D('',#3861,#3190,#3191);
#2621=AXIS2_PLACEMENT_3D('',#3863,#3192,#3193);
#2622=AXIS2_PLACEMENT_3D('',#3864,#3194,#3195);
#2623=AXIS2_PLACEMENT_3D('',#3865,#3196,#3197);
#2624=AXIS2_PLACEMENT_3D('',#3866,#3198,#3199);
#2625=AXIS2_PLACEMENT_3D('',#3867,#3200,#3201);
#2626=AXIS2_PLACEMENT_3D('',#3869,#3202,#3203);
#2627=AXIS2_PLACEMENT_3D('',#3871,#3204,#3205);
#2628=AXIS2_PLACEMENT_3D('',#3872,#3206,#3207);
#2629=AXIS2_PLACEMENT_3D('',#3874,#3208,#3209);
#2630=AXIS2_PLACEMENT_3D('',#3876,#3210,#3211);
#2631=AXIS2_PLACEMENT_3D('',#3877,#3212,#3213);
#2632=AXIS2_PLACEMENT_3D('',#3878,#3214,#3215);
#2633=AXIS2_PLACEMENT_3D('',#3879,#3216,#3217);
#2634=AXIS2_PLACEMENT_3D('',#3880,#3218,#3219);
#2635=AXIS2_PLACEMENT_3D('',#3882,#3220,#3221);
#2636=AXIS2_PLACEMENT_3D('',#3884,#3222,#3223);
#2637=AXIS2_PLACEMENT_3D('',#3885,#3224,#3225);
#2638=AXIS2_PLACEMENT_3D('',#3887,#3226,#3227);
#2639=AXIS2_PLACEMENT_3D('',#3889,#3228,#3229);
#2640=AXIS2_PLACEMENT_3D('',#3890,#3230,#3231);
#2641=AXIS2_PLACEMENT_3D('',#3892,#3232,#3233);
#2642=AXIS2_PLACEMENT_3D('',#3894,#3234,#3235);
#2643=AXIS2_PLACEMENT_3D('',#3895,#3236,#3237);
#2644=AXIS2_PLACEMENT_3D('',#3897,#3238,#3239);
#2645=AXIS2_PLACEMENT_3D('',#3899,#3240,#3241);
#2646=AXIS2_PLACEMENT_3D('',#3900,#3242,#3243);
#2647=AXIS2_PLACEMENT_3D('',#3902,#3244,#3245);
#2648=AXIS2_PLACEMENT_3D('',#3903,#3246,#3247);
#2649=AXIS2_PLACEMENT_3D('',#3904,#3248,#3249);
#2650=AXIS2_PLACEMENT_3D('',#3905,#3250,#3251);
#2651=AXIS2_PLACEMENT_3D('',#3907,#3252,#3253);
#2652=AXIS2_PLACEMENT_3D('',#3908,#3254,#3255);
#2653=AXIS2_PLACEMENT_3D('',#3909,#3256,#3257);
#2654=AXIS2_PLACEMENT_3D('',#3911,#3258,#3259);
#2655=AXIS2_PLACEMENT_3D('',#3912,#3260,#3261);
#2656=AXIS2_PLACEMENT_3D('',#3914,#3262,#3263);
#2657=AXIS2_PLACEMENT_3D('',#3915,#3264,#3265);
#2658=AXIS2_PLACEMENT_3D('',#3916,#3266,#3267);
#2659=AXIS2_PLACEMENT_3D('',#3917,#3268,#3269);
#2660=AXIS2_PLACEMENT_3D('',#3919,#3270,#3271);
#2661=AXIS2_PLACEMENT_3D('',#3921,#3272,#3273);
#2662=AXIS2_PLACEMENT_3D('',#3922,#3274,#3275);
#2663=AXIS2_PLACEMENT_3D('',#3924,#3276,#3277);
#2664=AXIS2_PLACEMENT_3D('',#3925,#3278,#3279);
#2665=AXIS2_PLACEMENT_3D('',#3927,#3280,#3281);
#2666=AXIS2_PLACEMENT_3D('',#3928,#3282,#3283);
#2667=AXIS2_PLACEMENT_3D('',#3929,#3284,#3285);
#2668=AXIS2_PLACEMENT_3D('',#3930,#3286,#3287);
#2669=AXIS2_PLACEMENT_3D('',#3939,#3292,#3293);
#2670=AXIS2_PLACEMENT_3D('',#3945,#3297,#3298);
#2671=AXIS2_PLACEMENT_3D('',#3951,#3302,#3303);
#2672=AXIS2_PLACEMENT_3D('',#3954,#3306,#3307);
#2673=AXIS2_PLACEMENT_3D('',#3955,#3308,#3309);
#2674=AXIS2_PLACEMENT_3D('',#3957,#3310,#3311);
#2675=AXIS2_PLACEMENT_3D('',#3959,#3312,#3313);
#2676=AXIS2_PLACEMENT_3D('',#3961,#3314,#3315);
#2677=AXIS2_PLACEMENT_3D('',#3963,#3316,#3317);
#2678=AXIS2_PLACEMENT_3D('',#3965,#3318,#3319);
#2679=AXIS2_PLACEMENT_3D('',#3967,#3320,#3321);
#2680=AXIS2_PLACEMENT_3D('',#3969,#3322,#3323);
#2681=AXIS2_PLACEMENT_3D('',#3971,#3324,#3325);
#2682=AXIS2_PLACEMENT_3D('',#3973,#3326,#3327);
#2683=AXIS2_PLACEMENT_3D('',#3975,#3328,#3329);
#2684=AXIS2_PLACEMENT_3D('',#3977,#3330,#3331);
#2685=AXIS2_PLACEMENT_3D('',#3979,#3332,#3333);
#2686=AXIS2_PLACEMENT_3D('',#3981,#3334,#3335);
#2687=AXIS2_PLACEMENT_3D('',#3983,#3336,#3337);
#2688=AXIS2_PLACEMENT_3D('',#3985,#3338,#3339);
#2689=AXIS2_PLACEMENT_3D('',#3987,#3340,#3341);
#2690=AXIS2_PLACEMENT_3D('',#3989,#3342,#3343);
#2691=AXIS2_PLACEMENT_3D('',#3990,#3344,#3345);
#2692=AXIS2_PLACEMENT_3D('',#3992,#3346,#3347);
#2693=AXIS2_PLACEMENT_3D('',#3994,#3348,#3349);
#2694=AXIS2_PLACEMENT_3D('',#3996,#3350,#3351);
#2695=AXIS2_PLACEMENT_3D('',#3998,#3352,#3353);
#2696=AXIS2_PLACEMENT_3D('',#4000,#3354,#3355);
#2697=AXIS2_PLACEMENT_3D('',#4002,#3356,#3357);
#2698=AXIS2_PLACEMENT_3D('',#4004,#3358,#3359);
#2699=AXIS2_PLACEMENT_3D('',#4006,#3360,#3361);
#2700=AXIS2_PLACEMENT_3D('',#4008,#3362,#3363);
#2701=AXIS2_PLACEMENT_3D('',#4010,#3364,#3365);
#2702=AXIS2_PLACEMENT_3D('',#4012,#3366,#3367);
#2703=AXIS2_PLACEMENT_3D('',#4014,#3368,#3369);
#2704=AXIS2_PLACEMENT_3D('',#4016,#3370,#3371);
#2705=AXIS2_PLACEMENT_3D('',#4018,#3372,#3373);
#2706=AXIS2_PLACEMENT_3D('',#4020,#3374,#3375);
#2707=AXIS2_PLACEMENT_3D('',#4021,#3376,#3377);
#2708=AXIS2_PLACEMENT_3D('',#4022,#3378,#3379);
#2709=AXIS2_PLACEMENT_3D('',#4023,#3380,#3381);
#2710=AXIS2_PLACEMENT_3D('',#4024,#3382,#3383);
#2711=AXIS2_PLACEMENT_3D('',#4025,#3384,#3385);
#2712=AXIS2_PLACEMENT_3D('',#4026,#3386,#3387);
#2713=AXIS2_PLACEMENT_3D('',#4027,#3388,#3389);
#2714=AXIS2_PLACEMENT_3D('',#4028,#3390,#3391);
#2715=AXIS2_PLACEMENT_3D('',#4029,#3392,#3393);
#2716=AXIS2_PLACEMENT_3D('',#4030,#3394,#3395);
#2717=AXIS2_PLACEMENT_3D('',#4031,#3396,#3397);
#2718=AXIS2_PLACEMENT_3D('',#4032,#3398,#3399);
#2719=AXIS2_PLACEMENT_3D('',#4033,#3400,#3401);
#2720=AXIS2_PLACEMENT_3D('',#4034,#3402,#3403);
#2721=AXIS2_PLACEMENT_3D('',#4035,#3404,#3405);
#2722=AXIS2_PLACEMENT_3D('',#4037,#3406,#3407);
#2723=AXIS2_PLACEMENT_3D('',#4039,#3408,#3409);
#2724=AXIS2_PLACEMENT_3D('',#4040,#3410,#3411);
#2725=AXIS2_PLACEMENT_3D('',#4042,#3412,#3413);
#2726=AXIS2_PLACEMENT_3D('',#4044,#3414,#3415);
#2727=AXIS2_PLACEMENT_3D('',#4045,#3416,#3417);
#2728=AXIS2_PLACEMENT_3D('',#4046,#3418,#3419);
#2729=AXIS2_PLACEMENT_3D('',#4047,#3420,#3421);
#2730=AXIS2_PLACEMENT_3D('',#4049,#3422,#3423);
#2731=AXIS2_PLACEMENT_3D('',#4051,#3424,#3425);
#2732=AXIS2_PLACEMENT_3D('',#4052,#3426,#3427);
#2733=AXIS2_PLACEMENT_3D('',#4054,#3428,#3429);
#2734=AXIS2_PLACEMENT_3D('',#4056,#3430,#3431);
#2735=AXIS2_PLACEMENT_3D('',#4057,#3432,#3433);
#2736=AXIS2_PLACEMENT_3D('',#4058,#3434,#3435);
#2737=AXIS2_PLACEMENT_3D('',#4059,#3436,#3437);
#2738=DIRECTION('',(0.,0.,1.));
#2739=DIRECTION('',(1.,0.,0.));
#2740=DIRECTION('',(0.,1.,0.));
#2741=DIRECTION('',(0.,0.,1.));
#2742=DIRECTION('',(1.,0.,0.));
#2743=DIRECTION('',(0.,0.,-1.));
#2744=DIRECTION('',(1.,0.,0.));
#2745=DIRECTION('',(0.,0.,-1.));
#2746=DIRECTION('',(-1.,0.,0.));
#2747=DIRECTION('',(0.,0.,1.));
#2748=DIRECTION('',(1.,0.,0.));
#2749=DIRECTION('',(0.,0.,-1.));
#2750=DIRECTION('',(0.,1.,0.));
#2751=DIRECTION('',(0.,0.,1.));
#2752=DIRECTION('',(0.,0.,-1.));
#2753=DIRECTION('',(1.,0.,0.));
#2754=DIRECTION('',(0.,0.,-1.));
#2755=DIRECTION('',(1.,0.,0.));
#2756=DIRECTION('',(0.,0.,1.));
#2757=DIRECTION('',(-1.,0.,0.));
#2758=DIRECTION('',(0.,0.,-1.));
#2759=DIRECTION('',(1.,0.,0.));
#2760=DIRECTION('',(1.,0.,0.));
#2761=DIRECTION('',(0.,0.,-1.));
#2762=DIRECTION('',(0.,-1.,0.));
#2763=DIRECTION('',(0.,-1.,0.));
#2764=DIRECTION('',(1.,0.,0.));
#2765=DIRECTION('',(0.,0.,-1.));
#2766=DIRECTION('',(0.,-1.,0.));
#2767=DIRECTION('',(0.,-1.,0.));
#2768=DIRECTION('',(0.,1.,0.));
#2769=DIRECTION('',(0.,0.,1.));
#2770=DIRECTION('',(-1.,0.,0.));
#2771=DIRECTION('',(0.,0.,-1.));
#2772=DIRECTION('',(1.,0.,0.));
#2773=DIRECTION('',(0.,0.,-1.));
#2774=DIRECTION('',(1.,0.,0.));
#2775=DIRECTION('',(0.,0.,-1.));
#2776=DIRECTION('',(1.,0.,0.));
#2777=DIRECTION('',(0.,0.,1.));
#2778=DIRECTION('',(0.,0.,1.));
#2779=DIRECTION('',(1.,0.,0.));
#2780=DIRECTION('',(0.,-1.,0.));
#2781=DIRECTION('',(0.,-1.,0.));
#2782=DIRECTION('',(1.,0.,0.));
#2783=DIRECTION('',(0.,-1.,0.));
#2784=DIRECTION('',(1.,0.,0.));
#2785=DIRECTION('',(0.,0.,-1.));
#2786=DIRECTION('',(0.,-1.,0.));
#2787=DIRECTION('',(0.,0.,-1.));
#2788=DIRECTION('',(0.,-1.,0.));
#2789=DIRECTION('',(0.,1.,0.));
#2790=DIRECTION('',(0.,0.,1.));
#2791=DIRECTION('',(1.,0.,0.));
#2792=DIRECTION('',(0.,0.,1.));
#2793=DIRECTION('',(1.,0.,0.));
#2794=DIRECTION('',(0.,0.,-1.));
#2795=DIRECTION('',(0.,0.,-1.));
#2796=DIRECTION('',(1.,0.,0.));
#2797=DIRECTION('',(1.,0.,0.));
#2798=DIRECTION('',(0.,0.,-1.));
#2799=DIRECTION('',(0.,-1.,0.));
#2800=DIRECTION('',(0.,0.,1.));
#2801=DIRECTION('',(1.,0.,0.));
#2802=DIRECTION('',(0.,0.,-1.));
#2803=DIRECTION('',(-1.,0.,0.));
#2804=DIRECTION('',(0.,0.,-1.));
#2805=DIRECTION('',(-1.,0.,0.));
#2806=DIRECTION('',(0.,0.,-1.));
#2807=DIRECTION('',(-1.,0.,0.));
#2808=DIRECTION('',(0.,0.,-1.));
#2809=DIRECTION('',(-1.,0.,0.));
#2810=DIRECTION('',(0.,0.,-1.));
#2811=DIRECTION('',(-1.,0.,0.));
#2812=DIRECTION('',(0.,0.,-1.));
#2813=DIRECTION('',(-1.,0.,0.));
#2814=DIRECTION('',(0.,0.,-1.));
#2815=DIRECTION('',(-1.,0.,0.));
#2816=DIRECTION('',(0.,0.,-1.));
#2817=DIRECTION('',(-1.,0.,0.));
#2818=DIRECTION('',(0.,0.,-1.));
#2819=DIRECTION('',(-1.,0.,0.));
#2820=DIRECTION('',(0.,0.,-1.));
#2821=DIRECTION('',(-1.,0.,0.));
#2822=DIRECTION('',(0.,0.,-1.));
#2823=DIRECTION('',(-1.,0.,0.));
#2824=DIRECTION('',(0.,0.,-1.));
#2825=DIRECTION('',(-1.,0.,0.));
#2826=DIRECTION('',(0.,-1.,0.));
#2827=DIRECTION('',(1.,0.,0.));
#2828=DIRECTION('',(0.,-1.,0.));
#2829=DIRECTION('',(1.,0.,0.));
#2830=DIRECTION('',(0.,0.,1.));
#2831=DIRECTION('',(1.,0.,0.));
#2832=DIRECTION('',(0.,-1.,0.));
#2833=DIRECTION('',(0.,-1.,0.));
#2834=DIRECTION('',(0.,0.,-1.));
#2835=DIRECTION('',(-1.,0.,0.));
#2836=DIRECTION('',(0.,-1.,0.));
#2837=DIRECTION('',(0.,-1.,0.));
#2838=DIRECTION('',(-1.,0.,0.));
#2839=DIRECTION('',(0.,0.,1.));
#2840=DIRECTION('',(1.,0.,0.));
#2841=DIRECTION('',(0.,0.,-1.));
#2842=DIRECTION('',(0.,0.,-1.));
#2843=DIRECTION('',(-1.,0.,0.));
#2844=DIRECTION('',(0.,-1.,0.));
#2845=DIRECTION('',(0.,-1.,0.));
#2846=DIRECTION('',(1.,0.,0.));
#2847=DIRECTION('',(0.,0.,-1.));
#2848=DIRECTION('',(-1.,0.,0.));
#2849=DIRECTION('',(0.,0.,1.));
#2850=DIRECTION('',(-1.,0.,0.));
#2851=DIRECTION('',(0.,0.,1.));
#2852=DIRECTION('',(0.,0.,1.));
#2853=DIRECTION('',(0.,-1.,0.));
#2854=DIRECTION('',(0.,0.,1.));
#2855=DIRECTION('',(0.,-1.,0.));
#2856=DIRECTION('',(0.,0.,-1.));
#2857=DIRECTION('',(1.,0.,0.));
#2858=DIRECTION('',(0.,0.,1.));
#2859=DIRECTION('',(-1.,0.,0.));
#2860=DIRECTION('',(0.,0.,1.));
#2861=DIRECTION('',(0.,-1.,0.));
#2862=DIRECTION('',(0.,0.,1.));
#2863=DIRECTION('',(0.,-1.,0.));
#2864=DIRECTION('',(0.,0.,-1.));
#2865=DIRECTION('',(1.,0.,0.));
#2866=DIRECTION('',(0.,0.,1.));
#2867=DIRECTION('',(1.,0.,0.));
#2868=DIRECTION('',(0.,0.,1.));
#2869=DIRECTION('',(1.,0.,0.));
#2870=DIRECTION('',(0.,0.,-1.));
#2871=DIRECTION('',(-1.,0.,0.));
#2872=DIRECTION('',(0.,0.,-1.));
#2873=DIRECTION('',(-1.,0.,0.));
#2874=DIRECTION('',(0.,0.,1.));
#2875=DIRECTION('',(1.,0.,0.));
#2876=DIRECTION('',(0.,0.,-1.));
#2877=DIRECTION('',(-1.,0.,0.));
#2878=DIRECTION('',(0.,0.,-1.));
#2879=DIRECTION('',(-1.,0.,0.));
#2880=DIRECTION('',(0.,0.,1.));
#2881=DIRECTION('',(1.,0.,0.));
#2882=DIRECTION('',(0.,0.,-1.));
#2883=DIRECTION('',(-1.,0.,0.));
#2884=DIRECTION('',(0.,0.,-1.));
#2885=DIRECTION('',(-1.,0.,0.));
#2886=DIRECTION('',(0.,0.,1.));
#2887=DIRECTION('',(1.,0.,0.));
#2888=DIRECTION('',(0.,0.,-1.));
#2889=DIRECTION('',(-1.,0.,0.));
#2890=DIRECTION('',(0.,0.,-1.));
#2891=DIRECTION('',(-1.,0.,0.));
#2892=DIRECTION('',(0.,0.,1.));
#2893=DIRECTION('',(1.,0.,0.));
#2894=DIRECTION('',(0.,0.,-1.));
#2895=DIRECTION('',(-1.,0.,0.));
#2896=DIRECTION('',(0.,0.,-1.));
#2897=DIRECTION('',(-1.,0.,0.));
#2898=DIRECTION('',(0.,0.,1.));
#2899=DIRECTION('',(1.,0.,0.));
#2900=DIRECTION('',(0.,0.,-1.));
#2901=DIRECTION('',(-1.,0.,0.));
#2902=DIRECTION('',(0.,0.,-1.));
#2903=DIRECTION('',(-1.,0.,0.));
#2904=DIRECTION('',(0.,0.,1.));
#2905=DIRECTION('',(1.,0.,0.));
#2906=DIRECTION('',(0.,0.,-1.));
#2907=DIRECTION('',(-1.,0.,0.));
#2908=DIRECTION('',(0.,0.,-1.));
#2909=DIRECTION('',(-1.,0.,0.));
#2910=DIRECTION('',(0.,0.,1.));
#2911=DIRECTION('',(1.,0.,0.));
#2912=DIRECTION('',(0.,0.,-1.));
#2913=DIRECTION('',(-1.,0.,0.));
#2914=DIRECTION('',(0.,0.,-1.));
#2915=DIRECTION('',(-1.,0.,0.));
#2916=DIRECTION('',(0.,0.,1.));
#2917=DIRECTION('',(1.,0.,0.));
#2918=DIRECTION('',(0.,0.,-1.));
#2919=DIRECTION('',(-1.,0.,0.));
#2920=DIRECTION('',(0.,0.,-1.));
#2921=DIRECTION('',(-1.,0.,0.));
#2922=DIRECTION('',(0.,0.,1.));
#2923=DIRECTION('',(1.,0.,0.));
#2924=DIRECTION('',(0.,0.,-1.));
#2925=DIRECTION('',(-1.,0.,0.));
#2926=DIRECTION('',(0.,0.,-1.));
#2927=DIRECTION('',(-1.,0.,0.));
#2928=DIRECTION('',(0.,0.,1.));
#2929=DIRECTION('',(1.,0.,0.));
#2930=DIRECTION('',(0.,0.,-1.));
#2931=DIRECTION('',(-1.,0.,0.));
#2932=DIRECTION('',(0.,0.,-1.));
#2933=DIRECTION('',(-1.,0.,0.));
#2934=DIRECTION('',(0.,0.,1.));
#2935=DIRECTION('',(1.,0.,0.));
#2936=DIRECTION('',(0.,0.,-1.));
#2937=DIRECTION('',(-1.,0.,0.));
#2938=DIRECTION('',(0.,0.,-1.));
#2939=DIRECTION('',(-1.,0.,0.));
#2940=DIRECTION('',(7.00812190993956E-09,1.46053927840839E-08,1.));
#2941=DIRECTION('',(1.,9.39785645325063E-09,-7.00812204719894E-09));
#2942=DIRECTION('',(-1.,-1.7347234759768E-16,0.));
#2943=DIRECTION('',(1.7347234759768E-16,-1.,0.));
#2944=DIRECTION('',(-1.7347234759768E-16,1.,0.));
#2945=DIRECTION('',(0.,0.,-1.));
#2946=DIRECTION('',(-1.7347234759768E-16,1.,0.));
#2947=DIRECTION('',(0.,0.,-1.));
#2948=DIRECTION('',(0.,1.,0.));
#2949=DIRECTION('',(0.,0.,1.));
#2950=DIRECTION('',(1.,0.,0.));
#2951=DIRECTION('',(0.,0.,-1.));
#2952=DIRECTION('',(1.,0.,0.));
#2953=DIRECTION('',(-1.,-1.7347234759768E-16,0.));
#2954=DIRECTION('',(1.7347234759768E-16,-1.,0.));
#2955=DIRECTION('',(-1.7347234759768E-16,1.,0.));
#2956=DIRECTION('',(0.,0.,-1.));
#2957=DIRECTION('',(-1.7347234759768E-16,1.,0.));
#2958=DIRECTION('',(0.,1.,0.));
#2959=DIRECTION('',(0.,0.,1.));
#2960=DIRECTION('',(1.,0.,0.));
#2961=DIRECTION('',(1.,0.,0.));
#2962=DIRECTION('',(0.,0.,1.));
#2963=DIRECTION('',(1.,0.,0.));
#2964=DIRECTION('',(0.,0.,1.));
#2965=DIRECTION('',(1.,0.,0.));
#2966=DIRECTION('',(0.825644641500814,0.,0.564190505025556));
#2967=DIRECTION('',(0.564190505025556,0.,-0.825644641500814));
#2968=DIRECTION('',(0.49137928862116,0.49137928862116,-0.719091641884625));
#2969=DIRECTION('',(0.,-1.,0.));
#2970=DIRECTION('',(0.49137928862116,-0.49137928862116,-0.719091641884625));
#2971=DIRECTION('',(0.,0.825644641500814,0.564190505025556));
#2972=DIRECTION('',(0.,-0.564190505025556,0.825644641500814));
#2973=DIRECTION('',(-0.49137928862116,0.49137928862116,-0.719091641884625));
#2974=DIRECTION('',(1.,0.,0.));
#2975=DIRECTION('',(0.825644641500814,0.,-0.564190505025556));
#2976=DIRECTION('',(-0.564190505025556,0.,-0.825644641500814));
#2977=DIRECTION('',(-0.49137928862116,-0.49137928862116,-0.719091641884625));
#2978=DIRECTION('',(0.,-1.,0.));
#2979=DIRECTION('',(0.,0.825644641500814,-0.564190505025556));
#2980=DIRECTION('',(0.,0.564190505025556,0.825644641500814));
#2981=DIRECTION('',(1.,0.,0.));
#2982=DIRECTION('',(0.,0.,1.));
#2983=DIRECTION('',(1.,0.,0.));
#2984=DIRECTION('',(1.,0.,0.));
#2985=DIRECTION('',(0.,-1.,0.));
#2986=DIRECTION('',(1.,0.,0.));
#2987=DIRECTION('',(0.,-1.,0.));
#2988=DIRECTION('',(0.825644641500814,0.,0.564190505025556));
#2989=DIRECTION('',(0.564190505025556,0.,-0.825644641500814));
#2990=DIRECTION('',(0.,-1.,0.));
#2991=DIRECTION('',(0.49137928862116,-0.49137928862116,-0.719091641884625));
#2992=DIRECTION('',(0.49137928862116,0.49137928862116,-0.719091641884625));
#2993=DIRECTION('',(0.,0.825644641500814,0.564190505025556));
#2994=DIRECTION('',(0.,-0.564190505025557,0.825644641500814));
#2995=DIRECTION('',(-0.49137928862116,0.49137928862116,-0.719091641884625));
#2996=DIRECTION('',(1.,0.,0.));
#2997=DIRECTION('',(0.825644641500814,0.,-0.564190505025556));
#2998=DIRECTION('',(-0.564190505025556,0.,-0.825644641500814));
#2999=DIRECTION('',(-0.49137928862116,-0.49137928862116,-0.719091641884625));
#3000=DIRECTION('',(0.,-1.,0.));
#3001=DIRECTION('',(0.,0.825644641500814,-0.564190505025556));
#3002=DIRECTION('',(0.,0.564190505025556,0.825644641500814));
#3003=DIRECTION('',(1.,0.,0.));
#3004=DIRECTION('',(0.,0.,1.));
#3005=DIRECTION('',(1.,0.,0.));
#3006=DIRECTION('',(0.,0.,-1.));
#3007=DIRECTION('',(-1.,0.,0.));
#3008=DIRECTION('',(0.,0.,-1.));
#3009=DIRECTION('',(-1.,0.,0.));
#3010=DIRECTION('',(0.,0.,-1.));
#3011=DIRECTION('',(-1.,0.,0.));
#3012=DIRECTION('',(0.,0.,1.));
#3013=DIRECTION('',(1.,0.,0.));
#3014=DIRECTION('',(0.,0.,-1.));
#3015=DIRECTION('',(-1.,0.,0.));
#3016=DIRECTION('',(0.,0.,-1.));
#3017=DIRECTION('',(-1.,0.,0.));
#3018=DIRECTION('',(0.,0.,-1.));
#3019=DIRECTION('',(-1.,0.,0.));
#3020=DIRECTION('',(0.,0.,1.));
#3021=DIRECTION('',(1.,0.,0.));
#3022=DIRECTION('',(0.,0.,-1.));
#3023=DIRECTION('',(-1.,0.,0.));
#3024=DIRECTION('',(0.,0.,1.));
#3025=DIRECTION('',(1.,0.,0.));
#3026=DIRECTION('',(7.00812190993956E-09,1.46053927840839E-08,1.));
#3027=DIRECTION('',(1.,9.39785645325063E-09,-7.00812204719894E-09));
#3028=DIRECTION('',(0.,0.,-1.));
#3029=DIRECTION('',(-1.,0.,0.));
#3030=DIRECTION('',(0.,0.,-1.));
#3031=DIRECTION('',(-1.,0.,0.));
#3032=DIRECTION('',(0.,0.,-1.));
#3033=DIRECTION('',(-1.,0.,0.));
#3034=DIRECTION('',(0.,0.,1.));
#3035=DIRECTION('',(1.,0.,0.));
#3036=DIRECTION('',(0.,0.,-1.));
#3037=DIRECTION('',(-1.,0.,0.));
#3038=DIRECTION('',(0.,0.,-1.));
#3039=DIRECTION('',(-1.,0.,0.));
#3040=DIRECTION('',(0.,0.,-1.));
#3041=DIRECTION('',(-1.,0.,0.));
#3042=DIRECTION('',(0.,0.,1.));
#3043=DIRECTION('',(1.,0.,0.));
#3044=DIRECTION('',(0.,0.,-1.));
#3045=DIRECTION('',(-1.,0.,0.));
#3046=DIRECTION('',(0.,0.,-1.));
#3047=DIRECTION('',(-1.,0.,0.));
#3048=DIRECTION('',(0.,0.,-1.));
#3049=DIRECTION('',(-1.,0.,0.));
#3050=DIRECTION('',(0.,0.,1.));
#3051=DIRECTION('',(1.,0.,0.));
#3052=DIRECTION('',(7.00812190993956E-09,1.46053927840839E-08,1.));
#3053=DIRECTION('',(1.,9.39785645325063E-09,-7.00812204719894E-09));
#3054=DIRECTION('',(0.,0.,1.));
#3055=DIRECTION('',(1.,0.,0.));
#3056=DIRECTION('',(0.,0.,1.));
#3057=DIRECTION('',(1.,0.,0.));
#3058=DIRECTION('',(1.75668200098917E-16,0.,-1.));
#3059=DIRECTION('',(-1.,0.,-1.75668200098917E-16));
#3060=DIRECTION('',(-1.,0.,-1.75668200098917E-16));
#3061=DIRECTION('',(0.,1.,0.));
#3062=DIRECTION('',(-1.,0.,-1.75668200098917E-16));
#3063=DIRECTION('',(0.,1.,0.));
#3064=DIRECTION('',(1.,0.,-1.75668200098917E-16));
#3065=DIRECTION('',(-1.75668200098917E-16,0.,-1.));
#3066=DIRECTION('',(-1.75668200098917E-16,0.,-1.));
#3067=DIRECTION('',(0.,1.,0.));
#3068=DIRECTION('',(-1.75668200098917E-16,0.,-1.));
#3069=DIRECTION('',(1.75668200098917E-16,0.,-1.));
#3070=DIRECTION('',(-1.,0.,-1.75668200098917E-16));
#3071=DIRECTION('',(-1.,0.,-1.75668200098917E-16));
#3072=DIRECTION('',(0.,1.,0.));
#3073=DIRECTION('',(-1.,0.,-1.75668200098917E-16));
#3074=DIRECTION('',(1.,0.,2.84672570416707E-16));
#3075=DIRECTION('',(2.84672570416707E-16,0.,-1.));
#3076=DIRECTION('',(2.84672570416707E-16,0.,-1.));
#3077=DIRECTION('',(0.,1.,0.));
#3078=DIRECTION('',(2.84672570416707E-16,0.,-1.));
#3079=DIRECTION('',(0.,1.,0.));
#3080=DIRECTION('',(1.42336285208353E-16,0.,-1.));
#3081=DIRECTION('',(-1.,0.,-1.42336285208353E-16));
#3082=DIRECTION('',(-1.,0.,-1.42336285208353E-16));
#3083=DIRECTION('',(0.,1.,0.));
#3084=DIRECTION('',(-1.,0.,-1.42336285208353E-16));
#3085=DIRECTION('',(1.,0.,2.84672570416707E-16));
#3086=DIRECTION('',(2.84672570416707E-16,0.,-1.));
#3087=DIRECTION('',(2.84672570416707E-16,0.,-1.));
#3088=DIRECTION('',(0.,1.,0.));
#3089=DIRECTION('',(2.84672570416707E-16,0.,-1.));
#3090=DIRECTION('',(1.42336285208353E-16,0.,-1.));
#3091=DIRECTION('',(-1.,0.,-1.42336285208353E-16));
#3092=DIRECTION('',(-1.,0.,-1.42336285208353E-16));
#3093=DIRECTION('',(-1.,0.,-1.42336285208353E-16));
#3094=DIRECTION('',(1.,0.,-1.75668200098917E-16));
#3095=DIRECTION('',(-1.75668200098917E-16,0.,-1.));
#3096=DIRECTION('',(-1.75668200098917E-16,0.,-1.));
#3097=DIRECTION('',(-1.75668200098917E-16,0.,-1.));
#3098=DIRECTION('',(0.,-1.,0.));
#3099=DIRECTION('',(1.,0.,0.));
#3100=DIRECTION('',(0.,-1.,0.));
#3101=DIRECTION('',(0.,0.,-1.));
#3102=DIRECTION('',(0.,-1.,0.));
#3103=DIRECTION('',(0.,0.,-1.));
#3104=DIRECTION('',(0.,-1.,0.));
#3105=DIRECTION('',(0.,0.,-1.));
#3106=DIRECTION('',(0.,-1.,0.));
#3107=DIRECTION('',(0.,0.,-1.));
#3108=DIRECTION('',(0.,-1.,0.));
#3109=DIRECTION('',(0.,0.,-1.));
#3110=DIRECTION('',(0.,-1.,0.));
#3111=DIRECTION('',(0.,0.,-1.));
#3112=DIRECTION('',(0.,-1.,0.));
#3113=DIRECTION('',(0.,0.,-1.));
#3114=DIRECTION('',(0.,-1.,0.));
#3115=DIRECTION('',(0.,0.,-1.));
#3116=DIRECTION('',(0.,-1.,0.));
#3117=DIRECTION('',(0.,0.,-1.));
#3118=DIRECTION('',(0.,-1.,0.));
#3119=DIRECTION('',(0.,0.,-1.));
#3120=DIRECTION('',(0.,-1.,0.));
#3121=DIRECTION('',(0.,0.,-1.));
#3122=DIRECTION('',(0.,-1.,0.));
#3123=DIRECTION('',(0.,0.,-1.));
#3124=DIRECTION('',(0.,-1.,0.));
#3125=DIRECTION('',(1.,0.,0.));
#3126=DIRECTION('',(0.,-1.,0.));
#3127=DIRECTION('',(0.,0.,-1.));
#3128=DIRECTION('',(0.,-1.,0.));
#3129=DIRECTION('',(0.,0.,-1.));
#3130=DIRECTION('',(0.,-1.,0.));
#3131=DIRECTION('',(0.,0.,-1.));
#3132=DIRECTION('',(0.,-1.,0.));
#3133=DIRECTION('',(0.,0.,-1.));
#3134=DIRECTION('',(0.,-1.,0.));
#3135=DIRECTION('',(0.,0.,-1.));
#3136=DIRECTION('',(0.,-1.,0.));
#3137=DIRECTION('',(0.,0.,-1.));
#3138=DIRECTION('',(0.,-1.,0.));
#3139=DIRECTION('',(0.,0.,-1.));
#3140=DIRECTION('',(0.,-1.,0.));
#3141=DIRECTION('',(0.,0.,-1.));
#3142=DIRECTION('',(0.,-1.,0.));
#3143=DIRECTION('',(0.,0.,-1.));
#3144=DIRECTION('',(0.,-1.,0.));
#3145=DIRECTION('',(0.,0.,-1.));
#3146=DIRECTION('',(0.,-1.,0.));
#3147=DIRECTION('',(0.,0.,-1.));
#3148=DIRECTION('',(0.,-1.,0.));
#3149=DIRECTION('',(0.,0.,-1.));
#3150=DIRECTION('',(0.,-1.,0.));
#3151=DIRECTION('',(0.,0.,-1.));
#3152=DIRECTION('',(0.,-1.,0.));
#3153=DIRECTION('',(0.,0.,-1.));
#3154=DIRECTION('',(0.,-1.,0.));
#3155=DIRECTION('',(0.,0.,-1.));
#3156=DIRECTION('',(0.,-1.,0.));
#3157=DIRECTION('',(0.,0.,-1.));
#3158=DIRECTION('',(0.,-1.,0.));
#3159=DIRECTION('',(0.,0.,-1.));
#3160=DIRECTION('',(0.,-1.,0.));
#3161=DIRECTION('',(0.,0.,-1.));
#3162=DIRECTION('',(0.,-1.,0.));
#3163=DIRECTION('',(0.,0.,-1.));
#3164=DIRECTION('',(0.,-1.,0.));
#3165=DIRECTION('',(0.,0.,-1.));
#3166=DIRECTION('',(0.,-1.,0.));
#3167=DIRECTION('',(0.,0.,-1.));
#3168=DIRECTION('',(0.,-1.,0.));
#3169=DIRECTION('',(0.,0.,-1.));
#3170=DIRECTION('',(0.,-1.,0.));
#3171=DIRECTION('',(0.,0.,-1.));
#3172=DIRECTION('',(0.,-1.,0.));
#3173=DIRECTION('',(0.,0.,-1.));
#3174=DIRECTION('',(-1.,-9.39785633932528E-09,7.00812199421981E-09));
#3175=DIRECTION('',(-9.39785644168165E-09,1.,-1.46053926078106E-08));
#3176=DIRECTION('',(0.,0.,-1.));
#3177=DIRECTION('',(-1.,0.,0.));
#3178=DIRECTION('',(0.,0.,1.));
#3179=DIRECTION('',(1.,0.,0.));
#3180=DIRECTION('',(0.,0.,1.));
#3181=DIRECTION('',(1.,0.,0.));
#3182=DIRECTION('',(0.,0.,1.));
#3183=DIRECTION('',(1.,0.,0.));
#3184=DIRECTION('',(0.,0.,1.));
#3185=DIRECTION('',(1.,0.,0.));
#3186=DIRECTION('',(0.,0.,1.));
#3187=DIRECTION('',(1.,0.,0.));
#3188=DIRECTION('',(0.,0.,-1.));
#3189=DIRECTION('',(-1.,0.,0.));
#3190=DIRECTION('',(0.,0.,1.));
#3191=DIRECTION('',(1.,0.,0.));
#3192=DIRECTION('',(0.,0.,1.));
#3193=DIRECTION('',(1.,0.,0.));
#3194=DIRECTION('',(7.00812190993955E-09,1.4605392784084E-08,1.));
#3195=DIRECTION('',(-9.39785653985499E-09,1.,-1.46053927182226E-08));
#3196=DIRECTION('',(7.00812190993955E-09,1.4605392784084E-08,1.));
#3197=DIRECTION('',(-9.39785653985499E-09,1.,-1.46053927182226E-08));
#3198=DIRECTION('',(0.,1.,0.));
#3199=DIRECTION('',(0.,0.,1.));
#3200=DIRECTION('',(0.,-1.,0.));
#3201=DIRECTION('',(0.,0.,-1.));
#3202=DIRECTION('',(0.,-1.,0.));
#3203=DIRECTION('',(0.,0.,-1.));
#3204=DIRECTION('',(0.,1.,0.));
#3205=DIRECTION('',(0.,0.,1.));
#3206=DIRECTION('',(0.,-1.,0.));
#3207=DIRECTION('',(0.,0.,-1.));
#3208=DIRECTION('',(0.,-1.,0.));
#3209=DIRECTION('',(0.,0.,-1.));
#3210=DIRECTION('',(0.,-1.,0.));
#3211=DIRECTION('',(1.,0.,0.));
#3212=DIRECTION('',(0.,-1.,0.));
#3213=DIRECTION('',(1.,0.,0.));
#3214=DIRECTION('',(0.70710677454126,0.707106787831835,-1.52830628559052E-08));
#3215=DIRECTION('',(-7.00812186664176E-09,-1.46053928273817E-08,-1.));
#3216=DIRECTION('',(0.,0.,1.));
#3217=DIRECTION('',(1.,0.,0.));
#3218=DIRECTION('',(0.,0.,1.));
#3219=DIRECTION('',(1.,0.,0.));
#3220=DIRECTION('',(0.,0.,1.));
#3221=DIRECTION('',(1.,0.,0.));
#3222=DIRECTION('',(0.,0.,-1.));
#3223=DIRECTION('',(-1.,0.,0.));
#3224=DIRECTION('',(0.,0.,1.));
#3225=DIRECTION('',(1.,0.,0.));
#3226=DIRECTION('',(0.,0.,1.));
#3227=DIRECTION('',(1.,0.,0.));
#3228=DIRECTION('',(0.,0.,1.));
#3229=DIRECTION('',(1.,0.,0.));
#3230=DIRECTION('',(0.,0.,1.));
#3231=DIRECTION('',(1.,0.,0.));
#3232=DIRECTION('',(0.,0.,1.));
#3233=DIRECTION('',(1.,0.,0.));
#3234=DIRECTION('',(0.,0.,1.));
#3235=DIRECTION('',(1.,0.,0.));
#3236=DIRECTION('',(0.,0.,1.));
#3237=DIRECTION('',(1.,0.,0.));
#3238=DIRECTION('',(0.,0.,1.));
#3239=DIRECTION('',(1.,0.,0.));
#3240=DIRECTION('',(0.,0.,1.));
#3241=DIRECTION('',(1.,0.,0.));
#3242=DIRECTION('',(0.,0.,1.));
#3243=DIRECTION('',(1.,0.,0.));
#3244=DIRECTION('',(0.,0.,1.));
#3245=DIRECTION('',(-1.,0.,0.));
#3246=DIRECTION('',(0.,0.,-1.));
#3247=DIRECTION('',(1.,0.,0.));
#3248=DIRECTION('',(0.,0.,1.));
#3249=DIRECTION('',(-1.,0.,0.));
#3250=DIRECTION('',(0.,0.,1.));
#3251=DIRECTION('',(1.,0.,0.));
#3252=DIRECTION('',(0.,0.,1.));
#3253=DIRECTION('',(1.,0.,0.));
#3254=DIRECTION('',(0.,0.,1.));
#3255=DIRECTION('',(1.,0.,0.));
#3256=DIRECTION('',(0.,0.,1.));
#3257=DIRECTION('',(1.,0.,0.));
#3258=DIRECTION('',(0.,0.,-1.));
#3259=DIRECTION('',(1.,0.,0.));
#3260=DIRECTION('',(0.,0.,1.));
#3261=DIRECTION('',(1.,0.,0.));
#3262=DIRECTION('',(0.,0.,1.));
#3263=DIRECTION('',(1.,0.,0.));
#3264=DIRECTION('',(7.00812190993955E-09,1.4605392784084E-08,1.));
#3265=DIRECTION('',(-9.39785653985499E-09,1.,-1.46053927182226E-08));
#3266=DIRECTION('',(1.,0.,0.));
#3267=DIRECTION('',(0.,0.,-1.));
#3268=DIRECTION('',(0.,-1.,6.12323399573677E-17));
#3269=DIRECTION('',(1.,0.,0.));
#3270=DIRECTION('',(0.,0.,1.));
#3271=DIRECTION('',(1.,0.,0.));
#3272=DIRECTION('',(0.,-1.,6.12323399573677E-17));
#3273=DIRECTION('',(1.,0.,0.));
#3274=DIRECTION('',(0.,-1.,6.12323399573677E-17));
#3275=DIRECTION('',(1.,0.,0.));
#3276=DIRECTION('',(0.,0.,1.));
#3277=DIRECTION('',(1.,0.,0.));
#3278=DIRECTION('',(0.,0.,1.));
#3279=DIRECTION('',(1.,0.,0.));
#3280=DIRECTION('',(1.,0.,0.));
#3281=DIRECTION('',(0.,0.,-1.));
#3282=DIRECTION('',(7.00812210620112E-09,1.4605392666327E-08,1.));
#3283=DIRECTION('',(0.707106774541259,0.707106787831836,-1.52830629114163E-08));
#3284=DIRECTION('',(0.707106787831836,-0.707106774541259,5.37208149223357E-09));
#3285=DIRECTION('',(0.707106774541259,0.707106787831836,-1.52830629114163E-08));
#3286=DIRECTION('',(0.,1.,0.));
#3287=DIRECTION('',(0.,0.,1.));
#3288=DIRECTION('',(1.,0.,0.));
#3289=DIRECTION('',(0.,0.,-1.));
#3290=DIRECTION('',(1.,0.,0.));
#3291=DIRECTION('',(0.,0.,-1.));
#3292=DIRECTION('',(1.,0.,0.));
#3293=DIRECTION('',(0.,0.,-1.));
#3294=DIRECTION('',(0.,-1.,0.));
#3295=DIRECTION('',(0.,0.,-1.));
#3296=DIRECTION('',(0.,-1.,0.));
#3297=DIRECTION('',(0.,1.,0.));
#3298=DIRECTION('',(0.,0.,1.));
#3299=DIRECTION('',(1.,0.,0.));
#3300=DIRECTION('',(0.,0.,-1.));
#3301=DIRECTION('',(1.,0.,0.));
#3302=DIRECTION('',(1.,0.,0.));
#3303=DIRECTION('',(0.,0.,-1.));
#3304=DIRECTION('',(0.,-1.,0.));
#3305=DIRECTION('',(0.,-1.,0.));
#3306=DIRECTION('',(0.,0.,1.));
#3307=DIRECTION('',(1.,0.,0.));
#3308=DIRECTION('',(0.,0.,-1.));
#3309=DIRECTION('',(-1.,0.,0.));
#3310=DIRECTION('',(0.,0.,-1.));
#3311=DIRECTION('',(-1.,0.,0.));
#3312=DIRECTION('',(0.,0.,-1.));
#3313=DIRECTION('',(-1.,0.,0.));
#3314=DIRECTION('',(0.,0.,-1.));
#3315=DIRECTION('',(-1.,0.,0.));
#3316=DIRECTION('',(0.,0.,-1.));
#3317=DIRECTION('',(-1.,0.,0.));
#3318=DIRECTION('',(0.,0.,-1.));
#3319=DIRECTION('',(-1.,0.,0.));
#3320=DIRECTION('',(0.,0.,-1.));
#3321=DIRECTION('',(-1.,0.,0.));
#3322=DIRECTION('',(0.,0.,-1.));
#3323=DIRECTION('',(-1.,0.,0.));
#3324=DIRECTION('',(0.,0.,-1.));
#3325=DIRECTION('',(-1.,0.,0.));
#3326=DIRECTION('',(0.,0.,-1.));
#3327=DIRECTION('',(-1.,0.,0.));
#3328=DIRECTION('',(0.,0.,-1.));
#3329=DIRECTION('',(-1.,0.,0.));
#3330=DIRECTION('',(0.,0.,-1.));
#3331=DIRECTION('',(-1.,0.,0.));
#3332=DIRECTION('',(0.,0.,-1.));
#3333=DIRECTION('',(-1.,0.,0.));
#3334=DIRECTION('',(0.,0.,-1.));
#3335=DIRECTION('',(-1.,0.,0.));
#3336=DIRECTION('',(0.,0.,-1.));
#3337=DIRECTION('',(-1.,0.,0.));
#3338=DIRECTION('',(0.,0.,-1.));
#3339=DIRECTION('',(-1.,0.,0.));
#3340=DIRECTION('',(0.,0.,-1.));
#3341=DIRECTION('',(-1.,0.,0.));
#3342=DIRECTION('',(0.,0.,1.));
#3343=DIRECTION('',(1.,0.,0.));
#3344=DIRECTION('',(0.,0.,-1.));
#3345=DIRECTION('',(-1.,0.,0.));
#3346=DIRECTION('',(0.,0.,-1.));
#3347=DIRECTION('',(-1.,0.,0.));
#3348=DIRECTION('',(0.,0.,-1.));
#3349=DIRECTION('',(-1.,0.,0.));
#3350=DIRECTION('',(0.,0.,-1.));
#3351=DIRECTION('',(-1.,0.,0.));
#3352=DIRECTION('',(0.,0.,-1.));
#3353=DIRECTION('',(-1.,0.,0.));
#3354=DIRECTION('',(0.,0.,-1.));
#3355=DIRECTION('',(-1.,0.,0.));
#3356=DIRECTION('',(0.,0.,-1.));
#3357=DIRECTION('',(-1.,0.,0.));
#3358=DIRECTION('',(0.,0.,-1.));
#3359=DIRECTION('',(-1.,0.,0.));
#3360=DIRECTION('',(0.,0.,-1.));
#3361=DIRECTION('',(-1.,0.,0.));
#3362=DIRECTION('',(0.,0.,-1.));
#3363=DIRECTION('',(-1.,0.,0.));
#3364=DIRECTION('',(0.,0.,-1.));
#3365=DIRECTION('',(-1.,0.,0.));
#3366=DIRECTION('',(0.,0.,-1.));
#3367=DIRECTION('',(-1.,0.,0.));
#3368=DIRECTION('',(0.,0.,-1.));
#3369=DIRECTION('',(-1.,0.,0.));
#3370=DIRECTION('',(0.,0.,-1.));
#3371=DIRECTION('',(-1.,0.,0.));
#3372=DIRECTION('',(0.,0.,-1.));
#3373=DIRECTION('',(-1.,0.,0.));
#3374=DIRECTION('',(0.,0.,-1.));
#3375=DIRECTION('',(-1.,0.,0.));
#3376=DIRECTION('',(0.,0.,-1.));
#3377=DIRECTION('',(-1.,0.,0.));
#3378=DIRECTION('',(0.,0.,-1.));
#3379=DIRECTION('',(-1.,0.,0.));
#3380=DIRECTION('',(0.,0.,-1.));
#3381=DIRECTION('',(-1.,0.,0.));
#3382=DIRECTION('',(0.,0.,-1.));
#3383=DIRECTION('',(-1.,0.,0.));
#3384=DIRECTION('',(0.,0.,-1.));
#3385=DIRECTION('',(-1.,0.,0.));
#3386=DIRECTION('',(0.,0.,-1.));
#3387=DIRECTION('',(-1.,0.,0.));
#3388=DIRECTION('',(0.,0.,-1.));
#3389=DIRECTION('',(-1.,0.,0.));
#3390=DIRECTION('',(0.,0.,-1.));
#3391=DIRECTION('',(-1.,0.,0.));
#3392=DIRECTION('',(0.,0.,-1.));
#3393=DIRECTION('',(-1.,0.,0.));
#3394=DIRECTION('',(0.,0.,-1.));
#3395=DIRECTION('',(-1.,0.,0.));
#3396=DIRECTION('',(0.,0.,-1.));
#3397=DIRECTION('',(-1.,0.,0.));
#3398=DIRECTION('',(0.,0.,-1.));
#3399=DIRECTION('',(-1.,0.,0.));
#3400=DIRECTION('',(0.,0.,-1.));
#3401=DIRECTION('',(-1.,0.,0.));
#3402=DIRECTION('',(0.,0.,-1.));
#3403=DIRECTION('',(-1.,0.,0.));
#3404=DIRECTION('',(0.,0.,1.));
#3405=DIRECTION('',(1.,0.,0.));
#3406=DIRECTION('',(0.,0.,-1.));
#3407=DIRECTION('',(-1.,0.,0.));
#3408=DIRECTION('',(0.,0.,-1.));
#3409=DIRECTION('',(-1.,0.,0.));
#3410=DIRECTION('',(0.,0.,1.));
#3411=DIRECTION('',(1.,0.,0.));
#3412=DIRECTION('',(0.,0.,-1.));
#3413=DIRECTION('',(-1.,0.,0.));
#3414=DIRECTION('',(0.,0.,-1.));
#3415=DIRECTION('',(-1.,0.,0.));
#3416=DIRECTION('',(-7.00812190993955E-09,-1.4605392784084E-08,-1.));
#3417=DIRECTION('',(-9.39785653985499E-09,1.,-1.46053927182226E-08));
#3418=DIRECTION('',(0.,1.,0.));
#3419=DIRECTION('',(0.,0.,1.));
#3420=DIRECTION('',(0.,-1.,0.));
#3421=DIRECTION('',(0.,0.,-1.));
#3422=DIRECTION('',(0.,-1.,0.));
#3423=DIRECTION('',(0.,0.,-1.));
#3424=DIRECTION('',(0.,1.,0.));
#3425=DIRECTION('',(0.,0.,1.));
#3426=DIRECTION('',(0.,-1.,0.));
#3427=DIRECTION('',(0.,0.,-1.));
#3428=DIRECTION('',(0.,-1.,0.));
#3429=DIRECTION('',(0.,0.,-1.));
#3430=DIRECTION('',(0.,-1.,0.));
#3431=DIRECTION('',(1.,0.,0.));
#3432=DIRECTION('',(0.,-1.,0.));
#3433=DIRECTION('',(1.,0.,0.));
#3434=DIRECTION('',(-9.39785655560701E-09,1.,-1.46053927182226E-08));
#3435=DIRECTION('',(-1.,-9.39785645325064E-09,7.00812204719893E-09));
#3436=DIRECTION('',(0.,0.,1.));
#3437=DIRECTION('',(1.,0.,0.));
#3438=CARTESIAN_POINT('',(0.,0.,0.));
#3439=CARTESIAN_POINT('',(-2.77555756156289E-17,0.183,0.385));
#3440=CARTESIAN_POINT('',(-2.77555756156289E-17,0.183,0.365));
#3441=CARTESIAN_POINT('',(-0.183,0.183,0.365));
#3442=CARTESIAN_POINT('',(0.183,0.183,0.365));
#3443=CARTESIAN_POINT('',(-0.183,0.183,0.385));
#3444=CARTESIAN_POINT('',(-0.183,0.183,0.));
#3445=CARTESIAN_POINT('',(-2.77555756156289E-17,0.183,0.));
#3446=CARTESIAN_POINT('',(-0.145,0.183,0.));
#3447=CARTESIAN_POINT('',(-0.145,0.183,0.385));
#3448=CARTESIAN_POINT('',(-0.145,0.183,0.02));
#3449=CARTESIAN_POINT('',(-2.77555756156289E-17,0.183,0.02));
#3450=CARTESIAN_POINT('',(0.145,0.183,0.02));
#3451=CARTESIAN_POINT('',(0.145,0.183,0.385));
#3452=CARTESIAN_POINT('',(0.145,0.183,0.));
#3453=CARTESIAN_POINT('',(-2.77555756156289E-17,0.183,0.));
#3454=CARTESIAN_POINT('',(0.183,0.183,0.));
#3455=CARTESIAN_POINT('',(0.183,0.183,0.385));
#3456=CARTESIAN_POINT('',(0.,-0.183,0.385));
#3457=CARTESIAN_POINT('',(-0.183,-0.183,0.385));
#3458=CARTESIAN_POINT('',(-0.183,-0.183,0.365));
#3459=CARTESIAN_POINT('',(-0.183,-0.183,0.));
#3460=CARTESIAN_POINT('',(0.,-0.183,0.365));
#3461=CARTESIAN_POINT('',(0.183,-0.183,0.365));
#3462=CARTESIAN_POINT('',(0.183,-0.183,0.385));
#3463=CARTESIAN_POINT('',(0.183,-0.183,0.));
#3464=CARTESIAN_POINT('',(0.,-0.183,0.));
#3465=CARTESIAN_POINT('',(0.145,-0.183,0.));
#3466=CARTESIAN_POINT('',(0.145,-0.183,0.385));
#3467=CARTESIAN_POINT('',(0.145,-0.183,0.02));
#3468=CARTESIAN_POINT('',(0.,-0.183,0.02));
#3469=CARTESIAN_POINT('',(-0.145,-0.183,0.02));
#3470=CARTESIAN_POINT('',(-0.145,-0.183,0.385));
#3471=CARTESIAN_POINT('',(-0.145,-0.183,0.));
#3472=CARTESIAN_POINT('',(0.,-0.183,0.));
#3473=CARTESIAN_POINT('',(-0.183,2.77555756156289E-17,0.385));
#3474=CARTESIAN_POINT('',(-0.183,2.77555756156289E-17,0.365));
#3475=CARTESIAN_POINT('',(-0.183,2.77555756156289E-17,0.));
#3476=CARTESIAN_POINT('',(0.183,0.,0.385));
#3477=CARTESIAN_POINT('',(0.183,0.,0.365));
#3478=CARTESIAN_POINT('',(0.183,0.,0.));
#3479=CARTESIAN_POINT('',(0.,0.195,0.385));
#3480=CARTESIAN_POINT('',(0.,0.195,0.02));
#3481=CARTESIAN_POINT('',(0.145,0.195,0.02));
#3482=CARTESIAN_POINT('',(-0.145,0.195,0.02));
#3483=CARTESIAN_POINT('',(-0.145,0.195,0.385));
#3484=CARTESIAN_POINT('',(-0.145,0.195,0.));
#3485=CARTESIAN_POINT('',(0.,0.195,0.));
#3486=CARTESIAN_POINT('',(-0.195,0.195,0.));
#3487=CARTESIAN_POINT('',(-0.195,0.195,0.385));
#3488=CARTESIAN_POINT('',(-0.195,0.195,0.385));
#3489=CARTESIAN_POINT('',(0.,0.195,0.385));
#3490=CARTESIAN_POINT('',(0.195,0.195,0.385));
#3491=CARTESIAN_POINT('',(0.195,0.195,0.385));
#3492=CARTESIAN_POINT('',(0.195,0.195,0.));
#3493=CARTESIAN_POINT('',(0.,0.195,0.));
#3494=CARTESIAN_POINT('',(0.145,0.195,0.));
#3495=CARTESIAN_POINT('',(0.145,0.195,0.385));
#3496=CARTESIAN_POINT('',(0.,0.,0.));
#3497=CARTESIAN_POINT('',(0.145,0.73,0.));
#3498=CARTESIAN_POINT('',(0.195,0.,0.));
#3499=CARTESIAN_POINT('',(0.195,-0.195,0.));
#3500=CARTESIAN_POINT('',(0.,-0.195,0.));
#3501=CARTESIAN_POINT('',(0.145,-0.195,0.));
#3502=CARTESIAN_POINT('',(0.145,0.73,0.));
#3503=CARTESIAN_POINT('',(-0.195,2.77555756156289E-17,0.385));
#3504=CARTESIAN_POINT('',(-0.195,2.77555756156289E-17,0.));
#3505=CARTESIAN_POINT('',(-0.195,-0.195,0.));
#3506=CARTESIAN_POINT('',(-0.195,-0.195,0.385));
#3507=CARTESIAN_POINT('',(-0.195,-0.195,0.385));
#3508=CARTESIAN_POINT('',(-0.195,2.77555756156289E-17,0.385));
#3509=CARTESIAN_POINT('',(0.,-0.195,0.385));
#3510=CARTESIAN_POINT('',(0.,-0.195,0.));
#3511=CARTESIAN_POINT('',(-0.145,-0.195,0.));
#3512=CARTESIAN_POINT('',(-0.145,-0.195,0.01));
#3513=CARTESIAN_POINT('',(-0.145,-0.195,0.02));
#3514=CARTESIAN_POINT('',(0.,-0.195,0.02));
#3515=CARTESIAN_POINT('',(0.145,-0.195,0.02));
#3516=CARTESIAN_POINT('',(0.145,-0.195,0.01));
#3517=CARTESIAN_POINT('',(0.195,-0.195,0.385));
#3518=CARTESIAN_POINT('',(0.195,-0.195,0.385));
#3519=CARTESIAN_POINT('',(0.,-0.195,0.385));
#3520=CARTESIAN_POINT('',(0.195,0.,0.385));
#3521=CARTESIAN_POINT('',(0.195,0.,0.385));
#3522=CARTESIAN_POINT('',(0.,0.,0.385));
#3523=CARTESIAN_POINT('',(-0.173,0.058,0.385));
#3524=CARTESIAN_POINT('',(-0.1763,0.058,0.385));
#3525=CARTESIAN_POINT('',(0.173,0.173,0.385));
#3526=CARTESIAN_POINT('',(0.1697,0.173,0.385));
#3527=CARTESIAN_POINT('',(0.058,0.173,0.385));
#3528=CARTESIAN_POINT('',(0.0547,0.173,0.385));
#3529=CARTESIAN_POINT('',(-0.058,0.173,0.385));
#3530=CARTESIAN_POINT('',(-0.0613,0.173,0.385));
#3531=CARTESIAN_POINT('',(-0.173,-0.058,0.385));
#3532=CARTESIAN_POINT('',(-0.1763,-0.058,0.385));
#3533=CARTESIAN_POINT('',(-0.173,-0.173,0.385));
#3534=CARTESIAN_POINT('',(-0.1763,-0.173,0.385));
#3535=CARTESIAN_POINT('',(-0.058,-0.173,0.385));
#3536=CARTESIAN_POINT('',(-0.0613,-0.173,0.385));
#3537=CARTESIAN_POINT('',(0.058,-0.173,0.385));
#3538=CARTESIAN_POINT('',(0.0547,-0.173,0.385));
#3539=CARTESIAN_POINT('',(0.173,-0.058,0.385));
#3540=CARTESIAN_POINT('',(0.1697,-0.058,0.385));
#3541=CARTESIAN_POINT('',(0.173,0.058,0.385));
#3542=CARTESIAN_POINT('',(0.1697,0.058,0.385));
#3543=CARTESIAN_POINT('',(0.173,-0.173,0.385));
#3544=CARTESIAN_POINT('',(0.1697,-0.173,0.385));
#3545=CARTESIAN_POINT('',(-0.173,0.173,0.385));
#3546=CARTESIAN_POINT('',(-0.1763,0.173,0.385));
#3547=CARTESIAN_POINT('',(-0.158,-2.77555756156289E-17,0.385));
#3548=CARTESIAN_POINT('',(-0.158,0.158,0.385));
#3549=CARTESIAN_POINT('',(-0.158,-0.158,0.385));
#3550=CARTESIAN_POINT('',(0.,0.158,0.385));
#3551=CARTESIAN_POINT('',(0.158,0.158,0.385));
#3552=CARTESIAN_POINT('',(0.158,-2.77555756156289E-17,0.385));
#3553=CARTESIAN_POINT('',(0.158,-0.158,0.385));
#3554=CARTESIAN_POINT('',(0.,-0.158,0.385));
#3555=CARTESIAN_POINT('',(0.,0.,0.));
#3556=CARTESIAN_POINT('',(-0.145,0.73,0.));
#3557=CARTESIAN_POINT('',(-0.145,0.73,0.));
#3558=CARTESIAN_POINT('',(0.,0.73,0.02));
#3559=CARTESIAN_POINT('',(0.145,0.73,0.02));
#3560=CARTESIAN_POINT('',(-0.145,0.73,0.02));
#3561=CARTESIAN_POINT('',(0.145,0.73,0.01));
#3562=CARTESIAN_POINT('',(-0.145,0.73,0.01));
#3563=CARTESIAN_POINT('',(0.,0.73,0.02));
#3564=CARTESIAN_POINT('',(0.145,0.73,0.02));
#3565=CARTESIAN_POINT('',(-0.145,0.73,0.02));
#3566=CARTESIAN_POINT('',(-0.145,0.73,0.01));
#3567=CARTESIAN_POINT('',(0.145,0.73,0.01));
#3568=CARTESIAN_POINT('',(-0.158,-2.77555756156289E-17,0.365));
#3569=CARTESIAN_POINT('',(-0.158,-0.158,0.365));
#3570=CARTESIAN_POINT('',(-0.158,-0.158,0.365));
#3571=CARTESIAN_POINT('',(-0.158,-2.77555756156289E-17,0.365));
#3572=CARTESIAN_POINT('',(-0.158,0.158,0.365));
#3573=CARTESIAN_POINT('',(-0.158,0.158,0.365));
#3574=CARTESIAN_POINT('',(0.,0.158,0.365));
#3575=CARTESIAN_POINT('',(0.,0.158,0.365));
#3576=CARTESIAN_POINT('',(0.158,0.158,0.365));
#3577=CARTESIAN_POINT('',(0.158,0.158,0.365));
#3578=CARTESIAN_POINT('',(0.158,-2.77555756156289E-17,0.365));
#3579=CARTESIAN_POINT('',(0.158,-2.77555756156289E-17,0.365));
#3580=CARTESIAN_POINT('',(0.158,-0.158,0.365));
#3581=CARTESIAN_POINT('',(0.158,-0.158,0.365));
#3582=CARTESIAN_POINT('',(0.,-0.158,0.365));
#3583=CARTESIAN_POINT('',(0.,-0.158,0.365));
#3584=CARTESIAN_POINT('',(0.,2.77555756156289E-17,0.365));
#3585=CARTESIAN_POINT('',(-0.1697,0.173,0.37));
#3586=CARTESIAN_POINT('',(-0.173,0.173,0.37));
#3587=CARTESIAN_POINT('',(-0.1763,0.173,0.37));
#3588=CARTESIAN_POINT('',(-0.173,0.173,0.385));
#3589=CARTESIAN_POINT('',(0.1763,-0.173,0.37));
#3590=CARTESIAN_POINT('',(0.173,-0.173,0.37));
#3591=CARTESIAN_POINT('',(0.1697,-0.173,0.37));
#3592=CARTESIAN_POINT('',(0.173,-0.173,0.385));
#3593=CARTESIAN_POINT('',(0.1763,0.058,0.37));
#3594=CARTESIAN_POINT('',(0.173,0.058,0.37));
#3595=CARTESIAN_POINT('',(0.1697,0.058,0.37));
#3596=CARTESIAN_POINT('',(0.173,0.058,0.385));
#3597=CARTESIAN_POINT('',(0.1763,-0.058,0.37));
#3598=CARTESIAN_POINT('',(0.173,-0.058,0.37));
#3599=CARTESIAN_POINT('',(0.1697,-0.058,0.37));
#3600=CARTESIAN_POINT('',(0.173,-0.058,0.385));
#3601=CARTESIAN_POINT('',(0.0613,-0.173,0.37));
#3602=CARTESIAN_POINT('',(0.058,-0.173,0.37));
#3603=CARTESIAN_POINT('',(0.0547,-0.173,0.37));
#3604=CARTESIAN_POINT('',(0.058,-0.173,0.385));
#3605=CARTESIAN_POINT('',(-0.0547,-0.173,0.37));
#3606=CARTESIAN_POINT('',(-0.058,-0.173,0.37));
#3607=CARTESIAN_POINT('',(-0.0613,-0.173,0.37));
#3608=CARTESIAN_POINT('',(-0.058,-0.173,0.385));
#3609=CARTESIAN_POINT('',(-0.1697,-0.173,0.37));
#3610=CARTESIAN_POINT('',(-0.173,-0.173,0.37));
#3611=CARTESIAN_POINT('',(-0.1763,-0.173,0.37));
#3612=CARTESIAN_POINT('',(-0.173,-0.173,0.385));
#3613=CARTESIAN_POINT('',(-0.1697,-0.058,0.37));
#3614=CARTESIAN_POINT('',(-0.173,-0.058,0.37));
#3615=CARTESIAN_POINT('',(-0.1763,-0.058,0.37));
#3616=CARTESIAN_POINT('',(-0.173,-0.058,0.385));
#3617=CARTESIAN_POINT('',(-0.0547,0.173,0.37));
#3618=CARTESIAN_POINT('',(-0.058,0.173,0.37));
#3619=CARTESIAN_POINT('',(-0.0613,0.173,0.37));
#3620=CARTESIAN_POINT('',(-0.058,0.173,0.385));
#3621=CARTESIAN_POINT('',(0.0613,0.173,0.37));
#3622=CARTESIAN_POINT('',(0.058,0.173,0.37));
#3623=CARTESIAN_POINT('',(0.0547,0.173,0.37));
#3624=CARTESIAN_POINT('',(0.058,0.173,0.385));
#3625=CARTESIAN_POINT('',(0.1763,0.173,0.37));
#3626=CARTESIAN_POINT('',(0.173,0.173,0.37));
#3627=CARTESIAN_POINT('',(0.1697,0.173,0.37));
#3628=CARTESIAN_POINT('',(0.173,0.173,0.385));
#3629=CARTESIAN_POINT('',(-0.1697,0.058,0.37));
#3630=CARTESIAN_POINT('',(-0.173,0.058,0.37));
#3631=CARTESIAN_POINT('',(-0.1763,0.058,0.37));
#3632=CARTESIAN_POINT('',(-0.173,0.058,0.385));
#3633=CARTESIAN_POINT('',(-0.16925769699299,0.00304115291933047,-0.390373095573988));
#3634=CARTESIAN_POINT('',(-0.06,-3.46944695195361E-18,0.02));
#3635=CARTESIAN_POINT('',(-0.06,-3.46944695195361E-18,0.012));
#3636=CARTESIAN_POINT('',(-0.06,-0.06,0.012));
#3637=CARTESIAN_POINT('',(-0.06,0.06,0.012));
#3638=CARTESIAN_POINT('',(-0.06,-0.06,0.02));
#3639=CARTESIAN_POINT('',(-0.06,-0.06,0.02));
#3640=CARTESIAN_POINT('',(-0.06,-3.46944695195361E-18,0.02));
#3641=CARTESIAN_POINT('',(-0.06,0.06,0.02));
#3642=CARTESIAN_POINT('',(-0.06,0.06,0.02));
#3643=CARTESIAN_POINT('',(3.46944695195361E-18,-0.06,0.02));
#3644=CARTESIAN_POINT('',(3.46944695195361E-18,-0.06,0.012));
#3645=CARTESIAN_POINT('',(0.06,-0.06,0.012));
#3646=CARTESIAN_POINT('',(0.06,-0.06,0.02));
#3647=CARTESIAN_POINT('',(0.06,-0.06,0.02));
#3648=CARTESIAN_POINT('',(3.46944695195361E-18,-0.06,0.02));
#3649=CARTESIAN_POINT('',(0.06,-3.46944695195361E-18,0.02));
#3650=CARTESIAN_POINT('',(0.06,-3.46944695195361E-18,0.012));
#3651=CARTESIAN_POINT('',(0.06,0.06,0.012));
#3652=CARTESIAN_POINT('',(0.06,0.06,0.02));
#3653=CARTESIAN_POINT('',(0.06,0.06,0.02));
#3654=CARTESIAN_POINT('',(0.06,-3.46944695195361E-18,0.02));
#3655=CARTESIAN_POINT('',(-1.38777878078145E-17,0.06,0.02));
#3656=CARTESIAN_POINT('',(-1.38777878078145E-17,0.06,0.012));
#3657=CARTESIAN_POINT('',(-1.38777878078145E-17,0.06,0.02));
#3658=CARTESIAN_POINT('',(0.,0.,0.012));
#3659=CARTESIAN_POINT('',(0.,0.,0.012));
#3660=CARTESIAN_POINT('',(0.045,0.,0.012));
#3661=CARTESIAN_POINT('',(-0.0315849270971407,0.,-0.0215830335163795));
#3662=CARTESIAN_POINT('',(-0.183,-0.183,0.2));
#3663=CARTESIAN_POINT('',(-0.183,-0.183,0.2));
#3664=CARTESIAN_POINT('',(-0.183,0.,0.2));
#3665=CARTESIAN_POINT('',(-0.183,0.183,0.2));
#3666=CARTESIAN_POINT('',(-0.183,0.183,0.2));
#3667=CARTESIAN_POINT('',(0.,-0.0315849270971407,-0.0215830335163795));
#3668=CARTESIAN_POINT('',(0.183,-0.183,0.2));
#3669=CARTESIAN_POINT('',(0.183,-0.183,0.2));
#3670=CARTESIAN_POINT('',(0.,-0.183,0.2));
#3671=CARTESIAN_POINT('',(0.0315849270971406,0.,-0.0215830335163795));
#3672=CARTESIAN_POINT('',(0.183,0.183,0.2));
#3673=CARTESIAN_POINT('',(0.183,0.183,0.2));
#3674=CARTESIAN_POINT('',(0.183,0.,0.2));
#3675=CARTESIAN_POINT('',(0.,0.0315849270971407,-0.0215830335163795));
#3676=CARTESIAN_POINT('',(0.,0.183,0.2));
#3677=CARTESIAN_POINT('',(0.,0.,0.2));
#3678=CARTESIAN_POINT('',(0.,0.171,0.2));
#3679=CARTESIAN_POINT('',(-0.171,0.171,0.2));
#3680=CARTESIAN_POINT('',(0.171,0.171,0.2));
#3681=CARTESIAN_POINT('',(0.171,0.,0.2));
#3682=CARTESIAN_POINT('',(0.171,-0.171,0.2));
#3683=CARTESIAN_POINT('',(0.,-0.171,0.2));
#3684=CARTESIAN_POINT('',(-0.171,-0.171,0.2));
#3685=CARTESIAN_POINT('',(-0.171,0.,0.2));
#3686=CARTESIAN_POINT('',(-0.0234046582086726,0.,-0.0159931831092596));
#3687=CARTESIAN_POINT('',(-0.048,0.,0.02));
#3688=CARTESIAN_POINT('',(-0.048,-0.048,0.02));
#3689=CARTESIAN_POINT('',(-0.048,0.048,0.02));
#3690=CARTESIAN_POINT('',(-0.171,0.171,0.2));
#3691=CARTESIAN_POINT('',(-0.171,-0.171,0.2));
#3692=CARTESIAN_POINT('',(0.,-0.0234046582086726,-0.0159931831092596));
#3693=CARTESIAN_POINT('',(0.171,-0.171,0.2));
#3694=CARTESIAN_POINT('',(0.048,-0.048,0.02));
#3695=CARTESIAN_POINT('',(0.,-0.048,0.02));
#3696=CARTESIAN_POINT('',(0.0234046582086726,0.,-0.0159931831092596));
#3697=CARTESIAN_POINT('',(0.171,0.171,0.2));
#3698=CARTESIAN_POINT('',(0.048,0.048,0.02));
#3699=CARTESIAN_POINT('',(0.048,0.,0.02));
#3700=CARTESIAN_POINT('',(0.,0.0234046582086726,-0.0159931831092596));
#3701=CARTESIAN_POINT('',(0.,0.048,0.02));
#3702=CARTESIAN_POINT('',(0.,0.,0.02));
#3703=CARTESIAN_POINT('',(0.,0.,0.02));
#3704=CARTESIAN_POINT('',(-0.04,0.,0.02));
#3705=CARTESIAN_POINT('',(0.,0.,0.02));
#3706=CARTESIAN_POINT('',(0.,0.,-0.018));
#3707=CARTESIAN_POINT('',(-0.045,0.,-0.018));
#3708=CARTESIAN_POINT('',(0.,0.,-0.018));
#3709=CARTESIAN_POINT('',(0.,0.,-0.035));
#3710=CARTESIAN_POINT('',(-0.0315,0.,-0.035));
#3711=CARTESIAN_POINT('',(0.,0.,0.02));
#3712=CARTESIAN_POINT('',(0.,0.,-0.018));
#3713=CARTESIAN_POINT('',(-0.04,0.,-0.018));
#3714=CARTESIAN_POINT('',(0.,0.,-0.035));
#3715=CARTESIAN_POINT('',(0.,0.,-0.035));
#3716=CARTESIAN_POINT('',(-0.0265,0.,-0.035));
#3717=CARTESIAN_POINT('',(0.029,0.,-0.035));
#3718=CARTESIAN_POINT('',(-0.169257696782746,0.00304115335749227,-0.360373095573988));
#3719=CARTESIAN_POINT('',(0.,0.,0.));
#3720=CARTESIAN_POINT('',(0.,0.,0.0159235661541277));
#3721=CARTESIAN_POINT('',(-0.039,0.,0.0159235661541277));
#3722=CARTESIAN_POINT('',(0.,0.,0.));
#3723=CARTESIAN_POINT('',(-0.039,0.,0.));
#3724=CARTESIAN_POINT('',(-0.032,0.,0.));
#3725=CARTESIAN_POINT('',(0.,0.,0.));
#3726=CARTESIAN_POINT('',(-0.025,0.,0.));
#3727=CARTESIAN_POINT('',(0.,0.,0.));
#3728=CARTESIAN_POINT('',(0.,0.,0.0509554154474998));
#3729=CARTESIAN_POINT('',(-0.025,0.,0.0509554154474998));
#3730=CARTESIAN_POINT('',(-0.028,0.,0.0509554154474998));
#3731=CARTESIAN_POINT('',(0.,0.,0.0509554154474998));
#3732=CARTESIAN_POINT('',(-0.031,0.,0.0509554154474998));
#3733=CARTESIAN_POINT('',(0.,0.,0.));
#3734=CARTESIAN_POINT('',(0.,0.,0.0159235661541277));
#3735=CARTESIAN_POINT('',(-0.031,0.,0.0159235661541277));
#3736=CARTESIAN_POINT('',(-0.035,0.,0.0159235661541277));
#3737=CARTESIAN_POINT('',(-0.169257697385133,0.00304115210207967,-0.446328511021488));
#3738=CARTESIAN_POINT('',(0.,0.,0.));
#3739=CARTESIAN_POINT('',(0.,0.,0.));
#3740=CARTESIAN_POINT('',(2.77555756156289E-17,-0.002,0.158));
#3741=CARTESIAN_POINT('',(2.77555756156289E-17,0.,0.158));
#3742=CARTESIAN_POINT('',(0.158,0.,0.158));
#3743=CARTESIAN_POINT('',(-0.158,0.,0.158));
#3744=CARTESIAN_POINT('',(0.158,-0.002,0.158));
#3745=CARTESIAN_POINT('',(0.158,-0.002,0.158));
#3746=CARTESIAN_POINT('',(2.77555756156289E-17,-0.002,0.158));
#3747=CARTESIAN_POINT('',(-0.158,-0.002,0.158));
#3748=CARTESIAN_POINT('',(-0.158,-0.002,0.158));
#3749=CARTESIAN_POINT('',(0.158,-0.002,0.));
#3750=CARTESIAN_POINT('',(0.158,0.,0.));
#3751=CARTESIAN_POINT('',(0.158,0.,-0.158));
#3752=CARTESIAN_POINT('',(0.158,-0.002,-0.158));
#3753=CARTESIAN_POINT('',(0.158,-0.002,-0.158));
#3754=CARTESIAN_POINT('',(0.158,-0.002,0.));
#3755=CARTESIAN_POINT('',(-2.77555756156289E-17,-0.002,-0.158));
#3756=CARTESIAN_POINT('',(-2.77555756156289E-17,0.,-0.158));
#3757=CARTESIAN_POINT('',(-0.158,0.,-0.158));
#3758=CARTESIAN_POINT('',(-0.158,-0.002,-0.158));
#3759=CARTESIAN_POINT('',(-0.158,-0.002,-0.158));
#3760=CARTESIAN_POINT('',(-2.77555756156289E-17,-0.002,-0.158));
#3761=CARTESIAN_POINT('',(0.195,-0.002,2.77555756156289E-17));
#3762=CARTESIAN_POINT('',(0.195,0.,2.77555756156289E-17));
#3763=CARTESIAN_POINT('',(0.195,0.,0.195));
#3764=CARTESIAN_POINT('',(0.195,0.,-0.195));
#3765=CARTESIAN_POINT('',(0.195,-0.002,0.195));
#3766=CARTESIAN_POINT('',(0.195,-0.002,0.195));
#3767=CARTESIAN_POINT('',(0.195,-0.002,2.77555756156289E-17));
#3768=CARTESIAN_POINT('',(0.195,-0.002,-0.195));
#3769=CARTESIAN_POINT('',(0.195,-0.002,-0.195));
#3770=CARTESIAN_POINT('',(-5.55111512312578E-17,-0.002,0.195));
#3771=CARTESIAN_POINT('',(-5.55111512312578E-17,0.,0.195));
#3772=CARTESIAN_POINT('',(-0.195,0.,0.195));
#3773=CARTESIAN_POINT('',(-0.195,-0.002,0.195));
#3774=CARTESIAN_POINT('',(-0.195,-0.002,0.195));
#3775=CARTESIAN_POINT('',(-5.55111512312578E-17,-0.002,0.195));
#3776=CARTESIAN_POINT('',(-0.195,-0.002,-2.77555756156289E-17));
#3777=CARTESIAN_POINT('',(-0.195,0.,-2.77555756156289E-17));
#3778=CARTESIAN_POINT('',(-0.195,0.,-0.195));
#3779=CARTESIAN_POINT('',(-0.195,-0.002,-0.195));
#3780=CARTESIAN_POINT('',(-0.195,-0.002,-0.195));
#3781=CARTESIAN_POINT('',(-0.195,-0.002,-2.77555756156289E-17));
#3782=CARTESIAN_POINT('',(5.55111512312578E-17,-0.002,-0.195));
#3783=CARTESIAN_POINT('',(5.55111512312578E-17,0.,-0.195));
#3784=CARTESIAN_POINT('',(5.55111512312578E-17,-0.002,-0.195));
#3785=CARTESIAN_POINT('',(-0.158,-0.002,-5.55111512312578E-17));
#3786=CARTESIAN_POINT('',(-0.158,0.,-5.55111512312578E-17));
#3787=CARTESIAN_POINT('',(-0.158,-0.002,-5.55111512312578E-17));
#3788=CARTESIAN_POINT('',(0.,-0.002,0.));
#3789=CARTESIAN_POINT('',(0.173,-0.002,0.058));
#3790=CARTESIAN_POINT('',(0.173,-0.002,0.0547));
#3791=CARTESIAN_POINT('',(-0.173,-0.002,0.173));
#3792=CARTESIAN_POINT('',(-0.173,-0.002,0.1697));
#3793=CARTESIAN_POINT('',(-0.058,-0.002,0.173));
#3794=CARTESIAN_POINT('',(-0.058,-0.002,0.1697));
#3795=CARTESIAN_POINT('',(0.058,-0.002,0.173));
#3796=CARTESIAN_POINT('',(0.058,-0.002,0.1697));
#3797=CARTESIAN_POINT('',(0.173,-0.002,-0.058));
#3798=CARTESIAN_POINT('',(0.173,-0.002,-0.0613));
#3799=CARTESIAN_POINT('',(0.173,-0.002,-0.173));
#3800=CARTESIAN_POINT('',(0.173,-0.002,-0.1763));
#3801=CARTESIAN_POINT('',(0.058,-0.002,-0.173));
#3802=CARTESIAN_POINT('',(0.058,-0.002,-0.1763));
#3803=CARTESIAN_POINT('',(-0.058,-0.002,-0.173));
#3804=CARTESIAN_POINT('',(-0.058,-0.002,-0.1763));
#3805=CARTESIAN_POINT('',(-0.173,-0.002,-0.058));
#3806=CARTESIAN_POINT('',(-0.173,-0.002,-0.0613));
#3807=CARTESIAN_POINT('',(-0.173,-0.002,0.058));
#3808=CARTESIAN_POINT('',(-0.173,-0.002,0.0547));
#3809=CARTESIAN_POINT('',(-0.173,-0.002,-0.173));
#3810=CARTESIAN_POINT('',(-0.173,-0.002,-0.1763));
#3811=CARTESIAN_POINT('',(0.173,-0.002,0.173));
#3812=CARTESIAN_POINT('',(0.173,-0.002,0.1697));
#3813=CARTESIAN_POINT('',(0.,0.,0.));
#3814=CARTESIAN_POINT('',(0.173,0.,0.058));
#3815=CARTESIAN_POINT('',(0.173,0.,0.0547));
#3816=CARTESIAN_POINT('',(-0.173,0.,0.173));
#3817=CARTESIAN_POINT('',(-0.173,0.,0.1697));
#3818=CARTESIAN_POINT('',(-0.058,0.,0.173));
#3819=CARTESIAN_POINT('',(-0.058,0.,0.1697));
#3820=CARTESIAN_POINT('',(0.058,0.,0.173));
#3821=CARTESIAN_POINT('',(0.058,0.,0.1697));
#3822=CARTESIAN_POINT('',(0.173,0.,-0.058));
#3823=CARTESIAN_POINT('',(0.173,0.,-0.0613));
#3824=CARTESIAN_POINT('',(0.173,0.,-0.173));
#3825=CARTESIAN_POINT('',(0.173,0.,-0.1763));
#3826=CARTESIAN_POINT('',(0.058,0.,-0.173));
#3827=CARTESIAN_POINT('',(0.058,0.,-0.1763));
#3828=CARTESIAN_POINT('',(-0.058,0.,-0.173));
#3829=CARTESIAN_POINT('',(-0.058,0.,-0.1763));
#3830=CARTESIAN_POINT('',(-0.173,0.,-0.058));
#3831=CARTESIAN_POINT('',(-0.173,0.,-0.0613));
#3832=CARTESIAN_POINT('',(-0.173,0.,0.058));
#3833=CARTESIAN_POINT('',(-0.173,0.,0.0547));
#3834=CARTESIAN_POINT('',(-0.173,0.,-0.173));
#3835=CARTESIAN_POINT('',(-0.173,0.,-0.1763));
#3836=CARTESIAN_POINT('',(0.173,0.,0.173));
#3837=CARTESIAN_POINT('',(0.173,0.,0.1697));
#3838=CARTESIAN_POINT('',(0.173,0.,0.173));
#3839=CARTESIAN_POINT('',(-0.173,0.,-0.173));
#3840=CARTESIAN_POINT('',(-0.173,0.,0.058));
#3841=CARTESIAN_POINT('',(-0.173,0.,-0.058));
#3842=CARTESIAN_POINT('',(-0.058,0.,-0.173));
#3843=CARTESIAN_POINT('',(0.058,0.,-0.173));
#3844=CARTESIAN_POINT('',(0.173,0.,-0.173));
#3845=CARTESIAN_POINT('',(0.173,0.,-0.058));
#3846=CARTESIAN_POINT('',(0.058,0.,0.173));
#3847=CARTESIAN_POINT('',(-0.058,0.,0.173));
#3848=CARTESIAN_POINT('',(-0.173,0.,0.173));
#3849=CARTESIAN_POINT('',(0.173,0.,0.058));
#3850=CARTESIAN_POINT('',(-0.169257693827055,0.0030411595173488,0.0613791007933832));
#3851=CARTESIAN_POINT('',(0.,3.18408167778312E-18,0.205));
#3852=CARTESIAN_POINT('',(0.,3.18408167778312E-18,0.205));
#3853=CARTESIAN_POINT('',(0.052,3.18408167778312E-18,0.205));
#3854=CARTESIAN_POINT('',(0.,3.18408167778312E-18,0.));
#3855=CARTESIAN_POINT('',(0.052,3.18408167778312E-18,0.));
#3856=CARTESIAN_POINT('',(0.,0.,0.205));
#3857=CARTESIAN_POINT('',(0.,3.18408167778312E-18,0.205));
#3858=CARTESIAN_POINT('',(0.045,3.18408167778312E-18,0.205));
#3859=CARTESIAN_POINT('',(0.,0.,0.));
#3860=CARTESIAN_POINT('',(0.,3.18408167778312E-18,0.205));
#3861=CARTESIAN_POINT('',(0.,3.18408167778312E-18,0.007));
#3862=CARTESIAN_POINT('',(0.045,3.18408167778312E-18,0.007));
#3863=CARTESIAN_POINT('',(0.,0.,0.007));
#3864=CARTESIAN_POINT('',(-0.234257692470445,-0.0619588395393198,0.167791310686794));
#3865=CARTESIAN_POINT('',(-0.104257693692167,0.0680411616824019,0.167791307877037));
#3866=CARTESIAN_POINT('',(0.,-0.15,5.51091059616309E-19));
#3867=CARTESIAN_POINT('',(0.,-0.15,5.51091059616309E-19));
#3868=CARTESIAN_POINT('',(0.,-0.15,-0.009));
#3869=CARTESIAN_POINT('',(0.,0.,5.51091059616309E-19));
#3870=CARTESIAN_POINT('',(0.,0.,-0.009));
#3871=CARTESIAN_POINT('',(0.,-0.15,6.12323399573677E-19));
#3872=CARTESIAN_POINT('',(0.,-0.15,6.12323399573677E-19));
#3873=CARTESIAN_POINT('',(0.,-0.15,-0.01));
#3874=CARTESIAN_POINT('',(0.,0.,6.12323399573677E-19));
#3875=CARTESIAN_POINT('',(0.,0.,-0.01));
#3876=CARTESIAN_POINT('',(0.,-0.15,0.));
#3877=CARTESIAN_POINT('',(0.,0.,0.));
#3878=CARTESIAN_POINT('',(-0.222290701250629,0.0560741710754421,0.29879130887901));
#3879=CARTESIAN_POINT('',(0.00905,0.,0.039));
#3880=CARTESIAN_POINT('',(0.,0.,0.039));
#3881=CARTESIAN_POINT('',(0.01,0.,0.039));
#3882=CARTESIAN_POINT('',(0.,0.,0.039));
#3883=CARTESIAN_POINT('',(0.0081,0.,0.039));
#3884=CARTESIAN_POINT('',(0.0113,0.,0.));
#3885=CARTESIAN_POINT('',(0.,0.,0.));
#3886=CARTESIAN_POINT('',(0.0101,0.,0.));
#3887=CARTESIAN_POINT('',(0.,0.,0.));
#3888=CARTESIAN_POINT('',(0.0125,0.,0.));
#3889=CARTESIAN_POINT('',(0.009375,0.,0.016));
#3890=CARTESIAN_POINT('',(0.,0.,0.016));
#3891=CARTESIAN_POINT('',(0.00945,0.,0.016));
#3892=CARTESIAN_POINT('',(0.,0.,0.016));
#3893=CARTESIAN_POINT('',(0.0093,0.,0.016));
#3894=CARTESIAN_POINT('',(0.0073,0.,0.025));
#3895=CARTESIAN_POINT('',(0.,0.,0.025));
#3896=CARTESIAN_POINT('',(0.0076,0.,0.025));
#3897=CARTESIAN_POINT('',(0.,0.,0.025));
#3898=CARTESIAN_POINT('',(0.007,0.,0.025));
#3899=CARTESIAN_POINT('',(0.,0.,0.03225));
#3900=CARTESIAN_POINT('',(0.,0.,0.0255));
#3901=CARTESIAN_POINT('',(0.0081,0.,0.0255));
#3902=CARTESIAN_POINT('',(0.,0.,0.0255));
#3903=CARTESIAN_POINT('',(0.,0.,0.0205));
#3904=CARTESIAN_POINT('',(0.,0.,0.0152));
#3905=CARTESIAN_POINT('',(0.,0.,0.0152));
#3906=CARTESIAN_POINT('',(0.0101,0.,0.0152));
#3907=CARTESIAN_POINT('',(0.,0.,0.0076));
#3908=CARTESIAN_POINT('',(0.,0.,0.0095));
#3909=CARTESIAN_POINT('',(0.,0.,0.019));
#3910=CARTESIAN_POINT('',(0.0125,0.,0.019));
#3911=CARTESIAN_POINT('',(0.,0.,0.021));
#3912=CARTESIAN_POINT('',(0.,0.,0.023));
#3913=CARTESIAN_POINT('',(0.01,0.,0.023));
#3914=CARTESIAN_POINT('',(0.,0.,0.031));
#3915=CARTESIAN_POINT('',(-0.169257692163242,0.00304116298484753,0.298791309281916));
#3916=CARTESIAN_POINT('',(0.,-0.015,0.));
#3917=CARTESIAN_POINT('',(0.,-0.015,0.015));
#3918=CARTESIAN_POINT('',(0.01,-0.015,0.015));
#3919=CARTESIAN_POINT('',(0.,6.12323399573677E-19,0.));
#3920=CARTESIAN_POINT('',(0.01,6.12323399573677E-19,0.));
#3921=CARTESIAN_POINT('',(0.,-0.015,0.015));
#3922=CARTESIAN_POINT('',(0.,-0.015,0.015));
#3923=CARTESIAN_POINT('',(0.009,-0.015,0.015));
#3924=CARTESIAN_POINT('',(0.,0.,0.));
#3925=CARTESIAN_POINT('',(0.,5.51091059616309E-19,0.));
#3926=CARTESIAN_POINT('',(0.009,5.51091059616309E-19,0.));
#3927=CARTESIAN_POINT('',(0.,-0.015,0.));
#3928=CARTESIAN_POINT('',(-0.232897303173229,0.0666807724744801,0.283791308798429));
#3929=CARTESIAN_POINT('',(-0.116224683075854,-0.0499918451057471,0.298791309684822));
#3930=CARTESIAN_POINT('',(0.,0.195,0.015));
#3931=CARTESIAN_POINT('',(0.,0.195,0.));
#3932=CARTESIAN_POINT('',(-0.195,0.195,0.));
#3933=CARTESIAN_POINT('',(0.195,0.195,0.));
#3934=CARTESIAN_POINT('',(-0.195,0.195,0.015));
#3935=CARTESIAN_POINT('',(-0.195,0.195,0.015));
#3936=CARTESIAN_POINT('',(0.,0.195,0.015));
#3937=CARTESIAN_POINT('',(0.195,0.195,0.015));
#3938=CARTESIAN_POINT('',(0.195,0.195,0.015));
#3939=CARTESIAN_POINT('',(-0.195,0.,0.015));
#3940=CARTESIAN_POINT('',(-0.195,0.,0.));
#3941=CARTESIAN_POINT('',(-0.195,-0.195,0.));
#3942=CARTESIAN_POINT('',(-0.195,-0.195,0.015));
#3943=CARTESIAN_POINT('',(-0.195,-0.195,0.015));
#3944=CARTESIAN_POINT('',(-0.195,0.,0.015));
#3945=CARTESIAN_POINT('',(0.,-0.195,0.015));
#3946=CARTESIAN_POINT('',(0.,-0.195,0.));
#3947=CARTESIAN_POINT('',(0.195,-0.195,0.));
#3948=CARTESIAN_POINT('',(0.195,-0.195,0.015));
#3949=CARTESIAN_POINT('',(0.195,-0.195,0.015));
#3950=CARTESIAN_POINT('',(0.,-0.195,0.015));
#3951=CARTESIAN_POINT('',(0.195,-2.77555756156289E-17,0.015));
#3952=CARTESIAN_POINT('',(0.195,-2.77555756156289E-17,0.));
#3953=CARTESIAN_POINT('',(0.195,-2.77555756156289E-17,0.015));
#3954=CARTESIAN_POINT('',(0.,-2.77555756156289E-17,0.015));
#3955=CARTESIAN_POINT('',(-0.135,0.135,0.015));
#3956=CARTESIAN_POINT('',(-0.1383,0.135,0.015));
#3957=CARTESIAN_POINT('',(0.135,-0.135,0.015));
#3958=CARTESIAN_POINT('',(0.1317,-0.135,0.015));
#3959=CARTESIAN_POINT('',(0.065,0.065,0.015));
#3960=CARTESIAN_POINT('',(0.013,0.065,0.015));
#3961=CARTESIAN_POINT('',(-0.065,-0.065,0.015));
#3962=CARTESIAN_POINT('',(-0.117,-0.065,0.015));
#3963=CARTESIAN_POINT('',(-0.173,0.058,0.015));
#3964=CARTESIAN_POINT('',(-0.1763,0.058,0.015));
#3965=CARTESIAN_POINT('',(0.173,0.173,0.015));
#3966=CARTESIAN_POINT('',(0.1697,0.173,0.015));
#3967=CARTESIAN_POINT('',(0.058,0.173,0.015));
#3968=CARTESIAN_POINT('',(0.0547,0.173,0.015));
#3969=CARTESIAN_POINT('',(-0.058,0.173,0.015));
#3970=CARTESIAN_POINT('',(-0.0613,0.173,0.015));
#3971=CARTESIAN_POINT('',(-0.173,-0.058,0.015));
#3972=CARTESIAN_POINT('',(-0.1763,-0.058,0.015));
#3973=CARTESIAN_POINT('',(-0.173,-0.173,0.015));
#3974=CARTESIAN_POINT('',(-0.1763,-0.173,0.015));
#3975=CARTESIAN_POINT('',(-0.058,-0.173,0.015));
#3976=CARTESIAN_POINT('',(-0.0613,-0.173,0.015));
#3977=CARTESIAN_POINT('',(0.058,-0.173,0.015));
#3978=CARTESIAN_POINT('',(0.0547,-0.173,0.015));
#3979=CARTESIAN_POINT('',(0.173,-0.173,0.015));
#3980=CARTESIAN_POINT('',(0.1697,-0.173,0.015));
#3981=CARTESIAN_POINT('',(0.173,-0.058,0.015));
#3982=CARTESIAN_POINT('',(0.1697,-0.058,0.015));
#3983=CARTESIAN_POINT('',(0.173,0.058,0.015));
#3984=CARTESIAN_POINT('',(0.1697,0.058,0.015));
#3985=CARTESIAN_POINT('',(-0.173,0.173,0.015));
#3986=CARTESIAN_POINT('',(-0.1763,0.173,0.015));
#3987=CARTESIAN_POINT('',(0.,0.,0.015));
#3988=CARTESIAN_POINT('',(-0.01,0.,0.015));
#3989=CARTESIAN_POINT('',(0.,-2.77555756156289E-17,0.));
#3990=CARTESIAN_POINT('',(0.065,0.065,0.));
#3991=CARTESIAN_POINT('',(0.013,0.065,0.));
#3992=CARTESIAN_POINT('',(-0.065,-0.065,0.));
#3993=CARTESIAN_POINT('',(-0.117,-0.065,0.));
#3994=CARTESIAN_POINT('',(-0.173,0.058,0.));
#3995=CARTESIAN_POINT('',(-0.1763,0.058,0.));
#3996=CARTESIAN_POINT('',(0.173,0.173,0.));
#3997=CARTESIAN_POINT('',(0.1697,0.173,0.));
#3998=CARTESIAN_POINT('',(0.058,0.173,0.));
#3999=CARTESIAN_POINT('',(0.0547,0.173,0.));
#4000=CARTESIAN_POINT('',(-0.058,0.173,0.));
#4001=CARTESIAN_POINT('',(-0.0613,0.173,0.));
#4002=CARTESIAN_POINT('',(-0.173,-0.058,0.));
#4003=CARTESIAN_POINT('',(-0.1763,-0.058,0.));
#4004=CARTESIAN_POINT('',(-0.173,-0.173,0.));
#4005=CARTESIAN_POINT('',(-0.1763,-0.173,0.));
#4006=CARTESIAN_POINT('',(-0.058,-0.173,0.));
#4007=CARTESIAN_POINT('',(-0.0613,-0.173,0.));
#4008=CARTESIAN_POINT('',(0.058,-0.173,0.));
#4009=CARTESIAN_POINT('',(0.0547,-0.173,0.));
#4010=CARTESIAN_POINT('',(0.173,-0.173,0.));
#4011=CARTESIAN_POINT('',(0.1697,-0.173,0.));
#4012=CARTESIAN_POINT('',(0.173,-0.058,0.));
#4013=CARTESIAN_POINT('',(0.1697,-0.058,0.));
#4014=CARTESIAN_POINT('',(0.173,0.058,0.));
#4015=CARTESIAN_POINT('',(0.1697,0.058,0.));
#4016=CARTESIAN_POINT('',(-0.173,0.173,0.));
#4017=CARTESIAN_POINT('',(-0.1763,0.173,0.));
#4018=CARTESIAN_POINT('',(0.,0.,0.));
#4019=CARTESIAN_POINT('',(-0.01,0.,0.));
#4020=CARTESIAN_POINT('',(0.,0.,0.015));
#4021=CARTESIAN_POINT('',(-0.173,0.173,0.015));
#4022=CARTESIAN_POINT('',(0.173,0.058,0.015));
#4023=CARTESIAN_POINT('',(0.173,-0.058,0.015));
#4024=CARTESIAN_POINT('',(0.173,-0.173,0.015));
#4025=CARTESIAN_POINT('',(0.058,-0.173,0.015));
#4026=CARTESIAN_POINT('',(-0.058,-0.173,0.015));
#4027=CARTESIAN_POINT('',(-0.173,-0.173,0.015));
#4028=CARTESIAN_POINT('',(-0.173,-0.058,0.015));
#4029=CARTESIAN_POINT('',(-0.058,0.173,0.015));
#4030=CARTESIAN_POINT('',(0.058,0.173,0.015));
#4031=CARTESIAN_POINT('',(0.173,0.173,0.015));
#4032=CARTESIAN_POINT('',(-0.173,0.058,0.015));
#4033=CARTESIAN_POINT('',(-0.065,-0.065,0.015));
#4034=CARTESIAN_POINT('',(0.065,0.065,0.015));
#4035=CARTESIAN_POINT('',(0.135,-0.135,0.005));
#4036=CARTESIAN_POINT('',(0.135,-0.135,0.00301715995720905));
#4037=CARTESIAN_POINT('',(0.135,-0.135,0.005));
#4038=CARTESIAN_POINT('',(0.1317,-0.135,0.005));
#4039=CARTESIAN_POINT('',(0.135,-0.135,0.015));
#4040=CARTESIAN_POINT('',(-0.135,0.135,0.005));
#4041=CARTESIAN_POINT('',(-0.135,0.135,0.00301715995720905));
#4042=CARTESIAN_POINT('',(-0.135,0.135,0.005));
#4043=CARTESIAN_POINT('',(-0.1383,0.135,0.005));
#4044=CARTESIAN_POINT('',(-0.135,0.135,0.015));
#4045=CARTESIAN_POINT('',(-0.169257691854885,0.00304116362748479,0.342791309281917));
#4046=CARTESIAN_POINT('',(0.,-0.03,5.51091059616309E-19));
#4047=CARTESIAN_POINT('',(0.,-0.03,5.51091059616309E-19));
#4048=CARTESIAN_POINT('',(0.,-0.03,-0.009));
#4049=CARTESIAN_POINT('',(0.,0.,5.51091059616309E-19));
#4050=CARTESIAN_POINT('',(0.,0.,-0.009));
#4051=CARTESIAN_POINT('',(0.,-0.03,6.12323399573677E-19));
#4052=CARTESIAN_POINT('',(0.,-0.03,6.12323399573677E-19));
#4053=CARTESIAN_POINT('',(0.,-0.03,-0.01));
#4054=CARTESIAN_POINT('',(0.,0.,6.12323399573677E-19));
#4055=CARTESIAN_POINT('',(0.,0.,-0.01));
#4056=CARTESIAN_POINT('',(0.,-0.03,0.));
#4057=CARTESIAN_POINT('',(0.,0.,0.));
#4058=CARTESIAN_POINT('',(-0.169257691644641,0.00304116406564658,0.372791309281917));
#4059=CARTESIAN_POINT('',(0.,0.,0.));
#4060=MECHANICAL_DESIGN_GEOMETRIC_PRESENTATION_REPRESENTATION('',(#2341,#2342,#2343,#2344,#2345,#2346,#2347,#2348,#2349,#2350),#4061);
#4061=(
GEOMETRIC_REPRESENTATION_CONTEXT(3)
GLOBAL_UNCERTAINTY_ASSIGNED_CONTEXT((#4075))
GLOBAL_UNIT_ASSIGNED_CONTEXT((#4091,#4090,#4089))
REPRESENTATION_CONTEXT('total','TOP_LEVEL_ASSEMBLY_PART')
);
#4062=(
GEOMETRIC_REPRESENTATION_CONTEXT(3)
GLOBAL_UNCERTAINTY_ASSIGNED_CONTEXT((#4076))
GLOBAL_UNIT_ASSIGNED_CONTEXT((#4091,#4090,#4089))
REPRESENTATION_CONTEXT('chamber_wo_lid <1>','COMPONENT_PART')
);
#4063=(
GEOMETRIC_REPRESENTATION_CONTEXT(3)
GLOBAL_UNCERTAINTY_ASSIGNED_CONTEXT((#4077))
GLOBAL_UNIT_ASSIGNED_CONTEXT((#4091,#4090,#4089))
REPRESENTATION_CONTEXT('outer_wall','COMPONENT_PART')
);
#4064=(
GEOMETRIC_REPRESENTATION_CONTEXT(3)
GLOBAL_UNCERTAINTY_ASSIGNED_CONTEXT((#4078))
GLOBAL_UNIT_ASSIGNED_CONTEXT((#4091,#4090,#4089))
REPRESENTATION_CONTEXT('interior_assembly <1>','COMPONENT_PART')
);
#4065=(
GEOMETRIC_REPRESENTATION_CONTEXT(3)
GLOBAL_UNCERTAINTY_ASSIGNED_CONTEXT((#4079))
GLOBAL_UNIT_ASSIGNED_CONTEXT((#4091,#4090,#4089))
REPRESENTATION_CONTEXT('interior','COMPONENT_PART')
);
#4066=(
GEOMETRIC_REPRESENTATION_CONTEXT(3)
GLOBAL_UNCERTAINTY_ASSIGNED_CONTEXT((#4080))
GLOBAL_UNIT_ASSIGNED_CONTEXT((#4091,#4090,#4089))
REPRESENTATION_CONTEXT('drain','COMPONENT_PART')
);
#4067=(
GEOMETRIC_REPRESENTATION_CONTEXT(3)
GLOBAL_UNCERTAINTY_ASSIGNED_CONTEXT((#4081))
GLOBAL_UNIT_ASSIGNED_CONTEXT((#4091,#4090,#4089))
REPRESENTATION_CONTEXT('epdm_seal','COMPONENT_PART')
);
#4068=(
GEOMETRIC_REPRESENTATION_CONTEXT(3)
GLOBAL_UNCERTAINTY_ASSIGNED_CONTEXT((#4082))
GLOBAL_UNIT_ASSIGNED_CONTEXT((#4091,#4090,#4089))
REPRESENTATION_CONTEXT('full_lid <1>','COMPONENT_PART')
);
#4069=(
GEOMETRIC_REPRESENTATION_CONTEXT(3)
GLOBAL_UNCERTAINTY_ASSIGNED_CONTEXT((#4083))
GLOBAL_UNIT_ASSIGNED_CONTEXT((#4091,#4090,#4089))
REPRESENTATION_CONTEXT('Part 1','COMPONENT_PART')
);
#4070=(
GEOMETRIC_REPRESENTATION_CONTEXT(3)
GLOBAL_UNCERTAINTY_ASSIGNED_CONTEXT((#4084))
GLOBAL_UNIT_ASSIGNED_CONTEXT((#4091,#4090,#4089))
REPRESENTATION_CONTEXT('pipe_150','COMPONENT_PART')
);
#4071=(
GEOMETRIC_REPRESENTATION_CONTEXT(3)
GLOBAL_UNCERTAINTY_ASSIGNED_CONTEXT((#4085))
GLOBAL_UNIT_ASSIGNED_CONTEXT((#4091,#4090,#4089))
REPRESENTATION_CONTEXT('red_25_50','COMPONENT_PART')
);
#4072=(
GEOMETRIC_REPRESENTATION_CONTEXT(3)
GLOBAL_UNCERTAINTY_ASSIGNED_CONTEXT((#4086))
GLOBAL_UNIT_ASSIGNED_CONTEXT((#4091,#4090,#4089))
REPRESENTATION_CONTEXT('90','COMPONENT_PART')
);
#4073=(
GEOMETRIC_REPRESENTATION_CONTEXT(3)
GLOBAL_UNCERTAINTY_ASSIGNED_CONTEXT((#4087))
GLOBAL_UNIT_ASSIGNED_CONTEXT((#4091,#4090,#4089))
REPRESENTATION_CONTEXT('lid_plate','COMPONENT_PART')
);
#4074=(
GEOMETRIC_REPRESENTATION_CONTEXT(3)
GLOBAL_UNCERTAINTY_ASSIGNED_CONTEXT((#4088))
GLOBAL_UNIT_ASSIGNED_CONTEXT((#4091,#4090,#4089))
REPRESENTATION_CONTEXT('pipe_30','COMPONENT_PART')
);
#4075=UNCERTAINTY_MEASURE_WITH_UNIT(LENGTH_MEASURE(1.E-08),#4091,'DISTANCE_ACCURACY_VALUE','Maximum Tolerance applied to model');
#4076=UNCERTAINTY_MEASURE_WITH_UNIT(LENGTH_MEASURE(1.E-08),#4091,'DISTANCE_ACCURACY_VALUE','Maximum Tolerance applied to model');
#4077=UNCERTAINTY_MEASURE_WITH_UNIT(LENGTH_MEASURE(1.E-08),#4091,'DISTANCE_ACCURACY_VALUE','Maximum Tolerance applied to model');
#4078=UNCERTAINTY_MEASURE_WITH_UNIT(LENGTH_MEASURE(1.E-08),#4091,'DISTANCE_ACCURACY_VALUE','Maximum Tolerance applied to model');
#4079=UNCERTAINTY_MEASURE_WITH_UNIT(LENGTH_MEASURE(1.E-08),#4091,'DISTANCE_ACCURACY_VALUE','Maximum Tolerance applied to model');
#4080=UNCERTAINTY_MEASURE_WITH_UNIT(LENGTH_MEASURE(1.E-08),#4091,'DISTANCE_ACCURACY_VALUE','Maximum Tolerance applied to model');
#4081=UNCERTAINTY_MEASURE_WITH_UNIT(LENGTH_MEASURE(1.E-08),#4091,'DISTANCE_ACCURACY_VALUE','Maximum Tolerance applied to model');
#4082=UNCERTAINTY_MEASURE_WITH_UNIT(LENGTH_MEASURE(1.E-08),#4091,'DISTANCE_ACCURACY_VALUE','Maximum Tolerance applied to model');
#4083=UNCERTAINTY_MEASURE_WITH_UNIT(LENGTH_MEASURE(1.E-08),#4091,'DISTANCE_ACCURACY_VALUE','Maximum Tolerance applied to model');
#4084=UNCERTAINTY_MEASURE_WITH_UNIT(LENGTH_MEASURE(1.E-08),#4091,'DISTANCE_ACCURACY_VALUE','Maximum Tolerance applied to model');
#4085=UNCERTAINTY_MEASURE_WITH_UNIT(LENGTH_MEASURE(1.E-08),#4091,'DISTANCE_ACCURACY_VALUE','Maximum Tolerance applied to model');
#4086=UNCERTAINTY_MEASURE_WITH_UNIT(LENGTH_MEASURE(1.E-08),#4091,'DISTANCE_ACCURACY_VALUE','Maximum Tolerance applied to model');
#4087=UNCERTAINTY_MEASURE_WITH_UNIT(LENGTH_MEASURE(1.E-08),#4091,'DISTANCE_ACCURACY_VALUE','Maximum Tolerance applied to model');
#4088=UNCERTAINTY_MEASURE_WITH_UNIT(LENGTH_MEASURE(1.E-08),#4091,'DISTANCE_ACCURACY_VALUE','Maximum Tolerance applied to model');
#4089=(
NAMED_UNIT(*)
SI_UNIT($,.STERADIAN.)
SOLID_ANGLE_UNIT()
);
#4090=(
NAMED_UNIT(*)
PLANE_ANGLE_UNIT()
SI_UNIT($,.RADIAN.)
);
#4091=(
LENGTH_UNIT()
NAMED_UNIT(*)
SI_UNIT($,.METRE.)
);
#4092=PRODUCT_DEFINITION_SHAPE('','',#4121);
#4093=PRODUCT_DEFINITION_SHAPE('','',#4122);
#4094=PRODUCT_DEFINITION_SHAPE('','',#4123);
#4095=PRODUCT_DEFINITION_SHAPE(' ','NAUO PRDDFN',#38);
#4096=PRODUCT_DEFINITION_SHAPE('','',#4124);
#4097=PRODUCT_DEFINITION_SHAPE('','',#4125);
#4098=PRODUCT_DEFINITION_SHAPE(' ','NAUO PRDDFN',#39);
#4099=PRODUCT_DEFINITION_SHAPE('','',#4126);
#4100=PRODUCT_DEFINITION_SHAPE(' ','NAUO PRDDFN',#40);
#4101=PRODUCT_DEFINITION_SHAPE(' ','NAUO PRDDFN',#41);
#4102=PRODUCT_DEFINITION_SHAPE(' ','NAUO PRDDFN',#42);
#4103=PRODUCT_DEFINITION_SHAPE('','',#4127);
#4104=PRODUCT_DEFINITION_SHAPE(' ','NAUO PRDDFN',#43);
#4105=PRODUCT_DEFINITION_SHAPE('','',#4128);
#4106=PRODUCT_DEFINITION_SHAPE('','',#4129);
#4107=PRODUCT_DEFINITION_SHAPE(' ','NAUO PRDDFN',#44);
#4108=PRODUCT_DEFINITION_SHAPE(' ','NAUO PRDDFN',#45);
#4109=PRODUCT_DEFINITION_SHAPE('','',#4130);
#4110=PRODUCT_DEFINITION_SHAPE(' ','NAUO PRDDFN',#46);
#4111=PRODUCT_DEFINITION_SHAPE('','',#4131);
#4112=PRODUCT_DEFINITION_SHAPE(' ','NAUO PRDDFN',#47);
#4113=PRODUCT_DEFINITION_SHAPE('','',#4132);
#4114=PRODUCT_DEFINITION_SHAPE(' ','NAUO PRDDFN',#48);
#4115=PRODUCT_DEFINITION_SHAPE(' ','NAUO PRDDFN',#49);
#4116=PRODUCT_DEFINITION_SHAPE('','',#4133);
#4117=PRODUCT_DEFINITION_SHAPE(' ','NAUO PRDDFN',#50);
#4118=PRODUCT_DEFINITION_SHAPE('','',#4134);
#4119=PRODUCT_DEFINITION_SHAPE(' ','NAUO PRDDFN',#51);
#4120=PRODUCT_DEFINITION_SHAPE(' ','NAUO PRDDFN',#52);
#4121=PRODUCT_DEFINITION('','',#4149,#4135);
#4122=PRODUCT_DEFINITION('','',#4150,#4136);
#4123=PRODUCT_DEFINITION('','',#4151,#4137);
#4124=PRODUCT_DEFINITION('','',#4152,#4138);
#4125=PRODUCT_DEFINITION('','',#4153,#4139);
#4126=PRODUCT_DEFINITION('','',#4154,#4140);
#4127=PRODUCT_DEFINITION('','',#4155,#4141);
#4128=PRODUCT_DEFINITION('','',#4156,#4142);
#4129=PRODUCT_DEFINITION('','',#4157,#4143);
#4130=PRODUCT_DEFINITION('','',#4158,#4144);
#4131=PRODUCT_DEFINITION('','',#4159,#4145);
#4132=PRODUCT_DEFINITION('','',#4160,#4146);
#4133=PRODUCT_DEFINITION('','',#4161,#4147);
#4134=PRODUCT_DEFINITION('','',#4162,#4148);
#4135=PRODUCT_DEFINITION_CONTEXT('',#4220,'design');
#4136=PRODUCT_DEFINITION_CONTEXT('',#4220,'design');
#4137=PRODUCT_DEFINITION_CONTEXT('',#4220,'design');
#4138=PRODUCT_DEFINITION_CONTEXT('',#4220,'design');
#4139=PRODUCT_DEFINITION_CONTEXT('',#4220,'design');
#4140=PRODUCT_DEFINITION_CONTEXT('',#4220,'design');
#4141=PRODUCT_DEFINITION_CONTEXT('',#4220,'design');
#4142=PRODUCT_DEFINITION_CONTEXT('',#4220,'design');
#4143=PRODUCT_DEFINITION_CONTEXT('',#4220,'design');
#4144=PRODUCT_DEFINITION_CONTEXT('',#4220,'design');
#4145=PRODUCT_DEFINITION_CONTEXT('',#4220,'design');
#4146=PRODUCT_DEFINITION_CONTEXT('',#4220,'design');
#4147=PRODUCT_DEFINITION_CONTEXT('',#4220,'design');
#4148=PRODUCT_DEFINITION_CONTEXT('',#4220,'design');
#4149=PRODUCT_DEFINITION_FORMATION_WITH_SPECIFIED_SOURCE('','',#4177,.NOT_KNOWN.);
#4150=PRODUCT_DEFINITION_FORMATION_WITH_SPECIFIED_SOURCE('','',#4178,.NOT_KNOWN.);
#4151=PRODUCT_DEFINITION_FORMATION_WITH_SPECIFIED_SOURCE('','',#4179,.NOT_KNOWN.);
#4152=PRODUCT_DEFINITION_FORMATION_WITH_SPECIFIED_SOURCE('','',#4180,.NOT_KNOWN.);
#4153=PRODUCT_DEFINITION_FORMATION_WITH_SPECIFIED_SOURCE('','',#4181,.NOT_KNOWN.);
#4154=PRODUCT_DEFINITION_FORMATION_WITH_SPECIFIED_SOURCE('','',#4182,.NOT_KNOWN.);
#4155=PRODUCT_DEFINITION_FORMATION_WITH_SPECIFIED_SOURCE('','',#4183,.NOT_KNOWN.);
#4156=PRODUCT_DEFINITION_FORMATION_WITH_SPECIFIED_SOURCE('','',#4184,.NOT_KNOWN.);
#4157=PRODUCT_DEFINITION_FORMATION_WITH_SPECIFIED_SOURCE('','',#4185,.NOT_KNOWN.);
#4158=PRODUCT_DEFINITION_FORMATION_WITH_SPECIFIED_SOURCE('','',#4186,.NOT_KNOWN.);
#4159=PRODUCT_DEFINITION_FORMATION_WITH_SPECIFIED_SOURCE('','',#4187,.NOT_KNOWN.);
#4160=PRODUCT_DEFINITION_FORMATION_WITH_SPECIFIED_SOURCE('','',#4188,.NOT_KNOWN.);
#4161=PRODUCT_DEFINITION_FORMATION_WITH_SPECIFIED_SOURCE('','',#4189,.NOT_KNOWN.);
#4162=PRODUCT_DEFINITION_FORMATION_WITH_SPECIFIED_SOURCE('','',#4190,.NOT_KNOWN.);
#4163=PRODUCT_RELATED_PRODUCT_CATEGORY('','',(#4177));
#4164=PRODUCT_RELATED_PRODUCT_CATEGORY('','',(#4178));
#4165=PRODUCT_RELATED_PRODUCT_CATEGORY('','',(#4179));
#4166=PRODUCT_RELATED_PRODUCT_CATEGORY('','',(#4180));
#4167=PRODUCT_RELATED_PRODUCT_CATEGORY('','',(#4181));
#4168=PRODUCT_RELATED_PRODUCT_CATEGORY('','',(#4182));
#4169=PRODUCT_RELATED_PRODUCT_CATEGORY('','',(#4183));
#4170=PRODUCT_RELATED_PRODUCT_CATEGORY('','',(#4184));
#4171=PRODUCT_RELATED_PRODUCT_CATEGORY('','',(#4185));
#4172=PRODUCT_RELATED_PRODUCT_CATEGORY('','',(#4186));
#4173=PRODUCT_RELATED_PRODUCT_CATEGORY('','',(#4187));
#4174=PRODUCT_RELATED_PRODUCT_CATEGORY('','',(#4188));
#4175=PRODUCT_RELATED_PRODUCT_CATEGORY('','',(#4189));
#4176=PRODUCT_RELATED_PRODUCT_CATEGORY('','',(#4190));
#4177=PRODUCT('total','total','total',(#4205));
#4178=PRODUCT('chamber_wo_lid <1>','chamber_wo_lid <1>','chamber_wo_lid <1>',(#4206));
#4179=PRODUCT('outer_wall','outer_wall','outer_wall',(#4207));
#4180=PRODUCT('interior_assembly <1>','interior_assembly <1>','interior_assembly <1>',(#4208));
#4181=PRODUCT('interior','interior','interior',(#4209));
#4182=PRODUCT('drain','drain','drain',(#4210));
#4183=PRODUCT('epdm_seal','epdm_seal','epdm_seal',(#4211));
#4184=PRODUCT('full_lid <1>','full_lid <1>','full_lid <1>',(#4212));
#4185=PRODUCT('Part 1','Part 1','Part 1',(#4213));
#4186=PRODUCT('pipe_150','pipe_150','pipe_150',(#4214));
#4187=PRODUCT('red_25_50','red_25_50','red_25_50',(#4215));
#4188=PRODUCT('90','90','90',(#4216));
#4189=PRODUCT('lid_plate','lid_plate','lid_plate',(#4217));
#4190=PRODUCT('pipe_30','pipe_30','pipe_30',(#4218));
#4191=PRODUCT_CATEGORY('','');
#4192=PRODUCT_CATEGORY('','');
#4193=PRODUCT_CATEGORY('','');
#4194=PRODUCT_CATEGORY('','');
#4195=PRODUCT_CATEGORY('','');
#4196=PRODUCT_CATEGORY('','');
#4197=PRODUCT_CATEGORY('','');
#4198=PRODUCT_CATEGORY('','');
#4199=PRODUCT_CATEGORY('','');
#4200=PRODUCT_CATEGORY('','');
#4201=PRODUCT_CATEGORY('','');
#4202=PRODUCT_CATEGORY('','');
#4203=PRODUCT_CATEGORY('','');
#4204=PRODUCT_CATEGORY('','');
#4205=PRODUCT_CONTEXT('',#4220,'mechanical');
#4206=PRODUCT_CONTEXT('',#4220,'mechanical');
#4207=PRODUCT_CONTEXT('',#4220,'mechanical');
#4208=PRODUCT_CONTEXT('',#4220,'mechanical');
#4209=PRODUCT_CONTEXT('',#4220,'mechanical');
#4210=PRODUCT_CONTEXT('',#4220,'mechanical');
#4211=PRODUCT_CONTEXT('',#4220,'mechanical');
#4212=PRODUCT_CONTEXT('',#4220,'mechanical');
#4213=PRODUCT_CONTEXT('',#4220,'mechanical');
#4214=PRODUCT_CONTEXT('',#4220,'mechanical');
#4215=PRODUCT_CONTEXT('',#4220,'mechanical');
#4216=PRODUCT_CONTEXT('',#4220,'mechanical');
#4217=PRODUCT_CONTEXT('',#4220,'mechanical');
#4218=PRODUCT_CONTEXT('',#4220,'mechanical');
#4219=APPLICATION_PROTOCOL_DEFINITION('international standard','ap242_managed_model_based_3d_engineering',2020,#4220);
#4220=APPLICATION_CONTEXT('managed model based 3d engineering');
ENDSEC;
END-ISO-10303-21;
