ISO-10303-21;
HEADER;
/*Generated by software containing ST-Developer
 * from STEP Tools, Inc. (www.steptools.com) 
 */
/*OPTION: using custom renumber hook */
/*description */
/*implementation_level */
FILE_DESCRIPTION(('STEP AP242 Edition 2','STEP AP242 Edition 2''CAx-IF Rec.Pracs.---Representation and Presentation of Product Manufa
cturing Information (PMI)---4.0---2014-10-13','STEP AP242 Edition 2''CAx-IF Rec.Pracs.---Representation and Presentation of Product Manufa
cturing Information (PMI)---4.0---2014-10-13''CAx-IF Rec.Pracs.---3D Tessellated Geometry---0.4---2014-09-14','STEP AP242 Edition 2''CAx-IF Rec.Pracs.---Representation and Presentation of Product Manufa
cturing Information (PMI)---4.0---2014-10-13''CAx-IF Rec.Pracs.---3D Tessellated Geometry---0.4---2014-09-14''2;1','STEP AP242 Edition 2''CAx-IF Rec.Pracs.---Representation and Presentation of Product Manufa
cturing Information (PMI)---4.0---2014-10-13''CAx-IF Rec.Pracs.---3D Tessellated Geometry---0.4---2014-09-14''2;1''CAx-IF Rec.Pracs.---User Defined Attributes---1.5---2016-08-15'),'2;1');
/*name */
/*time_stamp */
/*author */
/*organization */
/*preprocessor_version */
/*originating_system */
/*authorisation */
FILE_NAME('/vol/tmp/translate-11624471131354622480/7799dba0-4efe-4fa2-9342-70a66d01994d.step','2026-02-21T14:09:28',(''),(''),'ST-DEVELOPER v20','ONSHAPE BY PTC INC, 1.211','  ');
FILE_SCHEMA(('AP242_MANAGED_MODEL_BASED_3D_ENGINEERING_MIM_LF { 1 0 10303 442 3 1 4 }'));
ENDSEC;
DATA;
#10=SHAPE_REPRESENTATION_RELATIONSHIP('','',#845,#11);
#11=ADVANCED_BREP_SHAPE_REPRESENTATION('',(#843),#1353);
#12=CYLINDRICAL_SURFACE('',#900,0.0045);
#13=CYLINDRICAL_SURFACE('',#901,0.0045);
#14=CYLINDRICAL_SURFACE('',#902,0.0045);
#15=CYLINDRICAL_SURFACE('',#903,0.0045);
#16=CYLINDRICAL_SURFACE('',#904,0.0125);
#17=CYLINDRICAL_SURFACE('',#905,0.0125);
#18=CYLINDRICAL_SURFACE('',#906,0.0125);
#19=CYLINDRICAL_SURFACE('',#907,0.0125);
#20=CYLINDRICAL_SURFACE('',#908,0.0125);
#21=CYLINDRICAL_SURFACE('',#909,0.0125);
#22=CYLINDRICAL_SURFACE('',#910,0.0125);
#23=CIRCLE('',#849,0.0125);
#24=CIRCLE('',#850,0.0125);
#25=CIRCLE('',#851,0.0125);
#26=CIRCLE('',#852,0.0125);
#27=CIRCLE('',#855,0.0125);
#28=CIRCLE('',#856,0.0125);
#29=CIRCLE('',#857,0.0125);
#30=CIRCLE('',#863,0.0045);
#31=CIRCLE('',#864,0.0045);
#32=CIRCLE('',#865,0.0045);
#33=CIRCLE('',#866,0.0045);
#34=CIRCLE('',#869,0.0125);
#35=CIRCLE('',#870,0.0125);
#36=CIRCLE('',#871,0.0125);
#37=CIRCLE('',#872,0.0125);
#38=CIRCLE('',#875,0.0125);
#39=CIRCLE('',#876,0.0125);
#40=CIRCLE('',#877,0.0125);
#41=CIRCLE('',#889,0.0045);
#42=CIRCLE('',#892,0.0045);
#43=CIRCLE('',#896,0.0045);
#44=CIRCLE('',#899,0.0045);
#45=ORIENTED_EDGE('',*,*,#257,.F.);
#46=ORIENTED_EDGE('',*,*,#258,.F.);
#47=ORIENTED_EDGE('',*,*,#259,.T.);
#48=ORIENTED_EDGE('',*,*,#260,.T.);
#49=ORIENTED_EDGE('',*,*,#261,.F.);
#50=ORIENTED_EDGE('',*,*,#262,.T.);
#51=ORIENTED_EDGE('',*,*,#263,.T.);
#52=ORIENTED_EDGE('',*,*,#264,.T.);
#53=ORIENTED_EDGE('',*,*,#265,.F.);
#54=ORIENTED_EDGE('',*,*,#266,.T.);
#55=ORIENTED_EDGE('',*,*,#267,.T.);
#56=ORIENTED_EDGE('',*,*,#268,.T.);
#57=ORIENTED_EDGE('',*,*,#269,.F.);
#58=ORIENTED_EDGE('',*,*,#270,.F.);
#59=ORIENTED_EDGE('',*,*,#271,.T.);
#60=ORIENTED_EDGE('',*,*,#272,.F.);
#61=ORIENTED_EDGE('',*,*,#273,.T.);
#62=ORIENTED_EDGE('',*,*,#274,.T.);
#63=ORIENTED_EDGE('',*,*,#275,.T.);
#64=ORIENTED_EDGE('',*,*,#276,.T.);
#65=ORIENTED_EDGE('',*,*,#277,.F.);
#66=ORIENTED_EDGE('',*,*,#278,.T.);
#67=ORIENTED_EDGE('',*,*,#279,.T.);
#68=ORIENTED_EDGE('',*,*,#280,.T.);
#69=ORIENTED_EDGE('',*,*,#281,.T.);
#70=ORIENTED_EDGE('',*,*,#282,.F.);
#71=ORIENTED_EDGE('',*,*,#259,.F.);
#72=ORIENTED_EDGE('',*,*,#283,.T.);
#73=ORIENTED_EDGE('',*,*,#278,.F.);
#74=ORIENTED_EDGE('',*,*,#284,.T.);
#75=ORIENTED_EDGE('',*,*,#285,.T.);
#76=ORIENTED_EDGE('',*,*,#286,.F.);
#77=ORIENTED_EDGE('',*,*,#287,.F.);
#78=ORIENTED_EDGE('',*,*,#288,.F.);
#79=ORIENTED_EDGE('',*,*,#289,.F.);
#80=ORIENTED_EDGE('',*,*,#290,.F.);
#81=ORIENTED_EDGE('',*,*,#291,.T.);
#82=ORIENTED_EDGE('',*,*,#292,.F.);
#83=ORIENTED_EDGE('',*,*,#293,.F.);
#84=ORIENTED_EDGE('',*,*,#294,.F.);
#85=ORIENTED_EDGE('',*,*,#269,.T.);
#86=ORIENTED_EDGE('',*,*,#295,.T.);
#87=ORIENTED_EDGE('',*,*,#296,.F.);
#88=ORIENTED_EDGE('',*,*,#292,.T.);
#89=ORIENTED_EDGE('',*,*,#297,.T.);
#90=ORIENTED_EDGE('',*,*,#298,.F.);
#91=ORIENTED_EDGE('',*,*,#299,.F.);
#92=ORIENTED_EDGE('',*,*,#268,.F.);
#93=ORIENTED_EDGE('',*,*,#300,.T.);
#94=ORIENTED_EDGE('',*,*,#301,.T.);
#95=ORIENTED_EDGE('',*,*,#295,.F.);
#96=ORIENTED_EDGE('',*,*,#302,.F.);
#97=ORIENTED_EDGE('',*,*,#264,.F.);
#98=ORIENTED_EDGE('',*,*,#303,.T.);
#99=ORIENTED_EDGE('',*,*,#304,.T.);
#100=ORIENTED_EDGE('',*,*,#305,.T.);
#101=ORIENTED_EDGE('',*,*,#306,.T.);
#102=ORIENTED_EDGE('',*,*,#307,.T.);
#103=ORIENTED_EDGE('',*,*,#308,.F.);
#104=ORIENTED_EDGE('',*,*,#309,.T.);
#105=ORIENTED_EDGE('',*,*,#296,.T.);
#106=ORIENTED_EDGE('',*,*,#301,.F.);
#107=ORIENTED_EDGE('',*,*,#310,.F.);
#108=ORIENTED_EDGE('',*,*,#311,.F.);
#109=ORIENTED_EDGE('',*,*,#312,.T.);
#110=ORIENTED_EDGE('',*,*,#304,.F.);
#111=ORIENTED_EDGE('',*,*,#313,.F.);
#112=ORIENTED_EDGE('',*,*,#314,.F.);
#113=ORIENTED_EDGE('',*,*,#315,.T.);
#114=ORIENTED_EDGE('',*,*,#316,.F.);
#115=ORIENTED_EDGE('',*,*,#281,.F.);
#116=ORIENTED_EDGE('',*,*,#317,.F.);
#117=ORIENTED_EDGE('',*,*,#318,.F.);
#118=ORIENTED_EDGE('',*,*,#319,.F.);
#119=ORIENTED_EDGE('',*,*,#320,.F.);
#120=ORIENTED_EDGE('',*,*,#307,.F.);
#121=ORIENTED_EDGE('',*,*,#321,.F.);
#122=ORIENTED_EDGE('',*,*,#272,.T.);
#123=ORIENTED_EDGE('',*,*,#322,.T.);
#124=ORIENTED_EDGE('',*,*,#323,.T.);
#125=ORIENTED_EDGE('',*,*,#324,.T.);
#126=ORIENTED_EDGE('',*,*,#325,.F.);
#127=ORIENTED_EDGE('',*,*,#326,.F.);
#128=ORIENTED_EDGE('',*,*,#326,.T.);
#129=ORIENTED_EDGE('',*,*,#327,.T.);
#130=ORIENTED_EDGE('',*,*,#328,.F.);
#131=ORIENTED_EDGE('',*,*,#329,.F.);
#132=ORIENTED_EDGE('',*,*,#330,.T.);
#133=ORIENTED_EDGE('',*,*,#331,.T.);
#134=ORIENTED_EDGE('',*,*,#332,.T.);
#135=ORIENTED_EDGE('',*,*,#333,.T.);
#136=ORIENTED_EDGE('',*,*,#329,.T.);
#137=ORIENTED_EDGE('',*,*,#334,.T.);
#138=ORIENTED_EDGE('',*,*,#335,.F.);
#139=ORIENTED_EDGE('',*,*,#323,.F.);
#140=ORIENTED_EDGE('',*,*,#335,.T.);
#141=ORIENTED_EDGE('',*,*,#336,.T.);
#142=ORIENTED_EDGE('',*,*,#337,.F.);
#143=ORIENTED_EDGE('',*,*,#324,.F.);
#144=ORIENTED_EDGE('',*,*,#338,.T.);
#145=ORIENTED_EDGE('',*,*,#339,.T.);
#146=ORIENTED_EDGE('',*,*,#340,.T.);
#147=ORIENTED_EDGE('',*,*,#337,.T.);
#148=ORIENTED_EDGE('',*,*,#341,.F.);
#149=ORIENTED_EDGE('',*,*,#327,.F.);
#150=ORIENTED_EDGE('',*,*,#325,.T.);
#151=ORIENTED_EDGE('',*,*,#328,.T.);
#152=ORIENTED_EDGE('',*,*,#341,.T.);
#153=ORIENTED_EDGE('',*,*,#336,.F.);
#154=ORIENTED_EDGE('',*,*,#334,.F.);
#155=ORIENTED_EDGE('',*,*,#342,.F.);
#156=ORIENTED_EDGE('',*,*,#260,.F.);
#157=ORIENTED_EDGE('',*,*,#282,.T.);
#158=ORIENTED_EDGE('',*,*,#316,.T.);
#159=ORIENTED_EDGE('',*,*,#285,.F.);
#160=ORIENTED_EDGE('',*,*,#343,.F.);
#161=ORIENTED_EDGE('',*,*,#344,.F.);
#162=ORIENTED_EDGE('',*,*,#257,.T.);
#163=ORIENTED_EDGE('',*,*,#321,.T.);
#164=ORIENTED_EDGE('',*,*,#306,.F.);
#165=ORIENTED_EDGE('',*,*,#345,.T.);
#166=ORIENTED_EDGE('',*,*,#346,.T.);
#167=ORIENTED_EDGE('',*,*,#308,.T.);
#168=ORIENTED_EDGE('',*,*,#322,.F.);
#169=ORIENTED_EDGE('',*,*,#271,.F.);
#170=ORIENTED_EDGE('',*,*,#347,.T.);
#171=ORIENTED_EDGE('',*,*,#348,.T.);
#172=ORIENTED_EDGE('',*,*,#298,.T.);
#173=ORIENTED_EDGE('',*,*,#349,.F.);
#174=ORIENTED_EDGE('',*,*,#350,.T.);
#175=ORIENTED_EDGE('',*,*,#303,.F.);
#176=ORIENTED_EDGE('',*,*,#263,.F.);
#177=ORIENTED_EDGE('',*,*,#351,.T.);
#178=ORIENTED_EDGE('',*,*,#313,.T.);
#179=ORIENTED_EDGE('',*,*,#342,.T.);
#180=ORIENTED_EDGE('',*,*,#315,.F.);
#181=ORIENTED_EDGE('',*,*,#352,.F.);
#182=ORIENTED_EDGE('',*,*,#261,.T.);
#183=ORIENTED_EDGE('',*,*,#351,.F.);
#184=ORIENTED_EDGE('',*,*,#262,.F.);
#185=ORIENTED_EDGE('',*,*,#352,.T.);
#186=ORIENTED_EDGE('',*,*,#314,.T.);
#187=ORIENTED_EDGE('',*,*,#302,.T.);
#188=ORIENTED_EDGE('',*,*,#312,.F.);
#189=ORIENTED_EDGE('',*,*,#353,.F.);
#190=ORIENTED_EDGE('',*,*,#265,.T.);
#191=ORIENTED_EDGE('',*,*,#300,.F.);
#192=ORIENTED_EDGE('',*,*,#267,.F.);
#193=ORIENTED_EDGE('',*,*,#354,.T.);
#194=ORIENTED_EDGE('',*,*,#310,.T.);
#195=ORIENTED_EDGE('',*,*,#266,.F.);
#196=ORIENTED_EDGE('',*,*,#353,.T.);
#197=ORIENTED_EDGE('',*,*,#311,.T.);
#198=ORIENTED_EDGE('',*,*,#354,.F.);
#199=ORIENTED_EDGE('',*,*,#355,.F.);
#200=ORIENTED_EDGE('',*,*,#347,.F.);
#201=ORIENTED_EDGE('',*,*,#270,.T.);
#202=ORIENTED_EDGE('',*,*,#294,.T.);
#203=ORIENTED_EDGE('',*,*,#356,.T.);
#204=ORIENTED_EDGE('',*,*,#356,.F.);
#205=ORIENTED_EDGE('',*,*,#293,.T.);
#206=ORIENTED_EDGE('',*,*,#299,.T.);
#207=ORIENTED_EDGE('',*,*,#348,.F.);
#208=ORIENTED_EDGE('',*,*,#357,.F.);
#209=ORIENTED_EDGE('',*,*,#358,.F.);
#210=ORIENTED_EDGE('',*,*,#290,.T.);
#211=ORIENTED_EDGE('',*,*,#309,.F.);
#212=ORIENTED_EDGE('',*,*,#350,.F.);
#213=ORIENTED_EDGE('',*,*,#291,.F.);
#214=ORIENTED_EDGE('',*,*,#358,.T.);
#215=ORIENTED_EDGE('',*,*,#349,.T.);
#216=ORIENTED_EDGE('',*,*,#297,.F.);
#217=ORIENTED_EDGE('',*,*,#279,.F.);
#218=ORIENTED_EDGE('',*,*,#286,.T.);
#219=ORIENTED_EDGE('',*,*,#346,.F.);
#220=ORIENTED_EDGE('',*,*,#359,.F.);
#221=ORIENTED_EDGE('',*,*,#360,.F.);
#222=ORIENTED_EDGE('',*,*,#280,.F.);
#223=ORIENTED_EDGE('',*,*,#359,.T.);
#224=ORIENTED_EDGE('',*,*,#345,.F.);
#225=ORIENTED_EDGE('',*,*,#305,.F.);
#226=ORIENTED_EDGE('',*,*,#284,.F.);
#227=ORIENTED_EDGE('',*,*,#277,.T.);
#228=ORIENTED_EDGE('',*,*,#361,.T.);
#229=ORIENTED_EDGE('',*,*,#343,.T.);
#230=ORIENTED_EDGE('',*,*,#362,.F.);
#231=ORIENTED_EDGE('',*,*,#283,.F.);
#232=ORIENTED_EDGE('',*,*,#258,.T.);
#233=ORIENTED_EDGE('',*,*,#344,.T.);
#234=ORIENTED_EDGE('',*,*,#361,.F.);
#235=ORIENTED_EDGE('',*,*,#319,.T.);
#236=ORIENTED_EDGE('',*,*,#362,.T.);
#237=ORIENTED_EDGE('',*,*,#320,.T.);
#238=ORIENTED_EDGE('',*,*,#360,.T.);
#239=ORIENTED_EDGE('',*,*,#317,.T.);
#240=ORIENTED_EDGE('',*,*,#357,.T.);
#241=ORIENTED_EDGE('',*,*,#318,.T.);
#242=ORIENTED_EDGE('',*,*,#355,.T.);
#243=ORIENTED_EDGE('',*,*,#276,.F.);
#244=ORIENTED_EDGE('',*,*,#333,.F.);
#245=ORIENTED_EDGE('',*,*,#275,.F.);
#246=ORIENTED_EDGE('',*,*,#332,.F.);
#247=ORIENTED_EDGE('',*,*,#274,.F.);
#248=ORIENTED_EDGE('',*,*,#331,.F.);
#249=ORIENTED_EDGE('',*,*,#273,.F.);
#250=ORIENTED_EDGE('',*,*,#330,.F.);
#251=ORIENTED_EDGE('',*,*,#340,.F.);
#252=ORIENTED_EDGE('',*,*,#289,.T.);
#253=ORIENTED_EDGE('',*,*,#339,.F.);
#254=ORIENTED_EDGE('',*,*,#288,.T.);
#255=ORIENTED_EDGE('',*,*,#338,.F.);
#256=ORIENTED_EDGE('',*,*,#287,.T.);
#257=EDGE_CURVE('',#363,#364,#441,.T.);
#258=EDGE_CURVE('',#365,#363,#442,.T.);
#259=EDGE_CURVE('',#365,#366,#443,.T.);
#260=EDGE_CURVE('',#366,#367,#444,.T.);
#261=EDGE_CURVE('',#368,#367,#445,.T.);
#262=EDGE_CURVE('',#368,#369,#446,.T.);
#263=EDGE_CURVE('',#369,#370,#447,.T.);
#264=EDGE_CURVE('',#370,#371,#448,.T.);
#265=EDGE_CURVE('',#372,#371,#449,.T.);
#266=EDGE_CURVE('',#372,#373,#450,.T.);
#267=EDGE_CURVE('',#373,#374,#451,.T.);
#268=EDGE_CURVE('',#374,#375,#452,.T.);
#269=EDGE_CURVE('',#376,#375,#453,.T.);
#270=EDGE_CURVE('',#377,#376,#454,.T.);
#271=EDGE_CURVE('',#377,#378,#455,.T.);
#272=EDGE_CURVE('',#364,#378,#456,.T.);
#273=EDGE_CURVE('',#379,#379,#23,.F.);
#274=EDGE_CURVE('',#380,#380,#24,.F.);
#275=EDGE_CURVE('',#381,#381,#25,.F.);
#276=EDGE_CURVE('',#382,#382,#26,.F.);
#277=EDGE_CURVE('',#383,#384,#457,.T.);
#278=EDGE_CURVE('',#383,#385,#458,.T.);
#279=EDGE_CURVE('',#385,#386,#459,.T.);
#280=EDGE_CURVE('',#386,#387,#460,.T.);
#281=EDGE_CURVE('',#387,#388,#461,.T.);
#282=EDGE_CURVE('',#366,#388,#462,.T.);
#283=EDGE_CURVE('',#365,#384,#463,.T.);
#284=EDGE_CURVE('',#383,#389,#464,.T.);
#285=EDGE_CURVE('',#389,#390,#465,.T.);
#286=EDGE_CURVE('',#385,#390,#466,.T.);
#287=EDGE_CURVE('',#391,#391,#27,.F.);
#288=EDGE_CURVE('',#392,#392,#28,.F.);
#289=EDGE_CURVE('',#393,#393,#29,.F.);
#290=EDGE_CURVE('',#394,#395,#467,.T.);
#291=EDGE_CURVE('',#394,#396,#468,.T.);
#292=EDGE_CURVE('',#397,#396,#469,.T.);
#293=EDGE_CURVE('',#398,#397,#470,.T.);
#294=EDGE_CURVE('',#376,#398,#471,.T.);
#295=EDGE_CURVE('',#375,#399,#472,.T.);
#296=EDGE_CURVE('',#395,#399,#473,.T.);
#297=EDGE_CURVE('',#396,#400,#474,.T.);
#298=EDGE_CURVE('',#401,#400,#475,.T.);
#299=EDGE_CURVE('',#397,#401,#476,.T.);
#300=EDGE_CURVE('',#374,#402,#477,.T.);
#301=EDGE_CURVE('',#402,#399,#478,.T.);
#302=EDGE_CURVE('',#371,#403,#479,.T.);
#303=EDGE_CURVE('',#370,#404,#480,.T.);
#304=EDGE_CURVE('',#404,#403,#481,.T.);
#305=EDGE_CURVE('',#387,#405,#482,.T.);
#306=EDGE_CURVE('',#405,#406,#483,.T.);
#307=EDGE_CURVE('',#406,#407,#484,.T.);
#308=EDGE_CURVE('',#408,#407,#485,.T.);
#309=EDGE_CURVE('',#408,#395,#486,.T.);
#310=EDGE_CURVE('',#409,#402,#487,.T.);
#311=EDGE_CURVE('',#410,#409,#488,.T.);
#312=EDGE_CURVE('',#410,#403,#489,.T.);
#313=EDGE_CURVE('',#411,#404,#490,.T.);
#314=EDGE_CURVE('',#412,#411,#491,.T.);
#315=EDGE_CURVE('',#412,#413,#492,.T.);
#316=EDGE_CURVE('',#388,#413,#493,.T.);
#317=EDGE_CURVE('',#414,#414,#30,.T.);
#318=EDGE_CURVE('',#415,#415,#31,.T.);
#319=EDGE_CURVE('',#416,#416,#32,.T.);
#320=EDGE_CURVE('',#417,#417,#33,.T.);
#321=EDGE_CURVE('',#364,#406,#494,.T.);
#322=EDGE_CURVE('',#378,#407,#495,.T.);
#323=EDGE_CURVE('',#418,#419,#496,.T.);
#324=EDGE_CURVE('',#419,#420,#497,.T.);
#325=EDGE_CURVE('',#421,#420,#498,.T.);
#326=EDGE_CURVE('',#418,#421,#499,.T.);
#327=EDGE_CURVE('',#421,#422,#500,.T.);
#328=EDGE_CURVE('',#423,#422,#501,.T.);
#329=EDGE_CURVE('',#418,#423,#502,.T.);
#330=EDGE_CURVE('',#424,#424,#34,.T.);
#331=EDGE_CURVE('',#425,#425,#35,.T.);
#332=EDGE_CURVE('',#426,#426,#36,.T.);
#333=EDGE_CURVE('',#427,#427,#37,.T.);
#334=EDGE_CURVE('',#423,#428,#503,.T.);
#335=EDGE_CURVE('',#419,#428,#504,.T.);
#336=EDGE_CURVE('',#428,#429,#505,.T.);
#337=EDGE_CURVE('',#420,#429,#506,.T.);
#338=EDGE_CURVE('',#430,#430,#38,.T.);
#339=EDGE_CURVE('',#431,#431,#39,.T.);
#340=EDGE_CURVE('',#432,#432,#40,.T.);
#341=EDGE_CURVE('',#422,#429,#507,.T.);
#342=EDGE_CURVE('',#367,#413,#508,.T.);
#343=EDGE_CURVE('',#433,#389,#509,.T.);
#344=EDGE_CURVE('',#363,#433,#510,.T.);
#345=EDGE_CURVE('',#405,#434,#511,.T.);
#346=EDGE_CURVE('',#434,#390,#512,.T.);
#347=EDGE_CURVE('',#377,#435,#513,.T.);
#348=EDGE_CURVE('',#435,#401,#514,.T.);
#349=EDGE_CURVE('',#436,#400,#515,.T.);
#350=EDGE_CURVE('',#436,#408,#516,.T.);
#351=EDGE_CURVE('',#369,#411,#517,.T.);
#352=EDGE_CURVE('',#368,#412,#518,.T.);
#353=EDGE_CURVE('',#372,#410,#519,.T.);
#354=EDGE_CURVE('',#373,#409,#520,.T.);
#355=EDGE_CURVE('',#437,#437,#41,.F.);
#356=EDGE_CURVE('',#398,#435,#521,.T.);
#357=EDGE_CURVE('',#438,#438,#42,.F.);
#358=EDGE_CURVE('',#394,#436,#522,.T.);
#359=EDGE_CURVE('',#386,#434,#523,.T.);
#360=EDGE_CURVE('',#439,#439,#43,.F.);
#361=EDGE_CURVE('',#384,#433,#524,.T.);
#362=EDGE_CURVE('',#440,#440,#44,.F.);
#363=VERTEX_POINT('',#1128);
#364=VERTEX_POINT('',#1129);
#365=VERTEX_POINT('',#1131);
#366=VERTEX_POINT('',#1133);
#367=VERTEX_POINT('',#1135);
#368=VERTEX_POINT('',#1137);
#369=VERTEX_POINT('',#1139);
#370=VERTEX_POINT('',#1141);
#371=VERTEX_POINT('',#1143);
#372=VERTEX_POINT('',#1145);
#373=VERTEX_POINT('',#1147);
#374=VERTEX_POINT('',#1149);
#375=VERTEX_POINT('',#1151);
#376=VERTEX_POINT('',#1153);
#377=VERTEX_POINT('',#1155);
#378=VERTEX_POINT('',#1157);
#379=VERTEX_POINT('',#1161);
#380=VERTEX_POINT('',#1163);
#381=VERTEX_POINT('',#1165);
#382=VERTEX_POINT('',#1167);
#383=VERTEX_POINT('',#1169);
#384=VERTEX_POINT('',#1170);
#385=VERTEX_POINT('',#1172);
#386=VERTEX_POINT('',#1174);
#387=VERTEX_POINT('',#1176);
#388=VERTEX_POINT('',#1178);
#389=VERTEX_POINT('',#1183);
#390=VERTEX_POINT('',#1185);
#391=VERTEX_POINT('',#1189);
#392=VERTEX_POINT('',#1191);
#393=VERTEX_POINT('',#1193);
#394=VERTEX_POINT('',#1195);
#395=VERTEX_POINT('',#1196);
#396=VERTEX_POINT('',#1198);
#397=VERTEX_POINT('',#1200);
#398=VERTEX_POINT('',#1202);
#399=VERTEX_POINT('',#1205);
#400=VERTEX_POINT('',#1209);
#401=VERTEX_POINT('',#1211);
#402=VERTEX_POINT('',#1215);
#403=VERTEX_POINT('',#1219);
#404=VERTEX_POINT('',#1221);
#405=VERTEX_POINT('',#1225);
#406=VERTEX_POINT('',#1227);
#407=VERTEX_POINT('',#1229);
#408=VERTEX_POINT('',#1231);
#409=VERTEX_POINT('',#1234);
#410=VERTEX_POINT('',#1236);
#411=VERTEX_POINT('',#1239);
#412=VERTEX_POINT('',#1241);
#413=VERTEX_POINT('',#1243);
#414=VERTEX_POINT('',#1247);
#415=VERTEX_POINT('',#1249);
#416=VERTEX_POINT('',#1251);
#417=VERTEX_POINT('',#1253);
#418=VERTEX_POINT('',#1257);
#419=VERTEX_POINT('',#1258);
#420=VERTEX_POINT('',#1260);
#421=VERTEX_POINT('',#1262);
#422=VERTEX_POINT('',#1266);
#423=VERTEX_POINT('',#1268);
#424=VERTEX_POINT('',#1272);
#425=VERTEX_POINT('',#1274);
#426=VERTEX_POINT('',#1276);
#427=VERTEX_POINT('',#1278);
#428=VERTEX_POINT('',#1280);
#429=VERTEX_POINT('',#1284);
#430=VERTEX_POINT('',#1288);
#431=VERTEX_POINT('',#1290);
#432=VERTEX_POINT('',#1292);
#433=VERTEX_POINT('',#1299);
#434=VERTEX_POINT('',#1302);
#435=VERTEX_POINT('',#1306);
#436=VERTEX_POINT('',#1309);
#437=VERTEX_POINT('',#1323);
#438=VERTEX_POINT('',#1328);
#439=VERTEX_POINT('',#1335);
#440=VERTEX_POINT('',#1340);
#441=LINE('',#1127,#525);
#442=LINE('',#1130,#526);
#443=LINE('',#1132,#527);
#444=LINE('',#1134,#528);
#445=LINE('',#1136,#529);
#446=LINE('',#1138,#530);
#447=LINE('',#1140,#531);
#448=LINE('',#1142,#532);
#449=LINE('',#1144,#533);
#450=LINE('',#1146,#534);
#451=LINE('',#1148,#535);
#452=LINE('',#1150,#536);
#453=LINE('',#1152,#537);
#454=LINE('',#1154,#538);
#455=LINE('',#1156,#539);
#456=LINE('',#1158,#540);
#457=LINE('',#1168,#541);
#458=LINE('',#1171,#542);
#459=LINE('',#1173,#543);
#460=LINE('',#1175,#544);
#461=LINE('',#1177,#545);
#462=LINE('',#1179,#546);
#463=LINE('',#1180,#547);
#464=LINE('',#1182,#548);
#465=LINE('',#1184,#549);
#466=LINE('',#1186,#550);
#467=LINE('',#1194,#551);
#468=LINE('',#1197,#552);
#469=LINE('',#1199,#553);
#470=LINE('',#1201,#554);
#471=LINE('',#1203,#555);
#472=LINE('',#1204,#556);
#473=LINE('',#1206,#557);
#474=LINE('',#1208,#558);
#475=LINE('',#1210,#559);
#476=LINE('',#1212,#560);
#477=LINE('',#1214,#561);
#478=LINE('',#1216,#562);
#479=LINE('',#1218,#563);
#480=LINE('',#1220,#564);
#481=LINE('',#1222,#565);
#482=LINE('',#1224,#566);
#483=LINE('',#1226,#567);
#484=LINE('',#1228,#568);
#485=LINE('',#1230,#569);
#486=LINE('',#1232,#570);
#487=LINE('',#1233,#571);
#488=LINE('',#1235,#572);
#489=LINE('',#1237,#573);
#490=LINE('',#1238,#574);
#491=LINE('',#1240,#575);
#492=LINE('',#1242,#576);
#493=LINE('',#1244,#577);
#494=LINE('',#1254,#578);
#495=LINE('',#1255,#579);
#496=LINE('',#1256,#580);
#497=LINE('',#1259,#581);
#498=LINE('',#1261,#582);
#499=LINE('',#1263,#583);
#500=LINE('',#1265,#584);
#501=LINE('',#1267,#585);
#502=LINE('',#1269,#586);
#503=LINE('',#1279,#587);
#504=LINE('',#1281,#588);
#505=LINE('',#1283,#589);
#506=LINE('',#1285,#590);
#507=LINE('',#1293,#591);
#508=LINE('',#1296,#592);
#509=LINE('',#1298,#593);
#510=LINE('',#1300,#594);
#511=LINE('',#1301,#595);
#512=LINE('',#1303,#596);
#513=LINE('',#1305,#597);
#514=LINE('',#1307,#598);
#515=LINE('',#1308,#599);
#516=LINE('',#1310,#600);
#517=LINE('',#1312,#601);
#518=LINE('',#1314,#602);
#519=LINE('',#1317,#603);
#520=LINE('',#1319,#604);
#521=LINE('',#1324,#605);
#522=LINE('',#1329,#606);
#523=LINE('',#1332,#607);
#524=LINE('',#1337,#608);
#525=VECTOR('',#915,1.);
#526=VECTOR('',#916,1.);
#527=VECTOR('',#917,1.);
#528=VECTOR('',#918,1.);
#529=VECTOR('',#919,1.);
#530=VECTOR('',#920,1.);
#531=VECTOR('',#921,1.);
#532=VECTOR('',#922,1.);
#533=VECTOR('',#923,1.);
#534=VECTOR('',#924,1.);
#535=VECTOR('',#925,1.);
#536=VECTOR('',#926,1.);
#537=VECTOR('',#927,1.);
#538=VECTOR('',#928,1.);
#539=VECTOR('',#929,1.);
#540=VECTOR('',#930,1.);
#541=VECTOR('',#941,1.);
#542=VECTOR('',#942,1.);
#543=VECTOR('',#943,1.);
#544=VECTOR('',#944,1.);
#545=VECTOR('',#945,1.);
#546=VECTOR('',#946,1.);
#547=VECTOR('',#947,1.);
#548=VECTOR('',#950,1.);
#549=VECTOR('',#951,1.);
#550=VECTOR('',#952,1.);
#551=VECTOR('',#961,1.);
#552=VECTOR('',#962,1.);
#553=VECTOR('',#963,1.);
#554=VECTOR('',#964,1.);
#555=VECTOR('',#965,1.);
#556=VECTOR('',#966,1.);
#557=VECTOR('',#967,1.);
#558=VECTOR('',#970,1.);
#559=VECTOR('',#971,1.);
#560=VECTOR('',#972,1.);
#561=VECTOR('',#975,1.);
#562=VECTOR('',#976,1.);
#563=VECTOR('',#979,1.);
#564=VECTOR('',#980,1.);
#565=VECTOR('',#981,1.);
#566=VECTOR('',#984,1.);
#567=VECTOR('',#985,1.);
#568=VECTOR('',#986,1.);
#569=VECTOR('',#987,1.);
#570=VECTOR('',#988,1.);
#571=VECTOR('',#989,1.);
#572=VECTOR('',#990,1.);
#573=VECTOR('',#991,1.);
#574=VECTOR('',#992,1.);
#575=VECTOR('',#993,1.);
#576=VECTOR('',#994,1.);
#577=VECTOR('',#995,1.);
#578=VECTOR('',#1006,1.);
#579=VECTOR('',#1007,1.);
#580=VECTOR('',#1008,1.);
#581=VECTOR('',#1009,1.);
#582=VECTOR('',#1010,1.);
#583=VECTOR('',#1011,1.);
#584=VECTOR('',#1014,1.);
#585=VECTOR('',#1015,1.);
#586=VECTOR('',#1016,1.);
#587=VECTOR('',#1027,1.);
#588=VECTOR('',#1028,1.);
#589=VECTOR('',#1031,1.);
#590=VECTOR('',#1032,1.);
#591=VECTOR('',#1041,1.);
#592=VECTOR('',#1046,1.);
#593=VECTOR('',#1049,1.);
#594=VECTOR('',#1050,1.);
#595=VECTOR('',#1051,1.);
#596=VECTOR('',#1052,1.);
#597=VECTOR('',#1055,1.);
#598=VECTOR('',#1056,1.);
#599=VECTOR('',#1057,1.);
#600=VECTOR('',#1058,1.);
#601=VECTOR('',#1061,1.);
#602=VECTOR('',#1064,1.);
#603=VECTOR('',#1069,1.);
#604=VECTOR('',#1072,1.);
#605=VECTOR('',#1079,1.);
#606=VECTOR('',#1086,1.);
#607=VECTOR('',#1091,1.);
#608=VECTOR('',#1098,1.);
#609=EDGE_LOOP('',(#45,#46,#47,#48,#49,#50,#51,#52,#53,#54,#55,#56,#57,#58,#59,#60));
#610=EDGE_LOOP('',(#61));
#611=EDGE_LOOP('',(#62));
#612=EDGE_LOOP('',(#63));
#613=EDGE_LOOP('',(#64));
#614=EDGE_LOOP('',(#65,#66,#67,#68,#69,#70,#71,#72));
#615=EDGE_LOOP('',(#73,#74,#75,#76));
#616=EDGE_LOOP('',(#77));
#617=EDGE_LOOP('',(#78));
#618=EDGE_LOOP('',(#79));
#619=EDGE_LOOP('',(#80,#81,#82,#83,#84,#85,#86,#87));
#620=EDGE_LOOP('',(#88,#89,#90,#91));
#621=EDGE_LOOP('',(#92,#93,#94,#95));
#622=EDGE_LOOP('',(#96,#97,#98,#99));
#623=EDGE_LOOP('',(#100,#101,#102,#103,#104,#105,#106,#107,#108,#109,#110,#111,#112,#113,#114,#115));
#624=EDGE_LOOP('',(#116));
#625=EDGE_LOOP('',(#117));
#626=EDGE_LOOP('',(#118));
#627=EDGE_LOOP('',(#119));
#628=EDGE_LOOP('',(#120,#121,#122,#123));
#629=EDGE_LOOP('',(#124,#125,#126,#127));
#630=EDGE_LOOP('',(#128,#129,#130,#131));
#631=EDGE_LOOP('',(#132));
#632=EDGE_LOOP('',(#133));
#633=EDGE_LOOP('',(#134));
#634=EDGE_LOOP('',(#135));
#635=EDGE_LOOP('',(#136,#137,#138,#139));
#636=EDGE_LOOP('',(#140,#141,#142,#143));
#637=EDGE_LOOP('',(#144));
#638=EDGE_LOOP('',(#145));
#639=EDGE_LOOP('',(#146));
#640=EDGE_LOOP('',(#147,#148,#149,#150));
#641=EDGE_LOOP('',(#151,#152,#153,#154));
#642=EDGE_LOOP('',(#155,#156,#157,#158));
#643=EDGE_LOOP('',(#159,#160,#161,#162,#163,#164,#165,#166));
#644=EDGE_LOOP('',(#167,#168,#169,#170,#171,#172,#173,#174));
#645=EDGE_LOOP('',(#175,#176,#177,#178));
#646=EDGE_LOOP('',(#179,#180,#181,#182));
#647=EDGE_LOOP('',(#183,#184,#185,#186));
#648=EDGE_LOOP('',(#187,#188,#189,#190));
#649=EDGE_LOOP('',(#191,#192,#193,#194));
#650=EDGE_LOOP('',(#195,#196,#197,#198));
#651=EDGE_LOOP('',(#199));
#652=EDGE_LOOP('',(#200,#201,#202,#203));
#653=EDGE_LOOP('',(#204,#205,#206,#207));
#654=EDGE_LOOP('',(#208));
#655=EDGE_LOOP('',(#209,#210,#211,#212));
#656=EDGE_LOOP('',(#213,#214,#215,#216));
#657=EDGE_LOOP('',(#217,#218,#219,#220));
#658=EDGE_LOOP('',(#221));
#659=EDGE_LOOP('',(#222,#223,#224,#225));
#660=EDGE_LOOP('',(#226,#227,#228,#229));
#661=EDGE_LOOP('',(#230));
#662=EDGE_LOOP('',(#231,#232,#233,#234));
#663=EDGE_LOOP('',(#235));
#664=EDGE_LOOP('',(#236));
#665=EDGE_LOOP('',(#237));
#666=EDGE_LOOP('',(#238));
#667=EDGE_LOOP('',(#239));
#668=EDGE_LOOP('',(#240));
#669=EDGE_LOOP('',(#241));
#670=EDGE_LOOP('',(#242));
#671=EDGE_LOOP('',(#243));
#672=EDGE_LOOP('',(#244));
#673=EDGE_LOOP('',(#245));
#674=EDGE_LOOP('',(#246));
#675=EDGE_LOOP('',(#247));
#676=EDGE_LOOP('',(#248));
#677=EDGE_LOOP('',(#249));
#678=EDGE_LOOP('',(#250));
#679=EDGE_LOOP('',(#251));
#680=EDGE_LOOP('',(#252));
#681=EDGE_LOOP('',(#253));
#682=EDGE_LOOP('',(#254));
#683=EDGE_LOOP('',(#255));
#684=EDGE_LOOP('',(#256));
#685=FACE_BOUND('',#609,.T.);
#686=FACE_BOUND('',#610,.T.);
#687=FACE_BOUND('',#611,.T.);
#688=FACE_BOUND('',#612,.T.);
#689=FACE_BOUND('',#613,.T.);
#690=FACE_BOUND('',#614,.T.);
#691=FACE_BOUND('',#615,.T.);
#692=FACE_BOUND('',#616,.T.);
#693=FACE_BOUND('',#617,.T.);
#694=FACE_BOUND('',#618,.T.);
#695=FACE_BOUND('',#619,.T.);
#696=FACE_BOUND('',#620,.T.);
#697=FACE_BOUND('',#621,.T.);
#698=FACE_BOUND('',#622,.T.);
#699=FACE_BOUND('',#623,.T.);
#700=FACE_BOUND('',#624,.T.);
#701=FACE_BOUND('',#625,.T.);
#702=FACE_BOUND('',#626,.T.);
#703=FACE_BOUND('',#627,.T.);
#704=FACE_BOUND('',#628,.T.);
#705=FACE_BOUND('',#629,.T.);
#706=FACE_BOUND('',#630,.T.);
#707=FACE_BOUND('',#631,.T.);
#708=FACE_BOUND('',#632,.T.);
#709=FACE_BOUND('',#633,.T.);
#710=FACE_BOUND('',#634,.T.);
#711=FACE_BOUND('',#635,.T.);
#712=FACE_BOUND('',#636,.T.);
#713=FACE_BOUND('',#637,.T.);
#714=FACE_BOUND('',#638,.T.);
#715=FACE_BOUND('',#639,.T.);
#716=FACE_BOUND('',#640,.T.);
#717=FACE_BOUND('',#641,.T.);
#718=FACE_BOUND('',#642,.T.);
#719=FACE_BOUND('',#643,.T.);
#720=FACE_BOUND('',#644,.T.);
#721=FACE_BOUND('',#645,.T.);
#722=FACE_BOUND('',#646,.T.);
#723=FACE_BOUND('',#647,.T.);
#724=FACE_BOUND('',#648,.T.);
#725=FACE_BOUND('',#649,.T.);
#726=FACE_BOUND('',#650,.T.);
#727=FACE_BOUND('',#651,.T.);
#728=FACE_BOUND('',#652,.T.);
#729=FACE_BOUND('',#653,.T.);
#730=FACE_BOUND('',#654,.T.);
#731=FACE_BOUND('',#655,.T.);
#732=FACE_BOUND('',#656,.T.);
#733=FACE_BOUND('',#657,.T.);
#734=FACE_BOUND('',#658,.T.);
#735=FACE_BOUND('',#659,.T.);
#736=FACE_BOUND('',#660,.T.);
#737=FACE_BOUND('',#661,.T.);
#738=FACE_BOUND('',#662,.T.);
#739=FACE_BOUND('',#663,.T.);
#740=FACE_BOUND('',#664,.T.);
#741=FACE_BOUND('',#665,.T.);
#742=FACE_BOUND('',#666,.T.);
#743=FACE_BOUND('',#667,.T.);
#744=FACE_BOUND('',#668,.T.);
#745=FACE_BOUND('',#669,.T.);
#746=FACE_BOUND('',#670,.T.);
#747=FACE_BOUND('',#671,.T.);
#748=FACE_BOUND('',#672,.T.);
#749=FACE_BOUND('',#673,.T.);
#750=FACE_BOUND('',#674,.T.);
#751=FACE_BOUND('',#675,.T.);
#752=FACE_BOUND('',#676,.T.);
#753=FACE_BOUND('',#677,.T.);
#754=FACE_BOUND('',#678,.T.);
#755=FACE_BOUND('',#679,.T.);
#756=FACE_BOUND('',#680,.T.);
#757=FACE_BOUND('',#681,.T.);
#758=FACE_BOUND('',#682,.T.);
#759=FACE_BOUND('',#683,.T.);
#760=FACE_BOUND('',#684,.T.);
#761=PLANE('',#847);
#762=PLANE('',#848);
#763=PLANE('',#853);
#764=PLANE('',#854);
#765=PLANE('',#858);
#766=PLANE('',#859);
#767=PLANE('',#860);
#768=PLANE('',#861);
#769=PLANE('',#862);
#770=PLANE('',#867);
#771=PLANE('',#868);
#772=PLANE('',#873);
#773=PLANE('',#874);
#774=PLANE('',#878);
#775=PLANE('',#879);
#776=PLANE('',#880);
#777=PLANE('',#881);
#778=PLANE('',#882);
#779=PLANE('',#883);
#780=PLANE('',#884);
#781=PLANE('',#885);
#782=PLANE('',#886);
#783=PLANE('',#887);
#784=PLANE('',#888);
#785=PLANE('',#890);
#786=PLANE('',#891);
#787=PLANE('',#893);
#788=PLANE('',#894);
#789=PLANE('',#895);
#790=PLANE('',#897);
#791=PLANE('',#898);
#792=ADVANCED_FACE('',(#685),#761,.F.);
#793=ADVANCED_FACE('',(#686,#687,#688,#689,#690),#762,.T.);
#794=ADVANCED_FACE('',(#691),#763,.F.);
#795=ADVANCED_FACE('',(#692,#693,#694,#695),#764,.F.);
#796=ADVANCED_FACE('',(#696),#765,.F.);
#797=ADVANCED_FACE('',(#697),#766,.T.);
#798=ADVANCED_FACE('',(#698),#767,.T.);
#799=ADVANCED_FACE('',(#699),#768,.T.);
#800=ADVANCED_FACE('',(#700,#701,#702,#703,#704,#705),#769,.T.);
#801=ADVANCED_FACE('',(#706),#770,.T.);
#802=ADVANCED_FACE('',(#707,#708,#709,#710,#711),#771,.F.);
#803=ADVANCED_FACE('',(#712),#772,.F.);
#804=ADVANCED_FACE('',(#713,#714,#715,#716),#773,.T.);
#805=ADVANCED_FACE('',(#717),#774,.F.);
#806=ADVANCED_FACE('',(#718),#775,.T.);
#807=ADVANCED_FACE('',(#719),#776,.F.);
#808=ADVANCED_FACE('',(#720),#777,.T.);
#809=ADVANCED_FACE('',(#721),#778,.T.);
#810=ADVANCED_FACE('',(#722),#779,.F.);
#811=ADVANCED_FACE('',(#723),#780,.T.);
#812=ADVANCED_FACE('',(#724),#781,.F.);
#813=ADVANCED_FACE('',(#725),#782,.T.);
#814=ADVANCED_FACE('',(#726),#783,.T.);
#815=ADVANCED_FACE('',(#727,#728),#784,.F.);
#816=ADVANCED_FACE('',(#729),#785,.F.);
#817=ADVANCED_FACE('',(#730,#731),#786,.F.);
#818=ADVANCED_FACE('',(#732),#787,.T.);
#819=ADVANCED_FACE('',(#733),#788,.F.);
#820=ADVANCED_FACE('',(#734,#735),#789,.F.);
#821=ADVANCED_FACE('',(#736),#790,.T.);
#822=ADVANCED_FACE('',(#737,#738),#791,.F.);
#823=ADVANCED_FACE('',(#739,#740),#12,.F.);
#824=ADVANCED_FACE('',(#741,#742),#13,.F.);
#825=ADVANCED_FACE('',(#743,#744),#14,.F.);
#826=ADVANCED_FACE('',(#745,#746),#15,.F.);
#827=ADVANCED_FACE('',(#747,#748),#16,.F.);
#828=ADVANCED_FACE('',(#749,#750),#17,.F.);
#829=ADVANCED_FACE('',(#751,#752),#18,.F.);
#830=ADVANCED_FACE('',(#753,#754),#19,.F.);
#831=ADVANCED_FACE('',(#755,#756),#20,.F.);
#832=ADVANCED_FACE('',(#757,#758),#21,.F.);
#833=ADVANCED_FACE('',(#759,#760),#22,.F.);
#834=CLOSED_SHELL('',(#792,#793,#794,#795,#796,#797,#798,#799,#800,#801,#802,#803,#804,#805,#806,#807,#808,#809,#810,#811,#812,#813,#814,#815,#816,#817,#818,#819,#820,#821,#822,#823,#824,#825,#826,#827,#828,#829,#830,#831,#832,#833));
#835=STYLED_ITEM('',(#836),#843);
#836=PRESENTATION_STYLE_ASSIGNMENT((#837));
#837=SURFACE_STYLE_USAGE(.BOTH.,#838);
#838=SURFACE_SIDE_STYLE('',(#839));
#839=SURFACE_STYLE_FILL_AREA(#840);
#840=FILL_AREA_STYLE('',(#841));
#841=FILL_AREA_STYLE_COLOUR('',#842);
#842=COLOUR_RGB('',0.615686274509804,0.811764705882353,0.929411764705882);
#843=MANIFOLD_SOLID_BREP('koerper',#834);
#844=SHAPE_DEFINITION_REPRESENTATION(#1358,#845);
#845=SHAPE_REPRESENTATION('koerper',(#846),#1353);
#846=AXIS2_PLACEMENT_3D('',#1125,#911,#912);
#847=AXIS2_PLACEMENT_3D('',#1126,#913,#914);
#848=AXIS2_PLACEMENT_3D('',#1159,#931,#932);
#849=AXIS2_PLACEMENT_3D('',#1160,#933,#934);
#850=AXIS2_PLACEMENT_3D('',#1162,#935,#936);
#851=AXIS2_PLACEMENT_3D('',#1164,#937,#938);
#852=AXIS2_PLACEMENT_3D('',#1166,#939,#940);
#853=AXIS2_PLACEMENT_3D('',#1181,#948,#949);
#854=AXIS2_PLACEMENT_3D('',#1187,#953,#954);
#855=AXIS2_PLACEMENT_3D('',#1188,#955,#956);
#856=AXIS2_PLACEMENT_3D('',#1190,#957,#958);
#857=AXIS2_PLACEMENT_3D('',#1192,#959,#960);
#858=AXIS2_PLACEMENT_3D('',#1207,#968,#969);
#859=AXIS2_PLACEMENT_3D('',#1213,#973,#974);
#860=AXIS2_PLACEMENT_3D('',#1217,#977,#978);
#861=AXIS2_PLACEMENT_3D('',#1223,#982,#983);
#862=AXIS2_PLACEMENT_3D('',#1245,#996,#997);
#863=AXIS2_PLACEMENT_3D('',#1246,#998,#999);
#864=AXIS2_PLACEMENT_3D('',#1248,#1000,#1001);
#865=AXIS2_PLACEMENT_3D('',#1250,#1002,#1003);
#866=AXIS2_PLACEMENT_3D('',#1252,#1004,#1005);
#867=AXIS2_PLACEMENT_3D('',#1264,#1012,#1013);
#868=AXIS2_PLACEMENT_3D('',#1270,#1017,#1018);
#869=AXIS2_PLACEMENT_3D('',#1271,#1019,#1020);
#870=AXIS2_PLACEMENT_3D('',#1273,#1021,#1022);
#871=AXIS2_PLACEMENT_3D('',#1275,#1023,#1024);
#872=AXIS2_PLACEMENT_3D('',#1277,#1025,#1026);
#873=AXIS2_PLACEMENT_3D('',#1282,#1029,#1030);
#874=AXIS2_PLACEMENT_3D('',#1286,#1033,#1034);
#875=AXIS2_PLACEMENT_3D('',#1287,#1035,#1036);
#876=AXIS2_PLACEMENT_3D('',#1289,#1037,#1038);
#877=AXIS2_PLACEMENT_3D('',#1291,#1039,#1040);
#878=AXIS2_PLACEMENT_3D('',#1294,#1042,#1043);
#879=AXIS2_PLACEMENT_3D('',#1295,#1044,#1045);
#880=AXIS2_PLACEMENT_3D('',#1297,#1047,#1048);
#881=AXIS2_PLACEMENT_3D('',#1304,#1053,#1054);
#882=AXIS2_PLACEMENT_3D('',#1311,#1059,#1060);
#883=AXIS2_PLACEMENT_3D('',#1313,#1062,#1063);
#884=AXIS2_PLACEMENT_3D('',#1315,#1065,#1066);
#885=AXIS2_PLACEMENT_3D('',#1316,#1067,#1068);
#886=AXIS2_PLACEMENT_3D('',#1318,#1070,#1071);
#887=AXIS2_PLACEMENT_3D('',#1320,#1073,#1074);
#888=AXIS2_PLACEMENT_3D('',#1321,#1075,#1076);
#889=AXIS2_PLACEMENT_3D('',#1322,#1077,#1078);
#890=AXIS2_PLACEMENT_3D('',#1325,#1080,#1081);
#891=AXIS2_PLACEMENT_3D('',#1326,#1082,#1083);
#892=AXIS2_PLACEMENT_3D('',#1327,#1084,#1085);
#893=AXIS2_PLACEMENT_3D('',#1330,#1087,#1088);
#894=AXIS2_PLACEMENT_3D('',#1331,#1089,#1090);
#895=AXIS2_PLACEMENT_3D('',#1333,#1092,#1093);
#896=AXIS2_PLACEMENT_3D('',#1334,#1094,#1095);
#897=AXIS2_PLACEMENT_3D('',#1336,#1096,#1097);
#898=AXIS2_PLACEMENT_3D('',#1338,#1099,#1100);
#899=AXIS2_PLACEMENT_3D('',#1339,#1101,#1102);
#900=AXIS2_PLACEMENT_3D('',#1341,#1103,#1104);
#901=AXIS2_PLACEMENT_3D('',#1342,#1105,#1106);
#902=AXIS2_PLACEMENT_3D('',#1343,#1107,#1108);
#903=AXIS2_PLACEMENT_3D('',#1344,#1109,#1110);
#904=AXIS2_PLACEMENT_3D('',#1345,#1111,#1112);
#905=AXIS2_PLACEMENT_3D('',#1346,#1113,#1114);
#906=AXIS2_PLACEMENT_3D('',#1347,#1115,#1116);
#907=AXIS2_PLACEMENT_3D('',#1348,#1117,#1118);
#908=AXIS2_PLACEMENT_3D('',#1349,#1119,#1120);
#909=AXIS2_PLACEMENT_3D('',#1350,#1121,#1122);
#910=AXIS2_PLACEMENT_3D('',#1351,#1123,#1124);
#911=DIRECTION('',(0.,0.,1.));
#912=DIRECTION('',(1.,0.,0.));
#913=DIRECTION('',(0.,1.,0.));
#914=DIRECTION('',(0.,0.,1.));
#915=DIRECTION('',(0.,0.,1.));
#916=DIRECTION('',(1.,0.,0.));
#917=DIRECTION('',(0.,0.,-1.));
#918=DIRECTION('',(1.,0.,0.));
#919=DIRECTION('',(0.,0.,-1.));
#920=DIRECTION('',(1.,0.,0.));
#921=DIRECTION('',(0.,0.,-1.));
#922=DIRECTION('',(1.,0.,0.));
#923=DIRECTION('',(0.,0.,-1.));
#924=DIRECTION('',(1.,0.,0.));
#925=DIRECTION('',(0.,0.,-1.));
#926=DIRECTION('',(1.,0.,0.));
#927=DIRECTION('',(0.,0.,-1.));
#928=DIRECTION('',(1.,0.,0.));
#929=DIRECTION('',(0.,0.,1.));
#930=DIRECTION('',(1.,0.,0.));
#931=DIRECTION('',(1.,0.,0.));
#932=DIRECTION('',(0.,0.,-1.));
#933=DIRECTION('',(1.,0.,0.));
#934=DIRECTION('',(0.,0.,-1.));
#935=DIRECTION('',(1.,0.,0.));
#936=DIRECTION('',(0.,0.,-1.));
#937=DIRECTION('',(1.,0.,0.));
#938=DIRECTION('',(0.,0.,-1.));
#939=DIRECTION('',(1.,0.,0.));
#940=DIRECTION('',(0.,0.,-1.));
#941=DIRECTION('',(0.,0.,-1.));
#942=DIRECTION('',(0.,-1.,0.));
#943=DIRECTION('',(0.,0.,-1.));
#944=DIRECTION('',(0.,-1.,0.));
#945=DIRECTION('',(0.,0.,-1.));
#946=DIRECTION('',(0.,-1.,0.));
#947=DIRECTION('',(0.,-1.,0.));
#948=DIRECTION('',(0.,0.,1.));
#949=DIRECTION('',(1.,0.,0.));
#950=DIRECTION('',(1.,0.,0.));
#951=DIRECTION('',(0.,-1.,0.));
#952=DIRECTION('',(1.,0.,0.));
#953=DIRECTION('',(1.,0.,0.));
#954=DIRECTION('',(0.,0.,-1.));
#955=DIRECTION('',(1.,0.,0.));
#956=DIRECTION('',(0.,0.,-1.));
#957=DIRECTION('',(1.,0.,0.));
#958=DIRECTION('',(0.,0.,-1.));
#959=DIRECTION('',(1.,0.,0.));
#960=DIRECTION('',(0.,0.,-1.));
#961=DIRECTION('',(0.,-1.,0.));
#962=DIRECTION('',(0.,0.,1.));
#963=DIRECTION('',(0.,-1.,0.));
#964=DIRECTION('',(0.,0.,1.));
#965=DIRECTION('',(0.,-1.,0.));
#966=DIRECTION('',(0.,-1.,0.));
#967=DIRECTION('',(0.,0.,-1.));
#968=DIRECTION('',(0.,0.,1.));
#969=DIRECTION('',(1.,0.,0.));
#970=DIRECTION('',(-1.,0.,0.));
#971=DIRECTION('',(2.46716227694479E-16,-1.,0.));
#972=DIRECTION('',(-1.,0.,0.));
#973=DIRECTION('',(0.,0.,1.));
#974=DIRECTION('',(1.,0.,0.));
#975=DIRECTION('',(6.22322323220379E-17,-1.,0.));
#976=DIRECTION('',(1.,0.,0.));
#977=DIRECTION('',(0.,0.,1.));
#978=DIRECTION('',(1.,0.,0.));
#979=DIRECTION('',(6.22322323220379E-17,-1.,0.));
#980=DIRECTION('',(6.22322323220379E-17,-1.,0.));
#981=DIRECTION('',(1.,0.,0.));
#982=DIRECTION('',(0.,1.,0.));
#983=DIRECTION('',(0.,0.,1.));
#984=DIRECTION('',(1.,0.,0.));
#985=DIRECTION('',(0.,0.,1.));
#986=DIRECTION('',(1.,0.,0.));
#987=DIRECTION('',(0.,0.,1.));
#988=DIRECTION('',(1.,0.,0.));
#989=DIRECTION('',(0.,0.,-1.));
#990=DIRECTION('',(1.,0.,0.));
#991=DIRECTION('',(0.,0.,-1.));
#992=DIRECTION('',(0.,0.,-1.));
#993=DIRECTION('',(1.,0.,0.));
#994=DIRECTION('',(0.,0.,-1.));
#995=DIRECTION('',(1.,0.,0.));
#996=DIRECTION('',(0.,0.,1.));
#997=DIRECTION('',(1.,0.,0.));
#998=DIRECTION('',(0.,0.,1.));
#999=DIRECTION('',(1.,0.,0.));
#1000=DIRECTION('',(0.,0.,1.));
#1001=DIRECTION('',(1.,0.,0.));
#1002=DIRECTION('',(0.,0.,1.));
#1003=DIRECTION('',(1.,0.,0.));
#1004=DIRECTION('',(0.,0.,1.));
#1005=DIRECTION('',(1.,0.,0.));
#1006=DIRECTION('',(0.,-1.,0.));
#1007=DIRECTION('',(2.46716227694479E-16,-1.,0.));
#1008=DIRECTION('',(0.,-1.,0.));
#1009=DIRECTION('',(1.,0.,0.));
#1010=DIRECTION('',(0.,-1.,0.));
#1011=DIRECTION('',(1.,0.,0.));
#1012=DIRECTION('',(0.,1.,0.));
#1013=DIRECTION('',(0.,0.,1.));
#1014=DIRECTION('',(0.,0.,-1.));
#1015=DIRECTION('',(1.,0.,0.));
#1016=DIRECTION('',(0.,0.,-1.));
#1017=DIRECTION('',(1.,0.,0.));
#1018=DIRECTION('',(0.,0.,-1.));
#1019=DIRECTION('',(1.,0.,0.));
#1020=DIRECTION('',(0.,0.,-1.));
#1021=DIRECTION('',(1.,0.,0.));
#1022=DIRECTION('',(0.,0.,-1.));
#1023=DIRECTION('',(1.,0.,0.));
#1024=DIRECTION('',(0.,0.,-1.));
#1025=DIRECTION('',(1.,0.,0.));
#1026=DIRECTION('',(0.,0.,-1.));
#1027=DIRECTION('',(0.,-1.,0.));
#1028=DIRECTION('',(0.,0.,-1.));
#1029=DIRECTION('',(0.,1.,0.));
#1030=DIRECTION('',(0.,0.,1.));
#1031=DIRECTION('',(1.,0.,0.));
#1032=DIRECTION('',(0.,0.,-1.));
#1033=DIRECTION('',(1.,0.,0.));
#1034=DIRECTION('',(0.,0.,-1.));
#1035=DIRECTION('',(-1.,0.,0.));
#1036=DIRECTION('',(0.,0.,1.));
#1037=DIRECTION('',(-1.,0.,0.));
#1038=DIRECTION('',(0.,0.,1.));
#1039=DIRECTION('',(-1.,0.,0.));
#1040=DIRECTION('',(0.,0.,1.));
#1041=DIRECTION('',(0.,-1.,0.));
#1042=DIRECTION('',(0.,0.,1.));
#1043=DIRECTION('',(1.,0.,0.));
#1044=DIRECTION('',(0.,0.,1.));
#1045=DIRECTION('',(1.,0.,0.));
#1046=DIRECTION('',(6.22322323220379E-17,-1.,0.));
#1047=DIRECTION('',(-1.,0.,0.));
#1048=DIRECTION('',(0.,0.,1.));
#1049=DIRECTION('',(0.,0.,1.));
#1050=DIRECTION('',(0.,-1.,0.));
#1051=DIRECTION('',(0.,1.,0.));
#1052=DIRECTION('',(0.,0.,1.));
#1053=DIRECTION('',(-1.,-2.46716227694479E-16,0.));
#1054=DIRECTION('',(2.46716227694479E-16,-1.,0.));
#1055=DIRECTION('',(0.,-1.,0.));
#1056=DIRECTION('',(0.,0.,1.));
#1057=DIRECTION('',(0.,0.,1.));
#1058=DIRECTION('',(2.46716227694479E-16,-1.,0.));
#1059=DIRECTION('',(1.,6.22322323220379E-17,0.));
#1060=DIRECTION('',(-6.22322323220379E-17,1.,0.));
#1061=DIRECTION('',(6.22322323220379E-17,-1.,0.));
#1062=DIRECTION('',(1.,6.22322323220379E-17,0.));
#1063=DIRECTION('',(-6.22322323220379E-17,1.,0.));
#1064=DIRECTION('',(6.22322323220379E-17,-1.,0.));
#1065=DIRECTION('',(0.,0.,1.));
#1066=DIRECTION('',(1.,0.,0.));
#1067=DIRECTION('',(1.,6.22322323220379E-17,0.));
#1068=DIRECTION('',(-6.22322323220379E-17,1.,0.));
#1069=DIRECTION('',(6.22322323220379E-17,-1.,0.));
#1070=DIRECTION('',(1.,6.22322323220379E-17,0.));
#1071=DIRECTION('',(-6.22322323220379E-17,1.,0.));
#1072=DIRECTION('',(6.22322323220379E-17,-1.,0.));
#1073=DIRECTION('',(0.,0.,1.));
#1074=DIRECTION('',(1.,0.,0.));
#1075=DIRECTION('',(0.,0.,1.));
#1076=DIRECTION('',(1.,0.,0.));
#1077=DIRECTION('',(0.,0.,1.));
#1078=DIRECTION('',(1.,0.,0.));
#1079=DIRECTION('',(-1.,0.,0.));
#1080=DIRECTION('',(0.,1.,0.));
#1081=DIRECTION('',(0.,0.,1.));
#1082=DIRECTION('',(0.,0.,1.));
#1083=DIRECTION('',(1.,0.,0.));
#1084=DIRECTION('',(0.,0.,1.));
#1085=DIRECTION('',(1.,0.,0.));
#1086=DIRECTION('',(-1.,0.,0.));
#1087=DIRECTION('',(0.,1.,0.));
#1088=DIRECTION('',(0.,0.,1.));
#1089=DIRECTION('',(0.,-1.,0.));
#1090=DIRECTION('',(0.,0.,-1.));
#1091=DIRECTION('',(1.,0.,0.));
#1092=DIRECTION('',(0.,0.,1.));
#1093=DIRECTION('',(1.,0.,0.));
#1094=DIRECTION('',(0.,0.,1.));
#1095=DIRECTION('',(1.,0.,0.));
#1096=DIRECTION('',(0.,-1.,0.));
#1097=DIRECTION('',(0.,0.,-1.));
#1098=DIRECTION('',(1.,0.,0.));
#1099=DIRECTION('',(0.,0.,1.));
#1100=DIRECTION('',(1.,0.,0.));
#1101=DIRECTION('',(0.,0.,1.));
#1102=DIRECTION('',(1.,0.,0.));
#1103=DIRECTION('',(0.,0.,1.));
#1104=DIRECTION('',(1.,0.,0.));
#1105=DIRECTION('',(0.,0.,1.));
#1106=DIRECTION('',(1.,0.,0.));
#1107=DIRECTION('',(0.,0.,1.));
#1108=DIRECTION('',(1.,0.,0.));
#1109=DIRECTION('',(0.,0.,1.));
#1110=DIRECTION('',(1.,0.,0.));
#1111=DIRECTION('',(1.,0.,0.));
#1112=DIRECTION('',(0.,0.,-1.));
#1113=DIRECTION('',(1.,0.,0.));
#1114=DIRECTION('',(0.,0.,-1.));
#1115=DIRECTION('',(1.,0.,0.));
#1116=DIRECTION('',(0.,0.,-1.));
#1117=DIRECTION('',(1.,0.,0.));
#1118=DIRECTION('',(0.,0.,-1.));
#1119=DIRECTION('',(-1.,0.,0.));
#1120=DIRECTION('',(0.,0.,1.));
#1121=DIRECTION('',(-1.,0.,0.));
#1122=DIRECTION('',(0.,0.,1.));
#1123=DIRECTION('',(-1.,0.,0.));
#1124=DIRECTION('',(0.,0.,1.));
#1125=CARTESIAN_POINT('',(0.,0.,0.));
#1126=CARTESIAN_POINT('',(0.,0.223,0.2));
#1127=CARTESIAN_POINT('',(-0.285,0.223,0.2));
#1128=CARTESIAN_POINT('',(-0.285,0.223,0.18));
#1129=CARTESIAN_POINT('',(-0.285,0.223,0.2));
#1130=CARTESIAN_POINT('',(0.,0.223,0.18));
#1131=CARTESIAN_POINT('',(-0.298,0.223,0.18));
#1132=CARTESIAN_POINT('',(-0.298,0.223,0.2));
#1133=CARTESIAN_POINT('',(-0.298,0.223,0.002));
#1134=CARTESIAN_POINT('',(0.,0.223,0.002));
#1135=CARTESIAN_POINT('',(-0.101,0.223,0.002));
#1136=CARTESIAN_POINT('',(-0.101,0.223,0.172));
#1137=CARTESIAN_POINT('',(-0.101,0.223,0.172));
#1138=CARTESIAN_POINT('',(0.,0.223,0.172));
#1139=CARTESIAN_POINT('',(-0.1,0.223,0.172));
#1140=CARTESIAN_POINT('',(-0.1,0.223,0.172));
#1141=CARTESIAN_POINT('',(-0.1,0.223,0.002));
#1142=CARTESIAN_POINT('',(0.,0.223,0.002));
#1143=CARTESIAN_POINT('',(0.1,0.223,0.002));
#1144=CARTESIAN_POINT('',(0.1,0.223,0.172));
#1145=CARTESIAN_POINT('',(0.1,0.223,0.172));
#1146=CARTESIAN_POINT('',(0.,0.223,0.172));
#1147=CARTESIAN_POINT('',(0.101,0.223,0.172));
#1148=CARTESIAN_POINT('',(0.101,0.223,0.172));
#1149=CARTESIAN_POINT('',(0.101,0.223,0.002));
#1150=CARTESIAN_POINT('',(0.,0.223,0.002));
#1151=CARTESIAN_POINT('',(0.298,0.223,0.002));
#1152=CARTESIAN_POINT('',(0.298,0.223,0.2));
#1153=CARTESIAN_POINT('',(0.298,0.223,0.18));
#1154=CARTESIAN_POINT('',(0.,0.223,0.18));
#1155=CARTESIAN_POINT('',(0.285,0.223,0.18));
#1156=CARTESIAN_POINT('',(0.285,0.223,0.2));
#1157=CARTESIAN_POINT('',(0.285,0.223,0.2));
#1158=CARTESIAN_POINT('',(0.,0.223,0.2));
#1159=CARTESIAN_POINT('',(-0.298,0.,0.2));
#1160=CARTESIAN_POINT('',(-0.298,0.135,0.1));
#1161=CARTESIAN_POINT('',(-0.298,0.135,0.0875));
#1162=CARTESIAN_POINT('',(-0.298,0.045,0.1));
#1163=CARTESIAN_POINT('',(-0.298,0.045,0.0875));
#1164=CARTESIAN_POINT('',(-0.298,-0.045,0.1));
#1165=CARTESIAN_POINT('',(-0.298,-0.045,0.0875));
#1166=CARTESIAN_POINT('',(-0.298,-0.135,0.1));
#1167=CARTESIAN_POINT('',(-0.298,-0.135,0.0875));
#1168=CARTESIAN_POINT('',(-0.298,0.21,0.2));
#1169=CARTESIAN_POINT('',(-0.298,0.21,0.198));
#1170=CARTESIAN_POINT('',(-0.298,0.21,0.18));
#1171=CARTESIAN_POINT('',(-0.298,0.,0.198));
#1172=CARTESIAN_POINT('',(-0.298,-0.21,0.198));
#1173=CARTESIAN_POINT('',(-0.298,-0.21,0.2));
#1174=CARTESIAN_POINT('',(-0.298,-0.21,0.18));
#1175=CARTESIAN_POINT('',(-0.298,0.,0.18));
#1176=CARTESIAN_POINT('',(-0.298,-0.223,0.18));
#1177=CARTESIAN_POINT('',(-0.298,-0.223,0.2));
#1178=CARTESIAN_POINT('',(-0.298,-0.223,0.002));
#1179=CARTESIAN_POINT('',(-0.298,0.,0.002));
#1180=CARTESIAN_POINT('',(-0.298,0.,0.18));
#1181=CARTESIAN_POINT('',(0.,0.,0.198));
#1182=CARTESIAN_POINT('',(0.,0.21,0.198));
#1183=CARTESIAN_POINT('',(-0.285,0.21,0.198));
#1184=CARTESIAN_POINT('',(-0.285,0.,0.198));
#1185=CARTESIAN_POINT('',(-0.285,-0.21,0.198));
#1186=CARTESIAN_POINT('',(0.,-0.21,0.198));
#1187=CARTESIAN_POINT('',(0.298,0.,0.2));
#1188=CARTESIAN_POINT('',(0.298,-0.1125,0.1));
#1189=CARTESIAN_POINT('',(0.298,-0.1125,0.0875));
#1190=CARTESIAN_POINT('',(0.298,-4.16333634234433E-17,0.1));
#1191=CARTESIAN_POINT('',(0.298,-4.16333634234433E-17,0.0875));
#1192=CARTESIAN_POINT('',(0.298,0.1125,0.1));
#1193=CARTESIAN_POINT('',(0.298,0.1125,0.0875));
#1194=CARTESIAN_POINT('',(0.298,0.,0.18));
#1195=CARTESIAN_POINT('',(0.298,-0.21,0.18));
#1196=CARTESIAN_POINT('',(0.298,-0.223,0.18));
#1197=CARTESIAN_POINT('',(0.298,-0.21,0.2));
#1198=CARTESIAN_POINT('',(0.298,-0.21,0.198));
#1199=CARTESIAN_POINT('',(0.298,0.,0.198));
#1200=CARTESIAN_POINT('',(0.298,0.21,0.198));
#1201=CARTESIAN_POINT('',(0.298,0.21,0.2));
#1202=CARTESIAN_POINT('',(0.298,0.21,0.18));
#1203=CARTESIAN_POINT('',(0.298,0.,0.18));
#1204=CARTESIAN_POINT('',(0.298,0.,0.002));
#1205=CARTESIAN_POINT('',(0.298,-0.223,0.002));
#1206=CARTESIAN_POINT('',(0.298,-0.223,0.2));
#1207=CARTESIAN_POINT('',(0.,0.,0.198));
#1208=CARTESIAN_POINT('',(0.,-0.21,0.198));
#1209=CARTESIAN_POINT('',(0.285,-0.21,0.198));
#1210=CARTESIAN_POINT('',(0.285,0.,0.198));
#1211=CARTESIAN_POINT('',(0.285,0.21,0.198));
#1212=CARTESIAN_POINT('',(0.,0.21,0.198));
#1213=CARTESIAN_POINT('',(0.,0.,0.002));
#1214=CARTESIAN_POINT('',(0.101,0.,0.002));
#1215=CARTESIAN_POINT('',(0.101,-0.223,0.002));
#1216=CARTESIAN_POINT('',(0.,-0.223,0.002));
#1217=CARTESIAN_POINT('',(0.,0.,0.002));
#1218=CARTESIAN_POINT('',(0.1,0.,0.002));
#1219=CARTESIAN_POINT('',(0.1,-0.223,0.002));
#1220=CARTESIAN_POINT('',(-0.1,0.,0.002));
#1221=CARTESIAN_POINT('',(-0.1,-0.223,0.002));
#1222=CARTESIAN_POINT('',(0.,-0.223,0.002));
#1223=CARTESIAN_POINT('',(0.,-0.223,0.2));
#1224=CARTESIAN_POINT('',(0.,-0.223,0.18));
#1225=CARTESIAN_POINT('',(-0.285,-0.223,0.18));
#1226=CARTESIAN_POINT('',(-0.285,-0.223,0.2));
#1227=CARTESIAN_POINT('',(-0.285,-0.223,0.2));
#1228=CARTESIAN_POINT('',(0.,-0.223,0.2));
#1229=CARTESIAN_POINT('',(0.285,-0.223,0.2));
#1230=CARTESIAN_POINT('',(0.285,-0.223,0.2));
#1231=CARTESIAN_POINT('',(0.285,-0.223,0.18));
#1232=CARTESIAN_POINT('',(0.,-0.223,0.18));
#1233=CARTESIAN_POINT('',(0.101,-0.223,0.172));
#1234=CARTESIAN_POINT('',(0.101,-0.223,0.172));
#1235=CARTESIAN_POINT('',(0.,-0.223,0.172));
#1236=CARTESIAN_POINT('',(0.1,-0.223,0.172));
#1237=CARTESIAN_POINT('',(0.1,-0.223,0.172));
#1238=CARTESIAN_POINT('',(-0.1,-0.223,0.172));
#1239=CARTESIAN_POINT('',(-0.1,-0.223,0.172));
#1240=CARTESIAN_POINT('',(0.,-0.223,0.172));
#1241=CARTESIAN_POINT('',(-0.101,-0.223,0.172));
#1242=CARTESIAN_POINT('',(-0.101,-0.223,0.172));
#1243=CARTESIAN_POINT('',(-0.101,-0.223,0.002));
#1244=CARTESIAN_POINT('',(0.,-0.223,0.002));
#1245=CARTESIAN_POINT('',(0.,0.,0.2));
#1246=CARTESIAN_POINT('',(0.2925,-0.2175,0.2));
#1247=CARTESIAN_POINT('',(0.297,-0.2175,0.2));
#1248=CARTESIAN_POINT('',(0.2925,0.2175,0.2));
#1249=CARTESIAN_POINT('',(0.297,0.2175,0.2));
#1250=CARTESIAN_POINT('',(-0.2925,0.2175,0.2));
#1251=CARTESIAN_POINT('',(-0.288,0.2175,0.2));
#1252=CARTESIAN_POINT('',(-0.2925,-0.2175,0.2));
#1253=CARTESIAN_POINT('',(-0.288,-0.2175,0.2));
#1254=CARTESIAN_POINT('',(-0.285,0.,0.2));
#1255=CARTESIAN_POINT('',(0.285,0.,0.2));
#1256=CARTESIAN_POINT('',(-0.3,0.,0.2));
#1257=CARTESIAN_POINT('',(-0.3,0.225,0.2));
#1258=CARTESIAN_POINT('',(-0.3,-0.225,0.2));
#1259=CARTESIAN_POINT('',(0.,-0.225,0.2));
#1260=CARTESIAN_POINT('',(0.3,-0.225,0.2));
#1261=CARTESIAN_POINT('',(0.3,0.,0.2));
#1262=CARTESIAN_POINT('',(0.3,0.225,0.2));
#1263=CARTESIAN_POINT('',(0.,0.225,0.2));
#1264=CARTESIAN_POINT('',(0.,0.225,0.2));
#1265=CARTESIAN_POINT('',(0.3,0.225,0.2));
#1266=CARTESIAN_POINT('',(0.3,0.225,0.));
#1267=CARTESIAN_POINT('',(0.,0.225,0.));
#1268=CARTESIAN_POINT('',(-0.3,0.225,0.));
#1269=CARTESIAN_POINT('',(-0.3,0.225,0.2));
#1270=CARTESIAN_POINT('',(-0.3,0.,0.2));
#1271=CARTESIAN_POINT('',(-0.3,0.135,0.1));
#1272=CARTESIAN_POINT('',(-0.3,0.135,0.0875));
#1273=CARTESIAN_POINT('',(-0.3,0.045,0.1));
#1274=CARTESIAN_POINT('',(-0.3,0.045,0.0875));
#1275=CARTESIAN_POINT('',(-0.3,-0.045,0.1));
#1276=CARTESIAN_POINT('',(-0.3,-0.045,0.0875));
#1277=CARTESIAN_POINT('',(-0.3,-0.135,0.1));
#1278=CARTESIAN_POINT('',(-0.3,-0.135,0.0875));
#1279=CARTESIAN_POINT('',(-0.3,0.,0.));
#1280=CARTESIAN_POINT('',(-0.3,-0.225,0.));
#1281=CARTESIAN_POINT('',(-0.3,-0.225,0.2));
#1282=CARTESIAN_POINT('',(0.,-0.225,0.2));
#1283=CARTESIAN_POINT('',(0.,-0.225,0.));
#1284=CARTESIAN_POINT('',(0.3,-0.225,0.));
#1285=CARTESIAN_POINT('',(0.3,-0.225,0.2));
#1286=CARTESIAN_POINT('',(0.3,0.,0.2));
#1287=CARTESIAN_POINT('',(0.3,-0.1125,0.1));
#1288=CARTESIAN_POINT('',(0.3,-0.1125,0.1125));
#1289=CARTESIAN_POINT('',(0.3,-4.16333634234433E-17,0.1));
#1290=CARTESIAN_POINT('',(0.3,-4.16333634234433E-17,0.1125));
#1291=CARTESIAN_POINT('',(0.3,0.1125,0.1));
#1292=CARTESIAN_POINT('',(0.3,0.1125,0.1125));
#1293=CARTESIAN_POINT('',(0.3,0.,0.));
#1294=CARTESIAN_POINT('',(0.,0.,0.));
#1295=CARTESIAN_POINT('',(0.,0.,0.002));
#1296=CARTESIAN_POINT('',(-0.101,0.,0.002));
#1297=CARTESIAN_POINT('',(-0.285,0.,0.198));
#1298=CARTESIAN_POINT('',(-0.285,0.21,0.18));
#1299=CARTESIAN_POINT('',(-0.285,0.21,0.18));
#1300=CARTESIAN_POINT('',(-0.285,0.,0.18));
#1301=CARTESIAN_POINT('',(-0.285,-0.2175,0.18));
#1302=CARTESIAN_POINT('',(-0.285,-0.21,0.18));
#1303=CARTESIAN_POINT('',(-0.285,-0.21,0.18));
#1304=CARTESIAN_POINT('',(0.285,0.,0.198));
#1305=CARTESIAN_POINT('',(0.285,0.2175,0.18));
#1306=CARTESIAN_POINT('',(0.285,0.21,0.18));
#1307=CARTESIAN_POINT('',(0.285,0.21,0.18));
#1308=CARTESIAN_POINT('',(0.285,-0.21,0.18));
#1309=CARTESIAN_POINT('',(0.285,-0.21,0.18));
#1310=CARTESIAN_POINT('',(0.285,0.,0.18));
#1311=CARTESIAN_POINT('',(-0.1,0.,0.172));
#1312=CARTESIAN_POINT('',(-0.1,0.,0.172));
#1313=CARTESIAN_POINT('',(-0.101,0.,0.172));
#1314=CARTESIAN_POINT('',(-0.101,0.,0.172));
#1315=CARTESIAN_POINT('',(0.,0.,0.172));
#1316=CARTESIAN_POINT('',(0.1,0.,0.172));
#1317=CARTESIAN_POINT('',(0.1,0.,0.172));
#1318=CARTESIAN_POINT('',(0.101,0.,0.172));
#1319=CARTESIAN_POINT('',(0.101,0.,0.172));
#1320=CARTESIAN_POINT('',(0.,0.,0.172));
#1321=CARTESIAN_POINT('',(0.,0.,0.18));
#1322=CARTESIAN_POINT('',(0.2925,0.2175,0.18));
#1323=CARTESIAN_POINT('',(0.297,0.2175,0.18));
#1324=CARTESIAN_POINT('',(0.2925,0.21,0.18));
#1325=CARTESIAN_POINT('',(0.2925,0.21,0.18));
#1326=CARTESIAN_POINT('',(0.,0.,0.18));
#1327=CARTESIAN_POINT('',(0.2925,-0.2175,0.18));
#1328=CARTESIAN_POINT('',(0.297,-0.2175,0.18));
#1329=CARTESIAN_POINT('',(0.2925,-0.21,0.18));
#1330=CARTESIAN_POINT('',(0.2925,-0.21,0.18));
#1331=CARTESIAN_POINT('',(-0.2925,-0.21,0.18));
#1332=CARTESIAN_POINT('',(-0.2925,-0.21,0.18));
#1333=CARTESIAN_POINT('',(0.,0.,0.18));
#1334=CARTESIAN_POINT('',(-0.2925,-0.2175,0.18));
#1335=CARTESIAN_POINT('',(-0.288,-0.2175,0.18));
#1336=CARTESIAN_POINT('',(-0.2925,0.21,0.18));
#1337=CARTESIAN_POINT('',(-0.2925,0.21,0.18));
#1338=CARTESIAN_POINT('',(0.,0.,0.18));
#1339=CARTESIAN_POINT('',(-0.2925,0.2175,0.18));
#1340=CARTESIAN_POINT('',(-0.288,0.2175,0.18));
#1341=CARTESIAN_POINT('',(-0.2925,0.2175,0.148648063607188));
#1342=CARTESIAN_POINT('',(-0.2925,-0.2175,0.148648063607188));
#1343=CARTESIAN_POINT('',(0.2925,-0.2175,0.148648063607188));
#1344=CARTESIAN_POINT('',(0.2925,0.2175,0.148648063607188));
#1345=CARTESIAN_POINT('',(-0.3,-0.135,0.1));
#1346=CARTESIAN_POINT('',(-0.3,-0.045,0.1));
#1347=CARTESIAN_POINT('',(-0.3,0.045,0.1));
#1348=CARTESIAN_POINT('',(-0.3,0.135,0.1));
#1349=CARTESIAN_POINT('',(0.3,0.1125,0.1));
#1350=CARTESIAN_POINT('',(0.3,-4.16333634234433E-17,0.1));
#1351=CARTESIAN_POINT('',(0.3,-0.1125,0.1));
#1352=MECHANICAL_DESIGN_GEOMETRIC_PRESENTATION_REPRESENTATION('',(#835),#1353);
#1353=(
GEOMETRIC_REPRESENTATION_CONTEXT(3)
GLOBAL_UNCERTAINTY_ASSIGNED_CONTEXT((#1354))
GLOBAL_UNIT_ASSIGNED_CONTEXT((#1357,#1356,#1355))
REPRESENTATION_CONTEXT('koerper','TOP_LEVEL_ASSEMBLY_PART')
);
#1354=UNCERTAINTY_MEASURE_WITH_UNIT(LENGTH_MEASURE(1.E-08),#1357,'DISTANCE_ACCURACY_VALUE','Maximum Tolerance applied to model');
#1355=(
NAMED_UNIT(*)
SI_UNIT($,.STERADIAN.)
SOLID_ANGLE_UNIT()
);
#1356=(
NAMED_UNIT(*)
PLANE_ANGLE_UNIT()
SI_UNIT($,.RADIAN.)
);
#1357=(
LENGTH_UNIT()
NAMED_UNIT(*)
SI_UNIT($,.METRE.)
);
#1358=PRODUCT_DEFINITION_SHAPE('','',#1359);
#1359=PRODUCT_DEFINITION('','',#1361,#1360);
#1360=PRODUCT_DEFINITION_CONTEXT('',#1367,'design');
#1361=PRODUCT_DEFINITION_FORMATION_WITH_SPECIFIED_SOURCE('','',#1363,.NOT_KNOWN.);
#1362=PRODUCT_RELATED_PRODUCT_CATEGORY('','',(#1363));
#1363=PRODUCT('koerper','koerper','koerper',(#1365));
#1364=PRODUCT_CATEGORY('','');
#1365=PRODUCT_CONTEXT('',#1367,'mechanical');
#1366=APPLICATION_PROTOCOL_DEFINITION('international standard','ap242_managed_model_based_3d_engineering',2020,#1367);
#1367=APPLICATION_CONTEXT('managed model based 3d engineering');
#1368=COMPOSITE_SHAPE_ASPECT('hole_callout.FKEI5oKTSfc4Q52_1.JHD.2',$,#1358,$);
#1369=SHAPE_ASPECT('hole_callout.FKEI5oKTSfc4Q52_1.JHD.2',$,#1358,.T.);
#1370=GEOMETRIC_ITEM_SPECIFIC_USAGE('','',#1369,#11,#829);
#1371=SHAPE_ASPECT_RELATIONSHIP('','',#1368,#1369);
#1372=SHAPE_ASPECT('hole_callout.FKEI5oKTSfc4Q52_1.JHD.2',$,#1358,.T.);
#1373=GEOMETRIC_ITEM_SPECIFIC_USAGE('','',#1372,#11,#827);
#1374=SHAPE_ASPECT_RELATIONSHIP('','',#1368,#1372);
#1375=SHAPE_ASPECT('hole_callout.FKEI5oKTSfc4Q52_1.JHD.2',$,#1358,.T.);
#1376=GEOMETRIC_ITEM_SPECIFIC_USAGE('','',#1375,#11,#830);
#1377=SHAPE_ASPECT_RELATIONSHIP('','',#1368,#1375);
#1378=SHAPE_ASPECT('hole_callout.FKEI5oKTSfc4Q52_1.JHD.2',$,#1358,.T.);
#1379=GEOMETRIC_ITEM_SPECIFIC_USAGE('','',#1378,#11,#828);
#1380=SHAPE_ASPECT_RELATIONSHIP('','',#1368,#1378);
#1381=DIMENSIONAL_SIZE(#1368,'diameter');
#1382=(
LENGTH_UNIT()
NAMED_UNIT(*)
SI_UNIT($,.METRE.)
);
#1384=PRECISION_QUALIFIER(3);
#1383=(
LENGTH_MEASURE_WITH_UNIT()
MEASURE_REPRESENTATION_ITEM()
MEASURE_WITH_UNIT(POSITIVE_LENGTH_MEASURE(0.025),#1382)
QUALIFIED_REPRESENTATION_ITEM((#1384))
REPRESENTATION_ITEM('nominal value')
);
#1385=COMPOUND_REPRESENTATION_ITEM('modifiers',SET_REPRESENTATION_ITEM((#1386)));
#1386=DESCRIPTIVE_REPRESENTATION_ITEM('dimensional note','diameter');
#1387=SHAPE_DIMENSION_REPRESENTATION('',(#1383,#1385),#1353);
#1388=DIMENSIONAL_CHARACTERISTIC_REPRESENTATION(#1381,#1387);
#1389=PRESENTATION_STYLE_ASSIGNMENT((NULL_STYLE(.NULL.)));
#1390=CARTESIAN_POINT('',(-0.3,0.045,0.1));
#1391=DIRECTION('',(-1.,0.,0.));
#1392=DIRECTION('',(0.,-1.,0.));
#1393=AXIS2_PLACEMENT_3D('',#1390,#1391,#1392);
#1394=PLANE('',#1393);
#1395=ANNOTATION_PLANE('',(#1389),#1394,(#1422));
#1396=CARTESIAN_POINT('',(0.,0.,0.));
#1397=DIRECTION('',(0.,0.,1.));
#1398=DIRECTION('',(1.,0.,0.));
#1399=AXIS2_PLACEMENT_3D('',#1396,#1397,#1398);
#1400=CARTESIAN_POINT('',(0.,0.,0.));
#1401=DIRECTION('',(0.,0.,1.));
#1402=DIRECTION('',(1.,0.,0.));
#1403=AXIS2_PLACEMENT_3D('',#1400,#1401,#1402);
#1404=SHAPE_REPRESENTATION('',(#1403,#843),#1353);
#1405=REPRESENTATION_MAP(#1399,#1404);
#1406=MAPPED_ITEM('',#1405,#1399);
#1407=PRESENTATION_STYLE_ASSIGNMENT((NULL_STYLE(.NULL.)));
#1408=STYLED_ITEM('',(#1407),#1406);
#1409=DRAUGHTING_MODEL('',(#1395,#1399,#1406,#1408,#1449,#1453,#1460,#1462,#1505,#1509,#1516,#1518),#1353);
#1410=DRAUGHTING_PRE_DEFINED_CURVE_FONT('continuous');
#1411=COLOUR_RGB('',0.,0.,0.);
#1412=CURVE_STYLE('',#1410,POSITIVE_LENGTH_MEASURE(0.02),#1411);
#1413=PRESENTATION_STYLE_ASSIGNMENT((#1412));
#1414=COORDINATES_LIST('coordinates',2610,((-0.3000000,0.0361612,0.1088388),(-0.3000000,0.0347470,0.1116673),(-0.3000000,0.0333327,0.1102530),(-0.3000000,-0.0075549,0.1490226),(-0.3000000,-0.0076519,0.1489819),(-0.3000000,-0.0077499,0.1489466),(-0.3000000,-0.0075549,0.1490226),(-0.3000000,-0.0077499,0.1489466),(-0.3000000,-0.0078489,0.1489168),(-0.3000000,-0.0075549,0.1490226),(-0.3000000,-0.0078489,0.1489168),(-0.3000000,-0.0079488,0.1488924),(-0.3000000,-0.0075549,0.1490226),(-0.3000000,-0.0079488,0.1488924),(-0.3000000,-0.0080497,0.1488734),(-0.3000000,-0.0075549,0.1490226),(-0.3000000,-0.0080497,0.1488734),(-0.3000000,-0.0081516,0.1488598),(-0.3000000,-0.0075549,0.1490226),(-0.3000000,-0.0081516,0.1488598),(-0.3000000,-0.0082544,0.1488517),(-0.3000000,-0.0075549,0.1490226),(-0.3000000,-0.0082544,0.1488517),(-0.3000000,-0.0083581,0.1488490),(-0.3000000,-0.0075549,0.1490226),(-0.3000000,-0.0083581,0.1488490),(-0.3000000,-0.0084939,0.1488533),(-0.3000000,-0.0075549,0.1490226),(-0.3000000,-0.0084939,0.1488533),(-0.3000000,-0.0086271,0.1488663),(-0.3000000,-0.0075549,0.1490226),(-0.3000000,-0.0086271,0.1488663),(-0.3000000,-0.0087578,0.1488878),(-0.3000000,-0.0075549,0.1490226),(-0.3000000,-0.0087578,0.1488878),(-0.3000000,-0.0088860,0.1489181),(-0.3000000,-0.0075549,0.1490226),(-0.3000000,-0.0088860,0.1489181),(-0.3000000,-0.0090116,0.1489569),(-0.3000000,-0.0075549,0.1490226),(-0.3000000,-0.0090116,0.1489569),(-0.3000000,-0.0091346,0.1490044),(-0.3000000,-0.0075549,0.1490226),(-0.3000000,-0.0091346,0.1490044),(-0.3000000,-0.0092551,0.1490605),(-0.3000000,-0.0075549,0.1490226),(-0.3000000,-0.0092551,0.1490605),(-0.3000000,-0.0093731,0.1491252),(-0.3000000,-0.0075549,0.1490226),(-0.3000000,-0.0093731,0.1491252),(-0.3000000,-0.0094866,0.1491976),(-0.3000000,-0.0075549,0.1490226),(-0.3000000,-0.0094866,0.1491976),(-0.3000000,-0.0095940,0.1492762),(-0.3000000,-0.0075549,0.1490226),(-0.3000000,-0.0095940,0.1492762),(-0.3000000,-0.0096951,0.1493609),(-0.3000000,-0.0075549,0.1490226),(-0.3000000,-0.0096951,0.1493609),(-0.3000000,-0.0097901,0.1494517),(-0.3000000,-0.0075549,0.1490226),(-0.3000000,-0.0097901,0.1494517),(-0.3000000,-0.0098788,0.1495487),(-0.3000000,-0.0098788,0.1495487),(-0.3000000,-0.0099612,0.1496519),(-0.3000000,-0.0100375,0.1497612),(-0.3000000,-0.0098788,0.1495487),(-0.3000000,-0.0100375,0.1497612),(-0.3000000,-0.0101076,0.1498766),(-0.3000000,-0.0098788,0.1495487),(-0.3000000,-0.0101076,0.1498766),(-0.3000000,-0.0101706,0.1499964),(-0.3000000,-0.0098788,0.1495487),(-0.3000000,-0.0101706,0.1499964),(-0.3000000,-0.0102252,0.1501187),(-0.3000000,-0.0098788,0.1495487),(-0.3000000,-0.0102252,0.1501187),(-0.3000000,-0.0102714,0.1502434),(-0.3000000,-0.0098788,0.1495487),(-0.3000000,-0.0102714,0.1502434),(-0.3000000,-0.0103092,0.1503706),(-0.3000000,-0.0098788,0.1495487),(-0.3000000,-0.0103092,0.1503706),(-0.3000000,-0.0103386,0.1505003),(-0.3000000,-0.0098788,0.1495487),(-0.3000000,-0.0103386,0.1505003),(-0.3000000,-0.0103596,0.1506325),(-0.3000000,-0.0098788,0.1495487),(-0.3000000,-0.0103596,0.1506325),(-0.3000000,-0.0103722,0.1507671),(-0.3000000,-0.0098788,0.1495487),(-0.3000000,-0.0103722,0.1507671),(-0.3000000,-0.0103764,0.1509043),(-0.3000000,-0.0098788,0.1495487),(-0.3000000,-0.0103764,0.1509043),(-0.3000000,-0.0103722,0.1510359),(-0.3000000,-0.0098788,0.1495487),(-0.3000000,-0.0103722,0.1510359),(-0.3000000,-0.0103596,0.1511668),(-0.3000000,-0.0098788,0.1495487),(-0.3000000,-0.0103596,0.1511668),(-0.3000000,-0.0103386,0.1512968),(-0.3000000,-0.0098788,0.1495487),(-0.3000000,-0.0103386,0.1512968),(-0.3000000,-0.0103092,0.1514260),(-0.3000000,-0.0098788,0.1495487),(-0.3000000,-0.0103092,0.1514260),(-0.3000000,-0.0102714,0.1515545),(-0.3000000,-0.0098788,0.1495487),(-0.3000000,-0.0102714,0.1515545),(-0.3000000,-0.0102252,0.1516822),(-0.3000000,-0.0102252,0.1516822),(-0.3000000,-0.0098334,0.1515407),(-0.3000000,-0.0098699,0.1514428),(-0.3000000,-0.0102252,0.1516822),(-0.3000000,-0.0098699,0.1514428),(-0.3000000,-0.0098999,0.1513416),(-0.3000000,-0.0102252,0.1516822),(-0.3000000,-0.0098999,0.1513416),(-0.3000000,-0.0099231,0.1512372),(-0.3000000,-0.0102252,0.1516822),(-0.3000000,-0.0099231,0.1512372),(-0.3000000,-0.0099397,0.1511295),(-0.3000000,-0.0102252,0.1516822),(-0.3000000,-0.0099397,0.1511295),(-0.3000000,-0.0099497,0.1510185),(-0.3000000,-0.0102252,0.1516822),(-0.3000000,-0.0099497,0.1510185),(-0.3000000,-0.0099530,0.1509043),(-0.3000000,-0.0102252,0.1516822),(-0.3000000,-0.0099530,0.1509043),(-0.3000000,-0.0099497,0.1507943),(-0.3000000,-0.0098788,0.1495487),(-0.3000000,-0.0102252,0.1516822),(-0.3000000,-0.0099497,0.1507943),(-0.3000000,-0.0098788,0.1495487),(-0.3000000,-0.0099497,0.1507943),(-0.3000000,-0.0099396,0.1506864),(-0.3000000,-0.0098788,0.1495487),(-0.3000000,-0.0099396,0.1506864),(-0.3000000,-0.0099228,0.1505807),(-0.3000000,-0.0098788,0.1495487),(-0.3000000,-0.0099228,0.1505807),(-0.3000000,-0.0098993,0.1504772),(-0.3000000,-0.0098788,0.1495487),(-0.3000000,-0.0098993,0.1504772),(-0.3000000,-0.0098691,0.1503759),(-0.3000000,-0.0098788,0.1495487),(-0.3000000,-0.0098691,0.1503759),(-0.3000000,-0.0098322,0.1502768),(-0.3000000,-0.0098788,0.1495487),(-0.3000000,-0.0098322,0.1502768),(-0.3000000,-0.0097886,0.1501799),(-0.3000000,-0.0098788,0.1495487),(-0.3000000,-0.0097886,0.1501799),(-0.3000000,-0.0097382,0.1500851),(-0.3000000,-0.0098788,0.1495487),(-0.3000000,-0.0097382,0.1500851),(-0.3000000,-0.0096824,0.1499939),(-0.3000000,-0.0098788,0.1495487),(-0.3000000,-0.0096824,0.1499939),(-0.3000000,-0.0096217,0.1499076),(-0.3000000,-0.0098788,0.1495487),(-0.3000000,-0.0096217,0.1499076),(-0.3000000,-0.0095563,0.1498262),(-0.3000000,-0.0098788,0.1495487),(-0.3000000,-0.0095563,0.1498262),(-0.3000000,-0.0094861,0.1497496),(-0.3000000,-0.0098788,0.1495487),(-0.3000000,-0.0094861,0.1497496),(-0.3000000,-0.0094110,0.1496780),(-0.3000000,-0.0098788,0.1495487),(-0.3000000,-0.0094110,0.1496780),(-0.3000000,-0.0093312,0.1496113),(-0.3000000,-0.0098788,0.1495487),(-0.3000000,-0.0093312,0.1496113),(-0.3000000,-0.0092466,0.1495494),(-0.3000000,-0.0098788,0.1495487),(-0.3000000,-0.0092466,0.1495494),(-0.3000000,-0.0091572,0.1494925),(-0.3000000,-0.0098788,0.1495487),(-0.3000000,-0.0091572,0.1494925),(-0.3000000,-0.0090646,0.1494414),(-0.3000000,-0.0098788,0.1495487),(-0.3000000,-0.0090646,0.1494414),(-0.3000000,-0.0089699,0.1493971),(-0.3000000,-0.0098788,0.1495487),(-0.3000000,-0.0089699,0.1493971),(-0.3000000,-0.0088732,0.1493596),(-0.3000000,-0.0098788,0.1495487),(-0.3000000,-0.0088732,0.1493596),(-0.3000000,-0.0087743,0.1493290),(-0.3000000,-0.0075549,0.1490226),(-0.3000000,-0.0098788,0.1495487),(-0.3000000,-0.0087743,0.1493290),(-0.3000000,-0.0075549,0.1490226),(-0.3000000,-0.0087743,0.1493290),(-0.3000000,-0.0086734,0.1493051),(-0.3000000,-0.0075549,0.1490226),(-0.3000000,-0.0086734,0.1493051),(-0.3000000,-0.0085704,0.1492881),(-0.3000000,-0.0075549,0.1490226),(-0.3000000,-0.0085704,0.1492881),(-0.3000000,-0.0084653,0.1492779),(-0.3000000,-0.0075549,0.1490226),(-0.3000000,-0.0084653,0.1492779),(-0.3000000,-0.0083581,0.1492745),(-0.3000000,-0.0075549,0.1490226),(-0.3000000,-0.0083581,0.1492745),(-0.3000000,-0.0082045,0.1492815),(-0.3000000,-0.0075549,0.1490226),(-0.3000000,-0.0082045,0.1492815),(-0.3000000,-0.0080549,0.1493028),(-0.3000000,-0.0075549,0.1490226),(-0.3000000,-0.0080549,0.1493028),(-0.3000000,-0.0079093,0.1493381),(-0.3000000,-0.0075549,0.1490226),(-0.3000000,-0.0079093,0.1493381),(-0.3000000,-0.0077676,0.1493877),(-0.3000000,-0.0075549,0.1490226),(-0.3000000,-0.0077676,0.1493877),(-0.3000000,-0.0093646,0.1521711),(-0.3000000,-0.0069939,0.1480478),(-0.3000000,-0.0075549,0.1490226),(-0.3000000,-0.0093646,0.1521711),(-0.3000000,-0.0097902,0.1516353),(-0.3000000,-0.0098334,0.1515407),(-0.3000000,-0.0102252,0.1516822),(-0.3000000,-0.0097403,0.1517266),(-0.3000000,-0.0097902,0.1516353),(-0.3000000,-0.0102252,0.1516822),(-0.3000000,-0.0096724,0.1518306),(-0.3000000,-0.0097403,0.1517266),(-0.3000000,-0.0102252,0.1516822),(-0.3000000,-0.0095871,0.1519393),(-0.3000000,-0.0096724,0.1518306),(-0.3000000,-0.0102252,0.1516822),(-0.3000000,-0.0095380,0.1519955),(-0.3000000,-0.0095871,0.1519393),(-0.3000000,-0.0102252,0.1516822),(-0.3000000,-0.0094845,0.1520528),(-0.3000000,-0.0095380,0.1519955),(-0.3000000,-0.0102252,0.1516822),(-0.3000000,-0.0094267,0.1521114),(-0.3000000,-0.0094845,0.1520528),(-0.3000000,-0.0102252,0.1516822),(-0.3000000,-0.0093646,0.1521711),(-0.3000000,-0.0094267,0.1521114),(-0.3000000,-0.0102252,0.1516822),(-0.3000000,-0.0093646,0.1521711),(-0.3000000,-0.0102252,0.1516822),(-0.3000000,-0.0101706,0.1518090),(-0.3000000,-0.0093646,0.1521711),(-0.3000000,-0.0101706,0.1518090),(-0.3000000,-0.0101076,0.1519351),(-0.3000000,-0.0093646,0.1521711),(-0.3000000,-0.0101076,0.1519351),(-0.3000000,-0.0100574,0.1520218),(-0.3000000,-0.0093646,0.1521711),(-0.3000000,-0.0100574,0.1520218),(-0.3000000,-0.0100026,0.1521052),(-0.3000000,-0.0093646,0.1521711),(-0.3000000,-0.0100026,0.1521052),(-0.3000000,-0.0099432,0.1521853),(-0.3000000,-0.0093646,0.1521711),(-0.3000000,-0.0099432,0.1521853),(-0.3000000,-0.0098792,0.1522621),(-0.3000000,-0.0093646,0.1521711),(-0.3000000,-0.0098792,0.1522621),(-0.3000000,-0.0098106,0.1523356),(-0.3000000,-0.0093646,0.1521711),(-0.3000000,-0.0098106,0.1523356),(-0.3000000,-0.0097375,0.1524058),(-0.3000000,-0.0093646,0.1521711),(-0.3000000,-0.0097375,0.1524058),(-0.3000000,-0.0096597,0.1524727),(-0.3000000,-0.0093646,0.1521711),(-0.3000000,-0.0096597,0.1524727),(-0.3000000,-0.0095773,0.1525362),(-0.3000000,-0.0093646,0.1521711),(-0.3000000,-0.0095773,0.1525362),(-0.3000000,-0.0101192,0.1534887),(-0.3000000,-0.0069939,0.1480478),(-0.3000000,-0.0093646,0.1521711),(-0.3000000,-0.0101192,0.1534887),(-0.3000000,-0.0069939,0.1480478),(-0.3000000,-0.0101192,0.1534887),(-0.3000000,-0.0101478,0.1535925),(-0.3000000,-0.0069939,0.1480478),(-0.3000000,-0.0101478,0.1535925),(-0.3000000,-0.0101404,0.1536528),(-0.3000000,-0.0069939,0.1480478),(-0.3000000,-0.0101404,0.1536528),(-0.3000000,-0.0101017,0.1537279),(-0.3000000,-0.0069939,0.1480478),(-0.3000000,-0.0101017,0.1537279),(-0.3000000,-0.0100367,0.1537819),(-0.3000000,-0.0069939,0.1480478),(-0.3000000,-0.0100367,0.1537819),(-0.3000000,-0.0099340,0.1538126),(-0.3000000,-0.0069939,0.1480478),(-0.3000000,-0.0099340,0.1538126),(-0.3000000,-0.0098737,0.1538052),(-0.3000000,-0.0069939,0.1480478),(-0.3000000,-0.0098737,0.1538052),(-0.3000000,-0.0097980,0.1537665),(-0.3000000,-0.0069939,0.1480478),(-0.3000000,-0.0097980,0.1537665),(-0.3000000,-0.0097424,0.1537015),(-0.3000000,-0.0069939,0.1480478),(-0.3000000,-0.0097424,0.1537015),(-0.3000000,-0.0092069,0.1527733),(-0.3000000,-0.0092069,0.1527733),(-0.3000000,-0.0091063,0.1528177),(-0.3000000,-0.0090024,0.1528562),(-0.3000000,-0.0092069,0.1527733),(-0.3000000,-0.0090024,0.1528562),(-0.3000000,-0.0088952,0.1528887),(-0.3000000,-0.0092069,0.1527733),(-0.3000000,-0.0088952,0.1528887),(-0.3000000,-0.0087846,0.1529154),(-0.3000000,-0.0092069,0.1527733),(-0.3000000,-0.0087846,0.1529154),(-0.3000000,-0.0086708,0.1529361),(-0.3000000,-0.0092069,0.1527733),(-0.3000000,-0.0086708,0.1529361),(-0.3000000,-0.0085537,0.1529509),(-0.3000000,-0.0092069,0.1527733),(-0.3000000,-0.0085537,0.1529509),(-0.3000000,-0.0084332,0.1529598),(-0.3000000,-0.0092069,0.1527733),(-0.3000000,-0.0084332,0.1529598),(-0.3000000,-0.0083095,0.1529627),(-0.3000000,-0.0092069,0.1527733),(-0.3000000,-0.0083095,0.1529627),(-0.3000000,-0.0081848,0.1529584),(-0.3000000,-0.0092069,0.1527733),(-0.3000000,-0.0081848,0.1529584),(-0.3000000,-0.0080613,0.1529454),(-0.3000000,-0.0092069,0.1527733),(-0.3000000,-0.0080613,0.1529454),(-0.3000000,-0.0079389,0.1529238),(-0.3000000,-0.0092069,0.1527733),(-0.3000000,-0.0079389,0.1529238),(-0.3000000,-0.0078176,0.1528934),(-0.3000000,-0.0092069,0.1527733),(-0.3000000,-0.0078176,0.1528934),(-0.3000000,-0.0076974,0.1528544),(-0.3000000,-0.0092069,0.1527733),(-0.3000000,-0.0076974,0.1528544),(-0.3000000,-0.0075782,0.1528068),(-0.3000000,-0.0092069,0.1527733),(-0.3000000,-0.0075782,0.1528068),(-0.3000000,-0.0074602,0.1527504),(-0.3000000,-0.0092069,0.1527733),(-0.3000000,-0.0074602,0.1527504),(-0.3000000,-0.0073432,0.1526855),(-0.3000000,-0.0092069,0.1527733),(-0.3000000,-0.0073432,0.1526855),(-0.3000000,-0.0072301,0.1526133),(-0.3000000,-0.0092069,0.1527733),(-0.3000000,-0.0072301,0.1526133),(-0.3000000,-0.0071231,0.1525349),(-0.3000000,-0.0092069,0.1527733),(-0.3000000,-0.0071231,0.1525349),(-0.3000000,-0.0070221,0.1524503),(-0.3000000,-0.0092069,0.1527733),(-0.3000000,-0.0070221,0.1524503),(-0.3000000,-0.0069273,0.1523595),(-0.3000000,-0.0092069,0.1527733),(-0.3000000,-0.0069273,0.1523595),(-0.3000000,-0.0068385,0.1522625),(-0.3000000,-0.0068385,0.1522625),(-0.3000000,-0.0067558,0.1521592),(-0.3000000,-0.0066792,0.1520497),(-0.3000000,-0.0068385,0.1522625),(-0.3000000,-0.0066792,0.1520497),(-0.3000000,-0.0066087,0.1519340),(-0.3000000,-0.0068385,0.1522625),(-0.3000000,-0.0066087,0.1519340),(-0.3000000,-0.0065455,0.1518142),(-0.3000000,-0.0068385,0.1522625),(-0.3000000,-0.0065455,0.1518142),(-0.3000000,-0.0064906,0.1516919),(-0.3000000,-0.0068385,0.1522625),(-0.3000000,-0.0064906,0.1516919),(-0.3000000,-0.0064443,0.1515670),(-0.3000000,-0.0068385,0.1522625),(-0.3000000,-0.0064443,0.1515670),(-0.3000000,-0.0064063,0.1514395),(-0.3000000,-0.0068385,0.1522625),(-0.3000000,-0.0064063,0.1514395),(-0.3000000,-0.0063768,0.1513095),(-0.3000000,-0.0068385,0.1522625),(-0.3000000,-0.0063768,0.1513095),(-0.3000000,-0.0063557,0.1511770),(-0.3000000,-0.0068385,0.1522625),(-0.3000000,-0.0063557,0.1511770),(-0.3000000,-0.0063431,0.1510419),(-0.3000000,-0.0068385,0.1522625),(-0.3000000,-0.0063431,0.1510419),(-0.3000000,-0.0063388,0.1509043),(-0.3000000,-0.0068385,0.1522625),(-0.3000000,-0.0063388,0.1509043),(-0.3000000,-0.0063430,0.1507662),(-0.3000000,-0.0068385,0.1522625),(-0.3000000,-0.0063430,0.1507662),(-0.3000000,-0.0063556,0.1506309),(-0.3000000,-0.0068385,0.1522625),(-0.3000000,-0.0063556,0.1506309),(-0.3000000,-0.0063766,0.1504983),(-0.3000000,-0.0068385,0.1522625),(-0.3000000,-0.0063766,0.1504983),(-0.3000000,-0.0064060,0.1503685),(-0.3000000,-0.0068385,0.1522625),(-0.3000000,-0.0064060,0.1503685),(-0.3000000,-0.0064438,0.1502414),(-0.3000000,-0.0068385,0.1522625),(-0.3000000,-0.0064438,0.1502414),(-0.3000000,-0.0064900,0.1501171),(-0.3000000,-0.0068385,0.1522625),(-0.3000000,-0.0064900,0.1501171),(-0.3000000,-0.0065446,0.1499955),(-0.3000000,-0.0068385,0.1522625),(-0.3000000,-0.0065446,0.1499955),(-0.3000000,-0.0066077,0.1498766),(-0.3000000,-0.0066077,0.1498766),(-0.3000000,-0.0069760,0.1500851),(-0.3000000,-0.0069266,0.1501799),(-0.3000000,-0.0066077,0.1498766),(-0.3000000,-0.0069266,0.1501799),(-0.3000000,-0.0068838,0.1502768),(-0.3000000,-0.0066077,0.1498766),(-0.3000000,-0.0068838,0.1502768),(-0.3000000,-0.0068476,0.1503758),(-0.3000000,-0.0066077,0.1498766),(-0.3000000,-0.0068476,0.1503758),(-0.3000000,-0.0068180,0.1504770),(-0.3000000,-0.0066077,0.1498766),(-0.3000000,-0.0068180,0.1504770),(-0.3000000,-0.0067950,0.1505803),(-0.3000000,-0.0066077,0.1498766),(-0.3000000,-0.0067950,0.1505803),(-0.3000000,-0.0067785,0.1506858),(-0.3000000,-0.0066077,0.1498766),(-0.3000000,-0.0067785,0.1506858),(-0.3000000,-0.0067686,0.1507934),(-0.3000000,-0.0066077,0.1498766),(-0.3000000,-0.0067686,0.1507934),(-0.3000000,-0.0067653,0.1509032),(-0.3000000,-0.0066077,0.1498766),(-0.3000000,-0.0067653,0.1509032),(-0.3000000,-0.0067687,0.1510130),(-0.3000000,-0.0068385,0.1522625),(-0.3000000,-0.0066077,0.1498766),(-0.3000000,-0.0067687,0.1510130),(-0.3000000,-0.0068385,0.1522625),(-0.3000000,-0.0067687,0.1510130),(-0.3000000,-0.0067787,0.1511208),(-0.3000000,-0.0068385,0.1522625),(-0.3000000,-0.0067787,0.1511208),(-0.3000000,-0.0067954,0.1512264),(-0.3000000,-0.0068385,0.1522625),(-0.3000000,-0.0067954,0.1512264),(-0.3000000,-0.0068188,0.1513300),(-0.3000000,-0.0068385,0.1522625),(-0.3000000,-0.0068188,0.1513300),(-0.3000000,-0.0068489,0.1514315),(-0.3000000,-0.0068385,0.1522625),(-0.3000000,-0.0068489,0.1514315),(-0.3000000,-0.0068856,0.1515309),(-0.3000000,-0.0068385,0.1522625),(-0.3000000,-0.0068856,0.1515309),(-0.3000000,-0.0069290,0.1516282),(-0.3000000,-0.0068385,0.1522625),(-0.3000000,-0.0069290,0.1516282),(-0.3000000,-0.0069791,0.1517234),(-0.3000000,-0.0068385,0.1522625),(-0.3000000,-0.0069791,0.1517234),(-0.3000000,-0.0070350,0.1518154),(-0.3000000,-0.0068385,0.1522625),(-0.3000000,-0.0070350,0.1518154),(-0.3000000,-0.0070956,0.1519023),(-0.3000000,-0.0068385,0.1522625),(-0.3000000,-0.0070956,0.1519023),(-0.3000000,-0.0071610,0.1519842),(-0.3000000,-0.0068385,0.1522625),(-0.3000000,-0.0071610,0.1519842),(-0.3000000,-0.0072313,0.1520610),(-0.3000000,-0.0068385,0.1522625),(-0.3000000,-0.0072313,0.1520610),(-0.3000000,-0.0073063,0.1521329),(-0.3000000,-0.0068385,0.1522625),(-0.3000000,-0.0073063,0.1521329),(-0.3000000,-0.0073861,0.1521997),(-0.3000000,-0.0068385,0.1522625),(-0.3000000,-0.0073861,0.1521997),(-0.3000000,-0.0074707,0.1522615),(-0.3000000,-0.0068385,0.1522625),(-0.3000000,-0.0074707,0.1522615),(-0.3000000,-0.0075602,0.1523182),(-0.3000000,-0.0068385,0.1522625),(-0.3000000,-0.0075602,0.1523182),(-0.3000000,-0.0076522,0.1523693),(-0.3000000,-0.0068385,0.1522625),(-0.3000000,-0.0076522,0.1523693),(-0.3000000,-0.0077448,0.1524136),(-0.3000000,-0.0068385,0.1522625),(-0.3000000,-0.0077448,0.1524136),(-0.3000000,-0.0078380,0.1524511),(-0.3000000,-0.0068385,0.1522625),(-0.3000000,-0.0078380,0.1524511),(-0.3000000,-0.0079316,0.1524817),(-0.3000000,-0.0068385,0.1522625),(-0.3000000,-0.0079316,0.1524817),(-0.3000000,-0.0080258,0.1525056),(-0.3000000,-0.0092069,0.1527733),(-0.3000000,-0.0068385,0.1522625),(-0.3000000,-0.0080258,0.1525056),(-0.3000000,-0.0092069,0.1527733),(-0.3000000,-0.0080258,0.1525056),(-0.3000000,-0.0081205,0.1525226),(-0.3000000,-0.0092069,0.1527733),(-0.3000000,-0.0081205,0.1525226),(-0.3000000,-0.0082158,0.1525328),(-0.3000000,-0.0092069,0.1527733),(-0.3000000,-0.0082158,0.1525328),(-0.3000000,-0.0083116,0.1525362),(-0.3000000,-0.0092069,0.1527733),(-0.3000000,-0.0083116,0.1525362),(-0.3000000,-0.0083179,0.1525362),(-0.3000000,-0.0092069,0.1527733),(-0.3000000,-0.0083179,0.1525362),(-0.3000000,-0.0084116,0.1525342),(-0.3000000,-0.0092069,0.1527733),(-0.3000000,-0.0084116,0.1525342),(-0.3000000,-0.0085028,0.1525279),(-0.3000000,-0.0092069,0.1527733),(-0.3000000,-0.0085028,0.1525279),(-0.3000000,-0.0085914,0.1525175),(-0.3000000,-0.0092069,0.1527733),(-0.3000000,-0.0085914,0.1525175),(-0.3000000,-0.0086775,0.1525029),(-0.3000000,-0.0092069,0.1527733),(-0.3000000,-0.0086775,0.1525029),(-0.3000000,-0.0087610,0.1524841),(-0.3000000,-0.0092069,0.1527733),(-0.3000000,-0.0087610,0.1524841),(-0.3000000,-0.0088420,0.1524612),(-0.3000000,-0.0092069,0.1527733),(-0.3000000,-0.0088420,0.1524612),(-0.3000000,-0.0089204,0.1524341),(-0.3000000,-0.0092069,0.1527733),(-0.3000000,-0.0089204,0.1524341),(-0.3000000,-0.0089963,0.1524029),(-0.3000000,-0.0069939,0.1480478),(-0.3000000,-0.0092069,0.1527733),(-0.3000000,-0.0089963,0.1524029),(-0.3000000,-0.0069939,0.1480478),(-0.3000000,-0.0089963,0.1524029),(-0.3000000,-0.0073919,0.1496078),(-0.3000000,-0.0069939,0.1480478),(-0.3000000,-0.0073919,0.1496078),(-0.3000000,-0.0072714,0.1497107),(-0.3000000,-0.0070183,0.1500159),(-0.3000000,-0.0069760,0.1500851),(-0.3000000,-0.0066077,0.1498766),(-0.3000000,-0.0070635,0.1499493),(-0.3000000,-0.0070183,0.1500159),(-0.3000000,-0.0066077,0.1498766),(-0.3000000,-0.0071620,0.1498245),(-0.3000000,-0.0070635,0.1499493),(-0.3000000,-0.0066077,0.1498766),(-0.3000000,-0.0072714,0.1497107),(-0.3000000,-0.0071620,0.1498245),(-0.3000000,-0.0066077,0.1498766),(-0.3000000,-0.0072714,0.1497107),(-0.3000000,-0.0066077,0.1498766),(-0.3000000,-0.0066656,0.1497816),(-0.3000000,-0.0072714,0.1497107),(-0.3000000,-0.0066656,0.1497816),(-0.3000000,-0.0067272,0.1496906),(-0.3000000,-0.0072714,0.1497107),(-0.3000000,-0.0067272,0.1496906),(-0.3000000,-0.0067926,0.1496038),(-0.3000000,-0.0072714,0.1497107),(-0.3000000,-0.0067926,0.1496038),(-0.3000000,-0.0068617,0.1495210),(-0.3000000,-0.0072714,0.1497107),(-0.3000000,-0.0068617,0.1495210),(-0.3000000,-0.0069344,0.1494424),(-0.3000000,-0.0072714,0.1497107),(-0.3000000,-0.0069344,0.1494424),(-0.3000000,-0.0070109,0.1493678),(-0.3000000,-0.0072714,0.1497107),(-0.3000000,-0.0070109,0.1493678),(-0.3000000,-0.0070910,0.1492974),(-0.3000000,-0.0072714,0.1497107),(-0.3000000,-0.0070910,0.1492974),(-0.3000000,-0.0071749,0.1492311),(-0.3000000,-0.0069939,0.1480478),(-0.3000000,-0.0072714,0.1497107),(-0.3000000,-0.0071749,0.1492311),(-0.3000000,-0.0069939,0.1480478),(-0.3000000,-0.0071749,0.1492311),(-0.3000000,-0.0066193,0.1482606),(-0.3000000,-0.0069939,0.1480478),(-0.3000000,-0.0066193,0.1482606),(-0.3000000,-0.0065918,0.1481590),(-0.3000000,-0.0069939,0.1480478),(-0.3000000,-0.0065918,0.1481590),(-0.3000000,-0.0065981,0.1480986),(-0.3000000,-0.0069939,0.1480478),(-0.3000000,-0.0065981,0.1480986),(-0.3000000,-0.0066373,0.1480216),(-0.3000000,-0.0069939,0.1480478),(-0.3000000,-0.0066373,0.1480216),(-0.3000000,-0.0066997,0.1479664),(-0.3000000,-0.0069939,0.1480478),(-0.3000000,-0.0066997,0.1479664),(-0.3000000,-0.0068045,0.1479388),(-0.3000000,-0.0069939,0.1480478),(-0.3000000,-0.0068045,0.1479388),(-0.3000000,-0.0068648,0.1479462),(-0.3000000,-0.0069939,0.1480478),(-0.3000000,-0.0068648,0.1479462),(-0.3000000,-0.0069373,0.1479817),(-0.3000000,-0.0165464,0.1499570),(-0.3000000,-0.0165518,0.1500894),(-0.3000000,-0.0165518,0.1517795),(-0.3000000,-0.0165464,0.1499570),(-0.3000000,-0.0165518,0.1517795),(-0.3000000,-0.0165464,0.1519101),(-0.3000000,-0.0165464,0.1499570),(-0.3000000,-0.0165464,0.1519101),(-0.3000000,-0.0165305,0.1520348),(-0.3000000,-0.0165464,0.1499570),(-0.3000000,-0.0165305,0.1520348),(-0.3000000,-0.0165040,0.1521534),(-0.3000000,-0.0165464,0.1499570),(-0.3000000,-0.0165040,0.1521534),(-0.3000000,-0.0164668,0.1522661),(-0.3000000,-0.0165464,0.1499570),(-0.3000000,-0.0164668,0.1522661),(-0.3000000,-0.0164190,0.1523728),(-0.3000000,-0.0165464,0.1499570),(-0.3000000,-0.0164190,0.1523728),(-0.3000000,-0.0163607,0.1524735),(-0.3000000,-0.0165464,0.1499570),(-0.3000000,-0.0163607,0.1524735),(-0.3000000,-0.0162916,0.1525682),(-0.3000000,-0.0165464,0.1499570),(-0.3000000,-0.0162916,0.1525682),(-0.3000000,-0.0162120,0.1526569),(-0.3000000,-0.0165464,0.1499570),(-0.3000000,-0.0162120,0.1526569),(-0.3000000,-0.0161353,0.1527286),(-0.3000000,-0.0165464,0.1499570),(-0.3000000,-0.0161353,0.1527286),(-0.3000000,-0.0160556,0.1527907),(-0.3000000,-0.0165464,0.1499570),(-0.3000000,-0.0160556,0.1527907),(-0.3000000,-0.0159728,0.1528433),(-0.3000000,-0.0159728,0.1528433),(-0.3000000,-0.0158869,0.1528863),(-0.3000000,-0.0157979,0.1529197),(-0.3000000,-0.0159728,0.1528433),(-0.3000000,-0.0157979,0.1529197),(-0.3000000,-0.0157058,0.1529436),(-0.3000000,-0.0159728,0.1528433),(-0.3000000,-0.0157058,0.1529436),(-0.3000000,-0.0156107,0.1529580),(-0.3000000,-0.0159728,0.1528433),(-0.3000000,-0.0156107,0.1529580),(-0.3000000,-0.0155125,0.1529627),(-0.3000000,-0.0159728,0.1528433),(-0.3000000,-0.0155125,0.1529627),(-0.3000000,-0.0154154,0.1529580),(-0.3000000,-0.0159728,0.1528433),(-0.3000000,-0.0154154,0.1529580),(-0.3000000,-0.0153210,0.1529436),(-0.3000000,-0.0159728,0.1528433),(-0.3000000,-0.0153210,0.1529436),(-0.3000000,-0.0152292,0.1529197),(-0.3000000,-0.0159728,0.1528433),(-0.3000000,-0.0152292,0.1529197),(-0.3000000,-0.0151402,0.1528863),(-0.3000000,-0.0159728,0.1528433),(-0.3000000,-0.0151402,0.1528863),(-0.3000000,-0.0150538,0.1528433),(-0.3000000,-0.0159728,0.1528433),(-0.3000000,-0.0150538,0.1528433),(-0.3000000,-0.0149701,0.1527907),(-0.3000000,-0.0159728,0.1528433),(-0.3000000,-0.0149701,0.1527907),(-0.3000000,-0.0148891,0.1527286),(-0.3000000,-0.0159728,0.1528433),(-0.3000000,-0.0148891,0.1527286),(-0.3000000,-0.0148108,0.1526569),(-0.3000000,-0.0159728,0.1528433),(-0.3000000,-0.0148108,0.1526569),(-0.3000000,-0.0147312,0.1525699),(-0.3000000,-0.0159728,0.1528433),(-0.3000000,-0.0147312,0.1525699),(-0.3000000,-0.0146622,0.1524767),(-0.3000000,-0.0159728,0.1528433),(-0.3000000,-0.0146622,0.1524767),(-0.3000000,-0.0146038,0.1523773),(-0.3000000,-0.0159728,0.1528433),(-0.3000000,-0.0146038,0.1523773),(-0.3000000,-0.0145560,0.1522717),(-0.3000000,-0.0159728,0.1528433),(-0.3000000,-0.0145560,0.1522717),(-0.3000000,-0.0145188,0.1521598),(-0.3000000,-0.0145188,0.1521598),(-0.3000000,-0.0144923,0.1520417),(-0.3000000,-0.0144764,0.1519174),(-0.3000000,-0.0145188,0.1521598),(-0.3000000,-0.0144764,0.1519174),(-0.3000000,-0.0144711,0.1517869),(-0.3000000,-0.0145188,0.1521598),(-0.3000000,-0.0144711,0.1517869),(-0.3000000,-0.0144711,0.1517795),(-0.3000000,-0.0145188,0.1521598),(-0.3000000,-0.0144711,0.1517795),(-0.3000000,-0.0144711,0.1500851),(-0.3000000,-0.0145188,0.1521598),(-0.3000000,-0.0144711,0.1500851),(-0.3000000,-0.0144764,0.1499538),(-0.3000000,-0.0145188,0.1521598),(-0.3000000,-0.0144764,0.1499538),(-0.3000000,-0.0144923,0.1498287),(-0.3000000,-0.0145188,0.1521598),(-0.3000000,-0.0144923,0.1498287),(-0.3000000,-0.0145188,0.1497097),(-0.3000000,-0.0145188,0.1521598),(-0.3000000,-0.0145188,0.1497097),(-0.3000000,-0.0145560,0.1495970),(-0.3000000,-0.0145188,0.1521598),(-0.3000000,-0.0145560,0.1495970),(-0.3000000,-0.0146038,0.1494904),(-0.3000000,-0.0145188,0.1521598),(-0.3000000,-0.0146038,0.1494904),(-0.3000000,-0.0146622,0.1493900),(-0.3000000,-0.0145188,0.1521598),(-0.3000000,-0.0146622,0.1493900),(-0.3000000,-0.0147312,0.1492958),(-0.3000000,-0.0145188,0.1521598),(-0.3000000,-0.0147312,0.1492958),(-0.3000000,-0.0148108,0.1492078),(-0.3000000,-0.0148108,0.1492078),(-0.3000000,-0.0151145,0.1495041),(-0.3000000,-0.0150205,0.1496205),(-0.3000000,-0.0148108,0.1492078),(-0.3000000,-0.0150205,0.1496205),(-0.3000000,-0.0149534,0.1497568),(-0.3000000,-0.0148108,0.1492078),(-0.3000000,-0.0149534,0.1497568),(-0.3000000,-0.0149131,0.1499131),(-0.3000000,-0.0145188,0.1521598),(-0.3000000,-0.0148108,0.1492078),(-0.3000000,-0.0149131,0.1499131),(-0.3000000,-0.0145188,0.1521598),(-0.3000000,-0.0149131,0.1499131),(-0.3000000,-0.0149030,0.1499987),(-0.3000000,-0.0145188,0.1521598),(-0.3000000,-0.0149030,0.1499987),(-0.3000000,-0.0148997,0.1500894),(-0.3000000,-0.0145188,0.1521598),(-0.3000000,-0.0148997,0.1500894),(-0.3000000,-0.0148997,0.1517869),(-0.3000000,-0.0145188,0.1521598),(-0.3000000,-0.0148997,0.1517869),(-0.3000000,-0.0149030,0.1518752),(-0.3000000,-0.0145188,0.1521598),(-0.3000000,-0.0149030,0.1518752),(-0.3000000,-0.0149130,0.1519586),(-0.3000000,-0.0145188,0.1521598),(-0.3000000,-0.0149130,0.1519586),(-0.3000000,-0.0149296,0.1520372),(-0.3000000,-0.0145188,0.1521598),(-0.3000000,-0.0149296,0.1520372),(-0.3000000,-0.0149529,0.1521108),(-0.3000000,-0.0145188,0.1521598),(-0.3000000,-0.0149529,0.1521108),(-0.3000000,-0.0150194,0.1522433),(-0.3000000,-0.0145188,0.1521598),(-0.3000000,-0.0150194,0.1522433),(-0.3000000,-0.0151124,0.1523563),(-0.3000000,-0.0145188,0.1521598),(-0.3000000,-0.0151124,0.1523563),(-0.3000000,-0.0152077,0.1524350),(-0.3000000,-0.0145188,0.1521598),(-0.3000000,-0.0152077,0.1524350),(-0.3000000,-0.0153061,0.1524913),(-0.3000000,-0.0159728,0.1528433),(-0.3000000,-0.0145188,0.1521598),(-0.3000000,-0.0153061,0.1524913),(-0.3000000,-0.0159728,0.1528433),(-0.3000000,-0.0153061,0.1524913),(-0.3000000,-0.0154077,0.1525250),(-0.3000000,-0.0159728,0.1528433),(-0.3000000,-0.0154077,0.1525250),(-0.3000000,-0.0155125,0.1525362),(-0.3000000,-0.0159728,0.1528433),(-0.3000000,-0.0155125,0.1525362),(-0.3000000,-0.0156215,0.1525250),(-0.3000000,-0.0159728,0.1528433),(-0.3000000,-0.0156215,0.1525250),(-0.3000000,-0.0157244,0.1524913),(-0.3000000,-0.0159728,0.1528433),(-0.3000000,-0.0157244,0.1524913),(-0.3000000,-0.0158210,0.1524350),(-0.3000000,-0.0159728,0.1528433),(-0.3000000,-0.0158210,0.1524350),(-0.3000000,-0.0159115,0.1523563),(-0.3000000,-0.0159728,0.1528433),(-0.3000000,-0.0159115,0.1523563),(-0.3000000,-0.0160045,0.1522377),(-0.3000000,-0.0159728,0.1528433),(-0.3000000,-0.0160045,0.1522377),(-0.3000000,-0.0160710,0.1521021),(-0.3000000,-0.0159728,0.1528433),(-0.3000000,-0.0160710,0.1521021),(-0.3000000,-0.0161109,0.1519493),(-0.3000000,-0.0165464,0.1499570),(-0.3000000,-0.0159728,0.1528433),(-0.3000000,-0.0161109,0.1519493),(-0.3000000,-0.0165464,0.1499570),(-0.3000000,-0.0161109,0.1519493),(-0.3000000,-0.0161209,0.1518666),(-0.3000000,-0.0165464,0.1499570),(-0.3000000,-0.0161209,0.1518666),(-0.3000000,-0.0161242,0.1517795),(-0.3000000,-0.0165464,0.1499570),(-0.3000000,-0.0161242,0.1517795),(-0.3000000,-0.0161242,0.1500894),(-0.3000000,-0.0165464,0.1499570),(-0.3000000,-0.0161242,0.1500894),(-0.3000000,-0.0161209,0.1499997),(-0.3000000,-0.0165464,0.1499570),(-0.3000000,-0.0161209,0.1499997),(-0.3000000,-0.0161109,0.1499149),(-0.3000000,-0.0165464,0.1499570),(-0.3000000,-0.0161109,0.1499149),(-0.3000000,-0.0160943,0.1498350),(-0.3000000,-0.0165464,0.1499570),(-0.3000000,-0.0160943,0.1498350),(-0.3000000,-0.0160710,0.1497600),(-0.3000000,-0.0165464,0.1499570),(-0.3000000,-0.0160710,0.1497600),(-0.3000000,-0.0160045,0.1496244),(-0.3000000,-0.0165464,0.1499570),(-0.3000000,-0.0160045,0.1496244),(-0.3000000,-0.0159115,0.1495083),(-0.3000000,-0.0165464,0.1499570),(-0.3000000,-0.0159115,0.1495083),(-0.3000000,-0.0158202,0.1494306),(-0.3000000,-0.0152061,0.1494282),(-0.3000000,-0.0151145,0.1495041),(-0.3000000,-0.0148108,0.1492078),(-0.3000000,-0.0153029,0.1493739),(-0.3000000,-0.0152061,0.1494282),(-0.3000000,-0.0148108,0.1492078),(-0.3000000,-0.0154050,0.1493414),(-0.3000000,-0.0153029,0.1493739),(-0.3000000,-0.0148108,0.1492078),(-0.3000000,-0.0155125,0.1493305),(-0.3000000,-0.0154050,0.1493414),(-0.3000000,-0.0148108,0.1492078),(-0.3000000,-0.0156207,0.1493417),(-0.3000000,-0.0155125,0.1493305),(-0.3000000,-0.0148108,0.1492078),(-0.3000000,-0.0156207,0.1493417),(-0.3000000,-0.0148108,0.1492078),(-0.3000000,-0.0148877,0.1491371),(-0.3000000,-0.0156207,0.1493417),(-0.3000000,-0.0148877,0.1491371),(-0.3000000,-0.0149675,0.1490758),(-0.3000000,-0.0157233,0.1493750),(-0.3000000,-0.0156207,0.1493417),(-0.3000000,-0.0149675,0.1490758),(-0.3000000,-0.0157233,0.1493750),(-0.3000000,-0.0149675,0.1490758),(-0.3000000,-0.0150503,0.1490240),(-0.3000000,-0.0157233,0.1493750),(-0.3000000,-0.0150503,0.1490240),(-0.3000000,-0.0151360,0.1489816),(-0.3000000,-0.0158202,0.1494306),(-0.3000000,-0.0157233,0.1493750),(-0.3000000,-0.0151360,0.1489816),(-0.3000000,-0.0158202,0.1494306),(-0.3000000,-0.0151360,0.1489816),(-0.3000000,-0.0152246,0.1489486),(-0.3000000,-0.0165464,0.1499570),(-0.3000000,-0.0158202,0.1494306),(-0.3000000,-0.0152246,0.1489486),(-0.3000000,-0.0165464,0.1499570),(-0.3000000,-0.0152246,0.1489486),(-0.3000000,-0.0153162,0.1489250),(-0.3000000,-0.0165464,0.1499570),(-0.3000000,-0.0153162,0.1489250),(-0.3000000,-0.0154108,0.1489109),(-0.3000000,-0.0165464,0.1499570),(-0.3000000,-0.0154108,0.1489109),(-0.3000000,-0.0155082,0.1489062),(-0.3000000,-0.0165464,0.1499570),(-0.3000000,-0.0155082,0.1489062),(-0.3000000,-0.0156074,0.1489108),(-0.3000000,-0.0165464,0.1499570),(-0.3000000,-0.0156074,0.1489108),(-0.3000000,-0.0157033,0.1489247),(-0.3000000,-0.0165464,0.1499570),(-0.3000000,-0.0157033,0.1489247),(-0.3000000,-0.0157959,0.1489478),(-0.3000000,-0.0165464,0.1499570),(-0.3000000,-0.0157959,0.1489478),(-0.3000000,-0.0158853,0.1489802),(-0.3000000,-0.0165464,0.1499570),(-0.3000000,-0.0158853,0.1489802),(-0.3000000,-0.0159713,0.1490219),(-0.3000000,-0.0165464,0.1499570),(-0.3000000,-0.0159713,0.1490219),(-0.3000000,-0.0160541,0.1490728),(-0.3000000,-0.0165464,0.1499570),(-0.3000000,-0.0160541,0.1490728),(-0.3000000,-0.0161337,0.1491330),(-0.3000000,-0.0165464,0.1499570),(-0.3000000,-0.0161337,0.1491330),(-0.3000000,-0.0162099,0.1492025),(-0.3000000,-0.0165464,0.1499570),(-0.3000000,-0.0162099,0.1492025),(-0.3000000,-0.0162900,0.1492918),(-0.3000000,-0.0165464,0.1499570),(-0.3000000,-0.0162900,0.1492918),(-0.3000000,-0.0163595,0.1493873),(-0.3000000,-0.0165464,0.1499570),(-0.3000000,-0.0163595,0.1493873),(-0.3000000,-0.0164182,0.1494889),(-0.3000000,-0.0165464,0.1499570),(-0.3000000,-0.0164182,0.1494889),(-0.3000000,-0.0164663,0.1495967),(-0.3000000,-0.0165464,0.1499570),(-0.3000000,-0.0164663,0.1495967),(-0.3000000,-0.0165037,0.1497107),(-0.3000000,-0.0165464,0.1499570),(-0.3000000,-0.0165037,0.1497107),(-0.3000000,-0.0165304,0.1498307),(-0.3000000,-0.0129565,0.1499570),(-0.3000000,-0.0129619,0.1500894),(-0.3000000,-0.0129619,0.1517795),(-0.3000000,-0.0129565,0.1499570),(-0.3000000,-0.0129619,0.1517795),(-0.3000000,-0.0129566,0.1519101),(-0.3000000,-0.0129565,0.1499570),(-0.3000000,-0.0129566,0.1519101),(-0.3000000,-0.0129407,0.1520348),(-0.3000000,-0.0129565,0.1499570),(-0.3000000,-0.0129407,0.1520348),(-0.3000000,-0.0129141,0.1521534),(-0.3000000,-0.0129565,0.1499570),(-0.3000000,-0.0129141,0.1521534),(-0.3000000,-0.0128770,0.1522661),(-0.3000000,-0.0129565,0.1499570),(-0.3000000,-0.0128770,0.1522661),(-0.3000000,-0.0128292,0.1523728),(-0.3000000,-0.0129565,0.1499570),(-0.3000000,-0.0128292,0.1523728),(-0.3000000,-0.0127708,0.1524735),(-0.3000000,-0.0129565,0.1499570),(-0.3000000,-0.0127708,0.1524735),(-0.3000000,-0.0127018,0.1525682),(-0.3000000,-0.0129565,0.1499570),(-0.3000000,-0.0127018,0.1525682),(-0.3000000,-0.0126222,0.1526569),(-0.3000000,-0.0129565,0.1499570),(-0.3000000,-0.0126222,0.1526569),(-0.3000000,-0.0125455,0.1527286),(-0.3000000,-0.0129565,0.1499570),(-0.3000000,-0.0125455,0.1527286),(-0.3000000,-0.0124657,0.1527907),(-0.3000000,-0.0129565,0.1499570),(-0.3000000,-0.0124657,0.1527907),(-0.3000000,-0.0123829,0.1528433),(-0.3000000,-0.0123829,0.1528433),(-0.3000000,-0.0122970,0.1528863),(-0.3000000,-0.0122080,0.1529197),(-0.3000000,-0.0123829,0.1528433),(-0.3000000,-0.0122080,0.1529197),(-0.3000000,-0.0121159,0.1529436),(-0.3000000,-0.0123829,0.1528433),(-0.3000000,-0.0121159,0.1529436),(-0.3000000,-0.0120208,0.1529580),(-0.3000000,-0.0123829,0.1528433),(-0.3000000,-0.0120208,0.1529580),(-0.3000000,-0.0119226,0.1529627),(-0.3000000,-0.0123829,0.1528433),(-0.3000000,-0.0119226,0.1529627),(-0.3000000,-0.0118255,0.1529580),(-0.3000000,-0.0123829,0.1528433),(-0.3000000,-0.0118255,0.1529580),(-0.3000000,-0.0117311,0.1529436),(-0.3000000,-0.0123829,0.1528433),(-0.3000000,-0.0117311,0.1529436),(-0.3000000,-0.0116394,0.1529197),(-0.3000000,-0.0123829,0.1528433),(-0.3000000,-0.0116394,0.1529197),(-0.3000000,-0.0115503,0.1528863),(-0.3000000,-0.0123829,0.1528433),(-0.3000000,-0.0115503,0.1528863),(-0.3000000,-0.0114640,0.1528433),(-0.3000000,-0.0123829,0.1528433),(-0.3000000,-0.0114640,0.1528433),(-0.3000000,-0.0113803,0.1527907),(-0.3000000,-0.0123829,0.1528433),(-0.3000000,-0.0113803,0.1527907),(-0.3000000,-0.0112993,0.1527286),(-0.3000000,-0.0123829,0.1528433),(-0.3000000,-0.0112993,0.1527286),(-0.3000000,-0.0112209,0.1526569),(-0.3000000,-0.0123829,0.1528433),(-0.3000000,-0.0112209,0.1526569),(-0.3000000,-0.0111413,0.1525699),(-0.3000000,-0.0123829,0.1528433),(-0.3000000,-0.0111413,0.1525699),(-0.3000000,-0.0110723,0.1524767),(-0.3000000,-0.0123829,0.1528433),(-0.3000000,-0.0110723,0.1524767),(-0.3000000,-0.0110139,0.1523773),(-0.3000000,-0.0123829,0.1528433),(-0.3000000,-0.0110139,0.1523773),(-0.3000000,-0.0109661,0.1522717),(-0.3000000,-0.0123829,0.1528433),(-0.3000000,-0.0109661,0.1522717),(-0.3000000,-0.0109290,0.1521598),(-0.3000000,-0.0109290,0.1521598),(-0.3000000,-0.0109024,0.1520417),(-0.3000000,-0.0108865,0.1519174),(-0.3000000,-0.0109290,0.1521598),(-0.3000000,-0.0108865,0.1519174),(-0.3000000,-0.0108812,0.1517869),(-0.3000000,-0.0109290,0.1521598),(-0.3000000,-0.0108812,0.1517869),(-0.3000000,-0.0108812,0.1517795),(-0.3000000,-0.0109290,0.1521598),(-0.3000000,-0.0108812,0.1517795),(-0.3000000,-0.0108812,0.1500851),(-0.3000000,-0.0109290,0.1521598),(-0.3000000,-0.0108812,0.1500851),(-0.3000000,-0.0108865,0.1499538),(-0.3000000,-0.0109290,0.1521598),(-0.3000000,-0.0108865,0.1499538),(-0.3000000,-0.0109024,0.1498287),(-0.3000000,-0.0109290,0.1521598),(-0.3000000,-0.0109024,0.1498287),(-0.3000000,-0.0109290,0.1497097),(-0.3000000,-0.0109290,0.1521598),(-0.3000000,-0.0109290,0.1497097),(-0.3000000,-0.0109661,0.1495970),(-0.3000000,-0.0109290,0.1521598),(-0.3000000,-0.0109661,0.1495970),(-0.3000000,-0.0110139,0.1494904),(-0.3000000,-0.0109290,0.1521598),(-0.3000000,-0.0110139,0.1494904),(-0.3000000,-0.0110723,0.1493900),(-0.3000000,-0.0109290,0.1521598),(-0.3000000,-0.0110723,0.1493900),(-0.3000000,-0.0111413,0.1492958),(-0.3000000,-0.0109290,0.1521598),(-0.3000000,-0.0111413,0.1492958),(-0.3000000,-0.0112209,0.1492078),(-0.3000000,-0.0112209,0.1492078),(-0.3000000,-0.0115247,0.1495041),(-0.3000000,-0.0114307,0.1496205),(-0.3000000,-0.0112209,0.1492078),(-0.3000000,-0.0114307,0.1496205),(-0.3000000,-0.0113635,0.1497568),(-0.3000000,-0.0112209,0.1492078),(-0.3000000,-0.0113635,0.1497568),(-0.3000000,-0.0113233,0.1499131),(-0.3000000,-0.0109290,0.1521598),(-0.3000000,-0.0112209,0.1492078),(-0.3000000,-0.0113233,0.1499131),(-0.3000000,-0.0109290,0.1521598),(-0.3000000,-0.0113233,0.1499131),(-0.3000000,-0.0113132,0.1499987),(-0.3000000,-0.0109290,0.1521598),(-0.3000000,-0.0113132,0.1499987),(-0.3000000,-0.0113098,0.1500894),(-0.3000000,-0.0109290,0.1521598),(-0.3000000,-0.0113098,0.1500894),(-0.3000000,-0.0113098,0.1517869),(-0.3000000,-0.0109290,0.1521598),(-0.3000000,-0.0113098,0.1517869),(-0.3000000,-0.0113132,0.1518752),(-0.3000000,-0.0109290,0.1521598),(-0.3000000,-0.0113132,0.1518752),(-0.3000000,-0.0113231,0.1519586),(-0.3000000,-0.0109290,0.1521598),(-0.3000000,-0.0113231,0.1519586),(-0.3000000,-0.0113397,0.1520372),(-0.3000000,-0.0109290,0.1521598),(-0.3000000,-0.0113397,0.1520372),(-0.3000000,-0.0113630,0.1521108),(-0.3000000,-0.0109290,0.1521598),(-0.3000000,-0.0113630,0.1521108),(-0.3000000,-0.0114295,0.1522433),(-0.3000000,-0.0109290,0.1521598),(-0.3000000,-0.0114295,0.1522433),(-0.3000000,-0.0115226,0.1523563),(-0.3000000,-0.0109290,0.1521598),(-0.3000000,-0.0115226,0.1523563),(-0.3000000,-0.0116178,0.1524350),(-0.3000000,-0.0109290,0.1521598),(-0.3000000,-0.0116178,0.1524350),(-0.3000000,-0.0117162,0.1524913),(-0.3000000,-0.0123829,0.1528433),(-0.3000000,-0.0109290,0.1521598),(-0.3000000,-0.0117162,0.1524913),(-0.3000000,-0.0123829,0.1528433),(-0.3000000,-0.0117162,0.1524913),(-0.3000000,-0.0118178,0.1525250),(-0.3000000,-0.0123829,0.1528433),(-0.3000000,-0.0118178,0.1525250),(-0.3000000,-0.0119226,0.1525362),(-0.3000000,-0.0123829,0.1528433),(-0.3000000,-0.0119226,0.1525362),(-0.3000000,-0.0120317,0.1525250),(-0.3000000,-0.0123829,0.1528433),(-0.3000000,-0.0120317,0.1525250),(-0.3000000,-0.0121345,0.1524913),(-0.3000000,-0.0123829,0.1528433),(-0.3000000,-0.0121345,0.1524913),(-0.3000000,-0.0122312,0.1524350),(-0.3000000,-0.0123829,0.1528433),(-0.3000000,-0.0122312,0.1524350),(-0.3000000,-0.0123216,0.1523563),(-0.3000000,-0.0123829,0.1528433),(-0.3000000,-0.0123216,0.1523563),(-0.3000000,-0.0124147,0.1522377),(-0.3000000,-0.0123829,0.1528433),(-0.3000000,-0.0124147,0.1522377),(-0.3000000,-0.0124811,0.1521021),(-0.3000000,-0.0123829,0.1528433),(-0.3000000,-0.0124811,0.1521021),(-0.3000000,-0.0125210,0.1519493),(-0.3000000,-0.0129565,0.1499570),(-0.3000000,-0.0123829,0.1528433),(-0.3000000,-0.0125210,0.1519493),(-0.3000000,-0.0129565,0.1499570),(-0.3000000,-0.0125210,0.1519493),(-0.3000000,-0.0125310,0.1518666),(-0.3000000,-0.0129565,0.1499570),(-0.3000000,-0.0125310,0.1518666),(-0.3000000,-0.0125343,0.1517795),(-0.3000000,-0.0129565,0.1499570),(-0.3000000,-0.0125343,0.1517795),(-0.3000000,-0.0125343,0.1500894),(-0.3000000,-0.0129565,0.1499570),(-0.3000000,-0.0125343,0.1500894),(-0.3000000,-0.0125310,0.1499997),(-0.3000000,-0.0129565,0.1499570),(-0.3000000,-0.0125310,0.1499997),(-0.3000000,-0.0125210,0.1499149),(-0.3000000,-0.0129565,0.1499570),(-0.3000000,-0.0125210,0.1499149),(-0.3000000,-0.0125044,0.1498350),(-0.3000000,-0.0129565,0.1499570),(-0.3000000,-0.0125044,0.1498350),(-0.3000000,-0.0124811,0.1497600),(-0.3000000,-0.0129565,0.1499570),(-0.3000000,-0.0124811,0.1497600),(-0.3000000,-0.0124147,0.1496244),(-0.3000000,-0.0129565,0.1499570),(-0.3000000,-0.0124147,0.1496244),(-0.3000000,-0.0123216,0.1495083),(-0.3000000,-0.0129565,0.1499570),(-0.3000000,-0.0123216,0.1495083),(-0.3000000,-0.0122304,0.1494306),(-0.3000000,-0.0116162,0.1494282),(-0.3000000,-0.0115247,0.1495041),(-0.3000000,-0.0112209,0.1492078),(-0.3000000,-0.0117131,0.1493739),(-0.3000000,-0.0116162,0.1494282),(-0.3000000,-0.0112209,0.1492078),(-0.3000000,-0.0118152,0.1493414),(-0.3000000,-0.0117131,0.1493739),(-0.3000000,-0.0112209,0.1492078),(-0.3000000,-0.0119226,0.1493305),(-0.3000000,-0.0118152,0.1493414),(-0.3000000,-0.0112209,0.1492078),(-0.3000000,-0.0120309,0.1493417),(-0.3000000,-0.0119226,0.1493305),(-0.3000000,-0.0112209,0.1492078),(-0.3000000,-0.0120309,0.1493417),(-0.3000000,-0.0112209,0.1492078),(-0.3000000,-0.0112978,0.1491371),(-0.3000000,-0.0120309,0.1493417),(-0.3000000,-0.0112978,0.1491371),(-0.3000000,-0.0113776,0.1490758),(-0.3000000,-0.0121335,0.1493750),(-0.3000000,-0.0120309,0.1493417),(-0.3000000,-0.0113776,0.1490758),(-0.3000000,-0.0121335,0.1493750),(-0.3000000,-0.0113776,0.1490758),(-0.3000000,-0.0114604,0.1490240),(-0.3000000,-0.0121335,0.1493750),(-0.3000000,-0.0114604,0.1490240),(-0.3000000,-0.0115461,0.1489816),(-0.3000000,-0.0122304,0.1494306),(-0.3000000,-0.0121335,0.1493750),(-0.3000000,-0.0115461,0.1489816),(-0.3000000,-0.0122304,0.1494306),(-0.3000000,-0.0115461,0.1489816),(-0.3000000,-0.0116348,0.1489486),(-0.3000000,-0.0129565,0.1499570),(-0.3000000,-0.0122304,0.1494306),(-0.3000000,-0.0116348,0.1489486),(-0.3000000,-0.0129565,0.1499570),(-0.3000000,-0.0116348,0.1489486),(-0.3000000,-0.0117263,0.1489250),(-0.3000000,-0.0129565,0.1499570),(-0.3000000,-0.0117263,0.1489250),(-0.3000000,-0.0118209,0.1489109),(-0.3000000,-0.0129565,0.1499570),(-0.3000000,-0.0118209,0.1489109),(-0.3000000,-0.0119184,0.1489062),(-0.3000000,-0.0129565,0.1499570),(-0.3000000,-0.0119184,0.1489062),(-0.3000000,-0.0120175,0.1489108),(-0.3000000,-0.0129565,0.1499570),(-0.3000000,-0.0120175,0.1489108),(-0.3000000,-0.0121134,0.1489247),(-0.3000000,-0.0129565,0.1499570),(-0.3000000,-0.0121134,0.1489247),(-0.3000000,-0.0122061,0.1489478),(-0.3000000,-0.0129565,0.1499570),(-0.3000000,-0.0122061,0.1489478),(-0.3000000,-0.0122954,0.1489802),(-0.3000000,-0.0129565,0.1499570),(-0.3000000,-0.0122954,0.1489802),(-0.3000000,-0.0123815,0.1490219),(-0.3000000,-0.0129565,0.1499570),(-0.3000000,-0.0123815,0.1490219),(-0.3000000,-0.0124643,0.1490728),(-0.3000000,-0.0129565,0.1499570),(-0.3000000,-0.0124643,0.1490728),(-0.3000000,-0.0125438,0.1491330),(-0.3000000,-0.0129565,0.1499570),(-0.3000000,-0.0125438,0.1491330),(-0.3000000,-0.0126200,0.1492025),(-0.3000000,-0.0129565,0.1499570),(-0.3000000,-0.0126200,0.1492025),(-0.3000000,-0.0127002,0.1492918),(-0.3000000,-0.0129565,0.1499570),(-0.3000000,-0.0127002,0.1492918),(-0.3000000,-0.0127696,0.1493873),(-0.3000000,-0.0129565,0.1499570),(-0.3000000,-0.0127696,0.1493873),(-0.3000000,-0.0128284,0.1494889),(-0.3000000,-0.0129565,0.1499570),(-0.3000000,-0.0128284,0.1494889),(-0.3000000,-0.0128764,0.1495967),(-0.3000000,-0.0129565,0.1499570),(-0.3000000,-0.0128764,0.1495967),(-0.3000000,-0.0129138,0.1497107),(-0.3000000,-0.0129565,0.1499570),(-0.3000000,-0.0129138,0.1497107),(-0.3000000,-0.0129405,0.1498307),(-0.3000000,-0.0199289,0.1498258),(-0.3000000,-0.0199310,0.1497772),(-0.3000000,-0.0199549,0.1496851),(-0.3000000,-0.0199289,0.1498258),(-0.3000000,-0.0199549,0.1496851),(-0.3000000,-0.0199828,0.1495988),(-0.3000000,-0.0199289,0.1498258),(-0.3000000,-0.0199828,0.1495988),(-0.3000000,-0.0200146,0.1495182),(-0.3000000,-0.0199289,0.1498258),(-0.3000000,-0.0200146,0.1495182),(-0.3000000,-0.0200503,0.1494435),(-0.3000000,-0.0199289,0.1498258),(-0.3000000,-0.0200503,0.1494435),(-0.3000000,-0.0200900,0.1493746),(-0.3000000,-0.0199289,0.1498258),(-0.3000000,-0.0200900,0.1493746),(-0.3000000,-0.0201336,0.1493114),(-0.3000000,-0.0199289,0.1498258),(-0.3000000,-0.0201336,0.1493114),(-0.3000000,-0.0202326,0.1492025),(-0.3000000,-0.0199289,0.1498258),(-0.3000000,-0.0202326,0.1492025),(-0.3000000,-0.0203136,0.1491330),(-0.3000000,-0.0199289,0.1498258),(-0.3000000,-0.0203136,0.1491330),(-0.3000000,-0.0203967,0.1490728),(-0.3000000,-0.0199289,0.1498258),(-0.3000000,-0.0203967,0.1490728),(-0.3000000,-0.0204820,0.1490219),(-0.3000000,-0.0199289,0.1498258),(-0.3000000,-0.0204820,0.1490219),(-0.3000000,-0.0205694,0.1489802),(-0.3000000,-0.0199289,0.1498258),(-0.3000000,-0.0205694,0.1489802),(-0.3000000,-0.0206590,0.1489478),(-0.3000000,-0.0199289,0.1498258),(-0.3000000,-0.0206590,0.1489478),(-0.3000000,-0.0207508,0.1489247),(-0.3000000,-0.0199289,0.1498258),(-0.3000000,-0.0207508,0.1489247),(-0.3000000,-0.0208446,0.1489108),(-0.3000000,-0.0199289,0.1498258),(-0.3000000,-0.0208446,0.1489108),(-0.3000000,-0.0209407,0.1489062),(-0.3000000,-0.0199289,0.1498258),(-0.3000000,-0.0209407,0.1489062),(-0.3000000,-0.0210359,0.1489109),(-0.3000000,-0.0199289,0.1498258),(-0.3000000,-0.0210359,0.1489109),(-0.3000000,-0.0211285,0.1489250),(-0.3000000,-0.0199289,0.1498258),(-0.3000000,-0.0211285,0.1489250),(-0.3000000,-0.0212185,0.1489486),(-0.3000000,-0.0199289,0.1498258),(-0.3000000,-0.0212185,0.1489486),(-0.3000000,-0.0213058,0.1489816),(-0.3000000,-0.0213058,0.1489816),(-0.3000000,-0.0213905,0.1490240),(-0.3000000,-0.0214725,0.1490758),(-0.3000000,-0.0213058,0.1489816),(-0.3000000,-0.0214725,0.1490758),(-0.3000000,-0.0215518,0.1491371),(-0.3000000,-0.0213058,0.1489816),(-0.3000000,-0.0215518,0.1491371),(-0.3000000,-0.0216286,0.1492078),(-0.3000000,-0.0213058,0.1489816),(-0.3000000,-0.0216286,0.1492078),(-0.3000000,-0.0217087,0.1492960),(-0.3000000,-0.0213058,0.1489816),(-0.3000000,-0.0217087,0.1492960),(-0.3000000,-0.0217781,0.1493909),(-0.3000000,-0.0213058,0.1489816),(-0.3000000,-0.0217781,0.1493909),(-0.3000000,-0.0218369,0.1494923),(-0.3000000,-0.0213058,0.1489816),(-0.3000000,-0.0218369,0.1494923),(-0.3000000,-0.0218850,0.1496004),(-0.3000000,-0.0213058,0.1489816),(-0.3000000,-0.0218850,0.1496004),(-0.3000000,-0.0219223,0.1497151),(-0.3000000,-0.0213058,0.1489816),(-0.3000000,-0.0219223,0.1497151),(-0.3000000,-0.0219491,0.1498364),(-0.3000000,-0.0213058,0.1489816),(-0.3000000,-0.0219491,0.1498364),(-0.3000000,-0.0219651,0.1499644),(-0.3000000,-0.0213058,0.1489816),(-0.3000000,-0.0219651,0.1499644),(-0.3000000,-0.0219704,0.1500989),(-0.3000000,-0.0213058,0.1489816),(-0.3000000,-0.0219704,0.1500989),(-0.3000000,-0.0219691,0.1502022),(-0.3000000,-0.0213058,0.1489816),(-0.3000000,-0.0219691,0.1502022),(-0.3000000,-0.0219653,0.1503014),(-0.3000000,-0.0213058,0.1489816),(-0.3000000,-0.0219653,0.1503014),(-0.3000000,-0.0219588,0.1503966),(-0.3000000,-0.0213058,0.1489816),(-0.3000000,-0.0219588,0.1503966),(-0.3000000,-0.0219498,0.1504878),(-0.3000000,-0.0213058,0.1489816),(-0.3000000,-0.0219498,0.1504878),(-0.3000000,-0.0219382,0.1505749),(-0.3000000,-0.0213058,0.1489816),(-0.3000000,-0.0219382,0.1505749),(-0.3000000,-0.0219240,0.1506579),(-0.3000000,-0.0213058,0.1489816),(-0.3000000,-0.0219240,0.1506579),(-0.3000000,-0.0219072,0.1507370),(-0.3000000,-0.0213058,0.1489816),(-0.3000000,-0.0219072,0.1507370),(-0.3000000,-0.0218879,0.1508119),(-0.3000000,-0.0213058,0.1489816),(-0.3000000,-0.0218879,0.1508119),(-0.3000000,-0.0218414,0.1509498),(-0.3000000,-0.0218414,0.1509498),(-0.3000000,-0.0217847,0.1510714),(-0.3000000,-0.0217176,0.1511769),(-0.3000000,-0.0218414,0.1509498),(-0.3000000,-0.0217176,0.1511769),(-0.3000000,-0.0216402,0.1512662),(-0.3000000,-0.0218414,0.1509498),(-0.3000000,-0.0216402,0.1512662),(-0.3000000,-0.0215607,0.1513357),(-0.3000000,-0.0218414,0.1509498),(-0.3000000,-0.0215607,0.1513357),(-0.3000000,-0.0214789,0.1513959),(-0.3000000,-0.0218414,0.1509498),(-0.3000000,-0.0214789,0.1513959),(-0.3000000,-0.0213947,0.1514468),(-0.3000000,-0.0218414,0.1509498),(-0.3000000,-0.0213947,0.1514468),(-0.3000000,-0.0213082,0.1514885),(-0.3000000,-0.0218414,0.1509498),(-0.3000000,-0.0213082,0.1514885),(-0.3000000,-0.0212193,0.1515209),(-0.3000000,-0.0218414,0.1509498),(-0.3000000,-0.0212193,0.1515209),(-0.3000000,-0.0211281,0.1515440),(-0.3000000,-0.0218414,0.1509498),(-0.3000000,-0.0211281,0.1515440),(-0.3000000,-0.0210345,0.1515579),(-0.3000000,-0.0218414,0.1509498),(-0.3000000,-0.0210345,0.1515579),(-0.3000000,-0.0209385,0.1515626),(-0.3000000,-0.0218414,0.1509498),(-0.3000000,-0.0209385,0.1515626),(-0.3000000,-0.0208532,0.1515593),(-0.3000000,-0.0218414,0.1509498),(-0.3000000,-0.0208532,0.1515593),(-0.3000000,-0.0207709,0.1515495),(-0.3000000,-0.0218414,0.1509498),(-0.3000000,-0.0207709,0.1515495),(-0.3000000,-0.0206914,0.1515332),(-0.3000000,-0.0218414,0.1509498),(-0.3000000,-0.0206914,0.1515332),(-0.3000000,-0.0206150,0.1515104),(-0.3000000,-0.0218414,0.1509498),(-0.3000000,-0.0206150,0.1515104),(-0.3000000,-0.0204708,0.1514453),(-0.3000000,-0.0218414,0.1509498),(-0.3000000,-0.0204708,0.1514453),(-0.3000000,-0.0203385,0.1513541),(-0.3000000,-0.0203808,0.1525320),(-0.3000000,-0.0216561,0.1525320),(-0.3000000,-0.0217376,0.1525479),(-0.3000000,-0.0203808,0.1525320),(-0.3000000,-0.0217376,0.1525479),(-0.3000000,-0.0218064,0.1525955),(-0.3000000,-0.0203808,0.1525320),(-0.3000000,-0.0218064,0.1525955),(-0.3000000,-0.0218532,0.1526648),(-0.3000000,-0.0203808,0.1525320),(-0.3000000,-0.0218532,0.1526648),(-0.3000000,-0.0218688,0.1527458),(-0.3000000,-0.0203808,0.1525320),(-0.3000000,-0.0218688,0.1527458),(-0.3000000,-0.0218532,0.1528265),(-0.3000000,-0.0203808,0.1525320),(-0.3000000,-0.0218532,0.1528265),(-0.3000000,-0.0218064,0.1528950),(-0.3000000,-0.0203808,0.1525320),(-0.3000000,-0.0218064,0.1528950),(-0.3000000,-0.0217376,0.1529426),(-0.3000000,-0.0203808,0.1525320),(-0.3000000,-0.0217376,0.1529426),(-0.3000000,-0.0216561,0.1529585),(-0.3000000,-0.0203808,0.1525320),(-0.3000000,-0.0216561,0.1529585),(-0.3000000,-0.0201840,0.1529585),(-0.3000000,-0.0203385,0.1513541),(-0.3000000,-0.0203808,0.1525320),(-0.3000000,-0.0201840,0.1529585),(-0.3000000,-0.0203385,0.1513541),(-0.3000000,-0.0201840,0.1529585),(-0.3000000,-0.0201035,0.1529445),(-0.3000000,-0.0203385,0.1513541),(-0.3000000,-0.0201035,0.1529445),(-0.3000000,-0.0200337,0.1529024),(-0.3000000,-0.0203385,0.1513541),(-0.3000000,-0.0200337,0.1529024),(-0.3000000,-0.0199860,0.1528373),(-0.3000000,-0.0203385,0.1513541),(-0.3000000,-0.0199860,0.1528373),(-0.3000000,-0.0199702,0.1527585),(-0.3000000,-0.0203385,0.1513541),(-0.3000000,-0.0199702,0.1527585),(-0.3000000,-0.0198897,0.1506937),(-0.3000000,-0.0203385,0.1513541),(-0.3000000,-0.0198897,0.1506937),(-0.3000000,-0.0199030,0.1506143),(-0.3000000,-0.0203385,0.1513541),(-0.3000000,-0.0199030,0.1506143),(-0.3000000,-0.0199427,0.1505434),(-0.3000000,-0.0203385,0.1513541),(-0.3000000,-0.0199427,0.1505434),(-0.3000000,-0.0200077,0.1504894),(-0.3000000,-0.0203385,0.1513541),(-0.3000000,-0.0200077,0.1504894),(-0.3000000,-0.0200908,0.1504714),(-0.3000000,-0.0203385,0.1513541),(-0.3000000,-0.0200908,0.1504714),(-0.3000000,-0.0201720,0.1504849),(-0.3000000,-0.0203385,0.1513541),(-0.3000000,-0.0201720,0.1504849),(-0.3000000,-0.0202443,0.1505254),(-0.3000000,-0.0203385,0.1513541),(-0.3000000,-0.0202443,0.1505254),(-0.3000000,-0.0203067,0.1506270),(-0.3000000,-0.0203385,0.1513541),(-0.3000000,-0.0203067,0.1506270),(-0.3000000,-0.0203407,0.1507121),(-0.3000000,-0.0203385,0.1513541),(-0.3000000,-0.0203407,0.1507121),(-0.3000000,-0.0203898,0.1507961),(-0.3000000,-0.0203385,0.1513541),(-0.3000000,-0.0203898,0.1507961),(-0.3000000,-0.0204540,0.1508788),(-0.3000000,-0.0203385,0.1513541),(-0.3000000,-0.0204540,0.1508788),(-0.3000000,-0.0205332,0.1509604),(-0.3000000,-0.0203385,0.1513541),(-0.3000000,-0.0205332,0.1509604),(-0.3000000,-0.0206288,0.1510382),(-0.3000000,-0.0203385,0.1513541),(-0.3000000,-0.0206288,0.1510382),(-0.3000000,-0.0207282,0.1510937),(-0.3000000,-0.0203385,0.1513541),(-0.3000000,-0.0207282,0.1510937),(-0.3000000,-0.0208315,0.1511271),(-0.3000000,-0.0203385,0.1513541),(-0.3000000,-0.0208315,0.1511271),(-0.3000000,-0.0209385,0.1511382),(-0.3000000,-0.0203385,0.1513541),(-0.3000000,-0.0209385,0.1511382),(-0.3000000,-0.0210450,0.1511271),(-0.3000000,-0.0218414,0.1509498),(-0.3000000,-0.0203385,0.1513541),(-0.3000000,-0.0210450,0.1511271),(-0.3000000,-0.0218414,0.1509498),(-0.3000000,-0.0210450,0.1511271),(-0.3000000,-0.0211476,0.1510937),(-0.3000000,-0.0218414,0.1509498),(-0.3000000,-0.0211476,0.1510937),(-0.3000000,-0.0212461,0.1510382),(-0.3000000,-0.0218414,0.1509498),(-0.3000000,-0.0212461,0.1510382),(-0.3000000,-0.0213407,0.1509604),(-0.3000000,-0.0218414,0.1509498),(-0.3000000,-0.0213407,0.1509604),(-0.3000000,-0.0214310,0.1508318),(-0.3000000,-0.0218414,0.1509498),(-0.3000000,-0.0214310,0.1508318),(-0.3000000,-0.0214665,0.1507457),(-0.3000000,-0.0218414,0.1509498),(-0.3000000,-0.0214665,0.1507457),(-0.3000000,-0.0214955,0.1506450),(-0.3000000,-0.0218414,0.1509498),(-0.3000000,-0.0214955,0.1506450),(-0.3000000,-0.0215181,0.1505298),(-0.3000000,-0.0218414,0.1509498),(-0.3000000,-0.0215181,0.1505298),(-0.3000000,-0.0215342,0.1504000),(-0.3000000,-0.0218414,0.1509498),(-0.3000000,-0.0215342,0.1504000),(-0.3000000,-0.0215439,0.1502557),(-0.3000000,-0.0218414,0.1509498),(-0.3000000,-0.0215439,0.1502557),(-0.3000000,-0.0215471,0.1500968),(-0.3000000,-0.0218414,0.1509498),(-0.3000000,-0.0215471,0.1500968),(-0.3000000,-0.0215436,0.1500053),(-0.3000000,-0.0218414,0.1509498),(-0.3000000,-0.0215436,0.1500053),(-0.3000000,-0.0215333,0.1499188),(-0.3000000,-0.0218414,0.1509498),(-0.3000000,-0.0215333,0.1499188),(-0.3000000,-0.0215161,0.1498373),(-0.3000000,-0.0213058,0.1489816),(-0.3000000,-0.0218414,0.1509498),(-0.3000000,-0.0215161,0.1498373),(-0.3000000,-0.0213058,0.1489816),(-0.3000000,-0.0215161,0.1498373),(-0.3000000,-0.0214921,0.1497608),(-0.3000000,-0.0213058,0.1489816),(-0.3000000,-0.0214921,0.1497608),(-0.3000000,-0.0214233,0.1496225),(-0.3000000,-0.0213058,0.1489816),(-0.3000000,-0.0214233,0.1496225),(-0.3000000,-0.0213270,0.1495041),(-0.3000000,-0.0213058,0.1489816),(-0.3000000,-0.0213270,0.1495041),(-0.3000000,-0.0212357,0.1494282),(-0.3000000,-0.0213058,0.1489816),(-0.3000000,-0.0212357,0.1494282),(-0.3000000,-0.0211396,0.1493739),(-0.3000000,-0.0213058,0.1489816),(-0.3000000,-0.0211396,0.1493739),(-0.3000000,-0.0210388,0.1493414),(-0.3000000,-0.0213058,0.1489816),(-0.3000000,-0.0210388,0.1493414),(-0.3000000,-0.0209333,0.1493305),(-0.3000000,-0.0213058,0.1489816),(-0.3000000,-0.0209333,0.1493305),(-0.3000000,-0.0208307,0.1493418),(-0.3000000,-0.0213058,0.1489816),(-0.3000000,-0.0208307,0.1493418),(-0.3000000,-0.0207282,0.1493755),(-0.3000000,-0.0213058,0.1489816),(-0.3000000,-0.0207282,0.1493755),(-0.3000000,-0.0206259,0.1494317),(-0.3000000,-0.0199289,0.1498258),(-0.3000000,-0.0213058,0.1489816),(-0.3000000,-0.0206259,0.1494317),(-0.3000000,-0.0199289,0.1498258),(-0.3000000,-0.0206259,0.1494317),(-0.3000000,-0.0205237,0.1495105),(-0.3000000,-0.0199289,0.1498258),(-0.3000000,-0.0205237,0.1495105),(-0.3000000,-0.0204215,0.1496533),(-0.3000000,-0.0199289,0.1498258),(-0.3000000,-0.0204215,0.1496533),(-0.3000000,-0.0203820,0.1497533),(-0.3000000,-0.0199289,0.1498258),(-0.3000000,-0.0203820,0.1497533),(-0.3000000,-0.0203501,0.1498724),(-0.3000000,-0.0199289,0.1498258),(-0.3000000,-0.0203501,0.1498724),(-0.3000000,-0.0203061,0.1499451),(-0.3000000,-0.0199289,0.1498258),(-0.3000000,-0.0203061,0.1499451),(-0.3000000,-0.0202575,0.1499970),(-0.3000000,-0.0199289,0.1498258),(-0.3000000,-0.0202575,0.1499970),(-0.3000000,-0.0201469,0.1500386),(-0.3000000,-0.0199289,0.1498258),(-0.3000000,-0.0201469,0.1500386),(-0.3000000,-0.0201395,0.1500386),(-0.3000000,-0.0199289,0.1498258),(-0.3000000,-0.0201395,0.1500386),(-0.3000000,-0.0200656,0.1500229),(-0.3000000,-0.0199289,0.1498258),(-0.3000000,-0.0200656,0.1500229),(-0.3000000,-0.0200059,0.1499822),(-0.3000000,-0.0178143,0.1493305),(-0.3000000,-0.0189859,0.1509212),(-0.3000000,-0.0190504,0.1510150),(-0.3000000,-0.0178143,0.1493305),(-0.3000000,-0.0190504,0.1510150),(-0.3000000,-0.0191063,0.1511126),(-0.3000000,-0.0178143,0.1493305),(-0.3000000,-0.0191063,0.1511126),(-0.3000000,-0.0191536,0.1512141),(-0.3000000,-0.0178143,0.1493305),(-0.3000000,-0.0191536,0.1512141),(-0.3000000,-0.0191923,0.1513194),(-0.3000000,-0.0178143,0.1493305),(-0.3000000,-0.0191923,0.1513194),(-0.3000000,-0.0192224,0.1514286),(-0.3000000,-0.0178143,0.1493305),(-0.3000000,-0.0192224,0.1514286),(-0.3000000,-0.0192439,0.1515417),(-0.3000000,-0.0178143,0.1493305),(-0.3000000,-0.0192439,0.1515417),(-0.3000000,-0.0192568,0.1516587),(-0.3000000,-0.0178143,0.1493305),(-0.3000000,-0.0192568,0.1516587),(-0.3000000,-0.0192611,0.1517795),(-0.3000000,-0.0178143,0.1493305),(-0.3000000,-0.0192611,0.1517795),(-0.3000000,-0.0192560,0.1519045),(-0.3000000,-0.0178143,0.1493305),(-0.3000000,-0.0192560,0.1519045),(-0.3000000,-0.0192406,0.1520249),(-0.3000000,-0.0178143,0.1493305),(-0.3000000,-0.0192406,0.1520249),(-0.3000000,-0.0192149,0.1521406),(-0.3000000,-0.0178143,0.1493305),(-0.3000000,-0.0192149,0.1521406),(-0.3000000,-0.0191791,0.1522518),(-0.3000000,-0.0191791,0.1522518),(-0.3000000,-0.0191329,0.1523584),(-0.3000000,-0.0190765,0.1524604),(-0.3000000,-0.0191791,0.1522518),(-0.3000000,-0.0190765,0.1524604),(-0.3000000,-0.0190099,0.1525577),(-0.3000000,-0.0191791,0.1522518),(-0.3000000,-0.0190099,0.1525577),(-0.3000000,-0.0189330,0.1526505),(-0.3000000,-0.0191791,0.1522518),(-0.3000000,-0.0189330,0.1526505),(-0.3000000,-0.0188601,0.1527237),(-0.3000000,-0.0191791,0.1522518),(-0.3000000,-0.0188601,0.1527237),(-0.3000000,-0.0187827,0.1527871),(-0.3000000,-0.0191791,0.1522518),(-0.3000000,-0.0187827,0.1527871),(-0.3000000,-0.0187008,0.1528408),(-0.3000000,-0.0191791,0.1522518),(-0.3000000,-0.0187008,0.1528408),(-0.3000000,-0.0186144,0.1528847),(-0.3000000,-0.0191791,0.1522518),(-0.3000000,-0.0186144,0.1528847),(-0.3000000,-0.0185236,0.1529188),(-0.3000000,-0.0191791,0.1522518),(-0.3000000,-0.0185236,0.1529188),(-0.3000000,-0.0184282,0.1529432),(-0.3000000,-0.0191791,0.1522518),(-0.3000000,-0.0184282,0.1529432),(-0.3000000,-0.0183283,0.1529579),(-0.3000000,-0.0191791,0.1522518),(-0.3000000,-0.0183283,0.1529579),(-0.3000000,-0.0182239,0.1529627),(-0.3000000,-0.0191791,0.1522518),(-0.3000000,-0.0182239,0.1529627),(-0.3000000,-0.0181254,0.1529580),(-0.3000000,-0.0191791,0.1522518),(-0.3000000,-0.0181254,0.1529580),(-0.3000000,-0.0180299,0.1529436),(-0.3000000,-0.0191791,0.1522518),(-0.3000000,-0.0180299,0.1529436),(-0.3000000,-0.0179374,0.1529197),(-0.3000000,-0.0191791,0.1522518),(-0.3000000,-0.0179374,0.1529197),(-0.3000000,-0.0178479,0.1528863),(-0.3000000,-0.0191791,0.1522518),(-0.3000000,-0.0178479,0.1528863),(-0.3000000,-0.0177615,0.1528433),(-0.3000000,-0.0191791,0.1522518),(-0.3000000,-0.0177615,0.1528433),(-0.3000000,-0.0176780,0.1527907),(-0.3000000,-0.0176780,0.1527907),(-0.3000000,-0.0175976,0.1527286),(-0.3000000,-0.0175201,0.1526569),(-0.3000000,-0.0176780,0.1527907),(-0.3000000,-0.0175201,0.1526569),(-0.3000000,-0.0174410,0.1525704),(-0.3000000,-0.0176780,0.1527907),(-0.3000000,-0.0174410,0.1525704),(-0.3000000,-0.0173724,0.1524775),(-0.3000000,-0.0176780,0.1527907),(-0.3000000,-0.0173724,0.1524775),(-0.3000000,-0.0173144,0.1523783),(-0.3000000,-0.0176780,0.1527907),(-0.3000000,-0.0173144,0.1523783),(-0.3000000,-0.0172669,0.1522727),(-0.3000000,-0.0176780,0.1527907),(-0.3000000,-0.0172669,0.1522727),(-0.3000000,-0.0172300,0.1521608),(-0.3000000,-0.0176780,0.1527907),(-0.3000000,-0.0172300,0.1521608),(-0.3000000,-0.0172036,0.1520425),(-0.3000000,-0.0176780,0.1527907),(-0.3000000,-0.0172036,0.1520425),(-0.3000000,-0.0171878,0.1519179),(-0.3000000,-0.0176780,0.1527907),(-0.3000000,-0.0171878,0.1519179),(-0.3000000,-0.0171825,0.1517869),(-0.3000000,-0.0176780,0.1527907),(-0.3000000,-0.0171825,0.1517869),(-0.3000000,-0.0171825,0.1517816),(-0.3000000,-0.0176780,0.1527907),(-0.3000000,-0.0171825,0.1517816),(-0.3000000,-0.0171981,0.1517002),(-0.3000000,-0.0176780,0.1527907),(-0.3000000,-0.0171981,0.1517002),(-0.3000000,-0.0172450,0.1516314),(-0.3000000,-0.0176780,0.1527907),(-0.3000000,-0.0172450,0.1516314),(-0.3000000,-0.0173138,0.1515845),(-0.3000000,-0.0176780,0.1527907),(-0.3000000,-0.0173138,0.1515845),(-0.3000000,-0.0173952,0.1515689),(-0.3000000,-0.0176780,0.1527907),(-0.3000000,-0.0173952,0.1515689),(-0.3000000,-0.0174767,0.1515845),(-0.3000000,-0.0176780,0.1527907),(-0.3000000,-0.0174767,0.1515845),(-0.3000000,-0.0175455,0.1516314),(-0.3000000,-0.0176780,0.1527907),(-0.3000000,-0.0175455,0.1516314),(-0.3000000,-0.0175932,0.1517002),(-0.3000000,-0.0175932,0.1517002),(-0.3000000,-0.0176090,0.1517816),(-0.3000000,-0.0176090,0.1517869),(-0.3000000,-0.0175932,0.1517002),(-0.3000000,-0.0176090,0.1517869),(-0.3000000,-0.0176124,0.1518739),(-0.3000000,-0.0176780,0.1527907),(-0.3000000,-0.0175932,0.1517002),(-0.3000000,-0.0176124,0.1518739),(-0.3000000,-0.0176780,0.1527907),(-0.3000000,-0.0176124,0.1518739),(-0.3000000,-0.0176223,0.1519563),(-0.3000000,-0.0176780,0.1527907),(-0.3000000,-0.0176223,0.1519563),(-0.3000000,-0.0176389,0.1520342),(-0.3000000,-0.0176780,0.1527907),(-0.3000000,-0.0176389,0.1520342),(-0.3000000,-0.0176622,0.1521076),(-0.3000000,-0.0176780,0.1527907),(-0.3000000,-0.0176622,0.1521076),(-0.3000000,-0.0177287,0.1522410),(-0.3000000,-0.0176780,0.1527907),(-0.3000000,-0.0177287,0.1522410),(-0.3000000,-0.0178218,0.1523563),(-0.3000000,-0.0176780,0.1527907),(-0.3000000,-0.0178218,0.1523563),(-0.3000000,-0.0179126,0.1524350),(-0.3000000,-0.0176780,0.1527907),(-0.3000000,-0.0179126,0.1524350),(-0.3000000,-0.0180096,0.1524913),(-0.3000000,-0.0176780,0.1527907),(-0.3000000,-0.0180096,0.1524913),(-0.3000000,-0.0181127,0.1525250),(-0.3000000,-0.0176780,0.1527907),(-0.3000000,-0.0181127,0.1525250),(-0.3000000,-0.0182218,0.1525362),(-0.3000000,-0.0176780,0.1527907),(-0.3000000,-0.0182218,0.1525362),(-0.3000000,-0.0183350,0.1525254),(-0.3000000,-0.0176780,0.1527907),(-0.3000000,-0.0183350,0.1525254),(-0.3000000,-0.0184388,0.1524928),(-0.3000000,-0.0191791,0.1522518),(-0.3000000,-0.0176780,0.1527907),(-0.3000000,-0.0184388,0.1524928),(-0.3000000,-0.0191791,0.1522518),(-0.3000000,-0.0184388,0.1524928),(-0.3000000,-0.0185330,0.1524386),(-0.3000000,-0.0191791,0.1522518),(-0.3000000,-0.0185330,0.1524386),(-0.3000000,-0.0186176,0.1523627),(-0.3000000,-0.0191791,0.1522518),(-0.3000000,-0.0186176,0.1523627),(-0.3000000,-0.0186692,0.1523015),(-0.3000000,-0.0191791,0.1522518),(-0.3000000,-0.0186692,0.1523015),(-0.3000000,-0.0187139,0.1522371),(-0.3000000,-0.0191791,0.1522518),(-0.3000000,-0.0187139,0.1522371),(-0.3000000,-0.0187827,0.1520983),(-0.3000000,-0.0191791,0.1522518),(-0.3000000,-0.0187827,0.1520983),(-0.3000000,-0.0188240,0.1519465),(-0.3000000,-0.0191791,0.1522518),(-0.3000000,-0.0188240,0.1519465),(-0.3000000,-0.0188343,0.1518657),(-0.3000000,-0.0191791,0.1522518),(-0.3000000,-0.0188343,0.1518657),(-0.3000000,-0.0188378,0.1517816),(-0.3000000,-0.0191791,0.1522518),(-0.3000000,-0.0188378,0.1517816),(-0.3000000,-0.0188348,0.1516949),(-0.3000000,-0.0191791,0.1522518),(-0.3000000,-0.0188348,0.1516949),(-0.3000000,-0.0188260,0.1516115),(-0.3000000,-0.0191791,0.1522518),(-0.3000000,-0.0188260,0.1516115),(-0.3000000,-0.0188114,0.1515314),(-0.3000000,-0.0191791,0.1522518),(-0.3000000,-0.0188114,0.1515314),(-0.3000000,-0.0187909,0.1514546),(-0.3000000,-0.0191791,0.1522518),(-0.3000000,-0.0187909,0.1514546),(-0.3000000,-0.0187324,0.1513109),(-0.3000000,-0.0178143,0.1493305),(-0.3000000,-0.0191791,0.1522518),(-0.3000000,-0.0187324,0.1513109),(-0.3000000,-0.0178143,0.1493305),(-0.3000000,-0.0187324,0.1513109),(-0.3000000,-0.0186504,0.1511805),(-0.3000000,-0.0178143,0.1493305),(-0.3000000,-0.0186504,0.1511805),(-0.3000000,-0.0172270,0.1492469),(-0.3000000,-0.0190505,0.1493305),(-0.3000000,-0.0178143,0.1493305),(-0.3000000,-0.0172270,0.1492469),(-0.3000000,-0.0190505,0.1493305),(-0.3000000,-0.0172270,0.1492469),(-0.3000000,-0.0171804,0.1491221),(-0.3000000,-0.0190505,0.1493305),(-0.3000000,-0.0171804,0.1491221),(-0.3000000,-0.0171825,0.1490871),(-0.3000000,-0.0190505,0.1493305),(-0.3000000,-0.0171825,0.1490871),(-0.3000000,-0.0172090,0.1490085),(-0.3000000,-0.0190505,0.1493305),(-0.3000000,-0.0172090,0.1490085),(-0.3000000,-0.0172608,0.1489527),(-0.3000000,-0.0190505,0.1493305),(-0.3000000,-0.0172608,0.1489527),(-0.3000000,-0.0173294,0.1489178),(-0.3000000,-0.0190505,0.1493305),(-0.3000000,-0.0173294,0.1489178),(-0.3000000,-0.0173952,0.1489062),(-0.3000000,-0.0190505,0.1493305),(-0.3000000,-0.0173952,0.1489062),(-0.3000000,-0.0190505,0.1489062),(-0.3000000,-0.0190505,0.1493305),(-0.3000000,-0.0190505,0.1489062),(-0.3000000,-0.0191338,0.1489212),(-0.3000000,-0.0190505,0.1493305),(-0.3000000,-0.0191338,0.1489212),(-0.3000000,-0.0192018,0.1489665),(-0.3000000,-0.0190505,0.1493305),(-0.3000000,-0.0192018,0.1489665),(-0.3000000,-0.0192463,0.1490345),(-0.3000000,-0.0190505,0.1493305),(-0.3000000,-0.0192463,0.1490345),(-0.3000000,-0.0192611,0.1491178),(-0.3000000,-0.0190505,0.1493305),(-0.3000000,-0.0192611,0.1491178),(-0.3000000,-0.0192463,0.1492020),(-0.3000000,-0.0190505,0.1493305),(-0.3000000,-0.0192463,0.1492020),(-0.3000000,-0.0192018,0.1492702),(-0.3000000,-0.0190505,0.1493305),(-0.3000000,-0.0192018,0.1492702),(-0.3000000,-0.0191359,0.1493155),(-0.3000000,-0.0134201,0.1489366),(-0.3000000,-0.0134932,0.1488300),(-0.3000000,-0.0135998,0.1487569),(-0.3000000,-0.0134201,0.1489366),(-0.3000000,-0.0135998,0.1487569),(-0.3000000,-0.0137249,0.1487326),(-0.3000000,-0.0134201,0.1489366),(-0.3000000,-0.0137249,0.1487326),(-0.3000000,-0.0138498,0.1487569),(-0.3000000,-0.0134201,0.1489366),(-0.3000000,-0.0138498,0.1487569),(-0.3000000,-0.0139557,0.1488300),(-0.3000000,-0.0134201,0.1489366),(-0.3000000,-0.0139557,0.1488300),(-0.3000000,-0.0140287,0.1489366),(-0.3000000,-0.0134201,0.1489366),(-0.3000000,-0.0140287,0.1489366),(-0.3000000,-0.0140530,0.1490617),(-0.3000000,-0.0134201,0.1489366),(-0.3000000,-0.0140530,0.1490617),(-0.3000000,-0.0140287,0.1491869),(-0.3000000,-0.0134201,0.1489366),(-0.3000000,-0.0140287,0.1491869),(-0.3000000,-0.0139557,0.1492935),(-0.3000000,-0.0134201,0.1489366),(-0.3000000,-0.0139557,0.1492935),(-0.3000000,-0.0138498,0.1493665),(-0.3000000,-0.0134201,0.1489366),(-0.3000000,-0.0138498,0.1493665),(-0.3000000,-0.0137249,0.1493909),(-0.3000000,-0.0134201,0.1489366),(-0.3000000,-0.0137249,0.1493909),(-0.3000000,-0.0135998,0.1493665),(-0.3000000,-0.0134201,0.1489366),(-0.3000000,-0.0135998,0.1493665),(-0.3000000,-0.0134932,0.1492935),(-0.3000000,-0.0134201,0.1489366),(-0.3000000,-0.0134932,0.1492935),(-0.3000000,-0.0134201,0.1491869),(-0.3000000,-0.0134201,0.1489366),(-0.3000000,-0.0134201,0.1491869),(-0.3000000,-0.0133958,0.1490617),(-0.3000000,-0.0323581,0.1506889),(-0.3000000,-0.0337403,0.1488993),(-0.3000000,-0.0338126,0.1488374),(-0.3000000,-0.0323581,0.1506889),(-0.3000000,-0.0338126,0.1488374),(-0.3000000,-0.0339044,0.1488167),(-0.3000000,-0.0323581,0.1506889),(-0.3000000,-0.0339044,0.1488167),(-0.3000000,-0.0340367,0.1488622),(-0.3000000,-0.0323581,0.1506889),(-0.3000000,-0.0340367,0.1488622),(-0.3000000,-0.0341010,0.1489358),(-0.3000000,-0.0323581,0.1506889),(-0.3000000,-0.0341010,0.1489358),(-0.3000000,-0.0341224,0.1490316),(-0.3000000,-0.0323581,0.1506889),(-0.3000000,-0.0341224,0.1490316),(-0.3000000,-0.0340779,0.1491639),(-0.3000000,-0.0323581,0.1506889),(-0.3000000,-0.0340779,0.1491639),(-0.3000000,-0.0329021,0.1506889),(-0.3000000,-0.0329021,0.1506889),(-0.3000000,-0.0329879,0.1506889),(-0.3000000,-0.0331071,0.1506940),(-0.3000000,-0.0323581,0.1506889),(-0.3000000,-0.0329021,0.1506889),(-0.3000000,-0.0331071,0.1506940),(-0.3000000,-0.0314945,0.1506889),(-0.3000000,-0.0323581,0.1506889),(-0.3000000,-0.0331071,0.1506940),(-0.3000000,-0.0314945,0.1506889),(-0.3000000,-0.0331071,0.1506940),(-0.3000000,-0.0332209,0.1507094),(-0.3000000,-0.0314945,0.1506889),(-0.3000000,-0.0332209,0.1507094),(-0.3000000,-0.0333292,0.1507349),(-0.3000000,-0.0314945,0.1506889),(-0.3000000,-0.0333292,0.1507349),(-0.3000000,-0.0334321,0.1507707),(-0.3000000,-0.0314945,0.1506889),(-0.3000000,-0.0334321,0.1507707),(-0.3000000,-0.0335295,0.1508167),(-0.3000000,-0.0314945,0.1506889),(-0.3000000,-0.0335295,0.1508167),(-0.3000000,-0.0336215,0.1508729),(-0.3000000,-0.0314945,0.1506889),(-0.3000000,-0.0336215,0.1508729),(-0.3000000,-0.0337080,0.1509393),(-0.3000000,-0.0314945,0.1506889),(-0.3000000,-0.0337080,0.1509393),(-0.3000000,-0.0337890,0.1510159),(-0.3000000,-0.0314945,0.1506889),(-0.3000000,-0.0337890,0.1510159),(-0.3000000,-0.0338654,0.1511057),(-0.3000000,-0.0314945,0.1506889),(-0.3000000,-0.0338654,0.1511057),(-0.3000000,-0.0339316,0.1511981),(-0.3000000,-0.0314945,0.1506889),(-0.3000000,-0.0339316,0.1511981),(-0.3000000,-0.0339876,0.1512933),(-0.3000000,-0.0339876,0.1512933),(-0.3000000,-0.0340335,0.1513911),(-0.3000000,-0.0336379,0.1515403),(-0.3000000,-0.0339876,0.1512933),(-0.3000000,-0.0336379,0.1515403),(-0.3000000,-0.0335734,0.1514227),(-0.3000000,-0.0339876,0.1512933),(-0.3000000,-0.0335734,0.1514227),(-0.3000000,-0.0334832,0.1513165),(-0.3000000,-0.0339876,0.1512933),(-0.3000000,-0.0334832,0.1513165),(-0.3000000,-0.0333732,0.1512285),(-0.3000000,-0.0339876,0.1512933),(-0.3000000,-0.0333732,0.1512285),(-0.3000000,-0.0332540,0.1511657),(-0.3000000,-0.0339876,0.1512933),(-0.3000000,-0.0332540,0.1511657),(-0.3000000,-0.0331256,0.1511280),(-0.3000000,-0.0314945,0.1506889),(-0.3000000,-0.0339876,0.1512933),(-0.3000000,-0.0331256,0.1511280),(-0.3000000,-0.0314945,0.1506889),(-0.3000000,-0.0331256,0.1511280),(-0.3000000,-0.0329879,0.1511154),(-0.3000000,-0.0314945,0.1506889),(-0.3000000,-0.0329879,0.1511154),(-0.3000000,-0.0314945,0.1511154),(-0.3000000,-0.0336766,0.1516693),(-0.3000000,-0.0336379,0.1515403),(-0.3000000,-0.0340335,0.1513911),(-0.3000000,-0.0336895,0.1518097),(-0.3000000,-0.0336766,0.1516693),(-0.3000000,-0.0340335,0.1513911),(-0.3000000,-0.0336766,0.1519487),(-0.3000000,-0.0336895,0.1518097),(-0.3000000,-0.0340335,0.1513911),(-0.3000000,-0.0336379,0.1520769),(-0.3000000,-0.0336766,0.1519487),(-0.3000000,-0.0340335,0.1513911),(-0.3000000,-0.0335734,0.1521943),(-0.3000000,-0.0336379,0.1520769),(-0.3000000,-0.0340335,0.1513911),(-0.3000000,-0.0335734,0.1521943),(-0.3000000,-0.0340335,0.1513911),(-0.3000000,-0.0340691,0.1514917),(-0.3000000,-0.0335734,0.1521943),(-0.3000000,-0.0340691,0.1514917),(-0.3000000,-0.0340946,0.1515950),(-0.3000000,-0.0334832,0.1523008),(-0.3000000,-0.0335734,0.1521943),(-0.3000000,-0.0340946,0.1515950),(-0.3000000,-0.0334832,0.1523008),(-0.3000000,-0.0340946,0.1515950),(-0.3000000,-0.0341099,0.1517010),(-0.3000000,-0.0334832,0.1523008),(-0.3000000,-0.0341099,0.1517010),(-0.3000000,-0.0341150,0.1518097),(-0.3000000,-0.0333760,0.1523887),(-0.3000000,-0.0334832,0.1523008),(-0.3000000,-0.0341150,0.1518097),(-0.3000000,-0.0333760,0.1523887),(-0.3000000,-0.0341150,0.1518097),(-0.3000000,-0.0341099,0.1519223),(-0.3000000,-0.0333760,0.1523887),(-0.3000000,-0.0341099,0.1519223),(-0.3000000,-0.0340946,0.1520310),(-0.3000000,-0.0332588,0.1524516),(-0.3000000,-0.0333760,0.1523887),(-0.3000000,-0.0340946,0.1520310),(-0.3000000,-0.0332588,0.1524516),(-0.3000000,-0.0340946,0.1520310),(-0.3000000,-0.0340691,0.1521358),(-0.3000000,-0.0332588,0.1524516),(-0.3000000,-0.0340691,0.1521358),(-0.3000000,-0.0340335,0.1522367),(-0.3000000,-0.0331315,0.1524893),(-0.3000000,-0.0332588,0.1524516),(-0.3000000,-0.0340335,0.1522367),(-0.3000000,-0.0331315,0.1524893),(-0.3000000,-0.0340335,0.1522367),(-0.3000000,-0.0339876,0.1523337),(-0.3000000,-0.0331315,0.1524893),(-0.3000000,-0.0339876,0.1523337),(-0.3000000,-0.0339316,0.1524268),(-0.3000000,-0.0329942,0.1525018),(-0.3000000,-0.0331315,0.1524893),(-0.3000000,-0.0339316,0.1524268),(-0.3000000,-0.0329942,0.1525018),(-0.3000000,-0.0339316,0.1524268),(-0.3000000,-0.0338654,0.1525160),(-0.3000000,-0.0314945,0.1525018),(-0.3000000,-0.0329942,0.1525018),(-0.3000000,-0.0338654,0.1525160),(-0.3000000,-0.0314945,0.1525018),(-0.3000000,-0.0338654,0.1525160),(-0.3000000,-0.0337890,0.1526013),(-0.3000000,-0.0314945,0.1525018),(-0.3000000,-0.0337890,0.1526013),(-0.3000000,-0.0337019,0.1526795),(-0.3000000,-0.0314945,0.1525018),(-0.3000000,-0.0337019,0.1526795),(-0.3000000,-0.0336111,0.1527472),(-0.3000000,-0.0314945,0.1525018),(-0.3000000,-0.0336111,0.1527472),(-0.3000000,-0.0335166,0.1528045),(-0.3000000,-0.0314945,0.1525018),(-0.3000000,-0.0335166,0.1528045),(-0.3000000,-0.0334183,0.1528514),(-0.3000000,-0.0314945,0.1525018),(-0.3000000,-0.0334183,0.1528514),(-0.3000000,-0.0333163,0.1528878),(-0.3000000,-0.0314945,0.1525018),(-0.3000000,-0.0333163,0.1528878),(-0.3000000,-0.0332106,0.1529139),(-0.3000000,-0.0314945,0.1525018),(-0.3000000,-0.0332106,0.1529139),(-0.3000000,-0.0331011,0.1529295),(-0.3000000,-0.0314945,0.1525018),(-0.3000000,-0.0331011,0.1529295),(-0.3000000,-0.0329879,0.1529347),(-0.3000000,-0.0314945,0.1525018),(-0.3000000,-0.0329879,0.1529347),(-0.3000000,-0.0312818,0.1529347),(-0.3000000,-0.0314945,0.1511154),(-0.3000000,-0.0314945,0.1525018),(-0.3000000,-0.0312818,0.1529347),(-0.3000000,-0.0314945,0.1506889),(-0.3000000,-0.0314945,0.1511154),(-0.3000000,-0.0312818,0.1529347),(-0.3000000,-0.0314945,0.1506889),(-0.3000000,-0.0312818,0.1529347),(-0.3000000,-0.0311958,0.1529180),(-0.3000000,-0.0314945,0.1506889),(-0.3000000,-0.0311958,0.1529180),(-0.3000000,-0.0311241,0.1528680),(-0.3000000,-0.0314945,0.1506889),(-0.3000000,-0.0311241,0.1528680),(-0.3000000,-0.0310821,0.1527937),(-0.3000000,-0.0314945,0.1506889),(-0.3000000,-0.0310821,0.1527937),(-0.3000000,-0.0310680,0.1527146),(-0.3000000,-0.0314945,0.1506889),(-0.3000000,-0.0310680,0.1527146),(-0.3000000,-0.0310680,0.1490877),(-0.3000000,-0.0314945,0.1506889),(-0.3000000,-0.0310680,0.1490877),(-0.3000000,-0.0310909,0.1490043),(-0.3000000,-0.0314945,0.1506889),(-0.3000000,-0.0310909,0.1490043),(-0.3000000,-0.0311342,0.1489448),(-0.3000000,-0.0314945,0.1506889),(-0.3000000,-0.0311342,0.1489448),(-0.3000000,-0.0312818,0.1488972),(-0.3000000,-0.0314945,0.1506889),(-0.3000000,-0.0312818,0.1488972),(-0.3000000,-0.0313558,0.1489091),(-0.3000000,-0.0314945,0.1506889),(-0.3000000,-0.0313558,0.1489091),(-0.3000000,-0.0314160,0.1489448),(-0.3000000,-0.0314945,0.1506889),(-0.3000000,-0.0314160,0.1489448),(-0.3000000,-0.0314945,0.1490877),(-0.3000000,-0.0301060,0.1506942),(-0.3000000,-0.0301039,0.1490877),(-0.3000000,-0.0301200,0.1490056),(-0.3000000,-0.0301060,0.1506942),(-0.3000000,-0.0301200,0.1490056),(-0.3000000,-0.0301685,0.1489374),(-0.3000000,-0.0301060,0.1506942),(-0.3000000,-0.0301685,0.1489374),(-0.3000000,-0.0302372,0.1488913),(-0.3000000,-0.0301060,0.1506942),(-0.3000000,-0.0302372,0.1488913),(-0.3000000,-0.0303145,0.1488760),(-0.3000000,-0.0301060,0.1506942),(-0.3000000,-0.0303145,0.1488760),(-0.3000000,-0.0303973,0.1488913),(-0.3000000,-0.0301060,0.1506942),(-0.3000000,-0.0303973,0.1488913),(-0.3000000,-0.0304658,0.1489374),(-0.3000000,-0.0301060,0.1506942),(-0.3000000,-0.0304658,0.1489374),(-0.3000000,-0.0305119,0.1490056),(-0.3000000,-0.0301060,0.1506942),(-0.3000000,-0.0305119,0.1490056),(-0.3000000,-0.0305272,0.1490877),(-0.3000000,-0.0301060,0.1506942),(-0.3000000,-0.0305272,0.1490877),(-0.3000000,-0.0305272,0.1527146),(-0.3000000,-0.0301060,0.1506942),(-0.3000000,-0.0305272,0.1527146),(-0.3000000,-0.0305119,0.1527961),(-0.3000000,-0.0301060,0.1506942),(-0.3000000,-0.0305119,0.1527961),(-0.3000000,-0.0304658,0.1528648),(-0.3000000,-0.0301060,0.1506942),(-0.3000000,-0.0304658,0.1528648),(-0.3000000,-0.0303984,0.1529125),(-0.3000000,-0.0301060,0.1506942),(-0.3000000,-0.0303984,0.1529125),(-0.3000000,-0.0303187,0.1529283),(-0.3000000,-0.0301060,0.1506942),(-0.3000000,-0.0303187,0.1529283),(-0.3000000,-0.0302367,0.1529119),(-0.3000000,-0.0301060,0.1506942),(-0.3000000,-0.0302367,0.1529119),(-0.3000000,-0.0301663,0.1528627),(-0.3000000,-0.0301060,0.1506942),(-0.3000000,-0.0301663,0.1528627),(-0.3000000,-0.0301195,0.1527982),(-0.3000000,-0.0301060,0.1506942),(-0.3000000,-0.0301195,0.1527982),(-0.3000000,-0.0301039,0.1527146),(-0.3000000,-0.0301060,0.1506942),(-0.3000000,-0.0301039,0.1527146),(-0.3000000,-0.0301039,0.1511154),(-0.3000000,-0.0279047,0.1506942),(-0.3000000,-0.0301060,0.1506942),(-0.3000000,-0.0301039,0.1511154),(-0.3000000,-0.0279047,0.1506942),(-0.3000000,-0.0301039,0.1511154),(-0.3000000,-0.0279110,0.1511154),(-0.3000000,-0.0279047,0.1506942),(-0.3000000,-0.0279110,0.1511154),(-0.3000000,-0.0279110,0.1527146),(-0.3000000,-0.0279047,0.1506942),(-0.3000000,-0.0279110,0.1527146),(-0.3000000,-0.0278946,0.1527961),(-0.3000000,-0.0279047,0.1506942),(-0.3000000,-0.0278946,0.1527961),(-0.3000000,-0.0278454,0.1528648),(-0.3000000,-0.0279047,0.1506942),(-0.3000000,-0.0278454,0.1528648),(-0.3000000,-0.0277758,0.1529125),(-0.3000000,-0.0279047,0.1506942),(-0.3000000,-0.0277758,0.1529125),(-0.3000000,-0.0276983,0.1529283),(-0.3000000,-0.0279047,0.1506942),(-0.3000000,-0.0276983,0.1529283),(-0.3000000,-0.0276160,0.1529125),(-0.3000000,-0.0279047,0.1506942),(-0.3000000,-0.0276160,0.1529125),(-0.3000000,-0.0275448,0.1528648),(-0.3000000,-0.0279047,0.1506942),(-0.3000000,-0.0275448,0.1528648),(-0.3000000,-0.0274964,0.1527961),(-0.3000000,-0.0279047,0.1506942),(-0.3000000,-0.0274964,0.1527961),(-0.3000000,-0.0274803,0.1527146),(-0.3000000,-0.0279047,0.1506942),(-0.3000000,-0.0274803,0.1527146),(-0.3000000,-0.0274803,0.1490877),(-0.3000000,-0.0279047,0.1506942),(-0.3000000,-0.0274803,0.1490877),(-0.3000000,-0.0274959,0.1490056),(-0.3000000,-0.0279047,0.1506942),(-0.3000000,-0.0274959,0.1490056),(-0.3000000,-0.0275427,0.1489374),(-0.3000000,-0.0279047,0.1506942),(-0.3000000,-0.0275427,0.1489374),(-0.3000000,-0.0276123,0.1488913),(-0.3000000,-0.0279047,0.1506942),(-0.3000000,-0.0276123,0.1488913),(-0.3000000,-0.0276941,0.1488760),(-0.3000000,-0.0279047,0.1506942),(-0.3000000,-0.0276941,0.1488760),(-0.3000000,-0.0277719,0.1488911),(-0.3000000,-0.0279047,0.1506942),(-0.3000000,-0.0277719,0.1488911),(-0.3000000,-0.0278444,0.1489363),(-0.3000000,-0.0279047,0.1506942),(-0.3000000,-0.0278444,0.1489363),(-0.3000000,-0.0278896,0.1490011),(-0.3000000,-0.0279047,0.1506942),(-0.3000000,-0.0278896,0.1490011),(-0.3000000,-0.0279047,0.1490877),(-0.3000000,-0.0350865,0.1504063),(-0.3000000,-0.0350865,0.1527146),(-0.3000000,-0.0350712,0.1527961),(-0.3000000,-0.0350865,0.1504063),(-0.3000000,-0.0350712,0.1527961),(-0.3000000,-0.0350251,0.1528648),(-0.3000000,-0.0350865,0.1504063),(-0.3000000,-0.0350251,0.1528648),(-0.3000000,-0.0349577,0.1529125),(-0.3000000,-0.0350915,0.1502939),(-0.3000000,-0.0350865,0.1504063),(-0.3000000,-0.0349577,0.1529125),(-0.3000000,-0.0350915,0.1502939),(-0.3000000,-0.0349577,0.1529125),(-0.3000000,-0.0348780,0.1529283),(-0.3000000,-0.0350915,0.1502939),(-0.3000000,-0.0348780,0.1529283),(-0.3000000,-0.0347947,0.1529119),(-0.3000000,-0.0350915,0.1502939),(-0.3000000,-0.0347947,0.1529119),(-0.3000000,-0.0347203,0.1528627),(-0.3000000,-0.0350915,0.1502939),(-0.3000000,-0.0347203,0.1528627),(-0.3000000,-0.0346751,0.1527982),(-0.3000000,-0.0350915,0.1502939),(-0.3000000,-0.0346751,0.1527982),(-0.3000000,-0.0346600,0.1527146),(-0.3000000,-0.0350915,0.1502939),(-0.3000000,-0.0346600,0.1527146),(-0.3000000,-0.0346600,0.1504063),(-0.3000000,-0.0350915,0.1502939),(-0.3000000,-0.0346600,0.1504063),(-0.3000000,-0.0346670,0.1502512),(-0.3000000,-0.0350915,0.1502939),(-0.3000000,-0.0346670,0.1502512),(-0.3000000,-0.0346878,0.1501019),(-0.3000000,-0.0350915,0.1502939),(-0.3000000,-0.0346878,0.1501019),(-0.3000000,-0.0347225,0.1499582),(-0.3000000,-0.0350915,0.1502939),(-0.3000000,-0.0347225,0.1499582),(-0.3000000,-0.0347711,0.1498203),(-0.3000000,-0.0350915,0.1502939),(-0.3000000,-0.0347711,0.1498203),(-0.3000000,-0.0348337,0.1496881),(-0.3000000,-0.0350915,0.1502939),(-0.3000000,-0.0348337,0.1496881),(-0.3000000,-0.0349100,0.1495616),(-0.3000000,-0.0350915,0.1502939),(-0.3000000,-0.0349100,0.1495616),(-0.3000000,-0.0350003,0.1494408),(-0.3000000,-0.0350915,0.1502939),(-0.3000000,-0.0350003,0.1494408),(-0.3000000,-0.0351045,0.1493258),(-0.3000000,-0.0350915,0.1502939),(-0.3000000,-0.0351045,0.1493258),(-0.3000000,-0.0352171,0.1492204),(-0.3000000,-0.0352171,0.1492204),(-0.3000000,-0.0353358,0.1491290),(-0.3000000,-0.0354605,0.1490517),(-0.3000000,-0.0352171,0.1492204),(-0.3000000,-0.0354605,0.1490517),(-0.3000000,-0.0355914,0.1489884),(-0.3000000,-0.0352171,0.1492204),(-0.3000000,-0.0355914,0.1489884),(-0.3000000,-0.0357283,0.1489392),(-0.3000000,-0.0352171,0.1492204),(-0.3000000,-0.0357283,0.1489392),(-0.3000000,-0.0358713,0.1489041),(-0.3000000,-0.0352171,0.1492204),(-0.3000000,-0.0358713,0.1489041),(-0.3000000,-0.0360204,0.1488830),(-0.3000000,-0.0352171,0.1492204),(-0.3000000,-0.0360204,0.1488830),(-0.3000000,-0.0361756,0.1488760),(-0.3000000,-0.0352171,0.1492204),(-0.3000000,-0.0361756,0.1488760),(-0.3000000,-0.0363309,0.1488830),(-0.3000000,-0.0352171,0.1492204),(-0.3000000,-0.0363309,0.1488830),(-0.3000000,-0.0364807,0.1489041),(-0.3000000,-0.0352171,0.1492204),(-0.3000000,-0.0364807,0.1489041),(-0.3000000,-0.0366248,0.1489392),(-0.3000000,-0.0352171,0.1492204),(-0.3000000,-0.0366248,0.1489392),(-0.3000000,-0.0367632,0.1489884),(-0.3000000,-0.0352171,0.1492204),(-0.3000000,-0.0367632,0.1489884),(-0.3000000,-0.0368960,0.1490517),(-0.3000000,-0.0352171,0.1492204),(-0.3000000,-0.0368960,0.1490517),(-0.3000000,-0.0370231,0.1491290),(-0.3000000,-0.0352171,0.1492204),(-0.3000000,-0.0370231,0.1491290),(-0.3000000,-0.0371445,0.1492204),(-0.3000000,-0.0352171,0.1492204),(-0.3000000,-0.0371445,0.1492204),(-0.3000000,-0.0372603,0.1493258),(-0.3000000,-0.0372603,0.1493258),(-0.3000000,-0.0373650,0.1494395),(-0.3000000,-0.0374557,0.1495594),(-0.3000000,-0.0372603,0.1493258),(-0.3000000,-0.0374557,0.1495594),(-0.3000000,-0.0375325,0.1496855),(-0.3000000,-0.0372603,0.1493258),(-0.3000000,-0.0375325,0.1496855),(-0.3000000,-0.0375953,0.1498179),(-0.3000000,-0.0372603,0.1493258),(-0.3000000,-0.0375953,0.1498179),(-0.3000000,-0.0376442,0.1499565),(-0.3000000,-0.0372603,0.1493258),(-0.3000000,-0.0376442,0.1499565),(-0.3000000,-0.0376790,0.1501013),(-0.3000000,-0.0372603,0.1493258),(-0.3000000,-0.0376790,0.1501013),(-0.3000000,-0.0377000,0.1502523),(-0.3000000,-0.0372603,0.1493258),(-0.3000000,-0.0377000,0.1502523),(-0.3000000,-0.0377070,0.1504095),(-0.3000000,-0.0372603,0.1493258),(-0.3000000,-0.0377070,0.1504095),(-0.3000000,-0.0377070,0.1527146),(-0.3000000,-0.0372603,0.1493258),(-0.3000000,-0.0377070,0.1527146),(-0.3000000,-0.0376916,0.1527961),(-0.3000000,-0.0372603,0.1493258),(-0.3000000,-0.0376916,0.1527961),(-0.3000000,-0.0376456,0.1528648),(-0.3000000,-0.0372603,0.1493258),(-0.3000000,-0.0376456,0.1528648),(-0.3000000,-0.0375773,0.1529125),(-0.3000000,-0.0372603,0.1493258),(-0.3000000,-0.0375773,0.1529125),(-0.3000000,-0.0374953,0.1529283),(-0.3000000,-0.0372603,0.1493258),(-0.3000000,-0.0374953,0.1529283),(-0.3000000,-0.0374133,0.1529125),(-0.3000000,-0.0372603,0.1493258),(-0.3000000,-0.0374133,0.1529125),(-0.3000000,-0.0373450,0.1528648),(-0.3000000,-0.0373450,0.1528648),(-0.3000000,-0.0372990,0.1527961),(-0.3000000,-0.0372836,0.1527146),(-0.3000000,-0.0373450,0.1528648),(-0.3000000,-0.0372836,0.1527146),(-0.3000000,-0.0372836,0.1504095),(-0.3000000,-0.0372603,0.1493258),(-0.3000000,-0.0373450,0.1528648),(-0.3000000,-0.0372836,0.1504095),(-0.3000000,-0.0372603,0.1493258),(-0.3000000,-0.0372836,0.1504095),(-0.3000000,-0.0372785,0.1502975),(-0.3000000,-0.0372603,0.1493258),(-0.3000000,-0.0372785,0.1502975),(-0.3000000,-0.0372632,0.1501895),(-0.3000000,-0.0372603,0.1493258),(-0.3000000,-0.0372632,0.1501895),(-0.3000000,-0.0372376,0.1500856),(-0.3000000,-0.0372603,0.1493258),(-0.3000000,-0.0372376,0.1500856),(-0.3000000,-0.0372019,0.1499857),(-0.3000000,-0.0372603,0.1493258),(-0.3000000,-0.0372019,0.1499857),(-0.3000000,-0.0371559,0.1498898),(-0.3000000,-0.0372603,0.1493258),(-0.3000000,-0.0371559,0.1498898),(-0.3000000,-0.0370997,0.1497979),(-0.3000000,-0.0372603,0.1493258),(-0.3000000,-0.0370997,0.1497979),(-0.3000000,-0.0370332,0.1497101),(-0.3000000,-0.0372603,0.1493258),(-0.3000000,-0.0370332,0.1497101),(-0.3000000,-0.0369566,0.1496263),(-0.3000000,-0.0372603,0.1493258),(-0.3000000,-0.0369566,0.1496263),(-0.3000000,-0.0368747,0.1495499),(-0.3000000,-0.0372603,0.1493258),(-0.3000000,-0.0368747,0.1495499),(-0.3000000,-0.0367884,0.1494837),(-0.3000000,-0.0372603,0.1493258),(-0.3000000,-0.0367884,0.1494837),(-0.3000000,-0.0366976,0.1494277),(-0.3000000,-0.0372603,0.1493258),(-0.3000000,-0.0366976,0.1494277),(-0.3000000,-0.0366023,0.1493819),(-0.3000000,-0.0372603,0.1493258),(-0.3000000,-0.0366023,0.1493819),(-0.3000000,-0.0365026,0.1493462),(-0.3000000,-0.0372603,0.1493258),(-0.3000000,-0.0365026,0.1493462),(-0.3000000,-0.0363984,0.1493208),(-0.3000000,-0.0372603,0.1493258),(-0.3000000,-0.0363984,0.1493208),(-0.3000000,-0.0362897,0.1493055),(-0.3000000,-0.0352171,0.1492204),(-0.3000000,-0.0372603,0.1493258),(-0.3000000,-0.0362897,0.1493055),(-0.3000000,-0.0352171,0.1492204),(-0.3000000,-0.0362897,0.1493055),(-0.3000000,-0.0361766,0.1493004),(-0.3000000,-0.0352171,0.1492204),(-0.3000000,-0.0361766,0.1493004),(-0.3000000,-0.0360655,0.1493054),(-0.3000000,-0.0352171,0.1492204),(-0.3000000,-0.0360655,0.1493054),(-0.3000000,-0.0359585,0.1493206),(-0.3000000,-0.0352171,0.1492204),(-0.3000000,-0.0359585,0.1493206),(-0.3000000,-0.0358558,0.1493459),(-0.3000000,-0.0352171,0.1492204),(-0.3000000,-0.0358558,0.1493459),(-0.3000000,-0.0357572,0.1493813),(-0.3000000,-0.0352171,0.1492204),(-0.3000000,-0.0357572,0.1493813),(-0.3000000,-0.0356629,0.1494269),(-0.3000000,-0.0352171,0.1492204),(-0.3000000,-0.0356629,0.1494269),(-0.3000000,-0.0355728,0.1494825),(-0.3000000,-0.0352171,0.1492204),(-0.3000000,-0.0355728,0.1494825),(-0.3000000,-0.0354868,0.1495483),(-0.3000000,-0.0352171,0.1492204),(-0.3000000,-0.0354868,0.1495483),(-0.3000000,-0.0354051,0.1496242),(-0.3000000,-0.0352171,0.1492204),(-0.3000000,-0.0354051,0.1496242),(-0.3000000,-0.0353304,0.1497073),(-0.3000000,-0.0352171,0.1492204),(-0.3000000,-0.0353304,0.1497073),(-0.3000000,-0.0352657,0.1497946),(-0.3000000,-0.0352171,0.1492204),(-0.3000000,-0.0352657,0.1497946),(-0.3000000,-0.0352110,0.1498860),(-0.3000000,-0.0352171,0.1492204),(-0.3000000,-0.0352110,0.1498860),(-0.3000000,-0.0351662,0.1499817),(-0.3000000,-0.0352171,0.1492204),(-0.3000000,-0.0351662,0.1499817),(-0.3000000,-0.0351313,0.1500815),(-0.3000000,-0.0352171,0.1492204),(-0.3000000,-0.0351313,0.1500815),(-0.3000000,-0.0351064,0.1501856),(-0.3000000,-0.0350915,0.1502939),(-0.3000000,-0.0352171,0.1492204),(-0.3000000,-0.0351064,0.1501856),(-0.3000000,-0.0268842,0.1525550),(-0.3000000,-0.0269374,0.1527146),(-0.3000000,-0.0269223,0.1527945),(-0.3000000,-0.0268842,0.1525550),(-0.3000000,-0.0269223,0.1527945),(-0.3000000,-0.0268770,0.1528627),(-0.3000000,-0.0268842,0.1525550),(-0.3000000,-0.0268770,0.1528627),(-0.3000000,-0.0268088,0.1529119),(-0.3000000,-0.0268842,0.1525550),(-0.3000000,-0.0268088,0.1529119),(-0.3000000,-0.0267246,0.1529283),(-0.3000000,-0.0268842,0.1525550),(-0.3000000,-0.0267246,0.1529283),(-0.3000000,-0.0241042,0.1529283),(-0.3000000,-0.0268842,0.1525550),(-0.3000000,-0.0241042,0.1529283),(-0.3000000,-0.0240111,0.1529080),(-0.3000000,-0.0268842,0.1525550),(-0.3000000,-0.0240111,0.1529080),(-0.3000000,-0.0239370,0.1528469),(-0.3000000,-0.0268842,0.1525550),(-0.3000000,-0.0239370,0.1528469),(-0.3000000,-0.0238904,0.1527146),(-0.3000000,-0.0268842,0.1525550),(-0.3000000,-0.0238904,0.1527146),(-0.3000000,-0.0238904,0.1526987),(-0.3000000,-0.0268842,0.1525550),(-0.3000000,-0.0238904,0.1526987),(-0.3000000,-0.0239507,0.1525696),(-0.3000000,-0.0268842,0.1525550),(-0.3000000,-0.0239507,0.1525696),(-0.3000000,-0.0240219,0.1525188),(-0.3000000,-0.0268842,0.1525550),(-0.3000000,-0.0240219,0.1525188),(-0.3000000,-0.0241042,0.1525018),(-0.3000000,-0.0268842,0.1525550),(-0.3000000,-0.0241042,0.1525018),(-0.3000000,-0.0252038,0.1525018),(-0.3000000,-0.0252038,0.1525018),(-0.3000000,-0.0252038,0.1490877),(-0.3000000,-0.0252192,0.1490056),(-0.3000000,-0.0252038,0.1525018),(-0.3000000,-0.0252192,0.1490056),(-0.3000000,-0.0252652,0.1489374),(-0.3000000,-0.0252038,0.1525018),(-0.3000000,-0.0252652,0.1489374),(-0.3000000,-0.0253335,0.1488913),(-0.3000000,-0.0252038,0.1525018),(-0.3000000,-0.0253335,0.1488913),(-0.3000000,-0.0254155,0.1488760),(-0.3000000,-0.0252038,0.1525018),(-0.3000000,-0.0254155,0.1488760),(-0.3000000,-0.0254975,0.1488913),(-0.3000000,-0.0252038,0.1525018),(-0.3000000,-0.0254975,0.1488913),(-0.3000000,-0.0255658,0.1489374),(-0.3000000,-0.0252038,0.1525018),(-0.3000000,-0.0255658,0.1489374),(-0.3000000,-0.0256118,0.1490056),(-0.3000000,-0.0252038,0.1525018),(-0.3000000,-0.0256118,0.1490056),(-0.3000000,-0.0256271,0.1490877),(-0.3000000,-0.0252038,0.1525018),(-0.3000000,-0.0256271,0.1490877),(-0.3000000,-0.0256271,0.1525018),(-0.3000000,-0.0268842,0.1525550),(-0.3000000,-0.0252038,0.1525018),(-0.3000000,-0.0256271,0.1525018),(-0.3000000,-0.0268842,0.1525550),(-0.3000000,-0.0256271,0.1525018),(-0.3000000,-0.0267246,0.1525018),(-0.3000000,-0.0268842,0.1525550),(-0.3000000,-0.0267246,0.1525018),(-0.3000000,-0.0268177,0.1525151)));
#1415=COMPLEX_TRIANGULATED_SURFACE_SET('surface set',#1414,2610,(),(),(),((1,2,3),(4,5,6),(7,8,9),(10,11,12),(13,14,15),(16,17,18),(19,20,21),(22,23,24),(25,26,27),(28,29,30),(31,32,33),(34,35,36),(37,38,39),(40,41,42),(43,44,45),(46,47,48),(49,50,51),(52,53,54),(55,56,57),(58,59,60),(61,62,63),(64,65,66),(67,68,69),(70,71,72),(73,74,75),(76,77,78),(79,80,81),(82,83,84),(85,86,87),(88,89,90),(91,92,93),(94,95,96),(97,98,99),(100,101,102),(103,104,105),(106,107,108),(109,110,111),(112,113,114),(115,116,117),(118,119,120),(121,122,123),(124,125,126),(127,128,129),(130,131,132),(133,134,135),(136,137,138),(139,140,141),(142,143,144),(145,146,147),(148,149,150),(151,152,153),(154,155,156),(157,158,159),(160,161,162),(163,164,165),(166,167,168),(169,170,171),(172,173,174),(175,176,177),(178,179,180),(181,182,183),(184,185,186),(187,188,189),(190,191,192),(193,194,195),(196,197,198),(199,200,201),(202,203,204),(205,206,207),(208,209,210),(211,212,213),(214,215,216),(217,218,219),(220,221,222),(223,224,225),(226,227,228),(229,230,231),(232,233,234),(235,236,237),(238,239,240),(241,242,243),(244,245,246),(247,248,249),(250,251,252),(253,254,255),(256,257,258),(259,260,261),(262,263,264),(265,266,267),(268,269,270),(271,272,273),(274,275,276),(277,278,279),(280,281,282),(283,284,285),(286,287,288),(289,290,291),(292,293,294),(295,296,297),(298,299,300),(301,302,303),(304,305,306),(307,308,309),(310,311,312),(313,314,315),(316,317,318),(319,320,321),(322,323,324),(325,326,327),(328,329,330),(331,332,333),(334,335,336),(337,338,339),(340,341,342),(343,344,345),(346,347,348),(349,350,351),(352,353,354),(355,356,357),(358,359,360),(361,362,363),(364,365,366),(367,368,369),(370,371,372),(373,374,375),(376,377,378),(379,380,381),(382,383,384),(385,386,387),(388,389,390),(391,392,393),(394,395,396),(397,398,399),(400,401,402),(403,404,405),(406,407,408),(409,410,411),(412,413,414),(415,416,417),(418,419,420),(421,422,423),(424,425,426),(427,428,429),(430,431,432),(433,434,435),(436,437,438),(439,440,441),(442,443,444),(445,446,447),(448,449,450),(451,452,453),(454,455,456),(457,458,459),(460,461,462),(463,464,465),(466,467,468),(469,470,471),(472,473,474),(475,476,477),(478,479,480),(481,482,483),(484,485,486),(487,488,489),(490,491,492),(493,494,495),(496,497,498),(499,500,501),(502,503,504),(505,506,507),(508,509,510),(511,512,513),(514,515,516),(517,518,519),(520,521,522),(523,524,525),(526,527,528),(529,530,531),(532,533,534),(535,536,537),(538,539,540),(541,542,543),(544,545,546),(547,548,549),(550,551,552),(553,554,555),(556,557,558),(559,560,561),(562,563,564),(565,566,567),(568,569,570),(571,572,573),(574,575,576),(577,578,579),(580,581,582),(583,584,585),(586,587,588),(589,590,591),(592,593,594),(595,596,597),(598,599,600),(601,602,603),(604,605,606),(607,608,609),(610,611,612),(613,614,615),(616,617,618),(619,620,621),(622,623,624),(625,626,627),(628,629,630),(631,632,633),(634,635,636),(637,638,639),(640,641,642),(643,644,645),(646,647,648),(649,650,651),(652,653,654),(655,656,657),(658,659,660),(661,662,663),(664,665,666),(667,668,669),(670,671,672),(673,674,675),(676,677,678),(679,680,681),(682,683,684),(685,686,687),(688,689,690),(691,692,693),(694,695,696),(697,698,699),(700,701,702),(703,704,705),(706,707,708),(709,710,711),(712,713,714),(715,716,717),(718,719,720),(721,722,723),(724,725,726),(727,728,729),(730,731,732),(733,734,735),(736,737,738),(739,740,741),(742,743,744),(745,746,747),(748,749,750),(751,752,753),(754,755,756),(757,758,759),(760,761,762),(763,764,765),(766,767,768),(769,770,771),(772,773,774),(775,776,777),(778,779,780),(781,782,783),(784,785,786),(787,788,789),(790,791,792),(793,794,795),(796,797,798),(799,800,801),(802,803,804),(805,806,807),(808,809,810),(811,812,813),(814,815,816),(817,818,819),(820,821,822),(823,824,825),(826,827,828),(829,830,831),(832,833,834),(835,836,837),(838,839,840),(841,842,843),(844,845,846),(847,848,849),(850,851,852),(853,854,855),(856,857,858),(859,860,861),(862,863,864),(865,866,867),(868,869,870),(871,872,873),(874,875,876),(877,878,879),(880,881,882),(883,884,885),(886,887,888),(889,890,891),(892,893,894),(895,896,897),(898,899,900),(901,902,903),(904,905,906),(907,908,909),(910,911,912),(913,914,915),(916,917,918),(919,920,921),(922,923,924),(925,926,927),(928,929,930),(931,932,933),(934,935,936),(937,938,939),(940,941,942),(943,944,945),(946,947,948),(949,950,951),(952,953,954),(955,956,957),(958,959,960),(961,962,963),(964,965,966),(967,968,969),(970,971,972),(973,974,975),(976,977,978),(979,980,981),(982,983,984),(985,986,987),(988,989,990),(991,992,993),(994,995,996),(997,998,999),(1000,1001,1002),(1003,1004,1005),(1006,1007,1008),(1009,1010,1011),(1012,1013,1014),(1015,1016,1017),(1018,1019,1020),(1021,1022,1023),(1024,1025,1026),(1027,1028,1029),(1030,1031,1032),(1033,1034,1035),(1036,1037,1038),(1039,1040,1041),(1042,1043,1044),(1045,1046,1047),(1048,1049,1050),(1051,1052,1053),(1054,1055,1056),(1057,1058,1059),(1060,1061,1062),(1063,1064,1065),(1066,1067,1068),(1069,1070,1071),(1072,1073,1074),(1075,1076,1077),(1078,1079,1080),(1081,1082,1083),(1084,1085,1086),(1087,1088,1089),(1090,1091,1092),(1093,1094,1095),(1096,1097,1098),(1099,1100,1101),(1102,1103,1104),(1105,1106,1107),(1108,1109,1110),(1111,1112,1113),(1114,1115,1116),(1117,1118,1119),(1120,1121,1122),(1123,1124,1125),(1126,1127,1128),(1129,1130,1131),(1132,1133,1134),(1135,1136,1137),(1138,1139,1140),(1141,1142,1143),(1144,1145,1146),(1147,1148,1149),(1150,1151,1152),(1153,1154,1155),(1156,1157,1158),(1159,1160,1161),(1162,1163,1164),(1165,1166,1167),(1168,1169,1170),(1171,1172,1173),(1174,1175,1176),(1177,1178,1179),(1180,1181,1182),(1183,1184,1185),(1186,1187,1188),(1189,1190,1191),(1192,1193,1194),(1195,1196,1197),(1198,1199,1200),(1201,1202,1203),(1204,1205,1206),(1207,1208,1209),(1210,1211,1212),(1213,1214,1215),(1216,1217,1218),(1219,1220,1221),(1222,1223,1224),(1225,1226,1227),(1228,1229,1230),(1231,1232,1233),(1234,1235,1236),(1237,1238,1239),(1240,1241,1242),(1243,1244,1245),(1246,1247,1248),(1249,1250,1251),(1252,1253,1254),(1255,1256,1257),(1258,1259,1260),(1261,1262,1263),(1264,1265,1266),(1267,1268,1269),(1270,1271,1272),(1273,1274,1275),(1276,1277,1278),(1279,1280,1281),(1282,1283,1284),(1285,1286,1287),(1288,1289,1290),(1291,1292,1293),(1294,1295,1296),(1297,1298,1299),(1300,1301,1302),(1303,1304,1305),(1306,1307,1308),(1309,1310,1311),(1312,1313,1314),(1315,1316,1317),(1318,1319,1320),(1321,1322,1323),(1324,1325,1326),(1327,1328,1329),(1330,1331,1332),(1333,1334,1335),(1336,1337,1338),(1339,1340,1341),(1342,1343,1344),(1345,1346,1347),(1348,1349,1350),(1351,1352,1353),(1354,1355,1356),(1357,1358,1359),(1360,1361,1362),(1363,1364,1365),(1366,1367,1368),(1369,1370,1371),(1372,1373,1374),(1375,1376,1377),(1378,1379,1380),(1381,1382,1383),(1384,1385,1386),(1387,1388,1389),(1390,1391,1392),(1393,1394,1395),(1396,1397,1398),(1399,1400,1401),(1402,1403,1404),(1405,1406,1407),(1408,1409,1410),(1411,1412,1413),(1414,1415,1416),(1417,1418,1419),(1420,1421,1422),(1423,1424,1425),(1426,1427,1428),(1429,1430,1431),(1432,1433,1434),(1435,1436,1437),(1438,1439,1440),(1441,1442,1443),(1444,1445,1446),(1447,1448,1449),(1450,1451,1452),(1453,1454,1455),(1456,1457,1458),(1459,1460,1461),(1462,1463,1464),(1465,1466,1467),(1468,1469,1470),(1471,1472,1473),(1474,1475,1476),(1477,1478,1479),(1480,1481,1482),(1483,1484,1485),(1486,1487,1488),(1489,1490,1491),(1492,1493,1494),(1495,1496,1497),(1498,1499,1500),(1501,1502,1503),(1504,1505,1506),(1507,1508,1509),(1510,1511,1512),(1513,1514,1515),(1516,1517,1518),(1519,1520,1521),(1522,1523,1524),(1525,1526,1527),(1528,1529,1530),(1531,1532,1533),(1534,1535,1536),(1537,1538,1539),(1540,1541,1542),(1543,1544,1545),(1546,1547,1548),(1549,1550,1551),(1552,1553,1554),(1555,1556,1557),(1558,1559,1560),(1561,1562,1563),(1564,1565,1566),(1567,1568,1569),(1570,1571,1572),(1573,1574,1575),(1576,1577,1578),(1579,1580,1581),(1582,1583,1584),(1585,1586,1587),(1588,1589,1590),(1591,1592,1593),(1594,1595,1596),(1597,1598,1599),(1600,1601,1602),(1603,1604,1605),(1606,1607,1608),(1609,1610,1611),(1612,1613,1614),(1615,1616,1617),(1618,1619,1620),(1621,1622,1623),(1624,1625,1626),(1627,1628,1629),(1630,1631,1632),(1633,1634,1635),(1636,1637,1638),(1639,1640,1641),(1642,1643,1644),(1645,1646,1647),(1648,1649,1650),(1651,1652,1653),(1654,1655,1656),(1657,1658,1659),(1660,1661,1662),(1663,1664,1665),(1666,1667,1668),(1669,1670,1671),(1672,1673,1674),(1675,1676,1677),(1678,1679,1680),(1681,1682,1683),(1684,1685,1686),(1687,1688,1689),(1690,1691,1692),(1693,1694,1695),(1696,1697,1698),(1699,1700,1701),(1702,1703,1704),(1705,1706,1707),(1708,1709,1710),(1711,1712,1713),(1714,1715,1716),(1717,1718,1719),(1720,1721,1722),(1723,1724,1725),(1726,1727,1728),(1729,1730,1731),(1732,1733,1734),(1735,1736,1737),(1738,1739,1740),(1741,1742,1743),(1744,1745,1746),(1747,1748,1749),(1750,1751,1752),(1753,1754,1755),(1756,1757,1758),(1759,1760,1761),(1762,1763,1764),(1765,1766,1767),(1768,1769,1770),(1771,1772,1773),(1774,1775,1776),(1777,1778,1779),(1780,1781,1782),(1783,1784,1785),(1786,1787,1788),(1789,1790,1791),(1792,1793,1794),(1795,1796,1797),(1798,1799,1800),(1801,1802,1803),(1804,1805,1806),(1807,1808,1809),(1810,1811,1812),(1813,1814,1815),(1816,1817,1818),(1819,1820,1821),(1822,1823,1824),(1825,1826,1827),(1828,1829,1830),(1831,1832,1833),(1834,1835,1836),(1837,1838,1839),(1840,1841,1842),(1843,1844,1845),(1846,1847,1848),(1849,1850,1851),(1852,1853,1854),(1855,1856,1857),(1858,1859,1860),(1861,1862,1863),(1864,1865,1866),(1867,1868,1869),(1870,1871,1872),(1873,1874,1875),(1876,1877,1878),(1879,1880,1881),(1882,1883,1884),(1885,1886,1887),(1888,1889,1890),(1891,1892,1893),(1894,1895,1896),(1897,1898,1899),(1900,1901,1902),(1903,1904,1905),(1906,1907,1908),(1909,1910,1911),(1912,1913,1914),(1915,1916,1917),(1918,1919,1920),(1921,1922,1923),(1924,1925,1926),(1927,1928,1929),(1930,1931,1932),(1933,1934,1935),(1936,1937,1938),(1939,1940,1941),(1942,1943,1944),(1945,1946,1947),(1948,1949,1950),(1951,1952,1953),(1954,1955,1956),(1957,1958,1959),(1960,1961,1962),(1963,1964,1965),(1966,1967,1968),(1969,1970,1971),(1972,1973,1974),(1975,1976,1977),(1978,1979,1980),(1981,1982,1983),(1984,1985,1986),(1987,1988,1989),(1990,1991,1992),(1993,1994,1995),(1996,1997,1998),(1999,2000,2001),(2002,2003,2004),(2005,2006,2007),(2008,2009,2010),(2011,2012,2013),(2014,2015,2016),(2017,2018,2019),(2020,2021,2022),(2023,2024,2025),(2026,2027,2028),(2029,2030,2031),(2032,2033,2034),(2035,2036,2037),(2038,2039,2040),(2041,2042,2043),(2044,2045,2046),(2047,2048,2049),(2050,2051,2052),(2053,2054,2055),(2056,2057,2058),(2059,2060,2061),(2062,2063,2064),(2065,2066,2067),(2068,2069,2070),(2071,2072,2073),(2074,2075,2076),(2077,2078,2079),(2080,2081,2082),(2083,2084,2085),(2086,2087,2088),(2089,2090,2091),(2092,2093,2094),(2095,2096,2097),(2098,2099,2100),(2101,2102,2103),(2104,2105,2106),(2107,2108,2109),(2110,2111,2112),(2113,2114,2115),(2116,2117,2118),(2119,2120,2121),(2122,2123,2124),(2125,2126,2127),(2128,2129,2130),(2131,2132,2133),(2134,2135,2136),(2137,2138,2139),(2140,2141,2142),(2143,2144,2145),(2146,2147,2148),(2149,2150,2151),(2152,2153,2154),(2155,2156,2157),(2158,2159,2160),(2161,2162,2163),(2164,2165,2166),(2167,2168,2169),(2170,2171,2172),(2173,2174,2175),(2176,2177,2178),(2179,2180,2181),(2182,2183,2184),(2185,2186,2187),(2188,2189,2190),(2191,2192,2193),(2194,2195,2196),(2197,2198,2199),(2200,2201,2202),(2203,2204,2205),(2206,2207,2208),(2209,2210,2211),(2212,2213,2214),(2215,2216,2217),(2218,2219,2220),(2221,2222,2223),(2224,2225,2226),(2227,2228,2229),(2230,2231,2232),(2233,2234,2235),(2236,2237,2238),(2239,2240,2241),(2242,2243,2244),(2245,2246,2247),(2248,2249,2250),(2251,2252,2253),(2254,2255,2256),(2257,2258,2259),(2260,2261,2262),(2263,2264,2265),(2266,2267,2268),(2269,2270,2271),(2272,2273,2274),(2275,2276,2277),(2278,2279,2280),(2281,2282,2283),(2284,2285,2286),(2287,2288,2289),(2290,2291,2292),(2293,2294,2295),(2296,2297,2298),(2299,2300,2301),(2302,2303,2304),(2305,2306,2307),(2308,2309,2310),(2311,2312,2313),(2314,2315,2316),(2317,2318,2319),(2320,2321,2322),(2323,2324,2325),(2326,2327,2328),(2329,2330,2331),(2332,2333,2334),(2335,2336,2337),(2338,2339,2340),(2341,2342,2343),(2344,2345,2346),(2347,2348,2349),(2350,2351,2352),(2353,2354,2355),(2356,2357,2358),(2359,2360,2361),(2362,2363,2364),(2365,2366,2367),(2368,2369,2370),(2371,2372,2373),(2374,2375,2376),(2377,2378,2379),(2380,2381,2382),(2383,2384,2385),(2386,2387,2388),(2389,2390,2391),(2392,2393,2394),(2395,2396,2397),(2398,2399,2400),(2401,2402,2403),(2404,2405,2406),(2407,2408,2409),(2410,2411,2412),(2413,2414,2415),(2416,2417,2418),(2419,2420,2421),(2422,2423,2424),(2425,2426,2427),(2428,2429,2430),(2431,2432,2433),(2434,2435,2436),(2437,2438,2439),(2440,2441,2442),(2443,2444,2445),(2446,2447,2448),(2449,2450,2451),(2452,2453,2454),(2455,2456,2457),(2458,2459,2460),(2461,2462,2463),(2464,2465,2466),(2467,2468,2469),(2470,2471,2472),(2473,2474,2475),(2476,2477,2478),(2479,2480,2481),(2482,2483,2484),(2485,2486,2487),(2488,2489,2490),(2491,2492,2493),(2494,2495,2496),(2497,2498,2499),(2500,2501,2502),(2503,2504,2505),(2506,2507,2508),(2509,2510,2511),(2512,2513,2514),(2515,2516,2517),(2518,2519,2520),(2521,2522,2523),(2524,2525,2526),(2527,2528,2529),(2530,2531,2532),(2533,2534,2535),(2536,2537,2538),(2539,2540,2541),(2542,2543,2544),(2545,2546,2547),(2548,2549,2550),(2551,2552,2553),(2554,2555,2556),(2557,2558,2559),(2560,2561,2562),(2563,2564,2565),(2566,2567,2568),(2569,2570,2571),(2572,2573,2574),(2575,2576,2577),(2578,2579,2580),(2581,2582,2583),(2584,2585,2586),(2587,2588,2589),(2590,2591,2592),(2593,2594,2595),(2596,2597,2598),(2599,2600,2601),(2602,2603,2604),(2605,2606,2607),(2608,2609,2610)));
#1416=TESSELLATED_GEOMETRIC_SET('hole callout',(#1415));
#1417=COORDINATES_LIST('coordinates',5,((-0.3000000,-0.0063388,0.1463388),(-0.3000000,-0.0377070,0.1463388),(-0.3000000,0.0361612,0.1088388),(-0.3000000,-0.0013388,0.1463388),(-0.3000000,-0.0063388,0.1463388)));
#1418=TESSELLATED_CURVE_SET('curve set',#1417,((1,2),(3,4,5)));
#1419=TESSELLATED_GEOMETRIC_SET('hole callout',(#1418));
#1420=TESSELLATED_ANNOTATION_OCCURRENCE('hole callout',(#1413),#1416);
#1421=TESSELLATED_ANNOTATION_OCCURRENCE('hole callout',(#1413),#1419);
#1422=DRAUGHTING_CALLOUT('hole callout',(#1420,#1421));
#1423=DRAUGHTING_MODEL_ITEM_ASSOCIATION('','',#1381,#1409,#1422);
#1424=DRAUGHTING_MODEL_ITEM_ASSOCIATION('','',#1368,#1409,#1422);
#1425=COMPOSITE_SHAPE_ASPECT('hole_callout.FWtHW7K3SvmIP3H_1.JHD.0',$,#1358,$);
#1426=SHAPE_ASPECT('hole_callout.FWtHW7K3SvmIP3H_1.JHD.0',$,#1358,.T.);
#1427=GEOMETRIC_ITEM_SPECIFIC_USAGE('','',#1426,#11,#833);
#1428=SHAPE_ASPECT_RELATIONSHIP('','',#1425,#1426);
#1429=SHAPE_ASPECT('hole_callout.FWtHW7K3SvmIP3H_1.JHD.0',$,#1358,.T.);
#1430=GEOMETRIC_ITEM_SPECIFIC_USAGE('','',#1429,#11,#831);
#1431=SHAPE_ASPECT_RELATIONSHIP('','',#1425,#1429);
#1432=SHAPE_ASPECT('hole_callout.FWtHW7K3SvmIP3H_1.JHD.0',$,#1358,.T.);
#1433=GEOMETRIC_ITEM_SPECIFIC_USAGE('','',#1432,#11,#832);
#1434=SHAPE_ASPECT_RELATIONSHIP('','',#1425,#1432);
#1435=DIMENSIONAL_SIZE(#1425,'diameter');
#1436=(
LENGTH_UNIT()
NAMED_UNIT(*)
SI_UNIT($,.METRE.)
);
#1438=PRECISION_QUALIFIER(3);
#1437=(
LENGTH_MEASURE_WITH_UNIT()
MEASURE_REPRESENTATION_ITEM()
MEASURE_WITH_UNIT(POSITIVE_LENGTH_MEASURE(0.025),#1436)
QUALIFIED_REPRESENTATION_ITEM((#1438))
REPRESENTATION_ITEM('nominal value')
);
#1439=COMPOUND_REPRESENTATION_ITEM('modifiers',SET_REPRESENTATION_ITEM((#1440)));
#1440=DESCRIPTIVE_REPRESENTATION_ITEM('dimensional note','diameter');
#1441=SHAPE_DIMENSION_REPRESENTATION('',(#1437,#1439),#1353);
#1442=DIMENSIONAL_CHARACTERISTIC_REPRESENTATION(#1435,#1441);
#1443=PRESENTATION_STYLE_ASSIGNMENT((NULL_STYLE(.NULL.)));
#1444=CARTESIAN_POINT('',(0.3,-0.1125,0.1));
#1445=DIRECTION('',(1.,0.,0.));
#1446=DIRECTION('',(0.,1.,0.));
#1447=AXIS2_PLACEMENT_3D('',#1444,#1445,#1446);
#1448=PLANE('',#1447);
#1449=ANNOTATION_PLANE('',(#1443),#1448,(#1475));
#1450=CARTESIAN_POINT('',(0.,0.,0.));
#1451=DIRECTION('',(0.,0.,1.));
#1452=DIRECTION('',(1.,0.,0.));
#1453=AXIS2_PLACEMENT_3D('',#1450,#1451,#1452);
#1454=CARTESIAN_POINT('',(0.,0.,0.));
#1455=DIRECTION('',(0.,0.,1.));
#1456=DIRECTION('',(1.,0.,0.));
#1457=AXIS2_PLACEMENT_3D('',#1454,#1455,#1456);
#1458=SHAPE_REPRESENTATION('',(#1457,#843),#1353);
#1459=REPRESENTATION_MAP(#1453,#1458);
#1460=MAPPED_ITEM('',#1459,#1453);
#1461=PRESENTATION_STYLE_ASSIGNMENT((NULL_STYLE(.NULL.)));
#1462=STYLED_ITEM('',(#1461),#1460);
#1463=DRAUGHTING_PRE_DEFINED_CURVE_FONT('continuous');
#1464=COLOUR_RGB('',0.,0.,0.);
#1465=CURVE_STYLE('',#1463,POSITIVE_LENGTH_MEASURE(0.02),#1464);
#1466=PRESENTATION_STYLE_ASSIGNMENT((#1465));
#1467=COORDINATES_LIST('coordinates',2610,((0.3000000,-0.1036612,0.1088388),(0.3000000,-0.1022470,0.1116673),(0.3000000,-0.1008327,0.1102530),(0.3000000,-0.0599451,0.1490226),(0.3000000,-0.0598481,0.1489819),(0.3000000,-0.0597501,0.1489466),(0.3000000,-0.0599451,0.1490226),(0.3000000,-0.0597501,0.1489466),(0.3000000,-0.0596511,0.1489168),(0.3000000,-0.0599451,0.1490226),(0.3000000,-0.0596511,0.1489168),(0.3000000,-0.0595512,0.1488924),(0.3000000,-0.0599451,0.1490226),(0.3000000,-0.0595512,0.1488924),(0.3000000,-0.0594503,0.1488734),(0.3000000,-0.0599451,0.1490226),(0.3000000,-0.0594503,0.1488734),(0.3000000,-0.0593484,0.1488598),(0.3000000,-0.0599451,0.1490226),(0.3000000,-0.0593484,0.1488598),(0.3000000,-0.0592456,0.1488517),(0.3000000,-0.0599451,0.1490226),(0.3000000,-0.0592456,0.1488517),(0.3000000,-0.0591419,0.1488490),(0.3000000,-0.0599451,0.1490226),(0.3000000,-0.0591419,0.1488490),(0.3000000,-0.0590061,0.1488533),(0.3000000,-0.0599451,0.1490226),(0.3000000,-0.0590061,0.1488533),(0.3000000,-0.0588729,0.1488663),(0.3000000,-0.0599451,0.1490226),(0.3000000,-0.0588729,0.1488663),(0.3000000,-0.0587422,0.1488878),(0.3000000,-0.0599451,0.1490226),(0.3000000,-0.0587422,0.1488878),(0.3000000,-0.0586140,0.1489181),(0.3000000,-0.0599451,0.1490226),(0.3000000,-0.0586140,0.1489181),(0.3000000,-0.0584884,0.1489569),(0.3000000,-0.0599451,0.1490226),(0.3000000,-0.0584884,0.1489569),(0.3000000,-0.0583654,0.1490044),(0.3000000,-0.0599451,0.1490226),(0.3000000,-0.0583654,0.1490044),(0.3000000,-0.0582449,0.1490605),(0.3000000,-0.0599451,0.1490226),(0.3000000,-0.0582449,0.1490605),(0.3000000,-0.0581269,0.1491252),(0.3000000,-0.0599451,0.1490226),(0.3000000,-0.0581269,0.1491252),(0.3000000,-0.0580134,0.1491976),(0.3000000,-0.0599451,0.1490226),(0.3000000,-0.0580134,0.1491976),(0.3000000,-0.0579060,0.1492762),(0.3000000,-0.0599451,0.1490226),(0.3000000,-0.0579060,0.1492762),(0.3000000,-0.0578049,0.1493609),(0.3000000,-0.0599451,0.1490226),(0.3000000,-0.0578049,0.1493609),(0.3000000,-0.0577099,0.1494517),(0.3000000,-0.0599451,0.1490226),(0.3000000,-0.0577099,0.1494517),(0.3000000,-0.0576212,0.1495487),(0.3000000,-0.0576212,0.1495487),(0.3000000,-0.0575388,0.1496519),(0.3000000,-0.0574625,0.1497612),(0.3000000,-0.0576212,0.1495487),(0.3000000,-0.0574625,0.1497612),(0.3000000,-0.0573924,0.1498766),(0.3000000,-0.0576212,0.1495487),(0.3000000,-0.0573924,0.1498766),(0.3000000,-0.0573294,0.1499964),(0.3000000,-0.0576212,0.1495487),(0.3000000,-0.0573294,0.1499964),(0.3000000,-0.0572748,0.1501187),(0.3000000,-0.0576212,0.1495487),(0.3000000,-0.0572748,0.1501187),(0.3000000,-0.0572286,0.1502434),(0.3000000,-0.0576212,0.1495487),(0.3000000,-0.0572286,0.1502434),(0.3000000,-0.0571908,0.1503706),(0.3000000,-0.0576212,0.1495487),(0.3000000,-0.0571908,0.1503706),(0.3000000,-0.0571614,0.1505003),(0.3000000,-0.0576212,0.1495487),(0.3000000,-0.0571614,0.1505003),(0.3000000,-0.0571404,0.1506325),(0.3000000,-0.0576212,0.1495487),(0.3000000,-0.0571404,0.1506325),(0.3000000,-0.0571278,0.1507671),(0.3000000,-0.0576212,0.1495487),(0.3000000,-0.0571278,0.1507671),(0.3000000,-0.0571236,0.1509043),(0.3000000,-0.0576212,0.1495487),(0.3000000,-0.0571236,0.1509043),(0.3000000,-0.0571278,0.1510359),(0.3000000,-0.0576212,0.1495487),(0.3000000,-0.0571278,0.1510359),(0.3000000,-0.0571404,0.1511668),(0.3000000,-0.0576212,0.1495487),(0.3000000,-0.0571404,0.1511668),(0.3000000,-0.0571614,0.1512968),(0.3000000,-0.0576212,0.1495487),(0.3000000,-0.0571614,0.1512968),(0.3000000,-0.0571908,0.1514260),(0.3000000,-0.0576212,0.1495487),(0.3000000,-0.0571908,0.1514260),(0.3000000,-0.0572286,0.1515545),(0.3000000,-0.0576212,0.1495487),(0.3000000,-0.0572286,0.1515545),(0.3000000,-0.0572748,0.1516822),(0.3000000,-0.0572748,0.1516822),(0.3000000,-0.0576666,0.1515407),(0.3000000,-0.0576301,0.1514428),(0.3000000,-0.0572748,0.1516822),(0.3000000,-0.0576301,0.1514428),(0.3000000,-0.0576001,0.1513416),(0.3000000,-0.0572748,0.1516822),(0.3000000,-0.0576001,0.1513416),(0.3000000,-0.0575769,0.1512372),(0.3000000,-0.0572748,0.1516822),(0.3000000,-0.0575769,0.1512372),(0.3000000,-0.0575603,0.1511295),(0.3000000,-0.0572748,0.1516822),(0.3000000,-0.0575603,0.1511295),(0.3000000,-0.0575503,0.1510185),(0.3000000,-0.0572748,0.1516822),(0.3000000,-0.0575503,0.1510185),(0.3000000,-0.0575470,0.1509043),(0.3000000,-0.0572748,0.1516822),(0.3000000,-0.0575470,0.1509043),(0.3000000,-0.0575503,0.1507943),(0.3000000,-0.0576212,0.1495487),(0.3000000,-0.0572748,0.1516822),(0.3000000,-0.0575503,0.1507943),(0.3000000,-0.0576212,0.1495487),(0.3000000,-0.0575503,0.1507943),(0.3000000,-0.0575604,0.1506864),(0.3000000,-0.0576212,0.1495487),(0.3000000,-0.0575604,0.1506864),(0.3000000,-0.0575772,0.1505807),(0.3000000,-0.0576212,0.1495487),(0.3000000,-0.0575772,0.1505807),(0.3000000,-0.0576007,0.1504772),(0.3000000,-0.0576212,0.1495487),(0.3000000,-0.0576007,0.1504772),(0.3000000,-0.0576309,0.1503759),(0.3000000,-0.0576212,0.1495487),(0.3000000,-0.0576309,0.1503759),(0.3000000,-0.0576678,0.1502768),(0.3000000,-0.0576212,0.1495487),(0.3000000,-0.0576678,0.1502768),(0.3000000,-0.0577114,0.1501799),(0.3000000,-0.0576212,0.1495487),(0.3000000,-0.0577114,0.1501799),(0.3000000,-0.0577618,0.1500851),(0.3000000,-0.0576212,0.1495487),(0.3000000,-0.0577618,0.1500851),(0.3000000,-0.0578176,0.1499939),(0.3000000,-0.0576212,0.1495487),(0.3000000,-0.0578176,0.1499939),(0.3000000,-0.0578783,0.1499076),(0.3000000,-0.0576212,0.1495487),(0.3000000,-0.0578783,0.1499076),(0.3000000,-0.0579437,0.1498262),(0.3000000,-0.0576212,0.1495487),(0.3000000,-0.0579437,0.1498262),(0.3000000,-0.0580139,0.1497496),(0.3000000,-0.0576212,0.1495487),(0.3000000,-0.0580139,0.1497496),(0.3000000,-0.0580890,0.1496780),(0.3000000,-0.0576212,0.1495487),(0.3000000,-0.0580890,0.1496780),(0.3000000,-0.0581688,0.1496113),(0.3000000,-0.0576212,0.1495487),(0.3000000,-0.0581688,0.1496113),(0.3000000,-0.0582534,0.1495494),(0.3000000,-0.0576212,0.1495487),(0.3000000,-0.0582534,0.1495494),(0.3000000,-0.0583428,0.1494925),(0.3000000,-0.0576212,0.1495487),(0.3000000,-0.0583428,0.1494925),(0.3000000,-0.0584354,0.1494414),(0.3000000,-0.0576212,0.1495487),(0.3000000,-0.0584354,0.1494414),(0.3000000,-0.0585301,0.1493971),(0.3000000,-0.0576212,0.1495487),(0.3000000,-0.0585301,0.1493971),(0.3000000,-0.0586268,0.1493596),(0.3000000,-0.0576212,0.1495487),(0.3000000,-0.0586268,0.1493596),(0.3000000,-0.0587257,0.1493290),(0.3000000,-0.0599451,0.1490226),(0.3000000,-0.0576212,0.1495487),(0.3000000,-0.0587257,0.1493290),(0.3000000,-0.0599451,0.1490226),(0.3000000,-0.0587257,0.1493290),(0.3000000,-0.0588266,0.1493051),(0.3000000,-0.0599451,0.1490226),(0.3000000,-0.0588266,0.1493051),(0.3000000,-0.0589296,0.1492881),(0.3000000,-0.0599451,0.1490226),(0.3000000,-0.0589296,0.1492881),(0.3000000,-0.0590347,0.1492779),(0.3000000,-0.0599451,0.1490226),(0.3000000,-0.0590347,0.1492779),(0.3000000,-0.0591419,0.1492745),(0.3000000,-0.0599451,0.1490226),(0.3000000,-0.0591419,0.1492745),(0.3000000,-0.0592955,0.1492815),(0.3000000,-0.0599451,0.1490226),(0.3000000,-0.0592955,0.1492815),(0.3000000,-0.0594451,0.1493028),(0.3000000,-0.0599451,0.1490226),(0.3000000,-0.0594451,0.1493028),(0.3000000,-0.0595907,0.1493381),(0.3000000,-0.0599451,0.1490226),(0.3000000,-0.0595907,0.1493381),(0.3000000,-0.0597324,0.1493877),(0.3000000,-0.0599451,0.1490226),(0.3000000,-0.0597324,0.1493877),(0.3000000,-0.0581354,0.1521711),(0.3000000,-0.0605061,0.1480478),(0.3000000,-0.0599451,0.1490226),(0.3000000,-0.0581354,0.1521711),(0.3000000,-0.0577098,0.1516353),(0.3000000,-0.0576666,0.1515407),(0.3000000,-0.0572748,0.1516822),(0.3000000,-0.0577597,0.1517266),(0.3000000,-0.0577098,0.1516353),(0.3000000,-0.0572748,0.1516822),(0.3000000,-0.0578276,0.1518306),(0.3000000,-0.0577597,0.1517266),(0.3000000,-0.0572748,0.1516822),(0.3000000,-0.0579129,0.1519393),(0.3000000,-0.0578276,0.1518306),(0.3000000,-0.0572748,0.1516822),(0.3000000,-0.0579620,0.1519955),(0.3000000,-0.0579129,0.1519393),(0.3000000,-0.0572748,0.1516822),(0.3000000,-0.0580155,0.1520528),(0.3000000,-0.0579620,0.1519955),(0.3000000,-0.0572748,0.1516822),(0.3000000,-0.0580733,0.1521114),(0.3000000,-0.0580155,0.1520528),(0.3000000,-0.0572748,0.1516822),(0.3000000,-0.0581354,0.1521711),(0.3000000,-0.0580733,0.1521114),(0.3000000,-0.0572748,0.1516822),(0.3000000,-0.0581354,0.1521711),(0.3000000,-0.0572748,0.1516822),(0.3000000,-0.0573294,0.1518090),(0.3000000,-0.0581354,0.1521711),(0.3000000,-0.0573294,0.1518090),(0.3000000,-0.0573924,0.1519351),(0.3000000,-0.0581354,0.1521711),(0.3000000,-0.0573924,0.1519351),(0.3000000,-0.0574426,0.1520218),(0.3000000,-0.0581354,0.1521711),(0.3000000,-0.0574426,0.1520218),(0.3000000,-0.0574974,0.1521052),(0.3000000,-0.0581354,0.1521711),(0.3000000,-0.0574974,0.1521052),(0.3000000,-0.0575568,0.1521853),(0.3000000,-0.0581354,0.1521711),(0.3000000,-0.0575568,0.1521853),(0.3000000,-0.0576208,0.1522621),(0.3000000,-0.0581354,0.1521711),(0.3000000,-0.0576208,0.1522621),(0.3000000,-0.0576894,0.1523356),(0.3000000,-0.0581354,0.1521711),(0.3000000,-0.0576894,0.1523356),(0.3000000,-0.0577625,0.1524058),(0.3000000,-0.0581354,0.1521711),(0.3000000,-0.0577625,0.1524058),(0.3000000,-0.0578403,0.1524727),(0.3000000,-0.0581354,0.1521711),(0.3000000,-0.0578403,0.1524727),(0.3000000,-0.0579227,0.1525362),(0.3000000,-0.0581354,0.1521711),(0.3000000,-0.0579227,0.1525362),(0.3000000,-0.0573808,0.1534887),(0.3000000,-0.0605061,0.1480478),(0.3000000,-0.0581354,0.1521711),(0.3000000,-0.0573808,0.1534887),(0.3000000,-0.0605061,0.1480478),(0.3000000,-0.0573808,0.1534887),(0.3000000,-0.0573522,0.1535925),(0.3000000,-0.0605061,0.1480478),(0.3000000,-0.0573522,0.1535925),(0.3000000,-0.0573596,0.1536528),(0.3000000,-0.0605061,0.1480478),(0.3000000,-0.0573596,0.1536528),(0.3000000,-0.0573983,0.1537279),(0.3000000,-0.0605061,0.1480478),(0.3000000,-0.0573983,0.1537279),(0.3000000,-0.0574633,0.1537819),(0.3000000,-0.0605061,0.1480478),(0.3000000,-0.0574633,0.1537819),(0.3000000,-0.0575660,0.1538126),(0.3000000,-0.0605061,0.1480478),(0.3000000,-0.0575660,0.1538126),(0.3000000,-0.0576263,0.1538052),(0.3000000,-0.0605061,0.1480478),(0.3000000,-0.0576263,0.1538052),(0.3000000,-0.0577020,0.1537665),(0.3000000,-0.0605061,0.1480478),(0.3000000,-0.0577020,0.1537665),(0.3000000,-0.0577576,0.1537015),(0.3000000,-0.0605061,0.1480478),(0.3000000,-0.0577576,0.1537015),(0.3000000,-0.0582931,0.1527733),(0.3000000,-0.0582931,0.1527733),(0.3000000,-0.0583937,0.1528177),(0.3000000,-0.0584976,0.1528562),(0.3000000,-0.0582931,0.1527733),(0.3000000,-0.0584976,0.1528562),(0.3000000,-0.0586048,0.1528887),(0.3000000,-0.0582931,0.1527733),(0.3000000,-0.0586048,0.1528887),(0.3000000,-0.0587154,0.1529154),(0.3000000,-0.0582931,0.1527733),(0.3000000,-0.0587154,0.1529154),(0.3000000,-0.0588292,0.1529361),(0.3000000,-0.0582931,0.1527733),(0.3000000,-0.0588292,0.1529361),(0.3000000,-0.0589463,0.1529509),(0.3000000,-0.0582931,0.1527733),(0.3000000,-0.0589463,0.1529509),(0.3000000,-0.0590668,0.1529598),(0.3000000,-0.0582931,0.1527733),(0.3000000,-0.0590668,0.1529598),(0.3000000,-0.0591905,0.1529627),(0.3000000,-0.0582931,0.1527733),(0.3000000,-0.0591905,0.1529627),(0.3000000,-0.0593152,0.1529584),(0.3000000,-0.0582931,0.1527733),(0.3000000,-0.0593152,0.1529584),(0.3000000,-0.0594387,0.1529454),(0.3000000,-0.0582931,0.1527733),(0.3000000,-0.0594387,0.1529454),(0.3000000,-0.0595611,0.1529238),(0.3000000,-0.0582931,0.1527733),(0.3000000,-0.0595611,0.1529238),(0.3000000,-0.0596824,0.1528934),(0.3000000,-0.0582931,0.1527733),(0.3000000,-0.0596824,0.1528934),(0.3000000,-0.0598026,0.1528544),(0.3000000,-0.0582931,0.1527733),(0.3000000,-0.0598026,0.1528544),(0.3000000,-0.0599218,0.1528068),(0.3000000,-0.0582931,0.1527733),(0.3000000,-0.0599218,0.1528068),(0.3000000,-0.0600398,0.1527504),(0.3000000,-0.0582931,0.1527733),(0.3000000,-0.0600398,0.1527504),(0.3000000,-0.0601568,0.1526855),(0.3000000,-0.0582931,0.1527733),(0.3000000,-0.0601568,0.1526855),(0.3000000,-0.0602699,0.1526133),(0.3000000,-0.0582931,0.1527733),(0.3000000,-0.0602699,0.1526133),(0.3000000,-0.0603769,0.1525349),(0.3000000,-0.0582931,0.1527733),(0.3000000,-0.0603769,0.1525349),(0.3000000,-0.0604779,0.1524503),(0.3000000,-0.0582931,0.1527733),(0.3000000,-0.0604779,0.1524503),(0.3000000,-0.0605727,0.1523595),(0.3000000,-0.0582931,0.1527733),(0.3000000,-0.0605727,0.1523595),(0.3000000,-0.0606615,0.1522625),(0.3000000,-0.0606615,0.1522625),(0.3000000,-0.0607442,0.1521592),(0.3000000,-0.0608208,0.1520497),(0.3000000,-0.0606615,0.1522625),(0.3000000,-0.0608208,0.1520497),(0.3000000,-0.0608913,0.1519340),(0.3000000,-0.0606615,0.1522625),(0.3000000,-0.0608913,0.1519340),(0.3000000,-0.0609545,0.1518142),(0.3000000,-0.0606615,0.1522625),(0.3000000,-0.0609545,0.1518142),(0.3000000,-0.0610094,0.1516919),(0.3000000,-0.0606615,0.1522625),(0.3000000,-0.0610094,0.1516919),(0.3000000,-0.0610557,0.1515670),(0.3000000,-0.0606615,0.1522625),(0.3000000,-0.0610557,0.1515670),(0.3000000,-0.0610937,0.1514395),(0.3000000,-0.0606615,0.1522625),(0.3000000,-0.0610937,0.1514395),(0.3000000,-0.0611232,0.1513095),(0.3000000,-0.0606615,0.1522625),(0.3000000,-0.0611232,0.1513095),(0.3000000,-0.0611443,0.1511770),(0.3000000,-0.0606615,0.1522625),(0.3000000,-0.0611443,0.1511770),(0.3000000,-0.0611569,0.1510419),(0.3000000,-0.0606615,0.1522625),(0.3000000,-0.0611569,0.1510419),(0.3000000,-0.0611612,0.1509043),(0.3000000,-0.0606615,0.1522625),(0.3000000,-0.0611612,0.1509043),(0.3000000,-0.0611570,0.1507662),(0.3000000,-0.0606615,0.1522625),(0.3000000,-0.0611570,0.1507662),(0.3000000,-0.0611444,0.1506309),(0.3000000,-0.0606615,0.1522625),(0.3000000,-0.0611444,0.1506309),(0.3000000,-0.0611234,0.1504983),(0.3000000,-0.0606615,0.1522625),(0.3000000,-0.0611234,0.1504983),(0.3000000,-0.0610940,0.1503685),(0.3000000,-0.0606615,0.1522625),(0.3000000,-0.0610940,0.1503685),(0.3000000,-0.0610562,0.1502414),(0.3000000,-0.0606615,0.1522625),(0.3000000,-0.0610562,0.1502414),(0.3000000,-0.0610100,0.1501171),(0.3000000,-0.0606615,0.1522625),(0.3000000,-0.0610100,0.1501171),(0.3000000,-0.0609554,0.1499955),(0.3000000,-0.0606615,0.1522625),(0.3000000,-0.0609554,0.1499955),(0.3000000,-0.0608923,0.1498766),(0.3000000,-0.0608923,0.1498766),(0.3000000,-0.0605240,0.1500851),(0.3000000,-0.0605734,0.1501799),(0.3000000,-0.0608923,0.1498766),(0.3000000,-0.0605734,0.1501799),(0.3000000,-0.0606162,0.1502768),(0.3000000,-0.0608923,0.1498766),(0.3000000,-0.0606162,0.1502768),(0.3000000,-0.0606524,0.1503758),(0.3000000,-0.0608923,0.1498766),(0.3000000,-0.0606524,0.1503758),(0.3000000,-0.0606820,0.1504770),(0.3000000,-0.0608923,0.1498766),(0.3000000,-0.0606820,0.1504770),(0.3000000,-0.0607050,0.1505803),(0.3000000,-0.0608923,0.1498766),(0.3000000,-0.0607050,0.1505803),(0.3000000,-0.0607215,0.1506858),(0.3000000,-0.0608923,0.1498766),(0.3000000,-0.0607215,0.1506858),(0.3000000,-0.0607314,0.1507934),(0.3000000,-0.0608923,0.1498766),(0.3000000,-0.0607314,0.1507934),(0.3000000,-0.0607347,0.1509032),(0.3000000,-0.0608923,0.1498766),(0.3000000,-0.0607347,0.1509032),(0.3000000,-0.0607313,0.1510130),(0.3000000,-0.0606615,0.1522625),(0.3000000,-0.0608923,0.1498766),(0.3000000,-0.0607313,0.1510130),(0.3000000,-0.0606615,0.1522625),(0.3000000,-0.0607313,0.1510130),(0.3000000,-0.0607213,0.1511208),(0.3000000,-0.0606615,0.1522625),(0.3000000,-0.0607213,0.1511208),(0.3000000,-0.0607046,0.1512264),(0.3000000,-0.0606615,0.1522625),(0.3000000,-0.0607046,0.1512264),(0.3000000,-0.0606812,0.1513300),(0.3000000,-0.0606615,0.1522625),(0.3000000,-0.0606812,0.1513300),(0.3000000,-0.0606511,0.1514315),(0.3000000,-0.0606615,0.1522625),(0.3000000,-0.0606511,0.1514315),(0.3000000,-0.0606144,0.1515309),(0.3000000,-0.0606615,0.1522625),(0.3000000,-0.0606144,0.1515309),(0.3000000,-0.0605710,0.1516282),(0.3000000,-0.0606615,0.1522625),(0.3000000,-0.0605710,0.1516282),(0.3000000,-0.0605209,0.1517234),(0.3000000,-0.0606615,0.1522625),(0.3000000,-0.0605209,0.1517234),(0.3000000,-0.0604650,0.1518154),(0.3000000,-0.0606615,0.1522625),(0.3000000,-0.0604650,0.1518154),(0.3000000,-0.0604044,0.1519023),(0.3000000,-0.0606615,0.1522625),(0.3000000,-0.0604044,0.1519023),(0.3000000,-0.0603390,0.1519842),(0.3000000,-0.0606615,0.1522625),(0.3000000,-0.0603390,0.1519842),(0.3000000,-0.0602687,0.1520610),(0.3000000,-0.0606615,0.1522625),(0.3000000,-0.0602687,0.1520610),(0.3000000,-0.0601937,0.1521329),(0.3000000,-0.0606615,0.1522625),(0.3000000,-0.0601937,0.1521329),(0.3000000,-0.0601139,0.1521997),(0.3000000,-0.0606615,0.1522625),(0.3000000,-0.0601139,0.1521997),(0.3000000,-0.0600293,0.1522615),(0.3000000,-0.0606615,0.1522625),(0.3000000,-0.0600293,0.1522615),(0.3000000,-0.0599398,0.1523182),(0.3000000,-0.0606615,0.1522625),(0.3000000,-0.0599398,0.1523182),(0.3000000,-0.0598478,0.1523693),(0.3000000,-0.0606615,0.1522625),(0.3000000,-0.0598478,0.1523693),(0.3000000,-0.0597552,0.1524136),(0.3000000,-0.0606615,0.1522625),(0.3000000,-0.0597552,0.1524136),(0.3000000,-0.0596620,0.1524511),(0.3000000,-0.0606615,0.1522625),(0.3000000,-0.0596620,0.1524511),(0.3000000,-0.0595684,0.1524817),(0.3000000,-0.0606615,0.1522625),(0.3000000,-0.0595684,0.1524817),(0.3000000,-0.0594742,0.1525056),(0.3000000,-0.0582931,0.1527733),(0.3000000,-0.0606615,0.1522625),(0.3000000,-0.0594742,0.1525056),(0.3000000,-0.0582931,0.1527733),(0.3000000,-0.0594742,0.1525056),(0.3000000,-0.0593795,0.1525226),(0.3000000,-0.0582931,0.1527733),(0.3000000,-0.0593795,0.1525226),(0.3000000,-0.0592842,0.1525328),(0.3000000,-0.0582931,0.1527733),(0.3000000,-0.0592842,0.1525328),(0.3000000,-0.0591884,0.1525362),(0.3000000,-0.0582931,0.1527733),(0.3000000,-0.0591884,0.1525362),(0.3000000,-0.0591821,0.1525362),(0.3000000,-0.0582931,0.1527733),(0.3000000,-0.0591821,0.1525362),(0.3000000,-0.0590884,0.1525342),(0.3000000,-0.0582931,0.1527733),(0.3000000,-0.0590884,0.1525342),(0.3000000,-0.0589972,0.1525279),(0.3000000,-0.0582931,0.1527733),(0.3000000,-0.0589972,0.1525279),(0.3000000,-0.0589086,0.1525175),(0.3000000,-0.0582931,0.1527733),(0.3000000,-0.0589086,0.1525175),(0.3000000,-0.0588225,0.1525029),(0.3000000,-0.0582931,0.1527733),(0.3000000,-0.0588225,0.1525029),(0.3000000,-0.0587390,0.1524841),(0.3000000,-0.0582931,0.1527733),(0.3000000,-0.0587390,0.1524841),(0.3000000,-0.0586580,0.1524612),(0.3000000,-0.0582931,0.1527733),(0.3000000,-0.0586580,0.1524612),(0.3000000,-0.0585796,0.1524341),(0.3000000,-0.0582931,0.1527733),(0.3000000,-0.0585796,0.1524341),(0.3000000,-0.0585037,0.1524029),(0.3000000,-0.0605061,0.1480478),(0.3000000,-0.0582931,0.1527733),(0.3000000,-0.0585037,0.1524029),(0.3000000,-0.0605061,0.1480478),(0.3000000,-0.0585037,0.1524029),(0.3000000,-0.0601081,0.1496078),(0.3000000,-0.0605061,0.1480478),(0.3000000,-0.0601081,0.1496078),(0.3000000,-0.0602286,0.1497107),(0.3000000,-0.0604817,0.1500159),(0.3000000,-0.0605240,0.1500851),(0.3000000,-0.0608923,0.1498766),(0.3000000,-0.0604365,0.1499493),(0.3000000,-0.0604817,0.1500159),(0.3000000,-0.0608923,0.1498766),(0.3000000,-0.0603380,0.1498245),(0.3000000,-0.0604365,0.1499493),(0.3000000,-0.0608923,0.1498766),(0.3000000,-0.0602286,0.1497107),(0.3000000,-0.0603380,0.1498245),(0.3000000,-0.0608923,0.1498766),(0.3000000,-0.0602286,0.1497107),(0.3000000,-0.0608923,0.1498766),(0.3000000,-0.0608344,0.1497816),(0.3000000,-0.0602286,0.1497107),(0.3000000,-0.0608344,0.1497816),(0.3000000,-0.0607728,0.1496906),(0.3000000,-0.0602286,0.1497107),(0.3000000,-0.0607728,0.1496906),(0.3000000,-0.0607074,0.1496038),(0.3000000,-0.0602286,0.1497107),(0.3000000,-0.0607074,0.1496038),(0.3000000,-0.0606383,0.1495210),(0.3000000,-0.0602286,0.1497107),(0.3000000,-0.0606383,0.1495210),(0.3000000,-0.0605656,0.1494424),(0.3000000,-0.0602286,0.1497107),(0.3000000,-0.0605656,0.1494424),(0.3000000,-0.0604891,0.1493678),(0.3000000,-0.0602286,0.1497107),(0.3000000,-0.0604891,0.1493678),(0.3000000,-0.0604090,0.1492974),(0.3000000,-0.0602286,0.1497107),(0.3000000,-0.0604090,0.1492974),(0.3000000,-0.0603251,0.1492311),(0.3000000,-0.0605061,0.1480478),(0.3000000,-0.0602286,0.1497107),(0.3000000,-0.0603251,0.1492311),(0.3000000,-0.0605061,0.1480478),(0.3000000,-0.0603251,0.1492311),(0.3000000,-0.0608807,0.1482606),(0.3000000,-0.0605061,0.1480478),(0.3000000,-0.0608807,0.1482606),(0.3000000,-0.0609082,0.1481590),(0.3000000,-0.0605061,0.1480478),(0.3000000,-0.0609082,0.1481590),(0.3000000,-0.0609019,0.1480986),(0.3000000,-0.0605061,0.1480478),(0.3000000,-0.0609019,0.1480986),(0.3000000,-0.0608627,0.1480216),(0.3000000,-0.0605061,0.1480478),(0.3000000,-0.0608627,0.1480216),(0.3000000,-0.0608003,0.1479664),(0.3000000,-0.0605061,0.1480478),(0.3000000,-0.0608003,0.1479664),(0.3000000,-0.0606955,0.1479388),(0.3000000,-0.0605061,0.1480478),(0.3000000,-0.0606955,0.1479388),(0.3000000,-0.0606352,0.1479462),(0.3000000,-0.0605061,0.1480478),(0.3000000,-0.0606352,0.1479462),(0.3000000,-0.0605627,0.1479817),(0.3000000,-0.0509536,0.1499570),(0.3000000,-0.0509482,0.1500894),(0.3000000,-0.0509482,0.1517795),(0.3000000,-0.0509536,0.1499570),(0.3000000,-0.0509482,0.1517795),(0.3000000,-0.0509536,0.1519101),(0.3000000,-0.0509536,0.1499570),(0.3000000,-0.0509536,0.1519101),(0.3000000,-0.0509695,0.1520348),(0.3000000,-0.0509536,0.1499570),(0.3000000,-0.0509695,0.1520348),(0.3000000,-0.0509960,0.1521534),(0.3000000,-0.0509536,0.1499570),(0.3000000,-0.0509960,0.1521534),(0.3000000,-0.0510332,0.1522661),(0.3000000,-0.0509536,0.1499570),(0.3000000,-0.0510332,0.1522661),(0.3000000,-0.0510810,0.1523728),(0.3000000,-0.0509536,0.1499570),(0.3000000,-0.0510810,0.1523728),(0.3000000,-0.0511393,0.1524735),(0.3000000,-0.0509536,0.1499570),(0.3000000,-0.0511393,0.1524735),(0.3000000,-0.0512084,0.1525682),(0.3000000,-0.0509536,0.1499570),(0.3000000,-0.0512084,0.1525682),(0.3000000,-0.0512880,0.1526569),(0.3000000,-0.0509536,0.1499570),(0.3000000,-0.0512880,0.1526569),(0.3000000,-0.0513647,0.1527286),(0.3000000,-0.0509536,0.1499570),(0.3000000,-0.0513647,0.1527286),(0.3000000,-0.0514444,0.1527907),(0.3000000,-0.0509536,0.1499570),(0.3000000,-0.0514444,0.1527907),(0.3000000,-0.0515272,0.1528433),(0.3000000,-0.0515272,0.1528433),(0.3000000,-0.0516131,0.1528863),(0.3000000,-0.0517021,0.1529197),(0.3000000,-0.0515272,0.1528433),(0.3000000,-0.0517021,0.1529197),(0.3000000,-0.0517942,0.1529436),(0.3000000,-0.0515272,0.1528433),(0.3000000,-0.0517942,0.1529436),(0.3000000,-0.0518893,0.1529580),(0.3000000,-0.0515272,0.1528433),(0.3000000,-0.0518893,0.1529580),(0.3000000,-0.0519875,0.1529627),(0.3000000,-0.0515272,0.1528433),(0.3000000,-0.0519875,0.1529627),(0.3000000,-0.0520846,0.1529580),(0.3000000,-0.0515272,0.1528433),(0.3000000,-0.0520846,0.1529580),(0.3000000,-0.0521790,0.1529436),(0.3000000,-0.0515272,0.1528433),(0.3000000,-0.0521790,0.1529436),(0.3000000,-0.0522708,0.1529197),(0.3000000,-0.0515272,0.1528433),(0.3000000,-0.0522708,0.1529197),(0.3000000,-0.0523598,0.1528863),(0.3000000,-0.0515272,0.1528433),(0.3000000,-0.0523598,0.1528863),(0.3000000,-0.0524462,0.1528433),(0.3000000,-0.0515272,0.1528433),(0.3000000,-0.0524462,0.1528433),(0.3000000,-0.0525299,0.1527907),(0.3000000,-0.0515272,0.1528433),(0.3000000,-0.0525299,0.1527907),(0.3000000,-0.0526109,0.1527286),(0.3000000,-0.0515272,0.1528433),(0.3000000,-0.0526109,0.1527286),(0.3000000,-0.0526892,0.1526569),(0.3000000,-0.0515272,0.1528433),(0.3000000,-0.0526892,0.1526569),(0.3000000,-0.0527688,0.1525699),(0.3000000,-0.0515272,0.1528433),(0.3000000,-0.0527688,0.1525699),(0.3000000,-0.0528378,0.1524767),(0.3000000,-0.0515272,0.1528433),(0.3000000,-0.0528378,0.1524767),(0.3000000,-0.0528962,0.1523773),(0.3000000,-0.0515272,0.1528433),(0.3000000,-0.0528962,0.1523773),(0.3000000,-0.0529440,0.1522717),(0.3000000,-0.0515272,0.1528433),(0.3000000,-0.0529440,0.1522717),(0.3000000,-0.0529812,0.1521598),(0.3000000,-0.0529812,0.1521598),(0.3000000,-0.0530077,0.1520417),(0.3000000,-0.0530236,0.1519174),(0.3000000,-0.0529812,0.1521598),(0.3000000,-0.0530236,0.1519174),(0.3000000,-0.0530289,0.1517869),(0.3000000,-0.0529812,0.1521598),(0.3000000,-0.0530289,0.1517869),(0.3000000,-0.0530289,0.1517795),(0.3000000,-0.0529812,0.1521598),(0.3000000,-0.0530289,0.1517795),(0.3000000,-0.0530289,0.1500851),(0.3000000,-0.0529812,0.1521598),(0.3000000,-0.0530289,0.1500851),(0.3000000,-0.0530236,0.1499538),(0.3000000,-0.0529812,0.1521598),(0.3000000,-0.0530236,0.1499538),(0.3000000,-0.0530077,0.1498287),(0.3000000,-0.0529812,0.1521598),(0.3000000,-0.0530077,0.1498287),(0.3000000,-0.0529812,0.1497097),(0.3000000,-0.0529812,0.1521598),(0.3000000,-0.0529812,0.1497097),(0.3000000,-0.0529440,0.1495970),(0.3000000,-0.0529812,0.1521598),(0.3000000,-0.0529440,0.1495970),(0.3000000,-0.0528962,0.1494904),(0.3000000,-0.0529812,0.1521598),(0.3000000,-0.0528962,0.1494904),(0.3000000,-0.0528378,0.1493900),(0.3000000,-0.0529812,0.1521598),(0.3000000,-0.0528378,0.1493900),(0.3000000,-0.0527688,0.1492958),(0.3000000,-0.0529812,0.1521598),(0.3000000,-0.0527688,0.1492958),(0.3000000,-0.0526892,0.1492078),(0.3000000,-0.0526892,0.1492078),(0.3000000,-0.0523855,0.1495041),(0.3000000,-0.0524795,0.1496205),(0.3000000,-0.0526892,0.1492078),(0.3000000,-0.0524795,0.1496205),(0.3000000,-0.0525466,0.1497568),(0.3000000,-0.0526892,0.1492078),(0.3000000,-0.0525466,0.1497568),(0.3000000,-0.0525869,0.1499131),(0.3000000,-0.0529812,0.1521598),(0.3000000,-0.0526892,0.1492078),(0.3000000,-0.0525869,0.1499131),(0.3000000,-0.0529812,0.1521598),(0.3000000,-0.0525869,0.1499131),(0.3000000,-0.0525970,0.1499987),(0.3000000,-0.0529812,0.1521598),(0.3000000,-0.0525970,0.1499987),(0.3000000,-0.0526003,0.1500894),(0.3000000,-0.0529812,0.1521598),(0.3000000,-0.0526003,0.1500894),(0.3000000,-0.0526003,0.1517869),(0.3000000,-0.0529812,0.1521598),(0.3000000,-0.0526003,0.1517869),(0.3000000,-0.0525970,0.1518752),(0.3000000,-0.0529812,0.1521598),(0.3000000,-0.0525970,0.1518752),(0.3000000,-0.0525870,0.1519586),(0.3000000,-0.0529812,0.1521598),(0.3000000,-0.0525870,0.1519586),(0.3000000,-0.0525704,0.1520372),(0.3000000,-0.0529812,0.1521598),(0.3000000,-0.0525704,0.1520372),(0.3000000,-0.0525471,0.1521108),(0.3000000,-0.0529812,0.1521598),(0.3000000,-0.0525471,0.1521108),(0.3000000,-0.0524806,0.1522433),(0.3000000,-0.0529812,0.1521598),(0.3000000,-0.0524806,0.1522433),(0.3000000,-0.0523876,0.1523563),(0.3000000,-0.0529812,0.1521598),(0.3000000,-0.0523876,0.1523563),(0.3000000,-0.0522923,0.1524350),(0.3000000,-0.0529812,0.1521598),(0.3000000,-0.0522923,0.1524350),(0.3000000,-0.0521939,0.1524913),(0.3000000,-0.0515272,0.1528433),(0.3000000,-0.0529812,0.1521598),(0.3000000,-0.0521939,0.1524913),(0.3000000,-0.0515272,0.1528433),(0.3000000,-0.0521939,0.1524913),(0.3000000,-0.0520923,0.1525250),(0.3000000,-0.0515272,0.1528433),(0.3000000,-0.0520923,0.1525250),(0.3000000,-0.0519875,0.1525362),(0.3000000,-0.0515272,0.1528433),(0.3000000,-0.0519875,0.1525362),(0.3000000,-0.0518785,0.1525250),(0.3000000,-0.0515272,0.1528433),(0.3000000,-0.0518785,0.1525250),(0.3000000,-0.0517756,0.1524913),(0.3000000,-0.0515272,0.1528433),(0.3000000,-0.0517756,0.1524913),(0.3000000,-0.0516790,0.1524350),(0.3000000,-0.0515272,0.1528433),(0.3000000,-0.0516790,0.1524350),(0.3000000,-0.0515885,0.1523563),(0.3000000,-0.0515272,0.1528433),(0.3000000,-0.0515885,0.1523563),(0.3000000,-0.0514955,0.1522377),(0.3000000,-0.0515272,0.1528433),(0.3000000,-0.0514955,0.1522377),(0.3000000,-0.0514290,0.1521021),(0.3000000,-0.0515272,0.1528433),(0.3000000,-0.0514290,0.1521021),(0.3000000,-0.0513891,0.1519493),(0.3000000,-0.0509536,0.1499570),(0.3000000,-0.0515272,0.1528433),(0.3000000,-0.0513891,0.1519493),(0.3000000,-0.0509536,0.1499570),(0.3000000,-0.0513891,0.1519493),(0.3000000,-0.0513791,0.1518666),(0.3000000,-0.0509536,0.1499570),(0.3000000,-0.0513791,0.1518666),(0.3000000,-0.0513758,0.1517795),(0.3000000,-0.0509536,0.1499570),(0.3000000,-0.0513758,0.1517795),(0.3000000,-0.0513758,0.1500894),(0.3000000,-0.0509536,0.1499570),(0.3000000,-0.0513758,0.1500894),(0.3000000,-0.0513791,0.1499997),(0.3000000,-0.0509536,0.1499570),(0.3000000,-0.0513791,0.1499997),(0.3000000,-0.0513891,0.1499149),(0.3000000,-0.0509536,0.1499570),(0.3000000,-0.0513891,0.1499149),(0.3000000,-0.0514057,0.1498350),(0.3000000,-0.0509536,0.1499570),(0.3000000,-0.0514057,0.1498350),(0.3000000,-0.0514290,0.1497600),(0.3000000,-0.0509536,0.1499570),(0.3000000,-0.0514290,0.1497600),(0.3000000,-0.0514955,0.1496244),(0.3000000,-0.0509536,0.1499570),(0.3000000,-0.0514955,0.1496244),(0.3000000,-0.0515885,0.1495083),(0.3000000,-0.0509536,0.1499570),(0.3000000,-0.0515885,0.1495083),(0.3000000,-0.0516798,0.1494306),(0.3000000,-0.0522939,0.1494282),(0.3000000,-0.0523855,0.1495041),(0.3000000,-0.0526892,0.1492078),(0.3000000,-0.0521971,0.1493739),(0.3000000,-0.0522939,0.1494282),(0.3000000,-0.0526892,0.1492078),(0.3000000,-0.0520950,0.1493414),(0.3000000,-0.0521971,0.1493739),(0.3000000,-0.0526892,0.1492078),(0.3000000,-0.0519875,0.1493305),(0.3000000,-0.0520950,0.1493414),(0.3000000,-0.0526892,0.1492078),(0.3000000,-0.0518793,0.1493417),(0.3000000,-0.0519875,0.1493305),(0.3000000,-0.0526892,0.1492078),(0.3000000,-0.0518793,0.1493417),(0.3000000,-0.0526892,0.1492078),(0.3000000,-0.0526123,0.1491371),(0.3000000,-0.0518793,0.1493417),(0.3000000,-0.0526123,0.1491371),(0.3000000,-0.0525325,0.1490758),(0.3000000,-0.0517767,0.1493750),(0.3000000,-0.0518793,0.1493417),(0.3000000,-0.0525325,0.1490758),(0.3000000,-0.0517767,0.1493750),(0.3000000,-0.0525325,0.1490758),(0.3000000,-0.0524497,0.1490240),(0.3000000,-0.0517767,0.1493750),(0.3000000,-0.0524497,0.1490240),(0.3000000,-0.0523640,0.1489816),(0.3000000,-0.0516798,0.1494306),(0.3000000,-0.0517767,0.1493750),(0.3000000,-0.0523640,0.1489816),(0.3000000,-0.0516798,0.1494306),(0.3000000,-0.0523640,0.1489816),(0.3000000,-0.0522754,0.1489486),(0.3000000,-0.0509536,0.1499570),(0.3000000,-0.0516798,0.1494306),(0.3000000,-0.0522754,0.1489486),(0.3000000,-0.0509536,0.1499570),(0.3000000,-0.0522754,0.1489486),(0.3000000,-0.0521838,0.1489250),(0.3000000,-0.0509536,0.1499570),(0.3000000,-0.0521838,0.1489250),(0.3000000,-0.0520892,0.1489109),(0.3000000,-0.0509536,0.1499570),(0.3000000,-0.0520892,0.1489109),(0.3000000,-0.0519918,0.1489062),(0.3000000,-0.0509536,0.1499570),(0.3000000,-0.0519918,0.1489062),(0.3000000,-0.0518926,0.1489108),(0.3000000,-0.0509536,0.1499570),(0.3000000,-0.0518926,0.1489108),(0.3000000,-0.0517967,0.1489247),(0.3000000,-0.0509536,0.1499570),(0.3000000,-0.0517967,0.1489247),(0.3000000,-0.0517041,0.1489478),(0.3000000,-0.0509536,0.1499570),(0.3000000,-0.0517041,0.1489478),(0.3000000,-0.0516147,0.1489802),(0.3000000,-0.0509536,0.1499570),(0.3000000,-0.0516147,0.1489802),(0.3000000,-0.0515287,0.1490219),(0.3000000,-0.0509536,0.1499570),(0.3000000,-0.0515287,0.1490219),(0.3000000,-0.0514459,0.1490728),(0.3000000,-0.0509536,0.1499570),(0.3000000,-0.0514459,0.1490728),(0.3000000,-0.0513663,0.1491330),(0.3000000,-0.0509536,0.1499570),(0.3000000,-0.0513663,0.1491330),(0.3000000,-0.0512901,0.1492025),(0.3000000,-0.0509536,0.1499570),(0.3000000,-0.0512901,0.1492025),(0.3000000,-0.0512100,0.1492918),(0.3000000,-0.0509536,0.1499570),(0.3000000,-0.0512100,0.1492918),(0.3000000,-0.0511405,0.1493873),(0.3000000,-0.0509536,0.1499570),(0.3000000,-0.0511405,0.1493873),(0.3000000,-0.0510818,0.1494889),(0.3000000,-0.0509536,0.1499570),(0.3000000,-0.0510818,0.1494889),(0.3000000,-0.0510337,0.1495967),(0.3000000,-0.0509536,0.1499570),(0.3000000,-0.0510337,0.1495967),(0.3000000,-0.0509963,0.1497107),(0.3000000,-0.0509536,0.1499570),(0.3000000,-0.0509963,0.1497107),(0.3000000,-0.0509696,0.1498307),(0.3000000,-0.0545435,0.1499570),(0.3000000,-0.0545381,0.1500894),(0.3000000,-0.0545381,0.1517795),(0.3000000,-0.0545435,0.1499570),(0.3000000,-0.0545381,0.1517795),(0.3000000,-0.0545434,0.1519101),(0.3000000,-0.0545435,0.1499570),(0.3000000,-0.0545434,0.1519101),(0.3000000,-0.0545593,0.1520348),(0.3000000,-0.0545435,0.1499570),(0.3000000,-0.0545593,0.1520348),(0.3000000,-0.0545859,0.1521534),(0.3000000,-0.0545435,0.1499570),(0.3000000,-0.0545859,0.1521534),(0.3000000,-0.0546230,0.1522661),(0.3000000,-0.0545435,0.1499570),(0.3000000,-0.0546230,0.1522661),(0.3000000,-0.0546708,0.1523728),(0.3000000,-0.0545435,0.1499570),(0.3000000,-0.0546708,0.1523728),(0.3000000,-0.0547292,0.1524735),(0.3000000,-0.0545435,0.1499570),(0.3000000,-0.0547292,0.1524735),(0.3000000,-0.0547982,0.1525682),(0.3000000,-0.0545435,0.1499570),(0.3000000,-0.0547982,0.1525682),(0.3000000,-0.0548778,0.1526569),(0.3000000,-0.0545435,0.1499570),(0.3000000,-0.0548778,0.1526569),(0.3000000,-0.0549545,0.1527286),(0.3000000,-0.0545435,0.1499570),(0.3000000,-0.0549545,0.1527286),(0.3000000,-0.0550343,0.1527907),(0.3000000,-0.0545435,0.1499570),(0.3000000,-0.0550343,0.1527907),(0.3000000,-0.0551171,0.1528433),(0.3000000,-0.0551171,0.1528433),(0.3000000,-0.0552030,0.1528863),(0.3000000,-0.0552920,0.1529197),(0.3000000,-0.0551171,0.1528433),(0.3000000,-0.0552920,0.1529197),(0.3000000,-0.0553841,0.1529436),(0.3000000,-0.0551171,0.1528433),(0.3000000,-0.0553841,0.1529436),(0.3000000,-0.0554792,0.1529580),(0.3000000,-0.0551171,0.1528433),(0.3000000,-0.0554792,0.1529580),(0.3000000,-0.0555774,0.1529627),(0.3000000,-0.0551171,0.1528433),(0.3000000,-0.0555774,0.1529627),(0.3000000,-0.0556745,0.1529580),(0.3000000,-0.0551171,0.1528433),(0.3000000,-0.0556745,0.1529580),(0.3000000,-0.0557689,0.1529436),(0.3000000,-0.0551171,0.1528433),(0.3000000,-0.0557689,0.1529436),(0.3000000,-0.0558606,0.1529197),(0.3000000,-0.0551171,0.1528433),(0.3000000,-0.0558606,0.1529197),(0.3000000,-0.0559497,0.1528863),(0.3000000,-0.0551171,0.1528433),(0.3000000,-0.0559497,0.1528863),(0.3000000,-0.0560360,0.1528433),(0.3000000,-0.0551171,0.1528433),(0.3000000,-0.0560360,0.1528433),(0.3000000,-0.0561197,0.1527907),(0.3000000,-0.0551171,0.1528433),(0.3000000,-0.0561197,0.1527907),(0.3000000,-0.0562007,0.1527286),(0.3000000,-0.0551171,0.1528433),(0.3000000,-0.0562007,0.1527286),(0.3000000,-0.0562791,0.1526569),(0.3000000,-0.0551171,0.1528433),(0.3000000,-0.0562791,0.1526569),(0.3000000,-0.0563587,0.1525699),(0.3000000,-0.0551171,0.1528433),(0.3000000,-0.0563587,0.1525699),(0.3000000,-0.0564277,0.1524767),(0.3000000,-0.0551171,0.1528433),(0.3000000,-0.0564277,0.1524767),(0.3000000,-0.0564861,0.1523773),(0.3000000,-0.0551171,0.1528433),(0.3000000,-0.0564861,0.1523773),(0.3000000,-0.0565339,0.1522717),(0.3000000,-0.0551171,0.1528433),(0.3000000,-0.0565339,0.1522717),(0.3000000,-0.0565710,0.1521598),(0.3000000,-0.0565710,0.1521598),(0.3000000,-0.0565976,0.1520417),(0.3000000,-0.0566135,0.1519174),(0.3000000,-0.0565710,0.1521598),(0.3000000,-0.0566135,0.1519174),(0.3000000,-0.0566188,0.1517869),(0.3000000,-0.0565710,0.1521598),(0.3000000,-0.0566188,0.1517869),(0.3000000,-0.0566188,0.1517795),(0.3000000,-0.0565710,0.1521598),(0.3000000,-0.0566188,0.1517795),(0.3000000,-0.0566188,0.1500851),(0.3000000,-0.0565710,0.1521598),(0.3000000,-0.0566188,0.1500851),(0.3000000,-0.0566135,0.1499538),(0.3000000,-0.0565710,0.1521598),(0.3000000,-0.0566135,0.1499538),(0.3000000,-0.0565976,0.1498287),(0.3000000,-0.0565710,0.1521598),(0.3000000,-0.0565976,0.1498287),(0.3000000,-0.0565710,0.1497097),(0.3000000,-0.0565710,0.1521598),(0.3000000,-0.0565710,0.1497097),(0.3000000,-0.0565339,0.1495970),(0.3000000,-0.0565710,0.1521598),(0.3000000,-0.0565339,0.1495970),(0.3000000,-0.0564861,0.1494904),(0.3000000,-0.0565710,0.1521598),(0.3000000,-0.0564861,0.1494904),(0.3000000,-0.0564277,0.1493900),(0.3000000,-0.0565710,0.1521598),(0.3000000,-0.0564277,0.1493900),(0.3000000,-0.0563587,0.1492958),(0.3000000,-0.0565710,0.1521598),(0.3000000,-0.0563587,0.1492958),(0.3000000,-0.0562791,0.1492078),(0.3000000,-0.0562791,0.1492078),(0.3000000,-0.0559753,0.1495041),(0.3000000,-0.0560693,0.1496205),(0.3000000,-0.0562791,0.1492078),(0.3000000,-0.0560693,0.1496205),(0.3000000,-0.0561365,0.1497568),(0.3000000,-0.0562791,0.1492078),(0.3000000,-0.0561365,0.1497568),(0.3000000,-0.0561767,0.1499131),(0.3000000,-0.0565710,0.1521598),(0.3000000,-0.0562791,0.1492078),(0.3000000,-0.0561767,0.1499131),(0.3000000,-0.0565710,0.1521598),(0.3000000,-0.0561767,0.1499131),(0.3000000,-0.0561868,0.1499987),(0.3000000,-0.0565710,0.1521598),(0.3000000,-0.0561868,0.1499987),(0.3000000,-0.0561902,0.1500894),(0.3000000,-0.0565710,0.1521598),(0.3000000,-0.0561902,0.1500894),(0.3000000,-0.0561902,0.1517869),(0.3000000,-0.0565710,0.1521598),(0.3000000,-0.0561902,0.1517869),(0.3000000,-0.0561868,0.1518752),(0.3000000,-0.0565710,0.1521598),(0.3000000,-0.0561868,0.1518752),(0.3000000,-0.0561769,0.1519586),(0.3000000,-0.0565710,0.1521598),(0.3000000,-0.0561769,0.1519586),(0.3000000,-0.0561603,0.1520372),(0.3000000,-0.0565710,0.1521598),(0.3000000,-0.0561603,0.1520372),(0.3000000,-0.0561370,0.1521108),(0.3000000,-0.0565710,0.1521598),(0.3000000,-0.0561370,0.1521108),(0.3000000,-0.0560705,0.1522433),(0.3000000,-0.0565710,0.1521598),(0.3000000,-0.0560705,0.1522433),(0.3000000,-0.0559774,0.1523563),(0.3000000,-0.0565710,0.1521598),(0.3000000,-0.0559774,0.1523563),(0.3000000,-0.0558822,0.1524350),(0.3000000,-0.0565710,0.1521598),(0.3000000,-0.0558822,0.1524350),(0.3000000,-0.0557838,0.1524913),(0.3000000,-0.0551171,0.1528433),(0.3000000,-0.0565710,0.1521598),(0.3000000,-0.0557838,0.1524913),(0.3000000,-0.0551171,0.1528433),(0.3000000,-0.0557838,0.1524913),(0.3000000,-0.0556822,0.1525250),(0.3000000,-0.0551171,0.1528433),(0.3000000,-0.0556822,0.1525250),(0.3000000,-0.0555774,0.1525362),(0.3000000,-0.0551171,0.1528433),(0.3000000,-0.0555774,0.1525362),(0.3000000,-0.0554683,0.1525250),(0.3000000,-0.0551171,0.1528433),(0.3000000,-0.0554683,0.1525250),(0.3000000,-0.0553655,0.1524913),(0.3000000,-0.0551171,0.1528433),(0.3000000,-0.0553655,0.1524913),(0.3000000,-0.0552688,0.1524350),(0.3000000,-0.0551171,0.1528433),(0.3000000,-0.0552688,0.1524350),(0.3000000,-0.0551784,0.1523563),(0.3000000,-0.0551171,0.1528433),(0.3000000,-0.0551784,0.1523563),(0.3000000,-0.0550853,0.1522377),(0.3000000,-0.0551171,0.1528433),(0.3000000,-0.0550853,0.1522377),(0.3000000,-0.0550189,0.1521021),(0.3000000,-0.0551171,0.1528433),(0.3000000,-0.0550189,0.1521021),(0.3000000,-0.0549790,0.1519493),(0.3000000,-0.0545435,0.1499570),(0.3000000,-0.0551171,0.1528433),(0.3000000,-0.0549790,0.1519493),(0.3000000,-0.0545435,0.1499570),(0.3000000,-0.0549790,0.1519493),(0.3000000,-0.0549690,0.1518666),(0.3000000,-0.0545435,0.1499570),(0.3000000,-0.0549690,0.1518666),(0.3000000,-0.0549657,0.1517795),(0.3000000,-0.0545435,0.1499570),(0.3000000,-0.0549657,0.1517795),(0.3000000,-0.0549657,0.1500894),(0.3000000,-0.0545435,0.1499570),(0.3000000,-0.0549657,0.1500894),(0.3000000,-0.0549690,0.1499997),(0.3000000,-0.0545435,0.1499570),(0.3000000,-0.0549690,0.1499997),(0.3000000,-0.0549790,0.1499149),(0.3000000,-0.0545435,0.1499570),(0.3000000,-0.0549790,0.1499149),(0.3000000,-0.0549956,0.1498350),(0.3000000,-0.0545435,0.1499570),(0.3000000,-0.0549956,0.1498350),(0.3000000,-0.0550189,0.1497600),(0.3000000,-0.0545435,0.1499570),(0.3000000,-0.0550189,0.1497600),(0.3000000,-0.0550853,0.1496244),(0.3000000,-0.0545435,0.1499570),(0.3000000,-0.0550853,0.1496244),(0.3000000,-0.0551784,0.1495083),(0.3000000,-0.0545435,0.1499570),(0.3000000,-0.0551784,0.1495083),(0.3000000,-0.0552696,0.1494306),(0.3000000,-0.0558838,0.1494282),(0.3000000,-0.0559753,0.1495041),(0.3000000,-0.0562791,0.1492078),(0.3000000,-0.0557869,0.1493739),(0.3000000,-0.0558838,0.1494282),(0.3000000,-0.0562791,0.1492078),(0.3000000,-0.0556848,0.1493414),(0.3000000,-0.0557869,0.1493739),(0.3000000,-0.0562791,0.1492078),(0.3000000,-0.0555774,0.1493305),(0.3000000,-0.0556848,0.1493414),(0.3000000,-0.0562791,0.1492078),(0.3000000,-0.0554691,0.1493417),(0.3000000,-0.0555774,0.1493305),(0.3000000,-0.0562791,0.1492078),(0.3000000,-0.0554691,0.1493417),(0.3000000,-0.0562791,0.1492078),(0.3000000,-0.0562022,0.1491371),(0.3000000,-0.0554691,0.1493417),(0.3000000,-0.0562022,0.1491371),(0.3000000,-0.0561224,0.1490758),(0.3000000,-0.0553665,0.1493750),(0.3000000,-0.0554691,0.1493417),(0.3000000,-0.0561224,0.1490758),(0.3000000,-0.0553665,0.1493750),(0.3000000,-0.0561224,0.1490758),(0.3000000,-0.0560396,0.1490240),(0.3000000,-0.0553665,0.1493750),(0.3000000,-0.0560396,0.1490240),(0.3000000,-0.0559539,0.1489816),(0.3000000,-0.0552696,0.1494306),(0.3000000,-0.0553665,0.1493750),(0.3000000,-0.0559539,0.1489816),(0.3000000,-0.0552696,0.1494306),(0.3000000,-0.0559539,0.1489816),(0.3000000,-0.0558652,0.1489486),(0.3000000,-0.0545435,0.1499570),(0.3000000,-0.0552696,0.1494306),(0.3000000,-0.0558652,0.1489486),(0.3000000,-0.0545435,0.1499570),(0.3000000,-0.0558652,0.1489486),(0.3000000,-0.0557737,0.1489250),(0.3000000,-0.0545435,0.1499570),(0.3000000,-0.0557737,0.1489250),(0.3000000,-0.0556791,0.1489109),(0.3000000,-0.0545435,0.1499570),(0.3000000,-0.0556791,0.1489109),(0.3000000,-0.0555816,0.1489062),(0.3000000,-0.0545435,0.1499570),(0.3000000,-0.0555816,0.1489062),(0.3000000,-0.0554825,0.1489108),(0.3000000,-0.0545435,0.1499570),(0.3000000,-0.0554825,0.1489108),(0.3000000,-0.0553866,0.1489247),(0.3000000,-0.0545435,0.1499570),(0.3000000,-0.0553866,0.1489247),(0.3000000,-0.0552939,0.1489478),(0.3000000,-0.0545435,0.1499570),(0.3000000,-0.0552939,0.1489478),(0.3000000,-0.0552046,0.1489802),(0.3000000,-0.0545435,0.1499570),(0.3000000,-0.0552046,0.1489802),(0.3000000,-0.0551185,0.1490219),(0.3000000,-0.0545435,0.1499570),(0.3000000,-0.0551185,0.1490219),(0.3000000,-0.0550357,0.1490728),(0.3000000,-0.0545435,0.1499570),(0.3000000,-0.0550357,0.1490728),(0.3000000,-0.0549562,0.1491330),(0.3000000,-0.0545435,0.1499570),(0.3000000,-0.0549562,0.1491330),(0.3000000,-0.0548800,0.1492025),(0.3000000,-0.0545435,0.1499570),(0.3000000,-0.0548800,0.1492025),(0.3000000,-0.0547998,0.1492918),(0.3000000,-0.0545435,0.1499570),(0.3000000,-0.0547998,0.1492918),(0.3000000,-0.0547304,0.1493873),(0.3000000,-0.0545435,0.1499570),(0.3000000,-0.0547304,0.1493873),(0.3000000,-0.0546716,0.1494889),(0.3000000,-0.0545435,0.1499570),(0.3000000,-0.0546716,0.1494889),(0.3000000,-0.0546236,0.1495967),(0.3000000,-0.0545435,0.1499570),(0.3000000,-0.0546236,0.1495967),(0.3000000,-0.0545862,0.1497107),(0.3000000,-0.0545435,0.1499570),(0.3000000,-0.0545862,0.1497107),(0.3000000,-0.0545595,0.1498307),(0.3000000,-0.0475711,0.1498258),(0.3000000,-0.0475690,0.1497772),(0.3000000,-0.0475451,0.1496851),(0.3000000,-0.0475711,0.1498258),(0.3000000,-0.0475451,0.1496851),(0.3000000,-0.0475172,0.1495988),(0.3000000,-0.0475711,0.1498258),(0.3000000,-0.0475172,0.1495988),(0.3000000,-0.0474854,0.1495182),(0.3000000,-0.0475711,0.1498258),(0.3000000,-0.0474854,0.1495182),(0.3000000,-0.0474497,0.1494435),(0.3000000,-0.0475711,0.1498258),(0.3000000,-0.0474497,0.1494435),(0.3000000,-0.0474100,0.1493746),(0.3000000,-0.0475711,0.1498258),(0.3000000,-0.0474100,0.1493746),(0.3000000,-0.0473664,0.1493114),(0.3000000,-0.0475711,0.1498258),(0.3000000,-0.0473664,0.1493114),(0.3000000,-0.0472674,0.1492025),(0.3000000,-0.0475711,0.1498258),(0.3000000,-0.0472674,0.1492025),(0.3000000,-0.0471864,0.1491330),(0.3000000,-0.0475711,0.1498258),(0.3000000,-0.0471864,0.1491330),(0.3000000,-0.0471033,0.1490728),(0.3000000,-0.0475711,0.1498258),(0.3000000,-0.0471033,0.1490728),(0.3000000,-0.0470180,0.1490219),(0.3000000,-0.0475711,0.1498258),(0.3000000,-0.0470180,0.1490219),(0.3000000,-0.0469306,0.1489802),(0.3000000,-0.0475711,0.1498258),(0.3000000,-0.0469306,0.1489802),(0.3000000,-0.0468410,0.1489478),(0.3000000,-0.0475711,0.1498258),(0.3000000,-0.0468410,0.1489478),(0.3000000,-0.0467492,0.1489247),(0.3000000,-0.0475711,0.1498258),(0.3000000,-0.0467492,0.1489247),(0.3000000,-0.0466554,0.1489108),(0.3000000,-0.0475711,0.1498258),(0.3000000,-0.0466554,0.1489108),(0.3000000,-0.0465593,0.1489062),(0.3000000,-0.0475711,0.1498258),(0.3000000,-0.0465593,0.1489062),(0.3000000,-0.0464641,0.1489109),(0.3000000,-0.0475711,0.1498258),(0.3000000,-0.0464641,0.1489109),(0.3000000,-0.0463715,0.1489250),(0.3000000,-0.0475711,0.1498258),(0.3000000,-0.0463715,0.1489250),(0.3000000,-0.0462815,0.1489486),(0.3000000,-0.0475711,0.1498258),(0.3000000,-0.0462815,0.1489486),(0.3000000,-0.0461942,0.1489816),(0.3000000,-0.0461942,0.1489816),(0.3000000,-0.0461095,0.1490240),(0.3000000,-0.0460275,0.1490758),(0.3000000,-0.0461942,0.1489816),(0.3000000,-0.0460275,0.1490758),(0.3000000,-0.0459482,0.1491371),(0.3000000,-0.0461942,0.1489816),(0.3000000,-0.0459482,0.1491371),(0.3000000,-0.0458714,0.1492078),(0.3000000,-0.0461942,0.1489816),(0.3000000,-0.0458714,0.1492078),(0.3000000,-0.0457913,0.1492960),(0.3000000,-0.0461942,0.1489816),(0.3000000,-0.0457913,0.1492960),(0.3000000,-0.0457219,0.1493909),(0.3000000,-0.0461942,0.1489816),(0.3000000,-0.0457219,0.1493909),(0.3000000,-0.0456631,0.1494923),(0.3000000,-0.0461942,0.1489816),(0.3000000,-0.0456631,0.1494923),(0.3000000,-0.0456150,0.1496004),(0.3000000,-0.0461942,0.1489816),(0.3000000,-0.0456150,0.1496004),(0.3000000,-0.0455777,0.1497151),(0.3000000,-0.0461942,0.1489816),(0.3000000,-0.0455777,0.1497151),(0.3000000,-0.0455509,0.1498364),(0.3000000,-0.0461942,0.1489816),(0.3000000,-0.0455509,0.1498364),(0.3000000,-0.0455349,0.1499644),(0.3000000,-0.0461942,0.1489816),(0.3000000,-0.0455349,0.1499644),(0.3000000,-0.0455296,0.1500989),(0.3000000,-0.0461942,0.1489816),(0.3000000,-0.0455296,0.1500989),(0.3000000,-0.0455309,0.1502022),(0.3000000,-0.0461942,0.1489816),(0.3000000,-0.0455309,0.1502022),(0.3000000,-0.0455347,0.1503014),(0.3000000,-0.0461942,0.1489816),(0.3000000,-0.0455347,0.1503014),(0.3000000,-0.0455412,0.1503966),(0.3000000,-0.0461942,0.1489816),(0.3000000,-0.0455412,0.1503966),(0.3000000,-0.0455502,0.1504878),(0.3000000,-0.0461942,0.1489816),(0.3000000,-0.0455502,0.1504878),(0.3000000,-0.0455618,0.1505749),(0.3000000,-0.0461942,0.1489816),(0.3000000,-0.0455618,0.1505749),(0.3000000,-0.0455760,0.1506579),(0.3000000,-0.0461942,0.1489816),(0.3000000,-0.0455760,0.1506579),(0.3000000,-0.0455928,0.1507370),(0.3000000,-0.0461942,0.1489816),(0.3000000,-0.0455928,0.1507370),(0.3000000,-0.0456121,0.1508119),(0.3000000,-0.0461942,0.1489816),(0.3000000,-0.0456121,0.1508119),(0.3000000,-0.0456586,0.1509498),(0.3000000,-0.0456586,0.1509498),(0.3000000,-0.0457153,0.1510714),(0.3000000,-0.0457824,0.1511769),(0.3000000,-0.0456586,0.1509498),(0.3000000,-0.0457824,0.1511769),(0.3000000,-0.0458598,0.1512662),(0.3000000,-0.0456586,0.1509498),(0.3000000,-0.0458598,0.1512662),(0.3000000,-0.0459393,0.1513357),(0.3000000,-0.0456586,0.1509498),(0.3000000,-0.0459393,0.1513357),(0.3000000,-0.0460211,0.1513959),(0.3000000,-0.0456586,0.1509498),(0.3000000,-0.0460211,0.1513959),(0.3000000,-0.0461053,0.1514468),(0.3000000,-0.0456586,0.1509498),(0.3000000,-0.0461053,0.1514468),(0.3000000,-0.0461918,0.1514885),(0.3000000,-0.0456586,0.1509498),(0.3000000,-0.0461918,0.1514885),(0.3000000,-0.0462807,0.1515209),(0.3000000,-0.0456586,0.1509498),(0.3000000,-0.0462807,0.1515209),(0.3000000,-0.0463719,0.1515440),(0.3000000,-0.0456586,0.1509498),(0.3000000,-0.0463719,0.1515440),(0.3000000,-0.0464655,0.1515579),(0.3000000,-0.0456586,0.1509498),(0.3000000,-0.0464655,0.1515579),(0.3000000,-0.0465615,0.1515626),(0.3000000,-0.0456586,0.1509498),(0.3000000,-0.0465615,0.1515626),(0.3000000,-0.0466468,0.1515593),(0.3000000,-0.0456586,0.1509498),(0.3000000,-0.0466468,0.1515593),(0.3000000,-0.0467291,0.1515495),(0.3000000,-0.0456586,0.1509498),(0.3000000,-0.0467291,0.1515495),(0.3000000,-0.0468086,0.1515332),(0.3000000,-0.0456586,0.1509498),(0.3000000,-0.0468086,0.1515332),(0.3000000,-0.0468850,0.1515104),(0.3000000,-0.0456586,0.1509498),(0.3000000,-0.0468850,0.1515104),(0.3000000,-0.0470292,0.1514453),(0.3000000,-0.0456586,0.1509498),(0.3000000,-0.0470292,0.1514453),(0.3000000,-0.0471615,0.1513541),(0.3000000,-0.0471192,0.1525320),(0.3000000,-0.0458439,0.1525320),(0.3000000,-0.0457624,0.1525479),(0.3000000,-0.0471192,0.1525320),(0.3000000,-0.0457624,0.1525479),(0.3000000,-0.0456936,0.1525955),(0.3000000,-0.0471192,0.1525320),(0.3000000,-0.0456936,0.1525955),(0.3000000,-0.0456468,0.1526648),(0.3000000,-0.0471192,0.1525320),(0.3000000,-0.0456468,0.1526648),(0.3000000,-0.0456312,0.1527458),(0.3000000,-0.0471192,0.1525320),(0.3000000,-0.0456312,0.1527458),(0.3000000,-0.0456468,0.1528265),(0.3000000,-0.0471192,0.1525320),(0.3000000,-0.0456468,0.1528265),(0.3000000,-0.0456936,0.1528950),(0.3000000,-0.0471192,0.1525320),(0.3000000,-0.0456936,0.1528950),(0.3000000,-0.0457624,0.1529426),(0.3000000,-0.0471192,0.1525320),(0.3000000,-0.0457624,0.1529426),(0.3000000,-0.0458439,0.1529585),(0.3000000,-0.0471192,0.1525320),(0.3000000,-0.0458439,0.1529585),(0.3000000,-0.0473160,0.1529585),(0.3000000,-0.0471615,0.1513541),(0.3000000,-0.0471192,0.1525320),(0.3000000,-0.0473160,0.1529585),(0.3000000,-0.0471615,0.1513541),(0.3000000,-0.0473160,0.1529585),(0.3000000,-0.0473965,0.1529445),(0.3000000,-0.0471615,0.1513541),(0.3000000,-0.0473965,0.1529445),(0.3000000,-0.0474663,0.1529024),(0.3000000,-0.0471615,0.1513541),(0.3000000,-0.0474663,0.1529024),(0.3000000,-0.0475140,0.1528373),(0.3000000,-0.0471615,0.1513541),(0.3000000,-0.0475140,0.1528373),(0.3000000,-0.0475298,0.1527585),(0.3000000,-0.0471615,0.1513541),(0.3000000,-0.0475298,0.1527585),(0.3000000,-0.0476103,0.1506937),(0.3000000,-0.0471615,0.1513541),(0.3000000,-0.0476103,0.1506937),(0.3000000,-0.0475970,0.1506143),(0.3000000,-0.0471615,0.1513541),(0.3000000,-0.0475970,0.1506143),(0.3000000,-0.0475573,0.1505434),(0.3000000,-0.0471615,0.1513541),(0.3000000,-0.0475573,0.1505434),(0.3000000,-0.0474923,0.1504894),(0.3000000,-0.0471615,0.1513541),(0.3000000,-0.0474923,0.1504894),(0.3000000,-0.0474092,0.1504714),(0.3000000,-0.0471615,0.1513541),(0.3000000,-0.0474092,0.1504714),(0.3000000,-0.0473280,0.1504849),(0.3000000,-0.0471615,0.1513541),(0.3000000,-0.0473280,0.1504849),(0.3000000,-0.0472557,0.1505254),(0.3000000,-0.0471615,0.1513541),(0.3000000,-0.0472557,0.1505254),(0.3000000,-0.0471933,0.1506270),(0.3000000,-0.0471615,0.1513541),(0.3000000,-0.0471933,0.1506270),(0.3000000,-0.0471593,0.1507121),(0.3000000,-0.0471615,0.1513541),(0.3000000,-0.0471593,0.1507121),(0.3000000,-0.0471102,0.1507961),(0.3000000,-0.0471615,0.1513541),(0.3000000,-0.0471102,0.1507961),(0.3000000,-0.0470460,0.1508788),(0.3000000,-0.0471615,0.1513541),(0.3000000,-0.0470460,0.1508788),(0.3000000,-0.0469668,0.1509604),(0.3000000,-0.0471615,0.1513541),(0.3000000,-0.0469668,0.1509604),(0.3000000,-0.0468712,0.1510382),(0.3000000,-0.0471615,0.1513541),(0.3000000,-0.0468712,0.1510382),(0.3000000,-0.0467718,0.1510937),(0.3000000,-0.0471615,0.1513541),(0.3000000,-0.0467718,0.1510937),(0.3000000,-0.0466685,0.1511271),(0.3000000,-0.0471615,0.1513541),(0.3000000,-0.0466685,0.1511271),(0.3000000,-0.0465615,0.1511382),(0.3000000,-0.0471615,0.1513541),(0.3000000,-0.0465615,0.1511382),(0.3000000,-0.0464550,0.1511271),(0.3000000,-0.0456586,0.1509498),(0.3000000,-0.0471615,0.1513541),(0.3000000,-0.0464550,0.1511271),(0.3000000,-0.0456586,0.1509498),(0.3000000,-0.0464550,0.1511271),(0.3000000,-0.0463524,0.1510937),(0.3000000,-0.0456586,0.1509498),(0.3000000,-0.0463524,0.1510937),(0.3000000,-0.0462539,0.1510382),(0.3000000,-0.0456586,0.1509498),(0.3000000,-0.0462539,0.1510382),(0.3000000,-0.0461593,0.1509604),(0.3000000,-0.0456586,0.1509498),(0.3000000,-0.0461593,0.1509604),(0.3000000,-0.0460690,0.1508318),(0.3000000,-0.0456586,0.1509498),(0.3000000,-0.0460690,0.1508318),(0.3000000,-0.0460335,0.1507457),(0.3000000,-0.0456586,0.1509498),(0.3000000,-0.0460335,0.1507457),(0.3000000,-0.0460045,0.1506450),(0.3000000,-0.0456586,0.1509498),(0.3000000,-0.0460045,0.1506450),(0.3000000,-0.0459819,0.1505298),(0.3000000,-0.0456586,0.1509498),(0.3000000,-0.0459819,0.1505298),(0.3000000,-0.0459658,0.1504000),(0.3000000,-0.0456586,0.1509498),(0.3000000,-0.0459658,0.1504000),(0.3000000,-0.0459561,0.1502557),(0.3000000,-0.0456586,0.1509498),(0.3000000,-0.0459561,0.1502557),(0.3000000,-0.0459529,0.1500968),(0.3000000,-0.0456586,0.1509498),(0.3000000,-0.0459529,0.1500968),(0.3000000,-0.0459564,0.1500053),(0.3000000,-0.0456586,0.1509498),(0.3000000,-0.0459564,0.1500053),(0.3000000,-0.0459667,0.1499188),(0.3000000,-0.0456586,0.1509498),(0.3000000,-0.0459667,0.1499188),(0.3000000,-0.0459839,0.1498373),(0.3000000,-0.0461942,0.1489816),(0.3000000,-0.0456586,0.1509498),(0.3000000,-0.0459839,0.1498373),(0.3000000,-0.0461942,0.1489816),(0.3000000,-0.0459839,0.1498373),(0.3000000,-0.0460079,0.1497608),(0.3000000,-0.0461942,0.1489816),(0.3000000,-0.0460079,0.1497608),(0.3000000,-0.0460767,0.1496225),(0.3000000,-0.0461942,0.1489816),(0.3000000,-0.0460767,0.1496225),(0.3000000,-0.0461730,0.1495041),(0.3000000,-0.0461942,0.1489816),(0.3000000,-0.0461730,0.1495041),(0.3000000,-0.0462643,0.1494282),(0.3000000,-0.0461942,0.1489816),(0.3000000,-0.0462643,0.1494282),(0.3000000,-0.0463604,0.1493739),(0.3000000,-0.0461942,0.1489816),(0.3000000,-0.0463604,0.1493739),(0.3000000,-0.0464612,0.1493414),(0.3000000,-0.0461942,0.1489816),(0.3000000,-0.0464612,0.1493414),(0.3000000,-0.0465667,0.1493305),(0.3000000,-0.0461942,0.1489816),(0.3000000,-0.0465667,0.1493305),(0.3000000,-0.0466693,0.1493418),(0.3000000,-0.0461942,0.1489816),(0.3000000,-0.0466693,0.1493418),(0.3000000,-0.0467718,0.1493755),(0.3000000,-0.0461942,0.1489816),(0.3000000,-0.0467718,0.1493755),(0.3000000,-0.0468741,0.1494317),(0.3000000,-0.0475711,0.1498258),(0.3000000,-0.0461942,0.1489816),(0.3000000,-0.0468741,0.1494317),(0.3000000,-0.0475711,0.1498258),(0.3000000,-0.0468741,0.1494317),(0.3000000,-0.0469763,0.1495105),(0.3000000,-0.0475711,0.1498258),(0.3000000,-0.0469763,0.1495105),(0.3000000,-0.0470785,0.1496533),(0.3000000,-0.0475711,0.1498258),(0.3000000,-0.0470785,0.1496533),(0.3000000,-0.0471180,0.1497533),(0.3000000,-0.0475711,0.1498258),(0.3000000,-0.0471180,0.1497533),(0.3000000,-0.0471499,0.1498724),(0.3000000,-0.0475711,0.1498258),(0.3000000,-0.0471499,0.1498724),(0.3000000,-0.0471939,0.1499451),(0.3000000,-0.0475711,0.1498258),(0.3000000,-0.0471939,0.1499451),(0.3000000,-0.0472425,0.1499970),(0.3000000,-0.0475711,0.1498258),(0.3000000,-0.0472425,0.1499970),(0.3000000,-0.0473531,0.1500386),(0.3000000,-0.0475711,0.1498258),(0.3000000,-0.0473531,0.1500386),(0.3000000,-0.0473605,0.1500386),(0.3000000,-0.0475711,0.1498258),(0.3000000,-0.0473605,0.1500386),(0.3000000,-0.0474344,0.1500229),(0.3000000,-0.0475711,0.1498258),(0.3000000,-0.0474344,0.1500229),(0.3000000,-0.0474941,0.1499822),(0.3000000,-0.0496857,0.1493305),(0.3000000,-0.0485141,0.1509212),(0.3000000,-0.0484496,0.1510150),(0.3000000,-0.0496857,0.1493305),(0.3000000,-0.0484496,0.1510150),(0.3000000,-0.0483937,0.1511126),(0.3000000,-0.0496857,0.1493305),(0.3000000,-0.0483937,0.1511126),(0.3000000,-0.0483464,0.1512141),(0.3000000,-0.0496857,0.1493305),(0.3000000,-0.0483464,0.1512141),(0.3000000,-0.0483077,0.1513194),(0.3000000,-0.0496857,0.1493305),(0.3000000,-0.0483077,0.1513194),(0.3000000,-0.0482776,0.1514286),(0.3000000,-0.0496857,0.1493305),(0.3000000,-0.0482776,0.1514286),(0.3000000,-0.0482561,0.1515417),(0.3000000,-0.0496857,0.1493305),(0.3000000,-0.0482561,0.1515417),(0.3000000,-0.0482432,0.1516587),(0.3000000,-0.0496857,0.1493305),(0.3000000,-0.0482432,0.1516587),(0.3000000,-0.0482389,0.1517795),(0.3000000,-0.0496857,0.1493305),(0.3000000,-0.0482389,0.1517795),(0.3000000,-0.0482440,0.1519045),(0.3000000,-0.0496857,0.1493305),(0.3000000,-0.0482440,0.1519045),(0.3000000,-0.0482594,0.1520249),(0.3000000,-0.0496857,0.1493305),(0.3000000,-0.0482594,0.1520249),(0.3000000,-0.0482851,0.1521406),(0.3000000,-0.0496857,0.1493305),(0.3000000,-0.0482851,0.1521406),(0.3000000,-0.0483209,0.1522518),(0.3000000,-0.0483209,0.1522518),(0.3000000,-0.0483671,0.1523584),(0.3000000,-0.0484235,0.1524604),(0.3000000,-0.0483209,0.1522518),(0.3000000,-0.0484235,0.1524604),(0.3000000,-0.0484901,0.1525577),(0.3000000,-0.0483209,0.1522518),(0.3000000,-0.0484901,0.1525577),(0.3000000,-0.0485670,0.1526505),(0.3000000,-0.0483209,0.1522518),(0.3000000,-0.0485670,0.1526505),(0.3000000,-0.0486399,0.1527237),(0.3000000,-0.0483209,0.1522518),(0.3000000,-0.0486399,0.1527237),(0.3000000,-0.0487173,0.1527871),(0.3000000,-0.0483209,0.1522518),(0.3000000,-0.0487173,0.1527871),(0.3000000,-0.0487992,0.1528408),(0.3000000,-0.0483209,0.1522518),(0.3000000,-0.0487992,0.1528408),(0.3000000,-0.0488856,0.1528847),(0.3000000,-0.0483209,0.1522518),(0.3000000,-0.0488856,0.1528847),(0.3000000,-0.0489764,0.1529188),(0.3000000,-0.0483209,0.1522518),(0.3000000,-0.0489764,0.1529188),(0.3000000,-0.0490718,0.1529432),(0.3000000,-0.0483209,0.1522518),(0.3000000,-0.0490718,0.1529432),(0.3000000,-0.0491717,0.1529579),(0.3000000,-0.0483209,0.1522518),(0.3000000,-0.0491717,0.1529579),(0.3000000,-0.0492761,0.1529627),(0.3000000,-0.0483209,0.1522518),(0.3000000,-0.0492761,0.1529627),(0.3000000,-0.0493746,0.1529580),(0.3000000,-0.0483209,0.1522518),(0.3000000,-0.0493746,0.1529580),(0.3000000,-0.0494701,0.1529436),(0.3000000,-0.0483209,0.1522518),(0.3000000,-0.0494701,0.1529436),(0.3000000,-0.0495626,0.1529197),(0.3000000,-0.0483209,0.1522518),(0.3000000,-0.0495626,0.1529197),(0.3000000,-0.0496521,0.1528863),(0.3000000,-0.0483209,0.1522518),(0.3000000,-0.0496521,0.1528863),(0.3000000,-0.0497385,0.1528433),(0.3000000,-0.0483209,0.1522518),(0.3000000,-0.0497385,0.1528433),(0.3000000,-0.0498220,0.1527907),(0.3000000,-0.0498220,0.1527907),(0.3000000,-0.0499024,0.1527286),(0.3000000,-0.0499799,0.1526569),(0.3000000,-0.0498220,0.1527907),(0.3000000,-0.0499799,0.1526569),(0.3000000,-0.0500590,0.1525704),(0.3000000,-0.0498220,0.1527907),(0.3000000,-0.0500590,0.1525704),(0.3000000,-0.0501276,0.1524775),(0.3000000,-0.0498220,0.1527907),(0.3000000,-0.0501276,0.1524775),(0.3000000,-0.0501856,0.1523783),(0.3000000,-0.0498220,0.1527907),(0.3000000,-0.0501856,0.1523783),(0.3000000,-0.0502331,0.1522727),(0.3000000,-0.0498220,0.1527907),(0.3000000,-0.0502331,0.1522727),(0.3000000,-0.0502700,0.1521608),(0.3000000,-0.0498220,0.1527907),(0.3000000,-0.0502700,0.1521608),(0.3000000,-0.0502964,0.1520425),(0.3000000,-0.0498220,0.1527907),(0.3000000,-0.0502964,0.1520425),(0.3000000,-0.0503122,0.1519179),(0.3000000,-0.0498220,0.1527907),(0.3000000,-0.0503122,0.1519179),(0.3000000,-0.0503175,0.1517869),(0.3000000,-0.0498220,0.1527907),(0.3000000,-0.0503175,0.1517869),(0.3000000,-0.0503175,0.1517816),(0.3000000,-0.0498220,0.1527907),(0.3000000,-0.0503175,0.1517816),(0.3000000,-0.0503019,0.1517002),(0.3000000,-0.0498220,0.1527907),(0.3000000,-0.0503019,0.1517002),(0.3000000,-0.0502550,0.1516314),(0.3000000,-0.0498220,0.1527907),(0.3000000,-0.0502550,0.1516314),(0.3000000,-0.0501862,0.1515845),(0.3000000,-0.0498220,0.1527907),(0.3000000,-0.0501862,0.1515845),(0.3000000,-0.0501048,0.1515689),(0.3000000,-0.0498220,0.1527907),(0.3000000,-0.0501048,0.1515689),(0.3000000,-0.0500233,0.1515845),(0.3000000,-0.0498220,0.1527907),(0.3000000,-0.0500233,0.1515845),(0.3000000,-0.0499545,0.1516314),(0.3000000,-0.0498220,0.1527907),(0.3000000,-0.0499545,0.1516314),(0.3000000,-0.0499068,0.1517002),(0.3000000,-0.0499068,0.1517002),(0.3000000,-0.0498910,0.1517816),(0.3000000,-0.0498910,0.1517869),(0.3000000,-0.0499068,0.1517002),(0.3000000,-0.0498910,0.1517869),(0.3000000,-0.0498876,0.1518739),(0.3000000,-0.0498220,0.1527907),(0.3000000,-0.0499068,0.1517002),(0.3000000,-0.0498876,0.1518739),(0.3000000,-0.0498220,0.1527907),(0.3000000,-0.0498876,0.1518739),(0.3000000,-0.0498777,0.1519563),(0.3000000,-0.0498220,0.1527907),(0.3000000,-0.0498777,0.1519563),(0.3000000,-0.0498611,0.1520342),(0.3000000,-0.0498220,0.1527907),(0.3000000,-0.0498611,0.1520342),(0.3000000,-0.0498378,0.1521076),(0.3000000,-0.0498220,0.1527907),(0.3000000,-0.0498378,0.1521076),(0.3000000,-0.0497713,0.1522410),(0.3000000,-0.0498220,0.1527907),(0.3000000,-0.0497713,0.1522410),(0.3000000,-0.0496782,0.1523563),(0.3000000,-0.0498220,0.1527907),(0.3000000,-0.0496782,0.1523563),(0.3000000,-0.0495874,0.1524350),(0.3000000,-0.0498220,0.1527907),(0.3000000,-0.0495874,0.1524350),(0.3000000,-0.0494904,0.1524913),(0.3000000,-0.0498220,0.1527907),(0.3000000,-0.0494904,0.1524913),(0.3000000,-0.0493873,0.1525250),(0.3000000,-0.0498220,0.1527907),(0.3000000,-0.0493873,0.1525250),(0.3000000,-0.0492782,0.1525362),(0.3000000,-0.0498220,0.1527907),(0.3000000,-0.0492782,0.1525362),(0.3000000,-0.0491650,0.1525254),(0.3000000,-0.0498220,0.1527907),(0.3000000,-0.0491650,0.1525254),(0.3000000,-0.0490612,0.1524928),(0.3000000,-0.0483209,0.1522518),(0.3000000,-0.0498220,0.1527907),(0.3000000,-0.0490612,0.1524928),(0.3000000,-0.0483209,0.1522518),(0.3000000,-0.0490612,0.1524928),(0.3000000,-0.0489670,0.1524386),(0.3000000,-0.0483209,0.1522518),(0.3000000,-0.0489670,0.1524386),(0.3000000,-0.0488824,0.1523627),(0.3000000,-0.0483209,0.1522518),(0.3000000,-0.0488824,0.1523627),(0.3000000,-0.0488308,0.1523015),(0.3000000,-0.0483209,0.1522518),(0.3000000,-0.0488308,0.1523015),(0.3000000,-0.0487861,0.1522371),(0.3000000,-0.0483209,0.1522518),(0.3000000,-0.0487861,0.1522371),(0.3000000,-0.0487173,0.1520983),(0.3000000,-0.0483209,0.1522518),(0.3000000,-0.0487173,0.1520983),(0.3000000,-0.0486760,0.1519465),(0.3000000,-0.0483209,0.1522518),(0.3000000,-0.0486760,0.1519465),(0.3000000,-0.0486657,0.1518657),(0.3000000,-0.0483209,0.1522518),(0.3000000,-0.0486657,0.1518657),(0.3000000,-0.0486622,0.1517816),(0.3000000,-0.0483209,0.1522518),(0.3000000,-0.0486622,0.1517816),(0.3000000,-0.0486652,0.1516949),(0.3000000,-0.0483209,0.1522518),(0.3000000,-0.0486652,0.1516949),(0.3000000,-0.0486740,0.1516115),(0.3000000,-0.0483209,0.1522518),(0.3000000,-0.0486740,0.1516115),(0.3000000,-0.0486886,0.1515314),(0.3000000,-0.0483209,0.1522518),(0.3000000,-0.0486886,0.1515314),(0.3000000,-0.0487091,0.1514546),(0.3000000,-0.0483209,0.1522518),(0.3000000,-0.0487091,0.1514546),(0.3000000,-0.0487676,0.1513109),(0.3000000,-0.0496857,0.1493305),(0.3000000,-0.0483209,0.1522518),(0.3000000,-0.0487676,0.1513109),(0.3000000,-0.0496857,0.1493305),(0.3000000,-0.0487676,0.1513109),(0.3000000,-0.0488496,0.1511805),(0.3000000,-0.0496857,0.1493305),(0.3000000,-0.0488496,0.1511805),(0.3000000,-0.0502730,0.1492469),(0.3000000,-0.0484495,0.1493305),(0.3000000,-0.0496857,0.1493305),(0.3000000,-0.0502730,0.1492469),(0.3000000,-0.0484495,0.1493305),(0.3000000,-0.0502730,0.1492469),(0.3000000,-0.0503196,0.1491221),(0.3000000,-0.0484495,0.1493305),(0.3000000,-0.0503196,0.1491221),(0.3000000,-0.0503175,0.1490871),(0.3000000,-0.0484495,0.1493305),(0.3000000,-0.0503175,0.1490871),(0.3000000,-0.0502910,0.1490085),(0.3000000,-0.0484495,0.1493305),(0.3000000,-0.0502910,0.1490085),(0.3000000,-0.0502392,0.1489527),(0.3000000,-0.0484495,0.1493305),(0.3000000,-0.0502392,0.1489527),(0.3000000,-0.0501706,0.1489178),(0.3000000,-0.0484495,0.1493305),(0.3000000,-0.0501706,0.1489178),(0.3000000,-0.0501048,0.1489062),(0.3000000,-0.0484495,0.1493305),(0.3000000,-0.0501048,0.1489062),(0.3000000,-0.0484495,0.1489062),(0.3000000,-0.0484495,0.1493305),(0.3000000,-0.0484495,0.1489062),(0.3000000,-0.0483662,0.1489212),(0.3000000,-0.0484495,0.1493305),(0.3000000,-0.0483662,0.1489212),(0.3000000,-0.0482982,0.1489665),(0.3000000,-0.0484495,0.1493305),(0.3000000,-0.0482982,0.1489665),(0.3000000,-0.0482537,0.1490345),(0.3000000,-0.0484495,0.1493305),(0.3000000,-0.0482537,0.1490345),(0.3000000,-0.0482389,0.1491178),(0.3000000,-0.0484495,0.1493305),(0.3000000,-0.0482389,0.1491178),(0.3000000,-0.0482537,0.1492020),(0.3000000,-0.0484495,0.1493305),(0.3000000,-0.0482537,0.1492020),(0.3000000,-0.0482982,0.1492702),(0.3000000,-0.0484495,0.1493305),(0.3000000,-0.0482982,0.1492702),(0.3000000,-0.0483641,0.1493155),(0.3000000,-0.0540799,0.1489366),(0.3000000,-0.0540068,0.1488300),(0.3000000,-0.0539002,0.1487569),(0.3000000,-0.0540799,0.1489366),(0.3000000,-0.0539002,0.1487569),(0.3000000,-0.0537751,0.1487326),(0.3000000,-0.0540799,0.1489366),(0.3000000,-0.0537751,0.1487326),(0.3000000,-0.0536502,0.1487569),(0.3000000,-0.0540799,0.1489366),(0.3000000,-0.0536502,0.1487569),(0.3000000,-0.0535443,0.1488300),(0.3000000,-0.0540799,0.1489366),(0.3000000,-0.0535443,0.1488300),(0.3000000,-0.0534713,0.1489366),(0.3000000,-0.0540799,0.1489366),(0.3000000,-0.0534713,0.1489366),(0.3000000,-0.0534470,0.1490617),(0.3000000,-0.0540799,0.1489366),(0.3000000,-0.0534470,0.1490617),(0.3000000,-0.0534713,0.1491869),(0.3000000,-0.0540799,0.1489366),(0.3000000,-0.0534713,0.1491869),(0.3000000,-0.0535443,0.1492935),(0.3000000,-0.0540799,0.1489366),(0.3000000,-0.0535443,0.1492935),(0.3000000,-0.0536502,0.1493665),(0.3000000,-0.0540799,0.1489366),(0.3000000,-0.0536502,0.1493665),(0.3000000,-0.0537751,0.1493909),(0.3000000,-0.0540799,0.1489366),(0.3000000,-0.0537751,0.1493909),(0.3000000,-0.0539002,0.1493665),(0.3000000,-0.0540799,0.1489366),(0.3000000,-0.0539002,0.1493665),(0.3000000,-0.0540068,0.1492935),(0.3000000,-0.0540799,0.1489366),(0.3000000,-0.0540068,0.1492935),(0.3000000,-0.0540799,0.1491869),(0.3000000,-0.0540799,0.1489366),(0.3000000,-0.0540799,0.1491869),(0.3000000,-0.0541042,0.1490617),(0.3000000,-0.0351419,0.1506889),(0.3000000,-0.0337597,0.1488993),(0.3000000,-0.0336874,0.1488374),(0.3000000,-0.0351419,0.1506889),(0.3000000,-0.0336874,0.1488374),(0.3000000,-0.0335956,0.1488167),(0.3000000,-0.0351419,0.1506889),(0.3000000,-0.0335956,0.1488167),(0.3000000,-0.0334633,0.1488622),(0.3000000,-0.0351419,0.1506889),(0.3000000,-0.0334633,0.1488622),(0.3000000,-0.0333990,0.1489358),(0.3000000,-0.0351419,0.1506889),(0.3000000,-0.0333990,0.1489358),(0.3000000,-0.0333776,0.1490316),(0.3000000,-0.0351419,0.1506889),(0.3000000,-0.0333776,0.1490316),(0.3000000,-0.0334221,0.1491639),(0.3000000,-0.0351419,0.1506889),(0.3000000,-0.0334221,0.1491639),(0.3000000,-0.0345979,0.1506889),(0.3000000,-0.0345979,0.1506889),(0.3000000,-0.0345121,0.1506889),(0.3000000,-0.0343929,0.1506940),(0.3000000,-0.0351419,0.1506889),(0.3000000,-0.0345979,0.1506889),(0.3000000,-0.0343929,0.1506940),(0.3000000,-0.0360055,0.1506889),(0.3000000,-0.0351419,0.1506889),(0.3000000,-0.0343929,0.1506940),(0.3000000,-0.0360055,0.1506889),(0.3000000,-0.0343929,0.1506940),(0.3000000,-0.0342791,0.1507094),(0.3000000,-0.0360055,0.1506889),(0.3000000,-0.0342791,0.1507094),(0.3000000,-0.0341708,0.1507349),(0.3000000,-0.0360055,0.1506889),(0.3000000,-0.0341708,0.1507349),(0.3000000,-0.0340679,0.1507707),(0.3000000,-0.0360055,0.1506889),(0.3000000,-0.0340679,0.1507707),(0.3000000,-0.0339705,0.1508167),(0.3000000,-0.0360055,0.1506889),(0.3000000,-0.0339705,0.1508167),(0.3000000,-0.0338785,0.1508729),(0.3000000,-0.0360055,0.1506889),(0.3000000,-0.0338785,0.1508729),(0.3000000,-0.0337920,0.1509393),(0.3000000,-0.0360055,0.1506889),(0.3000000,-0.0337920,0.1509393),(0.3000000,-0.0337110,0.1510159),(0.3000000,-0.0360055,0.1506889),(0.3000000,-0.0337110,0.1510159),(0.3000000,-0.0336346,0.1511057),(0.3000000,-0.0360055,0.1506889),(0.3000000,-0.0336346,0.1511057),(0.3000000,-0.0335684,0.1511981),(0.3000000,-0.0360055,0.1506889),(0.3000000,-0.0335684,0.1511981),(0.3000000,-0.0335124,0.1512933),(0.3000000,-0.0335124,0.1512933),(0.3000000,-0.0334665,0.1513911),(0.3000000,-0.0338621,0.1515403),(0.3000000,-0.0335124,0.1512933),(0.3000000,-0.0338621,0.1515403),(0.3000000,-0.0339266,0.1514227),(0.3000000,-0.0335124,0.1512933),(0.3000000,-0.0339266,0.1514227),(0.3000000,-0.0340168,0.1513165),(0.3000000,-0.0335124,0.1512933),(0.3000000,-0.0340168,0.1513165),(0.3000000,-0.0341268,0.1512285),(0.3000000,-0.0335124,0.1512933),(0.3000000,-0.0341268,0.1512285),(0.3000000,-0.0342460,0.1511657),(0.3000000,-0.0335124,0.1512933),(0.3000000,-0.0342460,0.1511657),(0.3000000,-0.0343744,0.1511280),(0.3000000,-0.0360055,0.1506889),(0.3000000,-0.0335124,0.1512933),(0.3000000,-0.0343744,0.1511280),(0.3000000,-0.0360055,0.1506889),(0.3000000,-0.0343744,0.1511280),(0.3000000,-0.0345121,0.1511154),(0.3000000,-0.0360055,0.1506889),(0.3000000,-0.0345121,0.1511154),(0.3000000,-0.0360055,0.1511154),(0.3000000,-0.0338234,0.1516693),(0.3000000,-0.0338621,0.1515403),(0.3000000,-0.0334665,0.1513911),(0.3000000,-0.0338105,0.1518097),(0.3000000,-0.0338234,0.1516693),(0.3000000,-0.0334665,0.1513911),(0.3000000,-0.0338234,0.1519487),(0.3000000,-0.0338105,0.1518097),(0.3000000,-0.0334665,0.1513911),(0.3000000,-0.0338621,0.1520769),(0.3000000,-0.0338234,0.1519487),(0.3000000,-0.0334665,0.1513911),(0.3000000,-0.0339266,0.1521943),(0.3000000,-0.0338621,0.1520769),(0.3000000,-0.0334665,0.1513911),(0.3000000,-0.0339266,0.1521943),(0.3000000,-0.0334665,0.1513911),(0.3000000,-0.0334309,0.1514917),(0.3000000,-0.0339266,0.1521943),(0.3000000,-0.0334309,0.1514917),(0.3000000,-0.0334054,0.1515950),(0.3000000,-0.0340168,0.1523008),(0.3000000,-0.0339266,0.1521943),(0.3000000,-0.0334054,0.1515950),(0.3000000,-0.0340168,0.1523008),(0.3000000,-0.0334054,0.1515950),(0.3000000,-0.0333901,0.1517010),(0.3000000,-0.0340168,0.1523008),(0.3000000,-0.0333901,0.1517010),(0.3000000,-0.0333850,0.1518097),(0.3000000,-0.0341240,0.1523887),(0.3000000,-0.0340168,0.1523008),(0.3000000,-0.0333850,0.1518097),(0.3000000,-0.0341240,0.1523887),(0.3000000,-0.0333850,0.1518097),(0.3000000,-0.0333901,0.1519223),(0.3000000,-0.0341240,0.1523887),(0.3000000,-0.0333901,0.1519223),(0.3000000,-0.0334054,0.1520310),(0.3000000,-0.0342412,0.1524516),(0.3000000,-0.0341240,0.1523887),(0.3000000,-0.0334054,0.1520310),(0.3000000,-0.0342412,0.1524516),(0.3000000,-0.0334054,0.1520310),(0.3000000,-0.0334309,0.1521358),(0.3000000,-0.0342412,0.1524516),(0.3000000,-0.0334309,0.1521358),(0.3000000,-0.0334665,0.1522367),(0.3000000,-0.0343685,0.1524893),(0.3000000,-0.0342412,0.1524516),(0.3000000,-0.0334665,0.1522367),(0.3000000,-0.0343685,0.1524893),(0.3000000,-0.0334665,0.1522367),(0.3000000,-0.0335124,0.1523337),(0.3000000,-0.0343685,0.1524893),(0.3000000,-0.0335124,0.1523337),(0.3000000,-0.0335684,0.1524268),(0.3000000,-0.0345058,0.1525018),(0.3000000,-0.0343685,0.1524893),(0.3000000,-0.0335684,0.1524268),(0.3000000,-0.0345058,0.1525018),(0.3000000,-0.0335684,0.1524268),(0.3000000,-0.0336346,0.1525160),(0.3000000,-0.0360055,0.1525018),(0.3000000,-0.0345058,0.1525018),(0.3000000,-0.0336346,0.1525160),(0.3000000,-0.0360055,0.1525018),(0.3000000,-0.0336346,0.1525160),(0.3000000,-0.0337110,0.1526013),(0.3000000,-0.0360055,0.1525018),(0.3000000,-0.0337110,0.1526013),(0.3000000,-0.0337981,0.1526795),(0.3000000,-0.0360055,0.1525018),(0.3000000,-0.0337981,0.1526795),(0.3000000,-0.0338889,0.1527472),(0.3000000,-0.0360055,0.1525018),(0.3000000,-0.0338889,0.1527472),(0.3000000,-0.0339834,0.1528045),(0.3000000,-0.0360055,0.1525018),(0.3000000,-0.0339834,0.1528045),(0.3000000,-0.0340817,0.1528514),(0.3000000,-0.0360055,0.1525018),(0.3000000,-0.0340817,0.1528514),(0.3000000,-0.0341837,0.1528878),(0.3000000,-0.0360055,0.1525018),(0.3000000,-0.0341837,0.1528878),(0.3000000,-0.0342894,0.1529139),(0.3000000,-0.0360055,0.1525018),(0.3000000,-0.0342894,0.1529139),(0.3000000,-0.0343989,0.1529295),(0.3000000,-0.0360055,0.1525018),(0.3000000,-0.0343989,0.1529295),(0.3000000,-0.0345121,0.1529347),(0.3000000,-0.0360055,0.1525018),(0.3000000,-0.0345121,0.1529347),(0.3000000,-0.0362182,0.1529347),(0.3000000,-0.0360055,0.1511154),(0.3000000,-0.0360055,0.1525018),(0.3000000,-0.0362182,0.1529347),(0.3000000,-0.0360055,0.1506889),(0.3000000,-0.0360055,0.1511154),(0.3000000,-0.0362182,0.1529347),(0.3000000,-0.0360055,0.1506889),(0.3000000,-0.0362182,0.1529347),(0.3000000,-0.0363042,0.1529180),(0.3000000,-0.0360055,0.1506889),(0.3000000,-0.0363042,0.1529180),(0.3000000,-0.0363759,0.1528680),(0.3000000,-0.0360055,0.1506889),(0.3000000,-0.0363759,0.1528680),(0.3000000,-0.0364179,0.1527937),(0.3000000,-0.0360055,0.1506889),(0.3000000,-0.0364179,0.1527937),(0.3000000,-0.0364320,0.1527146),(0.3000000,-0.0360055,0.1506889),(0.3000000,-0.0364320,0.1527146),(0.3000000,-0.0364320,0.1490877),(0.3000000,-0.0360055,0.1506889),(0.3000000,-0.0364320,0.1490877),(0.3000000,-0.0364091,0.1490043),(0.3000000,-0.0360055,0.1506889),(0.3000000,-0.0364091,0.1490043),(0.3000000,-0.0363658,0.1489448),(0.3000000,-0.0360055,0.1506889),(0.3000000,-0.0363658,0.1489448),(0.3000000,-0.0362182,0.1488972),(0.3000000,-0.0360055,0.1506889),(0.3000000,-0.0362182,0.1488972),(0.3000000,-0.0361442,0.1489091),(0.3000000,-0.0360055,0.1506889),(0.3000000,-0.0361442,0.1489091),(0.3000000,-0.0360840,0.1489448),(0.3000000,-0.0360055,0.1506889),(0.3000000,-0.0360840,0.1489448),(0.3000000,-0.0360055,0.1490877),(0.3000000,-0.0373940,0.1506942),(0.3000000,-0.0373961,0.1490877),(0.3000000,-0.0373800,0.1490056),(0.3000000,-0.0373940,0.1506942),(0.3000000,-0.0373800,0.1490056),(0.3000000,-0.0373315,0.1489374),(0.3000000,-0.0373940,0.1506942),(0.3000000,-0.0373315,0.1489374),(0.3000000,-0.0372628,0.1488913),(0.3000000,-0.0373940,0.1506942),(0.3000000,-0.0372628,0.1488913),(0.3000000,-0.0371855,0.1488760),(0.3000000,-0.0373940,0.1506942),(0.3000000,-0.0371855,0.1488760),(0.3000000,-0.0371027,0.1488913),(0.3000000,-0.0373940,0.1506942),(0.3000000,-0.0371027,0.1488913),(0.3000000,-0.0370342,0.1489374),(0.3000000,-0.0373940,0.1506942),(0.3000000,-0.0370342,0.1489374),(0.3000000,-0.0369881,0.1490056),(0.3000000,-0.0373940,0.1506942),(0.3000000,-0.0369881,0.1490056),(0.3000000,-0.0369728,0.1490877),(0.3000000,-0.0373940,0.1506942),(0.3000000,-0.0369728,0.1490877),(0.3000000,-0.0369728,0.1527146),(0.3000000,-0.0373940,0.1506942),(0.3000000,-0.0369728,0.1527146),(0.3000000,-0.0369881,0.1527961),(0.3000000,-0.0373940,0.1506942),(0.3000000,-0.0369881,0.1527961),(0.3000000,-0.0370342,0.1528648),(0.3000000,-0.0373940,0.1506942),(0.3000000,-0.0370342,0.1528648),(0.3000000,-0.0371016,0.1529125),(0.3000000,-0.0373940,0.1506942),(0.3000000,-0.0371016,0.1529125),(0.3000000,-0.0371813,0.1529283),(0.3000000,-0.0373940,0.1506942),(0.3000000,-0.0371813,0.1529283),(0.3000000,-0.0372633,0.1529119),(0.3000000,-0.0373940,0.1506942),(0.3000000,-0.0372633,0.1529119),(0.3000000,-0.0373337,0.1528627),(0.3000000,-0.0373940,0.1506942),(0.3000000,-0.0373337,0.1528627),(0.3000000,-0.0373805,0.1527982),(0.3000000,-0.0373940,0.1506942),(0.3000000,-0.0373805,0.1527982),(0.3000000,-0.0373961,0.1527146),(0.3000000,-0.0373940,0.1506942),(0.3000000,-0.0373961,0.1527146),(0.3000000,-0.0373961,0.1511154),(0.3000000,-0.0395953,0.1506942),(0.3000000,-0.0373940,0.1506942),(0.3000000,-0.0373961,0.1511154),(0.3000000,-0.0395953,0.1506942),(0.3000000,-0.0373961,0.1511154),(0.3000000,-0.0395890,0.1511154),(0.3000000,-0.0395953,0.1506942),(0.3000000,-0.0395890,0.1511154),(0.3000000,-0.0395890,0.1527146),(0.3000000,-0.0395953,0.1506942),(0.3000000,-0.0395890,0.1527146),(0.3000000,-0.0396054,0.1527961),(0.3000000,-0.0395953,0.1506942),(0.3000000,-0.0396054,0.1527961),(0.3000000,-0.0396546,0.1528648),(0.3000000,-0.0395953,0.1506942),(0.3000000,-0.0396546,0.1528648),(0.3000000,-0.0397242,0.1529125),(0.3000000,-0.0395953,0.1506942),(0.3000000,-0.0397242,0.1529125),(0.3000000,-0.0398017,0.1529283),(0.3000000,-0.0395953,0.1506942),(0.3000000,-0.0398017,0.1529283),(0.3000000,-0.0398840,0.1529125),(0.3000000,-0.0395953,0.1506942),(0.3000000,-0.0398840,0.1529125),(0.3000000,-0.0399552,0.1528648),(0.3000000,-0.0395953,0.1506942),(0.3000000,-0.0399552,0.1528648),(0.3000000,-0.0400036,0.1527961),(0.3000000,-0.0395953,0.1506942),(0.3000000,-0.0400036,0.1527961),(0.3000000,-0.0400197,0.1527146),(0.3000000,-0.0395953,0.1506942),(0.3000000,-0.0400197,0.1527146),(0.3000000,-0.0400197,0.1490877),(0.3000000,-0.0395953,0.1506942),(0.3000000,-0.0400197,0.1490877),(0.3000000,-0.0400041,0.1490056),(0.3000000,-0.0395953,0.1506942),(0.3000000,-0.0400041,0.1490056),(0.3000000,-0.0399573,0.1489374),(0.3000000,-0.0395953,0.1506942),(0.3000000,-0.0399573,0.1489374),(0.3000000,-0.0398877,0.1488913),(0.3000000,-0.0395953,0.1506942),(0.3000000,-0.0398877,0.1488913),(0.3000000,-0.0398059,0.1488760),(0.3000000,-0.0395953,0.1506942),(0.3000000,-0.0398059,0.1488760),(0.3000000,-0.0397281,0.1488911),(0.3000000,-0.0395953,0.1506942),(0.3000000,-0.0397281,0.1488911),(0.3000000,-0.0396556,0.1489363),(0.3000000,-0.0395953,0.1506942),(0.3000000,-0.0396556,0.1489363),(0.3000000,-0.0396104,0.1490011),(0.3000000,-0.0395953,0.1506942),(0.3000000,-0.0396104,0.1490011),(0.3000000,-0.0395953,0.1490877),(0.3000000,-0.0324135,0.1504063),(0.3000000,-0.0324135,0.1527146),(0.3000000,-0.0324288,0.1527961),(0.3000000,-0.0324135,0.1504063),(0.3000000,-0.0324288,0.1527961),(0.3000000,-0.0324749,0.1528648),(0.3000000,-0.0324135,0.1504063),(0.3000000,-0.0324749,0.1528648),(0.3000000,-0.0325423,0.1529125),(0.3000000,-0.0324085,0.1502939),(0.3000000,-0.0324135,0.1504063),(0.3000000,-0.0325423,0.1529125),(0.3000000,-0.0324085,0.1502939),(0.3000000,-0.0325423,0.1529125),(0.3000000,-0.0326220,0.1529283),(0.3000000,-0.0324085,0.1502939),(0.3000000,-0.0326220,0.1529283),(0.3000000,-0.0327053,0.1529119),(0.3000000,-0.0324085,0.1502939),(0.3000000,-0.0327053,0.1529119),(0.3000000,-0.0327797,0.1528627),(0.3000000,-0.0324085,0.1502939),(0.3000000,-0.0327797,0.1528627),(0.3000000,-0.0328249,0.1527982),(0.3000000,-0.0324085,0.1502939),(0.3000000,-0.0328249,0.1527982),(0.3000000,-0.0328400,0.1527146),(0.3000000,-0.0324085,0.1502939),(0.3000000,-0.0328400,0.1527146),(0.3000000,-0.0328400,0.1504063),(0.3000000,-0.0324085,0.1502939),(0.3000000,-0.0328400,0.1504063),(0.3000000,-0.0328330,0.1502512),(0.3000000,-0.0324085,0.1502939),(0.3000000,-0.0328330,0.1502512),(0.3000000,-0.0328122,0.1501019),(0.3000000,-0.0324085,0.1502939),(0.3000000,-0.0328122,0.1501019),(0.3000000,-0.0327775,0.1499582),(0.3000000,-0.0324085,0.1502939),(0.3000000,-0.0327775,0.1499582),(0.3000000,-0.0327289,0.1498203),(0.3000000,-0.0324085,0.1502939),(0.3000000,-0.0327289,0.1498203),(0.3000000,-0.0326663,0.1496881),(0.3000000,-0.0324085,0.1502939),(0.3000000,-0.0326663,0.1496881),(0.3000000,-0.0325900,0.1495616),(0.3000000,-0.0324085,0.1502939),(0.3000000,-0.0325900,0.1495616),(0.3000000,-0.0324997,0.1494408),(0.3000000,-0.0324085,0.1502939),(0.3000000,-0.0324997,0.1494408),(0.3000000,-0.0323955,0.1493258),(0.3000000,-0.0324085,0.1502939),(0.3000000,-0.0323955,0.1493258),(0.3000000,-0.0322829,0.1492204),(0.3000000,-0.0322829,0.1492204),(0.3000000,-0.0321642,0.1491290),(0.3000000,-0.0320395,0.1490517),(0.3000000,-0.0322829,0.1492204),(0.3000000,-0.0320395,0.1490517),(0.3000000,-0.0319086,0.1489884),(0.3000000,-0.0322829,0.1492204),(0.3000000,-0.0319086,0.1489884),(0.3000000,-0.0317717,0.1489392),(0.3000000,-0.0322829,0.1492204),(0.3000000,-0.0317717,0.1489392),(0.3000000,-0.0316287,0.1489041),(0.3000000,-0.0322829,0.1492204),(0.3000000,-0.0316287,0.1489041),(0.3000000,-0.0314796,0.1488830),(0.3000000,-0.0322829,0.1492204),(0.3000000,-0.0314796,0.1488830),(0.3000000,-0.0313244,0.1488760),(0.3000000,-0.0322829,0.1492204),(0.3000000,-0.0313244,0.1488760),(0.3000000,-0.0311691,0.1488830),(0.3000000,-0.0322829,0.1492204),(0.3000000,-0.0311691,0.1488830),(0.3000000,-0.0310193,0.1489041),(0.3000000,-0.0322829,0.1492204),(0.3000000,-0.0310193,0.1489041),(0.3000000,-0.0308752,0.1489392),(0.3000000,-0.0322829,0.1492204),(0.3000000,-0.0308752,0.1489392),(0.3000000,-0.0307368,0.1489884),(0.3000000,-0.0322829,0.1492204),(0.3000000,-0.0307368,0.1489884),(0.3000000,-0.0306040,0.1490517),(0.3000000,-0.0322829,0.1492204),(0.3000000,-0.0306040,0.1490517),(0.3000000,-0.0304769,0.1491290),(0.3000000,-0.0322829,0.1492204),(0.3000000,-0.0304769,0.1491290),(0.3000000,-0.0303555,0.1492204),(0.3000000,-0.0322829,0.1492204),(0.3000000,-0.0303555,0.1492204),(0.3000000,-0.0302397,0.1493258),(0.3000000,-0.0302397,0.1493258),(0.3000000,-0.0301350,0.1494395),(0.3000000,-0.0300443,0.1495594),(0.3000000,-0.0302397,0.1493258),(0.3000000,-0.0300443,0.1495594),(0.3000000,-0.0299675,0.1496855),(0.3000000,-0.0302397,0.1493258),(0.3000000,-0.0299675,0.1496855),(0.3000000,-0.0299047,0.1498179),(0.3000000,-0.0302397,0.1493258),(0.3000000,-0.0299047,0.1498179),(0.3000000,-0.0298558,0.1499565),(0.3000000,-0.0302397,0.1493258),(0.3000000,-0.0298558,0.1499565),(0.3000000,-0.0298210,0.1501013),(0.3000000,-0.0302397,0.1493258),(0.3000000,-0.0298210,0.1501013),(0.3000000,-0.0298000,0.1502523),(0.3000000,-0.0302397,0.1493258),(0.3000000,-0.0298000,0.1502523),(0.3000000,-0.0297930,0.1504095),(0.3000000,-0.0302397,0.1493258),(0.3000000,-0.0297930,0.1504095),(0.3000000,-0.0297930,0.1527146),(0.3000000,-0.0302397,0.1493258),(0.3000000,-0.0297930,0.1527146),(0.3000000,-0.0298084,0.1527961),(0.3000000,-0.0302397,0.1493258),(0.3000000,-0.0298084,0.1527961),(0.3000000,-0.0298544,0.1528648),(0.3000000,-0.0302397,0.1493258),(0.3000000,-0.0298544,0.1528648),(0.3000000,-0.0299227,0.1529125),(0.3000000,-0.0302397,0.1493258),(0.3000000,-0.0299227,0.1529125),(0.3000000,-0.0300047,0.1529283),(0.3000000,-0.0302397,0.1493258),(0.3000000,-0.0300047,0.1529283),(0.3000000,-0.0300867,0.1529125),(0.3000000,-0.0302397,0.1493258),(0.3000000,-0.0300867,0.1529125),(0.3000000,-0.0301550,0.1528648),(0.3000000,-0.0301550,0.1528648),(0.3000000,-0.0302010,0.1527961),(0.3000000,-0.0302164,0.1527146),(0.3000000,-0.0301550,0.1528648),(0.3000000,-0.0302164,0.1527146),(0.3000000,-0.0302164,0.1504095),(0.3000000,-0.0302397,0.1493258),(0.3000000,-0.0301550,0.1528648),(0.3000000,-0.0302164,0.1504095),(0.3000000,-0.0302397,0.1493258),(0.3000000,-0.0302164,0.1504095),(0.3000000,-0.0302215,0.1502975),(0.3000000,-0.0302397,0.1493258),(0.3000000,-0.0302215,0.1502975),(0.3000000,-0.0302368,0.1501895),(0.3000000,-0.0302397,0.1493258),(0.3000000,-0.0302368,0.1501895),(0.3000000,-0.0302624,0.1500856),(0.3000000,-0.0302397,0.1493258),(0.3000000,-0.0302624,0.1500856),(0.3000000,-0.0302981,0.1499857),(0.3000000,-0.0302397,0.1493258),(0.3000000,-0.0302981,0.1499857),(0.3000000,-0.0303441,0.1498898),(0.3000000,-0.0302397,0.1493258),(0.3000000,-0.0303441,0.1498898),(0.3000000,-0.0304003,0.1497979),(0.3000000,-0.0302397,0.1493258),(0.3000000,-0.0304003,0.1497979),(0.3000000,-0.0304668,0.1497101),(0.3000000,-0.0302397,0.1493258),(0.3000000,-0.0304668,0.1497101),(0.3000000,-0.0305434,0.1496263),(0.3000000,-0.0302397,0.1493258),(0.3000000,-0.0305434,0.1496263),(0.3000000,-0.0306253,0.1495499),(0.3000000,-0.0302397,0.1493258),(0.3000000,-0.0306253,0.1495499),(0.3000000,-0.0307116,0.1494837),(0.3000000,-0.0302397,0.1493258),(0.3000000,-0.0307116,0.1494837),(0.3000000,-0.0308024,0.1494277),(0.3000000,-0.0302397,0.1493258),(0.3000000,-0.0308024,0.1494277),(0.3000000,-0.0308977,0.1493819),(0.3000000,-0.0302397,0.1493258),(0.3000000,-0.0308977,0.1493819),(0.3000000,-0.0309974,0.1493462),(0.3000000,-0.0302397,0.1493258),(0.3000000,-0.0309974,0.1493462),(0.3000000,-0.0311016,0.1493208),(0.3000000,-0.0302397,0.1493258),(0.3000000,-0.0311016,0.1493208),(0.3000000,-0.0312103,0.1493055),(0.3000000,-0.0322829,0.1492204),(0.3000000,-0.0302397,0.1493258),(0.3000000,-0.0312103,0.1493055),(0.3000000,-0.0322829,0.1492204),(0.3000000,-0.0312103,0.1493055),(0.3000000,-0.0313234,0.1493004),(0.3000000,-0.0322829,0.1492204),(0.3000000,-0.0313234,0.1493004),(0.3000000,-0.0314345,0.1493054),(0.3000000,-0.0322829,0.1492204),(0.3000000,-0.0314345,0.1493054),(0.3000000,-0.0315415,0.1493206),(0.3000000,-0.0322829,0.1492204),(0.3000000,-0.0315415,0.1493206),(0.3000000,-0.0316442,0.1493459),(0.3000000,-0.0322829,0.1492204),(0.3000000,-0.0316442,0.1493459),(0.3000000,-0.0317428,0.1493813),(0.3000000,-0.0322829,0.1492204),(0.3000000,-0.0317428,0.1493813),(0.3000000,-0.0318371,0.1494269),(0.3000000,-0.0322829,0.1492204),(0.3000000,-0.0318371,0.1494269),(0.3000000,-0.0319272,0.1494825),(0.3000000,-0.0322829,0.1492204),(0.3000000,-0.0319272,0.1494825),(0.3000000,-0.0320132,0.1495483),(0.3000000,-0.0322829,0.1492204),(0.3000000,-0.0320132,0.1495483),(0.3000000,-0.0320949,0.1496242),(0.3000000,-0.0322829,0.1492204),(0.3000000,-0.0320949,0.1496242),(0.3000000,-0.0321696,0.1497073),(0.3000000,-0.0322829,0.1492204),(0.3000000,-0.0321696,0.1497073),(0.3000000,-0.0322343,0.1497946),(0.3000000,-0.0322829,0.1492204),(0.3000000,-0.0322343,0.1497946),(0.3000000,-0.0322890,0.1498860),(0.3000000,-0.0322829,0.1492204),(0.3000000,-0.0322890,0.1498860),(0.3000000,-0.0323338,0.1499817),(0.3000000,-0.0322829,0.1492204),(0.3000000,-0.0323338,0.1499817),(0.3000000,-0.0323687,0.1500815),(0.3000000,-0.0322829,0.1492204),(0.3000000,-0.0323687,0.1500815),(0.3000000,-0.0323936,0.1501856),(0.3000000,-0.0324085,0.1502939),(0.3000000,-0.0322829,0.1492204),(0.3000000,-0.0323936,0.1501856),(0.3000000,-0.0406158,0.1525550),(0.3000000,-0.0405626,0.1527146),(0.3000000,-0.0405777,0.1527945),(0.3000000,-0.0406158,0.1525550),(0.3000000,-0.0405777,0.1527945),(0.3000000,-0.0406230,0.1528627),(0.3000000,-0.0406158,0.1525550),(0.3000000,-0.0406230,0.1528627),(0.3000000,-0.0406912,0.1529119),(0.3000000,-0.0406158,0.1525550),(0.3000000,-0.0406912,0.1529119),(0.3000000,-0.0407754,0.1529283),(0.3000000,-0.0406158,0.1525550),(0.3000000,-0.0407754,0.1529283),(0.3000000,-0.0433958,0.1529283),(0.3000000,-0.0406158,0.1525550),(0.3000000,-0.0433958,0.1529283),(0.3000000,-0.0434889,0.1529080),(0.3000000,-0.0406158,0.1525550),(0.3000000,-0.0434889,0.1529080),(0.3000000,-0.0435630,0.1528469),(0.3000000,-0.0406158,0.1525550),(0.3000000,-0.0435630,0.1528469),(0.3000000,-0.0436096,0.1527146),(0.3000000,-0.0406158,0.1525550),(0.3000000,-0.0436096,0.1527146),(0.3000000,-0.0436096,0.1526987),(0.3000000,-0.0406158,0.1525550),(0.3000000,-0.0436096,0.1526987),(0.3000000,-0.0435493,0.1525696),(0.3000000,-0.0406158,0.1525550),(0.3000000,-0.0435493,0.1525696),(0.3000000,-0.0434781,0.1525188),(0.3000000,-0.0406158,0.1525550),(0.3000000,-0.0434781,0.1525188),(0.3000000,-0.0433958,0.1525018),(0.3000000,-0.0406158,0.1525550),(0.3000000,-0.0433958,0.1525018),(0.3000000,-0.0422962,0.1525018),(0.3000000,-0.0422962,0.1525018),(0.3000000,-0.0422962,0.1490877),(0.3000000,-0.0422808,0.1490056),(0.3000000,-0.0422962,0.1525018),(0.3000000,-0.0422808,0.1490056),(0.3000000,-0.0422348,0.1489374),(0.3000000,-0.0422962,0.1525018),(0.3000000,-0.0422348,0.1489374),(0.3000000,-0.0421665,0.1488913),(0.3000000,-0.0422962,0.1525018),(0.3000000,-0.0421665,0.1488913),(0.3000000,-0.0420845,0.1488760),(0.3000000,-0.0422962,0.1525018),(0.3000000,-0.0420845,0.1488760),(0.3000000,-0.0420025,0.1488913),(0.3000000,-0.0422962,0.1525018),(0.3000000,-0.0420025,0.1488913),(0.3000000,-0.0419342,0.1489374),(0.3000000,-0.0422962,0.1525018),(0.3000000,-0.0419342,0.1489374),(0.3000000,-0.0418882,0.1490056),(0.3000000,-0.0422962,0.1525018),(0.3000000,-0.0418882,0.1490056),(0.3000000,-0.0418729,0.1490877),(0.3000000,-0.0422962,0.1525018),(0.3000000,-0.0418729,0.1490877),(0.3000000,-0.0418729,0.1525018),(0.3000000,-0.0406158,0.1525550),(0.3000000,-0.0422962,0.1525018),(0.3000000,-0.0418729,0.1525018),(0.3000000,-0.0406158,0.1525550),(0.3000000,-0.0418729,0.1525018),(0.3000000,-0.0407754,0.1525018),(0.3000000,-0.0406158,0.1525550),(0.3000000,-0.0407754,0.1525018),(0.3000000,-0.0406823,0.1525151)));
#1468=COMPLEX_TRIANGULATED_SURFACE_SET('surface set',#1467,2610,(),(),(),((1,2,3),(4,5,6),(7,8,9),(10,11,12),(13,14,15),(16,17,18),(19,20,21),(22,23,24),(25,26,27),(28,29,30),(31,32,33),(34,35,36),(37,38,39),(40,41,42),(43,44,45),(46,47,48),(49,50,51),(52,53,54),(55,56,57),(58,59,60),(61,62,63),(64,65,66),(67,68,69),(70,71,72),(73,74,75),(76,77,78),(79,80,81),(82,83,84),(85,86,87),(88,89,90),(91,92,93),(94,95,96),(97,98,99),(100,101,102),(103,104,105),(106,107,108),(109,110,111),(112,113,114),(115,116,117),(118,119,120),(121,122,123),(124,125,126),(127,128,129),(130,131,132),(133,134,135),(136,137,138),(139,140,141),(142,143,144),(145,146,147),(148,149,150),(151,152,153),(154,155,156),(157,158,159),(160,161,162),(163,164,165),(166,167,168),(169,170,171),(172,173,174),(175,176,177),(178,179,180),(181,182,183),(184,185,186),(187,188,189),(190,191,192),(193,194,195),(196,197,198),(199,200,201),(202,203,204),(205,206,207),(208,209,210),(211,212,213),(214,215,216),(217,218,219),(220,221,222),(223,224,225),(226,227,228),(229,230,231),(232,233,234),(235,236,237),(238,239,240),(241,242,243),(244,245,246),(247,248,249),(250,251,252),(253,254,255),(256,257,258),(259,260,261),(262,263,264),(265,266,267),(268,269,270),(271,272,273),(274,275,276),(277,278,279),(280,281,282),(283,284,285),(286,287,288),(289,290,291),(292,293,294),(295,296,297),(298,299,300),(301,302,303),(304,305,306),(307,308,309),(310,311,312),(313,314,315),(316,317,318),(319,320,321),(322,323,324),(325,326,327),(328,329,330),(331,332,333),(334,335,336),(337,338,339),(340,341,342),(343,344,345),(346,347,348),(349,350,351),(352,353,354),(355,356,357),(358,359,360),(361,362,363),(364,365,366),(367,368,369),(370,371,372),(373,374,375),(376,377,378),(379,380,381),(382,383,384),(385,386,387),(388,389,390),(391,392,393),(394,395,396),(397,398,399),(400,401,402),(403,404,405),(406,407,408),(409,410,411),(412,413,414),(415,416,417),(418,419,420),(421,422,423),(424,425,426),(427,428,429),(430,431,432),(433,434,435),(436,437,438),(439,440,441),(442,443,444),(445,446,447),(448,449,450),(451,452,453),(454,455,456),(457,458,459),(460,461,462),(463,464,465),(466,467,468),(469,470,471),(472,473,474),(475,476,477),(478,479,480),(481,482,483),(484,485,486),(487,488,489),(490,491,492),(493,494,495),(496,497,498),(499,500,501),(502,503,504),(505,506,507),(508,509,510),(511,512,513),(514,515,516),(517,518,519),(520,521,522),(523,524,525),(526,527,528),(529,530,531),(532,533,534),(535,536,537),(538,539,540),(541,542,543),(544,545,546),(547,548,549),(550,551,552),(553,554,555),(556,557,558),(559,560,561),(562,563,564),(565,566,567),(568,569,570),(571,572,573),(574,575,576),(577,578,579),(580,581,582),(583,584,585),(586,587,588),(589,590,591),(592,593,594),(595,596,597),(598,599,600),(601,602,603),(604,605,606),(607,608,609),(610,611,612),(613,614,615),(616,617,618),(619,620,621),(622,623,624),(625,626,627),(628,629,630),(631,632,633),(634,635,636),(637,638,639),(640,641,642),(643,644,645),(646,647,648),(649,650,651),(652,653,654),(655,656,657),(658,659,660),(661,662,663),(664,665,666),(667,668,669),(670,671,672),(673,674,675),(676,677,678),(679,680,681),(682,683,684),(685,686,687),(688,689,690),(691,692,693),(694,695,696),(697,698,699),(700,701,702),(703,704,705),(706,707,708),(709,710,711),(712,713,714),(715,716,717),(718,719,720),(721,722,723),(724,725,726),(727,728,729),(730,731,732),(733,734,735),(736,737,738),(739,740,741),(742,743,744),(745,746,747),(748,749,750),(751,752,753),(754,755,756),(757,758,759),(760,761,762),(763,764,765),(766,767,768),(769,770,771),(772,773,774),(775,776,777),(778,779,780),(781,782,783),(784,785,786),(787,788,789),(790,791,792),(793,794,795),(796,797,798),(799,800,801),(802,803,804),(805,806,807),(808,809,810),(811,812,813),(814,815,816),(817,818,819),(820,821,822),(823,824,825),(826,827,828),(829,830,831),(832,833,834),(835,836,837),(838,839,840),(841,842,843),(844,845,846),(847,848,849),(850,851,852),(853,854,855),(856,857,858),(859,860,861),(862,863,864),(865,866,867),(868,869,870),(871,872,873),(874,875,876),(877,878,879),(880,881,882),(883,884,885),(886,887,888),(889,890,891),(892,893,894),(895,896,897),(898,899,900),(901,902,903),(904,905,906),(907,908,909),(910,911,912),(913,914,915),(916,917,918),(919,920,921),(922,923,924),(925,926,927),(928,929,930),(931,932,933),(934,935,936),(937,938,939),(940,941,942),(943,944,945),(946,947,948),(949,950,951),(952,953,954),(955,956,957),(958,959,960),(961,962,963),(964,965,966),(967,968,969),(970,971,972),(973,974,975),(976,977,978),(979,980,981),(982,983,984),(985,986,987),(988,989,990),(991,992,993),(994,995,996),(997,998,999),(1000,1001,1002),(1003,1004,1005),(1006,1007,1008),(1009,1010,1011),(1012,1013,1014),(1015,1016,1017),(1018,1019,1020),(1021,1022,1023),(1024,1025,1026),(1027,1028,1029),(1030,1031,1032),(1033,1034,1035),(1036,1037,1038),(1039,1040,1041),(1042,1043,1044),(1045,1046,1047),(1048,1049,1050),(1051,1052,1053),(1054,1055,1056),(1057,1058,1059),(1060,1061,1062),(1063,1064,1065),(1066,1067,1068),(1069,1070,1071),(1072,1073,1074),(1075,1076,1077),(1078,1079,1080),(1081,1082,1083),(1084,1085,1086),(1087,1088,1089),(1090,1091,1092),(1093,1094,1095),(1096,1097,1098),(1099,1100,1101),(1102,1103,1104),(1105,1106,1107),(1108,1109,1110),(1111,1112,1113),(1114,1115,1116),(1117,1118,1119),(1120,1121,1122),(1123,1124,1125),(1126,1127,1128),(1129,1130,1131),(1132,1133,1134),(1135,1136,1137),(1138,1139,1140),(1141,1142,1143),(1144,1145,1146),(1147,1148,1149),(1150,1151,1152),(1153,1154,1155),(1156,1157,1158),(1159,1160,1161),(1162,1163,1164),(1165,1166,1167),(1168,1169,1170),(1171,1172,1173),(1174,1175,1176),(1177,1178,1179),(1180,1181,1182),(1183,1184,1185),(1186,1187,1188),(1189,1190,1191),(1192,1193,1194),(1195,1196,1197),(1198,1199,1200),(1201,1202,1203),(1204,1205,1206),(1207,1208,1209),(1210,1211,1212),(1213,1214,1215),(1216,1217,1218),(1219,1220,1221),(1222,1223,1224),(1225,1226,1227),(1228,1229,1230),(1231,1232,1233),(1234,1235,1236),(1237,1238,1239),(1240,1241,1242),(1243,1244,1245),(1246,1247,1248),(1249,1250,1251),(1252,1253,1254),(1255,1256,1257),(1258,1259,1260),(1261,1262,1263),(1264,1265,1266),(1267,1268,1269),(1270,1271,1272),(1273,1274,1275),(1276,1277,1278),(1279,1280,1281),(1282,1283,1284),(1285,1286,1287),(1288,1289,1290),(1291,1292,1293),(1294,1295,1296),(1297,1298,1299),(1300,1301,1302),(1303,1304,1305),(1306,1307,1308),(1309,1310,1311),(1312,1313,1314),(1315,1316,1317),(1318,1319,1320),(1321,1322,1323),(1324,1325,1326),(1327,1328,1329),(1330,1331,1332),(1333,1334,1335),(1336,1337,1338),(1339,1340,1341),(1342,1343,1344),(1345,1346,1347),(1348,1349,1350),(1351,1352,1353),(1354,1355,1356),(1357,1358,1359),(1360,1361,1362),(1363,1364,1365),(1366,1367,1368),(1369,1370,1371),(1372,1373,1374),(1375,1376,1377),(1378,1379,1380),(1381,1382,1383),(1384,1385,1386),(1387,1388,1389),(1390,1391,1392),(1393,1394,1395),(1396,1397,1398),(1399,1400,1401),(1402,1403,1404),(1405,1406,1407),(1408,1409,1410),(1411,1412,1413),(1414,1415,1416),(1417,1418,1419),(1420,1421,1422),(1423,1424,1425),(1426,1427,1428),(1429,1430,1431),(1432,1433,1434),(1435,1436,1437),(1438,1439,1440),(1441,1442,1443),(1444,1445,1446),(1447,1448,1449),(1450,1451,1452),(1453,1454,1455),(1456,1457,1458),(1459,1460,1461),(1462,1463,1464),(1465,1466,1467),(1468,1469,1470),(1471,1472,1473),(1474,1475,1476),(1477,1478,1479),(1480,1481,1482),(1483,1484,1485),(1486,1487,1488),(1489,1490,1491),(1492,1493,1494),(1495,1496,1497),(1498,1499,1500),(1501,1502,1503),(1504,1505,1506),(1507,1508,1509),(1510,1511,1512),(1513,1514,1515),(1516,1517,1518),(1519,1520,1521),(1522,1523,1524),(1525,1526,1527),(1528,1529,1530),(1531,1532,1533),(1534,1535,1536),(1537,1538,1539),(1540,1541,1542),(1543,1544,1545),(1546,1547,1548),(1549,1550,1551),(1552,1553,1554),(1555,1556,1557),(1558,1559,1560),(1561,1562,1563),(1564,1565,1566),(1567,1568,1569),(1570,1571,1572),(1573,1574,1575),(1576,1577,1578),(1579,1580,1581),(1582,1583,1584),(1585,1586,1587),(1588,1589,1590),(1591,1592,1593),(1594,1595,1596),(1597,1598,1599),(1600,1601,1602),(1603,1604,1605),(1606,1607,1608),(1609,1610,1611),(1612,1613,1614),(1615,1616,1617),(1618,1619,1620),(1621,1622,1623),(1624,1625,1626),(1627,1628,1629),(1630,1631,1632),(1633,1634,1635),(1636,1637,1638),(1639,1640,1641),(1642,1643,1644),(1645,1646,1647),(1648,1649,1650),(1651,1652,1653),(1654,1655,1656),(1657,1658,1659),(1660,1661,1662),(1663,1664,1665),(1666,1667,1668),(1669,1670,1671),(1672,1673,1674),(1675,1676,1677),(1678,1679,1680),(1681,1682,1683),(1684,1685,1686),(1687,1688,1689),(1690,1691,1692),(1693,1694,1695),(1696,1697,1698),(1699,1700,1701),(1702,1703,1704),(1705,1706,1707),(1708,1709,1710),(1711,1712,1713),(1714,1715,1716),(1717,1718,1719),(1720,1721,1722),(1723,1724,1725),(1726,1727,1728),(1729,1730,1731),(1732,1733,1734),(1735,1736,1737),(1738,1739,1740),(1741,1742,1743),(1744,1745,1746),(1747,1748,1749),(1750,1751,1752),(1753,1754,1755),(1756,1757,1758),(1759,1760,1761),(1762,1763,1764),(1765,1766,1767),(1768,1769,1770),(1771,1772,1773),(1774,1775,1776),(1777,1778,1779),(1780,1781,1782),(1783,1784,1785),(1786,1787,1788),(1789,1790,1791),(1792,1793,1794),(1795,1796,1797),(1798,1799,1800),(1801,1802,1803),(1804,1805,1806),(1807,1808,1809),(1810,1811,1812),(1813,1814,1815),(1816,1817,1818),(1819,1820,1821),(1822,1823,1824),(1825,1826,1827),(1828,1829,1830),(1831,1832,1833),(1834,1835,1836),(1837,1838,1839),(1840,1841,1842),(1843,1844,1845),(1846,1847,1848),(1849,1850,1851),(1852,1853,1854),(1855,1856,1857),(1858,1859,1860),(1861,1862,1863),(1864,1865,1866),(1867,1868,1869),(1870,1871,1872),(1873,1874,1875),(1876,1877,1878),(1879,1880,1881),(1882,1883,1884),(1885,1886,1887),(1888,1889,1890),(1891,1892,1893),(1894,1895,1896),(1897,1898,1899),(1900,1901,1902),(1903,1904,1905),(1906,1907,1908),(1909,1910,1911),(1912,1913,1914),(1915,1916,1917),(1918,1919,1920),(1921,1922,1923),(1924,1925,1926),(1927,1928,1929),(1930,1931,1932),(1933,1934,1935),(1936,1937,1938),(1939,1940,1941),(1942,1943,1944),(1945,1946,1947),(1948,1949,1950),(1951,1952,1953),(1954,1955,1956),(1957,1958,1959),(1960,1961,1962),(1963,1964,1965),(1966,1967,1968),(1969,1970,1971),(1972,1973,1974),(1975,1976,1977),(1978,1979,1980),(1981,1982,1983),(1984,1985,1986),(1987,1988,1989),(1990,1991,1992),(1993,1994,1995),(1996,1997,1998),(1999,2000,2001),(2002,2003,2004),(2005,2006,2007),(2008,2009,2010),(2011,2012,2013),(2014,2015,2016),(2017,2018,2019),(2020,2021,2022),(2023,2024,2025),(2026,2027,2028),(2029,2030,2031),(2032,2033,2034),(2035,2036,2037),(2038,2039,2040),(2041,2042,2043),(2044,2045,2046),(2047,2048,2049),(2050,2051,2052),(2053,2054,2055),(2056,2057,2058),(2059,2060,2061),(2062,2063,2064),(2065,2066,2067),(2068,2069,2070),(2071,2072,2073),(2074,2075,2076),(2077,2078,2079),(2080,2081,2082),(2083,2084,2085),(2086,2087,2088),(2089,2090,2091),(2092,2093,2094),(2095,2096,2097),(2098,2099,2100),(2101,2102,2103),(2104,2105,2106),(2107,2108,2109),(2110,2111,2112),(2113,2114,2115),(2116,2117,2118),(2119,2120,2121),(2122,2123,2124),(2125,2126,2127),(2128,2129,2130),(2131,2132,2133),(2134,2135,2136),(2137,2138,2139),(2140,2141,2142),(2143,2144,2145),(2146,2147,2148),(2149,2150,2151),(2152,2153,2154),(2155,2156,2157),(2158,2159,2160),(2161,2162,2163),(2164,2165,2166),(2167,2168,2169),(2170,2171,2172),(2173,2174,2175),(2176,2177,2178),(2179,2180,2181),(2182,2183,2184),(2185,2186,2187),(2188,2189,2190),(2191,2192,2193),(2194,2195,2196),(2197,2198,2199),(2200,2201,2202),(2203,2204,2205),(2206,2207,2208),(2209,2210,2211),(2212,2213,2214),(2215,2216,2217),(2218,2219,2220),(2221,2222,2223),(2224,2225,2226),(2227,2228,2229),(2230,2231,2232),(2233,2234,2235),(2236,2237,2238),(2239,2240,2241),(2242,2243,2244),(2245,2246,2247),(2248,2249,2250),(2251,2252,2253),(2254,2255,2256),(2257,2258,2259),(2260,2261,2262),(2263,2264,2265),(2266,2267,2268),(2269,2270,2271),(2272,2273,2274),(2275,2276,2277),(2278,2279,2280),(2281,2282,2283),(2284,2285,2286),(2287,2288,2289),(2290,2291,2292),(2293,2294,2295),(2296,2297,2298),(2299,2300,2301),(2302,2303,2304),(2305,2306,2307),(2308,2309,2310),(2311,2312,2313),(2314,2315,2316),(2317,2318,2319),(2320,2321,2322),(2323,2324,2325),(2326,2327,2328),(2329,2330,2331),(2332,2333,2334),(2335,2336,2337),(2338,2339,2340),(2341,2342,2343),(2344,2345,2346),(2347,2348,2349),(2350,2351,2352),(2353,2354,2355),(2356,2357,2358),(2359,2360,2361),(2362,2363,2364),(2365,2366,2367),(2368,2369,2370),(2371,2372,2373),(2374,2375,2376),(2377,2378,2379),(2380,2381,2382),(2383,2384,2385),(2386,2387,2388),(2389,2390,2391),(2392,2393,2394),(2395,2396,2397),(2398,2399,2400),(2401,2402,2403),(2404,2405,2406),(2407,2408,2409),(2410,2411,2412),(2413,2414,2415),(2416,2417,2418),(2419,2420,2421),(2422,2423,2424),(2425,2426,2427),(2428,2429,2430),(2431,2432,2433),(2434,2435,2436),(2437,2438,2439),(2440,2441,2442),(2443,2444,2445),(2446,2447,2448),(2449,2450,2451),(2452,2453,2454),(2455,2456,2457),(2458,2459,2460),(2461,2462,2463),(2464,2465,2466),(2467,2468,2469),(2470,2471,2472),(2473,2474,2475),(2476,2477,2478),(2479,2480,2481),(2482,2483,2484),(2485,2486,2487),(2488,2489,2490),(2491,2492,2493),(2494,2495,2496),(2497,2498,2499),(2500,2501,2502),(2503,2504,2505),(2506,2507,2508),(2509,2510,2511),(2512,2513,2514),(2515,2516,2517),(2518,2519,2520),(2521,2522,2523),(2524,2525,2526),(2527,2528,2529),(2530,2531,2532),(2533,2534,2535),(2536,2537,2538),(2539,2540,2541),(2542,2543,2544),(2545,2546,2547),(2548,2549,2550),(2551,2552,2553),(2554,2555,2556),(2557,2558,2559),(2560,2561,2562),(2563,2564,2565),(2566,2567,2568),(2569,2570,2571),(2572,2573,2574),(2575,2576,2577),(2578,2579,2580),(2581,2582,2583),(2584,2585,2586),(2587,2588,2589),(2590,2591,2592),(2593,2594,2595),(2596,2597,2598),(2599,2600,2601),(2602,2603,2604),(2605,2606,2607),(2608,2609,2610)));
#1469=TESSELLATED_GEOMETRIC_SET('hole callout',(#1468));
#1470=COORDINATES_LIST('coordinates',5,((0.3000000,-0.0611612,0.1463388),(0.3000000,-0.0297930,0.1463388),(0.3000000,-0.1036612,0.1088388),(0.3000000,-0.0661612,0.1463388),(0.3000000,-0.0611612,0.1463388)));
#1471=TESSELLATED_CURVE_SET('curve set',#1470,((1,2),(3,4,5)));
#1472=TESSELLATED_GEOMETRIC_SET('hole callout',(#1471));
#1473=TESSELLATED_ANNOTATION_OCCURRENCE('hole callout',(#1466),#1469);
#1474=TESSELLATED_ANNOTATION_OCCURRENCE('hole callout',(#1466),#1472);
#1475=DRAUGHTING_CALLOUT('hole callout',(#1473,#1474));
#1476=DRAUGHTING_MODEL_ITEM_ASSOCIATION('','',#1435,#1409,#1475);
#1477=DRAUGHTING_MODEL_ITEM_ASSOCIATION('','',#1425,#1409,#1475);
#1478=COMPOSITE_SHAPE_ASPECT('hole_callout.FhmWzviiYK2xlc8_1.JHD.1',$,#1358,$);
#1479=SHAPE_ASPECT('hole_callout.FhmWzviiYK2xlc8_1.JHD.1',$,#1358,.T.);
#1480=GEOMETRIC_ITEM_SPECIFIC_USAGE('','',#1479,#11,#826);
#1481=SHAPE_ASPECT_RELATIONSHIP('','',#1478,#1479);
#1482=SHAPE_ASPECT('hole_callout.FhmWzviiYK2xlc8_1.JHD.1',$,#1358,.T.);
#1483=GEOMETRIC_ITEM_SPECIFIC_USAGE('','',#1482,#11,#825);
#1484=SHAPE_ASPECT_RELATIONSHIP('','',#1478,#1482);
#1485=SHAPE_ASPECT('hole_callout.FhmWzviiYK2xlc8_1.JHD.1',$,#1358,.T.);
#1486=GEOMETRIC_ITEM_SPECIFIC_USAGE('','',#1485,#11,#823);
#1487=SHAPE_ASPECT_RELATIONSHIP('','',#1478,#1485);
#1488=SHAPE_ASPECT('hole_callout.FhmWzviiYK2xlc8_1.JHD.1',$,#1358,.T.);
#1489=GEOMETRIC_ITEM_SPECIFIC_USAGE('','',#1488,#11,#824);
#1490=SHAPE_ASPECT_RELATIONSHIP('','',#1478,#1488);
#1491=DIMENSIONAL_SIZE(#1478,'diameter');
#1492=(
LENGTH_UNIT()
NAMED_UNIT(*)
SI_UNIT($,.METRE.)
);
#1494=PRECISION_QUALIFIER(3);
#1493=(
LENGTH_MEASURE_WITH_UNIT()
MEASURE_REPRESENTATION_ITEM()
MEASURE_WITH_UNIT(POSITIVE_LENGTH_MEASURE(0.009),#1492)
QUALIFIED_REPRESENTATION_ITEM((#1494))
REPRESENTATION_ITEM('nominal value')
);
#1495=COMPOUND_REPRESENTATION_ITEM('modifiers',SET_REPRESENTATION_ITEM((#1496)));
#1496=DESCRIPTIVE_REPRESENTATION_ITEM('dimensional note','diameter');
#1497=SHAPE_DIMENSION_REPRESENTATION('',(#1493,#1495),#1353);
#1498=DIMENSIONAL_CHARACTERISTIC_REPRESENTATION(#1491,#1497);
#1499=PRESENTATION_STYLE_ASSIGNMENT((NULL_STYLE(.NULL.)));
#1500=CARTESIAN_POINT('',(0.2925,0.2175,0.18));
#1501=DIRECTION('',(0.,0.,-1.));
#1502=DIRECTION('',(1.,0.,0.));
#1503=AXIS2_PLACEMENT_3D('',#1500,#1501,#1502);
#1504=PLANE('',#1503);
#1505=ANNOTATION_PLANE('',(#1499),#1504,(#1531));
#1506=CARTESIAN_POINT('',(0.,0.,0.));
#1507=DIRECTION('',(0.,0.,1.));
#1508=DIRECTION('',(1.,0.,0.));
#1509=AXIS2_PLACEMENT_3D('',#1506,#1507,#1508);
#1510=CARTESIAN_POINT('',(0.,0.,0.));
#1511=DIRECTION('',(0.,0.,1.));
#1512=DIRECTION('',(1.,0.,0.));
#1513=AXIS2_PLACEMENT_3D('',#1510,#1511,#1512);
#1514=SHAPE_REPRESENTATION('',(#1513,#843),#1353);
#1515=REPRESENTATION_MAP(#1509,#1514);
#1516=MAPPED_ITEM('',#1515,#1509);
#1517=PRESENTATION_STYLE_ASSIGNMENT((NULL_STYLE(.NULL.)));
#1518=STYLED_ITEM('',(#1517),#1516);
#1519=DRAUGHTING_PRE_DEFINED_CURVE_FONT('continuous');
#1520=COLOUR_RGB('',0.,0.,0.);
#1521=CURVE_STYLE('',#1519,POSITIVE_LENGTH_MEASURE(0.02),#1520);
#1522=PRESENTATION_STYLE_ASSIGNMENT((#1521));
#1523=COORDINATES_LIST('coordinates',2766,((0.2956820,0.2143180,0.1800000),(0.2970962,0.2114896,0.1800000),(0.2985104,0.2129038,0.1800000),(0.3153980,0.1981343,0.1800000),(0.3154951,0.1981750,0.1800000),(0.3155931,0.1982102,0.1800000),(0.3153980,0.1981343,0.1800000),(0.3155931,0.1982102,0.1800000),(0.3156920,0.1982401,0.1800000),(0.3153980,0.1981343,0.1800000),(0.3156920,0.1982401,0.1800000),(0.3157920,0.1982645,0.1800000),(0.3153980,0.1981343,0.1800000),(0.3157920,0.1982645,0.1800000),(0.3158929,0.1982834,0.1800000),(0.3153980,0.1981343,0.1800000),(0.3158929,0.1982834,0.1800000),(0.3159947,0.1982970,0.1800000),(0.3153980,0.1981343,0.1800000),(0.3159947,0.1982970,0.1800000),(0.3160975,0.1983051,0.1800000),(0.3153980,0.1981343,0.1800000),(0.3160975,0.1983051,0.1800000),(0.3162013,0.1983079,0.1800000),(0.3153980,0.1981343,0.1800000),(0.3162013,0.1983079,0.1800000),(0.3163371,0.1983035,0.1800000),(0.3153980,0.1981343,0.1800000),(0.3163371,0.1983035,0.1800000),(0.3164703,0.1982906,0.1800000),(0.3153980,0.1981343,0.1800000),(0.3164703,0.1982906,0.1800000),(0.3166010,0.1982690,0.1800000),(0.3153980,0.1981343,0.1800000),(0.3166010,0.1982690,0.1800000),(0.3167291,0.1982388,0.1800000),(0.3153980,0.1981343,0.1800000),(0.3167291,0.1982388,0.1800000),(0.3168547,0.1982000,0.1800000),(0.3153980,0.1981343,0.1800000),(0.3168547,0.1982000,0.1800000),(0.3169778,0.1981525,0.1800000),(0.3153980,0.1981343,0.1800000),(0.3169778,0.1981525,0.1800000),(0.3170983,0.1980964,0.1800000),(0.3153980,0.1981343,0.1800000),(0.3170983,0.1980964,0.1800000),(0.3172162,0.1980316,0.1800000),(0.3153980,0.1981343,0.1800000),(0.3172162,0.1980316,0.1800000),(0.3173298,0.1979592,0.1800000),(0.3153980,0.1981343,0.1800000),(0.3173298,0.1979592,0.1800000),(0.3174371,0.1978807,0.1800000),(0.3153980,0.1981343,0.1800000),(0.3174371,0.1978807,0.1800000),(0.3175383,0.1977960,0.1800000),(0.3153980,0.1981343,0.1800000),(0.3175383,0.1977960,0.1800000),(0.3176332,0.1977051,0.1800000),(0.3153980,0.1981343,0.1800000),(0.3176332,0.1977051,0.1800000),(0.3177219,0.1976081,0.1800000),(0.3177219,0.1976081,0.1800000),(0.3178044,0.1975050,0.1800000),(0.3178807,0.1973957,0.1800000),(0.3177219,0.1976081,0.1800000),(0.3178807,0.1973957,0.1800000),(0.3179507,0.1972802,0.1800000),(0.3177219,0.1976081,0.1800000),(0.3179507,0.1972802,0.1800000),(0.3180137,0.1971604,0.1800000),(0.3177219,0.1976081,0.1800000),(0.3180137,0.1971604,0.1800000),(0.3180683,0.1970382,0.1800000),(0.3177219,0.1976081,0.1800000),(0.3180683,0.1970382,0.1800000),(0.3181145,0.1969134,0.1800000),(0.3177219,0.1976081,0.1800000),(0.3181145,0.1969134,0.1800000),(0.3181523,0.1967862,0.1800000),(0.3177219,0.1976081,0.1800000),(0.3181523,0.1967862,0.1800000),(0.3181817,0.1966565,0.1800000),(0.3177219,0.1976081,0.1800000),(0.3181817,0.1966565,0.1800000),(0.3182027,0.1965244,0.1800000),(0.3177219,0.1976081,0.1800000),(0.3182027,0.1965244,0.1800000),(0.3182153,0.1963897,0.1800000),(0.3177219,0.1976081,0.1800000),(0.3182153,0.1963897,0.1800000),(0.3182195,0.1962526,0.1800000),(0.3177219,0.1976081,0.1800000),(0.3182195,0.1962526,0.1800000),(0.3182153,0.1961209,0.1800000),(0.3177219,0.1976081,0.1800000),(0.3182153,0.1961209,0.1800000),(0.3182027,0.1959901,0.1800000),(0.3177219,0.1976081,0.1800000),(0.3182027,0.1959901,0.1800000),(0.3181817,0.1958601,0.1800000),(0.3177219,0.1976081,0.1800000),(0.3181817,0.1958601,0.1800000),(0.3181523,0.1957308,0.1800000),(0.3177219,0.1976081,0.1800000),(0.3181523,0.1957308,0.1800000),(0.3181145,0.1956024,0.1800000),(0.3177219,0.1976081,0.1800000),(0.3181145,0.1956024,0.1800000),(0.3180683,0.1954747,0.1800000),(0.3180683,0.1954747,0.1800000),(0.3176765,0.1956162,0.1800000),(0.3177131,0.1957141,0.1800000),(0.3180683,0.1954747,0.1800000),(0.3177131,0.1957141,0.1800000),(0.3177430,0.1958152,0.1800000),(0.3180683,0.1954747,0.1800000),(0.3177430,0.1958152,0.1800000),(0.3177663,0.1959196,0.1800000),(0.3180683,0.1954747,0.1800000),(0.3177663,0.1959196,0.1800000),(0.3177829,0.1960273,0.1800000),(0.3180683,0.1954747,0.1800000),(0.3177829,0.1960273,0.1800000),(0.3177929,0.1961383,0.1800000),(0.3180683,0.1954747,0.1800000),(0.3177929,0.1961383,0.1800000),(0.3177962,0.1962526,0.1800000),(0.3180683,0.1954747,0.1800000),(0.3177962,0.1962526,0.1800000),(0.3177928,0.1963626,0.1800000),(0.3177219,0.1976081,0.1800000),(0.3180683,0.1954747,0.1800000),(0.3177928,0.1963626,0.1800000),(0.3177219,0.1976081,0.1800000),(0.3177928,0.1963626,0.1800000),(0.3177828,0.1964705,0.1800000),(0.3177219,0.1976081,0.1800000),(0.3177828,0.1964705,0.1800000),(0.3177660,0.1965761,0.1800000),(0.3177219,0.1976081,0.1800000),(0.3177660,0.1965761,0.1800000),(0.3177425,0.1966796,0.1800000),(0.3177219,0.1976081,0.1800000),(0.3177425,0.1966796,0.1800000),(0.3177123,0.1967809,0.1800000),(0.3177219,0.1976081,0.1800000),(0.3177123,0.1967809,0.1800000),(0.3176753,0.1968800,0.1800000),(0.3177219,0.1976081,0.1800000),(0.3176753,0.1968800,0.1800000),(0.3176317,0.1969770,0.1800000),(0.3177219,0.1976081,0.1800000),(0.3176317,0.1969770,0.1800000),(0.3175813,0.1970717,0.1800000),(0.3177219,0.1976081,0.1800000),(0.3175813,0.1970717,0.1800000),(0.3175255,0.1971629,0.1800000),(0.3177219,0.1976081,0.1800000),(0.3175255,0.1971629,0.1800000),(0.3174649,0.1972493,0.1800000),(0.3177219,0.1976081,0.1800000),(0.3174649,0.1972493,0.1800000),(0.3173994,0.1973307,0.1800000),(0.3177219,0.1976081,0.1800000),(0.3173994,0.1973307,0.1800000),(0.3173292,0.1974072,0.1800000),(0.3177219,0.1976081,0.1800000),(0.3173292,0.1974072,0.1800000),(0.3172542,0.1974788,0.1800000),(0.3177219,0.1976081,0.1800000),(0.3172542,0.1974788,0.1800000),(0.3171744,0.1975456,0.1800000),(0.3177219,0.1976081,0.1800000),(0.3171744,0.1975456,0.1800000),(0.3170897,0.1976074,0.1800000),(0.3177219,0.1976081,0.1800000),(0.3170897,0.1976074,0.1800000),(0.3170003,0.1976644,0.1800000),(0.3177219,0.1976081,0.1800000),(0.3170003,0.1976644,0.1800000),(0.3169077,0.1977155,0.1800000),(0.3177219,0.1976081,0.1800000),(0.3169077,0.1977155,0.1800000),(0.3168131,0.1977598,0.1800000),(0.3177219,0.1976081,0.1800000),(0.3168131,0.1977598,0.1800000),(0.3167163,0.1977972,0.1800000),(0.3177219,0.1976081,0.1800000),(0.3167163,0.1977972,0.1800000),(0.3166175,0.1978279,0.1800000),(0.3153980,0.1981343,0.1800000),(0.3177219,0.1976081,0.1800000),(0.3166175,0.1978279,0.1800000),(0.3153980,0.1981343,0.1800000),(0.3166175,0.1978279,0.1800000),(0.3165165,0.1978517,0.1800000),(0.3153980,0.1981343,0.1800000),(0.3165165,0.1978517,0.1800000),(0.3164135,0.1978688,0.1800000),(0.3153980,0.1981343,0.1800000),(0.3164135,0.1978688,0.1800000),(0.3163085,0.1978790,0.1800000),(0.3153980,0.1981343,0.1800000),(0.3163085,0.1978790,0.1800000),(0.3162013,0.1978824,0.1800000),(0.3153980,0.1981343,0.1800000),(0.3162013,0.1978824,0.1800000),(0.3160477,0.1978753,0.1800000),(0.3153980,0.1981343,0.1800000),(0.3160477,0.1978753,0.1800000),(0.3158981,0.1978541,0.1800000),(0.3153980,0.1981343,0.1800000),(0.3158981,0.1978541,0.1800000),(0.3157524,0.1978187,0.1800000),(0.3153980,0.1981343,0.1800000),(0.3157524,0.1978187,0.1800000),(0.3156107,0.1977692,0.1800000),(0.3153980,0.1981343,0.1800000),(0.3156107,0.1977692,0.1800000),(0.3172078,0.1949857,0.1800000),(0.3148371,0.1991090,0.1800000),(0.3153980,0.1981343,0.1800000),(0.3172078,0.1949857,0.1800000),(0.3176333,0.1955216,0.1800000),(0.3176765,0.1956162,0.1800000),(0.3180683,0.1954747,0.1800000),(0.3175835,0.1954302,0.1800000),(0.3176333,0.1955216,0.1800000),(0.3180683,0.1954747,0.1800000),(0.3175155,0.1953263,0.1800000),(0.3175835,0.1954302,0.1800000),(0.3180683,0.1954747,0.1800000),(0.3174303,0.1952175,0.1800000),(0.3175155,0.1953263,0.1800000),(0.3180683,0.1954747,0.1800000),(0.3173811,0.1951614,0.1800000),(0.3174303,0.1952175,0.1800000),(0.3180683,0.1954747,0.1800000),(0.3173277,0.1951040,0.1800000),(0.3173811,0.1951614,0.1800000),(0.3180683,0.1954747,0.1800000),(0.3172699,0.1950455,0.1800000),(0.3173277,0.1951040,0.1800000),(0.3180683,0.1954747,0.1800000),(0.3172078,0.1949857,0.1800000),(0.3172699,0.1950455,0.1800000),(0.3180683,0.1954747,0.1800000),(0.3172078,0.1949857,0.1800000),(0.3180683,0.1954747,0.1800000),(0.3180137,0.1953478,0.1800000),(0.3172078,0.1949857,0.1800000),(0.3180137,0.1953478,0.1800000),(0.3179507,0.1952218,0.1800000),(0.3172078,0.1949857,0.1800000),(0.3179507,0.1952218,0.1800000),(0.3179005,0.1951350,0.1800000),(0.3172078,0.1949857,0.1800000),(0.3179005,0.1951350,0.1800000),(0.3178457,0.1950516,0.1800000),(0.3172078,0.1949857,0.1800000),(0.3178457,0.1950516,0.1800000),(0.3177863,0.1949715,0.1800000),(0.3172078,0.1949857,0.1800000),(0.3177863,0.1949715,0.1800000),(0.3177224,0.1948947,0.1800000),(0.3172078,0.1949857,0.1800000),(0.3177224,0.1948947,0.1800000),(0.3176538,0.1948212,0.1800000),(0.3172078,0.1949857,0.1800000),(0.3176538,0.1948212,0.1800000),(0.3175806,0.1947511,0.1800000),(0.3172078,0.1949857,0.1800000),(0.3175806,0.1947511,0.1800000),(0.3175028,0.1946842,0.1800000),(0.3172078,0.1949857,0.1800000),(0.3175028,0.1946842,0.1800000),(0.3174205,0.1946206,0.1800000),(0.3172078,0.1949857,0.1800000),(0.3174205,0.1946206,0.1800000),(0.3179623,0.1936681,0.1800000),(0.3148371,0.1991090,0.1800000),(0.3172078,0.1949857,0.1800000),(0.3179623,0.1936681,0.1800000),(0.3148371,0.1991090,0.1800000),(0.3179623,0.1936681,0.1800000),(0.3179909,0.1935644,0.1800000),(0.3148371,0.1991090,0.1800000),(0.3179909,0.1935644,0.1800000),(0.3179835,0.1935041,0.1800000),(0.3148371,0.1991090,0.1800000),(0.3179835,0.1935041,0.1800000),(0.3179449,0.1934289,0.1800000),(0.3148371,0.1991090,0.1800000),(0.3179449,0.1934289,0.1800000),(0.3178798,0.1933750,0.1800000),(0.3148371,0.1991090,0.1800000),(0.3178798,0.1933750,0.1800000),(0.3177771,0.1933443,0.1800000),(0.3148371,0.1991090,0.1800000),(0.3177771,0.1933443,0.1800000),(0.3177168,0.1933517,0.1800000),(0.3148371,0.1991090,0.1800000),(0.3177168,0.1933517,0.1800000),(0.3176411,0.1933903,0.1800000),(0.3148371,0.1991090,0.1800000),(0.3176411,0.1933903,0.1800000),(0.3175856,0.1934554,0.1800000),(0.3148371,0.1991090,0.1800000),(0.3175856,0.1934554,0.1800000),(0.3170501,0.1943836,0.1800000),(0.3170501,0.1943836,0.1800000),(0.3169495,0.1943392,0.1800000),(0.3168455,0.1943007,0.1800000),(0.3170501,0.1943836,0.1800000),(0.3168455,0.1943007,0.1800000),(0.3167383,0.1942681,0.1800000),(0.3170501,0.1943836,0.1800000),(0.3167383,0.1942681,0.1800000),(0.3166278,0.1942415,0.1800000),(0.3170501,0.1943836,0.1800000),(0.3166278,0.1942415,0.1800000),(0.3165140,0.1942208,0.1800000),(0.3170501,0.1943836,0.1800000),(0.3165140,0.1942208,0.1800000),(0.3163968,0.1942060,0.1800000),(0.3170501,0.1943836,0.1800000),(0.3163968,0.1942060,0.1800000),(0.3162764,0.1941971,0.1800000),(0.3170501,0.1943836,0.1800000),(0.3162764,0.1941971,0.1800000),(0.3161526,0.1941941,0.1800000),(0.3170501,0.1943836,0.1800000),(0.3161526,0.1941941,0.1800000),(0.3160280,0.1941984,0.1800000),(0.3170501,0.1943836,0.1800000),(0.3160280,0.1941984,0.1800000),(0.3159045,0.1942114,0.1800000),(0.3170501,0.1943836,0.1800000),(0.3159045,0.1942114,0.1800000),(0.3157821,0.1942331,0.1800000),(0.3170501,0.1943836,0.1800000),(0.3157821,0.1942331,0.1800000),(0.3156607,0.1942634,0.1800000),(0.3170501,0.1943836,0.1800000),(0.3156607,0.1942634,0.1800000),(0.3155405,0.1943024,0.1800000),(0.3170501,0.1943836,0.1800000),(0.3155405,0.1943024,0.1800000),(0.3154214,0.1943501,0.1800000),(0.3170501,0.1943836,0.1800000),(0.3154214,0.1943501,0.1800000),(0.3153033,0.1944064,0.1800000),(0.3170501,0.1943836,0.1800000),(0.3153033,0.1944064,0.1800000),(0.3151863,0.1944714,0.1800000),(0.3170501,0.1943836,0.1800000),(0.3151863,0.1944714,0.1800000),(0.3150732,0.1945436,0.1800000),(0.3170501,0.1943836,0.1800000),(0.3150732,0.1945436,0.1800000),(0.3149662,0.1946219,0.1800000),(0.3170501,0.1943836,0.1800000),(0.3149662,0.1946219,0.1800000),(0.3148653,0.1947065,0.1800000),(0.3170501,0.1943836,0.1800000),(0.3148653,0.1947065,0.1800000),(0.3147704,0.1947974,0.1800000),(0.3170501,0.1943836,0.1800000),(0.3147704,0.1947974,0.1800000),(0.3146816,0.1948944,0.1800000),(0.3146816,0.1948944,0.1800000),(0.3145990,0.1949977,0.1800000),(0.3145224,0.1951071,0.1800000),(0.3146816,0.1948944,0.1800000),(0.3145224,0.1951071,0.1800000),(0.3144519,0.1952228,0.1800000),(0.3146816,0.1948944,0.1800000),(0.3144519,0.1952228,0.1800000),(0.3143886,0.1953426,0.1800000),(0.3146816,0.1948944,0.1800000),(0.3143886,0.1953426,0.1800000),(0.3143338,0.1954650,0.1800000),(0.3146816,0.1948944,0.1800000),(0.3143338,0.1954650,0.1800000),(0.3142874,0.1955899,0.1800000),(0.3146816,0.1948944,0.1800000),(0.3142874,0.1955899,0.1800000),(0.3142494,0.1957173,0.1800000),(0.3146816,0.1948944,0.1800000),(0.3142494,0.1957173,0.1800000),(0.3142199,0.1958473,0.1800000),(0.3146816,0.1948944,0.1800000),(0.3142199,0.1958473,0.1800000),(0.3141988,0.1959799,0.1800000),(0.3146816,0.1948944,0.1800000),(0.3141988,0.1959799,0.1800000),(0.3141862,0.1961149,0.1800000),(0.3146816,0.1948944,0.1800000),(0.3141862,0.1961149,0.1800000),(0.3141820,0.1962526,0.1800000),(0.3146816,0.1948944,0.1800000),(0.3141820,0.1962526,0.1800000),(0.3141862,0.1963906,0.1800000),(0.3146816,0.1948944,0.1800000),(0.3141862,0.1963906,0.1800000),(0.3141988,0.1965260,0.1800000),(0.3146816,0.1948944,0.1800000),(0.3141988,0.1965260,0.1800000),(0.3142198,0.1966585,0.1800000),(0.3146816,0.1948944,0.1800000),(0.3142198,0.1966585,0.1800000),(0.3142492,0.1967884,0.1800000),(0.3146816,0.1948944,0.1800000),(0.3142492,0.1967884,0.1800000),(0.3142870,0.1969154,0.1800000),(0.3146816,0.1948944,0.1800000),(0.3142870,0.1969154,0.1800000),(0.3143332,0.1970398,0.1800000),(0.3146816,0.1948944,0.1800000),(0.3143332,0.1970398,0.1800000),(0.3143878,0.1971614,0.1800000),(0.3146816,0.1948944,0.1800000),(0.3143878,0.1971614,0.1800000),(0.3144508,0.1972802,0.1800000),(0.3144508,0.1972802,0.1800000),(0.3148191,0.1970717,0.1800000),(0.3147697,0.1969770,0.1800000),(0.3144508,0.1972802,0.1800000),(0.3147697,0.1969770,0.1800000),(0.3147270,0.1968801,0.1800000),(0.3144508,0.1972802,0.1800000),(0.3147270,0.1968801,0.1800000),(0.3146908,0.1967811,0.1800000),(0.3144508,0.1972802,0.1800000),(0.3146908,0.1967811,0.1800000),(0.3146611,0.1966799,0.1800000),(0.3144508,0.1972802,0.1800000),(0.3146611,0.1966799,0.1800000),(0.3146381,0.1965765,0.1800000),(0.3144508,0.1972802,0.1800000),(0.3146381,0.1965765,0.1800000),(0.3146217,0.1964710,0.1800000),(0.3144508,0.1972802,0.1800000),(0.3146217,0.1964710,0.1800000),(0.3146118,0.1963634,0.1800000),(0.3144508,0.1972802,0.1800000),(0.3146118,0.1963634,0.1800000),(0.3146085,0.1962536,0.1800000),(0.3144508,0.1972802,0.1800000),(0.3146085,0.1962536,0.1800000),(0.3146118,0.1961438,0.1800000),(0.3146816,0.1948944,0.1800000),(0.3144508,0.1972802,0.1800000),(0.3146118,0.1961438,0.1800000),(0.3146816,0.1948944,0.1800000),(0.3146118,0.1961438,0.1800000),(0.3146219,0.1960361,0.1800000),(0.3146816,0.1948944,0.1800000),(0.3146219,0.1960361,0.1800000),(0.3146386,0.1959304,0.1800000),(0.3146816,0.1948944,0.1800000),(0.3146386,0.1959304,0.1800000),(0.3146619,0.1958269,0.1800000),(0.3146816,0.1948944,0.1800000),(0.3146619,0.1958269,0.1800000),(0.3146920,0.1957254,0.1800000),(0.3146816,0.1948944,0.1800000),(0.3146920,0.1957254,0.1800000),(0.3147287,0.1956260,0.1800000),(0.3146816,0.1948944,0.1800000),(0.3147287,0.1956260,0.1800000),(0.3147722,0.1955287,0.1800000),(0.3146816,0.1948944,0.1800000),(0.3147722,0.1955287,0.1800000),(0.3148223,0.1954334,0.1800000),(0.3146816,0.1948944,0.1800000),(0.3148223,0.1954334,0.1800000),(0.3148781,0.1953415,0.1800000),(0.3146816,0.1948944,0.1800000),(0.3148781,0.1953415,0.1800000),(0.3149388,0.1952546,0.1800000),(0.3146816,0.1948944,0.1800000),(0.3149388,0.1952546,0.1800000),(0.3150042,0.1951727,0.1800000),(0.3146816,0.1948944,0.1800000),(0.3150042,0.1951727,0.1800000),(0.3150744,0.1950958,0.1800000),(0.3146816,0.1948944,0.1800000),(0.3150744,0.1950958,0.1800000),(0.3151494,0.1950240,0.1800000),(0.3146816,0.1948944,0.1800000),(0.3151494,0.1950240,0.1800000),(0.3152293,0.1949572,0.1800000),(0.3146816,0.1948944,0.1800000),(0.3152293,0.1949572,0.1800000),(0.3153139,0.1948954,0.1800000),(0.3146816,0.1948944,0.1800000),(0.3153139,0.1948954,0.1800000),(0.3154033,0.1948386,0.1800000),(0.3146816,0.1948944,0.1800000),(0.3154033,0.1948386,0.1800000),(0.3154954,0.1947875,0.1800000),(0.3146816,0.1948944,0.1800000),(0.3154954,0.1947875,0.1800000),(0.3155880,0.1947433,0.1800000),(0.3146816,0.1948944,0.1800000),(0.3155880,0.1947433,0.1800000),(0.3156811,0.1947058,0.1800000),(0.3146816,0.1948944,0.1800000),(0.3156811,0.1947058,0.1800000),(0.3157748,0.1946751,0.1800000),(0.3146816,0.1948944,0.1800000),(0.3157748,0.1946751,0.1800000),(0.3158690,0.1946513,0.1800000),(0.3170501,0.1943836,0.1800000),(0.3146816,0.1948944,0.1800000),(0.3158690,0.1946513,0.1800000),(0.3170501,0.1943836,0.1800000),(0.3158690,0.1946513,0.1800000),(0.3159637,0.1946342,0.1800000),(0.3170501,0.1943836,0.1800000),(0.3159637,0.1946342,0.1800000),(0.3160589,0.1946240,0.1800000),(0.3170501,0.1943836,0.1800000),(0.3160589,0.1946240,0.1800000),(0.3161547,0.1946206,0.1800000),(0.3170501,0.1943836,0.1800000),(0.3161547,0.1946206,0.1800000),(0.3161611,0.1946206,0.1800000),(0.3170501,0.1943836,0.1800000),(0.3161611,0.1946206,0.1800000),(0.3162548,0.1946227,0.1800000),(0.3170501,0.1943836,0.1800000),(0.3162548,0.1946227,0.1800000),(0.3163459,0.1946290,0.1800000),(0.3170501,0.1943836,0.1800000),(0.3163459,0.1946290,0.1800000),(0.3164346,0.1946394,0.1800000),(0.3170501,0.1943836,0.1800000),(0.3164346,0.1946394,0.1800000),(0.3165206,0.1946540,0.1800000),(0.3170501,0.1943836,0.1800000),(0.3165206,0.1946540,0.1800000),(0.3166042,0.1946727,0.1800000),(0.3170501,0.1943836,0.1800000),(0.3166042,0.1946727,0.1800000),(0.3166851,0.1946956,0.1800000),(0.3170501,0.1943836,0.1800000),(0.3166851,0.1946956,0.1800000),(0.3167636,0.1947227,0.1800000),(0.3170501,0.1943836,0.1800000),(0.3167636,0.1947227,0.1800000),(0.3168395,0.1947540,0.1800000),(0.3148371,0.1991090,0.1800000),(0.3170501,0.1943836,0.1800000),(0.3168395,0.1947540,0.1800000),(0.3148371,0.1991090,0.1800000),(0.3168395,0.1947540,0.1800000),(0.3152350,0.1975490,0.1800000),(0.3148371,0.1991090,0.1800000),(0.3152350,0.1975490,0.1800000),(0.3151146,0.1974462,0.1800000),(0.3148615,0.1971410,0.1800000),(0.3148191,0.1970717,0.1800000),(0.3144508,0.1972802,0.1800000),(0.3149066,0.1972075,0.1800000),(0.3148615,0.1971410,0.1800000),(0.3144508,0.1972802,0.1800000),(0.3150051,0.1973323,0.1800000),(0.3149066,0.1972075,0.1800000),(0.3144508,0.1972802,0.1800000),(0.3151146,0.1974462,0.1800000),(0.3150051,0.1973323,0.1800000),(0.3144508,0.1972802,0.1800000),(0.3151146,0.1974462,0.1800000),(0.3144508,0.1972802,0.1800000),(0.3145087,0.1973753,0.1800000),(0.3151146,0.1974462,0.1800000),(0.3145087,0.1973753,0.1800000),(0.3145704,0.1974662,0.1800000),(0.3151146,0.1974462,0.1800000),(0.3145704,0.1974662,0.1800000),(0.3146357,0.1975531,0.1800000),(0.3151146,0.1974462,0.1800000),(0.3146357,0.1975531,0.1800000),(0.3147048,0.1976358,0.1800000),(0.3151146,0.1974462,0.1800000),(0.3147048,0.1976358,0.1800000),(0.3147776,0.1977145,0.1800000),(0.3151146,0.1974462,0.1800000),(0.3147776,0.1977145,0.1800000),(0.3148540,0.1977890,0.1800000),(0.3151146,0.1974462,0.1800000),(0.3148540,0.1977890,0.1800000),(0.3149342,0.1978595,0.1800000),(0.3151146,0.1974462,0.1800000),(0.3149342,0.1978595,0.1800000),(0.3150181,0.1979258,0.1800000),(0.3148371,0.1991090,0.1800000),(0.3151146,0.1974462,0.1800000),(0.3150181,0.1979258,0.1800000),(0.3148371,0.1991090,0.1800000),(0.3150181,0.1979258,0.1800000),(0.3144624,0.1988963,0.1800000),(0.3148371,0.1991090,0.1800000),(0.3144624,0.1988963,0.1800000),(0.3144349,0.1989979,0.1800000),(0.3148371,0.1991090,0.1800000),(0.3144349,0.1989979,0.1800000),(0.3144413,0.1990582,0.1800000),(0.3148371,0.1991090,0.1800000),(0.3144413,0.1990582,0.1800000),(0.3144804,0.1991352,0.1800000),(0.3148371,0.1991090,0.1800000),(0.3144804,0.1991352,0.1800000),(0.3145429,0.1991905,0.1800000),(0.3148371,0.1991090,0.1800000),(0.3145429,0.1991905,0.1800000),(0.3146476,0.1992180,0.1800000),(0.3148371,0.1991090,0.1800000),(0.3146476,0.1992180,0.1800000),(0.3147080,0.1992106,0.1800000),(0.3148371,0.1991090,0.1800000),(0.3147080,0.1992106,0.1800000),(0.3147805,0.1991752,0.1800000),(0.3243896,0.1971999,0.1800000),(0.3243949,0.1970675,0.1800000),(0.3243949,0.1953773,0.1800000),(0.3243896,0.1971999,0.1800000),(0.3243949,0.1953773,0.1800000),(0.3243896,0.1952467,0.1800000),(0.3243896,0.1971999,0.1800000),(0.3243896,0.1952467,0.1800000),(0.3243737,0.1951221,0.1800000),(0.3243896,0.1971999,0.1800000),(0.3243737,0.1951221,0.1800000),(0.3243471,0.1950034,0.1800000),(0.3243896,0.1971999,0.1800000),(0.3243471,0.1950034,0.1800000),(0.3243100,0.1948908,0.1800000),(0.3243896,0.1971999,0.1800000),(0.3243100,0.1948908,0.1800000),(0.3242622,0.1947841,0.1800000),(0.3243896,0.1971999,0.1800000),(0.3242622,0.1947841,0.1800000),(0.3242038,0.1946834,0.1800000),(0.3243896,0.1971999,0.1800000),(0.3242038,0.1946834,0.1800000),(0.3241348,0.1945887,0.1800000),(0.3243896,0.1971999,0.1800000),(0.3241348,0.1945887,0.1800000),(0.3240552,0.1945000,0.1800000),(0.3243896,0.1971999,0.1800000),(0.3240552,0.1945000,0.1800000),(0.3239785,0.1944283,0.1800000),(0.3243896,0.1971999,0.1800000),(0.3239785,0.1944283,0.1800000),(0.3238987,0.1943662,0.1800000),(0.3243896,0.1971999,0.1800000),(0.3238987,0.1943662,0.1800000),(0.3238159,0.1943136,0.1800000),(0.3238159,0.1943136,0.1800000),(0.3237300,0.1942706,0.1800000),(0.3236410,0.1942371,0.1800000),(0.3238159,0.1943136,0.1800000),(0.3236410,0.1942371,0.1800000),(0.3235490,0.1942132,0.1800000),(0.3238159,0.1943136,0.1800000),(0.3235490,0.1942132,0.1800000),(0.3234538,0.1941989,0.1800000),(0.3238159,0.1943136,0.1800000),(0.3234538,0.1941989,0.1800000),(0.3233556,0.1941941,0.1800000),(0.3238159,0.1943136,0.1800000),(0.3233556,0.1941941,0.1800000),(0.3232585,0.1941989,0.1800000),(0.3238159,0.1943136,0.1800000),(0.3232585,0.1941989,0.1800000),(0.3231641,0.1942132,0.1800000),(0.3238159,0.1943136,0.1800000),(0.3231641,0.1942132,0.1800000),(0.3230724,0.1942371,0.1800000),(0.3238159,0.1943136,0.1800000),(0.3230724,0.1942371,0.1800000),(0.3229833,0.1942706,0.1800000),(0.3238159,0.1943136,0.1800000),(0.3229833,0.1942706,0.1800000),(0.3228970,0.1943136,0.1800000),(0.3238159,0.1943136,0.1800000),(0.3228970,0.1943136,0.1800000),(0.3228133,0.1943662,0.1800000),(0.3238159,0.1943136,0.1800000),(0.3228133,0.1943662,0.1800000),(0.3227323,0.1944283,0.1800000),(0.3238159,0.1943136,0.1800000),(0.3227323,0.1944283,0.1800000),(0.3226539,0.1945000,0.1800000),(0.3238159,0.1943136,0.1800000),(0.3226539,0.1945000,0.1800000),(0.3225743,0.1945870,0.1800000),(0.3238159,0.1943136,0.1800000),(0.3225743,0.1945870,0.1800000),(0.3225053,0.1946802,0.1800000),(0.3238159,0.1943136,0.1800000),(0.3225053,0.1946802,0.1800000),(0.3224469,0.1947796,0.1800000),(0.3238159,0.1943136,0.1800000),(0.3224469,0.1947796,0.1800000),(0.3223991,0.1948852,0.1800000),(0.3238159,0.1943136,0.1800000),(0.3223991,0.1948852,0.1800000),(0.3223620,0.1949971,0.1800000),(0.3223620,0.1949971,0.1800000),(0.3223354,0.1951151,0.1800000),(0.3223195,0.1952394,0.1800000),(0.3223620,0.1949971,0.1800000),(0.3223195,0.1952394,0.1800000),(0.3223142,0.1953699,0.1800000),(0.3223620,0.1949971,0.1800000),(0.3223142,0.1953699,0.1800000),(0.3223142,0.1953773,0.1800000),(0.3223620,0.1949971,0.1800000),(0.3223142,0.1953773,0.1800000),(0.3223142,0.1970717,0.1800000),(0.3223620,0.1949971,0.1800000),(0.3223142,0.1970717,0.1800000),(0.3223195,0.1972030,0.1800000),(0.3223620,0.1949971,0.1800000),(0.3223195,0.1972030,0.1800000),(0.3223354,0.1973282,0.1800000),(0.3223620,0.1949971,0.1800000),(0.3223354,0.1973282,0.1800000),(0.3223620,0.1974471,0.1800000),(0.3223620,0.1949971,0.1800000),(0.3223620,0.1974471,0.1800000),(0.3223991,0.1975599,0.1800000),(0.3223620,0.1949971,0.1800000),(0.3223991,0.1975599,0.1800000),(0.3224469,0.1976665,0.1800000),(0.3223620,0.1949971,0.1800000),(0.3224469,0.1976665,0.1800000),(0.3225053,0.1977668,0.1800000),(0.3223620,0.1949971,0.1800000),(0.3225053,0.1977668,0.1800000),(0.3225743,0.1978611,0.1800000),(0.3223620,0.1949971,0.1800000),(0.3225743,0.1978611,0.1800000),(0.3226539,0.1979491,0.1800000),(0.3226539,0.1979491,0.1800000),(0.3229577,0.1976527,0.1800000),(0.3228637,0.1975364,0.1800000),(0.3226539,0.1979491,0.1800000),(0.3228637,0.1975364,0.1800000),(0.3227965,0.1974001,0.1800000),(0.3226539,0.1979491,0.1800000),(0.3227965,0.1974001,0.1800000),(0.3227563,0.1972438,0.1800000),(0.3223620,0.1949971,0.1800000),(0.3226539,0.1979491,0.1800000),(0.3227563,0.1972438,0.1800000),(0.3223620,0.1949971,0.1800000),(0.3227563,0.1972438,0.1800000),(0.3227462,0.1971581,0.1800000),(0.3223620,0.1949971,0.1800000),(0.3227462,0.1971581,0.1800000),(0.3227428,0.1970675,0.1800000),(0.3223620,0.1949971,0.1800000),(0.3227428,0.1970675,0.1800000),(0.3227428,0.1953699,0.1800000),(0.3223620,0.1949971,0.1800000),(0.3227428,0.1953699,0.1800000),(0.3227462,0.1952816,0.1800000),(0.3223620,0.1949971,0.1800000),(0.3227462,0.1952816,0.1800000),(0.3227561,0.1951982,0.1800000),(0.3223620,0.1949971,0.1800000),(0.3227561,0.1951982,0.1800000),(0.3227728,0.1951197,0.1800000),(0.3223620,0.1949971,0.1800000),(0.3227728,0.1951197,0.1800000),(0.3227960,0.1950461,0.1800000),(0.3223620,0.1949971,0.1800000),(0.3227960,0.1950461,0.1800000),(0.3228625,0.1949135,0.1800000),(0.3223620,0.1949971,0.1800000),(0.3228625,0.1949135,0.1800000),(0.3229556,0.1948005,0.1800000),(0.3223620,0.1949971,0.1800000),(0.3229556,0.1948005,0.1800000),(0.3230508,0.1947218,0.1800000),(0.3223620,0.1949971,0.1800000),(0.3230508,0.1947218,0.1800000),(0.3231492,0.1946656,0.1800000),(0.3238159,0.1943136,0.1800000),(0.3223620,0.1949971,0.1800000),(0.3231492,0.1946656,0.1800000),(0.3238159,0.1943136,0.1800000),(0.3231492,0.1946656,0.1800000),(0.3232508,0.1946319,0.1800000),(0.3238159,0.1943136,0.1800000),(0.3232508,0.1946319,0.1800000),(0.3233556,0.1946206,0.1800000),(0.3238159,0.1943136,0.1800000),(0.3233556,0.1946206,0.1800000),(0.3234647,0.1946319,0.1800000),(0.3238159,0.1943136,0.1800000),(0.3234647,0.1946319,0.1800000),(0.3235675,0.1946656,0.1800000),(0.3238159,0.1943136,0.1800000),(0.3235675,0.1946656,0.1800000),(0.3236642,0.1947218,0.1800000),(0.3238159,0.1943136,0.1800000),(0.3236642,0.1947218,0.1800000),(0.3237546,0.1948005,0.1800000),(0.3238159,0.1943136,0.1800000),(0.3237546,0.1948005,0.1800000),(0.3238477,0.1949191,0.1800000),(0.3238159,0.1943136,0.1800000),(0.3238477,0.1949191,0.1800000),(0.3239141,0.1950548,0.1800000),(0.3238159,0.1943136,0.1800000),(0.3239141,0.1950548,0.1800000),(0.3239540,0.1952075,0.1800000),(0.3243896,0.1971999,0.1800000),(0.3238159,0.1943136,0.1800000),(0.3239540,0.1952075,0.1800000),(0.3243896,0.1971999,0.1800000),(0.3239540,0.1952075,0.1800000),(0.3239640,0.1952903,0.1800000),(0.3243896,0.1971999,0.1800000),(0.3239640,0.1952903,0.1800000),(0.3239673,0.1953773,0.1800000),(0.3243896,0.1971999,0.1800000),(0.3239673,0.1953773,0.1800000),(0.3239673,0.1970675,0.1800000),(0.3243896,0.1971999,0.1800000),(0.3239673,0.1970675,0.1800000),(0.3239640,0.1971571,0.1800000),(0.3243896,0.1971999,0.1800000),(0.3239640,0.1971571,0.1800000),(0.3239540,0.1972419,0.1800000),(0.3243896,0.1971999,0.1800000),(0.3239540,0.1972419,0.1800000),(0.3239374,0.1973218,0.1800000),(0.3243896,0.1971999,0.1800000),(0.3239374,0.1973218,0.1800000),(0.3239141,0.1973969,0.1800000),(0.3243896,0.1971999,0.1800000),(0.3239141,0.1973969,0.1800000),(0.3238477,0.1975324,0.1800000),(0.3243896,0.1971999,0.1800000),(0.3238477,0.1975324,0.1800000),(0.3237546,0.1976485,0.1800000),(0.3243896,0.1971999,0.1800000),(0.3237546,0.1976485,0.1800000),(0.3236634,0.1977263,0.1800000),(0.3230492,0.1977287,0.1800000),(0.3229577,0.1976527,0.1800000),(0.3226539,0.1979491,0.1800000),(0.3231461,0.1977829,0.1800000),(0.3230492,0.1977287,0.1800000),(0.3226539,0.1979491,0.1800000),(0.3232482,0.1978155,0.1800000),(0.3231461,0.1977829,0.1800000),(0.3226539,0.1979491,0.1800000),(0.3233556,0.1978263,0.1800000),(0.3232482,0.1978155,0.1800000),(0.3226539,0.1979491,0.1800000),(0.3234639,0.1978152,0.1800000),(0.3233556,0.1978263,0.1800000),(0.3226539,0.1979491,0.1800000),(0.3234639,0.1978152,0.1800000),(0.3226539,0.1979491,0.1800000),(0.3227308,0.1980198,0.1800000),(0.3234639,0.1978152,0.1800000),(0.3227308,0.1980198,0.1800000),(0.3228106,0.1980810,0.1800000),(0.3235665,0.1977819,0.1800000),(0.3234639,0.1978152,0.1800000),(0.3228106,0.1980810,0.1800000),(0.3235665,0.1977819,0.1800000),(0.3228106,0.1980810,0.1800000),(0.3228934,0.1981329,0.1800000),(0.3235665,0.1977819,0.1800000),(0.3228934,0.1981329,0.1800000),(0.3229791,0.1981753,0.1800000),(0.3236634,0.1977263,0.1800000),(0.3235665,0.1977819,0.1800000),(0.3229791,0.1981753,0.1800000),(0.3236634,0.1977263,0.1800000),(0.3229791,0.1981753,0.1800000),(0.3230678,0.1982083,0.1800000),(0.3243896,0.1971999,0.1800000),(0.3236634,0.1977263,0.1800000),(0.3230678,0.1982083,0.1800000),(0.3243896,0.1971999,0.1800000),(0.3230678,0.1982083,0.1800000),(0.3231594,0.1982319,0.1800000),(0.3243896,0.1971999,0.1800000),(0.3231594,0.1982319,0.1800000),(0.3232539,0.1982460,0.1800000),(0.3243896,0.1971999,0.1800000),(0.3232539,0.1982460,0.1800000),(0.3233514,0.1982507,0.1800000),(0.3243896,0.1971999,0.1800000),(0.3233514,0.1982507,0.1800000),(0.3234505,0.1982461,0.1800000),(0.3243896,0.1971999,0.1800000),(0.3234505,0.1982461,0.1800000),(0.3235464,0.1982322,0.1800000),(0.3243896,0.1971999,0.1800000),(0.3235464,0.1982322,0.1800000),(0.3236391,0.1982090,0.1800000),(0.3243896,0.1971999,0.1800000),(0.3236391,0.1982090,0.1800000),(0.3237284,0.1981766,0.1800000),(0.3243896,0.1971999,0.1800000),(0.3237284,0.1981766,0.1800000),(0.3238145,0.1981349,0.1800000),(0.3243896,0.1971999,0.1800000),(0.3238145,0.1981349,0.1800000),(0.3238973,0.1980840,0.1800000),(0.3243896,0.1971999,0.1800000),(0.3238973,0.1980840,0.1800000),(0.3239768,0.1980238,0.1800000),(0.3243896,0.1971999,0.1800000),(0.3239768,0.1980238,0.1800000),(0.3240531,0.1979544,0.1800000),(0.3243896,0.1971999,0.1800000),(0.3240531,0.1979544,0.1800000),(0.3241332,0.1978650,0.1800000),(0.3243896,0.1971999,0.1800000),(0.3241332,0.1978650,0.1800000),(0.3242026,0.1977696,0.1800000),(0.3243896,0.1971999,0.1800000),(0.3242026,0.1977696,0.1800000),(0.3242614,0.1976679,0.1800000),(0.3243896,0.1971999,0.1800000),(0.3242614,0.1976679,0.1800000),(0.3243094,0.1975601,0.1800000),(0.3243896,0.1971999,0.1800000),(0.3243094,0.1975601,0.1800000),(0.3243468,0.1974462,0.1800000),(0.3243896,0.1971999,0.1800000),(0.3243468,0.1974462,0.1800000),(0.3243735,0.1973261,0.1800000),(0.3270989,0.1971999,0.1800000),(0.3271042,0.1970675,0.1800000),(0.3271042,0.1953773,0.1800000),(0.3270989,0.1971999,0.1800000),(0.3271042,0.1953773,0.1800000),(0.3270989,0.1952467,0.1800000),(0.3270989,0.1971999,0.1800000),(0.3270989,0.1952467,0.1800000),(0.3270830,0.1951221,0.1800000),(0.3270989,0.1971999,0.1800000),(0.3270830,0.1951221,0.1800000),(0.3270565,0.1950034,0.1800000),(0.3270989,0.1971999,0.1800000),(0.3270565,0.1950034,0.1800000),(0.3270193,0.1948908,0.1800000),(0.3270989,0.1971999,0.1800000),(0.3270193,0.1948908,0.1800000),(0.3269715,0.1947841,0.1800000),(0.3270989,0.1971999,0.1800000),(0.3269715,0.1947841,0.1800000),(0.3269131,0.1946834,0.1800000),(0.3270989,0.1971999,0.1800000),(0.3269131,0.1946834,0.1800000),(0.3268441,0.1945887,0.1800000),(0.3270989,0.1971999,0.1800000),(0.3268441,0.1945887,0.1800000),(0.3267645,0.1945000,0.1800000),(0.3270989,0.1971999,0.1800000),(0.3267645,0.1945000,0.1800000),(0.3266878,0.1944283,0.1800000),(0.3270989,0.1971999,0.1800000),(0.3266878,0.1944283,0.1800000),(0.3266081,0.1943662,0.1800000),(0.3270989,0.1971999,0.1800000),(0.3266081,0.1943662,0.1800000),(0.3265252,0.1943136,0.1800000),(0.3265252,0.1943136,0.1800000),(0.3264393,0.1942706,0.1800000),(0.3263503,0.1942371,0.1800000),(0.3265252,0.1943136,0.1800000),(0.3263503,0.1942371,0.1800000),(0.3262583,0.1942132,0.1800000),(0.3265252,0.1943136,0.1800000),(0.3262583,0.1942132,0.1800000),(0.3261632,0.1941989,0.1800000),(0.3265252,0.1943136,0.1800000),(0.3261632,0.1941989,0.1800000),(0.3260649,0.1941941,0.1800000),(0.3265252,0.1943136,0.1800000),(0.3260649,0.1941941,0.1800000),(0.3259679,0.1941989,0.1800000),(0.3265252,0.1943136,0.1800000),(0.3259679,0.1941989,0.1800000),(0.3258735,0.1942132,0.1800000),(0.3265252,0.1943136,0.1800000),(0.3258735,0.1942132,0.1800000),(0.3257817,0.1942371,0.1800000),(0.3265252,0.1943136,0.1800000),(0.3257817,0.1942371,0.1800000),(0.3256927,0.1942706,0.1800000),(0.3265252,0.1943136,0.1800000),(0.3256927,0.1942706,0.1800000),(0.3256063,0.1943136,0.1800000),(0.3265252,0.1943136,0.1800000),(0.3256063,0.1943136,0.1800000),(0.3255226,0.1943662,0.1800000),(0.3265252,0.1943136,0.1800000),(0.3255226,0.1943662,0.1800000),(0.3254416,0.1944283,0.1800000),(0.3265252,0.1943136,0.1800000),(0.3254416,0.1944283,0.1800000),(0.3253633,0.1945000,0.1800000),(0.3265252,0.1943136,0.1800000),(0.3253633,0.1945000,0.1800000),(0.3252836,0.1945870,0.1800000),(0.3265252,0.1943136,0.1800000),(0.3252836,0.1945870,0.1800000),(0.3252146,0.1946802,0.1800000),(0.3265252,0.1943136,0.1800000),(0.3252146,0.1946802,0.1800000),(0.3251563,0.1947796,0.1800000),(0.3265252,0.1943136,0.1800000),(0.3251563,0.1947796,0.1800000),(0.3251085,0.1948852,0.1800000),(0.3265252,0.1943136,0.1800000),(0.3251085,0.1948852,0.1800000),(0.3250713,0.1949971,0.1800000),(0.3250713,0.1949971,0.1800000),(0.3250448,0.1951151,0.1800000),(0.3250289,0.1952394,0.1800000),(0.3250713,0.1949971,0.1800000),(0.3250289,0.1952394,0.1800000),(0.3250235,0.1953699,0.1800000),(0.3250713,0.1949971,0.1800000),(0.3250235,0.1953699,0.1800000),(0.3250235,0.1953773,0.1800000),(0.3250713,0.1949971,0.1800000),(0.3250235,0.1953773,0.1800000),(0.3250235,0.1970717,0.1800000),(0.3250713,0.1949971,0.1800000),(0.3250235,0.1970717,0.1800000),(0.3250289,0.1972030,0.1800000),(0.3250713,0.1949971,0.1800000),(0.3250289,0.1972030,0.1800000),(0.3250448,0.1973282,0.1800000),(0.3250713,0.1949971,0.1800000),(0.3250448,0.1973282,0.1800000),(0.3250713,0.1974471,0.1800000),(0.3250713,0.1949971,0.1800000),(0.3250713,0.1974471,0.1800000),(0.3251085,0.1975599,0.1800000),(0.3250713,0.1949971,0.1800000),(0.3251085,0.1975599,0.1800000),(0.3251563,0.1976665,0.1800000),(0.3250713,0.1949971,0.1800000),(0.3251563,0.1976665,0.1800000),(0.3252146,0.1977668,0.1800000),(0.3250713,0.1949971,0.1800000),(0.3252146,0.1977668,0.1800000),(0.3252836,0.1978611,0.1800000),(0.3250713,0.1949971,0.1800000),(0.3252836,0.1978611,0.1800000),(0.3253633,0.1979491,0.1800000),(0.3253633,0.1979491,0.1800000),(0.3256670,0.1976527,0.1800000),(0.3255730,0.1975364,0.1800000),(0.3253633,0.1979491,0.1800000),(0.3255730,0.1975364,0.1800000),(0.3255059,0.1974001,0.1800000),(0.3253633,0.1979491,0.1800000),(0.3255059,0.1974001,0.1800000),(0.3254656,0.1972438,0.1800000),(0.3250713,0.1949971,0.1800000),(0.3253633,0.1979491,0.1800000),(0.3254656,0.1972438,0.1800000),(0.3250713,0.1949971,0.1800000),(0.3254656,0.1972438,0.1800000),(0.3254555,0.1971581,0.1800000),(0.3250713,0.1949971,0.1800000),(0.3254555,0.1971581,0.1800000),(0.3254522,0.1970675,0.1800000),(0.3250713,0.1949971,0.1800000),(0.3254522,0.1970675,0.1800000),(0.3254522,0.1953699,0.1800000),(0.3250713,0.1949971,0.1800000),(0.3254522,0.1953699,0.1800000),(0.3254555,0.1952816,0.1800000),(0.3250713,0.1949971,0.1800000),(0.3254555,0.1952816,0.1800000),(0.3254655,0.1951982,0.1800000),(0.3250713,0.1949971,0.1800000),(0.3254655,0.1951982,0.1800000),(0.3254821,0.1951197,0.1800000),(0.3250713,0.1949971,0.1800000),(0.3254821,0.1951197,0.1800000),(0.3255054,0.1950461,0.1800000),(0.3250713,0.1949971,0.1800000),(0.3255054,0.1950461,0.1800000),(0.3255718,0.1949135,0.1800000),(0.3250713,0.1949971,0.1800000),(0.3255718,0.1949135,0.1800000),(0.3256649,0.1948005,0.1800000),(0.3250713,0.1949971,0.1800000),(0.3256649,0.1948005,0.1800000),(0.3257601,0.1947218,0.1800000),(0.3250713,0.1949971,0.1800000),(0.3257601,0.1947218,0.1800000),(0.3258586,0.1946656,0.1800000),(0.3265252,0.1943136,0.1800000),(0.3250713,0.1949971,0.1800000),(0.3258586,0.1946656,0.1800000),(0.3265252,0.1943136,0.1800000),(0.3258586,0.1946656,0.1800000),(0.3259602,0.1946319,0.1800000),(0.3265252,0.1943136,0.1800000),(0.3259602,0.1946319,0.1800000),(0.3260649,0.1946206,0.1800000),(0.3265252,0.1943136,0.1800000),(0.3260649,0.1946206,0.1800000),(0.3261740,0.1946319,0.1800000),(0.3265252,0.1943136,0.1800000),(0.3261740,0.1946319,0.1800000),(0.3262769,0.1946656,0.1800000),(0.3265252,0.1943136,0.1800000),(0.3262769,0.1946656,0.1800000),(0.3263735,0.1947218,0.1800000),(0.3265252,0.1943136,0.1800000),(0.3263735,0.1947218,0.1800000),(0.3264639,0.1948005,0.1800000),(0.3265252,0.1943136,0.1800000),(0.3264639,0.1948005,0.1800000),(0.3265570,0.1949191,0.1800000),(0.3265252,0.1943136,0.1800000),(0.3265570,0.1949191,0.1800000),(0.3266235,0.1950548,0.1800000),(0.3265252,0.1943136,0.1800000),(0.3266235,0.1950548,0.1800000),(0.3266634,0.1952075,0.1800000),(0.3270989,0.1971999,0.1800000),(0.3265252,0.1943136,0.1800000),(0.3266634,0.1952075,0.1800000),(0.3270989,0.1971999,0.1800000),(0.3266634,0.1952075,0.1800000),(0.3266733,0.1952903,0.1800000),(0.3270989,0.1971999,0.1800000),(0.3266733,0.1952903,0.1800000),(0.3266767,0.1953773,0.1800000),(0.3270989,0.1971999,0.1800000),(0.3266767,0.1953773,0.1800000),(0.3266767,0.1970675,0.1800000),(0.3270989,0.1971999,0.1800000),(0.3266767,0.1970675,0.1800000),(0.3266733,0.1971571,0.1800000),(0.3270989,0.1971999,0.1800000),(0.3266733,0.1971571,0.1800000),(0.3266634,0.1972419,0.1800000),(0.3270989,0.1971999,0.1800000),(0.3266634,0.1972419,0.1800000),(0.3266467,0.1973218,0.1800000),(0.3270989,0.1971999,0.1800000),(0.3266467,0.1973218,0.1800000),(0.3266235,0.1973969,0.1800000),(0.3270989,0.1971999,0.1800000),(0.3266235,0.1973969,0.1800000),(0.3265570,0.1975324,0.1800000),(0.3270989,0.1971999,0.1800000),(0.3265570,0.1975324,0.1800000),(0.3264639,0.1976485,0.1800000),(0.3270989,0.1971999,0.1800000),(0.3264639,0.1976485,0.1800000),(0.3263727,0.1977263,0.1800000),(0.3257586,0.1977287,0.1800000),(0.3256670,0.1976527,0.1800000),(0.3253633,0.1979491,0.1800000),(0.3258554,0.1977829,0.1800000),(0.3257586,0.1977287,0.1800000),(0.3253633,0.1979491,0.1800000),(0.3259575,0.1978155,0.1800000),(0.3258554,0.1977829,0.1800000),(0.3253633,0.1979491,0.1800000),(0.3260649,0.1978263,0.1800000),(0.3259575,0.1978155,0.1800000),(0.3253633,0.1979491,0.1800000),(0.3261732,0.1978152,0.1800000),(0.3260649,0.1978263,0.1800000),(0.3253633,0.1979491,0.1800000),(0.3261732,0.1978152,0.1800000),(0.3253633,0.1979491,0.1800000),(0.3254402,0.1980198,0.1800000),(0.3261732,0.1978152,0.1800000),(0.3254402,0.1980198,0.1800000),(0.3255200,0.1980810,0.1800000),(0.3262758,0.1977819,0.1800000),(0.3261732,0.1978152,0.1800000),(0.3255200,0.1980810,0.1800000),(0.3262758,0.1977819,0.1800000),(0.3255200,0.1980810,0.1800000),(0.3256027,0.1981329,0.1800000),(0.3262758,0.1977819,0.1800000),(0.3256027,0.1981329,0.1800000),(0.3256884,0.1981753,0.1800000),(0.3263727,0.1977263,0.1800000),(0.3262758,0.1977819,0.1800000),(0.3256884,0.1981753,0.1800000),(0.3263727,0.1977263,0.1800000),(0.3256884,0.1981753,0.1800000),(0.3257771,0.1982083,0.1800000),(0.3270989,0.1971999,0.1800000),(0.3263727,0.1977263,0.1800000),(0.3257771,0.1982083,0.1800000),(0.3270989,0.1971999,0.1800000),(0.3257771,0.1982083,0.1800000),(0.3258687,0.1982319,0.1800000),(0.3270989,0.1971999,0.1800000),(0.3258687,0.1982319,0.1800000),(0.3259632,0.1982460,0.1800000),(0.3270989,0.1971999,0.1800000),(0.3259632,0.1982460,0.1800000),(0.3260607,0.1982507,0.1800000),(0.3270989,0.1971999,0.1800000),(0.3260607,0.1982507,0.1800000),(0.3261599,0.1982461,0.1800000),(0.3270989,0.1971999,0.1800000),(0.3261599,0.1982461,0.1800000),(0.3262558,0.1982322,0.1800000),(0.3270989,0.1971999,0.1800000),(0.3262558,0.1982322,0.1800000),(0.3263484,0.1982090,0.1800000),(0.3270989,0.1971999,0.1800000),(0.3263484,0.1982090,0.1800000),(0.3264377,0.1981766,0.1800000),(0.3270989,0.1971999,0.1800000),(0.3264377,0.1981766,0.1800000),(0.3265238,0.1981349,0.1800000),(0.3270989,0.1971999,0.1800000),(0.3265238,0.1981349,0.1800000),(0.3266066,0.1980840,0.1800000),(0.3270989,0.1971999,0.1800000),(0.3266066,0.1980840,0.1800000),(0.3266861,0.1980238,0.1800000),(0.3270989,0.1971999,0.1800000),(0.3266861,0.1980238,0.1800000),(0.3267624,0.1979544,0.1800000),(0.3270989,0.1971999,0.1800000),(0.3267624,0.1979544,0.1800000),(0.3268425,0.1978650,0.1800000),(0.3270989,0.1971999,0.1800000),(0.3268425,0.1978650,0.1800000),(0.3269119,0.1977696,0.1800000),(0.3270989,0.1971999,0.1800000),(0.3269119,0.1977696,0.1800000),(0.3269707,0.1976679,0.1800000),(0.3270989,0.1971999,0.1800000),(0.3269707,0.1976679,0.1800000),(0.3270188,0.1975601,0.1800000),(0.3270989,0.1971999,0.1800000),(0.3270188,0.1975601,0.1800000),(0.3270562,0.1974462,0.1800000),(0.3270989,0.1971999,0.1800000),(0.3270562,0.1974462,0.1800000),(0.3270829,0.1973261,0.1800000),(0.3207997,0.1971999,0.1800000),(0.3208050,0.1970675,0.1800000),(0.3208050,0.1953773,0.1800000),(0.3207997,0.1971999,0.1800000),(0.3208050,0.1953773,0.1800000),(0.3207997,0.1952467,0.1800000),(0.3207997,0.1971999,0.1800000),(0.3207997,0.1952467,0.1800000),(0.3207838,0.1951221,0.1800000),(0.3207997,0.1971999,0.1800000),(0.3207838,0.1951221,0.1800000),(0.3207573,0.1950034,0.1800000),(0.3207997,0.1971999,0.1800000),(0.3207573,0.1950034,0.1800000),(0.3207201,0.1948908,0.1800000),(0.3207997,0.1971999,0.1800000),(0.3207201,0.1948908,0.1800000),(0.3206723,0.1947841,0.1800000),(0.3207997,0.1971999,0.1800000),(0.3206723,0.1947841,0.1800000),(0.3206139,0.1946834,0.1800000),(0.3207997,0.1971999,0.1800000),(0.3206139,0.1946834,0.1800000),(0.3205449,0.1945887,0.1800000),(0.3207997,0.1971999,0.1800000),(0.3205449,0.1945887,0.1800000),(0.3204653,0.1945000,0.1800000),(0.3207997,0.1971999,0.1800000),(0.3204653,0.1945000,0.1800000),(0.3203886,0.1944283,0.1800000),(0.3207997,0.1971999,0.1800000),(0.3203886,0.1944283,0.1800000),(0.3203089,0.1943662,0.1800000),(0.3207997,0.1971999,0.1800000),(0.3203089,0.1943662,0.1800000),(0.3202260,0.1943136,0.1800000),(0.3202260,0.1943136,0.1800000),(0.3201401,0.1942706,0.1800000),(0.3200511,0.1942371,0.1800000),(0.3202260,0.1943136,0.1800000),(0.3200511,0.1942371,0.1800000),(0.3199591,0.1942132,0.1800000),(0.3202260,0.1943136,0.1800000),(0.3199591,0.1942132,0.1800000),(0.3198640,0.1941989,0.1800000),(0.3202260,0.1943136,0.1800000),(0.3198640,0.1941989,0.1800000),(0.3197657,0.1941941,0.1800000),(0.3202260,0.1943136,0.1800000),(0.3197657,0.1941941,0.1800000),(0.3196687,0.1941989,0.1800000),(0.3202260,0.1943136,0.1800000),(0.3196687,0.1941989,0.1800000),(0.3195743,0.1942132,0.1800000),(0.3202260,0.1943136,0.1800000),(0.3195743,0.1942132,0.1800000),(0.3194825,0.1942371,0.1800000),(0.3202260,0.1943136,0.1800000),(0.3194825,0.1942371,0.1800000),(0.3193935,0.1942706,0.1800000),(0.3202260,0.1943136,0.1800000),(0.3193935,0.1942706,0.1800000),(0.3193071,0.1943136,0.1800000),(0.3202260,0.1943136,0.1800000),(0.3193071,0.1943136,0.1800000),(0.3192234,0.1943662,0.1800000),(0.3202260,0.1943136,0.1800000),(0.3192234,0.1943662,0.1800000),(0.3191424,0.1944283,0.1800000),(0.3202260,0.1943136,0.1800000),(0.3191424,0.1944283,0.1800000),(0.3190641,0.1945000,0.1800000),(0.3202260,0.1943136,0.1800000),(0.3190641,0.1945000,0.1800000),(0.3189844,0.1945870,0.1800000),(0.3202260,0.1943136,0.1800000),(0.3189844,0.1945870,0.1800000),(0.3189154,0.1946802,0.1800000),(0.3202260,0.1943136,0.1800000),(0.3189154,0.1946802,0.1800000),(0.3188571,0.1947796,0.1800000),(0.3202260,0.1943136,0.1800000),(0.3188571,0.1947796,0.1800000),(0.3188093,0.1948852,0.1800000),(0.3202260,0.1943136,0.1800000),(0.3188093,0.1948852,0.1800000),(0.3187721,0.1949971,0.1800000),(0.3187721,0.1949971,0.1800000),(0.3187456,0.1951151,0.1800000),(0.3187297,0.1952394,0.1800000),(0.3187721,0.1949971,0.1800000),(0.3187297,0.1952394,0.1800000),(0.3187243,0.1953699,0.1800000),(0.3187721,0.1949971,0.1800000),(0.3187243,0.1953699,0.1800000),(0.3187243,0.1953773,0.1800000),(0.3187721,0.1949971,0.1800000),(0.3187243,0.1953773,0.1800000),(0.3187243,0.1970717,0.1800000),(0.3187721,0.1949971,0.1800000),(0.3187243,0.1970717,0.1800000),(0.3187297,0.1972030,0.1800000),(0.3187721,0.1949971,0.1800000),(0.3187297,0.1972030,0.1800000),(0.3187456,0.1973282,0.1800000),(0.3187721,0.1949971,0.1800000),(0.3187456,0.1973282,0.1800000),(0.3187721,0.1974471,0.1800000),(0.3187721,0.1949971,0.1800000),(0.3187721,0.1974471,0.1800000),(0.3188093,0.1975599,0.1800000),(0.3187721,0.1949971,0.1800000),(0.3188093,0.1975599,0.1800000),(0.3188571,0.1976665,0.1800000),(0.3187721,0.1949971,0.1800000),(0.3188571,0.1976665,0.1800000),(0.3189154,0.1977668,0.1800000),(0.3187721,0.1949971,0.1800000),(0.3189154,0.1977668,0.1800000),(0.3189844,0.1978611,0.1800000),(0.3187721,0.1949971,0.1800000),(0.3189844,0.1978611,0.1800000),(0.3190641,0.1979491,0.1800000),(0.3190641,0.1979491,0.1800000),(0.3193678,0.1976527,0.1800000),(0.3192738,0.1975364,0.1800000),(0.3190641,0.1979491,0.1800000),(0.3192738,0.1975364,0.1800000),(0.3192067,0.1974001,0.1800000),(0.3190641,0.1979491,0.1800000),(0.3192067,0.1974001,0.1800000),(0.3191664,0.1972438,0.1800000),(0.3187721,0.1949971,0.1800000),(0.3190641,0.1979491,0.1800000),(0.3191664,0.1972438,0.1800000),(0.3187721,0.1949971,0.1800000),(0.3191664,0.1972438,0.1800000),(0.3191563,0.1971581,0.1800000),(0.3187721,0.1949971,0.1800000),(0.3191563,0.1971581,0.1800000),(0.3191530,0.1970675,0.1800000),(0.3187721,0.1949971,0.1800000),(0.3191530,0.1970675,0.1800000),(0.3191530,0.1953699,0.1800000),(0.3187721,0.1949971,0.1800000),(0.3191530,0.1953699,0.1800000),(0.3191563,0.1952816,0.1800000),(0.3187721,0.1949971,0.1800000),(0.3191563,0.1952816,0.1800000),(0.3191663,0.1951982,0.1800000),(0.3187721,0.1949971,0.1800000),(0.3191663,0.1951982,0.1800000),(0.3191829,0.1951197,0.1800000),(0.3187721,0.1949971,0.1800000),(0.3191829,0.1951197,0.1800000),(0.3192062,0.1950461,0.1800000),(0.3187721,0.1949971,0.1800000),(0.3192062,0.1950461,0.1800000),(0.3192726,0.1949135,0.1800000),(0.3187721,0.1949971,0.1800000),(0.3192726,0.1949135,0.1800000),(0.3193657,0.1948005,0.1800000),(0.3187721,0.1949971,0.1800000),(0.3193657,0.1948005,0.1800000),(0.3194609,0.1947218,0.1800000),(0.3187721,0.1949971,0.1800000),(0.3194609,0.1947218,0.1800000),(0.3195594,0.1946656,0.1800000),(0.3202260,0.1943136,0.1800000),(0.3187721,0.1949971,0.1800000),(0.3195594,0.1946656,0.1800000),(0.3202260,0.1943136,0.1800000),(0.3195594,0.1946656,0.1800000),(0.3196610,0.1946319,0.1800000),(0.3202260,0.1943136,0.1800000),(0.3196610,0.1946319,0.1800000),(0.3197657,0.1946206,0.1800000),(0.3202260,0.1943136,0.1800000),(0.3197657,0.1946206,0.1800000),(0.3198748,0.1946319,0.1800000),(0.3202260,0.1943136,0.1800000),(0.3198748,0.1946319,0.1800000),(0.3199777,0.1946656,0.1800000),(0.3202260,0.1943136,0.1800000),(0.3199777,0.1946656,0.1800000),(0.3200743,0.1947218,0.1800000),(0.3202260,0.1943136,0.1800000),(0.3200743,0.1947218,0.1800000),(0.3201647,0.1948005,0.1800000),(0.3202260,0.1943136,0.1800000),(0.3201647,0.1948005,0.1800000),(0.3202578,0.1949191,0.1800000),(0.3202260,0.1943136,0.1800000),(0.3202578,0.1949191,0.1800000),(0.3203243,0.1950548,0.1800000),(0.3202260,0.1943136,0.1800000),(0.3203243,0.1950548,0.1800000),(0.3203642,0.1952075,0.1800000),(0.3207997,0.1971999,0.1800000),(0.3202260,0.1943136,0.1800000),(0.3203642,0.1952075,0.1800000),(0.3207997,0.1971999,0.1800000),(0.3203642,0.1952075,0.1800000),(0.3203741,0.1952903,0.1800000),(0.3207997,0.1971999,0.1800000),(0.3203741,0.1952903,0.1800000),(0.3203775,0.1953773,0.1800000),(0.3207997,0.1971999,0.1800000),(0.3203775,0.1953773,0.1800000),(0.3203775,0.1970675,0.1800000),(0.3207997,0.1971999,0.1800000),(0.3203775,0.1970675,0.1800000),(0.3203741,0.1971571,0.1800000),(0.3207997,0.1971999,0.1800000),(0.3203741,0.1971571,0.1800000),(0.3203642,0.1972419,0.1800000),(0.3207997,0.1971999,0.1800000),(0.3203642,0.1972419,0.1800000),(0.3203475,0.1973218,0.1800000),(0.3207997,0.1971999,0.1800000),(0.3203475,0.1973218,0.1800000),(0.3203243,0.1973969,0.1800000),(0.3207997,0.1971999,0.1800000),(0.3203243,0.1973969,0.1800000),(0.3202578,0.1975324,0.1800000),(0.3207997,0.1971999,0.1800000),(0.3202578,0.1975324,0.1800000),(0.3201647,0.1976485,0.1800000),(0.3207997,0.1971999,0.1800000),(0.3201647,0.1976485,0.1800000),(0.3200735,0.1977263,0.1800000),(0.3194594,0.1977287,0.1800000),(0.3193678,0.1976527,0.1800000),(0.3190641,0.1979491,0.1800000),(0.3195562,0.1977829,0.1800000),(0.3194594,0.1977287,0.1800000),(0.3190641,0.1979491,0.1800000),(0.3196583,0.1978155,0.1800000),(0.3195562,0.1977829,0.1800000),(0.3190641,0.1979491,0.1800000),(0.3197657,0.1978263,0.1800000),(0.3196583,0.1978155,0.1800000),(0.3190641,0.1979491,0.1800000),(0.3198740,0.1978152,0.1800000),(0.3197657,0.1978263,0.1800000),(0.3190641,0.1979491,0.1800000),(0.3198740,0.1978152,0.1800000),(0.3190641,0.1979491,0.1800000),(0.3191410,0.1980198,0.1800000),(0.3198740,0.1978152,0.1800000),(0.3191410,0.1980198,0.1800000),(0.3192208,0.1980810,0.1800000),(0.3199766,0.1977819,0.1800000),(0.3198740,0.1978152,0.1800000),(0.3192208,0.1980810,0.1800000),(0.3199766,0.1977819,0.1800000),(0.3192208,0.1980810,0.1800000),(0.3193035,0.1981329,0.1800000),(0.3199766,0.1977819,0.1800000),(0.3193035,0.1981329,0.1800000),(0.3193892,0.1981753,0.1800000),(0.3200735,0.1977263,0.1800000),(0.3199766,0.1977819,0.1800000),(0.3193892,0.1981753,0.1800000),(0.3200735,0.1977263,0.1800000),(0.3193892,0.1981753,0.1800000),(0.3194779,0.1982083,0.1800000),(0.3207997,0.1971999,0.1800000),(0.3200735,0.1977263,0.1800000),(0.3194779,0.1982083,0.1800000),(0.3207997,0.1971999,0.1800000),(0.3194779,0.1982083,0.1800000),(0.3195695,0.1982319,0.1800000),(0.3207997,0.1971999,0.1800000),(0.3195695,0.1982319,0.1800000),(0.3196640,0.1982460,0.1800000),(0.3207997,0.1971999,0.1800000),(0.3196640,0.1982460,0.1800000),(0.3197615,0.1982507,0.1800000),(0.3207997,0.1971999,0.1800000),(0.3197615,0.1982507,0.1800000),(0.3198607,0.1982461,0.1800000),(0.3207997,0.1971999,0.1800000),(0.3198607,0.1982461,0.1800000),(0.3199566,0.1982322,0.1800000),(0.3207997,0.1971999,0.1800000),(0.3199566,0.1982322,0.1800000),(0.3200492,0.1982090,0.1800000),(0.3207997,0.1971999,0.1800000),(0.3200492,0.1982090,0.1800000),(0.3201385,0.1981766,0.1800000),(0.3207997,0.1971999,0.1800000),(0.3201385,0.1981766,0.1800000),(0.3202246,0.1981349,0.1800000),(0.3207997,0.1971999,0.1800000),(0.3202246,0.1981349,0.1800000),(0.3203074,0.1980840,0.1800000),(0.3207997,0.1971999,0.1800000),(0.3203074,0.1980840,0.1800000),(0.3203869,0.1980238,0.1800000),(0.3207997,0.1971999,0.1800000),(0.3203869,0.1980238,0.1800000),(0.3204632,0.1979544,0.1800000),(0.3207997,0.1971999,0.1800000),(0.3204632,0.1979544,0.1800000),(0.3205433,0.1978650,0.1800000),(0.3207997,0.1971999,0.1800000),(0.3205433,0.1978650,0.1800000),(0.3206127,0.1977696,0.1800000),(0.3207997,0.1971999,0.1800000),(0.3206127,0.1977696,0.1800000),(0.3206715,0.1976679,0.1800000),(0.3207997,0.1971999,0.1800000),(0.3206715,0.1976679,0.1800000),(0.3207196,0.1975601,0.1800000),(0.3207997,0.1971999,0.1800000),(0.3207196,0.1975601,0.1800000),(0.3207570,0.1974462,0.1800000),(0.3207997,0.1971999,0.1800000),(0.3207570,0.1974462,0.1800000),(0.3207837,0.1973261,0.1800000),(0.3277382,0.1952540,0.1800000),(0.3277329,0.1953890,0.1800000),(0.3277342,0.1954922,0.1800000),(0.3277382,0.1952540,0.1800000),(0.3277342,0.1954922,0.1800000),(0.3277381,0.1955914,0.1800000),(0.3277382,0.1952540,0.1800000),(0.3277381,0.1955914,0.1800000),(0.3277447,0.1956866,0.1800000),(0.3277382,0.1952540,0.1800000),(0.3277447,0.1956866,0.1800000),(0.3277538,0.1957776,0.1800000),(0.3277382,0.1952540,0.1800000),(0.3277538,0.1957776,0.1800000),(0.3277656,0.1958646,0.1800000),(0.3277382,0.1952540,0.1800000),(0.3277656,0.1958646,0.1800000),(0.3277801,0.1959476,0.1800000),(0.3277382,0.1952540,0.1800000),(0.3277801,0.1959476,0.1800000),(0.3277971,0.1960264,0.1800000),(0.3277382,0.1952540,0.1800000),(0.3277971,0.1960264,0.1800000),(0.3278168,0.1961012,0.1800000),(0.3277382,0.1952540,0.1800000),(0.3278168,0.1961012,0.1800000),(0.3278639,0.1962386,0.1800000),(0.3277382,0.1952540,0.1800000),(0.3278639,0.1962386,0.1800000),(0.3279216,0.1963597,0.1800000),(0.3277382,0.1952540,0.1800000),(0.3279216,0.1963597,0.1800000),(0.3279897,0.1964646,0.1800000),(0.3277382,0.1952540,0.1800000),(0.3279897,0.1964646,0.1800000),(0.3280684,0.1965531,0.1800000),(0.3277382,0.1952540,0.1800000),(0.3280684,0.1965531,0.1800000),(0.3281466,0.1966236,0.1800000),(0.3277382,0.1952540,0.1800000),(0.3281466,0.1966236,0.1800000),(0.3282275,0.1966846,0.1800000),(0.3277382,0.1952540,0.1800000),(0.3282275,0.1966846,0.1800000),(0.3283108,0.1967363,0.1800000),(0.3277382,0.1952540,0.1800000),(0.3283108,0.1967363,0.1800000),(0.3283967,0.1967786,0.1800000),(0.3277382,0.1952540,0.1800000),(0.3283967,0.1967786,0.1800000),(0.3284852,0.1968114,0.1800000),(0.3277382,0.1952540,0.1800000),(0.3284852,0.1968114,0.1800000),(0.3285762,0.1968349,0.1800000),(0.3277382,0.1952540,0.1800000),(0.3285762,0.1968349,0.1800000),(0.3286697,0.1968490,0.1800000),(0.3286697,0.1968490,0.1800000),(0.3287658,0.1968537,0.1800000),(0.3288549,0.1968502,0.1800000),(0.3286697,0.1968490,0.1800000),(0.3288549,0.1968502,0.1800000),(0.3289407,0.1968397,0.1800000),(0.3286697,0.1968490,0.1800000),(0.3289407,0.1968397,0.1800000),(0.3290232,0.1968222,0.1800000),(0.3286697,0.1968490,0.1800000),(0.3290232,0.1968222,0.1800000),(0.3291024,0.1967976,0.1800000),(0.3286697,0.1968490,0.1800000),(0.3291024,0.1967976,0.1800000),(0.3291782,0.1967661,0.1800000),(0.3286697,0.1968490,0.1800000),(0.3291782,0.1967661,0.1800000),(0.3292508,0.1967275,0.1800000),(0.3286697,0.1968490,0.1800000),(0.3292508,0.1967275,0.1800000),(0.3293200,0.1966819,0.1800000),(0.3286697,0.1968490,0.1800000),(0.3293200,0.1966819,0.1800000),(0.3293860,0.1966293,0.1800000),(0.3282745,0.1975287,0.1800000),(0.3282070,0.1973871,0.1800000),(0.3281239,0.1972934,0.1800000),(0.3282745,0.1975287,0.1800000),(0.3281239,0.1972934,0.1800000),(0.3280080,0.1972411,0.1800000),(0.3283689,0.1976485,0.1800000),(0.3282745,0.1975287,0.1800000),(0.3280080,0.1972411,0.1800000),(0.3283689,0.1976485,0.1800000),(0.3280080,0.1972411,0.1800000),(0.3279324,0.1972718,0.1800000),(0.3283689,0.1976485,0.1800000),(0.3279324,0.1972718,0.1800000),(0.3278718,0.1973175,0.1800000),(0.3284621,0.1977263,0.1800000),(0.3283689,0.1976485,0.1800000),(0.3278718,0.1973175,0.1800000),(0.3284621,0.1977263,0.1800000),(0.3278718,0.1973175,0.1800000),(0.3277953,0.1974538,0.1800000),(0.3285608,0.1977819,0.1800000),(0.3284621,0.1977263,0.1800000),(0.3277953,0.1974538,0.1800000),(0.3285608,0.1977819,0.1800000),(0.3277953,0.1974538,0.1800000),(0.3278027,0.1975257,0.1800000),(0.3285608,0.1977819,0.1800000),(0.3278027,0.1975257,0.1800000),(0.3278513,0.1976435,0.1800000),(0.3286648,0.1978152,0.1800000),(0.3285608,0.1977819,0.1800000),(0.3278513,0.1976435,0.1800000),(0.3286648,0.1978152,0.1800000),(0.3278513,0.1976435,0.1800000),(0.3279125,0.1977533,0.1800000),(0.3287743,0.1978263,0.1800000),(0.3286648,0.1978152,0.1800000),(0.3279125,0.1977533,0.1800000),(0.3287743,0.1978263,0.1800000),(0.3279125,0.1977533,0.1800000),(0.3279863,0.1978552,0.1800000),(0.3287743,0.1978263,0.1800000),(0.3279863,0.1978552,0.1800000),(0.3280726,0.1979491,0.1800000),(0.3288689,0.1978146,0.1800000),(0.3287743,0.1978263,0.1800000),(0.3280726,0.1979491,0.1800000),(0.3288689,0.1978146,0.1800000),(0.3280726,0.1979491,0.1800000),(0.3281495,0.1980198,0.1800000),(0.3288689,0.1978146,0.1800000),(0.3281495,0.1980198,0.1800000),(0.3282296,0.1980810,0.1800000),(0.3289695,0.1977795,0.1800000),(0.3288689,0.1978146,0.1800000),(0.3282296,0.1980810,0.1800000),(0.3289695,0.1977795,0.1800000),(0.3282296,0.1980810,0.1800000),(0.3283127,0.1981329,0.1800000),(0.3289695,0.1977795,0.1800000),(0.3283127,0.1981329,0.1800000),(0.3283988,0.1981753,0.1800000),(0.3290763,0.1977209,0.1800000),(0.3289695,0.1977795,0.1800000),(0.3283988,0.1981753,0.1800000),(0.3290763,0.1977209,0.1800000),(0.3283988,0.1981753,0.1800000),(0.3284881,0.1982083,0.1800000),(0.3291891,0.1976390,0.1800000),(0.3290763,0.1977209,0.1800000),(0.3284881,0.1982083,0.1800000),(0.3291891,0.1976390,0.1800000),(0.3284881,0.1982083,0.1800000),(0.3285804,0.1982319,0.1800000),(0.3291891,0.1976390,0.1800000),(0.3285804,0.1982319,0.1800000),(0.3286758,0.1982460,0.1800000),(0.3292753,0.1975410,0.1800000),(0.3291891,0.1976390,0.1800000),(0.3286758,0.1982460,0.1800000),(0.3292753,0.1975410,0.1800000),(0.3286758,0.1982460,0.1800000),(0.3287743,0.1982507,0.1800000),(0.3292753,0.1975410,0.1800000),(0.3287743,0.1982507,0.1800000),(0.3288591,0.1982462,0.1800000),(0.3292753,0.1975410,0.1800000),(0.3288591,0.1982462,0.1800000),(0.3289444,0.1982326,0.1800000),(0.3293368,0.1974130,0.1800000),(0.3292753,0.1975410,0.1800000),(0.3289444,0.1982326,0.1800000),(0.3293368,0.1974130,0.1800000),(0.3289444,0.1982326,0.1800000),(0.3290301,0.1982099,0.1800000),(0.3293368,0.1974130,0.1800000),(0.3290301,0.1982099,0.1800000),(0.3291161,0.1981782,0.1800000),(0.3293368,0.1974130,0.1800000),(0.3291161,0.1981782,0.1800000),(0.3292026,0.1981374,0.1800000),(0.3293583,0.1973379,0.1800000),(0.3293368,0.1974130,0.1800000),(0.3292026,0.1981374,0.1800000),(0.3293583,0.1973379,0.1800000),(0.3292026,0.1981374,0.1800000),(0.3292894,0.1980876,0.1800000),(0.3293737,0.1972552,0.1800000),(0.3293583,0.1973379,0.1800000),(0.3292894,0.1980876,0.1800000),(0.3293829,0.1971651,0.1800000),(0.3293737,0.1972552,0.1800000),(0.3292894,0.1980876,0.1800000),(0.3293829,0.1971651,0.1800000),(0.3292894,0.1980876,0.1800000),(0.3293767,0.1980287,0.1800000),(0.3293860,0.1970675,0.1800000),(0.3293829,0.1971651,0.1800000),(0.3293767,0.1980287,0.1800000),(0.3293860,0.1970675,0.1800000),(0.3293767,0.1980287,0.1800000),(0.3294643,0.1979607,0.1800000),(0.3293860,0.1966293,0.1800000),(0.3293860,0.1970675,0.1800000),(0.3294643,0.1979607,0.1800000),(0.3293860,0.1966293,0.1800000),(0.3294643,0.1979607,0.1800000),(0.3295462,0.1978830,0.1800000),(0.3293860,0.1966293,0.1800000),(0.3295462,0.1978830,0.1800000),(0.3296171,0.1977958,0.1800000),(0.3293860,0.1966293,0.1800000),(0.3296171,0.1977958,0.1800000),(0.3296771,0.1976991,0.1800000),(0.3293860,0.1966293,0.1800000),(0.3296771,0.1976991,0.1800000),(0.3297263,0.1975929,0.1800000),(0.3293860,0.1966293,0.1800000),(0.3297263,0.1975929,0.1800000),(0.3297645,0.1974774,0.1800000),(0.3293860,0.1966293,0.1800000),(0.3297645,0.1974774,0.1800000),(0.3297917,0.1973523,0.1800000),(0.3293860,0.1966293,0.1800000),(0.3297917,0.1973523,0.1800000),(0.3298081,0.1972178,0.1800000),(0.3293860,0.1966293,0.1800000),(0.3298081,0.1972178,0.1800000),(0.3298136,0.1970738,0.1800000),(0.3293860,0.1966293,0.1800000),(0.3298136,0.1970738,0.1800000),(0.3298136,0.1957573,0.1800000),(0.3286697,0.1968490,0.1800000),(0.3293860,0.1966293,0.1800000),(0.3298136,0.1957573,0.1800000),(0.3298136,0.1957573,0.1800000),(0.3294177,0.1957689,0.1800000),(0.3294023,0.1958919,0.1800000),(0.3298136,0.1957573,0.1800000),(0.3294023,0.1958919,0.1800000),(0.3293558,0.1960131,0.1800000),(0.3298136,0.1957573,0.1800000),(0.3293558,0.1960131,0.1800000),(0.3292784,0.1961326,0.1800000),(0.3286697,0.1968490,0.1800000),(0.3298136,0.1957573,0.1800000),(0.3292784,0.1961326,0.1800000),(0.3286697,0.1968490,0.1800000),(0.3292784,0.1961326,0.1800000),(0.3291701,0.1962505,0.1800000),(0.3286697,0.1968490,0.1800000),(0.3291701,0.1962505,0.1800000),(0.3290746,0.1963292,0.1800000),(0.3286697,0.1968490,0.1800000),(0.3290746,0.1963292,0.1800000),(0.3289754,0.1963854,0.1800000),(0.3286697,0.1968490,0.1800000),(0.3289754,0.1963854,0.1800000),(0.3288724,0.1964191,0.1800000),(0.3286697,0.1968490,0.1800000),(0.3288724,0.1964191,0.1800000),(0.3287658,0.1964304,0.1800000),(0.3286697,0.1968490,0.1800000),(0.3287658,0.1964304,0.1800000),(0.3286596,0.1964191,0.1800000),(0.3286697,0.1968490,0.1800000),(0.3286596,0.1964191,0.1800000),(0.3285571,0.1963854,0.1800000),(0.3286697,0.1968490,0.1800000),(0.3285571,0.1963854,0.1800000),(0.3284580,0.1963292,0.1800000),(0.3286697,0.1968490,0.1800000),(0.3284580,0.1963292,0.1800000),(0.3283626,0.1962505,0.1800000),(0.3286697,0.1968490,0.1800000),(0.3283626,0.1962505,0.1800000),(0.3282746,0.1961216,0.1800000),(0.3277382,0.1952540,0.1800000),(0.3286697,0.1968490,0.1800000),(0.3282746,0.1961216,0.1800000),(0.3277382,0.1952540,0.1800000),(0.3282746,0.1961216,0.1800000),(0.3282401,0.1960355,0.1800000),(0.3277382,0.1952540,0.1800000),(0.3282401,0.1960355,0.1800000),(0.3282118,0.1959351,0.1800000),(0.3277382,0.1952540,0.1800000),(0.3282118,0.1959351,0.1800000),(0.3281898,0.1958202,0.1800000),(0.3277382,0.1952540,0.1800000),(0.3281898,0.1958202,0.1800000),(0.3281741,0.1956909,0.1800000),(0.3277382,0.1952540,0.1800000),(0.3281741,0.1956909,0.1800000),(0.3281646,0.1955471,0.1800000),(0.3277382,0.1952540,0.1800000),(0.3281646,0.1955471,0.1800000),(0.3281615,0.1953890,0.1800000),(0.3277382,0.1952540,0.1800000),(0.3281615,0.1953890,0.1800000),(0.3281649,0.1952976,0.1800000),(0.3277382,0.1952540,0.1800000),(0.3281649,0.1952976,0.1800000),(0.3281749,0.1952112,0.1800000),(0.3277382,0.1952540,0.1800000),(0.3281749,0.1952112,0.1800000),(0.3281917,0.1951298,0.1800000),(0.3277382,0.1952540,0.1800000),(0.3281917,0.1951298,0.1800000),(0.3282152,0.1950535,0.1800000),(0.3277382,0.1952540,0.1800000),(0.3282152,0.1950535,0.1800000),(0.3282824,0.1949159,0.1800000),(0.3277382,0.1952540,0.1800000),(0.3282824,0.1949159,0.1800000),(0.3283763,0.1947984,0.1800000),(0.3277382,0.1952540,0.1800000),(0.3283763,0.1947984,0.1800000),(0.3284676,0.1947206,0.1800000),(0.3294168,0.1956777,0.1800000),(0.3294177,0.1957689,0.1800000),(0.3298136,0.1957573,0.1800000),(0.3294140,0.1955906,0.1800000),(0.3294168,0.1956777,0.1800000),(0.3298136,0.1957573,0.1800000),(0.3294029,0.1954286,0.1800000),(0.3294140,0.1955906,0.1800000),(0.3298136,0.1957573,0.1800000),(0.3293843,0.1952830,0.1800000),(0.3294029,0.1954286,0.1800000),(0.3298136,0.1957573,0.1800000),(0.3293582,0.1951538,0.1800000),(0.3293843,0.1952830,0.1800000),(0.3298136,0.1957573,0.1800000),(0.3293247,0.1950409,0.1800000),(0.3293582,0.1951538,0.1800000),(0.3298136,0.1957573,0.1800000),(0.3292838,0.1949444,0.1800000),(0.3293247,0.1950409,0.1800000),(0.3298136,0.1957573,0.1800000),(0.3292354,0.1948643,0.1800000),(0.3292838,0.1949444,0.1800000),(0.3298136,0.1957573,0.1800000),(0.3292354,0.1948643,0.1800000),(0.3298136,0.1957573,0.1800000),(0.3298122,0.1956418,0.1800000),(0.3292354,0.1948643,0.1800000),(0.3298122,0.1956418,0.1800000),(0.3298082,0.1955312,0.1800000),(0.3292354,0.1948643,0.1800000),(0.3298082,0.1955312,0.1800000),(0.3298015,0.1954255,0.1800000),(0.3291796,0.1948005,0.1800000),(0.3292354,0.1948643,0.1800000),(0.3298015,0.1954255,0.1800000),(0.3291796,0.1948005,0.1800000),(0.3298015,0.1954255,0.1800000),(0.3297922,0.1953246,0.1800000),(0.3291796,0.1948005,0.1800000),(0.3297922,0.1953246,0.1800000),(0.3297802,0.1952286,0.1800000),(0.3290830,0.1947218,0.1800000),(0.3291796,0.1948005,0.1800000),(0.3297802,0.1952286,0.1800000),(0.3290830,0.1947218,0.1800000),(0.3297802,0.1952286,0.1800000),(0.3297655,0.1951374,0.1800000),(0.3290830,0.1947218,0.1800000),(0.3297655,0.1951374,0.1800000),(0.3297481,0.1950511,0.1800000),(0.3289825,0.1946656,0.1800000),(0.3290830,0.1947218,0.1800000),(0.3297481,0.1950511,0.1800000),(0.3289825,0.1946656,0.1800000),(0.3297481,0.1950511,0.1800000),(0.3297281,0.1949696,0.1800000),(0.3289825,0.1946656,0.1800000),(0.3297281,0.1949696,0.1800000),(0.3297054,0.1948930,0.1800000),(0.3288782,0.1946319,0.1800000),(0.3289825,0.1946656,0.1800000),(0.3297054,0.1948930,0.1800000),(0.3288782,0.1946319,0.1800000),(0.3297054,0.1948930,0.1800000),(0.3296800,0.1948212,0.1800000),(0.3288782,0.1946319,0.1800000),(0.3296800,0.1948212,0.1800000),(0.3296213,0.1946923,0.1800000),(0.3287700,0.1946206,0.1800000),(0.3288782,0.1946319,0.1800000),(0.3296213,0.1946923,0.1800000),(0.3287700,0.1946206,0.1800000),(0.3296213,0.1946923,0.1800000),(0.3295518,0.1945827,0.1800000),(0.3287700,0.1946206,0.1800000),(0.3295518,0.1945827,0.1800000),(0.3294717,0.1944926,0.1800000),(0.3286645,0.1946317,0.1800000),(0.3287700,0.1946206,0.1800000),(0.3294717,0.1944926,0.1800000),(0.3286645,0.1946317,0.1800000),(0.3294717,0.1944926,0.1800000),(0.3293921,0.1944226,0.1800000),(0.3286645,0.1946317,0.1800000),(0.3293921,0.1944226,0.1800000),(0.3293099,0.1943620,0.1800000),(0.3285637,0.1946651,0.1800000),(0.3286645,0.1946317,0.1800000),(0.3293099,0.1943620,0.1800000),(0.3285637,0.1946651,0.1800000),(0.3293099,0.1943620,0.1800000),(0.3292252,0.1943107,0.1800000),(0.3285637,0.1946651,0.1800000),(0.3292252,0.1943107,0.1800000),(0.3291378,0.1942687,0.1800000),(0.3284676,0.1947206,0.1800000),(0.3285637,0.1946651,0.1800000),(0.3291378,0.1942687,0.1800000),(0.3284676,0.1947206,0.1800000),(0.3291378,0.1942687,0.1800000),(0.3290479,0.1942361,0.1800000),(0.3277382,0.1952540,0.1800000),(0.3284676,0.1947206,0.1800000),(0.3290479,0.1942361,0.1800000),(0.3277382,0.1952540,0.1800000),(0.3290479,0.1942361,0.1800000),(0.3289554,0.1942128,0.1800000),(0.3277382,0.1952540,0.1800000),(0.3289554,0.1942128,0.1800000),(0.3288603,0.1941988,0.1800000),(0.3277382,0.1952540,0.1800000),(0.3288603,0.1941988,0.1800000),(0.3287626,0.1941941,0.1800000),(0.3277382,0.1952540,0.1800000),(0.3287626,0.1941941,0.1800000),(0.3286674,0.1941989,0.1800000),(0.3277382,0.1952540,0.1800000),(0.3286674,0.1941989,0.1800000),(0.3285749,0.1942131,0.1800000),(0.3277382,0.1952540,0.1800000),(0.3285749,0.1942131,0.1800000),(0.3284850,0.1942368,0.1800000),(0.3277382,0.1952540,0.1800000),(0.3284850,0.1942368,0.1800000),(0.3283978,0.1942700,0.1800000),(0.3277382,0.1952540,0.1800000),(0.3283978,0.1942700,0.1800000),(0.3283133,0.1943128,0.1800000),(0.3277382,0.1952540,0.1800000),(0.3283133,0.1943128,0.1800000),(0.3282314,0.1943650,0.1800000),(0.3277382,0.1952540,0.1800000),(0.3282314,0.1943650,0.1800000),(0.3281523,0.1944267,0.1800000),(0.3277382,0.1952540,0.1800000),(0.3281523,0.1944267,0.1800000),(0.3280758,0.1944979,0.1800000),(0.3277382,0.1952540,0.1800000),(0.3280758,0.1944979,0.1800000),(0.3279954,0.1945856,0.1800000),(0.3277382,0.1952540,0.1800000),(0.3279954,0.1945856,0.1800000),(0.3279258,0.1946802,0.1800000),(0.3277382,0.1952540,0.1800000),(0.3279258,0.1946802,0.1800000),(0.3278668,0.1947814,0.1800000),(0.3277382,0.1952540,0.1800000),(0.3278668,0.1947814,0.1800000),(0.3278186,0.1948894,0.1800000),(0.3277382,0.1952540,0.1800000),(0.3278186,0.1948894,0.1800000),(0.3277811,0.1950042,0.1800000),(0.3277382,0.1952540,0.1800000),(0.3277811,0.1950042,0.1800000),(0.3277543,0.1951257,0.1800000),(0.3212633,0.1982203,0.1800000),(0.3213363,0.1983269,0.1800000),(0.3214429,0.1983999,0.1800000),(0.3212633,0.1982203,0.1800000),(0.3214429,0.1983999,0.1800000),(0.3215681,0.1984243,0.1800000),(0.3212633,0.1982203,0.1800000),(0.3215681,0.1984243,0.1800000),(0.3216930,0.1983999,0.1800000),(0.3212633,0.1982203,0.1800000),(0.3216930,0.1983999,0.1800000),(0.3217988,0.1983269,0.1800000),(0.3212633,0.1982203,0.1800000),(0.3217988,0.1983269,0.1800000),(0.3218718,0.1982203,0.1800000),(0.3212633,0.1982203,0.1800000),(0.3218718,0.1982203,0.1800000),(0.3218962,0.1980951,0.1800000),(0.3212633,0.1982203,0.1800000),(0.3218962,0.1980951,0.1800000),(0.3218718,0.1979700,0.1800000),(0.3212633,0.1982203,0.1800000),(0.3218718,0.1979700,0.1800000),(0.3217988,0.1978634,0.1800000),(0.3212633,0.1982203,0.1800000),(0.3217988,0.1978634,0.1800000),(0.3216930,0.1977903,0.1800000),(0.3212633,0.1982203,0.1800000),(0.3216930,0.1977903,0.1800000),(0.3215681,0.1977660,0.1800000),(0.3212633,0.1982203,0.1800000),(0.3215681,0.1977660,0.1800000),(0.3214429,0.1977903,0.1800000),(0.3212633,0.1982203,0.1800000),(0.3214429,0.1977903,0.1800000),(0.3213363,0.1978634,0.1800000),(0.3212633,0.1982203,0.1800000),(0.3213363,0.1978634,0.1800000),(0.3212633,0.1979700,0.1800000),(0.3212633,0.1982203,0.1800000),(0.3212633,0.1979700,0.1800000),(0.3212389,0.1980951,0.1800000),(0.3402013,0.1964679,0.1800000),(0.3415835,0.1982576,0.1800000),(0.3416557,0.1983195,0.1800000),(0.3402013,0.1964679,0.1800000),(0.3416557,0.1983195,0.1800000),(0.3417475,0.1983401,0.1800000),(0.3402013,0.1964679,0.1800000),(0.3417475,0.1983401,0.1800000),(0.3418798,0.1982946,0.1800000),(0.3402013,0.1964679,0.1800000),(0.3418798,0.1982946,0.1800000),(0.3419441,0.1982211,0.1800000),(0.3402013,0.1964679,0.1800000),(0.3419441,0.1982211,0.1800000),(0.3419655,0.1981253,0.1800000),(0.3402013,0.1964679,0.1800000),(0.3419655,0.1981253,0.1800000),(0.3419211,0.1979930,0.1800000),(0.3402013,0.1964679,0.1800000),(0.3419211,0.1979930,0.1800000),(0.3407453,0.1964679,0.1800000),(0.3407453,0.1964679,0.1800000),(0.3408310,0.1964679,0.1800000),(0.3409502,0.1964628,0.1800000),(0.3402013,0.1964679,0.1800000),(0.3407453,0.1964679,0.1800000),(0.3409502,0.1964628,0.1800000),(0.3393377,0.1964679,0.1800000),(0.3402013,0.1964679,0.1800000),(0.3409502,0.1964628,0.1800000),(0.3393377,0.1964679,0.1800000),(0.3409502,0.1964628,0.1800000),(0.3410640,0.1964475,0.1800000),(0.3393377,0.1964679,0.1800000),(0.3410640,0.1964475,0.1800000),(0.3411724,0.1964220,0.1800000),(0.3393377,0.1964679,0.1800000),(0.3411724,0.1964220,0.1800000),(0.3412752,0.1963862,0.1800000),(0.3393377,0.1964679,0.1800000),(0.3412752,0.1963862,0.1800000),(0.3413726,0.1963402,0.1800000),(0.3393377,0.1964679,0.1800000),(0.3413726,0.1963402,0.1800000),(0.3414646,0.1962840,0.1800000),(0.3393377,0.1964679,0.1800000),(0.3414646,0.1962840,0.1800000),(0.3415511,0.1962176,0.1800000),(0.3393377,0.1964679,0.1800000),(0.3415511,0.1962176,0.1800000),(0.3416322,0.1961409,0.1800000),(0.3393377,0.1964679,0.1800000),(0.3416322,0.1961409,0.1800000),(0.3417086,0.1960512,0.1800000),(0.3393377,0.1964679,0.1800000),(0.3417086,0.1960512,0.1800000),(0.3417748,0.1959587,0.1800000),(0.3393377,0.1964679,0.1800000),(0.3417748,0.1959587,0.1800000),(0.3418308,0.1958636,0.1800000),(0.3418308,0.1958636,0.1800000),(0.3418766,0.1957657,0.1800000),(0.3414811,0.1956165,0.1800000),(0.3418308,0.1958636,0.1800000),(0.3414811,0.1956165,0.1800000),(0.3414166,0.1957341,0.1800000),(0.3418308,0.1958636,0.1800000),(0.3414166,0.1957341,0.1800000),(0.3413263,0.1958403,0.1800000),(0.3418308,0.1958636,0.1800000),(0.3413263,0.1958403,0.1800000),(0.3412164,0.1959283,0.1800000),(0.3418308,0.1958636,0.1800000),(0.3412164,0.1959283,0.1800000),(0.3410972,0.1959912,0.1800000),(0.3418308,0.1958636,0.1800000),(0.3410972,0.1959912,0.1800000),(0.3409687,0.1960289,0.1800000),(0.3393377,0.1964679,0.1800000),(0.3418308,0.1958636,0.1800000),(0.3409687,0.1960289,0.1800000),(0.3393377,0.1964679,0.1800000),(0.3409687,0.1960289,0.1800000),(0.3408310,0.1960414,0.1800000),(0.3393377,0.1964679,0.1800000),(0.3408310,0.1960414,0.1800000),(0.3393377,0.1960414,0.1800000),(0.3415198,0.1954875,0.1800000),(0.3414811,0.1956165,0.1800000),(0.3418766,0.1957657,0.1800000),(0.3415327,0.1953472,0.1800000),(0.3415198,0.1954875,0.1800000),(0.3418766,0.1957657,0.1800000),(0.3415198,0.1952081,0.1800000),(0.3415327,0.1953472,0.1800000),(0.3418766,0.1957657,0.1800000),(0.3414811,0.1950799,0.1800000),(0.3415198,0.1952081,0.1800000),(0.3418766,0.1957657,0.1800000),(0.3414166,0.1949626,0.1800000),(0.3414811,0.1950799,0.1800000),(0.3418766,0.1957657,0.1800000),(0.3414166,0.1949626,0.1800000),(0.3418766,0.1957657,0.1800000),(0.3419123,0.1956652,0.1800000),(0.3414166,0.1949626,0.1800000),(0.3419123,0.1956652,0.1800000),(0.3419377,0.1955619,0.1800000),(0.3413263,0.1948561,0.1800000),(0.3414166,0.1949626,0.1800000),(0.3419377,0.1955619,0.1800000),(0.3413263,0.1948561,0.1800000),(0.3419377,0.1955619,0.1800000),(0.3419530,0.1954559,0.1800000),(0.3413263,0.1948561,0.1800000),(0.3419530,0.1954559,0.1800000),(0.3419581,0.1953472,0.1800000),(0.3412191,0.1947681,0.1800000),(0.3413263,0.1948561,0.1800000),(0.3419581,0.1953472,0.1800000),(0.3412191,0.1947681,0.1800000),(0.3419581,0.1953472,0.1800000),(0.3419530,0.1952346,0.1800000),(0.3412191,0.1947681,0.1800000),(0.3419530,0.1952346,0.1800000),(0.3419377,0.1951258,0.1800000),(0.3411019,0.1947053,0.1800000),(0.3412191,0.1947681,0.1800000),(0.3419377,0.1951258,0.1800000),(0.3411019,0.1947053,0.1800000),(0.3419377,0.1951258,0.1800000),(0.3419123,0.1950210,0.1800000),(0.3411019,0.1947053,0.1800000),(0.3419123,0.1950210,0.1800000),(0.3418766,0.1949201,0.1800000),(0.3409747,0.1946676,0.1800000),(0.3411019,0.1947053,0.1800000),(0.3418766,0.1949201,0.1800000),(0.3409747,0.1946676,0.1800000),(0.3418766,0.1949201,0.1800000),(0.3418308,0.1948231,0.1800000),(0.3409747,0.1946676,0.1800000),(0.3418308,0.1948231,0.1800000),(0.3417748,0.1947300,0.1800000),(0.3408373,0.1946550,0.1800000),(0.3409747,0.1946676,0.1800000),(0.3417748,0.1947300,0.1800000),(0.3408373,0.1946550,0.1800000),(0.3417748,0.1947300,0.1800000),(0.3417086,0.1946408,0.1800000),(0.3393377,0.1946550,0.1800000),(0.3408373,0.1946550,0.1800000),(0.3417086,0.1946408,0.1800000),(0.3393377,0.1946550,0.1800000),(0.3417086,0.1946408,0.1800000),(0.3416322,0.1945555,0.1800000),(0.3393377,0.1946550,0.1800000),(0.3416322,0.1945555,0.1800000),(0.3415451,0.1944774,0.1800000),(0.3393377,0.1946550,0.1800000),(0.3415451,0.1944774,0.1800000),(0.3414543,0.1944097,0.1800000),(0.3393377,0.1946550,0.1800000),(0.3414543,0.1944097,0.1800000),(0.3413598,0.1943524,0.1800000),(0.3393377,0.1946550,0.1800000),(0.3413598,0.1943524,0.1800000),(0.3412615,0.1943055,0.1800000),(0.3393377,0.1946550,0.1800000),(0.3412615,0.1943055,0.1800000),(0.3411595,0.1942690,0.1800000),(0.3393377,0.1946550,0.1800000),(0.3411595,0.1942690,0.1800000),(0.3410537,0.1942430,0.1800000),(0.3393377,0.1946550,0.1800000),(0.3410537,0.1942430,0.1800000),(0.3409442,0.1942274,0.1800000),(0.3393377,0.1946550,0.1800000),(0.3409442,0.1942274,0.1800000),(0.3408310,0.1942222,0.1800000),(0.3393377,0.1946550,0.1800000),(0.3408310,0.1942222,0.1800000),(0.3391250,0.1942222,0.1800000),(0.3393377,0.1960414,0.1800000),(0.3393377,0.1946550,0.1800000),(0.3391250,0.1942222,0.1800000),(0.3393377,0.1964679,0.1800000),(0.3393377,0.1960414,0.1800000),(0.3391250,0.1942222,0.1800000),(0.3393377,0.1964679,0.1800000),(0.3391250,0.1942222,0.1800000),(0.3390390,0.1942388,0.1800000),(0.3393377,0.1964679,0.1800000),(0.3390390,0.1942388,0.1800000),(0.3389673,0.1942888,0.1800000),(0.3393377,0.1964679,0.1800000),(0.3389673,0.1942888,0.1800000),(0.3389252,0.1943632,0.1800000),(0.3393377,0.1964679,0.1800000),(0.3389252,0.1943632,0.1800000),(0.3389112,0.1944423,0.1800000),(0.3393377,0.1964679,0.1800000),(0.3389112,0.1944423,0.1800000),(0.3389112,0.1980692,0.1800000),(0.3393377,0.1964679,0.1800000),(0.3389112,0.1980692,0.1800000),(0.3389341,0.1981525,0.1800000),(0.3393377,0.1964679,0.1800000),(0.3389341,0.1981525,0.1800000),(0.3389773,0.1982121,0.1800000),(0.3393377,0.1964679,0.1800000),(0.3389773,0.1982121,0.1800000),(0.3391250,0.1982597,0.1800000),(0.3393377,0.1964679,0.1800000),(0.3391250,0.1982597,0.1800000),(0.3391990,0.1982478,0.1800000),(0.3393377,0.1964679,0.1800000),(0.3391990,0.1982478,0.1800000),(0.3392591,0.1982121,0.1800000),(0.3393377,0.1964679,0.1800000),(0.3392591,0.1982121,0.1800000),(0.3393377,0.1980692,0.1800000),(0.3379492,0.1964626,0.1800000),(0.3379470,0.1980692,0.1800000),(0.3379632,0.1981512,0.1800000),(0.3379492,0.1964626,0.1800000),(0.3379632,0.1981512,0.1800000),(0.3380116,0.1982195,0.1800000),(0.3379492,0.1964626,0.1800000),(0.3380116,0.1982195,0.1800000),(0.3380804,0.1982655,0.1800000),(0.3379492,0.1964626,0.1800000),(0.3380804,0.1982655,0.1800000),(0.3381576,0.1982809,0.1800000),(0.3379492,0.1964626,0.1800000),(0.3381576,0.1982809,0.1800000),(0.3382405,0.1982655,0.1800000),(0.3379492,0.1964626,0.1800000),(0.3382405,0.1982655,0.1800000),(0.3383090,0.1982195,0.1800000),(0.3379492,0.1964626,0.1800000),(0.3383090,0.1982195,0.1800000),(0.3383550,0.1981512,0.1800000),(0.3379492,0.1964626,0.1800000),(0.3383550,0.1981512,0.1800000),(0.3383704,0.1980692,0.1800000),(0.3379492,0.1964626,0.1800000),(0.3383704,0.1980692,0.1800000),(0.3383704,0.1944423,0.1800000),(0.3379492,0.1964626,0.1800000),(0.3383704,0.1944423,0.1800000),(0.3383550,0.1943608,0.1800000),(0.3379492,0.1964626,0.1800000),(0.3383550,0.1943608,0.1800000),(0.3383090,0.1942920,0.1800000),(0.3379492,0.1964626,0.1800000),(0.3383090,0.1942920,0.1800000),(0.3382415,0.1942444,0.1800000),(0.3379492,0.1964626,0.1800000),(0.3382415,0.1942444,0.1800000),(0.3381619,0.1942285,0.1800000),(0.3379492,0.1964626,0.1800000),(0.3381619,0.1942285,0.1800000),(0.3380799,0.1942449,0.1800000),(0.3379492,0.1964626,0.1800000),(0.3380799,0.1942449,0.1800000),(0.3380095,0.1942941,0.1800000),(0.3379492,0.1964626,0.1800000),(0.3380095,0.1942941,0.1800000),(0.3379626,0.1943587,0.1800000),(0.3379492,0.1964626,0.1800000),(0.3379626,0.1943587,0.1800000),(0.3379470,0.1944423,0.1800000),(0.3379492,0.1964626,0.1800000),(0.3379470,0.1944423,0.1800000),(0.3379470,0.1960414,0.1800000),(0.3357478,0.1964626,0.1800000),(0.3379492,0.1964626,0.1800000),(0.3379470,0.1960414,0.1800000),(0.3357478,0.1964626,0.1800000),(0.3379470,0.1960414,0.1800000),(0.3357542,0.1960414,0.1800000),(0.3357478,0.1964626,0.1800000),(0.3357542,0.1960414,0.1800000),(0.3357542,0.1944423,0.1800000),(0.3357478,0.1964626,0.1800000),(0.3357542,0.1944423,0.1800000),(0.3357378,0.1943608,0.1800000),(0.3357478,0.1964626,0.1800000),(0.3357378,0.1943608,0.1800000),(0.3356886,0.1942920,0.1800000),(0.3357478,0.1964626,0.1800000),(0.3356886,0.1942920,0.1800000),(0.3356190,0.1942444,0.1800000),(0.3357478,0.1964626,0.1800000),(0.3356190,0.1942444,0.1800000),(0.3355414,0.1942285,0.1800000),(0.3357478,0.1964626,0.1800000),(0.3355414,0.1942285,0.1800000),(0.3354592,0.1942444,0.1800000),(0.3357478,0.1964626,0.1800000),(0.3354592,0.1942444,0.1800000),(0.3353880,0.1942920,0.1800000),(0.3357478,0.1964626,0.1800000),(0.3353880,0.1942920,0.1800000),(0.3353396,0.1943608,0.1800000),(0.3357478,0.1964626,0.1800000),(0.3353396,0.1943608,0.1800000),(0.3353234,0.1944423,0.1800000),(0.3357478,0.1964626,0.1800000),(0.3353234,0.1944423,0.1800000),(0.3353234,0.1980692,0.1800000),(0.3357478,0.1964626,0.1800000),(0.3353234,0.1980692,0.1800000),(0.3353390,0.1981512,0.1800000),(0.3357478,0.1964626,0.1800000),(0.3353390,0.1981512,0.1800000),(0.3353859,0.1982195,0.1800000),(0.3357478,0.1964626,0.1800000),(0.3353859,0.1982195,0.1800000),(0.3354555,0.1982655,0.1800000),(0.3357478,0.1964626,0.1800000),(0.3354555,0.1982655,0.1800000),(0.3355372,0.1982809,0.1800000),(0.3357478,0.1964626,0.1800000),(0.3355372,0.1982809,0.1800000),(0.3356150,0.1982658,0.1800000),(0.3357478,0.1964626,0.1800000),(0.3356150,0.1982658,0.1800000),(0.3356875,0.1982205,0.1800000),(0.3357478,0.1964626,0.1800000),(0.3356875,0.1982205,0.1800000),(0.3357327,0.1981557,0.1800000),(0.3357478,0.1964626,0.1800000),(0.3357327,0.1981557,0.1800000),(0.3357478,0.1980692,0.1800000),(0.3429297,0.1967505,0.1800000),(0.3429297,0.1944423,0.1800000),(0.3429143,0.1943608,0.1800000),(0.3429297,0.1967505,0.1800000),(0.3429143,0.1943608,0.1800000),(0.3428683,0.1942920,0.1800000),(0.3429297,0.1967505,0.1800000),(0.3428683,0.1942920,0.1800000),(0.3428008,0.1942444,0.1800000),(0.3429346,0.1968630,0.1800000),(0.3429297,0.1967505,0.1800000),(0.3428008,0.1942444,0.1800000),(0.3429346,0.1968630,0.1800000),(0.3428008,0.1942444,0.1800000),(0.3427212,0.1942285,0.1800000),(0.3429346,0.1968630,0.1800000),(0.3427212,0.1942285,0.1800000),(0.3426378,0.1942449,0.1800000),(0.3429346,0.1968630,0.1800000),(0.3426378,0.1942449,0.1800000),(0.3425635,0.1942941,0.1800000),(0.3429346,0.1968630,0.1800000),(0.3425635,0.1942941,0.1800000),(0.3425182,0.1943587,0.1800000),(0.3429346,0.1968630,0.1800000),(0.3425182,0.1943587,0.1800000),(0.3425032,0.1944423,0.1800000),(0.3429346,0.1968630,0.1800000),(0.3425032,0.1944423,0.1800000),(0.3425032,0.1967505,0.1800000),(0.3429346,0.1968630,0.1800000),(0.3425032,0.1967505,0.1800000),(0.3425101,0.1969056,0.1800000),(0.3429346,0.1968630,0.1800000),(0.3425101,0.1969056,0.1800000),(0.3425309,0.1970550,0.1800000),(0.3429346,0.1968630,0.1800000),(0.3425309,0.1970550,0.1800000),(0.3425657,0.1971986,0.1800000),(0.3429346,0.1968630,0.1800000),(0.3425657,0.1971986,0.1800000),(0.3426143,0.1973366,0.1800000),(0.3429346,0.1968630,0.1800000),(0.3426143,0.1973366,0.1800000),(0.3426768,0.1974688,0.1800000),(0.3429346,0.1968630,0.1800000),(0.3426768,0.1974688,0.1800000),(0.3427532,0.1975953,0.1800000),(0.3429346,0.1968630,0.1800000),(0.3427532,0.1975953,0.1800000),(0.3428435,0.1977160,0.1800000),(0.3429346,0.1968630,0.1800000),(0.3428435,0.1977160,0.1800000),(0.3429477,0.1978311,0.1800000),(0.3429346,0.1968630,0.1800000),(0.3429477,0.1978311,0.1800000),(0.3430602,0.1979365,0.1800000),(0.3430602,0.1979365,0.1800000),(0.3431789,0.1980279,0.1800000),(0.3433037,0.1981052,0.1800000),(0.3430602,0.1979365,0.1800000),(0.3433037,0.1981052,0.1800000),(0.3434345,0.1981684,0.1800000),(0.3430602,0.1979365,0.1800000),(0.3434345,0.1981684,0.1800000),(0.3435714,0.1982176,0.1800000),(0.3430602,0.1979365,0.1800000),(0.3435714,0.1982176,0.1800000),(0.3437144,0.1982528,0.1800000),(0.3430602,0.1979365,0.1800000),(0.3437144,0.1982528,0.1800000),(0.3438635,0.1982738,0.1800000),(0.3430602,0.1979365,0.1800000),(0.3438635,0.1982738,0.1800000),(0.3440187,0.1982809,0.1800000),(0.3430602,0.1979365,0.1800000),(0.3440187,0.1982809,0.1800000),(0.3441741,0.1982738,0.1800000),(0.3430602,0.1979365,0.1800000),(0.3441741,0.1982738,0.1800000),(0.3443238,0.1982528,0.1800000),(0.3430602,0.1979365,0.1800000),(0.3443238,0.1982528,0.1800000),(0.3444679,0.1982176,0.1800000),(0.3430602,0.1979365,0.1800000),(0.3444679,0.1982176,0.1800000),(0.3446063,0.1981684,0.1800000),(0.3430602,0.1979365,0.1800000),(0.3446063,0.1981684,0.1800000),(0.3447391,0.1981052,0.1800000),(0.3430602,0.1979365,0.1800000),(0.3447391,0.1981052,0.1800000),(0.3448662,0.1980279,0.1800000),(0.3430602,0.1979365,0.1800000),(0.3448662,0.1980279,0.1800000),(0.3449877,0.1979365,0.1800000),(0.3430602,0.1979365,0.1800000),(0.3449877,0.1979365,0.1800000),(0.3451035,0.1978311,0.1800000),(0.3451035,0.1978311,0.1800000),(0.3452082,0.1977174,0.1800000),(0.3452989,0.1975974,0.1800000),(0.3451035,0.1978311,0.1800000),(0.3452989,0.1975974,0.1800000),(0.3453756,0.1974713,0.1800000),(0.3451035,0.1978311,0.1800000),(0.3453756,0.1974713,0.1800000),(0.3454385,0.1973389,0.1800000),(0.3451035,0.1978311,0.1800000),(0.3454385,0.1973389,0.1800000),(0.3454873,0.1972004,0.1800000),(0.3451035,0.1978311,0.1800000),(0.3454873,0.1972004,0.1800000),(0.3455222,0.1970556,0.1800000),(0.3451035,0.1978311,0.1800000),(0.3455222,0.1970556,0.1800000),(0.3455431,0.1969046,0.1800000),(0.3451035,0.1978311,0.1800000),(0.3455431,0.1969046,0.1800000),(0.3455501,0.1967473,0.1800000),(0.3451035,0.1978311,0.1800000),(0.3455501,0.1967473,0.1800000),(0.3455501,0.1944423,0.1800000),(0.3451035,0.1978311,0.1800000),(0.3455501,0.1944423,0.1800000),(0.3455348,0.1943608,0.1800000),(0.3451035,0.1978311,0.1800000),(0.3455348,0.1943608,0.1800000),(0.3454887,0.1942920,0.1800000),(0.3451035,0.1978311,0.1800000),(0.3454887,0.1942920,0.1800000),(0.3454205,0.1942444,0.1800000),(0.3451035,0.1978311,0.1800000),(0.3454205,0.1942444,0.1800000),(0.3453384,0.1942285,0.1800000),(0.3451035,0.1978311,0.1800000),(0.3453384,0.1942285,0.1800000),(0.3452564,0.1942444,0.1800000),(0.3451035,0.1978311,0.1800000),(0.3452564,0.1942444,0.1800000),(0.3451882,0.1942920,0.1800000),(0.3451882,0.1942920,0.1800000),(0.3451421,0.1943608,0.1800000),(0.3451268,0.1944423,0.1800000),(0.3451882,0.1942920,0.1800000),(0.3451268,0.1944423,0.1800000),(0.3451268,0.1967473,0.1800000),(0.3451035,0.1978311,0.1800000),(0.3451882,0.1942920,0.1800000),(0.3451268,0.1967473,0.1800000),(0.3451035,0.1978311,0.1800000),(0.3451268,0.1967473,0.1800000),(0.3451217,0.1968594,0.1800000),(0.3451035,0.1978311,0.1800000),(0.3451217,0.1968594,0.1800000),(0.3451063,0.1969673,0.1800000),(0.3451035,0.1978311,0.1800000),(0.3451063,0.1969673,0.1800000),(0.3450808,0.1970713,0.1800000),(0.3451035,0.1978311,0.1800000),(0.3450808,0.1970713,0.1800000),(0.3450450,0.1971712,0.1800000),(0.3451035,0.1978311,0.1800000),(0.3450450,0.1971712,0.1800000),(0.3449990,0.1972671,0.1800000),(0.3451035,0.1978311,0.1800000),(0.3449990,0.1972671,0.1800000),(0.3449428,0.1973589,0.1800000),(0.3451035,0.1978311,0.1800000),(0.3449428,0.1973589,0.1800000),(0.3448764,0.1974467,0.1800000),(0.3451035,0.1978311,0.1800000),(0.3448764,0.1974467,0.1800000),(0.3447997,0.1975305,0.1800000),(0.3451035,0.1978311,0.1800000),(0.3447997,0.1975305,0.1800000),(0.3447179,0.1976069,0.1800000),(0.3451035,0.1978311,0.1800000),(0.3447179,0.1976069,0.1800000),(0.3446315,0.1976731,0.1800000),(0.3451035,0.1978311,0.1800000),(0.3446315,0.1976731,0.1800000),(0.3445407,0.1977291,0.1800000),(0.3451035,0.1978311,0.1800000),(0.3445407,0.1977291,0.1800000),(0.3444455,0.1977750,0.1800000),(0.3451035,0.1978311,0.1800000),(0.3444455,0.1977750,0.1800000),(0.3443457,0.1978106,0.1800000),(0.3451035,0.1978311,0.1800000),(0.3443457,0.1978106,0.1800000),(0.3442415,0.1978361,0.1800000),(0.3451035,0.1978311,0.1800000),(0.3442415,0.1978361,0.1800000),(0.3441329,0.1978514,0.1800000),(0.3430602,0.1979365,0.1800000),(0.3451035,0.1978311,0.1800000),(0.3441329,0.1978514,0.1800000),(0.3430602,0.1979365,0.1800000),(0.3441329,0.1978514,0.1800000),(0.3440198,0.1978565,0.1800000),(0.3430602,0.1979365,0.1800000),(0.3440198,0.1978565,0.1800000),(0.3439086,0.1978514,0.1800000),(0.3430602,0.1979365,0.1800000),(0.3439086,0.1978514,0.1800000),(0.3438017,0.1978362,0.1800000),(0.3430602,0.1979365,0.1800000),(0.3438017,0.1978362,0.1800000),(0.3436989,0.1978109,0.1800000),(0.3430602,0.1979365,0.1800000),(0.3436989,0.1978109,0.1800000),(0.3436004,0.1977755,0.1800000),(0.3430602,0.1979365,0.1800000),(0.3436004,0.1977755,0.1800000),(0.3435061,0.1977300,0.1800000),(0.3430602,0.1979365,0.1800000),(0.3435061,0.1977300,0.1800000),(0.3434159,0.1976743,0.1800000),(0.3430602,0.1979365,0.1800000),(0.3434159,0.1976743,0.1800000),(0.3433300,0.1976085,0.1800000),(0.3430602,0.1979365,0.1800000),(0.3433300,0.1976085,0.1800000),(0.3432482,0.1975326,0.1800000),(0.3430602,0.1979365,0.1800000),(0.3432482,0.1975326,0.1800000),(0.3431736,0.1974496,0.1800000),(0.3430602,0.1979365,0.1800000),(0.3431736,0.1974496,0.1800000),(0.3431089,0.1973623,0.1800000),(0.3430602,0.1979365,0.1800000),(0.3431089,0.1973623,0.1800000),(0.3430541,0.1972708,0.1800000),(0.3430602,0.1979365,0.1800000),(0.3430541,0.1972708,0.1800000),(0.3430093,0.1971752,0.1800000),(0.3430602,0.1979365,0.1800000),(0.3430093,0.1971752,0.1800000),(0.3429745,0.1970753,0.1800000),(0.3430602,0.1979365,0.1800000),(0.3429745,0.1970753,0.1800000),(0.3429496,0.1969712,0.1800000),(0.3429346,0.1968630,0.1800000),(0.3430602,0.1979365,0.1800000),(0.3429496,0.1969712,0.1800000),(0.3347273,0.1946018,0.1800000),(0.3347805,0.1944423,0.1800000),(0.3347654,0.1943624,0.1800000),(0.3347273,0.1946018,0.1800000),(0.3347654,0.1943624,0.1800000),(0.3347202,0.1942941,0.1800000),(0.3347273,0.1946018,0.1800000),(0.3347202,0.1942941,0.1800000),(0.3346519,0.1942449,0.1800000),(0.3347273,0.1946018,0.1800000),(0.3346519,0.1942449,0.1800000),(0.3345678,0.1942285,0.1800000),(0.3347273,0.1946018,0.1800000),(0.3345678,0.1942285,0.1800000),(0.3319473,0.1942285,0.1800000),(0.3347273,0.1946018,0.1800000),(0.3319473,0.1942285,0.1800000),(0.3318542,0.1942489,0.1800000),(0.3347273,0.1946018,0.1800000),(0.3318542,0.1942489,0.1800000),(0.3317801,0.1943100,0.1800000),(0.3347273,0.1946018,0.1800000),(0.3317801,0.1943100,0.1800000),(0.3317336,0.1944423,0.1800000),(0.3347273,0.1946018,0.1800000),(0.3317336,0.1944423,0.1800000),(0.3317336,0.1944582,0.1800000),(0.3347273,0.1946018,0.1800000),(0.3317336,0.1944582,0.1800000),(0.3317939,0.1945873,0.1800000),(0.3347273,0.1946018,0.1800000),(0.3317939,0.1945873,0.1800000),(0.3318651,0.1946381,0.1800000),(0.3347273,0.1946018,0.1800000),(0.3318651,0.1946381,0.1800000),(0.3319473,0.1946550,0.1800000),(0.3347273,0.1946018,0.1800000),(0.3319473,0.1946550,0.1800000),(0.3330470,0.1946550,0.1800000),(0.3330470,0.1946550,0.1800000),(0.3330470,0.1980692,0.1800000),(0.3330623,0.1981512,0.1800000),(0.3330470,0.1946550,0.1800000),(0.3330623,0.1981512,0.1800000),(0.3331083,0.1982195,0.1800000),(0.3330470,0.1946550,0.1800000),(0.3331083,0.1982195,0.1800000),(0.3331766,0.1982655,0.1800000),(0.3330470,0.1946550,0.1800000),(0.3331766,0.1982655,0.1800000),(0.3332586,0.1982809,0.1800000),(0.3330470,0.1946550,0.1800000),(0.3332586,0.1982809,0.1800000),(0.3333406,0.1982655,0.1800000),(0.3330470,0.1946550,0.1800000),(0.3333406,0.1982655,0.1800000),(0.3334089,0.1982195,0.1800000),(0.3330470,0.1946550,0.1800000),(0.3334089,0.1982195,0.1800000),(0.3334549,0.1981512,0.1800000),(0.3330470,0.1946550,0.1800000),(0.3334549,0.1981512,0.1800000),(0.3334703,0.1980692,0.1800000),(0.3330470,0.1946550,0.1800000),(0.3334703,0.1980692,0.1800000),(0.3334703,0.1946550,0.1800000),(0.3347273,0.1946018,0.1800000),(0.3330470,0.1946550,0.1800000),(0.3334703,0.1946550,0.1800000),(0.3347273,0.1946018,0.1800000),(0.3334703,0.1946550,0.1800000),(0.3345678,0.1946550,0.1800000),(0.3347273,0.1946018,0.1800000),(0.3345678,0.1946550,0.1800000),(0.3346608,0.1946417,0.1800000)));
#1524=COMPLEX_TRIANGULATED_SURFACE_SET('surface set',#1523,2766,(),(),(),((1,2,3),(4,5,6),(7,8,9),(10,11,12),(13,14,15),(16,17,18),(19,20,21),(22,23,24),(25,26,27),(28,29,30),(31,32,33),(34,35,36),(37,38,39),(40,41,42),(43,44,45),(46,47,48),(49,50,51),(52,53,54),(55,56,57),(58,59,60),(61,62,63),(64,65,66),(67,68,69),(70,71,72),(73,74,75),(76,77,78),(79,80,81),(82,83,84),(85,86,87),(88,89,90),(91,92,93),(94,95,96),(97,98,99),(100,101,102),(103,104,105),(106,107,108),(109,110,111),(112,113,114),(115,116,117),(118,119,120),(121,122,123),(124,125,126),(127,128,129),(130,131,132),(133,134,135),(136,137,138),(139,140,141),(142,143,144),(145,146,147),(148,149,150),(151,152,153),(154,155,156),(157,158,159),(160,161,162),(163,164,165),(166,167,168),(169,170,171),(172,173,174),(175,176,177),(178,179,180),(181,182,183),(184,185,186),(187,188,189),(190,191,192),(193,194,195),(196,197,198),(199,200,201),(202,203,204),(205,206,207),(208,209,210),(211,212,213),(214,215,216),(217,218,219),(220,221,222),(223,224,225),(226,227,228),(229,230,231),(232,233,234),(235,236,237),(238,239,240),(241,242,243),(244,245,246),(247,248,249),(250,251,252),(253,254,255),(256,257,258),(259,260,261),(262,263,264),(265,266,267),(268,269,270),(271,272,273),(274,275,276),(277,278,279),(280,281,282),(283,284,285),(286,287,288),(289,290,291),(292,293,294),(295,296,297),(298,299,300),(301,302,303),(304,305,306),(307,308,309),(310,311,312),(313,314,315),(316,317,318),(319,320,321),(322,323,324),(325,326,327),(328,329,330),(331,332,333),(334,335,336),(337,338,339),(340,341,342),(343,344,345),(346,347,348),(349,350,351),(352,353,354),(355,356,357),(358,359,360),(361,362,363),(364,365,366),(367,368,369),(370,371,372),(373,374,375),(376,377,378),(379,380,381),(382,383,384),(385,386,387),(388,389,390),(391,392,393),(394,395,396),(397,398,399),(400,401,402),(403,404,405),(406,407,408),(409,410,411),(412,413,414),(415,416,417),(418,419,420),(421,422,423),(424,425,426),(427,428,429),(430,431,432),(433,434,435),(436,437,438),(439,440,441),(442,443,444),(445,446,447),(448,449,450),(451,452,453),(454,455,456),(457,458,459),(460,461,462),(463,464,465),(466,467,468),(469,470,471),(472,473,474),(475,476,477),(478,479,480),(481,482,483),(484,485,486),(487,488,489),(490,491,492),(493,494,495),(496,497,498),(499,500,501),(502,503,504),(505,506,507),(508,509,510),(511,512,513),(514,515,516),(517,518,519),(520,521,522),(523,524,525),(526,527,528),(529,530,531),(532,533,534),(535,536,537),(538,539,540),(541,542,543),(544,545,546),(547,548,549),(550,551,552),(553,554,555),(556,557,558),(559,560,561),(562,563,564),(565,566,567),(568,569,570),(571,572,573),(574,575,576),(577,578,579),(580,581,582),(583,584,585),(586,587,588),(589,590,591),(592,593,594),(595,596,597),(598,599,600),(601,602,603),(604,605,606),(607,608,609),(610,611,612),(613,614,615),(616,617,618),(619,620,621),(622,623,624),(625,626,627),(628,629,630),(631,632,633),(634,635,636),(637,638,639),(640,641,642),(643,644,645),(646,647,648),(649,650,651),(652,653,654),(655,656,657),(658,659,660),(661,662,663),(664,665,666),(667,668,669),(670,671,672),(673,674,675),(676,677,678),(679,680,681),(682,683,684),(685,686,687),(688,689,690),(691,692,693),(694,695,696),(697,698,699),(700,701,702),(703,704,705),(706,707,708),(709,710,711),(712,713,714),(715,716,717),(718,719,720),(721,722,723),(724,725,726),(727,728,729),(730,731,732),(733,734,735),(736,737,738),(739,740,741),(742,743,744),(745,746,747),(748,749,750),(751,752,753),(754,755,756),(757,758,759),(760,761,762),(763,764,765),(766,767,768),(769,770,771),(772,773,774),(775,776,777),(778,779,780),(781,782,783),(784,785,786),(787,788,789),(790,791,792),(793,794,795),(796,797,798),(799,800,801),(802,803,804),(805,806,807),(808,809,810),(811,812,813),(814,815,816),(817,818,819),(820,821,822),(823,824,825),(826,827,828),(829,830,831),(832,833,834),(835,836,837),(838,839,840),(841,842,843),(844,845,846),(847,848,849),(850,851,852),(853,854,855),(856,857,858),(859,860,861),(862,863,864),(865,866,867),(868,869,870),(871,872,873),(874,875,876),(877,878,879),(880,881,882),(883,884,885),(886,887,888),(889,890,891),(892,893,894),(895,896,897),(898,899,900),(901,902,903),(904,905,906),(907,908,909),(910,911,912),(913,914,915),(916,917,918),(919,920,921),(922,923,924),(925,926,927),(928,929,930),(931,932,933),(934,935,936),(937,938,939),(940,941,942),(943,944,945),(946,947,948),(949,950,951),(952,953,954),(955,956,957),(958,959,960),(961,962,963),(964,965,966),(967,968,969),(970,971,972),(973,974,975),(976,977,978),(979,980,981),(982,983,984),(985,986,987),(988,989,990),(991,992,993),(994,995,996),(997,998,999),(1000,1001,1002),(1003,1004,1005),(1006,1007,1008),(1009,1010,1011),(1012,1013,1014),(1015,1016,1017),(1018,1019,1020),(1021,1022,1023),(1024,1025,1026),(1027,1028,1029),(1030,1031,1032),(1033,1034,1035),(1036,1037,1038),(1039,1040,1041),(1042,1043,1044),(1045,1046,1047),(1048,1049,1050),(1051,1052,1053),(1054,1055,1056),(1057,1058,1059),(1060,1061,1062),(1063,1064,1065),(1066,1067,1068),(1069,1070,1071),(1072,1073,1074),(1075,1076,1077),(1078,1079,1080),(1081,1082,1083),(1084,1085,1086),(1087,1088,1089),(1090,1091,1092),(1093,1094,1095),(1096,1097,1098),(1099,1100,1101),(1102,1103,1104),(1105,1106,1107),(1108,1109,1110),(1111,1112,1113),(1114,1115,1116),(1117,1118,1119),(1120,1121,1122),(1123,1124,1125),(1126,1127,1128),(1129,1130,1131),(1132,1133,1134),(1135,1136,1137),(1138,1139,1140),(1141,1142,1143),(1144,1145,1146),(1147,1148,1149),(1150,1151,1152),(1153,1154,1155),(1156,1157,1158),(1159,1160,1161),(1162,1163,1164),(1165,1166,1167),(1168,1169,1170),(1171,1172,1173),(1174,1175,1176),(1177,1178,1179),(1180,1181,1182),(1183,1184,1185),(1186,1187,1188),(1189,1190,1191),(1192,1193,1194),(1195,1196,1197),(1198,1199,1200),(1201,1202,1203),(1204,1205,1206),(1207,1208,1209),(1210,1211,1212),(1213,1214,1215),(1216,1217,1218),(1219,1220,1221),(1222,1223,1224),(1225,1226,1227),(1228,1229,1230),(1231,1232,1233),(1234,1235,1236),(1237,1238,1239),(1240,1241,1242),(1243,1244,1245),(1246,1247,1248),(1249,1250,1251),(1252,1253,1254),(1255,1256,1257),(1258,1259,1260),(1261,1262,1263),(1264,1265,1266),(1267,1268,1269),(1270,1271,1272),(1273,1274,1275),(1276,1277,1278),(1279,1280,1281),(1282,1283,1284),(1285,1286,1287),(1288,1289,1290),(1291,1292,1293),(1294,1295,1296),(1297,1298,1299),(1300,1301,1302),(1303,1304,1305),(1306,1307,1308),(1309,1310,1311),(1312,1313,1314),(1315,1316,1317),(1318,1319,1320),(1321,1322,1323),(1324,1325,1326),(1327,1328,1329),(1330,1331,1332),(1333,1334,1335),(1336,1337,1338),(1339,1340,1341),(1342,1343,1344),(1345,1346,1347),(1348,1349,1350),(1351,1352,1353),(1354,1355,1356),(1357,1358,1359),(1360,1361,1362),(1363,1364,1365),(1366,1367,1368),(1369,1370,1371),(1372,1373,1374),(1375,1376,1377),(1378,1379,1380),(1381,1382,1383),(1384,1385,1386),(1387,1388,1389),(1390,1391,1392),(1393,1394,1395),(1396,1397,1398),(1399,1400,1401),(1402,1403,1404),(1405,1406,1407),(1408,1409,1410),(1411,1412,1413),(1414,1415,1416),(1417,1418,1419),(1420,1421,1422),(1423,1424,1425),(1426,1427,1428),(1429,1430,1431),(1432,1433,1434),(1435,1436,1437),(1438,1439,1440),(1441,1442,1443),(1444,1445,1446),(1447,1448,1449),(1450,1451,1452),(1453,1454,1455),(1456,1457,1458),(1459,1460,1461),(1462,1463,1464),(1465,1466,1467),(1468,1469,1470),(1471,1472,1473),(1474,1475,1476),(1477,1478,1479),(1480,1481,1482),(1483,1484,1485),(1486,1487,1488),(1489,1490,1491),(1492,1493,1494),(1495,1496,1497),(1498,1499,1500),(1501,1502,1503),(1504,1505,1506),(1507,1508,1509),(1510,1511,1512),(1513,1514,1515),(1516,1517,1518),(1519,1520,1521),(1522,1523,1524),(1525,1526,1527),(1528,1529,1530),(1531,1532,1533),(1534,1535,1536),(1537,1538,1539),(1540,1541,1542),(1543,1544,1545),(1546,1547,1548),(1549,1550,1551),(1552,1553,1554),(1555,1556,1557),(1558,1559,1560),(1561,1562,1563),(1564,1565,1566),(1567,1568,1569),(1570,1571,1572),(1573,1574,1575),(1576,1577,1578),(1579,1580,1581),(1582,1583,1584),(1585,1586,1587),(1588,1589,1590),(1591,1592,1593),(1594,1595,1596),(1597,1598,1599),(1600,1601,1602),(1603,1604,1605),(1606,1607,1608),(1609,1610,1611),(1612,1613,1614),(1615,1616,1617),(1618,1619,1620),(1621,1622,1623),(1624,1625,1626),(1627,1628,1629),(1630,1631,1632),(1633,1634,1635),(1636,1637,1638),(1639,1640,1641),(1642,1643,1644),(1645,1646,1647),(1648,1649,1650),(1651,1652,1653),(1654,1655,1656),(1657,1658,1659),(1660,1661,1662),(1663,1664,1665),(1666,1667,1668),(1669,1670,1671),(1672,1673,1674),(1675,1676,1677),(1678,1679,1680),(1681,1682,1683),(1684,1685,1686),(1687,1688,1689),(1690,1691,1692),(1693,1694,1695),(1696,1697,1698),(1699,1700,1701),(1702,1703,1704),(1705,1706,1707),(1708,1709,1710),(1711,1712,1713),(1714,1715,1716),(1717,1718,1719),(1720,1721,1722),(1723,1724,1725),(1726,1727,1728),(1729,1730,1731),(1732,1733,1734),(1735,1736,1737),(1738,1739,1740),(1741,1742,1743),(1744,1745,1746),(1747,1748,1749),(1750,1751,1752),(1753,1754,1755),(1756,1757,1758),(1759,1760,1761),(1762,1763,1764),(1765,1766,1767),(1768,1769,1770),(1771,1772,1773),(1774,1775,1776),(1777,1778,1779),(1780,1781,1782),(1783,1784,1785),(1786,1787,1788),(1789,1790,1791),(1792,1793,1794),(1795,1796,1797),(1798,1799,1800),(1801,1802,1803),(1804,1805,1806),(1807,1808,1809),(1810,1811,1812),(1813,1814,1815),(1816,1817,1818),(1819,1820,1821),(1822,1823,1824),(1825,1826,1827),(1828,1829,1830),(1831,1832,1833),(1834,1835,1836),(1837,1838,1839),(1840,1841,1842),(1843,1844,1845),(1846,1847,1848),(1849,1850,1851),(1852,1853,1854),(1855,1856,1857),(1858,1859,1860),(1861,1862,1863),(1864,1865,1866),(1867,1868,1869),(1870,1871,1872),(1873,1874,1875),(1876,1877,1878),(1879,1880,1881),(1882,1883,1884),(1885,1886,1887),(1888,1889,1890),(1891,1892,1893),(1894,1895,1896),(1897,1898,1899),(1900,1901,1902),(1903,1904,1905),(1906,1907,1908),(1909,1910,1911),(1912,1913,1914),(1915,1916,1917),(1918,1919,1920),(1921,1922,1923),(1924,1925,1926),(1927,1928,1929),(1930,1931,1932),(1933,1934,1935),(1936,1937,1938),(1939,1940,1941),(1942,1943,1944),(1945,1946,1947),(1948,1949,1950),(1951,1952,1953),(1954,1955,1956),(1957,1958,1959),(1960,1961,1962),(1963,1964,1965),(1966,1967,1968),(1969,1970,1971),(1972,1973,1974),(1975,1976,1977),(1978,1979,1980),(1981,1982,1983),(1984,1985,1986),(1987,1988,1989),(1990,1991,1992),(1993,1994,1995),(1996,1997,1998),(1999,2000,2001),(2002,2003,2004),(2005,2006,2007),(2008,2009,2010),(2011,2012,2013),(2014,2015,2016),(2017,2018,2019),(2020,2021,2022),(2023,2024,2025),(2026,2027,2028),(2029,2030,2031),(2032,2033,2034),(2035,2036,2037),(2038,2039,2040),(2041,2042,2043),(2044,2045,2046),(2047,2048,2049),(2050,2051,2052),(2053,2054,2055),(2056,2057,2058),(2059,2060,2061),(2062,2063,2064),(2065,2066,2067),(2068,2069,2070),(2071,2072,2073),(2074,2075,2076),(2077,2078,2079),(2080,2081,2082),(2083,2084,2085),(2086,2087,2088),(2089,2090,2091),(2092,2093,2094),(2095,2096,2097),(2098,2099,2100),(2101,2102,2103),(2104,2105,2106),(2107,2108,2109),(2110,2111,2112),(2113,2114,2115),(2116,2117,2118),(2119,2120,2121),(2122,2123,2124),(2125,2126,2127),(2128,2129,2130),(2131,2132,2133),(2134,2135,2136),(2137,2138,2139),(2140,2141,2142),(2143,2144,2145),(2146,2147,2148),(2149,2150,2151),(2152,2153,2154),(2155,2156,2157),(2158,2159,2160),(2161,2162,2163),(2164,2165,2166),(2167,2168,2169),(2170,2171,2172),(2173,2174,2175),(2176,2177,2178),(2179,2180,2181),(2182,2183,2184),(2185,2186,2187),(2188,2189,2190),(2191,2192,2193),(2194,2195,2196),(2197,2198,2199),(2200,2201,2202),(2203,2204,2205),(2206,2207,2208),(2209,2210,2211),(2212,2213,2214),(2215,2216,2217),(2218,2219,2220),(2221,2222,2223),(2224,2225,2226),(2227,2228,2229),(2230,2231,2232),(2233,2234,2235),(2236,2237,2238),(2239,2240,2241),(2242,2243,2244),(2245,2246,2247),(2248,2249,2250),(2251,2252,2253),(2254,2255,2256),(2257,2258,2259),(2260,2261,2262),(2263,2264,2265),(2266,2267,2268),(2269,2270,2271),(2272,2273,2274),(2275,2276,2277),(2278,2279,2280),(2281,2282,2283),(2284,2285,2286),(2287,2288,2289),(2290,2291,2292),(2293,2294,2295),(2296,2297,2298),(2299,2300,2301),(2302,2303,2304),(2305,2306,2307),(2308,2309,2310),(2311,2312,2313),(2314,2315,2316),(2317,2318,2319),(2320,2321,2322),(2323,2324,2325),(2326,2327,2328),(2329,2330,2331),(2332,2333,2334),(2335,2336,2337),(2338,2339,2340),(2341,2342,2343),(2344,2345,2346),(2347,2348,2349),(2350,2351,2352),(2353,2354,2355),(2356,2357,2358),(2359,2360,2361),(2362,2363,2364),(2365,2366,2367),(2368,2369,2370),(2371,2372,2373),(2374,2375,2376),(2377,2378,2379),(2380,2381,2382),(2383,2384,2385),(2386,2387,2388),(2389,2390,2391),(2392,2393,2394),(2395,2396,2397),(2398,2399,2400),(2401,2402,2403),(2404,2405,2406),(2407,2408,2409),(2410,2411,2412),(2413,2414,2415),(2416,2417,2418),(2419,2420,2421),(2422,2423,2424),(2425,2426,2427),(2428,2429,2430),(2431,2432,2433),(2434,2435,2436),(2437,2438,2439),(2440,2441,2442),(2443,2444,2445),(2446,2447,2448),(2449,2450,2451),(2452,2453,2454),(2455,2456,2457),(2458,2459,2460),(2461,2462,2463),(2464,2465,2466),(2467,2468,2469),(2470,2471,2472),(2473,2474,2475),(2476,2477,2478),(2479,2480,2481),(2482,2483,2484),(2485,2486,2487),(2488,2489,2490),(2491,2492,2493),(2494,2495,2496),(2497,2498,2499),(2500,2501,2502),(2503,2504,2505),(2506,2507,2508),(2509,2510,2511),(2512,2513,2514),(2515,2516,2517),(2518,2519,2520),(2521,2522,2523),(2524,2525,2526),(2527,2528,2529),(2530,2531,2532),(2533,2534,2535),(2536,2537,2538),(2539,2540,2541),(2542,2543,2544),(2545,2546,2547),(2548,2549,2550),(2551,2552,2553),(2554,2555,2556),(2557,2558,2559),(2560,2561,2562),(2563,2564,2565),(2566,2567,2568),(2569,2570,2571),(2572,2573,2574),(2575,2576,2577),(2578,2579,2580),(2581,2582,2583),(2584,2585,2586),(2587,2588,2589),(2590,2591,2592),(2593,2594,2595),(2596,2597,2598),(2599,2600,2601),(2602,2603,2604),(2605,2606,2607),(2608,2609,2610),(2611,2612,2613),(2614,2615,2616),(2617,2618,2619),(2620,2621,2622),(2623,2624,2625),(2626,2627,2628),(2629,2630,2631),(2632,2633,2634),(2635,2636,2637),(2638,2639,2640),(2641,2642,2643),(2644,2645,2646),(2647,2648,2649),(2650,2651,2652),(2653,2654,2655),(2656,2657,2658),(2659,2660,2661),(2662,2663,2664),(2665,2666,2667),(2668,2669,2670),(2671,2672,2673),(2674,2675,2676),(2677,2678,2679),(2680,2681,2682),(2683,2684,2685),(2686,2687,2688),(2689,2690,2691),(2692,2693,2694),(2695,2696,2697),(2698,2699,2700),(2701,2702,2703),(2704,2705,2706),(2707,2708,2709),(2710,2711,2712),(2713,2714,2715),(2716,2717,2718),(2719,2720,2721),(2722,2723,2724),(2725,2726,2727),(2728,2729,2730),(2731,2732,2733),(2734,2735,2736),(2737,2738,2739),(2740,2741,2742),(2743,2744,2745),(2746,2747,2748),(2749,2750,2751),(2752,2753,2754),(2755,2756,2757),(2758,2759,2760),(2761,2762,2763),(2764,2765,2766)));
#1525=TESSELLATED_GEOMETRIC_SET('hole callout',(#1524));
#1526=COORDINATES_LIST('coordinates',5,((0.3141820,0.2008180,0.1800000),(0.3455501,0.2008180,0.1800000),(0.2956820,0.2143180,0.1800000),(0.3091820,0.2008180,0.1800000),(0.3141820,0.2008180,0.1800000)));
#1527=TESSELLATED_CURVE_SET('curve set',#1526,((1,2),(3,4,5)));
#1528=TESSELLATED_GEOMETRIC_SET('hole callout',(#1527));
#1529=TESSELLATED_ANNOTATION_OCCURRENCE('hole callout',(#1522),#1525);
#1530=TESSELLATED_ANNOTATION_OCCURRENCE('hole callout',(#1522),#1528);
#1531=DRAUGHTING_CALLOUT('hole callout',(#1529,#1530));
#1532=DRAUGHTING_MODEL_ITEM_ASSOCIATION('','',#1491,#1409,#1531);
#1533=DRAUGHTING_MODEL_ITEM_ASSOCIATION('','',#1478,#1409,#1531);
ENDSEC;
END-ISO-10303-21;
