ISO-10303-21;
HEADER;
/*Generated by software containing ST-Developer
 * from STEP Tools, Inc. (www.steptools.com) 
 */
/*OPTION: using custom renumber hook */
/*description */
/*implementation_level */
FILE_DESCRIPTION(('STEP AP242 Edition 2','STEP AP242 Edition 2''CAx-IF Rec.Pracs.---Representation and Presentation of Product Manufa
cturing Information (PMI)---4.0---2014-10-13','STEP AP242 Edition 2''CAx-IF Rec.Pracs.---Representation and Presentation of Product Manufa
cturing Information (PMI)---4.0---2014-10-13''CAx-IF Rec.Pracs.---3D Tessellated Geometry---0.4---2014-09-14','STEP AP242 Edition 2''CAx-IF Rec.Pracs.---Representation and Presentation of Product Manufa
cturing Information (PMI)---4.0---2014-10-13''CAx-IF Rec.Pracs.---3D Tessellated Geometry---0.4---2014-09-14''2;1','STEP AP242 Edition 2''CAx-IF Rec.Pracs.---Representation and Presentation of Product Manufa
cturing Information (PMI)---4.0---2014-10-13''CAx-IF Rec.Pracs.---3D Tessellated Geometry---0.4---2014-09-14''2;1''CAx-IF Rec.Pracs.---User Defined Attributes---1.5---2016-08-15'),'2;1');
/*name */
/*time_stamp */
/*author */
/*organization */
/*preprocessor_version */
/*originating_system */
/*authorisation */
FILE_NAME('/vol/tmp/translate-12610304790178062919/Steckdeckel_mit_einschub.step','2026-02-22T13:14:21',(''),(''),'ST-DEVELOPER v20','ONSHAPE BY PTC INC, 1.211','  ');
FILE_SCHEMA(('AP242_MANAGED_MODEL_BASED_3D_ENGINEERING_MIM_LF { 1 0 10303 442 3 1 4 }'));
ENDSEC;
DATA;
#10=SHAPE_REPRESENTATION_RELATIONSHIP('','',#215,#11);
#11=ADVANCED_BREP_SHAPE_REPRESENTATION('',(#213),#371);
#12=ELLIPSE('',#239,0.0106066017177982,0.0075);
#13=ELLIPSE('',#241,0.0106066017177982,0.0075);
#14=ELLIPSE('',#244,0.0106066017177982,0.0075);
#15=ELLIPSE('',#246,0.0106066017177982,0.0075);
#16=CYLINDRICAL_SURFACE('',#225,0.215);
#17=CYLINDRICAL_SURFACE('',#229,0.175);
#18=CYLINDRICAL_SURFACE('',#233,0.169);
#19=CYLINDRICAL_SURFACE('',#238,0.0075);
#20=CYLINDRICAL_SURFACE('',#240,0.0075);
#21=CYLINDRICAL_SURFACE('',#242,0.0075);
#22=CYLINDRICAL_SURFACE('',#243,0.0075);
#23=CYLINDRICAL_SURFACE('',#245,0.0075);
#24=CYLINDRICAL_SURFACE('',#247,0.0075);
#25=CYLINDRICAL_SURFACE('',#248,0.0275);
#26=CYLINDRICAL_SURFACE('',#249,0.0325);
#27=ORIENTED_EDGE('',*,*,#63,.T.);
#28=ORIENTED_EDGE('',*,*,#64,.T.);
#29=ORIENTED_EDGE('',*,*,#65,.F.);
#30=ORIENTED_EDGE('',*,*,#66,.T.);
#31=ORIENTED_EDGE('',*,*,#67,.F.);
#32=ORIENTED_EDGE('',*,*,#68,.F.);
#33=ORIENTED_EDGE('',*,*,#69,.T.);
#34=ORIENTED_EDGE('',*,*,#70,.F.);
#35=ORIENTED_EDGE('',*,*,#67,.T.);
#36=ORIENTED_EDGE('',*,*,#71,.F.);
#37=ORIENTED_EDGE('',*,*,#70,.T.);
#38=ORIENTED_EDGE('',*,*,#72,.F.);
#39=ORIENTED_EDGE('',*,*,#71,.T.);
#40=ORIENTED_EDGE('',*,*,#73,.F.);
#41=ORIENTED_EDGE('',*,*,#72,.T.);
#42=ORIENTED_EDGE('',*,*,#74,.F.);
#43=ORIENTED_EDGE('',*,*,#73,.T.);
#44=ORIENTED_EDGE('',*,*,#75,.F.);
#45=ORIENTED_EDGE('',*,*,#76,.F.);
#46=ORIENTED_EDGE('',*,*,#74,.T.);
#47=ORIENTED_EDGE('',*,*,#68,.T.);
#48=ORIENTED_EDGE('',*,*,#77,.T.);
#49=ORIENTED_EDGE('',*,*,#77,.F.);
#50=ORIENTED_EDGE('',*,*,#78,.T.);
#51=ORIENTED_EDGE('',*,*,#78,.F.);
#52=ORIENTED_EDGE('',*,*,#69,.F.);
#53=ORIENTED_EDGE('',*,*,#79,.T.);
#54=ORIENTED_EDGE('',*,*,#65,.T.);
#55=ORIENTED_EDGE('',*,*,#80,.T.);
#56=ORIENTED_EDGE('',*,*,#79,.F.);
#57=ORIENTED_EDGE('',*,*,#66,.F.);
#58=ORIENTED_EDGE('',*,*,#80,.F.);
#59=ORIENTED_EDGE('',*,*,#64,.F.);
#60=ORIENTED_EDGE('',*,*,#76,.T.);
#61=ORIENTED_EDGE('',*,*,#63,.F.);
#62=ORIENTED_EDGE('',*,*,#75,.T.);
#63=EDGE_CURVE('',#81,#81,#99,.T.);
#64=EDGE_CURVE('',#82,#82,#100,.T.);
#65=EDGE_CURVE('',#83,#83,#101,.T.);
#66=EDGE_CURVE('',#84,#84,#102,.T.);
#67=EDGE_CURVE('',#85,#85,#103,.T.);
#68=EDGE_CURVE('',#86,#86,#104,.T.);
#69=EDGE_CURVE('',#87,#87,#105,.T.);
#70=EDGE_CURVE('',#88,#88,#106,.T.);
#71=EDGE_CURVE('',#89,#89,#107,.T.);
#72=EDGE_CURVE('',#90,#90,#108,.T.);
#73=EDGE_CURVE('',#91,#91,#109,.T.);
#74=EDGE_CURVE('',#92,#92,#110,.T.);
#75=EDGE_CURVE('',#93,#93,#111,.F.);
#76=EDGE_CURVE('',#94,#94,#112,.F.);
#77=EDGE_CURVE('',#95,#95,#12,.F.);
#78=EDGE_CURVE('',#96,#96,#13,.F.);
#79=EDGE_CURVE('',#97,#97,#14,.F.);
#80=EDGE_CURVE('',#98,#98,#15,.F.);
#81=VERTEX_POINT('',#321);
#82=VERTEX_POINT('',#323);
#83=VERTEX_POINT('',#325);
#84=VERTEX_POINT('',#327);
#85=VERTEX_POINT('',#329);
#86=VERTEX_POINT('',#331);
#87=VERTEX_POINT('',#333);
#88=VERTEX_POINT('',#336);
#89=VERTEX_POINT('',#339);
#90=VERTEX_POINT('',#342);
#91=VERTEX_POINT('',#345);
#92=VERTEX_POINT('',#348);
#93=VERTEX_POINT('',#351);
#94=VERTEX_POINT('',#353);
#95=VERTEX_POINT('',#356);
#96=VERTEX_POINT('',#359);
#97=VERTEX_POINT('',#363);
#98=VERTEX_POINT('',#366);
#99=CIRCLE('',#218,0.0325);
#100=CIRCLE('',#219,0.0275);
#101=CIRCLE('',#220,0.0075);
#102=CIRCLE('',#221,0.0075);
#103=CIRCLE('',#222,0.215);
#104=CIRCLE('',#223,0.0075);
#105=CIRCLE('',#224,0.0075);
#106=CIRCLE('',#226,0.215);
#107=CIRCLE('',#228,0.175);
#108=CIRCLE('',#230,0.175);
#109=CIRCLE('',#232,0.169);
#110=CIRCLE('',#234,0.169);
#111=CIRCLE('',#236,0.0325);
#112=CIRCLE('',#237,0.0275);
#113=EDGE_LOOP('',(#27));
#114=EDGE_LOOP('',(#28));
#115=EDGE_LOOP('',(#29));
#116=EDGE_LOOP('',(#30));
#117=EDGE_LOOP('',(#31));
#118=EDGE_LOOP('',(#32));
#119=EDGE_LOOP('',(#33));
#120=EDGE_LOOP('',(#34));
#121=EDGE_LOOP('',(#35));
#122=EDGE_LOOP('',(#36));
#123=EDGE_LOOP('',(#37));
#124=EDGE_LOOP('',(#38));
#125=EDGE_LOOP('',(#39));
#126=EDGE_LOOP('',(#40));
#127=EDGE_LOOP('',(#41));
#128=EDGE_LOOP('',(#42));
#129=EDGE_LOOP('',(#43));
#130=EDGE_LOOP('',(#44));
#131=EDGE_LOOP('',(#45));
#132=EDGE_LOOP('',(#46));
#133=EDGE_LOOP('',(#47));
#134=EDGE_LOOP('',(#48));
#135=EDGE_LOOP('',(#49));
#136=EDGE_LOOP('',(#50));
#137=EDGE_LOOP('',(#51));
#138=EDGE_LOOP('',(#52));
#139=EDGE_LOOP('',(#53));
#140=EDGE_LOOP('',(#54));
#141=EDGE_LOOP('',(#55));
#142=EDGE_LOOP('',(#56));
#143=EDGE_LOOP('',(#57));
#144=EDGE_LOOP('',(#58));
#145=EDGE_LOOP('',(#59));
#146=EDGE_LOOP('',(#60));
#147=EDGE_LOOP('',(#61));
#148=EDGE_LOOP('',(#62));
#149=FACE_BOUND('',#113,.T.);
#150=FACE_BOUND('',#114,.T.);
#151=FACE_BOUND('',#115,.T.);
#152=FACE_BOUND('',#116,.T.);
#153=FACE_BOUND('',#117,.T.);
#154=FACE_BOUND('',#118,.T.);
#155=FACE_BOUND('',#119,.T.);
#156=FACE_BOUND('',#120,.T.);
#157=FACE_BOUND('',#121,.T.);
#158=FACE_BOUND('',#122,.T.);
#159=FACE_BOUND('',#123,.T.);
#160=FACE_BOUND('',#124,.T.);
#161=FACE_BOUND('',#125,.T.);
#162=FACE_BOUND('',#126,.T.);
#163=FACE_BOUND('',#127,.T.);
#164=FACE_BOUND('',#128,.T.);
#165=FACE_BOUND('',#129,.T.);
#166=FACE_BOUND('',#130,.T.);
#167=FACE_BOUND('',#131,.T.);
#168=FACE_BOUND('',#132,.T.);
#169=FACE_BOUND('',#133,.T.);
#170=FACE_BOUND('',#134,.T.);
#171=FACE_BOUND('',#135,.T.);
#172=FACE_BOUND('',#136,.T.);
#173=FACE_BOUND('',#137,.T.);
#174=FACE_BOUND('',#138,.T.);
#175=FACE_BOUND('',#139,.T.);
#176=FACE_BOUND('',#140,.T.);
#177=FACE_BOUND('',#141,.T.);
#178=FACE_BOUND('',#142,.T.);
#179=FACE_BOUND('',#143,.T.);
#180=FACE_BOUND('',#144,.T.);
#181=FACE_BOUND('',#145,.T.);
#182=FACE_BOUND('',#146,.T.);
#183=FACE_BOUND('',#147,.T.);
#184=FACE_BOUND('',#148,.T.);
#185=PLANE('',#217);
#186=PLANE('',#227);
#187=PLANE('',#231);
#188=PLANE('',#235);
#189=ADVANCED_FACE('',(#149,#150,#151,#152,#153,#154,#155),#185,.F.);
#190=ADVANCED_FACE('',(#156,#157),#16,.T.);
#191=ADVANCED_FACE('',(#158,#159),#186,.F.);
#192=ADVANCED_FACE('',(#160,#161),#17,.T.);
#193=ADVANCED_FACE('',(#162,#163),#187,.F.);
#194=ADVANCED_FACE('',(#164,#165),#18,.F.);
#195=ADVANCED_FACE('',(#166,#167,#168),#188,.F.);
#196=ADVANCED_FACE('',(#169,#170),#19,.T.);
#197=ADVANCED_FACE('',(#171,#172),#20,.T.);
#198=ADVANCED_FACE('',(#173,#174),#21,.T.);
#199=ADVANCED_FACE('',(#175,#176),#22,.T.);
#200=ADVANCED_FACE('',(#177,#178),#23,.T.);
#201=ADVANCED_FACE('',(#179,#180),#24,.T.);
#202=ADVANCED_FACE('',(#181,#182),#25,.F.);
#203=ADVANCED_FACE('',(#183,#184),#26,.F.);
#204=CLOSED_SHELL('',(#189,#190,#191,#192,#193,#194,#195,#196,#197,#198,#199,#200,#201,#202,#203));
#205=STYLED_ITEM('',(#206),#213);
#206=PRESENTATION_STYLE_ASSIGNMENT((#207));
#207=SURFACE_STYLE_USAGE(.BOTH.,#208);
#208=SURFACE_SIDE_STYLE('',(#209));
#209=SURFACE_STYLE_FILL_AREA(#210);
#210=FILL_AREA_STYLE('',(#211));
#211=FILL_AREA_STYLE_COLOUR('',#212);
#212=COLOUR_RGB('',0.615686274509804,0.811764705882353,0.929411764705882);
#213=MANIFOLD_SOLID_BREP('deckel_mit_einschub',#204);
#214=SHAPE_DEFINITION_REPRESENTATION(#376,#215);
#215=SHAPE_REPRESENTATION('deckel_mit_einschub',(#216),#371);
#216=AXIS2_PLACEMENT_3D('',#318,#250,#251);
#217=AXIS2_PLACEMENT_3D('',#319,#252,#253);
#218=AXIS2_PLACEMENT_3D('',#320,#254,#255);
#219=AXIS2_PLACEMENT_3D('',#322,#256,#257);
#220=AXIS2_PLACEMENT_3D('',#324,#258,#259);
#221=AXIS2_PLACEMENT_3D('',#326,#260,#261);
#222=AXIS2_PLACEMENT_3D('',#328,#262,#263);
#223=AXIS2_PLACEMENT_3D('',#330,#264,#265);
#224=AXIS2_PLACEMENT_3D('',#332,#266,#267);
#225=AXIS2_PLACEMENT_3D('',#334,#268,#269);
#226=AXIS2_PLACEMENT_3D('',#335,#270,#271);
#227=AXIS2_PLACEMENT_3D('',#337,#272,#273);
#228=AXIS2_PLACEMENT_3D('',#338,#274,#275);
#229=AXIS2_PLACEMENT_3D('',#340,#276,#277);
#230=AXIS2_PLACEMENT_3D('',#341,#278,#279);
#231=AXIS2_PLACEMENT_3D('',#343,#280,#281);
#232=AXIS2_PLACEMENT_3D('',#344,#282,#283);
#233=AXIS2_PLACEMENT_3D('',#346,#284,#285);
#234=AXIS2_PLACEMENT_3D('',#347,#286,#287);
#235=AXIS2_PLACEMENT_3D('',#349,#288,#289);
#236=AXIS2_PLACEMENT_3D('',#350,#290,#291);
#237=AXIS2_PLACEMENT_3D('',#352,#292,#293);
#238=AXIS2_PLACEMENT_3D('',#354,#294,#295);
#239=AXIS2_PLACEMENT_3D('',#355,#296,#297);
#240=AXIS2_PLACEMENT_3D('',#357,#298,#299);
#241=AXIS2_PLACEMENT_3D('',#358,#300,#301);
#242=AXIS2_PLACEMENT_3D('',#360,#302,#303);
#243=AXIS2_PLACEMENT_3D('',#361,#304,#305);
#244=AXIS2_PLACEMENT_3D('',#362,#306,#307);
#245=AXIS2_PLACEMENT_3D('',#364,#308,#309);
#246=AXIS2_PLACEMENT_3D('',#365,#310,#311);
#247=AXIS2_PLACEMENT_3D('',#367,#312,#313);
#248=AXIS2_PLACEMENT_3D('',#368,#314,#315);
#249=AXIS2_PLACEMENT_3D('',#369,#316,#317);
#250=DIRECTION('',(0.,0.,1.));
#251=DIRECTION('',(1.,0.,0.));
#252=DIRECTION('',(0.,0.,-1.));
#253=DIRECTION('',(-1.,0.,0.));
#254=DIRECTION('',(0.,0.,-1.));
#255=DIRECTION('',(-1.,0.,0.));
#256=DIRECTION('',(0.,0.,-1.));
#257=DIRECTION('',(-1.,0.,0.));
#258=DIRECTION('',(-1.22464679914735E-16,0.,1.));
#259=DIRECTION('',(-1.,0.,-1.22464679914735E-16));
#260=DIRECTION('',(0.,0.,-1.));
#261=DIRECTION('',(1.,0.,0.));
#262=DIRECTION('',(0.,0.,-1.));
#263=DIRECTION('',(-1.,0.,0.));
#264=DIRECTION('',(0.,0.,1.));
#265=DIRECTION('',(1.,0.,0.));
#266=DIRECTION('',(1.22464679914735E-16,0.,-1.));
#267=DIRECTION('',(-1.,0.,-1.22464679914735E-16));
#268=DIRECTION('',(0.,0.,-1.));
#269=DIRECTION('',(-1.,0.,0.));
#270=DIRECTION('',(0.,0.,-1.));
#271=DIRECTION('',(-1.,0.,0.));
#272=DIRECTION('',(0.,0.,1.));
#273=DIRECTION('',(1.,0.,0.));
#274=DIRECTION('',(0.,0.,-1.));
#275=DIRECTION('',(-1.,0.,0.));
#276=DIRECTION('',(0.,0.,-1.));
#277=DIRECTION('',(-1.,0.,0.));
#278=DIRECTION('',(0.,0.,-1.));
#279=DIRECTION('',(-1.,0.,0.));
#280=DIRECTION('',(0.,0.,1.));
#281=DIRECTION('',(1.,0.,0.));
#282=DIRECTION('',(0.,0.,-1.));
#283=DIRECTION('',(-1.,0.,0.));
#284=DIRECTION('',(0.,0.,-1.));
#285=DIRECTION('',(-1.,0.,0.));
#286=DIRECTION('',(0.,0.,-1.));
#287=DIRECTION('',(-1.,0.,0.));
#288=DIRECTION('',(0.,0.,1.));
#289=DIRECTION('',(1.,0.,0.));
#290=DIRECTION('',(0.,0.,1.));
#291=DIRECTION('',(1.,0.,0.));
#292=DIRECTION('',(0.,0.,1.));
#293=DIRECTION('',(1.,0.,0.));
#294=DIRECTION('',(0.,0.,1.));
#295=DIRECTION('',(1.,0.,0.));
#296=DIRECTION('',(0.707106781186548,0.,0.707106781186548));
#297=DIRECTION('',(-0.707106781186548,0.,0.707106781186548));
#298=DIRECTION('',(1.,0.,0.));
#299=DIRECTION('',(0.,0.,-1.));
#300=DIRECTION('',(0.707106781186548,0.,-0.707106781186548));
#301=DIRECTION('',(0.707106781186548,0.,0.707106781186548));
#302=DIRECTION('',(1.22464679914735E-16,0.,-1.));
#303=DIRECTION('',(-1.,0.,-1.22464679914735E-16));
#304=DIRECTION('',(1.22464679914735E-16,0.,-1.));
#305=DIRECTION('',(-1.,0.,-1.22464679914735E-16));
#306=DIRECTION('',(-0.707106781186548,0.,0.707106781186548));
#307=DIRECTION('',(0.707106781186548,0.,0.707106781186548));
#308=DIRECTION('',(1.,0.,0.));
#309=DIRECTION('',(0.,0.,-1.));
#310=DIRECTION('',(-0.707106781186548,0.,-0.707106781186548));
#311=DIRECTION('',(-0.707106781186548,0.,0.707106781186548));
#312=DIRECTION('',(0.,0.,1.));
#313=DIRECTION('',(1.,0.,0.));
#314=DIRECTION('',(0.,0.,-1.));
#315=DIRECTION('',(-1.,0.,0.));
#316=DIRECTION('',(0.,0.,-1.));
#317=DIRECTION('',(-1.,0.,0.));
#318=CARTESIAN_POINT('',(0.,0.,0.));
#319=CARTESIAN_POINT('',(-0.1075,0.,-5.63785129692462E-18));
#320=CARTESIAN_POINT('',(0.04,-0.04,-5.63785129692462E-18));
#321=CARTESIAN_POINT('',(0.0075,-0.04,-5.63785129692462E-18));
#322=CARTESIAN_POINT('',(-0.04,0.04,-5.63785129692462E-18));
#323=CARTESIAN_POINT('',(-0.0675,0.04,-5.63785129692462E-18));
#324=CARTESIAN_POINT('',(0.08,0.14,1.54350256901034E-17));
#325=CARTESIAN_POINT('',(0.0725,0.14,1.45165405907429E-17));
#326=CARTESIAN_POINT('',(-0.08,0.14,-5.63785129692462E-18));
#327=CARTESIAN_POINT('',(-0.0725,0.14,-5.63785129692462E-18));
#328=CARTESIAN_POINT('',(0.,0.,-1.12757025938492E-17));
#329=CARTESIAN_POINT('',(-0.215,0.,-1.12757025938492E-17));
#330=CARTESIAN_POINT('',(-0.08,-0.14,-5.63785129692462E-18));
#331=CARTESIAN_POINT('',(-0.0725,-0.14,-5.63785129692462E-18));
#332=CARTESIAN_POINT('',(0.08,-0.14,1.54350256901034E-17));
#333=CARTESIAN_POINT('',(0.0725,-0.14,1.45165405907429E-17));
#334=CARTESIAN_POINT('',(0.,0.,0.));
#335=CARTESIAN_POINT('',(0.,0.,-0.015));
#336=CARTESIAN_POINT('',(-0.215,0.,-0.015));
#337=CARTESIAN_POINT('',(-0.195,0.,-0.015));
#338=CARTESIAN_POINT('',(0.,0.,-0.015));
#339=CARTESIAN_POINT('',(-0.175,0.,-0.015));
#340=CARTESIAN_POINT('',(0.,0.,0.));
#341=CARTESIAN_POINT('',(0.,0.,-0.045));
#342=CARTESIAN_POINT('',(-0.175,0.,-0.045));
#343=CARTESIAN_POINT('',(-0.172,0.,-0.045));
#344=CARTESIAN_POINT('',(0.,0.,-0.045));
#345=CARTESIAN_POINT('',(-0.169,0.,-0.045));
#346=CARTESIAN_POINT('',(0.,0.,0.));
#347=CARTESIAN_POINT('',(0.,0.,-0.015));
#348=CARTESIAN_POINT('',(-0.169,0.,-0.015));
#349=CARTESIAN_POINT('',(-0.0845,0.,-0.015));
#350=CARTESIAN_POINT('',(0.04,-0.04,-0.015));
#351=CARTESIAN_POINT('',(0.0725,-0.04,-0.015));
#352=CARTESIAN_POINT('',(-0.04,0.04,-0.015));
#353=CARTESIAN_POINT('',(-0.0125,0.04,-0.015));
#354=CARTESIAN_POINT('',(-0.08,-0.14,-5.63785129692462E-18));
#355=CARTESIAN_POINT('',(-0.08,-0.14,0.05));
#356=CARTESIAN_POINT('',(-0.0875,-0.14,0.0575));
#357=CARTESIAN_POINT('',(-0.08835,-0.14,0.05));
#358=CARTESIAN_POINT('',(0.08,-0.14,0.05));
#359=CARTESIAN_POINT('',(0.0875,-0.14,0.0575));
#360=CARTESIAN_POINT('',(0.08,-0.14,0.05835));
#361=CARTESIAN_POINT('',(0.08,0.14,0.05835));
#362=CARTESIAN_POINT('',(0.08,0.14,0.05));
#363=CARTESIAN_POINT('',(0.0875,0.14,0.0575));
#364=CARTESIAN_POINT('',(-0.08835,0.14,0.05));
#365=CARTESIAN_POINT('',(-0.08,0.14,0.05));
#366=CARTESIAN_POINT('',(-0.0875,0.14,0.0575));
#367=CARTESIAN_POINT('',(-0.08,0.14,-5.63785129692462E-18));
#368=CARTESIAN_POINT('',(-0.04,0.04,-5.63785129692462E-18));
#369=CARTESIAN_POINT('',(0.04,-0.04,-5.63785129692462E-18));
#370=MECHANICAL_DESIGN_GEOMETRIC_PRESENTATION_REPRESENTATION('',(#205),#371);
#371=(
GEOMETRIC_REPRESENTATION_CONTEXT(3)
GLOBAL_UNCERTAINTY_ASSIGNED_CONTEXT((#372))
GLOBAL_UNIT_ASSIGNED_CONTEXT((#375,#374,#373))
REPRESENTATION_CONTEXT('deckel_mit_einschub','TOP_LEVEL_ASSEMBLY_PART')
);
#372=UNCERTAINTY_MEASURE_WITH_UNIT(LENGTH_MEASURE(1.E-08),#375,'DISTANCE_ACCURACY_VALUE','Maximum Tolerance applied to model');
#373=(
NAMED_UNIT(*)
SI_UNIT($,.STERADIAN.)
SOLID_ANGLE_UNIT()
);
#374=(
NAMED_UNIT(*)
PLANE_ANGLE_UNIT()
SI_UNIT($,.RADIAN.)
);
#375=(
LENGTH_UNIT()
NAMED_UNIT(*)
SI_UNIT($,.METRE.)
);
#376=PRODUCT_DEFINITION_SHAPE('','',#377);
#377=PRODUCT_DEFINITION('','',#379,#378);
#378=PRODUCT_DEFINITION_CONTEXT('',#385,'design');
#379=PRODUCT_DEFINITION_FORMATION_WITH_SPECIFIED_SOURCE('','',#381,.NOT_KNOWN.);
#380=PRODUCT_RELATED_PRODUCT_CATEGORY('','',(#381));
#381=PRODUCT('deckel_mit_einschub','deckel_mit_einschub','deckel_mit_einschub',(#383));
#382=PRODUCT_CATEGORY('','');
#383=PRODUCT_CONTEXT('',#385,'mechanical');
#384=APPLICATION_PROTOCOL_DEFINITION('international standard','ap242_managed_model_based_3d_engineering',2020,#385);
#385=APPLICATION_CONTEXT('managed model based 3d engineering');
#386=SHAPE_ASPECT('hole_callout.F23vW87yMbmbK8y_1.JID.0',$,#376,.T.);
#387=GEOMETRIC_ITEM_SPECIFIC_USAGE('','',#386,#11,#203);
#388=DIMENSIONAL_SIZE(#386,'diameter');
#389=(
LENGTH_UNIT()
NAMED_UNIT(*)
SI_UNIT($,.METRE.)
);
#391=PRECISION_QUALIFIER(3);
#390=(
LENGTH_MEASURE_WITH_UNIT()
MEASURE_REPRESENTATION_ITEM()
MEASURE_WITH_UNIT(POSITIVE_LENGTH_MEASURE(0.065),#389)
QUALIFIED_REPRESENTATION_ITEM((#391))
REPRESENTATION_ITEM('nominal value')
);
#392=COMPOUND_REPRESENTATION_ITEM('modifiers',SET_REPRESENTATION_ITEM((#393)));
#393=DESCRIPTIVE_REPRESENTATION_ITEM('dimensional note','diameter');
#394=SHAPE_DIMENSION_REPRESENTATION('',(#390,#392),#371);
#395=DIMENSIONAL_CHARACTERISTIC_REPRESENTATION(#388,#394);
#396=PRESENTATION_STYLE_ASSIGNMENT((NULL_STYLE(.NULL.)));
#397=CARTESIAN_POINT('',(0.04,-0.04,-5.63785129692462E-18));
#398=DIRECTION('',(0.,0.,1.));
#399=DIRECTION('',(1.,0.,0.));
#400=AXIS2_PLACEMENT_3D('',#397,#398,#399);
#401=PLANE('',#400);
#402=ANNOTATION_PLANE('',(#396),#401,(#429));
#403=CARTESIAN_POINT('',(0.,0.,0.));
#404=DIRECTION('',(0.,0.,1.));
#405=DIRECTION('',(1.,0.,0.));
#406=AXIS2_PLACEMENT_3D('',#403,#404,#405);
#407=CARTESIAN_POINT('',(0.,0.,0.));
#408=DIRECTION('',(0.,0.,1.));
#409=DIRECTION('',(1.,0.,0.));
#410=AXIS2_PLACEMENT_3D('',#407,#408,#409);
#411=SHAPE_REPRESENTATION('',(#410,#213),#371);
#412=REPRESENTATION_MAP(#406,#411);
#413=MAPPED_ITEM('',#412,#406);
#414=PRESENTATION_STYLE_ASSIGNMENT((NULL_STYLE(.NULL.)));
#415=STYLED_ITEM('',(#414),#413);
#416=DRAUGHTING_MODEL('',(#402,#406,#413,#415,#448,#452,#459,#461),#371);
#417=DRAUGHTING_PRE_DEFINED_CURVE_FONT('continuous');
#418=COLOUR_RGB('',0.,0.,0.);
#419=CURVE_STYLE('',#417,POSITIVE_LENGTH_MEASURE(0.02),#418);
#420=PRESENTATION_STYLE_ASSIGNMENT((#419));
#421=COORDINATES_LIST('coordinates',2811,((0.0629810,-0.0170190,0.),(0.0643952,-0.0141906,0.),(0.0658094,-0.0156048,0.),(0.1666970,0.0831647,0.),(0.1667940,0.0831240,0.),(0.1668921,0.0830888,0.),(0.1666970,0.0831647,0.),(0.1668921,0.0830888,0.),(0.1669910,0.0830589,0.),(0.1666970,0.0831647,0.),(0.1669910,0.0830589,0.),(0.1670910,0.0830345,0.),(0.1666970,0.0831647,0.),(0.1670910,0.0830345,0.),(0.1671918,0.0830155,0.),(0.1666970,0.0831647,0.),(0.1671918,0.0830155,0.),(0.1672937,0.0830020,0.),(0.1666970,0.0831647,0.),(0.1672937,0.0830020,0.),(0.1673965,0.0829938,0.),(0.1666970,0.0831647,0.),(0.1673965,0.0829938,0.),(0.1675003,0.0829911,0.),(0.1666970,0.0831647,0.),(0.1675003,0.0829911,0.),(0.1676361,0.0829955,0.),(0.1666970,0.0831647,0.),(0.1676361,0.0829955,0.),(0.1677693,0.0830084,0.),(0.1666970,0.0831647,0.),(0.1677693,0.0830084,0.),(0.1679000,0.0830300,0.),(0.1666970,0.0831647,0.),(0.1679000,0.0830300,0.),(0.1680281,0.0830602,0.),(0.1666970,0.0831647,0.),(0.1680281,0.0830602,0.),(0.1681537,0.0830990,0.),(0.1666970,0.0831647,0.),(0.1681537,0.0830990,0.),(0.1682768,0.0831465,0.),(0.1666970,0.0831647,0.),(0.1682768,0.0831465,0.),(0.1683973,0.0832026,0.),(0.1666970,0.0831647,0.),(0.1683973,0.0832026,0.),(0.1685152,0.0832674,0.),(0.1666970,0.0831647,0.),(0.1685152,0.0832674,0.),(0.1686288,0.0833398,0.),(0.1666970,0.0831647,0.),(0.1686288,0.0833398,0.),(0.1687361,0.0834183,0.),(0.1666970,0.0831647,0.),(0.1687361,0.0834183,0.),(0.1688373,0.0835030,0.),(0.1666970,0.0831647,0.),(0.1688373,0.0835030,0.),(0.1689322,0.0835939,0.),(0.1666970,0.0831647,0.),(0.1689322,0.0835939,0.),(0.1690209,0.0836909,0.),(0.1690209,0.0836909,0.),(0.1691034,0.0837940,0.),(0.1691796,0.0839033,0.),(0.1690209,0.0836909,0.),(0.1691796,0.0839033,0.),(0.1692497,0.0840188,0.),(0.1690209,0.0836909,0.),(0.1692497,0.0840188,0.),(0.1693127,0.0841386,0.),(0.1690209,0.0836909,0.),(0.1693127,0.0841386,0.),(0.1693673,0.0842608,0.),(0.1690209,0.0836909,0.),(0.1693673,0.0842608,0.),(0.1694135,0.0843855,0.),(0.1690209,0.0836909,0.),(0.1694135,0.0843855,0.),(0.1694513,0.0845128,0.),(0.1690209,0.0836909,0.),(0.1694513,0.0845128,0.),(0.1694807,0.0846425,0.),(0.1690209,0.0836909,0.),(0.1694807,0.0846425,0.),(0.1695017,0.0847746,0.),(0.1690209,0.0836909,0.),(0.1695017,0.0847746,0.),(0.1695143,0.0849093,0.),(0.1690209,0.0836909,0.),(0.1695143,0.0849093,0.),(0.1695185,0.0850464,0.),(0.1690209,0.0836909,0.),(0.1695185,0.0850464,0.),(0.1695143,0.0851781,0.),(0.1690209,0.0836909,0.),(0.1695143,0.0851781,0.),(0.1695017,0.0853089,0.),(0.1690209,0.0836909,0.),(0.1695017,0.0853089,0.),(0.1694807,0.0854389,0.),(0.1690209,0.0836909,0.),(0.1694807,0.0854389,0.),(0.1694513,0.0855682,0.),(0.1690209,0.0836909,0.),(0.1694513,0.0855682,0.),(0.1694135,0.0856966,0.),(0.1690209,0.0836909,0.),(0.1694135,0.0856966,0.),(0.1693673,0.0858243,0.),(0.1693673,0.0858243,0.),(0.1689755,0.0856828,0.),(0.1690121,0.0855849,0.),(0.1693673,0.0858243,0.),(0.1690121,0.0855849,0.),(0.1690420,0.0854838,0.),(0.1693673,0.0858243,0.),(0.1690420,0.0854838,0.),(0.1690653,0.0853793,0.),(0.1693673,0.0858243,0.),(0.1690653,0.0853793,0.),(0.1690819,0.0852716,0.),(0.1693673,0.0858243,0.),(0.1690819,0.0852716,0.),(0.1690919,0.0851607,0.),(0.1693673,0.0858243,0.),(0.1690919,0.0851607,0.),(0.1690952,0.0850464,0.),(0.1693673,0.0858243,0.),(0.1690952,0.0850464,0.),(0.1690918,0.0849364,0.),(0.1690209,0.0836909,0.),(0.1693673,0.0858243,0.),(0.1690918,0.0849364,0.),(0.1690209,0.0836909,0.),(0.1690918,0.0849364,0.),(0.1690818,0.0848285,0.),(0.1690209,0.0836909,0.),(0.1690818,0.0848285,0.),(0.1690650,0.0847229,0.),(0.1690209,0.0836909,0.),(0.1690650,0.0847229,0.),(0.1690415,0.0846194,0.),(0.1690209,0.0836909,0.),(0.1690415,0.0846194,0.),(0.1690113,0.0845181,0.),(0.1690209,0.0836909,0.),(0.1690113,0.0845181,0.),(0.1689743,0.0844190,0.),(0.1690209,0.0836909,0.),(0.1689743,0.0844190,0.),(0.1689307,0.0843220,0.),(0.1690209,0.0836909,0.),(0.1689307,0.0843220,0.),(0.1688803,0.0842273,0.),(0.1690209,0.0836909,0.),(0.1688803,0.0842273,0.),(0.1688245,0.0841361,0.),(0.1690209,0.0836909,0.),(0.1688245,0.0841361,0.),(0.1687639,0.0840497,0.),(0.1690209,0.0836909,0.),(0.1687639,0.0840497,0.),(0.1686984,0.0839683,0.),(0.1690209,0.0836909,0.),(0.1686984,0.0839683,0.),(0.1686282,0.0838918,0.),(0.1690209,0.0836909,0.),(0.1686282,0.0838918,0.),(0.1685532,0.0838201,0.),(0.1690209,0.0836909,0.),(0.1685532,0.0838201,0.),(0.1684733,0.0837534,0.),(0.1690209,0.0836909,0.),(0.1684733,0.0837534,0.),(0.1683887,0.0836916,0.),(0.1690209,0.0836909,0.),(0.1683887,0.0836916,0.),(0.1682993,0.0836346,0.),(0.1690209,0.0836909,0.),(0.1682993,0.0836346,0.),(0.1682067,0.0835835,0.),(0.1690209,0.0836909,0.),(0.1682067,0.0835835,0.),(0.1681121,0.0835392,0.),(0.1690209,0.0836909,0.),(0.1681121,0.0835392,0.),(0.1680153,0.0835017,0.),(0.1690209,0.0836909,0.),(0.1680153,0.0835017,0.),(0.1679165,0.0834711,0.),(0.1666970,0.0831647,0.),(0.1690209,0.0836909,0.),(0.1679165,0.0834711,0.),(0.1666970,0.0831647,0.),(0.1679165,0.0834711,0.),(0.1678155,0.0834472,0.),(0.1666970,0.0831647,0.),(0.1678155,0.0834472,0.),(0.1677125,0.0834302,0.),(0.1666970,0.0831647,0.),(0.1677125,0.0834302,0.),(0.1676074,0.0834200,0.),(0.1666970,0.0831647,0.),(0.1676074,0.0834200,0.),(0.1675003,0.0834166,0.),(0.1666970,0.0831647,0.),(0.1675003,0.0834166,0.),(0.1673467,0.0834237,0.),(0.1666970,0.0831647,0.),(0.1673467,0.0834237,0.),(0.1671971,0.0834449,0.),(0.1666970,0.0831647,0.),(0.1671971,0.0834449,0.),(0.1670514,0.0834803,0.),(0.1666970,0.0831647,0.),(0.1670514,0.0834803,0.),(0.1669097,0.0835298,0.),(0.1666970,0.0831647,0.),(0.1669097,0.0835298,0.),(0.1685067,0.0863132,0.),(0.1661361,0.0821900,0.),(0.1666970,0.0831647,0.),(0.1685067,0.0863132,0.),(0.1689323,0.0857774,0.),(0.1689755,0.0856828,0.),(0.1693673,0.0858243,0.),(0.1688825,0.0858687,0.),(0.1689323,0.0857774,0.),(0.1693673,0.0858243,0.),(0.1688145,0.0859727,0.),(0.1688825,0.0858687,0.),(0.1693673,0.0858243,0.),(0.1687293,0.0860815,0.),(0.1688145,0.0859727,0.),(0.1693673,0.0858243,0.),(0.1686801,0.0861376,0.),(0.1687293,0.0860815,0.),(0.1693673,0.0858243,0.),(0.1686267,0.0861950,0.),(0.1686801,0.0861376,0.),(0.1693673,0.0858243,0.),(0.1685689,0.0862535,0.),(0.1686267,0.0861950,0.),(0.1693673,0.0858243,0.),(0.1685067,0.0863132,0.),(0.1685689,0.0862535,0.),(0.1693673,0.0858243,0.),(0.1685067,0.0863132,0.),(0.1693673,0.0858243,0.),(0.1693127,0.0859512,0.),(0.1685067,0.0863132,0.),(0.1693127,0.0859512,0.),(0.1692497,0.0860772,0.),(0.1685067,0.0863132,0.),(0.1692497,0.0860772,0.),(0.1691995,0.0861640,0.),(0.1685067,0.0863132,0.),(0.1691995,0.0861640,0.),(0.1691447,0.0862474,0.),(0.1685067,0.0863132,0.),(0.1691447,0.0862474,0.),(0.1690853,0.0863275,0.),(0.1685067,0.0863132,0.),(0.1690853,0.0863275,0.),(0.1690214,0.0864043,0.),(0.1685067,0.0863132,0.),(0.1690214,0.0864043,0.),(0.1689528,0.0864778,0.),(0.1685067,0.0863132,0.),(0.1689528,0.0864778,0.),(0.1688796,0.0865479,0.),(0.1685067,0.0863132,0.),(0.1688796,0.0865479,0.),(0.1688018,0.0866148,0.),(0.1685067,0.0863132,0.),(0.1688018,0.0866148,0.),(0.1687195,0.0866784,0.),(0.1685067,0.0863132,0.),(0.1687195,0.0866784,0.),(0.1692613,0.0876309,0.),(0.1661361,0.0821900,0.),(0.1685067,0.0863132,0.),(0.1692613,0.0876309,0.),(0.1661361,0.0821900,0.),(0.1692613,0.0876309,0.),(0.1692899,0.0877346,0.),(0.1661361,0.0821900,0.),(0.1692899,0.0877346,0.),(0.1692825,0.0877949,0.),(0.1661361,0.0821900,0.),(0.1692825,0.0877949,0.),(0.1692439,0.0878701,0.),(0.1661361,0.0821900,0.),(0.1692439,0.0878701,0.),(0.1691788,0.0879240,0.),(0.1661361,0.0821900,0.),(0.1691788,0.0879240,0.),(0.1690761,0.0879547,0.),(0.1661361,0.0821900,0.),(0.1690761,0.0879547,0.),(0.1690158,0.0879473,0.),(0.1661361,0.0821900,0.),(0.1690158,0.0879473,0.),(0.1689401,0.0879087,0.),(0.1661361,0.0821900,0.),(0.1689401,0.0879087,0.),(0.1688846,0.0878436,0.),(0.1661361,0.0821900,0.),(0.1688846,0.0878436,0.),(0.1683491,0.0869154,0.),(0.1683491,0.0869154,0.),(0.1682484,0.0869598,0.),(0.1681445,0.0869983,0.),(0.1683491,0.0869154,0.),(0.1681445,0.0869983,0.),(0.1680373,0.0870309,0.),(0.1683491,0.0869154,0.),(0.1680373,0.0870309,0.),(0.1679268,0.0870575,0.),(0.1683491,0.0869154,0.),(0.1679268,0.0870575,0.),(0.1678129,0.0870782,0.),(0.1683491,0.0869154,0.),(0.1678129,0.0870782,0.),(0.1676958,0.0870930,0.),(0.1683491,0.0869154,0.),(0.1676958,0.0870930,0.),(0.1675753,0.0871019,0.),(0.1683491,0.0869154,0.),(0.1675753,0.0871019,0.),(0.1674516,0.0871049,0.),(0.1683491,0.0869154,0.),(0.1674516,0.0871049,0.),(0.1673270,0.0871005,0.),(0.1683491,0.0869154,0.),(0.1673270,0.0871005,0.),(0.1672035,0.0870875,0.),(0.1683491,0.0869154,0.),(0.1672035,0.0870875,0.),(0.1670811,0.0870659,0.),(0.1683491,0.0869154,0.),(0.1670811,0.0870659,0.),(0.1669597,0.0870356,0.),(0.1683491,0.0869154,0.),(0.1669597,0.0870356,0.),(0.1668395,0.0869966,0.),(0.1683491,0.0869154,0.),(0.1668395,0.0869966,0.),(0.1667203,0.0869489,0.),(0.1683491,0.0869154,0.),(0.1667203,0.0869489,0.),(0.1666023,0.0868926,0.),(0.1683491,0.0869154,0.),(0.1666023,0.0868926,0.),(0.1664853,0.0868276,0.),(0.1683491,0.0869154,0.),(0.1664853,0.0868276,0.),(0.1663722,0.0867554,0.),(0.1683491,0.0869154,0.),(0.1663722,0.0867554,0.),(0.1662652,0.0866770,0.),(0.1683491,0.0869154,0.),(0.1662652,0.0866770,0.),(0.1661643,0.0865924,0.),(0.1683491,0.0869154,0.),(0.1661643,0.0865924,0.),(0.1660694,0.0865016,0.),(0.1683491,0.0869154,0.),(0.1660694,0.0865016,0.),(0.1659806,0.0864046,0.),(0.1659806,0.0864046,0.),(0.1658980,0.0863013,0.),(0.1658214,0.0861919,0.),(0.1659806,0.0864046,0.),(0.1658214,0.0861919,0.),(0.1657508,0.0860762,0.),(0.1659806,0.0864046,0.),(0.1657508,0.0860762,0.),(0.1656876,0.0859564,0.),(0.1659806,0.0864046,0.),(0.1656876,0.0859564,0.),(0.1656328,0.0858340,0.),(0.1659806,0.0864046,0.),(0.1656328,0.0858340,0.),(0.1655864,0.0857091,0.),(0.1659806,0.0864046,0.),(0.1655864,0.0857091,0.),(0.1655484,0.0855817,0.),(0.1659806,0.0864046,0.),(0.1655484,0.0855817,0.),(0.1655189,0.0854517,0.),(0.1659806,0.0864046,0.),(0.1655189,0.0854517,0.),(0.1654978,0.0853191,0.),(0.1659806,0.0864046,0.),(0.1654978,0.0853191,0.),(0.1654852,0.0851841,0.),(0.1659806,0.0864046,0.),(0.1654852,0.0851841,0.),(0.1654810,0.0850464,0.),(0.1659806,0.0864046,0.),(0.1654810,0.0850464,0.),(0.1654852,0.0849084,0.),(0.1659806,0.0864046,0.),(0.1654852,0.0849084,0.),(0.1654978,0.0847730,0.),(0.1659806,0.0864046,0.),(0.1654978,0.0847730,0.),(0.1655188,0.0846405,0.),(0.1659806,0.0864046,0.),(0.1655188,0.0846405,0.),(0.1655482,0.0845106,0.),(0.1659806,0.0864046,0.),(0.1655482,0.0845106,0.),(0.1655860,0.0843836,0.),(0.1659806,0.0864046,0.),(0.1655860,0.0843836,0.),(0.1656322,0.0842592,0.),(0.1659806,0.0864046,0.),(0.1656322,0.0842592,0.),(0.1656868,0.0841376,0.),(0.1659806,0.0864046,0.),(0.1656868,0.0841376,0.),(0.1657498,0.0840188,0.),(0.1657498,0.0840188,0.),(0.1661181,0.0842273,0.),(0.1660687,0.0843220,0.),(0.1657498,0.0840188,0.),(0.1660687,0.0843220,0.),(0.1660259,0.0844189,0.),(0.1657498,0.0840188,0.),(0.1660259,0.0844189,0.),(0.1659897,0.0845179,0.),(0.1657498,0.0840188,0.),(0.1659897,0.0845179,0.),(0.1659601,0.0846191,0.),(0.1657498,0.0840188,0.),(0.1659601,0.0846191,0.),(0.1659371,0.0847225,0.),(0.1657498,0.0840188,0.),(0.1659371,0.0847225,0.),(0.1659206,0.0848279,0.),(0.1657498,0.0840188,0.),(0.1659206,0.0848279,0.),(0.1659108,0.0849356,0.),(0.1657498,0.0840188,0.),(0.1659108,0.0849356,0.),(0.1659075,0.0850454,0.),(0.1657498,0.0840188,0.),(0.1659075,0.0850454,0.),(0.1659108,0.0851552,0.),(0.1659806,0.0864046,0.),(0.1657498,0.0840188,0.),(0.1659108,0.0851552,0.),(0.1659806,0.0864046,0.),(0.1659108,0.0851552,0.),(0.1659208,0.0852629,0.),(0.1659806,0.0864046,0.),(0.1659208,0.0852629,0.),(0.1659375,0.0853686,0.),(0.1659806,0.0864046,0.),(0.1659375,0.0853686,0.),(0.1659609,0.0854721,0.),(0.1659806,0.0864046,0.),(0.1659609,0.0854721,0.),(0.1659910,0.0855736,0.),(0.1659806,0.0864046,0.),(0.1659910,0.0855736,0.),(0.1660277,0.0856730,0.),(0.1659806,0.0864046,0.),(0.1660277,0.0856730,0.),(0.1660712,0.0857703,0.),(0.1659806,0.0864046,0.),(0.1660712,0.0857703,0.),(0.1661213,0.0858656,0.),(0.1659806,0.0864046,0.),(0.1661213,0.0858656,0.),(0.1661771,0.0859575,0.),(0.1659806,0.0864046,0.),(0.1661771,0.0859575,0.),(0.1662377,0.0860444,0.),(0.1659806,0.0864046,0.),(0.1662377,0.0860444,0.),(0.1663032,0.0861263,0.),(0.1659806,0.0864046,0.),(0.1663032,0.0861263,0.),(0.1663734,0.0862032,0.),(0.1659806,0.0864046,0.),(0.1663734,0.0862032,0.),(0.1664484,0.0862750,0.),(0.1659806,0.0864046,0.),(0.1664484,0.0862750,0.),(0.1665283,0.0863418,0.),(0.1659806,0.0864046,0.),(0.1665283,0.0863418,0.),(0.1666129,0.0864036,0.),(0.1659806,0.0864046,0.),(0.1666129,0.0864036,0.),(0.1667023,0.0864604,0.),(0.1659806,0.0864046,0.),(0.1667023,0.0864604,0.),(0.1667944,0.0865115,0.),(0.1659806,0.0864046,0.),(0.1667944,0.0865115,0.),(0.1668870,0.0865557,0.),(0.1659806,0.0864046,0.),(0.1668870,0.0865557,0.),(0.1669801,0.0865932,0.),(0.1659806,0.0864046,0.),(0.1669801,0.0865932,0.),(0.1670738,0.0866239,0.),(0.1659806,0.0864046,0.),(0.1670738,0.0866239,0.),(0.1671680,0.0866477,0.),(0.1683491,0.0869154,0.),(0.1659806,0.0864046,0.),(0.1671680,0.0866477,0.),(0.1683491,0.0869154,0.),(0.1671680,0.0866477,0.),(0.1672627,0.0866647,0.),(0.1683491,0.0869154,0.),(0.1672627,0.0866647,0.),(0.1673579,0.0866750,0.),(0.1683491,0.0869154,0.),(0.1673579,0.0866750,0.),(0.1674537,0.0866784,0.),(0.1683491,0.0869154,0.),(0.1674537,0.0866784,0.),(0.1674601,0.0866784,0.),(0.1683491,0.0869154,0.),(0.1674601,0.0866784,0.),(0.1675538,0.0866763,0.),(0.1683491,0.0869154,0.),(0.1675538,0.0866763,0.),(0.1676449,0.0866700,0.),(0.1683491,0.0869154,0.),(0.1676449,0.0866700,0.),(0.1677336,0.0866596,0.),(0.1683491,0.0869154,0.),(0.1677336,0.0866596,0.),(0.1678196,0.0866450,0.),(0.1683491,0.0869154,0.),(0.1678196,0.0866450,0.),(0.1679031,0.0866263,0.),(0.1683491,0.0869154,0.),(0.1679031,0.0866263,0.),(0.1679841,0.0866034,0.),(0.1683491,0.0869154,0.),(0.1679841,0.0866034,0.),(0.1680626,0.0865763,0.),(0.1683491,0.0869154,0.),(0.1680626,0.0865763,0.),(0.1681384,0.0865450,0.),(0.1661361,0.0821900,0.),(0.1683491,0.0869154,0.),(0.1681384,0.0865450,0.),(0.1661361,0.0821900,0.),(0.1681384,0.0865450,0.),(0.1665340,0.0837500,0.),(0.1661361,0.0821900,0.),(0.1665340,0.0837500,0.),(0.1664136,0.0838528,0.),(0.1661605,0.0841580,0.),(0.1661181,0.0842273,0.),(0.1657498,0.0840188,0.),(0.1662056,0.0840915,0.),(0.1661605,0.0841580,0.),(0.1657498,0.0840188,0.),(0.1663041,0.0839667,0.),(0.1662056,0.0840915,0.),(0.1657498,0.0840188,0.),(0.1664136,0.0838528,0.),(0.1663041,0.0839667,0.),(0.1657498,0.0840188,0.),(0.1664136,0.0838528,0.),(0.1657498,0.0840188,0.),(0.1658077,0.0839237,0.),(0.1664136,0.0838528,0.),(0.1658077,0.0839237,0.),(0.1658694,0.0838328,0.),(0.1664136,0.0838528,0.),(0.1658694,0.0838328,0.),(0.1659347,0.0837459,0.),(0.1664136,0.0838528,0.),(0.1659347,0.0837459,0.),(0.1660038,0.0836632,0.),(0.1664136,0.0838528,0.),(0.1660038,0.0836632,0.),(0.1660765,0.0835845,0.),(0.1664136,0.0838528,0.),(0.1660765,0.0835845,0.),(0.1661530,0.0835100,0.),(0.1664136,0.0838528,0.),(0.1661530,0.0835100,0.),(0.1662332,0.0834395,0.),(0.1664136,0.0838528,0.),(0.1662332,0.0834395,0.),(0.1663171,0.0833732,0.),(0.1661361,0.0821900,0.),(0.1664136,0.0838528,0.),(0.1663171,0.0833732,0.),(0.1661361,0.0821900,0.),(0.1663171,0.0833732,0.),(0.1657614,0.0824027,0.),(0.1661361,0.0821900,0.),(0.1657614,0.0824027,0.),(0.1657339,0.0823011,0.),(0.1661361,0.0821900,0.),(0.1657339,0.0823011,0.),(0.1657403,0.0822408,0.),(0.1661361,0.0821900,0.),(0.1657403,0.0822408,0.),(0.1657794,0.0821638,0.),(0.1661361,0.0821900,0.),(0.1657794,0.0821638,0.),(0.1658419,0.0821085,0.),(0.1661361,0.0821900,0.),(0.1658419,0.0821085,0.),(0.1659466,0.0820810,0.),(0.1661361,0.0821900,0.),(0.1659466,0.0820810,0.),(0.1660070,0.0820884,0.),(0.1661361,0.0821900,0.),(0.1660070,0.0820884,0.),(0.1660795,0.0821238,0.),(0.1756885,0.0840991,0.),(0.1756939,0.0842315,0.),(0.1756939,0.0859217,0.),(0.1756885,0.0840991,0.),(0.1756939,0.0859217,0.),(0.1756886,0.0860523,0.),(0.1756885,0.0840991,0.),(0.1756886,0.0860523,0.),(0.1756727,0.0861769,0.),(0.1756885,0.0840991,0.),(0.1756727,0.0861769,0.),(0.1756461,0.0862956,0.),(0.1756885,0.0840991,0.),(0.1756461,0.0862956,0.),(0.1756090,0.0864082,0.),(0.1756885,0.0840991,0.),(0.1756090,0.0864082,0.),(0.1755612,0.0865149,0.),(0.1756885,0.0840991,0.),(0.1755612,0.0865149,0.),(0.1755028,0.0866156,0.),(0.1756885,0.0840991,0.),(0.1755028,0.0866156,0.),(0.1754338,0.0867103,0.),(0.1756885,0.0840991,0.),(0.1754338,0.0867103,0.),(0.1753542,0.0867990,0.),(0.1756885,0.0840991,0.),(0.1753542,0.0867990,0.),(0.1752775,0.0868707,0.),(0.1756885,0.0840991,0.),(0.1752775,0.0868707,0.),(0.1751977,0.0869328,0.),(0.1756885,0.0840991,0.),(0.1751977,0.0869328,0.),(0.1751149,0.0869854,0.),(0.1751149,0.0869854,0.),(0.1750290,0.0870284,0.),(0.1749400,0.0870619,0.),(0.1751149,0.0869854,0.),(0.1749400,0.0870619,0.),(0.1748479,0.0870858,0.),(0.1751149,0.0869854,0.),(0.1748479,0.0870858,0.),(0.1747528,0.0871001,0.),(0.1751149,0.0869854,0.),(0.1747528,0.0871001,0.),(0.1746546,0.0871049,0.),(0.1751149,0.0869854,0.),(0.1746546,0.0871049,0.),(0.1745575,0.0871001,0.),(0.1751149,0.0869854,0.),(0.1745575,0.0871001,0.),(0.1744631,0.0870858,0.),(0.1751149,0.0869854,0.),(0.1744631,0.0870858,0.),(0.1743714,0.0870619,0.),(0.1751149,0.0869854,0.),(0.1743714,0.0870619,0.),(0.1742823,0.0870284,0.),(0.1751149,0.0869854,0.),(0.1742823,0.0870284,0.),(0.1741960,0.0869854,0.),(0.1751149,0.0869854,0.),(0.1741960,0.0869854,0.),(0.1741123,0.0869328,0.),(0.1751149,0.0869854,0.),(0.1741123,0.0869328,0.),(0.1740313,0.0868707,0.),(0.1751149,0.0869854,0.),(0.1740313,0.0868707,0.),(0.1739529,0.0867990,0.),(0.1751149,0.0869854,0.),(0.1739529,0.0867990,0.),(0.1738733,0.0867120,0.),(0.1751149,0.0869854,0.),(0.1738733,0.0867120,0.),(0.1738043,0.0866188,0.),(0.1751149,0.0869854,0.),(0.1738043,0.0866188,0.),(0.1737459,0.0865194,0.),(0.1751149,0.0869854,0.),(0.1737459,0.0865194,0.),(0.1736981,0.0864138,0.),(0.1751149,0.0869854,0.),(0.1736981,0.0864138,0.),(0.1736610,0.0863019,0.),(0.1736610,0.0863019,0.),(0.1736344,0.0861839,0.),(0.1736185,0.0860596,0.),(0.1736610,0.0863019,0.),(0.1736185,0.0860596,0.),(0.1736132,0.0859291,0.),(0.1736610,0.0863019,0.),(0.1736132,0.0859291,0.),(0.1736132,0.0859217,0.),(0.1736610,0.0863019,0.),(0.1736132,0.0859217,0.),(0.1736132,0.0842273,0.),(0.1736610,0.0863019,0.),(0.1736132,0.0842273,0.),(0.1736185,0.0840960,0.),(0.1736610,0.0863019,0.),(0.1736185,0.0840960,0.),(0.1736344,0.0839708,0.),(0.1736610,0.0863019,0.),(0.1736344,0.0839708,0.),(0.1736610,0.0838519,0.),(0.1736610,0.0863019,0.),(0.1736610,0.0838519,0.),(0.1736981,0.0837391,0.),(0.1736610,0.0863019,0.),(0.1736981,0.0837391,0.),(0.1737459,0.0836325,0.),(0.1736610,0.0863019,0.),(0.1737459,0.0836325,0.),(0.1738043,0.0835321,0.),(0.1736610,0.0863019,0.),(0.1738043,0.0835321,0.),(0.1738733,0.0834379,0.),(0.1736610,0.0863019,0.),(0.1738733,0.0834379,0.),(0.1739529,0.0833499,0.),(0.1739529,0.0833499,0.),(0.1742567,0.0836462,0.),(0.1741627,0.0837626,0.),(0.1739529,0.0833499,0.),(0.1741627,0.0837626,0.),(0.1740955,0.0838989,0.),(0.1739529,0.0833499,0.),(0.1740955,0.0838989,0.),(0.1740553,0.0840552,0.),(0.1736610,0.0863019,0.),(0.1739529,0.0833499,0.),(0.1740553,0.0840552,0.),(0.1736610,0.0863019,0.),(0.1740553,0.0840552,0.),(0.1740452,0.0841409,0.),(0.1736610,0.0863019,0.),(0.1740452,0.0841409,0.),(0.1740418,0.0842315,0.),(0.1736610,0.0863019,0.),(0.1740418,0.0842315,0.),(0.1740418,0.0859291,0.),(0.1736610,0.0863019,0.),(0.1740418,0.0859291,0.),(0.1740452,0.0860174,0.),(0.1736610,0.0863019,0.),(0.1740452,0.0860174,0.),(0.1740551,0.0861008,0.),(0.1736610,0.0863019,0.),(0.1740551,0.0861008,0.),(0.1740717,0.0861793,0.),(0.1736610,0.0863019,0.),(0.1740717,0.0861793,0.),(0.1740950,0.0862529,0.),(0.1736610,0.0863019,0.),(0.1740950,0.0862529,0.),(0.1741615,0.0863855,0.),(0.1736610,0.0863019,0.),(0.1741615,0.0863855,0.),(0.1742546,0.0864985,0.),(0.1736610,0.0863019,0.),(0.1742546,0.0864985,0.),(0.1743498,0.0865772,0.),(0.1736610,0.0863019,0.),(0.1743498,0.0865772,0.),(0.1744482,0.0866334,0.),(0.1751149,0.0869854,0.),(0.1736610,0.0863019,0.),(0.1744482,0.0866334,0.),(0.1751149,0.0869854,0.),(0.1744482,0.0866334,0.),(0.1745498,0.0866671,0.),(0.1751149,0.0869854,0.),(0.1745498,0.0866671,0.),(0.1746546,0.0866784,0.),(0.1751149,0.0869854,0.),(0.1746546,0.0866784,0.),(0.1747637,0.0866671,0.),(0.1751149,0.0869854,0.),(0.1747637,0.0866671,0.),(0.1748665,0.0866334,0.),(0.1751149,0.0869854,0.),(0.1748665,0.0866334,0.),(0.1749632,0.0865772,0.),(0.1751149,0.0869854,0.),(0.1749632,0.0865772,0.),(0.1750536,0.0864985,0.),(0.1751149,0.0869854,0.),(0.1750536,0.0864985,0.),(0.1751467,0.0863799,0.),(0.1751149,0.0869854,0.),(0.1751467,0.0863799,0.),(0.1752131,0.0862442,0.),(0.1751149,0.0869854,0.),(0.1752131,0.0862442,0.),(0.1752530,0.0860915,0.),(0.1756885,0.0840991,0.),(0.1751149,0.0869854,0.),(0.1752530,0.0860915,0.),(0.1756885,0.0840991,0.),(0.1752530,0.0860915,0.),(0.1752630,0.0860087,0.),(0.1756885,0.0840991,0.),(0.1752630,0.0860087,0.),(0.1752663,0.0859217,0.),(0.1756885,0.0840991,0.),(0.1752663,0.0859217,0.),(0.1752663,0.0842315,0.),(0.1756885,0.0840991,0.),(0.1752663,0.0842315,0.),(0.1752630,0.0841419,0.),(0.1756885,0.0840991,0.),(0.1752630,0.0841419,0.),(0.1752530,0.0840571,0.),(0.1756885,0.0840991,0.),(0.1752530,0.0840571,0.),(0.1752364,0.0839772,0.),(0.1756885,0.0840991,0.),(0.1752364,0.0839772,0.),(0.1752131,0.0839021,0.),(0.1756885,0.0840991,0.),(0.1752131,0.0839021,0.),(0.1751467,0.0837666,0.),(0.1756885,0.0840991,0.),(0.1751467,0.0837666,0.),(0.1750536,0.0836505,0.),(0.1756885,0.0840991,0.),(0.1750536,0.0836505,0.),(0.1749624,0.0835727,0.),(0.1743482,0.0835703,0.),(0.1742567,0.0836462,0.),(0.1739529,0.0833499,0.),(0.1744451,0.0835161,0.),(0.1743482,0.0835703,0.),(0.1739529,0.0833499,0.),(0.1745472,0.0834835,0.),(0.1744451,0.0835161,0.),(0.1739529,0.0833499,0.),(0.1746546,0.0834727,0.),(0.1745472,0.0834835,0.),(0.1739529,0.0833499,0.),(0.1747629,0.0834838,0.),(0.1746546,0.0834727,0.),(0.1739529,0.0833499,0.),(0.1747629,0.0834838,0.),(0.1739529,0.0833499,0.),(0.1740298,0.0832792,0.),(0.1747629,0.0834838,0.),(0.1740298,0.0832792,0.),(0.1741096,0.0832180,0.),(0.1748655,0.0835171,0.),(0.1747629,0.0834838,0.),(0.1741096,0.0832180,0.),(0.1748655,0.0835171,0.),(0.1741096,0.0832180,0.),(0.1741924,0.0831661,0.),(0.1748655,0.0835171,0.),(0.1741924,0.0831661,0.),(0.1742781,0.0831237,0.),(0.1749624,0.0835727,0.),(0.1748655,0.0835171,0.),(0.1742781,0.0831237,0.),(0.1749624,0.0835727,0.),(0.1742781,0.0831237,0.),(0.1743668,0.0830907,0.),(0.1756885,0.0840991,0.),(0.1749624,0.0835727,0.),(0.1743668,0.0830907,0.),(0.1756885,0.0840991,0.),(0.1743668,0.0830907,0.),(0.1744583,0.0830671,0.),(0.1756885,0.0840991,0.),(0.1744583,0.0830671,0.),(0.1745529,0.0830530,0.),(0.1756885,0.0840991,0.),(0.1745529,0.0830530,0.),(0.1746504,0.0830483,0.),(0.1756885,0.0840991,0.),(0.1746504,0.0830483,0.),(0.1747495,0.0830529,0.),(0.1756885,0.0840991,0.),(0.1747495,0.0830529,0.),(0.1748454,0.0830668,0.),(0.1756885,0.0840991,0.),(0.1748454,0.0830668,0.),(0.1749381,0.0830900,0.),(0.1756885,0.0840991,0.),(0.1749381,0.0830900,0.),(0.1750274,0.0831224,0.),(0.1756885,0.0840991,0.),(0.1750274,0.0831224,0.),(0.1751135,0.0831640,0.),(0.1756885,0.0840991,0.),(0.1751135,0.0831640,0.),(0.1751963,0.0832150,0.),(0.1756885,0.0840991,0.),(0.1751963,0.0832150,0.),(0.1752758,0.0832752,0.),(0.1756885,0.0840991,0.),(0.1752758,0.0832752,0.),(0.1753520,0.0833446,0.),(0.1756885,0.0840991,0.),(0.1753520,0.0833446,0.),(0.1754322,0.0834340,0.),(0.1756885,0.0840991,0.),(0.1754322,0.0834340,0.),(0.1755016,0.0835294,0.),(0.1756885,0.0840991,0.),(0.1755016,0.0835294,0.),(0.1755604,0.0836311,0.),(0.1756885,0.0840991,0.),(0.1755604,0.0836311,0.),(0.1756084,0.0837388,0.),(0.1756885,0.0840991,0.),(0.1756084,0.0837388,0.),(0.1756458,0.0838528,0.),(0.1756885,0.0840991,0.),(0.1756458,0.0838528,0.),(0.1756725,0.0839729,0.),(0.1720987,0.0840991,0.),(0.1721040,0.0842315,0.),(0.1721040,0.0859217,0.),(0.1720987,0.0840991,0.),(0.1721040,0.0859217,0.),(0.1720987,0.0860523,0.),(0.1720987,0.0840991,0.),(0.1720987,0.0860523,0.),(0.1720828,0.0861769,0.),(0.1720987,0.0840991,0.),(0.1720828,0.0861769,0.),(0.1720562,0.0862956,0.),(0.1720987,0.0840991,0.),(0.1720562,0.0862956,0.),(0.1720191,0.0864082,0.),(0.1720987,0.0840991,0.),(0.1720191,0.0864082,0.),(0.1719713,0.0865149,0.),(0.1720987,0.0840991,0.),(0.1719713,0.0865149,0.),(0.1719129,0.0866156,0.),(0.1720987,0.0840991,0.),(0.1719129,0.0866156,0.),(0.1718439,0.0867103,0.),(0.1720987,0.0840991,0.),(0.1718439,0.0867103,0.),(0.1717643,0.0867990,0.),(0.1720987,0.0840991,0.),(0.1717643,0.0867990,0.),(0.1716876,0.0868707,0.),(0.1720987,0.0840991,0.),(0.1716876,0.0868707,0.),(0.1716079,0.0869328,0.),(0.1720987,0.0840991,0.),(0.1716079,0.0869328,0.),(0.1715250,0.0869854,0.),(0.1715250,0.0869854,0.),(0.1714391,0.0870284,0.),(0.1713501,0.0870619,0.),(0.1715250,0.0869854,0.),(0.1713501,0.0870619,0.),(0.1712581,0.0870858,0.),(0.1715250,0.0869854,0.),(0.1712581,0.0870858,0.),(0.1711629,0.0871001,0.),(0.1715250,0.0869854,0.),(0.1711629,0.0871001,0.),(0.1710647,0.0871049,0.),(0.1715250,0.0869854,0.),(0.1710647,0.0871049,0.),(0.1709677,0.0871001,0.),(0.1715250,0.0869854,0.),(0.1709677,0.0871001,0.),(0.1708732,0.0870858,0.),(0.1715250,0.0869854,0.),(0.1708732,0.0870858,0.),(0.1707815,0.0870619,0.),(0.1715250,0.0869854,0.),(0.1707815,0.0870619,0.),(0.1706925,0.0870284,0.),(0.1715250,0.0869854,0.),(0.1706925,0.0870284,0.),(0.1706061,0.0869854,0.),(0.1715250,0.0869854,0.),(0.1706061,0.0869854,0.),(0.1705224,0.0869328,0.),(0.1715250,0.0869854,0.),(0.1705224,0.0869328,0.),(0.1704414,0.0868707,0.),(0.1715250,0.0869854,0.),(0.1704414,0.0868707,0.),(0.1703631,0.0867990,0.),(0.1715250,0.0869854,0.),(0.1703631,0.0867990,0.),(0.1702834,0.0867120,0.),(0.1715250,0.0869854,0.),(0.1702834,0.0867120,0.),(0.1702144,0.0866188,0.),(0.1715250,0.0869854,0.),(0.1702144,0.0866188,0.),(0.1701560,0.0865194,0.),(0.1715250,0.0869854,0.),(0.1701560,0.0865194,0.),(0.1701083,0.0864138,0.),(0.1715250,0.0869854,0.),(0.1701083,0.0864138,0.),(0.1700711,0.0863019,0.),(0.1700711,0.0863019,0.),(0.1700446,0.0861839,0.),(0.1700286,0.0860596,0.),(0.1700711,0.0863019,0.),(0.1700286,0.0860596,0.),(0.1700233,0.0859291,0.),(0.1700711,0.0863019,0.),(0.1700233,0.0859291,0.),(0.1700233,0.0859217,0.),(0.1700711,0.0863019,0.),(0.1700233,0.0859217,0.),(0.1700233,0.0842273,0.),(0.1700711,0.0863019,0.),(0.1700233,0.0842273,0.),(0.1700286,0.0840960,0.),(0.1700711,0.0863019,0.),(0.1700286,0.0840960,0.),(0.1700446,0.0839708,0.),(0.1700711,0.0863019,0.),(0.1700446,0.0839708,0.),(0.1700711,0.0838519,0.),(0.1700711,0.0863019,0.),(0.1700711,0.0838519,0.),(0.1701083,0.0837391,0.),(0.1700711,0.0863019,0.),(0.1701083,0.0837391,0.),(0.1701560,0.0836325,0.),(0.1700711,0.0863019,0.),(0.1701560,0.0836325,0.),(0.1702144,0.0835321,0.),(0.1700711,0.0863019,0.),(0.1702144,0.0835321,0.),(0.1702834,0.0834379,0.),(0.1700711,0.0863019,0.),(0.1702834,0.0834379,0.),(0.1703631,0.0833499,0.),(0.1703631,0.0833499,0.),(0.1706668,0.0836462,0.),(0.1705728,0.0837626,0.),(0.1703631,0.0833499,0.),(0.1705728,0.0837626,0.),(0.1705057,0.0838989,0.),(0.1703631,0.0833499,0.),(0.1705057,0.0838989,0.),(0.1704654,0.0840552,0.),(0.1700711,0.0863019,0.),(0.1703631,0.0833499,0.),(0.1704654,0.0840552,0.),(0.1700711,0.0863019,0.),(0.1704654,0.0840552,0.),(0.1704553,0.0841409,0.),(0.1700711,0.0863019,0.),(0.1704553,0.0841409,0.),(0.1704520,0.0842315,0.),(0.1700711,0.0863019,0.),(0.1704520,0.0842315,0.),(0.1704520,0.0859291,0.),(0.1700711,0.0863019,0.),(0.1704520,0.0859291,0.),(0.1704553,0.0860174,0.),(0.1700711,0.0863019,0.),(0.1704553,0.0860174,0.),(0.1704653,0.0861008,0.),(0.1700711,0.0863019,0.),(0.1704653,0.0861008,0.),(0.1704819,0.0861793,0.),(0.1700711,0.0863019,0.),(0.1704819,0.0861793,0.),(0.1705051,0.0862529,0.),(0.1700711,0.0863019,0.),(0.1705051,0.0862529,0.),(0.1705716,0.0863855,0.),(0.1700711,0.0863019,0.),(0.1705716,0.0863855,0.),(0.1706647,0.0864985,0.),(0.1700711,0.0863019,0.),(0.1706647,0.0864985,0.),(0.1707599,0.0865772,0.),(0.1700711,0.0863019,0.),(0.1707599,0.0865772,0.),(0.1708584,0.0866334,0.),(0.1715250,0.0869854,0.),(0.1700711,0.0863019,0.),(0.1708584,0.0866334,0.),(0.1715250,0.0869854,0.),(0.1708584,0.0866334,0.),(0.1709600,0.0866671,0.),(0.1715250,0.0869854,0.),(0.1709600,0.0866671,0.),(0.1710647,0.0866784,0.),(0.1715250,0.0869854,0.),(0.1710647,0.0866784,0.),(0.1711738,0.0866671,0.),(0.1715250,0.0869854,0.),(0.1711738,0.0866671,0.),(0.1712767,0.0866334,0.),(0.1715250,0.0869854,0.),(0.1712767,0.0866334,0.),(0.1713733,0.0865772,0.),(0.1715250,0.0869854,0.),(0.1713733,0.0865772,0.),(0.1714637,0.0864985,0.),(0.1715250,0.0869854,0.),(0.1714637,0.0864985,0.),(0.1715568,0.0863799,0.),(0.1715250,0.0869854,0.),(0.1715568,0.0863799,0.),(0.1716233,0.0862442,0.),(0.1715250,0.0869854,0.),(0.1716233,0.0862442,0.),(0.1716632,0.0860915,0.),(0.1720987,0.0840991,0.),(0.1715250,0.0869854,0.),(0.1716632,0.0860915,0.),(0.1720987,0.0840991,0.),(0.1716632,0.0860915,0.),(0.1716731,0.0860087,0.),(0.1720987,0.0840991,0.),(0.1716731,0.0860087,0.),(0.1716765,0.0859217,0.),(0.1720987,0.0840991,0.),(0.1716765,0.0859217,0.),(0.1716765,0.0842315,0.),(0.1720987,0.0840991,0.),(0.1716765,0.0842315,0.),(0.1716731,0.0841419,0.),(0.1720987,0.0840991,0.),(0.1716731,0.0841419,0.),(0.1716632,0.0840571,0.),(0.1720987,0.0840991,0.),(0.1716632,0.0840571,0.),(0.1716465,0.0839772,0.),(0.1720987,0.0840991,0.),(0.1716465,0.0839772,0.),(0.1716233,0.0839021,0.),(0.1720987,0.0840991,0.),(0.1716233,0.0839021,0.),(0.1715568,0.0837666,0.),(0.1720987,0.0840991,0.),(0.1715568,0.0837666,0.),(0.1714637,0.0836505,0.),(0.1720987,0.0840991,0.),(0.1714637,0.0836505,0.),(0.1713725,0.0835727,0.),(0.1707583,0.0835703,0.),(0.1706668,0.0836462,0.),(0.1703631,0.0833499,0.),(0.1708552,0.0835161,0.),(0.1707583,0.0835703,0.),(0.1703631,0.0833499,0.),(0.1709573,0.0834835,0.),(0.1708552,0.0835161,0.),(0.1703631,0.0833499,0.),(0.1710647,0.0834727,0.),(0.1709573,0.0834835,0.),(0.1703631,0.0833499,0.),(0.1711730,0.0834838,0.),(0.1710647,0.0834727,0.),(0.1703631,0.0833499,0.),(0.1711730,0.0834838,0.),(0.1703631,0.0833499,0.),(0.1704399,0.0832792,0.),(0.1711730,0.0834838,0.),(0.1704399,0.0832792,0.),(0.1705198,0.0832180,0.),(0.1712756,0.0835171,0.),(0.1711730,0.0834838,0.),(0.1705198,0.0832180,0.),(0.1712756,0.0835171,0.),(0.1705198,0.0832180,0.),(0.1706025,0.0831661,0.),(0.1712756,0.0835171,0.),(0.1706025,0.0831661,0.),(0.1706882,0.0831237,0.),(0.1713725,0.0835727,0.),(0.1712756,0.0835171,0.),(0.1706882,0.0831237,0.),(0.1713725,0.0835727,0.),(0.1706882,0.0831237,0.),(0.1707769,0.0830907,0.),(0.1720987,0.0840991,0.),(0.1713725,0.0835727,0.),(0.1707769,0.0830907,0.),(0.1720987,0.0840991,0.),(0.1707769,0.0830907,0.),(0.1708685,0.0830671,0.),(0.1720987,0.0840991,0.),(0.1708685,0.0830671,0.),(0.1709630,0.0830530,0.),(0.1720987,0.0840991,0.),(0.1709630,0.0830530,0.),(0.1710605,0.0830483,0.),(0.1720987,0.0840991,0.),(0.1710605,0.0830483,0.),(0.1711597,0.0830529,0.),(0.1720987,0.0840991,0.),(0.1711597,0.0830529,0.),(0.1712556,0.0830668,0.),(0.1720987,0.0840991,0.),(0.1712556,0.0830668,0.),(0.1713482,0.0830900,0.),(0.1720987,0.0840991,0.),(0.1713482,0.0830900,0.),(0.1714375,0.0831224,0.),(0.1720987,0.0840991,0.),(0.1714375,0.0831224,0.),(0.1715236,0.0831640,0.),(0.1720987,0.0840991,0.),(0.1715236,0.0831640,0.),(0.1716064,0.0832150,0.),(0.1720987,0.0840991,0.),(0.1716064,0.0832150,0.),(0.1716859,0.0832752,0.),(0.1720987,0.0840991,0.),(0.1716859,0.0832752,0.),(0.1717622,0.0833446,0.),(0.1720987,0.0840991,0.),(0.1717622,0.0833446,0.),(0.1718423,0.0834340,0.),(0.1720987,0.0840991,0.),(0.1718423,0.0834340,0.),(0.1719117,0.0835294,0.),(0.1720987,0.0840991,0.),(0.1719117,0.0835294,0.),(0.1719705,0.0836311,0.),(0.1720987,0.0840991,0.),(0.1719705,0.0836311,0.),(0.1720186,0.0837388,0.),(0.1720987,0.0840991,0.),(0.1720186,0.0837388,0.),(0.1720559,0.0838528,0.),(0.1720987,0.0840991,0.),(0.1720559,0.0838528,0.),(0.1720827,0.0839729,0.),(0.1783979,0.0841065,0.),(0.1784032,0.0842410,0.),(0.1784019,0.0843443,0.),(0.1783979,0.0841065,0.),(0.1784019,0.0843443,0.),(0.1783981,0.0844436,0.),(0.1783979,0.0841065,0.),(0.1783981,0.0844436,0.),(0.1783916,0.0845387,0.),(0.1783979,0.0841065,0.),(0.1783916,0.0845387,0.),(0.1783826,0.0846299,0.),(0.1783979,0.0841065,0.),(0.1783826,0.0846299,0.),(0.1783710,0.0847170,0.),(0.1783979,0.0841065,0.),(0.1783710,0.0847170,0.),(0.1783568,0.0848001,0.),(0.1783979,0.0841065,0.),(0.1783568,0.0848001,0.),(0.1783400,0.0848791,0.),(0.1783979,0.0841065,0.),(0.1783400,0.0848791,0.),(0.1783207,0.0849541,0.),(0.1783979,0.0841065,0.),(0.1783207,0.0849541,0.),(0.1782742,0.0850919,0.),(0.1783979,0.0841065,0.),(0.1782742,0.0850919,0.),(0.1782175,0.0852136,0.),(0.1783979,0.0841065,0.),(0.1782175,0.0852136,0.),(0.1781504,0.0853191,0.),(0.1783979,0.0841065,0.),(0.1781504,0.0853191,0.),(0.1780730,0.0854084,0.),(0.1783979,0.0841065,0.),(0.1780730,0.0854084,0.),(0.1779935,0.0854778,0.),(0.1783979,0.0841065,0.),(0.1779935,0.0854778,0.),(0.1779117,0.0855380,0.),(0.1783979,0.0841065,0.),(0.1779117,0.0855380,0.),(0.1778275,0.0855889,0.),(0.1783979,0.0841065,0.),(0.1778275,0.0855889,0.),(0.1777410,0.0856306,0.),(0.1783979,0.0841065,0.),(0.1777410,0.0856306,0.),(0.1776521,0.0856630,0.),(0.1783979,0.0841065,0.),(0.1776521,0.0856630,0.),(0.1775609,0.0856862,0.),(0.1783979,0.0841065,0.),(0.1775609,0.0856862,0.),(0.1774673,0.0857001,0.),(0.1774673,0.0857001,0.),(0.1773713,0.0857047,0.),(0.1772827,0.0857011,0.),(0.1774673,0.0857001,0.),(0.1772827,0.0857011,0.),(0.1771972,0.0856905,0.),(0.1774673,0.0857001,0.),(0.1771972,0.0856905,0.),(0.1771150,0.0856727,0.),(0.1774673,0.0857001,0.),(0.1771150,0.0856727,0.),(0.1770359,0.0856478,0.),(0.1774673,0.0857001,0.),(0.1770359,0.0856478,0.),(0.1769599,0.0856158,0.),(0.1774673,0.0857001,0.),(0.1769599,0.0856158,0.),(0.1768872,0.0855767,0.),(0.1774673,0.0857001,0.),(0.1768872,0.0855767,0.),(0.1768176,0.0855305,0.),(0.1774673,0.0857001,0.),(0.1768176,0.0855305,0.),(0.1767512,0.0854772,0.),(0.1778621,0.0863781,0.),(0.1779291,0.0862392,0.),(0.1780122,0.0861439,0.),(0.1778621,0.0863781,0.),(0.1780122,0.0861439,0.),(0.1781281,0.0860910,0.),(0.1777672,0.0864985,0.),(0.1778621,0.0863781,0.),(0.1781281,0.0860910,0.),(0.1777672,0.0864985,0.),(0.1781281,0.0860910,0.),(0.1782041,0.0861225,0.),(0.1777672,0.0864985,0.),(0.1782041,0.0861225,0.),(0.1782648,0.0861685,0.),(0.1776741,0.0865772,0.),(0.1777672,0.0864985,0.),(0.1782648,0.0861685,0.),(0.1776741,0.0865772,0.),(0.1782648,0.0861685,0.),(0.1783408,0.0863037,0.),(0.1775759,0.0866334,0.),(0.1776741,0.0865772,0.),(0.1783408,0.0863037,0.),(0.1775759,0.0866334,0.),(0.1783408,0.0863037,0.),(0.1783344,0.0863778,0.),(0.1775759,0.0866334,0.),(0.1783344,0.0863778,0.),(0.1782853,0.0864946,0.),(0.1774725,0.0866671,0.),(0.1775759,0.0866334,0.),(0.1782853,0.0864946,0.),(0.1774725,0.0866671,0.),(0.1782853,0.0864946,0.),(0.1782238,0.0866038,0.),(0.1773639,0.0866784,0.),(0.1774725,0.0866671,0.),(0.1782238,0.0866038,0.),(0.1773639,0.0866784,0.),(0.1782238,0.0866038,0.),(0.1781499,0.0867052,0.),(0.1773639,0.0866784,0.),(0.1781499,0.0867052,0.),(0.1780635,0.0867990,0.),(0.1772686,0.0866664,0.),(0.1773639,0.0866784,0.),(0.1780635,0.0867990,0.),(0.1772686,0.0866664,0.),(0.1780635,0.0867990,0.),(0.1779868,0.0868707,0.),(0.1772686,0.0866664,0.),(0.1779868,0.0868707,0.),(0.1779071,0.0869328,0.),(0.1771679,0.0866305,0.),(0.1772686,0.0866664,0.),(0.1779071,0.0869328,0.),(0.1771679,0.0866305,0.),(0.1779071,0.0869328,0.),(0.1778242,0.0869854,0.),(0.1771679,0.0866305,0.),(0.1778242,0.0869854,0.),(0.1777383,0.0870284,0.),(0.1770617,0.0865706,0.),(0.1771679,0.0866305,0.),(0.1777383,0.0870284,0.),(0.1770617,0.0865706,0.),(0.1777383,0.0870284,0.),(0.1776493,0.0870619,0.),(0.1769501,0.0864868,0.),(0.1770617,0.0865706,0.),(0.1776493,0.0870619,0.),(0.1769501,0.0864868,0.),(0.1776493,0.0870619,0.),(0.1775573,0.0870858,0.),(0.1769501,0.0864868,0.),(0.1775573,0.0870858,0.),(0.1774621,0.0871001,0.),(0.1768631,0.0863905,0.),(0.1769501,0.0864868,0.),(0.1774621,0.0871001,0.),(0.1768631,0.0863905,0.),(0.1774621,0.0871001,0.),(0.1773639,0.0871049,0.),(0.1768631,0.0863905,0.),(0.1773639,0.0871049,0.),(0.1772788,0.0871003,0.),(0.1768631,0.0863905,0.),(0.1772788,0.0871003,0.),(0.1771933,0.0870865,0.),(0.1768009,0.0862635,0.),(0.1768631,0.0863905,0.),(0.1771933,0.0870865,0.),(0.1768009,0.0862635,0.),(0.1771933,0.0870865,0.),(0.1771074,0.0870635,0.),(0.1768009,0.0862635,0.),(0.1771074,0.0870635,0.),(0.1770210,0.0870313,0.),(0.1767791,0.0861885,0.),(0.1768009,0.0862635,0.),(0.1770210,0.0870313,0.),(0.1767791,0.0861885,0.),(0.1770210,0.0870313,0.),(0.1769343,0.0869900,0.),(0.1767791,0.0861885,0.),(0.1769343,0.0869900,0.),(0.1768472,0.0869394,0.),(0.1767636,0.0861058,0.),(0.1767791,0.0861885,0.),(0.1768472,0.0869394,0.),(0.1767543,0.0860155,0.),(0.1767636,0.0861058,0.),(0.1768472,0.0869394,0.),(0.1767543,0.0860155,0.),(0.1768472,0.0869394,0.),(0.1767597,0.0868796,0.),(0.1767512,0.0859174,0.),(0.1767543,0.0860155,0.),(0.1767597,0.0868796,0.),(0.1767512,0.0859174,0.),(0.1767597,0.0868796,0.),(0.1766718,0.0868107,0.),(0.1767512,0.0854772,0.),(0.1767512,0.0859174,0.),(0.1766718,0.0868107,0.),(0.1767512,0.0854772,0.),(0.1766718,0.0868107,0.),(0.1765899,0.0867341,0.),(0.1767512,0.0854772,0.),(0.1765899,0.0867341,0.),(0.1765190,0.0866480,0.),(0.1767512,0.0854772,0.),(0.1765190,0.0866480,0.),(0.1764590,0.0865522,0.),(0.1767512,0.0854772,0.),(0.1764590,0.0865522,0.),(0.1764098,0.0864469,0.),(0.1767512,0.0854772,0.),(0.1764098,0.0864469,0.),(0.1763717,0.0863318,0.),(0.1767512,0.0854772,0.),(0.1763717,0.0863318,0.),(0.1763444,0.0862072,0.),(0.1767512,0.0854772,0.),(0.1763444,0.0862072,0.),(0.1763280,0.0860730,0.),(0.1767512,0.0854772,0.),(0.1763280,0.0860730,0.),(0.1763225,0.0859291,0.),(0.1767512,0.0854772,0.),(0.1763225,0.0859291,0.),(0.1763225,0.0846093,0.),(0.1774673,0.0857001,0.),(0.1767512,0.0854772,0.),(0.1763225,0.0846093,0.),(0.1763225,0.0846093,0.),(0.1767184,0.0846157,0.),(0.1767338,0.0847410,0.),(0.1763225,0.0846093,0.),(0.1767338,0.0847410,0.),(0.1767803,0.0848639,0.),(0.1763225,0.0846093,0.),(0.1767803,0.0848639,0.),(0.1768577,0.0849844,0.),(0.1774673,0.0857001,0.),(0.1763225,0.0846093,0.),(0.1768577,0.0849844,0.),(0.1774673,0.0857001,0.),(0.1768577,0.0849844,0.),(0.1769660,0.0851025,0.),(0.1774673,0.0857001,0.),(0.1769660,0.0851025,0.),(0.1770616,0.0851803,0.),(0.1774673,0.0857001,0.),(0.1770616,0.0851803,0.),(0.1771610,0.0852359,0.),(0.1774673,0.0857001,0.),(0.1771610,0.0852359,0.),(0.1772643,0.0852692,0.),(0.1774673,0.0857001,0.),(0.1772643,0.0852692,0.),(0.1773713,0.0852803,0.),(0.1774673,0.0857001,0.),(0.1773713,0.0852803,0.),(0.1774770,0.0852692,0.),(0.1774673,0.0857001,0.),(0.1774770,0.0852692,0.),(0.1775793,0.0852359,0.),(0.1774673,0.0857001,0.),(0.1775793,0.0852359,0.),(0.1776781,0.0851803,0.),(0.1774673,0.0857001,0.),(0.1776781,0.0851803,0.),(0.1777735,0.0851025,0.),(0.1774673,0.0857001,0.),(0.1777735,0.0851025,0.),(0.1778619,0.0849739,0.),(0.1783979,0.0841065,0.),(0.1774673,0.0857001,0.),(0.1778619,0.0849739,0.),(0.1783979,0.0841065,0.),(0.1778619,0.0849739,0.),(0.1778967,0.0848878,0.),(0.1783979,0.0841065,0.),(0.1778967,0.0848878,0.),(0.1779251,0.0847871,0.),(0.1783979,0.0841065,0.),(0.1779251,0.0847871,0.),(0.1779472,0.0846719,0.),(0.1783979,0.0841065,0.),(0.1779472,0.0846719,0.),(0.1779630,0.0845421,0.),(0.1783979,0.0841065,0.),(0.1779630,0.0845421,0.),(0.1779725,0.0843978,0.),(0.1783979,0.0841065,0.),(0.1779725,0.0843978,0.),(0.1779757,0.0842389,0.),(0.1783979,0.0841065,0.),(0.1779757,0.0842389,0.),(0.1779723,0.0841475,0.),(0.1783979,0.0841065,0.),(0.1779723,0.0841475,0.),(0.1779622,0.0840610,0.),(0.1783979,0.0841065,0.),(0.1779622,0.0840610,0.),(0.1779453,0.0839795,0.),(0.1783979,0.0841065,0.),(0.1779453,0.0839795,0.),(0.1779217,0.0839029,0.),(0.1783979,0.0841065,0.),(0.1779217,0.0839029,0.),(0.1778542,0.0837646,0.),(0.1783979,0.0841065,0.),(0.1778542,0.0837646,0.),(0.1777598,0.0836462,0.),(0.1783979,0.0841065,0.),(0.1777598,0.0836462,0.),(0.1776685,0.0835703,0.),(0.1767193,0.0845255,0.),(0.1767184,0.0846157,0.),(0.1763225,0.0846093,0.),(0.1767221,0.0844393,0.),(0.1767193,0.0845255,0.),(0.1763225,0.0846093,0.),(0.1767332,0.0842789,0.),(0.1767221,0.0844393,0.),(0.1763225,0.0846093,0.),(0.1767518,0.0841345,0.),(0.1767332,0.0842789,0.),(0.1763225,0.0846093,0.),(0.1767779,0.0840061,0.),(0.1767518,0.0841345,0.),(0.1763225,0.0846093,0.),(0.1768114,0.0838937,0.),(0.1767779,0.0840061,0.),(0.1763225,0.0846093,0.),(0.1768523,0.0837973,0.),(0.1768114,0.0838937,0.),(0.1763225,0.0846093,0.),(0.1769007,0.0837170,0.),(0.1768523,0.0837973,0.),(0.1763225,0.0846093,0.),(0.1769007,0.0837170,0.),(0.1763225,0.0846093,0.),(0.1763239,0.0844936,0.),(0.1769007,0.0837170,0.),(0.1763239,0.0844936,0.),(0.1763279,0.0843828,0.),(0.1769007,0.0837170,0.),(0.1763279,0.0843828,0.),(0.1763346,0.0842769,0.),(0.1769565,0.0836526,0.),(0.1769007,0.0837170,0.),(0.1763346,0.0842769,0.),(0.1769565,0.0836526,0.),(0.1763346,0.0842769,0.),(0.1763440,0.0841759,0.),(0.1769565,0.0836526,0.),(0.1763440,0.0841759,0.),(0.1763560,0.0840797,0.),(0.1770535,0.0835739,0.),(0.1769565,0.0836526,0.),(0.1763560,0.0840797,0.),(0.1770535,0.0835739,0.),(0.1763560,0.0840797,0.),(0.1763708,0.0839885,0.),(0.1770535,0.0835739,0.),(0.1763708,0.0839885,0.),(0.1763882,0.0839021,0.),(0.1771541,0.0835177,0.),(0.1770535,0.0835739,0.),(0.1763882,0.0839021,0.),(0.1771541,0.0835177,0.),(0.1763882,0.0839021,0.),(0.1764083,0.0838206,0.),(0.1771541,0.0835177,0.),(0.1764083,0.0838206,0.),(0.1764310,0.0837440,0.),(0.1772583,0.0834839,0.),(0.1771541,0.0835177,0.),(0.1764310,0.0837440,0.),(0.1772583,0.0834839,0.),(0.1764310,0.0837440,0.),(0.1764565,0.0836723,0.),(0.1772583,0.0834839,0.),(0.1764565,0.0836723,0.),(0.1765154,0.0835435,0.),(0.1773661,0.0834727,0.),(0.1772583,0.0834839,0.),(0.1765154,0.0835435,0.),(0.1773661,0.0834727,0.),(0.1765154,0.0835435,0.),(0.1765851,0.0834343,0.),(0.1773661,0.0834727,0.),(0.1765851,0.0834343,0.),(0.1766654,0.0833446,0.),(0.1774716,0.0834835,0.),(0.1773661,0.0834727,0.),(0.1766654,0.0833446,0.),(0.1774716,0.0834835,0.),(0.1766654,0.0833446,0.),(0.1767448,0.0832752,0.),(0.1774716,0.0834835,0.),(0.1767448,0.0832752,0.),(0.1768268,0.0832150,0.),(0.1775724,0.0835161,0.),(0.1774716,0.0834835,0.),(0.1768268,0.0832150,0.),(0.1775724,0.0835161,0.),(0.1768268,0.0832150,0.),(0.1769114,0.0831640,0.),(0.1775724,0.0835161,0.),(0.1769114,0.0831640,0.),(0.1769985,0.0831224,0.),(0.1776685,0.0835703,0.),(0.1775724,0.0835161,0.),(0.1769985,0.0831224,0.),(0.1776685,0.0835703,0.),(0.1769985,0.0831224,0.),(0.1770884,0.0830900,0.),(0.1783979,0.0841065,0.),(0.1776685,0.0835703,0.),(0.1770884,0.0830900,0.),(0.1783979,0.0841065,0.),(0.1770884,0.0830900,0.),(0.1771808,0.0830668,0.),(0.1783979,0.0841065,0.),(0.1771808,0.0830668,0.),(0.1772758,0.0830529,0.),(0.1783979,0.0841065,0.),(0.1772758,0.0830529,0.),(0.1773735,0.0830483,0.),(0.1783979,0.0841065,0.),(0.1773735,0.0830483,0.),(0.1774687,0.0830530,0.),(0.1783979,0.0841065,0.),(0.1774687,0.0830530,0.),(0.1775613,0.0830671,0.),(0.1783979,0.0841065,0.),(0.1775613,0.0830671,0.),(0.1776513,0.0830907,0.),(0.1783979,0.0841065,0.),(0.1776513,0.0830907,0.),(0.1777386,0.0831237,0.),(0.1783979,0.0841065,0.),(0.1777386,0.0831237,0.),(0.1778233,0.0831661,0.),(0.1783979,0.0841065,0.),(0.1778233,0.0831661,0.),(0.1779053,0.0832180,0.),(0.1783979,0.0841065,0.),(0.1779053,0.0832180,0.),(0.1779846,0.0832792,0.),(0.1783979,0.0841065,0.),(0.1779846,0.0832792,0.),(0.1780614,0.0833499,0.),(0.1783979,0.0841065,0.),(0.1780614,0.0833499,0.),(0.1781415,0.0834382,0.),(0.1783979,0.0841065,0.),(0.1781415,0.0834382,0.),(0.1782109,0.0835330,0.),(0.1783979,0.0841065,0.),(0.1782109,0.0835330,0.),(0.1782697,0.0836345,0.),(0.1783979,0.0841065,0.),(0.1782697,0.0836345,0.),(0.1783178,0.0837426,0.),(0.1783979,0.0841065,0.),(0.1783178,0.0837426,0.),(0.1783551,0.0838573,0.),(0.1783979,0.0841065,0.),(0.1783551,0.0838573,0.),(0.1783819,0.0839786,0.),(0.1790710,0.0839680,0.),(0.1790731,0.0839193,0.),(0.1790971,0.0838272,0.),(0.1790710,0.0839680,0.),(0.1790971,0.0838272,0.),(0.1791249,0.0837409,0.),(0.1790710,0.0839680,0.),(0.1791249,0.0837409,0.),(0.1791567,0.0836604,0.),(0.1790710,0.0839680,0.),(0.1791567,0.0836604,0.),(0.1791925,0.0835857,0.),(0.1790710,0.0839680,0.),(0.1791925,0.0835857,0.),(0.1792321,0.0835167,0.),(0.1790710,0.0839680,0.),(0.1792321,0.0835167,0.),(0.1792758,0.0834536,0.),(0.1790710,0.0839680,0.),(0.1792758,0.0834536,0.),(0.1793748,0.0833446,0.),(0.1790710,0.0839680,0.),(0.1793748,0.0833446,0.),(0.1794557,0.0832752,0.),(0.1790710,0.0839680,0.),(0.1794557,0.0832752,0.),(0.1795389,0.0832150,0.),(0.1790710,0.0839680,0.),(0.1795389,0.0832150,0.),(0.1796242,0.0831640,0.),(0.1790710,0.0839680,0.),(0.1796242,0.0831640,0.),(0.1797116,0.0831224,0.),(0.1790710,0.0839680,0.),(0.1797116,0.0831224,0.),(0.1798012,0.0830900,0.),(0.1790710,0.0839680,0.),(0.1798012,0.0830900,0.),(0.1798929,0.0830668,0.),(0.1790710,0.0839680,0.),(0.1798929,0.0830668,0.),(0.1799868,0.0830529,0.),(0.1790710,0.0839680,0.),(0.1799868,0.0830529,0.),(0.1800828,0.0830483,0.),(0.1790710,0.0839680,0.),(0.1800828,0.0830483,0.),(0.1801780,0.0830530,0.),(0.1790710,0.0839680,0.),(0.1801780,0.0830530,0.),(0.1802706,0.0830671,0.),(0.1790710,0.0839680,0.),(0.1802706,0.0830671,0.),(0.1803606,0.0830907,0.),(0.1790710,0.0839680,0.),(0.1803606,0.0830907,0.),(0.1804479,0.0831237,0.),(0.1804479,0.0831237,0.),(0.1805326,0.0831661,0.),(0.1806146,0.0832180,0.),(0.1804479,0.0831237,0.),(0.1806146,0.0832180,0.),(0.1806940,0.0832792,0.),(0.1804479,0.0831237,0.),(0.1806940,0.0832792,0.),(0.1807707,0.0833499,0.),(0.1804479,0.0831237,0.),(0.1807707,0.0833499,0.),(0.1808508,0.0834382,0.),(0.1804479,0.0831237,0.),(0.1808508,0.0834382,0.),(0.1809203,0.0835330,0.),(0.1804479,0.0831237,0.),(0.1809203,0.0835330,0.),(0.1809790,0.0836345,0.),(0.1804479,0.0831237,0.),(0.1809790,0.0836345,0.),(0.1810271,0.0837426,0.),(0.1804479,0.0831237,0.),(0.1810271,0.0837426,0.),(0.1810645,0.0838573,0.),(0.1804479,0.0831237,0.),(0.1810645,0.0838573,0.),(0.1810912,0.0839786,0.),(0.1804479,0.0831237,0.),(0.1810912,0.0839786,0.),(0.1811072,0.0841065,0.),(0.1804479,0.0831237,0.),(0.1811072,0.0841065,0.),(0.1811126,0.0842410,0.),(0.1804479,0.0831237,0.),(0.1811126,0.0842410,0.),(0.1811113,0.0843443,0.),(0.1804479,0.0831237,0.),(0.1811113,0.0843443,0.),(0.1811074,0.0844436,0.),(0.1804479,0.0831237,0.),(0.1811074,0.0844436,0.),(0.1811009,0.0845387,0.),(0.1804479,0.0831237,0.),(0.1811009,0.0845387,0.),(0.1810919,0.0846299,0.),(0.1804479,0.0831237,0.),(0.1810919,0.0846299,0.),(0.1810803,0.0847170,0.),(0.1804479,0.0831237,0.),(0.1810803,0.0847170,0.),(0.1810661,0.0848001,0.),(0.1804479,0.0831237,0.),(0.1810661,0.0848001,0.),(0.1810494,0.0848791,0.),(0.1804479,0.0831237,0.),(0.1810494,0.0848791,0.),(0.1810300,0.0849541,0.),(0.1804479,0.0831237,0.),(0.1810300,0.0849541,0.),(0.1809836,0.0850919,0.),(0.1809836,0.0850919,0.),(0.1809268,0.0852136,0.),(0.1808597,0.0853191,0.),(0.1809836,0.0850919,0.),(0.1808597,0.0853191,0.),(0.1807824,0.0854084,0.),(0.1809836,0.0850919,0.),(0.1807824,0.0854084,0.),(0.1807029,0.0854778,0.),(0.1809836,0.0850919,0.),(0.1807029,0.0854778,0.),(0.1806210,0.0855380,0.),(0.1809836,0.0850919,0.),(0.1806210,0.0855380,0.),(0.1805368,0.0855889,0.),(0.1809836,0.0850919,0.),(0.1805368,0.0855889,0.),(0.1804503,0.0856306,0.),(0.1809836,0.0850919,0.),(0.1804503,0.0856306,0.),(0.1803614,0.0856630,0.),(0.1809836,0.0850919,0.),(0.1803614,0.0856630,0.),(0.1802702,0.0856862,0.),(0.1809836,0.0850919,0.),(0.1802702,0.0856862,0.),(0.1801766,0.0857001,0.),(0.1809836,0.0850919,0.),(0.1801766,0.0857001,0.),(0.1800807,0.0857047,0.),(0.1809836,0.0850919,0.),(0.1800807,0.0857047,0.),(0.1799954,0.0857014,0.),(0.1809836,0.0850919,0.),(0.1799954,0.0857014,0.),(0.1799130,0.0856917,0.),(0.1809836,0.0850919,0.),(0.1799130,0.0856917,0.),(0.1798336,0.0856754,0.),(0.1809836,0.0850919,0.),(0.1798336,0.0856754,0.),(0.1797571,0.0856526,0.),(0.1809836,0.0850919,0.),(0.1797571,0.0856526,0.),(0.1796130,0.0855874,0.),(0.1809836,0.0850919,0.),(0.1796130,0.0855874,0.),(0.1794806,0.0854962,0.),(0.1795229,0.0866741,0.),(0.1807982,0.0866741,0.),(0.1808797,0.0866900,0.),(0.1795229,0.0866741,0.),(0.1808797,0.0866900,0.),(0.1809485,0.0867376,0.),(0.1795229,0.0866741,0.),(0.1809485,0.0867376,0.),(0.1809953,0.0868070,0.),(0.1795229,0.0866741,0.),(0.1809953,0.0868070,0.),(0.1810110,0.0868879,0.),(0.1795229,0.0866741,0.),(0.1810110,0.0868879,0.),(0.1809953,0.0869686,0.),(0.1795229,0.0866741,0.),(0.1809953,0.0869686,0.),(0.1809485,0.0870371,0.),(0.1795229,0.0866741,0.),(0.1809485,0.0870371,0.),(0.1808797,0.0870848,0.),(0.1795229,0.0866741,0.),(0.1808797,0.0870848,0.),(0.1807982,0.0871006,0.),(0.1795229,0.0866741,0.),(0.1807982,0.0871006,0.),(0.1793261,0.0871006,0.),(0.1794806,0.0854962,0.),(0.1795229,0.0866741,0.),(0.1793261,0.0871006,0.),(0.1794806,0.0854962,0.),(0.1793261,0.0871006,0.),(0.1792457,0.0870866,0.),(0.1794806,0.0854962,0.),(0.1792457,0.0870866,0.),(0.1791758,0.0870446,0.),(0.1794806,0.0854962,0.),(0.1791758,0.0870446,0.),(0.1791282,0.0869795,0.),(0.1794806,0.0854962,0.),(0.1791282,0.0869795,0.),(0.1791123,0.0869006,0.),(0.1794806,0.0854962,0.),(0.1791123,0.0869006,0.),(0.1790319,0.0848358,0.),(0.1794806,0.0854962,0.),(0.1790319,0.0848358,0.),(0.1790451,0.0847564,0.),(0.1794806,0.0854962,0.),(0.1790451,0.0847564,0.),(0.1790848,0.0846855,0.),(0.1794806,0.0854962,0.),(0.1790848,0.0846855,0.),(0.1791499,0.0846316,0.),(0.1794806,0.0854962,0.),(0.1791499,0.0846316,0.),(0.1792330,0.0846136,0.),(0.1794806,0.0854962,0.),(0.1792330,0.0846136,0.),(0.1793142,0.0846271,0.),(0.1794806,0.0854962,0.),(0.1793142,0.0846271,0.),(0.1793864,0.0846675,0.),(0.1794806,0.0854962,0.),(0.1793864,0.0846675,0.),(0.1794489,0.0847691,0.),(0.1794806,0.0854962,0.),(0.1794489,0.0847691,0.),(0.1794829,0.0848543,0.),(0.1794806,0.0854962,0.),(0.1794829,0.0848543,0.),(0.1795319,0.0849382,0.),(0.1794806,0.0854962,0.),(0.1795319,0.0849382,0.),(0.1795961,0.0850210,0.),(0.1794806,0.0854962,0.),(0.1795961,0.0850210,0.),(0.1796753,0.0851025,0.),(0.1794806,0.0854962,0.),(0.1796753,0.0851025,0.),(0.1797709,0.0851803,0.),(0.1794806,0.0854962,0.),(0.1797709,0.0851803,0.),(0.1798703,0.0852359,0.),(0.1794806,0.0854962,0.),(0.1798703,0.0852359,0.),(0.1799736,0.0852692,0.),(0.1794806,0.0854962,0.),(0.1799736,0.0852692,0.),(0.1800807,0.0852803,0.),(0.1794806,0.0854962,0.),(0.1800807,0.0852803,0.),(0.1801872,0.0852692,0.),(0.1809836,0.0850919,0.),(0.1794806,0.0854962,0.),(0.1801872,0.0852692,0.),(0.1809836,0.0850919,0.),(0.1801872,0.0852692,0.),(0.1802897,0.0852359,0.),(0.1809836,0.0850919,0.),(0.1802897,0.0852359,0.),(0.1803883,0.0851803,0.),(0.1809836,0.0850919,0.),(0.1803883,0.0851803,0.),(0.1804828,0.0851025,0.),(0.1809836,0.0850919,0.),(0.1804828,0.0851025,0.),(0.1805731,0.0849739,0.),(0.1809836,0.0850919,0.),(0.1805731,0.0849739,0.),(0.1806086,0.0848878,0.),(0.1809836,0.0850919,0.),(0.1806086,0.0848878,0.),(0.1806376,0.0847871,0.),(0.1809836,0.0850919,0.),(0.1806376,0.0847871,0.),(0.1806602,0.0846719,0.),(0.1809836,0.0850919,0.),(0.1806602,0.0846719,0.),(0.1806763,0.0845421,0.),(0.1809836,0.0850919,0.),(0.1806763,0.0845421,0.),(0.1806860,0.0843978,0.),(0.1809836,0.0850919,0.),(0.1806860,0.0843978,0.),(0.1806892,0.0842389,0.),(0.1809836,0.0850919,0.),(0.1806892,0.0842389,0.),(0.1806858,0.0841475,0.),(0.1809836,0.0850919,0.),(0.1806858,0.0841475,0.),(0.1806755,0.0840610,0.),(0.1809836,0.0850919,0.),(0.1806755,0.0840610,0.),(0.1806583,0.0839795,0.),(0.1804479,0.0831237,0.),(0.1809836,0.0850919,0.),(0.1806583,0.0839795,0.),(0.1804479,0.0831237,0.),(0.1806583,0.0839795,0.),(0.1806342,0.0839029,0.),(0.1804479,0.0831237,0.),(0.1806342,0.0839029,0.),(0.1805654,0.0837646,0.),(0.1804479,0.0831237,0.),(0.1805654,0.0837646,0.),(0.1804691,0.0836462,0.),(0.1804479,0.0831237,0.),(0.1804691,0.0836462,0.),(0.1803778,0.0835703,0.),(0.1804479,0.0831237,0.),(0.1803778,0.0835703,0.),(0.1802818,0.0835161,0.),(0.1804479,0.0831237,0.),(0.1802818,0.0835161,0.),(0.1801810,0.0834835,0.),(0.1804479,0.0831237,0.),(0.1801810,0.0834835,0.),(0.1800754,0.0834727,0.),(0.1804479,0.0831237,0.),(0.1800754,0.0834727,0.),(0.1799728,0.0834839,0.),(0.1804479,0.0831237,0.),(0.1799728,0.0834839,0.),(0.1798703,0.0835177,0.),(0.1804479,0.0831237,0.),(0.1798703,0.0835177,0.),(0.1797680,0.0835739,0.),(0.1790710,0.0839680,0.),(0.1804479,0.0831237,0.),(0.1797680,0.0835739,0.),(0.1790710,0.0839680,0.),(0.1797680,0.0835739,0.),(0.1796658,0.0836526,0.),(0.1790710,0.0839680,0.),(0.1796658,0.0836526,0.),(0.1795637,0.0837955,0.),(0.1790710,0.0839680,0.),(0.1795637,0.0837955,0.),(0.1795241,0.0838955,0.),(0.1790710,0.0839680,0.),(0.1795241,0.0838955,0.),(0.1794922,0.0840145,0.),(0.1790710,0.0839680,0.),(0.1794922,0.0840145,0.),(0.1794482,0.0840872,0.),(0.1790710,0.0839680,0.),(0.1794482,0.0840872,0.),(0.1793996,0.0841392,0.),(0.1790710,0.0839680,0.),(0.1793996,0.0841392,0.),(0.1792890,0.0841807,0.),(0.1790710,0.0839680,0.),(0.1792890,0.0841807,0.),(0.1792816,0.0841807,0.),(0.1790710,0.0839680,0.),(0.1792816,0.0841807,0.),(0.1792078,0.0841650,0.),(0.1790710,0.0839680,0.),(0.1792078,0.0841650,0.),(0.1791480,0.0841243,0.),(0.1725623,0.0830787,0.),(0.1726353,0.0829721,0.),(0.1727419,0.0828991,0.),(0.1725623,0.0830787,0.),(0.1727419,0.0828991,0.),(0.1728671,0.0828747,0.),(0.1725623,0.0830787,0.),(0.1728671,0.0828747,0.),(0.1729920,0.0828991,0.),(0.1725623,0.0830787,0.),(0.1729920,0.0828991,0.),(0.1730978,0.0829721,0.),(0.1725623,0.0830787,0.),(0.1730978,0.0829721,0.),(0.1731708,0.0830787,0.),(0.1725623,0.0830787,0.),(0.1731708,0.0830787,0.),(0.1731952,0.0832039,0.),(0.1725623,0.0830787,0.),(0.1731952,0.0832039,0.),(0.1731708,0.0833290,0.),(0.1725623,0.0830787,0.),(0.1731708,0.0833290,0.),(0.1730978,0.0834356,0.),(0.1725623,0.0830787,0.),(0.1730978,0.0834356,0.),(0.1729920,0.0835087,0.),(0.1725623,0.0830787,0.),(0.1729920,0.0835087,0.),(0.1728671,0.0835330,0.),(0.1725623,0.0830787,0.),(0.1728671,0.0835330,0.),(0.1727419,0.0835087,0.),(0.1725623,0.0830787,0.),(0.1727419,0.0835087,0.),(0.1726353,0.0834356,0.),(0.1725623,0.0830787,0.),(0.1726353,0.0834356,0.),(0.1725623,0.0833290,0.),(0.1725623,0.0830787,0.),(0.1725623,0.0833290,0.),(0.1725379,0.0832039,0.),(0.1915003,0.0848310,0.),(0.1928825,0.0830414,0.),(0.1929547,0.0829795,0.),(0.1915003,0.0848310,0.),(0.1929547,0.0829795,0.),(0.1930465,0.0829589,0.),(0.1915003,0.0848310,0.),(0.1930465,0.0829589,0.),(0.1931788,0.0830044,0.),(0.1915003,0.0848310,0.),(0.1931788,0.0830044,0.),(0.1932431,0.0830779,0.),(0.1915003,0.0848310,0.),(0.1932431,0.0830779,0.),(0.1932645,0.0831737,0.),(0.1915003,0.0848310,0.),(0.1932645,0.0831737,0.),(0.1932201,0.0833060,0.),(0.1915003,0.0848310,0.),(0.1932201,0.0833060,0.),(0.1920443,0.0848310,0.),(0.1920443,0.0848310,0.),(0.1921300,0.0848310,0.),(0.1922492,0.0848362,0.),(0.1915003,0.0848310,0.),(0.1920443,0.0848310,0.),(0.1922492,0.0848362,0.),(0.1906367,0.0848310,0.),(0.1915003,0.0848310,0.),(0.1922492,0.0848362,0.),(0.1906367,0.0848310,0.),(0.1922492,0.0848362,0.),(0.1923630,0.0848515,0.),(0.1906367,0.0848310,0.),(0.1923630,0.0848515,0.),(0.1924713,0.0848770,0.),(0.1906367,0.0848310,0.),(0.1924713,0.0848770,0.),(0.1925742,0.0849128,0.),(0.1906367,0.0848310,0.),(0.1925742,0.0849128,0.),(0.1926716,0.0849588,0.),(0.1906367,0.0848310,0.),(0.1926716,0.0849588,0.),(0.1927636,0.0850150,0.),(0.1906367,0.0848310,0.),(0.1927636,0.0850150,0.),(0.1928501,0.0850814,0.),(0.1906367,0.0848310,0.),(0.1928501,0.0850814,0.),(0.1929311,0.0851581,0.),(0.1906367,0.0848310,0.),(0.1929311,0.0851581,0.),(0.1930075,0.0852478,0.),(0.1906367,0.0848310,0.),(0.1930075,0.0852478,0.),(0.1930738,0.0853402,0.),(0.1906367,0.0848310,0.),(0.1930738,0.0853402,0.),(0.1931298,0.0854354,0.),(0.1931298,0.0854354,0.),(0.1931756,0.0855333,0.),(0.1927801,0.0856825,0.),(0.1931298,0.0854354,0.),(0.1927801,0.0856825,0.),(0.1927156,0.0855649,0.),(0.1931298,0.0854354,0.),(0.1927156,0.0855649,0.),(0.1926253,0.0854586,0.),(0.1931298,0.0854354,0.),(0.1926253,0.0854586,0.),(0.1925154,0.0853707,0.),(0.1931298,0.0854354,0.),(0.1925154,0.0853707,0.),(0.1923962,0.0853078,0.),(0.1931298,0.0854354,0.),(0.1923962,0.0853078,0.),(0.1922677,0.0852701,0.),(0.1906367,0.0848310,0.),(0.1931298,0.0854354,0.),(0.1922677,0.0852701,0.),(0.1906367,0.0848310,0.),(0.1922677,0.0852701,0.),(0.1921300,0.0852576,0.),(0.1906367,0.0848310,0.),(0.1921300,0.0852576,0.),(0.1906367,0.0852576,0.),(0.1928188,0.0858115,0.),(0.1927801,0.0856825,0.),(0.1931756,0.0855333,0.),(0.1928317,0.0859518,0.),(0.1928188,0.0858115,0.),(0.1931756,0.0855333,0.),(0.1928188,0.0860909,0.),(0.1928317,0.0859518,0.),(0.1931756,0.0855333,0.),(0.1927801,0.0862191,0.),(0.1928188,0.0860909,0.),(0.1931756,0.0855333,0.),(0.1927156,0.0863364,0.),(0.1927801,0.0862191,0.),(0.1931756,0.0855333,0.),(0.1927156,0.0863364,0.),(0.1931756,0.0855333,0.),(0.1932113,0.0856338,0.),(0.1927156,0.0863364,0.),(0.1932113,0.0856338,0.),(0.1932367,0.0857371,0.),(0.1926253,0.0864429,0.),(0.1927156,0.0863364,0.),(0.1932367,0.0857371,0.),(0.1926253,0.0864429,0.),(0.1932367,0.0857371,0.),(0.1932520,0.0858431,0.),(0.1926253,0.0864429,0.),(0.1932520,0.0858431,0.),(0.1932571,0.0859518,0.),(0.1925181,0.0865309,0.),(0.1926253,0.0864429,0.),(0.1932571,0.0859518,0.),(0.1925181,0.0865309,0.),(0.1932571,0.0859518,0.),(0.1932520,0.0860644,0.),(0.1925181,0.0865309,0.),(0.1932520,0.0860644,0.),(0.1932367,0.0861731,0.),(0.1924009,0.0865937,0.),(0.1925181,0.0865309,0.),(0.1932367,0.0861731,0.),(0.1924009,0.0865937,0.),(0.1932367,0.0861731,0.),(0.1932113,0.0862780,0.),(0.1924009,0.0865937,0.),(0.1932113,0.0862780,0.),(0.1931756,0.0863789,0.),(0.1922737,0.0866314,0.),(0.1924009,0.0865937,0.),(0.1931756,0.0863789,0.),(0.1922737,0.0866314,0.),(0.1931756,0.0863789,0.),(0.1931298,0.0864759,0.),(0.1922737,0.0866314,0.),(0.1931298,0.0864759,0.),(0.1930738,0.0865690,0.),(0.1921363,0.0866440,0.),(0.1922737,0.0866314,0.),(0.1930738,0.0865690,0.),(0.1921363,0.0866440,0.),(0.1930738,0.0865690,0.),(0.1930075,0.0866582,0.),(0.1906367,0.0866440,0.),(0.1921363,0.0866440,0.),(0.1930075,0.0866582,0.),(0.1906367,0.0866440,0.),(0.1930075,0.0866582,0.),(0.1929311,0.0867435,0.),(0.1906367,0.0866440,0.),(0.1929311,0.0867435,0.),(0.1928441,0.0868216,0.),(0.1906367,0.0866440,0.),(0.1928441,0.0868216,0.),(0.1927533,0.0868893,0.),(0.1906367,0.0866440,0.),(0.1927533,0.0868893,0.),(0.1926587,0.0869466,0.),(0.1906367,0.0866440,0.),(0.1926587,0.0869466,0.),(0.1925605,0.0869935,0.),(0.1906367,0.0866440,0.),(0.1925605,0.0869935,0.),(0.1924585,0.0870300,0.),(0.1906367,0.0866440,0.),(0.1924585,0.0870300,0.),(0.1923527,0.0870560,0.),(0.1906367,0.0866440,0.),(0.1923527,0.0870560,0.),(0.1922432,0.0870716,0.),(0.1906367,0.0866440,0.),(0.1922432,0.0870716,0.),(0.1921300,0.0870768,0.),(0.1906367,0.0866440,0.),(0.1921300,0.0870768,0.),(0.1904240,0.0870768,0.),(0.1906367,0.0852576,0.),(0.1906367,0.0866440,0.),(0.1904240,0.0870768,0.),(0.1906367,0.0848310,0.),(0.1906367,0.0852576,0.),(0.1904240,0.0870768,0.),(0.1906367,0.0848310,0.),(0.1904240,0.0870768,0.),(0.1903380,0.0870602,0.),(0.1906367,0.0848310,0.),(0.1903380,0.0870602,0.),(0.1902663,0.0870102,0.),(0.1906367,0.0848310,0.),(0.1902663,0.0870102,0.),(0.1902242,0.0869358,0.),(0.1906367,0.0848310,0.),(0.1902242,0.0869358,0.),(0.1902102,0.0868567,0.),(0.1906367,0.0848310,0.),(0.1902102,0.0868567,0.),(0.1902102,0.0832298,0.),(0.1906367,0.0848310,0.),(0.1902102,0.0832298,0.),(0.1902331,0.0831464,0.),(0.1906367,0.0848310,0.),(0.1902331,0.0831464,0.),(0.1902763,0.0830869,0.),(0.1906367,0.0848310,0.),(0.1902763,0.0830869,0.),(0.1904240,0.0830393,0.),(0.1906367,0.0848310,0.),(0.1904240,0.0830393,0.),(0.1904980,0.0830512,0.),(0.1906367,0.0848310,0.),(0.1904980,0.0830512,0.),(0.1905581,0.0830869,0.),(0.1906367,0.0848310,0.),(0.1905581,0.0830869,0.),(0.1906367,0.0832298,0.),(0.1892481,0.0848363,0.),(0.1892460,0.0832298,0.),(0.1892622,0.0831478,0.),(0.1892481,0.0848363,0.),(0.1892622,0.0831478,0.),(0.1893106,0.0830795,0.),(0.1892481,0.0848363,0.),(0.1893106,0.0830795,0.),(0.1893794,0.0830335,0.),(0.1892481,0.0848363,0.),(0.1893794,0.0830335,0.),(0.1894566,0.0830181,0.),(0.1892481,0.0848363,0.),(0.1894566,0.0830181,0.),(0.1895395,0.0830335,0.),(0.1892481,0.0848363,0.),(0.1895395,0.0830335,0.),(0.1896080,0.0830795,0.),(0.1892481,0.0848363,0.),(0.1896080,0.0830795,0.),(0.1896540,0.0831478,0.),(0.1892481,0.0848363,0.),(0.1896540,0.0831478,0.),(0.1896694,0.0832298,0.),(0.1892481,0.0848363,0.),(0.1896694,0.0832298,0.),(0.1896694,0.0868567,0.),(0.1892481,0.0848363,0.),(0.1896694,0.0868567,0.),(0.1896540,0.0869382,0.),(0.1892481,0.0848363,0.),(0.1896540,0.0869382,0.),(0.1896080,0.0870070,0.),(0.1892481,0.0848363,0.),(0.1896080,0.0870070,0.),(0.1895405,0.0870546,0.),(0.1892481,0.0848363,0.),(0.1895405,0.0870546,0.),(0.1894609,0.0870705,0.),(0.1892481,0.0848363,0.),(0.1894609,0.0870705,0.),(0.1893788,0.0870541,0.),(0.1892481,0.0848363,0.),(0.1893788,0.0870541,0.),(0.1893085,0.0870049,0.),(0.1892481,0.0848363,0.),(0.1893085,0.0870049,0.),(0.1892616,0.0869403,0.),(0.1892481,0.0848363,0.),(0.1892616,0.0869403,0.),(0.1892460,0.0868567,0.),(0.1892481,0.0848363,0.),(0.1892460,0.0868567,0.),(0.1892460,0.0852576,0.),(0.1870468,0.0848363,0.),(0.1892481,0.0848363,0.),(0.1892460,0.0852576,0.),(0.1870468,0.0848363,0.),(0.1892460,0.0852576,0.),(0.1870532,0.0852576,0.),(0.1870468,0.0848363,0.),(0.1870532,0.0852576,0.),(0.1870532,0.0868567,0.),(0.1870468,0.0848363,0.),(0.1870532,0.0868567,0.),(0.1870368,0.0869382,0.),(0.1870468,0.0848363,0.),(0.1870368,0.0869382,0.),(0.1869875,0.0870070,0.),(0.1870468,0.0848363,0.),(0.1869875,0.0870070,0.),(0.1869180,0.0870546,0.),(0.1870468,0.0848363,0.),(0.1869180,0.0870546,0.),(0.1868404,0.0870705,0.),(0.1870468,0.0848363,0.),(0.1868404,0.0870705,0.),(0.1867582,0.0870546,0.),(0.1870468,0.0848363,0.),(0.1867582,0.0870546,0.),(0.1866870,0.0870070,0.),(0.1870468,0.0848363,0.),(0.1866870,0.0870070,0.),(0.1866386,0.0869382,0.),(0.1870468,0.0848363,0.),(0.1866386,0.0869382,0.),(0.1866224,0.0868567,0.),(0.1870468,0.0848363,0.),(0.1866224,0.0868567,0.),(0.1866224,0.0832298,0.),(0.1870468,0.0848363,0.),(0.1866224,0.0832298,0.),(0.1866380,0.0831478,0.),(0.1870468,0.0848363,0.),(0.1866380,0.0831478,0.),(0.1866849,0.0830795,0.),(0.1870468,0.0848363,0.),(0.1866849,0.0830795,0.),(0.1867544,0.0830335,0.),(0.1870468,0.0848363,0.),(0.1867544,0.0830335,0.),(0.1868362,0.0830181,0.),(0.1870468,0.0848363,0.),(0.1868362,0.0830181,0.),(0.1869140,0.0830332,0.),(0.1870468,0.0848363,0.),(0.1869140,0.0830332,0.),(0.1869865,0.0830784,0.),(0.1870468,0.0848363,0.),(0.1869865,0.0830784,0.),(0.1870317,0.0831433,0.),(0.1870468,0.0848363,0.),(0.1870317,0.0831433,0.),(0.1870468,0.0832298,0.),(0.1942287,0.0845485,0.),(0.1942287,0.0868567,0.),(0.1942133,0.0869382,0.),(0.1942287,0.0845485,0.),(0.1942133,0.0869382,0.),(0.1941673,0.0870070,0.),(0.1942287,0.0845485,0.),(0.1941673,0.0870070,0.),(0.1940998,0.0870546,0.),(0.1942336,0.0844360,0.),(0.1942287,0.0845485,0.),(0.1940998,0.0870546,0.),(0.1942336,0.0844360,0.),(0.1940998,0.0870546,0.),(0.1940202,0.0870705,0.),(0.1942336,0.0844360,0.),(0.1940202,0.0870705,0.),(0.1939368,0.0870541,0.),(0.1942336,0.0844360,0.),(0.1939368,0.0870541,0.),(0.1938625,0.0870049,0.),(0.1942336,0.0844360,0.),(0.1938625,0.0870049,0.),(0.1938172,0.0869403,0.),(0.1942336,0.0844360,0.),(0.1938172,0.0869403,0.),(0.1938022,0.0868567,0.),(0.1942336,0.0844360,0.),(0.1938022,0.0868567,0.),(0.1938022,0.0845485,0.),(0.1942336,0.0844360,0.),(0.1938022,0.0845485,0.),(0.1938091,0.0843934,0.),(0.1942336,0.0844360,0.),(0.1938091,0.0843934,0.),(0.1938299,0.0842440,0.),(0.1942336,0.0844360,0.),(0.1938299,0.0842440,0.),(0.1938647,0.0841004,0.),(0.1942336,0.0844360,0.),(0.1938647,0.0841004,0.),(0.1939133,0.0839624,0.),(0.1942336,0.0844360,0.),(0.1939133,0.0839624,0.),(0.1939758,0.0838302,0.),(0.1942336,0.0844360,0.),(0.1939758,0.0838302,0.),(0.1940522,0.0837037,0.),(0.1942336,0.0844360,0.),(0.1940522,0.0837037,0.),(0.1941425,0.0835830,0.),(0.1942336,0.0844360,0.),(0.1941425,0.0835830,0.),(0.1942467,0.0834679,0.),(0.1942336,0.0844360,0.),(0.1942467,0.0834679,0.),(0.1943592,0.0833625,0.),(0.1943592,0.0833625,0.),(0.1944779,0.0832711,0.),(0.1946027,0.0831938,0.),(0.1943592,0.0833625,0.),(0.1946027,0.0831938,0.),(0.1947335,0.0831306,0.),(0.1943592,0.0833625,0.),(0.1947335,0.0831306,0.),(0.1948704,0.0830814,0.),(0.1943592,0.0833625,0.),(0.1948704,0.0830814,0.),(0.1950134,0.0830462,0.),(0.1943592,0.0833625,0.),(0.1950134,0.0830462,0.),(0.1951625,0.0830252,0.),(0.1943592,0.0833625,0.),(0.1951625,0.0830252,0.),(0.1953177,0.0830181,0.),(0.1943592,0.0833625,0.),(0.1953177,0.0830181,0.),(0.1954731,0.0830252,0.),(0.1943592,0.0833625,0.),(0.1954731,0.0830252,0.),(0.1956228,0.0830462,0.),(0.1943592,0.0833625,0.),(0.1956228,0.0830462,0.),(0.1957669,0.0830814,0.),(0.1943592,0.0833625,0.),(0.1957669,0.0830814,0.),(0.1959053,0.0831306,0.),(0.1943592,0.0833625,0.),(0.1959053,0.0831306,0.),(0.1960381,0.0831938,0.),(0.1943592,0.0833625,0.),(0.1960381,0.0831938,0.),(0.1961652,0.0832711,0.),(0.1943592,0.0833625,0.),(0.1961652,0.0832711,0.),(0.1962867,0.0833625,0.),(0.1943592,0.0833625,0.),(0.1962867,0.0833625,0.),(0.1964025,0.0834679,0.),(0.1964025,0.0834679,0.),(0.1965072,0.0835816,0.),(0.1965979,0.0837015,0.),(0.1964025,0.0834679,0.),(0.1965979,0.0837015,0.),(0.1966746,0.0838277,0.),(0.1964025,0.0834679,0.),(0.1966746,0.0838277,0.),(0.1967374,0.0839600,0.),(0.1964025,0.0834679,0.),(0.1967374,0.0839600,0.),(0.1967863,0.0840986,0.),(0.1964025,0.0834679,0.),(0.1967863,0.0840986,0.),(0.1968212,0.0842434,0.),(0.1964025,0.0834679,0.),(0.1968212,0.0842434,0.),(0.1968421,0.0843944,0.),(0.1964025,0.0834679,0.),(0.1968421,0.0843944,0.),(0.1968491,0.0845516,0.),(0.1964025,0.0834679,0.),(0.1968491,0.0845516,0.),(0.1968491,0.0868567,0.),(0.1964025,0.0834679,0.),(0.1968491,0.0868567,0.),(0.1968337,0.0869382,0.),(0.1964025,0.0834679,0.),(0.1968337,0.0869382,0.),(0.1967877,0.0870070,0.),(0.1964025,0.0834679,0.),(0.1967877,0.0870070,0.),(0.1967194,0.0870546,0.),(0.1964025,0.0834679,0.),(0.1967194,0.0870546,0.),(0.1966374,0.0870705,0.),(0.1964025,0.0834679,0.),(0.1966374,0.0870705,0.),(0.1965554,0.0870546,0.),(0.1964025,0.0834679,0.),(0.1965554,0.0870546,0.),(0.1964871,0.0870070,0.),(0.1964871,0.0870070,0.),(0.1964411,0.0869382,0.),(0.1964258,0.0868567,0.),(0.1964871,0.0870070,0.),(0.1964258,0.0868567,0.),(0.1964258,0.0845516,0.),(0.1964025,0.0834679,0.),(0.1964871,0.0870070,0.),(0.1964258,0.0845516,0.),(0.1964025,0.0834679,0.),(0.1964258,0.0845516,0.),(0.1964207,0.0844396,0.),(0.1964025,0.0834679,0.),(0.1964207,0.0844396,0.),(0.1964053,0.0843316,0.),(0.1964025,0.0834679,0.),(0.1964053,0.0843316,0.),(0.1963798,0.0842277,0.),(0.1964025,0.0834679,0.),(0.1963798,0.0842277,0.),(0.1963440,0.0841278,0.),(0.1964025,0.0834679,0.),(0.1963440,0.0841278,0.),(0.1962980,0.0840319,0.),(0.1964025,0.0834679,0.),(0.1962980,0.0840319,0.),(0.1962418,0.0839401,0.),(0.1964025,0.0834679,0.),(0.1962418,0.0839401,0.),(0.1961754,0.0838523,0.),(0.1964025,0.0834679,0.),(0.1961754,0.0838523,0.),(0.1960987,0.0837685,0.),(0.1964025,0.0834679,0.),(0.1960987,0.0837685,0.),(0.1960169,0.0836921,0.),(0.1964025,0.0834679,0.),(0.1960169,0.0836921,0.),(0.1959305,0.0836259,0.),(0.1964025,0.0834679,0.),(0.1959305,0.0836259,0.),(0.1958397,0.0835698,0.),(0.1964025,0.0834679,0.),(0.1958397,0.0835698,0.),(0.1957445,0.0835240,0.),(0.1964025,0.0834679,0.),(0.1957445,0.0835240,0.),(0.1956447,0.0834884,0.),(0.1964025,0.0834679,0.),(0.1956447,0.0834884,0.),(0.1955405,0.0834629,0.),(0.1964025,0.0834679,0.),(0.1955405,0.0834629,0.),(0.1954319,0.0834476,0.),(0.1943592,0.0833625,0.),(0.1964025,0.0834679,0.),(0.1954319,0.0834476,0.),(0.1943592,0.0833625,0.),(0.1954319,0.0834476,0.),(0.1953187,0.0834425,0.),(0.1943592,0.0833625,0.),(0.1953187,0.0834425,0.),(0.1952076,0.0834476,0.),(0.1943592,0.0833625,0.),(0.1952076,0.0834476,0.),(0.1951007,0.0834628,0.),(0.1943592,0.0833625,0.),(0.1951007,0.0834628,0.),(0.1949979,0.0834881,0.),(0.1943592,0.0833625,0.),(0.1949979,0.0834881,0.),(0.1948994,0.0835235,0.),(0.1943592,0.0833625,0.),(0.1948994,0.0835235,0.),(0.1948050,0.0835690,0.),(0.1943592,0.0833625,0.),(0.1948050,0.0835690,0.),(0.1947149,0.0836247,0.),(0.1943592,0.0833625,0.),(0.1947149,0.0836247,0.),(0.1946290,0.0836905,0.),(0.1943592,0.0833625,0.),(0.1946290,0.0836905,0.),(0.1945472,0.0837664,0.),(0.1943592,0.0833625,0.),(0.1945472,0.0837664,0.),(0.1944726,0.0838494,0.),(0.1943592,0.0833625,0.),(0.1944726,0.0838494,0.),(0.1944079,0.0839367,0.),(0.1943592,0.0833625,0.),(0.1944079,0.0839367,0.),(0.1943531,0.0840282,0.),(0.1943592,0.0833625,0.),(0.1943531,0.0840282,0.),(0.1943083,0.0841238,0.),(0.1943592,0.0833625,0.),(0.1943083,0.0841238,0.),(0.1942735,0.0842237,0.),(0.1943592,0.0833625,0.),(0.1942735,0.0842237,0.),(0.1942486,0.0843277,0.),(0.1942336,0.0844360,0.),(0.1943592,0.0833625,0.),(0.1942486,0.0843277,0.),(0.1860263,0.0866972,0.),(0.1860795,0.0868567,0.),(0.1860644,0.0869366,0.),(0.1860263,0.0866972,0.),(0.1860644,0.0869366,0.),(0.1860192,0.0870049,0.),(0.1860263,0.0866972,0.),(0.1860192,0.0870049,0.),(0.1859509,0.0870541,0.),(0.1860263,0.0866972,0.),(0.1859509,0.0870541,0.),(0.1858668,0.0870705,0.),(0.1860263,0.0866972,0.),(0.1858668,0.0870705,0.),(0.1832463,0.0870705,0.),(0.1860263,0.0866972,0.),(0.1832463,0.0870705,0.),(0.1831532,0.0870501,0.),(0.1860263,0.0866972,0.),(0.1831532,0.0870501,0.),(0.1830791,0.0869890,0.),(0.1860263,0.0866972,0.),(0.1830791,0.0869890,0.),(0.1830326,0.0868567,0.),(0.1860263,0.0866972,0.),(0.1830326,0.0868567,0.),(0.1830326,0.0868408,0.),(0.1860263,0.0866972,0.),(0.1830326,0.0868408,0.),(0.1830929,0.0867117,0.),(0.1860263,0.0866972,0.),(0.1830929,0.0867117,0.),(0.1831641,0.0866609,0.),(0.1860263,0.0866972,0.),(0.1831641,0.0866609,0.),(0.1832463,0.0866440,0.),(0.1860263,0.0866972,0.),(0.1832463,0.0866440,0.),(0.1843459,0.0866440,0.),(0.1843459,0.0866440,0.),(0.1843459,0.0832298,0.),(0.1843613,0.0831478,0.),(0.1843459,0.0866440,0.),(0.1843613,0.0831478,0.),(0.1844073,0.0830795,0.),(0.1843459,0.0866440,0.),(0.1844073,0.0830795,0.),(0.1844756,0.0830335,0.),(0.1843459,0.0866440,0.),(0.1844756,0.0830335,0.),(0.1845576,0.0830181,0.),(0.1843459,0.0866440,0.),(0.1845576,0.0830181,0.),(0.1846396,0.0830335,0.),(0.1843459,0.0866440,0.),(0.1846396,0.0830335,0.),(0.1847079,0.0830795,0.),(0.1843459,0.0866440,0.),(0.1847079,0.0830795,0.),(0.1847539,0.0831478,0.),(0.1843459,0.0866440,0.),(0.1847539,0.0831478,0.),(0.1847693,0.0832298,0.),(0.1843459,0.0866440,0.),(0.1847693,0.0832298,0.),(0.1847693,0.0866440,0.),(0.1860263,0.0866972,0.),(0.1843459,0.0866440,0.),(0.1847693,0.0866440,0.),(0.1860263,0.0866972,0.),(0.1847693,0.0866440,0.),(0.1858668,0.0866440,0.),(0.1860263,0.0866972,0.),(0.1858668,0.0866440,0.),(0.1859598,0.0866573,0.)));
#422=COMPLEX_TRIANGULATED_SURFACE_SET('surface set',#421,2811,(),(),(),((1,2,3),(4,5,6),(7,8,9),(10,11,12),(13,14,15),(16,17,18),(19,20,21),(22,23,24),(25,26,27),(28,29,30),(31,32,33),(34,35,36),(37,38,39),(40,41,42),(43,44,45),(46,47,48),(49,50,51),(52,53,54),(55,56,57),(58,59,60),(61,62,63),(64,65,66),(67,68,69),(70,71,72),(73,74,75),(76,77,78),(79,80,81),(82,83,84),(85,86,87),(88,89,90),(91,92,93),(94,95,96),(97,98,99),(100,101,102),(103,104,105),(106,107,108),(109,110,111),(112,113,114),(115,116,117),(118,119,120),(121,122,123),(124,125,126),(127,128,129),(130,131,132),(133,134,135),(136,137,138),(139,140,141),(142,143,144),(145,146,147),(148,149,150),(151,152,153),(154,155,156),(157,158,159),(160,161,162),(163,164,165),(166,167,168),(169,170,171),(172,173,174),(175,176,177),(178,179,180),(181,182,183),(184,185,186),(187,188,189),(190,191,192),(193,194,195),(196,197,198),(199,200,201),(202,203,204),(205,206,207),(208,209,210),(211,212,213),(214,215,216),(217,218,219),(220,221,222),(223,224,225),(226,227,228),(229,230,231),(232,233,234),(235,236,237),(238,239,240),(241,242,243),(244,245,246),(247,248,249),(250,251,252),(253,254,255),(256,257,258),(259,260,261),(262,263,264),(265,266,267),(268,269,270),(271,272,273),(274,275,276),(277,278,279),(280,281,282),(283,284,285),(286,287,288),(289,290,291),(292,293,294),(295,296,297),(298,299,300),(301,302,303),(304,305,306),(307,308,309),(310,311,312),(313,314,315),(316,317,318),(319,320,321),(322,323,324),(325,326,327),(328,329,330),(331,332,333),(334,335,336),(337,338,339),(340,341,342),(343,344,345),(346,347,348),(349,350,351),(352,353,354),(355,356,357),(358,359,360),(361,362,363),(364,365,366),(367,368,369),(370,371,372),(373,374,375),(376,377,378),(379,380,381),(382,383,384),(385,386,387),(388,389,390),(391,392,393),(394,395,396),(397,398,399),(400,401,402),(403,404,405),(406,407,408),(409,410,411),(412,413,414),(415,416,417),(418,419,420),(421,422,423),(424,425,426),(427,428,429),(430,431,432),(433,434,435),(436,437,438),(439,440,441),(442,443,444),(445,446,447),(448,449,450),(451,452,453),(454,455,456),(457,458,459),(460,461,462),(463,464,465),(466,467,468),(469,470,471),(472,473,474),(475,476,477),(478,479,480),(481,482,483),(484,485,486),(487,488,489),(490,491,492),(493,494,495),(496,497,498),(499,500,501),(502,503,504),(505,506,507),(508,509,510),(511,512,513),(514,515,516),(517,518,519),(520,521,522),(523,524,525),(526,527,528),(529,530,531),(532,533,534),(535,536,537),(538,539,540),(541,542,543),(544,545,546),(547,548,549),(550,551,552),(553,554,555),(556,557,558),(559,560,561),(562,563,564),(565,566,567),(568,569,570),(571,572,573),(574,575,576),(577,578,579),(580,581,582),(583,584,585),(586,587,588),(589,590,591),(592,593,594),(595,596,597),(598,599,600),(601,602,603),(604,605,606),(607,608,609),(610,611,612),(613,614,615),(616,617,618),(619,620,621),(622,623,624),(625,626,627),(628,629,630),(631,632,633),(634,635,636),(637,638,639),(640,641,642),(643,644,645),(646,647,648),(649,650,651),(652,653,654),(655,656,657),(658,659,660),(661,662,663),(664,665,666),(667,668,669),(670,671,672),(673,674,675),(676,677,678),(679,680,681),(682,683,684),(685,686,687),(688,689,690),(691,692,693),(694,695,696),(697,698,699),(700,701,702),(703,704,705),(706,707,708),(709,710,711),(712,713,714),(715,716,717),(718,719,720),(721,722,723),(724,725,726),(727,728,729),(730,731,732),(733,734,735),(736,737,738),(739,740,741),(742,743,744),(745,746,747),(748,749,750),(751,752,753),(754,755,756),(757,758,759),(760,761,762),(763,764,765),(766,767,768),(769,770,771),(772,773,774),(775,776,777),(778,779,780),(781,782,783),(784,785,786),(787,788,789),(790,791,792),(793,794,795),(796,797,798),(799,800,801),(802,803,804),(805,806,807),(808,809,810),(811,812,813),(814,815,816),(817,818,819),(820,821,822),(823,824,825),(826,827,828),(829,830,831),(832,833,834),(835,836,837),(838,839,840),(841,842,843),(844,845,846),(847,848,849),(850,851,852),(853,854,855),(856,857,858),(859,860,861),(862,863,864),(865,866,867),(868,869,870),(871,872,873),(874,875,876),(877,878,879),(880,881,882),(883,884,885),(886,887,888),(889,890,891),(892,893,894),(895,896,897),(898,899,900),(901,902,903),(904,905,906),(907,908,909),(910,911,912),(913,914,915),(916,917,918),(919,920,921),(922,923,924),(925,926,927),(928,929,930),(931,932,933),(934,935,936),(937,938,939),(940,941,942),(943,944,945),(946,947,948),(949,950,951),(952,953,954),(955,956,957),(958,959,960),(961,962,963),(964,965,966),(967,968,969),(970,971,972),(973,974,975),(976,977,978),(979,980,981),(982,983,984),(985,986,987),(988,989,990),(991,992,993),(994,995,996),(997,998,999),(1000,1001,1002),(1003,1004,1005),(1006,1007,1008),(1009,1010,1011),(1012,1013,1014),(1015,1016,1017),(1018,1019,1020),(1021,1022,1023),(1024,1025,1026),(1027,1028,1029),(1030,1031,1032),(1033,1034,1035),(1036,1037,1038),(1039,1040,1041),(1042,1043,1044),(1045,1046,1047),(1048,1049,1050),(1051,1052,1053),(1054,1055,1056),(1057,1058,1059),(1060,1061,1062),(1063,1064,1065),(1066,1067,1068),(1069,1070,1071),(1072,1073,1074),(1075,1076,1077),(1078,1079,1080),(1081,1082,1083),(1084,1085,1086),(1087,1088,1089),(1090,1091,1092),(1093,1094,1095),(1096,1097,1098),(1099,1100,1101),(1102,1103,1104),(1105,1106,1107),(1108,1109,1110),(1111,1112,1113),(1114,1115,1116),(1117,1118,1119),(1120,1121,1122),(1123,1124,1125),(1126,1127,1128),(1129,1130,1131),(1132,1133,1134),(1135,1136,1137),(1138,1139,1140),(1141,1142,1143),(1144,1145,1146),(1147,1148,1149),(1150,1151,1152),(1153,1154,1155),(1156,1157,1158),(1159,1160,1161),(1162,1163,1164),(1165,1166,1167),(1168,1169,1170),(1171,1172,1173),(1174,1175,1176),(1177,1178,1179),(1180,1181,1182),(1183,1184,1185),(1186,1187,1188),(1189,1190,1191),(1192,1193,1194),(1195,1196,1197),(1198,1199,1200),(1201,1202,1203),(1204,1205,1206),(1207,1208,1209),(1210,1211,1212),(1213,1214,1215),(1216,1217,1218),(1219,1220,1221),(1222,1223,1224),(1225,1226,1227),(1228,1229,1230),(1231,1232,1233),(1234,1235,1236),(1237,1238,1239),(1240,1241,1242),(1243,1244,1245),(1246,1247,1248),(1249,1250,1251),(1252,1253,1254),(1255,1256,1257),(1258,1259,1260),(1261,1262,1263),(1264,1265,1266),(1267,1268,1269),(1270,1271,1272),(1273,1274,1275),(1276,1277,1278),(1279,1280,1281),(1282,1283,1284),(1285,1286,1287),(1288,1289,1290),(1291,1292,1293),(1294,1295,1296),(1297,1298,1299),(1300,1301,1302),(1303,1304,1305),(1306,1307,1308),(1309,1310,1311),(1312,1313,1314),(1315,1316,1317),(1318,1319,1320),(1321,1322,1323),(1324,1325,1326),(1327,1328,1329),(1330,1331,1332),(1333,1334,1335),(1336,1337,1338),(1339,1340,1341),(1342,1343,1344),(1345,1346,1347),(1348,1349,1350),(1351,1352,1353),(1354,1355,1356),(1357,1358,1359),(1360,1361,1362),(1363,1364,1365),(1366,1367,1368),(1369,1370,1371),(1372,1373,1374),(1375,1376,1377),(1378,1379,1380),(1381,1382,1383),(1384,1385,1386),(1387,1388,1389),(1390,1391,1392),(1393,1394,1395),(1396,1397,1398),(1399,1400,1401),(1402,1403,1404),(1405,1406,1407),(1408,1409,1410),(1411,1412,1413),(1414,1415,1416),(1417,1418,1419),(1420,1421,1422),(1423,1424,1425),(1426,1427,1428),(1429,1430,1431),(1432,1433,1434),(1435,1436,1437),(1438,1439,1440),(1441,1442,1443),(1444,1445,1446),(1447,1448,1449),(1450,1451,1452),(1453,1454,1455),(1456,1457,1458),(1459,1460,1461),(1462,1463,1464),(1465,1466,1467),(1468,1469,1470),(1471,1472,1473),(1474,1475,1476),(1477,1478,1479),(1480,1481,1482),(1483,1484,1485),(1486,1487,1488),(1489,1490,1491),(1492,1493,1494),(1495,1496,1497),(1498,1499,1500),(1501,1502,1503),(1504,1505,1506),(1507,1508,1509),(1510,1511,1512),(1513,1514,1515),(1516,1517,1518),(1519,1520,1521),(1522,1523,1524),(1525,1526,1527),(1528,1529,1530),(1531,1532,1533),(1534,1535,1536),(1537,1538,1539),(1540,1541,1542),(1543,1544,1545),(1546,1547,1548),(1549,1550,1551),(1552,1553,1554),(1555,1556,1557),(1558,1559,1560),(1561,1562,1563),(1564,1565,1566),(1567,1568,1569),(1570,1571,1572),(1573,1574,1575),(1576,1577,1578),(1579,1580,1581),(1582,1583,1584),(1585,1586,1587),(1588,1589,1590),(1591,1592,1593),(1594,1595,1596),(1597,1598,1599),(1600,1601,1602),(1603,1604,1605),(1606,1607,1608),(1609,1610,1611),(1612,1613,1614),(1615,1616,1617),(1618,1619,1620),(1621,1622,1623),(1624,1625,1626),(1627,1628,1629),(1630,1631,1632),(1633,1634,1635),(1636,1637,1638),(1639,1640,1641),(1642,1643,1644),(1645,1646,1647),(1648,1649,1650),(1651,1652,1653),(1654,1655,1656),(1657,1658,1659),(1660,1661,1662),(1663,1664,1665),(1666,1667,1668),(1669,1670,1671),(1672,1673,1674),(1675,1676,1677),(1678,1679,1680),(1681,1682,1683),(1684,1685,1686),(1687,1688,1689),(1690,1691,1692),(1693,1694,1695),(1696,1697,1698),(1699,1700,1701),(1702,1703,1704),(1705,1706,1707),(1708,1709,1710),(1711,1712,1713),(1714,1715,1716),(1717,1718,1719),(1720,1721,1722),(1723,1724,1725),(1726,1727,1728),(1729,1730,1731),(1732,1733,1734),(1735,1736,1737),(1738,1739,1740),(1741,1742,1743),(1744,1745,1746),(1747,1748,1749),(1750,1751,1752),(1753,1754,1755),(1756,1757,1758),(1759,1760,1761),(1762,1763,1764),(1765,1766,1767),(1768,1769,1770),(1771,1772,1773),(1774,1775,1776),(1777,1778,1779),(1780,1781,1782),(1783,1784,1785),(1786,1787,1788),(1789,1790,1791),(1792,1793,1794),(1795,1796,1797),(1798,1799,1800),(1801,1802,1803),(1804,1805,1806),(1807,1808,1809),(1810,1811,1812),(1813,1814,1815),(1816,1817,1818),(1819,1820,1821),(1822,1823,1824),(1825,1826,1827),(1828,1829,1830),(1831,1832,1833),(1834,1835,1836),(1837,1838,1839),(1840,1841,1842),(1843,1844,1845),(1846,1847,1848),(1849,1850,1851),(1852,1853,1854),(1855,1856,1857),(1858,1859,1860),(1861,1862,1863),(1864,1865,1866),(1867,1868,1869),(1870,1871,1872),(1873,1874,1875),(1876,1877,1878),(1879,1880,1881),(1882,1883,1884),(1885,1886,1887),(1888,1889,1890),(1891,1892,1893),(1894,1895,1896),(1897,1898,1899),(1900,1901,1902),(1903,1904,1905),(1906,1907,1908),(1909,1910,1911),(1912,1913,1914),(1915,1916,1917),(1918,1919,1920),(1921,1922,1923),(1924,1925,1926),(1927,1928,1929),(1930,1931,1932),(1933,1934,1935),(1936,1937,1938),(1939,1940,1941),(1942,1943,1944),(1945,1946,1947),(1948,1949,1950),(1951,1952,1953),(1954,1955,1956),(1957,1958,1959),(1960,1961,1962),(1963,1964,1965),(1966,1967,1968),(1969,1970,1971),(1972,1973,1974),(1975,1976,1977),(1978,1979,1980),(1981,1982,1983),(1984,1985,1986),(1987,1988,1989),(1990,1991,1992),(1993,1994,1995),(1996,1997,1998),(1999,2000,2001),(2002,2003,2004),(2005,2006,2007),(2008,2009,2010),(2011,2012,2013),(2014,2015,2016),(2017,2018,2019),(2020,2021,2022),(2023,2024,2025),(2026,2027,2028),(2029,2030,2031),(2032,2033,2034),(2035,2036,2037),(2038,2039,2040),(2041,2042,2043),(2044,2045,2046),(2047,2048,2049),(2050,2051,2052),(2053,2054,2055),(2056,2057,2058),(2059,2060,2061),(2062,2063,2064),(2065,2066,2067),(2068,2069,2070),(2071,2072,2073),(2074,2075,2076),(2077,2078,2079),(2080,2081,2082),(2083,2084,2085),(2086,2087,2088),(2089,2090,2091),(2092,2093,2094),(2095,2096,2097),(2098,2099,2100),(2101,2102,2103),(2104,2105,2106),(2107,2108,2109),(2110,2111,2112),(2113,2114,2115),(2116,2117,2118),(2119,2120,2121),(2122,2123,2124),(2125,2126,2127),(2128,2129,2130),(2131,2132,2133),(2134,2135,2136),(2137,2138,2139),(2140,2141,2142),(2143,2144,2145),(2146,2147,2148),(2149,2150,2151),(2152,2153,2154),(2155,2156,2157),(2158,2159,2160),(2161,2162,2163),(2164,2165,2166),(2167,2168,2169),(2170,2171,2172),(2173,2174,2175),(2176,2177,2178),(2179,2180,2181),(2182,2183,2184),(2185,2186,2187),(2188,2189,2190),(2191,2192,2193),(2194,2195,2196),(2197,2198,2199),(2200,2201,2202),(2203,2204,2205),(2206,2207,2208),(2209,2210,2211),(2212,2213,2214),(2215,2216,2217),(2218,2219,2220),(2221,2222,2223),(2224,2225,2226),(2227,2228,2229),(2230,2231,2232),(2233,2234,2235),(2236,2237,2238),(2239,2240,2241),(2242,2243,2244),(2245,2246,2247),(2248,2249,2250),(2251,2252,2253),(2254,2255,2256),(2257,2258,2259),(2260,2261,2262),(2263,2264,2265),(2266,2267,2268),(2269,2270,2271),(2272,2273,2274),(2275,2276,2277),(2278,2279,2280),(2281,2282,2283),(2284,2285,2286),(2287,2288,2289),(2290,2291,2292),(2293,2294,2295),(2296,2297,2298),(2299,2300,2301),(2302,2303,2304),(2305,2306,2307),(2308,2309,2310),(2311,2312,2313),(2314,2315,2316),(2317,2318,2319),(2320,2321,2322),(2323,2324,2325),(2326,2327,2328),(2329,2330,2331),(2332,2333,2334),(2335,2336,2337),(2338,2339,2340),(2341,2342,2343),(2344,2345,2346),(2347,2348,2349),(2350,2351,2352),(2353,2354,2355),(2356,2357,2358),(2359,2360,2361),(2362,2363,2364),(2365,2366,2367),(2368,2369,2370),(2371,2372,2373),(2374,2375,2376),(2377,2378,2379),(2380,2381,2382),(2383,2384,2385),(2386,2387,2388),(2389,2390,2391),(2392,2393,2394),(2395,2396,2397),(2398,2399,2400),(2401,2402,2403),(2404,2405,2406),(2407,2408,2409),(2410,2411,2412),(2413,2414,2415),(2416,2417,2418),(2419,2420,2421),(2422,2423,2424),(2425,2426,2427),(2428,2429,2430),(2431,2432,2433),(2434,2435,2436),(2437,2438,2439),(2440,2441,2442),(2443,2444,2445),(2446,2447,2448),(2449,2450,2451),(2452,2453,2454),(2455,2456,2457),(2458,2459,2460),(2461,2462,2463),(2464,2465,2466),(2467,2468,2469),(2470,2471,2472),(2473,2474,2475),(2476,2477,2478),(2479,2480,2481),(2482,2483,2484),(2485,2486,2487),(2488,2489,2490),(2491,2492,2493),(2494,2495,2496),(2497,2498,2499),(2500,2501,2502),(2503,2504,2505),(2506,2507,2508),(2509,2510,2511),(2512,2513,2514),(2515,2516,2517),(2518,2519,2520),(2521,2522,2523),(2524,2525,2526),(2527,2528,2529),(2530,2531,2532),(2533,2534,2535),(2536,2537,2538),(2539,2540,2541),(2542,2543,2544),(2545,2546,2547),(2548,2549,2550),(2551,2552,2553),(2554,2555,2556),(2557,2558,2559),(2560,2561,2562),(2563,2564,2565),(2566,2567,2568),(2569,2570,2571),(2572,2573,2574),(2575,2576,2577),(2578,2579,2580),(2581,2582,2583),(2584,2585,2586),(2587,2588,2589),(2590,2591,2592),(2593,2594,2595),(2596,2597,2598),(2599,2600,2601),(2602,2603,2604),(2605,2606,2607),(2608,2609,2610),(2611,2612,2613),(2614,2615,2616),(2617,2618,2619),(2620,2621,2622),(2623,2624,2625),(2626,2627,2628),(2629,2630,2631),(2632,2633,2634),(2635,2636,2637),(2638,2639,2640),(2641,2642,2643),(2644,2645,2646),(2647,2648,2649),(2650,2651,2652),(2653,2654,2655),(2656,2657,2658),(2659,2660,2661),(2662,2663,2664),(2665,2666,2667),(2668,2669,2670),(2671,2672,2673),(2674,2675,2676),(2677,2678,2679),(2680,2681,2682),(2683,2684,2685),(2686,2687,2688),(2689,2690,2691),(2692,2693,2694),(2695,2696,2697),(2698,2699,2700),(2701,2702,2703),(2704,2705,2706),(2707,2708,2709),(2710,2711,2712),(2713,2714,2715),(2716,2717,2718),(2719,2720,2721),(2722,2723,2724),(2725,2726,2727),(2728,2729,2730),(2731,2732,2733),(2734,2735,2736),(2737,2738,2739),(2740,2741,2742),(2743,2744,2745),(2746,2747,2748),(2749,2750,2751),(2752,2753,2754),(2755,2756,2757),(2758,2759,2760),(2761,2762,2763),(2764,2765,2766),(2767,2768,2769),(2770,2771,2772),(2773,2774,2775),(2776,2777,2778),(2779,2780,2781),(2782,2783,2784),(2785,2786,2787),(2788,2789,2790),(2791,2792,2793),(2794,2795,2796),(2797,2798,2799),(2800,2801,2802),(2803,2804,2805),(2806,2807,2808),(2809,2810,2811)));
#423=TESSELLATED_GEOMETRIC_SET('hole callout',(#422));
#424=COORDINATES_LIST('coordinates',5,((0.1654810,0.0804810,0.),(0.1968491,0.0804810,0.),(0.0629810,-0.0170190,0.),(0.1604810,0.0804810,0.),(0.1654810,0.0804810,0.)));
#425=TESSELLATED_CURVE_SET('curve set',#424,((1,2),(3,4,5)));
#426=TESSELLATED_GEOMETRIC_SET('hole callout',(#425));
#427=TESSELLATED_ANNOTATION_OCCURRENCE('hole callout',(#420),#423);
#428=TESSELLATED_ANNOTATION_OCCURRENCE('hole callout',(#420),#426);
#429=DRAUGHTING_CALLOUT('hole callout',(#427,#428));
#430=DRAUGHTING_MODEL_ITEM_ASSOCIATION('','',#388,#416,#429);
#431=DRAUGHTING_MODEL_ITEM_ASSOCIATION('','',#386,#416,#429);
#432=SHAPE_ASPECT('hole_callout.FuueHXTuX1hYyuV_1.JID.1',$,#376,.T.);
#433=GEOMETRIC_ITEM_SPECIFIC_USAGE('','',#432,#11,#202);
#434=DIMENSIONAL_SIZE(#432,'diameter');
#435=(
LENGTH_UNIT()
NAMED_UNIT(*)
SI_UNIT($,.METRE.)
);
#437=PRECISION_QUALIFIER(3);
#436=(
LENGTH_MEASURE_WITH_UNIT()
MEASURE_REPRESENTATION_ITEM()
MEASURE_WITH_UNIT(POSITIVE_LENGTH_MEASURE(0.055),#435)
QUALIFIED_REPRESENTATION_ITEM((#437))
REPRESENTATION_ITEM('nominal value')
);
#438=COMPOUND_REPRESENTATION_ITEM('modifiers',SET_REPRESENTATION_ITEM((#439)));
#439=DESCRIPTIVE_REPRESENTATION_ITEM('dimensional note','diameter');
#440=SHAPE_DIMENSION_REPRESENTATION('',(#436,#438),#371);
#441=DIMENSIONAL_CHARACTERISTIC_REPRESENTATION(#434,#440);
#442=PRESENTATION_STYLE_ASSIGNMENT((NULL_STYLE(.NULL.)));
#443=CARTESIAN_POINT('',(-0.04,0.04,-5.63785129692462E-18));
#444=DIRECTION('',(0.,0.,1.));
#445=DIRECTION('',(1.,0.,0.));
#446=AXIS2_PLACEMENT_3D('',#443,#444,#445);
#447=PLANE('',#446);
#448=ANNOTATION_PLANE('',(#442),#447,(#474));
#449=CARTESIAN_POINT('',(0.,0.,0.));
#450=DIRECTION('',(0.,0.,1.));
#451=DIRECTION('',(1.,0.,0.));
#452=AXIS2_PLACEMENT_3D('',#449,#450,#451);
#453=CARTESIAN_POINT('',(0.,0.,0.));
#454=DIRECTION('',(0.,0.,1.));
#455=DIRECTION('',(1.,0.,0.));
#456=AXIS2_PLACEMENT_3D('',#453,#454,#455);
#457=SHAPE_REPRESENTATION('',(#456,#213),#371);
#458=REPRESENTATION_MAP(#452,#457);
#459=MAPPED_ITEM('',#458,#452);
#460=PRESENTATION_STYLE_ASSIGNMENT((NULL_STYLE(.NULL.)));
#461=STYLED_ITEM('',(#460),#459);
#462=DRAUGHTING_PRE_DEFINED_CURVE_FONT('continuous');
#463=COLOUR_RGB('',0.,0.,0.);
#464=CURVE_STYLE('',#462,POSITIVE_LENGTH_MEASURE(0.02),#463);
#465=PRESENTATION_STYLE_ASSIGNMENT((#464));
#466=COORDINATES_LIST('coordinates',2700,((-0.0205546,0.0594454,0.),(-0.0191403,0.0622739,0.),(-0.0177261,0.0608597,0.),(0.0681615,0.1446292,0.),(0.0682585,0.1445885,0.),(0.0683565,0.1445532,0.),(0.0681615,0.1446292,0.),(0.0683565,0.1445532,0.),(0.0684555,0.1445234,0.),(0.0681615,0.1446292,0.),(0.0684555,0.1445234,0.),(0.0685554,0.1444990,0.),(0.0681615,0.1446292,0.),(0.0685554,0.1444990,0.),(0.0686563,0.1444800,0.),(0.0681615,0.1446292,0.),(0.0686563,0.1444800,0.),(0.0687582,0.1444665,0.),(0.0681615,0.1446292,0.),(0.0687582,0.1444665,0.),(0.0688610,0.1444583,0.),(0.0681615,0.1446292,0.),(0.0688610,0.1444583,0.),(0.0689647,0.1444556,0.),(0.0681615,0.1446292,0.),(0.0689647,0.1444556,0.),(0.0691005,0.1444599,0.),(0.0681615,0.1446292,0.),(0.0691005,0.1444599,0.),(0.0692338,0.1444729,0.),(0.0681615,0.1446292,0.),(0.0692338,0.1444729,0.),(0.0693644,0.1444944,0.),(0.0681615,0.1446292,0.),(0.0693644,0.1444944,0.),(0.0694926,0.1445247,0.),(0.0681615,0.1446292,0.),(0.0694926,0.1445247,0.),(0.0696182,0.1445635,0.),(0.0681615,0.1446292,0.),(0.0696182,0.1445635,0.),(0.0697412,0.1446110,0.),(0.0681615,0.1446292,0.),(0.0697412,0.1446110,0.),(0.0698617,0.1446671,0.),(0.0681615,0.1446292,0.),(0.0698617,0.1446671,0.),(0.0699797,0.1447318,0.),(0.0681615,0.1446292,0.),(0.0699797,0.1447318,0.),(0.0700933,0.1448042,0.),(0.0681615,0.1446292,0.),(0.0700933,0.1448042,0.),(0.0702006,0.1448828,0.),(0.0681615,0.1446292,0.),(0.0702006,0.1448828,0.),(0.0703017,0.1449675,0.),(0.0681615,0.1446292,0.),(0.0703017,0.1449675,0.),(0.0703967,0.1450583,0.),(0.0681615,0.1446292,0.),(0.0703967,0.1450583,0.),(0.0704854,0.1451553,0.),(0.0704854,0.1451553,0.),(0.0705678,0.1452585,0.),(0.0706441,0.1453678,0.),(0.0704854,0.1451553,0.),(0.0706441,0.1453678,0.),(0.0707142,0.1454832,0.),(0.0704854,0.1451553,0.),(0.0707142,0.1454832,0.),(0.0707772,0.1456030,0.),(0.0704854,0.1451553,0.),(0.0707772,0.1456030,0.),(0.0708318,0.1457253,0.),(0.0704854,0.1451553,0.),(0.0708318,0.1457253,0.),(0.0708780,0.1458500,0.),(0.0704854,0.1451553,0.),(0.0708780,0.1458500,0.),(0.0709158,0.1459772,0.),(0.0704854,0.1451553,0.),(0.0709158,0.1459772,0.),(0.0709452,0.1461069,0.),(0.0704854,0.1451553,0.),(0.0709452,0.1461069,0.),(0.0709662,0.1462391,0.),(0.0704854,0.1451553,0.),(0.0709662,0.1462391,0.),(0.0709788,0.1463737,0.),(0.0704854,0.1451553,0.),(0.0709788,0.1463737,0.),(0.0709830,0.1465109,0.),(0.0704854,0.1451553,0.),(0.0709830,0.1465109,0.),(0.0709788,0.1466425,0.),(0.0704854,0.1451553,0.),(0.0709788,0.1466425,0.),(0.0709662,0.1467734,0.),(0.0704854,0.1451553,0.),(0.0709662,0.1467734,0.),(0.0709452,0.1469034,0.),(0.0704854,0.1451553,0.),(0.0709452,0.1469034,0.),(0.0709158,0.1470326,0.),(0.0704854,0.1451553,0.),(0.0709158,0.1470326,0.),(0.0708780,0.1471611,0.),(0.0704854,0.1451553,0.),(0.0708780,0.1471611,0.),(0.0708318,0.1472888,0.),(0.0708318,0.1472888,0.),(0.0704400,0.1471473,0.),(0.0704765,0.1470494,0.),(0.0708318,0.1472888,0.),(0.0704765,0.1470494,0.),(0.0705065,0.1469482,0.),(0.0708318,0.1472888,0.),(0.0705065,0.1469482,0.),(0.0705297,0.1468438,0.),(0.0708318,0.1472888,0.),(0.0705297,0.1468438,0.),(0.0705463,0.1467361,0.),(0.0708318,0.1472888,0.),(0.0705463,0.1467361,0.),(0.0705563,0.1466251,0.),(0.0708318,0.1472888,0.),(0.0705563,0.1466251,0.),(0.0705596,0.1465109,0.),(0.0708318,0.1472888,0.),(0.0705596,0.1465109,0.),(0.0705563,0.1464009,0.),(0.0704854,0.1451553,0.),(0.0708318,0.1472888,0.),(0.0705563,0.1464009,0.),(0.0704854,0.1451553,0.),(0.0705563,0.1464009,0.),(0.0705462,0.1462930,0.),(0.0704854,0.1451553,0.),(0.0705462,0.1462930,0.),(0.0705294,0.1461873,0.),(0.0704854,0.1451553,0.),(0.0705294,0.1461873,0.),(0.0705059,0.1460838,0.),(0.0704854,0.1451553,0.),(0.0705059,0.1460838,0.),(0.0704757,0.1459825,0.),(0.0704854,0.1451553,0.),(0.0704757,0.1459825,0.),(0.0704388,0.1458834,0.),(0.0704854,0.1451553,0.),(0.0704388,0.1458834,0.),(0.0703952,0.1457865,0.),(0.0704854,0.1451553,0.),(0.0703952,0.1457865,0.),(0.0703448,0.1456917,0.),(0.0704854,0.1451553,0.),(0.0703448,0.1456917,0.),(0.0702890,0.1456005,0.),(0.0704854,0.1451553,0.),(0.0702890,0.1456005,0.),(0.0702283,0.1455142,0.),(0.0704854,0.1451553,0.),(0.0702283,0.1455142,0.),(0.0701629,0.1454328,0.),(0.0704854,0.1451553,0.),(0.0701629,0.1454328,0.),(0.0700927,0.1453562,0.),(0.0704854,0.1451553,0.),(0.0700927,0.1453562,0.),(0.0700176,0.1452846,0.),(0.0704854,0.1451553,0.),(0.0700176,0.1452846,0.),(0.0699378,0.1452179,0.),(0.0704854,0.1451553,0.),(0.0699378,0.1452179,0.),(0.0698532,0.1451560,0.),(0.0704854,0.1451553,0.),(0.0698532,0.1451560,0.),(0.0697638,0.1450991,0.),(0.0704854,0.1451553,0.),(0.0697638,0.1450991,0.),(0.0696712,0.1450480,0.),(0.0704854,0.1451553,0.),(0.0696712,0.1450480,0.),(0.0695765,0.1450037,0.),(0.0704854,0.1451553,0.),(0.0695765,0.1450037,0.),(0.0694798,0.1449662,0.),(0.0704854,0.1451553,0.),(0.0694798,0.1449662,0.),(0.0693809,0.1449356,0.),(0.0681615,0.1446292,0.),(0.0704854,0.1451553,0.),(0.0693809,0.1449356,0.),(0.0681615,0.1446292,0.),(0.0693809,0.1449356,0.),(0.0692800,0.1449117,0.),(0.0681615,0.1446292,0.),(0.0692800,0.1449117,0.),(0.0691770,0.1448947,0.),(0.0681615,0.1446292,0.),(0.0691770,0.1448947,0.),(0.0690719,0.1448845,0.),(0.0681615,0.1446292,0.),(0.0690719,0.1448845,0.),(0.0689647,0.1448811,0.),(0.0681615,0.1446292,0.),(0.0689647,0.1448811,0.),(0.0688111,0.1448881,0.),(0.0681615,0.1446292,0.),(0.0688111,0.1448881,0.),(0.0686615,0.1449094,0.),(0.0681615,0.1446292,0.),(0.0686615,0.1449094,0.),(0.0685159,0.1449448,0.),(0.0681615,0.1446292,0.),(0.0685159,0.1449448,0.),(0.0683742,0.1449943,0.),(0.0681615,0.1446292,0.),(0.0683742,0.1449943,0.),(0.0699712,0.1477777,0.),(0.0676005,0.1436544,0.),(0.0681615,0.1446292,0.),(0.0699712,0.1477777,0.),(0.0703968,0.1472419,0.),(0.0704400,0.1471473,0.),(0.0708318,0.1472888,0.),(0.0703469,0.1473332,0.),(0.0703968,0.1472419,0.),(0.0708318,0.1472888,0.),(0.0702790,0.1474372,0.),(0.0703469,0.1473332,0.),(0.0708318,0.1472888,0.),(0.0701937,0.1475459,0.),(0.0702790,0.1474372,0.),(0.0708318,0.1472888,0.),(0.0701446,0.1476021,0.),(0.0701937,0.1475459,0.),(0.0708318,0.1472888,0.),(0.0700911,0.1476594,0.),(0.0701446,0.1476021,0.),(0.0708318,0.1472888,0.),(0.0700333,0.1477180,0.),(0.0700911,0.1476594,0.),(0.0708318,0.1472888,0.),(0.0699712,0.1477777,0.),(0.0700333,0.1477180,0.),(0.0708318,0.1472888,0.),(0.0699712,0.1477777,0.),(0.0708318,0.1472888,0.),(0.0707772,0.1474156,0.),(0.0699712,0.1477777,0.),(0.0707772,0.1474156,0.),(0.0707142,0.1475417,0.),(0.0699712,0.1477777,0.),(0.0707142,0.1475417,0.),(0.0706640,0.1476284,0.),(0.0699712,0.1477777,0.),(0.0706640,0.1476284,0.),(0.0706092,0.1477118,0.),(0.0699712,0.1477777,0.),(0.0706092,0.1477118,0.),(0.0705498,0.1477919,0.),(0.0699712,0.1477777,0.),(0.0705498,0.1477919,0.),(0.0704858,0.1478687,0.),(0.0699712,0.1477777,0.),(0.0704858,0.1478687,0.),(0.0704172,0.1479422,0.),(0.0699712,0.1477777,0.),(0.0704172,0.1479422,0.),(0.0703441,0.1480124,0.),(0.0699712,0.1477777,0.),(0.0703441,0.1480124,0.),(0.0702663,0.1480793,0.),(0.0699712,0.1477777,0.),(0.0702663,0.1480793,0.),(0.0701839,0.1481428,0.),(0.0699712,0.1477777,0.),(0.0701839,0.1481428,0.),(0.0707258,0.1490953,0.),(0.0676005,0.1436544,0.),(0.0699712,0.1477777,0.),(0.0707258,0.1490953,0.),(0.0676005,0.1436544,0.),(0.0707258,0.1490953,0.),(0.0707544,0.1491991,0.),(0.0676005,0.1436544,0.),(0.0707544,0.1491991,0.),(0.0707470,0.1492594,0.),(0.0676005,0.1436544,0.),(0.0707470,0.1492594,0.),(0.0707083,0.1493345,0.),(0.0676005,0.1436544,0.),(0.0707083,0.1493345,0.),(0.0706433,0.1493885,0.),(0.0676005,0.1436544,0.),(0.0706433,0.1493885,0.),(0.0705406,0.1494192,0.),(0.0676005,0.1436544,0.),(0.0705406,0.1494192,0.),(0.0704803,0.1494118,0.),(0.0676005,0.1436544,0.),(0.0704803,0.1494118,0.),(0.0704046,0.1493731,0.),(0.0676005,0.1436544,0.),(0.0704046,0.1493731,0.),(0.0703490,0.1493081,0.),(0.0676005,0.1436544,0.),(0.0703490,0.1493081,0.),(0.0698135,0.1483799,0.),(0.0698135,0.1483799,0.),(0.0697129,0.1484243,0.),(0.0696090,0.1484628,0.),(0.0698135,0.1483799,0.),(0.0696090,0.1484628,0.),(0.0695018,0.1484953,0.),(0.0698135,0.1483799,0.),(0.0695018,0.1484953,0.),(0.0693912,0.1485220,0.),(0.0698135,0.1483799,0.),(0.0693912,0.1485220,0.),(0.0692774,0.1485427,0.),(0.0698135,0.1483799,0.),(0.0692774,0.1485427,0.),(0.0691603,0.1485575,0.),(0.0698135,0.1483799,0.),(0.0691603,0.1485575,0.),(0.0690398,0.1485664,0.),(0.0698135,0.1483799,0.),(0.0690398,0.1485664,0.),(0.0689161,0.1485693,0.),(0.0698135,0.1483799,0.),(0.0689161,0.1485693,0.),(0.0687915,0.1485650,0.),(0.0698135,0.1483799,0.),(0.0687915,0.1485650,0.),(0.0686679,0.1485520,0.),(0.0698135,0.1483799,0.),(0.0686679,0.1485520,0.),(0.0685455,0.1485304,0.),(0.0698135,0.1483799,0.),(0.0685455,0.1485304,0.),(0.0684242,0.1485000,0.),(0.0698135,0.1483799,0.),(0.0684242,0.1485000,0.),(0.0683040,0.1484610,0.),(0.0698135,0.1483799,0.),(0.0683040,0.1484610,0.),(0.0681848,0.1484134,0.),(0.0698135,0.1483799,0.),(0.0681848,0.1484134,0.),(0.0680668,0.1483570,0.),(0.0698135,0.1483799,0.),(0.0680668,0.1483570,0.),(0.0679498,0.1482921,0.),(0.0698135,0.1483799,0.),(0.0679498,0.1482921,0.),(0.0678367,0.1482199,0.),(0.0698135,0.1483799,0.),(0.0678367,0.1482199,0.),(0.0677297,0.1481415,0.),(0.0698135,0.1483799,0.),(0.0677297,0.1481415,0.),(0.0676287,0.1480569,0.),(0.0698135,0.1483799,0.),(0.0676287,0.1480569,0.),(0.0675339,0.1479661,0.),(0.0698135,0.1483799,0.),(0.0675339,0.1479661,0.),(0.0674451,0.1478691,0.),(0.0674451,0.1478691,0.),(0.0673624,0.1477658,0.),(0.0672858,0.1476563,0.),(0.0674451,0.1478691,0.),(0.0672858,0.1476563,0.),(0.0672153,0.1475406,0.),(0.0674451,0.1478691,0.),(0.0672153,0.1475406,0.),(0.0671521,0.1474208,0.),(0.0674451,0.1478691,0.),(0.0671521,0.1474208,0.),(0.0670972,0.1472985,0.),(0.0674451,0.1478691,0.),(0.0670972,0.1472985,0.),(0.0670509,0.1471736,0.),(0.0674451,0.1478691,0.),(0.0670509,0.1471736,0.),(0.0670129,0.1470461,0.),(0.0674451,0.1478691,0.),(0.0670129,0.1470461,0.),(0.0669834,0.1469161,0.),(0.0674451,0.1478691,0.),(0.0669834,0.1469161,0.),(0.0669623,0.1467836,0.),(0.0674451,0.1478691,0.),(0.0669623,0.1467836,0.),(0.0669497,0.1466485,0.),(0.0674451,0.1478691,0.),(0.0669497,0.1466485,0.),(0.0669454,0.1465109,0.),(0.0674451,0.1478691,0.),(0.0669454,0.1465109,0.),(0.0669496,0.1463728,0.),(0.0674451,0.1478691,0.),(0.0669496,0.1463728,0.),(0.0669622,0.1462375,0.),(0.0674451,0.1478691,0.),(0.0669622,0.1462375,0.),(0.0669832,0.1461049,0.),(0.0674451,0.1478691,0.),(0.0669832,0.1461049,0.),(0.0670126,0.1459751,0.),(0.0674451,0.1478691,0.),(0.0670126,0.1459751,0.),(0.0670504,0.1458480,0.),(0.0674451,0.1478691,0.),(0.0670504,0.1458480,0.),(0.0670966,0.1457237,0.),(0.0674451,0.1478691,0.),(0.0670966,0.1457237,0.),(0.0671512,0.1456021,0.),(0.0674451,0.1478691,0.),(0.0671512,0.1456021,0.),(0.0672143,0.1454832,0.),(0.0672143,0.1454832,0.),(0.0675826,0.1456917,0.),(0.0675332,0.1457865,0.),(0.0672143,0.1454832,0.),(0.0675332,0.1457865,0.),(0.0674904,0.1458834,0.),(0.0672143,0.1454832,0.),(0.0674904,0.1458834,0.),(0.0674542,0.1459824,0.),(0.0672143,0.1454832,0.),(0.0674542,0.1459824,0.),(0.0674246,0.1460836,0.),(0.0672143,0.1454832,0.),(0.0674246,0.1460836,0.),(0.0674016,0.1461869,0.),(0.0672143,0.1454832,0.),(0.0674016,0.1461869,0.),(0.0673851,0.1462924,0.),(0.0672143,0.1454832,0.),(0.0673851,0.1462924,0.),(0.0673752,0.1464000,0.),(0.0672143,0.1454832,0.),(0.0673752,0.1464000,0.),(0.0673719,0.1465098,0.),(0.0672143,0.1454832,0.),(0.0673719,0.1465098,0.),(0.0673753,0.1466196,0.),(0.0674451,0.1478691,0.),(0.0672143,0.1454832,0.),(0.0673753,0.1466196,0.),(0.0674451,0.1478691,0.),(0.0673753,0.1466196,0.),(0.0673853,0.1467274,0.),(0.0674451,0.1478691,0.),(0.0673853,0.1467274,0.),(0.0674020,0.1468330,0.),(0.0674451,0.1478691,0.),(0.0674020,0.1468330,0.),(0.0674254,0.1469366,0.),(0.0674451,0.1478691,0.),(0.0674254,0.1469366,0.),(0.0674555,0.1470381,0.),(0.0674451,0.1478691,0.),(0.0674555,0.1470381,0.),(0.0674922,0.1471375,0.),(0.0674451,0.1478691,0.),(0.0674922,0.1471375,0.),(0.0675356,0.1472348,0.),(0.0674451,0.1478691,0.),(0.0675356,0.1472348,0.),(0.0675857,0.1473300,0.),(0.0674451,0.1478691,0.),(0.0675857,0.1473300,0.),(0.0676416,0.1474220,0.),(0.0674451,0.1478691,0.),(0.0676416,0.1474220,0.),(0.0677022,0.1475089,0.),(0.0674451,0.1478691,0.),(0.0677022,0.1475089,0.),(0.0677676,0.1475908,0.),(0.0674451,0.1478691,0.),(0.0677676,0.1475908,0.),(0.0678379,0.1476676,0.),(0.0674451,0.1478691,0.),(0.0678379,0.1476676,0.),(0.0679129,0.1477395,0.),(0.0674451,0.1478691,0.),(0.0679129,0.1477395,0.),(0.0679927,0.1478063,0.),(0.0674451,0.1478691,0.),(0.0679927,0.1478063,0.),(0.0680773,0.1478681,0.),(0.0674451,0.1478691,0.),(0.0680773,0.1478681,0.),(0.0681668,0.1479248,0.),(0.0674451,0.1478691,0.),(0.0681668,0.1479248,0.),(0.0682588,0.1479759,0.),(0.0674451,0.1478691,0.),(0.0682588,0.1479759,0.),(0.0683514,0.1480202,0.),(0.0674451,0.1478691,0.),(0.0683514,0.1480202,0.),(0.0684446,0.1480577,0.),(0.0674451,0.1478691,0.),(0.0684446,0.1480577,0.),(0.0685382,0.1480883,0.),(0.0674451,0.1478691,0.),(0.0685382,0.1480883,0.),(0.0686324,0.1481122,0.),(0.0698135,0.1483799,0.),(0.0674451,0.1478691,0.),(0.0686324,0.1481122,0.),(0.0698135,0.1483799,0.),(0.0686324,0.1481122,0.),(0.0687271,0.1481292,0.),(0.0698135,0.1483799,0.),(0.0687271,0.1481292,0.),(0.0688224,0.1481394,0.),(0.0698135,0.1483799,0.),(0.0688224,0.1481394,0.),(0.0689182,0.1481428,0.),(0.0698135,0.1483799,0.),(0.0689182,0.1481428,0.),(0.0689245,0.1481428,0.),(0.0698135,0.1483799,0.),(0.0689245,0.1481428,0.),(0.0690182,0.1481408,0.),(0.0698135,0.1483799,0.),(0.0690182,0.1481408,0.),(0.0691094,0.1481345,0.),(0.0698135,0.1483799,0.),(0.0691094,0.1481345,0.),(0.0691980,0.1481241,0.),(0.0698135,0.1483799,0.),(0.0691980,0.1481241,0.),(0.0692841,0.1481095,0.),(0.0698135,0.1483799,0.),(0.0692841,0.1481095,0.),(0.0693676,0.1480907,0.),(0.0698135,0.1483799,0.),(0.0693676,0.1480907,0.),(0.0694486,0.1480678,0.),(0.0698135,0.1483799,0.),(0.0694486,0.1480678,0.),(0.0695270,0.1480407,0.),(0.0698135,0.1483799,0.),(0.0695270,0.1480407,0.),(0.0696029,0.1480095,0.),(0.0676005,0.1436544,0.),(0.0698135,0.1483799,0.),(0.0696029,0.1480095,0.),(0.0676005,0.1436544,0.),(0.0696029,0.1480095,0.),(0.0679985,0.1452144,0.),(0.0676005,0.1436544,0.),(0.0679985,0.1452144,0.),(0.0678780,0.1453173,0.),(0.0676249,0.1456225,0.),(0.0675826,0.1456917,0.),(0.0672143,0.1454832,0.),(0.0676701,0.1455559,0.),(0.0676249,0.1456225,0.),(0.0672143,0.1454832,0.),(0.0677686,0.1454311,0.),(0.0676701,0.1455559,0.),(0.0672143,0.1454832,0.),(0.0678780,0.1453173,0.),(0.0677686,0.1454311,0.),(0.0672143,0.1454832,0.),(0.0678780,0.1453173,0.),(0.0672143,0.1454832,0.),(0.0672722,0.1453882,0.),(0.0678780,0.1453173,0.),(0.0672722,0.1453882,0.),(0.0673338,0.1452972,0.),(0.0678780,0.1453173,0.),(0.0673338,0.1452972,0.),(0.0673992,0.1452104,0.),(0.0678780,0.1453173,0.),(0.0673992,0.1452104,0.),(0.0674683,0.1451276,0.),(0.0678780,0.1453173,0.),(0.0674683,0.1451276,0.),(0.0675410,0.1450490,0.),(0.0678780,0.1453173,0.),(0.0675410,0.1450490,0.),(0.0676175,0.1449745,0.),(0.0678780,0.1453173,0.),(0.0676175,0.1449745,0.),(0.0676976,0.1449040,0.),(0.0678780,0.1453173,0.),(0.0676976,0.1449040,0.),(0.0677815,0.1448377,0.),(0.0676005,0.1436544,0.),(0.0678780,0.1453173,0.),(0.0677815,0.1448377,0.),(0.0676005,0.1436544,0.),(0.0677815,0.1448377,0.),(0.0672259,0.1438672,0.),(0.0676005,0.1436544,0.),(0.0672259,0.1438672,0.),(0.0671984,0.1437656,0.),(0.0676005,0.1436544,0.),(0.0671984,0.1437656,0.),(0.0672047,0.1437052,0.),(0.0676005,0.1436544,0.),(0.0672047,0.1437052,0.),(0.0672439,0.1436283,0.),(0.0676005,0.1436544,0.),(0.0672439,0.1436283,0.),(0.0673063,0.1435730,0.),(0.0676005,0.1436544,0.),(0.0673063,0.1435730,0.),(0.0674111,0.1435454,0.),(0.0676005,0.1436544,0.),(0.0674111,0.1435454,0.),(0.0674714,0.1435528,0.),(0.0676005,0.1436544,0.),(0.0674714,0.1435528,0.),(0.0675439,0.1435883,0.),(0.0771530,0.1455636,0.),(0.0771584,0.1456960,0.),(0.0771584,0.1473861,0.),(0.0771530,0.1455636,0.),(0.0771584,0.1473861,0.),(0.0771530,0.1475167,0.),(0.0771530,0.1455636,0.),(0.0771530,0.1475167,0.),(0.0771371,0.1476414,0.),(0.0771530,0.1455636,0.),(0.0771371,0.1476414,0.),(0.0771106,0.1477600,0.),(0.0771530,0.1455636,0.),(0.0771106,0.1477600,0.),(0.0770734,0.1478727,0.),(0.0771530,0.1455636,0.),(0.0770734,0.1478727,0.),(0.0770256,0.1479794,0.),(0.0771530,0.1455636,0.),(0.0770256,0.1479794,0.),(0.0769673,0.1480801,0.),(0.0771530,0.1455636,0.),(0.0769673,0.1480801,0.),(0.0768983,0.1481748,0.),(0.0771530,0.1455636,0.),(0.0768983,0.1481748,0.),(0.0768186,0.1482635,0.),(0.0771530,0.1455636,0.),(0.0768186,0.1482635,0.),(0.0767419,0.1483352,0.),(0.0771530,0.1455636,0.),(0.0767419,0.1483352,0.),(0.0766622,0.1483973,0.),(0.0771530,0.1455636,0.),(0.0766622,0.1483973,0.),(0.0765794,0.1484499,0.),(0.0765794,0.1484499,0.),(0.0764935,0.1484929,0.),(0.0764045,0.1485263,0.),(0.0765794,0.1484499,0.),(0.0764045,0.1485263,0.),(0.0763124,0.1485502,0.),(0.0765794,0.1484499,0.),(0.0763124,0.1485502,0.),(0.0762173,0.1485646,0.),(0.0765794,0.1484499,0.),(0.0762173,0.1485646,0.),(0.0761191,0.1485693,0.),(0.0765794,0.1484499,0.),(0.0761191,0.1485693,0.),(0.0760220,0.1485646,0.),(0.0765794,0.1484499,0.),(0.0760220,0.1485646,0.),(0.0759276,0.1485502,0.),(0.0765794,0.1484499,0.),(0.0759276,0.1485502,0.),(0.0758358,0.1485263,0.),(0.0765794,0.1484499,0.),(0.0758358,0.1485263,0.),(0.0757468,0.1484929,0.),(0.0765794,0.1484499,0.),(0.0757468,0.1484929,0.),(0.0756604,0.1484499,0.),(0.0765794,0.1484499,0.),(0.0756604,0.1484499,0.),(0.0755767,0.1483973,0.),(0.0765794,0.1484499,0.),(0.0755767,0.1483973,0.),(0.0754957,0.1483352,0.),(0.0765794,0.1484499,0.),(0.0754957,0.1483352,0.),(0.0754174,0.1482635,0.),(0.0765794,0.1484499,0.),(0.0754174,0.1482635,0.),(0.0753378,0.1481765,0.),(0.0765794,0.1484499,0.),(0.0753378,0.1481765,0.),(0.0752688,0.1480833,0.),(0.0765794,0.1484499,0.),(0.0752688,0.1480833,0.),(0.0752104,0.1479839,0.),(0.0765794,0.1484499,0.),(0.0752104,0.1479839,0.),(0.0751626,0.1478783,0.),(0.0765794,0.1484499,0.),(0.0751626,0.1478783,0.),(0.0751254,0.1477664,0.),(0.0751254,0.1477664,0.),(0.0750989,0.1476483,0.),(0.0750830,0.1475240,0.),(0.0751254,0.1477664,0.),(0.0750830,0.1475240,0.),(0.0750777,0.1473935,0.),(0.0751254,0.1477664,0.),(0.0750777,0.1473935,0.),(0.0750777,0.1473861,0.),(0.0751254,0.1477664,0.),(0.0750777,0.1473861,0.),(0.0750777,0.1456917,0.),(0.0751254,0.1477664,0.),(0.0750777,0.1456917,0.),(0.0750830,0.1455604,0.),(0.0751254,0.1477664,0.),(0.0750830,0.1455604,0.),(0.0750989,0.1454353,0.),(0.0751254,0.1477664,0.),(0.0750989,0.1454353,0.),(0.0751254,0.1453163,0.),(0.0751254,0.1477664,0.),(0.0751254,0.1453163,0.),(0.0751626,0.1452036,0.),(0.0751254,0.1477664,0.),(0.0751626,0.1452036,0.),(0.0752104,0.1450970,0.),(0.0751254,0.1477664,0.),(0.0752104,0.1450970,0.),(0.0752688,0.1449966,0.),(0.0751254,0.1477664,0.),(0.0752688,0.1449966,0.),(0.0753378,0.1449024,0.),(0.0751254,0.1477664,0.),(0.0753378,0.1449024,0.),(0.0754174,0.1448144,0.),(0.0754174,0.1448144,0.),(0.0757211,0.1451107,0.),(0.0756271,0.1452271,0.),(0.0754174,0.1448144,0.),(0.0756271,0.1452271,0.),(0.0755600,0.1453634,0.),(0.0754174,0.1448144,0.),(0.0755600,0.1453634,0.),(0.0755197,0.1455197,0.),(0.0751254,0.1477664,0.),(0.0754174,0.1448144,0.),(0.0755197,0.1455197,0.),(0.0751254,0.1477664,0.),(0.0755197,0.1455197,0.),(0.0755097,0.1456053,0.),(0.0751254,0.1477664,0.),(0.0755097,0.1456053,0.),(0.0755063,0.1456960,0.),(0.0751254,0.1477664,0.),(0.0755063,0.1456960,0.),(0.0755063,0.1473935,0.),(0.0751254,0.1477664,0.),(0.0755063,0.1473935,0.),(0.0755096,0.1474818,0.),(0.0751254,0.1477664,0.),(0.0755096,0.1474818,0.),(0.0755196,0.1475653,0.),(0.0751254,0.1477664,0.),(0.0755196,0.1475653,0.),(0.0755362,0.1476438,0.),(0.0751254,0.1477664,0.),(0.0755362,0.1476438,0.),(0.0755595,0.1477174,0.),(0.0751254,0.1477664,0.),(0.0755595,0.1477174,0.),(0.0756260,0.1478499,0.),(0.0751254,0.1477664,0.),(0.0756260,0.1478499,0.),(0.0757190,0.1479629,0.),(0.0751254,0.1477664,0.),(0.0757190,0.1479629,0.),(0.0758143,0.1480416,0.),(0.0751254,0.1477664,0.),(0.0758143,0.1480416,0.),(0.0759127,0.1480979,0.),(0.0765794,0.1484499,0.),(0.0751254,0.1477664,0.),(0.0759127,0.1480979,0.),(0.0765794,0.1484499,0.),(0.0759127,0.1480979,0.),(0.0760143,0.1481316,0.),(0.0765794,0.1484499,0.),(0.0760143,0.1481316,0.),(0.0761191,0.1481428,0.),(0.0765794,0.1484499,0.),(0.0761191,0.1481428,0.),(0.0762281,0.1481316,0.),(0.0765794,0.1484499,0.),(0.0762281,0.1481316,0.),(0.0763310,0.1480979,0.),(0.0765794,0.1484499,0.),(0.0763310,0.1480979,0.),(0.0764276,0.1480416,0.),(0.0765794,0.1484499,0.),(0.0764276,0.1480416,0.),(0.0765181,0.1479629,0.),(0.0765794,0.1484499,0.),(0.0765181,0.1479629,0.),(0.0766111,0.1478443,0.),(0.0765794,0.1484499,0.),(0.0766111,0.1478443,0.),(0.0766776,0.1477087,0.),(0.0765794,0.1484499,0.),(0.0766776,0.1477087,0.),(0.0767175,0.1475559,0.),(0.0771530,0.1455636,0.),(0.0765794,0.1484499,0.),(0.0767175,0.1475559,0.),(0.0771530,0.1455636,0.),(0.0767175,0.1475559,0.),(0.0767275,0.1474732,0.),(0.0771530,0.1455636,0.),(0.0767275,0.1474732,0.),(0.0767308,0.1473861,0.),(0.0771530,0.1455636,0.),(0.0767308,0.1473861,0.),(0.0767308,0.1456960,0.),(0.0771530,0.1455636,0.),(0.0767308,0.1456960,0.),(0.0767275,0.1456063,0.),(0.0771530,0.1455636,0.),(0.0767275,0.1456063,0.),(0.0767175,0.1455215,0.),(0.0771530,0.1455636,0.),(0.0767175,0.1455215,0.),(0.0767009,0.1454416,0.),(0.0771530,0.1455636,0.),(0.0767009,0.1454416,0.),(0.0766776,0.1453666,0.),(0.0771530,0.1455636,0.),(0.0766776,0.1453666,0.),(0.0766111,0.1452310,0.),(0.0771530,0.1455636,0.),(0.0766111,0.1452310,0.),(0.0765181,0.1451149,0.),(0.0771530,0.1455636,0.),(0.0765181,0.1451149,0.),(0.0764268,0.1450372,0.),(0.0758127,0.1450348,0.),(0.0757211,0.1451107,0.),(0.0754174,0.1448144,0.),(0.0759095,0.1449805,0.),(0.0758127,0.1450348,0.),(0.0754174,0.1448144,0.),(0.0760116,0.1449480,0.),(0.0759095,0.1449805,0.),(0.0754174,0.1448144,0.),(0.0761191,0.1449371,0.),(0.0760116,0.1449480,0.),(0.0754174,0.1448144,0.),(0.0762274,0.1449483,0.),(0.0761191,0.1449371,0.),(0.0754174,0.1448144,0.),(0.0762274,0.1449483,0.),(0.0754174,0.1448144,0.),(0.0754943,0.1447437,0.),(0.0762274,0.1449483,0.),(0.0754943,0.1447437,0.),(0.0755741,0.1446824,0.),(0.0763299,0.1449816,0.),(0.0762274,0.1449483,0.),(0.0755741,0.1446824,0.),(0.0763299,0.1449816,0.),(0.0755741,0.1446824,0.),(0.0756569,0.1446306,0.),(0.0763299,0.1449816,0.),(0.0756569,0.1446306,0.),(0.0757426,0.1445882,0.),(0.0764268,0.1450372,0.),(0.0763299,0.1449816,0.),(0.0757426,0.1445882,0.),(0.0764268,0.1450372,0.),(0.0757426,0.1445882,0.),(0.0758312,0.1445552,0.),(0.0771530,0.1455636,0.),(0.0764268,0.1450372,0.),(0.0758312,0.1445552,0.),(0.0771530,0.1455636,0.),(0.0758312,0.1445552,0.),(0.0759228,0.1445316,0.),(0.0771530,0.1455636,0.),(0.0759228,0.1445316,0.),(0.0760174,0.1445175,0.),(0.0771530,0.1455636,0.),(0.0760174,0.1445175,0.),(0.0761148,0.1445128,0.),(0.0771530,0.1455636,0.),(0.0761148,0.1445128,0.),(0.0762140,0.1445174,0.),(0.0771530,0.1455636,0.),(0.0762140,0.1445174,0.),(0.0763099,0.1445313,0.),(0.0771530,0.1455636,0.),(0.0763099,0.1445313,0.),(0.0764025,0.1445544,0.),(0.0771530,0.1455636,0.),(0.0764025,0.1445544,0.),(0.0764919,0.1445868,0.),(0.0771530,0.1455636,0.),(0.0764919,0.1445868,0.),(0.0765779,0.1446285,0.),(0.0771530,0.1455636,0.),(0.0765779,0.1446285,0.),(0.0766607,0.1446794,0.),(0.0771530,0.1455636,0.),(0.0766607,0.1446794,0.),(0.0767403,0.1447396,0.),(0.0771530,0.1455636,0.),(0.0767403,0.1447396,0.),(0.0768165,0.1448091,0.),(0.0771530,0.1455636,0.),(0.0768165,0.1448091,0.),(0.0768966,0.1448984,0.),(0.0771530,0.1455636,0.),(0.0768966,0.1448984,0.),(0.0769661,0.1449939,0.),(0.0771530,0.1455636,0.),(0.0769661,0.1449939,0.),(0.0770248,0.1450955,0.),(0.0771530,0.1455636,0.),(0.0770248,0.1450955,0.),(0.0770729,0.1452033,0.),(0.0771530,0.1455636,0.),(0.0770729,0.1452033,0.),(0.0771103,0.1453173,0.),(0.0771530,0.1455636,0.),(0.0771103,0.1453173,0.),(0.0771370,0.1454373,0.),(0.0735631,0.1455636,0.),(0.0735685,0.1456960,0.),(0.0735685,0.1473861,0.),(0.0735631,0.1455636,0.),(0.0735685,0.1473861,0.),(0.0735632,0.1475167,0.),(0.0735631,0.1455636,0.),(0.0735632,0.1475167,0.),(0.0735473,0.1476414,0.),(0.0735631,0.1455636,0.),(0.0735473,0.1476414,0.),(0.0735207,0.1477600,0.),(0.0735631,0.1455636,0.),(0.0735207,0.1477600,0.),(0.0734836,0.1478727,0.),(0.0735631,0.1455636,0.),(0.0734836,0.1478727,0.),(0.0734358,0.1479794,0.),(0.0735631,0.1455636,0.),(0.0734358,0.1479794,0.),(0.0733774,0.1480801,0.),(0.0735631,0.1455636,0.),(0.0733774,0.1480801,0.),(0.0733084,0.1481748,0.),(0.0735631,0.1455636,0.),(0.0733084,0.1481748,0.),(0.0732288,0.1482635,0.),(0.0735631,0.1455636,0.),(0.0732288,0.1482635,0.),(0.0731521,0.1483352,0.),(0.0735631,0.1455636,0.),(0.0731521,0.1483352,0.),(0.0730723,0.1483973,0.),(0.0735631,0.1455636,0.),(0.0730723,0.1483973,0.),(0.0729895,0.1484499,0.),(0.0729895,0.1484499,0.),(0.0729036,0.1484929,0.),(0.0728146,0.1485263,0.),(0.0729895,0.1484499,0.),(0.0728146,0.1485263,0.),(0.0727225,0.1485502,0.),(0.0729895,0.1484499,0.),(0.0727225,0.1485502,0.),(0.0726274,0.1485646,0.),(0.0729895,0.1484499,0.),(0.0726274,0.1485646,0.),(0.0725292,0.1485693,0.),(0.0729895,0.1484499,0.),(0.0725292,0.1485693,0.),(0.0724321,0.1485646,0.),(0.0729895,0.1484499,0.),(0.0724321,0.1485646,0.),(0.0723377,0.1485502,0.),(0.0729895,0.1484499,0.),(0.0723377,0.1485502,0.),(0.0722460,0.1485263,0.),(0.0729895,0.1484499,0.),(0.0722460,0.1485263,0.),(0.0721569,0.1484929,0.),(0.0729895,0.1484499,0.),(0.0721569,0.1484929,0.),(0.0720706,0.1484499,0.),(0.0729895,0.1484499,0.),(0.0720706,0.1484499,0.),(0.0719869,0.1483973,0.),(0.0729895,0.1484499,0.),(0.0719869,0.1483973,0.),(0.0719059,0.1483352,0.),(0.0729895,0.1484499,0.),(0.0719059,0.1483352,0.),(0.0718275,0.1482635,0.),(0.0729895,0.1484499,0.),(0.0718275,0.1482635,0.),(0.0717479,0.1481765,0.),(0.0729895,0.1484499,0.),(0.0717479,0.1481765,0.),(0.0716789,0.1480833,0.),(0.0729895,0.1484499,0.),(0.0716789,0.1480833,0.),(0.0716205,0.1479839,0.),(0.0729895,0.1484499,0.),(0.0716205,0.1479839,0.),(0.0715727,0.1478783,0.),(0.0729895,0.1484499,0.),(0.0715727,0.1478783,0.),(0.0715356,0.1477664,0.),(0.0715356,0.1477664,0.),(0.0715090,0.1476483,0.),(0.0714931,0.1475240,0.),(0.0715356,0.1477664,0.),(0.0714931,0.1475240,0.),(0.0714878,0.1473935,0.),(0.0715356,0.1477664,0.),(0.0714878,0.1473935,0.),(0.0714878,0.1473861,0.),(0.0715356,0.1477664,0.),(0.0714878,0.1473861,0.),(0.0714878,0.1456917,0.),(0.0715356,0.1477664,0.),(0.0714878,0.1456917,0.),(0.0714931,0.1455604,0.),(0.0715356,0.1477664,0.),(0.0714931,0.1455604,0.),(0.0715090,0.1454353,0.),(0.0715356,0.1477664,0.),(0.0715090,0.1454353,0.),(0.0715356,0.1453163,0.),(0.0715356,0.1477664,0.),(0.0715356,0.1453163,0.),(0.0715727,0.1452036,0.),(0.0715356,0.1477664,0.),(0.0715727,0.1452036,0.),(0.0716205,0.1450970,0.),(0.0715356,0.1477664,0.),(0.0716205,0.1450970,0.),(0.0716789,0.1449966,0.),(0.0715356,0.1477664,0.),(0.0716789,0.1449966,0.),(0.0717479,0.1449024,0.),(0.0715356,0.1477664,0.),(0.0717479,0.1449024,0.),(0.0718275,0.1448144,0.),(0.0718275,0.1448144,0.),(0.0721313,0.1451107,0.),(0.0720373,0.1452271,0.),(0.0718275,0.1448144,0.),(0.0720373,0.1452271,0.),(0.0719701,0.1453634,0.),(0.0718275,0.1448144,0.),(0.0719701,0.1453634,0.),(0.0719299,0.1455197,0.),(0.0715356,0.1477664,0.),(0.0718275,0.1448144,0.),(0.0719299,0.1455197,0.),(0.0715356,0.1477664,0.),(0.0719299,0.1455197,0.),(0.0719198,0.1456053,0.),(0.0715356,0.1477664,0.),(0.0719198,0.1456053,0.),(0.0719164,0.1456960,0.),(0.0715356,0.1477664,0.),(0.0719164,0.1456960,0.),(0.0719164,0.1473935,0.),(0.0715356,0.1477664,0.),(0.0719164,0.1473935,0.),(0.0719198,0.1474818,0.),(0.0715356,0.1477664,0.),(0.0719198,0.1474818,0.),(0.0719297,0.1475653,0.),(0.0715356,0.1477664,0.),(0.0719297,0.1475653,0.),(0.0719463,0.1476438,0.),(0.0715356,0.1477664,0.),(0.0719463,0.1476438,0.),(0.0719696,0.1477174,0.),(0.0715356,0.1477664,0.),(0.0719696,0.1477174,0.),(0.0720361,0.1478499,0.),(0.0715356,0.1477664,0.),(0.0720361,0.1478499,0.),(0.0721292,0.1479629,0.),(0.0715356,0.1477664,0.),(0.0721292,0.1479629,0.),(0.0722244,0.1480416,0.),(0.0715356,0.1477664,0.),(0.0722244,0.1480416,0.),(0.0723228,0.1480979,0.),(0.0729895,0.1484499,0.),(0.0715356,0.1477664,0.),(0.0723228,0.1480979,0.),(0.0729895,0.1484499,0.),(0.0723228,0.1480979,0.),(0.0724244,0.1481316,0.),(0.0729895,0.1484499,0.),(0.0724244,0.1481316,0.),(0.0725292,0.1481428,0.),(0.0729895,0.1484499,0.),(0.0725292,0.1481428,0.),(0.0726383,0.1481316,0.),(0.0729895,0.1484499,0.),(0.0726383,0.1481316,0.),(0.0727411,0.1480979,0.),(0.0729895,0.1484499,0.),(0.0727411,0.1480979,0.),(0.0728378,0.1480416,0.),(0.0729895,0.1484499,0.),(0.0728378,0.1480416,0.),(0.0729282,0.1479629,0.),(0.0729895,0.1484499,0.),(0.0729282,0.1479629,0.),(0.0730213,0.1478443,0.),(0.0729895,0.1484499,0.),(0.0730213,0.1478443,0.),(0.0730877,0.1477087,0.),(0.0729895,0.1484499,0.),(0.0730877,0.1477087,0.),(0.0731276,0.1475559,0.),(0.0735631,0.1455636,0.),(0.0729895,0.1484499,0.),(0.0731276,0.1475559,0.),(0.0735631,0.1455636,0.),(0.0731276,0.1475559,0.),(0.0731376,0.1474732,0.),(0.0735631,0.1455636,0.),(0.0731376,0.1474732,0.),(0.0731409,0.1473861,0.),(0.0735631,0.1455636,0.),(0.0731409,0.1473861,0.),(0.0731409,0.1456960,0.),(0.0735631,0.1455636,0.),(0.0731409,0.1456960,0.),(0.0731376,0.1456063,0.),(0.0735631,0.1455636,0.),(0.0731376,0.1456063,0.),(0.0731276,0.1455215,0.),(0.0735631,0.1455636,0.),(0.0731276,0.1455215,0.),(0.0731110,0.1454416,0.),(0.0735631,0.1455636,0.),(0.0731110,0.1454416,0.),(0.0730877,0.1453666,0.),(0.0735631,0.1455636,0.),(0.0730877,0.1453666,0.),(0.0730213,0.1452310,0.),(0.0735631,0.1455636,0.),(0.0730213,0.1452310,0.),(0.0729282,0.1451149,0.),(0.0735631,0.1455636,0.),(0.0729282,0.1451149,0.),(0.0728370,0.1450372,0.),(0.0722228,0.1450348,0.),(0.0721313,0.1451107,0.),(0.0718275,0.1448144,0.),(0.0723197,0.1449805,0.),(0.0722228,0.1450348,0.),(0.0718275,0.1448144,0.),(0.0724218,0.1449480,0.),(0.0723197,0.1449805,0.),(0.0718275,0.1448144,0.),(0.0725292,0.1449371,0.),(0.0724218,0.1449480,0.),(0.0718275,0.1448144,0.),(0.0726375,0.1449483,0.),(0.0725292,0.1449371,0.),(0.0718275,0.1448144,0.),(0.0726375,0.1449483,0.),(0.0718275,0.1448144,0.),(0.0719044,0.1447437,0.),(0.0726375,0.1449483,0.),(0.0719044,0.1447437,0.),(0.0719842,0.1446824,0.),(0.0727401,0.1449816,0.),(0.0726375,0.1449483,0.),(0.0719842,0.1446824,0.),(0.0727401,0.1449816,0.),(0.0719842,0.1446824,0.),(0.0720670,0.1446306,0.),(0.0727401,0.1449816,0.),(0.0720670,0.1446306,0.),(0.0721527,0.1445882,0.),(0.0728370,0.1450372,0.),(0.0727401,0.1449816,0.),(0.0721527,0.1445882,0.),(0.0728370,0.1450372,0.),(0.0721527,0.1445882,0.),(0.0722414,0.1445552,0.),(0.0735631,0.1455636,0.),(0.0728370,0.1450372,0.),(0.0722414,0.1445552,0.),(0.0735631,0.1455636,0.),(0.0722414,0.1445552,0.),(0.0723329,0.1445316,0.),(0.0735631,0.1455636,0.),(0.0723329,0.1445316,0.),(0.0724275,0.1445175,0.),(0.0735631,0.1455636,0.),(0.0724275,0.1445175,0.),(0.0725250,0.1445128,0.),(0.0735631,0.1455636,0.),(0.0725250,0.1445128,0.),(0.0726241,0.1445174,0.),(0.0735631,0.1455636,0.),(0.0726241,0.1445174,0.),(0.0727200,0.1445313,0.),(0.0735631,0.1455636,0.),(0.0727200,0.1445313,0.),(0.0728127,0.1445544,0.),(0.0735631,0.1455636,0.),(0.0728127,0.1445544,0.),(0.0729020,0.1445868,0.),(0.0735631,0.1455636,0.),(0.0729020,0.1445868,0.),(0.0729881,0.1446285,0.),(0.0735631,0.1455636,0.),(0.0729881,0.1446285,0.),(0.0730709,0.1446794,0.),(0.0735631,0.1455636,0.),(0.0730709,0.1446794,0.),(0.0731504,0.1447396,0.),(0.0735631,0.1455636,0.),(0.0731504,0.1447396,0.),(0.0732266,0.1448091,0.),(0.0735631,0.1455636,0.),(0.0732266,0.1448091,0.),(0.0733068,0.1448984,0.),(0.0735631,0.1455636,0.),(0.0733068,0.1448984,0.),(0.0733762,0.1449939,0.),(0.0735631,0.1455636,0.),(0.0733762,0.1449939,0.),(0.0734350,0.1450955,0.),(0.0735631,0.1455636,0.),(0.0734350,0.1450955,0.),(0.0734830,0.1452033,0.),(0.0735631,0.1455636,0.),(0.0734830,0.1452033,0.),(0.0735204,0.1453173,0.),(0.0735631,0.1455636,0.),(0.0735204,0.1453173,0.),(0.0735471,0.1454373,0.),(0.0805355,0.1454324,0.),(0.0805376,0.1453838,0.),(0.0805615,0.1452917,0.),(0.0805355,0.1454324,0.),(0.0805615,0.1452917,0.),(0.0805894,0.1452054,0.),(0.0805355,0.1454324,0.),(0.0805894,0.1452054,0.),(0.0806212,0.1451249,0.),(0.0805355,0.1454324,0.),(0.0806212,0.1451249,0.),(0.0806569,0.1450501,0.),(0.0805355,0.1454324,0.),(0.0806569,0.1450501,0.),(0.0806966,0.1449812,0.),(0.0805355,0.1454324,0.),(0.0806966,0.1449812,0.),(0.0807402,0.1449180,0.),(0.0805355,0.1454324,0.),(0.0807402,0.1449180,0.),(0.0808392,0.1448091,0.),(0.0805355,0.1454324,0.),(0.0808392,0.1448091,0.),(0.0809202,0.1447396,0.),(0.0805355,0.1454324,0.),(0.0809202,0.1447396,0.),(0.0810033,0.1446794,0.),(0.0805355,0.1454324,0.),(0.0810033,0.1446794,0.),(0.0810886,0.1446285,0.),(0.0805355,0.1454324,0.),(0.0810886,0.1446285,0.),(0.0811761,0.1445868,0.),(0.0805355,0.1454324,0.),(0.0811761,0.1445868,0.),(0.0812656,0.1445544,0.),(0.0805355,0.1454324,0.),(0.0812656,0.1445544,0.),(0.0813574,0.1445313,0.),(0.0805355,0.1454324,0.),(0.0813574,0.1445313,0.),(0.0814512,0.1445174,0.),(0.0805355,0.1454324,0.),(0.0814512,0.1445174,0.),(0.0815473,0.1445128,0.),(0.0805355,0.1454324,0.),(0.0815473,0.1445128,0.),(0.0816425,0.1445175,0.),(0.0805355,0.1454324,0.),(0.0816425,0.1445175,0.),(0.0817351,0.1445316,0.),(0.0805355,0.1454324,0.),(0.0817351,0.1445316,0.),(0.0818251,0.1445552,0.),(0.0805355,0.1454324,0.),(0.0818251,0.1445552,0.),(0.0819124,0.1445882,0.),(0.0819124,0.1445882,0.),(0.0819971,0.1446306,0.),(0.0820791,0.1446824,0.),(0.0819124,0.1445882,0.),(0.0820791,0.1446824,0.),(0.0821584,0.1447437,0.),(0.0819124,0.1445882,0.),(0.0821584,0.1447437,0.),(0.0822352,0.1448144,0.),(0.0819124,0.1445882,0.),(0.0822352,0.1448144,0.),(0.0823153,0.1449026,0.),(0.0819124,0.1445882,0.),(0.0823153,0.1449026,0.),(0.0823847,0.1449975,0.),(0.0819124,0.1445882,0.),(0.0823847,0.1449975,0.),(0.0824435,0.1450989,0.),(0.0819124,0.1445882,0.),(0.0824435,0.1450989,0.),(0.0824916,0.1452070,0.),(0.0819124,0.1445882,0.),(0.0824916,0.1452070,0.),(0.0825289,0.1453217,0.),(0.0819124,0.1445882,0.),(0.0825289,0.1453217,0.),(0.0825557,0.1454430,0.),(0.0819124,0.1445882,0.),(0.0825557,0.1454430,0.),(0.0825717,0.1455710,0.),(0.0819124,0.1445882,0.),(0.0825717,0.1455710,0.),(0.0825770,0.1457055,0.),(0.0819124,0.1445882,0.),(0.0825770,0.1457055,0.),(0.0825757,0.1458088,0.),(0.0819124,0.1445882,0.),(0.0825757,0.1458088,0.),(0.0825719,0.1459080,0.),(0.0819124,0.1445882,0.),(0.0825719,0.1459080,0.),(0.0825654,0.1460032,0.),(0.0819124,0.1445882,0.),(0.0825654,0.1460032,0.),(0.0825564,0.1460944,0.),(0.0819124,0.1445882,0.),(0.0825564,0.1460944,0.),(0.0825448,0.1461815,0.),(0.0819124,0.1445882,0.),(0.0825448,0.1461815,0.),(0.0825306,0.1462645,0.),(0.0819124,0.1445882,0.),(0.0825306,0.1462645,0.),(0.0825138,0.1463436,0.),(0.0819124,0.1445882,0.),(0.0825138,0.1463436,0.),(0.0824945,0.1464185,0.),(0.0819124,0.1445882,0.),(0.0824945,0.1464185,0.),(0.0824480,0.1465564,0.),(0.0824480,0.1465564,0.),(0.0823913,0.1466780,0.),(0.0823242,0.1467835,0.),(0.0824480,0.1465564,0.),(0.0823242,0.1467835,0.),(0.0822468,0.1468728,0.),(0.0824480,0.1465564,0.),(0.0822468,0.1468728,0.),(0.0821673,0.1469423,0.),(0.0824480,0.1465564,0.),(0.0821673,0.1469423,0.),(0.0820855,0.1470025,0.),(0.0824480,0.1465564,0.),(0.0820855,0.1470025,0.),(0.0820013,0.1470534,0.),(0.0824480,0.1465564,0.),(0.0820013,0.1470534,0.),(0.0819148,0.1470951,0.),(0.0824480,0.1465564,0.),(0.0819148,0.1470951,0.),(0.0818259,0.1471275,0.),(0.0824480,0.1465564,0.),(0.0818259,0.1471275,0.),(0.0817347,0.1471506,0.),(0.0824480,0.1465564,0.),(0.0817347,0.1471506,0.),(0.0816411,0.1471645,0.),(0.0824480,0.1465564,0.),(0.0816411,0.1471645,0.),(0.0815451,0.1471692,0.),(0.0824480,0.1465564,0.),(0.0815451,0.1471692,0.),(0.0814598,0.1471659,0.),(0.0824480,0.1465564,0.),(0.0814598,0.1471659,0.),(0.0813775,0.1471561,0.),(0.0824480,0.1465564,0.),(0.0813775,0.1471561,0.),(0.0812980,0.1471399,0.),(0.0824480,0.1465564,0.),(0.0812980,0.1471399,0.),(0.0812216,0.1471170,0.),(0.0824480,0.1465564,0.),(0.0812216,0.1471170,0.),(0.0810774,0.1470519,0.),(0.0824480,0.1465564,0.),(0.0810774,0.1470519,0.),(0.0809451,0.1469607,0.),(0.0809874,0.1481386,0.),(0.0822627,0.1481386,0.),(0.0823442,0.1481545,0.),(0.0809874,0.1481386,0.),(0.0823442,0.1481545,0.),(0.0824130,0.1482021,0.),(0.0809874,0.1481386,0.),(0.0824130,0.1482021,0.),(0.0824598,0.1482714,0.),(0.0809874,0.1481386,0.),(0.0824598,0.1482714,0.),(0.0824754,0.1483524,0.),(0.0809874,0.1481386,0.),(0.0824754,0.1483524,0.),(0.0824598,0.1484331,0.),(0.0809874,0.1481386,0.),(0.0824598,0.1484331,0.),(0.0824130,0.1485016,0.),(0.0809874,0.1481386,0.),(0.0824130,0.1485016,0.),(0.0823442,0.1485492,0.),(0.0809874,0.1481386,0.),(0.0823442,0.1485492,0.),(0.0822627,0.1485651,0.),(0.0809874,0.1481386,0.),(0.0822627,0.1485651,0.),(0.0807906,0.1485651,0.),(0.0809451,0.1469607,0.),(0.0809874,0.1481386,0.),(0.0807906,0.1485651,0.),(0.0809451,0.1469607,0.),(0.0807906,0.1485651,0.),(0.0807101,0.1485511,0.),(0.0809451,0.1469607,0.),(0.0807101,0.1485511,0.),(0.0806403,0.1485090,0.),(0.0809451,0.1469607,0.),(0.0806403,0.1485090,0.),(0.0805926,0.1484439,0.),(0.0809451,0.1469607,0.),(0.0805926,0.1484439,0.),(0.0805768,0.1483651,0.),(0.0809451,0.1469607,0.),(0.0805768,0.1483651,0.),(0.0804963,0.1463003,0.),(0.0809451,0.1469607,0.),(0.0804963,0.1463003,0.),(0.0805096,0.1462209,0.),(0.0809451,0.1469607,0.),(0.0805096,0.1462209,0.),(0.0805493,0.1461500,0.),(0.0809451,0.1469607,0.),(0.0805493,0.1461500,0.),(0.0806143,0.1460960,0.),(0.0809451,0.1469607,0.),(0.0806143,0.1460960,0.),(0.0806974,0.1460780,0.),(0.0809451,0.1469607,0.),(0.0806974,0.1460780,0.),(0.0807786,0.1460915,0.),(0.0809451,0.1469607,0.),(0.0807786,0.1460915,0.),(0.0808509,0.1461320,0.),(0.0809451,0.1469607,0.),(0.0808509,0.1461320,0.),(0.0809133,0.1462336,0.),(0.0809451,0.1469607,0.),(0.0809133,0.1462336,0.),(0.0809473,0.1463187,0.),(0.0809451,0.1469607,0.),(0.0809473,0.1463187,0.),(0.0809964,0.1464027,0.),(0.0809451,0.1469607,0.),(0.0809964,0.1464027,0.),(0.0810606,0.1464854,0.),(0.0809451,0.1469607,0.),(0.0810606,0.1464854,0.),(0.0811398,0.1465670,0.),(0.0809451,0.1469607,0.),(0.0811398,0.1465670,0.),(0.0812354,0.1466448,0.),(0.0809451,0.1469607,0.),(0.0812354,0.1466448,0.),(0.0813348,0.1467003,0.),(0.0809451,0.1469607,0.),(0.0813348,0.1467003,0.),(0.0814381,0.1467337,0.),(0.0809451,0.1469607,0.),(0.0814381,0.1467337,0.),(0.0815451,0.1467448,0.),(0.0809451,0.1469607,0.),(0.0815451,0.1467448,0.),(0.0816516,0.1467337,0.),(0.0824480,0.1465564,0.),(0.0809451,0.1469607,0.),(0.0816516,0.1467337,0.),(0.0824480,0.1465564,0.),(0.0816516,0.1467337,0.),(0.0817542,0.1467003,0.),(0.0824480,0.1465564,0.),(0.0817542,0.1467003,0.),(0.0818527,0.1466448,0.),(0.0824480,0.1465564,0.),(0.0818527,0.1466448,0.),(0.0819473,0.1465670,0.),(0.0824480,0.1465564,0.),(0.0819473,0.1465670,0.),(0.0820376,0.1464384,0.),(0.0824480,0.1465564,0.),(0.0820376,0.1464384,0.),(0.0820731,0.1463523,0.),(0.0824480,0.1465564,0.),(0.0820731,0.1463523,0.),(0.0821021,0.1462516,0.),(0.0824480,0.1465564,0.),(0.0821021,0.1462516,0.),(0.0821247,0.1461364,0.),(0.0824480,0.1465564,0.),(0.0821247,0.1461364,0.),(0.0821408,0.1460066,0.),(0.0824480,0.1465564,0.),(0.0821408,0.1460066,0.),(0.0821505,0.1458623,0.),(0.0824480,0.1465564,0.),(0.0821505,0.1458623,0.),(0.0821537,0.1457034,0.),(0.0824480,0.1465564,0.),(0.0821537,0.1457034,0.),(0.0821502,0.1456119,0.),(0.0824480,0.1465564,0.),(0.0821502,0.1456119,0.),(0.0821399,0.1455254,0.),(0.0824480,0.1465564,0.),(0.0821399,0.1455254,0.),(0.0821227,0.1454439,0.),(0.0819124,0.1445882,0.),(0.0824480,0.1465564,0.),(0.0821227,0.1454439,0.),(0.0819124,0.1445882,0.),(0.0821227,0.1454439,0.),(0.0820987,0.1453674,0.),(0.0819124,0.1445882,0.),(0.0820987,0.1453674,0.),(0.0820299,0.1452291,0.),(0.0819124,0.1445882,0.),(0.0820299,0.1452291,0.),(0.0819336,0.1451107,0.),(0.0819124,0.1445882,0.),(0.0819336,0.1451107,0.),(0.0818423,0.1450348,0.),(0.0819124,0.1445882,0.),(0.0818423,0.1450348,0.),(0.0817462,0.1449805,0.),(0.0819124,0.1445882,0.),(0.0817462,0.1449805,0.),(0.0816454,0.1449480,0.),(0.0819124,0.1445882,0.),(0.0816454,0.1449480,0.),(0.0815399,0.1449371,0.),(0.0819124,0.1445882,0.),(0.0815399,0.1449371,0.),(0.0814373,0.1449484,0.),(0.0819124,0.1445882,0.),(0.0814373,0.1449484,0.),(0.0813348,0.1449821,0.),(0.0819124,0.1445882,0.),(0.0813348,0.1449821,0.),(0.0812325,0.1450383,0.),(0.0805355,0.1454324,0.),(0.0819124,0.1445882,0.),(0.0812325,0.1450383,0.),(0.0805355,0.1454324,0.),(0.0812325,0.1450383,0.),(0.0811303,0.1451171,0.),(0.0805355,0.1454324,0.),(0.0811303,0.1451171,0.),(0.0810281,0.1452599,0.),(0.0805355,0.1454324,0.),(0.0810281,0.1452599,0.),(0.0809886,0.1453599,0.),(0.0805355,0.1454324,0.),(0.0809886,0.1453599,0.),(0.0809567,0.1454790,0.),(0.0805355,0.1454324,0.),(0.0809567,0.1454790,0.),(0.0809127,0.1455517,0.),(0.0805355,0.1454324,0.),(0.0809127,0.1455517,0.),(0.0808641,0.1456036,0.),(0.0805355,0.1454324,0.),(0.0808641,0.1456036,0.),(0.0807535,0.1456452,0.),(0.0805355,0.1454324,0.),(0.0807535,0.1456452,0.),(0.0807461,0.1456452,0.),(0.0805355,0.1454324,0.),(0.0807461,0.1456452,0.),(0.0806722,0.1456295,0.),(0.0805355,0.1454324,0.),(0.0806722,0.1456295,0.),(0.0806125,0.1455888,0.),(0.0778262,0.1454324,0.),(0.0778283,0.1453838,0.),(0.0778522,0.1452917,0.),(0.0778262,0.1454324,0.),(0.0778522,0.1452917,0.),(0.0778801,0.1452054,0.),(0.0778262,0.1454324,0.),(0.0778801,0.1452054,0.),(0.0779119,0.1451249,0.),(0.0778262,0.1454324,0.),(0.0779119,0.1451249,0.),(0.0779476,0.1450501,0.),(0.0778262,0.1454324,0.),(0.0779476,0.1450501,0.),(0.0779873,0.1449812,0.),(0.0778262,0.1454324,0.),(0.0779873,0.1449812,0.),(0.0780309,0.1449180,0.),(0.0778262,0.1454324,0.),(0.0780309,0.1449180,0.),(0.0781299,0.1448091,0.),(0.0778262,0.1454324,0.),(0.0781299,0.1448091,0.),(0.0782109,0.1447396,0.),(0.0778262,0.1454324,0.),(0.0782109,0.1447396,0.),(0.0782940,0.1446794,0.),(0.0778262,0.1454324,0.),(0.0782940,0.1446794,0.),(0.0783793,0.1446285,0.),(0.0778262,0.1454324,0.),(0.0783793,0.1446285,0.),(0.0784667,0.1445868,0.),(0.0778262,0.1454324,0.),(0.0784667,0.1445868,0.),(0.0785563,0.1445544,0.),(0.0778262,0.1454324,0.),(0.0785563,0.1445544,0.),(0.0786480,0.1445313,0.),(0.0778262,0.1454324,0.),(0.0786480,0.1445313,0.),(0.0787419,0.1445174,0.),(0.0778262,0.1454324,0.),(0.0787419,0.1445174,0.),(0.0788379,0.1445128,0.),(0.0778262,0.1454324,0.),(0.0788379,0.1445128,0.),(0.0789332,0.1445175,0.),(0.0778262,0.1454324,0.),(0.0789332,0.1445175,0.),(0.0790258,0.1445316,0.),(0.0778262,0.1454324,0.),(0.0790258,0.1445316,0.),(0.0791157,0.1445552,0.),(0.0778262,0.1454324,0.),(0.0791157,0.1445552,0.),(0.0792031,0.1445882,0.),(0.0792031,0.1445882,0.),(0.0792877,0.1446306,0.),(0.0793697,0.1446824,0.),(0.0792031,0.1445882,0.),(0.0793697,0.1446824,0.),(0.0794491,0.1447437,0.),(0.0792031,0.1445882,0.),(0.0794491,0.1447437,0.),(0.0795258,0.1448144,0.),(0.0792031,0.1445882,0.),(0.0795258,0.1448144,0.),(0.0796060,0.1449026,0.),(0.0792031,0.1445882,0.),(0.0796060,0.1449026,0.),(0.0796754,0.1449975,0.),(0.0792031,0.1445882,0.),(0.0796754,0.1449975,0.),(0.0797342,0.1450989,0.),(0.0792031,0.1445882,0.),(0.0797342,0.1450989,0.),(0.0797822,0.1452070,0.),(0.0792031,0.1445882,0.),(0.0797822,0.1452070,0.),(0.0798196,0.1453217,0.),(0.0792031,0.1445882,0.),(0.0798196,0.1453217,0.),(0.0798463,0.1454430,0.),(0.0792031,0.1445882,0.),(0.0798463,0.1454430,0.),(0.0798623,0.1455710,0.),(0.0792031,0.1445882,0.),(0.0798623,0.1455710,0.),(0.0798677,0.1457055,0.),(0.0792031,0.1445882,0.),(0.0798677,0.1457055,0.),(0.0798664,0.1458088,0.),(0.0792031,0.1445882,0.),(0.0798664,0.1458088,0.),(0.0798625,0.1459080,0.),(0.0792031,0.1445882,0.),(0.0798625,0.1459080,0.),(0.0798561,0.1460032,0.),(0.0792031,0.1445882,0.),(0.0798561,0.1460032,0.),(0.0798470,0.1460944,0.),(0.0792031,0.1445882,0.),(0.0798470,0.1460944,0.),(0.0798354,0.1461815,0.),(0.0792031,0.1445882,0.),(0.0798354,0.1461815,0.),(0.0798213,0.1462645,0.),(0.0792031,0.1445882,0.),(0.0798213,0.1462645,0.),(0.0798045,0.1463436,0.),(0.0792031,0.1445882,0.),(0.0798045,0.1463436,0.),(0.0797851,0.1464185,0.),(0.0792031,0.1445882,0.),(0.0797851,0.1464185,0.),(0.0797387,0.1465564,0.),(0.0797387,0.1465564,0.),(0.0796819,0.1466780,0.),(0.0796149,0.1467835,0.),(0.0797387,0.1465564,0.),(0.0796149,0.1467835,0.),(0.0795375,0.1468728,0.),(0.0797387,0.1465564,0.),(0.0795375,0.1468728,0.),(0.0794580,0.1469423,0.),(0.0797387,0.1465564,0.),(0.0794580,0.1469423,0.),(0.0793762,0.1470025,0.),(0.0797387,0.1465564,0.),(0.0793762,0.1470025,0.),(0.0792920,0.1470534,0.),(0.0797387,0.1465564,0.),(0.0792920,0.1470534,0.),(0.0792054,0.1470951,0.),(0.0797387,0.1465564,0.),(0.0792054,0.1470951,0.),(0.0791166,0.1471275,0.),(0.0797387,0.1465564,0.),(0.0791166,0.1471275,0.),(0.0790253,0.1471506,0.),(0.0797387,0.1465564,0.),(0.0790253,0.1471506,0.),(0.0789317,0.1471645,0.),(0.0797387,0.1465564,0.),(0.0789317,0.1471645,0.),(0.0788358,0.1471692,0.),(0.0797387,0.1465564,0.),(0.0788358,0.1471692,0.),(0.0787505,0.1471659,0.),(0.0797387,0.1465564,0.),(0.0787505,0.1471659,0.),(0.0786681,0.1471561,0.),(0.0797387,0.1465564,0.),(0.0786681,0.1471561,0.),(0.0785887,0.1471399,0.),(0.0797387,0.1465564,0.),(0.0785887,0.1471399,0.),(0.0785122,0.1471170,0.),(0.0797387,0.1465564,0.),(0.0785122,0.1471170,0.),(0.0783681,0.1470519,0.),(0.0797387,0.1465564,0.),(0.0783681,0.1470519,0.),(0.0782357,0.1469607,0.),(0.0782781,0.1481386,0.),(0.0795534,0.1481386,0.),(0.0796349,0.1481545,0.),(0.0782781,0.1481386,0.),(0.0796349,0.1481545,0.),(0.0797036,0.1482021,0.),(0.0782781,0.1481386,0.),(0.0797036,0.1482021,0.),(0.0797505,0.1482714,0.),(0.0782781,0.1481386,0.),(0.0797505,0.1482714,0.),(0.0797661,0.1483524,0.),(0.0782781,0.1481386,0.),(0.0797661,0.1483524,0.),(0.0797505,0.1484331,0.),(0.0782781,0.1481386,0.),(0.0797505,0.1484331,0.),(0.0797036,0.1485016,0.),(0.0782781,0.1481386,0.),(0.0797036,0.1485016,0.),(0.0796349,0.1485492,0.),(0.0782781,0.1481386,0.),(0.0796349,0.1485492,0.),(0.0795534,0.1485651,0.),(0.0782781,0.1481386,0.),(0.0795534,0.1485651,0.),(0.0780812,0.1485651,0.),(0.0782357,0.1469607,0.),(0.0782781,0.1481386,0.),(0.0780812,0.1485651,0.),(0.0782357,0.1469607,0.),(0.0780812,0.1485651,0.),(0.0780008,0.1485511,0.),(0.0782357,0.1469607,0.),(0.0780008,0.1485511,0.),(0.0779309,0.1485090,0.),(0.0782357,0.1469607,0.),(0.0779309,0.1485090,0.),(0.0778833,0.1484439,0.),(0.0782357,0.1469607,0.),(0.0778833,0.1484439,0.),(0.0778674,0.1483651,0.),(0.0782357,0.1469607,0.),(0.0778674,0.1483651,0.),(0.0777870,0.1463003,0.),(0.0782357,0.1469607,0.),(0.0777870,0.1463003,0.),(0.0778002,0.1462209,0.),(0.0782357,0.1469607,0.),(0.0778002,0.1462209,0.),(0.0778399,0.1461500,0.),(0.0782357,0.1469607,0.),(0.0778399,0.1461500,0.),(0.0779050,0.1460960,0.),(0.0782357,0.1469607,0.),(0.0779050,0.1460960,0.),(0.0779881,0.1460780,0.),(0.0782357,0.1469607,0.),(0.0779881,0.1460780,0.),(0.0780693,0.1460915,0.),(0.0782357,0.1469607,0.),(0.0780693,0.1460915,0.),(0.0781415,0.1461320,0.),(0.0782357,0.1469607,0.),(0.0781415,0.1461320,0.),(0.0782040,0.1462336,0.),(0.0782357,0.1469607,0.),(0.0782040,0.1462336,0.),(0.0782380,0.1463187,0.),(0.0782357,0.1469607,0.),(0.0782380,0.1463187,0.),(0.0782871,0.1464027,0.),(0.0782357,0.1469607,0.),(0.0782871,0.1464027,0.),(0.0783512,0.1464854,0.),(0.0782357,0.1469607,0.),(0.0783512,0.1464854,0.),(0.0784305,0.1465670,0.),(0.0782357,0.1469607,0.),(0.0784305,0.1465670,0.),(0.0785261,0.1466448,0.),(0.0782357,0.1469607,0.),(0.0785261,0.1466448,0.),(0.0786255,0.1467003,0.),(0.0782357,0.1469607,0.),(0.0786255,0.1467003,0.),(0.0787287,0.1467337,0.),(0.0782357,0.1469607,0.),(0.0787287,0.1467337,0.),(0.0788358,0.1467448,0.),(0.0782357,0.1469607,0.),(0.0788358,0.1467448,0.),(0.0789423,0.1467337,0.),(0.0797387,0.1465564,0.),(0.0782357,0.1469607,0.),(0.0789423,0.1467337,0.),(0.0797387,0.1465564,0.),(0.0789423,0.1467337,0.),(0.0790448,0.1467003,0.),(0.0797387,0.1465564,0.),(0.0790448,0.1467003,0.),(0.0791434,0.1466448,0.),(0.0797387,0.1465564,0.),(0.0791434,0.1466448,0.),(0.0792380,0.1465670,0.),(0.0797387,0.1465564,0.),(0.0792380,0.1465670,0.),(0.0793283,0.1464384,0.),(0.0797387,0.1465564,0.),(0.0793283,0.1464384,0.),(0.0793637,0.1463523,0.),(0.0797387,0.1465564,0.),(0.0793637,0.1463523,0.),(0.0793928,0.1462516,0.),(0.0797387,0.1465564,0.),(0.0793928,0.1462516,0.),(0.0794153,0.1461364,0.),(0.0797387,0.1465564,0.),(0.0794153,0.1461364,0.),(0.0794315,0.1460066,0.),(0.0797387,0.1465564,0.),(0.0794315,0.1460066,0.),(0.0794411,0.1458623,0.),(0.0797387,0.1465564,0.),(0.0794411,0.1458623,0.),(0.0794444,0.1457034,0.),(0.0797387,0.1465564,0.),(0.0794444,0.1457034,0.),(0.0794409,0.1456119,0.),(0.0797387,0.1465564,0.),(0.0794409,0.1456119,0.),(0.0794306,0.1455254,0.),(0.0797387,0.1465564,0.),(0.0794306,0.1455254,0.),(0.0794134,0.1454439,0.),(0.0792031,0.1445882,0.),(0.0797387,0.1465564,0.),(0.0794134,0.1454439,0.),(0.0792031,0.1445882,0.),(0.0794134,0.1454439,0.),(0.0793893,0.1453674,0.),(0.0792031,0.1445882,0.),(0.0793893,0.1453674,0.),(0.0793205,0.1452291,0.),(0.0792031,0.1445882,0.),(0.0793205,0.1452291,0.),(0.0792242,0.1451107,0.),(0.0792031,0.1445882,0.),(0.0792242,0.1451107,0.),(0.0791329,0.1450348,0.),(0.0792031,0.1445882,0.),(0.0791329,0.1450348,0.),(0.0790369,0.1449805,0.),(0.0792031,0.1445882,0.),(0.0790369,0.1449805,0.),(0.0789361,0.1449480,0.),(0.0792031,0.1445882,0.),(0.0789361,0.1449480,0.),(0.0788305,0.1449371,0.),(0.0792031,0.1445882,0.),(0.0788305,0.1449371,0.),(0.0787279,0.1449484,0.),(0.0792031,0.1445882,0.),(0.0787279,0.1449484,0.),(0.0786255,0.1449821,0.),(0.0792031,0.1445882,0.),(0.0786255,0.1449821,0.),(0.0785231,0.1450383,0.),(0.0778262,0.1454324,0.),(0.0792031,0.1445882,0.),(0.0785231,0.1450383,0.),(0.0778262,0.1454324,0.),(0.0785231,0.1450383,0.),(0.0784209,0.1451171,0.),(0.0778262,0.1454324,0.),(0.0784209,0.1451171,0.),(0.0783188,0.1452599,0.),(0.0778262,0.1454324,0.),(0.0783188,0.1452599,0.),(0.0782793,0.1453599,0.),(0.0778262,0.1454324,0.),(0.0782793,0.1453599,0.),(0.0782474,0.1454790,0.),(0.0778262,0.1454324,0.),(0.0782474,0.1454790,0.),(0.0782033,0.1455517,0.),(0.0778262,0.1454324,0.),(0.0782033,0.1455517,0.),(0.0781548,0.1456036,0.),(0.0778262,0.1454324,0.),(0.0781548,0.1456036,0.),(0.0780442,0.1456452,0.),(0.0778262,0.1454324,0.),(0.0780442,0.1456452,0.),(0.0780368,0.1456452,0.),(0.0778262,0.1454324,0.),(0.0780368,0.1456452,0.),(0.0779629,0.1456295,0.),(0.0778262,0.1454324,0.),(0.0779629,0.1456295,0.),(0.0779032,0.1455888,0.),(0.0740267,0.1445432,0.),(0.0740998,0.1444366,0.),(0.0742064,0.1443635,0.),(0.0740267,0.1445432,0.),(0.0742064,0.1443635,0.),(0.0743315,0.1443392,0.),(0.0740267,0.1445432,0.),(0.0743315,0.1443392,0.),(0.0744564,0.1443635,0.),(0.0740267,0.1445432,0.),(0.0744564,0.1443635,0.),(0.0745623,0.1444366,0.),(0.0740267,0.1445432,0.),(0.0745623,0.1444366,0.),(0.0746353,0.1445432,0.),(0.0740267,0.1445432,0.),(0.0746353,0.1445432,0.),(0.0746596,0.1446683,0.),(0.0740267,0.1445432,0.),(0.0746596,0.1446683,0.),(0.0746353,0.1447935,0.),(0.0740267,0.1445432,0.),(0.0746353,0.1447935,0.),(0.0745623,0.1449001,0.),(0.0740267,0.1445432,0.),(0.0745623,0.1449001,0.),(0.0744564,0.1449731,0.),(0.0740267,0.1445432,0.),(0.0744564,0.1449731,0.),(0.0743315,0.1449975,0.),(0.0740267,0.1445432,0.),(0.0743315,0.1449975,0.),(0.0742064,0.1449731,0.),(0.0740267,0.1445432,0.),(0.0742064,0.1449731,0.),(0.0740998,0.1449001,0.),(0.0740267,0.1445432,0.),(0.0740998,0.1449001,0.),(0.0740267,0.1447935,0.),(0.0740267,0.1445432,0.),(0.0740267,0.1447935,0.),(0.0740024,0.1446683,0.),(0.0929647,0.1462955,0.),(0.0943469,0.1445059,0.),(0.0944192,0.1444440,0.),(0.0929647,0.1462955,0.),(0.0944192,0.1444440,0.),(0.0945110,0.1444233,0.),(0.0929647,0.1462955,0.),(0.0945110,0.1444233,0.),(0.0946433,0.1444688,0.),(0.0929647,0.1462955,0.),(0.0946433,0.1444688,0.),(0.0947076,0.1445424,0.),(0.0929647,0.1462955,0.),(0.0947076,0.1445424,0.),(0.0947290,0.1446382,0.),(0.0929647,0.1462955,0.),(0.0947290,0.1446382,0.),(0.0946845,0.1447705,0.),(0.0929647,0.1462955,0.),(0.0946845,0.1447705,0.),(0.0935087,0.1462955,0.),(0.0935087,0.1462955,0.),(0.0935945,0.1462955,0.),(0.0937137,0.1463006,0.),(0.0929647,0.1462955,0.),(0.0935087,0.1462955,0.),(0.0937137,0.1463006,0.),(0.0921011,0.1462955,0.),(0.0929647,0.1462955,0.),(0.0937137,0.1463006,0.),(0.0921011,0.1462955,0.),(0.0937137,0.1463006,0.),(0.0938275,0.1463160,0.),(0.0921011,0.1462955,0.),(0.0938275,0.1463160,0.),(0.0939358,0.1463415,0.),(0.0921011,0.1462955,0.),(0.0939358,0.1463415,0.),(0.0940387,0.1463773,0.),(0.0921011,0.1462955,0.),(0.0940387,0.1463773,0.),(0.0941361,0.1464233,0.),(0.0921011,0.1462955,0.),(0.0941361,0.1464233,0.),(0.0942281,0.1464795,0.),(0.0921011,0.1462955,0.),(0.0942281,0.1464795,0.),(0.0943146,0.1465459,0.),(0.0921011,0.1462955,0.),(0.0943146,0.1465459,0.),(0.0943956,0.1466225,0.),(0.0921011,0.1462955,0.),(0.0943956,0.1466225,0.),(0.0944720,0.1467123,0.),(0.0921011,0.1462955,0.),(0.0944720,0.1467123,0.),(0.0945382,0.1468047,0.),(0.0921011,0.1462955,0.),(0.0945382,0.1468047,0.),(0.0945942,0.1468999,0.),(0.0945942,0.1468999,0.),(0.0946401,0.1469977,0.),(0.0942445,0.1471469,0.),(0.0945942,0.1468999,0.),(0.0942445,0.1471469,0.),(0.0941800,0.1470293,0.),(0.0945942,0.1468999,0.),(0.0941800,0.1470293,0.),(0.0940898,0.1469231,0.),(0.0945942,0.1468999,0.),(0.0940898,0.1469231,0.),(0.0939798,0.1468351,0.),(0.0945942,0.1468999,0.),(0.0939798,0.1468351,0.),(0.0938606,0.1467723,0.),(0.0945942,0.1468999,0.),(0.0938606,0.1467723,0.),(0.0937322,0.1467346,0.),(0.0921011,0.1462955,0.),(0.0945942,0.1468999,0.),(0.0937322,0.1467346,0.),(0.0921011,0.1462955,0.),(0.0937322,0.1467346,0.),(0.0935945,0.1467220,0.),(0.0921011,0.1462955,0.),(0.0935945,0.1467220,0.),(0.0921011,0.1467220,0.),(0.0942832,0.1472759,0.),(0.0942445,0.1471469,0.),(0.0946401,0.1469977,0.),(0.0942961,0.1474163,0.),(0.0942832,0.1472759,0.),(0.0946401,0.1469977,0.),(0.0942832,0.1475553,0.),(0.0942961,0.1474163,0.),(0.0946401,0.1469977,0.),(0.0942445,0.1476835,0.),(0.0942832,0.1475553,0.),(0.0946401,0.1469977,0.),(0.0941800,0.1478009,0.),(0.0942445,0.1476835,0.),(0.0946401,0.1469977,0.),(0.0941800,0.1478009,0.),(0.0946401,0.1469977,0.),(0.0946757,0.1470983,0.),(0.0941800,0.1478009,0.),(0.0946757,0.1470983,0.),(0.0947012,0.1472016,0.),(0.0940898,0.1479074,0.),(0.0941800,0.1478009,0.),(0.0947012,0.1472016,0.),(0.0940898,0.1479074,0.),(0.0947012,0.1472016,0.),(0.0947165,0.1473076,0.),(0.0940898,0.1479074,0.),(0.0947165,0.1473076,0.),(0.0947216,0.1474163,0.),(0.0939826,0.1479953,0.),(0.0940898,0.1479074,0.),(0.0947216,0.1474163,0.),(0.0939826,0.1479953,0.),(0.0947216,0.1474163,0.),(0.0947165,0.1475289,0.),(0.0939826,0.1479953,0.),(0.0947165,0.1475289,0.),(0.0947012,0.1476376,0.),(0.0938654,0.1480582,0.),(0.0939826,0.1479953,0.),(0.0947012,0.1476376,0.),(0.0938654,0.1480582,0.),(0.0947012,0.1476376,0.),(0.0946757,0.1477424,0.),(0.0938654,0.1480582,0.),(0.0946757,0.1477424,0.),(0.0946401,0.1478433,0.),(0.0937381,0.1480959,0.),(0.0938654,0.1480582,0.),(0.0946401,0.1478433,0.),(0.0937381,0.1480959,0.),(0.0946401,0.1478433,0.),(0.0945942,0.1479403,0.),(0.0937381,0.1480959,0.),(0.0945942,0.1479403,0.),(0.0945382,0.1480334,0.),(0.0936008,0.1481084,0.),(0.0937381,0.1480959,0.),(0.0945382,0.1480334,0.),(0.0936008,0.1481084,0.),(0.0945382,0.1480334,0.),(0.0944720,0.1481226,0.),(0.0921011,0.1481084,0.),(0.0936008,0.1481084,0.),(0.0944720,0.1481226,0.),(0.0921011,0.1481084,0.),(0.0944720,0.1481226,0.),(0.0943956,0.1482079,0.),(0.0921011,0.1481084,0.),(0.0943956,0.1482079,0.),(0.0943085,0.1482861,0.),(0.0921011,0.1481084,0.),(0.0943085,0.1482861,0.),(0.0942177,0.1483538,0.),(0.0921011,0.1481084,0.),(0.0942177,0.1483538,0.),(0.0941232,0.1484111,0.),(0.0921011,0.1481084,0.),(0.0941232,0.1484111,0.),(0.0940249,0.1484580,0.),(0.0921011,0.1481084,0.),(0.0940249,0.1484580,0.),(0.0939229,0.1484944,0.),(0.0921011,0.1481084,0.),(0.0939229,0.1484944,0.),(0.0938172,0.1485205,0.),(0.0921011,0.1481084,0.),(0.0938172,0.1485205,0.),(0.0937077,0.1485361,0.),(0.0921011,0.1481084,0.),(0.0937077,0.1485361,0.),(0.0935945,0.1485413,0.),(0.0921011,0.1481084,0.),(0.0935945,0.1485413,0.),(0.0918884,0.1485413,0.),(0.0921011,0.1467220,0.),(0.0921011,0.1481084,0.),(0.0918884,0.1485413,0.),(0.0921011,0.1462955,0.),(0.0921011,0.1467220,0.),(0.0918884,0.1485413,0.),(0.0921011,0.1462955,0.),(0.0918884,0.1485413,0.),(0.0918024,0.1485246,0.),(0.0921011,0.1462955,0.),(0.0918024,0.1485246,0.),(0.0917307,0.1484746,0.),(0.0921011,0.1462955,0.),(0.0917307,0.1484746,0.),(0.0916887,0.1484003,0.),(0.0921011,0.1462955,0.),(0.0916887,0.1484003,0.),(0.0916746,0.1483212,0.),(0.0921011,0.1462955,0.),(0.0916746,0.1483212,0.),(0.0916746,0.1446943,0.),(0.0921011,0.1462955,0.),(0.0916746,0.1446943,0.),(0.0916975,0.1446109,0.),(0.0921011,0.1462955,0.),(0.0916975,0.1446109,0.),(0.0917408,0.1445514,0.),(0.0921011,0.1462955,0.),(0.0917408,0.1445514,0.),(0.0918884,0.1445038,0.),(0.0921011,0.1462955,0.),(0.0918884,0.1445038,0.),(0.0919624,0.1445157,0.),(0.0921011,0.1462955,0.),(0.0919624,0.1445157,0.),(0.0920226,0.1445514,0.),(0.0921011,0.1462955,0.),(0.0920226,0.1445514,0.),(0.0921011,0.1446943,0.),(0.0907126,0.1463008,0.),(0.0907105,0.1446943,0.),(0.0907266,0.1446122,0.),(0.0907126,0.1463008,0.),(0.0907266,0.1446122,0.),(0.0907751,0.1445440,0.),(0.0907126,0.1463008,0.),(0.0907751,0.1445440,0.),(0.0908438,0.1444979,0.),(0.0907126,0.1463008,0.),(0.0908438,0.1444979,0.),(0.0909211,0.1444826,0.),(0.0907126,0.1463008,0.),(0.0909211,0.1444826,0.),(0.0910039,0.1444979,0.),(0.0907126,0.1463008,0.),(0.0910039,0.1444979,0.),(0.0910724,0.1445440,0.),(0.0907126,0.1463008,0.),(0.0910724,0.1445440,0.),(0.0911185,0.1446122,0.),(0.0907126,0.1463008,0.),(0.0911185,0.1446122,0.),(0.0911338,0.1446943,0.),(0.0907126,0.1463008,0.),(0.0911338,0.1446943,0.),(0.0911338,0.1483212,0.),(0.0907126,0.1463008,0.),(0.0911338,0.1483212,0.),(0.0911185,0.1484027,0.),(0.0907126,0.1463008,0.),(0.0911185,0.1484027,0.),(0.0910724,0.1484714,0.),(0.0907126,0.1463008,0.),(0.0910724,0.1484714,0.),(0.0910050,0.1485191,0.),(0.0907126,0.1463008,0.),(0.0910050,0.1485191,0.),(0.0909253,0.1485349,0.),(0.0907126,0.1463008,0.),(0.0909253,0.1485349,0.),(0.0908433,0.1485185,0.),(0.0907126,0.1463008,0.),(0.0908433,0.1485185,0.),(0.0907729,0.1484693,0.),(0.0907126,0.1463008,0.),(0.0907729,0.1484693,0.),(0.0907261,0.1484048,0.),(0.0907126,0.1463008,0.),(0.0907261,0.1484048,0.),(0.0907105,0.1483212,0.),(0.0907126,0.1463008,0.),(0.0907105,0.1483212,0.),(0.0907105,0.1467220,0.),(0.0885113,0.1463008,0.),(0.0907126,0.1463008,0.),(0.0907105,0.1467220,0.),(0.0885113,0.1463008,0.),(0.0907105,0.1467220,0.),(0.0885176,0.1467220,0.),(0.0885113,0.1463008,0.),(0.0885176,0.1467220,0.),(0.0885176,0.1483212,0.),(0.0885113,0.1463008,0.),(0.0885176,0.1483212,0.),(0.0885012,0.1484027,0.),(0.0885113,0.1463008,0.),(0.0885012,0.1484027,0.),(0.0884520,0.1484714,0.),(0.0885113,0.1463008,0.),(0.0884520,0.1484714,0.),(0.0883824,0.1485191,0.),(0.0885113,0.1463008,0.),(0.0883824,0.1485191,0.),(0.0883049,0.1485349,0.),(0.0885113,0.1463008,0.),(0.0883049,0.1485349,0.),(0.0882226,0.1485191,0.),(0.0885113,0.1463008,0.),(0.0882226,0.1485191,0.),(0.0881514,0.1484714,0.),(0.0885113,0.1463008,0.),(0.0881514,0.1484714,0.),(0.0881030,0.1484027,0.),(0.0885113,0.1463008,0.),(0.0881030,0.1484027,0.),(0.0880869,0.1483212,0.),(0.0885113,0.1463008,0.),(0.0880869,0.1483212,0.),(0.0880869,0.1446943,0.),(0.0885113,0.1463008,0.),(0.0880869,0.1446943,0.),(0.0881025,0.1446122,0.),(0.0885113,0.1463008,0.),(0.0881025,0.1446122,0.),(0.0881493,0.1445440,0.),(0.0885113,0.1463008,0.),(0.0881493,0.1445440,0.),(0.0882189,0.1444979,0.),(0.0885113,0.1463008,0.),(0.0882189,0.1444979,0.),(0.0883007,0.1444826,0.),(0.0885113,0.1463008,0.),(0.0883007,0.1444826,0.),(0.0883785,0.1444977,0.),(0.0885113,0.1463008,0.),(0.0883785,0.1444977,0.),(0.0884510,0.1445429,0.),(0.0885113,0.1463008,0.),(0.0884510,0.1445429,0.),(0.0884962,0.1446077,0.),(0.0885113,0.1463008,0.),(0.0884962,0.1446077,0.),(0.0885113,0.1446943,0.),(0.0956931,0.1460129,0.),(0.0956931,0.1483212,0.),(0.0956778,0.1484027,0.),(0.0956931,0.1460129,0.),(0.0956778,0.1484027,0.),(0.0956317,0.1484714,0.),(0.0956931,0.1460129,0.),(0.0956317,0.1484714,0.),(0.0955643,0.1485191,0.),(0.0956981,0.1459005,0.),(0.0956931,0.1460129,0.),(0.0955643,0.1485191,0.),(0.0956981,0.1459005,0.),(0.0955643,0.1485191,0.),(0.0954846,0.1485349,0.),(0.0956981,0.1459005,0.),(0.0954846,0.1485349,0.),(0.0954013,0.1485185,0.),(0.0956981,0.1459005,0.),(0.0954013,0.1485185,0.),(0.0953269,0.1484693,0.),(0.0956981,0.1459005,0.),(0.0953269,0.1484693,0.),(0.0952817,0.1484048,0.),(0.0956981,0.1459005,0.),(0.0952817,0.1484048,0.),(0.0952666,0.1483212,0.),(0.0956981,0.1459005,0.),(0.0952666,0.1483212,0.),(0.0952666,0.1460129,0.),(0.0956981,0.1459005,0.),(0.0952666,0.1460129,0.),(0.0952736,0.1458578,0.),(0.0956981,0.1459005,0.),(0.0952736,0.1458578,0.),(0.0952944,0.1457085,0.),(0.0956981,0.1459005,0.),(0.0952944,0.1457085,0.),(0.0953291,0.1455648,0.),(0.0956981,0.1459005,0.),(0.0953291,0.1455648,0.),(0.0953777,0.1454269,0.),(0.0956981,0.1459005,0.),(0.0953777,0.1454269,0.),(0.0954403,0.1452947,0.),(0.0956981,0.1459005,0.),(0.0954403,0.1452947,0.),(0.0955167,0.1451682,0.),(0.0956981,0.1459005,0.),(0.0955167,0.1451682,0.),(0.0956069,0.1450474,0.),(0.0956981,0.1459005,0.),(0.0956069,0.1450474,0.),(0.0957111,0.1449324,0.),(0.0956981,0.1459005,0.),(0.0957111,0.1449324,0.),(0.0958237,0.1448270,0.),(0.0958237,0.1448270,0.),(0.0959424,0.1447356,0.),(0.0960671,0.1446583,0.),(0.0958237,0.1448270,0.),(0.0960671,0.1446583,0.),(0.0961980,0.1445950,0.),(0.0958237,0.1448270,0.),(0.0961980,0.1445950,0.),(0.0963349,0.1445458,0.),(0.0958237,0.1448270,0.),(0.0963349,0.1445458,0.),(0.0964779,0.1445107,0.),(0.0958237,0.1448270,0.),(0.0964779,0.1445107,0.),(0.0966270,0.1444896,0.),(0.0958237,0.1448270,0.),(0.0966270,0.1444896,0.),(0.0967822,0.1444826,0.),(0.0958237,0.1448270,0.),(0.0967822,0.1444826,0.),(0.0969375,0.1444896,0.),(0.0958237,0.1448270,0.),(0.0969375,0.1444896,0.),(0.0970873,0.1445107,0.),(0.0958237,0.1448270,0.),(0.0970873,0.1445107,0.),(0.0972314,0.1445458,0.),(0.0958237,0.1448270,0.),(0.0972314,0.1445458,0.),(0.0973698,0.1445950,0.),(0.0958237,0.1448270,0.),(0.0973698,0.1445950,0.),(0.0975026,0.1446583,0.),(0.0958237,0.1448270,0.),(0.0975026,0.1446583,0.),(0.0976297,0.1447356,0.),(0.0958237,0.1448270,0.),(0.0976297,0.1447356,0.),(0.0977511,0.1448270,0.),(0.0958237,0.1448270,0.),(0.0977511,0.1448270,0.),(0.0978669,0.1449324,0.),(0.0978669,0.1449324,0.),(0.0979716,0.1450461,0.),(0.0980623,0.1451660,0.),(0.0978669,0.1449324,0.),(0.0980623,0.1451660,0.),(0.0981391,0.1452921,0.),(0.0978669,0.1449324,0.),(0.0981391,0.1452921,0.),(0.0982019,0.1454245,0.),(0.0978669,0.1449324,0.),(0.0982019,0.1454245,0.),(0.0982508,0.1455631,0.),(0.0978669,0.1449324,0.),(0.0982508,0.1455631,0.),(0.0982856,0.1457079,0.),(0.0978669,0.1449324,0.),(0.0982856,0.1457079,0.),(0.0983066,0.1458589,0.),(0.0978669,0.1449324,0.),(0.0983066,0.1458589,0.),(0.0983136,0.1460161,0.),(0.0978669,0.1449324,0.),(0.0983136,0.1460161,0.),(0.0983136,0.1483212,0.),(0.0978669,0.1449324,0.),(0.0983136,0.1483212,0.),(0.0982982,0.1484027,0.),(0.0978669,0.1449324,0.),(0.0982982,0.1484027,0.),(0.0982522,0.1484714,0.),(0.0978669,0.1449324,0.),(0.0982522,0.1484714,0.),(0.0981839,0.1485191,0.),(0.0978669,0.1449324,0.),(0.0981839,0.1485191,0.),(0.0981019,0.1485349,0.),(0.0978669,0.1449324,0.),(0.0981019,0.1485349,0.),(0.0980199,0.1485191,0.),(0.0978669,0.1449324,0.),(0.0980199,0.1485191,0.),(0.0979516,0.1484714,0.),(0.0979516,0.1484714,0.),(0.0979056,0.1484027,0.),(0.0978902,0.1483212,0.),(0.0979516,0.1484714,0.),(0.0978902,0.1483212,0.),(0.0978902,0.1460161,0.),(0.0978669,0.1449324,0.),(0.0979516,0.1484714,0.),(0.0978902,0.1460161,0.),(0.0978669,0.1449324,0.),(0.0978902,0.1460161,0.),(0.0978851,0.1459041,0.),(0.0978669,0.1449324,0.),(0.0978851,0.1459041,0.),(0.0978698,0.1457961,0.),(0.0978669,0.1449324,0.),(0.0978698,0.1457961,0.),(0.0978442,0.1456922,0.),(0.0978669,0.1449324,0.),(0.0978442,0.1456922,0.),(0.0978085,0.1455923,0.),(0.0978669,0.1449324,0.),(0.0978085,0.1455923,0.),(0.0977625,0.1454964,0.),(0.0978669,0.1449324,0.),(0.0977625,0.1454964,0.),(0.0977063,0.1454045,0.),(0.0978669,0.1449324,0.),(0.0977063,0.1454045,0.),(0.0976398,0.1453167,0.),(0.0978669,0.1449324,0.),(0.0976398,0.1453167,0.),(0.0975632,0.1452329,0.),(0.0978669,0.1449324,0.),(0.0975632,0.1452329,0.),(0.0974813,0.1451566,0.),(0.0978669,0.1449324,0.),(0.0974813,0.1451566,0.),(0.0973950,0.1450903,0.),(0.0978669,0.1449324,0.),(0.0973950,0.1450903,0.),(0.0973042,0.1450343,0.),(0.0978669,0.1449324,0.),(0.0973042,0.1450343,0.),(0.0972089,0.1449885,0.),(0.0978669,0.1449324,0.),(0.0972089,0.1449885,0.),(0.0971092,0.1449528,0.),(0.0978669,0.1449324,0.),(0.0971092,0.1449528,0.),(0.0970050,0.1449274,0.),(0.0978669,0.1449324,0.),(0.0970050,0.1449274,0.),(0.0968963,0.1449121,0.),(0.0958237,0.1448270,0.),(0.0978669,0.1449324,0.),(0.0968963,0.1449121,0.),(0.0958237,0.1448270,0.),(0.0968963,0.1449121,0.),(0.0967832,0.1449070,0.),(0.0958237,0.1448270,0.),(0.0967832,0.1449070,0.),(0.0966721,0.1449120,0.),(0.0958237,0.1448270,0.),(0.0966721,0.1449120,0.),(0.0965651,0.1449272,0.),(0.0958237,0.1448270,0.),(0.0965651,0.1449272,0.),(0.0964624,0.1449525,0.),(0.0958237,0.1448270,0.),(0.0964624,0.1449525,0.),(0.0963638,0.1449879,0.),(0.0958237,0.1448270,0.),(0.0963638,0.1449879,0.),(0.0962695,0.1450335,0.),(0.0958237,0.1448270,0.),(0.0962695,0.1450335,0.),(0.0961794,0.1450891,0.),(0.0958237,0.1448270,0.),(0.0961794,0.1450891,0.),(0.0960934,0.1451549,0.),(0.0958237,0.1448270,0.),(0.0960934,0.1451549,0.),(0.0960117,0.1452308,0.),(0.0958237,0.1448270,0.),(0.0960117,0.1452308,0.),(0.0959370,0.1453139,0.),(0.0958237,0.1448270,0.),(0.0959370,0.1453139,0.),(0.0958723,0.1454012,0.),(0.0958237,0.1448270,0.),(0.0958723,0.1454012,0.),(0.0958176,0.1454926,0.),(0.0958237,0.1448270,0.),(0.0958176,0.1454926,0.),(0.0957728,0.1455883,0.),(0.0958237,0.1448270,0.),(0.0957728,0.1455883,0.),(0.0957379,0.1456881,0.),(0.0958237,0.1448270,0.),(0.0957379,0.1456881,0.),(0.0957130,0.1457922,0.),(0.0956981,0.1459005,0.),(0.0958237,0.1448270,0.),(0.0957130,0.1457922,0.),(0.0874908,0.1481616,0.),(0.0875440,0.1483212,0.),(0.0875289,0.1484011,0.),(0.0874908,0.1481616,0.),(0.0875289,0.1484011,0.),(0.0874836,0.1484693,0.),(0.0874908,0.1481616,0.),(0.0874836,0.1484693,0.),(0.0874154,0.1485185,0.),(0.0874908,0.1481616,0.),(0.0874154,0.1485185,0.),(0.0873312,0.1485349,0.),(0.0874908,0.1481616,0.),(0.0873312,0.1485349,0.),(0.0847108,0.1485349,0.),(0.0874908,0.1481616,0.),(0.0847108,0.1485349,0.),(0.0846177,0.1485146,0.),(0.0874908,0.1481616,0.),(0.0846177,0.1485146,0.),(0.0845436,0.1484535,0.),(0.0874908,0.1481616,0.),(0.0845436,0.1484535,0.),(0.0844970,0.1483212,0.),(0.0874908,0.1481616,0.),(0.0844970,0.1483212,0.),(0.0844970,0.1483053,0.),(0.0874908,0.1481616,0.),(0.0844970,0.1483053,0.),(0.0845573,0.1481762,0.),(0.0874908,0.1481616,0.),(0.0845573,0.1481762,0.),(0.0846285,0.1481254,0.),(0.0874908,0.1481616,0.),(0.0846285,0.1481254,0.),(0.0847108,0.1481084,0.),(0.0874908,0.1481616,0.),(0.0847108,0.1481084,0.),(0.0858104,0.1481084,0.),(0.0858104,0.1481084,0.),(0.0858104,0.1446943,0.),(0.0858258,0.1446122,0.),(0.0858104,0.1481084,0.),(0.0858258,0.1446122,0.),(0.0858718,0.1445440,0.),(0.0858104,0.1481084,0.),(0.0858718,0.1445440,0.),(0.0859401,0.1444979,0.),(0.0858104,0.1481084,0.),(0.0859401,0.1444979,0.),(0.0860221,0.1444826,0.),(0.0858104,0.1481084,0.),(0.0860221,0.1444826,0.),(0.0861041,0.1444979,0.),(0.0858104,0.1481084,0.),(0.0861041,0.1444979,0.),(0.0861724,0.1445440,0.),(0.0858104,0.1481084,0.),(0.0861724,0.1445440,0.),(0.0862184,0.1446122,0.),(0.0858104,0.1481084,0.),(0.0862184,0.1446122,0.),(0.0862337,0.1446943,0.),(0.0858104,0.1481084,0.),(0.0862337,0.1446943,0.),(0.0862337,0.1481084,0.),(0.0874908,0.1481616,0.),(0.0858104,0.1481084,0.),(0.0862337,0.1481084,0.),(0.0874908,0.1481616,0.),(0.0862337,0.1481084,0.),(0.0873312,0.1481084,0.),(0.0874908,0.1481616,0.),(0.0873312,0.1481084,0.),(0.0874243,0.1481217,0.)));
#467=COMPLEX_TRIANGULATED_SURFACE_SET('surface set',#466,2700,(),(),(),((1,2,3),(4,5,6),(7,8,9),(10,11,12),(13,14,15),(16,17,18),(19,20,21),(22,23,24),(25,26,27),(28,29,30),(31,32,33),(34,35,36),(37,38,39),(40,41,42),(43,44,45),(46,47,48),(49,50,51),(52,53,54),(55,56,57),(58,59,60),(61,62,63),(64,65,66),(67,68,69),(70,71,72),(73,74,75),(76,77,78),(79,80,81),(82,83,84),(85,86,87),(88,89,90),(91,92,93),(94,95,96),(97,98,99),(100,101,102),(103,104,105),(106,107,108),(109,110,111),(112,113,114),(115,116,117),(118,119,120),(121,122,123),(124,125,126),(127,128,129),(130,131,132),(133,134,135),(136,137,138),(139,140,141),(142,143,144),(145,146,147),(148,149,150),(151,152,153),(154,155,156),(157,158,159),(160,161,162),(163,164,165),(166,167,168),(169,170,171),(172,173,174),(175,176,177),(178,179,180),(181,182,183),(184,185,186),(187,188,189),(190,191,192),(193,194,195),(196,197,198),(199,200,201),(202,203,204),(205,206,207),(208,209,210),(211,212,213),(214,215,216),(217,218,219),(220,221,222),(223,224,225),(226,227,228),(229,230,231),(232,233,234),(235,236,237),(238,239,240),(241,242,243),(244,245,246),(247,248,249),(250,251,252),(253,254,255),(256,257,258),(259,260,261),(262,263,264),(265,266,267),(268,269,270),(271,272,273),(274,275,276),(277,278,279),(280,281,282),(283,284,285),(286,287,288),(289,290,291),(292,293,294),(295,296,297),(298,299,300),(301,302,303),(304,305,306),(307,308,309),(310,311,312),(313,314,315),(316,317,318),(319,320,321),(322,323,324),(325,326,327),(328,329,330),(331,332,333),(334,335,336),(337,338,339),(340,341,342),(343,344,345),(346,347,348),(349,350,351),(352,353,354),(355,356,357),(358,359,360),(361,362,363),(364,365,366),(367,368,369),(370,371,372),(373,374,375),(376,377,378),(379,380,381),(382,383,384),(385,386,387),(388,389,390),(391,392,393),(394,395,396),(397,398,399),(400,401,402),(403,404,405),(406,407,408),(409,410,411),(412,413,414),(415,416,417),(418,419,420),(421,422,423),(424,425,426),(427,428,429),(430,431,432),(433,434,435),(436,437,438),(439,440,441),(442,443,444),(445,446,447),(448,449,450),(451,452,453),(454,455,456),(457,458,459),(460,461,462),(463,464,465),(466,467,468),(469,470,471),(472,473,474),(475,476,477),(478,479,480),(481,482,483),(484,485,486),(487,488,489),(490,491,492),(493,494,495),(496,497,498),(499,500,501),(502,503,504),(505,506,507),(508,509,510),(511,512,513),(514,515,516),(517,518,519),(520,521,522),(523,524,525),(526,527,528),(529,530,531),(532,533,534),(535,536,537),(538,539,540),(541,542,543),(544,545,546),(547,548,549),(550,551,552),(553,554,555),(556,557,558),(559,560,561),(562,563,564),(565,566,567),(568,569,570),(571,572,573),(574,575,576),(577,578,579),(580,581,582),(583,584,585),(586,587,588),(589,590,591),(592,593,594),(595,596,597),(598,599,600),(601,602,603),(604,605,606),(607,608,609),(610,611,612),(613,614,615),(616,617,618),(619,620,621),(622,623,624),(625,626,627),(628,629,630),(631,632,633),(634,635,636),(637,638,639),(640,641,642),(643,644,645),(646,647,648),(649,650,651),(652,653,654),(655,656,657),(658,659,660),(661,662,663),(664,665,666),(667,668,669),(670,671,672),(673,674,675),(676,677,678),(679,680,681),(682,683,684),(685,686,687),(688,689,690),(691,692,693),(694,695,696),(697,698,699),(700,701,702),(703,704,705),(706,707,708),(709,710,711),(712,713,714),(715,716,717),(718,719,720),(721,722,723),(724,725,726),(727,728,729),(730,731,732),(733,734,735),(736,737,738),(739,740,741),(742,743,744),(745,746,747),(748,749,750),(751,752,753),(754,755,756),(757,758,759),(760,761,762),(763,764,765),(766,767,768),(769,770,771),(772,773,774),(775,776,777),(778,779,780),(781,782,783),(784,785,786),(787,788,789),(790,791,792),(793,794,795),(796,797,798),(799,800,801),(802,803,804),(805,806,807),(808,809,810),(811,812,813),(814,815,816),(817,818,819),(820,821,822),(823,824,825),(826,827,828),(829,830,831),(832,833,834),(835,836,837),(838,839,840),(841,842,843),(844,845,846),(847,848,849),(850,851,852),(853,854,855),(856,857,858),(859,860,861),(862,863,864),(865,866,867),(868,869,870),(871,872,873),(874,875,876),(877,878,879),(880,881,882),(883,884,885),(886,887,888),(889,890,891),(892,893,894),(895,896,897),(898,899,900),(901,902,903),(904,905,906),(907,908,909),(910,911,912),(913,914,915),(916,917,918),(919,920,921),(922,923,924),(925,926,927),(928,929,930),(931,932,933),(934,935,936),(937,938,939),(940,941,942),(943,944,945),(946,947,948),(949,950,951),(952,953,954),(955,956,957),(958,959,960),(961,962,963),(964,965,966),(967,968,969),(970,971,972),(973,974,975),(976,977,978),(979,980,981),(982,983,984),(985,986,987),(988,989,990),(991,992,993),(994,995,996),(997,998,999),(1000,1001,1002),(1003,1004,1005),(1006,1007,1008),(1009,1010,1011),(1012,1013,1014),(1015,1016,1017),(1018,1019,1020),(1021,1022,1023),(1024,1025,1026),(1027,1028,1029),(1030,1031,1032),(1033,1034,1035),(1036,1037,1038),(1039,1040,1041),(1042,1043,1044),(1045,1046,1047),(1048,1049,1050),(1051,1052,1053),(1054,1055,1056),(1057,1058,1059),(1060,1061,1062),(1063,1064,1065),(1066,1067,1068),(1069,1070,1071),(1072,1073,1074),(1075,1076,1077),(1078,1079,1080),(1081,1082,1083),(1084,1085,1086),(1087,1088,1089),(1090,1091,1092),(1093,1094,1095),(1096,1097,1098),(1099,1100,1101),(1102,1103,1104),(1105,1106,1107),(1108,1109,1110),(1111,1112,1113),(1114,1115,1116),(1117,1118,1119),(1120,1121,1122),(1123,1124,1125),(1126,1127,1128),(1129,1130,1131),(1132,1133,1134),(1135,1136,1137),(1138,1139,1140),(1141,1142,1143),(1144,1145,1146),(1147,1148,1149),(1150,1151,1152),(1153,1154,1155),(1156,1157,1158),(1159,1160,1161),(1162,1163,1164),(1165,1166,1167),(1168,1169,1170),(1171,1172,1173),(1174,1175,1176),(1177,1178,1179),(1180,1181,1182),(1183,1184,1185),(1186,1187,1188),(1189,1190,1191),(1192,1193,1194),(1195,1196,1197),(1198,1199,1200),(1201,1202,1203),(1204,1205,1206),(1207,1208,1209),(1210,1211,1212),(1213,1214,1215),(1216,1217,1218),(1219,1220,1221),(1222,1223,1224),(1225,1226,1227),(1228,1229,1230),(1231,1232,1233),(1234,1235,1236),(1237,1238,1239),(1240,1241,1242),(1243,1244,1245),(1246,1247,1248),(1249,1250,1251),(1252,1253,1254),(1255,1256,1257),(1258,1259,1260),(1261,1262,1263),(1264,1265,1266),(1267,1268,1269),(1270,1271,1272),(1273,1274,1275),(1276,1277,1278),(1279,1280,1281),(1282,1283,1284),(1285,1286,1287),(1288,1289,1290),(1291,1292,1293),(1294,1295,1296),(1297,1298,1299),(1300,1301,1302),(1303,1304,1305),(1306,1307,1308),(1309,1310,1311),(1312,1313,1314),(1315,1316,1317),(1318,1319,1320),(1321,1322,1323),(1324,1325,1326),(1327,1328,1329),(1330,1331,1332),(1333,1334,1335),(1336,1337,1338),(1339,1340,1341),(1342,1343,1344),(1345,1346,1347),(1348,1349,1350),(1351,1352,1353),(1354,1355,1356),(1357,1358,1359),(1360,1361,1362),(1363,1364,1365),(1366,1367,1368),(1369,1370,1371),(1372,1373,1374),(1375,1376,1377),(1378,1379,1380),(1381,1382,1383),(1384,1385,1386),(1387,1388,1389),(1390,1391,1392),(1393,1394,1395),(1396,1397,1398),(1399,1400,1401),(1402,1403,1404),(1405,1406,1407),(1408,1409,1410),(1411,1412,1413),(1414,1415,1416),(1417,1418,1419),(1420,1421,1422),(1423,1424,1425),(1426,1427,1428),(1429,1430,1431),(1432,1433,1434),(1435,1436,1437),(1438,1439,1440),(1441,1442,1443),(1444,1445,1446),(1447,1448,1449),(1450,1451,1452),(1453,1454,1455),(1456,1457,1458),(1459,1460,1461),(1462,1463,1464),(1465,1466,1467),(1468,1469,1470),(1471,1472,1473),(1474,1475,1476),(1477,1478,1479),(1480,1481,1482),(1483,1484,1485),(1486,1487,1488),(1489,1490,1491),(1492,1493,1494),(1495,1496,1497),(1498,1499,1500),(1501,1502,1503),(1504,1505,1506),(1507,1508,1509),(1510,1511,1512),(1513,1514,1515),(1516,1517,1518),(1519,1520,1521),(1522,1523,1524),(1525,1526,1527),(1528,1529,1530),(1531,1532,1533),(1534,1535,1536),(1537,1538,1539),(1540,1541,1542),(1543,1544,1545),(1546,1547,1548),(1549,1550,1551),(1552,1553,1554),(1555,1556,1557),(1558,1559,1560),(1561,1562,1563),(1564,1565,1566),(1567,1568,1569),(1570,1571,1572),(1573,1574,1575),(1576,1577,1578),(1579,1580,1581),(1582,1583,1584),(1585,1586,1587),(1588,1589,1590),(1591,1592,1593),(1594,1595,1596),(1597,1598,1599),(1600,1601,1602),(1603,1604,1605),(1606,1607,1608),(1609,1610,1611),(1612,1613,1614),(1615,1616,1617),(1618,1619,1620),(1621,1622,1623),(1624,1625,1626),(1627,1628,1629),(1630,1631,1632),(1633,1634,1635),(1636,1637,1638),(1639,1640,1641),(1642,1643,1644),(1645,1646,1647),(1648,1649,1650),(1651,1652,1653),(1654,1655,1656),(1657,1658,1659),(1660,1661,1662),(1663,1664,1665),(1666,1667,1668),(1669,1670,1671),(1672,1673,1674),(1675,1676,1677),(1678,1679,1680),(1681,1682,1683),(1684,1685,1686),(1687,1688,1689),(1690,1691,1692),(1693,1694,1695),(1696,1697,1698),(1699,1700,1701),(1702,1703,1704),(1705,1706,1707),(1708,1709,1710),(1711,1712,1713),(1714,1715,1716),(1717,1718,1719),(1720,1721,1722),(1723,1724,1725),(1726,1727,1728),(1729,1730,1731),(1732,1733,1734),(1735,1736,1737),(1738,1739,1740),(1741,1742,1743),(1744,1745,1746),(1747,1748,1749),(1750,1751,1752),(1753,1754,1755),(1756,1757,1758),(1759,1760,1761),(1762,1763,1764),(1765,1766,1767),(1768,1769,1770),(1771,1772,1773),(1774,1775,1776),(1777,1778,1779),(1780,1781,1782),(1783,1784,1785),(1786,1787,1788),(1789,1790,1791),(1792,1793,1794),(1795,1796,1797),(1798,1799,1800),(1801,1802,1803),(1804,1805,1806),(1807,1808,1809),(1810,1811,1812),(1813,1814,1815),(1816,1817,1818),(1819,1820,1821),(1822,1823,1824),(1825,1826,1827),(1828,1829,1830),(1831,1832,1833),(1834,1835,1836),(1837,1838,1839),(1840,1841,1842),(1843,1844,1845),(1846,1847,1848),(1849,1850,1851),(1852,1853,1854),(1855,1856,1857),(1858,1859,1860),(1861,1862,1863),(1864,1865,1866),(1867,1868,1869),(1870,1871,1872),(1873,1874,1875),(1876,1877,1878),(1879,1880,1881),(1882,1883,1884),(1885,1886,1887),(1888,1889,1890),(1891,1892,1893),(1894,1895,1896),(1897,1898,1899),(1900,1901,1902),(1903,1904,1905),(1906,1907,1908),(1909,1910,1911),(1912,1913,1914),(1915,1916,1917),(1918,1919,1920),(1921,1922,1923),(1924,1925,1926),(1927,1928,1929),(1930,1931,1932),(1933,1934,1935),(1936,1937,1938),(1939,1940,1941),(1942,1943,1944),(1945,1946,1947),(1948,1949,1950),(1951,1952,1953),(1954,1955,1956),(1957,1958,1959),(1960,1961,1962),(1963,1964,1965),(1966,1967,1968),(1969,1970,1971),(1972,1973,1974),(1975,1976,1977),(1978,1979,1980),(1981,1982,1983),(1984,1985,1986),(1987,1988,1989),(1990,1991,1992),(1993,1994,1995),(1996,1997,1998),(1999,2000,2001),(2002,2003,2004),(2005,2006,2007),(2008,2009,2010),(2011,2012,2013),(2014,2015,2016),(2017,2018,2019),(2020,2021,2022),(2023,2024,2025),(2026,2027,2028),(2029,2030,2031),(2032,2033,2034),(2035,2036,2037),(2038,2039,2040),(2041,2042,2043),(2044,2045,2046),(2047,2048,2049),(2050,2051,2052),(2053,2054,2055),(2056,2057,2058),(2059,2060,2061),(2062,2063,2064),(2065,2066,2067),(2068,2069,2070),(2071,2072,2073),(2074,2075,2076),(2077,2078,2079),(2080,2081,2082),(2083,2084,2085),(2086,2087,2088),(2089,2090,2091),(2092,2093,2094),(2095,2096,2097),(2098,2099,2100),(2101,2102,2103),(2104,2105,2106),(2107,2108,2109),(2110,2111,2112),(2113,2114,2115),(2116,2117,2118),(2119,2120,2121),(2122,2123,2124),(2125,2126,2127),(2128,2129,2130),(2131,2132,2133),(2134,2135,2136),(2137,2138,2139),(2140,2141,2142),(2143,2144,2145),(2146,2147,2148),(2149,2150,2151),(2152,2153,2154),(2155,2156,2157),(2158,2159,2160),(2161,2162,2163),(2164,2165,2166),(2167,2168,2169),(2170,2171,2172),(2173,2174,2175),(2176,2177,2178),(2179,2180,2181),(2182,2183,2184),(2185,2186,2187),(2188,2189,2190),(2191,2192,2193),(2194,2195,2196),(2197,2198,2199),(2200,2201,2202),(2203,2204,2205),(2206,2207,2208),(2209,2210,2211),(2212,2213,2214),(2215,2216,2217),(2218,2219,2220),(2221,2222,2223),(2224,2225,2226),(2227,2228,2229),(2230,2231,2232),(2233,2234,2235),(2236,2237,2238),(2239,2240,2241),(2242,2243,2244),(2245,2246,2247),(2248,2249,2250),(2251,2252,2253),(2254,2255,2256),(2257,2258,2259),(2260,2261,2262),(2263,2264,2265),(2266,2267,2268),(2269,2270,2271),(2272,2273,2274),(2275,2276,2277),(2278,2279,2280),(2281,2282,2283),(2284,2285,2286),(2287,2288,2289),(2290,2291,2292),(2293,2294,2295),(2296,2297,2298),(2299,2300,2301),(2302,2303,2304),(2305,2306,2307),(2308,2309,2310),(2311,2312,2313),(2314,2315,2316),(2317,2318,2319),(2320,2321,2322),(2323,2324,2325),(2326,2327,2328),(2329,2330,2331),(2332,2333,2334),(2335,2336,2337),(2338,2339,2340),(2341,2342,2343),(2344,2345,2346),(2347,2348,2349),(2350,2351,2352),(2353,2354,2355),(2356,2357,2358),(2359,2360,2361),(2362,2363,2364),(2365,2366,2367),(2368,2369,2370),(2371,2372,2373),(2374,2375,2376),(2377,2378,2379),(2380,2381,2382),(2383,2384,2385),(2386,2387,2388),(2389,2390,2391),(2392,2393,2394),(2395,2396,2397),(2398,2399,2400),(2401,2402,2403),(2404,2405,2406),(2407,2408,2409),(2410,2411,2412),(2413,2414,2415),(2416,2417,2418),(2419,2420,2421),(2422,2423,2424),(2425,2426,2427),(2428,2429,2430),(2431,2432,2433),(2434,2435,2436),(2437,2438,2439),(2440,2441,2442),(2443,2444,2445),(2446,2447,2448),(2449,2450,2451),(2452,2453,2454),(2455,2456,2457),(2458,2459,2460),(2461,2462,2463),(2464,2465,2466),(2467,2468,2469),(2470,2471,2472),(2473,2474,2475),(2476,2477,2478),(2479,2480,2481),(2482,2483,2484),(2485,2486,2487),(2488,2489,2490),(2491,2492,2493),(2494,2495,2496),(2497,2498,2499),(2500,2501,2502),(2503,2504,2505),(2506,2507,2508),(2509,2510,2511),(2512,2513,2514),(2515,2516,2517),(2518,2519,2520),(2521,2522,2523),(2524,2525,2526),(2527,2528,2529),(2530,2531,2532),(2533,2534,2535),(2536,2537,2538),(2539,2540,2541),(2542,2543,2544),(2545,2546,2547),(2548,2549,2550),(2551,2552,2553),(2554,2555,2556),(2557,2558,2559),(2560,2561,2562),(2563,2564,2565),(2566,2567,2568),(2569,2570,2571),(2572,2573,2574),(2575,2576,2577),(2578,2579,2580),(2581,2582,2583),(2584,2585,2586),(2587,2588,2589),(2590,2591,2592),(2593,2594,2595),(2596,2597,2598),(2599,2600,2601),(2602,2603,2604),(2605,2606,2607),(2608,2609,2610),(2611,2612,2613),(2614,2615,2616),(2617,2618,2619),(2620,2621,2622),(2623,2624,2625),(2626,2627,2628),(2629,2630,2631),(2632,2633,2634),(2635,2636,2637),(2638,2639,2640),(2641,2642,2643),(2644,2645,2646),(2647,2648,2649),(2650,2651,2652),(2653,2654,2655),(2656,2657,2658),(2659,2660,2661),(2662,2663,2664),(2665,2666,2667),(2668,2669,2670),(2671,2672,2673),(2674,2675,2676),(2677,2678,2679),(2680,2681,2682),(2683,2684,2685),(2686,2687,2688),(2689,2690,2691),(2692,2693,2694),(2695,2696,2697),(2698,2699,2700)));
#468=TESSELLATED_GEOMETRIC_SET('hole callout',(#467));
#469=COORDINATES_LIST('coordinates',5,((0.0669454,0.1419454,0.),(0.0983136,0.1419454,0.),(-0.0205546,0.0594454,0.),(0.0619454,0.1419454,0.),(0.0669454,0.1419454,0.)));
#470=TESSELLATED_CURVE_SET('curve set',#469,((1,2),(3,4,5)));
#471=TESSELLATED_GEOMETRIC_SET('hole callout',(#470));
#472=TESSELLATED_ANNOTATION_OCCURRENCE('hole callout',(#465),#468);
#473=TESSELLATED_ANNOTATION_OCCURRENCE('hole callout',(#465),#471);
#474=DRAUGHTING_CALLOUT('hole callout',(#472,#473));
#475=DRAUGHTING_MODEL_ITEM_ASSOCIATION('','',#434,#416,#474);
#476=DRAUGHTING_MODEL_ITEM_ASSOCIATION('','',#432,#416,#474);
ENDSEC;
END-ISO-10303-21;
