ISO-10303-21;
HEADER;
/*Generated by software containing ST-Developer
 * from STEP Tools, Inc. (www.steptools.com) 
 */
/*OPTION: using custom renumber hook */
/*description */
/*implementation_level */
FILE_DESCRIPTION(('STEP AP242 Edition 2','STEP AP242 Edition 2''CAx-IF Rec.Pracs.---Representation and Presentation of Product Manufa
cturing Information (PMI)---4.0---2014-10-13','STEP AP242 Edition 2''CAx-IF Rec.Pracs.---Representation and Presentation of Product Manufa
cturing Information (PMI)---4.0---2014-10-13''CAx-IF Rec.Pracs.---3D Tessellated Geometry---0.4---2014-09-14','STEP AP242 Edition 2''CAx-IF Rec.Pracs.---Representation and Presentation of Product Manufa
cturing Information (PMI)---4.0---2014-10-13''CAx-IF Rec.Pracs.---3D Tessellated Geometry---0.4---2014-09-14''2;1','STEP AP242 Edition 2''CAx-IF Rec.Pracs.---Representation and Presentation of Product Manufa
cturing Information (PMI)---4.0---2014-10-13''CAx-IF Rec.Pracs.---3D Tessellated Geometry---0.4---2014-09-14''2;1''CAx-IF Rec.Pracs.---User Defined Attributes---1.5---2016-08-15'),'2;1');
/*name */
/*time_stamp */
/*author */
/*organization */
/*preprocessor_version */
/*originating_system */
/*authorisation */
FILE_NAME('/vol/tmp/translate-9544476948029653758/69ac36167b366b37381e7659.step','2026-03-07T14:28:40',(''),(''),'ST-DEVELOPER v20','ONSHAPE BY PTC INC, 1.211','  ');
FILE_SCHEMA(('AP242_MANAGED_MODEL_BASED_3D_ENGINEERING_MIM_LF { 1 0 10303 442 3 1 4 }'));
ENDSEC;
DATA;
#10=TOROIDAL_SURFACE('',#6084,0.015,0.008);
#11=TOROIDAL_SURFACE('',#6247,0.015,0.008);
#12=VERTEX_LOOP('',#3510);
#13=VERTEX_LOOP('',#3512);
#14=VERTEX_LOOP('',#3514);
#15=VERTEX_LOOP('',#3516);
#16=VERTEX_LOOP('',#3518);
#17=VERTEX_LOOP('',#3520);
#18=VERTEX_LOOP('',#3522);
#19=VERTEX_LOOP('',#3524);
#20=VERTEX_LOOP('',#3526);
#21=CONTEXT_DEPENDENT_SHAPE_REPRESENTATION(#167,#9609);
#22=CONTEXT_DEPENDENT_SHAPE_REPRESENTATION(#168,#9611);
#23=CONTEXT_DEPENDENT_SHAPE_REPRESENTATION(#169,#9613);
#24=CONTEXT_DEPENDENT_SHAPE_REPRESENTATION(#170,#9615);
#25=CONTEXT_DEPENDENT_SHAPE_REPRESENTATION(#171,#9616);
#26=CONTEXT_DEPENDENT_SHAPE_REPRESENTATION(#172,#9617);
#27=CONTEXT_DEPENDENT_SHAPE_REPRESENTATION(#173,#9618);
#28=CONTEXT_DEPENDENT_SHAPE_REPRESENTATION(#174,#9619);
#29=CONTEXT_DEPENDENT_SHAPE_REPRESENTATION(#175,#9620);
#30=CONTEXT_DEPENDENT_SHAPE_REPRESENTATION(#176,#9621);
#31=CONTEXT_DEPENDENT_SHAPE_REPRESENTATION(#177,#9623);
#32=CONTEXT_DEPENDENT_SHAPE_REPRESENTATION(#178,#9624);
#33=CONTEXT_DEPENDENT_SHAPE_REPRESENTATION(#179,#9625);
#34=CONTEXT_DEPENDENT_SHAPE_REPRESENTATION(#180,#9626);
#35=CONTEXT_DEPENDENT_SHAPE_REPRESENTATION(#181,#9627);
#36=CONTEXT_DEPENDENT_SHAPE_REPRESENTATION(#182,#9628);
#37=CONTEXT_DEPENDENT_SHAPE_REPRESENTATION(#183,#9629);
#38=CONTEXT_DEPENDENT_SHAPE_REPRESENTATION(#184,#9630);
#39=CONTEXT_DEPENDENT_SHAPE_REPRESENTATION(#185,#9632);
#40=CONTEXT_DEPENDENT_SHAPE_REPRESENTATION(#186,#9634);
#41=CONTEXT_DEPENDENT_SHAPE_REPRESENTATION(#187,#9635);
#42=CONTEXT_DEPENDENT_SHAPE_REPRESENTATION(#188,#9636);
#43=CONTEXT_DEPENDENT_SHAPE_REPRESENTATION(#189,#9637);
#44=CONTEXT_DEPENDENT_SHAPE_REPRESENTATION(#190,#9638);
#45=CONTEXT_DEPENDENT_SHAPE_REPRESENTATION(#191,#9640);
#46=CONTEXT_DEPENDENT_SHAPE_REPRESENTATION(#192,#9641);
#47=CONTEXT_DEPENDENT_SHAPE_REPRESENTATION(#193,#9642);
#48=CONTEXT_DEPENDENT_SHAPE_REPRESENTATION(#194,#9643);
#49=CONTEXT_DEPENDENT_SHAPE_REPRESENTATION(#195,#9644);
#50=CONTEXT_DEPENDENT_SHAPE_REPRESENTATION(#196,#9645);
#51=CONTEXT_DEPENDENT_SHAPE_REPRESENTATION(#197,#9646);
#52=CONTEXT_DEPENDENT_SHAPE_REPRESENTATION(#198,#9647);
#53=CONTEXT_DEPENDENT_SHAPE_REPRESENTATION(#199,#9648);
#54=CONTEXT_DEPENDENT_SHAPE_REPRESENTATION(#200,#9649);
#55=CONTEXT_DEPENDENT_SHAPE_REPRESENTATION(#201,#9650);
#56=CONTEXT_DEPENDENT_SHAPE_REPRESENTATION(#202,#9652);
#57=CONTEXT_DEPENDENT_SHAPE_REPRESENTATION(#203,#9653);
#58=CONTEXT_DEPENDENT_SHAPE_REPRESENTATION(#204,#9654);
#59=CONTEXT_DEPENDENT_SHAPE_REPRESENTATION(#205,#9655);
#60=CONTEXT_DEPENDENT_SHAPE_REPRESENTATION(#206,#9656);
#61=CONTEXT_DEPENDENT_SHAPE_REPRESENTATION(#207,#9657);
#62=CONTEXT_DEPENDENT_SHAPE_REPRESENTATION(#208,#9658);
#63=CONTEXT_DEPENDENT_SHAPE_REPRESENTATION(#209,#9659);
#64=CONTEXT_DEPENDENT_SHAPE_REPRESENTATION(#210,#9660);
#65=CONTEXT_DEPENDENT_SHAPE_REPRESENTATION(#211,#9661);
#66=CONTEXT_DEPENDENT_SHAPE_REPRESENTATION(#212,#9662);
#67=CONTEXT_DEPENDENT_SHAPE_REPRESENTATION(#213,#9664);
#68=CONTEXT_DEPENDENT_SHAPE_REPRESENTATION(#214,#9666);
#69=CONTEXT_DEPENDENT_SHAPE_REPRESENTATION(#215,#9667);
#70=CONTEXT_DEPENDENT_SHAPE_REPRESENTATION(#216,#9668);
#71=CONTEXT_DEPENDENT_SHAPE_REPRESENTATION(#217,#9669);
#72=CONTEXT_DEPENDENT_SHAPE_REPRESENTATION(#218,#9670);
#73=CONTEXT_DEPENDENT_SHAPE_REPRESENTATION(#219,#9671);
#74=CONTEXT_DEPENDENT_SHAPE_REPRESENTATION(#220,#9672);
#75=CONTEXT_DEPENDENT_SHAPE_REPRESENTATION(#221,#9673);
#76=CONTEXT_DEPENDENT_SHAPE_REPRESENTATION(#222,#9674);
#77=CONTEXT_DEPENDENT_SHAPE_REPRESENTATION(#223,#9676);
#78=CONTEXT_DEPENDENT_SHAPE_REPRESENTATION(#224,#9677);
#79=CONTEXT_DEPENDENT_SHAPE_REPRESENTATION(#225,#9678);
#80=CONTEXT_DEPENDENT_SHAPE_REPRESENTATION(#226,#9679);
#81=CONTEXT_DEPENDENT_SHAPE_REPRESENTATION(#227,#9680);
#82=CONTEXT_DEPENDENT_SHAPE_REPRESENTATION(#228,#9681);
#83=CONTEXT_DEPENDENT_SHAPE_REPRESENTATION(#229,#9683);
#84=CONTEXT_DEPENDENT_SHAPE_REPRESENTATION(#230,#9684);
#85=CONTEXT_DEPENDENT_SHAPE_REPRESENTATION(#231,#9686);
#86=CONTEXT_DEPENDENT_SHAPE_REPRESENTATION(#232,#9687);
#87=CONTEXT_DEPENDENT_SHAPE_REPRESENTATION(#233,#9689);
#88=CONTEXT_DEPENDENT_SHAPE_REPRESENTATION(#234,#9691);
#89=CONTEXT_DEPENDENT_SHAPE_REPRESENTATION(#235,#9692);
#90=CONTEXT_DEPENDENT_SHAPE_REPRESENTATION(#236,#9693);
#91=CONTEXT_DEPENDENT_SHAPE_REPRESENTATION(#237,#9694);
#92=CONTEXT_DEPENDENT_SHAPE_REPRESENTATION(#238,#9695);
#93=CONTEXT_DEPENDENT_SHAPE_REPRESENTATION(#239,#9697);
#94=NEXT_ASSEMBLY_USAGE_OCCURRENCE('NAUO1','DIN933-M10-VA_M10x25','DIN933-M10-VA_M10x25',#9698,#9699,'');
#95=NEXT_ASSEMBLY_USAGE_OCCURRENCE('NAUO2','DIN7991-M8-VA_M8x16','DIN7991-M8-VA_M8x16',#9698,#9700,'');
#96=NEXT_ASSEMBLY_USAGE_OCCURRENCE('NAUO3','120-0007-001-009_Standard<Wie bearbeitet>','120-0007-001-009_Standard<Wie bearbeitet>',#9698,#9701,'');
#97=NEXT_ASSEMBLY_USAGE_OCCURRENCE('NAUO4','DIN7991-M8-VA_M8x20','DIN7991-M8-VA_M8x20',#9698,#9702,'');
#98=NEXT_ASSEMBLY_USAGE_OCCURRENCE('NAUO5','DIN933-M10-VA_M10x25','DIN933-M10-VA_M10x25',#9698,#9699,'');
#99=NEXT_ASSEMBLY_USAGE_OCCURRENCE('NAUO6','DIN7991-M8-VA_M8x16','DIN7991-M8-VA_M8x16',#9698,#9700,'');
#100=NEXT_ASSEMBLY_USAGE_OCCURRENCE('NAUO7','DIN7991-M8-VA_M8x16','DIN7991-M8-VA_M8x16',#9698,#9700,'');
#101=NEXT_ASSEMBLY_USAGE_OCCURRENCE('NAUO8','DIN7991-M8-VA_M8x16','DIN7991-M8-VA_M8x16',#9698,#9700,'');
#102=NEXT_ASSEMBLY_USAGE_OCCURRENCE('NAUO9','DIN7991-M8-VA_M8x16','DIN7991-M8-VA_M8x16',#9698,#9700,'');
#103=NEXT_ASSEMBLY_USAGE_OCCURRENCE('NAUO10','DIN7991-M8-VA_M8x20','DIN7991-M8-VA_M8x20',#9698,#9702,'');
#104=NEXT_ASSEMBLY_USAGE_OCCURRENCE('NAUO11','HA-CO_S-SKVF070-0250-0256-V4A','HA-CO_S-SKVF070-0250-0256-V4A',#9698,#9703,'');
#105=NEXT_ASSEMBLY_USAGE_OCCURRENCE('NAUO12','DIN7991-M8-VA_M8x20','DIN7991-M8-VA_M8x20',#9698,#9702,'');
#106=NEXT_ASSEMBLY_USAGE_OCCURRENCE('NAUO13','DIN7991-M8-VA_M8x16','DIN7991-M8-VA_M8x16',#9698,#9700,'');
#107=NEXT_ASSEMBLY_USAGE_OCCURRENCE('NAUO14','DIN7991-M8-VA_M8x20','DIN7991-M8-VA_M8x20',#9698,#9702,'');
#108=NEXT_ASSEMBLY_USAGE_OCCURRENCE('NAUO15','DIN7991-M8-VA_M8x16','DIN7991-M8-VA_M8x16',#9698,#9700,'');
#109=NEXT_ASSEMBLY_USAGE_OCCURRENCE('NAUO16','DIN7991-M8-VA_M8x20','DIN7991-M8-VA_M8x20',#9698,#9702,'');
#110=NEXT_ASSEMBLY_USAGE_OCCURRENCE('NAUO17','DIN7991-M8-VA_M8x16','DIN7991-M8-VA_M8x16',#9698,#9700,'');
#111=NEXT_ASSEMBLY_USAGE_OCCURRENCE('NAUO18','DIN7991-M8-VA_M8x16','DIN7991-M8-VA_M8x16',#9698,#9700,'');
#112=NEXT_ASSEMBLY_USAGE_OCCURRENCE('NAUO19','DIN7349-VA_10.5','DIN7349-VA_10.5',#9698,#9704,'');
#113=NEXT_ASSEMBLY_USAGE_OCCURRENCE('NAUO20','120-0007-001-008-S','120-0007-001-008-S',#9698,#9705,'');
#114=NEXT_ASSEMBLY_USAGE_OCCURRENCE('NAUO21','DIN7991-M8-VA_M8x16','DIN7991-M8-VA_M8x16',#9698,#9700,'');
#115=NEXT_ASSEMBLY_USAGE_OCCURRENCE('NAUO22','DIN7349-VA_10.5','DIN7349-VA_10.5',#9698,#9704,'');
#116=NEXT_ASSEMBLY_USAGE_OCCURRENCE('NAUO23','DIN7991-M8-VA_M8x16','DIN7991-M8-VA_M8x16',#9698,#9700,'');
#117=NEXT_ASSEMBLY_USAGE_OCCURRENCE('NAUO24','DIN7991-M8-VA_M8x16','DIN7991-M8-VA_M8x16',#9698,#9700,'');
#118=NEXT_ASSEMBLY_USAGE_OCCURRENCE('NAUO25','120-0007-001-009_Standard<Wie bearbeitet>','120-0007-001-009_Standard<Wie bearbeitet>',#9698,#9706,'');
#119=NEXT_ASSEMBLY_USAGE_OCCURRENCE('NAUO26','DIN7991-M8-VA_M8x20','DIN7991-M8-VA_M8x20',#9698,#9702,'');
#120=NEXT_ASSEMBLY_USAGE_OCCURRENCE('NAUO27','DIN7349-VA_10.5','DIN7349-VA_10.5',#9698,#9704,'');
#121=NEXT_ASSEMBLY_USAGE_OCCURRENCE('NAUO28','DIN7991-M8-VA_M8x16','DIN7991-M8-VA_M8x16',#9698,#9700,'');
#122=NEXT_ASSEMBLY_USAGE_OCCURRENCE('NAUO29','DIN7991-M8-VA_M8x16','DIN7991-M8-VA_M8x16',#9698,#9700,'');
#123=NEXT_ASSEMBLY_USAGE_OCCURRENCE('NAUO30','HA-CO_S-SKVF070-0250-0256-V4A','HA-CO_S-SKVF070-0250-0256-V4A',#9698,#9703,'');
#124=NEXT_ASSEMBLY_USAGE_OCCURRENCE('NAUO31','DIN7991-M8-VA_M8x16','DIN7991-M8-VA_M8x16',#9698,#9700,'');
#125=NEXT_ASSEMBLY_USAGE_OCCURRENCE('NAUO32','DIN7991-M8-VA_M8x16','DIN7991-M8-VA_M8x16',#9698,#9700,'');
#126=NEXT_ASSEMBLY_USAGE_OCCURRENCE('NAUO33','DIN7991-M8-VA_M8x16','DIN7991-M8-VA_M8x16',#9698,#9700,'');
#127=NEXT_ASSEMBLY_USAGE_OCCURRENCE('NAUO34','DIN7991-M8-VA_M8x16','DIN7991-M8-VA_M8x16',#9698,#9700,'');
#128=NEXT_ASSEMBLY_USAGE_OCCURRENCE('NAUO35','DIN933-M10-VA_M10x25','DIN933-M10-VA_M10x25',#9698,#9699,'');
#129=NEXT_ASSEMBLY_USAGE_OCCURRENCE('NAUO36','120-0007-001-008','120-0007-001-008',#9698,#9707,'');
#130=NEXT_ASSEMBLY_USAGE_OCCURRENCE('NAUO37','DIN933-M10-VA_M10x25','DIN933-M10-VA_M10x25',#9698,#9699,'');
#131=NEXT_ASSEMBLY_USAGE_OCCURRENCE('NAUO38','DIN7349-VA_10.5','DIN7349-VA_10.5',#9698,#9704,'');
#132=NEXT_ASSEMBLY_USAGE_OCCURRENCE('NAUO39','DIN7991-M8-VA_M8x16','DIN7991-M8-VA_M8x16',#9698,#9700,'');
#133=NEXT_ASSEMBLY_USAGE_OCCURRENCE('NAUO40','DIN7991-M8-VA_M8x16','DIN7991-M8-VA_M8x16',#9698,#9700,'');
#134=NEXT_ASSEMBLY_USAGE_OCCURRENCE('NAUO41','DIN7991-M8-VA_M8x20','DIN7991-M8-VA_M8x20',#9698,#9702,'');
#135=NEXT_ASSEMBLY_USAGE_OCCURRENCE('NAUO42','DIN7991-M8-VA_M8x16','DIN7991-M8-VA_M8x16',#9698,#9700,'');
#136=NEXT_ASSEMBLY_USAGE_OCCURRENCE('NAUO43','DIN933-M10-VA_M10x25','DIN933-M10-VA_M10x25',#9698,#9699,'');
#137=NEXT_ASSEMBLY_USAGE_OCCURRENCE('NAUO44','DIN7991-M8-VA_M8x20','DIN7991-M8-VA_M8x20',#9698,#9702,'');
#138=NEXT_ASSEMBLY_USAGE_OCCURRENCE('NAUO45','DIN7991-M8-VA_M8x16','DIN7991-M8-VA_M8x16',#9698,#9700,'');
#139=NEXT_ASSEMBLY_USAGE_OCCURRENCE('NAUO46','DIN7991-M8-VA_M8x16','DIN7991-M8-VA_M8x16',#9698,#9700,'');
#140=NEXT_ASSEMBLY_USAGE_OCCURRENCE('NAUO47','120-0007-001-008','120-0007-001-008',#9698,#9708,'');
#141=NEXT_ASSEMBLY_USAGE_OCCURRENCE('NAUO48','120-0007-001-008-S','120-0007-001-008-S',#9698,#9709,'');
#142=NEXT_ASSEMBLY_USAGE_OCCURRENCE('NAUO49','DIN7991-M8-VA_M8x20','DIN7991-M8-VA_M8x20',#9698,#9702,'');
#143=NEXT_ASSEMBLY_USAGE_OCCURRENCE('NAUO50','DIN7991-M8-VA_M8x16','DIN7991-M8-VA_M8x16',#9698,#9700,'');
#144=NEXT_ASSEMBLY_USAGE_OCCURRENCE('NAUO51','DIN7991-M8-VA_M8x16','DIN7991-M8-VA_M8x16',#9698,#9700,'');
#145=NEXT_ASSEMBLY_USAGE_OCCURRENCE('NAUO52','DIN7349-VA_10.5','DIN7349-VA_10.5',#9698,#9704,'');
#146=NEXT_ASSEMBLY_USAGE_OCCURRENCE('NAUO53','DIN7991-M8-VA_M8x20','DIN7991-M8-VA_M8x20',#9698,#9702,'');
#147=NEXT_ASSEMBLY_USAGE_OCCURRENCE('NAUO54','DIN7991-M8-VA_M8x16','DIN7991-M8-VA_M8x16',#9698,#9700,'');
#148=NEXT_ASSEMBLY_USAGE_OCCURRENCE('NAUO55','DIN7349-VA_10.5','DIN7349-VA_10.5',#9698,#9704,'');
#149=NEXT_ASSEMBLY_USAGE_OCCURRENCE('NAUO56','DIN7991-M8-VA_M8x16','DIN7991-M8-VA_M8x16',#9698,#9700,'');
#150=NEXT_ASSEMBLY_USAGE_OCCURRENCE('NAUO57','120-0007-001-010','120-0007-001-010',#9698,#9710,'');
#151=NEXT_ASSEMBLY_USAGE_OCCURRENCE('NAUO58','DIN7991-M8-VA_M8x16','DIN7991-M8-VA_M8x16',#9698,#9700,'');
#152=NEXT_ASSEMBLY_USAGE_OCCURRENCE('NAUO59','DIN7991-M8-VA_M8x16','DIN7991-M8-VA_M8x16',#9698,#9700,'');
#153=NEXT_ASSEMBLY_USAGE_OCCURRENCE('NAUO60','DIN7349-VA_10.5','DIN7349-VA_10.5',#9698,#9704,'');
#154=NEXT_ASSEMBLY_USAGE_OCCURRENCE('NAUO61','DIN933-M10-VA_M10x25','DIN933-M10-VA_M10x25',#9698,#9699,'');
#155=NEXT_ASSEMBLY_USAGE_OCCURRENCE('NAUO62','DIN7991-M8-VA_M8x16','DIN7991-M8-VA_M8x16',#9698,#9700,'');
#156=NEXT_ASSEMBLY_USAGE_OCCURRENCE('NAUO63','120-0007-001-009_Standard<Wie bearbeitet>','120-0007-001-009_Standard<Wie bearbeitet>',#9698,#9711,'');
#157=NEXT_ASSEMBLY_USAGE_OCCURRENCE('NAUO64','DIN7349-VA_10.5','DIN7349-VA_10.5',#9698,#9704,'');
#158=NEXT_ASSEMBLY_USAGE_OCCURRENCE('NAUO65','120-0007-001-009_Standard<Wie bearbeitet>','120-0007-001-009_Standard<Wie bearbeitet>',#9698,#9712,'');
#159=NEXT_ASSEMBLY_USAGE_OCCURRENCE('NAUO66','DIN933-M10-VA_M10x25','DIN933-M10-VA_M10x25',#9698,#9699,'');
#160=NEXT_ASSEMBLY_USAGE_OCCURRENCE('NAUO67','120-0007-001-009_Standard<Wie bearbeitet>','120-0007-001-009_Standard<Wie bearbeitet>',#9698,#9713,'');
#161=NEXT_ASSEMBLY_USAGE_OCCURRENCE('NAUO68','120-0007-001-009_Standard<Wie bearbeitet>','120-0007-001-009_Standard<Wie bearbeitet>',#9698,#9714,'');
#162=NEXT_ASSEMBLY_USAGE_OCCURRENCE('NAUO69','120-0007-001-010','120-0007-001-010',#9698,#9710,'');
#163=NEXT_ASSEMBLY_USAGE_OCCURRENCE('NAUO70','DIN7991-M8-VA_M8x16','DIN7991-M8-VA_M8x16',#9698,#9700,'');
#164=NEXT_ASSEMBLY_USAGE_OCCURRENCE('NAUO71','DIN933-M10-VA_M10x25','DIN933-M10-VA_M10x25',#9698,#9699,'');
#165=NEXT_ASSEMBLY_USAGE_OCCURRENCE('NAUO72','DIN7991-M8-VA_M8x16','DIN7991-M8-VA_M8x16',#9698,#9700,'');
#166=NEXT_ASSEMBLY_USAGE_OCCURRENCE('NAUO73','120-0007-001-009_Standard<Wie bearbeitet>','120-0007-001-009_Standard<Wie bearbeitet>',#9698,#9715,'');
#167=(
REPRESENTATION_RELATIONSHIP(' ',' ',#5644,#5643)
REPRESENTATION_RELATIONSHIP_WITH_TRANSFORMATION(#240)
SHAPE_REPRESENTATION_RELATIONSHIP()
);
#168=(
REPRESENTATION_RELATIONSHIP(' ',' ',#5645,#5643)
REPRESENTATION_RELATIONSHIP_WITH_TRANSFORMATION(#241)
SHAPE_REPRESENTATION_RELATIONSHIP()
);
#169=(
REPRESENTATION_RELATIONSHIP(' ',' ',#5646,#5643)
REPRESENTATION_RELATIONSHIP_WITH_TRANSFORMATION(#242)
SHAPE_REPRESENTATION_RELATIONSHIP()
);
#170=(
REPRESENTATION_RELATIONSHIP(' ',' ',#5647,#5643)
REPRESENTATION_RELATIONSHIP_WITH_TRANSFORMATION(#243)
SHAPE_REPRESENTATION_RELATIONSHIP()
);
#171=(
REPRESENTATION_RELATIONSHIP(' ',' ',#5644,#5643)
REPRESENTATION_RELATIONSHIP_WITH_TRANSFORMATION(#244)
SHAPE_REPRESENTATION_RELATIONSHIP()
);
#172=(
REPRESENTATION_RELATIONSHIP(' ',' ',#5645,#5643)
REPRESENTATION_RELATIONSHIP_WITH_TRANSFORMATION(#245)
SHAPE_REPRESENTATION_RELATIONSHIP()
);
#173=(
REPRESENTATION_RELATIONSHIP(' ',' ',#5645,#5643)
REPRESENTATION_RELATIONSHIP_WITH_TRANSFORMATION(#246)
SHAPE_REPRESENTATION_RELATIONSHIP()
);
#174=(
REPRESENTATION_RELATIONSHIP(' ',' ',#5645,#5643)
REPRESENTATION_RELATIONSHIP_WITH_TRANSFORMATION(#247)
SHAPE_REPRESENTATION_RELATIONSHIP()
);
#175=(
REPRESENTATION_RELATIONSHIP(' ',' ',#5645,#5643)
REPRESENTATION_RELATIONSHIP_WITH_TRANSFORMATION(#248)
SHAPE_REPRESENTATION_RELATIONSHIP()
);
#176=(
REPRESENTATION_RELATIONSHIP(' ',' ',#5647,#5643)
REPRESENTATION_RELATIONSHIP_WITH_TRANSFORMATION(#249)
SHAPE_REPRESENTATION_RELATIONSHIP()
);
#177=(
REPRESENTATION_RELATIONSHIP(' ',' ',#5648,#5643)
REPRESENTATION_RELATIONSHIP_WITH_TRANSFORMATION(#250)
SHAPE_REPRESENTATION_RELATIONSHIP()
);
#178=(
REPRESENTATION_RELATIONSHIP(' ',' ',#5647,#5643)
REPRESENTATION_RELATIONSHIP_WITH_TRANSFORMATION(#251)
SHAPE_REPRESENTATION_RELATIONSHIP()
);
#179=(
REPRESENTATION_RELATIONSHIP(' ',' ',#5645,#5643)
REPRESENTATION_RELATIONSHIP_WITH_TRANSFORMATION(#252)
SHAPE_REPRESENTATION_RELATIONSHIP()
);
#180=(
REPRESENTATION_RELATIONSHIP(' ',' ',#5647,#5643)
REPRESENTATION_RELATIONSHIP_WITH_TRANSFORMATION(#253)
SHAPE_REPRESENTATION_RELATIONSHIP()
);
#181=(
REPRESENTATION_RELATIONSHIP(' ',' ',#5645,#5643)
REPRESENTATION_RELATIONSHIP_WITH_TRANSFORMATION(#254)
SHAPE_REPRESENTATION_RELATIONSHIP()
);
#182=(
REPRESENTATION_RELATIONSHIP(' ',' ',#5647,#5643)
REPRESENTATION_RELATIONSHIP_WITH_TRANSFORMATION(#255)
SHAPE_REPRESENTATION_RELATIONSHIP()
);
#183=(
REPRESENTATION_RELATIONSHIP(' ',' ',#5645,#5643)
REPRESENTATION_RELATIONSHIP_WITH_TRANSFORMATION(#256)
SHAPE_REPRESENTATION_RELATIONSHIP()
);
#184=(
REPRESENTATION_RELATIONSHIP(' ',' ',#5645,#5643)
REPRESENTATION_RELATIONSHIP_WITH_TRANSFORMATION(#257)
SHAPE_REPRESENTATION_RELATIONSHIP()
);
#185=(
REPRESENTATION_RELATIONSHIP(' ',' ',#5649,#5643)
REPRESENTATION_RELATIONSHIP_WITH_TRANSFORMATION(#258)
SHAPE_REPRESENTATION_RELATIONSHIP()
);
#186=(
REPRESENTATION_RELATIONSHIP(' ',' ',#5650,#5643)
REPRESENTATION_RELATIONSHIP_WITH_TRANSFORMATION(#259)
SHAPE_REPRESENTATION_RELATIONSHIP()
);
#187=(
REPRESENTATION_RELATIONSHIP(' ',' ',#5645,#5643)
REPRESENTATION_RELATIONSHIP_WITH_TRANSFORMATION(#260)
SHAPE_REPRESENTATION_RELATIONSHIP()
);
#188=(
REPRESENTATION_RELATIONSHIP(' ',' ',#5649,#5643)
REPRESENTATION_RELATIONSHIP_WITH_TRANSFORMATION(#261)
SHAPE_REPRESENTATION_RELATIONSHIP()
);
#189=(
REPRESENTATION_RELATIONSHIP(' ',' ',#5645,#5643)
REPRESENTATION_RELATIONSHIP_WITH_TRANSFORMATION(#262)
SHAPE_REPRESENTATION_RELATIONSHIP()
);
#190=(
REPRESENTATION_RELATIONSHIP(' ',' ',#5645,#5643)
REPRESENTATION_RELATIONSHIP_WITH_TRANSFORMATION(#263)
SHAPE_REPRESENTATION_RELATIONSHIP()
);
#191=(
REPRESENTATION_RELATIONSHIP(' ',' ',#5651,#5643)
REPRESENTATION_RELATIONSHIP_WITH_TRANSFORMATION(#264)
SHAPE_REPRESENTATION_RELATIONSHIP()
);
#192=(
REPRESENTATION_RELATIONSHIP(' ',' ',#5647,#5643)
REPRESENTATION_RELATIONSHIP_WITH_TRANSFORMATION(#265)
SHAPE_REPRESENTATION_RELATIONSHIP()
);
#193=(
REPRESENTATION_RELATIONSHIP(' ',' ',#5649,#5643)
REPRESENTATION_RELATIONSHIP_WITH_TRANSFORMATION(#266)
SHAPE_REPRESENTATION_RELATIONSHIP()
);
#194=(
REPRESENTATION_RELATIONSHIP(' ',' ',#5645,#5643)
REPRESENTATION_RELATIONSHIP_WITH_TRANSFORMATION(#267)
SHAPE_REPRESENTATION_RELATIONSHIP()
);
#195=(
REPRESENTATION_RELATIONSHIP(' ',' ',#5645,#5643)
REPRESENTATION_RELATIONSHIP_WITH_TRANSFORMATION(#268)
SHAPE_REPRESENTATION_RELATIONSHIP()
);
#196=(
REPRESENTATION_RELATIONSHIP(' ',' ',#5648,#5643)
REPRESENTATION_RELATIONSHIP_WITH_TRANSFORMATION(#269)
SHAPE_REPRESENTATION_RELATIONSHIP()
);
#197=(
REPRESENTATION_RELATIONSHIP(' ',' ',#5645,#5643)
REPRESENTATION_RELATIONSHIP_WITH_TRANSFORMATION(#270)
SHAPE_REPRESENTATION_RELATIONSHIP()
);
#198=(
REPRESENTATION_RELATIONSHIP(' ',' ',#5645,#5643)
REPRESENTATION_RELATIONSHIP_WITH_TRANSFORMATION(#271)
SHAPE_REPRESENTATION_RELATIONSHIP()
);
#199=(
REPRESENTATION_RELATIONSHIP(' ',' ',#5645,#5643)
REPRESENTATION_RELATIONSHIP_WITH_TRANSFORMATION(#272)
SHAPE_REPRESENTATION_RELATIONSHIP()
);
#200=(
REPRESENTATION_RELATIONSHIP(' ',' ',#5645,#5643)
REPRESENTATION_RELATIONSHIP_WITH_TRANSFORMATION(#273)
SHAPE_REPRESENTATION_RELATIONSHIP()
);
#201=(
REPRESENTATION_RELATIONSHIP(' ',' ',#5644,#5643)
REPRESENTATION_RELATIONSHIP_WITH_TRANSFORMATION(#274)
SHAPE_REPRESENTATION_RELATIONSHIP()
);
#202=(
REPRESENTATION_RELATIONSHIP(' ',' ',#5652,#5643)
REPRESENTATION_RELATIONSHIP_WITH_TRANSFORMATION(#275)
SHAPE_REPRESENTATION_RELATIONSHIP()
);
#203=(
REPRESENTATION_RELATIONSHIP(' ',' ',#5644,#5643)
REPRESENTATION_RELATIONSHIP_WITH_TRANSFORMATION(#276)
SHAPE_REPRESENTATION_RELATIONSHIP()
);
#204=(
REPRESENTATION_RELATIONSHIP(' ',' ',#5649,#5643)
REPRESENTATION_RELATIONSHIP_WITH_TRANSFORMATION(#277)
SHAPE_REPRESENTATION_RELATIONSHIP()
);
#205=(
REPRESENTATION_RELATIONSHIP(' ',' ',#5645,#5643)
REPRESENTATION_RELATIONSHIP_WITH_TRANSFORMATION(#278)
SHAPE_REPRESENTATION_RELATIONSHIP()
);
#206=(
REPRESENTATION_RELATIONSHIP(' ',' ',#5645,#5643)
REPRESENTATION_RELATIONSHIP_WITH_TRANSFORMATION(#279)
SHAPE_REPRESENTATION_RELATIONSHIP()
);
#207=(
REPRESENTATION_RELATIONSHIP(' ',' ',#5647,#5643)
REPRESENTATION_RELATIONSHIP_WITH_TRANSFORMATION(#280)
SHAPE_REPRESENTATION_RELATIONSHIP()
);
#208=(
REPRESENTATION_RELATIONSHIP(' ',' ',#5645,#5643)
REPRESENTATION_RELATIONSHIP_WITH_TRANSFORMATION(#281)
SHAPE_REPRESENTATION_RELATIONSHIP()
);
#209=(
REPRESENTATION_RELATIONSHIP(' ',' ',#5644,#5643)
REPRESENTATION_RELATIONSHIP_WITH_TRANSFORMATION(#282)
SHAPE_REPRESENTATION_RELATIONSHIP()
);
#210=(
REPRESENTATION_RELATIONSHIP(' ',' ',#5647,#5643)
REPRESENTATION_RELATIONSHIP_WITH_TRANSFORMATION(#283)
SHAPE_REPRESENTATION_RELATIONSHIP()
);
#211=(
REPRESENTATION_RELATIONSHIP(' ',' ',#5645,#5643)
REPRESENTATION_RELATIONSHIP_WITH_TRANSFORMATION(#284)
SHAPE_REPRESENTATION_RELATIONSHIP()
);
#212=(
REPRESENTATION_RELATIONSHIP(' ',' ',#5645,#5643)
REPRESENTATION_RELATIONSHIP_WITH_TRANSFORMATION(#285)
SHAPE_REPRESENTATION_RELATIONSHIP()
);
#213=(
REPRESENTATION_RELATIONSHIP(' ',' ',#5653,#5643)
REPRESENTATION_RELATIONSHIP_WITH_TRANSFORMATION(#286)
SHAPE_REPRESENTATION_RELATIONSHIP()
);
#214=(
REPRESENTATION_RELATIONSHIP(' ',' ',#5654,#5643)
REPRESENTATION_RELATIONSHIP_WITH_TRANSFORMATION(#287)
SHAPE_REPRESENTATION_RELATIONSHIP()
);
#215=(
REPRESENTATION_RELATIONSHIP(' ',' ',#5647,#5643)
REPRESENTATION_RELATIONSHIP_WITH_TRANSFORMATION(#288)
SHAPE_REPRESENTATION_RELATIONSHIP()
);
#216=(
REPRESENTATION_RELATIONSHIP(' ',' ',#5645,#5643)
REPRESENTATION_RELATIONSHIP_WITH_TRANSFORMATION(#289)
SHAPE_REPRESENTATION_RELATIONSHIP()
);
#217=(
REPRESENTATION_RELATIONSHIP(' ',' ',#5645,#5643)
REPRESENTATION_RELATIONSHIP_WITH_TRANSFORMATION(#290)
SHAPE_REPRESENTATION_RELATIONSHIP()
);
#218=(
REPRESENTATION_RELATIONSHIP(' ',' ',#5649,#5643)
REPRESENTATION_RELATIONSHIP_WITH_TRANSFORMATION(#291)
SHAPE_REPRESENTATION_RELATIONSHIP()
);
#219=(
REPRESENTATION_RELATIONSHIP(' ',' ',#5647,#5643)
REPRESENTATION_RELATIONSHIP_WITH_TRANSFORMATION(#292)
SHAPE_REPRESENTATION_RELATIONSHIP()
);
#220=(
REPRESENTATION_RELATIONSHIP(' ',' ',#5645,#5643)
REPRESENTATION_RELATIONSHIP_WITH_TRANSFORMATION(#293)
SHAPE_REPRESENTATION_RELATIONSHIP()
);
#221=(
REPRESENTATION_RELATIONSHIP(' ',' ',#5649,#5643)
REPRESENTATION_RELATIONSHIP_WITH_TRANSFORMATION(#294)
SHAPE_REPRESENTATION_RELATIONSHIP()
);
#222=(
REPRESENTATION_RELATIONSHIP(' ',' ',#5645,#5643)
REPRESENTATION_RELATIONSHIP_WITH_TRANSFORMATION(#295)
SHAPE_REPRESENTATION_RELATIONSHIP()
);
#223=(
REPRESENTATION_RELATIONSHIP(' ',' ',#5655,#5643)
REPRESENTATION_RELATIONSHIP_WITH_TRANSFORMATION(#296)
SHAPE_REPRESENTATION_RELATIONSHIP()
);
#224=(
REPRESENTATION_RELATIONSHIP(' ',' ',#5645,#5643)
REPRESENTATION_RELATIONSHIP_WITH_TRANSFORMATION(#297)
SHAPE_REPRESENTATION_RELATIONSHIP()
);
#225=(
REPRESENTATION_RELATIONSHIP(' ',' ',#5645,#5643)
REPRESENTATION_RELATIONSHIP_WITH_TRANSFORMATION(#298)
SHAPE_REPRESENTATION_RELATIONSHIP()
);
#226=(
REPRESENTATION_RELATIONSHIP(' ',' ',#5649,#5643)
REPRESENTATION_RELATIONSHIP_WITH_TRANSFORMATION(#299)
SHAPE_REPRESENTATION_RELATIONSHIP()
);
#227=(
REPRESENTATION_RELATIONSHIP(' ',' ',#5644,#5643)
REPRESENTATION_RELATIONSHIP_WITH_TRANSFORMATION(#300)
SHAPE_REPRESENTATION_RELATIONSHIP()
);
#228=(
REPRESENTATION_RELATIONSHIP(' ',' ',#5645,#5643)
REPRESENTATION_RELATIONSHIP_WITH_TRANSFORMATION(#301)
SHAPE_REPRESENTATION_RELATIONSHIP()
);
#229=(
REPRESENTATION_RELATIONSHIP(' ',' ',#5656,#5643)
REPRESENTATION_RELATIONSHIP_WITH_TRANSFORMATION(#302)
SHAPE_REPRESENTATION_RELATIONSHIP()
);
#230=(
REPRESENTATION_RELATIONSHIP(' ',' ',#5649,#5643)
REPRESENTATION_RELATIONSHIP_WITH_TRANSFORMATION(#303)
SHAPE_REPRESENTATION_RELATIONSHIP()
);
#231=(
REPRESENTATION_RELATIONSHIP(' ',' ',#5657,#5643)
REPRESENTATION_RELATIONSHIP_WITH_TRANSFORMATION(#304)
SHAPE_REPRESENTATION_RELATIONSHIP()
);
#232=(
REPRESENTATION_RELATIONSHIP(' ',' ',#5644,#5643)
REPRESENTATION_RELATIONSHIP_WITH_TRANSFORMATION(#305)
SHAPE_REPRESENTATION_RELATIONSHIP()
);
#233=(
REPRESENTATION_RELATIONSHIP(' ',' ',#5658,#5643)
REPRESENTATION_RELATIONSHIP_WITH_TRANSFORMATION(#306)
SHAPE_REPRESENTATION_RELATIONSHIP()
);
#234=(
REPRESENTATION_RELATIONSHIP(' ',' ',#5659,#5643)
REPRESENTATION_RELATIONSHIP_WITH_TRANSFORMATION(#307)
SHAPE_REPRESENTATION_RELATIONSHIP()
);
#235=(
REPRESENTATION_RELATIONSHIP(' ',' ',#5655,#5643)
REPRESENTATION_RELATIONSHIP_WITH_TRANSFORMATION(#308)
SHAPE_REPRESENTATION_RELATIONSHIP()
);
#236=(
REPRESENTATION_RELATIONSHIP(' ',' ',#5645,#5643)
REPRESENTATION_RELATIONSHIP_WITH_TRANSFORMATION(#309)
SHAPE_REPRESENTATION_RELATIONSHIP()
);
#237=(
REPRESENTATION_RELATIONSHIP(' ',' ',#5644,#5643)
REPRESENTATION_RELATIONSHIP_WITH_TRANSFORMATION(#310)
SHAPE_REPRESENTATION_RELATIONSHIP()
);
#238=(
REPRESENTATION_RELATIONSHIP(' ',' ',#5645,#5643)
REPRESENTATION_RELATIONSHIP_WITH_TRANSFORMATION(#311)
SHAPE_REPRESENTATION_RELATIONSHIP()
);
#239=(
REPRESENTATION_RELATIONSHIP(' ',' ',#5660,#5643)
REPRESENTATION_RELATIONSHIP_WITH_TRANSFORMATION(#312)
SHAPE_REPRESENTATION_RELATIONSHIP()
);
#240=ITEM_DEFINED_TRANSFORMATION(' ',' ',#5661,#5688);
#241=ITEM_DEFINED_TRANSFORMATION(' ',' ',#5661,#5707);
#242=ITEM_DEFINED_TRANSFORMATION(' ',' ',#5661,#5713);
#243=ITEM_DEFINED_TRANSFORMATION(' ',' ',#5661,#5732);
#244=ITEM_DEFINED_TRANSFORMATION(' ',' ',#5661,#5733);
#245=ITEM_DEFINED_TRANSFORMATION(' ',' ',#5661,#5734);
#246=ITEM_DEFINED_TRANSFORMATION(' ',' ',#5661,#5735);
#247=ITEM_DEFINED_TRANSFORMATION(' ',' ',#5661,#5736);
#248=ITEM_DEFINED_TRANSFORMATION(' ',' ',#5661,#5737);
#249=ITEM_DEFINED_TRANSFORMATION(' ',' ',#5661,#5738);
#250=ITEM_DEFINED_TRANSFORMATION(' ',' ',#5661,#5777);
#251=ITEM_DEFINED_TRANSFORMATION(' ',' ',#5661,#5778);
#252=ITEM_DEFINED_TRANSFORMATION(' ',' ',#5661,#5779);
#253=ITEM_DEFINED_TRANSFORMATION(' ',' ',#5661,#5780);
#254=ITEM_DEFINED_TRANSFORMATION(' ',' ',#5661,#5781);
#255=ITEM_DEFINED_TRANSFORMATION(' ',' ',#5661,#5782);
#256=ITEM_DEFINED_TRANSFORMATION(' ',' ',#5661,#5783);
#257=ITEM_DEFINED_TRANSFORMATION(' ',' ',#5661,#5784);
#258=ITEM_DEFINED_TRANSFORMATION(' ',' ',#5661,#5793);
#259=ITEM_DEFINED_TRANSFORMATION(' ',' ',#5661,#5887);
#260=ITEM_DEFINED_TRANSFORMATION(' ',' ',#5661,#5888);
#261=ITEM_DEFINED_TRANSFORMATION(' ',' ',#5661,#5889);
#262=ITEM_DEFINED_TRANSFORMATION(' ',' ',#5661,#5890);
#263=ITEM_DEFINED_TRANSFORMATION(' ',' ',#5661,#5891);
#264=ITEM_DEFINED_TRANSFORMATION(' ',' ',#5661,#5897);
#265=ITEM_DEFINED_TRANSFORMATION(' ',' ',#5661,#5898);
#266=ITEM_DEFINED_TRANSFORMATION(' ',' ',#5661,#5899);
#267=ITEM_DEFINED_TRANSFORMATION(' ',' ',#5661,#5900);
#268=ITEM_DEFINED_TRANSFORMATION(' ',' ',#5661,#5901);
#269=ITEM_DEFINED_TRANSFORMATION(' ',' ',#5661,#5902);
#270=ITEM_DEFINED_TRANSFORMATION(' ',' ',#5661,#5903);
#271=ITEM_DEFINED_TRANSFORMATION(' ',' ',#5661,#5904);
#272=ITEM_DEFINED_TRANSFORMATION(' ',' ',#5661,#5905);
#273=ITEM_DEFINED_TRANSFORMATION(' ',' ',#5661,#5906);
#274=ITEM_DEFINED_TRANSFORMATION(' ',' ',#5661,#5907);
#275=ITEM_DEFINED_TRANSFORMATION(' ',' ',#5661,#6001);
#276=ITEM_DEFINED_TRANSFORMATION(' ',' ',#5661,#6002);
#277=ITEM_DEFINED_TRANSFORMATION(' ',' ',#5661,#6003);
#278=ITEM_DEFINED_TRANSFORMATION(' ',' ',#5661,#6004);
#279=ITEM_DEFINED_TRANSFORMATION(' ',' ',#5661,#6005);
#280=ITEM_DEFINED_TRANSFORMATION(' ',' ',#5661,#6006);
#281=ITEM_DEFINED_TRANSFORMATION(' ',' ',#5661,#6007);
#282=ITEM_DEFINED_TRANSFORMATION(' ',' ',#5661,#6008);
#283=ITEM_DEFINED_TRANSFORMATION(' ',' ',#5661,#6009);
#284=ITEM_DEFINED_TRANSFORMATION(' ',' ',#5661,#6010);
#285=ITEM_DEFINED_TRANSFORMATION(' ',' ',#5661,#6011);
#286=ITEM_DEFINED_TRANSFORMATION(' ',' ',#5661,#6017);
#287=ITEM_DEFINED_TRANSFORMATION(' ',' ',#5661,#6023);
#288=ITEM_DEFINED_TRANSFORMATION(' ',' ',#5661,#6024);
#289=ITEM_DEFINED_TRANSFORMATION(' ',' ',#5661,#6025);
#290=ITEM_DEFINED_TRANSFORMATION(' ',' ',#5661,#6026);
#291=ITEM_DEFINED_TRANSFORMATION(' ',' ',#5661,#6027);
#292=ITEM_DEFINED_TRANSFORMATION(' ',' ',#5661,#6028);
#293=ITEM_DEFINED_TRANSFORMATION(' ',' ',#5661,#6029);
#294=ITEM_DEFINED_TRANSFORMATION(' ',' ',#5661,#6030);
#295=ITEM_DEFINED_TRANSFORMATION(' ',' ',#5661,#6031);
#296=ITEM_DEFINED_TRANSFORMATION(' ',' ',#5661,#6074);
#297=ITEM_DEFINED_TRANSFORMATION(' ',' ',#5661,#6075);
#298=ITEM_DEFINED_TRANSFORMATION(' ',' ',#5661,#6076);
#299=ITEM_DEFINED_TRANSFORMATION(' ',' ',#5661,#6077);
#300=ITEM_DEFINED_TRANSFORMATION(' ',' ',#5661,#6078);
#301=ITEM_DEFINED_TRANSFORMATION(' ',' ',#5661,#6079);
#302=ITEM_DEFINED_TRANSFORMATION(' ',' ',#5661,#6085);
#303=ITEM_DEFINED_TRANSFORMATION(' ',' ',#5661,#6086);
#304=ITEM_DEFINED_TRANSFORMATION(' ',' ',#5661,#6235);
#305=ITEM_DEFINED_TRANSFORMATION(' ',' ',#5661,#6236);
#306=ITEM_DEFINED_TRANSFORMATION(' ',' ',#5661,#6242);
#307=ITEM_DEFINED_TRANSFORMATION(' ',' ',#5661,#6248);
#308=ITEM_DEFINED_TRANSFORMATION(' ',' ',#5661,#6249);
#309=ITEM_DEFINED_TRANSFORMATION(' ',' ',#5661,#6250);
#310=ITEM_DEFINED_TRANSFORMATION(' ',' ',#5661,#6251);
#311=ITEM_DEFINED_TRANSFORMATION(' ',' ',#5661,#6252);
#312=ITEM_DEFINED_TRANSFORMATION(' ',' ',#5661,#6315);
#313=SHAPE_REPRESENTATION_RELATIONSHIP('','',#5644,#330);
#314=SHAPE_REPRESENTATION_RELATIONSHIP('','',#5645,#331);
#315=SHAPE_REPRESENTATION_RELATIONSHIP('','',#5646,#332);
#316=SHAPE_REPRESENTATION_RELATIONSHIP('','',#5647,#333);
#317=SHAPE_REPRESENTATION_RELATIONSHIP('','',#5648,#334);
#318=SHAPE_REPRESENTATION_RELATIONSHIP('','',#5649,#335);
#319=SHAPE_REPRESENTATION_RELATIONSHIP('','',#5650,#336);
#320=SHAPE_REPRESENTATION_RELATIONSHIP('','',#5651,#337);
#321=SHAPE_REPRESENTATION_RELATIONSHIP('','',#5652,#338);
#322=SHAPE_REPRESENTATION_RELATIONSHIP('','',#5653,#339);
#323=SHAPE_REPRESENTATION_RELATIONSHIP('','',#5654,#340);
#324=SHAPE_REPRESENTATION_RELATIONSHIP('','',#5655,#341);
#325=SHAPE_REPRESENTATION_RELATIONSHIP('','',#5656,#342);
#326=SHAPE_REPRESENTATION_RELATIONSHIP('','',#5657,#343);
#327=SHAPE_REPRESENTATION_RELATIONSHIP('','',#5658,#344);
#328=SHAPE_REPRESENTATION_RELATIONSHIP('','',#5659,#345);
#329=SHAPE_REPRESENTATION_RELATIONSHIP('','',#5660,#346);
#330=ADVANCED_BREP_SHAPE_REPRESENTATION('',(#5608),#9569);
#331=ADVANCED_BREP_SHAPE_REPRESENTATION('',(#5609),#9570);
#332=ADVANCED_BREP_SHAPE_REPRESENTATION('',(#5610),#9571);
#333=ADVANCED_BREP_SHAPE_REPRESENTATION('',(#5611),#9572);
#334=ADVANCED_BREP_SHAPE_REPRESENTATION('',(#5612),#9573);
#335=ADVANCED_BREP_SHAPE_REPRESENTATION('',(#5613),#9574);
#336=ADVANCED_BREP_SHAPE_REPRESENTATION('',(#5614),#9575);
#337=ADVANCED_BREP_SHAPE_REPRESENTATION('',(#5615),#9576);
#338=ADVANCED_BREP_SHAPE_REPRESENTATION('',(#5616),#9577);
#339=ADVANCED_BREP_SHAPE_REPRESENTATION('',(#5617),#9578);
#340=ADVANCED_BREP_SHAPE_REPRESENTATION('',(#5618),#9579);
#341=ADVANCED_BREP_SHAPE_REPRESENTATION('',(#5619),#9580);
#342=ADVANCED_BREP_SHAPE_REPRESENTATION('',(#5620),#9581);
#343=ADVANCED_BREP_SHAPE_REPRESENTATION('',(#5621),#9582);
#344=ADVANCED_BREP_SHAPE_REPRESENTATION('',(#5622),#9583);
#345=ADVANCED_BREP_SHAPE_REPRESENTATION('',(#5623),#9584);
#346=ADVANCED_BREP_SHAPE_REPRESENTATION('',(#5624),#9585);
#347=CYLINDRICAL_SURFACE('',#5684,0.005);
#348=CYLINDRICAL_SURFACE('',#5700,0.0076);
#349=CYLINDRICAL_SURFACE('',#5704,0.004);
#350=CYLINDRICAL_SURFACE('',#5712,0.008);
#351=CYLINDRICAL_SURFACE('',#5725,0.0076);
#352=CYLINDRICAL_SURFACE('',#5729,0.004);
#353=CYLINDRICAL_SURFACE('',#5769,0.0034);
#354=CYLINDRICAL_SURFACE('',#5770,0.0034);
#355=CYLINDRICAL_SURFACE('',#5771,0.0034);
#356=CYLINDRICAL_SURFACE('',#5772,0.0034);
#357=CYLINDRICAL_SURFACE('',#5773,0.0034);
#358=CYLINDRICAL_SURFACE('',#5774,0.0034);
#359=CYLINDRICAL_SURFACE('',#5775,0.0034);
#360=CYLINDRICAL_SURFACE('',#5776,0.0034);
#361=CYLINDRICAL_SURFACE('',#5791,0.00525);
#362=CYLINDRICAL_SURFACE('',#5792,0.0125);
#363=CYLINDRICAL_SURFACE('',#5794,0.003);
#364=CYLINDRICAL_SURFACE('',#5797,0.003);
#365=CYLINDRICAL_SURFACE('',#5800,0.003);
#366=CYLINDRICAL_SURFACE('',#5803,0.003);
#367=CYLINDRICAL_SURFACE('',#5807,0.0055);
#368=CYLINDRICAL_SURFACE('',#5811,0.0055);
#369=CYLINDRICAL_SURFACE('',#5816,0.0055);
#370=CYLINDRICAL_SURFACE('',#5819,0.0055);
#371=CYLINDRICAL_SURFACE('',#5854,0.0055);
#372=CYLINDRICAL_SURFACE('',#5856,0.0055);
#373=CYLINDRICAL_SURFACE('',#5858,0.0055);
#374=CYLINDRICAL_SURFACE('',#5860,0.0055);
#375=CYLINDRICAL_SURFACE('',#5864,0.0045);
#376=CYLINDRICAL_SURFACE('',#5867,0.0045);
#377=CYLINDRICAL_SURFACE('',#5870,0.0045);
#378=CYLINDRICAL_SURFACE('',#5873,0.0045);
#379=CYLINDRICAL_SURFACE('',#5874,0.0045);
#380=CYLINDRICAL_SURFACE('',#5877,0.0045);
#381=CYLINDRICAL_SURFACE('',#5880,0.0045);
#382=CYLINDRICAL_SURFACE('',#5883,0.0045);
#383=CYLINDRICAL_SURFACE('',#5886,0.0031);
#384=CYLINDRICAL_SURFACE('',#5896,0.008);
#385=CYLINDRICAL_SURFACE('',#5908,0.003);
#386=CYLINDRICAL_SURFACE('',#5911,0.003);
#387=CYLINDRICAL_SURFACE('',#5914,0.003);
#388=CYLINDRICAL_SURFACE('',#5917,0.003);
#389=CYLINDRICAL_SURFACE('',#5921,0.0055);
#390=CYLINDRICAL_SURFACE('',#5925,0.0055);
#391=CYLINDRICAL_SURFACE('',#5930,0.0055);
#392=CYLINDRICAL_SURFACE('',#5933,0.0055);
#393=CYLINDRICAL_SURFACE('',#5968,0.0055);
#394=CYLINDRICAL_SURFACE('',#5970,0.0055);
#395=CYLINDRICAL_SURFACE('',#5972,0.0055);
#396=CYLINDRICAL_SURFACE('',#5974,0.0055);
#397=CYLINDRICAL_SURFACE('',#5978,0.0045);
#398=CYLINDRICAL_SURFACE('',#5981,0.0045);
#399=CYLINDRICAL_SURFACE('',#5984,0.0045);
#400=CYLINDRICAL_SURFACE('',#5987,0.0045);
#401=CYLINDRICAL_SURFACE('',#5988,0.0045);
#402=CYLINDRICAL_SURFACE('',#5991,0.0045);
#403=CYLINDRICAL_SURFACE('',#5994,0.0045);
#404=CYLINDRICAL_SURFACE('',#5997,0.0045);
#405=CYLINDRICAL_SURFACE('',#6000,0.0031);
#406=CYLINDRICAL_SURFACE('',#6016,0.003);
#407=CYLINDRICAL_SURFACE('',#6022,0.003);
#408=CYLINDRICAL_SURFACE('',#6049,0.00425);
#409=CYLINDRICAL_SURFACE('',#6052,0.00425);
#410=CYLINDRICAL_SURFACE('',#6055,0.00425);
#411=CYLINDRICAL_SURFACE('',#6058,0.00425);
#412=CYLINDRICAL_SURFACE('',#6061,0.0034);
#413=CYLINDRICAL_SURFACE('',#6064,0.0034);
#414=CYLINDRICAL_SURFACE('',#6067,0.0034);
#415=CYLINDRICAL_SURFACE('',#6070,0.0034);
#416=CYLINDRICAL_SURFACE('',#6073,0.0034);
#417=CYLINDRICAL_SURFACE('',#6087,0.003);
#418=CYLINDRICAL_SURFACE('',#6090,0.003);
#419=CYLINDRICAL_SURFACE('',#6093,0.003);
#420=CYLINDRICAL_SURFACE('',#6096,0.003);
#421=CYLINDRICAL_SURFACE('',#6099,0.001);
#422=CYLINDRICAL_SURFACE('',#6102,0.001);
#423=CYLINDRICAL_SURFACE('',#6105,0.001);
#424=CYLINDRICAL_SURFACE('',#6111,0.001);
#425=CYLINDRICAL_SURFACE('',#6114,0.001);
#426=CYLINDRICAL_SURFACE('',#6117,0.001);
#427=CYLINDRICAL_SURFACE('',#6123,0.001);
#428=CYLINDRICAL_SURFACE('',#6126,0.001);
#429=CYLINDRICAL_SURFACE('',#6129,0.001);
#430=CYLINDRICAL_SURFACE('',#6135,0.001);
#431=CYLINDRICAL_SURFACE('',#6138,0.001);
#432=CYLINDRICAL_SURFACE('',#6141,0.001);
#433=CYLINDRICAL_SURFACE('',#6147,0.001);
#434=CYLINDRICAL_SURFACE('',#6150,0.001);
#435=CYLINDRICAL_SURFACE('',#6153,0.001);
#436=CYLINDRICAL_SURFACE('',#6200,0.0045);
#437=CYLINDRICAL_SURFACE('',#6203,0.0045);
#438=CYLINDRICAL_SURFACE('',#6206,0.0045);
#439=CYLINDRICAL_SURFACE('',#6209,0.0045);
#440=CYLINDRICAL_SURFACE('',#6212,0.0045);
#441=CYLINDRICAL_SURFACE('',#6215,0.0045);
#442=CYLINDRICAL_SURFACE('',#6218,0.0045);
#443=CYLINDRICAL_SURFACE('',#6221,0.0045);
#444=CYLINDRICAL_SURFACE('',#6224,0.0045);
#445=CYLINDRICAL_SURFACE('',#6227,0.0045);
#446=CYLINDRICAL_SURFACE('',#6230,0.001);
#447=CYLINDRICAL_SURFACE('',#6231,0.001);
#448=CYLINDRICAL_SURFACE('',#6232,0.001);
#449=CYLINDRICAL_SURFACE('',#6233,0.001);
#450=CYLINDRICAL_SURFACE('',#6234,0.001);
#451=CYLINDRICAL_SURFACE('',#6241,0.008);
#452=CYLINDRICAL_SURFACE('',#6253,0.003);
#453=CYLINDRICAL_SURFACE('',#6256,0.003);
#454=CYLINDRICAL_SURFACE('',#6259,0.001);
#455=CYLINDRICAL_SURFACE('',#6262,0.001);
#456=CYLINDRICAL_SURFACE('',#6268,0.001);
#457=CYLINDRICAL_SURFACE('',#6271,0.001);
#458=CYLINDRICAL_SURFACE('',#6277,0.001);
#459=CYLINDRICAL_SURFACE('',#6280,0.001);
#460=CYLINDRICAL_SURFACE('',#6286,0.001);
#461=CYLINDRICAL_SURFACE('',#6289,0.001);
#462=CYLINDRICAL_SURFACE('',#6295,0.001);
#463=CYLINDRICAL_SURFACE('',#6298,0.001);
#464=LINE('',#8068,#836);
#465=LINE('',#8071,#837);
#466=LINE('',#8073,#838);
#467=LINE('',#8075,#839);
#468=LINE('',#8077,#840);
#469=LINE('',#8079,#841);
#470=LINE('',#8081,#842);
#471=LINE('',#8082,#843);
#472=LINE('',#8089,#844);
#473=LINE('',#8091,#845);
#474=LINE('',#8093,#846);
#475=LINE('',#8095,#847);
#476=LINE('',#8108,#848);
#477=LINE('',#8111,#849);
#478=LINE('',#8113,#850);
#479=LINE('',#8115,#851);
#480=LINE('',#8117,#852);
#481=LINE('',#8119,#853);
#482=LINE('',#8121,#854);
#483=LINE('',#8124,#855);
#484=LINE('',#8125,#856);
#485=LINE('',#8127,#857);
#486=LINE('',#8129,#858);
#487=LINE('',#8131,#859);
#488=LINE('',#8133,#860);
#489=LINE('',#8135,#861);
#490=LINE('',#8137,#862);
#491=LINE('',#8139,#863);
#492=LINE('',#8141,#864);
#493=LINE('',#8143,#865);
#494=LINE('',#8170,#866);
#495=LINE('',#8173,#867);
#496=LINE('',#8175,#868);
#497=LINE('',#8177,#869);
#498=LINE('',#8179,#870);
#499=LINE('',#8181,#871);
#500=LINE('',#8183,#872);
#501=LINE('',#8186,#873);
#502=LINE('',#8187,#874);
#503=LINE('',#8189,#875);
#504=LINE('',#8191,#876);
#505=LINE('',#8193,#877);
#506=LINE('',#8195,#878);
#507=LINE('',#8197,#879);
#508=LINE('',#8199,#880);
#509=LINE('',#8201,#881);
#510=LINE('',#8203,#882);
#511=LINE('',#8205,#883);
#512=LINE('',#8230,#884);
#513=LINE('',#8233,#885);
#514=LINE('',#8235,#886);
#515=LINE('',#8237,#887);
#516=LINE('',#8239,#888);
#517=LINE('',#8241,#889);
#518=LINE('',#8243,#890);
#519=LINE('',#8245,#891);
#520=LINE('',#8247,#892);
#521=LINE('',#8249,#893);
#522=LINE('',#8251,#894);
#523=LINE('',#8253,#895);
#524=LINE('',#8255,#896);
#525=LINE('',#8258,#897);
#526=LINE('',#8260,#898);
#527=LINE('',#8262,#899);
#528=LINE('',#8264,#900);
#529=LINE('',#8266,#901);
#530=LINE('',#8268,#902);
#531=LINE('',#8270,#903);
#532=LINE('',#8272,#904);
#533=LINE('',#8274,#905);
#534=LINE('',#8276,#906);
#535=LINE('',#8278,#907);
#536=LINE('',#8288,#908);
#537=LINE('',#8289,#909);
#538=LINE('',#8299,#910);
#539=LINE('',#8301,#911);
#540=LINE('',#8303,#912);
#541=LINE('',#8305,#913);
#542=LINE('',#8307,#914);
#543=LINE('',#8317,#915);
#544=LINE('',#8327,#916);
#545=LINE('',#8329,#917);
#546=LINE('',#8331,#918);
#547=LINE('',#8333,#919);
#548=LINE('',#8368,#920);
#549=LINE('',#8372,#921);
#550=LINE('',#8377,#922);
#551=LINE('',#8381,#923);
#552=LINE('',#8386,#924);
#553=LINE('',#8390,#925);
#554=LINE('',#8395,#926);
#555=LINE('',#8399,#927);
#556=LINE('',#8401,#928);
#557=LINE('',#8404,#929);
#558=LINE('',#8406,#930);
#559=LINE('',#8408,#931);
#560=LINE('',#8414,#932);
#561=LINE('',#8416,#933);
#562=LINE('',#8419,#934);
#563=LINE('',#8420,#935);
#564=LINE('',#8425,#936);
#565=LINE('',#8428,#937);
#566=LINE('',#8430,#938);
#567=LINE('',#8432,#939);
#568=LINE('',#8434,#940);
#569=LINE('',#8437,#941);
#570=LINE('',#8439,#942);
#571=LINE('',#8441,#943);
#572=LINE('',#8452,#944);
#573=LINE('',#8456,#945);
#574=LINE('',#8460,#946);
#575=LINE('',#8464,#947);
#576=LINE('',#8473,#948);
#577=LINE('',#8474,#949);
#578=LINE('',#8475,#950);
#579=LINE('',#8476,#951);
#580=LINE('',#8491,#952);
#581=LINE('',#8495,#953);
#582=LINE('',#8499,#954);
#583=LINE('',#8503,#955);
#584=LINE('',#8512,#956);
#585=LINE('',#8513,#957);
#586=LINE('',#8514,#958);
#587=LINE('',#8515,#959);
#588=LINE('',#8531,#960);
#589=LINE('',#8532,#961);
#590=LINE('',#8534,#962);
#591=LINE('',#8536,#963);
#592=LINE('',#8539,#964);
#593=LINE('',#8540,#965);
#594=LINE('',#8542,#966);
#595=LINE('',#8544,#967);
#596=LINE('',#8606,#968);
#597=LINE('',#8610,#969);
#598=LINE('',#8615,#970);
#599=LINE('',#8619,#971);
#600=LINE('',#8624,#972);
#601=LINE('',#8628,#973);
#602=LINE('',#8633,#974);
#603=LINE('',#8637,#975);
#604=LINE('',#8639,#976);
#605=LINE('',#8642,#977);
#606=LINE('',#8644,#978);
#607=LINE('',#8646,#979);
#608=LINE('',#8650,#980);
#609=LINE('',#8654,#981);
#610=LINE('',#8657,#982);
#611=LINE('',#8658,#983);
#612=LINE('',#8663,#984);
#613=LINE('',#8666,#985);
#614=LINE('',#8668,#986);
#615=LINE('',#8670,#987);
#616=LINE('',#8672,#988);
#617=LINE('',#8675,#989);
#618=LINE('',#8677,#990);
#619=LINE('',#8679,#991);
#620=LINE('',#8690,#992);
#621=LINE('',#8694,#993);
#622=LINE('',#8698,#994);
#623=LINE('',#8702,#995);
#624=LINE('',#8711,#996);
#625=LINE('',#8712,#997);
#626=LINE('',#8713,#998);
#627=LINE('',#8714,#999);
#628=LINE('',#8729,#1000);
#629=LINE('',#8733,#1001);
#630=LINE('',#8737,#1002);
#631=LINE('',#8741,#1003);
#632=LINE('',#8750,#1004);
#633=LINE('',#8751,#1005);
#634=LINE('',#8752,#1006);
#635=LINE('',#8753,#1007);
#636=LINE('',#8769,#1008);
#637=LINE('',#8770,#1009);
#638=LINE('',#8772,#1010);
#639=LINE('',#8774,#1011);
#640=LINE('',#8777,#1012);
#641=LINE('',#8778,#1013);
#642=LINE('',#8780,#1014);
#643=LINE('',#8782,#1015);
#644=LINE('',#8853,#1016);
#645=LINE('',#8856,#1017);
#646=LINE('',#8858,#1018);
#647=LINE('',#8860,#1019);
#648=LINE('',#8862,#1020);
#649=LINE('',#8865,#1021);
#650=LINE('',#8867,#1022);
#651=LINE('',#8869,#1023);
#652=LINE('',#8871,#1024);
#653=LINE('',#8872,#1025);
#654=LINE('',#8884,#1026);
#655=LINE('',#8886,#1027);
#656=LINE('',#8960,#1028);
#657=LINE('',#8964,#1029);
#658=LINE('',#8969,#1030);
#659=LINE('',#8973,#1031);
#660=LINE('',#8978,#1032);
#661=LINE('',#8982,#1033);
#662=LINE('',#8987,#1034);
#663=LINE('',#8991,#1035);
#664=LINE('',#8996,#1036);
#665=LINE('',#9000,#1037);
#666=LINE('',#9005,#1038);
#667=LINE('',#9009,#1039);
#668=LINE('',#9011,#1040);
#669=LINE('',#9016,#1041);
#670=LINE('',#9020,#1042);
#671=LINE('',#9022,#1043);
#672=LINE('',#9024,#1044);
#673=LINE('',#9026,#1045);
#674=LINE('',#9028,#1046);
#675=LINE('',#9030,#1047);
#676=LINE('',#9032,#1048);
#677=LINE('',#9033,#1049);
#678=LINE('',#9038,#1050);
#679=LINE('',#9042,#1051);
#680=LINE('',#9047,#1052);
#681=LINE('',#9051,#1053);
#682=LINE('',#9053,#1054);
#683=LINE('',#9058,#1055);
#684=LINE('',#9062,#1056);
#685=LINE('',#9064,#1057);
#686=LINE('',#9066,#1058);
#687=LINE('',#9068,#1059);
#688=LINE('',#9070,#1060);
#689=LINE('',#9072,#1061);
#690=LINE('',#9074,#1062);
#691=LINE('',#9075,#1063);
#692=LINE('',#9080,#1064);
#693=LINE('',#9084,#1065);
#694=LINE('',#9089,#1066);
#695=LINE('',#9093,#1067);
#696=LINE('',#9095,#1068);
#697=LINE('',#9100,#1069);
#698=LINE('',#9104,#1070);
#699=LINE('',#9106,#1071);
#700=LINE('',#9108,#1072);
#701=LINE('',#9110,#1073);
#702=LINE('',#9112,#1074);
#703=LINE('',#9114,#1075);
#704=LINE('',#9116,#1076);
#705=LINE('',#9117,#1077);
#706=LINE('',#9122,#1078);
#707=LINE('',#9126,#1079);
#708=LINE('',#9131,#1080);
#709=LINE('',#9135,#1081);
#710=LINE('',#9137,#1082);
#711=LINE('',#9142,#1083);
#712=LINE('',#9146,#1084);
#713=LINE('',#9148,#1085);
#714=LINE('',#9150,#1086);
#715=LINE('',#9152,#1087);
#716=LINE('',#9154,#1088);
#717=LINE('',#9156,#1089);
#718=LINE('',#9158,#1090);
#719=LINE('',#9159,#1091);
#720=LINE('',#9164,#1092);
#721=LINE('',#9168,#1093);
#722=LINE('',#9173,#1094);
#723=LINE('',#9177,#1095);
#724=LINE('',#9179,#1096);
#725=LINE('',#9184,#1097);
#726=LINE('',#9188,#1098);
#727=LINE('',#9190,#1099);
#728=LINE('',#9192,#1100);
#729=LINE('',#9194,#1101);
#730=LINE('',#9196,#1102);
#731=LINE('',#9198,#1103);
#732=LINE('',#9200,#1104);
#733=LINE('',#9201,#1105);
#734=LINE('',#9223,#1106);
#735=LINE('',#9224,#1107);
#736=LINE('',#9226,#1108);
#737=LINE('',#9228,#1109);
#738=LINE('',#9230,#1110);
#739=LINE('',#9232,#1111);
#740=LINE('',#9234,#1112);
#741=LINE('',#9235,#1113);
#742=LINE('',#9236,#1114);
#743=LINE('',#9238,#1115);
#744=LINE('',#9239,#1116);
#745=LINE('',#9240,#1117);
#746=LINE('',#9241,#1118);
#747=LINE('',#9242,#1119);
#748=LINE('',#9244,#1120);
#749=LINE('',#9246,#1121);
#750=LINE('',#9248,#1122);
#751=LINE('',#9250,#1123);
#752=LINE('',#9352,#1124);
#753=LINE('',#9356,#1125);
#754=LINE('',#9361,#1126);
#755=LINE('',#9365,#1127);
#756=LINE('',#9370,#1128);
#757=LINE('',#9374,#1129);
#758=LINE('',#9379,#1130);
#759=LINE('',#9383,#1131);
#760=LINE('',#9385,#1132);
#761=LINE('',#9386,#1133);
#762=LINE('',#9388,#1134);
#763=LINE('',#9390,#1135);
#764=LINE('',#9392,#1136);
#765=LINE('',#9394,#1137);
#766=LINE('',#9396,#1138);
#767=LINE('',#9398,#1139);
#768=LINE('',#9403,#1140);
#769=LINE('',#9407,#1141);
#770=LINE('',#9412,#1142);
#771=LINE('',#9416,#1143);
#772=LINE('',#9418,#1144);
#773=LINE('',#9419,#1145);
#774=LINE('',#9421,#1146);
#775=LINE('',#9423,#1147);
#776=LINE('',#9425,#1148);
#777=LINE('',#9427,#1149);
#778=LINE('',#9429,#1150);
#779=LINE('',#9431,#1151);
#780=LINE('',#9436,#1152);
#781=LINE('',#9440,#1153);
#782=LINE('',#9445,#1154);
#783=LINE('',#9449,#1155);
#784=LINE('',#9451,#1156);
#785=LINE('',#9452,#1157);
#786=LINE('',#9454,#1158);
#787=LINE('',#9456,#1159);
#788=LINE('',#9458,#1160);
#789=LINE('',#9460,#1161);
#790=LINE('',#9462,#1162);
#791=LINE('',#9464,#1163);
#792=LINE('',#9469,#1164);
#793=LINE('',#9473,#1165);
#794=LINE('',#9478,#1166);
#795=LINE('',#9482,#1167);
#796=LINE('',#9484,#1168);
#797=LINE('',#9485,#1169);
#798=LINE('',#9487,#1170);
#799=LINE('',#9489,#1171);
#800=LINE('',#9491,#1172);
#801=LINE('',#9493,#1173);
#802=LINE('',#9495,#1174);
#803=LINE('',#9497,#1175);
#804=LINE('',#9502,#1176);
#805=LINE('',#9506,#1177);
#806=LINE('',#9511,#1178);
#807=LINE('',#9515,#1179);
#808=LINE('',#9517,#1180);
#809=LINE('',#9518,#1181);
#810=LINE('',#9520,#1182);
#811=LINE('',#9522,#1183);
#812=LINE('',#9524,#1184);
#813=LINE('',#9526,#1185);
#814=LINE('',#9528,#1186);
#815=LINE('',#9530,#1187);
#816=LINE('',#9532,#1188);
#817=LINE('',#9534,#1189);
#818=LINE('',#9536,#1190);
#819=LINE('',#9538,#1191);
#820=LINE('',#9539,#1192);
#821=LINE('',#9541,#1193);
#822=LINE('',#9543,#1194);
#823=LINE('',#9545,#1195);
#824=LINE('',#9547,#1196);
#825=LINE('',#9548,#1197);
#826=LINE('',#9549,#1198);
#827=LINE('',#9550,#1199);
#828=LINE('',#9551,#1200);
#829=LINE('',#9552,#1201);
#830=LINE('',#9554,#1202);
#831=LINE('',#9556,#1203);
#832=LINE('',#9557,#1204);
#833=LINE('',#9558,#1205);
#834=LINE('',#9559,#1206);
#835=LINE('',#9560,#1207);
#836=VECTOR('',#6350,1.);
#837=VECTOR('',#6351,1.);
#838=VECTOR('',#6352,1.);
#839=VECTOR('',#6353,1.);
#840=VECTOR('',#6354,1.);
#841=VECTOR('',#6355,1.);
#842=VECTOR('',#6358,1.);
#843=VECTOR('',#6359,1.);
#844=VECTOR('',#6362,1.);
#845=VECTOR('',#6365,1.);
#846=VECTOR('',#6368,1.);
#847=VECTOR('',#6371,1.);
#848=VECTOR('',#6386,1.);
#849=VECTOR('',#6387,1.);
#850=VECTOR('',#6388,1.);
#851=VECTOR('',#6389,1.);
#852=VECTOR('',#6390,1.);
#853=VECTOR('',#6391,1.);
#854=VECTOR('',#6394,1.);
#855=VECTOR('',#6395,1.);
#856=VECTOR('',#6396,1.);
#857=VECTOR('',#6399,1.);
#858=VECTOR('',#6400,1.);
#859=VECTOR('',#6403,1.);
#860=VECTOR('',#6404,1.);
#861=VECTOR('',#6407,1.);
#862=VECTOR('',#6408,1.);
#863=VECTOR('',#6411,1.);
#864=VECTOR('',#6412,1.);
#865=VECTOR('',#6415,1.);
#866=VECTOR('',#6454,1.);
#867=VECTOR('',#6455,1.);
#868=VECTOR('',#6456,1.);
#869=VECTOR('',#6457,1.);
#870=VECTOR('',#6458,1.);
#871=VECTOR('',#6459,1.);
#872=VECTOR('',#6462,1.);
#873=VECTOR('',#6463,1.);
#874=VECTOR('',#6464,1.);
#875=VECTOR('',#6467,1.);
#876=VECTOR('',#6468,1.);
#877=VECTOR('',#6471,1.);
#878=VECTOR('',#6472,1.);
#879=VECTOR('',#6475,1.);
#880=VECTOR('',#6476,1.);
#881=VECTOR('',#6479,1.);
#882=VECTOR('',#6480,1.);
#883=VECTOR('',#6483,1.);
#884=VECTOR('',#6522,1.);
#885=VECTOR('',#6523,1.);
#886=VECTOR('',#6524,1.);
#887=VECTOR('',#6525,1.);
#888=VECTOR('',#6526,1.);
#889=VECTOR('',#6527,1.);
#890=VECTOR('',#6528,1.);
#891=VECTOR('',#6529,1.);
#892=VECTOR('',#6530,1.);
#893=VECTOR('',#6531,1.);
#894=VECTOR('',#6532,1.);
#895=VECTOR('',#6533,1.);
#896=VECTOR('',#6536,1.);
#897=VECTOR('',#6537,1.);
#898=VECTOR('',#6538,1.);
#899=VECTOR('',#6539,1.);
#900=VECTOR('',#6540,1.);
#901=VECTOR('',#6541,1.);
#902=VECTOR('',#6542,1.);
#903=VECTOR('',#6543,1.);
#904=VECTOR('',#6544,1.);
#905=VECTOR('',#6545,1.);
#906=VECTOR('',#6546,1.);
#907=VECTOR('',#6547,1.);
#908=VECTOR('',#6558,1.);
#909=VECTOR('',#6559,1.);
#910=VECTOR('',#6570,1.);
#911=VECTOR('',#6573,1.);
#912=VECTOR('',#6576,1.);
#913=VECTOR('',#6579,1.);
#914=VECTOR('',#6582,1.);
#915=VECTOR('',#6593,1.);
#916=VECTOR('',#6604,1.);
#917=VECTOR('',#6607,1.);
#918=VECTOR('',#6610,1.);
#919=VECTOR('',#6613,1.);
#920=VECTOR('',#6670,1.);
#921=VECTOR('',#6673,1.);
#922=VECTOR('',#6678,1.);
#923=VECTOR('',#6681,1.);
#924=VECTOR('',#6686,1.);
#925=VECTOR('',#6689,1.);
#926=VECTOR('',#6694,1.);
#927=VECTOR('',#6697,1.);
#928=VECTOR('',#6700,1.);
#929=VECTOR('',#6701,1.);
#930=VECTOR('',#6702,1.);
#931=VECTOR('',#6703,1.);
#932=VECTOR('',#6710,1.);
#933=VECTOR('',#6713,1.);
#934=VECTOR('',#6714,1.);
#935=VECTOR('',#6715,1.);
#936=VECTOR('',#6724,1.);
#937=VECTOR('',#6725,1.);
#938=VECTOR('',#6726,1.);
#939=VECTOR('',#6727,1.);
#940=VECTOR('',#6730,1.);
#941=VECTOR('',#6731,1.);
#942=VECTOR('',#6732,1.);
#943=VECTOR('',#6733,1.);
#944=VECTOR('',#6750,1.);
#945=VECTOR('',#6753,1.);
#946=VECTOR('',#6756,1.);
#947=VECTOR('',#6759,1.);
#948=VECTOR('',#6768,1.);
#949=VECTOR('',#6769,1.);
#950=VECTOR('',#6770,1.);
#951=VECTOR('',#6771,1.);
#952=VECTOR('',#6786,1.);
#953=VECTOR('',#6789,1.);
#954=VECTOR('',#6792,1.);
#955=VECTOR('',#6795,1.);
#956=VECTOR('',#6804,1.);
#957=VECTOR('',#6805,1.);
#958=VECTOR('',#6806,1.);
#959=VECTOR('',#6807,1.);
#960=VECTOR('',#6828,1.);
#961=VECTOR('',#6829,1.);
#962=VECTOR('',#6832,1.);
#963=VECTOR('',#6835,1.);
#964=VECTOR('',#6840,1.);
#965=VECTOR('',#6841,1.);
#966=VECTOR('',#6844,1.);
#967=VECTOR('',#6847,1.);
#968=VECTOR('',#6946,1.);
#969=VECTOR('',#6949,1.);
#970=VECTOR('',#6954,1.);
#971=VECTOR('',#6957,1.);
#972=VECTOR('',#6962,1.);
#973=VECTOR('',#6965,1.);
#974=VECTOR('',#6970,1.);
#975=VECTOR('',#6973,1.);
#976=VECTOR('',#6976,1.);
#977=VECTOR('',#6977,1.);
#978=VECTOR('',#6978,1.);
#979=VECTOR('',#6979,1.);
#980=VECTOR('',#6984,1.);
#981=VECTOR('',#6989,1.);
#982=VECTOR('',#6990,1.);
#983=VECTOR('',#6991,1.);
#984=VECTOR('',#7000,1.);
#985=VECTOR('',#7001,1.);
#986=VECTOR('',#7002,1.);
#987=VECTOR('',#7003,1.);
#988=VECTOR('',#7006,1.);
#989=VECTOR('',#7007,1.);
#990=VECTOR('',#7008,1.);
#991=VECTOR('',#7009,1.);
#992=VECTOR('',#7026,1.);
#993=VECTOR('',#7029,1.);
#994=VECTOR('',#7032,1.);
#995=VECTOR('',#7035,1.);
#996=VECTOR('',#7044,1.);
#997=VECTOR('',#7045,1.);
#998=VECTOR('',#7046,1.);
#999=VECTOR('',#7047,1.);
#1000=VECTOR('',#7062,1.);
#1001=VECTOR('',#7065,1.);
#1002=VECTOR('',#7068,1.);
#1003=VECTOR('',#7071,1.);
#1004=VECTOR('',#7080,1.);
#1005=VECTOR('',#7081,1.);
#1006=VECTOR('',#7082,1.);
#1007=VECTOR('',#7083,1.);
#1008=VECTOR('',#7104,1.);
#1009=VECTOR('',#7105,1.);
#1010=VECTOR('',#7108,1.);
#1011=VECTOR('',#7111,1.);
#1012=VECTOR('',#7116,1.);
#1013=VECTOR('',#7117,1.);
#1014=VECTOR('',#7120,1.);
#1015=VECTOR('',#7123,1.);
#1016=VECTOR('',#7240,1.);
#1017=VECTOR('',#7241,1.);
#1018=VECTOR('',#7242,1.);
#1019=VECTOR('',#7243,1.);
#1020=VECTOR('',#7246,1.);
#1021=VECTOR('',#7247,1.);
#1022=VECTOR('',#7248,1.);
#1023=VECTOR('',#7249,1.);
#1024=VECTOR('',#7252,1.);
#1025=VECTOR('',#7253,1.);
#1026=VECTOR('',#7266,1.);
#1027=VECTOR('',#7269,1.);
#1028=VECTOR('',#7364,1.);
#1029=VECTOR('',#7367,1.);
#1030=VECTOR('',#7372,1.);
#1031=VECTOR('',#7375,1.);
#1032=VECTOR('',#7380,1.);
#1033=VECTOR('',#7383,1.);
#1034=VECTOR('',#7388,1.);
#1035=VECTOR('',#7391,1.);
#1036=VECTOR('',#7396,1.);
#1037=VECTOR('',#7399,1.);
#1038=VECTOR('',#7404,1.);
#1039=VECTOR('',#7407,1.);
#1040=VECTOR('',#7410,1.);
#1041=VECTOR('',#7413,1.);
#1042=VECTOR('',#7418,1.);
#1043=VECTOR('',#7419,1.);
#1044=VECTOR('',#7420,1.);
#1045=VECTOR('',#7423,1.);
#1046=VECTOR('',#7424,1.);
#1047=VECTOR('',#7425,1.);
#1048=VECTOR('',#7428,1.);
#1049=VECTOR('',#7429,1.);
#1050=VECTOR('',#7434,1.);
#1051=VECTOR('',#7437,1.);
#1052=VECTOR('',#7442,1.);
#1053=VECTOR('',#7445,1.);
#1054=VECTOR('',#7448,1.);
#1055=VECTOR('',#7451,1.);
#1056=VECTOR('',#7456,1.);
#1057=VECTOR('',#7457,1.);
#1058=VECTOR('',#7458,1.);
#1059=VECTOR('',#7461,1.);
#1060=VECTOR('',#7462,1.);
#1061=VECTOR('',#7463,1.);
#1062=VECTOR('',#7466,1.);
#1063=VECTOR('',#7467,1.);
#1064=VECTOR('',#7472,1.);
#1065=VECTOR('',#7475,1.);
#1066=VECTOR('',#7480,1.);
#1067=VECTOR('',#7483,1.);
#1068=VECTOR('',#7486,1.);
#1069=VECTOR('',#7489,1.);
#1070=VECTOR('',#7494,1.);
#1071=VECTOR('',#7495,1.);
#1072=VECTOR('',#7496,1.);
#1073=VECTOR('',#7499,1.);
#1074=VECTOR('',#7500,1.);
#1075=VECTOR('',#7501,1.);
#1076=VECTOR('',#7504,1.);
#1077=VECTOR('',#7505,1.);
#1078=VECTOR('',#7510,1.);
#1079=VECTOR('',#7513,1.);
#1080=VECTOR('',#7518,1.);
#1081=VECTOR('',#7521,1.);
#1082=VECTOR('',#7524,1.);
#1083=VECTOR('',#7527,1.);
#1084=VECTOR('',#7532,1.);
#1085=VECTOR('',#7533,1.);
#1086=VECTOR('',#7534,1.);
#1087=VECTOR('',#7537,1.);
#1088=VECTOR('',#7538,1.);
#1089=VECTOR('',#7539,1.);
#1090=VECTOR('',#7542,1.);
#1091=VECTOR('',#7543,1.);
#1092=VECTOR('',#7548,1.);
#1093=VECTOR('',#7551,1.);
#1094=VECTOR('',#7556,1.);
#1095=VECTOR('',#7559,1.);
#1096=VECTOR('',#7562,1.);
#1097=VECTOR('',#7565,1.);
#1098=VECTOR('',#7570,1.);
#1099=VECTOR('',#7571,1.);
#1100=VECTOR('',#7572,1.);
#1101=VECTOR('',#7575,1.);
#1102=VECTOR('',#7576,1.);
#1103=VECTOR('',#7577,1.);
#1104=VECTOR('',#7580,1.);
#1105=VECTOR('',#7581,1.);
#1106=VECTOR('',#7604,1.);
#1107=VECTOR('',#7605,1.);
#1108=VECTOR('',#7608,1.);
#1109=VECTOR('',#7611,1.);
#1110=VECTOR('',#7614,1.);
#1111=VECTOR('',#7617,1.);
#1112=VECTOR('',#7620,1.);
#1113=VECTOR('',#7621,1.);
#1114=VECTOR('',#7622,1.);
#1115=VECTOR('',#7625,1.);
#1116=VECTOR('',#7626,1.);
#1117=VECTOR('',#7627,1.);
#1118=VECTOR('',#7628,1.);
#1119=VECTOR('',#7629,1.);
#1120=VECTOR('',#7632,1.);
#1121=VECTOR('',#7635,1.);
#1122=VECTOR('',#7638,1.);
#1123=VECTOR('',#7641,1.);
#1124=VECTOR('',#7792,1.);
#1125=VECTOR('',#7795,1.);
#1126=VECTOR('',#7800,1.);
#1127=VECTOR('',#7803,1.);
#1128=VECTOR('',#7808,1.);
#1129=VECTOR('',#7811,1.);
#1130=VECTOR('',#7816,1.);
#1131=VECTOR('',#7819,1.);
#1132=VECTOR('',#7822,1.);
#1133=VECTOR('',#7823,1.);
#1134=VECTOR('',#7826,1.);
#1135=VECTOR('',#7827,1.);
#1136=VECTOR('',#7828,1.);
#1137=VECTOR('',#7831,1.);
#1138=VECTOR('',#7832,1.);
#1139=VECTOR('',#7833,1.);
#1140=VECTOR('',#7838,1.);
#1141=VECTOR('',#7841,1.);
#1142=VECTOR('',#7846,1.);
#1143=VECTOR('',#7849,1.);
#1144=VECTOR('',#7852,1.);
#1145=VECTOR('',#7853,1.);
#1146=VECTOR('',#7856,1.);
#1147=VECTOR('',#7857,1.);
#1148=VECTOR('',#7858,1.);
#1149=VECTOR('',#7861,1.);
#1150=VECTOR('',#7862,1.);
#1151=VECTOR('',#7863,1.);
#1152=VECTOR('',#7868,1.);
#1153=VECTOR('',#7871,1.);
#1154=VECTOR('',#7876,1.);
#1155=VECTOR('',#7879,1.);
#1156=VECTOR('',#7882,1.);
#1157=VECTOR('',#7883,1.);
#1158=VECTOR('',#7886,1.);
#1159=VECTOR('',#7887,1.);
#1160=VECTOR('',#7888,1.);
#1161=VECTOR('',#7891,1.);
#1162=VECTOR('',#7892,1.);
#1163=VECTOR('',#7893,1.);
#1164=VECTOR('',#7898,1.);
#1165=VECTOR('',#7901,1.);
#1166=VECTOR('',#7906,1.);
#1167=VECTOR('',#7909,1.);
#1168=VECTOR('',#7912,1.);
#1169=VECTOR('',#7913,1.);
#1170=VECTOR('',#7916,1.);
#1171=VECTOR('',#7917,1.);
#1172=VECTOR('',#7918,1.);
#1173=VECTOR('',#7921,1.);
#1174=VECTOR('',#7922,1.);
#1175=VECTOR('',#7923,1.);
#1176=VECTOR('',#7928,1.);
#1177=VECTOR('',#7931,1.);
#1178=VECTOR('',#7936,1.);
#1179=VECTOR('',#7939,1.);
#1180=VECTOR('',#7942,1.);
#1181=VECTOR('',#7943,1.);
#1182=VECTOR('',#7946,1.);
#1183=VECTOR('',#7947,1.);
#1184=VECTOR('',#7948,1.);
#1185=VECTOR('',#7951,1.);
#1186=VECTOR('',#7952,1.);
#1187=VECTOR('',#7953,1.);
#1188=VECTOR('',#7956,1.);
#1189=VECTOR('',#7957,1.);
#1190=VECTOR('',#7958,1.);
#1191=VECTOR('',#7961,1.);
#1192=VECTOR('',#7962,1.);
#1193=VECTOR('',#7965,1.);
#1194=VECTOR('',#7966,1.);
#1195=VECTOR('',#7967,1.);
#1196=VECTOR('',#7970,1.);
#1197=VECTOR('',#7971,1.);
#1198=VECTOR('',#7972,1.);
#1199=VECTOR('',#7973,1.);
#1200=VECTOR('',#7974,1.);
#1201=VECTOR('',#7975,1.);
#1202=VECTOR('',#7978,1.);
#1203=VECTOR('',#7981,1.);
#1204=VECTOR('',#7982,1.);
#1205=VECTOR('',#7983,1.);
#1206=VECTOR('',#7984,1.);
#1207=VECTOR('',#7985,1.);
#1208=B_SPLINE_CURVE_WITH_KNOTS('',3,(#8013,#8014,#8015,#8016),.UNSPECIFIED.,.F.,.F.,(4,4),(5.38253694535453E-17,0.00467374444220795),.UNSPECIFIED.);
#1209=B_SPLINE_CURVE_WITH_KNOTS('',3,(#8018,#8019,#8020,#8021),.UNSPECIFIED.,.F.,.F.,(4,4),(0.,0.00467374444229703),.UNSPECIFIED.);
#1210=B_SPLINE_CURVE_WITH_KNOTS('',3,(#8023,#8024,#8025,#8026),.UNSPECIFIED.,.F.,.F.,(4,4),(1.67870360078855E-16,0.00467374442869996),.UNSPECIFIED.);
#1211=B_SPLINE_CURVE_WITH_KNOTS('',3,(#8028,#8029,#8030,#8031),.UNSPECIFIED.,.F.,.F.,(4,4),(0.,0.00467374443629358),.UNSPECIFIED.);
#1212=B_SPLINE_CURVE_WITH_KNOTS('',3,(#8033,#8034,#8035,#8036),.UNSPECIFIED.,.F.,.F.,(4,4),(2.00480679476392E-16,0.00467374455231164),.UNSPECIFIED.);
#1213=B_SPLINE_CURVE_WITH_KNOTS('',3,(#8038,#8039,#8040,#8041),.UNSPECIFIED.,.F.,.F.,(4,4),(2.2384698894699E-17,0.00467374455231185),.UNSPECIFIED.);
#1214=B_SPLINE_CURVE_WITH_KNOTS('',3,(#8043,#8044,#8045,#8046),.UNSPECIFIED.,.F.,.F.,(4,4),(1.92194522503217E-17,0.00467374442869953),.UNSPECIFIED.);
#1215=B_SPLINE_CURVE_WITH_KNOTS('',3,(#8048,#8049,#8050,#8051),.UNSPECIFIED.,.F.,.F.,(4,4),(0.,0.00467374443629421),.UNSPECIFIED.);
#1216=B_SPLINE_CURVE_WITH_KNOTS('',3,(#8053,#8054,#8055,#8056),.UNSPECIFIED.,.F.,.F.,(4,4),(1.62727621983703E-16,0.00467374442869951),.UNSPECIFIED.);
#1217=B_SPLINE_CURVE_WITH_KNOTS('',3,(#8058,#8059,#8060,#8061),.UNSPECIFIED.,.F.,.F.,(4,4),(0.,0.00467374443629444),.UNSPECIFIED.);
#1218=B_SPLINE_CURVE_WITH_KNOTS('',3,(#8084,#8085,#8086,#8087),.UNSPECIFIED.,.F.,.F.,(4,4),(1.92194522503217E-17,0.00467374455231166),.UNSPECIFIED.);
#1219=B_SPLINE_CURVE_WITH_KNOTS('',3,(#8097,#8098,#8099,#8100),.UNSPECIFIED.,.F.,.F.,(4,4),(3.2243999761673E-17,0.00467374455231158),.UNSPECIFIED.);
#1220=CONICAL_SURFACE('',#5669,0.008,1.0471975511966);
#1221=CONICAL_SURFACE('',#5670,0.008,1.0471975511966);
#1222=CONICAL_SURFACE('',#5671,0.008,1.0471975511966);
#1223=CONICAL_SURFACE('',#5672,0.008,1.0471975511966);
#1224=CONICAL_SURFACE('',#5673,0.008,1.0471975511966);
#1225=CONICAL_SURFACE('',#5686,0.008,1.0471975511966);
#1226=CONICAL_SURFACE('',#5687,0.0045,0.785398163397441);
#1227=CONICAL_SURFACE('',#5702,0.004,0.78539816339745);
#1228=CONICAL_SURFACE('',#5706,0.004,0.785398163397457);
#1229=CONICAL_SURFACE('',#5727,0.004,0.78539816339745);
#1230=CONICAL_SURFACE('',#5731,0.004,0.785398163397455);
#1231=CONICAL_SURFACE('',#5862,0.009125,0.785398163397448);
#1232=CONICAL_SURFACE('',#5865,0.009125,0.785398163397448);
#1233=CONICAL_SURFACE('',#5868,0.009125,0.785398163397448);
#1234=CONICAL_SURFACE('',#5871,0.009125,0.785398163397448);
#1235=CONICAL_SURFACE('',#5876,0.009125,0.785398163397448);
#1236=CONICAL_SURFACE('',#5879,0.009125,0.785398163397448);
#1237=CONICAL_SURFACE('',#5882,0.009125,0.785398163397448);
#1238=CONICAL_SURFACE('',#5885,0.009125,0.785398163397448);
#1239=CONICAL_SURFACE('',#5976,0.009125,0.785398163397448);
#1240=CONICAL_SURFACE('',#5979,0.009125,0.785398163397448);
#1241=CONICAL_SURFACE('',#5982,0.009125,0.785398163397448);
#1242=CONICAL_SURFACE('',#5985,0.009125,0.785398163397448);
#1243=CONICAL_SURFACE('',#5990,0.009125,0.785398163397448);
#1244=CONICAL_SURFACE('',#5993,0.009125,0.785398163397448);
#1245=CONICAL_SURFACE('',#5996,0.009125,0.785398163397448);
#1246=CONICAL_SURFACE('',#5999,0.009125,0.785398163397448);
#1247=CONICAL_SURFACE('',#6047,0.00425,1.02974425867665);
#1248=CONICAL_SURFACE('',#6050,0.00425,1.02974425867665);
#1249=CONICAL_SURFACE('',#6053,0.00425,1.02974425867665);
#1250=CONICAL_SURFACE('',#6056,0.00425,1.02974425867665);
#1251=CONICAL_SURFACE('',#6059,0.0034,1.02974425867665);
#1252=CONICAL_SURFACE('',#6062,0.0034,1.02974425867665);
#1253=CONICAL_SURFACE('',#6065,0.0034,1.02974425867665);
#1254=CONICAL_SURFACE('',#6068,0.0034,1.02974425867665);
#1255=CONICAL_SURFACE('',#6071,0.0034,1.02974425867665);
#1256=CONICAL_SURFACE('',#6202,0.009125,0.785398163397448);
#1257=CONICAL_SURFACE('',#6205,0.009125,0.785398163397449);
#1258=CONICAL_SURFACE('',#6208,0.009125,0.785398163397448);
#1259=CONICAL_SURFACE('',#6211,0.009125,0.785398163397448);
#1260=CONICAL_SURFACE('',#6214,0.009125,0.785398163397448);
#1261=CONICAL_SURFACE('',#6217,0.009125,0.785398163397449);
#1262=CONICAL_SURFACE('',#6220,0.009125,0.785398163397448);
#1263=CONICAL_SURFACE('',#6223,0.009125,0.785398163397448);
#1264=CONICAL_SURFACE('',#6226,0.009125,0.785398163397448);
#1265=CONICAL_SURFACE('',#6229,0.009125,0.785398163397449);
#1266=ORIENTED_EDGE('',*,*,#2580,.T.);
#1267=ORIENTED_EDGE('',*,*,#2581,.T.);
#1268=ORIENTED_EDGE('',*,*,#2582,.T.);
#1269=ORIENTED_EDGE('',*,*,#2583,.T.);
#1270=ORIENTED_EDGE('',*,*,#2584,.T.);
#1271=ORIENTED_EDGE('',*,*,#2585,.T.);
#1272=ORIENTED_EDGE('',*,*,#2586,.T.);
#1273=ORIENTED_EDGE('',*,*,#2587,.T.);
#1274=ORIENTED_EDGE('',*,*,#2582,.F.);
#1275=ORIENTED_EDGE('',*,*,#2588,.T.);
#1276=ORIENTED_EDGE('',*,*,#2589,.T.);
#1277=ORIENTED_EDGE('',*,*,#2583,.F.);
#1278=ORIENTED_EDGE('',*,*,#2590,.T.);
#1279=ORIENTED_EDGE('',*,*,#2591,.T.);
#1280=ORIENTED_EDGE('',*,*,#2584,.F.);
#1281=ORIENTED_EDGE('',*,*,#2592,.T.);
#1282=ORIENTED_EDGE('',*,*,#2593,.T.);
#1283=ORIENTED_EDGE('',*,*,#2585,.F.);
#1284=ORIENTED_EDGE('',*,*,#2594,.T.);
#1285=ORIENTED_EDGE('',*,*,#2595,.T.);
#1286=ORIENTED_EDGE('',*,*,#2580,.F.);
#1287=ORIENTED_EDGE('',*,*,#2596,.T.);
#1288=ORIENTED_EDGE('',*,*,#2597,.F.);
#1289=ORIENTED_EDGE('',*,*,#2598,.F.);
#1290=ORIENTED_EDGE('',*,*,#2599,.F.);
#1291=ORIENTED_EDGE('',*,*,#2600,.F.);
#1292=ORIENTED_EDGE('',*,*,#2601,.F.);
#1293=ORIENTED_EDGE('',*,*,#2602,.F.);
#1294=ORIENTED_EDGE('',*,*,#2603,.F.);
#1295=ORIENTED_EDGE('',*,*,#2595,.F.);
#1296=ORIENTED_EDGE('',*,*,#2604,.T.);
#1297=ORIENTED_EDGE('',*,*,#2599,.T.);
#1298=ORIENTED_EDGE('',*,*,#2605,.F.);
#1299=ORIENTED_EDGE('',*,*,#2606,.F.);
#1300=ORIENTED_EDGE('',*,*,#2593,.F.);
#1301=ORIENTED_EDGE('',*,*,#2607,.T.);
#1302=ORIENTED_EDGE('',*,*,#2600,.T.);
#1303=ORIENTED_EDGE('',*,*,#2604,.F.);
#1304=ORIENTED_EDGE('',*,*,#2594,.F.);
#1305=ORIENTED_EDGE('',*,*,#2591,.F.);
#1306=ORIENTED_EDGE('',*,*,#2608,.T.);
#1307=ORIENTED_EDGE('',*,*,#2601,.T.);
#1308=ORIENTED_EDGE('',*,*,#2607,.F.);
#1309=ORIENTED_EDGE('',*,*,#2592,.F.);
#1310=ORIENTED_EDGE('',*,*,#2589,.F.);
#1311=ORIENTED_EDGE('',*,*,#2609,.T.);
#1312=ORIENTED_EDGE('',*,*,#2602,.T.);
#1313=ORIENTED_EDGE('',*,*,#2608,.F.);
#1314=ORIENTED_EDGE('',*,*,#2590,.F.);
#1315=ORIENTED_EDGE('',*,*,#2587,.F.);
#1316=ORIENTED_EDGE('',*,*,#2610,.T.);
#1317=ORIENTED_EDGE('',*,*,#2603,.T.);
#1318=ORIENTED_EDGE('',*,*,#2609,.F.);
#1319=ORIENTED_EDGE('',*,*,#2588,.F.);
#1320=ORIENTED_EDGE('',*,*,#2611,.F.);
#1321=ORIENTED_EDGE('',*,*,#2605,.T.);
#1322=ORIENTED_EDGE('',*,*,#2598,.T.);
#1323=ORIENTED_EDGE('',*,*,#2610,.F.);
#1324=ORIENTED_EDGE('',*,*,#2586,.F.);
#1325=ORIENTED_EDGE('',*,*,#2597,.T.);
#1326=ORIENTED_EDGE('',*,*,#2612,.T.);
#1327=ORIENTED_EDGE('',*,*,#2581,.F.);
#1328=ORIENTED_EDGE('',*,*,#2606,.T.);
#1329=ORIENTED_EDGE('',*,*,#2611,.T.);
#1330=ORIENTED_EDGE('',*,*,#2612,.F.);
#1331=ORIENTED_EDGE('',*,*,#2596,.F.);
#1332=ORIENTED_EDGE('',*,*,#2613,.T.);
#1333=ORIENTED_EDGE('',*,*,#2614,.T.);
#1334=ORIENTED_EDGE('',*,*,#2615,.T.);
#1335=ORIENTED_EDGE('',*,*,#2616,.T.);
#1336=ORIENTED_EDGE('',*,*,#2617,.T.);
#1337=ORIENTED_EDGE('',*,*,#2618,.T.);
#1338=ORIENTED_EDGE('',*,*,#2619,.T.);
#1339=ORIENTED_EDGE('',*,*,#2620,.F.);
#1340=ORIENTED_EDGE('',*,*,#2614,.F.);
#1341=ORIENTED_EDGE('',*,*,#2621,.T.);
#1342=ORIENTED_EDGE('',*,*,#2622,.T.);
#1343=ORIENTED_EDGE('',*,*,#2623,.F.);
#1344=ORIENTED_EDGE('',*,*,#2615,.F.);
#1345=ORIENTED_EDGE('',*,*,#2620,.T.);
#1346=ORIENTED_EDGE('',*,*,#2624,.T.);
#1347=ORIENTED_EDGE('',*,*,#2625,.F.);
#1348=ORIENTED_EDGE('',*,*,#2616,.F.);
#1349=ORIENTED_EDGE('',*,*,#2623,.T.);
#1350=ORIENTED_EDGE('',*,*,#2626,.T.);
#1351=ORIENTED_EDGE('',*,*,#2627,.F.);
#1352=ORIENTED_EDGE('',*,*,#2617,.F.);
#1353=ORIENTED_EDGE('',*,*,#2625,.T.);
#1354=ORIENTED_EDGE('',*,*,#2628,.T.);
#1355=ORIENTED_EDGE('',*,*,#2629,.F.);
#1356=ORIENTED_EDGE('',*,*,#2618,.F.);
#1357=ORIENTED_EDGE('',*,*,#2627,.T.);
#1358=ORIENTED_EDGE('',*,*,#2630,.T.);
#1359=ORIENTED_EDGE('',*,*,#2621,.F.);
#1360=ORIENTED_EDGE('',*,*,#2613,.F.);
#1361=ORIENTED_EDGE('',*,*,#2629,.T.);
#1362=ORIENTED_EDGE('',*,*,#2631,.T.);
#1363=ORIENTED_EDGE('',*,*,#2632,.T.);
#1364=ORIENTED_EDGE('',*,*,#2619,.F.);
#1365=ORIENTED_EDGE('',*,*,#2630,.F.);
#1366=ORIENTED_EDGE('',*,*,#2628,.F.);
#1367=ORIENTED_EDGE('',*,*,#2626,.F.);
#1368=ORIENTED_EDGE('',*,*,#2624,.F.);
#1369=ORIENTED_EDGE('',*,*,#2622,.F.);
#1370=ORIENTED_EDGE('',*,*,#2632,.F.);
#1371=ORIENTED_EDGE('',*,*,#2633,.T.);
#1372=ORIENTED_EDGE('',*,*,#2633,.F.);
#1373=ORIENTED_EDGE('',*,*,#2634,.T.);
#1374=ORIENTED_EDGE('',*,*,#2634,.F.);
#1375=ORIENTED_EDGE('',*,*,#2635,.T.);
#1376=ORIENTED_EDGE('',*,*,#2635,.F.);
#1377=ORIENTED_EDGE('',*,*,#2631,.F.);
#1378=ORIENTED_EDGE('',*,*,#2636,.T.);
#1379=ORIENTED_EDGE('',*,*,#2637,.T.);
#1380=ORIENTED_EDGE('',*,*,#2636,.F.);
#1381=ORIENTED_EDGE('',*,*,#2637,.F.);
#1382=ORIENTED_EDGE('',*,*,#2638,.T.);
#1383=ORIENTED_EDGE('',*,*,#2639,.T.);
#1384=ORIENTED_EDGE('',*,*,#2640,.T.);
#1385=ORIENTED_EDGE('',*,*,#2641,.T.);
#1386=ORIENTED_EDGE('',*,*,#2642,.T.);
#1387=ORIENTED_EDGE('',*,*,#2643,.T.);
#1388=ORIENTED_EDGE('',*,*,#2644,.T.);
#1389=ORIENTED_EDGE('',*,*,#2645,.F.);
#1390=ORIENTED_EDGE('',*,*,#2639,.F.);
#1391=ORIENTED_EDGE('',*,*,#2646,.T.);
#1392=ORIENTED_EDGE('',*,*,#2647,.T.);
#1393=ORIENTED_EDGE('',*,*,#2648,.F.);
#1394=ORIENTED_EDGE('',*,*,#2640,.F.);
#1395=ORIENTED_EDGE('',*,*,#2645,.T.);
#1396=ORIENTED_EDGE('',*,*,#2649,.T.);
#1397=ORIENTED_EDGE('',*,*,#2650,.F.);
#1398=ORIENTED_EDGE('',*,*,#2641,.F.);
#1399=ORIENTED_EDGE('',*,*,#2648,.T.);
#1400=ORIENTED_EDGE('',*,*,#2651,.T.);
#1401=ORIENTED_EDGE('',*,*,#2652,.F.);
#1402=ORIENTED_EDGE('',*,*,#2642,.F.);
#1403=ORIENTED_EDGE('',*,*,#2650,.T.);
#1404=ORIENTED_EDGE('',*,*,#2653,.T.);
#1405=ORIENTED_EDGE('',*,*,#2654,.F.);
#1406=ORIENTED_EDGE('',*,*,#2643,.F.);
#1407=ORIENTED_EDGE('',*,*,#2652,.T.);
#1408=ORIENTED_EDGE('',*,*,#2655,.T.);
#1409=ORIENTED_EDGE('',*,*,#2646,.F.);
#1410=ORIENTED_EDGE('',*,*,#2638,.F.);
#1411=ORIENTED_EDGE('',*,*,#2654,.T.);
#1412=ORIENTED_EDGE('',*,*,#2656,.T.);
#1413=ORIENTED_EDGE('',*,*,#2657,.T.);
#1414=ORIENTED_EDGE('',*,*,#2644,.F.);
#1415=ORIENTED_EDGE('',*,*,#2655,.F.);
#1416=ORIENTED_EDGE('',*,*,#2653,.F.);
#1417=ORIENTED_EDGE('',*,*,#2651,.F.);
#1418=ORIENTED_EDGE('',*,*,#2649,.F.);
#1419=ORIENTED_EDGE('',*,*,#2647,.F.);
#1420=ORIENTED_EDGE('',*,*,#2657,.F.);
#1421=ORIENTED_EDGE('',*,*,#2658,.T.);
#1422=ORIENTED_EDGE('',*,*,#2658,.F.);
#1423=ORIENTED_EDGE('',*,*,#2659,.T.);
#1424=ORIENTED_EDGE('',*,*,#2659,.F.);
#1425=ORIENTED_EDGE('',*,*,#2660,.T.);
#1426=ORIENTED_EDGE('',*,*,#2660,.F.);
#1427=ORIENTED_EDGE('',*,*,#2656,.F.);
#1428=ORIENTED_EDGE('',*,*,#2661,.F.);
#1429=ORIENTED_EDGE('',*,*,#2662,.T.);
#1430=ORIENTED_EDGE('',*,*,#2663,.T.);
#1431=ORIENTED_EDGE('',*,*,#2664,.F.);
#1432=ORIENTED_EDGE('',*,*,#2665,.T.);
#1433=ORIENTED_EDGE('',*,*,#2666,.T.);
#1434=ORIENTED_EDGE('',*,*,#2667,.T.);
#1435=ORIENTED_EDGE('',*,*,#2668,.F.);
#1436=ORIENTED_EDGE('',*,*,#2669,.F.);
#1437=ORIENTED_EDGE('',*,*,#2670,.F.);
#1438=ORIENTED_EDGE('',*,*,#2671,.F.);
#1439=ORIENTED_EDGE('',*,*,#2672,.T.);
#1440=ORIENTED_EDGE('',*,*,#2673,.T.);
#1441=ORIENTED_EDGE('',*,*,#2674,.F.);
#1442=ORIENTED_EDGE('',*,*,#2675,.T.);
#1443=ORIENTED_EDGE('',*,*,#2676,.T.);
#1444=ORIENTED_EDGE('',*,*,#2677,.T.);
#1445=ORIENTED_EDGE('',*,*,#2678,.T.);
#1446=ORIENTED_EDGE('',*,*,#2679,.F.);
#1447=ORIENTED_EDGE('',*,*,#2680,.F.);
#1448=ORIENTED_EDGE('',*,*,#2681,.F.);
#1449=ORIENTED_EDGE('',*,*,#2682,.T.);
#1450=ORIENTED_EDGE('',*,*,#2683,.F.);
#1451=ORIENTED_EDGE('',*,*,#2684,.F.);
#1452=ORIENTED_EDGE('',*,*,#2685,.T.);
#1453=ORIENTED_EDGE('',*,*,#2686,.T.);
#1454=ORIENTED_EDGE('',*,*,#2687,.T.);
#1455=ORIENTED_EDGE('',*,*,#2688,.T.);
#1456=ORIENTED_EDGE('',*,*,#2662,.F.);
#1457=ORIENTED_EDGE('',*,*,#2689,.F.);
#1458=ORIENTED_EDGE('',*,*,#2684,.T.);
#1459=ORIENTED_EDGE('',*,*,#2690,.T.);
#1460=ORIENTED_EDGE('',*,*,#2691,.T.);
#1461=ORIENTED_EDGE('',*,*,#2692,.T.);
#1462=ORIENTED_EDGE('',*,*,#2693,.T.);
#1463=ORIENTED_EDGE('',*,*,#2694,.T.);
#1464=ORIENTED_EDGE('',*,*,#2663,.F.);
#1465=ORIENTED_EDGE('',*,*,#2690,.F.);
#1466=ORIENTED_EDGE('',*,*,#2683,.T.);
#1467=ORIENTED_EDGE('',*,*,#2695,.T.);
#1468=ORIENTED_EDGE('',*,*,#2664,.T.);
#1469=ORIENTED_EDGE('',*,*,#2695,.F.);
#1470=ORIENTED_EDGE('',*,*,#2682,.F.);
#1471=ORIENTED_EDGE('',*,*,#2696,.T.);
#1472=ORIENTED_EDGE('',*,*,#2665,.F.);
#1473=ORIENTED_EDGE('',*,*,#2696,.F.);
#1474=ORIENTED_EDGE('',*,*,#2681,.T.);
#1475=ORIENTED_EDGE('',*,*,#2697,.T.);
#1476=ORIENTED_EDGE('',*,*,#2666,.F.);
#1477=ORIENTED_EDGE('',*,*,#2697,.F.);
#1478=ORIENTED_EDGE('',*,*,#2680,.T.);
#1479=ORIENTED_EDGE('',*,*,#2698,.T.);
#1480=ORIENTED_EDGE('',*,*,#2667,.F.);
#1481=ORIENTED_EDGE('',*,*,#2698,.F.);
#1482=ORIENTED_EDGE('',*,*,#2679,.T.);
#1483=ORIENTED_EDGE('',*,*,#2699,.T.);
#1484=ORIENTED_EDGE('',*,*,#2700,.F.);
#1485=ORIENTED_EDGE('',*,*,#2701,.F.);
#1486=ORIENTED_EDGE('',*,*,#2702,.F.);
#1487=ORIENTED_EDGE('',*,*,#2703,.F.);
#1488=ORIENTED_EDGE('',*,*,#2668,.T.);
#1489=ORIENTED_EDGE('',*,*,#2699,.F.);
#1490=ORIENTED_EDGE('',*,*,#2678,.F.);
#1491=ORIENTED_EDGE('',*,*,#2704,.T.);
#1492=ORIENTED_EDGE('',*,*,#2705,.F.);
#1493=ORIENTED_EDGE('',*,*,#2706,.F.);
#1494=ORIENTED_EDGE('',*,*,#2707,.F.);
#1495=ORIENTED_EDGE('',*,*,#2708,.F.);
#1496=ORIENTED_EDGE('',*,*,#2669,.T.);
#1497=ORIENTED_EDGE('',*,*,#2704,.F.);
#1498=ORIENTED_EDGE('',*,*,#2677,.F.);
#1499=ORIENTED_EDGE('',*,*,#2709,.T.);
#1500=ORIENTED_EDGE('',*,*,#2670,.T.);
#1501=ORIENTED_EDGE('',*,*,#2709,.F.);
#1502=ORIENTED_EDGE('',*,*,#2676,.F.);
#1503=ORIENTED_EDGE('',*,*,#2710,.T.);
#1504=ORIENTED_EDGE('',*,*,#2671,.T.);
#1505=ORIENTED_EDGE('',*,*,#2710,.F.);
#1506=ORIENTED_EDGE('',*,*,#2675,.F.);
#1507=ORIENTED_EDGE('',*,*,#2711,.T.);
#1508=ORIENTED_EDGE('',*,*,#2672,.F.);
#1509=ORIENTED_EDGE('',*,*,#2711,.F.);
#1510=ORIENTED_EDGE('',*,*,#2674,.T.);
#1511=ORIENTED_EDGE('',*,*,#2712,.T.);
#1512=ORIENTED_EDGE('',*,*,#2661,.T.);
#1513=ORIENTED_EDGE('',*,*,#2712,.F.);
#1514=ORIENTED_EDGE('',*,*,#2673,.F.);
#1515=ORIENTED_EDGE('',*,*,#2689,.T.);
#1516=ORIENTED_EDGE('',*,*,#2700,.T.);
#1517=ORIENTED_EDGE('',*,*,#2685,.F.);
#1518=ORIENTED_EDGE('',*,*,#2701,.T.);
#1519=ORIENTED_EDGE('',*,*,#2686,.F.);
#1520=ORIENTED_EDGE('',*,*,#2702,.T.);
#1521=ORIENTED_EDGE('',*,*,#2687,.F.);
#1522=ORIENTED_EDGE('',*,*,#2703,.T.);
#1523=ORIENTED_EDGE('',*,*,#2688,.F.);
#1524=ORIENTED_EDGE('',*,*,#2705,.T.);
#1525=ORIENTED_EDGE('',*,*,#2691,.F.);
#1526=ORIENTED_EDGE('',*,*,#2706,.T.);
#1527=ORIENTED_EDGE('',*,*,#2692,.F.);
#1528=ORIENTED_EDGE('',*,*,#2707,.T.);
#1529=ORIENTED_EDGE('',*,*,#2693,.F.);
#1530=ORIENTED_EDGE('',*,*,#2708,.T.);
#1531=ORIENTED_EDGE('',*,*,#2694,.F.);
#1532=ORIENTED_EDGE('',*,*,#2713,.T.);
#1533=ORIENTED_EDGE('',*,*,#2714,.F.);
#1534=ORIENTED_EDGE('',*,*,#2715,.T.);
#1535=ORIENTED_EDGE('',*,*,#2716,.F.);
#1536=ORIENTED_EDGE('',*,*,#2716,.T.);
#1537=ORIENTED_EDGE('',*,*,#2713,.F.);
#1538=ORIENTED_EDGE('',*,*,#2715,.F.);
#1539=ORIENTED_EDGE('',*,*,#2714,.T.);
#1540=ORIENTED_EDGE('',*,*,#2717,.T.);
#1541=ORIENTED_EDGE('',*,*,#2718,.T.);
#1542=ORIENTED_EDGE('',*,*,#2719,.T.);
#1543=ORIENTED_EDGE('',*,*,#2720,.T.);
#1544=ORIENTED_EDGE('',*,*,#2721,.T.);
#1545=ORIENTED_EDGE('',*,*,#2722,.T.);
#1546=ORIENTED_EDGE('',*,*,#2723,.T.);
#1547=ORIENTED_EDGE('',*,*,#2724,.T.);
#1548=ORIENTED_EDGE('',*,*,#2725,.T.);
#1549=ORIENTED_EDGE('',*,*,#2726,.T.);
#1550=ORIENTED_EDGE('',*,*,#2727,.T.);
#1551=ORIENTED_EDGE('',*,*,#2728,.T.);
#1552=ORIENTED_EDGE('',*,*,#2729,.T.);
#1553=ORIENTED_EDGE('',*,*,#2730,.T.);
#1554=ORIENTED_EDGE('',*,*,#2731,.T.);
#1555=ORIENTED_EDGE('',*,*,#2732,.T.);
#1556=ORIENTED_EDGE('',*,*,#2733,.F.);
#1557=ORIENTED_EDGE('',*,*,#2734,.F.);
#1558=ORIENTED_EDGE('',*,*,#2735,.F.);
#1559=ORIENTED_EDGE('',*,*,#2736,.T.);
#1560=ORIENTED_EDGE('',*,*,#2737,.T.);
#1561=ORIENTED_EDGE('',*,*,#2735,.T.);
#1562=ORIENTED_EDGE('',*,*,#2738,.F.);
#1563=ORIENTED_EDGE('',*,*,#2739,.T.);
#1564=ORIENTED_EDGE('',*,*,#2740,.T.);
#1565=ORIENTED_EDGE('',*,*,#2741,.F.);
#1566=ORIENTED_EDGE('',*,*,#2739,.F.);
#1567=ORIENTED_EDGE('',*,*,#2742,.T.);
#1568=ORIENTED_EDGE('',*,*,#2743,.F.);
#1569=ORIENTED_EDGE('',*,*,#2733,.T.);
#1570=ORIENTED_EDGE('',*,*,#2744,.T.);
#1571=ORIENTED_EDGE('',*,*,#2740,.F.);
#1572=ORIENTED_EDGE('',*,*,#2745,.F.);
#1573=ORIENTED_EDGE('',*,*,#2746,.F.);
#1574=ORIENTED_EDGE('',*,*,#2747,.F.);
#1575=ORIENTED_EDGE('',*,*,#2748,.T.);
#1576=ORIENTED_EDGE('',*,*,#2749,.T.);
#1577=ORIENTED_EDGE('',*,*,#2750,.F.);
#1578=ORIENTED_EDGE('',*,*,#2751,.F.);
#1579=ORIENTED_EDGE('',*,*,#2752,.T.);
#1580=ORIENTED_EDGE('',*,*,#2753,.T.);
#1581=ORIENTED_EDGE('',*,*,#2747,.T.);
#1582=ORIENTED_EDGE('',*,*,#2754,.F.);
#1583=ORIENTED_EDGE('',*,*,#2751,.T.);
#1584=ORIENTED_EDGE('',*,*,#2755,.F.);
#1585=ORIENTED_EDGE('',*,*,#2745,.T.);
#1586=ORIENTED_EDGE('',*,*,#2756,.T.);
#1587=ORIENTED_EDGE('',*,*,#2749,.F.);
#1588=ORIENTED_EDGE('',*,*,#2757,.F.);
#1589=ORIENTED_EDGE('',*,*,#2758,.F.);
#1590=ORIENTED_EDGE('',*,*,#2759,.F.);
#1591=ORIENTED_EDGE('',*,*,#2760,.T.);
#1592=ORIENTED_EDGE('',*,*,#2761,.F.);
#1593=ORIENTED_EDGE('',*,*,#2762,.F.);
#1594=ORIENTED_EDGE('',*,*,#2763,.F.);
#1595=ORIENTED_EDGE('',*,*,#2764,.T.);
#1596=ORIENTED_EDGE('',*,*,#2765,.F.);
#1597=ORIENTED_EDGE('',*,*,#2766,.F.);
#1598=ORIENTED_EDGE('',*,*,#2767,.F.);
#1599=ORIENTED_EDGE('',*,*,#2768,.F.);
#1600=ORIENTED_EDGE('',*,*,#2769,.T.);
#1601=ORIENTED_EDGE('',*,*,#2719,.F.);
#1602=ORIENTED_EDGE('',*,*,#2770,.T.);
#1603=ORIENTED_EDGE('',*,*,#2723,.F.);
#1604=ORIENTED_EDGE('',*,*,#2771,.T.);
#1605=ORIENTED_EDGE('',*,*,#2727,.F.);
#1606=ORIENTED_EDGE('',*,*,#2772,.T.);
#1607=ORIENTED_EDGE('',*,*,#2731,.F.);
#1608=ORIENTED_EDGE('',*,*,#2773,.F.);
#1609=ORIENTED_EDGE('',*,*,#2774,.F.);
#1610=ORIENTED_EDGE('',*,*,#2775,.F.);
#1611=ORIENTED_EDGE('',*,*,#2776,.F.);
#1612=ORIENTED_EDGE('',*,*,#2748,.F.);
#1613=ORIENTED_EDGE('',*,*,#2753,.F.);
#1614=ORIENTED_EDGE('',*,*,#2750,.T.);
#1615=ORIENTED_EDGE('',*,*,#2756,.F.);
#1616=ORIENTED_EDGE('',*,*,#2744,.F.);
#1617=ORIENTED_EDGE('',*,*,#2736,.F.);
#1618=ORIENTED_EDGE('',*,*,#2737,.F.);
#1619=ORIENTED_EDGE('',*,*,#2741,.T.);
#1620=ORIENTED_EDGE('',*,*,#2777,.F.);
#1621=ORIENTED_EDGE('',*,*,#2778,.T.);
#1622=ORIENTED_EDGE('',*,*,#2779,.F.);
#1623=ORIENTED_EDGE('',*,*,#2780,.T.);
#1624=ORIENTED_EDGE('',*,*,#2781,.T.);
#1625=ORIENTED_EDGE('',*,*,#2782,.T.);
#1626=ORIENTED_EDGE('',*,*,#2783,.F.);
#1627=ORIENTED_EDGE('',*,*,#2784,.T.);
#1628=ORIENTED_EDGE('',*,*,#2785,.T.);
#1629=ORIENTED_EDGE('',*,*,#2786,.T.);
#1630=ORIENTED_EDGE('',*,*,#2787,.T.);
#1631=ORIENTED_EDGE('',*,*,#2788,.T.);
#1632=ORIENTED_EDGE('',*,*,#2789,.T.);
#1633=ORIENTED_EDGE('',*,*,#2790,.F.);
#1634=ORIENTED_EDGE('',*,*,#2725,.F.);
#1635=ORIENTED_EDGE('',*,*,#2791,.F.);
#1636=ORIENTED_EDGE('',*,*,#2721,.F.);
#1637=ORIENTED_EDGE('',*,*,#2792,.F.);
#1638=ORIENTED_EDGE('',*,*,#2717,.F.);
#1639=ORIENTED_EDGE('',*,*,#2793,.F.);
#1640=ORIENTED_EDGE('',*,*,#2729,.F.);
#1641=ORIENTED_EDGE('',*,*,#2794,.T.);
#1642=ORIENTED_EDGE('',*,*,#2795,.T.);
#1643=ORIENTED_EDGE('',*,*,#2796,.T.);
#1644=ORIENTED_EDGE('',*,*,#2797,.T.);
#1645=ORIENTED_EDGE('',*,*,#2746,.T.);
#1646=ORIENTED_EDGE('',*,*,#2755,.T.);
#1647=ORIENTED_EDGE('',*,*,#2752,.F.);
#1648=ORIENTED_EDGE('',*,*,#2754,.T.);
#1649=ORIENTED_EDGE('',*,*,#2742,.F.);
#1650=ORIENTED_EDGE('',*,*,#2738,.T.);
#1651=ORIENTED_EDGE('',*,*,#2734,.T.);
#1652=ORIENTED_EDGE('',*,*,#2743,.T.);
#1653=ORIENTED_EDGE('',*,*,#2798,.T.);
#1654=ORIENTED_EDGE('',*,*,#2772,.F.);
#1655=ORIENTED_EDGE('',*,*,#2726,.F.);
#1656=ORIENTED_EDGE('',*,*,#2790,.T.);
#1657=ORIENTED_EDGE('',*,*,#2732,.F.);
#1658=ORIENTED_EDGE('',*,*,#2771,.F.);
#1659=ORIENTED_EDGE('',*,*,#2722,.F.);
#1660=ORIENTED_EDGE('',*,*,#2791,.T.);
#1661=ORIENTED_EDGE('',*,*,#2728,.F.);
#1662=ORIENTED_EDGE('',*,*,#2770,.F.);
#1663=ORIENTED_EDGE('',*,*,#2718,.F.);
#1664=ORIENTED_EDGE('',*,*,#2792,.T.);
#1665=ORIENTED_EDGE('',*,*,#2724,.F.);
#1666=ORIENTED_EDGE('',*,*,#2793,.T.);
#1667=ORIENTED_EDGE('',*,*,#2720,.F.);
#1668=ORIENTED_EDGE('',*,*,#2769,.F.);
#1669=ORIENTED_EDGE('',*,*,#2730,.F.);
#1670=ORIENTED_EDGE('',*,*,#2782,.F.);
#1671=ORIENTED_EDGE('',*,*,#2799,.T.);
#1672=ORIENTED_EDGE('',*,*,#2761,.T.);
#1673=ORIENTED_EDGE('',*,*,#2800,.F.);
#1674=ORIENTED_EDGE('',*,*,#2800,.T.);
#1675=ORIENTED_EDGE('',*,*,#2764,.F.);
#1676=ORIENTED_EDGE('',*,*,#2801,.F.);
#1677=ORIENTED_EDGE('',*,*,#2783,.T.);
#1678=ORIENTED_EDGE('',*,*,#2763,.T.);
#1679=ORIENTED_EDGE('',*,*,#2802,.T.);
#1680=ORIENTED_EDGE('',*,*,#2784,.F.);
#1681=ORIENTED_EDGE('',*,*,#2801,.T.);
#1682=ORIENTED_EDGE('',*,*,#2799,.F.);
#1683=ORIENTED_EDGE('',*,*,#2785,.F.);
#1684=ORIENTED_EDGE('',*,*,#2802,.F.);
#1685=ORIENTED_EDGE('',*,*,#2762,.T.);
#1686=ORIENTED_EDGE('',*,*,#2778,.F.);
#1687=ORIENTED_EDGE('',*,*,#2803,.T.);
#1688=ORIENTED_EDGE('',*,*,#2757,.T.);
#1689=ORIENTED_EDGE('',*,*,#2804,.F.);
#1690=ORIENTED_EDGE('',*,*,#2804,.T.);
#1691=ORIENTED_EDGE('',*,*,#2760,.F.);
#1692=ORIENTED_EDGE('',*,*,#2805,.F.);
#1693=ORIENTED_EDGE('',*,*,#2779,.T.);
#1694=ORIENTED_EDGE('',*,*,#2759,.T.);
#1695=ORIENTED_EDGE('',*,*,#2806,.T.);
#1696=ORIENTED_EDGE('',*,*,#2780,.F.);
#1697=ORIENTED_EDGE('',*,*,#2805,.T.);
#1698=ORIENTED_EDGE('',*,*,#2803,.F.);
#1699=ORIENTED_EDGE('',*,*,#2781,.F.);
#1700=ORIENTED_EDGE('',*,*,#2806,.F.);
#1701=ORIENTED_EDGE('',*,*,#2758,.T.);
#1702=ORIENTED_EDGE('',*,*,#2786,.F.);
#1703=ORIENTED_EDGE('',*,*,#2807,.T.);
#1704=ORIENTED_EDGE('',*,*,#2807,.F.);
#1705=ORIENTED_EDGE('',*,*,#2765,.T.);
#1706=ORIENTED_EDGE('',*,*,#2787,.F.);
#1707=ORIENTED_EDGE('',*,*,#2808,.T.);
#1708=ORIENTED_EDGE('',*,*,#2808,.F.);
#1709=ORIENTED_EDGE('',*,*,#2766,.T.);
#1710=ORIENTED_EDGE('',*,*,#2788,.F.);
#1711=ORIENTED_EDGE('',*,*,#2809,.T.);
#1712=ORIENTED_EDGE('',*,*,#2809,.F.);
#1713=ORIENTED_EDGE('',*,*,#2767,.T.);
#1714=ORIENTED_EDGE('',*,*,#2789,.F.);
#1715=ORIENTED_EDGE('',*,*,#2810,.T.);
#1716=ORIENTED_EDGE('',*,*,#2810,.F.);
#1717=ORIENTED_EDGE('',*,*,#2768,.T.);
#1718=ORIENTED_EDGE('',*,*,#2811,.F.);
#1719=ORIENTED_EDGE('',*,*,#2773,.T.);
#1720=ORIENTED_EDGE('',*,*,#2794,.F.);
#1721=ORIENTED_EDGE('',*,*,#2811,.T.);
#1722=ORIENTED_EDGE('',*,*,#2812,.F.);
#1723=ORIENTED_EDGE('',*,*,#2774,.T.);
#1724=ORIENTED_EDGE('',*,*,#2795,.F.);
#1725=ORIENTED_EDGE('',*,*,#2812,.T.);
#1726=ORIENTED_EDGE('',*,*,#2813,.F.);
#1727=ORIENTED_EDGE('',*,*,#2775,.T.);
#1728=ORIENTED_EDGE('',*,*,#2796,.F.);
#1729=ORIENTED_EDGE('',*,*,#2813,.T.);
#1730=ORIENTED_EDGE('',*,*,#2814,.F.);
#1731=ORIENTED_EDGE('',*,*,#2776,.T.);
#1732=ORIENTED_EDGE('',*,*,#2797,.F.);
#1733=ORIENTED_EDGE('',*,*,#2814,.T.);
#1734=ORIENTED_EDGE('',*,*,#2798,.F.);
#1735=ORIENTED_EDGE('',*,*,#2777,.T.);
#1736=ORIENTED_EDGE('',*,*,#2815,.T.);
#1737=ORIENTED_EDGE('',*,*,#2816,.F.);
#1738=ORIENTED_EDGE('',*,*,#2816,.T.);
#1739=ORIENTED_EDGE('',*,*,#2815,.F.);
#1740=ORIENTED_EDGE('',*,*,#2817,.F.);
#1741=ORIENTED_EDGE('',*,*,#2818,.F.);
#1742=ORIENTED_EDGE('',*,*,#2819,.F.);
#1743=ORIENTED_EDGE('',*,*,#2820,.F.);
#1744=ORIENTED_EDGE('',*,*,#2821,.F.);
#1745=ORIENTED_EDGE('',*,*,#2822,.F.);
#1746=ORIENTED_EDGE('',*,*,#2823,.F.);
#1747=ORIENTED_EDGE('',*,*,#2824,.F.);
#1748=ORIENTED_EDGE('',*,*,#2825,.F.);
#1749=ORIENTED_EDGE('',*,*,#2826,.F.);
#1750=ORIENTED_EDGE('',*,*,#2827,.F.);
#1751=ORIENTED_EDGE('',*,*,#2828,.F.);
#1752=ORIENTED_EDGE('',*,*,#2829,.F.);
#1753=ORIENTED_EDGE('',*,*,#2830,.F.);
#1754=ORIENTED_EDGE('',*,*,#2831,.F.);
#1755=ORIENTED_EDGE('',*,*,#2832,.F.);
#1756=ORIENTED_EDGE('',*,*,#2833,.T.);
#1757=ORIENTED_EDGE('',*,*,#2834,.F.);
#1758=ORIENTED_EDGE('',*,*,#2835,.T.);
#1759=ORIENTED_EDGE('',*,*,#2836,.T.);
#1760=ORIENTED_EDGE('',*,*,#2837,.F.);
#1761=ORIENTED_EDGE('',*,*,#2838,.F.);
#1762=ORIENTED_EDGE('',*,*,#2839,.T.);
#1763=ORIENTED_EDGE('',*,*,#2835,.F.);
#1764=ORIENTED_EDGE('',*,*,#2840,.F.);
#1765=ORIENTED_EDGE('',*,*,#2841,.F.);
#1766=ORIENTED_EDGE('',*,*,#2838,.T.);
#1767=ORIENTED_EDGE('',*,*,#2842,.T.);
#1768=ORIENTED_EDGE('',*,*,#2843,.T.);
#1769=ORIENTED_EDGE('',*,*,#2840,.T.);
#1770=ORIENTED_EDGE('',*,*,#2844,.F.);
#1771=ORIENTED_EDGE('',*,*,#2833,.F.);
#1772=ORIENTED_EDGE('',*,*,#2845,.T.);
#1773=ORIENTED_EDGE('',*,*,#2846,.F.);
#1774=ORIENTED_EDGE('',*,*,#2847,.T.);
#1775=ORIENTED_EDGE('',*,*,#2848,.T.);
#1776=ORIENTED_EDGE('',*,*,#2849,.F.);
#1777=ORIENTED_EDGE('',*,*,#2850,.F.);
#1778=ORIENTED_EDGE('',*,*,#2851,.T.);
#1779=ORIENTED_EDGE('',*,*,#2852,.T.);
#1780=ORIENTED_EDGE('',*,*,#2853,.F.);
#1781=ORIENTED_EDGE('',*,*,#2851,.F.);
#1782=ORIENTED_EDGE('',*,*,#2854,.T.);
#1783=ORIENTED_EDGE('',*,*,#2847,.F.);
#1784=ORIENTED_EDGE('',*,*,#2855,.T.);
#1785=ORIENTED_EDGE('',*,*,#2849,.T.);
#1786=ORIENTED_EDGE('',*,*,#2856,.F.);
#1787=ORIENTED_EDGE('',*,*,#2845,.F.);
#1788=ORIENTED_EDGE('',*,*,#2857,.T.);
#1789=ORIENTED_EDGE('',*,*,#2858,.F.);
#1790=ORIENTED_EDGE('',*,*,#2859,.T.);
#1791=ORIENTED_EDGE('',*,*,#2860,.T.);
#1792=ORIENTED_EDGE('',*,*,#2861,.T.);
#1793=ORIENTED_EDGE('',*,*,#2862,.F.);
#1794=ORIENTED_EDGE('',*,*,#2863,.T.);
#1795=ORIENTED_EDGE('',*,*,#2864,.T.);
#1796=ORIENTED_EDGE('',*,*,#2865,.T.);
#1797=ORIENTED_EDGE('',*,*,#2866,.T.);
#1798=ORIENTED_EDGE('',*,*,#2867,.T.);
#1799=ORIENTED_EDGE('',*,*,#2868,.T.);
#1800=ORIENTED_EDGE('',*,*,#2869,.F.);
#1801=ORIENTED_EDGE('',*,*,#2831,.T.);
#1802=ORIENTED_EDGE('',*,*,#2870,.F.);
#1803=ORIENTED_EDGE('',*,*,#2827,.T.);
#1804=ORIENTED_EDGE('',*,*,#2871,.F.);
#1805=ORIENTED_EDGE('',*,*,#2823,.T.);
#1806=ORIENTED_EDGE('',*,*,#2872,.F.);
#1807=ORIENTED_EDGE('',*,*,#2819,.T.);
#1808=ORIENTED_EDGE('',*,*,#2873,.T.);
#1809=ORIENTED_EDGE('',*,*,#2874,.T.);
#1810=ORIENTED_EDGE('',*,*,#2875,.T.);
#1811=ORIENTED_EDGE('',*,*,#2876,.T.);
#1812=ORIENTED_EDGE('',*,*,#2846,.T.);
#1813=ORIENTED_EDGE('',*,*,#2856,.T.);
#1814=ORIENTED_EDGE('',*,*,#2852,.F.);
#1815=ORIENTED_EDGE('',*,*,#2853,.T.);
#1816=ORIENTED_EDGE('',*,*,#2844,.T.);
#1817=ORIENTED_EDGE('',*,*,#2842,.F.);
#1818=ORIENTED_EDGE('',*,*,#2837,.T.);
#1819=ORIENTED_EDGE('',*,*,#2834,.T.);
#1820=ORIENTED_EDGE('',*,*,#2877,.T.);
#1821=ORIENTED_EDGE('',*,*,#2878,.F.);
#1822=ORIENTED_EDGE('',*,*,#2879,.F.);
#1823=ORIENTED_EDGE('',*,*,#2880,.F.);
#1824=ORIENTED_EDGE('',*,*,#2881,.T.);
#1825=ORIENTED_EDGE('',*,*,#2882,.F.);
#1826=ORIENTED_EDGE('',*,*,#2883,.F.);
#1827=ORIENTED_EDGE('',*,*,#2884,.F.);
#1828=ORIENTED_EDGE('',*,*,#2885,.T.);
#1829=ORIENTED_EDGE('',*,*,#2886,.F.);
#1830=ORIENTED_EDGE('',*,*,#2887,.F.);
#1831=ORIENTED_EDGE('',*,*,#2888,.F.);
#1832=ORIENTED_EDGE('',*,*,#2889,.F.);
#1833=ORIENTED_EDGE('',*,*,#2890,.T.);
#1834=ORIENTED_EDGE('',*,*,#2829,.T.);
#1835=ORIENTED_EDGE('',*,*,#2891,.T.);
#1836=ORIENTED_EDGE('',*,*,#2817,.T.);
#1837=ORIENTED_EDGE('',*,*,#2892,.T.);
#1838=ORIENTED_EDGE('',*,*,#2821,.T.);
#1839=ORIENTED_EDGE('',*,*,#2893,.T.);
#1840=ORIENTED_EDGE('',*,*,#2825,.T.);
#1841=ORIENTED_EDGE('',*,*,#2894,.F.);
#1842=ORIENTED_EDGE('',*,*,#2895,.F.);
#1843=ORIENTED_EDGE('',*,*,#2896,.F.);
#1844=ORIENTED_EDGE('',*,*,#2897,.F.);
#1845=ORIENTED_EDGE('',*,*,#2848,.F.);
#1846=ORIENTED_EDGE('',*,*,#2854,.F.);
#1847=ORIENTED_EDGE('',*,*,#2850,.T.);
#1848=ORIENTED_EDGE('',*,*,#2855,.F.);
#1849=ORIENTED_EDGE('',*,*,#2841,.T.);
#1850=ORIENTED_EDGE('',*,*,#2843,.F.);
#1851=ORIENTED_EDGE('',*,*,#2836,.F.);
#1852=ORIENTED_EDGE('',*,*,#2839,.F.);
#1853=ORIENTED_EDGE('',*,*,#2898,.F.);
#1854=ORIENTED_EDGE('',*,*,#2870,.T.);
#1855=ORIENTED_EDGE('',*,*,#2830,.T.);
#1856=ORIENTED_EDGE('',*,*,#2890,.F.);
#1857=ORIENTED_EDGE('',*,*,#2828,.T.);
#1858=ORIENTED_EDGE('',*,*,#2871,.T.);
#1859=ORIENTED_EDGE('',*,*,#2826,.T.);
#1860=ORIENTED_EDGE('',*,*,#2893,.F.);
#1861=ORIENTED_EDGE('',*,*,#2824,.T.);
#1862=ORIENTED_EDGE('',*,*,#2872,.T.);
#1863=ORIENTED_EDGE('',*,*,#2822,.T.);
#1864=ORIENTED_EDGE('',*,*,#2892,.F.);
#1865=ORIENTED_EDGE('',*,*,#2820,.T.);
#1866=ORIENTED_EDGE('',*,*,#2891,.F.);
#1867=ORIENTED_EDGE('',*,*,#2832,.T.);
#1868=ORIENTED_EDGE('',*,*,#2869,.T.);
#1869=ORIENTED_EDGE('',*,*,#2818,.T.);
#1870=ORIENTED_EDGE('',*,*,#2882,.T.);
#1871=ORIENTED_EDGE('',*,*,#2899,.T.);
#1872=ORIENTED_EDGE('',*,*,#2861,.F.);
#1873=ORIENTED_EDGE('',*,*,#2900,.F.);
#1874=ORIENTED_EDGE('',*,*,#2899,.F.);
#1875=ORIENTED_EDGE('',*,*,#2885,.F.);
#1876=ORIENTED_EDGE('',*,*,#2901,.T.);
#1877=ORIENTED_EDGE('',*,*,#2862,.T.);
#1878=ORIENTED_EDGE('',*,*,#2863,.F.);
#1879=ORIENTED_EDGE('',*,*,#2901,.F.);
#1880=ORIENTED_EDGE('',*,*,#2884,.T.);
#1881=ORIENTED_EDGE('',*,*,#2902,.F.);
#1882=ORIENTED_EDGE('',*,*,#2900,.T.);
#1883=ORIENTED_EDGE('',*,*,#2864,.F.);
#1884=ORIENTED_EDGE('',*,*,#2902,.T.);
#1885=ORIENTED_EDGE('',*,*,#2883,.T.);
#1886=ORIENTED_EDGE('',*,*,#2878,.T.);
#1887=ORIENTED_EDGE('',*,*,#2903,.T.);
#1888=ORIENTED_EDGE('',*,*,#2857,.F.);
#1889=ORIENTED_EDGE('',*,*,#2904,.F.);
#1890=ORIENTED_EDGE('',*,*,#2903,.F.);
#1891=ORIENTED_EDGE('',*,*,#2881,.F.);
#1892=ORIENTED_EDGE('',*,*,#2905,.T.);
#1893=ORIENTED_EDGE('',*,*,#2858,.T.);
#1894=ORIENTED_EDGE('',*,*,#2859,.F.);
#1895=ORIENTED_EDGE('',*,*,#2905,.F.);
#1896=ORIENTED_EDGE('',*,*,#2880,.T.);
#1897=ORIENTED_EDGE('',*,*,#2906,.F.);
#1898=ORIENTED_EDGE('',*,*,#2904,.T.);
#1899=ORIENTED_EDGE('',*,*,#2860,.F.);
#1900=ORIENTED_EDGE('',*,*,#2906,.T.);
#1901=ORIENTED_EDGE('',*,*,#2879,.T.);
#1902=ORIENTED_EDGE('',*,*,#2886,.T.);
#1903=ORIENTED_EDGE('',*,*,#2907,.F.);
#1904=ORIENTED_EDGE('',*,*,#2907,.T.);
#1905=ORIENTED_EDGE('',*,*,#2865,.F.);
#1906=ORIENTED_EDGE('',*,*,#2887,.T.);
#1907=ORIENTED_EDGE('',*,*,#2908,.F.);
#1908=ORIENTED_EDGE('',*,*,#2908,.T.);
#1909=ORIENTED_EDGE('',*,*,#2866,.F.);
#1910=ORIENTED_EDGE('',*,*,#2888,.T.);
#1911=ORIENTED_EDGE('',*,*,#2909,.F.);
#1912=ORIENTED_EDGE('',*,*,#2909,.T.);
#1913=ORIENTED_EDGE('',*,*,#2867,.F.);
#1914=ORIENTED_EDGE('',*,*,#2889,.T.);
#1915=ORIENTED_EDGE('',*,*,#2910,.F.);
#1916=ORIENTED_EDGE('',*,*,#2910,.T.);
#1917=ORIENTED_EDGE('',*,*,#2868,.F.);
#1918=ORIENTED_EDGE('',*,*,#2911,.T.);
#1919=ORIENTED_EDGE('',*,*,#2873,.F.);
#1920=ORIENTED_EDGE('',*,*,#2894,.T.);
#1921=ORIENTED_EDGE('',*,*,#2911,.F.);
#1922=ORIENTED_EDGE('',*,*,#2912,.T.);
#1923=ORIENTED_EDGE('',*,*,#2874,.F.);
#1924=ORIENTED_EDGE('',*,*,#2895,.T.);
#1925=ORIENTED_EDGE('',*,*,#2912,.F.);
#1926=ORIENTED_EDGE('',*,*,#2913,.T.);
#1927=ORIENTED_EDGE('',*,*,#2875,.F.);
#1928=ORIENTED_EDGE('',*,*,#2896,.T.);
#1929=ORIENTED_EDGE('',*,*,#2913,.F.);
#1930=ORIENTED_EDGE('',*,*,#2914,.T.);
#1931=ORIENTED_EDGE('',*,*,#2876,.F.);
#1932=ORIENTED_EDGE('',*,*,#2897,.T.);
#1933=ORIENTED_EDGE('',*,*,#2914,.F.);
#1934=ORIENTED_EDGE('',*,*,#2898,.T.);
#1935=ORIENTED_EDGE('',*,*,#2877,.F.);
#1936=ORIENTED_EDGE('',*,*,#2915,.F.);
#1937=ORIENTED_EDGE('',*,*,#2916,.T.);
#1938=ORIENTED_EDGE('',*,*,#2915,.T.);
#1939=ORIENTED_EDGE('',*,*,#2916,.F.);
#1940=ORIENTED_EDGE('',*,*,#2917,.T.);
#1941=ORIENTED_EDGE('',*,*,#2918,.F.);
#1942=ORIENTED_EDGE('',*,*,#2917,.F.);
#1943=ORIENTED_EDGE('',*,*,#2918,.T.);
#1944=ORIENTED_EDGE('',*,*,#2919,.F.);
#1945=ORIENTED_EDGE('',*,*,#2920,.F.);
#1946=ORIENTED_EDGE('',*,*,#2921,.F.);
#1947=ORIENTED_EDGE('',*,*,#2922,.F.);
#1948=ORIENTED_EDGE('',*,*,#2923,.T.);
#1949=ORIENTED_EDGE('',*,*,#2924,.T.);
#1950=ORIENTED_EDGE('',*,*,#2925,.T.);
#1951=ORIENTED_EDGE('',*,*,#2926,.T.);
#1952=ORIENTED_EDGE('',*,*,#2920,.T.);
#1953=ORIENTED_EDGE('',*,*,#2927,.F.);
#1954=ORIENTED_EDGE('',*,*,#2926,.F.);
#1955=ORIENTED_EDGE('',*,*,#2928,.T.);
#1956=ORIENTED_EDGE('',*,*,#2929,.F.);
#1957=ORIENTED_EDGE('',*,*,#2930,.F.);
#1958=ORIENTED_EDGE('',*,*,#2931,.F.);
#1959=ORIENTED_EDGE('',*,*,#2932,.F.);
#1960=ORIENTED_EDGE('',*,*,#2933,.F.);
#1961=ORIENTED_EDGE('',*,*,#2921,.T.);
#1962=ORIENTED_EDGE('',*,*,#2928,.F.);
#1963=ORIENTED_EDGE('',*,*,#2925,.F.);
#1964=ORIENTED_EDGE('',*,*,#2934,.T.);
#1965=ORIENTED_EDGE('',*,*,#2922,.T.);
#1966=ORIENTED_EDGE('',*,*,#2934,.F.);
#1967=ORIENTED_EDGE('',*,*,#2924,.F.);
#1968=ORIENTED_EDGE('',*,*,#2935,.T.);
#1969=ORIENTED_EDGE('',*,*,#2919,.T.);
#1970=ORIENTED_EDGE('',*,*,#2935,.F.);
#1971=ORIENTED_EDGE('',*,*,#2923,.F.);
#1972=ORIENTED_EDGE('',*,*,#2927,.T.);
#1973=ORIENTED_EDGE('',*,*,#2936,.F.);
#1974=ORIENTED_EDGE('',*,*,#2937,.F.);
#1975=ORIENTED_EDGE('',*,*,#2938,.F.);
#1976=ORIENTED_EDGE('',*,*,#2939,.F.);
#1977=ORIENTED_EDGE('',*,*,#2940,.T.);
#1978=ORIENTED_EDGE('',*,*,#2936,.T.);
#1979=ORIENTED_EDGE('',*,*,#2940,.F.);
#1980=ORIENTED_EDGE('',*,*,#2941,.T.);
#1981=ORIENTED_EDGE('',*,*,#2937,.T.);
#1982=ORIENTED_EDGE('',*,*,#2941,.F.);
#1983=ORIENTED_EDGE('',*,*,#2942,.T.);
#1984=ORIENTED_EDGE('',*,*,#2938,.T.);
#1985=ORIENTED_EDGE('',*,*,#2942,.F.);
#1986=ORIENTED_EDGE('',*,*,#2943,.T.);
#1987=ORIENTED_EDGE('',*,*,#2939,.T.);
#1988=ORIENTED_EDGE('',*,*,#2943,.F.);
#1989=ORIENTED_EDGE('',*,*,#2944,.T.);
#1990=ORIENTED_EDGE('',*,*,#2929,.T.);
#1991=ORIENTED_EDGE('',*,*,#2944,.F.);
#1992=ORIENTED_EDGE('',*,*,#2945,.T.);
#1993=ORIENTED_EDGE('',*,*,#2930,.T.);
#1994=ORIENTED_EDGE('',*,*,#2945,.F.);
#1995=ORIENTED_EDGE('',*,*,#2946,.T.);
#1996=ORIENTED_EDGE('',*,*,#2931,.T.);
#1997=ORIENTED_EDGE('',*,*,#2946,.F.);
#1998=ORIENTED_EDGE('',*,*,#2947,.T.);
#1999=ORIENTED_EDGE('',*,*,#2932,.T.);
#2000=ORIENTED_EDGE('',*,*,#2947,.F.);
#2001=ORIENTED_EDGE('',*,*,#2948,.T.);
#2002=ORIENTED_EDGE('',*,*,#2933,.T.);
#2003=ORIENTED_EDGE('',*,*,#2948,.F.);
#2004=ORIENTED_EDGE('',*,*,#2949,.T.);
#2005=ORIENTED_EDGE('',*,*,#2950,.T.);
#2006=ORIENTED_EDGE('',*,*,#2949,.F.);
#2007=ORIENTED_EDGE('',*,*,#2950,.F.);
#2008=ORIENTED_EDGE('',*,*,#2951,.F.);
#2009=ORIENTED_EDGE('',*,*,#2952,.F.);
#2010=ORIENTED_EDGE('',*,*,#2953,.F.);
#2011=ORIENTED_EDGE('',*,*,#2954,.F.);
#2012=ORIENTED_EDGE('',*,*,#2955,.F.);
#2013=ORIENTED_EDGE('',*,*,#2956,.F.);
#2014=ORIENTED_EDGE('',*,*,#2957,.F.);
#2015=ORIENTED_EDGE('',*,*,#2958,.F.);
#2016=ORIENTED_EDGE('',*,*,#2959,.F.);
#2017=ORIENTED_EDGE('',*,*,#2960,.F.);
#2018=ORIENTED_EDGE('',*,*,#2961,.F.);
#2019=ORIENTED_EDGE('',*,*,#2962,.F.);
#2020=ORIENTED_EDGE('',*,*,#2963,.F.);
#2021=ORIENTED_EDGE('',*,*,#2964,.F.);
#2022=ORIENTED_EDGE('',*,*,#2965,.F.);
#2023=ORIENTED_EDGE('',*,*,#2966,.F.);
#2024=ORIENTED_EDGE('',*,*,#2967,.F.);
#2025=ORIENTED_EDGE('',*,*,#2968,.T.);
#2026=ORIENTED_EDGE('',*,*,#2969,.T.);
#2027=ORIENTED_EDGE('',*,*,#2970,.F.);
#2028=ORIENTED_EDGE('',*,*,#2971,.T.);
#2029=ORIENTED_EDGE('',*,*,#2972,.T.);
#2030=ORIENTED_EDGE('',*,*,#2973,.F.);
#2031=ORIENTED_EDGE('',*,*,#2974,.F.);
#2032=ORIENTED_EDGE('',*,*,#2975,.T.);
#2033=ORIENTED_EDGE('',*,*,#2976,.T.);
#2034=ORIENTED_EDGE('',*,*,#2977,.T.);
#2035=ORIENTED_EDGE('',*,*,#2978,.F.);
#2036=ORIENTED_EDGE('',*,*,#2979,.T.);
#2037=ORIENTED_EDGE('',*,*,#2980,.F.);
#2038=ORIENTED_EDGE('',*,*,#2981,.T.);
#2039=ORIENTED_EDGE('',*,*,#2968,.F.);
#2040=ORIENTED_EDGE('',*,*,#2982,.T.);
#2041=ORIENTED_EDGE('',*,*,#2977,.F.);
#2042=ORIENTED_EDGE('',*,*,#2983,.T.);
#2043=ORIENTED_EDGE('',*,*,#2984,.F.);
#2044=ORIENTED_EDGE('',*,*,#2985,.T.);
#2045=ORIENTED_EDGE('',*,*,#2972,.F.);
#2046=ORIENTED_EDGE('',*,*,#2986,.T.);
#2047=ORIENTED_EDGE('',*,*,#2975,.F.);
#2048=ORIENTED_EDGE('',*,*,#2987,.F.);
#2049=ORIENTED_EDGE('',*,*,#2988,.T.);
#2050=ORIENTED_EDGE('',*,*,#2989,.T.);
#2051=ORIENTED_EDGE('',*,*,#2990,.F.);
#2052=ORIENTED_EDGE('',*,*,#2991,.T.);
#2053=ORIENTED_EDGE('',*,*,#2992,.T.);
#2054=ORIENTED_EDGE('',*,*,#2993,.F.);
#2055=ORIENTED_EDGE('',*,*,#2994,.F.);
#2056=ORIENTED_EDGE('',*,*,#2995,.T.);
#2057=ORIENTED_EDGE('',*,*,#2996,.T.);
#2058=ORIENTED_EDGE('',*,*,#2997,.T.);
#2059=ORIENTED_EDGE('',*,*,#2998,.F.);
#2060=ORIENTED_EDGE('',*,*,#2999,.T.);
#2061=ORIENTED_EDGE('',*,*,#3000,.F.);
#2062=ORIENTED_EDGE('',*,*,#3001,.T.);
#2063=ORIENTED_EDGE('',*,*,#2988,.F.);
#2064=ORIENTED_EDGE('',*,*,#3002,.T.);
#2065=ORIENTED_EDGE('',*,*,#2997,.F.);
#2066=ORIENTED_EDGE('',*,*,#3003,.T.);
#2067=ORIENTED_EDGE('',*,*,#3004,.F.);
#2068=ORIENTED_EDGE('',*,*,#3005,.T.);
#2069=ORIENTED_EDGE('',*,*,#2992,.F.);
#2070=ORIENTED_EDGE('',*,*,#3006,.T.);
#2071=ORIENTED_EDGE('',*,*,#2995,.F.);
#2072=ORIENTED_EDGE('',*,*,#3007,.F.);
#2073=ORIENTED_EDGE('',*,*,#3008,.T.);
#2074=ORIENTED_EDGE('',*,*,#3009,.T.);
#2075=ORIENTED_EDGE('',*,*,#3010,.F.);
#2076=ORIENTED_EDGE('',*,*,#3011,.T.);
#2077=ORIENTED_EDGE('',*,*,#3012,.T.);
#2078=ORIENTED_EDGE('',*,*,#3013,.F.);
#2079=ORIENTED_EDGE('',*,*,#3014,.F.);
#2080=ORIENTED_EDGE('',*,*,#3015,.T.);
#2081=ORIENTED_EDGE('',*,*,#3016,.T.);
#2082=ORIENTED_EDGE('',*,*,#3017,.T.);
#2083=ORIENTED_EDGE('',*,*,#3018,.F.);
#2084=ORIENTED_EDGE('',*,*,#3019,.T.);
#2085=ORIENTED_EDGE('',*,*,#3020,.F.);
#2086=ORIENTED_EDGE('',*,*,#3021,.T.);
#2087=ORIENTED_EDGE('',*,*,#3008,.F.);
#2088=ORIENTED_EDGE('',*,*,#3022,.T.);
#2089=ORIENTED_EDGE('',*,*,#3017,.F.);
#2090=ORIENTED_EDGE('',*,*,#3023,.T.);
#2091=ORIENTED_EDGE('',*,*,#3024,.F.);
#2092=ORIENTED_EDGE('',*,*,#3025,.T.);
#2093=ORIENTED_EDGE('',*,*,#3012,.F.);
#2094=ORIENTED_EDGE('',*,*,#3026,.T.);
#2095=ORIENTED_EDGE('',*,*,#3015,.F.);
#2096=ORIENTED_EDGE('',*,*,#3027,.F.);
#2097=ORIENTED_EDGE('',*,*,#3028,.T.);
#2098=ORIENTED_EDGE('',*,*,#3029,.T.);
#2099=ORIENTED_EDGE('',*,*,#3030,.F.);
#2100=ORIENTED_EDGE('',*,*,#3031,.T.);
#2101=ORIENTED_EDGE('',*,*,#3032,.T.);
#2102=ORIENTED_EDGE('',*,*,#3033,.F.);
#2103=ORIENTED_EDGE('',*,*,#3034,.F.);
#2104=ORIENTED_EDGE('',*,*,#3035,.T.);
#2105=ORIENTED_EDGE('',*,*,#3036,.T.);
#2106=ORIENTED_EDGE('',*,*,#3037,.T.);
#2107=ORIENTED_EDGE('',*,*,#3038,.F.);
#2108=ORIENTED_EDGE('',*,*,#3039,.T.);
#2109=ORIENTED_EDGE('',*,*,#3040,.F.);
#2110=ORIENTED_EDGE('',*,*,#3041,.T.);
#2111=ORIENTED_EDGE('',*,*,#3028,.F.);
#2112=ORIENTED_EDGE('',*,*,#3042,.T.);
#2113=ORIENTED_EDGE('',*,*,#3037,.F.);
#2114=ORIENTED_EDGE('',*,*,#3043,.T.);
#2115=ORIENTED_EDGE('',*,*,#3044,.F.);
#2116=ORIENTED_EDGE('',*,*,#3045,.T.);
#2117=ORIENTED_EDGE('',*,*,#3032,.F.);
#2118=ORIENTED_EDGE('',*,*,#3046,.T.);
#2119=ORIENTED_EDGE('',*,*,#3035,.F.);
#2120=ORIENTED_EDGE('',*,*,#3047,.F.);
#2121=ORIENTED_EDGE('',*,*,#3048,.T.);
#2122=ORIENTED_EDGE('',*,*,#3049,.T.);
#2123=ORIENTED_EDGE('',*,*,#3050,.F.);
#2124=ORIENTED_EDGE('',*,*,#3051,.T.);
#2125=ORIENTED_EDGE('',*,*,#3052,.T.);
#2126=ORIENTED_EDGE('',*,*,#3053,.F.);
#2127=ORIENTED_EDGE('',*,*,#3054,.F.);
#2128=ORIENTED_EDGE('',*,*,#3055,.T.);
#2129=ORIENTED_EDGE('',*,*,#3056,.T.);
#2130=ORIENTED_EDGE('',*,*,#3057,.T.);
#2131=ORIENTED_EDGE('',*,*,#3058,.F.);
#2132=ORIENTED_EDGE('',*,*,#3059,.T.);
#2133=ORIENTED_EDGE('',*,*,#3060,.F.);
#2134=ORIENTED_EDGE('',*,*,#3061,.T.);
#2135=ORIENTED_EDGE('',*,*,#3048,.F.);
#2136=ORIENTED_EDGE('',*,*,#3062,.T.);
#2137=ORIENTED_EDGE('',*,*,#3057,.F.);
#2138=ORIENTED_EDGE('',*,*,#3063,.T.);
#2139=ORIENTED_EDGE('',*,*,#3064,.F.);
#2140=ORIENTED_EDGE('',*,*,#3065,.T.);
#2141=ORIENTED_EDGE('',*,*,#3052,.F.);
#2142=ORIENTED_EDGE('',*,*,#3066,.T.);
#2143=ORIENTED_EDGE('',*,*,#3055,.F.);
#2144=ORIENTED_EDGE('',*,*,#3067,.F.);
#2145=ORIENTED_EDGE('',*,*,#3068,.F.);
#2146=ORIENTED_EDGE('',*,*,#3069,.F.);
#2147=ORIENTED_EDGE('',*,*,#3070,.F.);
#2148=ORIENTED_EDGE('',*,*,#3071,.F.);
#2149=ORIENTED_EDGE('',*,*,#3072,.F.);
#2150=ORIENTED_EDGE('',*,*,#3073,.F.);
#2151=ORIENTED_EDGE('',*,*,#3074,.F.);
#2152=ORIENTED_EDGE('',*,*,#3075,.F.);
#2153=ORIENTED_EDGE('',*,*,#3076,.F.);
#2154=ORIENTED_EDGE('',*,*,#3077,.F.);
#2155=ORIENTED_EDGE('',*,*,#2965,.T.);
#2156=ORIENTED_EDGE('',*,*,#3078,.F.);
#2157=ORIENTED_EDGE('',*,*,#2969,.F.);
#2158=ORIENTED_EDGE('',*,*,#2981,.F.);
#2159=ORIENTED_EDGE('',*,*,#3079,.F.);
#2160=ORIENTED_EDGE('',*,*,#2983,.F.);
#2161=ORIENTED_EDGE('',*,*,#2976,.F.);
#2162=ORIENTED_EDGE('',*,*,#2986,.F.);
#2163=ORIENTED_EDGE('',*,*,#2971,.F.);
#2164=ORIENTED_EDGE('',*,*,#3080,.F.);
#2165=ORIENTED_EDGE('',*,*,#2989,.F.);
#2166=ORIENTED_EDGE('',*,*,#3001,.F.);
#2167=ORIENTED_EDGE('',*,*,#3081,.F.);
#2168=ORIENTED_EDGE('',*,*,#3003,.F.);
#2169=ORIENTED_EDGE('',*,*,#2996,.F.);
#2170=ORIENTED_EDGE('',*,*,#3006,.F.);
#2171=ORIENTED_EDGE('',*,*,#2991,.F.);
#2172=ORIENTED_EDGE('',*,*,#3082,.F.);
#2173=ORIENTED_EDGE('',*,*,#3009,.F.);
#2174=ORIENTED_EDGE('',*,*,#3021,.F.);
#2175=ORIENTED_EDGE('',*,*,#3083,.F.);
#2176=ORIENTED_EDGE('',*,*,#3023,.F.);
#2177=ORIENTED_EDGE('',*,*,#3016,.F.);
#2178=ORIENTED_EDGE('',*,*,#3026,.F.);
#2179=ORIENTED_EDGE('',*,*,#3011,.F.);
#2180=ORIENTED_EDGE('',*,*,#3084,.F.);
#2181=ORIENTED_EDGE('',*,*,#3029,.F.);
#2182=ORIENTED_EDGE('',*,*,#3041,.F.);
#2183=ORIENTED_EDGE('',*,*,#3085,.F.);
#2184=ORIENTED_EDGE('',*,*,#3043,.F.);
#2185=ORIENTED_EDGE('',*,*,#3036,.F.);
#2186=ORIENTED_EDGE('',*,*,#3046,.F.);
#2187=ORIENTED_EDGE('',*,*,#3031,.F.);
#2188=ORIENTED_EDGE('',*,*,#3086,.F.);
#2189=ORIENTED_EDGE('',*,*,#3049,.F.);
#2190=ORIENTED_EDGE('',*,*,#3061,.F.);
#2191=ORIENTED_EDGE('',*,*,#3087,.F.);
#2192=ORIENTED_EDGE('',*,*,#3063,.F.);
#2193=ORIENTED_EDGE('',*,*,#3056,.F.);
#2194=ORIENTED_EDGE('',*,*,#3066,.F.);
#2195=ORIENTED_EDGE('',*,*,#3051,.F.);
#2196=ORIENTED_EDGE('',*,*,#3088,.F.);
#2197=ORIENTED_EDGE('',*,*,#2953,.T.);
#2198=ORIENTED_EDGE('',*,*,#3089,.F.);
#2199=ORIENTED_EDGE('',*,*,#2957,.T.);
#2200=ORIENTED_EDGE('',*,*,#3090,.F.);
#2201=ORIENTED_EDGE('',*,*,#2961,.T.);
#2202=ORIENTED_EDGE('',*,*,#3091,.T.);
#2203=ORIENTED_EDGE('',*,*,#2963,.T.);
#2204=ORIENTED_EDGE('',*,*,#3092,.T.);
#2205=ORIENTED_EDGE('',*,*,#2959,.T.);
#2206=ORIENTED_EDGE('',*,*,#3093,.T.);
#2207=ORIENTED_EDGE('',*,*,#2955,.T.);
#2208=ORIENTED_EDGE('',*,*,#3094,.T.);
#2209=ORIENTED_EDGE('',*,*,#2951,.T.);
#2210=ORIENTED_EDGE('',*,*,#3095,.T.);
#2211=ORIENTED_EDGE('',*,*,#3053,.T.);
#2212=ORIENTED_EDGE('',*,*,#3065,.F.);
#2213=ORIENTED_EDGE('',*,*,#3058,.T.);
#2214=ORIENTED_EDGE('',*,*,#3062,.F.);
#2215=ORIENTED_EDGE('',*,*,#3096,.T.);
#2216=ORIENTED_EDGE('',*,*,#3059,.F.);
#2217=ORIENTED_EDGE('',*,*,#3047,.T.);
#2218=ORIENTED_EDGE('',*,*,#3097,.T.);
#2219=ORIENTED_EDGE('',*,*,#3033,.T.);
#2220=ORIENTED_EDGE('',*,*,#3045,.F.);
#2221=ORIENTED_EDGE('',*,*,#3038,.T.);
#2222=ORIENTED_EDGE('',*,*,#3042,.F.);
#2223=ORIENTED_EDGE('',*,*,#3098,.T.);
#2224=ORIENTED_EDGE('',*,*,#3039,.F.);
#2225=ORIENTED_EDGE('',*,*,#3027,.T.);
#2226=ORIENTED_EDGE('',*,*,#3099,.T.);
#2227=ORIENTED_EDGE('',*,*,#3013,.T.);
#2228=ORIENTED_EDGE('',*,*,#3025,.F.);
#2229=ORIENTED_EDGE('',*,*,#3018,.T.);
#2230=ORIENTED_EDGE('',*,*,#3022,.F.);
#2231=ORIENTED_EDGE('',*,*,#3100,.T.);
#2232=ORIENTED_EDGE('',*,*,#3019,.F.);
#2233=ORIENTED_EDGE('',*,*,#3007,.T.);
#2234=ORIENTED_EDGE('',*,*,#3101,.T.);
#2235=ORIENTED_EDGE('',*,*,#2993,.T.);
#2236=ORIENTED_EDGE('',*,*,#3005,.F.);
#2237=ORIENTED_EDGE('',*,*,#2998,.T.);
#2238=ORIENTED_EDGE('',*,*,#3002,.F.);
#2239=ORIENTED_EDGE('',*,*,#3102,.T.);
#2240=ORIENTED_EDGE('',*,*,#2999,.F.);
#2241=ORIENTED_EDGE('',*,*,#2987,.T.);
#2242=ORIENTED_EDGE('',*,*,#3103,.T.);
#2243=ORIENTED_EDGE('',*,*,#2973,.T.);
#2244=ORIENTED_EDGE('',*,*,#2985,.F.);
#2245=ORIENTED_EDGE('',*,*,#2978,.T.);
#2246=ORIENTED_EDGE('',*,*,#2982,.F.);
#2247=ORIENTED_EDGE('',*,*,#3104,.T.);
#2248=ORIENTED_EDGE('',*,*,#2979,.F.);
#2249=ORIENTED_EDGE('',*,*,#2967,.T.);
#2250=ORIENTED_EDGE('',*,*,#3105,.T.);
#2251=ORIENTED_EDGE('',*,*,#3106,.T.);
#2252=ORIENTED_EDGE('',*,*,#3107,.T.);
#2253=ORIENTED_EDGE('',*,*,#3108,.T.);
#2254=ORIENTED_EDGE('',*,*,#3109,.T.);
#2255=ORIENTED_EDGE('',*,*,#3110,.T.);
#2256=ORIENTED_EDGE('',*,*,#3111,.T.);
#2257=ORIENTED_EDGE('',*,*,#3112,.T.);
#2258=ORIENTED_EDGE('',*,*,#3113,.T.);
#2259=ORIENTED_EDGE('',*,*,#3114,.T.);
#2260=ORIENTED_EDGE('',*,*,#3094,.F.);
#2261=ORIENTED_EDGE('',*,*,#2958,.T.);
#2262=ORIENTED_EDGE('',*,*,#3089,.T.);
#2263=ORIENTED_EDGE('',*,*,#2952,.T.);
#2264=ORIENTED_EDGE('',*,*,#3093,.F.);
#2265=ORIENTED_EDGE('',*,*,#2962,.T.);
#2266=ORIENTED_EDGE('',*,*,#3090,.T.);
#2267=ORIENTED_EDGE('',*,*,#2956,.T.);
#2268=ORIENTED_EDGE('',*,*,#3092,.F.);
#2269=ORIENTED_EDGE('',*,*,#2966,.T.);
#2270=ORIENTED_EDGE('',*,*,#3077,.T.);
#2271=ORIENTED_EDGE('',*,*,#2960,.T.);
#2272=ORIENTED_EDGE('',*,*,#3078,.T.);
#2273=ORIENTED_EDGE('',*,*,#2964,.T.);
#2274=ORIENTED_EDGE('',*,*,#3091,.F.);
#2275=ORIENTED_EDGE('',*,*,#2970,.T.);
#2276=ORIENTED_EDGE('',*,*,#3095,.F.);
#2277=ORIENTED_EDGE('',*,*,#2954,.T.);
#2278=ORIENTED_EDGE('',*,*,#3088,.T.);
#2279=ORIENTED_EDGE('',*,*,#3054,.T.);
#2280=ORIENTED_EDGE('',*,*,#3086,.T.);
#2281=ORIENTED_EDGE('',*,*,#3034,.T.);
#2282=ORIENTED_EDGE('',*,*,#3097,.F.);
#2283=ORIENTED_EDGE('',*,*,#3050,.T.);
#2284=ORIENTED_EDGE('',*,*,#3084,.T.);
#2285=ORIENTED_EDGE('',*,*,#3014,.T.);
#2286=ORIENTED_EDGE('',*,*,#3099,.F.);
#2287=ORIENTED_EDGE('',*,*,#3030,.T.);
#2288=ORIENTED_EDGE('',*,*,#3082,.T.);
#2289=ORIENTED_EDGE('',*,*,#2994,.T.);
#2290=ORIENTED_EDGE('',*,*,#3101,.F.);
#2291=ORIENTED_EDGE('',*,*,#3010,.T.);
#2292=ORIENTED_EDGE('',*,*,#3080,.T.);
#2293=ORIENTED_EDGE('',*,*,#2974,.T.);
#2294=ORIENTED_EDGE('',*,*,#3103,.F.);
#2295=ORIENTED_EDGE('',*,*,#2990,.T.);
#2296=ORIENTED_EDGE('',*,*,#3115,.T.);
#2297=ORIENTED_EDGE('',*,*,#3105,.F.);
#2298=ORIENTED_EDGE('',*,*,#3067,.T.);
#2299=ORIENTED_EDGE('',*,*,#3115,.F.);
#2300=ORIENTED_EDGE('',*,*,#3116,.T.);
#2301=ORIENTED_EDGE('',*,*,#3106,.F.);
#2302=ORIENTED_EDGE('',*,*,#3068,.T.);
#2303=ORIENTED_EDGE('',*,*,#3116,.F.);
#2304=ORIENTED_EDGE('',*,*,#3117,.T.);
#2305=ORIENTED_EDGE('',*,*,#3107,.F.);
#2306=ORIENTED_EDGE('',*,*,#3069,.T.);
#2307=ORIENTED_EDGE('',*,*,#3117,.F.);
#2308=ORIENTED_EDGE('',*,*,#3118,.T.);
#2309=ORIENTED_EDGE('',*,*,#3108,.F.);
#2310=ORIENTED_EDGE('',*,*,#3070,.T.);
#2311=ORIENTED_EDGE('',*,*,#3118,.F.);
#2312=ORIENTED_EDGE('',*,*,#3119,.T.);
#2313=ORIENTED_EDGE('',*,*,#3109,.F.);
#2314=ORIENTED_EDGE('',*,*,#3071,.T.);
#2315=ORIENTED_EDGE('',*,*,#3119,.F.);
#2316=ORIENTED_EDGE('',*,*,#3120,.T.);
#2317=ORIENTED_EDGE('',*,*,#3110,.F.);
#2318=ORIENTED_EDGE('',*,*,#3072,.T.);
#2319=ORIENTED_EDGE('',*,*,#3120,.F.);
#2320=ORIENTED_EDGE('',*,*,#3121,.T.);
#2321=ORIENTED_EDGE('',*,*,#3111,.F.);
#2322=ORIENTED_EDGE('',*,*,#3073,.T.);
#2323=ORIENTED_EDGE('',*,*,#3121,.F.);
#2324=ORIENTED_EDGE('',*,*,#3122,.T.);
#2325=ORIENTED_EDGE('',*,*,#3112,.F.);
#2326=ORIENTED_EDGE('',*,*,#3074,.T.);
#2327=ORIENTED_EDGE('',*,*,#3122,.F.);
#2328=ORIENTED_EDGE('',*,*,#3123,.T.);
#2329=ORIENTED_EDGE('',*,*,#3113,.F.);
#2330=ORIENTED_EDGE('',*,*,#3075,.T.);
#2331=ORIENTED_EDGE('',*,*,#3123,.F.);
#2332=ORIENTED_EDGE('',*,*,#3124,.T.);
#2333=ORIENTED_EDGE('',*,*,#3114,.F.);
#2334=ORIENTED_EDGE('',*,*,#3076,.T.);
#2335=ORIENTED_EDGE('',*,*,#3124,.F.);
#2336=ORIENTED_EDGE('',*,*,#3096,.F.);
#2337=ORIENTED_EDGE('',*,*,#3064,.T.);
#2338=ORIENTED_EDGE('',*,*,#3087,.T.);
#2339=ORIENTED_EDGE('',*,*,#3060,.T.);
#2340=ORIENTED_EDGE('',*,*,#3098,.F.);
#2341=ORIENTED_EDGE('',*,*,#3044,.T.);
#2342=ORIENTED_EDGE('',*,*,#3085,.T.);
#2343=ORIENTED_EDGE('',*,*,#3040,.T.);
#2344=ORIENTED_EDGE('',*,*,#3100,.F.);
#2345=ORIENTED_EDGE('',*,*,#3024,.T.);
#2346=ORIENTED_EDGE('',*,*,#3083,.T.);
#2347=ORIENTED_EDGE('',*,*,#3020,.T.);
#2348=ORIENTED_EDGE('',*,*,#3102,.F.);
#2349=ORIENTED_EDGE('',*,*,#3004,.T.);
#2350=ORIENTED_EDGE('',*,*,#3081,.T.);
#2351=ORIENTED_EDGE('',*,*,#3000,.T.);
#2352=ORIENTED_EDGE('',*,*,#3104,.F.);
#2353=ORIENTED_EDGE('',*,*,#2984,.T.);
#2354=ORIENTED_EDGE('',*,*,#3079,.T.);
#2355=ORIENTED_EDGE('',*,*,#2980,.T.);
#2356=ORIENTED_EDGE('',*,*,#3125,.T.);
#2357=ORIENTED_EDGE('',*,*,#3126,.T.);
#2358=ORIENTED_EDGE('',*,*,#3125,.F.);
#2359=ORIENTED_EDGE('',*,*,#3126,.F.);
#2360=ORIENTED_EDGE('',*,*,#3127,.F.);
#2361=ORIENTED_EDGE('',*,*,#3128,.F.);
#2362=ORIENTED_EDGE('',*,*,#3127,.T.);
#2363=ORIENTED_EDGE('',*,*,#3128,.T.);
#2364=ORIENTED_EDGE('',*,*,#3129,.F.);
#2365=ORIENTED_EDGE('',*,*,#3130,.F.);
#2366=ORIENTED_EDGE('',*,*,#3131,.F.);
#2367=ORIENTED_EDGE('',*,*,#3132,.F.);
#2368=ORIENTED_EDGE('',*,*,#3133,.F.);
#2369=ORIENTED_EDGE('',*,*,#3134,.F.);
#2370=ORIENTED_EDGE('',*,*,#3135,.F.);
#2371=ORIENTED_EDGE('',*,*,#3136,.F.);
#2372=ORIENTED_EDGE('',*,*,#3137,.F.);
#2373=ORIENTED_EDGE('',*,*,#3138,.F.);
#2374=ORIENTED_EDGE('',*,*,#3139,.F.);
#2375=ORIENTED_EDGE('',*,*,#3140,.F.);
#2376=ORIENTED_EDGE('',*,*,#3141,.F.);
#2377=ORIENTED_EDGE('',*,*,#3142,.F.);
#2378=ORIENTED_EDGE('',*,*,#3143,.F.);
#2379=ORIENTED_EDGE('',*,*,#3144,.F.);
#2380=ORIENTED_EDGE('',*,*,#3145,.T.);
#2381=ORIENTED_EDGE('',*,*,#3144,.T.);
#2382=ORIENTED_EDGE('',*,*,#3146,.T.);
#2383=ORIENTED_EDGE('',*,*,#3140,.T.);
#2384=ORIENTED_EDGE('',*,*,#3147,.F.);
#2385=ORIENTED_EDGE('',*,*,#3142,.T.);
#2386=ORIENTED_EDGE('',*,*,#3148,.T.);
#2387=ORIENTED_EDGE('',*,*,#3149,.T.);
#2388=ORIENTED_EDGE('',*,*,#3150,.F.);
#2389=ORIENTED_EDGE('',*,*,#3138,.T.);
#2390=ORIENTED_EDGE('',*,*,#3151,.T.);
#2391=ORIENTED_EDGE('',*,*,#3152,.T.);
#2392=ORIENTED_EDGE('',*,*,#3153,.F.);
#2393=ORIENTED_EDGE('',*,*,#3154,.F.);
#2394=ORIENTED_EDGE('',*,*,#3155,.F.);
#2395=ORIENTED_EDGE('',*,*,#3156,.F.);
#2396=ORIENTED_EDGE('',*,*,#3157,.F.);
#2397=ORIENTED_EDGE('',*,*,#3158,.F.);
#2398=ORIENTED_EDGE('',*,*,#3159,.F.);
#2399=ORIENTED_EDGE('',*,*,#3160,.F.);
#2400=ORIENTED_EDGE('',*,*,#3161,.T.);
#2401=ORIENTED_EDGE('',*,*,#3160,.T.);
#2402=ORIENTED_EDGE('',*,*,#3162,.T.);
#2403=ORIENTED_EDGE('',*,*,#3156,.T.);
#2404=ORIENTED_EDGE('',*,*,#3163,.F.);
#2405=ORIENTED_EDGE('',*,*,#3158,.T.);
#2406=ORIENTED_EDGE('',*,*,#3164,.T.);
#2407=ORIENTED_EDGE('',*,*,#3165,.T.);
#2408=ORIENTED_EDGE('',*,*,#3166,.F.);
#2409=ORIENTED_EDGE('',*,*,#3154,.T.);
#2410=ORIENTED_EDGE('',*,*,#3167,.T.);
#2411=ORIENTED_EDGE('',*,*,#3168,.T.);
#2412=ORIENTED_EDGE('',*,*,#3169,.F.);
#2413=ORIENTED_EDGE('',*,*,#3170,.F.);
#2414=ORIENTED_EDGE('',*,*,#3171,.F.);
#2415=ORIENTED_EDGE('',*,*,#3172,.F.);
#2416=ORIENTED_EDGE('',*,*,#3173,.F.);
#2417=ORIENTED_EDGE('',*,*,#3174,.F.);
#2418=ORIENTED_EDGE('',*,*,#3175,.F.);
#2419=ORIENTED_EDGE('',*,*,#3176,.F.);
#2420=ORIENTED_EDGE('',*,*,#3177,.T.);
#2421=ORIENTED_EDGE('',*,*,#3176,.T.);
#2422=ORIENTED_EDGE('',*,*,#3178,.T.);
#2423=ORIENTED_EDGE('',*,*,#3172,.T.);
#2424=ORIENTED_EDGE('',*,*,#3179,.F.);
#2425=ORIENTED_EDGE('',*,*,#3174,.T.);
#2426=ORIENTED_EDGE('',*,*,#3180,.T.);
#2427=ORIENTED_EDGE('',*,*,#3181,.T.);
#2428=ORIENTED_EDGE('',*,*,#3182,.F.);
#2429=ORIENTED_EDGE('',*,*,#3170,.T.);
#2430=ORIENTED_EDGE('',*,*,#3183,.T.);
#2431=ORIENTED_EDGE('',*,*,#3184,.T.);
#2432=ORIENTED_EDGE('',*,*,#3185,.F.);
#2433=ORIENTED_EDGE('',*,*,#3186,.F.);
#2434=ORIENTED_EDGE('',*,*,#3187,.F.);
#2435=ORIENTED_EDGE('',*,*,#3188,.F.);
#2436=ORIENTED_EDGE('',*,*,#3189,.F.);
#2437=ORIENTED_EDGE('',*,*,#3190,.F.);
#2438=ORIENTED_EDGE('',*,*,#3191,.F.);
#2439=ORIENTED_EDGE('',*,*,#3192,.F.);
#2440=ORIENTED_EDGE('',*,*,#3193,.T.);
#2441=ORIENTED_EDGE('',*,*,#3192,.T.);
#2442=ORIENTED_EDGE('',*,*,#3194,.T.);
#2443=ORIENTED_EDGE('',*,*,#3188,.T.);
#2444=ORIENTED_EDGE('',*,*,#3195,.F.);
#2445=ORIENTED_EDGE('',*,*,#3190,.T.);
#2446=ORIENTED_EDGE('',*,*,#3196,.T.);
#2447=ORIENTED_EDGE('',*,*,#3197,.T.);
#2448=ORIENTED_EDGE('',*,*,#3198,.F.);
#2449=ORIENTED_EDGE('',*,*,#3186,.T.);
#2450=ORIENTED_EDGE('',*,*,#3199,.T.);
#2451=ORIENTED_EDGE('',*,*,#3200,.T.);
#2452=ORIENTED_EDGE('',*,*,#3201,.F.);
#2453=ORIENTED_EDGE('',*,*,#3202,.F.);
#2454=ORIENTED_EDGE('',*,*,#3203,.F.);
#2455=ORIENTED_EDGE('',*,*,#3204,.F.);
#2456=ORIENTED_EDGE('',*,*,#3205,.F.);
#2457=ORIENTED_EDGE('',*,*,#3206,.F.);
#2458=ORIENTED_EDGE('',*,*,#3207,.F.);
#2459=ORIENTED_EDGE('',*,*,#3208,.F.);
#2460=ORIENTED_EDGE('',*,*,#3209,.T.);
#2461=ORIENTED_EDGE('',*,*,#3208,.T.);
#2462=ORIENTED_EDGE('',*,*,#3210,.T.);
#2463=ORIENTED_EDGE('',*,*,#3204,.T.);
#2464=ORIENTED_EDGE('',*,*,#3211,.F.);
#2465=ORIENTED_EDGE('',*,*,#3206,.T.);
#2466=ORIENTED_EDGE('',*,*,#3212,.T.);
#2467=ORIENTED_EDGE('',*,*,#3213,.T.);
#2468=ORIENTED_EDGE('',*,*,#3214,.F.);
#2469=ORIENTED_EDGE('',*,*,#3202,.T.);
#2470=ORIENTED_EDGE('',*,*,#3215,.T.);
#2471=ORIENTED_EDGE('',*,*,#3216,.T.);
#2472=ORIENTED_EDGE('',*,*,#3149,.F.);
#2473=ORIENTED_EDGE('',*,*,#3217,.F.);
#2474=ORIENTED_EDGE('',*,*,#3218,.F.);
#2475=ORIENTED_EDGE('',*,*,#3219,.F.);
#2476=ORIENTED_EDGE('',*,*,#3220,.T.);
#2477=ORIENTED_EDGE('',*,*,#3136,.T.);
#2478=ORIENTED_EDGE('',*,*,#3221,.T.);
#2479=ORIENTED_EDGE('',*,*,#3132,.T.);
#2480=ORIENTED_EDGE('',*,*,#3222,.F.);
#2481=ORIENTED_EDGE('',*,*,#3130,.T.);
#2482=ORIENTED_EDGE('',*,*,#3223,.T.);
#2483=ORIENTED_EDGE('',*,*,#3224,.T.);
#2484=ORIENTED_EDGE('',*,*,#3221,.F.);
#2485=ORIENTED_EDGE('',*,*,#3135,.T.);
#2486=ORIENTED_EDGE('',*,*,#3225,.T.);
#2487=ORIENTED_EDGE('',*,*,#3217,.T.);
#2488=ORIENTED_EDGE('',*,*,#3148,.F.);
#2489=ORIENTED_EDGE('',*,*,#3141,.T.);
#2490=ORIENTED_EDGE('',*,*,#3145,.F.);
#2491=ORIENTED_EDGE('',*,*,#3139,.T.);
#2492=ORIENTED_EDGE('',*,*,#3150,.T.);
#2493=ORIENTED_EDGE('',*,*,#3226,.T.);
#2494=ORIENTED_EDGE('',*,*,#3164,.F.);
#2495=ORIENTED_EDGE('',*,*,#3157,.T.);
#2496=ORIENTED_EDGE('',*,*,#3161,.F.);
#2497=ORIENTED_EDGE('',*,*,#3155,.T.);
#2498=ORIENTED_EDGE('',*,*,#3166,.T.);
#2499=ORIENTED_EDGE('',*,*,#3227,.T.);
#2500=ORIENTED_EDGE('',*,*,#3180,.F.);
#2501=ORIENTED_EDGE('',*,*,#3173,.T.);
#2502=ORIENTED_EDGE('',*,*,#3177,.F.);
#2503=ORIENTED_EDGE('',*,*,#3171,.T.);
#2504=ORIENTED_EDGE('',*,*,#3182,.T.);
#2505=ORIENTED_EDGE('',*,*,#3228,.T.);
#2506=ORIENTED_EDGE('',*,*,#3196,.F.);
#2507=ORIENTED_EDGE('',*,*,#3189,.T.);
#2508=ORIENTED_EDGE('',*,*,#3193,.F.);
#2509=ORIENTED_EDGE('',*,*,#3187,.T.);
#2510=ORIENTED_EDGE('',*,*,#3198,.T.);
#2511=ORIENTED_EDGE('',*,*,#3229,.T.);
#2512=ORIENTED_EDGE('',*,*,#3212,.F.);
#2513=ORIENTED_EDGE('',*,*,#3205,.T.);
#2514=ORIENTED_EDGE('',*,*,#3209,.F.);
#2515=ORIENTED_EDGE('',*,*,#3203,.T.);
#2516=ORIENTED_EDGE('',*,*,#3214,.T.);
#2517=ORIENTED_EDGE('',*,*,#3230,.T.);
#2518=ORIENTED_EDGE('',*,*,#3223,.F.);
#2519=ORIENTED_EDGE('',*,*,#3129,.T.);
#2520=ORIENTED_EDGE('',*,*,#3225,.F.);
#2521=ORIENTED_EDGE('',*,*,#3134,.T.);
#2522=ORIENTED_EDGE('',*,*,#3231,.T.);
#2523=ORIENTED_EDGE('',*,*,#3218,.T.);
#2524=ORIENTED_EDGE('',*,*,#3231,.F.);
#2525=ORIENTED_EDGE('',*,*,#3133,.T.);
#2526=ORIENTED_EDGE('',*,*,#3220,.F.);
#2527=ORIENTED_EDGE('',*,*,#3131,.T.);
#2528=ORIENTED_EDGE('',*,*,#3222,.T.);
#2529=ORIENTED_EDGE('',*,*,#3232,.T.);
#2530=ORIENTED_EDGE('',*,*,#3215,.F.);
#2531=ORIENTED_EDGE('',*,*,#3201,.T.);
#2532=ORIENTED_EDGE('',*,*,#3210,.F.);
#2533=ORIENTED_EDGE('',*,*,#3207,.T.);
#2534=ORIENTED_EDGE('',*,*,#3211,.T.);
#2535=ORIENTED_EDGE('',*,*,#3233,.T.);
#2536=ORIENTED_EDGE('',*,*,#3199,.F.);
#2537=ORIENTED_EDGE('',*,*,#3185,.T.);
#2538=ORIENTED_EDGE('',*,*,#3194,.F.);
#2539=ORIENTED_EDGE('',*,*,#3191,.T.);
#2540=ORIENTED_EDGE('',*,*,#3195,.T.);
#2541=ORIENTED_EDGE('',*,*,#3234,.T.);
#2542=ORIENTED_EDGE('',*,*,#3183,.F.);
#2543=ORIENTED_EDGE('',*,*,#3169,.T.);
#2544=ORIENTED_EDGE('',*,*,#3178,.F.);
#2545=ORIENTED_EDGE('',*,*,#3175,.T.);
#2546=ORIENTED_EDGE('',*,*,#3179,.T.);
#2547=ORIENTED_EDGE('',*,*,#3235,.T.);
#2548=ORIENTED_EDGE('',*,*,#3167,.F.);
#2549=ORIENTED_EDGE('',*,*,#3153,.T.);
#2550=ORIENTED_EDGE('',*,*,#3162,.F.);
#2551=ORIENTED_EDGE('',*,*,#3159,.T.);
#2552=ORIENTED_EDGE('',*,*,#3163,.T.);
#2553=ORIENTED_EDGE('',*,*,#3236,.T.);
#2554=ORIENTED_EDGE('',*,*,#3151,.F.);
#2555=ORIENTED_EDGE('',*,*,#3137,.T.);
#2556=ORIENTED_EDGE('',*,*,#3146,.F.);
#2557=ORIENTED_EDGE('',*,*,#3143,.T.);
#2558=ORIENTED_EDGE('',*,*,#3147,.T.);
#2559=ORIENTED_EDGE('',*,*,#3219,.T.);
#2560=ORIENTED_EDGE('',*,*,#3216,.F.);
#2561=ORIENTED_EDGE('',*,*,#3232,.F.);
#2562=ORIENTED_EDGE('',*,*,#3224,.F.);
#2563=ORIENTED_EDGE('',*,*,#3230,.F.);
#2564=ORIENTED_EDGE('',*,*,#3200,.F.);
#2565=ORIENTED_EDGE('',*,*,#3233,.F.);
#2566=ORIENTED_EDGE('',*,*,#3213,.F.);
#2567=ORIENTED_EDGE('',*,*,#3229,.F.);
#2568=ORIENTED_EDGE('',*,*,#3184,.F.);
#2569=ORIENTED_EDGE('',*,*,#3234,.F.);
#2570=ORIENTED_EDGE('',*,*,#3197,.F.);
#2571=ORIENTED_EDGE('',*,*,#3228,.F.);
#2572=ORIENTED_EDGE('',*,*,#3168,.F.);
#2573=ORIENTED_EDGE('',*,*,#3235,.F.);
#2574=ORIENTED_EDGE('',*,*,#3181,.F.);
#2575=ORIENTED_EDGE('',*,*,#3227,.F.);
#2576=ORIENTED_EDGE('',*,*,#3152,.F.);
#2577=ORIENTED_EDGE('',*,*,#3236,.F.);
#2578=ORIENTED_EDGE('',*,*,#3165,.F.);
#2579=ORIENTED_EDGE('',*,*,#3226,.F.);
#2580=EDGE_CURVE('',#3237,#3238,#3731,.T.);
#2581=EDGE_CURVE('',#3238,#3239,#3732,.T.);
#2582=EDGE_CURVE('',#3239,#3240,#3733,.T.);
#2583=EDGE_CURVE('',#3240,#3241,#3734,.T.);
#2584=EDGE_CURVE('',#3241,#3242,#3735,.T.);
#2585=EDGE_CURVE('',#3242,#3237,#3736,.T.);
#2586=EDGE_CURVE('',#3239,#3243,#1208,.T.);
#2587=EDGE_CURVE('',#3243,#3240,#1209,.T.);
#2588=EDGE_CURVE('',#3240,#3244,#1210,.T.);
#2589=EDGE_CURVE('',#3244,#3241,#1211,.T.);
#2590=EDGE_CURVE('',#3241,#3245,#1212,.T.);
#2591=EDGE_CURVE('',#3245,#3242,#1213,.T.);
#2592=EDGE_CURVE('',#3242,#3246,#1214,.T.);
#2593=EDGE_CURVE('',#3246,#3237,#1215,.T.);
#2594=EDGE_CURVE('',#3237,#3247,#1216,.T.);
#2595=EDGE_CURVE('',#3247,#3238,#1217,.T.);
#2596=EDGE_CURVE('',#3248,#3248,#3737,.T.);
#2597=EDGE_CURVE('',#3249,#3249,#3738,.T.);
#2598=EDGE_CURVE('',#3250,#3251,#464,.T.);
#2599=EDGE_CURVE('',#3252,#3250,#465,.T.);
#2600=EDGE_CURVE('',#3253,#3252,#466,.T.);
#2601=EDGE_CURVE('',#3254,#3253,#467,.T.);
#2602=EDGE_CURVE('',#3255,#3254,#468,.T.);
#2603=EDGE_CURVE('',#3251,#3255,#469,.T.);
#2604=EDGE_CURVE('',#3247,#3252,#470,.T.);
#2605=EDGE_CURVE('',#3256,#3250,#471,.T.);
#2606=EDGE_CURVE('',#3238,#3256,#1218,.T.);
#2607=EDGE_CURVE('',#3246,#3253,#472,.T.);
#2608=EDGE_CURVE('',#3245,#3254,#473,.T.);
#2609=EDGE_CURVE('',#3244,#3255,#474,.T.);
#2610=EDGE_CURVE('',#3243,#3251,#475,.T.);
#2611=EDGE_CURVE('',#3256,#3239,#1219,.T.);
#2612=EDGE_CURVE('',#3257,#3257,#3739,.T.);
#2613=EDGE_CURVE('',#3258,#3259,#476,.T.);
#2614=EDGE_CURVE('',#3259,#3260,#477,.T.);
#2615=EDGE_CURVE('',#3260,#3261,#478,.T.);
#2616=EDGE_CURVE('',#3261,#3262,#479,.T.);
#2617=EDGE_CURVE('',#3262,#3263,#480,.T.);
#2618=EDGE_CURVE('',#3263,#3258,#481,.T.);
#2619=EDGE_CURVE('',#3264,#3265,#482,.T.);
#2620=EDGE_CURVE('',#3260,#3265,#483,.T.);
#2621=EDGE_CURVE('',#3259,#3264,#484,.T.);
#2622=EDGE_CURVE('',#3265,#3266,#485,.T.);
#2623=EDGE_CURVE('',#3261,#3266,#486,.T.);
#2624=EDGE_CURVE('',#3266,#3267,#487,.T.);
#2625=EDGE_CURVE('',#3262,#3267,#488,.T.);
#2626=EDGE_CURVE('',#3267,#3268,#489,.T.);
#2627=EDGE_CURVE('',#3263,#3268,#490,.T.);
#2628=EDGE_CURVE('',#3268,#3269,#491,.T.);
#2629=EDGE_CURVE('',#3258,#3269,#492,.T.);
#2630=EDGE_CURVE('',#3269,#3264,#493,.T.);
#2631=EDGE_CURVE('',#3270,#3270,#3740,.T.);
#2632=EDGE_CURVE('',#3271,#3271,#3741,.T.);
#2633=EDGE_CURVE('',#3272,#3272,#3742,.T.);
#2634=EDGE_CURVE('',#3273,#3273,#3743,.T.);
#2635=EDGE_CURVE('',#3274,#3274,#3744,.T.);
#2636=EDGE_CURVE('',#3275,#3275,#3745,.T.);
#2637=EDGE_CURVE('',#3276,#3276,#3746,.T.);
#2638=EDGE_CURVE('',#3277,#3278,#494,.T.);
#2639=EDGE_CURVE('',#3278,#3279,#495,.T.);
#2640=EDGE_CURVE('',#3279,#3280,#496,.T.);
#2641=EDGE_CURVE('',#3280,#3281,#497,.T.);
#2642=EDGE_CURVE('',#3281,#3282,#498,.T.);
#2643=EDGE_CURVE('',#3282,#3277,#499,.T.);
#2644=EDGE_CURVE('',#3283,#3284,#500,.T.);
#2645=EDGE_CURVE('',#3279,#3284,#501,.T.);
#2646=EDGE_CURVE('',#3278,#3283,#502,.T.);
#2647=EDGE_CURVE('',#3284,#3285,#503,.T.);
#2648=EDGE_CURVE('',#3280,#3285,#504,.T.);
#2649=EDGE_CURVE('',#3285,#3286,#505,.T.);
#2650=EDGE_CURVE('',#3281,#3286,#506,.T.);
#2651=EDGE_CURVE('',#3286,#3287,#507,.T.);
#2652=EDGE_CURVE('',#3282,#3287,#508,.T.);
#2653=EDGE_CURVE('',#3287,#3288,#509,.T.);
#2654=EDGE_CURVE('',#3277,#3288,#510,.T.);
#2655=EDGE_CURVE('',#3288,#3283,#511,.T.);
#2656=EDGE_CURVE('',#3289,#3289,#3747,.T.);
#2657=EDGE_CURVE('',#3290,#3290,#3748,.T.);
#2658=EDGE_CURVE('',#3291,#3291,#3749,.T.);
#2659=EDGE_CURVE('',#3292,#3292,#3750,.T.);
#2660=EDGE_CURVE('',#3293,#3293,#3751,.T.);
#2661=EDGE_CURVE('',#3294,#3295,#512,.T.);
#2662=EDGE_CURVE('',#3294,#3296,#513,.T.);
#2663=EDGE_CURVE('',#3296,#3297,#514,.T.);
#2664=EDGE_CURVE('',#3298,#3297,#515,.T.);
#2665=EDGE_CURVE('',#3298,#3299,#516,.T.);
#2666=EDGE_CURVE('',#3299,#3300,#517,.T.);
#2667=EDGE_CURVE('',#3300,#3301,#518,.T.);
#2668=EDGE_CURVE('',#3302,#3301,#519,.T.);
#2669=EDGE_CURVE('',#3303,#3302,#520,.T.);
#2670=EDGE_CURVE('',#3304,#3303,#521,.T.);
#2671=EDGE_CURVE('',#3305,#3304,#522,.T.);
#2672=EDGE_CURVE('',#3305,#3295,#523,.T.);
#2673=EDGE_CURVE('',#3306,#3307,#524,.T.);
#2674=EDGE_CURVE('',#3308,#3307,#525,.T.);
#2675=EDGE_CURVE('',#3308,#3309,#526,.T.);
#2676=EDGE_CURVE('',#3309,#3310,#527,.T.);
#2677=EDGE_CURVE('',#3310,#3311,#528,.T.);
#2678=EDGE_CURVE('',#3311,#3312,#529,.T.);
#2679=EDGE_CURVE('',#3313,#3312,#530,.T.);
#2680=EDGE_CURVE('',#3314,#3313,#531,.T.);
#2681=EDGE_CURVE('',#3315,#3314,#532,.T.);
#2682=EDGE_CURVE('',#3315,#3316,#533,.T.);
#2683=EDGE_CURVE('',#3317,#3316,#534,.T.);
#2684=EDGE_CURVE('',#3306,#3317,#535,.T.);
#2685=EDGE_CURVE('',#3318,#3318,#3752,.T.);
#2686=EDGE_CURVE('',#3319,#3319,#3753,.T.);
#2687=EDGE_CURVE('',#3320,#3320,#3754,.T.);
#2688=EDGE_CURVE('',#3321,#3321,#3755,.T.);
#2689=EDGE_CURVE('',#3306,#3294,#536,.T.);
#2690=EDGE_CURVE('',#3317,#3296,#537,.T.);
#2691=EDGE_CURVE('',#3322,#3322,#3756,.T.);
#2692=EDGE_CURVE('',#3323,#3323,#3757,.T.);
#2693=EDGE_CURVE('',#3324,#3324,#3758,.T.);
#2694=EDGE_CURVE('',#3325,#3325,#3759,.T.);
#2695=EDGE_CURVE('',#3316,#3297,#538,.T.);
#2696=EDGE_CURVE('',#3315,#3298,#539,.T.);
#2697=EDGE_CURVE('',#3314,#3299,#540,.T.);
#2698=EDGE_CURVE('',#3313,#3300,#541,.T.);
#2699=EDGE_CURVE('',#3312,#3301,#542,.T.);
#2700=EDGE_CURVE('',#3326,#3326,#3760,.T.);
#2701=EDGE_CURVE('',#3327,#3327,#3761,.T.);
#2702=EDGE_CURVE('',#3328,#3328,#3762,.T.);
#2703=EDGE_CURVE('',#3329,#3329,#3763,.T.);
#2704=EDGE_CURVE('',#3311,#3302,#543,.T.);
#2705=EDGE_CURVE('',#3330,#3330,#3764,.T.);
#2706=EDGE_CURVE('',#3331,#3331,#3765,.T.);
#2707=EDGE_CURVE('',#3332,#3332,#3766,.T.);
#2708=EDGE_CURVE('',#3333,#3333,#3767,.T.);
#2709=EDGE_CURVE('',#3310,#3303,#544,.T.);
#2710=EDGE_CURVE('',#3309,#3304,#545,.T.);
#2711=EDGE_CURVE('',#3308,#3305,#546,.T.);
#2712=EDGE_CURVE('',#3307,#3295,#547,.T.);
#2713=EDGE_CURVE('',#3334,#3334,#3768,.T.);
#2714=EDGE_CURVE('',#3335,#3335,#3769,.T.);
#2715=EDGE_CURVE('',#3336,#3336,#3770,.T.);
#2716=EDGE_CURVE('',#3337,#3337,#3771,.T.);
#2717=EDGE_CURVE('',#3338,#3339,#3772,.T.);
#2718=EDGE_CURVE('',#3339,#3340,#548,.T.);
#2719=EDGE_CURVE('',#3340,#3341,#3773,.T.);
#2720=EDGE_CURVE('',#3341,#3338,#549,.T.);
#2721=EDGE_CURVE('',#3342,#3343,#3774,.T.);
#2722=EDGE_CURVE('',#3343,#3344,#550,.T.);
#2723=EDGE_CURVE('',#3344,#3345,#3775,.T.);
#2724=EDGE_CURVE('',#3345,#3342,#551,.T.);
#2725=EDGE_CURVE('',#3346,#3347,#3776,.T.);
#2726=EDGE_CURVE('',#3347,#3348,#552,.T.);
#2727=EDGE_CURVE('',#3348,#3349,#3777,.T.);
#2728=EDGE_CURVE('',#3349,#3346,#553,.T.);
#2729=EDGE_CURVE('',#3350,#3351,#3778,.T.);
#2730=EDGE_CURVE('',#3351,#3352,#554,.T.);
#2731=EDGE_CURVE('',#3352,#3353,#3779,.T.);
#2732=EDGE_CURVE('',#3353,#3350,#555,.T.);
#2733=EDGE_CURVE('',#3354,#3355,#556,.T.);
#2734=EDGE_CURVE('',#3356,#3354,#557,.T.);
#2735=EDGE_CURVE('',#3357,#3356,#558,.T.);
#2736=EDGE_CURVE('',#3357,#3355,#559,.T.);
#2737=EDGE_CURVE('',#3358,#3357,#3780,.T.);
#2738=EDGE_CURVE('',#3359,#3356,#3781,.T.);
#2739=EDGE_CURVE('',#3359,#3358,#560,.T.);
#2740=EDGE_CURVE('',#3360,#3361,#561,.T.);
#2741=EDGE_CURVE('',#3358,#3361,#562,.T.);
#2742=EDGE_CURVE('',#3359,#3360,#563,.T.);
#2743=EDGE_CURVE('',#3354,#3360,#3782,.T.);
#2744=EDGE_CURVE('',#3355,#3361,#3783,.T.);
#2745=EDGE_CURVE('',#3362,#3363,#564,.T.);
#2746=EDGE_CURVE('',#3364,#3362,#565,.T.);
#2747=EDGE_CURVE('',#3365,#3364,#566,.T.);
#2748=EDGE_CURVE('',#3365,#3363,#567,.T.);
#2749=EDGE_CURVE('',#3366,#3367,#568,.T.);
#2750=EDGE_CURVE('',#3368,#3367,#569,.T.);
#2751=EDGE_CURVE('',#3369,#3368,#570,.T.);
#2752=EDGE_CURVE('',#3369,#3366,#571,.T.);
#2753=EDGE_CURVE('',#3368,#3365,#3784,.T.);
#2754=EDGE_CURVE('',#3369,#3364,#3785,.T.);
#2755=EDGE_CURVE('',#3362,#3366,#3786,.T.);
#2756=EDGE_CURVE('',#3363,#3367,#3787,.T.);
#2757=EDGE_CURVE('',#3370,#3371,#3788,.T.);
#2758=EDGE_CURVE('',#3372,#3370,#572,.T.);
#2759=EDGE_CURVE('',#3373,#3372,#3789,.T.);
#2760=EDGE_CURVE('',#3373,#3371,#573,.T.);
#2761=EDGE_CURVE('',#3374,#3375,#3790,.T.);
#2762=EDGE_CURVE('',#3376,#3374,#574,.T.);
#2763=EDGE_CURVE('',#3377,#3376,#3791,.T.);
#2764=EDGE_CURVE('',#3377,#3375,#575,.T.);
#2765=EDGE_CURVE('',#3378,#3378,#3792,.T.);
#2766=EDGE_CURVE('',#3379,#3379,#3793,.T.);
#2767=EDGE_CURVE('',#3380,#3380,#3794,.T.);
#2768=EDGE_CURVE('',#3381,#3381,#3795,.T.);
#2769=EDGE_CURVE('',#3352,#3341,#576,.T.);
#2770=EDGE_CURVE('',#3340,#3345,#577,.T.);
#2771=EDGE_CURVE('',#3344,#3349,#578,.T.);
#2772=EDGE_CURVE('',#3348,#3353,#579,.T.);
#2773=EDGE_CURVE('',#3382,#3382,#3796,.T.);
#2774=EDGE_CURVE('',#3383,#3383,#3797,.T.);
#2775=EDGE_CURVE('',#3384,#3384,#3798,.T.);
#2776=EDGE_CURVE('',#3385,#3385,#3799,.T.);
#2777=EDGE_CURVE('',#3386,#3386,#3800,.T.);
#2778=EDGE_CURVE('',#3387,#3388,#3801,.T.);
#2779=EDGE_CURVE('',#3389,#3388,#580,.T.);
#2780=EDGE_CURVE('',#3389,#3390,#3802,.T.);
#2781=EDGE_CURVE('',#3390,#3387,#581,.T.);
#2782=EDGE_CURVE('',#3391,#3392,#3803,.T.);
#2783=EDGE_CURVE('',#3393,#3392,#582,.T.);
#2784=EDGE_CURVE('',#3393,#3394,#3804,.T.);
#2785=EDGE_CURVE('',#3394,#3391,#583,.T.);
#2786=EDGE_CURVE('',#3395,#3395,#3805,.T.);
#2787=EDGE_CURVE('',#3396,#3396,#3806,.T.);
#2788=EDGE_CURVE('',#3397,#3397,#3807,.T.);
#2789=EDGE_CURVE('',#3398,#3398,#3808,.T.);
#2790=EDGE_CURVE('',#3347,#3350,#584,.T.);
#2791=EDGE_CURVE('',#3343,#3346,#585,.T.);
#2792=EDGE_CURVE('',#3339,#3342,#586,.T.);
#2793=EDGE_CURVE('',#3351,#3338,#587,.T.);
#2794=EDGE_CURVE('',#3399,#3399,#3809,.T.);
#2795=EDGE_CURVE('',#3400,#3400,#3810,.T.);
#2796=EDGE_CURVE('',#3401,#3401,#3811,.T.);
#2797=EDGE_CURVE('',#3402,#3402,#3812,.T.);
#2798=EDGE_CURVE('',#3403,#3403,#3813,.T.);
#2799=EDGE_CURVE('',#3391,#3374,#588,.T.);
#2800=EDGE_CURVE('',#3392,#3375,#589,.T.);
#2801=EDGE_CURVE('',#3393,#3377,#590,.T.);
#2802=EDGE_CURVE('',#3376,#3394,#591,.T.);
#2803=EDGE_CURVE('',#3387,#3370,#592,.T.);
#2804=EDGE_CURVE('',#3388,#3371,#593,.T.);
#2805=EDGE_CURVE('',#3389,#3373,#594,.T.);
#2806=EDGE_CURVE('',#3372,#3390,#595,.T.);
#2807=EDGE_CURVE('',#3404,#3404,#3814,.T.);
#2808=EDGE_CURVE('',#3405,#3405,#3815,.T.);
#2809=EDGE_CURVE('',#3406,#3406,#3816,.T.);
#2810=EDGE_CURVE('',#3407,#3407,#3817,.T.);
#2811=EDGE_CURVE('',#3408,#3408,#3818,.T.);
#2812=EDGE_CURVE('',#3409,#3409,#3819,.T.);
#2813=EDGE_CURVE('',#3410,#3410,#3820,.T.);
#2814=EDGE_CURVE('',#3411,#3411,#3821,.T.);
#2815=EDGE_CURVE('',#3412,#3412,#3822,.T.);
#2816=EDGE_CURVE('',#3413,#3413,#3823,.T.);
#2817=EDGE_CURVE('',#3414,#3415,#3824,.T.);
#2818=EDGE_CURVE('',#3416,#3414,#596,.T.);
#2819=EDGE_CURVE('',#3417,#3416,#3825,.T.);
#2820=EDGE_CURVE('',#3415,#3417,#597,.T.);
#2821=EDGE_CURVE('',#3418,#3419,#3826,.T.);
#2822=EDGE_CURVE('',#3420,#3418,#598,.T.);
#2823=EDGE_CURVE('',#3421,#3420,#3827,.T.);
#2824=EDGE_CURVE('',#3419,#3421,#599,.T.);
#2825=EDGE_CURVE('',#3422,#3423,#3828,.T.);
#2826=EDGE_CURVE('',#3424,#3422,#600,.T.);
#2827=EDGE_CURVE('',#3425,#3424,#3829,.T.);
#2828=EDGE_CURVE('',#3423,#3425,#601,.T.);
#2829=EDGE_CURVE('',#3426,#3427,#3830,.T.);
#2830=EDGE_CURVE('',#3428,#3426,#602,.T.);
#2831=EDGE_CURVE('',#3429,#3428,#3831,.T.);
#2832=EDGE_CURVE('',#3427,#3429,#603,.T.);
#2833=EDGE_CURVE('',#3430,#3431,#604,.T.);
#2834=EDGE_CURVE('',#3432,#3431,#605,.T.);
#2835=EDGE_CURVE('',#3432,#3433,#606,.T.);
#2836=EDGE_CURVE('',#3433,#3430,#607,.T.);
#2837=EDGE_CURVE('',#3434,#3432,#3832,.T.);
#2838=EDGE_CURVE('',#3435,#3434,#608,.T.);
#2839=EDGE_CURVE('',#3435,#3433,#3833,.T.);
#2840=EDGE_CURVE('',#3436,#3437,#609,.T.);
#2841=EDGE_CURVE('',#3435,#3436,#610,.T.);
#2842=EDGE_CURVE('',#3434,#3437,#611,.T.);
#2843=EDGE_CURVE('',#3430,#3436,#3834,.T.);
#2844=EDGE_CURVE('',#3431,#3437,#3835,.T.);
#2845=EDGE_CURVE('',#3438,#3439,#612,.T.);
#2846=EDGE_CURVE('',#3440,#3439,#613,.T.);
#2847=EDGE_CURVE('',#3440,#3441,#614,.T.);
#2848=EDGE_CURVE('',#3441,#3438,#615,.T.);
#2849=EDGE_CURVE('',#3442,#3443,#616,.T.);
#2850=EDGE_CURVE('',#3444,#3442,#617,.T.);
#2851=EDGE_CURVE('',#3444,#3445,#618,.T.);
#2852=EDGE_CURVE('',#3445,#3443,#619,.T.);
#2853=EDGE_CURVE('',#3445,#3440,#3836,.T.);
#2854=EDGE_CURVE('',#3444,#3441,#3837,.T.);
#2855=EDGE_CURVE('',#3438,#3442,#3838,.T.);
#2856=EDGE_CURVE('',#3439,#3443,#3839,.T.);
#2857=EDGE_CURVE('',#3446,#3447,#3840,.T.);
#2858=EDGE_CURVE('',#3448,#3447,#620,.T.);
#2859=EDGE_CURVE('',#3448,#3449,#3841,.T.);
#2860=EDGE_CURVE('',#3449,#3446,#621,.T.);
#2861=EDGE_CURVE('',#3450,#3451,#3842,.T.);
#2862=EDGE_CURVE('',#3452,#3451,#622,.T.);
#2863=EDGE_CURVE('',#3452,#3453,#3843,.T.);
#2864=EDGE_CURVE('',#3453,#3450,#623,.T.);
#2865=EDGE_CURVE('',#3454,#3454,#3844,.T.);
#2866=EDGE_CURVE('',#3455,#3455,#3845,.T.);
#2867=EDGE_CURVE('',#3456,#3456,#3846,.T.);
#2868=EDGE_CURVE('',#3457,#3457,#3847,.T.);
#2869=EDGE_CURVE('',#3429,#3416,#624,.T.);
#2870=EDGE_CURVE('',#3425,#3428,#625,.T.);
#2871=EDGE_CURVE('',#3421,#3424,#626,.T.);
#2872=EDGE_CURVE('',#3417,#3420,#627,.T.);
#2873=EDGE_CURVE('',#3458,#3458,#3848,.T.);
#2874=EDGE_CURVE('',#3459,#3459,#3849,.T.);
#2875=EDGE_CURVE('',#3460,#3460,#3850,.T.);
#2876=EDGE_CURVE('',#3461,#3461,#3851,.T.);
#2877=EDGE_CURVE('',#3462,#3462,#3852,.T.);
#2878=EDGE_CURVE('',#3463,#3464,#3853,.T.);
#2879=EDGE_CURVE('',#3465,#3463,#628,.T.);
#2880=EDGE_CURVE('',#3466,#3465,#3854,.T.);
#2881=EDGE_CURVE('',#3466,#3464,#629,.T.);
#2882=EDGE_CURVE('',#3467,#3468,#3855,.T.);
#2883=EDGE_CURVE('',#3469,#3467,#630,.T.);
#2884=EDGE_CURVE('',#3470,#3469,#3856,.T.);
#2885=EDGE_CURVE('',#3470,#3468,#631,.T.);
#2886=EDGE_CURVE('',#3471,#3471,#3857,.T.);
#2887=EDGE_CURVE('',#3472,#3472,#3858,.T.);
#2888=EDGE_CURVE('',#3473,#3473,#3859,.T.);
#2889=EDGE_CURVE('',#3474,#3474,#3860,.T.);
#2890=EDGE_CURVE('',#3423,#3426,#632,.T.);
#2891=EDGE_CURVE('',#3427,#3414,#633,.T.);
#2892=EDGE_CURVE('',#3415,#3418,#634,.T.);
#2893=EDGE_CURVE('',#3419,#3422,#635,.T.);
#2894=EDGE_CURVE('',#3475,#3475,#3861,.T.);
#2895=EDGE_CURVE('',#3476,#3476,#3862,.T.);
#2896=EDGE_CURVE('',#3477,#3477,#3863,.T.);
#2897=EDGE_CURVE('',#3478,#3478,#3864,.T.);
#2898=EDGE_CURVE('',#3479,#3479,#3865,.T.);
#2899=EDGE_CURVE('',#3468,#3451,#636,.T.);
#2900=EDGE_CURVE('',#3467,#3450,#637,.T.);
#2901=EDGE_CURVE('',#3470,#3452,#638,.T.);
#2902=EDGE_CURVE('',#3453,#3469,#639,.T.);
#2903=EDGE_CURVE('',#3464,#3447,#640,.T.);
#2904=EDGE_CURVE('',#3463,#3446,#641,.T.);
#2905=EDGE_CURVE('',#3466,#3448,#642,.T.);
#2906=EDGE_CURVE('',#3449,#3465,#643,.T.);
#2907=EDGE_CURVE('',#3480,#3480,#3866,.T.);
#2908=EDGE_CURVE('',#3481,#3481,#3867,.T.);
#2909=EDGE_CURVE('',#3482,#3482,#3868,.T.);
#2910=EDGE_CURVE('',#3483,#3483,#3869,.T.);
#2911=EDGE_CURVE('',#3484,#3484,#3870,.T.);
#2912=EDGE_CURVE('',#3485,#3485,#3871,.T.);
#2913=EDGE_CURVE('',#3486,#3486,#3872,.T.);
#2914=EDGE_CURVE('',#3487,#3487,#3873,.T.);
#2915=EDGE_CURVE('',#3488,#3488,#3874,.T.);
#2916=EDGE_CURVE('',#3489,#3489,#3875,.T.);
#2917=EDGE_CURVE('',#3490,#3490,#3876,.T.);
#2918=EDGE_CURVE('',#3491,#3491,#3877,.T.);
#2919=EDGE_CURVE('',#3492,#3493,#644,.T.);
#2920=EDGE_CURVE('',#3494,#3492,#645,.T.);
#2921=EDGE_CURVE('',#3495,#3494,#646,.T.);
#2922=EDGE_CURVE('',#3493,#3495,#647,.T.);
#2923=EDGE_CURVE('',#3496,#3497,#648,.T.);
#2924=EDGE_CURVE('',#3497,#3498,#649,.T.);
#2925=EDGE_CURVE('',#3498,#3499,#650,.T.);
#2926=EDGE_CURVE('',#3499,#3496,#651,.T.);
#2927=EDGE_CURVE('',#3496,#3492,#652,.T.);
#2928=EDGE_CURVE('',#3499,#3494,#653,.T.);
#2929=EDGE_CURVE('',#3500,#3500,#3878,.T.);
#2930=EDGE_CURVE('',#3501,#3501,#3879,.T.);
#2931=EDGE_CURVE('',#3502,#3502,#3880,.T.);
#2932=EDGE_CURVE('',#3503,#3503,#3881,.T.);
#2933=EDGE_CURVE('',#3504,#3504,#3882,.T.);
#2934=EDGE_CURVE('',#3498,#3495,#654,.T.);
#2935=EDGE_CURVE('',#3497,#3493,#655,.T.);
#2936=EDGE_CURVE('',#3505,#3505,#3883,.T.);
#2937=EDGE_CURVE('',#3506,#3506,#3884,.T.);
#2938=EDGE_CURVE('',#3507,#3507,#3885,.T.);
#2939=EDGE_CURVE('',#3508,#3508,#3886,.T.);
#2940=EDGE_CURVE('',#3509,#3509,#3887,.T.);
#2941=EDGE_CURVE('',#3511,#3511,#3888,.T.);
#2942=EDGE_CURVE('',#3513,#3513,#3889,.T.);
#2943=EDGE_CURVE('',#3515,#3515,#3890,.T.);
#2944=EDGE_CURVE('',#3517,#3517,#3891,.T.);
#2945=EDGE_CURVE('',#3519,#3519,#3892,.T.);
#2946=EDGE_CURVE('',#3521,#3521,#3893,.T.);
#2947=EDGE_CURVE('',#3523,#3523,#3894,.T.);
#2948=EDGE_CURVE('',#3525,#3525,#3895,.T.);
#2949=EDGE_CURVE('',#3527,#3527,#3896,.T.);
#2950=EDGE_CURVE('',#3528,#3528,#3897,.T.);
#2951=EDGE_CURVE('',#3529,#3530,#3898,.T.);
#2952=EDGE_CURVE('',#3531,#3529,#656,.T.);
#2953=EDGE_CURVE('',#3532,#3531,#3899,.T.);
#2954=EDGE_CURVE('',#3530,#3532,#657,.T.);
#2955=EDGE_CURVE('',#3533,#3534,#3900,.T.);
#2956=EDGE_CURVE('',#3535,#3533,#658,.T.);
#2957=EDGE_CURVE('',#3536,#3535,#3901,.T.);
#2958=EDGE_CURVE('',#3534,#3536,#659,.T.);
#2959=EDGE_CURVE('',#3537,#3538,#3902,.T.);
#2960=EDGE_CURVE('',#3539,#3537,#660,.T.);
#2961=EDGE_CURVE('',#3540,#3539,#3903,.T.);
#2962=EDGE_CURVE('',#3538,#3540,#661,.T.);
#2963=EDGE_CURVE('',#3541,#3542,#3904,.T.);
#2964=EDGE_CURVE('',#3543,#3541,#662,.T.);
#2965=EDGE_CURVE('',#3544,#3543,#3905,.T.);
#2966=EDGE_CURVE('',#3542,#3544,#663,.T.);
#2967=EDGE_CURVE('',#3545,#3546,#3906,.T.);
#2968=EDGE_CURVE('',#3545,#3547,#664,.T.);
#2969=EDGE_CURVE('',#3547,#3548,#3907,.T.);
#2970=EDGE_CURVE('',#3546,#3548,#665,.T.);
#2971=EDGE_CURVE('',#3549,#3550,#3908,.T.);
#2972=EDGE_CURVE('',#3550,#3551,#666,.T.);
#2973=EDGE_CURVE('',#3552,#3551,#3909,.T.);
#2974=EDGE_CURVE('',#3549,#3552,#667,.T.);
#2975=EDGE_CURVE('',#3553,#3554,#668,.T.);
#2976=EDGE_CURVE('',#3554,#3555,#3910,.T.);
#2977=EDGE_CURVE('',#3555,#3556,#669,.T.);
#2978=EDGE_CURVE('',#3553,#3556,#3911,.T.);
#2979=EDGE_CURVE('',#3545,#3557,#670,.T.);
#2980=EDGE_CURVE('',#3558,#3557,#671,.T.);
#2981=EDGE_CURVE('',#3558,#3547,#672,.T.);
#2982=EDGE_CURVE('',#3559,#3556,#673,.T.);
#2983=EDGE_CURVE('',#3555,#3560,#674,.T.);
#2984=EDGE_CURVE('',#3559,#3560,#675,.T.);
#2985=EDGE_CURVE('',#3553,#3551,#676,.T.);
#2986=EDGE_CURVE('',#3550,#3554,#677,.T.);
#2987=EDGE_CURVE('',#3561,#3562,#3912,.T.);
#2988=EDGE_CURVE('',#3561,#3563,#678,.T.);
#2989=EDGE_CURVE('',#3563,#3564,#3913,.T.);
#2990=EDGE_CURVE('',#3562,#3564,#679,.T.);
#2991=EDGE_CURVE('',#3565,#3566,#3914,.T.);
#2992=EDGE_CURVE('',#3566,#3567,#680,.T.);
#2993=EDGE_CURVE('',#3568,#3567,#3915,.T.);
#2994=EDGE_CURVE('',#3565,#3568,#681,.T.);
#2995=EDGE_CURVE('',#3569,#3570,#682,.T.);
#2996=EDGE_CURVE('',#3570,#3571,#3916,.T.);
#2997=EDGE_CURVE('',#3571,#3572,#683,.T.);
#2998=EDGE_CURVE('',#3569,#3572,#3917,.T.);
#2999=EDGE_CURVE('',#3561,#3573,#684,.T.);
#3000=EDGE_CURVE('',#3574,#3573,#685,.T.);
#3001=EDGE_CURVE('',#3574,#3563,#686,.T.);
#3002=EDGE_CURVE('',#3575,#3572,#687,.T.);
#3003=EDGE_CURVE('',#3571,#3576,#688,.T.);
#3004=EDGE_CURVE('',#3575,#3576,#689,.T.);
#3005=EDGE_CURVE('',#3569,#3567,#690,.T.);
#3006=EDGE_CURVE('',#3566,#3570,#691,.T.);
#3007=EDGE_CURVE('',#3577,#3578,#3918,.T.);
#3008=EDGE_CURVE('',#3577,#3579,#692,.T.);
#3009=EDGE_CURVE('',#3579,#3580,#3919,.T.);
#3010=EDGE_CURVE('',#3578,#3580,#693,.T.);
#3011=EDGE_CURVE('',#3581,#3582,#3920,.T.);
#3012=EDGE_CURVE('',#3582,#3583,#694,.T.);
#3013=EDGE_CURVE('',#3584,#3583,#3921,.T.);
#3014=EDGE_CURVE('',#3581,#3584,#695,.T.);
#3015=EDGE_CURVE('',#3585,#3586,#696,.T.);
#3016=EDGE_CURVE('',#3586,#3587,#3922,.T.);
#3017=EDGE_CURVE('',#3587,#3588,#697,.T.);
#3018=EDGE_CURVE('',#3585,#3588,#3923,.T.);
#3019=EDGE_CURVE('',#3577,#3589,#698,.T.);
#3020=EDGE_CURVE('',#3590,#3589,#699,.T.);
#3021=EDGE_CURVE('',#3590,#3579,#700,.T.);
#3022=EDGE_CURVE('',#3591,#3588,#701,.T.);
#3023=EDGE_CURVE('',#3587,#3592,#702,.T.);
#3024=EDGE_CURVE('',#3591,#3592,#703,.T.);
#3025=EDGE_CURVE('',#3585,#3583,#704,.T.);
#3026=EDGE_CURVE('',#3582,#3586,#705,.T.);
#3027=EDGE_CURVE('',#3593,#3594,#3924,.T.);
#3028=EDGE_CURVE('',#3593,#3595,#706,.T.);
#3029=EDGE_CURVE('',#3595,#3596,#3925,.T.);
#3030=EDGE_CURVE('',#3594,#3596,#707,.T.);
#3031=EDGE_CURVE('',#3597,#3598,#3926,.T.);
#3032=EDGE_CURVE('',#3598,#3599,#708,.T.);
#3033=EDGE_CURVE('',#3600,#3599,#3927,.T.);
#3034=EDGE_CURVE('',#3597,#3600,#709,.T.);
#3035=EDGE_CURVE('',#3601,#3602,#710,.T.);
#3036=EDGE_CURVE('',#3602,#3603,#3928,.T.);
#3037=EDGE_CURVE('',#3603,#3604,#711,.T.);
#3038=EDGE_CURVE('',#3601,#3604,#3929,.T.);
#3039=EDGE_CURVE('',#3593,#3605,#712,.T.);
#3040=EDGE_CURVE('',#3606,#3605,#713,.T.);
#3041=EDGE_CURVE('',#3606,#3595,#714,.T.);
#3042=EDGE_CURVE('',#3607,#3604,#715,.T.);
#3043=EDGE_CURVE('',#3603,#3608,#716,.T.);
#3044=EDGE_CURVE('',#3607,#3608,#717,.T.);
#3045=EDGE_CURVE('',#3601,#3599,#718,.T.);
#3046=EDGE_CURVE('',#3598,#3602,#719,.T.);
#3047=EDGE_CURVE('',#3609,#3610,#3930,.T.);
#3048=EDGE_CURVE('',#3609,#3611,#720,.T.);
#3049=EDGE_CURVE('',#3611,#3612,#3931,.T.);
#3050=EDGE_CURVE('',#3610,#3612,#721,.T.);
#3051=EDGE_CURVE('',#3613,#3614,#3932,.T.);
#3052=EDGE_CURVE('',#3614,#3615,#722,.T.);
#3053=EDGE_CURVE('',#3616,#3615,#3933,.T.);
#3054=EDGE_CURVE('',#3613,#3616,#723,.T.);
#3055=EDGE_CURVE('',#3617,#3618,#724,.T.);
#3056=EDGE_CURVE('',#3618,#3619,#3934,.T.);
#3057=EDGE_CURVE('',#3619,#3620,#725,.T.);
#3058=EDGE_CURVE('',#3617,#3620,#3935,.T.);
#3059=EDGE_CURVE('',#3609,#3621,#726,.T.);
#3060=EDGE_CURVE('',#3622,#3621,#727,.T.);
#3061=EDGE_CURVE('',#3622,#3611,#728,.T.);
#3062=EDGE_CURVE('',#3623,#3620,#729,.T.);
#3063=EDGE_CURVE('',#3619,#3624,#730,.T.);
#3064=EDGE_CURVE('',#3623,#3624,#731,.T.);
#3065=EDGE_CURVE('',#3617,#3615,#732,.T.);
#3066=EDGE_CURVE('',#3614,#3618,#733,.T.);
#3067=EDGE_CURVE('',#3625,#3625,#3936,.T.);
#3068=EDGE_CURVE('',#3626,#3626,#3937,.T.);
#3069=EDGE_CURVE('',#3627,#3627,#3938,.T.);
#3070=EDGE_CURVE('',#3628,#3628,#3939,.T.);
#3071=EDGE_CURVE('',#3629,#3629,#3940,.T.);
#3072=EDGE_CURVE('',#3630,#3630,#3941,.T.);
#3073=EDGE_CURVE('',#3631,#3631,#3942,.T.);
#3074=EDGE_CURVE('',#3632,#3632,#3943,.T.);
#3075=EDGE_CURVE('',#3633,#3633,#3944,.T.);
#3076=EDGE_CURVE('',#3634,#3634,#3945,.T.);
#3077=EDGE_CURVE('',#3544,#3539,#734,.T.);
#3078=EDGE_CURVE('',#3548,#3543,#735,.T.);
#3079=EDGE_CURVE('',#3560,#3558,#3946,.T.);
#3080=EDGE_CURVE('',#3564,#3549,#736,.T.);
#3081=EDGE_CURVE('',#3576,#3574,#3947,.T.);
#3082=EDGE_CURVE('',#3580,#3565,#737,.T.);
#3083=EDGE_CURVE('',#3592,#3590,#3948,.T.);
#3084=EDGE_CURVE('',#3596,#3581,#738,.T.);
#3085=EDGE_CURVE('',#3608,#3606,#3949,.T.);
#3086=EDGE_CURVE('',#3612,#3597,#739,.T.);
#3087=EDGE_CURVE('',#3624,#3622,#3950,.T.);
#3088=EDGE_CURVE('',#3532,#3613,#740,.T.);
#3089=EDGE_CURVE('',#3536,#3531,#741,.T.);
#3090=EDGE_CURVE('',#3540,#3535,#742,.T.);
#3091=EDGE_CURVE('',#3546,#3541,#743,.T.);
#3092=EDGE_CURVE('',#3542,#3537,#744,.T.);
#3093=EDGE_CURVE('',#3538,#3533,#745,.T.);
#3094=EDGE_CURVE('',#3534,#3529,#746,.T.);
#3095=EDGE_CURVE('',#3530,#3616,#747,.T.);
#3096=EDGE_CURVE('',#3623,#3621,#3951,.T.);
#3097=EDGE_CURVE('',#3610,#3600,#748,.T.);
#3098=EDGE_CURVE('',#3607,#3605,#3952,.T.);
#3099=EDGE_CURVE('',#3594,#3584,#749,.T.);
#3100=EDGE_CURVE('',#3591,#3589,#3953,.T.);
#3101=EDGE_CURVE('',#3578,#3568,#750,.T.);
#3102=EDGE_CURVE('',#3575,#3573,#3954,.T.);
#3103=EDGE_CURVE('',#3562,#3552,#751,.T.);
#3104=EDGE_CURVE('',#3559,#3557,#3955,.T.);
#3105=EDGE_CURVE('',#3635,#3635,#3956,.T.);
#3106=EDGE_CURVE('',#3636,#3636,#3957,.T.);
#3107=EDGE_CURVE('',#3637,#3637,#3958,.T.);
#3108=EDGE_CURVE('',#3638,#3638,#3959,.T.);
#3109=EDGE_CURVE('',#3639,#3639,#3960,.T.);
#3110=EDGE_CURVE('',#3640,#3640,#3961,.T.);
#3111=EDGE_CURVE('',#3641,#3641,#3962,.T.);
#3112=EDGE_CURVE('',#3642,#3642,#3963,.T.);
#3113=EDGE_CURVE('',#3643,#3643,#3964,.T.);
#3114=EDGE_CURVE('',#3644,#3644,#3965,.T.);
#3115=EDGE_CURVE('',#3645,#3645,#3966,.T.);
#3116=EDGE_CURVE('',#3646,#3646,#3967,.T.);
#3117=EDGE_CURVE('',#3647,#3647,#3968,.T.);
#3118=EDGE_CURVE('',#3648,#3648,#3969,.T.);
#3119=EDGE_CURVE('',#3649,#3649,#3970,.T.);
#3120=EDGE_CURVE('',#3650,#3650,#3971,.T.);
#3121=EDGE_CURVE('',#3651,#3651,#3972,.T.);
#3122=EDGE_CURVE('',#3652,#3652,#3973,.T.);
#3123=EDGE_CURVE('',#3653,#3653,#3974,.T.);
#3124=EDGE_CURVE('',#3654,#3654,#3975,.T.);
#3125=EDGE_CURVE('',#3655,#3655,#3976,.T.);
#3126=EDGE_CURVE('',#3656,#3656,#3977,.T.);
#3127=EDGE_CURVE('',#3657,#3657,#3978,.T.);
#3128=EDGE_CURVE('',#3658,#3658,#3979,.T.);
#3129=EDGE_CURVE('',#3659,#3660,#3980,.T.);
#3130=EDGE_CURVE('',#3661,#3659,#752,.T.);
#3131=EDGE_CURVE('',#3662,#3661,#3981,.T.);
#3132=EDGE_CURVE('',#3660,#3662,#753,.T.);
#3133=EDGE_CURVE('',#3663,#3664,#3982,.T.);
#3134=EDGE_CURVE('',#3665,#3663,#754,.T.);
#3135=EDGE_CURVE('',#3666,#3665,#3983,.T.);
#3136=EDGE_CURVE('',#3664,#3666,#755,.T.);
#3137=EDGE_CURVE('',#3667,#3668,#3984,.T.);
#3138=EDGE_CURVE('',#3669,#3667,#756,.T.);
#3139=EDGE_CURVE('',#3670,#3669,#3985,.T.);
#3140=EDGE_CURVE('',#3668,#3670,#757,.T.);
#3141=EDGE_CURVE('',#3671,#3672,#3986,.T.);
#3142=EDGE_CURVE('',#3673,#3671,#758,.T.);
#3143=EDGE_CURVE('',#3674,#3673,#3987,.T.);
#3144=EDGE_CURVE('',#3672,#3674,#759,.T.);
#3145=EDGE_CURVE('',#3670,#3672,#760,.T.);
#3146=EDGE_CURVE('',#3674,#3668,#761,.T.);
#3147=EDGE_CURVE('',#3673,#3675,#762,.T.);
#3148=EDGE_CURVE('',#3671,#3676,#763,.T.);
#3149=EDGE_CURVE('',#3676,#3675,#764,.T.);
#3150=EDGE_CURVE('',#3669,#3677,#765,.T.);
#3151=EDGE_CURVE('',#3667,#3678,#766,.T.);
#3152=EDGE_CURVE('',#3678,#3677,#767,.T.);
#3153=EDGE_CURVE('',#3679,#3680,#3988,.T.);
#3154=EDGE_CURVE('',#3681,#3679,#768,.T.);
#3155=EDGE_CURVE('',#3682,#3681,#3989,.T.);
#3156=EDGE_CURVE('',#3680,#3682,#769,.T.);
#3157=EDGE_CURVE('',#3683,#3684,#3990,.T.);
#3158=EDGE_CURVE('',#3685,#3683,#770,.T.);
#3159=EDGE_CURVE('',#3686,#3685,#3991,.T.);
#3160=EDGE_CURVE('',#3684,#3686,#771,.T.);
#3161=EDGE_CURVE('',#3682,#3684,#772,.T.);
#3162=EDGE_CURVE('',#3686,#3680,#773,.T.);
#3163=EDGE_CURVE('',#3685,#3687,#774,.T.);
#3164=EDGE_CURVE('',#3683,#3688,#775,.T.);
#3165=EDGE_CURVE('',#3688,#3687,#776,.T.);
#3166=EDGE_CURVE('',#3681,#3689,#777,.T.);
#3167=EDGE_CURVE('',#3679,#3690,#778,.T.);
#3168=EDGE_CURVE('',#3690,#3689,#779,.T.);
#3169=EDGE_CURVE('',#3691,#3692,#3992,.T.);
#3170=EDGE_CURVE('',#3693,#3691,#780,.T.);
#3171=EDGE_CURVE('',#3694,#3693,#3993,.T.);
#3172=EDGE_CURVE('',#3692,#3694,#781,.T.);
#3173=EDGE_CURVE('',#3695,#3696,#3994,.T.);
#3174=EDGE_CURVE('',#3697,#3695,#782,.T.);
#3175=EDGE_CURVE('',#3698,#3697,#3995,.T.);
#3176=EDGE_CURVE('',#3696,#3698,#783,.T.);
#3177=EDGE_CURVE('',#3694,#3696,#784,.T.);
#3178=EDGE_CURVE('',#3698,#3692,#785,.T.);
#3179=EDGE_CURVE('',#3697,#3699,#786,.T.);
#3180=EDGE_CURVE('',#3695,#3700,#787,.T.);
#3181=EDGE_CURVE('',#3700,#3699,#788,.T.);
#3182=EDGE_CURVE('',#3693,#3701,#789,.T.);
#3183=EDGE_CURVE('',#3691,#3702,#790,.T.);
#3184=EDGE_CURVE('',#3702,#3701,#791,.T.);
#3185=EDGE_CURVE('',#3703,#3704,#3996,.T.);
#3186=EDGE_CURVE('',#3705,#3703,#792,.T.);
#3187=EDGE_CURVE('',#3706,#3705,#3997,.T.);
#3188=EDGE_CURVE('',#3704,#3706,#793,.T.);
#3189=EDGE_CURVE('',#3707,#3708,#3998,.T.);
#3190=EDGE_CURVE('',#3709,#3707,#794,.T.);
#3191=EDGE_CURVE('',#3710,#3709,#3999,.T.);
#3192=EDGE_CURVE('',#3708,#3710,#795,.T.);
#3193=EDGE_CURVE('',#3706,#3708,#796,.T.);
#3194=EDGE_CURVE('',#3710,#3704,#797,.T.);
#3195=EDGE_CURVE('',#3709,#3711,#798,.T.);
#3196=EDGE_CURVE('',#3707,#3712,#799,.T.);
#3197=EDGE_CURVE('',#3712,#3711,#800,.T.);
#3198=EDGE_CURVE('',#3705,#3713,#801,.T.);
#3199=EDGE_CURVE('',#3703,#3714,#802,.T.);
#3200=EDGE_CURVE('',#3714,#3713,#803,.T.);
#3201=EDGE_CURVE('',#3715,#3716,#4000,.T.);
#3202=EDGE_CURVE('',#3717,#3715,#804,.T.);
#3203=EDGE_CURVE('',#3718,#3717,#4001,.T.);
#3204=EDGE_CURVE('',#3716,#3718,#805,.T.);
#3205=EDGE_CURVE('',#3719,#3720,#4002,.T.);
#3206=EDGE_CURVE('',#3721,#3719,#806,.T.);
#3207=EDGE_CURVE('',#3722,#3721,#4003,.T.);
#3208=EDGE_CURVE('',#3720,#3722,#807,.T.);
#3209=EDGE_CURVE('',#3718,#3720,#808,.T.);
#3210=EDGE_CURVE('',#3722,#3716,#809,.T.);
#3211=EDGE_CURVE('',#3721,#3723,#810,.T.);
#3212=EDGE_CURVE('',#3719,#3724,#811,.T.);
#3213=EDGE_CURVE('',#3724,#3723,#812,.T.);
#3214=EDGE_CURVE('',#3717,#3725,#813,.T.);
#3215=EDGE_CURVE('',#3715,#3726,#814,.T.);
#3216=EDGE_CURVE('',#3726,#3725,#815,.T.);
#3217=EDGE_CURVE('',#3727,#3676,#816,.T.);
#3218=EDGE_CURVE('',#3728,#3727,#817,.T.);
#3219=EDGE_CURVE('',#3675,#3728,#818,.T.);
#3220=EDGE_CURVE('',#3662,#3664,#819,.T.);
#3221=EDGE_CURVE('',#3666,#3660,#820,.T.);
#3222=EDGE_CURVE('',#3661,#3729,#821,.T.);
#3223=EDGE_CURVE('',#3659,#3730,#822,.T.);
#3224=EDGE_CURVE('',#3730,#3729,#823,.T.);
#3225=EDGE_CURVE('',#3665,#3727,#824,.T.);
#3226=EDGE_CURVE('',#3677,#3688,#825,.T.);
#3227=EDGE_CURVE('',#3689,#3700,#826,.T.);
#3228=EDGE_CURVE('',#3701,#3712,#827,.T.);
#3229=EDGE_CURVE('',#3713,#3724,#828,.T.);
#3230=EDGE_CURVE('',#3725,#3730,#829,.T.);
#3231=EDGE_CURVE('',#3663,#3728,#830,.T.);
#3232=EDGE_CURVE('',#3729,#3726,#831,.T.);
#3233=EDGE_CURVE('',#3723,#3714,#832,.T.);
#3234=EDGE_CURVE('',#3711,#3702,#833,.T.);
#3235=EDGE_CURVE('',#3699,#3690,#834,.T.);
#3236=EDGE_CURVE('',#3687,#3678,#835,.T.);
#3237=VERTEX_POINT('',#8001);
#3238=VERTEX_POINT('',#8002);
#3239=VERTEX_POINT('',#8004);
#3240=VERTEX_POINT('',#8006);
#3241=VERTEX_POINT('',#8008);
#3242=VERTEX_POINT('',#8010);
#3243=VERTEX_POINT('',#8017);
#3244=VERTEX_POINT('',#8027);
#3245=VERTEX_POINT('',#8037);
#3246=VERTEX_POINT('',#8047);
#3247=VERTEX_POINT('',#8057);
#3248=VERTEX_POINT('',#8064);
#3249=VERTEX_POINT('',#8067);
#3250=VERTEX_POINT('',#8069);
#3251=VERTEX_POINT('',#8070);
#3252=VERTEX_POINT('',#8072);
#3253=VERTEX_POINT('',#8074);
#3254=VERTEX_POINT('',#8076);
#3255=VERTEX_POINT('',#8078);
#3256=VERTEX_POINT('',#8083);
#3257=VERTEX_POINT('',#8103);
#3258=VERTEX_POINT('',#8109);
#3259=VERTEX_POINT('',#8110);
#3260=VERTEX_POINT('',#8112);
#3261=VERTEX_POINT('',#8114);
#3262=VERTEX_POINT('',#8116);
#3263=VERTEX_POINT('',#8118);
#3264=VERTEX_POINT('',#8122);
#3265=VERTEX_POINT('',#8123);
#3266=VERTEX_POINT('',#8128);
#3267=VERTEX_POINT('',#8132);
#3268=VERTEX_POINT('',#8136);
#3269=VERTEX_POINT('',#8140);
#3270=VERTEX_POINT('',#8146);
#3271=VERTEX_POINT('',#8149);
#3272=VERTEX_POINT('',#8152);
#3273=VERTEX_POINT('',#8155);
#3274=VERTEX_POINT('',#8158);
#3275=VERTEX_POINT('',#8163);
#3276=VERTEX_POINT('',#8166);
#3277=VERTEX_POINT('',#8171);
#3278=VERTEX_POINT('',#8172);
#3279=VERTEX_POINT('',#8174);
#3280=VERTEX_POINT('',#8176);
#3281=VERTEX_POINT('',#8178);
#3282=VERTEX_POINT('',#8180);
#3283=VERTEX_POINT('',#8184);
#3284=VERTEX_POINT('',#8185);
#3285=VERTEX_POINT('',#8190);
#3286=VERTEX_POINT('',#8194);
#3287=VERTEX_POINT('',#8198);
#3288=VERTEX_POINT('',#8202);
#3289=VERTEX_POINT('',#8208);
#3290=VERTEX_POINT('',#8211);
#3291=VERTEX_POINT('',#8214);
#3292=VERTEX_POINT('',#8217);
#3293=VERTEX_POINT('',#8220);
#3294=VERTEX_POINT('',#8231);
#3295=VERTEX_POINT('',#8232);
#3296=VERTEX_POINT('',#8234);
#3297=VERTEX_POINT('',#8236);
#3298=VERTEX_POINT('',#8238);
#3299=VERTEX_POINT('',#8240);
#3300=VERTEX_POINT('',#8242);
#3301=VERTEX_POINT('',#8244);
#3302=VERTEX_POINT('',#8246);
#3303=VERTEX_POINT('',#8248);
#3304=VERTEX_POINT('',#8250);
#3305=VERTEX_POINT('',#8252);
#3306=VERTEX_POINT('',#8256);
#3307=VERTEX_POINT('',#8257);
#3308=VERTEX_POINT('',#8259);
#3309=VERTEX_POINT('',#8261);
#3310=VERTEX_POINT('',#8263);
#3311=VERTEX_POINT('',#8265);
#3312=VERTEX_POINT('',#8267);
#3313=VERTEX_POINT('',#8269);
#3314=VERTEX_POINT('',#8271);
#3315=VERTEX_POINT('',#8273);
#3316=VERTEX_POINT('',#8275);
#3317=VERTEX_POINT('',#8277);
#3318=VERTEX_POINT('',#8281);
#3319=VERTEX_POINT('',#8283);
#3320=VERTEX_POINT('',#8285);
#3321=VERTEX_POINT('',#8287);
#3322=VERTEX_POINT('',#8291);
#3323=VERTEX_POINT('',#8293);
#3324=VERTEX_POINT('',#8295);
#3325=VERTEX_POINT('',#8297);
#3326=VERTEX_POINT('',#8310);
#3327=VERTEX_POINT('',#8312);
#3328=VERTEX_POINT('',#8314);
#3329=VERTEX_POINT('',#8316);
#3330=VERTEX_POINT('',#8319);
#3331=VERTEX_POINT('',#8321);
#3332=VERTEX_POINT('',#8323);
#3333=VERTEX_POINT('',#8325);
#3334=VERTEX_POINT('',#8353);
#3335=VERTEX_POINT('',#8355);
#3336=VERTEX_POINT('',#8358);
#3337=VERTEX_POINT('',#8360);
#3338=VERTEX_POINT('',#8366);
#3339=VERTEX_POINT('',#8367);
#3340=VERTEX_POINT('',#8369);
#3341=VERTEX_POINT('',#8371);
#3342=VERTEX_POINT('',#8375);
#3343=VERTEX_POINT('',#8376);
#3344=VERTEX_POINT('',#8378);
#3345=VERTEX_POINT('',#8380);
#3346=VERTEX_POINT('',#8384);
#3347=VERTEX_POINT('',#8385);
#3348=VERTEX_POINT('',#8387);
#3349=VERTEX_POINT('',#8389);
#3350=VERTEX_POINT('',#8393);
#3351=VERTEX_POINT('',#8394);
#3352=VERTEX_POINT('',#8396);
#3353=VERTEX_POINT('',#8398);
#3354=VERTEX_POINT('',#8402);
#3355=VERTEX_POINT('',#8403);
#3356=VERTEX_POINT('',#8405);
#3357=VERTEX_POINT('',#8407);
#3358=VERTEX_POINT('',#8411);
#3359=VERTEX_POINT('',#8413);
#3360=VERTEX_POINT('',#8417);
#3361=VERTEX_POINT('',#8418);
#3362=VERTEX_POINT('',#8426);
#3363=VERTEX_POINT('',#8427);
#3364=VERTEX_POINT('',#8429);
#3365=VERTEX_POINT('',#8431);
#3366=VERTEX_POINT('',#8435);
#3367=VERTEX_POINT('',#8436);
#3368=VERTEX_POINT('',#8438);
#3369=VERTEX_POINT('',#8440);
#3370=VERTEX_POINT('',#8450);
#3371=VERTEX_POINT('',#8451);
#3372=VERTEX_POINT('',#8453);
#3373=VERTEX_POINT('',#8455);
#3374=VERTEX_POINT('',#8458);
#3375=VERTEX_POINT('',#8459);
#3376=VERTEX_POINT('',#8461);
#3377=VERTEX_POINT('',#8463);
#3378=VERTEX_POINT('',#8466);
#3379=VERTEX_POINT('',#8468);
#3380=VERTEX_POINT('',#8470);
#3381=VERTEX_POINT('',#8472);
#3382=VERTEX_POINT('',#8478);
#3383=VERTEX_POINT('',#8480);
#3384=VERTEX_POINT('',#8482);
#3385=VERTEX_POINT('',#8484);
#3386=VERTEX_POINT('',#8486);
#3387=VERTEX_POINT('',#8489);
#3388=VERTEX_POINT('',#8490);
#3389=VERTEX_POINT('',#8492);
#3390=VERTEX_POINT('',#8494);
#3391=VERTEX_POINT('',#8497);
#3392=VERTEX_POINT('',#8498);
#3393=VERTEX_POINT('',#8500);
#3394=VERTEX_POINT('',#8502);
#3395=VERTEX_POINT('',#8505);
#3396=VERTEX_POINT('',#8507);
#3397=VERTEX_POINT('',#8509);
#3398=VERTEX_POINT('',#8511);
#3399=VERTEX_POINT('',#8517);
#3400=VERTEX_POINT('',#8519);
#3401=VERTEX_POINT('',#8521);
#3402=VERTEX_POINT('',#8523);
#3403=VERTEX_POINT('',#8525);
#3404=VERTEX_POINT('',#8548);
#3405=VERTEX_POINT('',#8552);
#3406=VERTEX_POINT('',#8556);
#3407=VERTEX_POINT('',#8560);
#3408=VERTEX_POINT('',#8564);
#3409=VERTEX_POINT('',#8568);
#3410=VERTEX_POINT('',#8572);
#3411=VERTEX_POINT('',#8576);
#3412=VERTEX_POINT('',#8586);
#3413=VERTEX_POINT('',#8589);
#3414=VERTEX_POINT('',#8604);
#3415=VERTEX_POINT('',#8605);
#3416=VERTEX_POINT('',#8607);
#3417=VERTEX_POINT('',#8609);
#3418=VERTEX_POINT('',#8613);
#3419=VERTEX_POINT('',#8614);
#3420=VERTEX_POINT('',#8616);
#3421=VERTEX_POINT('',#8618);
#3422=VERTEX_POINT('',#8622);
#3423=VERTEX_POINT('',#8623);
#3424=VERTEX_POINT('',#8625);
#3425=VERTEX_POINT('',#8627);
#3426=VERTEX_POINT('',#8631);
#3427=VERTEX_POINT('',#8632);
#3428=VERTEX_POINT('',#8634);
#3429=VERTEX_POINT('',#8636);
#3430=VERTEX_POINT('',#8640);
#3431=VERTEX_POINT('',#8641);
#3432=VERTEX_POINT('',#8643);
#3433=VERTEX_POINT('',#8645);
#3434=VERTEX_POINT('',#8649);
#3435=VERTEX_POINT('',#8651);
#3436=VERTEX_POINT('',#8655);
#3437=VERTEX_POINT('',#8656);
#3438=VERTEX_POINT('',#8664);
#3439=VERTEX_POINT('',#8665);
#3440=VERTEX_POINT('',#8667);
#3441=VERTEX_POINT('',#8669);
#3442=VERTEX_POINT('',#8673);
#3443=VERTEX_POINT('',#8674);
#3444=VERTEX_POINT('',#8676);
#3445=VERTEX_POINT('',#8678);
#3446=VERTEX_POINT('',#8688);
#3447=VERTEX_POINT('',#8689);
#3448=VERTEX_POINT('',#8691);
#3449=VERTEX_POINT('',#8693);
#3450=VERTEX_POINT('',#8696);
#3451=VERTEX_POINT('',#8697);
#3452=VERTEX_POINT('',#8699);
#3453=VERTEX_POINT('',#8701);
#3454=VERTEX_POINT('',#8704);
#3455=VERTEX_POINT('',#8706);
#3456=VERTEX_POINT('',#8708);
#3457=VERTEX_POINT('',#8710);
#3458=VERTEX_POINT('',#8716);
#3459=VERTEX_POINT('',#8718);
#3460=VERTEX_POINT('',#8720);
#3461=VERTEX_POINT('',#8722);
#3462=VERTEX_POINT('',#8724);
#3463=VERTEX_POINT('',#8727);
#3464=VERTEX_POINT('',#8728);
#3465=VERTEX_POINT('',#8730);
#3466=VERTEX_POINT('',#8732);
#3467=VERTEX_POINT('',#8735);
#3468=VERTEX_POINT('',#8736);
#3469=VERTEX_POINT('',#8738);
#3470=VERTEX_POINT('',#8740);
#3471=VERTEX_POINT('',#8743);
#3472=VERTEX_POINT('',#8745);
#3473=VERTEX_POINT('',#8747);
#3474=VERTEX_POINT('',#8749);
#3475=VERTEX_POINT('',#8755);
#3476=VERTEX_POINT('',#8757);
#3477=VERTEX_POINT('',#8759);
#3478=VERTEX_POINT('',#8761);
#3479=VERTEX_POINT('',#8763);
#3480=VERTEX_POINT('',#8786);
#3481=VERTEX_POINT('',#8790);
#3482=VERTEX_POINT('',#8794);
#3483=VERTEX_POINT('',#8798);
#3484=VERTEX_POINT('',#8802);
#3485=VERTEX_POINT('',#8806);
#3486=VERTEX_POINT('',#8810);
#3487=VERTEX_POINT('',#8814);
#3488=VERTEX_POINT('',#8830);
#3489=VERTEX_POINT('',#8833);
#3490=VERTEX_POINT('',#8838);
#3491=VERTEX_POINT('',#8841);
#3492=VERTEX_POINT('',#8854);
#3493=VERTEX_POINT('',#8855);
#3494=VERTEX_POINT('',#8857);
#3495=VERTEX_POINT('',#8859);
#3496=VERTEX_POINT('',#8863);
#3497=VERTEX_POINT('',#8864);
#3498=VERTEX_POINT('',#8866);
#3499=VERTEX_POINT('',#8868);
#3500=VERTEX_POINT('',#8874);
#3501=VERTEX_POINT('',#8876);
#3502=VERTEX_POINT('',#8878);
#3503=VERTEX_POINT('',#8880);
#3504=VERTEX_POINT('',#8882);
#3505=VERTEX_POINT('',#8889);
#3506=VERTEX_POINT('',#8891);
#3507=VERTEX_POINT('',#8893);
#3508=VERTEX_POINT('',#8895);
#3509=VERTEX_POINT('',#8898);
#3510=VERTEX_POINT('',#8899);
#3511=VERTEX_POINT('',#8903);
#3512=VERTEX_POINT('',#8904);
#3513=VERTEX_POINT('',#8908);
#3514=VERTEX_POINT('',#8909);
#3515=VERTEX_POINT('',#8913);
#3516=VERTEX_POINT('',#8914);
#3517=VERTEX_POINT('',#8918);
#3518=VERTEX_POINT('',#8919);
#3519=VERTEX_POINT('',#8923);
#3520=VERTEX_POINT('',#8924);
#3521=VERTEX_POINT('',#8928);
#3522=VERTEX_POINT('',#8929);
#3523=VERTEX_POINT('',#8933);
#3524=VERTEX_POINT('',#8934);
#3525=VERTEX_POINT('',#8938);
#3526=VERTEX_POINT('',#8939);
#3527=VERTEX_POINT('',#8949);
#3528=VERTEX_POINT('',#8952);
#3529=VERTEX_POINT('',#8958);
#3530=VERTEX_POINT('',#8959);
#3531=VERTEX_POINT('',#8961);
#3532=VERTEX_POINT('',#8963);
#3533=VERTEX_POINT('',#8967);
#3534=VERTEX_POINT('',#8968);
#3535=VERTEX_POINT('',#8970);
#3536=VERTEX_POINT('',#8972);
#3537=VERTEX_POINT('',#8976);
#3538=VERTEX_POINT('',#8977);
#3539=VERTEX_POINT('',#8979);
#3540=VERTEX_POINT('',#8981);
#3541=VERTEX_POINT('',#8985);
#3542=VERTEX_POINT('',#8986);
#3543=VERTEX_POINT('',#8988);
#3544=VERTEX_POINT('',#8990);
#3545=VERTEX_POINT('',#8994);
#3546=VERTEX_POINT('',#8995);
#3547=VERTEX_POINT('',#8997);
#3548=VERTEX_POINT('',#8999);
#3549=VERTEX_POINT('',#9003);
#3550=VERTEX_POINT('',#9004);
#3551=VERTEX_POINT('',#9006);
#3552=VERTEX_POINT('',#9008);
#3553=VERTEX_POINT('',#9012);
#3554=VERTEX_POINT('',#9013);
#3555=VERTEX_POINT('',#9015);
#3556=VERTEX_POINT('',#9017);
#3557=VERTEX_POINT('',#9021);
#3558=VERTEX_POINT('',#9023);
#3559=VERTEX_POINT('',#9027);
#3560=VERTEX_POINT('',#9029);
#3561=VERTEX_POINT('',#9036);
#3562=VERTEX_POINT('',#9037);
#3563=VERTEX_POINT('',#9039);
#3564=VERTEX_POINT('',#9041);
#3565=VERTEX_POINT('',#9045);
#3566=VERTEX_POINT('',#9046);
#3567=VERTEX_POINT('',#9048);
#3568=VERTEX_POINT('',#9050);
#3569=VERTEX_POINT('',#9054);
#3570=VERTEX_POINT('',#9055);
#3571=VERTEX_POINT('',#9057);
#3572=VERTEX_POINT('',#9059);
#3573=VERTEX_POINT('',#9063);
#3574=VERTEX_POINT('',#9065);
#3575=VERTEX_POINT('',#9069);
#3576=VERTEX_POINT('',#9071);
#3577=VERTEX_POINT('',#9078);
#3578=VERTEX_POINT('',#9079);
#3579=VERTEX_POINT('',#9081);
#3580=VERTEX_POINT('',#9083);
#3581=VERTEX_POINT('',#9087);
#3582=VERTEX_POINT('',#9088);
#3583=VERTEX_POINT('',#9090);
#3584=VERTEX_POINT('',#9092);
#3585=VERTEX_POINT('',#9096);
#3586=VERTEX_POINT('',#9097);
#3587=VERTEX_POINT('',#9099);
#3588=VERTEX_POINT('',#9101);
#3589=VERTEX_POINT('',#9105);
#3590=VERTEX_POINT('',#9107);
#3591=VERTEX_POINT('',#9111);
#3592=VERTEX_POINT('',#9113);
#3593=VERTEX_POINT('',#9120);
#3594=VERTEX_POINT('',#9121);
#3595=VERTEX_POINT('',#9123);
#3596=VERTEX_POINT('',#9125);
#3597=VERTEX_POINT('',#9129);
#3598=VERTEX_POINT('',#9130);
#3599=VERTEX_POINT('',#9132);
#3600=VERTEX_POINT('',#9134);
#3601=VERTEX_POINT('',#9138);
#3602=VERTEX_POINT('',#9139);
#3603=VERTEX_POINT('',#9141);
#3604=VERTEX_POINT('',#9143);
#3605=VERTEX_POINT('',#9147);
#3606=VERTEX_POINT('',#9149);
#3607=VERTEX_POINT('',#9153);
#3608=VERTEX_POINT('',#9155);
#3609=VERTEX_POINT('',#9162);
#3610=VERTEX_POINT('',#9163);
#3611=VERTEX_POINT('',#9165);
#3612=VERTEX_POINT('',#9167);
#3613=VERTEX_POINT('',#9171);
#3614=VERTEX_POINT('',#9172);
#3615=VERTEX_POINT('',#9174);
#3616=VERTEX_POINT('',#9176);
#3617=VERTEX_POINT('',#9180);
#3618=VERTEX_POINT('',#9181);
#3619=VERTEX_POINT('',#9183);
#3620=VERTEX_POINT('',#9185);
#3621=VERTEX_POINT('',#9189);
#3622=VERTEX_POINT('',#9191);
#3623=VERTEX_POINT('',#9195);
#3624=VERTEX_POINT('',#9197);
#3625=VERTEX_POINT('',#9204);
#3626=VERTEX_POINT('',#9206);
#3627=VERTEX_POINT('',#9208);
#3628=VERTEX_POINT('',#9210);
#3629=VERTEX_POINT('',#9212);
#3630=VERTEX_POINT('',#9214);
#3631=VERTEX_POINT('',#9216);
#3632=VERTEX_POINT('',#9218);
#3633=VERTEX_POINT('',#9220);
#3634=VERTEX_POINT('',#9222);
#3635=VERTEX_POINT('',#9253);
#3636=VERTEX_POINT('',#9255);
#3637=VERTEX_POINT('',#9257);
#3638=VERTEX_POINT('',#9259);
#3639=VERTEX_POINT('',#9261);
#3640=VERTEX_POINT('',#9263);
#3641=VERTEX_POINT('',#9265);
#3642=VERTEX_POINT('',#9267);
#3643=VERTEX_POINT('',#9269);
#3644=VERTEX_POINT('',#9271);
#3645=VERTEX_POINT('',#9283);
#3646=VERTEX_POINT('',#9287);
#3647=VERTEX_POINT('',#9291);
#3648=VERTEX_POINT('',#9295);
#3649=VERTEX_POINT('',#9299);
#3650=VERTEX_POINT('',#9303);
#3651=VERTEX_POINT('',#9307);
#3652=VERTEX_POINT('',#9311);
#3653=VERTEX_POINT('',#9315);
#3654=VERTEX_POINT('',#9319);
#3655=VERTEX_POINT('',#9330);
#3656=VERTEX_POINT('',#9333);
#3657=VERTEX_POINT('',#9338);
#3658=VERTEX_POINT('',#9341);
#3659=VERTEX_POINT('',#9350);
#3660=VERTEX_POINT('',#9351);
#3661=VERTEX_POINT('',#9353);
#3662=VERTEX_POINT('',#9355);
#3663=VERTEX_POINT('',#9359);
#3664=VERTEX_POINT('',#9360);
#3665=VERTEX_POINT('',#9362);
#3666=VERTEX_POINT('',#9364);
#3667=VERTEX_POINT('',#9368);
#3668=VERTEX_POINT('',#9369);
#3669=VERTEX_POINT('',#9371);
#3670=VERTEX_POINT('',#9373);
#3671=VERTEX_POINT('',#9377);
#3672=VERTEX_POINT('',#9378);
#3673=VERTEX_POINT('',#9380);
#3674=VERTEX_POINT('',#9382);
#3675=VERTEX_POINT('',#9389);
#3676=VERTEX_POINT('',#9391);
#3677=VERTEX_POINT('',#9395);
#3678=VERTEX_POINT('',#9397);
#3679=VERTEX_POINT('',#9401);
#3680=VERTEX_POINT('',#9402);
#3681=VERTEX_POINT('',#9404);
#3682=VERTEX_POINT('',#9406);
#3683=VERTEX_POINT('',#9410);
#3684=VERTEX_POINT('',#9411);
#3685=VERTEX_POINT('',#9413);
#3686=VERTEX_POINT('',#9415);
#3687=VERTEX_POINT('',#9422);
#3688=VERTEX_POINT('',#9424);
#3689=VERTEX_POINT('',#9428);
#3690=VERTEX_POINT('',#9430);
#3691=VERTEX_POINT('',#9434);
#3692=VERTEX_POINT('',#9435);
#3693=VERTEX_POINT('',#9437);
#3694=VERTEX_POINT('',#9439);
#3695=VERTEX_POINT('',#9443);
#3696=VERTEX_POINT('',#9444);
#3697=VERTEX_POINT('',#9446);
#3698=VERTEX_POINT('',#9448);
#3699=VERTEX_POINT('',#9455);
#3700=VERTEX_POINT('',#9457);
#3701=VERTEX_POINT('',#9461);
#3702=VERTEX_POINT('',#9463);
#3703=VERTEX_POINT('',#9467);
#3704=VERTEX_POINT('',#9468);
#3705=VERTEX_POINT('',#9470);
#3706=VERTEX_POINT('',#9472);
#3707=VERTEX_POINT('',#9476);
#3708=VERTEX_POINT('',#9477);
#3709=VERTEX_POINT('',#9479);
#3710=VERTEX_POINT('',#9481);
#3711=VERTEX_POINT('',#9488);
#3712=VERTEX_POINT('',#9490);
#3713=VERTEX_POINT('',#9494);
#3714=VERTEX_POINT('',#9496);
#3715=VERTEX_POINT('',#9500);
#3716=VERTEX_POINT('',#9501);
#3717=VERTEX_POINT('',#9503);
#3718=VERTEX_POINT('',#9505);
#3719=VERTEX_POINT('',#9509);
#3720=VERTEX_POINT('',#9510);
#3721=VERTEX_POINT('',#9512);
#3722=VERTEX_POINT('',#9514);
#3723=VERTEX_POINT('',#9521);
#3724=VERTEX_POINT('',#9523);
#3725=VERTEX_POINT('',#9527);
#3726=VERTEX_POINT('',#9529);
#3727=VERTEX_POINT('',#9533);
#3728=VERTEX_POINT('',#9535);
#3729=VERTEX_POINT('',#9542);
#3730=VERTEX_POINT('',#9544);
#3731=CIRCLE('',#5663,0.008);
#3732=CIRCLE('',#5664,0.008);
#3733=CIRCLE('',#5665,0.008);
#3734=CIRCLE('',#5666,0.008);
#3735=CIRCLE('',#5667,0.008);
#3736=CIRCLE('',#5668,0.008);
#3737=CIRCLE('',#5675,0.0045);
#3738=CIRCLE('',#5677,0.005);
#3739=CIRCLE('',#5685,0.005);
#3740=CIRCLE('',#5697,0.0035);
#3741=CIRCLE('',#5699,0.0076);
#3742=CIRCLE('',#5701,0.0076);
#3743=CIRCLE('',#5703,0.004);
#3744=CIRCLE('',#5705,0.004);
#3745=CIRCLE('',#5709,0.008);
#3746=CIRCLE('',#5711,0.008);
#3747=CIRCLE('',#5722,0.0035);
#3748=CIRCLE('',#5724,0.0076);
#3749=CIRCLE('',#5726,0.0076);
#3750=CIRCLE('',#5728,0.004);
#3751=CIRCLE('',#5730,0.004);
#3752=CIRCLE('',#5742,0.0034);
#3753=CIRCLE('',#5743,0.0034);
#3754=CIRCLE('',#5744,0.0034);
#3755=CIRCLE('',#5745,0.0034);
#3756=CIRCLE('',#5746,0.0034);
#3757=CIRCLE('',#5747,0.0034);
#3758=CIRCLE('',#5748,0.0034);
#3759=CIRCLE('',#5749,0.0034);
#3760=CIRCLE('',#5756,0.0034);
#3761=CIRCLE('',#5757,0.0034);
#3762=CIRCLE('',#5758,0.0034);
#3763=CIRCLE('',#5759,0.0034);
#3764=CIRCLE('',#5760,0.0034);
#3765=CIRCLE('',#5761,0.0034);
#3766=CIRCLE('',#5762,0.0034);
#3767=CIRCLE('',#5763,0.0034);
#3768=CIRCLE('',#5786,0.00525);
#3769=CIRCLE('',#5787,0.0125);
#3770=CIRCLE('',#5789,0.0125);
#3771=CIRCLE('',#5790,0.00525);
#3772=CIRCLE('',#5795,0.003);
#3773=CIRCLE('',#5796,0.003);
#3774=CIRCLE('',#5798,0.003);
#3775=CIRCLE('',#5799,0.003);
#3776=CIRCLE('',#5801,0.003);
#3777=CIRCLE('',#5802,0.003);
#3778=CIRCLE('',#5804,0.003);
#3779=CIRCLE('',#5805,0.003);
#3780=CIRCLE('',#5808,0.0055);
#3781=CIRCLE('',#5809,0.0055);
#3782=CIRCLE('',#5812,0.0055);
#3783=CIRCLE('',#5813,0.0055);
#3784=CIRCLE('',#5817,0.0055);
#3785=CIRCLE('',#5818,0.0055);
#3786=CIRCLE('',#5820,0.0055);
#3787=CIRCLE('',#5821,0.0055);
#3788=CIRCLE('',#5823,0.0055);
#3789=CIRCLE('',#5824,0.0055);
#3790=CIRCLE('',#5825,0.0055);
#3791=CIRCLE('',#5826,0.0055);
#3792=CIRCLE('',#5827,0.0045);
#3793=CIRCLE('',#5828,0.0045);
#3794=CIRCLE('',#5829,0.0045);
#3795=CIRCLE('',#5830,0.0045);
#3796=CIRCLE('',#5831,0.0045);
#3797=CIRCLE('',#5832,0.0045);
#3798=CIRCLE('',#5833,0.0045);
#3799=CIRCLE('',#5834,0.0045);
#3800=CIRCLE('',#5835,0.0031);
#3801=CIRCLE('',#5837,0.0055);
#3802=CIRCLE('',#5838,0.0055);
#3803=CIRCLE('',#5839,0.0055);
#3804=CIRCLE('',#5840,0.0055);
#3805=CIRCLE('',#5841,0.009125);
#3806=CIRCLE('',#5842,0.009125);
#3807=CIRCLE('',#5843,0.009125);
#3808=CIRCLE('',#5844,0.009125);
#3809=CIRCLE('',#5845,0.009125);
#3810=CIRCLE('',#5846,0.009125);
#3811=CIRCLE('',#5847,0.009125);
#3812=CIRCLE('',#5848,0.009125);
#3813=CIRCLE('',#5849,0.0031);
#3814=CIRCLE('',#5863,0.0045);
#3815=CIRCLE('',#5866,0.0045);
#3816=CIRCLE('',#5869,0.0045);
#3817=CIRCLE('',#5872,0.0045);
#3818=CIRCLE('',#5875,0.0045);
#3819=CIRCLE('',#5878,0.0045);
#3820=CIRCLE('',#5881,0.0045);
#3821=CIRCLE('',#5884,0.0045);
#3822=CIRCLE('',#5893,0.008);
#3823=CIRCLE('',#5895,0.008);
#3824=CIRCLE('',#5909,0.003);
#3825=CIRCLE('',#5910,0.003);
#3826=CIRCLE('',#5912,0.003);
#3827=CIRCLE('',#5913,0.003);
#3828=CIRCLE('',#5915,0.003);
#3829=CIRCLE('',#5916,0.003);
#3830=CIRCLE('',#5918,0.003);
#3831=CIRCLE('',#5919,0.003);
#3832=CIRCLE('',#5922,0.0055);
#3833=CIRCLE('',#5923,0.0055);
#3834=CIRCLE('',#5926,0.0055);
#3835=CIRCLE('',#5927,0.0055);
#3836=CIRCLE('',#5931,0.0055);
#3837=CIRCLE('',#5932,0.0055);
#3838=CIRCLE('',#5934,0.0055);
#3839=CIRCLE('',#5935,0.0055);
#3840=CIRCLE('',#5937,0.0055);
#3841=CIRCLE('',#5938,0.0055);
#3842=CIRCLE('',#5939,0.0055);
#3843=CIRCLE('',#5940,0.0055);
#3844=CIRCLE('',#5941,0.0045);
#3845=CIRCLE('',#5942,0.0045);
#3846=CIRCLE('',#5943,0.0045);
#3847=CIRCLE('',#5944,0.0045);
#3848=CIRCLE('',#5945,0.0045);
#3849=CIRCLE('',#5946,0.0045);
#3850=CIRCLE('',#5947,0.0045);
#3851=CIRCLE('',#5948,0.0045);
#3852=CIRCLE('',#5949,0.0031);
#3853=CIRCLE('',#5951,0.0055);
#3854=CIRCLE('',#5952,0.0055);
#3855=CIRCLE('',#5953,0.0055);
#3856=CIRCLE('',#5954,0.0055);
#3857=CIRCLE('',#5955,0.009125);
#3858=CIRCLE('',#5956,0.009125);
#3859=CIRCLE('',#5957,0.009125);
#3860=CIRCLE('',#5958,0.009125);
#3861=CIRCLE('',#5959,0.009125);
#3862=CIRCLE('',#5960,0.009125);
#3863=CIRCLE('',#5961,0.009125);
#3864=CIRCLE('',#5962,0.009125);
#3865=CIRCLE('',#5963,0.0031);
#3866=CIRCLE('',#5977,0.0045);
#3867=CIRCLE('',#5980,0.0045);
#3868=CIRCLE('',#5983,0.0045);
#3869=CIRCLE('',#5986,0.0045);
#3870=CIRCLE('',#5989,0.0045);
#3871=CIRCLE('',#5992,0.0045);
#3872=CIRCLE('',#5995,0.0045);
#3873=CIRCLE('',#5998,0.0045);
#3874=CIRCLE('',#6013,0.003);
#3875=CIRCLE('',#6015,0.003);
#3876=CIRCLE('',#6019,0.003);
#3877=CIRCLE('',#6021,0.003);
#3878=CIRCLE('',#6035,0.0034);
#3879=CIRCLE('',#6036,0.0034);
#3880=CIRCLE('',#6037,0.0034);
#3881=CIRCLE('',#6038,0.0034);
#3882=CIRCLE('',#6039,0.0034);
#3883=CIRCLE('',#6043,0.00425);
#3884=CIRCLE('',#6044,0.00425);
#3885=CIRCLE('',#6045,0.00425);
#3886=CIRCLE('',#6046,0.00425);
#3887=CIRCLE('',#6048,0.00425);
#3888=CIRCLE('',#6051,0.00425);
#3889=CIRCLE('',#6054,0.00425);
#3890=CIRCLE('',#6057,0.00425);
#3891=CIRCLE('',#6060,0.0034);
#3892=CIRCLE('',#6063,0.0034);
#3893=CIRCLE('',#6066,0.0034);
#3894=CIRCLE('',#6069,0.0034);
#3895=CIRCLE('',#6072,0.0034);
#3896=CIRCLE('',#6081,0.008);
#3897=CIRCLE('',#6083,0.008);
#3898=CIRCLE('',#6088,0.003);
#3899=CIRCLE('',#6089,0.003);
#3900=CIRCLE('',#6091,0.003);
#3901=CIRCLE('',#6092,0.003);
#3902=CIRCLE('',#6094,0.003);
#3903=CIRCLE('',#6095,0.003);
#3904=CIRCLE('',#6097,0.003);
#3905=CIRCLE('',#6098,0.003);
#3906=CIRCLE('',#6100,0.001);
#3907=CIRCLE('',#6101,0.001);
#3908=CIRCLE('',#6103,0.001);
#3909=CIRCLE('',#6104,0.001);
#3910=CIRCLE('',#6106,0.001);
#3911=CIRCLE('',#6107,0.001);
#3912=CIRCLE('',#6112,0.001);
#3913=CIRCLE('',#6113,0.001);
#3914=CIRCLE('',#6115,0.001);
#3915=CIRCLE('',#6116,0.001);
#3916=CIRCLE('',#6118,0.001);
#3917=CIRCLE('',#6119,0.001);
#3918=CIRCLE('',#6124,0.001);
#3919=CIRCLE('',#6125,0.001);
#3920=CIRCLE('',#6127,0.001);
#3921=CIRCLE('',#6128,0.001);
#3922=CIRCLE('',#6130,0.001);
#3923=CIRCLE('',#6131,0.001);
#3924=CIRCLE('',#6136,0.001);
#3925=CIRCLE('',#6137,0.001);
#3926=CIRCLE('',#6139,0.001);
#3927=CIRCLE('',#6140,0.001);
#3928=CIRCLE('',#6142,0.001);
#3929=CIRCLE('',#6143,0.001);
#3930=CIRCLE('',#6148,0.001);
#3931=CIRCLE('',#6149,0.001);
#3932=CIRCLE('',#6151,0.001);
#3933=CIRCLE('',#6152,0.001);
#3934=CIRCLE('',#6154,0.001);
#3935=CIRCLE('',#6155,0.001);
#3936=CIRCLE('',#6160,0.009125);
#3937=CIRCLE('',#6161,0.009125);
#3938=CIRCLE('',#6162,0.009125);
#3939=CIRCLE('',#6163,0.009125);
#3940=CIRCLE('',#6164,0.009125);
#3941=CIRCLE('',#6165,0.009125);
#3942=CIRCLE('',#6166,0.009125);
#3943=CIRCLE('',#6167,0.009125);
#3944=CIRCLE('',#6168,0.009125);
#3945=CIRCLE('',#6169,0.009125);
#3946=CIRCLE('',#6170,0.001);
#3947=CIRCLE('',#6171,0.001);
#3948=CIRCLE('',#6172,0.001);
#3949=CIRCLE('',#6173,0.001);
#3950=CIRCLE('',#6174,0.001);
#3951=CIRCLE('',#6176,0.001);
#3952=CIRCLE('',#6177,0.001);
#3953=CIRCLE('',#6178,0.001);
#3954=CIRCLE('',#6179,0.001);
#3955=CIRCLE('',#6180,0.001);
#3956=CIRCLE('',#6181,0.0045);
#3957=CIRCLE('',#6182,0.0045);
#3958=CIRCLE('',#6183,0.0045);
#3959=CIRCLE('',#6184,0.0045);
#3960=CIRCLE('',#6185,0.0045);
#3961=CIRCLE('',#6186,0.0045);
#3962=CIRCLE('',#6187,0.0045);
#3963=CIRCLE('',#6188,0.0045);
#3964=CIRCLE('',#6189,0.0045);
#3965=CIRCLE('',#6190,0.0045);
#3966=CIRCLE('',#6201,0.0045);
#3967=CIRCLE('',#6204,0.0045);
#3968=CIRCLE('',#6207,0.0045);
#3969=CIRCLE('',#6210,0.0045);
#3970=CIRCLE('',#6213,0.0045);
#3971=CIRCLE('',#6216,0.0045);
#3972=CIRCLE('',#6219,0.0045);
#3973=CIRCLE('',#6222,0.0045);
#3974=CIRCLE('',#6225,0.0045);
#3975=CIRCLE('',#6228,0.0045);
#3976=CIRCLE('',#6238,0.008);
#3977=CIRCLE('',#6240,0.008);
#3978=CIRCLE('',#6244,0.008);
#3979=CIRCLE('',#6246,0.008);
#3980=CIRCLE('',#6254,0.003);
#3981=CIRCLE('',#6255,0.003);
#3982=CIRCLE('',#6257,0.003);
#3983=CIRCLE('',#6258,0.003);
#3984=CIRCLE('',#6260,0.001);
#3985=CIRCLE('',#6261,0.001);
#3986=CIRCLE('',#6263,0.001);
#3987=CIRCLE('',#6264,0.001);
#3988=CIRCLE('',#6269,0.001);
#3989=CIRCLE('',#6270,0.001);
#3990=CIRCLE('',#6272,0.001);
#3991=CIRCLE('',#6273,0.001);
#3992=CIRCLE('',#6278,0.001);
#3993=CIRCLE('',#6279,0.001);
#3994=CIRCLE('',#6281,0.001);
#3995=CIRCLE('',#6282,0.001);
#3996=CIRCLE('',#6287,0.001);
#3997=CIRCLE('',#6288,0.001);
#3998=CIRCLE('',#6290,0.001);
#3999=CIRCLE('',#6291,0.001);
#4000=CIRCLE('',#6296,0.001);
#4001=CIRCLE('',#6297,0.001);
#4002=CIRCLE('',#6299,0.001);
#4003=CIRCLE('',#6300,0.001);
#4004=EDGE_LOOP('',(#1266,#1267,#1268,#1269,#1270,#1271));
#4005=EDGE_LOOP('',(#1272,#1273,#1274));
#4006=EDGE_LOOP('',(#1275,#1276,#1277));
#4007=EDGE_LOOP('',(#1278,#1279,#1280));
#4008=EDGE_LOOP('',(#1281,#1282,#1283));
#4009=EDGE_LOOP('',(#1284,#1285,#1286));
#4010=EDGE_LOOP('',(#1287));
#4011=EDGE_LOOP('',(#1288));
#4012=EDGE_LOOP('',(#1289,#1290,#1291,#1292,#1293,#1294));
#4013=EDGE_LOOP('',(#1295,#1296,#1297,#1298,#1299));
#4014=EDGE_LOOP('',(#1300,#1301,#1302,#1303,#1304));
#4015=EDGE_LOOP('',(#1305,#1306,#1307,#1308,#1309));
#4016=EDGE_LOOP('',(#1310,#1311,#1312,#1313,#1314));
#4017=EDGE_LOOP('',(#1315,#1316,#1317,#1318,#1319));
#4018=EDGE_LOOP('',(#1320,#1321,#1322,#1323,#1324));
#4019=EDGE_LOOP('',(#1325));
#4020=EDGE_LOOP('',(#1326));
#4021=EDGE_LOOP('',(#1327,#1328,#1329));
#4022=EDGE_LOOP('',(#1330));
#4023=EDGE_LOOP('',(#1331));
#4024=EDGE_LOOP('',(#1332,#1333,#1334,#1335,#1336,#1337));
#4025=EDGE_LOOP('',(#1338,#1339,#1340,#1341));
#4026=EDGE_LOOP('',(#1342,#1343,#1344,#1345));
#4027=EDGE_LOOP('',(#1346,#1347,#1348,#1349));
#4028=EDGE_LOOP('',(#1350,#1351,#1352,#1353));
#4029=EDGE_LOOP('',(#1354,#1355,#1356,#1357));
#4030=EDGE_LOOP('',(#1358,#1359,#1360,#1361));
#4031=EDGE_LOOP('',(#1362));
#4032=EDGE_LOOP('',(#1363));
#4033=EDGE_LOOP('',(#1364,#1365,#1366,#1367,#1368,#1369));
#4034=EDGE_LOOP('',(#1370));
#4035=EDGE_LOOP('',(#1371));
#4036=EDGE_LOOP('',(#1372));
#4037=EDGE_LOOP('',(#1373));
#4038=EDGE_LOOP('',(#1374));
#4039=EDGE_LOOP('',(#1375));
#4040=EDGE_LOOP('',(#1376));
#4041=EDGE_LOOP('',(#1377));
#4042=EDGE_LOOP('',(#1378));
#4043=EDGE_LOOP('',(#1379));
#4044=EDGE_LOOP('',(#1380));
#4045=EDGE_LOOP('',(#1381));
#4046=EDGE_LOOP('',(#1382,#1383,#1384,#1385,#1386,#1387));
#4047=EDGE_LOOP('',(#1388,#1389,#1390,#1391));
#4048=EDGE_LOOP('',(#1392,#1393,#1394,#1395));
#4049=EDGE_LOOP('',(#1396,#1397,#1398,#1399));
#4050=EDGE_LOOP('',(#1400,#1401,#1402,#1403));
#4051=EDGE_LOOP('',(#1404,#1405,#1406,#1407));
#4052=EDGE_LOOP('',(#1408,#1409,#1410,#1411));
#4053=EDGE_LOOP('',(#1412));
#4054=EDGE_LOOP('',(#1413));
#4055=EDGE_LOOP('',(#1414,#1415,#1416,#1417,#1418,#1419));
#4056=EDGE_LOOP('',(#1420));
#4057=EDGE_LOOP('',(#1421));
#4058=EDGE_LOOP('',(#1422));
#4059=EDGE_LOOP('',(#1423));
#4060=EDGE_LOOP('',(#1424));
#4061=EDGE_LOOP('',(#1425));
#4062=EDGE_LOOP('',(#1426));
#4063=EDGE_LOOP('',(#1427));
#4064=EDGE_LOOP('',(#1428,#1429,#1430,#1431,#1432,#1433,#1434,#1435,#1436,#1437,#1438,#1439));
#4065=EDGE_LOOP('',(#1440,#1441,#1442,#1443,#1444,#1445,#1446,#1447,#1448,#1449,#1450,#1451));
#4066=EDGE_LOOP('',(#1452));
#4067=EDGE_LOOP('',(#1453));
#4068=EDGE_LOOP('',(#1454));
#4069=EDGE_LOOP('',(#1455));
#4070=EDGE_LOOP('',(#1456,#1457,#1458,#1459));
#4071=EDGE_LOOP('',(#1460));
#4072=EDGE_LOOP('',(#1461));
#4073=EDGE_LOOP('',(#1462));
#4074=EDGE_LOOP('',(#1463));
#4075=EDGE_LOOP('',(#1464,#1465,#1466,#1467));
#4076=EDGE_LOOP('',(#1468,#1469,#1470,#1471));
#4077=EDGE_LOOP('',(#1472,#1473,#1474,#1475));
#4078=EDGE_LOOP('',(#1476,#1477,#1478,#1479));
#4079=EDGE_LOOP('',(#1480,#1481,#1482,#1483));
#4080=EDGE_LOOP('',(#1484));
#4081=EDGE_LOOP('',(#1485));
#4082=EDGE_LOOP('',(#1486));
#4083=EDGE_LOOP('',(#1487));
#4084=EDGE_LOOP('',(#1488,#1489,#1490,#1491));
#4085=EDGE_LOOP('',(#1492));
#4086=EDGE_LOOP('',(#1493));
#4087=EDGE_LOOP('',(#1494));
#4088=EDGE_LOOP('',(#1495));
#4089=EDGE_LOOP('',(#1496,#1497,#1498,#1499));
#4090=EDGE_LOOP('',(#1500,#1501,#1502,#1503));
#4091=EDGE_LOOP('',(#1504,#1505,#1506,#1507));
#4092=EDGE_LOOP('',(#1508,#1509,#1510,#1511));
#4093=EDGE_LOOP('',(#1512,#1513,#1514,#1515));
#4094=EDGE_LOOP('',(#1516));
#4095=EDGE_LOOP('',(#1517));
#4096=EDGE_LOOP('',(#1518));
#4097=EDGE_LOOP('',(#1519));
#4098=EDGE_LOOP('',(#1520));
#4099=EDGE_LOOP('',(#1521));
#4100=EDGE_LOOP('',(#1522));
#4101=EDGE_LOOP('',(#1523));
#4102=EDGE_LOOP('',(#1524));
#4103=EDGE_LOOP('',(#1525));
#4104=EDGE_LOOP('',(#1526));
#4105=EDGE_LOOP('',(#1527));
#4106=EDGE_LOOP('',(#1528));
#4107=EDGE_LOOP('',(#1529));
#4108=EDGE_LOOP('',(#1530));
#4109=EDGE_LOOP('',(#1531));
#4110=EDGE_LOOP('',(#1532));
#4111=EDGE_LOOP('',(#1533));
#4112=EDGE_LOOP('',(#1534));
#4113=EDGE_LOOP('',(#1535));
#4114=EDGE_LOOP('',(#1536));
#4115=EDGE_LOOP('',(#1537));
#4116=EDGE_LOOP('',(#1538));
#4117=EDGE_LOOP('',(#1539));
#4118=EDGE_LOOP('',(#1540,#1541,#1542,#1543));
#4119=EDGE_LOOP('',(#1544,#1545,#1546,#1547));
#4120=EDGE_LOOP('',(#1548,#1549,#1550,#1551));
#4121=EDGE_LOOP('',(#1552,#1553,#1554,#1555));
#4122=EDGE_LOOP('',(#1556,#1557,#1558,#1559));
#4123=EDGE_LOOP('',(#1560,#1561,#1562,#1563));
#4124=EDGE_LOOP('',(#1564,#1565,#1566,#1567));
#4125=EDGE_LOOP('',(#1568,#1569,#1570,#1571));
#4126=EDGE_LOOP('',(#1572,#1573,#1574,#1575));
#4127=EDGE_LOOP('',(#1576,#1577,#1578,#1579));
#4128=EDGE_LOOP('',(#1580,#1581,#1582,#1583));
#4129=EDGE_LOOP('',(#1584,#1585,#1586,#1587));
#4130=EDGE_LOOP('',(#1588,#1589,#1590,#1591));
#4131=EDGE_LOOP('',(#1592,#1593,#1594,#1595));
#4132=EDGE_LOOP('',(#1596));
#4133=EDGE_LOOP('',(#1597));
#4134=EDGE_LOOP('',(#1598));
#4135=EDGE_LOOP('',(#1599));
#4136=EDGE_LOOP('',(#1600,#1601,#1602,#1603,#1604,#1605,#1606,#1607));
#4137=EDGE_LOOP('',(#1608));
#4138=EDGE_LOOP('',(#1609));
#4139=EDGE_LOOP('',(#1610));
#4140=EDGE_LOOP('',(#1611));
#4141=EDGE_LOOP('',(#1612,#1613,#1614,#1615));
#4142=EDGE_LOOP('',(#1616,#1617,#1618,#1619));
#4143=EDGE_LOOP('',(#1620));
#4144=EDGE_LOOP('',(#1621,#1622,#1623,#1624));
#4145=EDGE_LOOP('',(#1625,#1626,#1627,#1628));
#4146=EDGE_LOOP('',(#1629));
#4147=EDGE_LOOP('',(#1630));
#4148=EDGE_LOOP('',(#1631));
#4149=EDGE_LOOP('',(#1632));
#4150=EDGE_LOOP('',(#1633,#1634,#1635,#1636,#1637,#1638,#1639,#1640));
#4151=EDGE_LOOP('',(#1641));
#4152=EDGE_LOOP('',(#1642));
#4153=EDGE_LOOP('',(#1643));
#4154=EDGE_LOOP('',(#1644));
#4155=EDGE_LOOP('',(#1645,#1646,#1647,#1648));
#4156=EDGE_LOOP('',(#1649,#1650,#1651,#1652));
#4157=EDGE_LOOP('',(#1653));
#4158=EDGE_LOOP('',(#1654,#1655,#1656,#1657));
#4159=EDGE_LOOP('',(#1658,#1659,#1660,#1661));
#4160=EDGE_LOOP('',(#1662,#1663,#1664,#1665));
#4161=EDGE_LOOP('',(#1666,#1667,#1668,#1669));
#4162=EDGE_LOOP('',(#1670,#1671,#1672,#1673));
#4163=EDGE_LOOP('',(#1674,#1675,#1676,#1677));
#4164=EDGE_LOOP('',(#1678,#1679,#1680,#1681));
#4165=EDGE_LOOP('',(#1682,#1683,#1684,#1685));
#4166=EDGE_LOOP('',(#1686,#1687,#1688,#1689));
#4167=EDGE_LOOP('',(#1690,#1691,#1692,#1693));
#4168=EDGE_LOOP('',(#1694,#1695,#1696,#1697));
#4169=EDGE_LOOP('',(#1698,#1699,#1700,#1701));
#4170=EDGE_LOOP('',(#1702));
#4171=EDGE_LOOP('',(#1703));
#4172=EDGE_LOOP('',(#1704));
#4173=EDGE_LOOP('',(#1705));
#4174=EDGE_LOOP('',(#1706));
#4175=EDGE_LOOP('',(#1707));
#4176=EDGE_LOOP('',(#1708));
#4177=EDGE_LOOP('',(#1709));
#4178=EDGE_LOOP('',(#1710));
#4179=EDGE_LOOP('',(#1711));
#4180=EDGE_LOOP('',(#1712));
#4181=EDGE_LOOP('',(#1713));
#4182=EDGE_LOOP('',(#1714));
#4183=EDGE_LOOP('',(#1715));
#4184=EDGE_LOOP('',(#1716));
#4185=EDGE_LOOP('',(#1717));
#4186=EDGE_LOOP('',(#1718));
#4187=EDGE_LOOP('',(#1719));
#4188=EDGE_LOOP('',(#1720));
#4189=EDGE_LOOP('',(#1721));
#4190=EDGE_LOOP('',(#1722));
#4191=EDGE_LOOP('',(#1723));
#4192=EDGE_LOOP('',(#1724));
#4193=EDGE_LOOP('',(#1725));
#4194=EDGE_LOOP('',(#1726));
#4195=EDGE_LOOP('',(#1727));
#4196=EDGE_LOOP('',(#1728));
#4197=EDGE_LOOP('',(#1729));
#4198=EDGE_LOOP('',(#1730));
#4199=EDGE_LOOP('',(#1731));
#4200=EDGE_LOOP('',(#1732));
#4201=EDGE_LOOP('',(#1733));
#4202=EDGE_LOOP('',(#1734));
#4203=EDGE_LOOP('',(#1735));
#4204=EDGE_LOOP('',(#1736));
#4205=EDGE_LOOP('',(#1737));
#4206=EDGE_LOOP('',(#1738));
#4207=EDGE_LOOP('',(#1739));
#4208=EDGE_LOOP('',(#1740,#1741,#1742,#1743));
#4209=EDGE_LOOP('',(#1744,#1745,#1746,#1747));
#4210=EDGE_LOOP('',(#1748,#1749,#1750,#1751));
#4211=EDGE_LOOP('',(#1752,#1753,#1754,#1755));
#4212=EDGE_LOOP('',(#1756,#1757,#1758,#1759));
#4213=EDGE_LOOP('',(#1760,#1761,#1762,#1763));
#4214=EDGE_LOOP('',(#1764,#1765,#1766,#1767));
#4215=EDGE_LOOP('',(#1768,#1769,#1770,#1771));
#4216=EDGE_LOOP('',(#1772,#1773,#1774,#1775));
#4217=EDGE_LOOP('',(#1776,#1777,#1778,#1779));
#4218=EDGE_LOOP('',(#1780,#1781,#1782,#1783));
#4219=EDGE_LOOP('',(#1784,#1785,#1786,#1787));
#4220=EDGE_LOOP('',(#1788,#1789,#1790,#1791));
#4221=EDGE_LOOP('',(#1792,#1793,#1794,#1795));
#4222=EDGE_LOOP('',(#1796));
#4223=EDGE_LOOP('',(#1797));
#4224=EDGE_LOOP('',(#1798));
#4225=EDGE_LOOP('',(#1799));
#4226=EDGE_LOOP('',(#1800,#1801,#1802,#1803,#1804,#1805,#1806,#1807));
#4227=EDGE_LOOP('',(#1808));
#4228=EDGE_LOOP('',(#1809));
#4229=EDGE_LOOP('',(#1810));
#4230=EDGE_LOOP('',(#1811));
#4231=EDGE_LOOP('',(#1812,#1813,#1814,#1815));
#4232=EDGE_LOOP('',(#1816,#1817,#1818,#1819));
#4233=EDGE_LOOP('',(#1820));
#4234=EDGE_LOOP('',(#1821,#1822,#1823,#1824));
#4235=EDGE_LOOP('',(#1825,#1826,#1827,#1828));
#4236=EDGE_LOOP('',(#1829));
#4237=EDGE_LOOP('',(#1830));
#4238=EDGE_LOOP('',(#1831));
#4239=EDGE_LOOP('',(#1832));
#4240=EDGE_LOOP('',(#1833,#1834,#1835,#1836,#1837,#1838,#1839,#1840));
#4241=EDGE_LOOP('',(#1841));
#4242=EDGE_LOOP('',(#1842));
#4243=EDGE_LOOP('',(#1843));
#4244=EDGE_LOOP('',(#1844));
#4245=EDGE_LOOP('',(#1845,#1846,#1847,#1848));
#4246=EDGE_LOOP('',(#1849,#1850,#1851,#1852));
#4247=EDGE_LOOP('',(#1853));
#4248=EDGE_LOOP('',(#1854,#1855,#1856,#1857));
#4249=EDGE_LOOP('',(#1858,#1859,#1860,#1861));
#4250=EDGE_LOOP('',(#1862,#1863,#1864,#1865));
#4251=EDGE_LOOP('',(#1866,#1867,#1868,#1869));
#4252=EDGE_LOOP('',(#1870,#1871,#1872,#1873));
#4253=EDGE_LOOP('',(#1874,#1875,#1876,#1877));
#4254=EDGE_LOOP('',(#1878,#1879,#1880,#1881));
#4255=EDGE_LOOP('',(#1882,#1883,#1884,#1885));
#4256=EDGE_LOOP('',(#1886,#1887,#1888,#1889));
#4257=EDGE_LOOP('',(#1890,#1891,#1892,#1893));
#4258=EDGE_LOOP('',(#1894,#1895,#1896,#1897));
#4259=EDGE_LOOP('',(#1898,#1899,#1900,#1901));
#4260=EDGE_LOOP('',(#1902));
#4261=EDGE_LOOP('',(#1903));
#4262=EDGE_LOOP('',(#1904));
#4263=EDGE_LOOP('',(#1905));
#4264=EDGE_LOOP('',(#1906));
#4265=EDGE_LOOP('',(#1907));
#4266=EDGE_LOOP('',(#1908));
#4267=EDGE_LOOP('',(#1909));
#4268=EDGE_LOOP('',(#1910));
#4269=EDGE_LOOP('',(#1911));
#4270=EDGE_LOOP('',(#1912));
#4271=EDGE_LOOP('',(#1913));
#4272=EDGE_LOOP('',(#1914));
#4273=EDGE_LOOP('',(#1915));
#4274=EDGE_LOOP('',(#1916));
#4275=EDGE_LOOP('',(#1917));
#4276=EDGE_LOOP('',(#1918));
#4277=EDGE_LOOP('',(#1919));
#4278=EDGE_LOOP('',(#1920));
#4279=EDGE_LOOP('',(#1921));
#4280=EDGE_LOOP('',(#1922));
#4281=EDGE_LOOP('',(#1923));
#4282=EDGE_LOOP('',(#1924));
#4283=EDGE_LOOP('',(#1925));
#4284=EDGE_LOOP('',(#1926));
#4285=EDGE_LOOP('',(#1927));
#4286=EDGE_LOOP('',(#1928));
#4287=EDGE_LOOP('',(#1929));
#4288=EDGE_LOOP('',(#1930));
#4289=EDGE_LOOP('',(#1931));
#4290=EDGE_LOOP('',(#1932));
#4291=EDGE_LOOP('',(#1933));
#4292=EDGE_LOOP('',(#1934));
#4293=EDGE_LOOP('',(#1935));
#4294=EDGE_LOOP('',(#1936));
#4295=EDGE_LOOP('',(#1937));
#4296=EDGE_LOOP('',(#1938));
#4297=EDGE_LOOP('',(#1939));
#4298=EDGE_LOOP('',(#1940));
#4299=EDGE_LOOP('',(#1941));
#4300=EDGE_LOOP('',(#1942));
#4301=EDGE_LOOP('',(#1943));
#4302=EDGE_LOOP('',(#1944,#1945,#1946,#1947));
#4303=EDGE_LOOP('',(#1948,#1949,#1950,#1951));
#4304=EDGE_LOOP('',(#1952,#1953,#1954,#1955));
#4305=EDGE_LOOP('',(#1956));
#4306=EDGE_LOOP('',(#1957));
#4307=EDGE_LOOP('',(#1958));
#4308=EDGE_LOOP('',(#1959));
#4309=EDGE_LOOP('',(#1960));
#4310=EDGE_LOOP('',(#1961,#1962,#1963,#1964));
#4311=EDGE_LOOP('',(#1965,#1966,#1967,#1968));
#4312=EDGE_LOOP('',(#1969,#1970,#1971,#1972));
#4313=EDGE_LOOP('',(#1973));
#4314=EDGE_LOOP('',(#1974));
#4315=EDGE_LOOP('',(#1975));
#4316=EDGE_LOOP('',(#1976));
#4317=EDGE_LOOP('',(#1977));
#4318=EDGE_LOOP('',(#1978));
#4319=EDGE_LOOP('',(#1979));
#4320=EDGE_LOOP('',(#1980));
#4321=EDGE_LOOP('',(#1981));
#4322=EDGE_LOOP('',(#1982));
#4323=EDGE_LOOP('',(#1983));
#4324=EDGE_LOOP('',(#1984));
#4325=EDGE_LOOP('',(#1985));
#4326=EDGE_LOOP('',(#1986));
#4327=EDGE_LOOP('',(#1987));
#4328=EDGE_LOOP('',(#1988));
#4329=EDGE_LOOP('',(#1989));
#4330=EDGE_LOOP('',(#1990));
#4331=EDGE_LOOP('',(#1991));
#4332=EDGE_LOOP('',(#1992));
#4333=EDGE_LOOP('',(#1993));
#4334=EDGE_LOOP('',(#1994));
#4335=EDGE_LOOP('',(#1995));
#4336=EDGE_LOOP('',(#1996));
#4337=EDGE_LOOP('',(#1997));
#4338=EDGE_LOOP('',(#1998));
#4339=EDGE_LOOP('',(#1999));
#4340=EDGE_LOOP('',(#2000));
#4341=EDGE_LOOP('',(#2001));
#4342=EDGE_LOOP('',(#2002));
#4343=EDGE_LOOP('',(#2003));
#4344=EDGE_LOOP('',(#2004));
#4345=EDGE_LOOP('',(#2005));
#4346=EDGE_LOOP('',(#2006));
#4347=EDGE_LOOP('',(#2007));
#4348=EDGE_LOOP('',(#2008,#2009,#2010,#2011));
#4349=EDGE_LOOP('',(#2012,#2013,#2014,#2015));
#4350=EDGE_LOOP('',(#2016,#2017,#2018,#2019));
#4351=EDGE_LOOP('',(#2020,#2021,#2022,#2023));
#4352=EDGE_LOOP('',(#2024,#2025,#2026,#2027));
#4353=EDGE_LOOP('',(#2028,#2029,#2030,#2031));
#4354=EDGE_LOOP('',(#2032,#2033,#2034,#2035));
#4355=EDGE_LOOP('',(#2036,#2037,#2038,#2039));
#4356=EDGE_LOOP('',(#2040,#2041,#2042,#2043));
#4357=EDGE_LOOP('',(#2044,#2045,#2046,#2047));
#4358=EDGE_LOOP('',(#2048,#2049,#2050,#2051));
#4359=EDGE_LOOP('',(#2052,#2053,#2054,#2055));
#4360=EDGE_LOOP('',(#2056,#2057,#2058,#2059));
#4361=EDGE_LOOP('',(#2060,#2061,#2062,#2063));
#4362=EDGE_LOOP('',(#2064,#2065,#2066,#2067));
#4363=EDGE_LOOP('',(#2068,#2069,#2070,#2071));
#4364=EDGE_LOOP('',(#2072,#2073,#2074,#2075));
#4365=EDGE_LOOP('',(#2076,#2077,#2078,#2079));
#4366=EDGE_LOOP('',(#2080,#2081,#2082,#2083));
#4367=EDGE_LOOP('',(#2084,#2085,#2086,#2087));
#4368=EDGE_LOOP('',(#2088,#2089,#2090,#2091));
#4369=EDGE_LOOP('',(#2092,#2093,#2094,#2095));
#4370=EDGE_LOOP('',(#2096,#2097,#2098,#2099));
#4371=EDGE_LOOP('',(#2100,#2101,#2102,#2103));
#4372=EDGE_LOOP('',(#2104,#2105,#2106,#2107));
#4373=EDGE_LOOP('',(#2108,#2109,#2110,#2111));
#4374=EDGE_LOOP('',(#2112,#2113,#2114,#2115));
#4375=EDGE_LOOP('',(#2116,#2117,#2118,#2119));
#4376=EDGE_LOOP('',(#2120,#2121,#2122,#2123));
#4377=EDGE_LOOP('',(#2124,#2125,#2126,#2127));
#4378=EDGE_LOOP('',(#2128,#2129,#2130,#2131));
#4379=EDGE_LOOP('',(#2132,#2133,#2134,#2135));
#4380=EDGE_LOOP('',(#2136,#2137,#2138,#2139));
#4381=EDGE_LOOP('',(#2140,#2141,#2142,#2143));
#4382=EDGE_LOOP('',(#2144));
#4383=EDGE_LOOP('',(#2145));
#4384=EDGE_LOOP('',(#2146));
#4385=EDGE_LOOP('',(#2147));
#4386=EDGE_LOOP('',(#2148));
#4387=EDGE_LOOP('',(#2149));
#4388=EDGE_LOOP('',(#2150));
#4389=EDGE_LOOP('',(#2151));
#4390=EDGE_LOOP('',(#2152));
#4391=EDGE_LOOP('',(#2153));
#4392=EDGE_LOOP('',(#2154,#2155,#2156,#2157,#2158,#2159,#2160,#2161,#2162,#2163,#2164,#2165,#2166,#2167,#2168,#2169,#2170,#2171,#2172,#2173,#2174,#2175,#2176,#2177,#2178,#2179,#2180,#2181,#2182,#2183,#2184,#2185,#2186,#2187,#2188,#2189,#2190,#2191,#2192,#2193,#2194,#2195,#2196,#2197,#2198,#2199,#2200,#2201));
#4393=EDGE_LOOP('',(#2202,#2203,#2204,#2205,#2206,#2207,#2208,#2209,#2210,#2211,#2212,#2213,#2214,#2215,#2216,#2217,#2218,#2219,#2220,#2221,#2222,#2223,#2224,#2225,#2226,#2227,#2228,#2229,#2230,#2231,#2232,#2233,#2234,#2235,#2236,#2237,#2238,#2239,#2240,#2241,#2242,#2243,#2244,#2245,#2246,#2247,#2248,#2249));
#4394=EDGE_LOOP('',(#2250));
#4395=EDGE_LOOP('',(#2251));
#4396=EDGE_LOOP('',(#2252));
#4397=EDGE_LOOP('',(#2253));
#4398=EDGE_LOOP('',(#2254));
#4399=EDGE_LOOP('',(#2255));
#4400=EDGE_LOOP('',(#2256));
#4401=EDGE_LOOP('',(#2257));
#4402=EDGE_LOOP('',(#2258));
#4403=EDGE_LOOP('',(#2259));
#4404=EDGE_LOOP('',(#2260,#2261,#2262,#2263));
#4405=EDGE_LOOP('',(#2264,#2265,#2266,#2267));
#4406=EDGE_LOOP('',(#2268,#2269,#2270,#2271));
#4407=EDGE_LOOP('',(#2272,#2273,#2274,#2275));
#4408=EDGE_LOOP('',(#2276,#2277,#2278,#2279));
#4409=EDGE_LOOP('',(#2280,#2281,#2282,#2283));
#4410=EDGE_LOOP('',(#2284,#2285,#2286,#2287));
#4411=EDGE_LOOP('',(#2288,#2289,#2290,#2291));
#4412=EDGE_LOOP('',(#2292,#2293,#2294,#2295));
#4413=EDGE_LOOP('',(#2296));
#4414=EDGE_LOOP('',(#2297));
#4415=EDGE_LOOP('',(#2298));
#4416=EDGE_LOOP('',(#2299));
#4417=EDGE_LOOP('',(#2300));
#4418=EDGE_LOOP('',(#2301));
#4419=EDGE_LOOP('',(#2302));
#4420=EDGE_LOOP('',(#2303));
#4421=EDGE_LOOP('',(#2304));
#4422=EDGE_LOOP('',(#2305));
#4423=EDGE_LOOP('',(#2306));
#4424=EDGE_LOOP('',(#2307));
#4425=EDGE_LOOP('',(#2308));
#4426=EDGE_LOOP('',(#2309));
#4427=EDGE_LOOP('',(#2310));
#4428=EDGE_LOOP('',(#2311));
#4429=EDGE_LOOP('',(#2312));
#4430=EDGE_LOOP('',(#2313));
#4431=EDGE_LOOP('',(#2314));
#4432=EDGE_LOOP('',(#2315));
#4433=EDGE_LOOP('',(#2316));
#4434=EDGE_LOOP('',(#2317));
#4435=EDGE_LOOP('',(#2318));
#4436=EDGE_LOOP('',(#2319));
#4437=EDGE_LOOP('',(#2320));
#4438=EDGE_LOOP('',(#2321));
#4439=EDGE_LOOP('',(#2322));
#4440=EDGE_LOOP('',(#2323));
#4441=EDGE_LOOP('',(#2324));
#4442=EDGE_LOOP('',(#2325));
#4443=EDGE_LOOP('',(#2326));
#4444=EDGE_LOOP('',(#2327));
#4445=EDGE_LOOP('',(#2328));
#4446=EDGE_LOOP('',(#2329));
#4447=EDGE_LOOP('',(#2330));
#4448=EDGE_LOOP('',(#2331));
#4449=EDGE_LOOP('',(#2332));
#4450=EDGE_LOOP('',(#2333));
#4451=EDGE_LOOP('',(#2334));
#4452=EDGE_LOOP('',(#2335));
#4453=EDGE_LOOP('',(#2336,#2337,#2338,#2339));
#4454=EDGE_LOOP('',(#2340,#2341,#2342,#2343));
#4455=EDGE_LOOP('',(#2344,#2345,#2346,#2347));
#4456=EDGE_LOOP('',(#2348,#2349,#2350,#2351));
#4457=EDGE_LOOP('',(#2352,#2353,#2354,#2355));
#4458=EDGE_LOOP('',(#2356));
#4459=EDGE_LOOP('',(#2357));
#4460=EDGE_LOOP('',(#2358));
#4461=EDGE_LOOP('',(#2359));
#4462=EDGE_LOOP('',(#2360));
#4463=EDGE_LOOP('',(#2361));
#4464=EDGE_LOOP('',(#2362));
#4465=EDGE_LOOP('',(#2363));
#4466=EDGE_LOOP('',(#2364,#2365,#2366,#2367));
#4467=EDGE_LOOP('',(#2368,#2369,#2370,#2371));
#4468=EDGE_LOOP('',(#2372,#2373,#2374,#2375));
#4469=EDGE_LOOP('',(#2376,#2377,#2378,#2379));
#4470=EDGE_LOOP('',(#2380,#2381,#2382,#2383));
#4471=EDGE_LOOP('',(#2384,#2385,#2386,#2387));
#4472=EDGE_LOOP('',(#2388,#2389,#2390,#2391));
#4473=EDGE_LOOP('',(#2392,#2393,#2394,#2395));
#4474=EDGE_LOOP('',(#2396,#2397,#2398,#2399));
#4475=EDGE_LOOP('',(#2400,#2401,#2402,#2403));
#4476=EDGE_LOOP('',(#2404,#2405,#2406,#2407));
#4477=EDGE_LOOP('',(#2408,#2409,#2410,#2411));
#4478=EDGE_LOOP('',(#2412,#2413,#2414,#2415));
#4479=EDGE_LOOP('',(#2416,#2417,#2418,#2419));
#4480=EDGE_LOOP('',(#2420,#2421,#2422,#2423));
#4481=EDGE_LOOP('',(#2424,#2425,#2426,#2427));
#4482=EDGE_LOOP('',(#2428,#2429,#2430,#2431));
#4483=EDGE_LOOP('',(#2432,#2433,#2434,#2435));
#4484=EDGE_LOOP('',(#2436,#2437,#2438,#2439));
#4485=EDGE_LOOP('',(#2440,#2441,#2442,#2443));
#4486=EDGE_LOOP('',(#2444,#2445,#2446,#2447));
#4487=EDGE_LOOP('',(#2448,#2449,#2450,#2451));
#4488=EDGE_LOOP('',(#2452,#2453,#2454,#2455));
#4489=EDGE_LOOP('',(#2456,#2457,#2458,#2459));
#4490=EDGE_LOOP('',(#2460,#2461,#2462,#2463));
#4491=EDGE_LOOP('',(#2464,#2465,#2466,#2467));
#4492=EDGE_LOOP('',(#2468,#2469,#2470,#2471));
#4493=EDGE_LOOP('',(#2472,#2473,#2474,#2475));
#4494=EDGE_LOOP('',(#2476,#2477,#2478,#2479));
#4495=EDGE_LOOP('',(#2480,#2481,#2482,#2483));
#4496=EDGE_LOOP('',(#2484,#2485,#2486,#2487,#2488,#2489,#2490,#2491,#2492,#2493,#2494,#2495,#2496,#2497,#2498,#2499,#2500,#2501,#2502,#2503,#2504,#2505,#2506,#2507,#2508,#2509,#2510,#2511,#2512,#2513,#2514,#2515,#2516,#2517,#2518,#2519));
#4497=EDGE_LOOP('',(#2520,#2521,#2522,#2523));
#4498=EDGE_LOOP('',(#2524,#2525,#2526,#2527,#2528,#2529,#2530,#2531,#2532,#2533,#2534,#2535,#2536,#2537,#2538,#2539,#2540,#2541,#2542,#2543,#2544,#2545,#2546,#2547,#2548,#2549,#2550,#2551,#2552,#2553,#2554,#2555,#2556,#2557,#2558,#2559));
#4499=EDGE_LOOP('',(#2560,#2561,#2562,#2563));
#4500=EDGE_LOOP('',(#2564,#2565,#2566,#2567));
#4501=EDGE_LOOP('',(#2568,#2569,#2570,#2571));
#4502=EDGE_LOOP('',(#2572,#2573,#2574,#2575));
#4503=EDGE_LOOP('',(#2576,#2577,#2578,#2579));
#4504=FACE_BOUND('',#4004,.T.);
#4505=FACE_BOUND('',#4005,.T.);
#4506=FACE_BOUND('',#4006,.T.);
#4507=FACE_BOUND('',#4007,.T.);
#4508=FACE_BOUND('',#4008,.T.);
#4509=FACE_BOUND('',#4009,.T.);
#4510=FACE_BOUND('',#4010,.T.);
#4511=FACE_BOUND('',#4011,.T.);
#4512=FACE_BOUND('',#4012,.T.);
#4513=FACE_BOUND('',#4013,.T.);
#4514=FACE_BOUND('',#4014,.T.);
#4515=FACE_BOUND('',#4015,.T.);
#4516=FACE_BOUND('',#4016,.T.);
#4517=FACE_BOUND('',#4017,.T.);
#4518=FACE_BOUND('',#4018,.T.);
#4519=FACE_BOUND('',#4019,.T.);
#4520=FACE_BOUND('',#4020,.T.);
#4521=FACE_BOUND('',#4021,.T.);
#4522=FACE_BOUND('',#4022,.T.);
#4523=FACE_BOUND('',#4023,.T.);
#4524=FACE_BOUND('',#4024,.T.);
#4525=FACE_BOUND('',#4025,.T.);
#4526=FACE_BOUND('',#4026,.T.);
#4527=FACE_BOUND('',#4027,.T.);
#4528=FACE_BOUND('',#4028,.T.);
#4529=FACE_BOUND('',#4029,.T.);
#4530=FACE_BOUND('',#4030,.T.);
#4531=FACE_BOUND('',#4031,.T.);
#4532=FACE_BOUND('',#4032,.T.);
#4533=FACE_BOUND('',#4033,.T.);
#4534=FACE_BOUND('',#4034,.T.);
#4535=FACE_BOUND('',#4035,.T.);
#4536=FACE_BOUND('',#4036,.T.);
#4537=FACE_BOUND('',#4037,.T.);
#4538=FACE_BOUND('',#4038,.T.);
#4539=FACE_BOUND('',#4039,.T.);
#4540=FACE_BOUND('',#4040,.T.);
#4541=FACE_BOUND('',#4041,.T.);
#4542=FACE_BOUND('',#4042,.T.);
#4543=FACE_BOUND('',#4043,.T.);
#4544=FACE_BOUND('',#4044,.T.);
#4545=FACE_BOUND('',#4045,.T.);
#4546=FACE_BOUND('',#4046,.T.);
#4547=FACE_BOUND('',#4047,.T.);
#4548=FACE_BOUND('',#4048,.T.);
#4549=FACE_BOUND('',#4049,.T.);
#4550=FACE_BOUND('',#4050,.T.);
#4551=FACE_BOUND('',#4051,.T.);
#4552=FACE_BOUND('',#4052,.T.);
#4553=FACE_BOUND('',#4053,.T.);
#4554=FACE_BOUND('',#4054,.T.);
#4555=FACE_BOUND('',#4055,.T.);
#4556=FACE_BOUND('',#4056,.T.);
#4557=FACE_BOUND('',#4057,.T.);
#4558=FACE_BOUND('',#4058,.T.);
#4559=FACE_BOUND('',#4059,.T.);
#4560=FACE_BOUND('',#4060,.T.);
#4561=FACE_BOUND('',#4061,.T.);
#4562=FACE_BOUND('',#4062,.T.);
#4563=FACE_BOUND('',#4063,.T.);
#4564=FACE_BOUND('',#4064,.T.);
#4565=FACE_BOUND('',#4065,.T.);
#4566=FACE_BOUND('',#4066,.T.);
#4567=FACE_BOUND('',#4067,.T.);
#4568=FACE_BOUND('',#4068,.T.);
#4569=FACE_BOUND('',#4069,.T.);
#4570=FACE_BOUND('',#4070,.T.);
#4571=FACE_BOUND('',#4071,.T.);
#4572=FACE_BOUND('',#4072,.T.);
#4573=FACE_BOUND('',#4073,.T.);
#4574=FACE_BOUND('',#4074,.T.);
#4575=FACE_BOUND('',#4075,.T.);
#4576=FACE_BOUND('',#4076,.T.);
#4577=FACE_BOUND('',#4077,.T.);
#4578=FACE_BOUND('',#4078,.T.);
#4579=FACE_BOUND('',#4079,.T.);
#4580=FACE_BOUND('',#4080,.T.);
#4581=FACE_BOUND('',#4081,.T.);
#4582=FACE_BOUND('',#4082,.T.);
#4583=FACE_BOUND('',#4083,.T.);
#4584=FACE_BOUND('',#4084,.T.);
#4585=FACE_BOUND('',#4085,.T.);
#4586=FACE_BOUND('',#4086,.T.);
#4587=FACE_BOUND('',#4087,.T.);
#4588=FACE_BOUND('',#4088,.T.);
#4589=FACE_BOUND('',#4089,.T.);
#4590=FACE_BOUND('',#4090,.T.);
#4591=FACE_BOUND('',#4091,.T.);
#4592=FACE_BOUND('',#4092,.T.);
#4593=FACE_BOUND('',#4093,.T.);
#4594=FACE_BOUND('',#4094,.T.);
#4595=FACE_BOUND('',#4095,.T.);
#4596=FACE_BOUND('',#4096,.T.);
#4597=FACE_BOUND('',#4097,.T.);
#4598=FACE_BOUND('',#4098,.T.);
#4599=FACE_BOUND('',#4099,.T.);
#4600=FACE_BOUND('',#4100,.T.);
#4601=FACE_BOUND('',#4101,.T.);
#4602=FACE_BOUND('',#4102,.T.);
#4603=FACE_BOUND('',#4103,.T.);
#4604=FACE_BOUND('',#4104,.T.);
#4605=FACE_BOUND('',#4105,.T.);
#4606=FACE_BOUND('',#4106,.T.);
#4607=FACE_BOUND('',#4107,.T.);
#4608=FACE_BOUND('',#4108,.T.);
#4609=FACE_BOUND('',#4109,.T.);
#4610=FACE_BOUND('',#4110,.T.);
#4611=FACE_BOUND('',#4111,.T.);
#4612=FACE_BOUND('',#4112,.T.);
#4613=FACE_BOUND('',#4113,.T.);
#4614=FACE_BOUND('',#4114,.T.);
#4615=FACE_BOUND('',#4115,.T.);
#4616=FACE_BOUND('',#4116,.T.);
#4617=FACE_BOUND('',#4117,.T.);
#4618=FACE_BOUND('',#4118,.T.);
#4619=FACE_BOUND('',#4119,.T.);
#4620=FACE_BOUND('',#4120,.T.);
#4621=FACE_BOUND('',#4121,.T.);
#4622=FACE_BOUND('',#4122,.T.);
#4623=FACE_BOUND('',#4123,.T.);
#4624=FACE_BOUND('',#4124,.T.);
#4625=FACE_BOUND('',#4125,.T.);
#4626=FACE_BOUND('',#4126,.T.);
#4627=FACE_BOUND('',#4127,.T.);
#4628=FACE_BOUND('',#4128,.T.);
#4629=FACE_BOUND('',#4129,.T.);
#4630=FACE_BOUND('',#4130,.T.);
#4631=FACE_BOUND('',#4131,.T.);
#4632=FACE_BOUND('',#4132,.T.);
#4633=FACE_BOUND('',#4133,.T.);
#4634=FACE_BOUND('',#4134,.T.);
#4635=FACE_BOUND('',#4135,.T.);
#4636=FACE_BOUND('',#4136,.T.);
#4637=FACE_BOUND('',#4137,.T.);
#4638=FACE_BOUND('',#4138,.T.);
#4639=FACE_BOUND('',#4139,.T.);
#4640=FACE_BOUND('',#4140,.T.);
#4641=FACE_BOUND('',#4141,.T.);
#4642=FACE_BOUND('',#4142,.T.);
#4643=FACE_BOUND('',#4143,.T.);
#4644=FACE_BOUND('',#4144,.T.);
#4645=FACE_BOUND('',#4145,.T.);
#4646=FACE_BOUND('',#4146,.T.);
#4647=FACE_BOUND('',#4147,.T.);
#4648=FACE_BOUND('',#4148,.T.);
#4649=FACE_BOUND('',#4149,.T.);
#4650=FACE_BOUND('',#4150,.T.);
#4651=FACE_BOUND('',#4151,.T.);
#4652=FACE_BOUND('',#4152,.T.);
#4653=FACE_BOUND('',#4153,.T.);
#4654=FACE_BOUND('',#4154,.T.);
#4655=FACE_BOUND('',#4155,.T.);
#4656=FACE_BOUND('',#4156,.T.);
#4657=FACE_BOUND('',#4157,.T.);
#4658=FACE_BOUND('',#4158,.T.);
#4659=FACE_BOUND('',#4159,.T.);
#4660=FACE_BOUND('',#4160,.T.);
#4661=FACE_BOUND('',#4161,.T.);
#4662=FACE_BOUND('',#4162,.T.);
#4663=FACE_BOUND('',#4163,.T.);
#4664=FACE_BOUND('',#4164,.T.);
#4665=FACE_BOUND('',#4165,.T.);
#4666=FACE_BOUND('',#4166,.T.);
#4667=FACE_BOUND('',#4167,.T.);
#4668=FACE_BOUND('',#4168,.T.);
#4669=FACE_BOUND('',#4169,.T.);
#4670=FACE_BOUND('',#4170,.T.);
#4671=FACE_BOUND('',#4171,.T.);
#4672=FACE_BOUND('',#4172,.T.);
#4673=FACE_BOUND('',#4173,.T.);
#4674=FACE_BOUND('',#4174,.T.);
#4675=FACE_BOUND('',#4175,.T.);
#4676=FACE_BOUND('',#4176,.T.);
#4677=FACE_BOUND('',#4177,.T.);
#4678=FACE_BOUND('',#4178,.T.);
#4679=FACE_BOUND('',#4179,.T.);
#4680=FACE_BOUND('',#4180,.T.);
#4681=FACE_BOUND('',#4181,.T.);
#4682=FACE_BOUND('',#4182,.T.);
#4683=FACE_BOUND('',#4183,.T.);
#4684=FACE_BOUND('',#4184,.T.);
#4685=FACE_BOUND('',#4185,.T.);
#4686=FACE_BOUND('',#4186,.T.);
#4687=FACE_BOUND('',#4187,.T.);
#4688=FACE_BOUND('',#4188,.T.);
#4689=FACE_BOUND('',#4189,.T.);
#4690=FACE_BOUND('',#4190,.T.);
#4691=FACE_BOUND('',#4191,.T.);
#4692=FACE_BOUND('',#4192,.T.);
#4693=FACE_BOUND('',#4193,.T.);
#4694=FACE_BOUND('',#4194,.T.);
#4695=FACE_BOUND('',#4195,.T.);
#4696=FACE_BOUND('',#4196,.T.);
#4697=FACE_BOUND('',#4197,.T.);
#4698=FACE_BOUND('',#4198,.T.);
#4699=FACE_BOUND('',#4199,.T.);
#4700=FACE_BOUND('',#4200,.T.);
#4701=FACE_BOUND('',#4201,.T.);
#4702=FACE_BOUND('',#4202,.T.);
#4703=FACE_BOUND('',#4203,.T.);
#4704=FACE_BOUND('',#4204,.T.);
#4705=FACE_BOUND('',#4205,.T.);
#4706=FACE_BOUND('',#4206,.T.);
#4707=FACE_BOUND('',#4207,.T.);
#4708=FACE_BOUND('',#4208,.T.);
#4709=FACE_BOUND('',#4209,.T.);
#4710=FACE_BOUND('',#4210,.T.);
#4711=FACE_BOUND('',#4211,.T.);
#4712=FACE_BOUND('',#4212,.T.);
#4713=FACE_BOUND('',#4213,.T.);
#4714=FACE_BOUND('',#4214,.T.);
#4715=FACE_BOUND('',#4215,.T.);
#4716=FACE_BOUND('',#4216,.T.);
#4717=FACE_BOUND('',#4217,.T.);
#4718=FACE_BOUND('',#4218,.T.);
#4719=FACE_BOUND('',#4219,.T.);
#4720=FACE_BOUND('',#4220,.T.);
#4721=FACE_BOUND('',#4221,.T.);
#4722=FACE_BOUND('',#4222,.T.);
#4723=FACE_BOUND('',#4223,.T.);
#4724=FACE_BOUND('',#4224,.T.);
#4725=FACE_BOUND('',#4225,.T.);
#4726=FACE_BOUND('',#4226,.T.);
#4727=FACE_BOUND('',#4227,.T.);
#4728=FACE_BOUND('',#4228,.T.);
#4729=FACE_BOUND('',#4229,.T.);
#4730=FACE_BOUND('',#4230,.T.);
#4731=FACE_BOUND('',#4231,.T.);
#4732=FACE_BOUND('',#4232,.T.);
#4733=FACE_BOUND('',#4233,.T.);
#4734=FACE_BOUND('',#4234,.T.);
#4735=FACE_BOUND('',#4235,.T.);
#4736=FACE_BOUND('',#4236,.T.);
#4737=FACE_BOUND('',#4237,.T.);
#4738=FACE_BOUND('',#4238,.T.);
#4739=FACE_BOUND('',#4239,.T.);
#4740=FACE_BOUND('',#4240,.T.);
#4741=FACE_BOUND('',#4241,.T.);
#4742=FACE_BOUND('',#4242,.T.);
#4743=FACE_BOUND('',#4243,.T.);
#4744=FACE_BOUND('',#4244,.T.);
#4745=FACE_BOUND('',#4245,.T.);
#4746=FACE_BOUND('',#4246,.T.);
#4747=FACE_BOUND('',#4247,.T.);
#4748=FACE_BOUND('',#4248,.T.);
#4749=FACE_BOUND('',#4249,.T.);
#4750=FACE_BOUND('',#4250,.T.);
#4751=FACE_BOUND('',#4251,.T.);
#4752=FACE_BOUND('',#4252,.T.);
#4753=FACE_BOUND('',#4253,.T.);
#4754=FACE_BOUND('',#4254,.T.);
#4755=FACE_BOUND('',#4255,.T.);
#4756=FACE_BOUND('',#4256,.T.);
#4757=FACE_BOUND('',#4257,.T.);
#4758=FACE_BOUND('',#4258,.T.);
#4759=FACE_BOUND('',#4259,.T.);
#4760=FACE_BOUND('',#4260,.T.);
#4761=FACE_BOUND('',#4261,.T.);
#4762=FACE_BOUND('',#4262,.T.);
#4763=FACE_BOUND('',#4263,.T.);
#4764=FACE_BOUND('',#4264,.T.);
#4765=FACE_BOUND('',#4265,.T.);
#4766=FACE_BOUND('',#4266,.T.);
#4767=FACE_BOUND('',#4267,.T.);
#4768=FACE_BOUND('',#4268,.T.);
#4769=FACE_BOUND('',#4269,.T.);
#4770=FACE_BOUND('',#4270,.T.);
#4771=FACE_BOUND('',#4271,.T.);
#4772=FACE_BOUND('',#4272,.T.);
#4773=FACE_BOUND('',#4273,.T.);
#4774=FACE_BOUND('',#4274,.T.);
#4775=FACE_BOUND('',#4275,.T.);
#4776=FACE_BOUND('',#4276,.T.);
#4777=FACE_BOUND('',#4277,.T.);
#4778=FACE_BOUND('',#4278,.T.);
#4779=FACE_BOUND('',#4279,.T.);
#4780=FACE_BOUND('',#4280,.T.);
#4781=FACE_BOUND('',#4281,.T.);
#4782=FACE_BOUND('',#4282,.T.);
#4783=FACE_BOUND('',#4283,.T.);
#4784=FACE_BOUND('',#4284,.T.);
#4785=FACE_BOUND('',#4285,.T.);
#4786=FACE_BOUND('',#4286,.T.);
#4787=FACE_BOUND('',#4287,.T.);
#4788=FACE_BOUND('',#4288,.T.);
#4789=FACE_BOUND('',#4289,.T.);
#4790=FACE_BOUND('',#4290,.T.);
#4791=FACE_BOUND('',#4291,.T.);
#4792=FACE_BOUND('',#4292,.T.);
#4793=FACE_BOUND('',#4293,.T.);
#4794=FACE_BOUND('',#4294,.T.);
#4795=FACE_BOUND('',#4295,.T.);
#4796=FACE_BOUND('',#4296,.T.);
#4797=FACE_BOUND('',#4297,.T.);
#4798=FACE_BOUND('',#4298,.T.);
#4799=FACE_BOUND('',#4299,.T.);
#4800=FACE_BOUND('',#4300,.T.);
#4801=FACE_BOUND('',#4301,.T.);
#4802=FACE_BOUND('',#4302,.T.);
#4803=FACE_BOUND('',#4303,.T.);
#4804=FACE_BOUND('',#4304,.T.);
#4805=FACE_BOUND('',#4305,.T.);
#4806=FACE_BOUND('',#4306,.T.);
#4807=FACE_BOUND('',#4307,.T.);
#4808=FACE_BOUND('',#4308,.T.);
#4809=FACE_BOUND('',#4309,.T.);
#4810=FACE_BOUND('',#4310,.T.);
#4811=FACE_BOUND('',#4311,.T.);
#4812=FACE_BOUND('',#4312,.T.);
#4813=FACE_BOUND('',#4313,.T.);
#4814=FACE_BOUND('',#4314,.T.);
#4815=FACE_BOUND('',#4315,.T.);
#4816=FACE_BOUND('',#4316,.T.);
#4817=FACE_BOUND('',#4317,.T.);
#4818=FACE_BOUND('',#12,.T.);
#4819=FACE_BOUND('',#4318,.T.);
#4820=FACE_BOUND('',#4319,.T.);
#4821=FACE_BOUND('',#4320,.T.);
#4822=FACE_BOUND('',#13,.T.);
#4823=FACE_BOUND('',#4321,.T.);
#4824=FACE_BOUND('',#4322,.T.);
#4825=FACE_BOUND('',#4323,.T.);
#4826=FACE_BOUND('',#14,.T.);
#4827=FACE_BOUND('',#4324,.T.);
#4828=FACE_BOUND('',#4325,.T.);
#4829=FACE_BOUND('',#4326,.T.);
#4830=FACE_BOUND('',#15,.T.);
#4831=FACE_BOUND('',#4327,.T.);
#4832=FACE_BOUND('',#4328,.T.);
#4833=FACE_BOUND('',#4329,.T.);
#4834=FACE_BOUND('',#16,.T.);
#4835=FACE_BOUND('',#4330,.T.);
#4836=FACE_BOUND('',#4331,.T.);
#4837=FACE_BOUND('',#4332,.T.);
#4838=FACE_BOUND('',#17,.T.);
#4839=FACE_BOUND('',#4333,.T.);
#4840=FACE_BOUND('',#4334,.T.);
#4841=FACE_BOUND('',#4335,.T.);
#4842=FACE_BOUND('',#18,.T.);
#4843=FACE_BOUND('',#4336,.T.);
#4844=FACE_BOUND('',#4337,.T.);
#4845=FACE_BOUND('',#4338,.T.);
#4846=FACE_BOUND('',#19,.T.);
#4847=FACE_BOUND('',#4339,.T.);
#4848=FACE_BOUND('',#4340,.T.);
#4849=FACE_BOUND('',#4341,.T.);
#4850=FACE_BOUND('',#20,.T.);
#4851=FACE_BOUND('',#4342,.T.);
#4852=FACE_BOUND('',#4343,.T.);
#4853=FACE_BOUND('',#4344,.T.);
#4854=FACE_BOUND('',#4345,.T.);
#4855=FACE_BOUND('',#4346,.T.);
#4856=FACE_BOUND('',#4347,.T.);
#4857=FACE_BOUND('',#4348,.T.);
#4858=FACE_BOUND('',#4349,.T.);
#4859=FACE_BOUND('',#4350,.T.);
#4860=FACE_BOUND('',#4351,.T.);
#4861=FACE_BOUND('',#4352,.T.);
#4862=FACE_BOUND('',#4353,.T.);
#4863=FACE_BOUND('',#4354,.T.);
#4864=FACE_BOUND('',#4355,.T.);
#4865=FACE_BOUND('',#4356,.T.);
#4866=FACE_BOUND('',#4357,.T.);
#4867=FACE_BOUND('',#4358,.T.);
#4868=FACE_BOUND('',#4359,.T.);
#4869=FACE_BOUND('',#4360,.T.);
#4870=FACE_BOUND('',#4361,.T.);
#4871=FACE_BOUND('',#4362,.T.);
#4872=FACE_BOUND('',#4363,.T.);
#4873=FACE_BOUND('',#4364,.T.);
#4874=FACE_BOUND('',#4365,.T.);
#4875=FACE_BOUND('',#4366,.T.);
#4876=FACE_BOUND('',#4367,.T.);
#4877=FACE_BOUND('',#4368,.T.);
#4878=FACE_BOUND('',#4369,.T.);
#4879=FACE_BOUND('',#4370,.T.);
#4880=FACE_BOUND('',#4371,.T.);
#4881=FACE_BOUND('',#4372,.T.);
#4882=FACE_BOUND('',#4373,.T.);
#4883=FACE_BOUND('',#4374,.T.);
#4884=FACE_BOUND('',#4375,.T.);
#4885=FACE_BOUND('',#4376,.T.);
#4886=FACE_BOUND('',#4377,.T.);
#4887=FACE_BOUND('',#4378,.T.);
#4888=FACE_BOUND('',#4379,.T.);
#4889=FACE_BOUND('',#4380,.T.);
#4890=FACE_BOUND('',#4381,.T.);
#4891=FACE_BOUND('',#4382,.T.);
#4892=FACE_BOUND('',#4383,.T.);
#4893=FACE_BOUND('',#4384,.T.);
#4894=FACE_BOUND('',#4385,.T.);
#4895=FACE_BOUND('',#4386,.T.);
#4896=FACE_BOUND('',#4387,.T.);
#4897=FACE_BOUND('',#4388,.T.);
#4898=FACE_BOUND('',#4389,.T.);
#4899=FACE_BOUND('',#4390,.T.);
#4900=FACE_BOUND('',#4391,.T.);
#4901=FACE_BOUND('',#4392,.T.);
#4902=FACE_BOUND('',#4393,.T.);
#4903=FACE_BOUND('',#4394,.T.);
#4904=FACE_BOUND('',#4395,.T.);
#4905=FACE_BOUND('',#4396,.T.);
#4906=FACE_BOUND('',#4397,.T.);
#4907=FACE_BOUND('',#4398,.T.);
#4908=FACE_BOUND('',#4399,.T.);
#4909=FACE_BOUND('',#4400,.T.);
#4910=FACE_BOUND('',#4401,.T.);
#4911=FACE_BOUND('',#4402,.T.);
#4912=FACE_BOUND('',#4403,.T.);
#4913=FACE_BOUND('',#4404,.T.);
#4914=FACE_BOUND('',#4405,.T.);
#4915=FACE_BOUND('',#4406,.T.);
#4916=FACE_BOUND('',#4407,.T.);
#4917=FACE_BOUND('',#4408,.T.);
#4918=FACE_BOUND('',#4409,.T.);
#4919=FACE_BOUND('',#4410,.T.);
#4920=FACE_BOUND('',#4411,.T.);
#4921=FACE_BOUND('',#4412,.T.);
#4922=FACE_BOUND('',#4413,.T.);
#4923=FACE_BOUND('',#4414,.T.);
#4924=FACE_BOUND('',#4415,.T.);
#4925=FACE_BOUND('',#4416,.T.);
#4926=FACE_BOUND('',#4417,.T.);
#4927=FACE_BOUND('',#4418,.T.);
#4928=FACE_BOUND('',#4419,.T.);
#4929=FACE_BOUND('',#4420,.T.);
#4930=FACE_BOUND('',#4421,.T.);
#4931=FACE_BOUND('',#4422,.T.);
#4932=FACE_BOUND('',#4423,.T.);
#4933=FACE_BOUND('',#4424,.T.);
#4934=FACE_BOUND('',#4425,.T.);
#4935=FACE_BOUND('',#4426,.T.);
#4936=FACE_BOUND('',#4427,.T.);
#4937=FACE_BOUND('',#4428,.T.);
#4938=FACE_BOUND('',#4429,.T.);
#4939=FACE_BOUND('',#4430,.T.);
#4940=FACE_BOUND('',#4431,.T.);
#4941=FACE_BOUND('',#4432,.T.);
#4942=FACE_BOUND('',#4433,.T.);
#4943=FACE_BOUND('',#4434,.T.);
#4944=FACE_BOUND('',#4435,.T.);
#4945=FACE_BOUND('',#4436,.T.);
#4946=FACE_BOUND('',#4437,.T.);
#4947=FACE_BOUND('',#4438,.T.);
#4948=FACE_BOUND('',#4439,.T.);
#4949=FACE_BOUND('',#4440,.T.);
#4950=FACE_BOUND('',#4441,.T.);
#4951=FACE_BOUND('',#4442,.T.);
#4952=FACE_BOUND('',#4443,.T.);
#4953=FACE_BOUND('',#4444,.T.);
#4954=FACE_BOUND('',#4445,.T.);
#4955=FACE_BOUND('',#4446,.T.);
#4956=FACE_BOUND('',#4447,.T.);
#4957=FACE_BOUND('',#4448,.T.);
#4958=FACE_BOUND('',#4449,.T.);
#4959=FACE_BOUND('',#4450,.T.);
#4960=FACE_BOUND('',#4451,.T.);
#4961=FACE_BOUND('',#4452,.T.);
#4962=FACE_BOUND('',#4453,.T.);
#4963=FACE_BOUND('',#4454,.T.);
#4964=FACE_BOUND('',#4455,.T.);
#4965=FACE_BOUND('',#4456,.T.);
#4966=FACE_BOUND('',#4457,.T.);
#4967=FACE_BOUND('',#4458,.T.);
#4968=FACE_BOUND('',#4459,.T.);
#4969=FACE_BOUND('',#4460,.T.);
#4970=FACE_BOUND('',#4461,.T.);
#4971=FACE_BOUND('',#4462,.T.);
#4972=FACE_BOUND('',#4463,.T.);
#4973=FACE_BOUND('',#4464,.T.);
#4974=FACE_BOUND('',#4465,.T.);
#4975=FACE_BOUND('',#4466,.T.);
#4976=FACE_BOUND('',#4467,.T.);
#4977=FACE_BOUND('',#4468,.T.);
#4978=FACE_BOUND('',#4469,.T.);
#4979=FACE_BOUND('',#4470,.T.);
#4980=FACE_BOUND('',#4471,.T.);
#4981=FACE_BOUND('',#4472,.T.);
#4982=FACE_BOUND('',#4473,.T.);
#4983=FACE_BOUND('',#4474,.T.);
#4984=FACE_BOUND('',#4475,.T.);
#4985=FACE_BOUND('',#4476,.T.);
#4986=FACE_BOUND('',#4477,.T.);
#4987=FACE_BOUND('',#4478,.T.);
#4988=FACE_BOUND('',#4479,.T.);
#4989=FACE_BOUND('',#4480,.T.);
#4990=FACE_BOUND('',#4481,.T.);
#4991=FACE_BOUND('',#4482,.T.);
#4992=FACE_BOUND('',#4483,.T.);
#4993=FACE_BOUND('',#4484,.T.);
#4994=FACE_BOUND('',#4485,.T.);
#4995=FACE_BOUND('',#4486,.T.);
#4996=FACE_BOUND('',#4487,.T.);
#4997=FACE_BOUND('',#4488,.T.);
#4998=FACE_BOUND('',#4489,.T.);
#4999=FACE_BOUND('',#4490,.T.);
#5000=FACE_BOUND('',#4491,.T.);
#5001=FACE_BOUND('',#4492,.T.);
#5002=FACE_BOUND('',#4493,.T.);
#5003=FACE_BOUND('',#4494,.T.);
#5004=FACE_BOUND('',#4495,.T.);
#5005=FACE_BOUND('',#4496,.T.);
#5006=FACE_BOUND('',#4497,.T.);
#5007=FACE_BOUND('',#4498,.T.);
#5008=FACE_BOUND('',#4499,.T.);
#5009=FACE_BOUND('',#4500,.T.);
#5010=FACE_BOUND('',#4501,.T.);
#5011=FACE_BOUND('',#4502,.T.);
#5012=FACE_BOUND('',#4503,.T.);
#5013=PLANE('',#5662);
#5014=PLANE('',#5674);
#5015=PLANE('',#5676);
#5016=PLANE('',#5678);
#5017=PLANE('',#5679);
#5018=PLANE('',#5680);
#5019=PLANE('',#5681);
#5020=PLANE('',#5682);
#5021=PLANE('',#5683);
#5022=PLANE('',#5689);
#5023=PLANE('',#5690);
#5024=PLANE('',#5691);
#5025=PLANE('',#5692);
#5026=PLANE('',#5693);
#5027=PLANE('',#5694);
#5028=PLANE('',#5695);
#5029=PLANE('',#5696);
#5030=PLANE('',#5698);
#5031=PLANE('',#5708);
#5032=PLANE('',#5710);
#5033=PLANE('',#5714);
#5034=PLANE('',#5715);
#5035=PLANE('',#5716);
#5036=PLANE('',#5717);
#5037=PLANE('',#5718);
#5038=PLANE('',#5719);
#5039=PLANE('',#5720);
#5040=PLANE('',#5721);
#5041=PLANE('',#5723);
#5042=PLANE('',#5739);
#5043=PLANE('',#5740);
#5044=PLANE('',#5741);
#5045=PLANE('',#5750);
#5046=PLANE('',#5751);
#5047=PLANE('',#5752);
#5048=PLANE('',#5753);
#5049=PLANE('',#5754);
#5050=PLANE('',#5755);
#5051=PLANE('',#5764);
#5052=PLANE('',#5765);
#5053=PLANE('',#5766);
#5054=PLANE('',#5767);
#5055=PLANE('',#5768);
#5056=PLANE('',#5785);
#5057=PLANE('',#5788);
#5058=PLANE('',#5806);
#5059=PLANE('',#5810);
#5060=PLANE('',#5814);
#5061=PLANE('',#5815);
#5062=PLANE('',#5822);
#5063=PLANE('',#5836);
#5064=PLANE('',#5850);
#5065=PLANE('',#5851);
#5066=PLANE('',#5852);
#5067=PLANE('',#5853);
#5068=PLANE('',#5855);
#5069=PLANE('',#5857);
#5070=PLANE('',#5859);
#5071=PLANE('',#5861);
#5072=PLANE('',#5892);
#5073=PLANE('',#5894);
#5074=PLANE('',#5920);
#5075=PLANE('',#5924);
#5076=PLANE('',#5928);
#5077=PLANE('',#5929);
#5078=PLANE('',#5936);
#5079=PLANE('',#5950);
#5080=PLANE('',#5964);
#5081=PLANE('',#5965);
#5082=PLANE('',#5966);
#5083=PLANE('',#5967);
#5084=PLANE('',#5969);
#5085=PLANE('',#5971);
#5086=PLANE('',#5973);
#5087=PLANE('',#5975);
#5088=PLANE('',#6012);
#5089=PLANE('',#6014);
#5090=PLANE('',#6018);
#5091=PLANE('',#6020);
#5092=PLANE('',#6032);
#5093=PLANE('',#6033);
#5094=PLANE('',#6034);
#5095=PLANE('',#6040);
#5096=PLANE('',#6041);
#5097=PLANE('',#6042);
#5098=PLANE('',#6080);
#5099=PLANE('',#6082);
#5100=PLANE('',#6108);
#5101=PLANE('',#6109);
#5102=PLANE('',#6110);
#5103=PLANE('',#6120);
#5104=PLANE('',#6121);
#5105=PLANE('',#6122);
#5106=PLANE('',#6132);
#5107=PLANE('',#6133);
#5108=PLANE('',#6134);
#5109=PLANE('',#6144);
#5110=PLANE('',#6145);
#5111=PLANE('',#6146);
#5112=PLANE('',#6156);
#5113=PLANE('',#6157);
#5114=PLANE('',#6158);
#5115=PLANE('',#6159);
#5116=PLANE('',#6175);
#5117=PLANE('',#6191);
#5118=PLANE('',#6192);
#5119=PLANE('',#6193);
#5120=PLANE('',#6194);
#5121=PLANE('',#6195);
#5122=PLANE('',#6196);
#5123=PLANE('',#6197);
#5124=PLANE('',#6198);
#5125=PLANE('',#6199);
#5126=PLANE('',#6237);
#5127=PLANE('',#6239);
#5128=PLANE('',#6243);
#5129=PLANE('',#6245);
#5130=PLANE('',#6265);
#5131=PLANE('',#6266);
#5132=PLANE('',#6267);
#5133=PLANE('',#6274);
#5134=PLANE('',#6275);
#5135=PLANE('',#6276);
#5136=PLANE('',#6283);
#5137=PLANE('',#6284);
#5138=PLANE('',#6285);
#5139=PLANE('',#6292);
#5140=PLANE('',#6293);
#5141=PLANE('',#6294);
#5142=PLANE('',#6301);
#5143=PLANE('',#6302);
#5144=PLANE('',#6303);
#5145=PLANE('',#6304);
#5146=PLANE('',#6305);
#5147=PLANE('',#6306);
#5148=PLANE('',#6307);
#5149=PLANE('',#6308);
#5150=PLANE('',#6309);
#5151=PLANE('',#6310);
#5152=PLANE('',#6311);
#5153=PLANE('',#6312);
#5154=PLANE('',#6313);
#5155=PLANE('',#6314);
#5156=ADVANCED_FACE('',(#4504),#5013,.T.);
#5157=ADVANCED_FACE('',(#4505),#1220,.T.);
#5158=ADVANCED_FACE('',(#4506),#1221,.T.);
#5159=ADVANCED_FACE('',(#4507),#1222,.T.);
#5160=ADVANCED_FACE('',(#4508),#1223,.T.);
#5161=ADVANCED_FACE('',(#4509),#1224,.T.);
#5162=ADVANCED_FACE('',(#4510),#5014,.T.);
#5163=ADVANCED_FACE('',(#4511,#4512),#5015,.F.);
#5164=ADVANCED_FACE('',(#4513),#5016,.F.);
#5165=ADVANCED_FACE('',(#4514),#5017,.F.);
#5166=ADVANCED_FACE('',(#4515),#5018,.F.);
#5167=ADVANCED_FACE('',(#4516),#5019,.F.);
#5168=ADVANCED_FACE('',(#4517),#5020,.F.);
#5169=ADVANCED_FACE('',(#4518),#5021,.F.);
#5170=ADVANCED_FACE('',(#4519,#4520),#347,.T.);
#5171=ADVANCED_FACE('',(#4521),#1225,.T.);
#5172=ADVANCED_FACE('',(#4522,#4523),#1226,.T.);
#5173=ADVANCED_FACE('',(#4524),#5022,.T.);
#5174=ADVANCED_FACE('',(#4525),#5023,.F.);
#5175=ADVANCED_FACE('',(#4526),#5024,.F.);
#5176=ADVANCED_FACE('',(#4527),#5025,.F.);
#5177=ADVANCED_FACE('',(#4528),#5026,.F.);
#5178=ADVANCED_FACE('',(#4529),#5027,.F.);
#5179=ADVANCED_FACE('',(#4530),#5028,.F.);
#5180=ADVANCED_FACE('',(#4531),#5029,.F.);
#5181=ADVANCED_FACE('',(#4532,#4533),#5030,.F.);
#5182=ADVANCED_FACE('',(#4534,#4535),#348,.T.);
#5183=ADVANCED_FACE('',(#4536,#4537),#1227,.T.);
#5184=ADVANCED_FACE('',(#4538,#4539),#349,.T.);
#5185=ADVANCED_FACE('',(#4540,#4541),#1228,.T.);
#5186=ADVANCED_FACE('',(#4542),#5031,.T.);
#5187=ADVANCED_FACE('',(#4543),#5032,.T.);
#5188=ADVANCED_FACE('',(#4544,#4545),#350,.T.);
#5189=ADVANCED_FACE('',(#4546),#5033,.T.);
#5190=ADVANCED_FACE('',(#4547),#5034,.F.);
#5191=ADVANCED_FACE('',(#4548),#5035,.F.);
#5192=ADVANCED_FACE('',(#4549),#5036,.F.);
#5193=ADVANCED_FACE('',(#4550),#5037,.F.);
#5194=ADVANCED_FACE('',(#4551),#5038,.F.);
#5195=ADVANCED_FACE('',(#4552),#5039,.F.);
#5196=ADVANCED_FACE('',(#4553),#5040,.F.);
#5197=ADVANCED_FACE('',(#4554,#4555),#5041,.F.);
#5198=ADVANCED_FACE('',(#4556,#4557),#351,.T.);
#5199=ADVANCED_FACE('',(#4558,#4559),#1229,.T.);
#5200=ADVANCED_FACE('',(#4560,#4561),#352,.T.);
#5201=ADVANCED_FACE('',(#4562,#4563),#1230,.T.);
#5202=ADVANCED_FACE('',(#4564),#5042,.F.);
#5203=ADVANCED_FACE('',(#4565),#5043,.T.);
#5204=ADVANCED_FACE('',(#4566,#4567,#4568,#4569,#4570,#4571,#4572,#4573,#4574),#5044,.T.);
#5205=ADVANCED_FACE('',(#4575),#5045,.T.);
#5206=ADVANCED_FACE('',(#4576),#5046,.T.);
#5207=ADVANCED_FACE('',(#4577),#5047,.T.);
#5208=ADVANCED_FACE('',(#4578),#5048,.F.);
#5209=ADVANCED_FACE('',(#4579),#5049,.T.);
#5210=ADVANCED_FACE('',(#4580,#4581,#4582,#4583,#4584,#4585,#4586,#4587,#4588),#5050,.F.);
#5211=ADVANCED_FACE('',(#4589),#5051,.F.);
#5212=ADVANCED_FACE('',(#4590),#5052,.F.);
#5213=ADVANCED_FACE('',(#4591),#5053,.F.);
#5214=ADVANCED_FACE('',(#4592),#5054,.T.);
#5215=ADVANCED_FACE('',(#4593),#5055,.F.);
#5216=ADVANCED_FACE('',(#4594,#4595),#353,.F.);
#5217=ADVANCED_FACE('',(#4596,#4597),#354,.F.);
#5218=ADVANCED_FACE('',(#4598,#4599),#355,.F.);
#5219=ADVANCED_FACE('',(#4600,#4601),#356,.F.);
#5220=ADVANCED_FACE('',(#4602,#4603),#357,.F.);
#5221=ADVANCED_FACE('',(#4604,#4605),#358,.F.);
#5222=ADVANCED_FACE('',(#4606,#4607),#359,.F.);
#5223=ADVANCED_FACE('',(#4608,#4609),#360,.F.);
#5224=ADVANCED_FACE('',(#4610,#4611),#5056,.F.);
#5225=ADVANCED_FACE('',(#4612,#4613),#5057,.F.);
#5226=ADVANCED_FACE('',(#4614,#4615),#361,.F.);
#5227=ADVANCED_FACE('',(#4616,#4617),#362,.T.);
#5228=ADVANCED_FACE('',(#4618),#363,.T.);
#5229=ADVANCED_FACE('',(#4619),#364,.T.);
#5230=ADVANCED_FACE('',(#4620),#365,.T.);
#5231=ADVANCED_FACE('',(#4621),#366,.T.);
#5232=ADVANCED_FACE('',(#4622),#5058,.F.);
#5233=ADVANCED_FACE('',(#4623),#367,.F.);
#5234=ADVANCED_FACE('',(#4624),#5059,.T.);
#5235=ADVANCED_FACE('',(#4625),#368,.F.);
#5236=ADVANCED_FACE('',(#4626),#5060,.F.);
#5237=ADVANCED_FACE('',(#4627),#5061,.T.);
#5238=ADVANCED_FACE('',(#4628),#369,.F.);
#5239=ADVANCED_FACE('',(#4629),#370,.F.);
#5240=ADVANCED_FACE('',(#4630,#4631,#4632,#4633,#4634,#4635,#4636,#4637,#4638,#4639,#4640,#4641,#4642,#4643),#5062,.T.);
#5241=ADVANCED_FACE('',(#4644,#4645,#4646,#4647,#4648,#4649,#4650,#4651,#4652,#4653,#4654,#4655,#4656,#4657),#5063,.F.);
#5242=ADVANCED_FACE('',(#4658),#5064,.F.);
#5243=ADVANCED_FACE('',(#4659),#5065,.F.);
#5244=ADVANCED_FACE('',(#4660),#5066,.F.);
#5245=ADVANCED_FACE('',(#4661),#5067,.F.);
#5246=ADVANCED_FACE('',(#4662),#371,.F.);
#5247=ADVANCED_FACE('',(#4663),#5068,.T.);
#5248=ADVANCED_FACE('',(#4664),#372,.F.);
#5249=ADVANCED_FACE('',(#4665),#5069,.F.);
#5250=ADVANCED_FACE('',(#4666),#373,.F.);
#5251=ADVANCED_FACE('',(#4667),#5070,.T.);
#5252=ADVANCED_FACE('',(#4668),#374,.F.);
#5253=ADVANCED_FACE('',(#4669),#5071,.F.);
#5254=ADVANCED_FACE('',(#4670,#4671),#1231,.F.);
#5255=ADVANCED_FACE('',(#4672,#4673),#375,.F.);
#5256=ADVANCED_FACE('',(#4674,#4675),#1232,.F.);
#5257=ADVANCED_FACE('',(#4676,#4677),#376,.F.);
#5258=ADVANCED_FACE('',(#4678,#4679),#1233,.F.);
#5259=ADVANCED_FACE('',(#4680,#4681),#377,.F.);
#5260=ADVANCED_FACE('',(#4682,#4683),#1234,.F.);
#5261=ADVANCED_FACE('',(#4684,#4685),#378,.F.);
#5262=ADVANCED_FACE('',(#4686,#4687),#379,.F.);
#5263=ADVANCED_FACE('',(#4688,#4689),#1235,.F.);
#5264=ADVANCED_FACE('',(#4690,#4691),#380,.F.);
#5265=ADVANCED_FACE('',(#4692,#4693),#1236,.F.);
#5266=ADVANCED_FACE('',(#4694,#4695),#381,.F.);
#5267=ADVANCED_FACE('',(#4696,#4697),#1237,.F.);
#5268=ADVANCED_FACE('',(#4698,#4699),#382,.F.);
#5269=ADVANCED_FACE('',(#4700,#4701),#1238,.F.);
#5270=ADVANCED_FACE('',(#4702,#4703),#383,.F.);
#5271=ADVANCED_FACE('',(#4704),#5072,.T.);
#5272=ADVANCED_FACE('',(#4705),#5073,.F.);
#5273=ADVANCED_FACE('',(#4706,#4707),#384,.T.);
#5274=ADVANCED_FACE('',(#4708),#385,.T.);
#5275=ADVANCED_FACE('',(#4709),#386,.T.);
#5276=ADVANCED_FACE('',(#4710),#387,.T.);
#5277=ADVANCED_FACE('',(#4711),#388,.T.);
#5278=ADVANCED_FACE('',(#4712),#5074,.F.);
#5279=ADVANCED_FACE('',(#4713),#389,.F.);
#5280=ADVANCED_FACE('',(#4714),#5075,.T.);
#5281=ADVANCED_FACE('',(#4715),#390,.F.);
#5282=ADVANCED_FACE('',(#4716),#5076,.F.);
#5283=ADVANCED_FACE('',(#4717),#5077,.T.);
#5284=ADVANCED_FACE('',(#4718),#391,.F.);
#5285=ADVANCED_FACE('',(#4719),#392,.F.);
#5286=ADVANCED_FACE('',(#4720,#4721,#4722,#4723,#4724,#4725,#4726,#4727,#4728,#4729,#4730,#4731,#4732,#4733),#5078,.T.);
#5287=ADVANCED_FACE('',(#4734,#4735,#4736,#4737,#4738,#4739,#4740,#4741,#4742,#4743,#4744,#4745,#4746,#4747),#5079,.F.);
#5288=ADVANCED_FACE('',(#4748),#5080,.F.);
#5289=ADVANCED_FACE('',(#4749),#5081,.F.);
#5290=ADVANCED_FACE('',(#4750),#5082,.F.);
#5291=ADVANCED_FACE('',(#4751),#5083,.F.);
#5292=ADVANCED_FACE('',(#4752),#393,.F.);
#5293=ADVANCED_FACE('',(#4753),#5084,.T.);
#5294=ADVANCED_FACE('',(#4754),#394,.F.);
#5295=ADVANCED_FACE('',(#4755),#5085,.F.);
#5296=ADVANCED_FACE('',(#4756),#395,.F.);
#5297=ADVANCED_FACE('',(#4757),#5086,.T.);
#5298=ADVANCED_FACE('',(#4758),#396,.F.);
#5299=ADVANCED_FACE('',(#4759),#5087,.F.);
#5300=ADVANCED_FACE('',(#4760,#4761),#1239,.F.);
#5301=ADVANCED_FACE('',(#4762,#4763),#397,.F.);
#5302=ADVANCED_FACE('',(#4764,#4765),#1240,.F.);
#5303=ADVANCED_FACE('',(#4766,#4767),#398,.F.);
#5304=ADVANCED_FACE('',(#4768,#4769),#1241,.F.);
#5305=ADVANCED_FACE('',(#4770,#4771),#399,.F.);
#5306=ADVANCED_FACE('',(#4772,#4773),#1242,.F.);
#5307=ADVANCED_FACE('',(#4774,#4775),#400,.F.);
#5308=ADVANCED_FACE('',(#4776,#4777),#401,.F.);
#5309=ADVANCED_FACE('',(#4778,#4779),#1243,.F.);
#5310=ADVANCED_FACE('',(#4780,#4781),#402,.F.);
#5311=ADVANCED_FACE('',(#4782,#4783),#1244,.F.);
#5312=ADVANCED_FACE('',(#4784,#4785),#403,.F.);
#5313=ADVANCED_FACE('',(#4786,#4787),#1245,.F.);
#5314=ADVANCED_FACE('',(#4788,#4789),#404,.F.);
#5315=ADVANCED_FACE('',(#4790,#4791),#1246,.F.);
#5316=ADVANCED_FACE('',(#4792,#4793),#405,.F.);
#5317=ADVANCED_FACE('',(#4794),#5088,.F.);
#5318=ADVANCED_FACE('',(#4795),#5089,.T.);
#5319=ADVANCED_FACE('',(#4796,#4797),#406,.T.);
#5320=ADVANCED_FACE('',(#4798),#5090,.F.);
#5321=ADVANCED_FACE('',(#4799),#5091,.T.);
#5322=ADVANCED_FACE('',(#4800,#4801),#407,.T.);
#5323=ADVANCED_FACE('',(#4802),#5092,.T.);
#5324=ADVANCED_FACE('',(#4803),#5093,.F.);
#5325=ADVANCED_FACE('',(#4804,#4805,#4806,#4807,#4808,#4809),#5094,.F.);
#5326=ADVANCED_FACE('',(#4810),#5095,.F.);
#5327=ADVANCED_FACE('',(#4811),#5096,.F.);
#5328=ADVANCED_FACE('',(#4812,#4813,#4814,#4815,#4816),#5097,.F.);
#5329=ADVANCED_FACE('',(#4817,#4818),#1247,.F.);
#5330=ADVANCED_FACE('',(#4819,#4820),#408,.F.);
#5331=ADVANCED_FACE('',(#4821,#4822),#1248,.F.);
#5332=ADVANCED_FACE('',(#4823,#4824),#409,.F.);
#5333=ADVANCED_FACE('',(#4825,#4826),#1249,.F.);
#5334=ADVANCED_FACE('',(#4827,#4828),#410,.F.);
#5335=ADVANCED_FACE('',(#4829,#4830),#1250,.F.);
#5336=ADVANCED_FACE('',(#4831,#4832),#411,.F.);
#5337=ADVANCED_FACE('',(#4833,#4834),#1251,.F.);
#5338=ADVANCED_FACE('',(#4835,#4836),#412,.F.);
#5339=ADVANCED_FACE('',(#4837,#4838),#1252,.F.);
#5340=ADVANCED_FACE('',(#4839,#4840),#413,.F.);
#5341=ADVANCED_FACE('',(#4841,#4842),#1253,.F.);
#5342=ADVANCED_FACE('',(#4843,#4844),#414,.F.);
#5343=ADVANCED_FACE('',(#4845,#4846),#1254,.F.);
#5344=ADVANCED_FACE('',(#4847,#4848),#415,.F.);
#5345=ADVANCED_FACE('',(#4849,#4850),#1255,.F.);
#5346=ADVANCED_FACE('',(#4851,#4852),#416,.F.);
#5347=ADVANCED_FACE('',(#4853),#5098,.T.);
#5348=ADVANCED_FACE('',(#4854),#5099,.T.);
#5349=ADVANCED_FACE('',(#4855,#4856),#10,.T.);
#5350=ADVANCED_FACE('',(#4857),#417,.T.);
#5351=ADVANCED_FACE('',(#4858),#418,.T.);
#5352=ADVANCED_FACE('',(#4859),#419,.T.);
#5353=ADVANCED_FACE('',(#4860),#420,.T.);
#5354=ADVANCED_FACE('',(#4861),#421,.F.);
#5355=ADVANCED_FACE('',(#4862),#422,.F.);
#5356=ADVANCED_FACE('',(#4863),#423,.F.);
#5357=ADVANCED_FACE('',(#4864),#5100,.T.);
#5358=ADVANCED_FACE('',(#4865),#5101,.T.);
#5359=ADVANCED_FACE('',(#4866),#5102,.T.);
#5360=ADVANCED_FACE('',(#4867),#424,.F.);
#5361=ADVANCED_FACE('',(#4868),#425,.F.);
#5362=ADVANCED_FACE('',(#4869),#426,.F.);
#5363=ADVANCED_FACE('',(#4870),#5103,.T.);
#5364=ADVANCED_FACE('',(#4871),#5104,.T.);
#5365=ADVANCED_FACE('',(#4872),#5105,.T.);
#5366=ADVANCED_FACE('',(#4873),#427,.F.);
#5367=ADVANCED_FACE('',(#4874),#428,.F.);
#5368=ADVANCED_FACE('',(#4875),#429,.F.);
#5369=ADVANCED_FACE('',(#4876),#5106,.T.);
#5370=ADVANCED_FACE('',(#4877),#5107,.T.);
#5371=ADVANCED_FACE('',(#4878),#5108,.T.);
#5372=ADVANCED_FACE('',(#4879),#430,.F.);
#5373=ADVANCED_FACE('',(#4880),#431,.F.);
#5374=ADVANCED_FACE('',(#4881),#432,.F.);
#5375=ADVANCED_FACE('',(#4882),#5109,.T.);
#5376=ADVANCED_FACE('',(#4883),#5110,.T.);
#5377=ADVANCED_FACE('',(#4884),#5111,.T.);
#5378=ADVANCED_FACE('',(#4885),#433,.F.);
#5379=ADVANCED_FACE('',(#4886),#434,.F.);
#5380=ADVANCED_FACE('',(#4887),#435,.F.);
#5381=ADVANCED_FACE('',(#4888),#5112,.T.);
#5382=ADVANCED_FACE('',(#4889),#5113,.T.);
#5383=ADVANCED_FACE('',(#4890),#5114,.T.);
#5384=ADVANCED_FACE('',(#4891,#4892,#4893,#4894,#4895,#4896,#4897,#4898,#4899,#4900,#4901),#5115,.T.);
#5385=ADVANCED_FACE('',(#4902,#4903,#4904,#4905,#4906,#4907,#4908,#4909,#4910,#4911,#4912),#5116,.F.);
#5386=ADVANCED_FACE('',(#4913),#5117,.F.);
#5387=ADVANCED_FACE('',(#4914),#5118,.F.);
#5388=ADVANCED_FACE('',(#4915),#5119,.F.);
#5389=ADVANCED_FACE('',(#4916),#5120,.F.);
#5390=ADVANCED_FACE('',(#4917),#5121,.F.);
#5391=ADVANCED_FACE('',(#4918),#5122,.F.);
#5392=ADVANCED_FACE('',(#4919),#5123,.F.);
#5393=ADVANCED_FACE('',(#4920),#5124,.F.);
#5394=ADVANCED_FACE('',(#4921),#5125,.F.);
#5395=ADVANCED_FACE('',(#4922,#4923),#436,.F.);
#5396=ADVANCED_FACE('',(#4924,#4925),#1256,.F.);
#5397=ADVANCED_FACE('',(#4926,#4927),#437,.F.);
#5398=ADVANCED_FACE('',(#4928,#4929),#1257,.F.);
#5399=ADVANCED_FACE('',(#4930,#4931),#438,.F.);
#5400=ADVANCED_FACE('',(#4932,#4933),#1258,.F.);
#5401=ADVANCED_FACE('',(#4934,#4935),#439,.F.);
#5402=ADVANCED_FACE('',(#4936,#4937),#1259,.F.);
#5403=ADVANCED_FACE('',(#4938,#4939),#440,.F.);
#5404=ADVANCED_FACE('',(#4940,#4941),#1260,.F.);
#5405=ADVANCED_FACE('',(#4942,#4943),#441,.F.);
#5406=ADVANCED_FACE('',(#4944,#4945),#1261,.F.);
#5407=ADVANCED_FACE('',(#4946,#4947),#442,.F.);
#5408=ADVANCED_FACE('',(#4948,#4949),#1262,.F.);
#5409=ADVANCED_FACE('',(#4950,#4951),#443,.F.);
#5410=ADVANCED_FACE('',(#4952,#4953),#1263,.F.);
#5411=ADVANCED_FACE('',(#4954,#4955),#444,.F.);
#5412=ADVANCED_FACE('',(#4956,#4957),#1264,.F.);
#5413=ADVANCED_FACE('',(#4958,#4959),#445,.F.);
#5414=ADVANCED_FACE('',(#4960,#4961),#1265,.F.);
#5415=ADVANCED_FACE('',(#4962),#446,.F.);
#5416=ADVANCED_FACE('',(#4963),#447,.F.);
#5417=ADVANCED_FACE('',(#4964),#448,.F.);
#5418=ADVANCED_FACE('',(#4965),#449,.F.);
#5419=ADVANCED_FACE('',(#4966),#450,.F.);
#5420=ADVANCED_FACE('',(#4967),#5126,.T.);
#5421=ADVANCED_FACE('',(#4968),#5127,.T.);
#5422=ADVANCED_FACE('',(#4969,#4970),#451,.T.);
#5423=ADVANCED_FACE('',(#4971),#5128,.T.);
#5424=ADVANCED_FACE('',(#4972),#5129,.T.);
#5425=ADVANCED_FACE('',(#4973,#4974),#11,.T.);
#5426=ADVANCED_FACE('',(#4975),#452,.T.);
#5427=ADVANCED_FACE('',(#4976),#453,.T.);
#5428=ADVANCED_FACE('',(#4977),#454,.T.);
#5429=ADVANCED_FACE('',(#4978),#455,.T.);
#5430=ADVANCED_FACE('',(#4979),#5130,.T.);
#5431=ADVANCED_FACE('',(#4980),#5131,.F.);
#5432=ADVANCED_FACE('',(#4981),#5132,.F.);
#5433=ADVANCED_FACE('',(#4982),#456,.T.);
#5434=ADVANCED_FACE('',(#4983),#457,.T.);
#5435=ADVANCED_FACE('',(#4984),#5133,.T.);
#5436=ADVANCED_FACE('',(#4985),#5134,.F.);
#5437=ADVANCED_FACE('',(#4986),#5135,.F.);
#5438=ADVANCED_FACE('',(#4987),#458,.T.);
#5439=ADVANCED_FACE('',(#4988),#459,.T.);
#5440=ADVANCED_FACE('',(#4989),#5136,.T.);
#5441=ADVANCED_FACE('',(#4990),#5137,.F.);
#5442=ADVANCED_FACE('',(#4991),#5138,.F.);
#5443=ADVANCED_FACE('',(#4992),#460,.T.);
#5444=ADVANCED_FACE('',(#4993),#461,.T.);
#5445=ADVANCED_FACE('',(#4994),#5139,.T.);
#5446=ADVANCED_FACE('',(#4995),#5140,.F.);
#5447=ADVANCED_FACE('',(#4996),#5141,.F.);
#5448=ADVANCED_FACE('',(#4997),#462,.T.);
#5449=ADVANCED_FACE('',(#4998),#463,.T.);
#5450=ADVANCED_FACE('',(#4999),#5142,.T.);
#5451=ADVANCED_FACE('',(#5000),#5143,.F.);
#5452=ADVANCED_FACE('',(#5001),#5144,.F.);
#5453=ADVANCED_FACE('',(#5002),#5145,.T.);
#5454=ADVANCED_FACE('',(#5003),#5146,.F.);
#5455=ADVANCED_FACE('',(#5004),#5147,.F.);
#5456=ADVANCED_FACE('',(#5005),#5148,.F.);
#5457=ADVANCED_FACE('',(#5006),#5149,.F.);
#5458=ADVANCED_FACE('',(#5007),#5150,.F.);
#5459=ADVANCED_FACE('',(#5008),#5151,.T.);
#5460=ADVANCED_FACE('',(#5009),#5152,.T.);
#5461=ADVANCED_FACE('',(#5010),#5153,.T.);
#5462=ADVANCED_FACE('',(#5011),#5154,.T.);
#5463=ADVANCED_FACE('',(#5012),#5155,.T.);
#5464=CLOSED_SHELL('',(#5156,#5157,#5158,#5159,#5160,#5161,#5162,#5163,#5164,#5165,#5166,#5167,#5168,#5169,#5170,#5171,#5172));
#5465=CLOSED_SHELL('',(#5173,#5174,#5175,#5176,#5177,#5178,#5179,#5180,#5181,#5182,#5183,#5184,#5185));
#5466=CLOSED_SHELL('',(#5186,#5187,#5188));
#5467=CLOSED_SHELL('',(#5189,#5190,#5191,#5192,#5193,#5194,#5195,#5196,#5197,#5198,#5199,#5200,#5201));
#5468=CLOSED_SHELL('',(#5202,#5203,#5204,#5205,#5206,#5207,#5208,#5209,#5210,#5211,#5212,#5213,#5214,#5215,#5216,#5217,#5218,#5219,#5220,#5221,#5222,#5223));
#5469=CLOSED_SHELL('',(#5224,#5225,#5226,#5227));
#5470=CLOSED_SHELL('',(#5228,#5229,#5230,#5231,#5232,#5233,#5234,#5235,#5236,#5237,#5238,#5239,#5240,#5241,#5242,#5243,#5244,#5245,#5246,#5247,#5248,#5249,#5250,#5251,#5252,#5253,#5254,#5255,#5256,#5257,#5258,#5259,#5260,#5261,#5262,#5263,#5264,#5265,#5266,#5267,#5268,#5269,#5270));
#5471=CLOSED_SHELL('',(#5271,#5272,#5273));
#5472=CLOSED_SHELL('',(#5274,#5275,#5276,#5277,#5278,#5279,#5280,#5281,#5282,#5283,#5284,#5285,#5286,#5287,#5288,#5289,#5290,#5291,#5292,#5293,#5294,#5295,#5296,#5297,#5298,#5299,#5300,#5301,#5302,#5303,#5304,#5305,#5306,#5307,#5308,#5309,#5310,#5311,#5312,#5313,#5314,#5315,#5316));
#5473=CLOSED_SHELL('',(#5317,#5318,#5319));
#5474=CLOSED_SHELL('',(#5320,#5321,#5322));
#5475=CLOSED_SHELL('',(#5323,#5324,#5325,#5326,#5327,#5328,#5329,#5330,#5331,#5332,#5333,#5334,#5335,#5336,#5337,#5338,#5339,#5340,#5341,#5342,#5343,#5344,#5345,#5346));
#5476=CLOSED_SHELL('',(#5347,#5348,#5349));
#5477=CLOSED_SHELL('',(#5350,#5351,#5352,#5353,#5354,#5355,#5356,#5357,#5358,#5359,#5360,#5361,#5362,#5363,#5364,#5365,#5366,#5367,#5368,#5369,#5370,#5371,#5372,#5373,#5374,#5375,#5376,#5377,#5378,#5379,#5380,#5381,#5382,#5383,#5384,#5385,#5386,#5387,#5388,#5389,#5390,#5391,#5392,#5393,#5394,#5395,#5396,#5397,#5398,#5399,#5400,#5401,#5402,#5403,#5404,#5405,#5406,#5407,#5408,#5409,#5410,#5411,#5412,#5413,#5414,#5415,#5416,#5417,#5418,#5419));
#5478=CLOSED_SHELL('',(#5420,#5421,#5422));
#5479=CLOSED_SHELL('',(#5423,#5424,#5425));
#5480=CLOSED_SHELL('',(#5426,#5427,#5428,#5429,#5430,#5431,#5432,#5433,#5434,#5435,#5436,#5437,#5438,#5439,#5440,#5441,#5442,#5443,#5444,#5445,#5446,#5447,#5448,#5449,#5450,#5451,#5452,#5453,#5454,#5455,#5456,#5457,#5458,#5459,#5460,#5461,#5462,#5463));
#5481=STYLED_ITEM('',(#5498),#5608);
#5482=STYLED_ITEM('',(#5499),#5609);
#5483=STYLED_ITEM('',(#5500),#5610);
#5484=STYLED_ITEM('',(#5501),#5611);
#5485=STYLED_ITEM('',(#5502),#5612);
#5486=STYLED_ITEM('',(#5503),#5613);
#5487=STYLED_ITEM('',(#5504),#5614);
#5488=STYLED_ITEM('',(#5505),#5615);
#5489=STYLED_ITEM('',(#5506),#5616);
#5490=STYLED_ITEM('',(#5507),#5617);
#5491=STYLED_ITEM('',(#5508),#5618);
#5492=STYLED_ITEM('',(#5509),#5619);
#5493=STYLED_ITEM('',(#5510),#5620);
#5494=STYLED_ITEM('',(#5511),#5621);
#5495=STYLED_ITEM('',(#5512),#5622);
#5496=STYLED_ITEM('',(#5513),#5623);
#5497=STYLED_ITEM('',(#5514),#5624);
#5498=PRESENTATION_STYLE_ASSIGNMENT((#5515));
#5499=PRESENTATION_STYLE_ASSIGNMENT((#5516));
#5500=PRESENTATION_STYLE_ASSIGNMENT((#5517));
#5501=PRESENTATION_STYLE_ASSIGNMENT((#5518));
#5502=PRESENTATION_STYLE_ASSIGNMENT((#5519));
#5503=PRESENTATION_STYLE_ASSIGNMENT((#5520));
#5504=PRESENTATION_STYLE_ASSIGNMENT((#5521));
#5505=PRESENTATION_STYLE_ASSIGNMENT((#5522));
#5506=PRESENTATION_STYLE_ASSIGNMENT((#5523));
#5507=PRESENTATION_STYLE_ASSIGNMENT((#5524));
#5508=PRESENTATION_STYLE_ASSIGNMENT((#5525));
#5509=PRESENTATION_STYLE_ASSIGNMENT((#5526));
#5510=PRESENTATION_STYLE_ASSIGNMENT((#5527));
#5511=PRESENTATION_STYLE_ASSIGNMENT((#5528));
#5512=PRESENTATION_STYLE_ASSIGNMENT((#5529));
#5513=PRESENTATION_STYLE_ASSIGNMENT((#5530));
#5514=PRESENTATION_STYLE_ASSIGNMENT((#5531));
#5515=SURFACE_STYLE_USAGE(.BOTH.,#5532);
#5516=SURFACE_STYLE_USAGE(.BOTH.,#5533);
#5517=SURFACE_STYLE_USAGE(.BOTH.,#5534);
#5518=SURFACE_STYLE_USAGE(.BOTH.,#5535);
#5519=SURFACE_STYLE_USAGE(.BOTH.,#5536);
#5520=SURFACE_STYLE_USAGE(.BOTH.,#5537);
#5521=SURFACE_STYLE_USAGE(.BOTH.,#5538);
#5522=SURFACE_STYLE_USAGE(.BOTH.,#5539);
#5523=SURFACE_STYLE_USAGE(.BOTH.,#5540);
#5524=SURFACE_STYLE_USAGE(.BOTH.,#5541);
#5525=SURFACE_STYLE_USAGE(.BOTH.,#5542);
#5526=SURFACE_STYLE_USAGE(.BOTH.,#5543);
#5527=SURFACE_STYLE_USAGE(.BOTH.,#5544);
#5528=SURFACE_STYLE_USAGE(.BOTH.,#5545);
#5529=SURFACE_STYLE_USAGE(.BOTH.,#5546);
#5530=SURFACE_STYLE_USAGE(.BOTH.,#5547);
#5531=SURFACE_STYLE_USAGE(.BOTH.,#5548);
#5532=SURFACE_SIDE_STYLE('',(#5549));
#5533=SURFACE_SIDE_STYLE('',(#5550));
#5534=SURFACE_SIDE_STYLE('',(#5551));
#5535=SURFACE_SIDE_STYLE('',(#5552));
#5536=SURFACE_SIDE_STYLE('',(#5553));
#5537=SURFACE_SIDE_STYLE('',(#5554));
#5538=SURFACE_SIDE_STYLE('',(#5555));
#5539=SURFACE_SIDE_STYLE('',(#5556));
#5540=SURFACE_SIDE_STYLE('',(#5557));
#5541=SURFACE_SIDE_STYLE('',(#5558));
#5542=SURFACE_SIDE_STYLE('',(#5559));
#5543=SURFACE_SIDE_STYLE('',(#5560));
#5544=SURFACE_SIDE_STYLE('',(#5561));
#5545=SURFACE_SIDE_STYLE('',(#5562));
#5546=SURFACE_SIDE_STYLE('',(#5563));
#5547=SURFACE_SIDE_STYLE('',(#5564));
#5548=SURFACE_SIDE_STYLE('',(#5565));
#5549=SURFACE_STYLE_FILL_AREA(#5566);
#5550=SURFACE_STYLE_FILL_AREA(#5567);
#5551=SURFACE_STYLE_FILL_AREA(#5568);
#5552=SURFACE_STYLE_FILL_AREA(#5569);
#5553=SURFACE_STYLE_FILL_AREA(#5570);
#5554=SURFACE_STYLE_FILL_AREA(#5571);
#5555=SURFACE_STYLE_FILL_AREA(#5572);
#5556=SURFACE_STYLE_FILL_AREA(#5573);
#5557=SURFACE_STYLE_FILL_AREA(#5574);
#5558=SURFACE_STYLE_FILL_AREA(#5575);
#5559=SURFACE_STYLE_FILL_AREA(#5576);
#5560=SURFACE_STYLE_FILL_AREA(#5577);
#5561=SURFACE_STYLE_FILL_AREA(#5578);
#5562=SURFACE_STYLE_FILL_AREA(#5579);
#5563=SURFACE_STYLE_FILL_AREA(#5580);
#5564=SURFACE_STYLE_FILL_AREA(#5581);
#5565=SURFACE_STYLE_FILL_AREA(#5582);
#5566=FILL_AREA_STYLE('',(#5583));
#5567=FILL_AREA_STYLE('',(#5584));
#5568=FILL_AREA_STYLE('',(#5585));
#5569=FILL_AREA_STYLE('',(#5586));
#5570=FILL_AREA_STYLE('',(#5587));
#5571=FILL_AREA_STYLE('',(#5588));
#5572=FILL_AREA_STYLE('',(#5589));
#5573=FILL_AREA_STYLE('',(#5590));
#5574=FILL_AREA_STYLE('',(#5591));
#5575=FILL_AREA_STYLE('',(#5592));
#5576=FILL_AREA_STYLE('',(#5593));
#5577=FILL_AREA_STYLE('',(#5594));
#5578=FILL_AREA_STYLE('',(#5595));
#5579=FILL_AREA_STYLE('',(#5596));
#5580=FILL_AREA_STYLE('',(#5597));
#5581=FILL_AREA_STYLE('',(#5598));
#5582=FILL_AREA_STYLE('',(#5599));
#5583=FILL_AREA_STYLE_COLOUR('',#5600);
#5584=FILL_AREA_STYLE_COLOUR('',#5601);
#5585=FILL_AREA_STYLE_COLOUR('',#5602);
#5586=FILL_AREA_STYLE_COLOUR('',#5603);
#5587=FILL_AREA_STYLE_COLOUR('',#5604);
#5588=FILL_AREA_STYLE_COLOUR('',#5602);
#5589=FILL_AREA_STYLE_COLOUR('',#5605);
#5590=FILL_AREA_STYLE_COLOUR('',#5605);
#5591=FILL_AREA_STYLE_COLOUR('',#5606);
#5592=FILL_AREA_STYLE_COLOUR('',#5601);
#5593=FILL_AREA_STYLE_COLOUR('',#5607);
#5594=FILL_AREA_STYLE_COLOUR('',#5600);
#5595=FILL_AREA_STYLE_COLOUR('',#5603);
#5596=FILL_AREA_STYLE_COLOUR('',#5606);
#5597=FILL_AREA_STYLE_COLOUR('',#5604);
#5598=FILL_AREA_STYLE_COLOUR('',#5607);
#5599=FILL_AREA_STYLE_COLOUR('',#5601);
#5600=COLOUR_RGB('',0.980392156862745,0.713725490196078,0.00392156862745098);
#5601=COLOUR_RGB('',0.498039215686275,0.498039215686275,0.498039215686275);
#5602=COLOUR_RGB('',0.615686274509804,0.811764705882353,0.929411764705882);
#5603=COLOUR_RGB('',0.647058823529412,0.647058823529412,0.647058823529412);
#5604=COLOUR_RGB('',0.231372549019608,0.380392156862745,0.705882352941177);
#5605=COLOUR_RGB('',0.768627450980392,0.886274509803922,0.952941176470588);
#5606=COLOUR_RGB('',0.972549019607843,0.529411764705882,0.00392156862745098);
#5607=COLOUR_RGB('',0.917647058823529,0.917647058823529,0.917647058823529);
#5608=MANIFOLD_SOLID_BREP('DIN933-M10-VA_M10x25',#5464);
#5609=MANIFOLD_SOLID_BREP('DIN7991-M8-VA_M8x16',#5465);
#5610=MANIFOLD_SOLID_BREP('120-0007-001-009_Standard<Wie bearbeitet>',#5466);
#5611=MANIFOLD_SOLID_BREP('DIN7991-M8-VA_M8x20',#5467);
#5612=MANIFOLD_SOLID_BREP('HA-CO_S-SKVF070-0250-0256-V4A',#5468);
#5613=MANIFOLD_SOLID_BREP('DIN7349-VA_10.5',#5469);
#5614=MANIFOLD_SOLID_BREP('120-0007-001-008-S',#5470);
#5615=MANIFOLD_SOLID_BREP('120-0007-001-009_Standard<Wie bearbeitet>',#5471);
#5616=MANIFOLD_SOLID_BREP('120-0007-001-008',#5472);
#5617=MANIFOLD_SOLID_BREP('120-0007-001-008',#5473);
#5618=MANIFOLD_SOLID_BREP('120-0007-001-008-S',#5474);
#5619=MANIFOLD_SOLID_BREP('120-0007-001-010',#5475);
#5620=MANIFOLD_SOLID_BREP('120-0007-001-009_Standard<Wie bearbeitet>',#5476);
#5621=MANIFOLD_SOLID_BREP('120-0007-001-009_Standard<Wie bearbeitet>',#5477);
#5622=MANIFOLD_SOLID_BREP('120-0007-001-009_Standard<Wie bearbeitet>',#5478);
#5623=MANIFOLD_SOLID_BREP('120-0007-001-009_Standard<Wie bearbeitet>',#5479);
#5624=MANIFOLD_SOLID_BREP('120-0007-001-009_Standard<Wie bearbeitet>',#5480);
#5625=SHAPE_DEFINITION_REPRESENTATION(#9607,#5643);
#5626=SHAPE_DEFINITION_REPRESENTATION(#9608,#5644);
#5627=SHAPE_DEFINITION_REPRESENTATION(#9610,#5645);
#5628=SHAPE_DEFINITION_REPRESENTATION(#9612,#5646);
#5629=SHAPE_DEFINITION_REPRESENTATION(#9614,#5647);
#5630=SHAPE_DEFINITION_REPRESENTATION(#9622,#5648);
#5631=SHAPE_DEFINITION_REPRESENTATION(#9631,#5649);
#5632=SHAPE_DEFINITION_REPRESENTATION(#9633,#5650);
#5633=SHAPE_DEFINITION_REPRESENTATION(#9639,#5651);
#5634=SHAPE_DEFINITION_REPRESENTATION(#9651,#5652);
#5635=SHAPE_DEFINITION_REPRESENTATION(#9663,#5653);
#5636=SHAPE_DEFINITION_REPRESENTATION(#9665,#5654);
#5637=SHAPE_DEFINITION_REPRESENTATION(#9675,#5655);
#5638=SHAPE_DEFINITION_REPRESENTATION(#9682,#5656);
#5639=SHAPE_DEFINITION_REPRESENTATION(#9685,#5657);
#5640=SHAPE_DEFINITION_REPRESENTATION(#9688,#5658);
#5641=SHAPE_DEFINITION_REPRESENTATION(#9690,#5659);
#5642=SHAPE_DEFINITION_REPRESENTATION(#9696,#5660);
#5643=SHAPE_REPRESENTATION('120-0007-001-B01 (1)',(#5661,#5688,#5707,#5713,#5732,#5733,#5734,#5735,#5736,#5737,#5738,#5777,#5778,#5779,#5780,#5781,#5782,#5783,#5784,#5793,#5887,#5888,#5889,#5890,#5891,#5897,#5898,#5899,#5900,#5901,#5902,#5903,#5904,#5905,#5906,#5907,#6001,#6002,#6003,#6004,#6005,#6006,#6007,#6008,#6009,#6010,#6011,#6017,#6023,#6024,#6025,#6026,#6027,#6028,#6029,#6030,#6031,#6074,#6075,#6076,#6077,#6078,#6079,#6085,#6086,#6235,#6236,#6242,#6248,#6249,#6250,#6251,#6252,#6315),#9568);
#5644=SHAPE_REPRESENTATION('DIN933-M10-VA_M10x25',(#5661),#9569);
#5645=SHAPE_REPRESENTATION('DIN7991-M8-VA_M8x16',(#5661),#9570);
#5646=SHAPE_REPRESENTATION('120-0007-001-009_Standard<Wie bearbeitet>',(#5661),#9571);
#5647=SHAPE_REPRESENTATION('DIN7991-M8-VA_M8x20',(#5661),#9572);
#5648=SHAPE_REPRESENTATION('HA-CO_S-SKVF070-0250-0256-V4A',(#5661),#9573);
#5649=SHAPE_REPRESENTATION('DIN7349-VA_10.5',(#5661),#9574);
#5650=SHAPE_REPRESENTATION('120-0007-001-008-S',(#5661),#9575);
#5651=SHAPE_REPRESENTATION('120-0007-001-009_Standard<Wie bearbeitet>',(#5661),#9576);
#5652=SHAPE_REPRESENTATION('120-0007-001-008',(#5661),#9577);
#5653=SHAPE_REPRESENTATION('120-0007-001-008',(#5661),#9578);
#5654=SHAPE_REPRESENTATION('120-0007-001-008-S',(#5661),#9579);
#5655=SHAPE_REPRESENTATION('120-0007-001-010',(#5661),#9580);
#5656=SHAPE_REPRESENTATION('120-0007-001-009_Standard<Wie bearbeitet>',(#5661),#9581);
#5657=SHAPE_REPRESENTATION('120-0007-001-009_Standard<Wie bearbeitet>',(#5661),#9582);
#5658=SHAPE_REPRESENTATION('120-0007-001-009_Standard<Wie bearbeitet>',(#5661),#9583);
#5659=SHAPE_REPRESENTATION('120-0007-001-009_Standard<Wie bearbeitet>',(#5661),#9584);
#5660=SHAPE_REPRESENTATION('120-0007-001-009_Standard<Wie bearbeitet>',(#5661),#9585);
#5661=AXIS2_PLACEMENT_3D('',#7998,#6316,#6317);
#5662=AXIS2_PLACEMENT_3D('',#7999,#6318,#6319);
#5663=AXIS2_PLACEMENT_3D('',#8000,#6320,#6321);
#5664=AXIS2_PLACEMENT_3D('',#8003,#6322,#6323);
#5665=AXIS2_PLACEMENT_3D('',#8005,#6324,#6325);
#5666=AXIS2_PLACEMENT_3D('',#8007,#6326,#6327);
#5667=AXIS2_PLACEMENT_3D('',#8009,#6328,#6329);
#5668=AXIS2_PLACEMENT_3D('',#8011,#6330,#6331);
#5669=AXIS2_PLACEMENT_3D('',#8012,#6332,#6333);
#5670=AXIS2_PLACEMENT_3D('',#8022,#6334,#6335);
#5671=AXIS2_PLACEMENT_3D('',#8032,#6336,#6337);
#5672=AXIS2_PLACEMENT_3D('',#8042,#6338,#6339);
#5673=AXIS2_PLACEMENT_3D('',#8052,#6340,#6341);
#5674=AXIS2_PLACEMENT_3D('',#8062,#6342,#6343);
#5675=AXIS2_PLACEMENT_3D('',#8063,#6344,#6345);
#5676=AXIS2_PLACEMENT_3D('',#8065,#6346,#6347);
#5677=AXIS2_PLACEMENT_3D('',#8066,#6348,#6349);
#5678=AXIS2_PLACEMENT_3D('',#8080,#6356,#6357);
#5679=AXIS2_PLACEMENT_3D('',#8088,#6360,#6361);
#5680=AXIS2_PLACEMENT_3D('',#8090,#6363,#6364);
#5681=AXIS2_PLACEMENT_3D('',#8092,#6366,#6367);
#5682=AXIS2_PLACEMENT_3D('',#8094,#6369,#6370);
#5683=AXIS2_PLACEMENT_3D('',#8096,#6372,#6373);
#5684=AXIS2_PLACEMENT_3D('',#8101,#6374,#6375);
#5685=AXIS2_PLACEMENT_3D('',#8102,#6376,#6377);
#5686=AXIS2_PLACEMENT_3D('',#8104,#6378,#6379);
#5687=AXIS2_PLACEMENT_3D('',#8105,#6380,#6381);
#5688=AXIS2_PLACEMENT_3D('',#8106,#6382,#6383);
#5689=AXIS2_PLACEMENT_3D('',#8107,#6384,#6385);
#5690=AXIS2_PLACEMENT_3D('',#8120,#6392,#6393);
#5691=AXIS2_PLACEMENT_3D('',#8126,#6397,#6398);
#5692=AXIS2_PLACEMENT_3D('',#8130,#6401,#6402);
#5693=AXIS2_PLACEMENT_3D('',#8134,#6405,#6406);
#5694=AXIS2_PLACEMENT_3D('',#8138,#6409,#6410);
#5695=AXIS2_PLACEMENT_3D('',#8142,#6413,#6414);
#5696=AXIS2_PLACEMENT_3D('',#8144,#6416,#6417);
#5697=AXIS2_PLACEMENT_3D('',#8145,#6418,#6419);
#5698=AXIS2_PLACEMENT_3D('',#8147,#6420,#6421);
#5699=AXIS2_PLACEMENT_3D('',#8148,#6422,#6423);
#5700=AXIS2_PLACEMENT_3D('',#8150,#6424,#6425);
#5701=AXIS2_PLACEMENT_3D('',#8151,#6426,#6427);
#5702=AXIS2_PLACEMENT_3D('',#8153,#6428,#6429);
#5703=AXIS2_PLACEMENT_3D('',#8154,#6430,#6431);
#5704=AXIS2_PLACEMENT_3D('',#8156,#6432,#6433);
#5705=AXIS2_PLACEMENT_3D('',#8157,#6434,#6435);
#5706=AXIS2_PLACEMENT_3D('',#8159,#6436,#6437);
#5707=AXIS2_PLACEMENT_3D('',#8160,#6438,#6439);
#5708=AXIS2_PLACEMENT_3D('',#8161,#6440,#6441);
#5709=AXIS2_PLACEMENT_3D('',#8162,#6442,#6443);
#5710=AXIS2_PLACEMENT_3D('',#8164,#6444,#6445);
#5711=AXIS2_PLACEMENT_3D('',#8165,#6446,#6447);
#5712=AXIS2_PLACEMENT_3D('',#8167,#6448,#6449);
#5713=AXIS2_PLACEMENT_3D('',#8168,#6450,#6451);
#5714=AXIS2_PLACEMENT_3D('',#8169,#6452,#6453);
#5715=AXIS2_PLACEMENT_3D('',#8182,#6460,#6461);
#5716=AXIS2_PLACEMENT_3D('',#8188,#6465,#6466);
#5717=AXIS2_PLACEMENT_3D('',#8192,#6469,#6470);
#5718=AXIS2_PLACEMENT_3D('',#8196,#6473,#6474);
#5719=AXIS2_PLACEMENT_3D('',#8200,#6477,#6478);
#5720=AXIS2_PLACEMENT_3D('',#8204,#6481,#6482);
#5721=AXIS2_PLACEMENT_3D('',#8206,#6484,#6485);
#5722=AXIS2_PLACEMENT_3D('',#8207,#6486,#6487);
#5723=AXIS2_PLACEMENT_3D('',#8209,#6488,#6489);
#5724=AXIS2_PLACEMENT_3D('',#8210,#6490,#6491);
#5725=AXIS2_PLACEMENT_3D('',#8212,#6492,#6493);
#5726=AXIS2_PLACEMENT_3D('',#8213,#6494,#6495);
#5727=AXIS2_PLACEMENT_3D('',#8215,#6496,#6497);
#5728=AXIS2_PLACEMENT_3D('',#8216,#6498,#6499);
#5729=AXIS2_PLACEMENT_3D('',#8218,#6500,#6501);
#5730=AXIS2_PLACEMENT_3D('',#8219,#6502,#6503);
#5731=AXIS2_PLACEMENT_3D('',#8221,#6504,#6505);
#5732=AXIS2_PLACEMENT_3D('',#8222,#6506,#6507);
#5733=AXIS2_PLACEMENT_3D('',#8223,#6508,#6509);
#5734=AXIS2_PLACEMENT_3D('',#8224,#6510,#6511);
#5735=AXIS2_PLACEMENT_3D('',#8225,#6512,#6513);
#5736=AXIS2_PLACEMENT_3D('',#8226,#6514,#6515);
#5737=AXIS2_PLACEMENT_3D('',#8227,#6516,#6517);
#5738=AXIS2_PLACEMENT_3D('',#8228,#6518,#6519);
#5739=AXIS2_PLACEMENT_3D('',#8229,#6520,#6521);
#5740=AXIS2_PLACEMENT_3D('',#8254,#6534,#6535);
#5741=AXIS2_PLACEMENT_3D('',#8279,#6548,#6549);
#5742=AXIS2_PLACEMENT_3D('',#8280,#6550,#6551);
#5743=AXIS2_PLACEMENT_3D('',#8282,#6552,#6553);
#5744=AXIS2_PLACEMENT_3D('',#8284,#6554,#6555);
#5745=AXIS2_PLACEMENT_3D('',#8286,#6556,#6557);
#5746=AXIS2_PLACEMENT_3D('',#8290,#6560,#6561);
#5747=AXIS2_PLACEMENT_3D('',#8292,#6562,#6563);
#5748=AXIS2_PLACEMENT_3D('',#8294,#6564,#6565);
#5749=AXIS2_PLACEMENT_3D('',#8296,#6566,#6567);
#5750=AXIS2_PLACEMENT_3D('',#8298,#6568,#6569);
#5751=AXIS2_PLACEMENT_3D('',#8300,#6571,#6572);
#5752=AXIS2_PLACEMENT_3D('',#8302,#6574,#6575);
#5753=AXIS2_PLACEMENT_3D('',#8304,#6577,#6578);
#5754=AXIS2_PLACEMENT_3D('',#8306,#6580,#6581);
#5755=AXIS2_PLACEMENT_3D('',#8308,#6583,#6584);
#5756=AXIS2_PLACEMENT_3D('',#8309,#6585,#6586);
#5757=AXIS2_PLACEMENT_3D('',#8311,#6587,#6588);
#5758=AXIS2_PLACEMENT_3D('',#8313,#6589,#6590);
#5759=AXIS2_PLACEMENT_3D('',#8315,#6591,#6592);
#5760=AXIS2_PLACEMENT_3D('',#8318,#6594,#6595);
#5761=AXIS2_PLACEMENT_3D('',#8320,#6596,#6597);
#5762=AXIS2_PLACEMENT_3D('',#8322,#6598,#6599);
#5763=AXIS2_PLACEMENT_3D('',#8324,#6600,#6601);
#5764=AXIS2_PLACEMENT_3D('',#8326,#6602,#6603);
#5765=AXIS2_PLACEMENT_3D('',#8328,#6605,#6606);
#5766=AXIS2_PLACEMENT_3D('',#8330,#6608,#6609);
#5767=AXIS2_PLACEMENT_3D('',#8332,#6611,#6612);
#5768=AXIS2_PLACEMENT_3D('',#8334,#6614,#6615);
#5769=AXIS2_PLACEMENT_3D('',#8335,#6616,#6617);
#5770=AXIS2_PLACEMENT_3D('',#8336,#6618,#6619);
#5771=AXIS2_PLACEMENT_3D('',#8337,#6620,#6621);
#5772=AXIS2_PLACEMENT_3D('',#8338,#6622,#6623);
#5773=AXIS2_PLACEMENT_3D('',#8339,#6624,#6625);
#5774=AXIS2_PLACEMENT_3D('',#8340,#6626,#6627);
#5775=AXIS2_PLACEMENT_3D('',#8341,#6628,#6629);
#5776=AXIS2_PLACEMENT_3D('',#8342,#6630,#6631);
#5777=AXIS2_PLACEMENT_3D('',#8343,#6632,#6633);
#5778=AXIS2_PLACEMENT_3D('',#8344,#6634,#6635);
#5779=AXIS2_PLACEMENT_3D('',#8345,#6636,#6637);
#5780=AXIS2_PLACEMENT_3D('',#8346,#6638,#6639);
#5781=AXIS2_PLACEMENT_3D('',#8347,#6640,#6641);
#5782=AXIS2_PLACEMENT_3D('',#8348,#6642,#6643);
#5783=AXIS2_PLACEMENT_3D('',#8349,#6644,#6645);
#5784=AXIS2_PLACEMENT_3D('',#8350,#6646,#6647);
#5785=AXIS2_PLACEMENT_3D('',#8351,#6648,#6649);
#5786=AXIS2_PLACEMENT_3D('',#8352,#6650,#6651);
#5787=AXIS2_PLACEMENT_3D('',#8354,#6652,#6653);
#5788=AXIS2_PLACEMENT_3D('',#8356,#6654,#6655);
#5789=AXIS2_PLACEMENT_3D('',#8357,#6656,#6657);
#5790=AXIS2_PLACEMENT_3D('',#8359,#6658,#6659);
#5791=AXIS2_PLACEMENT_3D('',#8361,#6660,#6661);
#5792=AXIS2_PLACEMENT_3D('',#8362,#6662,#6663);
#5793=AXIS2_PLACEMENT_3D('',#8363,#6664,#6665);
#5794=AXIS2_PLACEMENT_3D('',#8364,#6666,#6667);
#5795=AXIS2_PLACEMENT_3D('',#8365,#6668,#6669);
#5796=AXIS2_PLACEMENT_3D('',#8370,#6671,#6672);
#5797=AXIS2_PLACEMENT_3D('',#8373,#6674,#6675);
#5798=AXIS2_PLACEMENT_3D('',#8374,#6676,#6677);
#5799=AXIS2_PLACEMENT_3D('',#8379,#6679,#6680);
#5800=AXIS2_PLACEMENT_3D('',#8382,#6682,#6683);
#5801=AXIS2_PLACEMENT_3D('',#8383,#6684,#6685);
#5802=AXIS2_PLACEMENT_3D('',#8388,#6687,#6688);
#5803=AXIS2_PLACEMENT_3D('',#8391,#6690,#6691);
#5804=AXIS2_PLACEMENT_3D('',#8392,#6692,#6693);
#5805=AXIS2_PLACEMENT_3D('',#8397,#6695,#6696);
#5806=AXIS2_PLACEMENT_3D('',#8400,#6698,#6699);
#5807=AXIS2_PLACEMENT_3D('',#8409,#6704,#6705);
#5808=AXIS2_PLACEMENT_3D('',#8410,#6706,#6707);
#5809=AXIS2_PLACEMENT_3D('',#8412,#6708,#6709);
#5810=AXIS2_PLACEMENT_3D('',#8415,#6711,#6712);
#5811=AXIS2_PLACEMENT_3D('',#8421,#6716,#6717);
#5812=AXIS2_PLACEMENT_3D('',#8422,#6718,#6719);
#5813=AXIS2_PLACEMENT_3D('',#8423,#6720,#6721);
#5814=AXIS2_PLACEMENT_3D('',#8424,#6722,#6723);
#5815=AXIS2_PLACEMENT_3D('',#8433,#6728,#6729);
#5816=AXIS2_PLACEMENT_3D('',#8442,#6734,#6735);
#5817=AXIS2_PLACEMENT_3D('',#8443,#6736,#6737);
#5818=AXIS2_PLACEMENT_3D('',#8444,#6738,#6739);
#5819=AXIS2_PLACEMENT_3D('',#8445,#6740,#6741);
#5820=AXIS2_PLACEMENT_3D('',#8446,#6742,#6743);
#5821=AXIS2_PLACEMENT_3D('',#8447,#6744,#6745);
#5822=AXIS2_PLACEMENT_3D('',#8448,#6746,#6747);
#5823=AXIS2_PLACEMENT_3D('',#8449,#6748,#6749);
#5824=AXIS2_PLACEMENT_3D('',#8454,#6751,#6752);
#5825=AXIS2_PLACEMENT_3D('',#8457,#6754,#6755);
#5826=AXIS2_PLACEMENT_3D('',#8462,#6757,#6758);
#5827=AXIS2_PLACEMENT_3D('',#8465,#6760,#6761);
#5828=AXIS2_PLACEMENT_3D('',#8467,#6762,#6763);
#5829=AXIS2_PLACEMENT_3D('',#8469,#6764,#6765);
#5830=AXIS2_PLACEMENT_3D('',#8471,#6766,#6767);
#5831=AXIS2_PLACEMENT_3D('',#8477,#6772,#6773);
#5832=AXIS2_PLACEMENT_3D('',#8479,#6774,#6775);
#5833=AXIS2_PLACEMENT_3D('',#8481,#6776,#6777);
#5834=AXIS2_PLACEMENT_3D('',#8483,#6778,#6779);
#5835=AXIS2_PLACEMENT_3D('',#8485,#6780,#6781);
#5836=AXIS2_PLACEMENT_3D('',#8487,#6782,#6783);
#5837=AXIS2_PLACEMENT_3D('',#8488,#6784,#6785);
#5838=AXIS2_PLACEMENT_3D('',#8493,#6787,#6788);
#5839=AXIS2_PLACEMENT_3D('',#8496,#6790,#6791);
#5840=AXIS2_PLACEMENT_3D('',#8501,#6793,#6794);
#5841=AXIS2_PLACEMENT_3D('',#8504,#6796,#6797);
#5842=AXIS2_PLACEMENT_3D('',#8506,#6798,#6799);
#5843=AXIS2_PLACEMENT_3D('',#8508,#6800,#6801);
#5844=AXIS2_PLACEMENT_3D('',#8510,#6802,#6803);
#5845=AXIS2_PLACEMENT_3D('',#8516,#6808,#6809);
#5846=AXIS2_PLACEMENT_3D('',#8518,#6810,#6811);
#5847=AXIS2_PLACEMENT_3D('',#8520,#6812,#6813);
#5848=AXIS2_PLACEMENT_3D('',#8522,#6814,#6815);
#5849=AXIS2_PLACEMENT_3D('',#8524,#6816,#6817);
#5850=AXIS2_PLACEMENT_3D('',#8526,#6818,#6819);
#5851=AXIS2_PLACEMENT_3D('',#8527,#6820,#6821);
#5852=AXIS2_PLACEMENT_3D('',#8528,#6822,#6823);
#5853=AXIS2_PLACEMENT_3D('',#8529,#6824,#6825);
#5854=AXIS2_PLACEMENT_3D('',#8530,#6826,#6827);
#5855=AXIS2_PLACEMENT_3D('',#8533,#6830,#6831);
#5856=AXIS2_PLACEMENT_3D('',#8535,#6833,#6834);
#5857=AXIS2_PLACEMENT_3D('',#8537,#6836,#6837);
#5858=AXIS2_PLACEMENT_3D('',#8538,#6838,#6839);
#5859=AXIS2_PLACEMENT_3D('',#8541,#6842,#6843);
#5860=AXIS2_PLACEMENT_3D('',#8543,#6845,#6846);
#5861=AXIS2_PLACEMENT_3D('',#8545,#6848,#6849);
#5862=AXIS2_PLACEMENT_3D('',#8546,#6850,#6851);
#5863=AXIS2_PLACEMENT_3D('',#8547,#6852,#6853);
#5864=AXIS2_PLACEMENT_3D('',#8549,#6854,#6855);
#5865=AXIS2_PLACEMENT_3D('',#8550,#6856,#6857);
#5866=AXIS2_PLACEMENT_3D('',#8551,#6858,#6859);
#5867=AXIS2_PLACEMENT_3D('',#8553,#6860,#6861);
#5868=AXIS2_PLACEMENT_3D('',#8554,#6862,#6863);
#5869=AXIS2_PLACEMENT_3D('',#8555,#6864,#6865);
#5870=AXIS2_PLACEMENT_3D('',#8557,#6866,#6867);
#5871=AXIS2_PLACEMENT_3D('',#8558,#6868,#6869);
#5872=AXIS2_PLACEMENT_3D('',#8559,#6870,#6871);
#5873=AXIS2_PLACEMENT_3D('',#8561,#6872,#6873);
#5874=AXIS2_PLACEMENT_3D('',#8562,#6874,#6875);
#5875=AXIS2_PLACEMENT_3D('',#8563,#6876,#6877);
#5876=AXIS2_PLACEMENT_3D('',#8565,#6878,#6879);
#5877=AXIS2_PLACEMENT_3D('',#8566,#6880,#6881);
#5878=AXIS2_PLACEMENT_3D('',#8567,#6882,#6883);
#5879=AXIS2_PLACEMENT_3D('',#8569,#6884,#6885);
#5880=AXIS2_PLACEMENT_3D('',#8570,#6886,#6887);
#5881=AXIS2_PLACEMENT_3D('',#8571,#6888,#6889);
#5882=AXIS2_PLACEMENT_3D('',#8573,#6890,#6891);
#5883=AXIS2_PLACEMENT_3D('',#8574,#6892,#6893);
#5884=AXIS2_PLACEMENT_3D('',#8575,#6894,#6895);
#5885=AXIS2_PLACEMENT_3D('',#8577,#6896,#6897);
#5886=AXIS2_PLACEMENT_3D('',#8578,#6898,#6899);
#5887=AXIS2_PLACEMENT_3D('',#8579,#6900,#6901);
#5888=AXIS2_PLACEMENT_3D('',#8580,#6902,#6903);
#5889=AXIS2_PLACEMENT_3D('',#8581,#6904,#6905);
#5890=AXIS2_PLACEMENT_3D('',#8582,#6906,#6907);
#5891=AXIS2_PLACEMENT_3D('',#8583,#6908,#6909);
#5892=AXIS2_PLACEMENT_3D('',#8584,#6910,#6911);
#5893=AXIS2_PLACEMENT_3D('',#8585,#6912,#6913);
#5894=AXIS2_PLACEMENT_3D('',#8587,#6914,#6915);
#5895=AXIS2_PLACEMENT_3D('',#8588,#6916,#6917);
#5896=AXIS2_PLACEMENT_3D('',#8590,#6918,#6919);
#5897=AXIS2_PLACEMENT_3D('',#8591,#6920,#6921);
#5898=AXIS2_PLACEMENT_3D('',#8592,#6922,#6923);
#5899=AXIS2_PLACEMENT_3D('',#8593,#6924,#6925);
#5900=AXIS2_PLACEMENT_3D('',#8594,#6926,#6927);
#5901=AXIS2_PLACEMENT_3D('',#8595,#6928,#6929);
#5902=AXIS2_PLACEMENT_3D('',#8596,#6930,#6931);
#5903=AXIS2_PLACEMENT_3D('',#8597,#6932,#6933);
#5904=AXIS2_PLACEMENT_3D('',#8598,#6934,#6935);
#5905=AXIS2_PLACEMENT_3D('',#8599,#6936,#6937);
#5906=AXIS2_PLACEMENT_3D('',#8600,#6938,#6939);
#5907=AXIS2_PLACEMENT_3D('',#8601,#6940,#6941);
#5908=AXIS2_PLACEMENT_3D('',#8602,#6942,#6943);
#5909=AXIS2_PLACEMENT_3D('',#8603,#6944,#6945);
#5910=AXIS2_PLACEMENT_3D('',#8608,#6947,#6948);
#5911=AXIS2_PLACEMENT_3D('',#8611,#6950,#6951);
#5912=AXIS2_PLACEMENT_3D('',#8612,#6952,#6953);
#5913=AXIS2_PLACEMENT_3D('',#8617,#6955,#6956);
#5914=AXIS2_PLACEMENT_3D('',#8620,#6958,#6959);
#5915=AXIS2_PLACEMENT_3D('',#8621,#6960,#6961);
#5916=AXIS2_PLACEMENT_3D('',#8626,#6963,#6964);
#5917=AXIS2_PLACEMENT_3D('',#8629,#6966,#6967);
#5918=AXIS2_PLACEMENT_3D('',#8630,#6968,#6969);
#5919=AXIS2_PLACEMENT_3D('',#8635,#6971,#6972);
#5920=AXIS2_PLACEMENT_3D('',#8638,#6974,#6975);
#5921=AXIS2_PLACEMENT_3D('',#8647,#6980,#6981);
#5922=AXIS2_PLACEMENT_3D('',#8648,#6982,#6983);
#5923=AXIS2_PLACEMENT_3D('',#8652,#6985,#6986);
#5924=AXIS2_PLACEMENT_3D('',#8653,#6987,#6988);
#5925=AXIS2_PLACEMENT_3D('',#8659,#6992,#6993);
#5926=AXIS2_PLACEMENT_3D('',#8660,#6994,#6995);
#5927=AXIS2_PLACEMENT_3D('',#8661,#6996,#6997);
#5928=AXIS2_PLACEMENT_3D('',#8662,#6998,#6999);
#5929=AXIS2_PLACEMENT_3D('',#8671,#7004,#7005);
#5930=AXIS2_PLACEMENT_3D('',#8680,#7010,#7011);
#5931=AXIS2_PLACEMENT_3D('',#8681,#7012,#7013);
#5932=AXIS2_PLACEMENT_3D('',#8682,#7014,#7015);
#5933=AXIS2_PLACEMENT_3D('',#8683,#7016,#7017);
#5934=AXIS2_PLACEMENT_3D('',#8684,#7018,#7019);
#5935=AXIS2_PLACEMENT_3D('',#8685,#7020,#7021);
#5936=AXIS2_PLACEMENT_3D('',#8686,#7022,#7023);
#5937=AXIS2_PLACEMENT_3D('',#8687,#7024,#7025);
#5938=AXIS2_PLACEMENT_3D('',#8692,#7027,#7028);
#5939=AXIS2_PLACEMENT_3D('',#8695,#7030,#7031);
#5940=AXIS2_PLACEMENT_3D('',#8700,#7033,#7034);
#5941=AXIS2_PLACEMENT_3D('',#8703,#7036,#7037);
#5942=AXIS2_PLACEMENT_3D('',#8705,#7038,#7039);
#5943=AXIS2_PLACEMENT_3D('',#8707,#7040,#7041);
#5944=AXIS2_PLACEMENT_3D('',#8709,#7042,#7043);
#5945=AXIS2_PLACEMENT_3D('',#8715,#7048,#7049);
#5946=AXIS2_PLACEMENT_3D('',#8717,#7050,#7051);
#5947=AXIS2_PLACEMENT_3D('',#8719,#7052,#7053);
#5948=AXIS2_PLACEMENT_3D('',#8721,#7054,#7055);
#5949=AXIS2_PLACEMENT_3D('',#8723,#7056,#7057);
#5950=AXIS2_PLACEMENT_3D('',#8725,#7058,#7059);
#5951=AXIS2_PLACEMENT_3D('',#8726,#7060,#7061);
#5952=AXIS2_PLACEMENT_3D('',#8731,#7063,#7064);
#5953=AXIS2_PLACEMENT_3D('',#8734,#7066,#7067);
#5954=AXIS2_PLACEMENT_3D('',#8739,#7069,#7070);
#5955=AXIS2_PLACEMENT_3D('',#8742,#7072,#7073);
#5956=AXIS2_PLACEMENT_3D('',#8744,#7074,#7075);
#5957=AXIS2_PLACEMENT_3D('',#8746,#7076,#7077);
#5958=AXIS2_PLACEMENT_3D('',#8748,#7078,#7079);
#5959=AXIS2_PLACEMENT_3D('',#8754,#7084,#7085);
#5960=AXIS2_PLACEMENT_3D('',#8756,#7086,#7087);
#5961=AXIS2_PLACEMENT_3D('',#8758,#7088,#7089);
#5962=AXIS2_PLACEMENT_3D('',#8760,#7090,#7091);
#5963=AXIS2_PLACEMENT_3D('',#8762,#7092,#7093);
#5964=AXIS2_PLACEMENT_3D('',#8764,#7094,#7095);
#5965=AXIS2_PLACEMENT_3D('',#8765,#7096,#7097);
#5966=AXIS2_PLACEMENT_3D('',#8766,#7098,#7099);
#5967=AXIS2_PLACEMENT_3D('',#8767,#7100,#7101);
#5968=AXIS2_PLACEMENT_3D('',#8768,#7102,#7103);
#5969=AXIS2_PLACEMENT_3D('',#8771,#7106,#7107);
#5970=AXIS2_PLACEMENT_3D('',#8773,#7109,#7110);
#5971=AXIS2_PLACEMENT_3D('',#8775,#7112,#7113);
#5972=AXIS2_PLACEMENT_3D('',#8776,#7114,#7115);
#5973=AXIS2_PLACEMENT_3D('',#8779,#7118,#7119);
#5974=AXIS2_PLACEMENT_3D('',#8781,#7121,#7122);
#5975=AXIS2_PLACEMENT_3D('',#8783,#7124,#7125);
#5976=AXIS2_PLACEMENT_3D('',#8784,#7126,#7127);
#5977=AXIS2_PLACEMENT_3D('',#8785,#7128,#7129);
#5978=AXIS2_PLACEMENT_3D('',#8787,#7130,#7131);
#5979=AXIS2_PLACEMENT_3D('',#8788,#7132,#7133);
#5980=AXIS2_PLACEMENT_3D('',#8789,#7134,#7135);
#5981=AXIS2_PLACEMENT_3D('',#8791,#7136,#7137);
#5982=AXIS2_PLACEMENT_3D('',#8792,#7138,#7139);
#5983=AXIS2_PLACEMENT_3D('',#8793,#7140,#7141);
#5984=AXIS2_PLACEMENT_3D('',#8795,#7142,#7143);
#5985=AXIS2_PLACEMENT_3D('',#8796,#7144,#7145);
#5986=AXIS2_PLACEMENT_3D('',#8797,#7146,#7147);
#5987=AXIS2_PLACEMENT_3D('',#8799,#7148,#7149);
#5988=AXIS2_PLACEMENT_3D('',#8800,#7150,#7151);
#5989=AXIS2_PLACEMENT_3D('',#8801,#7152,#7153);
#5990=AXIS2_PLACEMENT_3D('',#8803,#7154,#7155);
#5991=AXIS2_PLACEMENT_3D('',#8804,#7156,#7157);
#5992=AXIS2_PLACEMENT_3D('',#8805,#7158,#7159);
#5993=AXIS2_PLACEMENT_3D('',#8807,#7160,#7161);
#5994=AXIS2_PLACEMENT_3D('',#8808,#7162,#7163);
#5995=AXIS2_PLACEMENT_3D('',#8809,#7164,#7165);
#5996=AXIS2_PLACEMENT_3D('',#8811,#7166,#7167);
#5997=AXIS2_PLACEMENT_3D('',#8812,#7168,#7169);
#5998=AXIS2_PLACEMENT_3D('',#8813,#7170,#7171);
#5999=AXIS2_PLACEMENT_3D('',#8815,#7172,#7173);
#6000=AXIS2_PLACEMENT_3D('',#8816,#7174,#7175);
#6001=AXIS2_PLACEMENT_3D('',#8817,#7176,#7177);
#6002=AXIS2_PLACEMENT_3D('',#8818,#7178,#7179);
#6003=AXIS2_PLACEMENT_3D('',#8819,#7180,#7181);
#6004=AXIS2_PLACEMENT_3D('',#8820,#7182,#7183);
#6005=AXIS2_PLACEMENT_3D('',#8821,#7184,#7185);
#6006=AXIS2_PLACEMENT_3D('',#8822,#7186,#7187);
#6007=AXIS2_PLACEMENT_3D('',#8823,#7188,#7189);
#6008=AXIS2_PLACEMENT_3D('',#8824,#7190,#7191);
#6009=AXIS2_PLACEMENT_3D('',#8825,#7192,#7193);
#6010=AXIS2_PLACEMENT_3D('',#8826,#7194,#7195);
#6011=AXIS2_PLACEMENT_3D('',#8827,#7196,#7197);
#6012=AXIS2_PLACEMENT_3D('',#8828,#7198,#7199);
#6013=AXIS2_PLACEMENT_3D('',#8829,#7200,#7201);
#6014=AXIS2_PLACEMENT_3D('',#8831,#7202,#7203);
#6015=AXIS2_PLACEMENT_3D('',#8832,#7204,#7205);
#6016=AXIS2_PLACEMENT_3D('',#8834,#7206,#7207);
#6017=AXIS2_PLACEMENT_3D('',#8835,#7208,#7209);
#6018=AXIS2_PLACEMENT_3D('',#8836,#7210,#7211);
#6019=AXIS2_PLACEMENT_3D('',#8837,#7212,#7213);
#6020=AXIS2_PLACEMENT_3D('',#8839,#7214,#7215);
#6021=AXIS2_PLACEMENT_3D('',#8840,#7216,#7217);
#6022=AXIS2_PLACEMENT_3D('',#8842,#7218,#7219);
#6023=AXIS2_PLACEMENT_3D('',#8843,#7220,#7221);
#6024=AXIS2_PLACEMENT_3D('',#8844,#7222,#7223);
#6025=AXIS2_PLACEMENT_3D('',#8845,#7224,#7225);
#6026=AXIS2_PLACEMENT_3D('',#8846,#7226,#7227);
#6027=AXIS2_PLACEMENT_3D('',#8847,#7228,#7229);
#6028=AXIS2_PLACEMENT_3D('',#8848,#7230,#7231);
#6029=AXIS2_PLACEMENT_3D('',#8849,#7232,#7233);
#6030=AXIS2_PLACEMENT_3D('',#8850,#7234,#7235);
#6031=AXIS2_PLACEMENT_3D('',#8851,#7236,#7237);
#6032=AXIS2_PLACEMENT_3D('',#8852,#7238,#7239);
#6033=AXIS2_PLACEMENT_3D('',#8861,#7244,#7245);
#6034=AXIS2_PLACEMENT_3D('',#8870,#7250,#7251);
#6035=AXIS2_PLACEMENT_3D('',#8873,#7254,#7255);
#6036=AXIS2_PLACEMENT_3D('',#8875,#7256,#7257);
#6037=AXIS2_PLACEMENT_3D('',#8877,#7258,#7259);
#6038=AXIS2_PLACEMENT_3D('',#8879,#7260,#7261);
#6039=AXIS2_PLACEMENT_3D('',#8881,#7262,#7263);
#6040=AXIS2_PLACEMENT_3D('',#8883,#7264,#7265);
#6041=AXIS2_PLACEMENT_3D('',#8885,#7267,#7268);
#6042=AXIS2_PLACEMENT_3D('',#8887,#7270,#7271);
#6043=AXIS2_PLACEMENT_3D('',#8888,#7272,#7273);
#6044=AXIS2_PLACEMENT_3D('',#8890,#7274,#7275);
#6045=AXIS2_PLACEMENT_3D('',#8892,#7276,#7277);
#6046=AXIS2_PLACEMENT_3D('',#8894,#7278,#7279);
#6047=AXIS2_PLACEMENT_3D('',#8896,#7280,#7281);
#6048=AXIS2_PLACEMENT_3D('',#8897,#7282,#7283);
#6049=AXIS2_PLACEMENT_3D('',#8900,#7284,#7285);
#6050=AXIS2_PLACEMENT_3D('',#8901,#7286,#7287);
#6051=AXIS2_PLACEMENT_3D('',#8902,#7288,#7289);
#6052=AXIS2_PLACEMENT_3D('',#8905,#7290,#7291);
#6053=AXIS2_PLACEMENT_3D('',#8906,#7292,#7293);
#6054=AXIS2_PLACEMENT_3D('',#8907,#7294,#7295);
#6055=AXIS2_PLACEMENT_3D('',#8910,#7296,#7297);
#6056=AXIS2_PLACEMENT_3D('',#8911,#7298,#7299);
#6057=AXIS2_PLACEMENT_3D('',#8912,#7300,#7301);
#6058=AXIS2_PLACEMENT_3D('',#8915,#7302,#7303);
#6059=AXIS2_PLACEMENT_3D('',#8916,#7304,#7305);
#6060=AXIS2_PLACEMENT_3D('',#8917,#7306,#7307);
#6061=AXIS2_PLACEMENT_3D('',#8920,#7308,#7309);
#6062=AXIS2_PLACEMENT_3D('',#8921,#7310,#7311);
#6063=AXIS2_PLACEMENT_3D('',#8922,#7312,#7313);
#6064=AXIS2_PLACEMENT_3D('',#8925,#7314,#7315);
#6065=AXIS2_PLACEMENT_3D('',#8926,#7316,#7317);
#6066=AXIS2_PLACEMENT_3D('',#8927,#7318,#7319);
#6067=AXIS2_PLACEMENT_3D('',#8930,#7320,#7321);
#6068=AXIS2_PLACEMENT_3D('',#8931,#7322,#7323);
#6069=AXIS2_PLACEMENT_3D('',#8932,#7324,#7325);
#6070=AXIS2_PLACEMENT_3D('',#8935,#7326,#7327);
#6071=AXIS2_PLACEMENT_3D('',#8936,#7328,#7329);
#6072=AXIS2_PLACEMENT_3D('',#8937,#7330,#7331);
#6073=AXIS2_PLACEMENT_3D('',#8940,#7332,#7333);
#6074=AXIS2_PLACEMENT_3D('',#8941,#7334,#7335);
#6075=AXIS2_PLACEMENT_3D('',#8942,#7336,#7337);
#6076=AXIS2_PLACEMENT_3D('',#8943,#7338,#7339);
#6077=AXIS2_PLACEMENT_3D('',#8944,#7340,#7341);
#6078=AXIS2_PLACEMENT_3D('',#8945,#7342,#7343);
#6079=AXIS2_PLACEMENT_3D('',#8946,#7344,#7345);
#6080=AXIS2_PLACEMENT_3D('',#8947,#7346,#7347);
#6081=AXIS2_PLACEMENT_3D('',#8948,#7348,#7349);
#6082=AXIS2_PLACEMENT_3D('',#8950,#7350,#7351);
#6083=AXIS2_PLACEMENT_3D('',#8951,#7352,#7353);
#6084=AXIS2_PLACEMENT_3D('',#8953,#7354,#7355);
#6085=AXIS2_PLACEMENT_3D('',#8954,#7356,#7357);
#6086=AXIS2_PLACEMENT_3D('',#8955,#7358,#7359);
#6087=AXIS2_PLACEMENT_3D('',#8956,#7360,#7361);
#6088=AXIS2_PLACEMENT_3D('',#8957,#7362,#7363);
#6089=AXIS2_PLACEMENT_3D('',#8962,#7365,#7366);
#6090=AXIS2_PLACEMENT_3D('',#8965,#7368,#7369);
#6091=AXIS2_PLACEMENT_3D('',#8966,#7370,#7371);
#6092=AXIS2_PLACEMENT_3D('',#8971,#7373,#7374);
#6093=AXIS2_PLACEMENT_3D('',#8974,#7376,#7377);
#6094=AXIS2_PLACEMENT_3D('',#8975,#7378,#7379);
#6095=AXIS2_PLACEMENT_3D('',#8980,#7381,#7382);
#6096=AXIS2_PLACEMENT_3D('',#8983,#7384,#7385);
#6097=AXIS2_PLACEMENT_3D('',#8984,#7386,#7387);
#6098=AXIS2_PLACEMENT_3D('',#8989,#7389,#7390);
#6099=AXIS2_PLACEMENT_3D('',#8992,#7392,#7393);
#6100=AXIS2_PLACEMENT_3D('',#8993,#7394,#7395);
#6101=AXIS2_PLACEMENT_3D('',#8998,#7397,#7398);
#6102=AXIS2_PLACEMENT_3D('',#9001,#7400,#7401);
#6103=AXIS2_PLACEMENT_3D('',#9002,#7402,#7403);
#6104=AXIS2_PLACEMENT_3D('',#9007,#7405,#7406);
#6105=AXIS2_PLACEMENT_3D('',#9010,#7408,#7409);
#6106=AXIS2_PLACEMENT_3D('',#9014,#7411,#7412);
#6107=AXIS2_PLACEMENT_3D('',#9018,#7414,#7415);
#6108=AXIS2_PLACEMENT_3D('',#9019,#7416,#7417);
#6109=AXIS2_PLACEMENT_3D('',#9025,#7421,#7422);
#6110=AXIS2_PLACEMENT_3D('',#9031,#7426,#7427);
#6111=AXIS2_PLACEMENT_3D('',#9034,#7430,#7431);
#6112=AXIS2_PLACEMENT_3D('',#9035,#7432,#7433);
#6113=AXIS2_PLACEMENT_3D('',#9040,#7435,#7436);
#6114=AXIS2_PLACEMENT_3D('',#9043,#7438,#7439);
#6115=AXIS2_PLACEMENT_3D('',#9044,#7440,#7441);
#6116=AXIS2_PLACEMENT_3D('',#9049,#7443,#7444);
#6117=AXIS2_PLACEMENT_3D('',#9052,#7446,#7447);
#6118=AXIS2_PLACEMENT_3D('',#9056,#7449,#7450);
#6119=AXIS2_PLACEMENT_3D('',#9060,#7452,#7453);
#6120=AXIS2_PLACEMENT_3D('',#9061,#7454,#7455);
#6121=AXIS2_PLACEMENT_3D('',#9067,#7459,#7460);
#6122=AXIS2_PLACEMENT_3D('',#9073,#7464,#7465);
#6123=AXIS2_PLACEMENT_3D('',#9076,#7468,#7469);
#6124=AXIS2_PLACEMENT_3D('',#9077,#7470,#7471);
#6125=AXIS2_PLACEMENT_3D('',#9082,#7473,#7474);
#6126=AXIS2_PLACEMENT_3D('',#9085,#7476,#7477);
#6127=AXIS2_PLACEMENT_3D('',#9086,#7478,#7479);
#6128=AXIS2_PLACEMENT_3D('',#9091,#7481,#7482);
#6129=AXIS2_PLACEMENT_3D('',#9094,#7484,#7485);
#6130=AXIS2_PLACEMENT_3D('',#9098,#7487,#7488);
#6131=AXIS2_PLACEMENT_3D('',#9102,#7490,#7491);
#6132=AXIS2_PLACEMENT_3D('',#9103,#7492,#7493);
#6133=AXIS2_PLACEMENT_3D('',#9109,#7497,#7498);
#6134=AXIS2_PLACEMENT_3D('',#9115,#7502,#7503);
#6135=AXIS2_PLACEMENT_3D('',#9118,#7506,#7507);
#6136=AXIS2_PLACEMENT_3D('',#9119,#7508,#7509);
#6137=AXIS2_PLACEMENT_3D('',#9124,#7511,#7512);
#6138=AXIS2_PLACEMENT_3D('',#9127,#7514,#7515);
#6139=AXIS2_PLACEMENT_3D('',#9128,#7516,#7517);
#6140=AXIS2_PLACEMENT_3D('',#9133,#7519,#7520);
#6141=AXIS2_PLACEMENT_3D('',#9136,#7522,#7523);
#6142=AXIS2_PLACEMENT_3D('',#9140,#7525,#7526);
#6143=AXIS2_PLACEMENT_3D('',#9144,#7528,#7529);
#6144=AXIS2_PLACEMENT_3D('',#9145,#7530,#7531);
#6145=AXIS2_PLACEMENT_3D('',#9151,#7535,#7536);
#6146=AXIS2_PLACEMENT_3D('',#9157,#7540,#7541);
#6147=AXIS2_PLACEMENT_3D('',#9160,#7544,#7545);
#6148=AXIS2_PLACEMENT_3D('',#9161,#7546,#7547);
#6149=AXIS2_PLACEMENT_3D('',#9166,#7549,#7550);
#6150=AXIS2_PLACEMENT_3D('',#9169,#7552,#7553);
#6151=AXIS2_PLACEMENT_3D('',#9170,#7554,#7555);
#6152=AXIS2_PLACEMENT_3D('',#9175,#7557,#7558);
#6153=AXIS2_PLACEMENT_3D('',#9178,#7560,#7561);
#6154=AXIS2_PLACEMENT_3D('',#9182,#7563,#7564);
#6155=AXIS2_PLACEMENT_3D('',#9186,#7566,#7567);
#6156=AXIS2_PLACEMENT_3D('',#9187,#7568,#7569);
#6157=AXIS2_PLACEMENT_3D('',#9193,#7573,#7574);
#6158=AXIS2_PLACEMENT_3D('',#9199,#7578,#7579);
#6159=AXIS2_PLACEMENT_3D('',#9202,#7582,#7583);
#6160=AXIS2_PLACEMENT_3D('',#9203,#7584,#7585);
#6161=AXIS2_PLACEMENT_3D('',#9205,#7586,#7587);
#6162=AXIS2_PLACEMENT_3D('',#9207,#7588,#7589);
#6163=AXIS2_PLACEMENT_3D('',#9209,#7590,#7591);
#6164=AXIS2_PLACEMENT_3D('',#9211,#7592,#7593);
#6165=AXIS2_PLACEMENT_3D('',#9213,#7594,#7595);
#6166=AXIS2_PLACEMENT_3D('',#9215,#7596,#7597);
#6167=AXIS2_PLACEMENT_3D('',#9217,#7598,#7599);
#6168=AXIS2_PLACEMENT_3D('',#9219,#7600,#7601);
#6169=AXIS2_PLACEMENT_3D('',#9221,#7602,#7603);
#6170=AXIS2_PLACEMENT_3D('',#9225,#7606,#7607);
#6171=AXIS2_PLACEMENT_3D('',#9227,#7609,#7610);
#6172=AXIS2_PLACEMENT_3D('',#9229,#7612,#7613);
#6173=AXIS2_PLACEMENT_3D('',#9231,#7615,#7616);
#6174=AXIS2_PLACEMENT_3D('',#9233,#7618,#7619);
#6175=AXIS2_PLACEMENT_3D('',#9237,#7623,#7624);
#6176=AXIS2_PLACEMENT_3D('',#9243,#7630,#7631);
#6177=AXIS2_PLACEMENT_3D('',#9245,#7633,#7634);
#6178=AXIS2_PLACEMENT_3D('',#9247,#7636,#7637);
#6179=AXIS2_PLACEMENT_3D('',#9249,#7639,#7640);
#6180=AXIS2_PLACEMENT_3D('',#9251,#7642,#7643);
#6181=AXIS2_PLACEMENT_3D('',#9252,#7644,#7645);
#6182=AXIS2_PLACEMENT_3D('',#9254,#7646,#7647);
#6183=AXIS2_PLACEMENT_3D('',#9256,#7648,#7649);
#6184=AXIS2_PLACEMENT_3D('',#9258,#7650,#7651);
#6185=AXIS2_PLACEMENT_3D('',#9260,#7652,#7653);
#6186=AXIS2_PLACEMENT_3D('',#9262,#7654,#7655);
#6187=AXIS2_PLACEMENT_3D('',#9264,#7656,#7657);
#6188=AXIS2_PLACEMENT_3D('',#9266,#7658,#7659);
#6189=AXIS2_PLACEMENT_3D('',#9268,#7660,#7661);
#6190=AXIS2_PLACEMENT_3D('',#9270,#7662,#7663);
#6191=AXIS2_PLACEMENT_3D('',#9272,#7664,#7665);
#6192=AXIS2_PLACEMENT_3D('',#9273,#7666,#7667);
#6193=AXIS2_PLACEMENT_3D('',#9274,#7668,#7669);
#6194=AXIS2_PLACEMENT_3D('',#9275,#7670,#7671);
#6195=AXIS2_PLACEMENT_3D('',#9276,#7672,#7673);
#6196=AXIS2_PLACEMENT_3D('',#9277,#7674,#7675);
#6197=AXIS2_PLACEMENT_3D('',#9278,#7676,#7677);
#6198=AXIS2_PLACEMENT_3D('',#9279,#7678,#7679);
#6199=AXIS2_PLACEMENT_3D('',#9280,#7680,#7681);
#6200=AXIS2_PLACEMENT_3D('',#9281,#7682,#7683);
#6201=AXIS2_PLACEMENT_3D('',#9282,#7684,#7685);
#6202=AXIS2_PLACEMENT_3D('',#9284,#7686,#7687);
#6203=AXIS2_PLACEMENT_3D('',#9285,#7688,#7689);
#6204=AXIS2_PLACEMENT_3D('',#9286,#7690,#7691);
#6205=AXIS2_PLACEMENT_3D('',#9288,#7692,#7693);
#6206=AXIS2_PLACEMENT_3D('',#9289,#7694,#7695);
#6207=AXIS2_PLACEMENT_3D('',#9290,#7696,#7697);
#6208=AXIS2_PLACEMENT_3D('',#9292,#7698,#7699);
#6209=AXIS2_PLACEMENT_3D('',#9293,#7700,#7701);
#6210=AXIS2_PLACEMENT_3D('',#9294,#7702,#7703);
#6211=AXIS2_PLACEMENT_3D('',#9296,#7704,#7705);
#6212=AXIS2_PLACEMENT_3D('',#9297,#7706,#7707);
#6213=AXIS2_PLACEMENT_3D('',#9298,#7708,#7709);
#6214=AXIS2_PLACEMENT_3D('',#9300,#7710,#7711);
#6215=AXIS2_PLACEMENT_3D('',#9301,#7712,#7713);
#6216=AXIS2_PLACEMENT_3D('',#9302,#7714,#7715);
#6217=AXIS2_PLACEMENT_3D('',#9304,#7716,#7717);
#6218=AXIS2_PLACEMENT_3D('',#9305,#7718,#7719);
#6219=AXIS2_PLACEMENT_3D('',#9306,#7720,#7721);
#6220=AXIS2_PLACEMENT_3D('',#9308,#7722,#7723);
#6221=AXIS2_PLACEMENT_3D('',#9309,#7724,#7725);
#6222=AXIS2_PLACEMENT_3D('',#9310,#7726,#7727);
#6223=AXIS2_PLACEMENT_3D('',#9312,#7728,#7729);
#6224=AXIS2_PLACEMENT_3D('',#9313,#7730,#7731);
#6225=AXIS2_PLACEMENT_3D('',#9314,#7732,#7733);
#6226=AXIS2_PLACEMENT_3D('',#9316,#7734,#7735);
#6227=AXIS2_PLACEMENT_3D('',#9317,#7736,#7737);
#6228=AXIS2_PLACEMENT_3D('',#9318,#7738,#7739);
#6229=AXIS2_PLACEMENT_3D('',#9320,#7740,#7741);
#6230=AXIS2_PLACEMENT_3D('',#9321,#7742,#7743);
#6231=AXIS2_PLACEMENT_3D('',#9322,#7744,#7745);
#6232=AXIS2_PLACEMENT_3D('',#9323,#7746,#7747);
#6233=AXIS2_PLACEMENT_3D('',#9324,#7748,#7749);
#6234=AXIS2_PLACEMENT_3D('',#9325,#7750,#7751);
#6235=AXIS2_PLACEMENT_3D('',#9326,#7752,#7753);
#6236=AXIS2_PLACEMENT_3D('',#9327,#7754,#7755);
#6237=AXIS2_PLACEMENT_3D('',#9328,#7756,#7757);
#6238=AXIS2_PLACEMENT_3D('',#9329,#7758,#7759);
#6239=AXIS2_PLACEMENT_3D('',#9331,#7760,#7761);
#6240=AXIS2_PLACEMENT_3D('',#9332,#7762,#7763);
#6241=AXIS2_PLACEMENT_3D('',#9334,#7764,#7765);
#6242=AXIS2_PLACEMENT_3D('',#9335,#7766,#7767);
#6243=AXIS2_PLACEMENT_3D('',#9336,#7768,#7769);
#6244=AXIS2_PLACEMENT_3D('',#9337,#7770,#7771);
#6245=AXIS2_PLACEMENT_3D('',#9339,#7772,#7773);
#6246=AXIS2_PLACEMENT_3D('',#9340,#7774,#7775);
#6247=AXIS2_PLACEMENT_3D('',#9342,#7776,#7777);
#6248=AXIS2_PLACEMENT_3D('',#9343,#7778,#7779);
#6249=AXIS2_PLACEMENT_3D('',#9344,#7780,#7781);
#6250=AXIS2_PLACEMENT_3D('',#9345,#7782,#7783);
#6251=AXIS2_PLACEMENT_3D('',#9346,#7784,#7785);
#6252=AXIS2_PLACEMENT_3D('',#9347,#7786,#7787);
#6253=AXIS2_PLACEMENT_3D('',#9348,#7788,#7789);
#6254=AXIS2_PLACEMENT_3D('',#9349,#7790,#7791);
#6255=AXIS2_PLACEMENT_3D('',#9354,#7793,#7794);
#6256=AXIS2_PLACEMENT_3D('',#9357,#7796,#7797);
#6257=AXIS2_PLACEMENT_3D('',#9358,#7798,#7799);
#6258=AXIS2_PLACEMENT_3D('',#9363,#7801,#7802);
#6259=AXIS2_PLACEMENT_3D('',#9366,#7804,#7805);
#6260=AXIS2_PLACEMENT_3D('',#9367,#7806,#7807);
#6261=AXIS2_PLACEMENT_3D('',#9372,#7809,#7810);
#6262=AXIS2_PLACEMENT_3D('',#9375,#7812,#7813);
#6263=AXIS2_PLACEMENT_3D('',#9376,#7814,#7815);
#6264=AXIS2_PLACEMENT_3D('',#9381,#7817,#7818);
#6265=AXIS2_PLACEMENT_3D('',#9384,#7820,#7821);
#6266=AXIS2_PLACEMENT_3D('',#9387,#7824,#7825);
#6267=AXIS2_PLACEMENT_3D('',#9393,#7829,#7830);
#6268=AXIS2_PLACEMENT_3D('',#9399,#7834,#7835);
#6269=AXIS2_PLACEMENT_3D('',#9400,#7836,#7837);
#6270=AXIS2_PLACEMENT_3D('',#9405,#7839,#7840);
#6271=AXIS2_PLACEMENT_3D('',#9408,#7842,#7843);
#6272=AXIS2_PLACEMENT_3D('',#9409,#7844,#7845);
#6273=AXIS2_PLACEMENT_3D('',#9414,#7847,#7848);
#6274=AXIS2_PLACEMENT_3D('',#9417,#7850,#7851);
#6275=AXIS2_PLACEMENT_3D('',#9420,#7854,#7855);
#6276=AXIS2_PLACEMENT_3D('',#9426,#7859,#7860);
#6277=AXIS2_PLACEMENT_3D('',#9432,#7864,#7865);
#6278=AXIS2_PLACEMENT_3D('',#9433,#7866,#7867);
#6279=AXIS2_PLACEMENT_3D('',#9438,#7869,#7870);
#6280=AXIS2_PLACEMENT_3D('',#9441,#7872,#7873);
#6281=AXIS2_PLACEMENT_3D('',#9442,#7874,#7875);
#6282=AXIS2_PLACEMENT_3D('',#9447,#7877,#7878);
#6283=AXIS2_PLACEMENT_3D('',#9450,#7880,#7881);
#6284=AXIS2_PLACEMENT_3D('',#9453,#7884,#7885);
#6285=AXIS2_PLACEMENT_3D('',#9459,#7889,#7890);
#6286=AXIS2_PLACEMENT_3D('',#9465,#7894,#7895);
#6287=AXIS2_PLACEMENT_3D('',#9466,#7896,#7897);
#6288=AXIS2_PLACEMENT_3D('',#9471,#7899,#7900);
#6289=AXIS2_PLACEMENT_3D('',#9474,#7902,#7903);
#6290=AXIS2_PLACEMENT_3D('',#9475,#7904,#7905);
#6291=AXIS2_PLACEMENT_3D('',#9480,#7907,#7908);
#6292=AXIS2_PLACEMENT_3D('',#9483,#7910,#7911);
#6293=AXIS2_PLACEMENT_3D('',#9486,#7914,#7915);
#6294=AXIS2_PLACEMENT_3D('',#9492,#7919,#7920);
#6295=AXIS2_PLACEMENT_3D('',#9498,#7924,#7925);
#6296=AXIS2_PLACEMENT_3D('',#9499,#7926,#7927);
#6297=AXIS2_PLACEMENT_3D('',#9504,#7929,#7930);
#6298=AXIS2_PLACEMENT_3D('',#9507,#7932,#7933);
#6299=AXIS2_PLACEMENT_3D('',#9508,#7934,#7935);
#6300=AXIS2_PLACEMENT_3D('',#9513,#7937,#7938);
#6301=AXIS2_PLACEMENT_3D('',#9516,#7940,#7941);
#6302=AXIS2_PLACEMENT_3D('',#9519,#7944,#7945);
#6303=AXIS2_PLACEMENT_3D('',#9525,#7949,#7950);
#6304=AXIS2_PLACEMENT_3D('',#9531,#7954,#7955);
#6305=AXIS2_PLACEMENT_3D('',#9537,#7959,#7960);
#6306=AXIS2_PLACEMENT_3D('',#9540,#7963,#7964);
#6307=AXIS2_PLACEMENT_3D('',#9546,#7968,#7969);
#6308=AXIS2_PLACEMENT_3D('',#9553,#7976,#7977);
#6309=AXIS2_PLACEMENT_3D('',#9555,#7979,#7980);
#6310=AXIS2_PLACEMENT_3D('',#9561,#7986,#7987);
#6311=AXIS2_PLACEMENT_3D('',#9562,#7988,#7989);
#6312=AXIS2_PLACEMENT_3D('',#9563,#7990,#7991);
#6313=AXIS2_PLACEMENT_3D('',#9564,#7992,#7993);
#6314=AXIS2_PLACEMENT_3D('',#9565,#7994,#7995);
#6315=AXIS2_PLACEMENT_3D('',#9566,#7996,#7997);
#6316=DIRECTION('',(0.,0.,1.));
#6317=DIRECTION('',(1.,0.,0.));
#6318=DIRECTION('',(5.91645678915756E-30,-5.91645678915741E-31,1.));
#6319=DIRECTION('',(1.,2.38697950294408E-15,-5.91645678915756E-30));
#6320=DIRECTION('',(-1.77493703674728E-30,-5.91645678915759E-31,1.));
#6321=DIRECTION('',(1.,2.38697950294408E-15,0.));
#6322=DIRECTION('',(-1.77493703674728E-30,-5.91645678915759E-31,1.));
#6323=DIRECTION('',(1.,2.38697950294408E-15,0.));
#6324=DIRECTION('',(-1.77493703674728E-30,-5.91645678915759E-31,1.));
#6325=DIRECTION('',(1.,2.38697950294408E-15,0.));
#6326=DIRECTION('',(-1.77493703674728E-30,-5.91645678915759E-31,1.));
#6327=DIRECTION('',(1.,2.38697950294408E-15,0.));
#6328=DIRECTION('',(-1.77493703674728E-30,-5.91645678915759E-31,1.));
#6329=DIRECTION('',(1.,2.38697950294408E-15,0.));
#6330=DIRECTION('',(-1.77493703674728E-30,-5.91645678915759E-31,1.));
#6331=DIRECTION('',(1.,2.38697950294408E-15,0.));
#6332=DIRECTION('',(1.77493703674728E-30,5.91645678915759E-31,-1.));
#6333=DIRECTION('',(1.,2.38697950294408E-15,0.));
#6334=DIRECTION('',(1.77493703674728E-30,5.91645678915759E-31,-1.));
#6335=DIRECTION('',(1.,2.38697950294408E-15,0.));
#6336=DIRECTION('',(1.77493703674728E-30,5.91645678915759E-31,-1.));
#6337=DIRECTION('',(1.,2.38697950294408E-15,0.));
#6338=DIRECTION('',(1.77493703674728E-30,5.91645678915759E-31,-1.));
#6339=DIRECTION('',(1.,2.38697950294408E-15,0.));
#6340=DIRECTION('',(1.77493703674728E-30,5.91645678915759E-31,-1.));
#6341=DIRECTION('',(1.,2.38697950294408E-15,0.));
#6342=DIRECTION('',(-5.91645678915756E-30,5.91645678915741E-31,-1.));
#6343=DIRECTION('',(-1.,-2.38697950294408E-15,5.91645678915756E-30));
#6344=DIRECTION('',(1.77493703674728E-30,5.91645678915759E-31,-1.));
#6345=DIRECTION('',(-1.,-2.38697950294408E-15,0.));
#6346=DIRECTION('',(5.91645678915756E-30,-5.91645678915741E-31,1.));
#6347=DIRECTION('',(1.,2.38697950294408E-15,-5.91645678915756E-30));
#6348=DIRECTION('',(1.77493703674728E-30,5.91645678915759E-31,-1.));
#6349=DIRECTION('',(1.,3.27515792264421E-15,-5.91645678915756E-30));
#6350=DIRECTION('',(-0.5,0.866025403784439,-9.36772324949951E-31));
#6351=DIRECTION('',(0.5,0.866025403784438,-5.91645678915754E-30));
#6352=DIRECTION('',(1.,2.38697950294408E-15,-5.91645678915756E-30));
#6353=DIRECTION('',(0.5,-0.866025403784439,-6.90253292068385E-31));
#6354=DIRECTION('',(-0.5,-0.866025403784438,5.52202633654704E-30));
#6355=DIRECTION('',(-1.,-2.72004641033162E-15,6.11367201546281E-30));
#6356=DIRECTION('',(-0.866025403784438,0.5,5.52202633654708E-30));
#6357=DIRECTION('',(-0.5,-0.866025403784438,5.52202633654704E-30));
#6358=DIRECTION('',(1.77493703674728E-30,5.91645678915759E-31,-1.));
#6359=DIRECTION('',(1.77493703674728E-30,5.91645678915759E-31,-1.));
#6360=DIRECTION('',(0.,1.,0.));
#6361=DIRECTION('',(-1.77493703674728E-30,0.,1.));
#6362=DIRECTION('',(1.77493703674728E-30,5.91645678915759E-31,-1.));
#6363=DIRECTION('',(0.866025403784439,0.5,-4.53595020502079E-30));
#6364=DIRECTION('',(-0.5,0.866025403784439,2.68705745840907E-30));
#6365=DIRECTION('',(1.77493703674728E-30,5.91645678915759E-31,-1.));
#6366=DIRECTION('',(0.866025403784438,-0.5,-5.42341872339445E-30));
#6367=DIRECTION('',(0.5,0.866025403784438,-5.52202633654704E-30));
#6368=DIRECTION('',(1.77493703674728E-30,5.91645678915759E-31,-1.));
#6369=DIRECTION('',(0.,-1.,0.));
#6370=DIRECTION('',(1.,0.,-6.70531769437856E-30));
#6371=DIRECTION('',(1.77493703674728E-30,5.91645678915759E-31,-1.));
#6372=DIRECTION('',(-0.866025403784439,-0.5,4.93038065763128E-30));
#6373=DIRECTION('',(0.5,-0.866025403784439,1.18329135783152E-30));
#6374=DIRECTION('',(-1.77493703674728E-30,-5.91645678915759E-31,1.));
#6375=DIRECTION('',(1.,2.38697950294408E-15,0.));
#6376=DIRECTION('',(-1.77493703674728E-30,-5.91645678915759E-31,1.));
#6377=DIRECTION('',(-1.,-2.38697950294408E-15,0.));
#6378=DIRECTION('',(1.77493703674728E-30,5.91645678915759E-31,-1.));
#6379=DIRECTION('',(1.,2.38697950294408E-15,0.));
#6380=DIRECTION('',(-1.77493703674728E-30,-5.91645678915759E-31,1.));
#6381=DIRECTION('',(1.,2.38697950294408E-15,0.));
#6382=DIRECTION('',(8.68176844058395E-32,-7.76889982636452E-31,-1.));
#6383=DIRECTION('',(-0.912711788858944,0.40860395308649,-3.96679842057194E-31));
#6384=DIRECTION('',(-1.,0.,0.));
#6385=DIRECTION('',(0.,0.,1.));
#6386=DIRECTION('',(0.,0.866025403784439,-0.5));
#6387=DIRECTION('',(0.,0.,-1.));
#6388=DIRECTION('',(0.,-0.866025403784439,-0.5));
#6389=DIRECTION('',(0.,-0.866025403784439,0.5));
#6390=DIRECTION('',(0.,0.,1.));
#6391=DIRECTION('',(0.,0.866025403784439,0.5));
#6392=DIRECTION('',(0.,1.,0.));
#6393=DIRECTION('',(0.,0.,1.));
#6394=DIRECTION('',(0.,0.,-1.));
#6395=DIRECTION('',(-1.,0.,0.));
#6396=DIRECTION('',(-1.,0.,0.));
#6397=DIRECTION('',(0.,0.5,-0.866025403784439));
#6398=DIRECTION('',(0.,0.866025403784439,0.5));
#6399=DIRECTION('',(0.,-0.866025403784439,-0.5));
#6400=DIRECTION('',(-1.,0.,0.));
#6401=DIRECTION('',(0.,-0.5,-0.866025403784439));
#6402=DIRECTION('',(0.,0.866025403784439,-0.5));
#6403=DIRECTION('',(0.,-0.866025403784439,0.5));
#6404=DIRECTION('',(-1.,0.,0.));
#6405=DIRECTION('',(0.,-1.,0.));
#6406=DIRECTION('',(0.,0.,-1.));
#6407=DIRECTION('',(0.,0.,1.));
#6408=DIRECTION('',(-1.,0.,0.));
#6409=DIRECTION('',(0.,-0.5,0.866025403784439));
#6410=DIRECTION('',(0.,-0.866025403784439,-0.5));
#6411=DIRECTION('',(0.,0.866025403784439,0.5));
#6412=DIRECTION('',(-1.,0.,0.));
#6413=DIRECTION('',(0.,0.5,0.866025403784439));
#6414=DIRECTION('',(0.,-0.866025403784439,0.5));
#6415=DIRECTION('',(0.,0.866025403784439,-0.5));
#6416=DIRECTION('',(-1.,0.,0.));
#6417=DIRECTION('',(0.,0.,1.));
#6418=DIRECTION('',(1.,0.,0.));
#6419=DIRECTION('',(0.,0.,1.));
#6420=DIRECTION('',(1.,0.,0.));
#6421=DIRECTION('',(0.,0.,-1.));
#6422=DIRECTION('',(-1.,0.,0.));
#6423=DIRECTION('',(0.,0.,1.));
#6424=DIRECTION('',(-1.,0.,0.));
#6425=DIRECTION('',(0.,0.,1.));
#6426=DIRECTION('',(-1.,0.,0.));
#6427=DIRECTION('',(0.,0.,1.));
#6428=DIRECTION('',(-1.,0.,0.));
#6429=DIRECTION('',(0.,0.,1.));
#6430=DIRECTION('',(-1.,0.,0.));
#6431=DIRECTION('',(0.,0.,1.));
#6432=DIRECTION('',(-1.,0.,0.));
#6433=DIRECTION('',(0.,0.,1.));
#6434=DIRECTION('',(-1.,0.,0.));
#6435=DIRECTION('',(0.,0.,1.));
#6436=DIRECTION('',(-1.,0.,0.));
#6437=DIRECTION('',(0.,0.,1.));
#6438=DIRECTION('',(-0.80473955334386,-0.593628041187346,1.63362645279681E-16));
#6439=DIRECTION('',(2.10818787118208E-16,-5.60985733078912E-16,-1.));
#6440=DIRECTION('',(1.,0.,0.));
#6441=DIRECTION('',(0.,0.,-1.));
#6442=DIRECTION('',(1.,0.,2.74110663307892E-14));
#6443=DIRECTION('',(2.77555756156289E-14,0.,-1.));
#6444=DIRECTION('',(-1.,0.,0.));
#6445=DIRECTION('',(0.,0.,1.));
#6446=DIRECTION('',(-1.,0.,-2.74110663307892E-14));
#6447=DIRECTION('',(-2.7755575615629E-14,0.,1.));
#6448=DIRECTION('',(1.,0.,0.));
#6449=DIRECTION('',(0.,0.,-1.));
#6450=DIRECTION('',(0.,0.,1.));
#6451=DIRECTION('',(1.,0.,0.));
#6452=DIRECTION('',(-1.,0.,0.));
#6453=DIRECTION('',(0.,0.,1.));
#6454=DIRECTION('',(0.,0.866025403784439,-0.5));
#6455=DIRECTION('',(0.,0.,-1.));
#6456=DIRECTION('',(0.,-0.866025403784439,-0.5));
#6457=DIRECTION('',(0.,-0.866025403784439,0.5));
#6458=DIRECTION('',(0.,0.,1.));
#6459=DIRECTION('',(0.,0.866025403784439,0.5));
#6460=DIRECTION('',(0.,1.,0.));
#6461=DIRECTION('',(0.,0.,1.));
#6462=DIRECTION('',(0.,0.,-1.));
#6463=DIRECTION('',(-1.,0.,0.));
#6464=DIRECTION('',(-1.,0.,0.));
#6465=DIRECTION('',(0.,0.5,-0.866025403784439));
#6466=DIRECTION('',(0.,0.866025403784439,0.5));
#6467=DIRECTION('',(0.,-0.866025403784439,-0.5));
#6468=DIRECTION('',(-1.,0.,0.));
#6469=DIRECTION('',(0.,-0.5,-0.866025403784439));
#6470=DIRECTION('',(0.,0.866025403784439,-0.5));
#6471=DIRECTION('',(0.,-0.866025403784439,0.5));
#6472=DIRECTION('',(-1.,0.,0.));
#6473=DIRECTION('',(0.,-1.,0.));
#6474=DIRECTION('',(0.,0.,-1.));
#6475=DIRECTION('',(0.,0.,1.));
#6476=DIRECTION('',(-1.,0.,0.));
#6477=DIRECTION('',(0.,-0.5,0.866025403784439));
#6478=DIRECTION('',(0.,-0.866025403784439,-0.5));
#6479=DIRECTION('',(0.,0.866025403784439,0.5));
#6480=DIRECTION('',(-1.,0.,0.));
#6481=DIRECTION('',(0.,0.5,0.866025403784439));
#6482=DIRECTION('',(0.,-0.866025403784439,0.5));
#6483=DIRECTION('',(0.,0.866025403784439,-0.5));
#6484=DIRECTION('',(-1.,0.,0.));
#6485=DIRECTION('',(0.,0.,1.));
#6486=DIRECTION('',(1.,0.,0.));
#6487=DIRECTION('',(0.,0.,1.));
#6488=DIRECTION('',(1.,0.,0.));
#6489=DIRECTION('',(0.,0.,-1.));
#6490=DIRECTION('',(-1.,0.,0.));
#6491=DIRECTION('',(0.,0.,1.));
#6492=DIRECTION('',(-1.,0.,0.));
#6493=DIRECTION('',(0.,0.,1.));
#6494=DIRECTION('',(-1.,0.,0.));
#6495=DIRECTION('',(0.,0.,1.));
#6496=DIRECTION('',(-1.,0.,0.));
#6497=DIRECTION('',(0.,0.,1.));
#6498=DIRECTION('',(-1.,0.,0.));
#6499=DIRECTION('',(0.,0.,1.));
#6500=DIRECTION('',(-1.,0.,0.));
#6501=DIRECTION('',(0.,0.,1.));
#6502=DIRECTION('',(-1.,0.,0.));
#6503=DIRECTION('',(0.,0.,1.));
#6504=DIRECTION('',(-1.,0.,0.));
#6505=DIRECTION('',(0.,0.,1.));
#6506=DIRECTION('',(0.,0.,1.));
#6507=DIRECTION('',(6.12323399573677E-17,1.,0.));
#6508=DIRECTION('',(8.68176844058395E-32,-7.76889982636452E-31,-1.));
#6509=DIRECTION('',(-0.912711788858944,0.40860395308649,-3.96679842057194E-31));
#6510=DIRECTION('',(0.452242137373026,-0.891895200785539,6.12323399573677E-17));
#6511=DIRECTION('',(2.76918442986717E-17,-5.46128301408449E-17,-1.));
#6512=DIRECTION('',(-0.452242137373026,0.891895200785539,6.12323399573677E-17));
#6513=DIRECTION('',(2.76918442986717E-17,-5.46128301408449E-17,1.));
#6514=DIRECTION('',(0.80473955334386,0.593628041187346,1.63362645279681E-16));
#6515=DIRECTION('',(2.10818787118208E-16,-5.60985733078912E-16,1.));
#6516=DIRECTION('',(-0.452242137373026,0.891895200785539,6.12323399573677E-17));
#6517=DIRECTION('',(2.76918442986717E-17,-5.46128301408449E-17,1.));
#6518=DIRECTION('',(0.,0.,1.));
#6519=DIRECTION('',(6.12323399573677E-17,1.,0.));
#6520=DIRECTION('',(0.,0.,1.));
#6521=DIRECTION('',(1.,0.,0.));
#6522=DIRECTION('',(1.,0.,0.));
#6523=DIRECTION('',(0.,1.,0.));
#6524=DIRECTION('',(1.,0.,0.));
#6525=DIRECTION('',(-1.38777878078144E-16,-1.,0.));
#6526=DIRECTION('',(1.,0.,0.));
#6527=DIRECTION('',(-1.38777878078144E-16,-1.,0.));
#6528=DIRECTION('',(1.,0.,0.));
#6529=DIRECTION('',(0.,1.,0.));
#6530=DIRECTION('',(1.,0.,0.));
#6531=DIRECTION('',(2.77555756156289E-16,1.,0.));
#6532=DIRECTION('',(1.,0.,0.));
#6533=DIRECTION('',(1.38777878078144E-16,1.,0.));
#6534=DIRECTION('',(0.,0.,1.));
#6535=DIRECTION('',(1.,0.,0.));
#6536=DIRECTION('',(1.,0.,0.));
#6537=DIRECTION('',(1.38777878078144E-16,1.,0.));
#6538=DIRECTION('',(1.,0.,0.));
#6539=DIRECTION('',(2.77555756156289E-16,1.,0.));
#6540=DIRECTION('',(1.,0.,0.));
#6541=DIRECTION('',(0.,1.,0.));
#6542=DIRECTION('',(1.,0.,0.));
#6543=DIRECTION('',(-1.38777878078144E-16,-1.,0.));
#6544=DIRECTION('',(1.,0.,0.));
#6545=DIRECTION('',(-1.38777878078144E-16,-1.,0.));
#6546=DIRECTION('',(1.,0.,0.));
#6547=DIRECTION('',(0.,1.,0.));
#6548=DIRECTION('',(-1.,0.,0.));
#6549=DIRECTION('',(0.,0.,1.));
#6550=DIRECTION('',(1.,0.,0.));
#6551=DIRECTION('',(0.,0.,-1.));
#6552=DIRECTION('',(1.,0.,0.));
#6553=DIRECTION('',(0.,0.,-1.));
#6554=DIRECTION('',(1.,0.,0.));
#6555=DIRECTION('',(0.,0.,-1.));
#6556=DIRECTION('',(1.,0.,0.));
#6557=DIRECTION('',(0.,0.,-1.));
#6558=DIRECTION('',(0.,0.,-1.));
#6559=DIRECTION('',(0.,0.,-1.));
#6560=DIRECTION('',(1.,0.,0.));
#6561=DIRECTION('',(0.,0.,-1.));
#6562=DIRECTION('',(1.,0.,0.));
#6563=DIRECTION('',(0.,0.,-1.));
#6564=DIRECTION('',(1.,0.,0.));
#6565=DIRECTION('',(0.,0.,-1.));
#6566=DIRECTION('',(1.,0.,0.));
#6567=DIRECTION('',(0.,0.,-1.));
#6568=DIRECTION('',(0.,1.,0.));
#6569=DIRECTION('',(0.,0.,1.));
#6570=DIRECTION('',(0.,0.,-1.));
#6571=DIRECTION('',(-1.,0.,0.));
#6572=DIRECTION('',(0.,-1.,0.));
#6573=DIRECTION('',(0.,0.,-1.));
#6574=DIRECTION('',(0.,1.,0.));
#6575=DIRECTION('',(0.,0.,1.));
#6576=DIRECTION('',(0.,0.,-1.));
#6577=DIRECTION('',(-1.,0.,0.));
#6578=DIRECTION('',(0.,-1.,0.));
#6579=DIRECTION('',(0.,0.,-1.));
#6580=DIRECTION('',(0.,1.,0.));
#6581=DIRECTION('',(0.,0.,1.));
#6582=DIRECTION('',(0.,0.,-1.));
#6583=DIRECTION('',(-1.,0.,0.));
#6584=DIRECTION('',(0.,0.,1.));
#6585=DIRECTION('',(1.,0.,0.));
#6586=DIRECTION('',(0.,0.,-1.));
#6587=DIRECTION('',(1.,0.,0.));
#6588=DIRECTION('',(0.,0.,-1.));
#6589=DIRECTION('',(1.,0.,0.));
#6590=DIRECTION('',(0.,0.,-1.));
#6591=DIRECTION('',(1.,0.,0.));
#6592=DIRECTION('',(0.,0.,-1.));
#6593=DIRECTION('',(0.,0.,-1.));
#6594=DIRECTION('',(1.,0.,0.));
#6595=DIRECTION('',(0.,0.,-1.));
#6596=DIRECTION('',(1.,0.,0.));
#6597=DIRECTION('',(0.,0.,-1.));
#6598=DIRECTION('',(1.,0.,0.));
#6599=DIRECTION('',(0.,0.,-1.));
#6600=DIRECTION('',(1.,0.,0.));
#6601=DIRECTION('',(0.,0.,-1.));
#6602=DIRECTION('',(0.,1.,0.));
#6603=DIRECTION('',(0.,0.,1.));
#6604=DIRECTION('',(0.,0.,-1.));
#6605=DIRECTION('',(-1.,0.,0.));
#6606=DIRECTION('',(0.,-1.,0.));
#6607=DIRECTION('',(0.,0.,-1.));
#6608=DIRECTION('',(0.,1.,0.));
#6609=DIRECTION('',(0.,0.,1.));
#6610=DIRECTION('',(0.,0.,-1.));
#6611=DIRECTION('',(-1.,0.,0.));
#6612=DIRECTION('',(0.,-1.,0.));
#6613=DIRECTION('',(0.,0.,-1.));
#6614=DIRECTION('',(0.,1.,0.));
#6615=DIRECTION('',(0.,0.,1.));
#6616=DIRECTION('',(1.,0.,0.));
#6617=DIRECTION('',(0.,0.,-1.));
#6618=DIRECTION('',(1.,0.,0.));
#6619=DIRECTION('',(0.,0.,-1.));
#6620=DIRECTION('',(1.,0.,0.));
#6621=DIRECTION('',(0.,0.,-1.));
#6622=DIRECTION('',(1.,0.,0.));
#6623=DIRECTION('',(0.,0.,-1.));
#6624=DIRECTION('',(1.,0.,0.));
#6625=DIRECTION('',(0.,0.,-1.));
#6626=DIRECTION('',(1.,0.,0.));
#6627=DIRECTION('',(0.,0.,-1.));
#6628=DIRECTION('',(1.,0.,0.));
#6629=DIRECTION('',(0.,0.,-1.));
#6630=DIRECTION('',(1.,0.,0.));
#6631=DIRECTION('',(0.,0.,-1.));
#6632=DIRECTION('',(1.,-1.90819582357449E-17,3.68919465421806E-19));
#6633=DIRECTION('',(3.68919465421807E-19,5.55099253237438E-17,-1.));
#6634=DIRECTION('',(0.,0.,1.));
#6635=DIRECTION('',(6.12323399573677E-17,1.,0.));
#6636=DIRECTION('',(-0.39265355383036,0.919686461063981,-5.987097295389E-16));
#6637=DIRECTION('',(2.1081878711821E-16,-5.60985733078913E-16,-1.));
#6638=DIRECTION('',(0.,0.,1.));
#6639=DIRECTION('',(6.12323399573677E-17,1.,0.));
#6640=DIRECTION('',(1.,0.,6.12323399573677E-17));
#6641=DIRECTION('',(6.12323399573677E-17,0.,-1.));
#6642=DIRECTION('',(0.,0.,1.));
#6643=DIRECTION('',(6.12323399573677E-17,1.,0.));
#6644=DIRECTION('',(1.,0.,6.12323399573677E-17));
#6645=DIRECTION('',(6.12323399573677E-17,0.,-1.));
#6646=DIRECTION('',(0.80473955334386,0.593628041187346,1.63362645279681E-16));
#6647=DIRECTION('',(2.10818787118208E-16,-5.60985733078912E-16,1.));
#6648=DIRECTION('',(-1.,0.,0.));
#6649=DIRECTION('',(0.,0.,1.));
#6650=DIRECTION('',(-1.,0.,0.));
#6651=DIRECTION('',(0.,0.,1.));
#6652=DIRECTION('',(-1.,0.,0.));
#6653=DIRECTION('',(0.,0.,1.));
#6654=DIRECTION('',(1.,0.,0.));
#6655=DIRECTION('',(0.,0.,-1.));
#6656=DIRECTION('',(-1.,0.,0.));
#6657=DIRECTION('',(0.,0.,1.));
#6658=DIRECTION('',(-1.,0.,0.));
#6659=DIRECTION('',(0.,0.,1.));
#6660=DIRECTION('',(-1.,0.,0.));
#6661=DIRECTION('',(0.,0.,1.));
#6662=DIRECTION('',(-1.,0.,0.));
#6663=DIRECTION('',(0.,0.,1.));
#6664=DIRECTION('',(-0.927499872403876,0.373823469957137,0.));
#6665=DIRECTION('',(0.,0.,1.));
#6666=DIRECTION('',(0.,0.,1.));
#6667=DIRECTION('',(-1.,0.,0.));
#6668=DIRECTION('',(0.,0.,1.));
#6669=DIRECTION('',(-1.,0.,0.));
#6670=DIRECTION('',(0.,0.,1.));
#6671=DIRECTION('',(0.,0.,-1.));
#6672=DIRECTION('',(-1.,0.,0.));
#6673=DIRECTION('',(0.,0.,-1.));
#6674=DIRECTION('',(0.,0.,1.));
#6675=DIRECTION('',(-1.,0.,0.));
#6676=DIRECTION('',(0.,0.,1.));
#6677=DIRECTION('',(-1.,0.,0.));
#6678=DIRECTION('',(0.,0.,1.));
#6679=DIRECTION('',(0.,0.,-1.));
#6680=DIRECTION('',(-1.,0.,0.));
#6681=DIRECTION('',(0.,0.,-1.));
#6682=DIRECTION('',(0.,0.,1.));
#6683=DIRECTION('',(-1.,0.,0.));
#6684=DIRECTION('',(0.,0.,1.));
#6685=DIRECTION('',(-1.,0.,0.));
#6686=DIRECTION('',(0.,0.,1.));
#6687=DIRECTION('',(0.,0.,-1.));
#6688=DIRECTION('',(-1.,0.,0.));
#6689=DIRECTION('',(0.,0.,-1.));
#6690=DIRECTION('',(0.,0.,1.));
#6691=DIRECTION('',(-1.,0.,0.));
#6692=DIRECTION('',(0.,0.,1.));
#6693=DIRECTION('',(-1.,0.,0.));
#6694=DIRECTION('',(0.,0.,1.));
#6695=DIRECTION('',(0.,0.,-1.));
#6696=DIRECTION('',(-1.,0.,0.));
#6697=DIRECTION('',(0.,0.,-1.));
#6698=DIRECTION('',(-1.,0.,0.));
#6699=DIRECTION('',(0.,0.,-1.));
#6700=DIRECTION('',(0.,0.,1.));
#6701=DIRECTION('',(0.,-1.,0.));
#6702=DIRECTION('',(0.,0.,-1.));
#6703=DIRECTION('',(0.,-1.,0.));
#6704=DIRECTION('',(0.,0.,-1.));
#6705=DIRECTION('',(1.,0.,0.));
#6706=DIRECTION('',(0.,0.,1.));
#6707=DIRECTION('',(1.,0.,0.));
#6708=DIRECTION('',(0.,0.,1.));
#6709=DIRECTION('',(1.,0.,0.));
#6710=DIRECTION('',(-1.0842021724855E-16,0.,1.));
#6711=DIRECTION('',(-1.,0.,0.));
#6712=DIRECTION('',(0.,0.,-1.));
#6713=DIRECTION('',(-1.0842021724855E-16,0.,1.));
#6714=DIRECTION('',(0.,-1.,0.));
#6715=DIRECTION('',(0.,-1.,0.));
#6716=DIRECTION('',(0.,0.,-1.));
#6717=DIRECTION('',(1.,0.,0.));
#6718=DIRECTION('',(0.,0.,1.));
#6719=DIRECTION('',(1.,0.,0.));
#6720=DIRECTION('',(0.,0.,1.));
#6721=DIRECTION('',(1.,0.,0.));
#6722=DIRECTION('',(-1.,0.,0.));
#6723=DIRECTION('',(0.,0.,-1.));
#6724=DIRECTION('',(0.,0.,1.));
#6725=DIRECTION('',(0.,-1.,0.));
#6726=DIRECTION('',(0.,0.,-1.));
#6727=DIRECTION('',(0.,-1.,0.));
#6728=DIRECTION('',(-1.,0.,0.));
#6729=DIRECTION('',(0.,0.,-1.));
#6730=DIRECTION('',(-1.0842021724855E-16,0.,1.));
#6731=DIRECTION('',(0.,-1.,0.));
#6732=DIRECTION('',(-1.0842021724855E-16,0.,1.));
#6733=DIRECTION('',(0.,-1.,0.));
#6734=DIRECTION('',(0.,0.,-1.));
#6735=DIRECTION('',(1.,0.,0.));
#6736=DIRECTION('',(0.,0.,1.));
#6737=DIRECTION('',(1.,0.,0.));
#6738=DIRECTION('',(0.,0.,1.));
#6739=DIRECTION('',(1.,0.,0.));
#6740=DIRECTION('',(0.,0.,-1.));
#6741=DIRECTION('',(1.,0.,0.));
#6742=DIRECTION('',(0.,0.,1.));
#6743=DIRECTION('',(1.,0.,0.));
#6744=DIRECTION('',(0.,0.,1.));
#6745=DIRECTION('',(1.,0.,0.));
#6746=DIRECTION('',(0.,0.,1.));
#6747=DIRECTION('',(-1.,0.,0.));
#6748=DIRECTION('',(0.,0.,1.));
#6749=DIRECTION('',(1.,0.,0.));
#6750=DIRECTION('',(0.,-1.,0.));
#6751=DIRECTION('',(0.,0.,1.));
#6752=DIRECTION('',(1.,0.,0.));
#6753=DIRECTION('',(0.,-1.,0.));
#6754=DIRECTION('',(0.,0.,1.));
#6755=DIRECTION('',(1.,0.,0.));
#6756=DIRECTION('',(0.,-1.,0.));
#6757=DIRECTION('',(0.,0.,1.));
#6758=DIRECTION('',(1.,0.,0.));
#6759=DIRECTION('',(0.,-1.,0.));
#6760=DIRECTION('',(0.,0.,1.));
#6761=DIRECTION('',(1.,0.,0.));
#6762=DIRECTION('',(0.,0.,1.));
#6763=DIRECTION('',(1.,0.,0.));
#6764=DIRECTION('',(0.,0.,1.));
#6765=DIRECTION('',(1.,0.,0.));
#6766=DIRECTION('',(0.,0.,1.));
#6767=DIRECTION('',(1.,0.,0.));
#6768=DIRECTION('',(0.,1.,0.));
#6769=DIRECTION('',(-1.,0.,0.));
#6770=DIRECTION('',(0.,-1.,0.));
#6771=DIRECTION('',(1.,0.,0.));
#6772=DIRECTION('',(0.,0.,1.));
#6773=DIRECTION('',(1.,0.,0.));
#6774=DIRECTION('',(0.,0.,1.));
#6775=DIRECTION('',(1.,0.,0.));
#6776=DIRECTION('',(0.,0.,1.));
#6777=DIRECTION('',(1.,0.,0.));
#6778=DIRECTION('',(0.,0.,1.));
#6779=DIRECTION('',(1.,0.,0.));
#6780=DIRECTION('',(0.,0.,1.));
#6781=DIRECTION('',(1.,0.,0.));
#6782=DIRECTION('',(0.,0.,1.));
#6783=DIRECTION('',(-1.,0.,0.));
#6784=DIRECTION('',(0.,0.,1.));
#6785=DIRECTION('',(1.,0.,0.));
#6786=DIRECTION('',(0.,-1.,0.));
#6787=DIRECTION('',(0.,0.,1.));
#6788=DIRECTION('',(1.,0.,0.));
#6789=DIRECTION('',(0.,-1.,0.));
#6790=DIRECTION('',(0.,0.,1.));
#6791=DIRECTION('',(1.,0.,0.));
#6792=DIRECTION('',(0.,-1.,0.));
#6793=DIRECTION('',(0.,0.,1.));
#6794=DIRECTION('',(1.,0.,0.));
#6795=DIRECTION('',(0.,-1.,0.));
#6796=DIRECTION('',(0.,0.,1.));
#6797=DIRECTION('',(1.,0.,0.));
#6798=DIRECTION('',(0.,0.,1.));
#6799=DIRECTION('',(1.,0.,0.));
#6800=DIRECTION('',(0.,0.,1.));
#6801=DIRECTION('',(1.,0.,0.));
#6802=DIRECTION('',(0.,0.,1.));
#6803=DIRECTION('',(1.,0.,0.));
#6804=DIRECTION('',(1.,0.,0.));
#6805=DIRECTION('',(0.,-1.,0.));
#6806=DIRECTION('',(-1.,0.,0.));
#6807=DIRECTION('',(0.,1.,0.));
#6808=DIRECTION('',(0.,0.,1.));
#6809=DIRECTION('',(1.,0.,0.));
#6810=DIRECTION('',(0.,0.,1.));
#6811=DIRECTION('',(1.,0.,0.));
#6812=DIRECTION('',(0.,0.,1.));
#6813=DIRECTION('',(1.,0.,0.));
#6814=DIRECTION('',(0.,0.,1.));
#6815=DIRECTION('',(1.,0.,0.));
#6816=DIRECTION('',(0.,0.,1.));
#6817=DIRECTION('',(1.,0.,0.));
#6818=DIRECTION('',(0.,1.,0.));
#6819=DIRECTION('',(0.,0.,-1.));
#6820=DIRECTION('',(1.,0.,0.));
#6821=DIRECTION('',(0.,0.,1.));
#6822=DIRECTION('',(0.,-1.,0.));
#6823=DIRECTION('',(0.,0.,1.));
#6824=DIRECTION('',(-1.,0.,0.));
#6825=DIRECTION('',(0.,0.,-1.));
#6826=DIRECTION('',(0.,0.,-1.));
#6827=DIRECTION('',(1.,0.,0.));
#6828=DIRECTION('',(0.,0.,1.));
#6829=DIRECTION('',(-1.0842021724855E-16,0.,1.));
#6830=DIRECTION('',(-1.,0.,0.));
#6831=DIRECTION('',(0.,0.,-1.));
#6832=DIRECTION('',(-1.0842021724855E-16,0.,1.));
#6833=DIRECTION('',(0.,0.,-1.));
#6834=DIRECTION('',(1.,0.,0.));
#6835=DIRECTION('',(0.,0.,-1.));
#6836=DIRECTION('',(-1.,0.,0.));
#6837=DIRECTION('',(0.,0.,-1.));
#6838=DIRECTION('',(0.,0.,-1.));
#6839=DIRECTION('',(1.,0.,0.));
#6840=DIRECTION('',(0.,0.,1.));
#6841=DIRECTION('',(-1.0842021724855E-16,0.,1.));
#6842=DIRECTION('',(-1.,0.,0.));
#6843=DIRECTION('',(0.,0.,-1.));
#6844=DIRECTION('',(-1.0842021724855E-16,0.,1.));
#6845=DIRECTION('',(0.,0.,-1.));
#6846=DIRECTION('',(1.,0.,0.));
#6847=DIRECTION('',(0.,0.,-1.));
#6848=DIRECTION('',(-1.,0.,0.));
#6849=DIRECTION('',(0.,0.,-1.));
#6850=DIRECTION('',(0.,0.,-1.));
#6851=DIRECTION('',(1.,0.,0.));
#6852=DIRECTION('',(0.,0.,1.));
#6853=DIRECTION('',(1.,0.,0.));
#6854=DIRECTION('',(0.,0.,-1.));
#6855=DIRECTION('',(1.,0.,0.));
#6856=DIRECTION('',(0.,0.,-1.));
#6857=DIRECTION('',(1.,0.,0.));
#6858=DIRECTION('',(0.,0.,1.));
#6859=DIRECTION('',(1.,0.,0.));
#6860=DIRECTION('',(0.,0.,-1.));
#6861=DIRECTION('',(1.,0.,0.));
#6862=DIRECTION('',(0.,0.,-1.));
#6863=DIRECTION('',(1.,0.,0.));
#6864=DIRECTION('',(0.,0.,1.));
#6865=DIRECTION('',(1.,0.,0.));
#6866=DIRECTION('',(0.,0.,-1.));
#6867=DIRECTION('',(1.,0.,0.));
#6868=DIRECTION('',(0.,0.,-1.));
#6869=DIRECTION('',(1.,0.,0.));
#6870=DIRECTION('',(0.,0.,1.));
#6871=DIRECTION('',(1.,0.,0.));
#6872=DIRECTION('',(0.,0.,-1.));
#6873=DIRECTION('',(1.,0.,0.));
#6874=DIRECTION('',(0.,0.,-1.));
#6875=DIRECTION('',(1.,0.,0.));
#6876=DIRECTION('',(0.,0.,1.));
#6877=DIRECTION('',(1.,0.,0.));
#6878=DIRECTION('',(0.,0.,-1.));
#6879=DIRECTION('',(1.,0.,0.));
#6880=DIRECTION('',(0.,0.,-1.));
#6881=DIRECTION('',(1.,0.,0.));
#6882=DIRECTION('',(0.,0.,1.));
#6883=DIRECTION('',(1.,0.,0.));
#6884=DIRECTION('',(0.,0.,-1.));
#6885=DIRECTION('',(1.,0.,0.));
#6886=DIRECTION('',(0.,0.,-1.));
#6887=DIRECTION('',(1.,0.,0.));
#6888=DIRECTION('',(0.,0.,1.));
#6889=DIRECTION('',(1.,0.,0.));
#6890=DIRECTION('',(0.,0.,-1.));
#6891=DIRECTION('',(1.,0.,0.));
#6892=DIRECTION('',(0.,0.,-1.));
#6893=DIRECTION('',(1.,0.,0.));
#6894=DIRECTION('',(0.,0.,1.));
#6895=DIRECTION('',(1.,0.,0.));
#6896=DIRECTION('',(0.,0.,-1.));
#6897=DIRECTION('',(1.,0.,0.));
#6898=DIRECTION('',(0.,0.,-1.));
#6899=DIRECTION('',(1.,0.,0.));
#6900=DIRECTION('',(0.,0.,1.));
#6901=DIRECTION('',(1.,0.,0.));
#6902=DIRECTION('',(0.452242137373026,-0.891895200785539,6.12323399573677E-17));
#6903=DIRECTION('',(2.76918442986717E-17,-5.46128301408449E-17,-1.));
#6904=DIRECTION('',(-0.927499872403876,0.373823469957137,0.));
#6905=DIRECTION('',(0.,0.,1.));
#6906=DIRECTION('',(0.452242137373026,-0.891895200785539,6.12323399573677E-17));
#6907=DIRECTION('',(2.76918442986717E-17,-5.46128301408449E-17,-1.));
#6908=DIRECTION('',(1.,0.,6.12323399573677E-17));
#6909=DIRECTION('',(6.12323399573677E-17,0.,-1.));
#6910=DIRECTION('',(1.,0.,0.));
#6911=DIRECTION('',(0.,0.,-1.));
#6912=DIRECTION('',(1.,0.,0.));
#6913=DIRECTION('',(0.,0.,-1.));
#6914=DIRECTION('',(1.,0.,0.));
#6915=DIRECTION('',(0.,0.,-1.));
#6916=DIRECTION('',(1.,0.,0.));
#6917=DIRECTION('',(0.,0.,-1.));
#6918=DIRECTION('',(-1.,0.,0.));
#6919=DIRECTION('',(0.,0.,1.));
#6920=DIRECTION('',(0.,0.,1.));
#6921=DIRECTION('',(1.,0.,0.));
#6922=DIRECTION('',(0.,0.,1.));
#6923=DIRECTION('',(6.12323399573677E-17,1.,0.));
#6924=DIRECTION('',(0.927499872403876,-0.373823469957137,0.));
#6925=DIRECTION('',(0.,0.,-1.));
#6926=DIRECTION('',(-0.39265355383036,0.919686461063981,-5.987097295389E-16));
#6927=DIRECTION('',(2.1081878711821E-16,-5.60985733078913E-16,-1.));
#6928=DIRECTION('',(-0.39265355383036,0.919686461063981,-5.987097295389E-16));
#6929=DIRECTION('',(2.1081878711821E-16,-5.60985733078913E-16,-1.));
#6930=DIRECTION('',(1.,3.14418630020797E-17,2.55962073345639E-17));
#6931=DIRECTION('',(-2.55962073345639E-17,8.6329597209973E-17,1.));
#6932=DIRECTION('',(-0.39265355383036,0.919686461063981,-5.987097295389E-16));
#6933=DIRECTION('',(2.1081878711821E-16,-5.60985733078913E-16,-1.));
#6934=DIRECTION('',(-1.,0.,6.12323399573677E-17));
#6935=DIRECTION('',(6.12323399573677E-17,0.,1.));
#6936=DIRECTION('',(-0.452242137373026,0.891895200785539,6.12323399573677E-17));
#6937=DIRECTION('',(2.76918442986717E-17,-5.46128301408449E-17,1.));
#6938=DIRECTION('',(0.39265355383036,-0.919686461063981,-5.987097295389E-16));
#6939=DIRECTION('',(2.1081878711821E-16,-5.60985733078913E-16,1.));
#6940=DIRECTION('',(8.68176844058395E-32,-7.76889982636452E-31,1.));
#6941=DIRECTION('',(0.912711788858944,-0.40860395308649,-3.96679842057194E-31));
#6942=DIRECTION('',(0.,0.,-1.));
#6943=DIRECTION('',(-1.,0.,0.));
#6944=DIRECTION('',(0.,0.,1.));
#6945=DIRECTION('',(-1.,0.,0.));
#6946=DIRECTION('',(0.,0.,1.));
#6947=DIRECTION('',(0.,0.,-1.));
#6948=DIRECTION('',(-1.,0.,0.));
#6949=DIRECTION('',(0.,0.,-1.));
#6950=DIRECTION('',(0.,0.,-1.));
#6951=DIRECTION('',(-1.,0.,0.));
#6952=DIRECTION('',(0.,0.,1.));
#6953=DIRECTION('',(-1.,-6.93889390390722E-15,0.));
#6954=DIRECTION('',(0.,0.,1.));
#6955=DIRECTION('',(0.,0.,-1.));
#6956=DIRECTION('',(-1.,0.,0.));
#6957=DIRECTION('',(0.,0.,-1.));
#6958=DIRECTION('',(0.,0.,-1.));
#6959=DIRECTION('',(-1.,0.,0.));
#6960=DIRECTION('',(0.,0.,1.));
#6961=DIRECTION('',(-1.,0.,0.));
#6962=DIRECTION('',(0.,0.,1.));
#6963=DIRECTION('',(0.,0.,-1.));
#6964=DIRECTION('',(-1.,0.,0.));
#6965=DIRECTION('',(0.,0.,-1.));
#6966=DIRECTION('',(0.,0.,-1.));
#6967=DIRECTION('',(-1.,0.,0.));
#6968=DIRECTION('',(0.,0.,1.));
#6969=DIRECTION('',(-1.,0.,0.));
#6970=DIRECTION('',(0.,0.,1.));
#6971=DIRECTION('',(0.,0.,-1.));
#6972=DIRECTION('',(-1.,0.,0.));
#6973=DIRECTION('',(0.,0.,-1.));
#6974=DIRECTION('',(-1.,0.,0.));
#6975=DIRECTION('',(0.,0.,1.));
#6976=DIRECTION('',(0.,0.,-1.));
#6977=DIRECTION('',(0.,-1.,0.));
#6978=DIRECTION('',(0.,0.,1.));
#6979=DIRECTION('',(0.,-1.,0.));
#6980=DIRECTION('',(0.,0.,1.));
#6981=DIRECTION('',(1.,0.,0.));
#6982=DIRECTION('',(0.,0.,1.));
#6983=DIRECTION('',(1.,0.,0.));
#6984=DIRECTION('',(-1.0842021724855E-16,0.,-1.));
#6985=DIRECTION('',(0.,0.,1.));
#6986=DIRECTION('',(1.,0.,0.));
#6987=DIRECTION('',(-1.,0.,0.));
#6988=DIRECTION('',(0.,0.,1.));
#6989=DIRECTION('',(-1.0842021724855E-16,0.,-1.));
#6990=DIRECTION('',(0.,-1.,0.));
#6991=DIRECTION('',(0.,-1.,0.));
#6992=DIRECTION('',(0.,0.,1.));
#6993=DIRECTION('',(1.,0.,0.));
#6994=DIRECTION('',(0.,0.,1.));
#6995=DIRECTION('',(1.,0.,0.));
#6996=DIRECTION('',(0.,0.,1.));
#6997=DIRECTION('',(1.,0.,0.));
#6998=DIRECTION('',(-1.,0.,0.));
#6999=DIRECTION('',(0.,0.,1.));
#7000=DIRECTION('',(0.,0.,-1.));
#7001=DIRECTION('',(0.,-1.,0.));
#7002=DIRECTION('',(0.,0.,1.));
#7003=DIRECTION('',(0.,-1.,0.));
#7004=DIRECTION('',(-1.,0.,0.));
#7005=DIRECTION('',(0.,0.,1.));
#7006=DIRECTION('',(-1.0842021724855E-16,0.,-1.));
#7007=DIRECTION('',(0.,-1.,0.));
#7008=DIRECTION('',(-1.0842021724855E-16,0.,-1.));
#7009=DIRECTION('',(0.,-1.,0.));
#7010=DIRECTION('',(0.,0.,1.));
#7011=DIRECTION('',(1.,0.,0.));
#7012=DIRECTION('',(0.,0.,1.));
#7013=DIRECTION('',(1.,0.,0.));
#7014=DIRECTION('',(0.,0.,1.));
#7015=DIRECTION('',(1.,0.,0.));
#7016=DIRECTION('',(0.,0.,1.));
#7017=DIRECTION('',(1.,0.,0.));
#7018=DIRECTION('',(0.,0.,1.));
#7019=DIRECTION('',(1.,0.,0.));
#7020=DIRECTION('',(0.,0.,1.));
#7021=DIRECTION('',(1.,0.,0.));
#7022=DIRECTION('',(0.,0.,-1.));
#7023=DIRECTION('',(-1.,0.,0.));
#7024=DIRECTION('',(0.,0.,1.));
#7025=DIRECTION('',(1.,0.,0.));
#7026=DIRECTION('',(0.,-1.,0.));
#7027=DIRECTION('',(0.,0.,1.));
#7028=DIRECTION('',(1.,0.,0.));
#7029=DIRECTION('',(0.,-1.,0.));
#7030=DIRECTION('',(0.,0.,1.));
#7031=DIRECTION('',(1.,0.,0.));
#7032=DIRECTION('',(0.,-1.,0.));
#7033=DIRECTION('',(0.,0.,1.));
#7034=DIRECTION('',(1.,0.,0.));
#7035=DIRECTION('',(0.,-1.,0.));
#7036=DIRECTION('',(0.,0.,1.));
#7037=DIRECTION('',(1.,0.,0.));
#7038=DIRECTION('',(0.,0.,1.));
#7039=DIRECTION('',(1.,0.,0.));
#7040=DIRECTION('',(0.,0.,1.));
#7041=DIRECTION('',(1.,0.,0.));
#7042=DIRECTION('',(0.,0.,1.));
#7043=DIRECTION('',(1.,0.,0.));
#7044=DIRECTION('',(0.,1.,0.));
#7045=DIRECTION('',(1.,0.,0.));
#7046=DIRECTION('',(0.,-1.,0.));
#7047=DIRECTION('',(-1.,0.,0.));
#7048=DIRECTION('',(0.,0.,1.));
#7049=DIRECTION('',(1.,0.,0.));
#7050=DIRECTION('',(0.,0.,1.));
#7051=DIRECTION('',(1.,0.,0.));
#7052=DIRECTION('',(0.,0.,1.));
#7053=DIRECTION('',(1.,0.,0.));
#7054=DIRECTION('',(0.,0.,1.));
#7055=DIRECTION('',(1.,0.,0.));
#7056=DIRECTION('',(0.,0.,1.));
#7057=DIRECTION('',(1.,0.,0.));
#7058=DIRECTION('',(0.,0.,-1.));
#7059=DIRECTION('',(-1.,0.,0.));
#7060=DIRECTION('',(0.,0.,1.));
#7061=DIRECTION('',(1.,0.,0.));
#7062=DIRECTION('',(0.,-1.,0.));
#7063=DIRECTION('',(0.,0.,1.));
#7064=DIRECTION('',(1.,0.,0.));
#7065=DIRECTION('',(0.,-1.,0.));
#7066=DIRECTION('',(0.,0.,1.));
#7067=DIRECTION('',(1.,0.,0.));
#7068=DIRECTION('',(0.,-1.,0.));
#7069=DIRECTION('',(0.,0.,1.));
#7070=DIRECTION('',(1.,0.,0.));
#7071=DIRECTION('',(0.,-1.,0.));
#7072=DIRECTION('',(0.,0.,1.));
#7073=DIRECTION('',(1.,0.,0.));
#7074=DIRECTION('',(0.,0.,1.));
#7075=DIRECTION('',(1.,0.,0.));
#7076=DIRECTION('',(0.,0.,1.));
#7077=DIRECTION('',(1.,0.,0.));
#7078=DIRECTION('',(0.,0.,1.));
#7079=DIRECTION('',(1.,0.,0.));
#7080=DIRECTION('',(1.,0.,0.));
#7081=DIRECTION('',(0.,1.,0.));
#7082=DIRECTION('',(-1.,0.,0.));
#7083=DIRECTION('',(0.,-1.,0.));
#7084=DIRECTION('',(0.,0.,1.));
#7085=DIRECTION('',(1.,0.,0.));
#7086=DIRECTION('',(0.,0.,1.));
#7087=DIRECTION('',(1.,0.,0.));
#7088=DIRECTION('',(0.,0.,1.));
#7089=DIRECTION('',(1.,0.,0.));
#7090=DIRECTION('',(0.,0.,1.));
#7091=DIRECTION('',(1.,0.,0.));
#7092=DIRECTION('',(0.,0.,1.));
#7093=DIRECTION('',(1.,0.,0.));
#7094=DIRECTION('',(0.,1.,0.));
#7095=DIRECTION('',(0.,0.,1.));
#7096=DIRECTION('',(1.,0.,0.));
#7097=DIRECTION('',(0.,0.,-1.));
#7098=DIRECTION('',(0.,-1.,0.));
#7099=DIRECTION('',(0.,0.,-1.));
#7100=DIRECTION('',(-1.,0.,0.));
#7101=DIRECTION('',(0.,0.,1.));
#7102=DIRECTION('',(0.,0.,1.));
#7103=DIRECTION('',(1.,0.,0.));
#7104=DIRECTION('',(-1.0842021724855E-16,0.,-1.));
#7105=DIRECTION('',(0.,0.,-1.));
#7106=DIRECTION('',(-1.,0.,0.));
#7107=DIRECTION('',(0.,0.,1.));
#7108=DIRECTION('',(-1.0842021724855E-16,0.,-1.));
#7109=DIRECTION('',(0.,0.,1.));
#7110=DIRECTION('',(1.,0.,0.));
#7111=DIRECTION('',(0.,0.,1.));
#7112=DIRECTION('',(-1.,0.,0.));
#7113=DIRECTION('',(0.,0.,1.));
#7114=DIRECTION('',(0.,0.,1.));
#7115=DIRECTION('',(1.,0.,0.));
#7116=DIRECTION('',(-1.0842021724855E-16,0.,-1.));
#7117=DIRECTION('',(0.,0.,-1.));
#7118=DIRECTION('',(-1.,0.,0.));
#7119=DIRECTION('',(0.,0.,1.));
#7120=DIRECTION('',(-1.0842021724855E-16,0.,-1.));
#7121=DIRECTION('',(0.,0.,1.));
#7122=DIRECTION('',(1.,0.,0.));
#7123=DIRECTION('',(0.,0.,1.));
#7124=DIRECTION('',(-1.,0.,0.));
#7125=DIRECTION('',(0.,0.,1.));
#7126=DIRECTION('',(0.,0.,1.));
#7127=DIRECTION('',(1.,0.,0.));
#7128=DIRECTION('',(0.,0.,1.));
#7129=DIRECTION('',(1.,0.,0.));
#7130=DIRECTION('',(0.,0.,1.));
#7131=DIRECTION('',(1.,0.,0.));
#7132=DIRECTION('',(0.,0.,1.));
#7133=DIRECTION('',(1.,0.,0.));
#7134=DIRECTION('',(0.,0.,1.));
#7135=DIRECTION('',(1.,0.,0.));
#7136=DIRECTION('',(0.,0.,1.));
#7137=DIRECTION('',(1.,0.,0.));
#7138=DIRECTION('',(0.,0.,1.));
#7139=DIRECTION('',(1.,0.,0.));
#7140=DIRECTION('',(0.,0.,1.));
#7141=DIRECTION('',(1.,0.,0.));
#7142=DIRECTION('',(0.,0.,1.));
#7143=DIRECTION('',(1.,0.,0.));
#7144=DIRECTION('',(0.,0.,1.));
#7145=DIRECTION('',(1.,0.,0.));
#7146=DIRECTION('',(0.,0.,1.));
#7147=DIRECTION('',(1.,0.,0.));
#7148=DIRECTION('',(0.,0.,1.));
#7149=DIRECTION('',(1.,0.,0.));
#7150=DIRECTION('',(0.,0.,1.));
#7151=DIRECTION('',(1.,0.,0.));
#7152=DIRECTION('',(0.,0.,1.));
#7153=DIRECTION('',(1.,0.,0.));
#7154=DIRECTION('',(0.,0.,1.));
#7155=DIRECTION('',(1.,0.,0.));
#7156=DIRECTION('',(0.,0.,1.));
#7157=DIRECTION('',(1.,0.,0.));
#7158=DIRECTION('',(0.,0.,1.));
#7159=DIRECTION('',(1.,0.,0.));
#7160=DIRECTION('',(0.,0.,1.));
#7161=DIRECTION('',(1.,0.,0.));
#7162=DIRECTION('',(0.,0.,1.));
#7163=DIRECTION('',(1.,0.,0.));
#7164=DIRECTION('',(0.,0.,1.));
#7165=DIRECTION('',(1.,0.,0.));
#7166=DIRECTION('',(0.,0.,1.));
#7167=DIRECTION('',(1.,0.,0.));
#7168=DIRECTION('',(0.,0.,1.));
#7169=DIRECTION('',(1.,0.,0.));
#7170=DIRECTION('',(0.,0.,1.));
#7171=DIRECTION('',(1.,0.,0.));
#7172=DIRECTION('',(0.,0.,1.));
#7173=DIRECTION('',(1.,0.,0.));
#7174=DIRECTION('',(0.,0.,1.));
#7175=DIRECTION('',(1.,0.,0.));
#7176=DIRECTION('',(0.,0.,1.));
#7177=DIRECTION('',(1.,0.,0.));
#7178=DIRECTION('',(8.68176844058395E-32,-7.76889982636452E-31,-1.));
#7179=DIRECTION('',(-0.912711788858944,0.40860395308649,-3.96679842057194E-31));
#7180=DIRECTION('',(0.927499872403876,-0.373823469957137,0.));
#7181=DIRECTION('',(0.,0.,-1.));
#7182=DIRECTION('',(0.452242137373026,-0.891895200785539,6.12323399573677E-17));
#7183=DIRECTION('',(2.76918442986717E-17,-5.46128301408449E-17,-1.));
#7184=DIRECTION('',(-0.80473955334386,-0.593628041187346,1.63362645279681E-16));
#7185=DIRECTION('',(2.10818787118208E-16,-5.60985733078912E-16,-1.));
#7186=DIRECTION('',(0.,0.,1.));
#7187=DIRECTION('',(6.12323399573677E-17,1.,0.));
#7188=DIRECTION('',(-0.80473955334386,-0.593628041187346,1.63362645279681E-16));
#7189=DIRECTION('',(2.10818787118208E-16,-5.60985733078912E-16,-1.));
#7190=DIRECTION('',(8.68176844058395E-32,-7.76889982636452E-31,1.));
#7191=DIRECTION('',(0.912711788858944,-0.40860395308649,-3.96679842057194E-31));
#7192=DIRECTION('',(0.,0.,1.));
#7193=DIRECTION('',(6.12323399573677E-17,1.,0.));
#7194=DIRECTION('',(-1.,0.,6.12323399573677E-17));
#7195=DIRECTION('',(6.12323399573677E-17,0.,1.));
#7196=DIRECTION('',(-1.,0.,6.12323399573677E-17));
#7197=DIRECTION('',(6.12323399573677E-17,0.,1.));
#7198=DIRECTION('',(0.,0.,1.));
#7199=DIRECTION('',(1.,0.,0.));
#7200=DIRECTION('',(0.,0.,1.));
#7201=DIRECTION('',(1.,0.,0.));
#7202=DIRECTION('',(0.,0.,1.));
#7203=DIRECTION('',(1.,0.,0.));
#7204=DIRECTION('',(0.,0.,1.));
#7205=DIRECTION('',(1.,0.,0.));
#7206=DIRECTION('',(0.,0.,-1.));
#7207=DIRECTION('',(-1.,0.,0.));
#7208=DIRECTION('',(0.,0.,1.));
#7209=DIRECTION('',(1.,0.,0.));
#7210=DIRECTION('',(0.,0.,-1.));
#7211=DIRECTION('',(1.,0.,0.));
#7212=DIRECTION('',(0.,0.,1.));
#7213=DIRECTION('',(1.,0.,0.));
#7214=DIRECTION('',(0.,0.,-1.));
#7215=DIRECTION('',(1.,0.,0.));
#7216=DIRECTION('',(0.,0.,1.));
#7217=DIRECTION('',(1.,0.,0.));
#7218=DIRECTION('',(0.,0.,1.));
#7219=DIRECTION('',(-1.,0.,0.));
#7220=DIRECTION('',(0.,0.,1.));
#7221=DIRECTION('',(1.,0.,0.));
#7222=DIRECTION('',(0.,0.,1.));
#7223=DIRECTION('',(6.12323399573677E-17,1.,0.));
#7224=DIRECTION('',(-0.80473955334386,-0.593628041187346,1.63362645279681E-16));
#7225=DIRECTION('',(2.10818787118208E-16,-5.60985733078912E-16,-1.));
#7226=DIRECTION('',(-0.452242137373026,0.891895200785539,6.12323399573677E-17));
#7227=DIRECTION('',(2.76918442986717E-17,-5.46128301408449E-17,1.));
#7228=DIRECTION('',(0.927499872403876,-0.373823469957137,0.));
#7229=DIRECTION('',(0.,0.,-1.));
#7230=DIRECTION('',(0.,0.,1.));
#7231=DIRECTION('',(6.12323399573677E-17,1.,0.));
#7232=DIRECTION('',(1.,0.,6.12323399573677E-17));
#7233=DIRECTION('',(6.12323399573677E-17,0.,-1.));
#7234=DIRECTION('',(-0.927499872403876,0.373823469957137,0.));
#7235=DIRECTION('',(0.,0.,1.));
#7236=DIRECTION('',(0.80473955334386,0.593628041187346,1.63362645279681E-16));
#7237=DIRECTION('',(2.10818787118208E-16,-5.60985733078912E-16,1.));
#7238=DIRECTION('',(0.,0.,-1.));
#7239=DIRECTION('',(-1.,0.,0.));
#7240=DIRECTION('',(0.,1.,0.));
#7241=DIRECTION('',(1.,0.,0.));
#7242=DIRECTION('',(0.,-1.,0.));
#7243=DIRECTION('',(-1.,0.,0.));
#7244=DIRECTION('',(0.,0.,-1.));
#7245=DIRECTION('',(-1.,0.,0.));
#7246=DIRECTION('',(0.,1.,0.));
#7247=DIRECTION('',(-1.,0.,0.));
#7248=DIRECTION('',(0.,-1.,0.));
#7249=DIRECTION('',(1.,0.,0.));
#7250=DIRECTION('',(0.,1.,0.));
#7251=DIRECTION('',(0.,0.,1.));
#7252=DIRECTION('',(0.,0.,-1.));
#7253=DIRECTION('',(0.,0.,-1.));
#7254=DIRECTION('',(0.,-1.,0.));
#7255=DIRECTION('',(0.,0.,-1.));
#7256=DIRECTION('',(0.,-1.,0.));
#7257=DIRECTION('',(0.,0.,-1.));
#7258=DIRECTION('',(0.,-1.,0.));
#7259=DIRECTION('',(0.,0.,-1.));
#7260=DIRECTION('',(0.,-1.,0.));
#7261=DIRECTION('',(0.,0.,-1.));
#7262=DIRECTION('',(0.,-1.,0.));
#7263=DIRECTION('',(0.,0.,-1.));
#7264=DIRECTION('',(1.,0.,0.));
#7265=DIRECTION('',(0.,0.,-1.));
#7266=DIRECTION('',(0.,0.,-1.));
#7267=DIRECTION('',(0.,-1.,0.));
#7268=DIRECTION('',(0.,0.,-1.));
#7269=DIRECTION('',(0.,0.,-1.));
#7270=DIRECTION('',(-1.,0.,0.));
#7271=DIRECTION('',(0.,0.,1.));
#7272=DIRECTION('',(1.,0.,0.));
#7273=DIRECTION('',(0.,0.,-1.));
#7274=DIRECTION('',(1.,0.,0.));
#7275=DIRECTION('',(0.,0.,-1.));
#7276=DIRECTION('',(1.,0.,0.));
#7277=DIRECTION('',(0.,0.,-1.));
#7278=DIRECTION('',(1.,0.,0.));
#7279=DIRECTION('',(0.,0.,-1.));
#7280=DIRECTION('',(1.,0.,0.));
#7281=DIRECTION('',(0.,0.,-1.));
#7282=DIRECTION('',(1.,0.,0.));
#7283=DIRECTION('',(0.,0.,-1.));
#7284=DIRECTION('',(1.,0.,0.));
#7285=DIRECTION('',(0.,0.,-1.));
#7286=DIRECTION('',(1.,0.,0.));
#7287=DIRECTION('',(0.,0.,-1.));
#7288=DIRECTION('',(1.,0.,0.));
#7289=DIRECTION('',(0.,0.,-1.));
#7290=DIRECTION('',(1.,0.,0.));
#7291=DIRECTION('',(0.,0.,-1.));
#7292=DIRECTION('',(1.,0.,0.));
#7293=DIRECTION('',(0.,0.,-1.));
#7294=DIRECTION('',(1.,0.,0.));
#7295=DIRECTION('',(0.,0.,-1.));
#7296=DIRECTION('',(1.,0.,0.));
#7297=DIRECTION('',(0.,0.,-1.));
#7298=DIRECTION('',(1.,0.,0.));
#7299=DIRECTION('',(0.,0.,-1.));
#7300=DIRECTION('',(1.,0.,0.));
#7301=DIRECTION('',(0.,0.,-1.));
#7302=DIRECTION('',(1.,0.,0.));
#7303=DIRECTION('',(0.,0.,-1.));
#7304=DIRECTION('',(0.,-1.,0.));
#7305=DIRECTION('',(0.,0.,-1.));
#7306=DIRECTION('',(0.,-1.,0.));
#7307=DIRECTION('',(0.,0.,-1.));
#7308=DIRECTION('',(0.,-1.,0.));
#7309=DIRECTION('',(0.,0.,-1.));
#7310=DIRECTION('',(0.,-1.,0.));
#7311=DIRECTION('',(0.,0.,-1.));
#7312=DIRECTION('',(0.,-1.,0.));
#7313=DIRECTION('',(0.,0.,-1.));
#7314=DIRECTION('',(0.,-1.,0.));
#7315=DIRECTION('',(0.,0.,-1.));
#7316=DIRECTION('',(0.,-1.,0.));
#7317=DIRECTION('',(0.,0.,-1.));
#7318=DIRECTION('',(0.,-1.,0.));
#7319=DIRECTION('',(0.,0.,-1.));
#7320=DIRECTION('',(0.,-1.,0.));
#7321=DIRECTION('',(0.,0.,-1.));
#7322=DIRECTION('',(0.,-1.,0.));
#7323=DIRECTION('',(0.,0.,-1.));
#7324=DIRECTION('',(0.,-1.,0.));
#7325=DIRECTION('',(0.,0.,-1.));
#7326=DIRECTION('',(0.,-1.,0.));
#7327=DIRECTION('',(0.,0.,-1.));
#7328=DIRECTION('',(0.,-1.,0.));
#7329=DIRECTION('',(0.,0.,-1.));
#7330=DIRECTION('',(0.,-1.,0.));
#7331=DIRECTION('',(0.,0.,-1.));
#7332=DIRECTION('',(0.,-1.,0.));
#7333=DIRECTION('',(0.,0.,-1.));
#7334=DIRECTION('',(1.,1.38777878078145E-17,-5.55111512312578E-17));
#7335=DIRECTION('',(-5.55111512312578E-17,-2.77555756156289E-17,-1.));
#7336=DIRECTION('',(0.39265355383036,-0.919686461063981,-5.987097295389E-16));
#7337=DIRECTION('',(2.1081878711821E-16,-5.60985733078913E-16,1.));
#7338=DIRECTION('',(0.39265355383036,-0.919686461063981,-5.987097295389E-16));
#7339=DIRECTION('',(2.1081878711821E-16,-5.60985733078913E-16,1.));
#7340=DIRECTION('',(0.927499872403876,-0.373823469957137,0.));
#7341=DIRECTION('',(0.,0.,-1.));
#7342=DIRECTION('',(8.68176844058395E-32,-7.76889982636452E-31,1.));
#7343=DIRECTION('',(0.912711788858944,-0.40860395308649,-3.96679842057194E-31));
#7344=DIRECTION('',(0.39265355383036,-0.919686461063981,-5.987097295389E-16));
#7345=DIRECTION('',(2.1081878711821E-16,-5.60985733078913E-16,1.));
#7346=DIRECTION('',(0.,0.,-1.));
#7347=DIRECTION('',(-1.,0.,0.));
#7348=DIRECTION('',(1.42663658664333E-14,2.46519032881566E-32,-1.));
#7349=DIRECTION('',(-1.,0.,-1.47451495458028E-14));
#7350=DIRECTION('',(-1.,0.,0.));
#7351=DIRECTION('',(0.,-2.46519032881566E-32,1.));
#7352=DIRECTION('',(-1.,0.,-2.70339306496225E-14));
#7353=DIRECTION('',(-2.7755575615629E-14,0.,1.));
#7354=DIRECTION('',(0.,1.,-2.46519032881566E-32));
#7355=DIRECTION('',(0.,2.46519032881566E-32,1.));
#7356=DIRECTION('',(0.,0.,1.));
#7357=DIRECTION('',(1.,0.,0.));
#7358=DIRECTION('',(-0.927499872403876,0.373823469957137,0.));
#7359=DIRECTION('',(0.,0.,1.));
#7360=DIRECTION('',(0.,-1.,0.));
#7361=DIRECTION('',(0.,0.,-1.));
#7362=DIRECTION('',(0.,1.,0.));
#7363=DIRECTION('',(0.,0.,-1.));
#7364=DIRECTION('',(0.,1.,0.));
#7365=DIRECTION('',(0.,-1.,0.));
#7366=DIRECTION('',(0.,0.,-1.));
#7367=DIRECTION('',(0.,-1.,0.));
#7368=DIRECTION('',(0.,-1.,0.));
#7369=DIRECTION('',(0.,0.,-1.));
#7370=DIRECTION('',(0.,1.,0.));
#7371=DIRECTION('',(0.,0.,-1.));
#7372=DIRECTION('',(0.,1.,0.));
#7373=DIRECTION('',(0.,-1.,0.));
#7374=DIRECTION('',(0.,0.,-1.));
#7375=DIRECTION('',(0.,-1.,0.));
#7376=DIRECTION('',(0.,-1.,0.));
#7377=DIRECTION('',(0.,0.,-1.));
#7378=DIRECTION('',(0.,1.,0.));
#7379=DIRECTION('',(0.,0.,-1.));
#7380=DIRECTION('',(0.,1.,0.));
#7381=DIRECTION('',(0.,-1.,0.));
#7382=DIRECTION('',(0.,0.,-1.));
#7383=DIRECTION('',(0.,-1.,0.));
#7384=DIRECTION('',(0.,-1.,0.));
#7385=DIRECTION('',(0.,0.,-1.));
#7386=DIRECTION('',(0.,1.,0.));
#7387=DIRECTION('',(0.,0.,-1.));
#7388=DIRECTION('',(0.,1.,0.));
#7389=DIRECTION('',(0.,-1.,0.));
#7390=DIRECTION('',(0.,0.,-1.));
#7391=DIRECTION('',(0.,-1.,0.));
#7392=DIRECTION('',(0.,-1.,0.));
#7393=DIRECTION('',(0.,0.,-1.));
#7394=DIRECTION('',(0.,-1.,0.));
#7395=DIRECTION('',(0.,0.,-1.));
#7396=DIRECTION('',(0.,-1.,0.));
#7397=DIRECTION('',(0.,-1.,0.));
#7398=DIRECTION('',(0.,0.,-1.));
#7399=DIRECTION('',(0.,-1.,0.));
#7400=DIRECTION('',(0.,-1.,0.));
#7401=DIRECTION('',(0.,0.,-1.));
#7402=DIRECTION('',(0.,-1.,0.));
#7403=DIRECTION('',(0.,0.,-1.));
#7404=DIRECTION('',(0.,1.,0.));
#7405=DIRECTION('',(0.,-1.,0.));
#7406=DIRECTION('',(0.,0.,-1.));
#7407=DIRECTION('',(0.,1.,0.));
#7408=DIRECTION('',(0.,-1.,0.));
#7409=DIRECTION('',(0.,0.,-1.));
#7410=DIRECTION('',(0.,-1.,0.));
#7411=DIRECTION('',(0.,-1.,0.));
#7412=DIRECTION('',(0.,0.,-1.));
#7413=DIRECTION('',(0.,1.,0.));
#7414=DIRECTION('',(0.,-1.,0.));
#7415=DIRECTION('',(0.,0.,-1.));
#7416=DIRECTION('',(0.,0.,1.));
#7417=DIRECTION('',(1.,0.,0.));
#7418=DIRECTION('',(-1.,0.,0.));
#7419=DIRECTION('',(0.,1.,0.));
#7420=DIRECTION('',(1.,0.,0.));
#7421=DIRECTION('',(1.,0.,0.));
#7422=DIRECTION('',(0.,0.,-1.));
#7423=DIRECTION('',(0.,0.,1.));
#7424=DIRECTION('',(0.,0.,-1.));
#7425=DIRECTION('',(0.,-1.,0.));
#7426=DIRECTION('',(0.,0.,-1.));
#7427=DIRECTION('',(-1.,0.,0.));
#7428=DIRECTION('',(1.,0.,0.));
#7429=DIRECTION('',(-1.,0.,0.));
#7430=DIRECTION('',(0.,-1.,0.));
#7431=DIRECTION('',(0.,0.,-1.));
#7432=DIRECTION('',(0.,-1.,0.));
#7433=DIRECTION('',(0.,0.,-1.));
#7434=DIRECTION('',(0.,-1.,0.));
#7435=DIRECTION('',(0.,-1.,0.));
#7436=DIRECTION('',(0.,0.,-1.));
#7437=DIRECTION('',(0.,-1.,0.));
#7438=DIRECTION('',(0.,-1.,0.));
#7439=DIRECTION('',(0.,0.,-1.));
#7440=DIRECTION('',(0.,-1.,0.));
#7441=DIRECTION('',(0.,0.,-1.));
#7442=DIRECTION('',(0.,1.,0.));
#7443=DIRECTION('',(0.,-1.,0.));
#7444=DIRECTION('',(0.,0.,-1.));
#7445=DIRECTION('',(0.,1.,0.));
#7446=DIRECTION('',(0.,-1.,0.));
#7447=DIRECTION('',(0.,0.,-1.));
#7448=DIRECTION('',(0.,-1.,0.));
#7449=DIRECTION('',(0.,-1.,0.));
#7450=DIRECTION('',(0.,0.,-1.));
#7451=DIRECTION('',(0.,1.,0.));
#7452=DIRECTION('',(0.,-1.,0.));
#7453=DIRECTION('',(0.,0.,-1.));
#7454=DIRECTION('',(0.,0.,1.));
#7455=DIRECTION('',(1.,0.,0.));
#7456=DIRECTION('',(-1.,0.,0.));
#7457=DIRECTION('',(0.,1.,0.));
#7458=DIRECTION('',(1.,0.,0.));
#7459=DIRECTION('',(1.,0.,0.));
#7460=DIRECTION('',(0.,0.,-1.));
#7461=DIRECTION('',(0.,0.,1.));
#7462=DIRECTION('',(0.,0.,-1.));
#7463=DIRECTION('',(0.,-1.,0.));
#7464=DIRECTION('',(0.,0.,-1.));
#7465=DIRECTION('',(-1.,0.,0.));
#7466=DIRECTION('',(1.,0.,0.));
#7467=DIRECTION('',(-1.,0.,0.));
#7468=DIRECTION('',(0.,-1.,0.));
#7469=DIRECTION('',(0.,0.,-1.));
#7470=DIRECTION('',(0.,-1.,0.));
#7471=DIRECTION('',(0.,0.,-1.));
#7472=DIRECTION('',(0.,-1.,0.));
#7473=DIRECTION('',(0.,-1.,0.));
#7474=DIRECTION('',(0.,0.,-1.));
#7475=DIRECTION('',(0.,-1.,0.));
#7476=DIRECTION('',(0.,-1.,0.));
#7477=DIRECTION('',(0.,0.,-1.));
#7478=DIRECTION('',(0.,-1.,0.));
#7479=DIRECTION('',(0.,0.,-1.));
#7480=DIRECTION('',(0.,1.,0.));
#7481=DIRECTION('',(0.,-1.,0.));
#7482=DIRECTION('',(0.,0.,-1.));
#7483=DIRECTION('',(0.,1.,0.));
#7484=DIRECTION('',(0.,-1.,0.));
#7485=DIRECTION('',(0.,0.,-1.));
#7486=DIRECTION('',(0.,-1.,0.));
#7487=DIRECTION('',(0.,-1.,0.));
#7488=DIRECTION('',(0.,0.,-1.));
#7489=DIRECTION('',(0.,1.,0.));
#7490=DIRECTION('',(0.,-1.,0.));
#7491=DIRECTION('',(0.,0.,-1.));
#7492=DIRECTION('',(0.,0.,1.));
#7493=DIRECTION('',(1.,0.,0.));
#7494=DIRECTION('',(-1.,0.,0.));
#7495=DIRECTION('',(0.,1.,0.));
#7496=DIRECTION('',(1.,0.,0.));
#7497=DIRECTION('',(1.,0.,0.));
#7498=DIRECTION('',(0.,0.,-1.));
#7499=DIRECTION('',(0.,0.,1.));
#7500=DIRECTION('',(0.,0.,-1.));
#7501=DIRECTION('',(0.,-1.,0.));
#7502=DIRECTION('',(0.,0.,-1.));
#7503=DIRECTION('',(-1.,0.,0.));
#7504=DIRECTION('',(1.,0.,0.));
#7505=DIRECTION('',(-1.,0.,0.));
#7506=DIRECTION('',(0.,-1.,0.));
#7507=DIRECTION('',(0.,0.,-1.));
#7508=DIRECTION('',(0.,-1.,0.));
#7509=DIRECTION('',(0.,0.,-1.));
#7510=DIRECTION('',(0.,-1.,0.));
#7511=DIRECTION('',(0.,-1.,0.));
#7512=DIRECTION('',(0.,0.,-1.));
#7513=DIRECTION('',(0.,-1.,0.));
#7514=DIRECTION('',(0.,-1.,0.));
#7515=DIRECTION('',(0.,0.,-1.));
#7516=DIRECTION('',(0.,-1.,0.));
#7517=DIRECTION('',(0.,0.,-1.));
#7518=DIRECTION('',(0.,1.,0.));
#7519=DIRECTION('',(0.,-1.,0.));
#7520=DIRECTION('',(0.,0.,-1.));
#7521=DIRECTION('',(0.,1.,0.));
#7522=DIRECTION('',(0.,-1.,0.));
#7523=DIRECTION('',(0.,0.,-1.));
#7524=DIRECTION('',(0.,-1.,0.));
#7525=DIRECTION('',(0.,-1.,0.));
#7526=DIRECTION('',(0.,0.,-1.));
#7527=DIRECTION('',(0.,1.,0.));
#7528=DIRECTION('',(0.,-1.,0.));
#7529=DIRECTION('',(0.,0.,-1.));
#7530=DIRECTION('',(0.,0.,1.));
#7531=DIRECTION('',(1.,0.,0.));
#7532=DIRECTION('',(-1.,0.,0.));
#7533=DIRECTION('',(0.,1.,0.));
#7534=DIRECTION('',(1.,0.,0.));
#7535=DIRECTION('',(1.,0.,0.));
#7536=DIRECTION('',(0.,0.,-1.));
#7537=DIRECTION('',(0.,0.,1.));
#7538=DIRECTION('',(0.,0.,-1.));
#7539=DIRECTION('',(0.,-1.,0.));
#7540=DIRECTION('',(0.,0.,-1.));
#7541=DIRECTION('',(-1.,0.,0.));
#7542=DIRECTION('',(1.,0.,0.));
#7543=DIRECTION('',(-1.,0.,0.));
#7544=DIRECTION('',(0.,-1.,0.));
#7545=DIRECTION('',(0.,0.,-1.));
#7546=DIRECTION('',(0.,-1.,0.));
#7547=DIRECTION('',(0.,0.,-1.));
#7548=DIRECTION('',(0.,-1.,0.));
#7549=DIRECTION('',(0.,-1.,0.));
#7550=DIRECTION('',(0.,0.,-1.));
#7551=DIRECTION('',(0.,-1.,0.));
#7552=DIRECTION('',(0.,-1.,0.));
#7553=DIRECTION('',(0.,0.,-1.));
#7554=DIRECTION('',(0.,-1.,0.));
#7555=DIRECTION('',(0.,0.,-1.));
#7556=DIRECTION('',(0.,1.,0.));
#7557=DIRECTION('',(0.,-1.,0.));
#7558=DIRECTION('',(0.,0.,-1.));
#7559=DIRECTION('',(0.,1.,0.));
#7560=DIRECTION('',(0.,-1.,0.));
#7561=DIRECTION('',(0.,0.,-1.));
#7562=DIRECTION('',(0.,-1.,0.));
#7563=DIRECTION('',(0.,-1.,0.));
#7564=DIRECTION('',(0.,0.,-1.));
#7565=DIRECTION('',(0.,1.,0.));
#7566=DIRECTION('',(0.,-1.,0.));
#7567=DIRECTION('',(0.,0.,-1.));
#7568=DIRECTION('',(0.,0.,1.));
#7569=DIRECTION('',(1.,0.,0.));
#7570=DIRECTION('',(-1.,0.,0.));
#7571=DIRECTION('',(0.,1.,0.));
#7572=DIRECTION('',(1.,0.,0.));
#7573=DIRECTION('',(1.,0.,0.));
#7574=DIRECTION('',(0.,0.,-1.));
#7575=DIRECTION('',(0.,0.,1.));
#7576=DIRECTION('',(0.,0.,-1.));
#7577=DIRECTION('',(0.,-1.,0.));
#7578=DIRECTION('',(0.,0.,-1.));
#7579=DIRECTION('',(-1.,0.,0.));
#7580=DIRECTION('',(1.,0.,0.));
#7581=DIRECTION('',(-1.,0.,0.));
#7582=DIRECTION('',(0.,-1.,0.));
#7583=DIRECTION('',(0.,0.,-1.));
#7584=DIRECTION('',(0.,-1.,0.));
#7585=DIRECTION('',(0.,0.,-1.));
#7586=DIRECTION('',(0.,-1.,0.));
#7587=DIRECTION('',(0.,0.,-1.));
#7588=DIRECTION('',(0.,-1.,0.));
#7589=DIRECTION('',(0.,0.,-1.));
#7590=DIRECTION('',(0.,-1.,0.));
#7591=DIRECTION('',(0.,0.,-1.));
#7592=DIRECTION('',(0.,-1.,0.));
#7593=DIRECTION('',(0.,0.,-1.));
#7594=DIRECTION('',(0.,-1.,0.));
#7595=DIRECTION('',(0.,0.,-1.));
#7596=DIRECTION('',(0.,-1.,0.));
#7597=DIRECTION('',(0.,0.,-1.));
#7598=DIRECTION('',(0.,-1.,0.));
#7599=DIRECTION('',(0.,0.,-1.));
#7600=DIRECTION('',(0.,-1.,0.));
#7601=DIRECTION('',(0.,0.,-1.));
#7602=DIRECTION('',(0.,-1.,0.));
#7603=DIRECTION('',(0.,0.,-1.));
#7604=DIRECTION('',(-1.,0.,0.));
#7605=DIRECTION('',(0.,0.,-1.));
#7606=DIRECTION('',(0.,-1.,0.));
#7607=DIRECTION('',(0.,0.,-1.));
#7608=DIRECTION('',(0.,0.,-1.));
#7609=DIRECTION('',(0.,-1.,0.));
#7610=DIRECTION('',(0.,0.,-1.));
#7611=DIRECTION('',(0.,0.,-1.));
#7612=DIRECTION('',(0.,-1.,0.));
#7613=DIRECTION('',(0.,0.,-1.));
#7614=DIRECTION('',(0.,0.,-1.));
#7615=DIRECTION('',(0.,-1.,0.));
#7616=DIRECTION('',(0.,0.,-1.));
#7617=DIRECTION('',(0.,0.,-1.));
#7618=DIRECTION('',(0.,-1.,0.));
#7619=DIRECTION('',(0.,0.,-1.));
#7620=DIRECTION('',(0.,0.,-1.));
#7621=DIRECTION('',(1.,0.,0.));
#7622=DIRECTION('',(0.,0.,1.));
#7623=DIRECTION('',(0.,-1.,0.));
#7624=DIRECTION('',(0.,0.,-1.));
#7625=DIRECTION('',(0.,0.,-1.));
#7626=DIRECTION('',(-1.,0.,0.));
#7627=DIRECTION('',(0.,0.,1.));
#7628=DIRECTION('',(1.,0.,0.));
#7629=DIRECTION('',(0.,0.,-1.));
#7630=DIRECTION('',(0.,-1.,0.));
#7631=DIRECTION('',(0.,0.,-1.));
#7632=DIRECTION('',(0.,0.,-1.));
#7633=DIRECTION('',(0.,-1.,0.));
#7634=DIRECTION('',(0.,0.,-1.));
#7635=DIRECTION('',(0.,0.,-1.));
#7636=DIRECTION('',(0.,-1.,0.));
#7637=DIRECTION('',(0.,0.,-1.));
#7638=DIRECTION('',(0.,0.,-1.));
#7639=DIRECTION('',(0.,-1.,0.));
#7640=DIRECTION('',(0.,0.,-1.));
#7641=DIRECTION('',(0.,0.,-1.));
#7642=DIRECTION('',(0.,-1.,0.));
#7643=DIRECTION('',(0.,0.,-1.));
#7644=DIRECTION('',(0.,-1.,0.));
#7645=DIRECTION('',(0.,0.,-1.));
#7646=DIRECTION('',(0.,-1.,0.));
#7647=DIRECTION('',(0.,0.,-1.));
#7648=DIRECTION('',(0.,-1.,0.));
#7649=DIRECTION('',(0.,0.,-1.));
#7650=DIRECTION('',(0.,-1.,0.));
#7651=DIRECTION('',(0.,0.,-1.));
#7652=DIRECTION('',(0.,-1.,0.));
#7653=DIRECTION('',(0.,0.,-1.));
#7654=DIRECTION('',(0.,-1.,0.));
#7655=DIRECTION('',(0.,0.,-1.));
#7656=DIRECTION('',(0.,-1.,0.));
#7657=DIRECTION('',(0.,0.,-1.));
#7658=DIRECTION('',(0.,-1.,0.));
#7659=DIRECTION('',(0.,0.,-1.));
#7660=DIRECTION('',(0.,-1.,0.));
#7661=DIRECTION('',(0.,0.,-1.));
#7662=DIRECTION('',(0.,-1.,0.));
#7663=DIRECTION('',(0.,0.,-1.));
#7664=DIRECTION('',(0.,0.,-1.));
#7665=DIRECTION('',(-1.,0.,0.));
#7666=DIRECTION('',(1.,0.,0.));
#7667=DIRECTION('',(0.,0.,-1.));
#7668=DIRECTION('',(0.,0.,1.));
#7669=DIRECTION('',(1.,0.,0.));
#7670=DIRECTION('',(-1.,0.,0.));
#7671=DIRECTION('',(0.,0.,1.));
#7672=DIRECTION('',(-1.,0.,0.));
#7673=DIRECTION('',(0.,0.,1.));
#7674=DIRECTION('',(-1.,0.,0.));
#7675=DIRECTION('',(0.,0.,1.));
#7676=DIRECTION('',(-1.,0.,0.));
#7677=DIRECTION('',(0.,0.,1.));
#7678=DIRECTION('',(-1.,0.,0.));
#7679=DIRECTION('',(0.,0.,1.));
#7680=DIRECTION('',(-1.,0.,0.));
#7681=DIRECTION('',(0.,0.,1.));
#7682=DIRECTION('',(0.,-1.,0.));
#7683=DIRECTION('',(0.,0.,-1.));
#7684=DIRECTION('',(0.,-1.,0.));
#7685=DIRECTION('',(0.,0.,-1.));
#7686=DIRECTION('',(0.,-1.,0.));
#7687=DIRECTION('',(0.,0.,-1.));
#7688=DIRECTION('',(0.,-1.,0.));
#7689=DIRECTION('',(0.,0.,-1.));
#7690=DIRECTION('',(0.,-1.,0.));
#7691=DIRECTION('',(0.,0.,-1.));
#7692=DIRECTION('',(0.,-1.,0.));
#7693=DIRECTION('',(0.,0.,-1.));
#7694=DIRECTION('',(0.,-1.,0.));
#7695=DIRECTION('',(0.,0.,-1.));
#7696=DIRECTION('',(0.,-1.,0.));
#7697=DIRECTION('',(0.,0.,-1.));
#7698=DIRECTION('',(0.,-1.,0.));
#7699=DIRECTION('',(0.,0.,-1.));
#7700=DIRECTION('',(0.,-1.,0.));
#7701=DIRECTION('',(0.,0.,-1.));
#7702=DIRECTION('',(0.,-1.,0.));
#7703=DIRECTION('',(0.,0.,-1.));
#7704=DIRECTION('',(0.,-1.,0.));
#7705=DIRECTION('',(0.,0.,-1.));
#7706=DIRECTION('',(0.,-1.,0.));
#7707=DIRECTION('',(0.,0.,-1.));
#7708=DIRECTION('',(0.,-1.,0.));
#7709=DIRECTION('',(0.,0.,-1.));
#7710=DIRECTION('',(0.,-1.,0.));
#7711=DIRECTION('',(0.,0.,-1.));
#7712=DIRECTION('',(0.,-1.,0.));
#7713=DIRECTION('',(0.,0.,-1.));
#7714=DIRECTION('',(0.,-1.,0.));
#7715=DIRECTION('',(0.,0.,-1.));
#7716=DIRECTION('',(0.,-1.,0.));
#7717=DIRECTION('',(0.,0.,-1.));
#7718=DIRECTION('',(0.,-1.,0.));
#7719=DIRECTION('',(0.,0.,-1.));
#7720=DIRECTION('',(0.,-1.,0.));
#7721=DIRECTION('',(0.,0.,-1.));
#7722=DIRECTION('',(0.,-1.,0.));
#7723=DIRECTION('',(0.,0.,-1.));
#7724=DIRECTION('',(0.,-1.,0.));
#7725=DIRECTION('',(0.,0.,-1.));
#7726=DIRECTION('',(0.,-1.,0.));
#7727=DIRECTION('',(0.,0.,-1.));
#7728=DIRECTION('',(0.,-1.,0.));
#7729=DIRECTION('',(0.,0.,-1.));
#7730=DIRECTION('',(0.,-1.,0.));
#7731=DIRECTION('',(0.,0.,-1.));
#7732=DIRECTION('',(0.,-1.,0.));
#7733=DIRECTION('',(0.,0.,-1.));
#7734=DIRECTION('',(0.,-1.,0.));
#7735=DIRECTION('',(0.,0.,-1.));
#7736=DIRECTION('',(0.,-1.,0.));
#7737=DIRECTION('',(0.,0.,-1.));
#7738=DIRECTION('',(0.,-1.,0.));
#7739=DIRECTION('',(0.,0.,-1.));
#7740=DIRECTION('',(0.,-1.,0.));
#7741=DIRECTION('',(0.,0.,-1.));
#7742=DIRECTION('',(0.,-1.,0.));
#7743=DIRECTION('',(0.,0.,-1.));
#7744=DIRECTION('',(0.,-1.,0.));
#7745=DIRECTION('',(0.,0.,-1.));
#7746=DIRECTION('',(0.,-1.,0.));
#7747=DIRECTION('',(0.,0.,-1.));
#7748=DIRECTION('',(0.,-1.,0.));
#7749=DIRECTION('',(0.,0.,-1.));
#7750=DIRECTION('',(0.,-1.,0.));
#7751=DIRECTION('',(0.,0.,-1.));
#7752=DIRECTION('',(0.,0.,1.));
#7753=DIRECTION('',(1.,0.,0.));
#7754=DIRECTION('',(8.68176844058395E-32,-7.76889982636452E-31,1.));
#7755=DIRECTION('',(0.912711788858944,-0.40860395308649,-3.96679842057194E-31));
#7756=DIRECTION('',(0.,0.,-1.));
#7757=DIRECTION('',(-1.,0.,0.));
#7758=DIRECTION('',(1.43716669801697E-14,0.,-1.));
#7759=DIRECTION('',(-1.,0.,-1.47451495458028E-14));
#7760=DIRECTION('',(0.,0.,1.));
#7761=DIRECTION('',(1.,0.,0.));
#7762=DIRECTION('',(-1.43716669801697E-14,0.,1.));
#7763=DIRECTION('',(1.,0.,1.47451495458028E-14));
#7764=DIRECTION('',(0.,0.,-1.));
#7765=DIRECTION('',(-1.,0.,0.));
#7766=DIRECTION('',(0.,0.,1.));
#7767=DIRECTION('',(1.,0.,0.));
#7768=DIRECTION('',(0.,0.,1.));
#7769=DIRECTION('',(1.,0.,0.));
#7770=DIRECTION('',(1.42663658664333E-14,0.,-1.));
#7771=DIRECTION('',(1.,0.,1.38777878078144E-14));
#7772=DIRECTION('',(-1.,0.,0.));
#7773=DIRECTION('',(0.,0.,1.));
#7774=DIRECTION('',(1.,0.,0.));
#7775=DIRECTION('',(0.,0.,1.));
#7776=DIRECTION('',(0.,-1.,0.));
#7777=DIRECTION('',(0.,0.,-1.));
#7778=DIRECTION('',(0.,0.,1.));
#7779=DIRECTION('',(1.,0.,0.));
#7780=DIRECTION('',(-1.,-1.04427503800539E-15,6.93889390390704E-18));
#7781=DIRECTION('',(6.93889390390723E-18,-1.78975729223811E-16,1.));
#7782=DIRECTION('',(-1.,0.,6.12323399573677E-17));
#7783=DIRECTION('',(6.12323399573677E-17,0.,1.));
#7784=DIRECTION('',(8.68176844058395E-32,-7.76889982636452E-31,-1.));
#7785=DIRECTION('',(-0.912711788858944,0.40860395308649,-3.96679842057194E-31));
#7786=DIRECTION('',(0.80473955334386,0.593628041187346,1.63362645279681E-16));
#7787=DIRECTION('',(2.10818787118208E-16,-5.60985733078912E-16,1.));
#7788=DIRECTION('',(1.,0.,0.));
#7789=DIRECTION('',(0.,0.,-1.));
#7790=DIRECTION('',(-1.,0.,0.));
#7791=DIRECTION('',(0.,0.,-1.));
#7792=DIRECTION('',(-1.,0.,0.));
#7793=DIRECTION('',(1.,0.,0.));
#7794=DIRECTION('',(0.,0.,1.));
#7795=DIRECTION('',(1.,0.,0.));
#7796=DIRECTION('',(-1.,0.,0.));
#7797=DIRECTION('',(0.,0.,1.));
#7798=DIRECTION('',(1.,0.,0.));
#7799=DIRECTION('',(0.,0.,1.));
#7800=DIRECTION('',(1.,0.,0.));
#7801=DIRECTION('',(-1.,0.,0.));
#7802=DIRECTION('',(0.,0.,-1.));
#7803=DIRECTION('',(-1.,0.,0.));
#7804=DIRECTION('',(1.,0.,0.));
#7805=DIRECTION('',(0.,0.,-1.));
#7806=DIRECTION('',(1.,0.,0.));
#7807=DIRECTION('',(0.,0.,1.));
#7808=DIRECTION('',(1.,0.,0.));
#7809=DIRECTION('',(-1.,0.,0.));
#7810=DIRECTION('',(0.,0.,-1.));
#7811=DIRECTION('',(-1.,0.,0.));
#7812=DIRECTION('',(-1.,0.,0.));
#7813=DIRECTION('',(0.,0.,1.));
#7814=DIRECTION('',(-1.,0.,0.));
#7815=DIRECTION('',(0.,0.,-1.));
#7816=DIRECTION('',(-1.,0.,0.));
#7817=DIRECTION('',(1.,0.,0.));
#7818=DIRECTION('',(0.,0.,1.));
#7819=DIRECTION('',(1.,0.,0.));
#7820=DIRECTION('',(0.,-1.,0.));
#7821=DIRECTION('',(0.,0.,-1.));
#7822=DIRECTION('',(0.,0.,-1.));
#7823=DIRECTION('',(0.,0.,1.));
#7824=DIRECTION('',(0.,0.,1.));
#7825=DIRECTION('',(1.,0.,0.));
#7826=DIRECTION('',(0.,1.,0.));
#7827=DIRECTION('',(0.,1.,0.));
#7828=DIRECTION('',(1.,0.,0.));
#7829=DIRECTION('',(0.,0.,-1.));
#7830=DIRECTION('',(-1.,0.,0.));
#7831=DIRECTION('',(0.,1.,0.));
#7832=DIRECTION('',(0.,1.,0.));
#7833=DIRECTION('',(-1.,0.,0.));
#7834=DIRECTION('',(1.,0.,0.));
#7835=DIRECTION('',(0.,0.,-1.));
#7836=DIRECTION('',(1.,0.,0.));
#7837=DIRECTION('',(0.,0.,1.));
#7838=DIRECTION('',(1.,0.,0.));
#7839=DIRECTION('',(-1.,0.,0.));
#7840=DIRECTION('',(0.,0.,-1.));
#7841=DIRECTION('',(-1.,0.,0.));
#7842=DIRECTION('',(-1.,0.,0.));
#7843=DIRECTION('',(0.,0.,1.));
#7844=DIRECTION('',(-1.,0.,0.));
#7845=DIRECTION('',(0.,0.,-1.));
#7846=DIRECTION('',(-1.,0.,0.));
#7847=DIRECTION('',(1.,0.,0.));
#7848=DIRECTION('',(0.,0.,1.));
#7849=DIRECTION('',(1.,0.,0.));
#7850=DIRECTION('',(0.,-1.,0.));
#7851=DIRECTION('',(0.,0.,-1.));
#7852=DIRECTION('',(0.,0.,-1.));
#7853=DIRECTION('',(0.,0.,1.));
#7854=DIRECTION('',(0.,0.,1.));
#7855=DIRECTION('',(1.,0.,0.));
#7856=DIRECTION('',(0.,1.,0.));
#7857=DIRECTION('',(0.,1.,0.));
#7858=DIRECTION('',(1.,0.,0.));
#7859=DIRECTION('',(0.,0.,-1.));
#7860=DIRECTION('',(-1.,0.,0.));
#7861=DIRECTION('',(0.,1.,0.));
#7862=DIRECTION('',(0.,1.,0.));
#7863=DIRECTION('',(-1.,0.,0.));
#7864=DIRECTION('',(1.,0.,0.));
#7865=DIRECTION('',(0.,0.,-1.));
#7866=DIRECTION('',(1.,0.,0.));
#7867=DIRECTION('',(0.,0.,1.));
#7868=DIRECTION('',(1.,0.,0.));
#7869=DIRECTION('',(-1.,0.,0.));
#7870=DIRECTION('',(0.,0.,-1.));
#7871=DIRECTION('',(-1.,0.,0.));
#7872=DIRECTION('',(-1.,0.,0.));
#7873=DIRECTION('',(0.,0.,1.));
#7874=DIRECTION('',(-1.,0.,0.));
#7875=DIRECTION('',(0.,0.,-1.));
#7876=DIRECTION('',(-1.,0.,0.));
#7877=DIRECTION('',(1.,0.,0.));
#7878=DIRECTION('',(0.,0.,1.));
#7879=DIRECTION('',(1.,0.,0.));
#7880=DIRECTION('',(0.,-1.,0.));
#7881=DIRECTION('',(0.,0.,-1.));
#7882=DIRECTION('',(0.,0.,-1.));
#7883=DIRECTION('',(0.,0.,1.));
#7884=DIRECTION('',(0.,0.,1.));
#7885=DIRECTION('',(1.,0.,0.));
#7886=DIRECTION('',(0.,1.,0.));
#7887=DIRECTION('',(0.,1.,0.));
#7888=DIRECTION('',(1.,0.,0.));
#7889=DIRECTION('',(0.,0.,-1.));
#7890=DIRECTION('',(-1.,0.,0.));
#7891=DIRECTION('',(0.,1.,0.));
#7892=DIRECTION('',(0.,1.,0.));
#7893=DIRECTION('',(-1.,0.,0.));
#7894=DIRECTION('',(1.,0.,0.));
#7895=DIRECTION('',(0.,0.,-1.));
#7896=DIRECTION('',(1.,0.,0.));
#7897=DIRECTION('',(0.,0.,1.));
#7898=DIRECTION('',(1.,0.,0.));
#7899=DIRECTION('',(-1.,0.,0.));
#7900=DIRECTION('',(0.,0.,-1.));
#7901=DIRECTION('',(-1.,0.,0.));
#7902=DIRECTION('',(-1.,0.,0.));
#7903=DIRECTION('',(0.,0.,1.));
#7904=DIRECTION('',(-1.,0.,0.));
#7905=DIRECTION('',(0.,0.,-1.));
#7906=DIRECTION('',(-1.,0.,0.));
#7907=DIRECTION('',(1.,0.,0.));
#7908=DIRECTION('',(0.,0.,1.));
#7909=DIRECTION('',(1.,0.,0.));
#7910=DIRECTION('',(0.,-1.,0.));
#7911=DIRECTION('',(0.,0.,-1.));
#7912=DIRECTION('',(0.,0.,-1.));
#7913=DIRECTION('',(0.,0.,1.));
#7914=DIRECTION('',(0.,0.,1.));
#7915=DIRECTION('',(1.,0.,0.));
#7916=DIRECTION('',(0.,1.,0.));
#7917=DIRECTION('',(0.,1.,0.));
#7918=DIRECTION('',(1.,0.,0.));
#7919=DIRECTION('',(0.,0.,-1.));
#7920=DIRECTION('',(-1.,0.,0.));
#7921=DIRECTION('',(0.,1.,0.));
#7922=DIRECTION('',(0.,1.,0.));
#7923=DIRECTION('',(-1.,0.,0.));
#7924=DIRECTION('',(1.,0.,0.));
#7925=DIRECTION('',(0.,0.,-1.));
#7926=DIRECTION('',(1.,0.,0.));
#7927=DIRECTION('',(0.,0.,1.));
#7928=DIRECTION('',(1.,0.,0.));
#7929=DIRECTION('',(-1.,0.,0.));
#7930=DIRECTION('',(0.,0.,-1.));
#7931=DIRECTION('',(-1.,0.,0.));
#7932=DIRECTION('',(-1.,0.,0.));
#7933=DIRECTION('',(0.,0.,1.));
#7934=DIRECTION('',(-1.,0.,0.));
#7935=DIRECTION('',(0.,0.,-1.));
#7936=DIRECTION('',(-1.,0.,0.));
#7937=DIRECTION('',(1.,0.,0.));
#7938=DIRECTION('',(0.,0.,1.));
#7939=DIRECTION('',(1.,0.,0.));
#7940=DIRECTION('',(0.,-1.,0.));
#7941=DIRECTION('',(0.,0.,-1.));
#7942=DIRECTION('',(0.,0.,-1.));
#7943=DIRECTION('',(0.,0.,1.));
#7944=DIRECTION('',(0.,0.,1.));
#7945=DIRECTION('',(1.,0.,0.));
#7946=DIRECTION('',(0.,1.,0.));
#7947=DIRECTION('',(0.,1.,0.));
#7948=DIRECTION('',(1.,0.,0.));
#7949=DIRECTION('',(0.,0.,-1.));
#7950=DIRECTION('',(-1.,0.,0.));
#7951=DIRECTION('',(0.,1.,0.));
#7952=DIRECTION('',(0.,1.,0.));
#7953=DIRECTION('',(-1.,0.,0.));
#7954=DIRECTION('',(0.,-1.,0.));
#7955=DIRECTION('',(0.,0.,-1.));
#7956=DIRECTION('',(0.,0.,1.));
#7957=DIRECTION('',(-1.,0.,0.));
#7958=DIRECTION('',(0.,0.,-1.));
#7959=DIRECTION('',(0.,-1.,0.));
#7960=DIRECTION('',(0.,0.,-1.));
#7961=DIRECTION('',(0.,0.,-1.));
#7962=DIRECTION('',(0.,0.,1.));
#7963=DIRECTION('',(0.,0.,-1.));
#7964=DIRECTION('',(-1.,0.,0.));
#7965=DIRECTION('',(0.,-1.,0.));
#7966=DIRECTION('',(0.,-1.,0.));
#7967=DIRECTION('',(1.,0.,0.));
#7968=DIRECTION('',(1.,0.,0.));
#7969=DIRECTION('',(0.,0.,-1.));
#7970=DIRECTION('',(0.,-1.,0.));
#7971=DIRECTION('',(0.,0.,1.));
#7972=DIRECTION('',(0.,0.,1.));
#7973=DIRECTION('',(0.,0.,1.));
#7974=DIRECTION('',(0.,0.,1.));
#7975=DIRECTION('',(0.,0.,1.));
#7976=DIRECTION('',(0.,0.,1.));
#7977=DIRECTION('',(1.,0.,0.));
#7978=DIRECTION('',(0.,-1.,0.));
#7979=DIRECTION('',(-1.,0.,0.));
#7980=DIRECTION('',(0.,0.,1.));
#7981=DIRECTION('',(0.,0.,-1.));
#7982=DIRECTION('',(0.,0.,-1.));
#7983=DIRECTION('',(0.,0.,-1.));
#7984=DIRECTION('',(0.,0.,-1.));
#7985=DIRECTION('',(0.,0.,-1.));
#7986=DIRECTION('',(0.,-1.,0.));
#7987=DIRECTION('',(0.,0.,-1.));
#7988=DIRECTION('',(0.,-1.,0.));
#7989=DIRECTION('',(0.,0.,-1.));
#7990=DIRECTION('',(0.,-1.,0.));
#7991=DIRECTION('',(0.,0.,-1.));
#7992=DIRECTION('',(0.,-1.,0.));
#7993=DIRECTION('',(0.,0.,-1.));
#7994=DIRECTION('',(0.,-1.,0.));
#7995=DIRECTION('',(0.,0.,-1.));
#7996=DIRECTION('',(0.,0.,1.));
#7997=DIRECTION('',(1.,0.,0.));
#7998=CARTESIAN_POINT('',(0.,0.,0.));
#7999=CARTESIAN_POINT('',(0.00461880215351671,0.00799999999999984,0.0064));
#8000=CARTESIAN_POINT('',(0.,0.,0.0064));
#8001=CARTESIAN_POINT('',(-2.07960029015558E-16,-0.00800000000000024,0.0064));
#8002=CARTESIAN_POINT('',(0.00692820323027546,-0.00399999999999995,0.0064));
#8003=CARTESIAN_POINT('',(0.,0.,0.0064));
#8004=CARTESIAN_POINT('',(0.00692820323027551,0.004,0.0064));
#8005=CARTESIAN_POINT('',(0.,0.,0.0064));
#8006=CARTESIAN_POINT('',(-1.80679055616324E-16,0.008,0.0064));
#8007=CARTESIAN_POINT('',(0.,0.,0.0064));
#8008=CARTESIAN_POINT('',(-0.00692820323027574,0.00399999999999994,0.0064));
#8009=CARTESIAN_POINT('',(0.,0.,0.0064));
#8010=CARTESIAN_POINT('',(-0.0069282032302757,-0.00400000000000018,0.00639999999999983));
#8011=CARTESIAN_POINT('',(0.,0.,0.0064));
#8012=CARTESIAN_POINT('',(0.,0.,0.0064));
#8013=CARTESIAN_POINT('',(0.00692820323027548,0.00399999999999992,0.0064));
#8014=CARTESIAN_POINT('',(0.00613997983059225,0.00536524297596595,0.00640000000000001));
#8015=CARTESIAN_POINT('',(0.00537332976608838,0.00669311983931261,0.00612109553286867));
#8016=CARTESIAN_POINT('',(0.00461880220684229,0.00799999990763777,0.00568546885097109));
#8017=CARTESIAN_POINT('',(0.00461880212689739,0.00799999995381881,0.00568546885095867));
#8018=CARTESIAN_POINT('',(0.0046188020469525,0.00799999999999984,0.00568546885094626));
#8019=CARTESIAN_POINT('',(0.00310974692843292,0.00799999999999984,0.00612109553285785));
#8020=CARTESIAN_POINT('',(0.00157644679939677,0.00799999999999984,0.00640000000000011));
#8021=CARTESIAN_POINT('',(-3.62358546800921E-16,0.00799999999999984,0.00640000000000007));
#8022=CARTESIAN_POINT('',(0.,0.,0.0064));
#8023=CARTESIAN_POINT('',(-3.61358111232644E-16,0.00799999999999984,0.00640000000000007));
#8024=CARTESIAN_POINT('',(-0.00157644679472018,0.00799999999999984,0.00640000000000003));
#8025=CARTESIAN_POINT('',(-0.0031097469194429,0.00799999999999984,0.00612109553452143));
#8026=CARTESIAN_POINT('',(-0.00461880203378238,0.00799999999999984,0.00568546885474815));
#8027=CARTESIAN_POINT('',(-0.00461880212683319,0.00799999995385612,0.00568546885095855));
#8028=CARTESIAN_POINT('',(-0.00461880214836855,0.00799999985886323,0.00568546880560413));
#8029=CARTESIAN_POINT('',(-0.00537332970553167,0.00669311979414588,0.0061210954884434));
#8030=CARTESIAN_POINT('',(-0.00613997983036856,0.0053652429763541,0.00639999999999985));
#8031=CARTESIAN_POINT('',(-0.00692820323027593,0.00399999999999986,0.00639999999999981));
#8032=CARTESIAN_POINT('',(0.,0.,0.0064));
#8033=CARTESIAN_POINT('',(-0.00692820323027594,0.00399999999999986,0.00639999999999981));
#8034=CARTESIAN_POINT('',(-0.00771642664889646,0.00263475699123349,0.00639999999999977));
#8035=CARTESIAN_POINT('',(-0.00848307673086417,0.00130688009763857,0.00612109551939632));
#8036=CARTESIAN_POINT('',(-0.00923760430703438,-3.3222115803428E-17,0.00568546882018345));
#8037=CARTESIAN_POINT('',(-0.00923760430703443,-9.51242278983366E-17,0.00568546882018342));
#8038=CARTESIAN_POINT('',(-0.00923760430703448,-1.56229981674415E-16,0.00568546882018339));
#8039=CARTESIAN_POINT('',(-0.0084830767308642,-0.00130688009763888,0.00612109551939628));
#8040=CARTESIAN_POINT('',(-0.00771642664889649,-0.00263475699123381,0.00639999999999971));
#8041=CARTESIAN_POINT('',(-0.0069282032302759,-0.0040000000000003,0.0063999999999997));
#8042=CARTESIAN_POINT('',(0.,0.,0.0064));
#8043=CARTESIAN_POINT('',(-0.0069282032302759,-0.0040000000000003,0.0063999999999997));
#8044=CARTESIAN_POINT('',(-0.00613997983291604,-0.00536524297194212,0.00639999999999969));
#8045=CARTESIAN_POINT('',(-0.00537332977055479,-0.00669311983157765,0.00612109553452122));
#8046=CARTESIAN_POINT('',(-0.00461880221338509,-0.00799999989630641,0.00568546885474803));
#8047=CARTESIAN_POINT('',(-0.00461880212689809,-0.00799999995381912,0.00568546885095832));
#8048=CARTESIAN_POINT('',(-0.00461880203386416,-0.00799999992497306,0.00568546880560376));
#8049=CARTESIAN_POINT('',(-0.00310974691953774,-0.00799999992497306,0.00612109548844315));
#8050=CARTESIAN_POINT('',(-0.00157644679981537,-0.00800000000000045,0.00639999999999967));
#8051=CARTESIAN_POINT('',(-4.15437753115353E-16,-0.00800000000000045,0.00639999999999972));
#8052=CARTESIAN_POINT('',(0.,0.,0.0064));
#8053=CARTESIAN_POINT('',(-4.15920058031121E-16,-0.00800000000000045,0.00639999999999972));
#8054=CARTESIAN_POINT('',(0.00157644679471924,-0.00800000000000045,0.00639999999999977));
#8055=CARTESIAN_POINT('',(0.00310974691944183,-0.00800000000000045,0.00612109553452132));
#8056=CARTESIAN_POINT('',(0.0046188020337812,-0.00800000000000045,0.00568546885474818));
#8057=CARTESIAN_POINT('',(0.00461880212683214,-0.00799999995385675,0.00568546885095854));
#8058=CARTESIAN_POINT('',(0.00461880214836754,-0.00799999985886379,0.005685468805604));
#8059=CARTESIAN_POINT('',(0.00537332970553078,-0.00669311979414623,0.00612109548844344));
#8060=CARTESIAN_POINT('',(0.00613997983036785,-0.00536524297635439,0.00640000000000008));
#8061=CARTESIAN_POINT('',(0.00692820323027537,-0.00399999999999989,0.00640000000000008));
#8062=CARTESIAN_POINT('',(-5.55111512312578E-17,-1.38777878078145E-15,-0.025));
#8063=CARTESIAN_POINT('',(-5.55111512312578E-17,-1.38777878078145E-15,-0.025));
#8064=CARTESIAN_POINT('',(-0.00450000000000006,-1.39852018854469E-15,-0.025));
#8065=CARTESIAN_POINT('',(0.00461880215351695,0.008,0.));
#8066=CARTESIAN_POINT('',(0.,0.,0.));
#8067=CARTESIAN_POINT('',(0.005,1.6375789613221E-17,-2.95822839457878E-32));
#8068=CARTESIAN_POINT('',(0.00923760430703391,1.11022302462516E-16,0.));
#8069=CARTESIAN_POINT('',(0.00923760430703391,1.11022302462516E-16,0.));
#8070=CARTESIAN_POINT('',(0.00461880215351688,0.008,-2.88451068788926E-33));
#8071=CARTESIAN_POINT('',(0.00461880215351694,-0.008,0.));
#8072=CARTESIAN_POINT('',(0.00461880215351669,-0.0080000000000004,-1.82179622392996E-32));
#8073=CARTESIAN_POINT('',(-0.00461880215351714,-0.00800000000000051,0.));
#8074=CARTESIAN_POINT('',(-0.00461880215351708,-0.0080000000000005,-2.12542892791865E-33));
#8075=CARTESIAN_POINT('',(-0.00923760430703408,-2.77555756156289E-16,0.));
#8076=CARTESIAN_POINT('',(-0.00923760430703408,-2.77555756156289E-16,0.));
#8077=CARTESIAN_POINT('',(-0.0046188021535173,0.00799999999999984,0.));
#8078=CARTESIAN_POINT('',(-0.00461880215351736,0.00799999999999985,1.8825227647278E-32));
#8079=CARTESIAN_POINT('',(0.00461880215351695,0.008,0.));
#8080=CARTESIAN_POINT('',(0.00461880215351666,-0.00800000000000023,0.0064));
#8081=CARTESIAN_POINT('',(0.00461880215351666,-0.00800000000000023,0.0064));
#8082=CARTESIAN_POINT('',(0.00923760430703391,5.55111512312578E-17,0.0064));
#8083=CARTESIAN_POINT('',(0.00923760430703389,6.97143550398378E-17,0.00568546882018373));
#8084=CARTESIAN_POINT('',(0.00692820323027536,-0.0039999999999999,0.00640000000000008));
#8085=CARTESIAN_POINT('',(0.00771642664889591,-0.00263475699123346,0.00640000000000008));
#8086=CARTESIAN_POINT('',(0.00848307673086362,-0.00130688009763856,0.00612109551939664));
#8087=CARTESIAN_POINT('',(0.00923760430703387,1.00331054341558E-16,0.00568546882018374));
#8088=CARTESIAN_POINT('',(-0.00461880215351737,-0.00800000000000045,0.0064));
#8089=CARTESIAN_POINT('',(-0.00461880215351737,-0.00800000000000045,0.0064));
#8090=CARTESIAN_POINT('',(-0.00923760430703451,-1.11022302462516E-16,0.0064));
#8091=CARTESIAN_POINT('',(-0.00923760430703451,-1.11022302462516E-16,0.0064));
#8092=CARTESIAN_POINT('',(-0.00461880215351747,0.00799999999999979,0.0064));
#8093=CARTESIAN_POINT('',(-0.00461880215351747,0.00799999999999979,0.0064));
#8094=CARTESIAN_POINT('',(0.00461880215351671,0.00799999999999984,0.0064));
#8095=CARTESIAN_POINT('',(0.00461880215351671,0.00799999999999984,0.0064));
#8096=CARTESIAN_POINT('',(0.00923760430703391,5.55111512312578E-17,0.0064));
#8097=CARTESIAN_POINT('',(0.00923760430703391,4.64394823081142E-17,0.00568546882018371));
#8098=CARTESIAN_POINT('',(0.00848307673086368,0.00130688009763869,0.00612109551939659));
#8099=CARTESIAN_POINT('',(0.00771642664889602,0.00263475699123351,0.00639999999999999));
#8100=CARTESIAN_POINT('',(0.00692820323027549,0.00399999999999992,0.0064));
#8101=CARTESIAN_POINT('',(-5.55111512312578E-17,-1.38777878078145E-15,-0.025));
#8102=CARTESIAN_POINT('',(-6.93889390390723E-17,-1.38777878078145E-15,-0.0245));
#8103=CARTESIAN_POINT('',(-0.00500000000000007,-1.39971367829617E-15,-0.0245));
#8104=CARTESIAN_POINT('',(0.,0.,0.0064));
#8105=CARTESIAN_POINT('',(-5.55111512312578E-17,-1.38777878078145E-15,-0.025));
#8106=CARTESIAN_POINT('',(-0.105,0.0165,-0.305));
#8107=CARTESIAN_POINT('',(0.005,0.0025,0.00144337567297406));
#8108=CARTESIAN_POINT('',(0.005,7.22793097604934E-19,0.00288675134594813));
#8109=CARTESIAN_POINT('',(0.005,7.22793097604934E-19,0.00288675134594813));
#8110=CARTESIAN_POINT('',(0.005,0.0025,0.00144337567297406));
#8111=CARTESIAN_POINT('',(0.005,0.0025,0.00144337567297406));
#8112=CARTESIAN_POINT('',(0.005,0.0025,-0.00144337567297406));
#8113=CARTESIAN_POINT('',(0.005,0.0025,-0.00144337567297406));
#8114=CARTESIAN_POINT('',(0.005,4.28821744874896E-19,-0.00288675134594813));
#8115=CARTESIAN_POINT('',(0.005,4.28821744874896E-19,-0.00288675134594813));
#8116=CARTESIAN_POINT('',(0.005,-0.0025,-0.00144337567297406));
#8117=CARTESIAN_POINT('',(0.005,-0.0025,-0.00144337567297406));
#8118=CARTESIAN_POINT('',(0.005,-0.0025,0.00144337567297406));
#8119=CARTESIAN_POINT('',(0.005,-0.0025,0.00144337567297406));
#8120=CARTESIAN_POINT('',(0.005,0.0025,0.00144337567297406));
#8121=CARTESIAN_POINT('',(0.,0.0025,0.00144337567297406));
#8122=CARTESIAN_POINT('',(0.,0.0025,0.00144337567297406));
#8123=CARTESIAN_POINT('',(0.,0.0025,-0.00144337567297406));
#8124=CARTESIAN_POINT('',(0.005,0.0025,-0.00144337567297406));
#8125=CARTESIAN_POINT('',(0.005,0.0025,0.00144337567297406));
#8126=CARTESIAN_POINT('',(0.005,0.0025,-0.00144337567297406));
#8127=CARTESIAN_POINT('',(0.,0.0025,-0.00144337567297406));
#8128=CARTESIAN_POINT('',(0.,4.28821744874896E-19,-0.00288675134594813));
#8129=CARTESIAN_POINT('',(0.005,4.28821744874896E-19,-0.00288675134594813));
#8130=CARTESIAN_POINT('',(0.005,4.28821744874896E-19,-0.00288675134594813));
#8131=CARTESIAN_POINT('',(0.,4.28821744874896E-19,-0.00288675134594813));
#8132=CARTESIAN_POINT('',(0.,-0.0025,-0.00144337567297406));
#8133=CARTESIAN_POINT('',(0.005,-0.0025,-0.00144337567297406));
#8134=CARTESIAN_POINT('',(0.005,-0.0025,-0.00144337567297406));
#8135=CARTESIAN_POINT('',(0.,-0.0025,-0.00144337567297406));
#8136=CARTESIAN_POINT('',(0.,-0.0025,0.00144337567297406));
#8137=CARTESIAN_POINT('',(0.005,-0.0025,0.00144337567297406));
#8138=CARTESIAN_POINT('',(0.005,-0.0025,0.00144337567297406));
#8139=CARTESIAN_POINT('',(0.,-0.0025,0.00144337567297406));
#8140=CARTESIAN_POINT('',(0.,7.22793097604934E-19,0.00288675134594813));
#8141=CARTESIAN_POINT('',(0.005,7.22793097604934E-19,0.00288675134594813));
#8142=CARTESIAN_POINT('',(0.005,7.22793097604934E-19,0.00288675134594813));
#8143=CARTESIAN_POINT('',(0.,7.22793097604934E-19,0.00288675134594813));
#8144=CARTESIAN_POINT('',(0.016,0.004,0.));
#8145=CARTESIAN_POINT('',(0.016,0.,0.));
#8146=CARTESIAN_POINT('',(0.016,0.,0.0035));
#8147=CARTESIAN_POINT('',(0.,0.,0.));
#8148=CARTESIAN_POINT('',(0.,0.,0.));
#8149=CARTESIAN_POINT('',(0.,0.,0.0076));
#8150=CARTESIAN_POINT('',(-0.0369169472502806,0.,0.));
#8151=CARTESIAN_POINT('',(0.00140000000000001,0.,0.));
#8152=CARTESIAN_POINT('',(0.00140000000000001,0.,0.0076));
#8153=CARTESIAN_POINT('',(0.005,0.,0.));
#8154=CARTESIAN_POINT('',(0.005,0.,0.));
#8155=CARTESIAN_POINT('',(0.005,0.,0.004));
#8156=CARTESIAN_POINT('',(-0.0369169472502806,0.,0.));
#8157=CARTESIAN_POINT('',(0.0155,0.,0.));
#8158=CARTESIAN_POINT('',(0.0155,0.,0.004));
#8159=CARTESIAN_POINT('',(0.0155,0.,0.));
#8160=CARTESIAN_POINT('',(-0.0305,-0.0525,-0.255));
#8161=CARTESIAN_POINT('',(0.1555,0.0165,0.07));
#8162=CARTESIAN_POINT('',(0.1555,0.0165,0.07));
#8163=CARTESIAN_POINT('',(0.1555,0.0165,0.062));
#8164=CARTESIAN_POINT('',(0.1305,0.0165,0.07));
#8165=CARTESIAN_POINT('',(0.1305,0.0165,0.07));
#8166=CARTESIAN_POINT('',(0.1305,0.0165,0.078));
#8167=CARTESIAN_POINT('',(0.1305,0.0165,0.07));
#8168=CARTESIAN_POINT('',(0.,0.,0.));
#8169=CARTESIAN_POINT('',(0.005,0.0025,0.00144337567297406));
#8170=CARTESIAN_POINT('',(0.005,7.22793097604934E-19,0.00288675134594813));
#8171=CARTESIAN_POINT('',(0.005,7.22793097604934E-19,0.00288675134594813));
#8172=CARTESIAN_POINT('',(0.005,0.0025,0.00144337567297406));
#8173=CARTESIAN_POINT('',(0.005,0.0025,0.00144337567297406));
#8174=CARTESIAN_POINT('',(0.005,0.0025,-0.00144337567297406));
#8175=CARTESIAN_POINT('',(0.005,0.0025,-0.00144337567297406));
#8176=CARTESIAN_POINT('',(0.005,4.28821744874896E-19,-0.00288675134594813));
#8177=CARTESIAN_POINT('',(0.005,4.28821744874896E-19,-0.00288675134594813));
#8178=CARTESIAN_POINT('',(0.005,-0.0025,-0.00144337567297406));
#8179=CARTESIAN_POINT('',(0.005,-0.0025,-0.00144337567297406));
#8180=CARTESIAN_POINT('',(0.005,-0.0025,0.00144337567297406));
#8181=CARTESIAN_POINT('',(0.005,-0.0025,0.00144337567297406));
#8182=CARTESIAN_POINT('',(0.005,0.0025,0.00144337567297406));
#8183=CARTESIAN_POINT('',(0.,0.0025,0.00144337567297406));
#8184=CARTESIAN_POINT('',(0.,0.0025,0.00144337567297406));
#8185=CARTESIAN_POINT('',(0.,0.0025,-0.00144337567297406));
#8186=CARTESIAN_POINT('',(0.005,0.0025,-0.00144337567297406));
#8187=CARTESIAN_POINT('',(0.005,0.0025,0.00144337567297406));
#8188=CARTESIAN_POINT('',(0.005,0.0025,-0.00144337567297406));
#8189=CARTESIAN_POINT('',(0.,0.0025,-0.00144337567297406));
#8190=CARTESIAN_POINT('',(0.,4.28821744874896E-19,-0.00288675134594813));
#8191=CARTESIAN_POINT('',(0.005,4.28821744874896E-19,-0.00288675134594813));
#8192=CARTESIAN_POINT('',(0.005,4.28821744874896E-19,-0.00288675134594813));
#8193=CARTESIAN_POINT('',(0.,4.28821744874896E-19,-0.00288675134594813));
#8194=CARTESIAN_POINT('',(0.,-0.0025,-0.00144337567297406));
#8195=CARTESIAN_POINT('',(0.005,-0.0025,-0.00144337567297406));
#8196=CARTESIAN_POINT('',(0.005,-0.0025,-0.00144337567297406));
#8197=CARTESIAN_POINT('',(0.,-0.0025,-0.00144337567297406));
#8198=CARTESIAN_POINT('',(0.,-0.0025,0.00144337567297406));
#8199=CARTESIAN_POINT('',(0.005,-0.0025,0.00144337567297406));
#8200=CARTESIAN_POINT('',(0.005,-0.0025,0.00144337567297406));
#8201=CARTESIAN_POINT('',(0.,-0.0025,0.00144337567297406));
#8202=CARTESIAN_POINT('',(0.,7.22793097604934E-19,0.00288675134594813));
#8203=CARTESIAN_POINT('',(0.005,7.22793097604934E-19,0.00288675134594813));
#8204=CARTESIAN_POINT('',(0.005,7.22793097604934E-19,0.00288675134594813));
#8205=CARTESIAN_POINT('',(0.,7.22793097604934E-19,0.00288675134594813));
#8206=CARTESIAN_POINT('',(0.02,0.004,0.));
#8207=CARTESIAN_POINT('',(0.02,0.,0.));
#8208=CARTESIAN_POINT('',(0.02,0.,0.0035));
#8209=CARTESIAN_POINT('',(0.,0.,0.));
#8210=CARTESIAN_POINT('',(0.,0.,0.));
#8211=CARTESIAN_POINT('',(0.,0.,0.0076));
#8212=CARTESIAN_POINT('',(-0.0369169472502806,0.,0.));
#8213=CARTESIAN_POINT('',(0.00140000000000001,0.,0.));
#8214=CARTESIAN_POINT('',(0.00140000000000001,0.,0.0076));
#8215=CARTESIAN_POINT('',(0.005,0.,0.));
#8216=CARTESIAN_POINT('',(0.005,0.,0.));
#8217=CARTESIAN_POINT('',(0.005,0.,0.004));
#8218=CARTESIAN_POINT('',(-0.0369169472502806,0.,0.));
#8219=CARTESIAN_POINT('',(0.0195,0.,0.));
#8220=CARTESIAN_POINT('',(0.0195,0.,0.004));
#8221=CARTESIAN_POINT('',(0.0195,0.,0.));
#8222=CARTESIAN_POINT('',(-0.07,-0.003875,-0.274));
#8223=CARTESIAN_POINT('',(0.0350000000000009,0.0165,-0.305));
#8224=CARTESIAN_POINT('',(0.0695,-0.0325,0.300875));
#8225=CARTESIAN_POINT('',(0.0195,-0.0325,-0.300875));
#8226=CARTESIAN_POINT('',(0.0195,-0.0525,0.255));
#8227=CARTESIAN_POINT('',(-0.0805,-0.0325,-0.300875));
#8228=CARTESIAN_POINT('',(0.07,-0.003875,0.274));
#8229=CARTESIAN_POINT('',(0.,0.,-0.125));
#8230=CARTESIAN_POINT('',(0.,-0.0225,-0.125));
#8231=CARTESIAN_POINT('',(-0.016,-0.0225,-0.125));
#8232=CARTESIAN_POINT('',(-0.015,-0.0225,-0.125));
#8233=CARTESIAN_POINT('',(-0.016,0.,-0.125));
#8234=CARTESIAN_POINT('',(-0.016,0.0225,-0.125));
#8235=CARTESIAN_POINT('',(0.,0.0225,-0.125));
#8236=CARTESIAN_POINT('',(-0.015,0.0225,-0.125));
#8237=CARTESIAN_POINT('',(-0.015,2.08166817117217E-18,-0.125));
#8238=CARTESIAN_POINT('',(-0.015,0.035,-0.125));
#8239=CARTESIAN_POINT('',(0.,0.035,-0.125));
#8240=CARTESIAN_POINT('',(0.015,0.035,-0.125));
#8241=CARTESIAN_POINT('',(0.015,-2.08166817117216E-18,-0.125));
#8242=CARTESIAN_POINT('',(0.015,0.0225,-0.125));
#8243=CARTESIAN_POINT('',(0.,0.0225,-0.125));
#8244=CARTESIAN_POINT('',(0.016,0.0225,-0.125));
#8245=CARTESIAN_POINT('',(0.016,0.,-0.125));
#8246=CARTESIAN_POINT('',(0.016,-0.0225,-0.125));
#8247=CARTESIAN_POINT('',(0.,-0.0225,-0.125));
#8248=CARTESIAN_POINT('',(0.015,-0.0225,-0.125));
#8249=CARTESIAN_POINT('',(0.015,-4.16333634234434E-18,-0.125));
#8250=CARTESIAN_POINT('',(0.015,-0.035,-0.125));
#8251=CARTESIAN_POINT('',(0.,-0.035,-0.125));
#8252=CARTESIAN_POINT('',(-0.015,-0.035,-0.125));
#8253=CARTESIAN_POINT('',(-0.015,2.08166817117216E-18,-0.125));
#8254=CARTESIAN_POINT('',(0.,0.,0.125));
#8255=CARTESIAN_POINT('',(0.,-0.0225,0.125));
#8256=CARTESIAN_POINT('',(-0.016,-0.0225,0.125));
#8257=CARTESIAN_POINT('',(-0.015,-0.0225,0.125));
#8258=CARTESIAN_POINT('',(-0.015,2.08166817117216E-18,0.125));
#8259=CARTESIAN_POINT('',(-0.015,-0.035,0.125));
#8260=CARTESIAN_POINT('',(0.,-0.035,0.125));
#8261=CARTESIAN_POINT('',(0.015,-0.035,0.125));
#8262=CARTESIAN_POINT('',(0.015,-4.16333634234434E-18,0.125));
#8263=CARTESIAN_POINT('',(0.015,-0.0225,0.125));
#8264=CARTESIAN_POINT('',(0.,-0.0225,0.125));
#8265=CARTESIAN_POINT('',(0.016,-0.0225,0.125));
#8266=CARTESIAN_POINT('',(0.016,0.,0.125));
#8267=CARTESIAN_POINT('',(0.016,0.0225,0.125));
#8268=CARTESIAN_POINT('',(0.,0.0225,0.125));
#8269=CARTESIAN_POINT('',(0.015,0.0225,0.125));
#8270=CARTESIAN_POINT('',(0.015,-2.08166817117216E-18,0.125));
#8271=CARTESIAN_POINT('',(0.015,0.035,0.125));
#8272=CARTESIAN_POINT('',(0.,0.035,0.125));
#8273=CARTESIAN_POINT('',(-0.015,0.035,0.125));
#8274=CARTESIAN_POINT('',(-0.015,2.08166817117217E-18,0.125));
#8275=CARTESIAN_POINT('',(-0.015,0.0225,0.125));
#8276=CARTESIAN_POINT('',(0.,0.0225,0.125));
#8277=CARTESIAN_POINT('',(-0.016,0.0225,0.125));
#8278=CARTESIAN_POINT('',(-0.016,0.,0.125));
#8279=CARTESIAN_POINT('',(-0.016,0.,0.125));
#8280=CARTESIAN_POINT('',(-0.016,-0.01,-0.075));
#8281=CARTESIAN_POINT('',(-0.016,-0.01,-0.0784));
#8282=CARTESIAN_POINT('',(-0.016,-0.01,-0.025));
#8283=CARTESIAN_POINT('',(-0.016,-0.01,-0.0284));
#8284=CARTESIAN_POINT('',(-0.016,0.01,-0.075));
#8285=CARTESIAN_POINT('',(-0.016,0.01,-0.0784));
#8286=CARTESIAN_POINT('',(-0.016,0.01,-0.025));
#8287=CARTESIAN_POINT('',(-0.016,0.01,-0.0284));
#8288=CARTESIAN_POINT('',(-0.016,-0.0225,0.125));
#8289=CARTESIAN_POINT('',(-0.016,0.0225,0.125));
#8290=CARTESIAN_POINT('',(-0.016,-0.01,0.075));
#8291=CARTESIAN_POINT('',(-0.016,-0.01,0.0716));
#8292=CARTESIAN_POINT('',(-0.016,0.01,0.075));
#8293=CARTESIAN_POINT('',(-0.016,0.01,0.0716));
#8294=CARTESIAN_POINT('',(-0.016,0.01,0.025));
#8295=CARTESIAN_POINT('',(-0.016,0.01,0.0216));
#8296=CARTESIAN_POINT('',(-0.016,-0.01,0.025));
#8297=CARTESIAN_POINT('',(-0.016,-0.01,0.0216));
#8298=CARTESIAN_POINT('',(0.,0.0225,0.125));
#8299=CARTESIAN_POINT('',(-0.015,0.0225,0.125));
#8300=CARTESIAN_POINT('',(-0.015,2.08166817117216E-18,0.125));
#8301=CARTESIAN_POINT('',(-0.015,0.035,0.125));
#8302=CARTESIAN_POINT('',(0.,0.035,0.125));
#8303=CARTESIAN_POINT('',(0.015,0.035,0.125));
#8304=CARTESIAN_POINT('',(0.015,-4.16333634234434E-18,0.125));
#8305=CARTESIAN_POINT('',(0.015,0.0225,0.125));
#8306=CARTESIAN_POINT('',(0.,0.0225,0.125));
#8307=CARTESIAN_POINT('',(0.016,0.0225,0.125));
#8308=CARTESIAN_POINT('',(0.016,0.,0.125));
#8309=CARTESIAN_POINT('',(0.016,-0.01,-0.075));
#8310=CARTESIAN_POINT('',(0.016,-0.01,-0.0784));
#8311=CARTESIAN_POINT('',(0.016,-0.01,-0.025));
#8312=CARTESIAN_POINT('',(0.016,-0.01,-0.0284));
#8313=CARTESIAN_POINT('',(0.016,0.01,-0.075));
#8314=CARTESIAN_POINT('',(0.016,0.01,-0.0784));
#8315=CARTESIAN_POINT('',(0.016,0.01,-0.025));
#8316=CARTESIAN_POINT('',(0.016,0.01,-0.0284));
#8317=CARTESIAN_POINT('',(0.016,-0.0225,0.125));
#8318=CARTESIAN_POINT('',(0.016,-0.01,0.075));
#8319=CARTESIAN_POINT('',(0.016,-0.01,0.0716));
#8320=CARTESIAN_POINT('',(0.016,0.01,0.075));
#8321=CARTESIAN_POINT('',(0.016,0.01,0.0716));
#8322=CARTESIAN_POINT('',(0.016,0.01,0.025));
#8323=CARTESIAN_POINT('',(0.016,0.01,0.0216));
#8324=CARTESIAN_POINT('',(0.016,-0.01,0.025));
#8325=CARTESIAN_POINT('',(0.016,-0.01,0.0216));
#8326=CARTESIAN_POINT('',(0.,-0.0225,0.125));
#8327=CARTESIAN_POINT('',(0.015,-0.0225,0.125));
#8328=CARTESIAN_POINT('',(0.015,-4.16333634234434E-18,0.125));
#8329=CARTESIAN_POINT('',(0.015,-0.035,0.125));
#8330=CARTESIAN_POINT('',(0.,-0.035,0.125));
#8331=CARTESIAN_POINT('',(-0.015,-0.035,0.125));
#8332=CARTESIAN_POINT('',(-0.015,2.08166817117216E-18,0.125));
#8333=CARTESIAN_POINT('',(-0.015,-0.0225,0.125));
#8334=CARTESIAN_POINT('',(0.,-0.0225,0.125));
#8335=CARTESIAN_POINT('',(0.016,-0.01,-0.075));
#8336=CARTESIAN_POINT('',(0.016,-0.01,-0.025));
#8337=CARTESIAN_POINT('',(0.016,0.01,-0.075));
#8338=CARTESIAN_POINT('',(0.016,0.01,-0.025));
#8339=CARTESIAN_POINT('',(0.016,-0.01,0.075));
#8340=CARTESIAN_POINT('',(0.016,0.01,0.075));
#8341=CARTESIAN_POINT('',(0.016,0.01,0.025));
#8342=CARTESIAN_POINT('',(0.016,-0.01,0.025));
#8343=CARTESIAN_POINT('',(-0.00549999999999989,-0.0425,0.277));
#8344=CARTESIAN_POINT('',(0.,-0.003875,0.274));
#8345=CARTESIAN_POINT('',(0.0695,-0.0325,-0.255));
#8346=CARTESIAN_POINT('',(-0.11775,-0.003875,0.274));
#8347=CARTESIAN_POINT('',(0.0195,-0.0525,0.300875));
#8348=CARTESIAN_POINT('',(-0.11775,-0.003875,-0.274));
#8349=CARTESIAN_POINT('',(0.0695,-0.0525,0.300875));
#8350=CARTESIAN_POINT('',(-0.0305,-0.0525,0.255));
#8351=CARTESIAN_POINT('',(0.004,0.0125,0.));
#8352=CARTESIAN_POINT('',(0.004,0.,0.));
#8353=CARTESIAN_POINT('',(0.004,0.,0.00525));
#8354=CARTESIAN_POINT('',(0.004,0.,0.));
#8355=CARTESIAN_POINT('',(0.004,0.,0.0125));
#8356=CARTESIAN_POINT('',(-3.06161699786838E-19,0.0125,0.));
#8357=CARTESIAN_POINT('',(0.,0.,0.));
#8358=CARTESIAN_POINT('',(0.,0.,0.0125));
#8359=CARTESIAN_POINT('',(0.,0.,0.));
#8360=CARTESIAN_POINT('',(0.,0.,0.00525));
#8361=CARTESIAN_POINT('',(-0.0244450056116723,0.,0.));
#8362=CARTESIAN_POINT('',(-0.0244450056116723,0.,0.));
#8363=CARTESIAN_POINT('',(0.035,0.0164999999999998,0.301));
#8364=CARTESIAN_POINT('',(0.1275,0.057,-0.008));
#8365=CARTESIAN_POINT('',(0.1275,0.057,-0.008));
#8366=CARTESIAN_POINT('',(0.1305,0.057,-0.008));
#8367=CARTESIAN_POINT('',(0.1275,0.06,-0.008));
#8368=CARTESIAN_POINT('',(0.1275,0.06,-0.008));
#8369=CARTESIAN_POINT('',(0.1275,0.06,0.));
#8370=CARTESIAN_POINT('',(0.1275,0.057,0.));
#8371=CARTESIAN_POINT('',(0.1305,0.057,0.));
#8372=CARTESIAN_POINT('',(0.1305,0.057,-0.008));
#8373=CARTESIAN_POINT('',(-0.1275,0.057,-0.008));
#8374=CARTESIAN_POINT('',(-0.1275,0.057,-0.008));
#8375=CARTESIAN_POINT('',(-0.1275,0.06,-0.008));
#8376=CARTESIAN_POINT('',(-0.1305,0.057,-0.008));
#8377=CARTESIAN_POINT('',(-0.1305,0.057,-0.008));
#8378=CARTESIAN_POINT('',(-0.1305,0.057,0.));
#8379=CARTESIAN_POINT('',(-0.1275,0.057,0.));
#8380=CARTESIAN_POINT('',(-0.1275,0.06,0.));
#8381=CARTESIAN_POINT('',(-0.1275,0.06,-0.008));
#8382=CARTESIAN_POINT('',(-0.1275,-0.057,-0.008));
#8383=CARTESIAN_POINT('',(-0.1275,-0.057,-0.008));
#8384=CARTESIAN_POINT('',(-0.1305,-0.057,-0.008));
#8385=CARTESIAN_POINT('',(-0.1275,-0.06,-0.008));
#8386=CARTESIAN_POINT('',(-0.1275,-0.06,-0.008));
#8387=CARTESIAN_POINT('',(-0.1275,-0.06,0.));
#8388=CARTESIAN_POINT('',(-0.1275,-0.057,0.));
#8389=CARTESIAN_POINT('',(-0.1305,-0.057,0.));
#8390=CARTESIAN_POINT('',(-0.1305,-0.057,-0.008));
#8391=CARTESIAN_POINT('',(0.1275,-0.057,-0.008));
#8392=CARTESIAN_POINT('',(0.1275,-0.057,-0.008));
#8393=CARTESIAN_POINT('',(0.1275,-0.06,-0.008));
#8394=CARTESIAN_POINT('',(0.1305,-0.057,-0.008));
#8395=CARTESIAN_POINT('',(0.1305,-0.057,-0.008));
#8396=CARTESIAN_POINT('',(0.1305,-0.057,0.));
#8397=CARTESIAN_POINT('',(0.1275,-0.057,0.));
#8398=CARTESIAN_POINT('',(0.1275,-0.06,0.));
#8399=CARTESIAN_POINT('',(0.1275,-0.06,-0.008));
#8400=CARTESIAN_POINT('',(-0.0405,0.045,-0.008));
#8401=CARTESIAN_POINT('',(-0.0405,0.035,-0.008));
#8402=CARTESIAN_POINT('',(-0.0405,0.035,-0.008));
#8403=CARTESIAN_POINT('',(-0.0405,0.035,0.));
#8404=CARTESIAN_POINT('',(-0.0405,0.045,-0.008));
#8405=CARTESIAN_POINT('',(-0.0405,0.045,-0.008));
#8406=CARTESIAN_POINT('',(-0.0405,0.045,-0.008));
#8407=CARTESIAN_POINT('',(-0.0405,0.045,0.));
#8408=CARTESIAN_POINT('',(-0.0405,0.045,0.));
#8409=CARTESIAN_POINT('',(-0.035,0.045,-0.008));
#8410=CARTESIAN_POINT('',(-0.035,0.045,0.));
#8411=CARTESIAN_POINT('',(-0.0295,0.045,0.));
#8412=CARTESIAN_POINT('',(-0.035,0.045,-0.008));
#8413=CARTESIAN_POINT('',(-0.0295,0.045,-0.008));
#8414=CARTESIAN_POINT('',(-0.0295,0.045,0.));
#8415=CARTESIAN_POINT('',(-0.0295,0.045,0.));
#8416=CARTESIAN_POINT('',(-0.0295,0.035,0.));
#8417=CARTESIAN_POINT('',(-0.0295,0.035,-0.008));
#8418=CARTESIAN_POINT('',(-0.0295,0.035,0.));
#8419=CARTESIAN_POINT('',(-0.0295,0.045,0.));
#8420=CARTESIAN_POINT('',(-0.0295,0.045,-0.008));
#8421=CARTESIAN_POINT('',(-0.035,0.035,-0.008));
#8422=CARTESIAN_POINT('',(-0.035,0.035,-0.008));
#8423=CARTESIAN_POINT('',(-0.035,0.035,0.));
#8424=CARTESIAN_POINT('',(-0.1105,0.045,-0.008));
#8425=CARTESIAN_POINT('',(-0.1105,0.035,-0.008));
#8426=CARTESIAN_POINT('',(-0.1105,0.035,-0.008));
#8427=CARTESIAN_POINT('',(-0.1105,0.035,0.));
#8428=CARTESIAN_POINT('',(-0.1105,0.045,-0.008));
#8429=CARTESIAN_POINT('',(-0.1105,0.045,-0.008));
#8430=CARTESIAN_POINT('',(-0.1105,0.045,-0.008));
#8431=CARTESIAN_POINT('',(-0.1105,0.045,0.));
#8432=CARTESIAN_POINT('',(-0.1105,0.045,0.));
#8433=CARTESIAN_POINT('',(-0.0995,0.045,0.));
#8434=CARTESIAN_POINT('',(-0.0995,0.035,0.));
#8435=CARTESIAN_POINT('',(-0.0995,0.035,-0.008));
#8436=CARTESIAN_POINT('',(-0.0995,0.035,0.));
#8437=CARTESIAN_POINT('',(-0.0995,0.045,0.));
#8438=CARTESIAN_POINT('',(-0.0995,0.045,0.));
#8439=CARTESIAN_POINT('',(-0.0995,0.045,0.));
#8440=CARTESIAN_POINT('',(-0.0995,0.045,-0.008));
#8441=CARTESIAN_POINT('',(-0.0995,0.045,-0.008));
#8442=CARTESIAN_POINT('',(-0.105,0.045,-0.008));
#8443=CARTESIAN_POINT('',(-0.105,0.045,0.));
#8444=CARTESIAN_POINT('',(-0.105,0.045,-0.008));
#8445=CARTESIAN_POINT('',(-0.105,0.035,-0.008));
#8446=CARTESIAN_POINT('',(-0.105,0.035,-0.008));
#8447=CARTESIAN_POINT('',(-0.105,0.035,0.));
#8448=CARTESIAN_POINT('',(0.,0.,0.));
#8449=CARTESIAN_POINT('',(0.105,0.035,0.));
#8450=CARTESIAN_POINT('',(0.0995,0.035,0.));
#8451=CARTESIAN_POINT('',(0.1105,0.035,0.));
#8452=CARTESIAN_POINT('',(0.0995,0.045,0.));
#8453=CARTESIAN_POINT('',(0.0995,0.045,0.));
#8454=CARTESIAN_POINT('',(0.105,0.045,0.));
#8455=CARTESIAN_POINT('',(0.1105,0.045,0.));
#8456=CARTESIAN_POINT('',(0.1105,0.045,0.));
#8457=CARTESIAN_POINT('',(0.035,0.035,0.));
#8458=CARTESIAN_POINT('',(0.0295,0.035,0.));
#8459=CARTESIAN_POINT('',(0.0405,0.035,0.));
#8460=CARTESIAN_POINT('',(0.0295,0.045,0.));
#8461=CARTESIAN_POINT('',(0.0295,0.045,0.));
#8462=CARTESIAN_POINT('',(0.035,0.045,0.));
#8463=CARTESIAN_POINT('',(0.0405,0.045,0.));
#8464=CARTESIAN_POINT('',(0.0405,0.045,0.));
#8465=CARTESIAN_POINT('',(0.0695,-0.033,-1.7347234759768E-18));
#8466=CARTESIAN_POINT('',(0.074,-0.033,-1.7347234759768E-18));
#8467=CARTESIAN_POINT('',(0.0195,-0.033,-1.7347234759768E-18));
#8468=CARTESIAN_POINT('',(0.024,-0.033,-1.7347234759768E-18));
#8469=CARTESIAN_POINT('',(0.0695,-0.013,-1.7347234759768E-18));
#8470=CARTESIAN_POINT('',(0.074,-0.013,-1.7347234759768E-18));
#8471=CARTESIAN_POINT('',(0.0195,-0.013,-1.7347234759768E-18));
#8472=CARTESIAN_POINT('',(0.024,-0.013,-1.7347234759768E-18));
#8473=CARTESIAN_POINT('',(0.1305,-0.06,0.));
#8474=CARTESIAN_POINT('',(-0.1305,0.06,0.));
#8475=CARTESIAN_POINT('',(-0.1305,-0.06,0.));
#8476=CARTESIAN_POINT('',(-0.1305,-0.06,0.));
#8477=CARTESIAN_POINT('',(-0.0805,-0.033,-1.7347234759768E-18));
#8478=CARTESIAN_POINT('',(-0.076,-0.033,-1.7347234759768E-18));
#8479=CARTESIAN_POINT('',(-0.0805,-0.013,-1.7347234759768E-18));
#8480=CARTESIAN_POINT('',(-0.076,-0.013,-1.7347234759768E-18));
#8481=CARTESIAN_POINT('',(-0.0305,-0.013,-1.7347234759768E-18));
#8482=CARTESIAN_POINT('',(-0.026,-0.013,-1.7347234759768E-18));
#8483=CARTESIAN_POINT('',(-0.0305,-0.033,-1.7347234759768E-18));
#8484=CARTESIAN_POINT('',(-0.026,-0.033,-1.7347234759768E-18));
#8485=CARTESIAN_POINT('',(-0.0605,-0.025,0.));
#8486=CARTESIAN_POINT('',(-0.0574,-0.025,0.));
#8487=CARTESIAN_POINT('',(0.,0.,-0.008));
#8488=CARTESIAN_POINT('',(0.105,0.035,-0.008));
#8489=CARTESIAN_POINT('',(0.0995,0.035,-0.008));
#8490=CARTESIAN_POINT('',(0.1105,0.035,-0.008));
#8491=CARTESIAN_POINT('',(0.1105,0.045,-0.008));
#8492=CARTESIAN_POINT('',(0.1105,0.045,-0.008));
#8493=CARTESIAN_POINT('',(0.105,0.045,-0.008));
#8494=CARTESIAN_POINT('',(0.0995,0.045,-0.008));
#8495=CARTESIAN_POINT('',(0.0995,0.045,-0.008));
#8496=CARTESIAN_POINT('',(0.035,0.035,-0.008));
#8497=CARTESIAN_POINT('',(0.0295,0.035,-0.008));
#8498=CARTESIAN_POINT('',(0.0405,0.035,-0.008));
#8499=CARTESIAN_POINT('',(0.0405,0.045,-0.008));
#8500=CARTESIAN_POINT('',(0.0405,0.045,-0.008));
#8501=CARTESIAN_POINT('',(0.035,0.045,-0.008));
#8502=CARTESIAN_POINT('',(0.0295,0.045,-0.008));
#8503=CARTESIAN_POINT('',(0.0295,0.045,-0.008));
#8504=CARTESIAN_POINT('',(0.0695,-0.033,-0.008));
#8505=CARTESIAN_POINT('',(0.078625,-0.033,-0.008));
#8506=CARTESIAN_POINT('',(0.0195,-0.033,-0.008));
#8507=CARTESIAN_POINT('',(0.028625,-0.033,-0.008));
#8508=CARTESIAN_POINT('',(0.0695,-0.013,-0.008));
#8509=CARTESIAN_POINT('',(0.078625,-0.013,-0.008));
#8510=CARTESIAN_POINT('',(0.0195,-0.013,-0.008));
#8511=CARTESIAN_POINT('',(0.028625,-0.013,-0.008));
#8512=CARTESIAN_POINT('',(-0.1305,-0.06,-0.008));
#8513=CARTESIAN_POINT('',(-0.1305,-0.06,-0.008));
#8514=CARTESIAN_POINT('',(-0.1305,0.06,-0.008));
#8515=CARTESIAN_POINT('',(0.1305,-0.06,-0.008));
#8516=CARTESIAN_POINT('',(-0.0805,-0.033,-0.008));
#8517=CARTESIAN_POINT('',(-0.071375,-0.033,-0.008));
#8518=CARTESIAN_POINT('',(-0.0805,-0.013,-0.008));
#8519=CARTESIAN_POINT('',(-0.071375,-0.013,-0.008));
#8520=CARTESIAN_POINT('',(-0.0305,-0.013,-0.008));
#8521=CARTESIAN_POINT('',(-0.021375,-0.013,-0.008));
#8522=CARTESIAN_POINT('',(-0.0305,-0.033,-0.008));
#8523=CARTESIAN_POINT('',(-0.021375,-0.033,-0.008));
#8524=CARTESIAN_POINT('',(-0.0605,-0.025,-0.008));
#8525=CARTESIAN_POINT('',(-0.0574,-0.025,-0.008));
#8526=CARTESIAN_POINT('',(-0.1305,-0.06,-0.008));
#8527=CARTESIAN_POINT('',(-0.1305,-0.06,-0.008));
#8528=CARTESIAN_POINT('',(-0.1305,0.06,-0.008));
#8529=CARTESIAN_POINT('',(0.1305,-0.06,-0.008));
#8530=CARTESIAN_POINT('',(0.035,0.035,-0.008));
#8531=CARTESIAN_POINT('',(0.0295,0.035,-0.008));
#8532=CARTESIAN_POINT('',(0.0405,0.035,0.));
#8533=CARTESIAN_POINT('',(0.0405,0.045,0.));
#8534=CARTESIAN_POINT('',(0.0405,0.045,0.));
#8535=CARTESIAN_POINT('',(0.035,0.045,-0.008));
#8536=CARTESIAN_POINT('',(0.0295,0.045,-0.008));
#8537=CARTESIAN_POINT('',(0.0295,0.045,-0.008));
#8538=CARTESIAN_POINT('',(0.105,0.035,-0.008));
#8539=CARTESIAN_POINT('',(0.0995,0.035,-0.008));
#8540=CARTESIAN_POINT('',(0.1105,0.035,0.));
#8541=CARTESIAN_POINT('',(0.1105,0.045,0.));
#8542=CARTESIAN_POINT('',(0.1105,0.045,0.));
#8543=CARTESIAN_POINT('',(0.105,0.045,-0.008));
#8544=CARTESIAN_POINT('',(0.0995,0.045,-0.008));
#8545=CARTESIAN_POINT('',(0.0995,0.045,-0.008));
#8546=CARTESIAN_POINT('',(0.0695,-0.033,-0.008));
#8547=CARTESIAN_POINT('',(0.0695,-0.033,-0.003375));
#8548=CARTESIAN_POINT('',(0.074,-0.033,-0.003375));
#8549=CARTESIAN_POINT('',(0.0695,-0.033,-0.008));
#8550=CARTESIAN_POINT('',(0.0195,-0.033,-0.008));
#8551=CARTESIAN_POINT('',(0.0195,-0.033,-0.003375));
#8552=CARTESIAN_POINT('',(0.024,-0.033,-0.003375));
#8553=CARTESIAN_POINT('',(0.0195,-0.033,-0.008));
#8554=CARTESIAN_POINT('',(0.0695,-0.013,-0.008));
#8555=CARTESIAN_POINT('',(0.0695,-0.013,-0.003375));
#8556=CARTESIAN_POINT('',(0.074,-0.013,-0.003375));
#8557=CARTESIAN_POINT('',(0.0695,-0.013,-0.008));
#8558=CARTESIAN_POINT('',(0.0195,-0.013,-0.008));
#8559=CARTESIAN_POINT('',(0.0195,-0.013,-0.003375));
#8560=CARTESIAN_POINT('',(0.024,-0.013,-0.003375));
#8561=CARTESIAN_POINT('',(0.0195,-0.013,-0.008));
#8562=CARTESIAN_POINT('',(-0.0805,-0.033,-0.008));
#8563=CARTESIAN_POINT('',(-0.0805,-0.033,-0.003375));
#8564=CARTESIAN_POINT('',(-0.076,-0.033,-0.003375));
#8565=CARTESIAN_POINT('',(-0.0805,-0.033,-0.008));
#8566=CARTESIAN_POINT('',(-0.0805,-0.013,-0.008));
#8567=CARTESIAN_POINT('',(-0.0805,-0.013,-0.003375));
#8568=CARTESIAN_POINT('',(-0.076,-0.013,-0.003375));
#8569=CARTESIAN_POINT('',(-0.0805,-0.013,-0.008));
#8570=CARTESIAN_POINT('',(-0.0305,-0.013,-0.008));
#8571=CARTESIAN_POINT('',(-0.0305,-0.013,-0.003375));
#8572=CARTESIAN_POINT('',(-0.026,-0.013,-0.003375));
#8573=CARTESIAN_POINT('',(-0.0305,-0.013,-0.008));
#8574=CARTESIAN_POINT('',(-0.0305,-0.033,-0.008));
#8575=CARTESIAN_POINT('',(-0.0305,-0.033,-0.003375));
#8576=CARTESIAN_POINT('',(-0.026,-0.033,-0.003375));
#8577=CARTESIAN_POINT('',(-0.0305,-0.033,-0.008));
#8578=CARTESIAN_POINT('',(-0.0605,-0.025,0.));
#8579=CARTESIAN_POINT('',(2.77555756156289E-17,-0.0195,-0.293));
#8580=CARTESIAN_POINT('',(0.0195,-0.0325,0.300875));
#8581=CARTESIAN_POINT('',(0.105,0.0164999999999998,0.301));
#8582=CARTESIAN_POINT('',(-0.0805,-0.0325,0.300875));
#8583=CARTESIAN_POINT('',(-0.0805,-0.0525,0.300875));
#8584=CARTESIAN_POINT('',(0.1555,0.0165,-0.07));
#8585=CARTESIAN_POINT('',(0.1555,0.0165,-0.07));
#8586=CARTESIAN_POINT('',(0.1555,0.0165,-0.078));
#8587=CARTESIAN_POINT('',(0.1305,0.0165,-0.07));
#8588=CARTESIAN_POINT('',(0.1305,0.0165,-0.07));
#8589=CARTESIAN_POINT('',(0.1305,0.0165,-0.078));
#8590=CARTESIAN_POINT('',(0.1555,0.0165,-0.07));
#8591=CARTESIAN_POINT('',(0.,0.,0.));
#8592=CARTESIAN_POINT('',(-0.07,-0.003875,0.274));
#8593=CARTESIAN_POINT('',(0.105,0.0164999999999998,-0.301));
#8594=CARTESIAN_POINT('',(-0.0305,-0.0325,-0.255));
#8595=CARTESIAN_POINT('',(0.0195,-0.0325,-0.255));
#8596=CARTESIAN_POINT('',(-0.0055,-0.0425,-0.277));
#8597=CARTESIAN_POINT('',(-0.0805,-0.0325,-0.255));
#8598=CARTESIAN_POINT('',(-0.0805,-0.0525,-0.300875));
#8599=CARTESIAN_POINT('',(-0.0305,-0.0325,-0.300875));
#8600=CARTESIAN_POINT('',(0.0195,-0.0325,0.255));
#8601=CARTESIAN_POINT('',(0.105000000000001,0.0165,0.305));
#8602=CARTESIAN_POINT('',(0.1275,0.057,0.008));
#8603=CARTESIAN_POINT('',(0.1275,0.057,0.008));
#8604=CARTESIAN_POINT('',(0.1305,0.057,0.008));
#8605=CARTESIAN_POINT('',(0.1275,0.06,0.008));
#8606=CARTESIAN_POINT('',(0.1305,0.057,0.008));
#8607=CARTESIAN_POINT('',(0.1305,0.057,0.));
#8608=CARTESIAN_POINT('',(0.1275,0.057,0.));
#8609=CARTESIAN_POINT('',(0.1275,0.06,0.));
#8610=CARTESIAN_POINT('',(0.1275,0.06,0.008));
#8611=CARTESIAN_POINT('',(-0.1275,0.057,0.00800000000000012));
#8612=CARTESIAN_POINT('',(-0.1275,0.057,0.00800000000000012));
#8613=CARTESIAN_POINT('',(-0.1275,0.06,0.00800000000000012));
#8614=CARTESIAN_POINT('',(-0.1305,0.057,0.00800000000000012));
#8615=CARTESIAN_POINT('',(-0.1275,0.06,0.00800000000000012));
#8616=CARTESIAN_POINT('',(-0.1275,0.06,1.11022302462516E-16));
#8617=CARTESIAN_POINT('',(-0.1275,0.057,1.11022302462516E-16));
#8618=CARTESIAN_POINT('',(-0.1305,0.057,1.11022302462516E-16));
#8619=CARTESIAN_POINT('',(-0.1305,0.057,0.00800000000000012));
#8620=CARTESIAN_POINT('',(-0.1275,-0.057,0.00800000000000012));
#8621=CARTESIAN_POINT('',(-0.1275,-0.057,0.00800000000000012));
#8622=CARTESIAN_POINT('',(-0.1305,-0.057,0.00800000000000012));
#8623=CARTESIAN_POINT('',(-0.1275,-0.06,0.00800000000000012));
#8624=CARTESIAN_POINT('',(-0.1305,-0.057,0.00800000000000012));
#8625=CARTESIAN_POINT('',(-0.1305,-0.057,1.11022302462516E-16));
#8626=CARTESIAN_POINT('',(-0.1275,-0.057,1.11022302462516E-16));
#8627=CARTESIAN_POINT('',(-0.1275,-0.06,1.11022302462516E-16));
#8628=CARTESIAN_POINT('',(-0.1275,-0.06,0.00800000000000012));
#8629=CARTESIAN_POINT('',(0.1275,-0.057,0.008));
#8630=CARTESIAN_POINT('',(0.1275,-0.057,0.008));
#8631=CARTESIAN_POINT('',(0.1275,-0.06,0.008));
#8632=CARTESIAN_POINT('',(0.1305,-0.057,0.008));
#8633=CARTESIAN_POINT('',(0.1275,-0.06,0.008));
#8634=CARTESIAN_POINT('',(0.1275,-0.06,0.));
#8635=CARTESIAN_POINT('',(0.1275,-0.057,0.));
#8636=CARTESIAN_POINT('',(0.1305,-0.057,0.));
#8637=CARTESIAN_POINT('',(0.1305,-0.057,0.008));
#8638=CARTESIAN_POINT('',(-0.0405,0.045,0.00800000000000012));
#8639=CARTESIAN_POINT('',(-0.0405,0.035,0.00800000000000012));
#8640=CARTESIAN_POINT('',(-0.0405,0.035,0.00800000000000012));
#8641=CARTESIAN_POINT('',(-0.0405,0.035,1.11022302462516E-16));
#8642=CARTESIAN_POINT('',(-0.0405,0.045,1.11022302462516E-16));
#8643=CARTESIAN_POINT('',(-0.0405,0.045,1.11022302462516E-16));
#8644=CARTESIAN_POINT('',(-0.0405,0.045,0.00800000000000012));
#8645=CARTESIAN_POINT('',(-0.0405,0.045,0.00800000000000012));
#8646=CARTESIAN_POINT('',(-0.0405,0.045,0.00800000000000012));
#8647=CARTESIAN_POINT('',(-0.035,0.045,0.008));
#8648=CARTESIAN_POINT('',(-0.035,0.045,0.));
#8649=CARTESIAN_POINT('',(-0.0295,0.045,0.));
#8650=CARTESIAN_POINT('',(-0.0295,0.045,0.));
#8651=CARTESIAN_POINT('',(-0.0295,0.045,0.008));
#8652=CARTESIAN_POINT('',(-0.035,0.045,0.008));
#8653=CARTESIAN_POINT('',(-0.0295,0.045,0.));
#8654=CARTESIAN_POINT('',(-0.0295,0.035,0.));
#8655=CARTESIAN_POINT('',(-0.0295,0.035,0.008));
#8656=CARTESIAN_POINT('',(-0.0295,0.035,0.));
#8657=CARTESIAN_POINT('',(-0.0295,0.045,0.008));
#8658=CARTESIAN_POINT('',(-0.0295,0.045,0.));
#8659=CARTESIAN_POINT('',(-0.035,0.035,0.008));
#8660=CARTESIAN_POINT('',(-0.035,0.035,0.008));
#8661=CARTESIAN_POINT('',(-0.035,0.035,0.));
#8662=CARTESIAN_POINT('',(-0.1105,0.045,0.008));
#8663=CARTESIAN_POINT('',(-0.1105,0.035,0.008));
#8664=CARTESIAN_POINT('',(-0.1105,0.035,0.008));
#8665=CARTESIAN_POINT('',(-0.1105,0.035,0.));
#8666=CARTESIAN_POINT('',(-0.1105,0.045,0.));
#8667=CARTESIAN_POINT('',(-0.1105,0.045,0.));
#8668=CARTESIAN_POINT('',(-0.1105,0.045,0.008));
#8669=CARTESIAN_POINT('',(-0.1105,0.045,0.008));
#8670=CARTESIAN_POINT('',(-0.1105,0.045,0.008));
#8671=CARTESIAN_POINT('',(-0.0995,0.045,1.11022302462516E-16));
#8672=CARTESIAN_POINT('',(-0.0995,0.035,1.11022302462516E-16));
#8673=CARTESIAN_POINT('',(-0.0995,0.035,0.008));
#8674=CARTESIAN_POINT('',(-0.0995,0.035,3.70074341541719E-17));
#8675=CARTESIAN_POINT('',(-0.0995,0.045,0.00800000000000012));
#8676=CARTESIAN_POINT('',(-0.0995,0.045,0.008));
#8677=CARTESIAN_POINT('',(-0.0995,0.045,1.11022302462516E-16));
#8678=CARTESIAN_POINT('',(-0.0995,0.045,7.40148683083438E-17));
#8679=CARTESIAN_POINT('',(-0.0995,0.045,1.11022302462516E-16));
#8680=CARTESIAN_POINT('',(-0.105,0.045,0.008));
#8681=CARTESIAN_POINT('',(-0.105,0.045,0.));
#8682=CARTESIAN_POINT('',(-0.105,0.045,0.008));
#8683=CARTESIAN_POINT('',(-0.105,0.035,0.008));
#8684=CARTESIAN_POINT('',(-0.105,0.035,0.008));
#8685=CARTESIAN_POINT('',(-0.105,0.035,0.));
#8686=CARTESIAN_POINT('',(0.,0.,0.));
#8687=CARTESIAN_POINT('',(0.105,0.035,0.));
#8688=CARTESIAN_POINT('',(0.0995,0.035,0.));
#8689=CARTESIAN_POINT('',(0.1105,0.035,3.70074341541719E-17));
#8690=CARTESIAN_POINT('',(0.1105,0.045,1.11022302462516E-16));
#8691=CARTESIAN_POINT('',(0.1105,0.045,3.70074341541719E-17));
#8692=CARTESIAN_POINT('',(0.105,0.045,0.));
#8693=CARTESIAN_POINT('',(0.0995,0.045,0.));
#8694=CARTESIAN_POINT('',(0.0995,0.045,0.));
#8695=CARTESIAN_POINT('',(0.035,0.035,1.11022302462516E-16));
#8696=CARTESIAN_POINT('',(0.0295,0.035,0.));
#8697=CARTESIAN_POINT('',(0.0405,0.035,7.40148683083438E-17));
#8698=CARTESIAN_POINT('',(0.0405,0.045,0.));
#8699=CARTESIAN_POINT('',(0.0405,0.045,7.40148683083438E-17));
#8700=CARTESIAN_POINT('',(0.035,0.045,1.11022302462516E-16));
#8701=CARTESIAN_POINT('',(0.0295,0.045,0.));
#8702=CARTESIAN_POINT('',(0.0295,0.045,0.));
#8703=CARTESIAN_POINT('',(0.0695,-0.033,0.));
#8704=CARTESIAN_POINT('',(0.074,-0.033,0.));
#8705=CARTESIAN_POINT('',(0.0195,-0.033,1.11022302462516E-16));
#8706=CARTESIAN_POINT('',(0.024,-0.033,1.11022302462516E-16));
#8707=CARTESIAN_POINT('',(0.0695,-0.013,0.));
#8708=CARTESIAN_POINT('',(0.074,-0.013,0.));
#8709=CARTESIAN_POINT('',(0.0195,-0.013,1.11022302462516E-16));
#8710=CARTESIAN_POINT('',(0.024,-0.013,1.11022302462516E-16));
#8711=CARTESIAN_POINT('',(0.1305,-0.06,0.));
#8712=CARTESIAN_POINT('',(-0.1305,-0.06,1.11022302462516E-16));
#8713=CARTESIAN_POINT('',(-0.1305,-0.06,1.11022302462516E-16));
#8714=CARTESIAN_POINT('',(-0.1305,0.06,1.11022302462516E-16));
#8715=CARTESIAN_POINT('',(-0.0805,-0.033,0.));
#8716=CARTESIAN_POINT('',(-0.076,-0.033,0.));
#8717=CARTESIAN_POINT('',(-0.0805,-0.013,0.));
#8718=CARTESIAN_POINT('',(-0.076,-0.013,0.));
#8719=CARTESIAN_POINT('',(-0.0305,-0.013,0.));
#8720=CARTESIAN_POINT('',(-0.026,-0.013,0.));
#8721=CARTESIAN_POINT('',(-0.0305,-0.033,0.));
#8722=CARTESIAN_POINT('',(-0.026,-0.033,0.));
#8723=CARTESIAN_POINT('',(-0.0605,-0.025,0.));
#8724=CARTESIAN_POINT('',(-0.0574,-0.025,0.));
#8725=CARTESIAN_POINT('',(6.93889390390723E-18,0.,0.008));
#8726=CARTESIAN_POINT('',(0.105,0.035,0.008));
#8727=CARTESIAN_POINT('',(0.0995,0.035,0.008));
#8728=CARTESIAN_POINT('',(0.1105,0.035,0.008));
#8729=CARTESIAN_POINT('',(0.0995,0.045,0.008));
#8730=CARTESIAN_POINT('',(0.0995,0.045,0.008));
#8731=CARTESIAN_POINT('',(0.105,0.045,0.008));
#8732=CARTESIAN_POINT('',(0.1105,0.045,0.008));
#8733=CARTESIAN_POINT('',(0.1105,0.045,0.00800000000000012));
#8734=CARTESIAN_POINT('',(0.035,0.035,0.00800000000000012));
#8735=CARTESIAN_POINT('',(0.0295,0.035,0.008));
#8736=CARTESIAN_POINT('',(0.0405,0.035,0.008));
#8737=CARTESIAN_POINT('',(0.0295,0.045,0.008));
#8738=CARTESIAN_POINT('',(0.0295,0.045,0.008));
#8739=CARTESIAN_POINT('',(0.035,0.045,0.00800000000000012));
#8740=CARTESIAN_POINT('',(0.0405,0.045,0.008));
#8741=CARTESIAN_POINT('',(0.0405,0.045,0.008));
#8742=CARTESIAN_POINT('',(0.0695,-0.033,0.008));
#8743=CARTESIAN_POINT('',(0.078625,-0.033,0.008));
#8744=CARTESIAN_POINT('',(0.0195,-0.033,0.00800000000000012));
#8745=CARTESIAN_POINT('',(0.028625,-0.033,0.00800000000000012));
#8746=CARTESIAN_POINT('',(0.0695,-0.013,0.008));
#8747=CARTESIAN_POINT('',(0.078625,-0.013,0.008));
#8748=CARTESIAN_POINT('',(0.0195,-0.013,0.00800000000000012));
#8749=CARTESIAN_POINT('',(0.028625,-0.013,0.00800000000000012));
#8750=CARTESIAN_POINT('',(-0.1305,-0.06,0.00800000000000012));
#8751=CARTESIAN_POINT('',(0.1305,-0.06,0.008));
#8752=CARTESIAN_POINT('',(-0.1305,0.06,0.00800000000000012));
#8753=CARTESIAN_POINT('',(-0.1305,-0.06,0.00800000000000012));
#8754=CARTESIAN_POINT('',(-0.0805,-0.033,0.008));
#8755=CARTESIAN_POINT('',(-0.071375,-0.033,0.008));
#8756=CARTESIAN_POINT('',(-0.0805,-0.013,0.008));
#8757=CARTESIAN_POINT('',(-0.071375,-0.013,0.008));
#8758=CARTESIAN_POINT('',(-0.0305,-0.013,0.008));
#8759=CARTESIAN_POINT('',(-0.021375,-0.013,0.008));
#8760=CARTESIAN_POINT('',(-0.0305,-0.033,0.008));
#8761=CARTESIAN_POINT('',(-0.021375,-0.033,0.008));
#8762=CARTESIAN_POINT('',(-0.0605,-0.025,0.008));
#8763=CARTESIAN_POINT('',(-0.0574,-0.025,0.008));
#8764=CARTESIAN_POINT('',(-0.1305,-0.06,0.00800000000000012));
#8765=CARTESIAN_POINT('',(-0.1305,-0.06,0.00800000000000012));
#8766=CARTESIAN_POINT('',(-0.1305,0.06,0.00800000000000012));
#8767=CARTESIAN_POINT('',(0.1305,-0.06,0.008));
#8768=CARTESIAN_POINT('',(0.035,0.035,0.00800000000000012));
#8769=CARTESIAN_POINT('',(0.0405,0.035,0.));
#8770=CARTESIAN_POINT('',(0.0295,0.035,0.008));
#8771=CARTESIAN_POINT('',(0.0405,0.045,0.));
#8772=CARTESIAN_POINT('',(0.0405,0.045,0.));
#8773=CARTESIAN_POINT('',(0.035,0.045,0.00800000000000012));
#8774=CARTESIAN_POINT('',(0.0295,0.045,0.008));
#8775=CARTESIAN_POINT('',(0.0295,0.045,0.008));
#8776=CARTESIAN_POINT('',(0.105,0.035,0.008));
#8777=CARTESIAN_POINT('',(0.1105,0.035,1.11022302462516E-16));
#8778=CARTESIAN_POINT('',(0.0995,0.035,0.008));
#8779=CARTESIAN_POINT('',(0.1105,0.045,1.11022302462516E-16));
#8780=CARTESIAN_POINT('',(0.1105,0.045,1.11022302462516E-16));
#8781=CARTESIAN_POINT('',(0.105,0.045,0.008));
#8782=CARTESIAN_POINT('',(0.0995,0.045,0.008));
#8783=CARTESIAN_POINT('',(0.0995,0.045,0.008));
#8784=CARTESIAN_POINT('',(0.0695,-0.033,0.008));
#8785=CARTESIAN_POINT('',(0.0695,-0.033,0.003375));
#8786=CARTESIAN_POINT('',(0.074,-0.033,0.003375));
#8787=CARTESIAN_POINT('',(0.0695,-0.033,0.008));
#8788=CARTESIAN_POINT('',(0.0195,-0.033,0.00800000000000012));
#8789=CARTESIAN_POINT('',(0.0195,-0.033,0.00337500000000013));
#8790=CARTESIAN_POINT('',(0.024,-0.033,0.00337500000000013));
#8791=CARTESIAN_POINT('',(0.0195,-0.033,0.00800000000000012));
#8792=CARTESIAN_POINT('',(0.0695,-0.013,0.008));
#8793=CARTESIAN_POINT('',(0.0695,-0.013,0.003375));
#8794=CARTESIAN_POINT('',(0.074,-0.013,0.003375));
#8795=CARTESIAN_POINT('',(0.0695,-0.013,0.008));
#8796=CARTESIAN_POINT('',(0.0195,-0.013,0.00800000000000012));
#8797=CARTESIAN_POINT('',(0.0195,-0.013,0.00337500000000013));
#8798=CARTESIAN_POINT('',(0.024,-0.013,0.00337500000000013));
#8799=CARTESIAN_POINT('',(0.0195,-0.013,0.00800000000000012));
#8800=CARTESIAN_POINT('',(-0.0805,-0.033,0.008));
#8801=CARTESIAN_POINT('',(-0.0805,-0.033,0.003375));
#8802=CARTESIAN_POINT('',(-0.076,-0.033,0.003375));
#8803=CARTESIAN_POINT('',(-0.0805,-0.033,0.008));
#8804=CARTESIAN_POINT('',(-0.0805,-0.013,0.008));
#8805=CARTESIAN_POINT('',(-0.0805,-0.013,0.003375));
#8806=CARTESIAN_POINT('',(-0.076,-0.013,0.003375));
#8807=CARTESIAN_POINT('',(-0.0805,-0.013,0.008));
#8808=CARTESIAN_POINT('',(-0.0305,-0.013,0.008));
#8809=CARTESIAN_POINT('',(-0.0305,-0.013,0.003375));
#8810=CARTESIAN_POINT('',(-0.026,-0.013,0.003375));
#8811=CARTESIAN_POINT('',(-0.0305,-0.013,0.008));
#8812=CARTESIAN_POINT('',(-0.0305,-0.033,0.008));
#8813=CARTESIAN_POINT('',(-0.0305,-0.033,0.003375));
#8814=CARTESIAN_POINT('',(-0.026,-0.033,0.003375));
#8815=CARTESIAN_POINT('',(-0.0305,-0.033,0.008));
#8816=CARTESIAN_POINT('',(-0.0605,-0.025,0.));
#8817=CARTESIAN_POINT('',(8.32667268468867E-17,-0.0195,0.293));
#8818=CARTESIAN_POINT('',(-0.0349999999999991,0.0165,-0.305));
#8819=CARTESIAN_POINT('',(0.035,0.0164999999999998,-0.301));
#8820=CARTESIAN_POINT('',(-0.0305,-0.0325,0.300875));
#8821=CARTESIAN_POINT('',(-0.0805,-0.0525,-0.255));
#8822=CARTESIAN_POINT('',(0.11775,-0.003875,0.274));
#8823=CARTESIAN_POINT('',(0.0695,-0.0525,-0.255));
#8824=CARTESIAN_POINT('',(0.0350000000000014,0.0165,0.305));
#8825=CARTESIAN_POINT('',(0.07,-0.003875,-0.274));
#8826=CARTESIAN_POINT('',(-0.0305,-0.0525,-0.300875));
#8827=CARTESIAN_POINT('',(0.0195,-0.0525,-0.300875));
#8828=CARTESIAN_POINT('',(-0.0605,-0.025,0.));
#8829=CARTESIAN_POINT('',(-0.0605,-0.025,0.));
#8830=CARTESIAN_POINT('',(-0.0575,-0.025,0.));
#8831=CARTESIAN_POINT('',(-0.0605,-0.025,0.018));
#8832=CARTESIAN_POINT('',(-0.0605,-0.025,0.018));
#8833=CARTESIAN_POINT('',(-0.0575,-0.025,0.018));
#8834=CARTESIAN_POINT('',(-0.0605,-0.025,0.018));
#8835=CARTESIAN_POINT('',(8.32667268468867E-17,-0.0195,0.293));
#8836=CARTESIAN_POINT('',(-0.0605,-0.025,0.));
#8837=CARTESIAN_POINT('',(-0.0605,-0.025,0.));
#8838=CARTESIAN_POINT('',(-0.0575,-0.025,0.));
#8839=CARTESIAN_POINT('',(-0.0605,-0.025,-0.018));
#8840=CARTESIAN_POINT('',(-0.0605,-0.025,-0.018));
#8841=CARTESIAN_POINT('',(-0.0575,-0.025,-0.018));
#8842=CARTESIAN_POINT('',(-0.0605,-0.025,-0.018));
#8843=CARTESIAN_POINT('',(2.77555756156289E-17,-0.0195,-0.293));
#8844=CARTESIAN_POINT('',(8.32667268468867E-17,-0.003875,-0.274));
#8845=CARTESIAN_POINT('',(0.0195,-0.0525,-0.255));
#8846=CARTESIAN_POINT('',(0.0695,-0.0325,-0.300875));
#8847=CARTESIAN_POINT('',(-0.035,0.0164999999999998,-0.301));
#8848=CARTESIAN_POINT('',(0.11775,-0.003875,-0.274));
#8849=CARTESIAN_POINT('',(-0.0305,-0.0525,0.300875));
#8850=CARTESIAN_POINT('',(-0.035,0.0164999999999998,0.301));
#8851=CARTESIAN_POINT('',(0.0695,-0.0525,0.255));
#8852=CARTESIAN_POINT('',(0.,0.,-0.1305));
#8853=CARTESIAN_POINT('',(0.019,-0.0125,-0.1305));
#8854=CARTESIAN_POINT('',(0.019,-0.0125,-0.1305));
#8855=CARTESIAN_POINT('',(0.019,0.0125,-0.1305));
#8856=CARTESIAN_POINT('',(-0.019,-0.0125,-0.1305));
#8857=CARTESIAN_POINT('',(-0.019,-0.0125,-0.1305));
#8858=CARTESIAN_POINT('',(-0.019,-0.0125,-0.1305));
#8859=CARTESIAN_POINT('',(-0.019,0.0125,-0.1305));
#8860=CARTESIAN_POINT('',(-0.019,0.0125,-0.1305));
#8861=CARTESIAN_POINT('',(0.,0.,0.1305));
#8862=CARTESIAN_POINT('',(0.019,-0.0125,0.1305));
#8863=CARTESIAN_POINT('',(0.019,-0.0125,0.1305));
#8864=CARTESIAN_POINT('',(0.019,0.0125,0.1305));
#8865=CARTESIAN_POINT('',(-0.019,0.0125,0.1305));
#8866=CARTESIAN_POINT('',(-0.019,0.0125,0.1305));
#8867=CARTESIAN_POINT('',(-0.019,-0.0125,0.1305));
#8868=CARTESIAN_POINT('',(-0.019,-0.0125,0.1305));
#8869=CARTESIAN_POINT('',(-0.019,-0.0125,0.1305));
#8870=CARTESIAN_POINT('',(-0.019,-0.0125,0.1305));
#8871=CARTESIAN_POINT('',(0.019,-0.0125,0.1305));
#8872=CARTESIAN_POINT('',(-0.019,-0.0125,0.1305));
#8873=CARTESIAN_POINT('',(0.,-0.0125,-0.11775));
#8874=CARTESIAN_POINT('',(0.,-0.0125,-0.12115));
#8875=CARTESIAN_POINT('',(0.,-0.0125,-0.07));
#8876=CARTESIAN_POINT('',(0.,-0.0125,-0.0734));
#8877=CARTESIAN_POINT('',(0.,-0.0125,0.));
#8878=CARTESIAN_POINT('',(0.,-0.0125,-0.0034));
#8879=CARTESIAN_POINT('',(0.,-0.0125,0.07));
#8880=CARTESIAN_POINT('',(0.,-0.0125,0.0666));
#8881=CARTESIAN_POINT('',(0.,-0.0125,0.11775));
#8882=CARTESIAN_POINT('',(0.,-0.0125,0.11435));
#8883=CARTESIAN_POINT('',(-0.019,-0.0125,0.1305));
#8884=CARTESIAN_POINT('',(-0.019,0.0125,0.1305));
#8885=CARTESIAN_POINT('',(-0.019,0.0125,0.1305));
#8886=CARTESIAN_POINT('',(0.019,0.0125,0.1305));
#8887=CARTESIAN_POINT('',(0.019,-0.0125,0.1305));
#8888=CARTESIAN_POINT('',(0.019,0.,-0.105));
#8889=CARTESIAN_POINT('',(0.019,0.,-0.10925));
#8890=CARTESIAN_POINT('',(0.019,0.,-0.035));
#8891=CARTESIAN_POINT('',(0.019,0.,-0.03925));
#8892=CARTESIAN_POINT('',(0.019,0.,0.035));
#8893=CARTESIAN_POINT('',(0.019,0.,0.03075));
#8894=CARTESIAN_POINT('',(0.019,0.,0.105));
#8895=CARTESIAN_POINT('',(0.019,0.,0.10075));
#8896=CARTESIAN_POINT('',(-0.0085,0.,-0.105));
#8897=CARTESIAN_POINT('',(-0.0085,0.,-0.105));
#8898=CARTESIAN_POINT('',(-0.0085,0.,-0.10925));
#8899=CARTESIAN_POINT('',(-0.0110536576308671,-7.33281019467728E-18,-0.105));
#8900=CARTESIAN_POINT('',(0.019,0.,-0.105));
#8901=CARTESIAN_POINT('',(-0.0085,0.,-0.035));
#8902=CARTESIAN_POINT('',(-0.0085,0.,-0.035));
#8903=CARTESIAN_POINT('',(-0.0085,0.,-0.03925));
#8904=CARTESIAN_POINT('',(-0.0110536576308671,-7.33281019467728E-18,-0.035));
#8905=CARTESIAN_POINT('',(0.019,0.,-0.035));
#8906=CARTESIAN_POINT('',(-0.0085,0.,0.035));
#8907=CARTESIAN_POINT('',(-0.0085,0.,0.035));
#8908=CARTESIAN_POINT('',(-0.0085,0.,0.03075));
#8909=CARTESIAN_POINT('',(-0.0110536576308671,-7.33281019467728E-18,0.035));
#8910=CARTESIAN_POINT('',(0.019,0.,0.035));
#8911=CARTESIAN_POINT('',(-0.0085,0.,0.105));
#8912=CARTESIAN_POINT('',(-0.0085,0.,0.105));
#8913=CARTESIAN_POINT('',(-0.0085,0.,0.10075));
#8914=CARTESIAN_POINT('',(-0.0110536576308671,-7.33281019467728E-18,0.105));
#8915=CARTESIAN_POINT('',(0.019,0.,0.105));
#8916=CARTESIAN_POINT('',(0.,0.00975,-0.11775));
#8917=CARTESIAN_POINT('',(0.,0.00975,-0.11775));
#8918=CARTESIAN_POINT('',(0.,0.00975,-0.12115));
#8919=CARTESIAN_POINT('',(-4.86458346703183E-18,0.0117929261046937,-0.11775));
#8920=CARTESIAN_POINT('',(0.,-0.0125,-0.11775));
#8921=CARTESIAN_POINT('',(0.,0.00975,-0.07));
#8922=CARTESIAN_POINT('',(0.,0.00975,-0.07));
#8923=CARTESIAN_POINT('',(0.,0.00975,-0.0734));
#8924=CARTESIAN_POINT('',(-4.86458346703183E-18,0.0117929261046937,-0.07));
#8925=CARTESIAN_POINT('',(0.,-0.0125,-0.07));
#8926=CARTESIAN_POINT('',(0.,0.00975,0.));
#8927=CARTESIAN_POINT('',(0.,0.00975,0.));
#8928=CARTESIAN_POINT('',(0.,0.00975,-0.0034));
#8929=CARTESIAN_POINT('',(-4.86458346703183E-18,0.0117929261046937,0.));
#8930=CARTESIAN_POINT('',(0.,-0.0125,0.));
#8931=CARTESIAN_POINT('',(0.,0.00975,0.07));
#8932=CARTESIAN_POINT('',(0.,0.00975,0.07));
#8933=CARTESIAN_POINT('',(0.,0.00975,0.0666));
#8934=CARTESIAN_POINT('',(-4.86458346703183E-18,0.0117929261046937,0.07));
#8935=CARTESIAN_POINT('',(0.,-0.0125,0.07));
#8936=CARTESIAN_POINT('',(0.,0.00975,0.11775));
#8937=CARTESIAN_POINT('',(0.,0.00975,0.11775));
#8938=CARTESIAN_POINT('',(0.,0.00975,0.11435));
#8939=CARTESIAN_POINT('',(-4.86458346703183E-18,0.0117929261046937,0.11775));
#8940=CARTESIAN_POINT('',(0.,-0.0125,0.11775));
#8941=CARTESIAN_POINT('',(2.77555756156289E-17,0.0165,-0.274));
#8942=CARTESIAN_POINT('',(0.0695,-0.0325,0.255));
#8943=CARTESIAN_POINT('',(-0.0805,-0.0325,0.255));
#8944=CARTESIAN_POINT('',(-0.105,0.0164999999999998,-0.301));
#8945=CARTESIAN_POINT('',(-0.0349999999999987,0.0165,0.305));
#8946=CARTESIAN_POINT('',(-0.0305,-0.0325,0.255));
#8947=CARTESIAN_POINT('',(0.1705,0.0165,0.055));
#8948=CARTESIAN_POINT('',(0.1705,0.0165,0.055));
#8949=CARTESIAN_POINT('',(0.1625,0.0165,0.0549999999999999));
#8950=CARTESIAN_POINT('',(0.1555,0.0165,0.07));
#8951=CARTESIAN_POINT('',(0.1555,0.0165,0.07));
#8952=CARTESIAN_POINT('',(0.1555,0.0165,0.078));
#8953=CARTESIAN_POINT('',(0.1555,0.0165,0.055));
#8954=CARTESIAN_POINT('',(0.,0.,0.));
#8955=CARTESIAN_POINT('',(-0.105,0.0164999999999998,0.301));
#8956=CARTESIAN_POINT('',(0.1275,0.004,0.289));
#8957=CARTESIAN_POINT('',(0.1275,0.004,0.289));
#8958=CARTESIAN_POINT('',(0.1275,0.004,0.292));
#8959=CARTESIAN_POINT('',(0.1305,0.004,0.289));
#8960=CARTESIAN_POINT('',(0.1275,0.004,0.292));
#8961=CARTESIAN_POINT('',(0.1275,-0.004,0.292));
#8962=CARTESIAN_POINT('',(0.1275,-0.004,0.289));
#8963=CARTESIAN_POINT('',(0.1305,-0.004,0.289));
#8964=CARTESIAN_POINT('',(0.1305,0.004,0.289));
#8965=CARTESIAN_POINT('',(-0.1275,0.004,0.289));
#8966=CARTESIAN_POINT('',(-0.1275,0.004,0.289));
#8967=CARTESIAN_POINT('',(-0.1305,0.004,0.289));
#8968=CARTESIAN_POINT('',(-0.1275,0.004,0.292));
#8969=CARTESIAN_POINT('',(-0.1305,0.004,0.289));
#8970=CARTESIAN_POINT('',(-0.1305,-0.004,0.289));
#8971=CARTESIAN_POINT('',(-0.1275,-0.004,0.289));
#8972=CARTESIAN_POINT('',(-0.1275,-0.004,0.292));
#8973=CARTESIAN_POINT('',(-0.1275,0.004,0.292));
#8974=CARTESIAN_POINT('',(-0.1275,0.004,-0.289));
#8975=CARTESIAN_POINT('',(-0.1275,0.004,-0.289));
#8976=CARTESIAN_POINT('',(-0.1275,0.004,-0.292));
#8977=CARTESIAN_POINT('',(-0.1305,0.004,-0.289));
#8978=CARTESIAN_POINT('',(-0.1275,0.004,-0.292));
#8979=CARTESIAN_POINT('',(-0.1275,-0.004,-0.292));
#8980=CARTESIAN_POINT('',(-0.1275,-0.004,-0.289));
#8981=CARTESIAN_POINT('',(-0.1305,-0.004,-0.289));
#8982=CARTESIAN_POINT('',(-0.1305,0.004,-0.289));
#8983=CARTESIAN_POINT('',(0.1275,0.004,-0.289));
#8984=CARTESIAN_POINT('',(0.1275,0.004,-0.289));
#8985=CARTESIAN_POINT('',(0.1305,0.004,-0.289));
#8986=CARTESIAN_POINT('',(0.1275,0.004,-0.292));
#8987=CARTESIAN_POINT('',(0.1305,0.004,-0.289));
#8988=CARTESIAN_POINT('',(0.1305,-0.004,-0.289));
#8989=CARTESIAN_POINT('',(0.1275,-0.004,-0.289));
#8990=CARTESIAN_POINT('',(0.1275,-0.004,-0.292));
#8991=CARTESIAN_POINT('',(0.1275,0.004,-0.292));
#8992=CARTESIAN_POINT('',(0.1307,0.01,-0.2447));
#8993=CARTESIAN_POINT('',(0.1307,0.004,-0.2447));
#8994=CARTESIAN_POINT('',(0.1297,0.004,-0.2447));
#8995=CARTESIAN_POINT('',(0.1305,0.004,-0.245679795897114));
#8996=CARTESIAN_POINT('',(0.1297,0.01,-0.2447));
#8997=CARTESIAN_POINT('',(0.1297,-0.004,-0.2447));
#8998=CARTESIAN_POINT('',(0.1307,-0.004,-0.2447));
#8999=CARTESIAN_POINT('',(0.1305,-0.004,-0.245679795897114));
#9000=CARTESIAN_POINT('',(0.1305,0.01,-0.245679795897114));
#9001=CARTESIAN_POINT('',(0.1307,0.01,-0.2243));
#9002=CARTESIAN_POINT('',(0.1307,-0.004,-0.2243));
#9003=CARTESIAN_POINT('',(0.1305,-0.004,-0.223320204102887));
#9004=CARTESIAN_POINT('',(0.1297,-0.004,-0.2243));
#9005=CARTESIAN_POINT('',(0.1297,0.01,-0.2243));
#9006=CARTESIAN_POINT('',(0.1297,0.004,-0.2243));
#9007=CARTESIAN_POINT('',(0.1307,0.004,-0.2243));
#9008=CARTESIAN_POINT('',(0.1305,0.004,-0.223320204102887));
#9009=CARTESIAN_POINT('',(0.1305,0.01,-0.223320204102887));
#9010=CARTESIAN_POINT('',(0.1243,0.01,-0.2243));
#9011=CARTESIAN_POINT('',(0.1253,0.01,-0.2243));
#9012=CARTESIAN_POINT('',(0.1253,0.004,-0.2243));
#9013=CARTESIAN_POINT('',(0.1253,-0.004,-0.2243));
#9014=CARTESIAN_POINT('',(0.1243,-0.004,-0.2243));
#9015=CARTESIAN_POINT('',(0.1243,-0.004,-0.2253));
#9016=CARTESIAN_POINT('',(0.1243,0.01,-0.2253));
#9017=CARTESIAN_POINT('',(0.1243,0.004,-0.2253));
#9018=CARTESIAN_POINT('',(0.1243,0.004,-0.2243));
#9019=CARTESIAN_POINT('',(0.1243,-0.018,-0.2447));
#9020=CARTESIAN_POINT('',(0.,0.004,-0.2447));
#9021=CARTESIAN_POINT('',(0.1253,0.004,-0.2447));
#9022=CARTESIAN_POINT('',(0.1253,0.01,-0.2447));
#9023=CARTESIAN_POINT('',(0.1253,-0.004,-0.2447));
#9024=CARTESIAN_POINT('',(0.1243,-0.004,-0.2447));
#9025=CARTESIAN_POINT('',(0.1243,-0.018,0.0101999999999999));
#9026=CARTESIAN_POINT('',(0.1243,0.004,0.));
#9027=CARTESIAN_POINT('',(0.1243,0.004,-0.2437));
#9028=CARTESIAN_POINT('',(0.1243,-0.004,-0.2243));
#9029=CARTESIAN_POINT('',(0.1243,-0.004,-0.2437));
#9030=CARTESIAN_POINT('',(0.1243,0.01,-0.2437));
#9031=CARTESIAN_POINT('',(0.1307,-0.018,-0.2243));
#9032=CARTESIAN_POINT('',(0.,0.004,-0.2243));
#9033=CARTESIAN_POINT('',(0.1307,-0.004,-0.2243));
#9034=CARTESIAN_POINT('',(0.1307,0.01,-0.12745));
#9035=CARTESIAN_POINT('',(0.1307,0.004,-0.12745));
#9036=CARTESIAN_POINT('',(0.1297,0.004,-0.12745));
#9037=CARTESIAN_POINT('',(0.1305,0.004,-0.128429795897113));
#9038=CARTESIAN_POINT('',(0.1297,0.01,-0.12745));
#9039=CARTESIAN_POINT('',(0.1297,-0.004,-0.12745));
#9040=CARTESIAN_POINT('',(0.1307,-0.004,-0.12745));
#9041=CARTESIAN_POINT('',(0.1305,-0.004,-0.128429795897113));
#9042=CARTESIAN_POINT('',(0.1305,0.01,-0.128429795897113));
#9043=CARTESIAN_POINT('',(0.1307,0.01,-0.10705));
#9044=CARTESIAN_POINT('',(0.1307,-0.004,-0.10705));
#9045=CARTESIAN_POINT('',(0.1305,-0.004,-0.106070204102887));
#9046=CARTESIAN_POINT('',(0.1297,-0.004,-0.10705));
#9047=CARTESIAN_POINT('',(0.1297,0.01,-0.10705));
#9048=CARTESIAN_POINT('',(0.1297,0.004,-0.10705));
#9049=CARTESIAN_POINT('',(0.1307,0.004,-0.10705));
#9050=CARTESIAN_POINT('',(0.1305,0.004,-0.106070204102887));
#9051=CARTESIAN_POINT('',(0.1305,0.01,-0.106070204102887));
#9052=CARTESIAN_POINT('',(0.1243,0.01,-0.10705));
#9053=CARTESIAN_POINT('',(0.1253,0.01,-0.10705));
#9054=CARTESIAN_POINT('',(0.1253,0.004,-0.10705));
#9055=CARTESIAN_POINT('',(0.1253,-0.004,-0.10705));
#9056=CARTESIAN_POINT('',(0.1243,-0.004,-0.10705));
#9057=CARTESIAN_POINT('',(0.1243,-0.004,-0.10805));
#9058=CARTESIAN_POINT('',(0.1243,0.01,-0.10805));
#9059=CARTESIAN_POINT('',(0.1243,0.004,-0.10805));
#9060=CARTESIAN_POINT('',(0.1243,0.004,-0.10705));
#9061=CARTESIAN_POINT('',(0.1243,-0.018,-0.12745));
#9062=CARTESIAN_POINT('',(0.,0.004,-0.12745));
#9063=CARTESIAN_POINT('',(0.1253,0.004,-0.12745));
#9064=CARTESIAN_POINT('',(0.1253,0.01,-0.12745));
#9065=CARTESIAN_POINT('',(0.1253,-0.004,-0.12745));
#9066=CARTESIAN_POINT('',(0.1243,-0.004,-0.12745));
#9067=CARTESIAN_POINT('',(0.1243,-0.018,0.0101999999999999));
#9068=CARTESIAN_POINT('',(0.1243,0.004,0.));
#9069=CARTESIAN_POINT('',(0.1243,0.004,-0.12645));
#9070=CARTESIAN_POINT('',(0.1243,-0.004,-0.10705));
#9071=CARTESIAN_POINT('',(0.1243,-0.004,-0.12645));
#9072=CARTESIAN_POINT('',(0.1243,0.01,-0.12645));
#9073=CARTESIAN_POINT('',(0.1307,-0.018,-0.10705));
#9074=CARTESIAN_POINT('',(0.,0.004,-0.10705));
#9075=CARTESIAN_POINT('',(0.1307,-0.004,-0.10705));
#9076=CARTESIAN_POINT('',(0.1307,0.01,-0.0102000000000001));
#9077=CARTESIAN_POINT('',(0.1307,0.004,-0.0102000000000001));
#9078=CARTESIAN_POINT('',(0.1297,0.004,-0.0102000000000001));
#9079=CARTESIAN_POINT('',(0.1305,0.004,-0.0111797958971134));
#9080=CARTESIAN_POINT('',(0.1297,0.01,-0.0102000000000001));
#9081=CARTESIAN_POINT('',(0.1297,-0.004,-0.0102000000000001));
#9082=CARTESIAN_POINT('',(0.1307,-0.004,-0.0102000000000001));
#9083=CARTESIAN_POINT('',(0.1305,-0.004,-0.0111797958971134));
#9084=CARTESIAN_POINT('',(0.1305,0.01,-0.0111797958971134));
#9085=CARTESIAN_POINT('',(0.1307,0.01,0.0101999999999999));
#9086=CARTESIAN_POINT('',(0.1307,-0.004,0.0101999999999999));
#9087=CARTESIAN_POINT('',(0.1305,-0.004,0.0111797958971131));
#9088=CARTESIAN_POINT('',(0.1297,-0.004,0.0101999999999999));
#9089=CARTESIAN_POINT('',(0.1297,0.01,0.0101999999999999));
#9090=CARTESIAN_POINT('',(0.1297,0.004,0.0101999999999999));
#9091=CARTESIAN_POINT('',(0.1307,0.004,0.0101999999999999));
#9092=CARTESIAN_POINT('',(0.1305,0.004,0.0111797958971131));
#9093=CARTESIAN_POINT('',(0.1305,0.01,0.0111797958971131));
#9094=CARTESIAN_POINT('',(0.1243,0.01,0.0101999999999999));
#9095=CARTESIAN_POINT('',(0.1253,0.01,0.0101999999999999));
#9096=CARTESIAN_POINT('',(0.1253,0.004,0.0101999999999999));
#9097=CARTESIAN_POINT('',(0.1253,-0.004,0.0101999999999999));
#9098=CARTESIAN_POINT('',(0.1243,-0.004,0.0101999999999999));
#9099=CARTESIAN_POINT('',(0.1243,-0.004,0.00919999999999987));
#9100=CARTESIAN_POINT('',(0.1243,0.01,0.00919999999999987));
#9101=CARTESIAN_POINT('',(0.1243,0.004,0.00919999999999987));
#9102=CARTESIAN_POINT('',(0.1243,0.004,0.0101999999999999));
#9103=CARTESIAN_POINT('',(0.1243,-0.018,-0.0102000000000001));
#9104=CARTESIAN_POINT('',(0.,0.004,-0.0102000000000001));
#9105=CARTESIAN_POINT('',(0.1253,0.004,-0.0102000000000001));
#9106=CARTESIAN_POINT('',(0.1253,0.01,-0.0102000000000001));
#9107=CARTESIAN_POINT('',(0.1253,-0.004,-0.0102000000000001));
#9108=CARTESIAN_POINT('',(0.1243,-0.004,-0.0102000000000001));
#9109=CARTESIAN_POINT('',(0.1243,-0.018,0.0101999999999999));
#9110=CARTESIAN_POINT('',(0.1243,0.004,0.));
#9111=CARTESIAN_POINT('',(0.1243,0.004,-0.00920000000000012));
#9112=CARTESIAN_POINT('',(0.1243,-0.004,0.0101999999999999));
#9113=CARTESIAN_POINT('',(0.1243,-0.004,-0.00920000000000012));
#9114=CARTESIAN_POINT('',(0.1243,0.01,-0.00920000000000012));
#9115=CARTESIAN_POINT('',(0.1307,-0.018,0.0101999999999999));
#9116=CARTESIAN_POINT('',(0.,0.004,0.0101999999999999));
#9117=CARTESIAN_POINT('',(0.1307,-0.004,0.0101999999999999));
#9118=CARTESIAN_POINT('',(0.1307,0.01,0.10705));
#9119=CARTESIAN_POINT('',(0.1307,0.004,0.10705));
#9120=CARTESIAN_POINT('',(0.1297,0.004,0.10705));
#9121=CARTESIAN_POINT('',(0.1305,0.004,0.106070204102887));
#9122=CARTESIAN_POINT('',(0.1297,0.01,0.10705));
#9123=CARTESIAN_POINT('',(0.1297,-0.004,0.10705));
#9124=CARTESIAN_POINT('',(0.1307,-0.004,0.10705));
#9125=CARTESIAN_POINT('',(0.1305,-0.004,0.106070204102887));
#9126=CARTESIAN_POINT('',(0.1305,0.01,0.106070204102887));
#9127=CARTESIAN_POINT('',(0.1307,0.01,0.12745));
#9128=CARTESIAN_POINT('',(0.1307,-0.004,0.12745));
#9129=CARTESIAN_POINT('',(0.1305,-0.004,0.128429795897113));
#9130=CARTESIAN_POINT('',(0.1297,-0.004,0.12745));
#9131=CARTESIAN_POINT('',(0.1297,0.01,0.12745));
#9132=CARTESIAN_POINT('',(0.1297,0.004,0.12745));
#9133=CARTESIAN_POINT('',(0.1307,0.004,0.12745));
#9134=CARTESIAN_POINT('',(0.1305,0.004,0.128429795897113));
#9135=CARTESIAN_POINT('',(0.1305,0.01,0.128429795897113));
#9136=CARTESIAN_POINT('',(0.1243,0.01,0.12745));
#9137=CARTESIAN_POINT('',(0.1253,0.01,0.12745));
#9138=CARTESIAN_POINT('',(0.1253,0.004,0.12745));
#9139=CARTESIAN_POINT('',(0.1253,-0.004,0.12745));
#9140=CARTESIAN_POINT('',(0.1243,-0.004,0.12745));
#9141=CARTESIAN_POINT('',(0.1243,-0.004,0.12645));
#9142=CARTESIAN_POINT('',(0.1243,0.01,0.12645));
#9143=CARTESIAN_POINT('',(0.1243,0.004,0.12645));
#9144=CARTESIAN_POINT('',(0.1243,0.004,0.12745));
#9145=CARTESIAN_POINT('',(0.1243,-0.018,0.10705));
#9146=CARTESIAN_POINT('',(0.,0.004,0.10705));
#9147=CARTESIAN_POINT('',(0.1253,0.004,0.10705));
#9148=CARTESIAN_POINT('',(0.1253,0.01,0.10705));
#9149=CARTESIAN_POINT('',(0.1253,-0.004,0.10705));
#9150=CARTESIAN_POINT('',(0.1243,-0.004,0.10705));
#9151=CARTESIAN_POINT('',(0.1243,-0.018,0.0101999999999999));
#9152=CARTESIAN_POINT('',(0.1243,0.004,0.));
#9153=CARTESIAN_POINT('',(0.1243,0.004,0.10805));
#9154=CARTESIAN_POINT('',(0.1243,-0.004,0.12745));
#9155=CARTESIAN_POINT('',(0.1243,-0.004,0.10805));
#9156=CARTESIAN_POINT('',(0.1243,0.01,0.10805));
#9157=CARTESIAN_POINT('',(0.1307,-0.018,0.12745));
#9158=CARTESIAN_POINT('',(0.,0.004,0.12745));
#9159=CARTESIAN_POINT('',(0.1307,-0.004,0.12745));
#9160=CARTESIAN_POINT('',(0.1307,0.01,0.2243));
#9161=CARTESIAN_POINT('',(0.1307,0.004,0.2243));
#9162=CARTESIAN_POINT('',(0.1297,0.004,0.2243));
#9163=CARTESIAN_POINT('',(0.1305,0.004,0.223320204102886));
#9164=CARTESIAN_POINT('',(0.1297,0.01,0.2243));
#9165=CARTESIAN_POINT('',(0.1297,-0.004,0.2243));
#9166=CARTESIAN_POINT('',(0.1307,-0.004,0.2243));
#9167=CARTESIAN_POINT('',(0.1305,-0.004,0.223320204102886));
#9168=CARTESIAN_POINT('',(0.1305,0.01,0.223320204102886));
#9169=CARTESIAN_POINT('',(0.1307,0.01,0.2447));
#9170=CARTESIAN_POINT('',(0.1307,-0.004,0.2447));
#9171=CARTESIAN_POINT('',(0.1305,-0.004,0.245679795897113));
#9172=CARTESIAN_POINT('',(0.1297,-0.004,0.2447));
#9173=CARTESIAN_POINT('',(0.1297,0.01,0.2447));
#9174=CARTESIAN_POINT('',(0.1297,0.004,0.2447));
#9175=CARTESIAN_POINT('',(0.1307,0.004,0.2447));
#9176=CARTESIAN_POINT('',(0.1305,0.004,0.245679795897113));
#9177=CARTESIAN_POINT('',(0.1305,0.01,0.245679795897113));
#9178=CARTESIAN_POINT('',(0.1243,0.01,0.2447));
#9179=CARTESIAN_POINT('',(0.1253,0.01,0.2447));
#9180=CARTESIAN_POINT('',(0.1253,0.004,0.2447));
#9181=CARTESIAN_POINT('',(0.1253,-0.004,0.2447));
#9182=CARTESIAN_POINT('',(0.1243,-0.004,0.2447));
#9183=CARTESIAN_POINT('',(0.1243,-0.004,0.2437));
#9184=CARTESIAN_POINT('',(0.1243,0.01,0.2437));
#9185=CARTESIAN_POINT('',(0.1243,0.004,0.2437));
#9186=CARTESIAN_POINT('',(0.1243,0.004,0.2447));
#9187=CARTESIAN_POINT('',(0.1243,-0.018,0.2243));
#9188=CARTESIAN_POINT('',(0.,0.004,0.2243));
#9189=CARTESIAN_POINT('',(0.1253,0.004,0.2243));
#9190=CARTESIAN_POINT('',(0.1253,0.01,0.2243));
#9191=CARTESIAN_POINT('',(0.1253,-0.004,0.2243));
#9192=CARTESIAN_POINT('',(0.1243,-0.004,0.2243));
#9193=CARTESIAN_POINT('',(0.1243,-0.018,0.0101999999999999));
#9194=CARTESIAN_POINT('',(0.1243,0.004,0.));
#9195=CARTESIAN_POINT('',(0.1243,0.004,0.2253));
#9196=CARTESIAN_POINT('',(0.1243,-0.004,0.2447));
#9197=CARTESIAN_POINT('',(0.1243,-0.004,0.2253));
#9198=CARTESIAN_POINT('',(0.1243,0.01,0.2253));
#9199=CARTESIAN_POINT('',(0.1307,-0.018,0.2447));
#9200=CARTESIAN_POINT('',(0.,0.004,0.2447));
#9201=CARTESIAN_POINT('',(0.1307,-0.004,0.2447));
#9202=CARTESIAN_POINT('',(0.,-0.004,0.));
#9203=CARTESIAN_POINT('',(-0.11775,-0.004,-0.274));
#9204=CARTESIAN_POINT('',(-0.11775,-0.004,-0.283125));
#9205=CARTESIAN_POINT('',(-0.07,-0.004,-0.274));
#9206=CARTESIAN_POINT('',(-0.07,-0.004,-0.283125));
#9207=CARTESIAN_POINT('',(6.7110644593275E-17,-0.004,-0.274));
#9208=CARTESIAN_POINT('',(6.7110644593275E-17,-0.004,-0.283125));
#9209=CARTESIAN_POINT('',(0.07,-0.004,-0.274));
#9210=CARTESIAN_POINT('',(0.07,-0.004,-0.283125));
#9211=CARTESIAN_POINT('',(-0.11775,-0.004,0.274));
#9212=CARTESIAN_POINT('',(-0.11775,-0.004,0.264875));
#9213=CARTESIAN_POINT('',(-0.07,-0.004,0.274));
#9214=CARTESIAN_POINT('',(-0.07,-0.004,0.264875));
#9215=CARTESIAN_POINT('',(0.,-0.004,0.274));
#9216=CARTESIAN_POINT('',(0.,-0.004,0.264875));
#9217=CARTESIAN_POINT('',(0.07,-0.004,0.274));
#9218=CARTESIAN_POINT('',(0.07,-0.004,0.264875));
#9219=CARTESIAN_POINT('',(0.11775,-0.004,-0.274));
#9220=CARTESIAN_POINT('',(0.11775,-0.004,-0.283125));
#9221=CARTESIAN_POINT('',(0.11775,-0.004,0.274));
#9222=CARTESIAN_POINT('',(0.11775,-0.004,0.264875));
#9223=CARTESIAN_POINT('',(-0.1305,-0.004,-0.292));
#9224=CARTESIAN_POINT('',(0.1305,-0.004,0.292));
#9225=CARTESIAN_POINT('',(0.1243,-0.004,-0.2447));
#9226=CARTESIAN_POINT('',(0.1305,-0.004,0.292));
#9227=CARTESIAN_POINT('',(0.1243,-0.004,-0.12745));
#9228=CARTESIAN_POINT('',(0.1305,-0.004,0.292));
#9229=CARTESIAN_POINT('',(0.1243,-0.004,-0.0102000000000001));
#9230=CARTESIAN_POINT('',(0.1305,-0.004,0.292));
#9231=CARTESIAN_POINT('',(0.1243,-0.004,0.10705));
#9232=CARTESIAN_POINT('',(0.1305,-0.004,0.292));
#9233=CARTESIAN_POINT('',(0.1243,-0.004,0.2243));
#9234=CARTESIAN_POINT('',(0.1305,-0.004,0.292));
#9235=CARTESIAN_POINT('',(-0.1305,-0.004,0.292));
#9236=CARTESIAN_POINT('',(-0.1305,-0.004,0.292));
#9237=CARTESIAN_POINT('',(0.,0.004,0.));
#9238=CARTESIAN_POINT('',(0.1305,0.004,0.292));
#9239=CARTESIAN_POINT('',(-0.1305,0.004,-0.292));
#9240=CARTESIAN_POINT('',(-0.1305,0.004,0.292));
#9241=CARTESIAN_POINT('',(-0.1305,0.004,0.292));
#9242=CARTESIAN_POINT('',(0.1305,0.004,0.292));
#9243=CARTESIAN_POINT('',(0.1243,0.004,0.2243));
#9244=CARTESIAN_POINT('',(0.1305,0.004,0.292));
#9245=CARTESIAN_POINT('',(0.1243,0.004,0.10705));
#9246=CARTESIAN_POINT('',(0.1305,0.004,0.292));
#9247=CARTESIAN_POINT('',(0.1243,0.004,-0.0102000000000001));
#9248=CARTESIAN_POINT('',(0.1305,0.004,0.292));
#9249=CARTESIAN_POINT('',(0.1243,0.004,-0.12745));
#9250=CARTESIAN_POINT('',(0.1305,0.004,0.292));
#9251=CARTESIAN_POINT('',(0.1243,0.004,-0.2447));
#9252=CARTESIAN_POINT('',(-0.11775,0.004,-0.274));
#9253=CARTESIAN_POINT('',(-0.11775,0.004,-0.2785));
#9254=CARTESIAN_POINT('',(-0.07,0.004,-0.274));
#9255=CARTESIAN_POINT('',(-0.07,0.004,-0.2785));
#9256=CARTESIAN_POINT('',(6.7110644593275E-17,0.004,-0.274));
#9257=CARTESIAN_POINT('',(6.7110644593275E-17,0.004,-0.2785));
#9258=CARTESIAN_POINT('',(0.07,0.004,-0.274));
#9259=CARTESIAN_POINT('',(0.07,0.004,-0.2785));
#9260=CARTESIAN_POINT('',(-0.11775,0.004,0.274));
#9261=CARTESIAN_POINT('',(-0.11775,0.004,0.2695));
#9262=CARTESIAN_POINT('',(-0.07,0.004,0.274));
#9263=CARTESIAN_POINT('',(-0.07,0.004,0.2695));
#9264=CARTESIAN_POINT('',(0.,0.004,0.274));
#9265=CARTESIAN_POINT('',(0.,0.004,0.2695));
#9266=CARTESIAN_POINT('',(0.07,0.004,0.274));
#9267=CARTESIAN_POINT('',(0.07,0.004,0.2695));
#9268=CARTESIAN_POINT('',(0.11775,0.004,-0.274));
#9269=CARTESIAN_POINT('',(0.11775,0.004,-0.2785));
#9270=CARTESIAN_POINT('',(0.11775,0.004,0.274));
#9271=CARTESIAN_POINT('',(0.11775,0.004,0.2695));
#9272=CARTESIAN_POINT('',(-0.1305,0.004,0.292));
#9273=CARTESIAN_POINT('',(-0.1305,0.004,0.292));
#9274=CARTESIAN_POINT('',(-0.1305,0.004,-0.292));
#9275=CARTESIAN_POINT('',(0.1305,0.004,0.292));
#9276=CARTESIAN_POINT('',(0.1305,0.004,0.292));
#9277=CARTESIAN_POINT('',(0.1305,0.004,0.292));
#9278=CARTESIAN_POINT('',(0.1305,0.004,0.292));
#9279=CARTESIAN_POINT('',(0.1305,0.004,0.292));
#9280=CARTESIAN_POINT('',(0.1305,0.004,0.292));
#9281=CARTESIAN_POINT('',(-0.11775,-0.004,-0.274));
#9282=CARTESIAN_POINT('',(-0.11775,0.000625000000000008,-0.274));
#9283=CARTESIAN_POINT('',(-0.11775,0.000625000000000008,-0.2785));
#9284=CARTESIAN_POINT('',(-0.11775,-0.004,-0.274));
#9285=CARTESIAN_POINT('',(-0.07,-0.004,-0.274));
#9286=CARTESIAN_POINT('',(-0.07,0.000625000000000008,-0.274));
#9287=CARTESIAN_POINT('',(-0.07,0.000625000000000008,-0.2785));
#9288=CARTESIAN_POINT('',(-0.07,-0.004,-0.274));
#9289=CARTESIAN_POINT('',(6.7110644593275E-17,-0.004,-0.274));
#9290=CARTESIAN_POINT('',(6.7110644593275E-17,0.000625000000000008,-0.274));
#9291=CARTESIAN_POINT('',(6.7110644593275E-17,0.000625000000000008,-0.2785));
#9292=CARTESIAN_POINT('',(6.7110644593275E-17,-0.004,-0.274));
#9293=CARTESIAN_POINT('',(0.07,-0.004,-0.274));
#9294=CARTESIAN_POINT('',(0.07,0.000625000000000008,-0.274));
#9295=CARTESIAN_POINT('',(0.07,0.000625000000000008,-0.2785));
#9296=CARTESIAN_POINT('',(0.07,-0.004,-0.274));
#9297=CARTESIAN_POINT('',(-0.11775,-0.004,0.274));
#9298=CARTESIAN_POINT('',(-0.11775,0.000625000000000008,0.274));
#9299=CARTESIAN_POINT('',(-0.11775,0.000625000000000008,0.2695));
#9300=CARTESIAN_POINT('',(-0.11775,-0.004,0.274));
#9301=CARTESIAN_POINT('',(-0.07,-0.004,0.274));
#9302=CARTESIAN_POINT('',(-0.07,0.000625000000000008,0.274));
#9303=CARTESIAN_POINT('',(-0.07,0.000625000000000008,0.2695));
#9304=CARTESIAN_POINT('',(-0.07,-0.004,0.274));
#9305=CARTESIAN_POINT('',(0.,-0.004,0.274));
#9306=CARTESIAN_POINT('',(0.,0.000625000000000008,0.274));
#9307=CARTESIAN_POINT('',(0.,0.000625000000000008,0.2695));
#9308=CARTESIAN_POINT('',(0.,-0.004,0.274));
#9309=CARTESIAN_POINT('',(0.07,-0.004,0.274));
#9310=CARTESIAN_POINT('',(0.07,0.000625000000000008,0.274));
#9311=CARTESIAN_POINT('',(0.07,0.000625000000000008,0.2695));
#9312=CARTESIAN_POINT('',(0.07,-0.004,0.274));
#9313=CARTESIAN_POINT('',(0.11775,-0.004,-0.274));
#9314=CARTESIAN_POINT('',(0.11775,0.000625000000000008,-0.274));
#9315=CARTESIAN_POINT('',(0.11775,0.000625000000000008,-0.2785));
#9316=CARTESIAN_POINT('',(0.11775,-0.004,-0.274));
#9317=CARTESIAN_POINT('',(0.11775,-0.004,0.274));
#9318=CARTESIAN_POINT('',(0.11775,0.000625000000000008,0.274));
#9319=CARTESIAN_POINT('',(0.11775,0.000625000000000008,0.2695));
#9320=CARTESIAN_POINT('',(0.11775,-0.004,0.274));
#9321=CARTESIAN_POINT('',(0.1243,0.01,0.2243));
#9322=CARTESIAN_POINT('',(0.1243,0.01,0.10705));
#9323=CARTESIAN_POINT('',(0.1243,0.01,-0.0102000000000001));
#9324=CARTESIAN_POINT('',(0.1243,0.01,-0.12745));
#9325=CARTESIAN_POINT('',(0.1243,0.01,-0.2447));
#9326=CARTESIAN_POINT('',(0.,0.,0.));
#9327=CARTESIAN_POINT('',(-0.104999999999999,0.0165,0.305));
#9328=CARTESIAN_POINT('',(0.1705,0.0165,-0.055));
#9329=CARTESIAN_POINT('',(0.1705,0.0165,-0.055));
#9330=CARTESIAN_POINT('',(0.1625,0.0165,-0.0550000000000001));
#9331=CARTESIAN_POINT('',(0.1705,0.0165,0.055));
#9332=CARTESIAN_POINT('',(0.1705,0.0165,0.055));
#9333=CARTESIAN_POINT('',(0.1785,0.0165,0.0550000000000001));
#9334=CARTESIAN_POINT('',(0.1705,0.0165,0.055));
#9335=CARTESIAN_POINT('',(0.,0.,0.));
#9336=CARTESIAN_POINT('',(0.1705,0.0165,-0.055));
#9337=CARTESIAN_POINT('',(0.1705,0.0165,-0.055));
#9338=CARTESIAN_POINT('',(0.1785,0.0165,-0.0549999999999999));
#9339=CARTESIAN_POINT('',(0.1555,0.0165,-0.07));
#9340=CARTESIAN_POINT('',(0.1555,0.0165,-0.07));
#9341=CARTESIAN_POINT('',(0.1555,0.0165,-0.062));
#9342=CARTESIAN_POINT('',(0.1555,0.0165,-0.055));
#9343=CARTESIAN_POINT('',(0.,0.,0.));
#9344=CARTESIAN_POINT('',(-2.77555756156289E-17,0.0165,0.274));
#9345=CARTESIAN_POINT('',(0.0695,-0.0525,-0.300875));
#9346=CARTESIAN_POINT('',(0.105,0.0165,-0.305));
#9347=CARTESIAN_POINT('',(-0.0805,-0.0525,0.255));
#9348=CARTESIAN_POINT('',(0.,0.026,0.2515));
#9349=CARTESIAN_POINT('',(0.1245,0.026,0.2515));
#9350=CARTESIAN_POINT('',(0.1245,0.026,0.2545));
#9351=CARTESIAN_POINT('',(0.1245,0.029,0.2515));
#9352=CARTESIAN_POINT('',(0.1245,0.026,0.2545));
#9353=CARTESIAN_POINT('',(0.1305,0.026,0.2545));
#9354=CARTESIAN_POINT('',(0.1305,0.026,0.2515));
#9355=CARTESIAN_POINT('',(0.1305,0.029,0.2515));
#9356=CARTESIAN_POINT('',(0.,0.029,0.2515));
#9357=CARTESIAN_POINT('',(0.,0.026,-0.2515));
#9358=CARTESIAN_POINT('',(0.1305,0.026,-0.2515));
#9359=CARTESIAN_POINT('',(0.1305,0.026,-0.2545));
#9360=CARTESIAN_POINT('',(0.1305,0.029,-0.2515));
#9361=CARTESIAN_POINT('',(0.1245,0.026,-0.2545));
#9362=CARTESIAN_POINT('',(0.1245,0.026,-0.2545));
#9363=CARTESIAN_POINT('',(0.1245,0.026,-0.2515));
#9364=CARTESIAN_POINT('',(0.1245,0.029,-0.2515));
#9365=CARTESIAN_POINT('',(0.,0.029,-0.2515));
#9366=CARTESIAN_POINT('',(6.93889390390723E-18,-0.003,-0.2255));
#9367=CARTESIAN_POINT('',(0.1305,-0.003,-0.2255));
#9368=CARTESIAN_POINT('',(0.1305,-0.003,-0.2245));
#9369=CARTESIAN_POINT('',(0.1305,-0.004,-0.2255));
#9370=CARTESIAN_POINT('',(0.1305,-0.003,-0.2245));
#9371=CARTESIAN_POINT('',(0.1245,-0.003,-0.2245));
#9372=CARTESIAN_POINT('',(0.1245,-0.003,-0.2255));
#9373=CARTESIAN_POINT('',(0.1245,-0.004,-0.2255));
#9374=CARTESIAN_POINT('',(0.1245,-0.004,-0.2255));
#9375=CARTESIAN_POINT('',(0.,-0.003,-0.2435));
#9376=CARTESIAN_POINT('',(0.1245,-0.003,-0.2435));
#9377=CARTESIAN_POINT('',(0.1245,-0.003,-0.2445));
#9378=CARTESIAN_POINT('',(0.1245,-0.004,-0.2435));
#9379=CARTESIAN_POINT('',(0.1245,-0.003,-0.2445));
#9380=CARTESIAN_POINT('',(0.1305,-0.003,-0.2445));
#9381=CARTESIAN_POINT('',(0.1305,-0.003,-0.2435));
#9382=CARTESIAN_POINT('',(0.1305,-0.004,-0.2435));
#9383=CARTESIAN_POINT('',(0.1305,-0.004,-0.2435));
#9384=CARTESIAN_POINT('',(0.,-0.004,0.));
#9385=CARTESIAN_POINT('',(0.1245,-0.004,-0.2245));
#9386=CARTESIAN_POINT('',(0.1305,-0.004,-0.2445));
#9387=CARTESIAN_POINT('',(0.1245,-0.012,-0.2445));
#9388=CARTESIAN_POINT('',(0.1305,-0.012,-0.2445));
#9389=CARTESIAN_POINT('',(0.1305,0.004,-0.2445));
#9390=CARTESIAN_POINT('',(0.1245,-0.012,-0.2445));
#9391=CARTESIAN_POINT('',(0.1245,0.004,-0.2445));
#9392=CARTESIAN_POINT('',(0.1245,0.004,-0.2445));
#9393=CARTESIAN_POINT('',(0.1305,-0.012,-0.2245));
#9394=CARTESIAN_POINT('',(0.1245,-0.012,-0.2245));
#9395=CARTESIAN_POINT('',(0.1245,0.004,-0.2245));
#9396=CARTESIAN_POINT('',(0.1305,-0.012,-0.2245));
#9397=CARTESIAN_POINT('',(0.1305,0.004,-0.2245));
#9398=CARTESIAN_POINT('',(0.1305,0.004,-0.2245));
#9399=CARTESIAN_POINT('',(0.,-0.003,-0.10825));
#9400=CARTESIAN_POINT('',(0.1305,-0.003,-0.10825));
#9401=CARTESIAN_POINT('',(0.1305,-0.003,-0.10725));
#9402=CARTESIAN_POINT('',(0.1305,-0.004,-0.10825));
#9403=CARTESIAN_POINT('',(0.1305,-0.003,-0.10725));
#9404=CARTESIAN_POINT('',(0.1245,-0.003,-0.10725));
#9405=CARTESIAN_POINT('',(0.1245,-0.003,-0.10825));
#9406=CARTESIAN_POINT('',(0.1245,-0.004,-0.10825));
#9407=CARTESIAN_POINT('',(0.1245,-0.004,-0.10825));
#9408=CARTESIAN_POINT('',(6.93889390390723E-18,-0.003,-0.12625));
#9409=CARTESIAN_POINT('',(0.1245,-0.003,-0.12625));
#9410=CARTESIAN_POINT('',(0.1245,-0.003,-0.12725));
#9411=CARTESIAN_POINT('',(0.1245,-0.004,-0.12625));
#9412=CARTESIAN_POINT('',(0.1245,-0.003,-0.12725));
#9413=CARTESIAN_POINT('',(0.1305,-0.003,-0.12725));
#9414=CARTESIAN_POINT('',(0.1305,-0.003,-0.12625));
#9415=CARTESIAN_POINT('',(0.1305,-0.004,-0.12625));
#9416=CARTESIAN_POINT('',(0.1305,-0.004,-0.12625));
#9417=CARTESIAN_POINT('',(0.,-0.004,0.));
#9418=CARTESIAN_POINT('',(0.1245,-0.004,-0.10725));
#9419=CARTESIAN_POINT('',(0.1305,-0.004,-0.12725));
#9420=CARTESIAN_POINT('',(0.1245,-0.012,-0.12725));
#9421=CARTESIAN_POINT('',(0.1305,-0.012,-0.12725));
#9422=CARTESIAN_POINT('',(0.1305,0.004,-0.12725));
#9423=CARTESIAN_POINT('',(0.1245,-0.012,-0.12725));
#9424=CARTESIAN_POINT('',(0.1245,0.004,-0.12725));
#9425=CARTESIAN_POINT('',(0.1245,0.004,-0.12725));
#9426=CARTESIAN_POINT('',(0.1305,-0.012,-0.10725));
#9427=CARTESIAN_POINT('',(0.1245,-0.012,-0.10725));
#9428=CARTESIAN_POINT('',(0.1245,0.004,-0.10725));
#9429=CARTESIAN_POINT('',(0.1305,-0.012,-0.10725));
#9430=CARTESIAN_POINT('',(0.1305,0.004,-0.10725));
#9431=CARTESIAN_POINT('',(0.1305,0.004,-0.10725));
#9432=CARTESIAN_POINT('',(6.93889390390723E-18,-0.003,0.00899999999999987));
#9433=CARTESIAN_POINT('',(0.1305,-0.003,0.00899999999999987));
#9434=CARTESIAN_POINT('',(0.1305,-0.003,0.00999999999999987));
#9435=CARTESIAN_POINT('',(0.1305,-0.004,0.00899999999999987));
#9436=CARTESIAN_POINT('',(0.1305,-0.003,0.00999999999999987));
#9437=CARTESIAN_POINT('',(0.1245,-0.003,0.00999999999999987));
#9438=CARTESIAN_POINT('',(0.1245,-0.003,0.00899999999999987));
#9439=CARTESIAN_POINT('',(0.1245,-0.004,0.00899999999999987));
#9440=CARTESIAN_POINT('',(0.1245,-0.004,0.00899999999999987));
#9441=CARTESIAN_POINT('',(0.,-0.003,-0.00900000000000012));
#9442=CARTESIAN_POINT('',(0.1245,-0.003,-0.00900000000000012));
#9443=CARTESIAN_POINT('',(0.1245,-0.003,-0.0100000000000001));
#9444=CARTESIAN_POINT('',(0.1245,-0.004,-0.00900000000000012));
#9445=CARTESIAN_POINT('',(0.1245,-0.003,-0.0100000000000001));
#9446=CARTESIAN_POINT('',(0.1305,-0.003,-0.0100000000000001));
#9447=CARTESIAN_POINT('',(0.1305,-0.003,-0.00900000000000012));
#9448=CARTESIAN_POINT('',(0.1305,-0.004,-0.00900000000000012));
#9449=CARTESIAN_POINT('',(0.1305,-0.004,-0.00900000000000012));
#9450=CARTESIAN_POINT('',(0.,-0.004,0.));
#9451=CARTESIAN_POINT('',(0.1245,-0.004,0.00999999999999987));
#9452=CARTESIAN_POINT('',(0.1305,-0.004,-0.0100000000000001));
#9453=CARTESIAN_POINT('',(0.1245,-0.012,-0.0100000000000001));
#9454=CARTESIAN_POINT('',(0.1305,-0.012,-0.0100000000000001));
#9455=CARTESIAN_POINT('',(0.1305,0.004,-0.0100000000000001));
#9456=CARTESIAN_POINT('',(0.1245,-0.012,-0.0100000000000001));
#9457=CARTESIAN_POINT('',(0.1245,0.004,-0.0100000000000001));
#9458=CARTESIAN_POINT('',(0.1245,0.004,-0.0100000000000001));
#9459=CARTESIAN_POINT('',(0.1305,-0.012,0.00999999999999987));
#9460=CARTESIAN_POINT('',(0.1245,-0.012,0.00999999999999987));
#9461=CARTESIAN_POINT('',(0.1245,0.004,0.00999999999999987));
#9462=CARTESIAN_POINT('',(0.1305,-0.012,0.00999999999999987));
#9463=CARTESIAN_POINT('',(0.1305,0.004,0.00999999999999987));
#9464=CARTESIAN_POINT('',(0.1305,0.004,0.00999999999999987));
#9465=CARTESIAN_POINT('',(0.,-0.003,0.12625));
#9466=CARTESIAN_POINT('',(0.1305,-0.003,0.12625));
#9467=CARTESIAN_POINT('',(0.1305,-0.003,0.12725));
#9468=CARTESIAN_POINT('',(0.1305,-0.004,0.12625));
#9469=CARTESIAN_POINT('',(0.1305,-0.003,0.12725));
#9470=CARTESIAN_POINT('',(0.1245,-0.003,0.12725));
#9471=CARTESIAN_POINT('',(0.1245,-0.003,0.12625));
#9472=CARTESIAN_POINT('',(0.1245,-0.004,0.12625));
#9473=CARTESIAN_POINT('',(0.1245,-0.004,0.12625));
#9474=CARTESIAN_POINT('',(6.93889390390723E-18,-0.003,0.10825));
#9475=CARTESIAN_POINT('',(0.1245,-0.003,0.10825));
#9476=CARTESIAN_POINT('',(0.1245,-0.003,0.10725));
#9477=CARTESIAN_POINT('',(0.1245,-0.004,0.10825));
#9478=CARTESIAN_POINT('',(0.1245,-0.003,0.10725));
#9479=CARTESIAN_POINT('',(0.1305,-0.003,0.10725));
#9480=CARTESIAN_POINT('',(0.1305,-0.003,0.10825));
#9481=CARTESIAN_POINT('',(0.1305,-0.004,0.10825));
#9482=CARTESIAN_POINT('',(0.1305,-0.004,0.10825));
#9483=CARTESIAN_POINT('',(0.,-0.004,0.));
#9484=CARTESIAN_POINT('',(0.1245,-0.004,0.12725));
#9485=CARTESIAN_POINT('',(0.1305,-0.004,0.10725));
#9486=CARTESIAN_POINT('',(0.1245,-0.012,0.10725));
#9487=CARTESIAN_POINT('',(0.1305,-0.012,0.10725));
#9488=CARTESIAN_POINT('',(0.1305,0.004,0.10725));
#9489=CARTESIAN_POINT('',(0.1245,-0.012,0.10725));
#9490=CARTESIAN_POINT('',(0.1245,0.004,0.10725));
#9491=CARTESIAN_POINT('',(0.1245,0.004,0.10725));
#9492=CARTESIAN_POINT('',(0.1305,-0.012,0.12725));
#9493=CARTESIAN_POINT('',(0.1245,-0.012,0.12725));
#9494=CARTESIAN_POINT('',(0.1245,0.004,0.12725));
#9495=CARTESIAN_POINT('',(0.1305,-0.012,0.12725));
#9496=CARTESIAN_POINT('',(0.1305,0.004,0.12725));
#9497=CARTESIAN_POINT('',(0.1305,0.004,0.12725));
#9498=CARTESIAN_POINT('',(6.93889390390723E-18,-0.003,0.2435));
#9499=CARTESIAN_POINT('',(0.1305,-0.003,0.2435));
#9500=CARTESIAN_POINT('',(0.1305,-0.003,0.2445));
#9501=CARTESIAN_POINT('',(0.1305,-0.004,0.2435));
#9502=CARTESIAN_POINT('',(0.1305,-0.003,0.2445));
#9503=CARTESIAN_POINT('',(0.1245,-0.003,0.2445));
#9504=CARTESIAN_POINT('',(0.1245,-0.003,0.2435));
#9505=CARTESIAN_POINT('',(0.1245,-0.004,0.2435));
#9506=CARTESIAN_POINT('',(0.1245,-0.004,0.2435));
#9507=CARTESIAN_POINT('',(0.,-0.003,0.2255));
#9508=CARTESIAN_POINT('',(0.1245,-0.003,0.2255));
#9509=CARTESIAN_POINT('',(0.1245,-0.003,0.2245));
#9510=CARTESIAN_POINT('',(0.1245,-0.004,0.2255));
#9511=CARTESIAN_POINT('',(0.1245,-0.003,0.2245));
#9512=CARTESIAN_POINT('',(0.1305,-0.003,0.2245));
#9513=CARTESIAN_POINT('',(0.1305,-0.003,0.2255));
#9514=CARTESIAN_POINT('',(0.1305,-0.004,0.2255));
#9515=CARTESIAN_POINT('',(0.1305,-0.004,0.2255));
#9516=CARTESIAN_POINT('',(0.,-0.004,0.));
#9517=CARTESIAN_POINT('',(0.1245,-0.004,0.2445));
#9518=CARTESIAN_POINT('',(0.1305,-0.004,0.2245));
#9519=CARTESIAN_POINT('',(0.1245,-0.012,0.2245));
#9520=CARTESIAN_POINT('',(0.1305,-0.012,0.2245));
#9521=CARTESIAN_POINT('',(0.1305,0.004,0.2245));
#9522=CARTESIAN_POINT('',(0.1245,-0.012,0.2245));
#9523=CARTESIAN_POINT('',(0.1245,0.004,0.2245));
#9524=CARTESIAN_POINT('',(0.1245,0.004,0.2245));
#9525=CARTESIAN_POINT('',(0.1305,-0.012,0.2445));
#9526=CARTESIAN_POINT('',(0.1245,-0.012,0.2445));
#9527=CARTESIAN_POINT('',(0.1245,0.004,0.2445));
#9528=CARTESIAN_POINT('',(0.1305,-0.012,0.2445));
#9529=CARTESIAN_POINT('',(0.1305,0.004,0.2445));
#9530=CARTESIAN_POINT('',(0.1305,0.004,0.2445));
#9531=CARTESIAN_POINT('',(0.,0.004,2.46519032881566E-32));
#9532=CARTESIAN_POINT('',(0.1245,0.004,0.2545));
#9533=CARTESIAN_POINT('',(0.1245,0.004,-0.2545));
#9534=CARTESIAN_POINT('',(0.1245,0.004,-0.2545));
#9535=CARTESIAN_POINT('',(0.1305,0.004,-0.2545));
#9536=CARTESIAN_POINT('',(0.1305,0.004,0.2545));
#9537=CARTESIAN_POINT('',(0.,0.029,2.46519032881566E-32));
#9538=CARTESIAN_POINT('',(0.1305,0.029,0.2545));
#9539=CARTESIAN_POINT('',(0.1245,0.029,0.2545));
#9540=CARTESIAN_POINT('',(0.1245,0.029,0.2545));
#9541=CARTESIAN_POINT('',(0.1305,0.029,0.2545));
#9542=CARTESIAN_POINT('',(0.1305,0.004,0.2545));
#9543=CARTESIAN_POINT('',(0.1245,0.029,0.2545));
#9544=CARTESIAN_POINT('',(0.1245,0.004,0.2545));
#9545=CARTESIAN_POINT('',(0.1245,0.004,0.2545));
#9546=CARTESIAN_POINT('',(0.1245,0.029,0.2545));
#9547=CARTESIAN_POINT('',(0.1245,0.029,-0.2545));
#9548=CARTESIAN_POINT('',(0.1245,0.004,0.2545));
#9549=CARTESIAN_POINT('',(0.1245,0.004,0.2545));
#9550=CARTESIAN_POINT('',(0.1245,0.004,0.2545));
#9551=CARTESIAN_POINT('',(0.1245,0.004,0.2545));
#9552=CARTESIAN_POINT('',(0.1245,0.004,0.2545));
#9553=CARTESIAN_POINT('',(0.1245,0.029,-0.2545));
#9554=CARTESIAN_POINT('',(0.1305,0.029,-0.2545));
#9555=CARTESIAN_POINT('',(0.1305,0.029,0.2545));
#9556=CARTESIAN_POINT('',(0.1305,0.004,0.2545));
#9557=CARTESIAN_POINT('',(0.1305,0.004,0.2545));
#9558=CARTESIAN_POINT('',(0.1305,0.004,0.2545));
#9559=CARTESIAN_POINT('',(0.1305,0.004,0.2545));
#9560=CARTESIAN_POINT('',(0.1305,0.004,0.2545));
#9561=CARTESIAN_POINT('',(0.,0.004,2.46519032881566E-32));
#9562=CARTESIAN_POINT('',(0.,0.004,2.46519032881566E-32));
#9563=CARTESIAN_POINT('',(0.,0.004,2.46519032881566E-32));
#9564=CARTESIAN_POINT('',(0.,0.004,2.46519032881566E-32));
#9565=CARTESIAN_POINT('',(0.,0.004,2.46519032881566E-32));
#9566=CARTESIAN_POINT('',(0.,0.,0.));
#9567=MECHANICAL_DESIGN_GEOMETRIC_PRESENTATION_REPRESENTATION('',(#5481,#5482,#5483,#5484,#5485,#5486,#5487,#5488,#5489,#5490,#5491,#5492,#5493,#5494,#5495,#5496,#5497),#9568);
#9568=(
GEOMETRIC_REPRESENTATION_CONTEXT(3)
GLOBAL_UNCERTAINTY_ASSIGNED_CONTEXT((#9586))
GLOBAL_UNIT_ASSIGNED_CONTEXT((#9606,#9605,#9604))
REPRESENTATION_CONTEXT('120-0007-001-B01 (1)','TOP_LEVEL_ASSEMBLY_PART')
);
#9569=(
GEOMETRIC_REPRESENTATION_CONTEXT(3)
GLOBAL_UNCERTAINTY_ASSIGNED_CONTEXT((#9587))
GLOBAL_UNIT_ASSIGNED_CONTEXT((#9606,#9605,#9604))
REPRESENTATION_CONTEXT('DIN933-M10-VA_M10x25','COMPONENT_PART')
);
#9570=(
GEOMETRIC_REPRESENTATION_CONTEXT(3)
GLOBAL_UNCERTAINTY_ASSIGNED_CONTEXT((#9588))
GLOBAL_UNIT_ASSIGNED_CONTEXT((#9606,#9605,#9604))
REPRESENTATION_CONTEXT('DIN7991-M8-VA_M8x16','COMPONENT_PART')
);
#9571=(
GEOMETRIC_REPRESENTATION_CONTEXT(3)
GLOBAL_UNCERTAINTY_ASSIGNED_CONTEXT((#9589))
GLOBAL_UNIT_ASSIGNED_CONTEXT((#9606,#9605,#9604))
REPRESENTATION_CONTEXT('120-0007-001-009_Standard<Wie bearbeitet>','COMPONENT_PART')
);
#9572=(
GEOMETRIC_REPRESENTATION_CONTEXT(3)
GLOBAL_UNCERTAINTY_ASSIGNED_CONTEXT((#9590))
GLOBAL_UNIT_ASSIGNED_CONTEXT((#9606,#9605,#9604))
REPRESENTATION_CONTEXT('DIN7991-M8-VA_M8x20','COMPONENT_PART')
);
#9573=(
GEOMETRIC_REPRESENTATION_CONTEXT(3)
GLOBAL_UNCERTAINTY_ASSIGNED_CONTEXT((#9591))
GLOBAL_UNIT_ASSIGNED_CONTEXT((#9606,#9605,#9604))
REPRESENTATION_CONTEXT('HA-CO_S-SKVF070-0250-0256-V4A','COMPONENT_PART')
);
#9574=(
GEOMETRIC_REPRESENTATION_CONTEXT(3)
GLOBAL_UNCERTAINTY_ASSIGNED_CONTEXT((#9592))
GLOBAL_UNIT_ASSIGNED_CONTEXT((#9606,#9605,#9604))
REPRESENTATION_CONTEXT('DIN7349-VA_10.5','COMPONENT_PART')
);
#9575=(
GEOMETRIC_REPRESENTATION_CONTEXT(3)
GLOBAL_UNCERTAINTY_ASSIGNED_CONTEXT((#9593))
GLOBAL_UNIT_ASSIGNED_CONTEXT((#9606,#9605,#9604))
REPRESENTATION_CONTEXT('120-0007-001-008-S','COMPONENT_PART')
);
#9576=(
GEOMETRIC_REPRESENTATION_CONTEXT(3)
GLOBAL_UNCERTAINTY_ASSIGNED_CONTEXT((#9594))
GLOBAL_UNIT_ASSIGNED_CONTEXT((#9606,#9605,#9604))
REPRESENTATION_CONTEXT('120-0007-001-009_Standard<Wie bearbeitet>','COMPONENT_PART')
);
#9577=(
GEOMETRIC_REPRESENTATION_CONTEXT(3)
GLOBAL_UNCERTAINTY_ASSIGNED_CONTEXT((#9595))
GLOBAL_UNIT_ASSIGNED_CONTEXT((#9606,#9605,#9604))
REPRESENTATION_CONTEXT('120-0007-001-008','COMPONENT_PART')
);
#9578=(
GEOMETRIC_REPRESENTATION_CONTEXT(3)
GLOBAL_UNCERTAINTY_ASSIGNED_CONTEXT((#9596))
GLOBAL_UNIT_ASSIGNED_CONTEXT((#9606,#9605,#9604))
REPRESENTATION_CONTEXT('120-0007-001-008','COMPONENT_PART')
);
#9579=(
GEOMETRIC_REPRESENTATION_CONTEXT(3)
GLOBAL_UNCERTAINTY_ASSIGNED_CONTEXT((#9597))
GLOBAL_UNIT_ASSIGNED_CONTEXT((#9606,#9605,#9604))
REPRESENTATION_CONTEXT('120-0007-001-008-S','COMPONENT_PART')
);
#9580=(
GEOMETRIC_REPRESENTATION_CONTEXT(3)
GLOBAL_UNCERTAINTY_ASSIGNED_CONTEXT((#9598))
GLOBAL_UNIT_ASSIGNED_CONTEXT((#9606,#9605,#9604))
REPRESENTATION_CONTEXT('120-0007-001-010','COMPONENT_PART')
);
#9581=(
GEOMETRIC_REPRESENTATION_CONTEXT(3)
GLOBAL_UNCERTAINTY_ASSIGNED_CONTEXT((#9599))
GLOBAL_UNIT_ASSIGNED_CONTEXT((#9606,#9605,#9604))
REPRESENTATION_CONTEXT('120-0007-001-009_Standard<Wie bearbeitet>','COMPONENT_PART')
);
#9582=(
GEOMETRIC_REPRESENTATION_CONTEXT(3)
GLOBAL_UNCERTAINTY_ASSIGNED_CONTEXT((#9600))
GLOBAL_UNIT_ASSIGNED_CONTEXT((#9606,#9605,#9604))
REPRESENTATION_CONTEXT('120-0007-001-009_Standard<Wie bearbeitet>','COMPONENT_PART')
);
#9583=(
GEOMETRIC_REPRESENTATION_CONTEXT(3)
GLOBAL_UNCERTAINTY_ASSIGNED_CONTEXT((#9601))
GLOBAL_UNIT_ASSIGNED_CONTEXT((#9606,#9605,#9604))
REPRESENTATION_CONTEXT('120-0007-001-009_Standard<Wie bearbeitet>','COMPONENT_PART')
);
#9584=(
GEOMETRIC_REPRESENTATION_CONTEXT(3)
GLOBAL_UNCERTAINTY_ASSIGNED_CONTEXT((#9602))
GLOBAL_UNIT_ASSIGNED_CONTEXT((#9606,#9605,#9604))
REPRESENTATION_CONTEXT('120-0007-001-009_Standard<Wie bearbeitet>','COMPONENT_PART')
);
#9585=(
GEOMETRIC_REPRESENTATION_CONTEXT(3)
GLOBAL_UNCERTAINTY_ASSIGNED_CONTEXT((#9603))
GLOBAL_UNIT_ASSIGNED_CONTEXT((#9606,#9605,#9604))
REPRESENTATION_CONTEXT('120-0007-001-009_Standard<Wie bearbeitet>','COMPONENT_PART')
);
#9586=UNCERTAINTY_MEASURE_WITH_UNIT(LENGTH_MEASURE(1.E-08),#9606,'DISTANCE_ACCURACY_VALUE','Maximum Tolerance applied to model');
#9587=UNCERTAINTY_MEASURE_WITH_UNIT(LENGTH_MEASURE(2.E-05),#9606,'DISTANCE_ACCURACY_VALUE','Maximum Tolerance applied to model');
#9588=UNCERTAINTY_MEASURE_WITH_UNIT(LENGTH_MEASURE(1.E-06),#9606,'DISTANCE_ACCURACY_VALUE','Maximum Tolerance applied to model');
#9589=UNCERTAINTY_MEASURE_WITH_UNIT(LENGTH_MEASURE(1.E-08),#9606,'DISTANCE_ACCURACY_VALUE','Maximum Tolerance applied to model');
#9590=UNCERTAINTY_MEASURE_WITH_UNIT(LENGTH_MEASURE(1.E-06),#9606,'DISTANCE_ACCURACY_VALUE','Maximum Tolerance applied to model');
#9591=UNCERTAINTY_MEASURE_WITH_UNIT(LENGTH_MEASURE(1.E-06),#9606,'DISTANCE_ACCURACY_VALUE','Maximum Tolerance applied to model');
#9592=UNCERTAINTY_MEASURE_WITH_UNIT(LENGTH_MEASURE(1.E-08),#9606,'DISTANCE_ACCURACY_VALUE','Maximum Tolerance applied to model');
#9593=UNCERTAINTY_MEASURE_WITH_UNIT(LENGTH_MEASURE(1.E-06),#9606,'DISTANCE_ACCURACY_VALUE','Maximum Tolerance applied to model');
#9594=UNCERTAINTY_MEASURE_WITH_UNIT(LENGTH_MEASURE(1.E-08),#9606,'DISTANCE_ACCURACY_VALUE','Maximum Tolerance applied to model');
#9595=UNCERTAINTY_MEASURE_WITH_UNIT(LENGTH_MEASURE(1.E-06),#9606,'DISTANCE_ACCURACY_VALUE','Maximum Tolerance applied to model');
#9596=UNCERTAINTY_MEASURE_WITH_UNIT(LENGTH_MEASURE(1.E-08),#9606,'DISTANCE_ACCURACY_VALUE','Maximum Tolerance applied to model');
#9597=UNCERTAINTY_MEASURE_WITH_UNIT(LENGTH_MEASURE(1.E-08),#9606,'DISTANCE_ACCURACY_VALUE','Maximum Tolerance applied to model');
#9598=UNCERTAINTY_MEASURE_WITH_UNIT(LENGTH_MEASURE(1.E-06),#9606,'DISTANCE_ACCURACY_VALUE','Maximum Tolerance applied to model');
#9599=UNCERTAINTY_MEASURE_WITH_UNIT(LENGTH_MEASURE(1.E-08),#9606,'DISTANCE_ACCURACY_VALUE','Maximum Tolerance applied to model');
#9600=UNCERTAINTY_MEASURE_WITH_UNIT(LENGTH_MEASURE(1.E-06),#9606,'DISTANCE_ACCURACY_VALUE','Maximum Tolerance applied to model');
#9601=UNCERTAINTY_MEASURE_WITH_UNIT(LENGTH_MEASURE(1.E-08),#9606,'DISTANCE_ACCURACY_VALUE','Maximum Tolerance applied to model');
#9602=UNCERTAINTY_MEASURE_WITH_UNIT(LENGTH_MEASURE(1.E-08),#9606,'DISTANCE_ACCURACY_VALUE','Maximum Tolerance applied to model');
#9603=UNCERTAINTY_MEASURE_WITH_UNIT(LENGTH_MEASURE(1.E-06),#9606,'DISTANCE_ACCURACY_VALUE','Maximum Tolerance applied to model');
#9604=(
NAMED_UNIT(*)
SI_UNIT($,.STERADIAN.)
SOLID_ANGLE_UNIT()
);
#9605=(
NAMED_UNIT(*)
PLANE_ANGLE_UNIT()
SI_UNIT($,.RADIAN.)
);
#9606=(
LENGTH_UNIT()
NAMED_UNIT(*)
SI_UNIT($,.METRE.)
);
#9607=PRODUCT_DEFINITION_SHAPE('','',#9698);
#9608=PRODUCT_DEFINITION_SHAPE('','',#9699);
#9609=PRODUCT_DEFINITION_SHAPE(' ','NAUO PRDDFN',#94);
#9610=PRODUCT_DEFINITION_SHAPE('','',#9700);
#9611=PRODUCT_DEFINITION_SHAPE(' ','NAUO PRDDFN',#95);
#9612=PRODUCT_DEFINITION_SHAPE('','',#9701);
#9613=PRODUCT_DEFINITION_SHAPE(' ','NAUO PRDDFN',#96);
#9614=PRODUCT_DEFINITION_SHAPE('','',#9702);
#9615=PRODUCT_DEFINITION_SHAPE(' ','NAUO PRDDFN',#97);
#9616=PRODUCT_DEFINITION_SHAPE(' ','NAUO PRDDFN',#98);
#9617=PRODUCT_DEFINITION_SHAPE(' ','NAUO PRDDFN',#99);
#9618=PRODUCT_DEFINITION_SHAPE(' ','NAUO PRDDFN',#100);
#9619=PRODUCT_DEFINITION_SHAPE(' ','NAUO PRDDFN',#101);
#9620=PRODUCT_DEFINITION_SHAPE(' ','NAUO PRDDFN',#102);
#9621=PRODUCT_DEFINITION_SHAPE(' ','NAUO PRDDFN',#103);
#9622=PRODUCT_DEFINITION_SHAPE('','',#9703);
#9623=PRODUCT_DEFINITION_SHAPE(' ','NAUO PRDDFN',#104);
#9624=PRODUCT_DEFINITION_SHAPE(' ','NAUO PRDDFN',#105);
#9625=PRODUCT_DEFINITION_SHAPE(' ','NAUO PRDDFN',#106);
#9626=PRODUCT_DEFINITION_SHAPE(' ','NAUO PRDDFN',#107);
#9627=PRODUCT_DEFINITION_SHAPE(' ','NAUO PRDDFN',#108);
#9628=PRODUCT_DEFINITION_SHAPE(' ','NAUO PRDDFN',#109);
#9629=PRODUCT_DEFINITION_SHAPE(' ','NAUO PRDDFN',#110);
#9630=PRODUCT_DEFINITION_SHAPE(' ','NAUO PRDDFN',#111);
#9631=PRODUCT_DEFINITION_SHAPE('','',#9704);
#9632=PRODUCT_DEFINITION_SHAPE(' ','NAUO PRDDFN',#112);
#9633=PRODUCT_DEFINITION_SHAPE('','',#9705);
#9634=PRODUCT_DEFINITION_SHAPE(' ','NAUO PRDDFN',#113);
#9635=PRODUCT_DEFINITION_SHAPE(' ','NAUO PRDDFN',#114);
#9636=PRODUCT_DEFINITION_SHAPE(' ','NAUO PRDDFN',#115);
#9637=PRODUCT_DEFINITION_SHAPE(' ','NAUO PRDDFN',#116);
#9638=PRODUCT_DEFINITION_SHAPE(' ','NAUO PRDDFN',#117);
#9639=PRODUCT_DEFINITION_SHAPE('','',#9706);
#9640=PRODUCT_DEFINITION_SHAPE(' ','NAUO PRDDFN',#118);
#9641=PRODUCT_DEFINITION_SHAPE(' ','NAUO PRDDFN',#119);
#9642=PRODUCT_DEFINITION_SHAPE(' ','NAUO PRDDFN',#120);
#9643=PRODUCT_DEFINITION_SHAPE(' ','NAUO PRDDFN',#121);
#9644=PRODUCT_DEFINITION_SHAPE(' ','NAUO PRDDFN',#122);
#9645=PRODUCT_DEFINITION_SHAPE(' ','NAUO PRDDFN',#123);
#9646=PRODUCT_DEFINITION_SHAPE(' ','NAUO PRDDFN',#124);
#9647=PRODUCT_DEFINITION_SHAPE(' ','NAUO PRDDFN',#125);
#9648=PRODUCT_DEFINITION_SHAPE(' ','NAUO PRDDFN',#126);
#9649=PRODUCT_DEFINITION_SHAPE(' ','NAUO PRDDFN',#127);
#9650=PRODUCT_DEFINITION_SHAPE(' ','NAUO PRDDFN',#128);
#9651=PRODUCT_DEFINITION_SHAPE('','',#9707);
#9652=PRODUCT_DEFINITION_SHAPE(' ','NAUO PRDDFN',#129);
#9653=PRODUCT_DEFINITION_SHAPE(' ','NAUO PRDDFN',#130);
#9654=PRODUCT_DEFINITION_SHAPE(' ','NAUO PRDDFN',#131);
#9655=PRODUCT_DEFINITION_SHAPE(' ','NAUO PRDDFN',#132);
#9656=PRODUCT_DEFINITION_SHAPE(' ','NAUO PRDDFN',#133);
#9657=PRODUCT_DEFINITION_SHAPE(' ','NAUO PRDDFN',#134);
#9658=PRODUCT_DEFINITION_SHAPE(' ','NAUO PRDDFN',#135);
#9659=PRODUCT_DEFINITION_SHAPE(' ','NAUO PRDDFN',#136);
#9660=PRODUCT_DEFINITION_SHAPE(' ','NAUO PRDDFN',#137);
#9661=PRODUCT_DEFINITION_SHAPE(' ','NAUO PRDDFN',#138);
#9662=PRODUCT_DEFINITION_SHAPE(' ','NAUO PRDDFN',#139);
#9663=PRODUCT_DEFINITION_SHAPE('','',#9708);
#9664=PRODUCT_DEFINITION_SHAPE(' ','NAUO PRDDFN',#140);
#9665=PRODUCT_DEFINITION_SHAPE('','',#9709);
#9666=PRODUCT_DEFINITION_SHAPE(' ','NAUO PRDDFN',#141);
#9667=PRODUCT_DEFINITION_SHAPE(' ','NAUO PRDDFN',#142);
#9668=PRODUCT_DEFINITION_SHAPE(' ','NAUO PRDDFN',#143);
#9669=PRODUCT_DEFINITION_SHAPE(' ','NAUO PRDDFN',#144);
#9670=PRODUCT_DEFINITION_SHAPE(' ','NAUO PRDDFN',#145);
#9671=PRODUCT_DEFINITION_SHAPE(' ','NAUO PRDDFN',#146);
#9672=PRODUCT_DEFINITION_SHAPE(' ','NAUO PRDDFN',#147);
#9673=PRODUCT_DEFINITION_SHAPE(' ','NAUO PRDDFN',#148);
#9674=PRODUCT_DEFINITION_SHAPE(' ','NAUO PRDDFN',#149);
#9675=PRODUCT_DEFINITION_SHAPE('','',#9710);
#9676=PRODUCT_DEFINITION_SHAPE(' ','NAUO PRDDFN',#150);
#9677=PRODUCT_DEFINITION_SHAPE(' ','NAUO PRDDFN',#151);
#9678=PRODUCT_DEFINITION_SHAPE(' ','NAUO PRDDFN',#152);
#9679=PRODUCT_DEFINITION_SHAPE(' ','NAUO PRDDFN',#153);
#9680=PRODUCT_DEFINITION_SHAPE(' ','NAUO PRDDFN',#154);
#9681=PRODUCT_DEFINITION_SHAPE(' ','NAUO PRDDFN',#155);
#9682=PRODUCT_DEFINITION_SHAPE('','',#9711);
#9683=PRODUCT_DEFINITION_SHAPE(' ','NAUO PRDDFN',#156);
#9684=PRODUCT_DEFINITION_SHAPE(' ','NAUO PRDDFN',#157);
#9685=PRODUCT_DEFINITION_SHAPE('','',#9712);
#9686=PRODUCT_DEFINITION_SHAPE(' ','NAUO PRDDFN',#158);
#9687=PRODUCT_DEFINITION_SHAPE(' ','NAUO PRDDFN',#159);
#9688=PRODUCT_DEFINITION_SHAPE('','',#9713);
#9689=PRODUCT_DEFINITION_SHAPE(' ','NAUO PRDDFN',#160);
#9690=PRODUCT_DEFINITION_SHAPE('','',#9714);
#9691=PRODUCT_DEFINITION_SHAPE(' ','NAUO PRDDFN',#161);
#9692=PRODUCT_DEFINITION_SHAPE(' ','NAUO PRDDFN',#162);
#9693=PRODUCT_DEFINITION_SHAPE(' ','NAUO PRDDFN',#163);
#9694=PRODUCT_DEFINITION_SHAPE(' ','NAUO PRDDFN',#164);
#9695=PRODUCT_DEFINITION_SHAPE(' ','NAUO PRDDFN',#165);
#9696=PRODUCT_DEFINITION_SHAPE('','',#9715);
#9697=PRODUCT_DEFINITION_SHAPE(' ','NAUO PRDDFN',#166);
#9698=PRODUCT_DEFINITION('','',#9734,#9716);
#9699=PRODUCT_DEFINITION('','',#9735,#9717);
#9700=PRODUCT_DEFINITION('','',#9736,#9718);
#9701=PRODUCT_DEFINITION('','',#9737,#9719);
#9702=PRODUCT_DEFINITION('','',#9738,#9720);
#9703=PRODUCT_DEFINITION('','',#9739,#9721);
#9704=PRODUCT_DEFINITION('','',#9740,#9722);
#9705=PRODUCT_DEFINITION('','',#9741,#9723);
#9706=PRODUCT_DEFINITION('','',#9742,#9724);
#9707=PRODUCT_DEFINITION('','',#9743,#9725);
#9708=PRODUCT_DEFINITION('','',#9744,#9726);
#9709=PRODUCT_DEFINITION('','',#9745,#9727);
#9710=PRODUCT_DEFINITION('','',#9746,#9728);
#9711=PRODUCT_DEFINITION('','',#9747,#9729);
#9712=PRODUCT_DEFINITION('','',#9748,#9730);
#9713=PRODUCT_DEFINITION('','',#9749,#9731);
#9714=PRODUCT_DEFINITION('','',#9750,#9732);
#9715=PRODUCT_DEFINITION('','',#9751,#9733);
#9716=PRODUCT_DEFINITION_CONTEXT('',#9825,'design');
#9717=PRODUCT_DEFINITION_CONTEXT('',#9825,'design');
#9718=PRODUCT_DEFINITION_CONTEXT('',#9825,'design');
#9719=PRODUCT_DEFINITION_CONTEXT('',#9825,'design');
#9720=PRODUCT_DEFINITION_CONTEXT('',#9825,'design');
#9721=PRODUCT_DEFINITION_CONTEXT('',#9825,'design');
#9722=PRODUCT_DEFINITION_CONTEXT('',#9825,'design');
#9723=PRODUCT_DEFINITION_CONTEXT('',#9825,'design');
#9724=PRODUCT_DEFINITION_CONTEXT('',#9825,'design');
#9725=PRODUCT_DEFINITION_CONTEXT('',#9825,'design');
#9726=PRODUCT_DEFINITION_CONTEXT('',#9825,'design');
#9727=PRODUCT_DEFINITION_CONTEXT('',#9825,'design');
#9728=PRODUCT_DEFINITION_CONTEXT('',#9825,'design');
#9729=PRODUCT_DEFINITION_CONTEXT('',#9825,'design');
#9730=PRODUCT_DEFINITION_CONTEXT('',#9825,'design');
#9731=PRODUCT_DEFINITION_CONTEXT('',#9825,'design');
#9732=PRODUCT_DEFINITION_CONTEXT('',#9825,'design');
#9733=PRODUCT_DEFINITION_CONTEXT('',#9825,'design');
#9734=PRODUCT_DEFINITION_FORMATION_WITH_SPECIFIED_SOURCE('','',#9770,.NOT_KNOWN.);
#9735=PRODUCT_DEFINITION_FORMATION_WITH_SPECIFIED_SOURCE('','',#9771,.NOT_KNOWN.);
#9736=PRODUCT_DEFINITION_FORMATION_WITH_SPECIFIED_SOURCE('','',#9772,.NOT_KNOWN.);
#9737=PRODUCT_DEFINITION_FORMATION_WITH_SPECIFIED_SOURCE('','',#9773,.NOT_KNOWN.);
#9738=PRODUCT_DEFINITION_FORMATION_WITH_SPECIFIED_SOURCE('','',#9774,.NOT_KNOWN.);
#9739=PRODUCT_DEFINITION_FORMATION_WITH_SPECIFIED_SOURCE('','',#9775,.NOT_KNOWN.);
#9740=PRODUCT_DEFINITION_FORMATION_WITH_SPECIFIED_SOURCE('','',#9776,.NOT_KNOWN.);
#9741=PRODUCT_DEFINITION_FORMATION_WITH_SPECIFIED_SOURCE('','',#9777,.NOT_KNOWN.);
#9742=PRODUCT_DEFINITION_FORMATION_WITH_SPECIFIED_SOURCE('','',#9778,.NOT_KNOWN.);
#9743=PRODUCT_DEFINITION_FORMATION_WITH_SPECIFIED_SOURCE('','',#9779,.NOT_KNOWN.);
#9744=PRODUCT_DEFINITION_FORMATION_WITH_SPECIFIED_SOURCE('','',#9780,.NOT_KNOWN.);
#9745=PRODUCT_DEFINITION_FORMATION_WITH_SPECIFIED_SOURCE('','',#9781,.NOT_KNOWN.);
#9746=PRODUCT_DEFINITION_FORMATION_WITH_SPECIFIED_SOURCE('','',#9782,.NOT_KNOWN.);
#9747=PRODUCT_DEFINITION_FORMATION_WITH_SPECIFIED_SOURCE('','',#9783,.NOT_KNOWN.);
#9748=PRODUCT_DEFINITION_FORMATION_WITH_SPECIFIED_SOURCE('','',#9784,.NOT_KNOWN.);
#9749=PRODUCT_DEFINITION_FORMATION_WITH_SPECIFIED_SOURCE('','',#9785,.NOT_KNOWN.);
#9750=PRODUCT_DEFINITION_FORMATION_WITH_SPECIFIED_SOURCE('','',#9786,.NOT_KNOWN.);
#9751=PRODUCT_DEFINITION_FORMATION_WITH_SPECIFIED_SOURCE('','',#9787,.NOT_KNOWN.);
#9752=PRODUCT_RELATED_PRODUCT_CATEGORY('','',(#9770));
#9753=PRODUCT_RELATED_PRODUCT_CATEGORY('','',(#9771));
#9754=PRODUCT_RELATED_PRODUCT_CATEGORY('','',(#9772));
#9755=PRODUCT_RELATED_PRODUCT_CATEGORY('','',(#9773));
#9756=PRODUCT_RELATED_PRODUCT_CATEGORY('','',(#9774));
#9757=PRODUCT_RELATED_PRODUCT_CATEGORY('','',(#9775));
#9758=PRODUCT_RELATED_PRODUCT_CATEGORY('','',(#9776));
#9759=PRODUCT_RELATED_PRODUCT_CATEGORY('','',(#9777));
#9760=PRODUCT_RELATED_PRODUCT_CATEGORY('','',(#9778));
#9761=PRODUCT_RELATED_PRODUCT_CATEGORY('','',(#9779));
#9762=PRODUCT_RELATED_PRODUCT_CATEGORY('','',(#9780));
#9763=PRODUCT_RELATED_PRODUCT_CATEGORY('','',(#9781));
#9764=PRODUCT_RELATED_PRODUCT_CATEGORY('','',(#9782));
#9765=PRODUCT_RELATED_PRODUCT_CATEGORY('','',(#9783));
#9766=PRODUCT_RELATED_PRODUCT_CATEGORY('','',(#9784));
#9767=PRODUCT_RELATED_PRODUCT_CATEGORY('','',(#9785));
#9768=PRODUCT_RELATED_PRODUCT_CATEGORY('','',(#9786));
#9769=PRODUCT_RELATED_PRODUCT_CATEGORY('','',(#9787));
#9770=PRODUCT('120-0007-001-B01 (1)','120-0007-001-B01 (1)','120-0007-001-B01 (1)',(#9806));
#9771=PRODUCT('DIN933-M10-VA_M10x25','DIN933-M10-VA_M10x25','DIN933-M10-VA_M10x25',(#9807));
#9772=PRODUCT('DIN7991-M8-VA_M8x16','DIN7991-M8-VA_M8x16','DIN7991-M8-VA_M8x16',(#9808));
#9773=PRODUCT('120-0007-001-009_Standard<Wie bearbeitet>','120-0007-001-009_Standard<Wie bearbeitet>','120-0007-001-009_Standard<Wie bearbeitet>',(#9809));
#9774=PRODUCT('DIN7991-M8-VA_M8x20','DIN7991-M8-VA_M8x20','DIN7991-M8-VA_M8x20',(#9810));
#9775=PRODUCT('HA-CO_S-SKVF070-0250-0256-V4A','HA-CO_S-SKVF070-0250-0256-V4A','HA-CO_S-SKVF070-0250-0256-V4A',(#9811));
#9776=PRODUCT('DIN7349-VA_10.5','DIN7349-VA_10.5','DIN7349-VA_10.5',(#9812));
#9777=PRODUCT('120-0007-001-008-S','120-0007-001-008-S','120-0007-001-008-S',(#9813));
#9778=PRODUCT('120-0007-001-009_Standard<Wie bearbeitet>','120-0007-001-009_Standard<Wie bearbeitet>','120-0007-001-009_Standard<Wie bearbeitet>',(#9814));
#9779=PRODUCT('120-0007-001-008','120-0007-001-008','120-0007-001-008',(#9815));
#9780=PRODUCT('120-0007-001-008','120-0007-001-008','120-0007-001-008',(#9816));
#9781=PRODUCT('120-0007-001-008-S','120-0007-001-008-S','120-0007-001-008-S',(#9817));
#9782=PRODUCT('120-0007-001-010','120-0007-001-010','120-0007-001-010',(#9818));
#9783=PRODUCT('120-0007-001-009_Standard<Wie bearbeitet>','120-0007-001-009_Standard<Wie bearbeitet>','120-0007-001-009_Standard<Wie bearbeitet>',(#9819));
#9784=PRODUCT('120-0007-001-009_Standard<Wie bearbeitet>','120-0007-001-009_Standard<Wie bearbeitet>','120-0007-001-009_Standard<Wie bearbeitet>',(#9820));
#9785=PRODUCT('120-0007-001-009_Standard<Wie bearbeitet>','120-0007-001-009_Standard<Wie bearbeitet>','120-0007-001-009_Standard<Wie bearbeitet>',(#9821));
#9786=PRODUCT('120-0007-001-009_Standard<Wie bearbeitet>','120-0007-001-009_Standard<Wie bearbeitet>','120-0007-001-009_Standard<Wie bearbeitet>',(#9822));
#9787=PRODUCT('120-0007-001-009_Standard<Wie bearbeitet>','120-0007-001-009_Standard<Wie bearbeitet>','120-0007-001-009_Standard<Wie bearbeitet>',(#9823));
#9788=PRODUCT_CATEGORY('','');
#9789=PRODUCT_CATEGORY('','');
#9790=PRODUCT_CATEGORY('','');
#9791=PRODUCT_CATEGORY('','');
#9792=PRODUCT_CATEGORY('','');
#9793=PRODUCT_CATEGORY('','');
#9794=PRODUCT_CATEGORY('','');
#9795=PRODUCT_CATEGORY('','');
#9796=PRODUCT_CATEGORY('','');
#9797=PRODUCT_CATEGORY('','');
#9798=PRODUCT_CATEGORY('','');
#9799=PRODUCT_CATEGORY('','');
#9800=PRODUCT_CATEGORY('','');
#9801=PRODUCT_CATEGORY('','');
#9802=PRODUCT_CATEGORY('','');
#9803=PRODUCT_CATEGORY('','');
#9804=PRODUCT_CATEGORY('','');
#9805=PRODUCT_CATEGORY('','');
#9806=PRODUCT_CONTEXT('',#9825,'mechanical');
#9807=PRODUCT_CONTEXT('',#9825,'mechanical');
#9808=PRODUCT_CONTEXT('',#9825,'mechanical');
#9809=PRODUCT_CONTEXT('',#9825,'mechanical');
#9810=PRODUCT_CONTEXT('',#9825,'mechanical');
#9811=PRODUCT_CONTEXT('',#9825,'mechanical');
#9812=PRODUCT_CONTEXT('',#9825,'mechanical');
#9813=PRODUCT_CONTEXT('',#9825,'mechanical');
#9814=PRODUCT_CONTEXT('',#9825,'mechanical');
#9815=PRODUCT_CONTEXT('',#9825,'mechanical');
#9816=PRODUCT_CONTEXT('',#9825,'mechanical');
#9817=PRODUCT_CONTEXT('',#9825,'mechanical');
#9818=PRODUCT_CONTEXT('',#9825,'mechanical');
#9819=PRODUCT_CONTEXT('',#9825,'mechanical');
#9820=PRODUCT_CONTEXT('',#9825,'mechanical');
#9821=PRODUCT_CONTEXT('',#9825,'mechanical');
#9822=PRODUCT_CONTEXT('',#9825,'mechanical');
#9823=PRODUCT_CONTEXT('',#9825,'mechanical');
#9824=APPLICATION_PROTOCOL_DEFINITION('international standard','ap242_managed_model_based_3d_engineering',2020,#9825);
#9825=APPLICATION_CONTEXT('managed model based 3d engineering');
ENDSEC;
END-ISO-10303-21;
