ISO-10303-21;
HEADER;
/*Generated by software containing ST-Developer
 * from STEP Tools, Inc. (www.steptools.com) 
 */
/*OPTION: using custom renumber hook */
/*description */
/*implementation_level */
FILE_DESCRIPTION(('STEP AP242 Edition 2','STEP AP242 Edition 2''CAx-IF Rec.Pracs.---Representation and Presentation of Product Manufa
cturing Information (PMI)---4.0---2014-10-13','STEP AP242 Edition 2''CAx-IF Rec.Pracs.---Representation and Presentation of Product Manufa
cturing Information (PMI)---4.0---2014-10-13''CAx-IF Rec.Pracs.---3D Tessellated Geometry---0.4---2014-09-14','STEP AP242 Edition 2''CAx-IF Rec.Pracs.---Representation and Presentation of Product Manufa
cturing Information (PMI)---4.0---2014-10-13''CAx-IF Rec.Pracs.---3D Tessellated Geometry---0.4---2014-09-14''2;1','STEP AP242 Edition 2''CAx-IF Rec.Pracs.---Representation and Presentation of Product Manufa
cturing Information (PMI)---4.0---2014-10-13''CAx-IF Rec.Pracs.---3D Tessellated Geometry---0.4---2014-09-14''2;1''CAx-IF Rec.Pracs.---User Defined Attributes---1.5---2016-08-15'),'2;1');
/*name */
/*time_stamp */
/*author */
/*organization */
/*preprocessor_version */
/*originating_system */
/*authorisation */
FILE_NAME('/vol/tmp/translate-14016047804248154787/69ac35de7b366b37381e757b.step','2026-03-07T14:27:43',(''),(''),'ST-DEVELOPER v20','ONSHAPE BY PTC INC, 1.211','  ');
FILE_SCHEMA(('AP242_MANAGED_MODEL_BASED_3D_ENGINEERING_MIM_LF { 1 0 10303 442 3 1 4 }'));
ENDSEC;
DATA;
#10=B_SPLINE_CURVE_WITH_KNOTS('',3,(#3387,#3388,#3389,#3390),.UNSPECIFIED.,.F.,.F.,(4,4),(0.,0.00379741744875324),.UNSPECIFIED.);
#11=B_SPLINE_CURVE_WITH_KNOTS('',3,(#3392,#3393,#3394,#3395),.UNSPECIFIED.,.F.,.F.,(4,4),(1.94353780324432E-19,0.00379741744875323),.UNSPECIFIED.);
#12=B_SPLINE_CURVE_WITH_KNOTS('',3,(#3399,#3400,#3401,#3402),.UNSPECIFIED.,.F.,.F.,(4,4),(1.55364922928637E-16,0.00379741744875354),.UNSPECIFIED.);
#13=B_SPLINE_CURVE_WITH_KNOTS('',3,(#3404,#3405,#3406,#3407),.UNSPECIFIED.,.F.,.F.,(4,4),(0.,0.00379741744875317),.UNSPECIFIED.);
#14=B_SPLINE_CURVE_WITH_KNOTS('',3,(#3411,#3412,#3413,#3414),.UNSPECIFIED.,.F.,.F.,(4,4),(1.40044053322165E-20,0.00379741744875323),.UNSPECIFIED.);
#15=B_SPLINE_CURVE_WITH_KNOTS('',3,(#3416,#3417,#3418,#3419),.UNSPECIFIED.,.F.,.F.,(4,4),(0.,0.00379741744875323),.UNSPECIFIED.);
#16=B_SPLINE_CURVE_WITH_KNOTS('',3,(#3423,#3424,#3425,#3426),.UNSPECIFIED.,.F.,.F.,(4,4),(0.,0.00379741733864947),.UNSPECIFIED.);
#17=B_SPLINE_CURVE_WITH_KNOTS('',3,(#3428,#3429,#3430,#3431),.UNSPECIFIED.,.F.,.F.,(4,4),(4.93570516998302E-19,0.00379741733873887),.UNSPECIFIED.);
#18=B_SPLINE_CURVE_WITH_KNOTS('',3,(#3435,#3436,#3437,#3438),.UNSPECIFIED.,.F.,.F.,(4,4),(0.,0.00379741733864931),.UNSPECIFIED.);
#19=B_SPLINE_CURVE_WITH_KNOTS('',3,(#3440,#3441,#3442,#3443),.UNSPECIFIED.,.F.,.F.,(4,4),(0.,0.00379741733873894),.UNSPECIFIED.);
#20=B_SPLINE_CURVE_WITH_KNOTS('',3,(#3445,#3446,#3447,#3448),.UNSPECIFIED.,.F.,.F.,(4,4),(0.,0.00379741733864957),.UNSPECIFIED.);
#21=B_SPLINE_CURVE_WITH_KNOTS('',3,(#3451,#3452,#3453,#3454),.UNSPECIFIED.,.F.,.F.,(4,4),(0.,0.00379741733873884),.UNSPECIFIED.);
#22=B_SPLINE_CURVE_WITH_KNOTS('',3,(#3458,#3459,#3460,#3461),.UNSPECIFIED.,.F.,.F.,(4,4),(0.,0.00379741733864964),.UNSPECIFIED.);
#23=B_SPLINE_CURVE_WITH_KNOTS('',3,(#3463,#3464,#3465,#3466),.UNSPECIFIED.,.F.,.F.,(4,4),(0.,0.00379741733873881),.UNSPECIFIED.);
#24=B_SPLINE_CURVE_WITH_KNOTS('',3,(#3470,#3471,#3472,#3473),.UNSPECIFIED.,.F.,.F.,(4,4),(0.,0.00379741744875323),.UNSPECIFIED.);
#25=B_SPLINE_CURVE_WITH_KNOTS('',3,(#3475,#3476,#3477,#3478),.UNSPECIFIED.,.F.,.F.,(4,4),(1.30901442877407E-19,0.00379741744875323),.UNSPECIFIED.);
#26=B_SPLINE_CURVE_WITH_KNOTS('',3,(#3482,#3483,#3484,#3485),.UNSPECIFIED.,.F.,.F.,(4,4),(0.,0.00379741744875304),.UNSPECIFIED.);
#27=B_SPLINE_CURVE_WITH_KNOTS('',3,(#3487,#3488,#3489,#3490),.UNSPECIFIED.,.F.,.F.,(4,4),(9.611389579397E-17,0.00379741744875354),.UNSPECIFIED.);
#28=B_SPLINE_CURVE_WITH_KNOTS('',3,(#3494,#3495,#3496,#3497),.UNSPECIFIED.,.F.,.F.,(4,4),(5.83061340973297E-19,0.00379741744875323),.UNSPECIFIED.);
#29=B_SPLINE_CURVE_WITH_KNOTS('',3,(#3499,#3500,#3501,#3502),.UNSPECIFIED.,.F.,.F.,(4,4),(0.,0.00379741744875324),.UNSPECIFIED.);
#30=B_SPLINE_CURVE_WITH_KNOTS('',3,(#3511,#3512,#3513,#3514),.UNSPECIFIED.,.F.,.F.,(4,4),(0.,0.00379741744875323),.UNSPECIFIED.);
#31=B_SPLINE_CURVE_WITH_KNOTS('',3,(#3518,#3519,#3520,#3521),.UNSPECIFIED.,.F.,.F.,(4,4),(0.,0.00379741744875323),.UNSPECIFIED.);
#32=B_SPLINE_CURVE_WITH_KNOTS('',3,(#3531,#3532,#3533,#3534),.UNSPECIFIED.,.F.,.F.,(4,4),(1.72705164193883E-19,0.00379741744875323),.UNSPECIFIED.);
#33=B_SPLINE_CURVE_WITH_KNOTS('',3,(#3535,#3536,#3537,#3538),.UNSPECIFIED.,.F.,.F.,(4,4),(9.05991555054215E-20,0.00379741744875323),.UNSPECIFIED.);
#34=B_SPLINE_CURVE_WITH_KNOTS('',3,(#3561,#3562,#3563,#3564),.UNSPECIFIED.,.F.,.F.,(4,4),(0.,0.00379741733864957),.UNSPECIFIED.);
#35=B_SPLINE_CURVE_WITH_KNOTS('',3,(#3566,#3567,#3568,#3569),.UNSPECIFIED.,.F.,.F.,(4,4),(0.,0.00379741733873884),.UNSPECIFIED.);
#36=B_SPLINE_CURVE_WITH_KNOTS('',3,(#3571,#3572,#3573,#3574),.UNSPECIFIED.,.F.,.F.,(4,4),(0.,0.00379741733864964),.UNSPECIFIED.);
#37=B_SPLINE_CURVE_WITH_KNOTS('',3,(#3576,#3577,#3578,#3579),.UNSPECIFIED.,.F.,.F.,(4,4),(0.,0.00379741733873881),.UNSPECIFIED.);
#38=B_SPLINE_CURVE_WITH_KNOTS('',3,(#3581,#3582,#3583,#3584),.UNSPECIFIED.,.F.,.F.,(4,4),(0.,0.00379741744875323),.UNSPECIFIED.);
#39=B_SPLINE_CURVE_WITH_KNOTS('',3,(#3586,#3587,#3588,#3589),.UNSPECIFIED.,.F.,.F.,(4,4),(4.14567341373566E-20,0.00379741744875323),.UNSPECIFIED.);
#40=B_SPLINE_CURVE_WITH_KNOTS('',3,(#3591,#3592,#3593,#3594),.UNSPECIFIED.,.F.,.F.,(4,4),(0.,0.00379741732514127),.UNSPECIFIED.);
#41=B_SPLINE_CURVE_WITH_KNOTS('',3,(#3596,#3597,#3598,#3599),.UNSPECIFIED.,.F.,.F.,(4,4),(0.,0.00379741733273577),.UNSPECIFIED.);
#42=B_SPLINE_CURVE_WITH_KNOTS('',3,(#3601,#3602,#3603,#3604),.UNSPECIFIED.,.F.,.F.,(4,4),(5.05676697696986E-19,0.00379741733864929),.UNSPECIFIED.);
#43=B_SPLINE_CURVE_WITH_KNOTS('',3,(#3606,#3607,#3608,#3609),.UNSPECIFIED.,.F.,.F.,(4,4),(0.,0.00379741733873895),.UNSPECIFIED.);
#44=B_SPLINE_CURVE_WITH_KNOTS('',3,(#3632,#3633,#3634,#3635),.UNSPECIFIED.,.F.,.F.,(4,4),(0.,0.00379741744875323),.UNSPECIFIED.);
#45=B_SPLINE_CURVE_WITH_KNOTS('',3,(#3645,#3646,#3647,#3648),.UNSPECIFIED.,.F.,.F.,(4,4),(4.65281772428348E-19,0.00379741744875324),.UNSPECIFIED.);
#46=B_SPLINE_CURVE_WITH_KNOTS('',3,(#3746,#3747,#3748,#3749),.UNSPECIFIED.,.F.,.F.,(4,4),(5.13138124274734E-18,0.00379741733864961),.UNSPECIFIED.);
#47=B_SPLINE_CURVE_WITH_KNOTS('',3,(#3751,#3752,#3753,#3754),.UNSPECIFIED.,.F.,.F.,(4,4),(0.,0.00379741733873879),.UNSPECIFIED.);
#48=B_SPLINE_CURVE_WITH_KNOTS('',3,(#3756,#3757,#3758,#3759),.UNSPECIFIED.,.F.,.F.,(4,4),(0.,0.00379741733864958),.UNSPECIFIED.);
#49=B_SPLINE_CURVE_WITH_KNOTS('',3,(#3761,#3762,#3763,#3764),.UNSPECIFIED.,.F.,.F.,(4,4),(0.,0.00379741733873884),.UNSPECIFIED.);
#50=B_SPLINE_CURVE_WITH_KNOTS('',3,(#3766,#3767,#3768,#3769),.UNSPECIFIED.,.F.,.F.,(4,4),(1.95925862306263E-17,0.00379741744875322),.UNSPECIFIED.);
#51=B_SPLINE_CURVE_WITH_KNOTS('',3,(#3771,#3772,#3773,#3774),.UNSPECIFIED.,.F.,.F.,(4,4),(1.80020666918049E-17,0.00379741744875323),.UNSPECIFIED.);
#52=B_SPLINE_CURVE_WITH_KNOTS('',3,(#3776,#3777,#3778,#3779),.UNSPECIFIED.,.F.,.F.,(4,4),(5.13138124274734E-18,0.00379741732514127),.UNSPECIFIED.);
#53=B_SPLINE_CURVE_WITH_KNOTS('',3,(#3781,#3782,#3783,#3784),.UNSPECIFIED.,.F.,.F.,(4,4),(0.,0.00379741733273578),.UNSPECIFIED.);
#54=B_SPLINE_CURVE_WITH_KNOTS('',3,(#3786,#3787,#3788,#3789),.UNSPECIFIED.,.F.,.F.,(4,4),(0.,0.00379741732514133),.UNSPECIFIED.);
#55=B_SPLINE_CURVE_WITH_KNOTS('',3,(#3791,#3792,#3793,#3794),.UNSPECIFIED.,.F.,.F.,(4,4),(0.,0.00379741733273567),.UNSPECIFIED.);
#56=B_SPLINE_CURVE_WITH_KNOTS('',3,(#3817,#3818,#3819,#3820),.UNSPECIFIED.,.F.,.F.,(4,4),(9.89894989807231E-18,0.00379741744875321),.UNSPECIFIED.);
#57=B_SPLINE_CURVE_WITH_KNOTS('',3,(#3830,#3831,#3832,#3833),.UNSPECIFIED.,.F.,.F.,(4,4),(3.29055129032227E-17,0.00379741744875323),.UNSPECIFIED.);
#58=CONICAL_SURFACE('',#2344,0.0065,1.0471975511966);
#59=CONICAL_SURFACE('',#2346,0.0065,1.0471975511966);
#60=CONICAL_SURFACE('',#2348,0.0065,1.0471975511966);
#61=CONICAL_SURFACE('',#2350,0.0065,1.0471975511966);
#62=CONICAL_SURFACE('',#2352,0.0065,1.0471975511966);
#63=CONICAL_SURFACE('',#2354,0.0065,1.0471975511966);
#64=CONICAL_SURFACE('',#2356,0.0065,1.0471975511966);
#65=CONICAL_SURFACE('',#2358,0.0065,1.0471975511966);
#66=CONICAL_SURFACE('',#2360,0.0065,1.0471975511966);
#67=CONICAL_SURFACE('',#2362,0.0065,1.0471975511966);
#68=CONICAL_SURFACE('',#2377,0.0065,1.0471975511966);
#69=CONICAL_SURFACE('',#2378,0.0065,1.0471975511966);
#70=CONICAL_SURFACE('',#2387,0.0065,1.0471975511966);
#71=CONICAL_SURFACE('',#2388,0.0065,1.0471975511966);
#72=CONICAL_SURFACE('',#2389,0.0065,1.0471975511966);
#73=CONICAL_SURFACE('',#2390,0.0065,1.0471975511966);
#74=CONICAL_SURFACE('',#2391,0.0065,1.0471975511966);
#75=CONICAL_SURFACE('',#2404,0.0065,1.0471975511966);
#76=CONICAL_SURFACE('',#2405,0.0035,0.785398163397445);
#77=CONICAL_SURFACE('',#2451,0.0065,1.0471975511966);
#78=CONICAL_SURFACE('',#2452,0.0065,1.0471975511966);
#79=CONICAL_SURFACE('',#2453,0.0065,1.0471975511966);
#80=CONICAL_SURFACE('',#2454,0.0065,1.0471975511966);
#81=CONICAL_SURFACE('',#2455,0.0065,1.0471975511966);
#82=CONICAL_SURFACE('',#2468,0.0065,1.0471975511966);
#83=CONICAL_SURFACE('',#2469,0.0035,0.785398163397455);
#84=ELLIPSE('',#2268,0.00424264068711929,0.003);
#85=ELLIPSE('',#2269,0.00424264068711929,0.003);
#86=ELLIPSE('',#2278,0.00424264068711929,0.003);
#87=ELLIPSE('',#2279,0.00424264068711929,0.003);
#88=ELLIPSE('',#2289,0.00424264068711929,0.003);
#89=ELLIPSE('',#2290,0.00424264068711929,0.003);
#90=ELLIPSE('',#2299,0.00424264068711929,0.003);
#91=ELLIPSE('',#2300,0.00424264068711929,0.003);
#92=ELLIPSE('',#2316,0.00424264068711929,0.003);
#93=ELLIPSE('',#2317,0.00424264068711929,0.003);
#94=ELLIPSE('',#2326,0.00424264068711929,0.003);
#95=ELLIPSE('',#2327,0.00424264068711929,0.003);
#96=ELLIPSE('',#2416,0.00424264068711929,0.003);
#97=ELLIPSE('',#2417,0.00424264068711929,0.003);
#98=ELLIPSE('',#2426,0.00424264068711929,0.003);
#99=ELLIPSE('',#2427,0.00424264068711929,0.003);
#100=LINE('',#3124,#226);
#101=LINE('',#3128,#227);
#102=LINE('',#3133,#228);
#103=LINE('',#3137,#229);
#104=LINE('',#3142,#230);
#105=LINE('',#3146,#231);
#106=LINE('',#3151,#232);
#107=LINE('',#3155,#233);
#108=LINE('',#3157,#234);
#109=LINE('',#3158,#235);
#110=LINE('',#3159,#236);
#111=LINE('',#3160,#237);
#112=LINE('',#3164,#238);
#113=LINE('',#3165,#239);
#114=LINE('',#3166,#240);
#115=LINE('',#3167,#241);
#116=LINE('',#3179,#242);
#117=LINE('',#3184,#243);
#118=LINE('',#3188,#244);
#119=LINE('',#3190,#245);
#120=LINE('',#3192,#246);
#121=LINE('',#3198,#247);
#122=LINE('',#3200,#248);
#123=LINE('',#3202,#249);
#124=LINE('',#3204,#250);
#125=LINE('',#3206,#251);
#126=LINE('',#3208,#252);
#127=LINE('',#3216,#253);
#128=LINE('',#3220,#254);
#129=LINE('',#3222,#255);
#130=LINE('',#3224,#256);
#131=LINE('',#3226,#257);
#132=LINE('',#3228,#258);
#133=LINE('',#3230,#259);
#134=LINE('',#3232,#260);
#135=LINE('',#3233,#261);
#136=LINE('',#3240,#262);
#137=LINE('',#3245,#263);
#138=LINE('',#3249,#264);
#139=LINE('',#3252,#265);
#140=LINE('',#3253,#266);
#141=LINE('',#3259,#267);
#142=LINE('',#3262,#268);
#143=LINE('',#3263,#269);
#144=LINE('',#3265,#270);
#145=LINE('',#3268,#271);
#146=LINE('',#3269,#272);
#147=LINE('',#3275,#273);
#148=LINE('',#3281,#274);
#149=LINE('',#3284,#275);
#150=LINE('',#3285,#276);
#151=LINE('',#3291,#277);
#152=LINE('',#3294,#278);
#153=LINE('',#3295,#279);
#154=LINE('',#3297,#280);
#155=LINE('',#3298,#281);
#156=LINE('',#3311,#282);
#157=LINE('',#3316,#283);
#158=LINE('',#3320,#284);
#159=LINE('',#3323,#285);
#160=LINE('',#3324,#286);
#161=LINE('',#3330,#287);
#162=LINE('',#3333,#288);
#163=LINE('',#3334,#289);
#164=LINE('',#3336,#290);
#165=LINE('',#3339,#291);
#166=LINE('',#3340,#292);
#167=LINE('',#3346,#293);
#168=LINE('',#3352,#294);
#169=LINE('',#3355,#295);
#170=LINE('',#3356,#296);
#171=LINE('',#3362,#297);
#172=LINE('',#3365,#298);
#173=LINE('',#3366,#299);
#174=LINE('',#3368,#300);
#175=LINE('',#3369,#301);
#176=LINE('',#3510,#302);
#177=LINE('',#3516,#303);
#178=LINE('',#3523,#304);
#179=LINE('',#3525,#305);
#180=LINE('',#3527,#306);
#181=LINE('',#3529,#307);
#182=LINE('',#3616,#308);
#183=LINE('',#3619,#309);
#184=LINE('',#3621,#310);
#185=LINE('',#3623,#311);
#186=LINE('',#3625,#312);
#187=LINE('',#3627,#313);
#188=LINE('',#3629,#314);
#189=LINE('',#3630,#315);
#190=LINE('',#3637,#316);
#191=LINE('',#3639,#317);
#192=LINE('',#3641,#318);
#193=LINE('',#3643,#319);
#194=LINE('',#3664,#320);
#195=LINE('',#3669,#321);
#196=LINE('',#3673,#322);
#197=LINE('',#3676,#323);
#198=LINE('',#3677,#324);
#199=LINE('',#3683,#325);
#200=LINE('',#3686,#326);
#201=LINE('',#3687,#327);
#202=LINE('',#3689,#328);
#203=LINE('',#3692,#329);
#204=LINE('',#3693,#330);
#205=LINE('',#3699,#331);
#206=LINE('',#3705,#332);
#207=LINE('',#3708,#333);
#208=LINE('',#3709,#334);
#209=LINE('',#3711,#335);
#210=LINE('',#3714,#336);
#211=LINE('',#3715,#337);
#212=LINE('',#3717,#338);
#213=LINE('',#3718,#339);
#214=LINE('',#3801,#340);
#215=LINE('',#3804,#341);
#216=LINE('',#3806,#342);
#217=LINE('',#3808,#343);
#218=LINE('',#3810,#344);
#219=LINE('',#3812,#345);
#220=LINE('',#3814,#346);
#221=LINE('',#3815,#347);
#222=LINE('',#3822,#348);
#223=LINE('',#3824,#349);
#224=LINE('',#3826,#350);
#225=LINE('',#3828,#351);
#226=VECTOR('',#2506,1.);
#227=VECTOR('',#2509,1.);
#228=VECTOR('',#2514,1.);
#229=VECTOR('',#2517,1.);
#230=VECTOR('',#2522,1.);
#231=VECTOR('',#2525,1.);
#232=VECTOR('',#2530,1.);
#233=VECTOR('',#2533,1.);
#234=VECTOR('',#2536,1.);
#235=VECTOR('',#2537,1.);
#236=VECTOR('',#2538,1.);
#237=VECTOR('',#2539,1.);
#238=VECTOR('',#2544,1.);
#239=VECTOR('',#2545,1.);
#240=VECTOR('',#2546,1.);
#241=VECTOR('',#2547,1.);
#242=VECTOR('',#2568,1.);
#243=VECTOR('',#2571,1.);
#244=VECTOR('',#2576,1.);
#245=VECTOR('',#2577,1.);
#246=VECTOR('',#2578,1.);
#247=VECTOR('',#2585,1.);
#248=VECTOR('',#2586,1.);
#249=VECTOR('',#2587,1.);
#250=VECTOR('',#2590,1.);
#251=VECTOR('',#2591,1.);
#252=VECTOR('',#2592,1.);
#253=VECTOR('',#2601,1.);
#254=VECTOR('',#2606,1.);
#255=VECTOR('',#2607,1.);
#256=VECTOR('',#2608,1.);
#257=VECTOR('',#2611,1.);
#258=VECTOR('',#2612,1.);
#259=VECTOR('',#2613,1.);
#260=VECTOR('',#2616,1.);
#261=VECTOR('',#2617,1.);
#262=VECTOR('',#2630,1.);
#263=VECTOR('',#2633,1.);
#264=VECTOR('',#2638,1.);
#265=VECTOR('',#2639,1.);
#266=VECTOR('',#2640,1.);
#267=VECTOR('',#2647,1.);
#268=VECTOR('',#2648,1.);
#269=VECTOR('',#2649,1.);
#270=VECTOR('',#2652,1.);
#271=VECTOR('',#2653,1.);
#272=VECTOR('',#2654,1.);
#273=VECTOR('',#2661,1.);
#274=VECTOR('',#2668,1.);
#275=VECTOR('',#2669,1.);
#276=VECTOR('',#2670,1.);
#277=VECTOR('',#2677,1.);
#278=VECTOR('',#2678,1.);
#279=VECTOR('',#2679,1.);
#280=VECTOR('',#2682,1.);
#281=VECTOR('',#2683,1.);
#282=VECTOR('',#2704,1.);
#283=VECTOR('',#2707,1.);
#284=VECTOR('',#2712,1.);
#285=VECTOR('',#2713,1.);
#286=VECTOR('',#2714,1.);
#287=VECTOR('',#2721,1.);
#288=VECTOR('',#2722,1.);
#289=VECTOR('',#2723,1.);
#290=VECTOR('',#2726,1.);
#291=VECTOR('',#2727,1.);
#292=VECTOR('',#2728,1.);
#293=VECTOR('',#2735,1.);
#294=VECTOR('',#2742,1.);
#295=VECTOR('',#2743,1.);
#296=VECTOR('',#2744,1.);
#297=VECTOR('',#2751,1.);
#298=VECTOR('',#2752,1.);
#299=VECTOR('',#2753,1.);
#300=VECTOR('',#2756,1.);
#301=VECTOR('',#2757,1.);
#302=VECTOR('',#2828,1.);
#303=VECTOR('',#2829,1.);
#304=VECTOR('',#2832,1.);
#305=VECTOR('',#2835,1.);
#306=VECTOR('',#2838,1.);
#307=VECTOR('',#2841,1.);
#308=VECTOR('',#2890,1.);
#309=VECTOR('',#2891,1.);
#310=VECTOR('',#2892,1.);
#311=VECTOR('',#2893,1.);
#312=VECTOR('',#2894,1.);
#313=VECTOR('',#2895,1.);
#314=VECTOR('',#2898,1.);
#315=VECTOR('',#2899,1.);
#316=VECTOR('',#2902,1.);
#317=VECTOR('',#2905,1.);
#318=VECTOR('',#2908,1.);
#319=VECTOR('',#2911,1.);
#320=VECTOR('',#2942,1.);
#321=VECTOR('',#2945,1.);
#322=VECTOR('',#2950,1.);
#323=VECTOR('',#2951,1.);
#324=VECTOR('',#2952,1.);
#325=VECTOR('',#2959,1.);
#326=VECTOR('',#2960,1.);
#327=VECTOR('',#2961,1.);
#328=VECTOR('',#2964,1.);
#329=VECTOR('',#2965,1.);
#330=VECTOR('',#2966,1.);
#331=VECTOR('',#2973,1.);
#332=VECTOR('',#2980,1.);
#333=VECTOR('',#2981,1.);
#334=VECTOR('',#2982,1.);
#335=VECTOR('',#2985,1.);
#336=VECTOR('',#2986,1.);
#337=VECTOR('',#2987,1.);
#338=VECTOR('',#2990,1.);
#339=VECTOR('',#2991,1.);
#340=VECTOR('',#3050,1.);
#341=VECTOR('',#3051,1.);
#342=VECTOR('',#3052,1.);
#343=VECTOR('',#3053,1.);
#344=VECTOR('',#3054,1.);
#345=VECTOR('',#3055,1.);
#346=VECTOR('',#3058,1.);
#347=VECTOR('',#3059,1.);
#348=VECTOR('',#3062,1.);
#349=VECTOR('',#3065,1.);
#350=VECTOR('',#3068,1.);
#351=VECTOR('',#3071,1.);
#352=CONTEXT_DEPENDENT_SHAPE_REPRESENTATION(#432,#3877);
#353=CONTEXT_DEPENDENT_SHAPE_REPRESENTATION(#433,#3879);
#354=CONTEXT_DEPENDENT_SHAPE_REPRESENTATION(#434,#3880);
#355=CONTEXT_DEPENDENT_SHAPE_REPRESENTATION(#435,#3881);
#356=CONTEXT_DEPENDENT_SHAPE_REPRESENTATION(#436,#3883);
#357=CONTEXT_DEPENDENT_SHAPE_REPRESENTATION(#437,#3885);
#358=CONTEXT_DEPENDENT_SHAPE_REPRESENTATION(#438,#3887);
#359=CONTEXT_DEPENDENT_SHAPE_REPRESENTATION(#439,#3888);
#360=CONTEXT_DEPENDENT_SHAPE_REPRESENTATION(#440,#3889);
#361=CONTEXT_DEPENDENT_SHAPE_REPRESENTATION(#441,#3891);
#362=CONTEXT_DEPENDENT_SHAPE_REPRESENTATION(#442,#3893);
#363=CONTEXT_DEPENDENT_SHAPE_REPRESENTATION(#443,#3894);
#364=CONTEXT_DEPENDENT_SHAPE_REPRESENTATION(#444,#3895);
#365=CONTEXT_DEPENDENT_SHAPE_REPRESENTATION(#445,#3896);
#366=CONTEXT_DEPENDENT_SHAPE_REPRESENTATION(#446,#3897);
#367=CONTEXT_DEPENDENT_SHAPE_REPRESENTATION(#447,#3898);
#368=CONTEXT_DEPENDENT_SHAPE_REPRESENTATION(#448,#3899);
#369=CONTEXT_DEPENDENT_SHAPE_REPRESENTATION(#449,#3900);
#370=CONTEXT_DEPENDENT_SHAPE_REPRESENTATION(#450,#3901);
#371=CONTEXT_DEPENDENT_SHAPE_REPRESENTATION(#451,#3903);
#372=CONTEXT_DEPENDENT_SHAPE_REPRESENTATION(#452,#3904);
#373=CONTEXT_DEPENDENT_SHAPE_REPRESENTATION(#453,#3905);
#374=CONTEXT_DEPENDENT_SHAPE_REPRESENTATION(#454,#3906);
#375=CONTEXT_DEPENDENT_SHAPE_REPRESENTATION(#455,#3907);
#376=CONTEXT_DEPENDENT_SHAPE_REPRESENTATION(#456,#3908);
#377=CONTEXT_DEPENDENT_SHAPE_REPRESENTATION(#457,#3909);
#378=CONTEXT_DEPENDENT_SHAPE_REPRESENTATION(#458,#3910);
#379=CONTEXT_DEPENDENT_SHAPE_REPRESENTATION(#459,#3911);
#380=CONTEXT_DEPENDENT_SHAPE_REPRESENTATION(#460,#3913);
#381=CONTEXT_DEPENDENT_SHAPE_REPRESENTATION(#461,#3914);
#382=CONTEXT_DEPENDENT_SHAPE_REPRESENTATION(#462,#3915);
#383=CONTEXT_DEPENDENT_SHAPE_REPRESENTATION(#463,#3916);
#384=CONTEXT_DEPENDENT_SHAPE_REPRESENTATION(#464,#3917);
#385=CONTEXT_DEPENDENT_SHAPE_REPRESENTATION(#465,#3918);
#386=CONTEXT_DEPENDENT_SHAPE_REPRESENTATION(#466,#3919);
#387=CONTEXT_DEPENDENT_SHAPE_REPRESENTATION(#467,#3920);
#388=CONTEXT_DEPENDENT_SHAPE_REPRESENTATION(#468,#3921);
#389=CONTEXT_DEPENDENT_SHAPE_REPRESENTATION(#469,#3922);
#390=CONTEXT_DEPENDENT_SHAPE_REPRESENTATION(#470,#3923);
#391=CONTEXT_DEPENDENT_SHAPE_REPRESENTATION(#471,#3924);
#392=NEXT_ASSEMBLY_USAGE_OCCURRENCE('NAUO1','DIN125-1-VA_8.4','DIN125-1-VA_8.4',#3925,#3926,'');
#393=NEXT_ASSEMBLY_USAGE_OCCURRENCE('NAUO2','120-0007-001-007','120-0007-001-007',#3925,#3927,'');
#394=NEXT_ASSEMBLY_USAGE_OCCURRENCE('NAUO3','DIN125-1-VA_8.4','DIN125-1-VA_8.4',#3925,#3926,'');
#395=NEXT_ASSEMBLY_USAGE_OCCURRENCE('NAUO4','DIN125-1-VA_8.4','DIN125-1-VA_8.4',#3925,#3926,'');
#396=NEXT_ASSEMBLY_USAGE_OCCURRENCE('NAUO5','120-0007-001-004_Standard<Wie bearbeitet>','120-0007-001-004_Standard<Wie bearbeitet>',#3925,#3928,'');
#397=NEXT_ASSEMBLY_USAGE_OCCURRENCE('NAUO6','120-0007-001-004_Standard<Wie bearbeitet>','120-0007-001-004_Standard<Wie bearbeitet>',#3925,#3929,'');
#398=NEXT_ASSEMBLY_USAGE_OCCURRENCE('NAUO7','120-0007-001-004_Standard<Wie bearbeitet>','120-0007-001-004_Standard<Wie bearbeitet>',#3925,#3930,'');
#399=NEXT_ASSEMBLY_USAGE_OCCURRENCE('NAUO8','120-0007-001-007','120-0007-001-007',#3925,#3927,'');
#400=NEXT_ASSEMBLY_USAGE_OCCURRENCE('NAUO9','DIN125-1-VA_8.4','DIN125-1-VA_8.4',#3925,#3926,'');
#401=NEXT_ASSEMBLY_USAGE_OCCURRENCE('NAUO10','DIN934-VA_M8','DIN934-VA_M8',#3925,#3931,'');
#402=NEXT_ASSEMBLY_USAGE_OCCURRENCE('NAUO11','DIN933-M8-VA_M8x25','DIN933-M8-VA_M8x25',#3925,#3932,'');
#403=NEXT_ASSEMBLY_USAGE_OCCURRENCE('NAUO12','DIN933-M8-VA_M8x25','DIN933-M8-VA_M8x25',#3925,#3932,'');
#404=NEXT_ASSEMBLY_USAGE_OCCURRENCE('NAUO13','DIN934-VA_M8','DIN934-VA_M8',#3925,#3931,'');
#405=NEXT_ASSEMBLY_USAGE_OCCURRENCE('NAUO14','DIN933-M8-VA_M8x25','DIN933-M8-VA_M8x25',#3925,#3932,'');
#406=NEXT_ASSEMBLY_USAGE_OCCURRENCE('NAUO15','DIN934-VA_M8','DIN934-VA_M8',#3925,#3931,'');
#407=NEXT_ASSEMBLY_USAGE_OCCURRENCE('NAUO16','DIN125-1-VA_8.4','DIN125-1-VA_8.4',#3925,#3926,'');
#408=NEXT_ASSEMBLY_USAGE_OCCURRENCE('NAUO17','DIN933-M8-VA_M8x25','DIN933-M8-VA_M8x25',#3925,#3932,'');
#409=NEXT_ASSEMBLY_USAGE_OCCURRENCE('NAUO18','DIN125-1-VA_8.4','DIN125-1-VA_8.4',#3925,#3926,'');
#410=NEXT_ASSEMBLY_USAGE_OCCURRENCE('NAUO19','DIN125-1-VA_8.4','DIN125-1-VA_8.4',#3925,#3926,'');
#411=NEXT_ASSEMBLY_USAGE_OCCURRENCE('NAUO20','120-0007-001-004_Standard<Wie bearbeitet>','120-0007-001-004_Standard<Wie bearbeitet>',#3925,#3933,'');
#412=NEXT_ASSEMBLY_USAGE_OCCURRENCE('NAUO21','DIN125-1-VA_8.4','DIN125-1-VA_8.4',#3925,#3926,'');
#413=NEXT_ASSEMBLY_USAGE_OCCURRENCE('NAUO22','DIN125-1-VA_8.4','DIN125-1-VA_8.4',#3925,#3926,'');
#414=NEXT_ASSEMBLY_USAGE_OCCURRENCE('NAUO23','DIN125-1-VA_8.4','DIN125-1-VA_8.4',#3925,#3926,'');
#415=NEXT_ASSEMBLY_USAGE_OCCURRENCE('NAUO24','DIN125-1-VA_8.4','DIN125-1-VA_8.4',#3925,#3926,'');
#416=NEXT_ASSEMBLY_USAGE_OCCURRENCE('NAUO25','120-0007-001-007','120-0007-001-007',#3925,#3927,'');
#417=NEXT_ASSEMBLY_USAGE_OCCURRENCE('NAUO26','DIN125-1-VA_8.4','DIN125-1-VA_8.4',#3925,#3926,'');
#418=NEXT_ASSEMBLY_USAGE_OCCURRENCE('NAUO27','DIN934-VA_M8','DIN934-VA_M8',#3925,#3931,'');
#419=NEXT_ASSEMBLY_USAGE_OCCURRENCE('NAUO28','DIN125-1-VA_8.4','DIN125-1-VA_8.4',#3925,#3926,'');
#420=NEXT_ASSEMBLY_USAGE_OCCURRENCE('NAUO29','DIN933-M8-VA_M8x30','DIN933-M8-VA_M8x30',#3925,#3934,'');
#421=NEXT_ASSEMBLY_USAGE_OCCURRENCE('NAUO30','120-0007-001-007','120-0007-001-007',#3925,#3927,'');
#422=NEXT_ASSEMBLY_USAGE_OCCURRENCE('NAUO31','DIN125-1-VA_8.4','DIN125-1-VA_8.4',#3925,#3926,'');
#423=NEXT_ASSEMBLY_USAGE_OCCURRENCE('NAUO32','DIN934-VA_M8','DIN934-VA_M8',#3925,#3931,'');
#424=NEXT_ASSEMBLY_USAGE_OCCURRENCE('NAUO33','DIN934-VA_M8','DIN934-VA_M8',#3925,#3931,'');
#425=NEXT_ASSEMBLY_USAGE_OCCURRENCE('NAUO34','DIN933-M8-VA_M8x30','DIN933-M8-VA_M8x30',#3925,#3934,'');
#426=NEXT_ASSEMBLY_USAGE_OCCURRENCE('NAUO35','DIN125-1-VA_8.4','DIN125-1-VA_8.4',#3925,#3926,'');
#427=NEXT_ASSEMBLY_USAGE_OCCURRENCE('NAUO36','DIN125-1-VA_8.4','DIN125-1-VA_8.4',#3925,#3926,'');
#428=NEXT_ASSEMBLY_USAGE_OCCURRENCE('NAUO37','DIN933-M8-VA_M8x30','DIN933-M8-VA_M8x30',#3925,#3934,'');
#429=NEXT_ASSEMBLY_USAGE_OCCURRENCE('NAUO38','DIN933-M8-VA_M8x30','DIN933-M8-VA_M8x30',#3925,#3934,'');
#430=NEXT_ASSEMBLY_USAGE_OCCURRENCE('NAUO39','DIN934-VA_M8','DIN934-VA_M8',#3925,#3931,'');
#431=NEXT_ASSEMBLY_USAGE_OCCURRENCE('NAUO40','DIN934-VA_M8','DIN934-VA_M8',#3925,#3931,'');
#432=(
REPRESENTATION_RELATIONSHIP(' ',' ',#2224,#2223)
REPRESENTATION_RELATIONSHIP_WITH_TRANSFORMATION(#472)
SHAPE_REPRESENTATION_RELATIONSHIP()
);
#433=(
REPRESENTATION_RELATIONSHIP(' ',' ',#2225,#2223)
REPRESENTATION_RELATIONSHIP_WITH_TRANSFORMATION(#473)
SHAPE_REPRESENTATION_RELATIONSHIP()
);
#434=(
REPRESENTATION_RELATIONSHIP(' ',' ',#2224,#2223)
REPRESENTATION_RELATIONSHIP_WITH_TRANSFORMATION(#474)
SHAPE_REPRESENTATION_RELATIONSHIP()
);
#435=(
REPRESENTATION_RELATIONSHIP(' ',' ',#2224,#2223)
REPRESENTATION_RELATIONSHIP_WITH_TRANSFORMATION(#475)
SHAPE_REPRESENTATION_RELATIONSHIP()
);
#436=(
REPRESENTATION_RELATIONSHIP(' ',' ',#2226,#2223)
REPRESENTATION_RELATIONSHIP_WITH_TRANSFORMATION(#476)
SHAPE_REPRESENTATION_RELATIONSHIP()
);
#437=(
REPRESENTATION_RELATIONSHIP(' ',' ',#2227,#2223)
REPRESENTATION_RELATIONSHIP_WITH_TRANSFORMATION(#477)
SHAPE_REPRESENTATION_RELATIONSHIP()
);
#438=(
REPRESENTATION_RELATIONSHIP(' ',' ',#2228,#2223)
REPRESENTATION_RELATIONSHIP_WITH_TRANSFORMATION(#478)
SHAPE_REPRESENTATION_RELATIONSHIP()
);
#439=(
REPRESENTATION_RELATIONSHIP(' ',' ',#2225,#2223)
REPRESENTATION_RELATIONSHIP_WITH_TRANSFORMATION(#479)
SHAPE_REPRESENTATION_RELATIONSHIP()
);
#440=(
REPRESENTATION_RELATIONSHIP(' ',' ',#2224,#2223)
REPRESENTATION_RELATIONSHIP_WITH_TRANSFORMATION(#480)
SHAPE_REPRESENTATION_RELATIONSHIP()
);
#441=(
REPRESENTATION_RELATIONSHIP(' ',' ',#2229,#2223)
REPRESENTATION_RELATIONSHIP_WITH_TRANSFORMATION(#481)
SHAPE_REPRESENTATION_RELATIONSHIP()
);
#442=(
REPRESENTATION_RELATIONSHIP(' ',' ',#2230,#2223)
REPRESENTATION_RELATIONSHIP_WITH_TRANSFORMATION(#482)
SHAPE_REPRESENTATION_RELATIONSHIP()
);
#443=(
REPRESENTATION_RELATIONSHIP(' ',' ',#2230,#2223)
REPRESENTATION_RELATIONSHIP_WITH_TRANSFORMATION(#483)
SHAPE_REPRESENTATION_RELATIONSHIP()
);
#444=(
REPRESENTATION_RELATIONSHIP(' ',' ',#2229,#2223)
REPRESENTATION_RELATIONSHIP_WITH_TRANSFORMATION(#484)
SHAPE_REPRESENTATION_RELATIONSHIP()
);
#445=(
REPRESENTATION_RELATIONSHIP(' ',' ',#2230,#2223)
REPRESENTATION_RELATIONSHIP_WITH_TRANSFORMATION(#485)
SHAPE_REPRESENTATION_RELATIONSHIP()
);
#446=(
REPRESENTATION_RELATIONSHIP(' ',' ',#2229,#2223)
REPRESENTATION_RELATIONSHIP_WITH_TRANSFORMATION(#486)
SHAPE_REPRESENTATION_RELATIONSHIP()
);
#447=(
REPRESENTATION_RELATIONSHIP(' ',' ',#2224,#2223)
REPRESENTATION_RELATIONSHIP_WITH_TRANSFORMATION(#487)
SHAPE_REPRESENTATION_RELATIONSHIP()
);
#448=(
REPRESENTATION_RELATIONSHIP(' ',' ',#2230,#2223)
REPRESENTATION_RELATIONSHIP_WITH_TRANSFORMATION(#488)
SHAPE_REPRESENTATION_RELATIONSHIP()
);
#449=(
REPRESENTATION_RELATIONSHIP(' ',' ',#2224,#2223)
REPRESENTATION_RELATIONSHIP_WITH_TRANSFORMATION(#489)
SHAPE_REPRESENTATION_RELATIONSHIP()
);
#450=(
REPRESENTATION_RELATIONSHIP(' ',' ',#2224,#2223)
REPRESENTATION_RELATIONSHIP_WITH_TRANSFORMATION(#490)
SHAPE_REPRESENTATION_RELATIONSHIP()
);
#451=(
REPRESENTATION_RELATIONSHIP(' ',' ',#2231,#2223)
REPRESENTATION_RELATIONSHIP_WITH_TRANSFORMATION(#491)
SHAPE_REPRESENTATION_RELATIONSHIP()
);
#452=(
REPRESENTATION_RELATIONSHIP(' ',' ',#2224,#2223)
REPRESENTATION_RELATIONSHIP_WITH_TRANSFORMATION(#492)
SHAPE_REPRESENTATION_RELATIONSHIP()
);
#453=(
REPRESENTATION_RELATIONSHIP(' ',' ',#2224,#2223)
REPRESENTATION_RELATIONSHIP_WITH_TRANSFORMATION(#493)
SHAPE_REPRESENTATION_RELATIONSHIP()
);
#454=(
REPRESENTATION_RELATIONSHIP(' ',' ',#2224,#2223)
REPRESENTATION_RELATIONSHIP_WITH_TRANSFORMATION(#494)
SHAPE_REPRESENTATION_RELATIONSHIP()
);
#455=(
REPRESENTATION_RELATIONSHIP(' ',' ',#2224,#2223)
REPRESENTATION_RELATIONSHIP_WITH_TRANSFORMATION(#495)
SHAPE_REPRESENTATION_RELATIONSHIP()
);
#456=(
REPRESENTATION_RELATIONSHIP(' ',' ',#2225,#2223)
REPRESENTATION_RELATIONSHIP_WITH_TRANSFORMATION(#496)
SHAPE_REPRESENTATION_RELATIONSHIP()
);
#457=(
REPRESENTATION_RELATIONSHIP(' ',' ',#2224,#2223)
REPRESENTATION_RELATIONSHIP_WITH_TRANSFORMATION(#497)
SHAPE_REPRESENTATION_RELATIONSHIP()
);
#458=(
REPRESENTATION_RELATIONSHIP(' ',' ',#2229,#2223)
REPRESENTATION_RELATIONSHIP_WITH_TRANSFORMATION(#498)
SHAPE_REPRESENTATION_RELATIONSHIP()
);
#459=(
REPRESENTATION_RELATIONSHIP(' ',' ',#2224,#2223)
REPRESENTATION_RELATIONSHIP_WITH_TRANSFORMATION(#499)
SHAPE_REPRESENTATION_RELATIONSHIP()
);
#460=(
REPRESENTATION_RELATIONSHIP(' ',' ',#2232,#2223)
REPRESENTATION_RELATIONSHIP_WITH_TRANSFORMATION(#500)
SHAPE_REPRESENTATION_RELATIONSHIP()
);
#461=(
REPRESENTATION_RELATIONSHIP(' ',' ',#2225,#2223)
REPRESENTATION_RELATIONSHIP_WITH_TRANSFORMATION(#501)
SHAPE_REPRESENTATION_RELATIONSHIP()
);
#462=(
REPRESENTATION_RELATIONSHIP(' ',' ',#2224,#2223)
REPRESENTATION_RELATIONSHIP_WITH_TRANSFORMATION(#502)
SHAPE_REPRESENTATION_RELATIONSHIP()
);
#463=(
REPRESENTATION_RELATIONSHIP(' ',' ',#2229,#2223)
REPRESENTATION_RELATIONSHIP_WITH_TRANSFORMATION(#503)
SHAPE_REPRESENTATION_RELATIONSHIP()
);
#464=(
REPRESENTATION_RELATIONSHIP(' ',' ',#2229,#2223)
REPRESENTATION_RELATIONSHIP_WITH_TRANSFORMATION(#504)
SHAPE_REPRESENTATION_RELATIONSHIP()
);
#465=(
REPRESENTATION_RELATIONSHIP(' ',' ',#2232,#2223)
REPRESENTATION_RELATIONSHIP_WITH_TRANSFORMATION(#505)
SHAPE_REPRESENTATION_RELATIONSHIP()
);
#466=(
REPRESENTATION_RELATIONSHIP(' ',' ',#2224,#2223)
REPRESENTATION_RELATIONSHIP_WITH_TRANSFORMATION(#506)
SHAPE_REPRESENTATION_RELATIONSHIP()
);
#467=(
REPRESENTATION_RELATIONSHIP(' ',' ',#2224,#2223)
REPRESENTATION_RELATIONSHIP_WITH_TRANSFORMATION(#507)
SHAPE_REPRESENTATION_RELATIONSHIP()
);
#468=(
REPRESENTATION_RELATIONSHIP(' ',' ',#2232,#2223)
REPRESENTATION_RELATIONSHIP_WITH_TRANSFORMATION(#508)
SHAPE_REPRESENTATION_RELATIONSHIP()
);
#469=(
REPRESENTATION_RELATIONSHIP(' ',' ',#2232,#2223)
REPRESENTATION_RELATIONSHIP_WITH_TRANSFORMATION(#509)
SHAPE_REPRESENTATION_RELATIONSHIP()
);
#470=(
REPRESENTATION_RELATIONSHIP(' ',' ',#2229,#2223)
REPRESENTATION_RELATIONSHIP_WITH_TRANSFORMATION(#510)
SHAPE_REPRESENTATION_RELATIONSHIP()
);
#471=(
REPRESENTATION_RELATIONSHIP(' ',' ',#2229,#2223)
REPRESENTATION_RELATIONSHIP_WITH_TRANSFORMATION(#511)
SHAPE_REPRESENTATION_RELATIONSHIP()
);
#472=ITEM_DEFINED_TRANSFORMATION(' ',' ',#2233,#2242);
#473=ITEM_DEFINED_TRANSFORMATION(' ',' ',#2233,#2264);
#474=ITEM_DEFINED_TRANSFORMATION(' ',' ',#2233,#2265);
#475=ITEM_DEFINED_TRANSFORMATION(' ',' ',#2233,#2266);
#476=ITEM_DEFINED_TRANSFORMATION(' ',' ',#2233,#2287);
#477=ITEM_DEFINED_TRANSFORMATION(' ',' ',#2233,#2314);
#478=ITEM_DEFINED_TRANSFORMATION(' ',' ',#2233,#2341);
#479=ITEM_DEFINED_TRANSFORMATION(' ',' ',#2233,#2342);
#480=ITEM_DEFINED_TRANSFORMATION(' ',' ',#2233,#2343);
#481=ITEM_DEFINED_TRANSFORMATION(' ',' ',#2233,#2379);
#482=ITEM_DEFINED_TRANSFORMATION(' ',' ',#2233,#2406);
#483=ITEM_DEFINED_TRANSFORMATION(' ',' ',#2233,#2407);
#484=ITEM_DEFINED_TRANSFORMATION(' ',' ',#2233,#2408);
#485=ITEM_DEFINED_TRANSFORMATION(' ',' ',#2233,#2409);
#486=ITEM_DEFINED_TRANSFORMATION(' ',' ',#2233,#2410);
#487=ITEM_DEFINED_TRANSFORMATION(' ',' ',#2233,#2411);
#488=ITEM_DEFINED_TRANSFORMATION(' ',' ',#2233,#2412);
#489=ITEM_DEFINED_TRANSFORMATION(' ',' ',#2233,#2413);
#490=ITEM_DEFINED_TRANSFORMATION(' ',' ',#2233,#2414);
#491=ITEM_DEFINED_TRANSFORMATION(' ',' ',#2233,#2435);
#492=ITEM_DEFINED_TRANSFORMATION(' ',' ',#2233,#2436);
#493=ITEM_DEFINED_TRANSFORMATION(' ',' ',#2233,#2437);
#494=ITEM_DEFINED_TRANSFORMATION(' ',' ',#2233,#2438);
#495=ITEM_DEFINED_TRANSFORMATION(' ',' ',#2233,#2439);
#496=ITEM_DEFINED_TRANSFORMATION(' ',' ',#2233,#2440);
#497=ITEM_DEFINED_TRANSFORMATION(' ',' ',#2233,#2441);
#498=ITEM_DEFINED_TRANSFORMATION(' ',' ',#2233,#2442);
#499=ITEM_DEFINED_TRANSFORMATION(' ',' ',#2233,#2443);
#500=ITEM_DEFINED_TRANSFORMATION(' ',' ',#2233,#2470);
#501=ITEM_DEFINED_TRANSFORMATION(' ',' ',#2233,#2471);
#502=ITEM_DEFINED_TRANSFORMATION(' ',' ',#2233,#2472);
#503=ITEM_DEFINED_TRANSFORMATION(' ',' ',#2233,#2473);
#504=ITEM_DEFINED_TRANSFORMATION(' ',' ',#2233,#2474);
#505=ITEM_DEFINED_TRANSFORMATION(' ',' ',#2233,#2475);
#506=ITEM_DEFINED_TRANSFORMATION(' ',' ',#2233,#2476);
#507=ITEM_DEFINED_TRANSFORMATION(' ',' ',#2233,#2477);
#508=ITEM_DEFINED_TRANSFORMATION(' ',' ',#2233,#2478);
#509=ITEM_DEFINED_TRANSFORMATION(' ',' ',#2233,#2479);
#510=ITEM_DEFINED_TRANSFORMATION(' ',' ',#2233,#2480);
#511=ITEM_DEFINED_TRANSFORMATION(' ',' ',#2233,#2481);
#512=SHAPE_REPRESENTATION_RELATIONSHIP('','',#2224,#521);
#513=SHAPE_REPRESENTATION_RELATIONSHIP('','',#2225,#522);
#514=SHAPE_REPRESENTATION_RELATIONSHIP('','',#2226,#523);
#515=SHAPE_REPRESENTATION_RELATIONSHIP('','',#2227,#524);
#516=SHAPE_REPRESENTATION_RELATIONSHIP('','',#2228,#525);
#517=SHAPE_REPRESENTATION_RELATIONSHIP('','',#2229,#526);
#518=SHAPE_REPRESENTATION_RELATIONSHIP('','',#2230,#527);
#519=SHAPE_REPRESENTATION_RELATIONSHIP('','',#2231,#528);
#520=SHAPE_REPRESENTATION_RELATIONSHIP('','',#2232,#529);
#521=ADVANCED_BREP_SHAPE_REPRESENTATION('',(#2204),#3853);
#522=ADVANCED_BREP_SHAPE_REPRESENTATION('',(#2205),#3854);
#523=ADVANCED_BREP_SHAPE_REPRESENTATION('',(#2206),#3855);
#524=ADVANCED_BREP_SHAPE_REPRESENTATION('',(#2207),#3856);
#525=ADVANCED_BREP_SHAPE_REPRESENTATION('',(#2208),#3857);
#526=ADVANCED_BREP_SHAPE_REPRESENTATION('',(#2209),#3858);
#527=ADVANCED_BREP_SHAPE_REPRESENTATION('',(#2210),#3859);
#528=ADVANCED_BREP_SHAPE_REPRESENTATION('',(#2211),#3860);
#529=ADVANCED_BREP_SHAPE_REPRESENTATION('',(#2212),#3861);
#530=CYLINDRICAL_SURFACE('',#2240,0.0042);
#531=CYLINDRICAL_SURFACE('',#2241,0.008);
#532=CYLINDRICAL_SURFACE('',#2243,0.003);
#533=CYLINDRICAL_SURFACE('',#2246,0.003);
#534=CYLINDRICAL_SURFACE('',#2249,0.003);
#535=CYLINDRICAL_SURFACE('',#2252,0.003);
#536=CYLINDRICAL_SURFACE('',#2263,0.0042);
#537=CYLINDRICAL_SURFACE('',#2267,0.003);
#538=CYLINDRICAL_SURFACE('',#2277,0.003);
#539=CYLINDRICAL_SURFACE('',#2285,0.0042);
#540=CYLINDRICAL_SURFACE('',#2286,0.00419999999999995);
#541=CYLINDRICAL_SURFACE('',#2288,0.003);
#542=CYLINDRICAL_SURFACE('',#2298,0.003);
#543=CYLINDRICAL_SURFACE('',#2310,0.00419999999999995);
#544=CYLINDRICAL_SURFACE('',#2311,0.00419999999999995);
#545=CYLINDRICAL_SURFACE('',#2312,0.0045);
#546=CYLINDRICAL_SURFACE('',#2313,0.0045);
#547=CYLINDRICAL_SURFACE('',#2315,0.003);
#548=CYLINDRICAL_SURFACE('',#2325,0.003);
#549=CYLINDRICAL_SURFACE('',#2337,0.00419999999999995);
#550=CYLINDRICAL_SURFACE('',#2338,0.00419999999999995);
#551=CYLINDRICAL_SURFACE('',#2339,0.0045);
#552=CYLINDRICAL_SURFACE('',#2340,0.0045);
#553=CYLINDRICAL_SURFACE('',#2376,0.004);
#554=CYLINDRICAL_SURFACE('',#2402,0.004);
#555=CYLINDRICAL_SURFACE('',#2415,0.003);
#556=CYLINDRICAL_SURFACE('',#2425,0.003);
#557=CYLINDRICAL_SURFACE('',#2433,0.00419999999999995);
#558=CYLINDRICAL_SURFACE('',#2434,0.00419999999999995);
#559=CYLINDRICAL_SURFACE('',#2466,0.004);
#560=ORIENTED_EDGE('',*,*,#1080,.T.);
#561=ORIENTED_EDGE('',*,*,#1081,.F.);
#562=ORIENTED_EDGE('',*,*,#1082,.T.);
#563=ORIENTED_EDGE('',*,*,#1083,.F.);
#564=ORIENTED_EDGE('',*,*,#1083,.T.);
#565=ORIENTED_EDGE('',*,*,#1080,.F.);
#566=ORIENTED_EDGE('',*,*,#1082,.F.);
#567=ORIENTED_EDGE('',*,*,#1081,.T.);
#568=ORIENTED_EDGE('',*,*,#1084,.F.);
#569=ORIENTED_EDGE('',*,*,#1085,.F.);
#570=ORIENTED_EDGE('',*,*,#1086,.F.);
#571=ORIENTED_EDGE('',*,*,#1087,.F.);
#572=ORIENTED_EDGE('',*,*,#1088,.F.);
#573=ORIENTED_EDGE('',*,*,#1089,.F.);
#574=ORIENTED_EDGE('',*,*,#1090,.F.);
#575=ORIENTED_EDGE('',*,*,#1091,.F.);
#576=ORIENTED_EDGE('',*,*,#1092,.F.);
#577=ORIENTED_EDGE('',*,*,#1093,.F.);
#578=ORIENTED_EDGE('',*,*,#1094,.F.);
#579=ORIENTED_EDGE('',*,*,#1095,.F.);
#580=ORIENTED_EDGE('',*,*,#1096,.F.);
#581=ORIENTED_EDGE('',*,*,#1097,.F.);
#582=ORIENTED_EDGE('',*,*,#1098,.F.);
#583=ORIENTED_EDGE('',*,*,#1099,.F.);
#584=ORIENTED_EDGE('',*,*,#1100,.F.);
#585=ORIENTED_EDGE('',*,*,#1098,.T.);
#586=ORIENTED_EDGE('',*,*,#1101,.F.);
#587=ORIENTED_EDGE('',*,*,#1094,.T.);
#588=ORIENTED_EDGE('',*,*,#1102,.F.);
#589=ORIENTED_EDGE('',*,*,#1090,.T.);
#590=ORIENTED_EDGE('',*,*,#1103,.F.);
#591=ORIENTED_EDGE('',*,*,#1086,.T.);
#592=ORIENTED_EDGE('',*,*,#1104,.T.);
#593=ORIENTED_EDGE('',*,*,#1105,.T.);
#594=ORIENTED_EDGE('',*,*,#1096,.T.);
#595=ORIENTED_EDGE('',*,*,#1106,.T.);
#596=ORIENTED_EDGE('',*,*,#1084,.T.);
#597=ORIENTED_EDGE('',*,*,#1107,.T.);
#598=ORIENTED_EDGE('',*,*,#1088,.T.);
#599=ORIENTED_EDGE('',*,*,#1108,.T.);
#600=ORIENTED_EDGE('',*,*,#1092,.T.);
#601=ORIENTED_EDGE('',*,*,#1109,.F.);
#602=ORIENTED_EDGE('',*,*,#1101,.T.);
#603=ORIENTED_EDGE('',*,*,#1097,.T.);
#604=ORIENTED_EDGE('',*,*,#1105,.F.);
#605=ORIENTED_EDGE('',*,*,#1095,.T.);
#606=ORIENTED_EDGE('',*,*,#1102,.T.);
#607=ORIENTED_EDGE('',*,*,#1093,.T.);
#608=ORIENTED_EDGE('',*,*,#1108,.F.);
#609=ORIENTED_EDGE('',*,*,#1091,.T.);
#610=ORIENTED_EDGE('',*,*,#1103,.T.);
#611=ORIENTED_EDGE('',*,*,#1089,.T.);
#612=ORIENTED_EDGE('',*,*,#1107,.F.);
#613=ORIENTED_EDGE('',*,*,#1087,.T.);
#614=ORIENTED_EDGE('',*,*,#1106,.F.);
#615=ORIENTED_EDGE('',*,*,#1099,.T.);
#616=ORIENTED_EDGE('',*,*,#1100,.T.);
#617=ORIENTED_EDGE('',*,*,#1085,.T.);
#618=ORIENTED_EDGE('',*,*,#1109,.T.);
#619=ORIENTED_EDGE('',*,*,#1104,.F.);
#620=ORIENTED_EDGE('',*,*,#1110,.F.);
#621=ORIENTED_EDGE('',*,*,#1111,.T.);
#622=ORIENTED_EDGE('',*,*,#1112,.T.);
#623=ORIENTED_EDGE('',*,*,#1113,.T.);
#624=ORIENTED_EDGE('',*,*,#1112,.F.);
#625=ORIENTED_EDGE('',*,*,#1114,.T.);
#626=ORIENTED_EDGE('',*,*,#1115,.T.);
#627=ORIENTED_EDGE('',*,*,#1116,.T.);
#628=ORIENTED_EDGE('',*,*,#1117,.F.);
#629=ORIENTED_EDGE('',*,*,#1118,.F.);
#630=ORIENTED_EDGE('',*,*,#1115,.F.);
#631=ORIENTED_EDGE('',*,*,#1119,.T.);
#632=ORIENTED_EDGE('',*,*,#1120,.T.);
#633=ORIENTED_EDGE('',*,*,#1121,.T.);
#634=ORIENTED_EDGE('',*,*,#1120,.F.);
#635=ORIENTED_EDGE('',*,*,#1122,.T.);
#636=ORIENTED_EDGE('',*,*,#1123,.T.);
#637=ORIENTED_EDGE('',*,*,#1124,.T.);
#638=ORIENTED_EDGE('',*,*,#1125,.F.);
#639=ORIENTED_EDGE('',*,*,#1126,.F.);
#640=ORIENTED_EDGE('',*,*,#1123,.F.);
#641=ORIENTED_EDGE('',*,*,#1127,.T.);
#642=ORIENTED_EDGE('',*,*,#1128,.T.);
#643=ORIENTED_EDGE('',*,*,#1129,.T.);
#644=ORIENTED_EDGE('',*,*,#1128,.F.);
#645=ORIENTED_EDGE('',*,*,#1130,.T.);
#646=ORIENTED_EDGE('',*,*,#1131,.T.);
#647=ORIENTED_EDGE('',*,*,#1132,.T.);
#648=ORIENTED_EDGE('',*,*,#1131,.F.);
#649=ORIENTED_EDGE('',*,*,#1133,.T.);
#650=ORIENTED_EDGE('',*,*,#1134,.T.);
#651=ORIENTED_EDGE('',*,*,#1135,.T.);
#652=ORIENTED_EDGE('',*,*,#1134,.F.);
#653=ORIENTED_EDGE('',*,*,#1136,.T.);
#654=ORIENTED_EDGE('',*,*,#1110,.T.);
#655=ORIENTED_EDGE('',*,*,#1137,.T.);
#656=ORIENTED_EDGE('',*,*,#1137,.F.);
#657=ORIENTED_EDGE('',*,*,#1113,.F.);
#658=ORIENTED_EDGE('',*,*,#1116,.F.);
#659=ORIENTED_EDGE('',*,*,#1121,.F.);
#660=ORIENTED_EDGE('',*,*,#1124,.F.);
#661=ORIENTED_EDGE('',*,*,#1129,.F.);
#662=ORIENTED_EDGE('',*,*,#1132,.F.);
#663=ORIENTED_EDGE('',*,*,#1135,.F.);
#664=ORIENTED_EDGE('',*,*,#1111,.F.);
#665=ORIENTED_EDGE('',*,*,#1136,.F.);
#666=ORIENTED_EDGE('',*,*,#1133,.F.);
#667=ORIENTED_EDGE('',*,*,#1130,.F.);
#668=ORIENTED_EDGE('',*,*,#1127,.F.);
#669=ORIENTED_EDGE('',*,*,#1122,.F.);
#670=ORIENTED_EDGE('',*,*,#1119,.F.);
#671=ORIENTED_EDGE('',*,*,#1114,.F.);
#672=ORIENTED_EDGE('',*,*,#1117,.T.);
#673=ORIENTED_EDGE('',*,*,#1125,.T.);
#674=ORIENTED_EDGE('',*,*,#1118,.T.);
#675=ORIENTED_EDGE('',*,*,#1126,.T.);
#676=ORIENTED_EDGE('',*,*,#1138,.T.);
#677=ORIENTED_EDGE('',*,*,#1139,.T.);
#678=ORIENTED_EDGE('',*,*,#1140,.F.);
#679=ORIENTED_EDGE('',*,*,#1141,.T.);
#680=ORIENTED_EDGE('',*,*,#1142,.T.);
#681=ORIENTED_EDGE('',*,*,#1143,.T.);
#682=ORIENTED_EDGE('',*,*,#1138,.F.);
#683=ORIENTED_EDGE('',*,*,#1144,.T.);
#684=ORIENTED_EDGE('',*,*,#1145,.T.);
#685=ORIENTED_EDGE('',*,*,#1146,.T.);
#686=ORIENTED_EDGE('',*,*,#1147,.T.);
#687=ORIENTED_EDGE('',*,*,#1148,.T.);
#688=ORIENTED_EDGE('',*,*,#1142,.F.);
#689=ORIENTED_EDGE('',*,*,#1149,.T.);
#690=ORIENTED_EDGE('',*,*,#1150,.T.);
#691=ORIENTED_EDGE('',*,*,#1151,.T.);
#692=ORIENTED_EDGE('',*,*,#1147,.F.);
#693=ORIENTED_EDGE('',*,*,#1152,.T.);
#694=ORIENTED_EDGE('',*,*,#1153,.F.);
#695=ORIENTED_EDGE('',*,*,#1154,.F.);
#696=ORIENTED_EDGE('',*,*,#1155,.T.);
#697=ORIENTED_EDGE('',*,*,#1156,.T.);
#698=ORIENTED_EDGE('',*,*,#1150,.F.);
#699=ORIENTED_EDGE('',*,*,#1157,.T.);
#700=ORIENTED_EDGE('',*,*,#1158,.T.);
#701=ORIENTED_EDGE('',*,*,#1159,.T.);
#702=ORIENTED_EDGE('',*,*,#1155,.F.);
#703=ORIENTED_EDGE('',*,*,#1160,.T.);
#704=ORIENTED_EDGE('',*,*,#1161,.F.);
#705=ORIENTED_EDGE('',*,*,#1162,.F.);
#706=ORIENTED_EDGE('',*,*,#1163,.T.);
#707=ORIENTED_EDGE('',*,*,#1164,.T.);
#708=ORIENTED_EDGE('',*,*,#1158,.F.);
#709=ORIENTED_EDGE('',*,*,#1165,.T.);
#710=ORIENTED_EDGE('',*,*,#1140,.T.);
#711=ORIENTED_EDGE('',*,*,#1166,.T.);
#712=ORIENTED_EDGE('',*,*,#1163,.F.);
#713=ORIENTED_EDGE('',*,*,#1167,.T.);
#714=ORIENTED_EDGE('',*,*,#1168,.F.);
#715=ORIENTED_EDGE('',*,*,#1169,.F.);
#716=ORIENTED_EDGE('',*,*,#1167,.F.);
#717=ORIENTED_EDGE('',*,*,#1165,.F.);
#718=ORIENTED_EDGE('',*,*,#1160,.F.);
#719=ORIENTED_EDGE('',*,*,#1157,.F.);
#720=ORIENTED_EDGE('',*,*,#1152,.F.);
#721=ORIENTED_EDGE('',*,*,#1149,.F.);
#722=ORIENTED_EDGE('',*,*,#1144,.F.);
#723=ORIENTED_EDGE('',*,*,#1141,.F.);
#724=ORIENTED_EDGE('',*,*,#1139,.F.);
#725=ORIENTED_EDGE('',*,*,#1143,.F.);
#726=ORIENTED_EDGE('',*,*,#1148,.F.);
#727=ORIENTED_EDGE('',*,*,#1151,.F.);
#728=ORIENTED_EDGE('',*,*,#1156,.F.);
#729=ORIENTED_EDGE('',*,*,#1159,.F.);
#730=ORIENTED_EDGE('',*,*,#1164,.F.);
#731=ORIENTED_EDGE('',*,*,#1166,.F.);
#732=ORIENTED_EDGE('',*,*,#1153,.T.);
#733=ORIENTED_EDGE('',*,*,#1145,.F.);
#734=ORIENTED_EDGE('',*,*,#1154,.T.);
#735=ORIENTED_EDGE('',*,*,#1146,.F.);
#736=ORIENTED_EDGE('',*,*,#1168,.T.);
#737=ORIENTED_EDGE('',*,*,#1161,.T.);
#738=ORIENTED_EDGE('',*,*,#1169,.T.);
#739=ORIENTED_EDGE('',*,*,#1162,.T.);
#740=ORIENTED_EDGE('',*,*,#1170,.T.);
#741=ORIENTED_EDGE('',*,*,#1171,.T.);
#742=ORIENTED_EDGE('',*,*,#1172,.F.);
#743=ORIENTED_EDGE('',*,*,#1173,.T.);
#744=ORIENTED_EDGE('',*,*,#1174,.T.);
#745=ORIENTED_EDGE('',*,*,#1175,.T.);
#746=ORIENTED_EDGE('',*,*,#1170,.F.);
#747=ORIENTED_EDGE('',*,*,#1176,.T.);
#748=ORIENTED_EDGE('',*,*,#1177,.F.);
#749=ORIENTED_EDGE('',*,*,#1178,.F.);
#750=ORIENTED_EDGE('',*,*,#1179,.T.);
#751=ORIENTED_EDGE('',*,*,#1180,.T.);
#752=ORIENTED_EDGE('',*,*,#1174,.F.);
#753=ORIENTED_EDGE('',*,*,#1181,.T.);
#754=ORIENTED_EDGE('',*,*,#1182,.T.);
#755=ORIENTED_EDGE('',*,*,#1183,.T.);
#756=ORIENTED_EDGE('',*,*,#1179,.F.);
#757=ORIENTED_EDGE('',*,*,#1184,.T.);
#758=ORIENTED_EDGE('',*,*,#1185,.F.);
#759=ORIENTED_EDGE('',*,*,#1186,.F.);
#760=ORIENTED_EDGE('',*,*,#1187,.T.);
#761=ORIENTED_EDGE('',*,*,#1188,.T.);
#762=ORIENTED_EDGE('',*,*,#1182,.F.);
#763=ORIENTED_EDGE('',*,*,#1189,.T.);
#764=ORIENTED_EDGE('',*,*,#1190,.T.);
#765=ORIENTED_EDGE('',*,*,#1191,.T.);
#766=ORIENTED_EDGE('',*,*,#1187,.F.);
#767=ORIENTED_EDGE('',*,*,#1192,.T.);
#768=ORIENTED_EDGE('',*,*,#1193,.T.);
#769=ORIENTED_EDGE('',*,*,#1194,.T.);
#770=ORIENTED_EDGE('',*,*,#1195,.T.);
#771=ORIENTED_EDGE('',*,*,#1196,.T.);
#772=ORIENTED_EDGE('',*,*,#1190,.F.);
#773=ORIENTED_EDGE('',*,*,#1197,.T.);
#774=ORIENTED_EDGE('',*,*,#1172,.T.);
#775=ORIENTED_EDGE('',*,*,#1198,.T.);
#776=ORIENTED_EDGE('',*,*,#1195,.F.);
#777=ORIENTED_EDGE('',*,*,#1199,.T.);
#778=ORIENTED_EDGE('',*,*,#1200,.T.);
#779=ORIENTED_EDGE('',*,*,#1201,.T.);
#780=ORIENTED_EDGE('',*,*,#1199,.F.);
#781=ORIENTED_EDGE('',*,*,#1197,.F.);
#782=ORIENTED_EDGE('',*,*,#1192,.F.);
#783=ORIENTED_EDGE('',*,*,#1189,.F.);
#784=ORIENTED_EDGE('',*,*,#1184,.F.);
#785=ORIENTED_EDGE('',*,*,#1181,.F.);
#786=ORIENTED_EDGE('',*,*,#1176,.F.);
#787=ORIENTED_EDGE('',*,*,#1173,.F.);
#788=ORIENTED_EDGE('',*,*,#1171,.F.);
#789=ORIENTED_EDGE('',*,*,#1175,.F.);
#790=ORIENTED_EDGE('',*,*,#1180,.F.);
#791=ORIENTED_EDGE('',*,*,#1183,.F.);
#792=ORIENTED_EDGE('',*,*,#1188,.F.);
#793=ORIENTED_EDGE('',*,*,#1191,.F.);
#794=ORIENTED_EDGE('',*,*,#1196,.F.);
#795=ORIENTED_EDGE('',*,*,#1198,.F.);
#796=ORIENTED_EDGE('',*,*,#1177,.T.);
#797=ORIENTED_EDGE('',*,*,#1185,.T.);
#798=ORIENTED_EDGE('',*,*,#1178,.T.);
#799=ORIENTED_EDGE('',*,*,#1186,.T.);
#800=ORIENTED_EDGE('',*,*,#1200,.F.);
#801=ORIENTED_EDGE('',*,*,#1193,.F.);
#802=ORIENTED_EDGE('',*,*,#1201,.F.);
#803=ORIENTED_EDGE('',*,*,#1194,.F.);
#804=ORIENTED_EDGE('',*,*,#1202,.F.);
#805=ORIENTED_EDGE('',*,*,#1203,.F.);
#806=ORIENTED_EDGE('',*,*,#1204,.F.);
#807=ORIENTED_EDGE('',*,*,#1205,.F.);
#808=ORIENTED_EDGE('',*,*,#1206,.F.);
#809=ORIENTED_EDGE('',*,*,#1207,.F.);
#810=ORIENTED_EDGE('',*,*,#1208,.F.);
#811=ORIENTED_EDGE('',*,*,#1209,.F.);
#812=ORIENTED_EDGE('',*,*,#1210,.F.);
#813=ORIENTED_EDGE('',*,*,#1211,.F.);
#814=ORIENTED_EDGE('',*,*,#1212,.F.);
#815=ORIENTED_EDGE('',*,*,#1213,.F.);
#816=ORIENTED_EDGE('',*,*,#1214,.T.);
#817=ORIENTED_EDGE('',*,*,#1215,.F.);
#818=ORIENTED_EDGE('',*,*,#1216,.F.);
#819=ORIENTED_EDGE('',*,*,#1217,.T.);
#820=ORIENTED_EDGE('',*,*,#1218,.T.);
#821=ORIENTED_EDGE('',*,*,#1219,.F.);
#822=ORIENTED_EDGE('',*,*,#1220,.T.);
#823=ORIENTED_EDGE('',*,*,#1221,.T.);
#824=ORIENTED_EDGE('',*,*,#1222,.F.);
#825=ORIENTED_EDGE('',*,*,#1223,.T.);
#826=ORIENTED_EDGE('',*,*,#1224,.T.);
#827=ORIENTED_EDGE('',*,*,#1225,.F.);
#828=ORIENTED_EDGE('',*,*,#1226,.T.);
#829=ORIENTED_EDGE('',*,*,#1227,.T.);
#830=ORIENTED_EDGE('',*,*,#1228,.F.);
#831=ORIENTED_EDGE('',*,*,#1229,.T.);
#832=ORIENTED_EDGE('',*,*,#1230,.T.);
#833=ORIENTED_EDGE('',*,*,#1231,.F.);
#834=ORIENTED_EDGE('',*,*,#1232,.T.);
#835=ORIENTED_EDGE('',*,*,#1214,.F.);
#836=ORIENTED_EDGE('',*,*,#1233,.T.);
#837=ORIENTED_EDGE('',*,*,#1202,.T.);
#838=ORIENTED_EDGE('',*,*,#1205,.T.);
#839=ORIENTED_EDGE('',*,*,#1208,.T.);
#840=ORIENTED_EDGE('',*,*,#1211,.T.);
#841=ORIENTED_EDGE('',*,*,#1234,.T.);
#842=ORIENTED_EDGE('',*,*,#1203,.T.);
#843=ORIENTED_EDGE('',*,*,#1235,.T.);
#844=ORIENTED_EDGE('',*,*,#1236,.F.);
#845=ORIENTED_EDGE('',*,*,#1237,.F.);
#846=ORIENTED_EDGE('',*,*,#1230,.F.);
#847=ORIENTED_EDGE('',*,*,#1238,.T.);
#848=ORIENTED_EDGE('',*,*,#1206,.T.);
#849=ORIENTED_EDGE('',*,*,#1204,.T.);
#850=ORIENTED_EDGE('',*,*,#1234,.F.);
#851=ORIENTED_EDGE('',*,*,#1229,.F.);
#852=ORIENTED_EDGE('',*,*,#1227,.F.);
#853=ORIENTED_EDGE('',*,*,#1239,.T.);
#854=ORIENTED_EDGE('',*,*,#1209,.T.);
#855=ORIENTED_EDGE('',*,*,#1207,.T.);
#856=ORIENTED_EDGE('',*,*,#1238,.F.);
#857=ORIENTED_EDGE('',*,*,#1226,.F.);
#858=ORIENTED_EDGE('',*,*,#1224,.F.);
#859=ORIENTED_EDGE('',*,*,#1240,.T.);
#860=ORIENTED_EDGE('',*,*,#1212,.T.);
#861=ORIENTED_EDGE('',*,*,#1210,.T.);
#862=ORIENTED_EDGE('',*,*,#1239,.F.);
#863=ORIENTED_EDGE('',*,*,#1223,.F.);
#864=ORIENTED_EDGE('',*,*,#1221,.F.);
#865=ORIENTED_EDGE('',*,*,#1241,.T.);
#866=ORIENTED_EDGE('',*,*,#1215,.T.);
#867=ORIENTED_EDGE('',*,*,#1213,.T.);
#868=ORIENTED_EDGE('',*,*,#1240,.F.);
#869=ORIENTED_EDGE('',*,*,#1220,.F.);
#870=ORIENTED_EDGE('',*,*,#1218,.F.);
#871=ORIENTED_EDGE('',*,*,#1236,.T.);
#872=ORIENTED_EDGE('',*,*,#1242,.T.);
#873=ORIENTED_EDGE('',*,*,#1216,.T.);
#874=ORIENTED_EDGE('',*,*,#1241,.F.);
#875=ORIENTED_EDGE('',*,*,#1217,.F.);
#876=ORIENTED_EDGE('',*,*,#1243,.F.);
#877=ORIENTED_EDGE('',*,*,#1231,.T.);
#878=ORIENTED_EDGE('',*,*,#1244,.T.);
#879=ORIENTED_EDGE('',*,*,#1219,.T.);
#880=ORIENTED_EDGE('',*,*,#1222,.T.);
#881=ORIENTED_EDGE('',*,*,#1225,.T.);
#882=ORIENTED_EDGE('',*,*,#1228,.T.);
#883=ORIENTED_EDGE('',*,*,#1245,.F.);
#884=ORIENTED_EDGE('',*,*,#1232,.F.);
#885=ORIENTED_EDGE('',*,*,#1245,.T.);
#886=ORIENTED_EDGE('',*,*,#1244,.F.);
#887=ORIENTED_EDGE('',*,*,#1237,.T.);
#888=ORIENTED_EDGE('',*,*,#1243,.T.);
#889=ORIENTED_EDGE('',*,*,#1233,.F.);
#890=ORIENTED_EDGE('',*,*,#1242,.F.);
#891=ORIENTED_EDGE('',*,*,#1235,.F.);
#892=ORIENTED_EDGE('',*,*,#1246,.T.);
#893=ORIENTED_EDGE('',*,*,#1247,.T.);
#894=ORIENTED_EDGE('',*,*,#1248,.T.);
#895=ORIENTED_EDGE('',*,*,#1249,.T.);
#896=ORIENTED_EDGE('',*,*,#1250,.T.);
#897=ORIENTED_EDGE('',*,*,#1251,.T.);
#898=ORIENTED_EDGE('',*,*,#1252,.T.);
#899=ORIENTED_EDGE('',*,*,#1253,.T.);
#900=ORIENTED_EDGE('',*,*,#1248,.F.);
#901=ORIENTED_EDGE('',*,*,#1254,.T.);
#902=ORIENTED_EDGE('',*,*,#1255,.T.);
#903=ORIENTED_EDGE('',*,*,#1249,.F.);
#904=ORIENTED_EDGE('',*,*,#1256,.T.);
#905=ORIENTED_EDGE('',*,*,#1257,.T.);
#906=ORIENTED_EDGE('',*,*,#1250,.F.);
#907=ORIENTED_EDGE('',*,*,#1258,.T.);
#908=ORIENTED_EDGE('',*,*,#1259,.T.);
#909=ORIENTED_EDGE('',*,*,#1251,.F.);
#910=ORIENTED_EDGE('',*,*,#1260,.T.);
#911=ORIENTED_EDGE('',*,*,#1261,.T.);
#912=ORIENTED_EDGE('',*,*,#1246,.F.);
#913=ORIENTED_EDGE('',*,*,#1262,.T.);
#914=ORIENTED_EDGE('',*,*,#1263,.F.);
#915=ORIENTED_EDGE('',*,*,#1264,.F.);
#916=ORIENTED_EDGE('',*,*,#1265,.F.);
#917=ORIENTED_EDGE('',*,*,#1266,.F.);
#918=ORIENTED_EDGE('',*,*,#1267,.F.);
#919=ORIENTED_EDGE('',*,*,#1268,.F.);
#920=ORIENTED_EDGE('',*,*,#1269,.F.);
#921=ORIENTED_EDGE('',*,*,#1261,.F.);
#922=ORIENTED_EDGE('',*,*,#1270,.T.);
#923=ORIENTED_EDGE('',*,*,#1265,.T.);
#924=ORIENTED_EDGE('',*,*,#1271,.F.);
#925=ORIENTED_EDGE('',*,*,#1272,.F.);
#926=ORIENTED_EDGE('',*,*,#1259,.F.);
#927=ORIENTED_EDGE('',*,*,#1273,.T.);
#928=ORIENTED_EDGE('',*,*,#1266,.T.);
#929=ORIENTED_EDGE('',*,*,#1270,.F.);
#930=ORIENTED_EDGE('',*,*,#1260,.F.);
#931=ORIENTED_EDGE('',*,*,#1257,.F.);
#932=ORIENTED_EDGE('',*,*,#1274,.T.);
#933=ORIENTED_EDGE('',*,*,#1267,.T.);
#934=ORIENTED_EDGE('',*,*,#1273,.F.);
#935=ORIENTED_EDGE('',*,*,#1258,.F.);
#936=ORIENTED_EDGE('',*,*,#1255,.F.);
#937=ORIENTED_EDGE('',*,*,#1275,.T.);
#938=ORIENTED_EDGE('',*,*,#1268,.T.);
#939=ORIENTED_EDGE('',*,*,#1274,.F.);
#940=ORIENTED_EDGE('',*,*,#1256,.F.);
#941=ORIENTED_EDGE('',*,*,#1253,.F.);
#942=ORIENTED_EDGE('',*,*,#1276,.T.);
#943=ORIENTED_EDGE('',*,*,#1269,.T.);
#944=ORIENTED_EDGE('',*,*,#1275,.F.);
#945=ORIENTED_EDGE('',*,*,#1254,.F.);
#946=ORIENTED_EDGE('',*,*,#1277,.F.);
#947=ORIENTED_EDGE('',*,*,#1271,.T.);
#948=ORIENTED_EDGE('',*,*,#1264,.T.);
#949=ORIENTED_EDGE('',*,*,#1276,.F.);
#950=ORIENTED_EDGE('',*,*,#1252,.F.);
#951=ORIENTED_EDGE('',*,*,#1263,.T.);
#952=ORIENTED_EDGE('',*,*,#1278,.T.);
#953=ORIENTED_EDGE('',*,*,#1247,.F.);
#954=ORIENTED_EDGE('',*,*,#1272,.T.);
#955=ORIENTED_EDGE('',*,*,#1277,.T.);
#956=ORIENTED_EDGE('',*,*,#1278,.F.);
#957=ORIENTED_EDGE('',*,*,#1262,.F.);
#958=ORIENTED_EDGE('',*,*,#1279,.T.);
#959=ORIENTED_EDGE('',*,*,#1280,.T.);
#960=ORIENTED_EDGE('',*,*,#1281,.F.);
#961=ORIENTED_EDGE('',*,*,#1282,.T.);
#962=ORIENTED_EDGE('',*,*,#1283,.T.);
#963=ORIENTED_EDGE('',*,*,#1284,.T.);
#964=ORIENTED_EDGE('',*,*,#1279,.F.);
#965=ORIENTED_EDGE('',*,*,#1285,.T.);
#966=ORIENTED_EDGE('',*,*,#1286,.T.);
#967=ORIENTED_EDGE('',*,*,#1287,.T.);
#968=ORIENTED_EDGE('',*,*,#1288,.T.);
#969=ORIENTED_EDGE('',*,*,#1289,.T.);
#970=ORIENTED_EDGE('',*,*,#1283,.F.);
#971=ORIENTED_EDGE('',*,*,#1290,.T.);
#972=ORIENTED_EDGE('',*,*,#1291,.T.);
#973=ORIENTED_EDGE('',*,*,#1292,.T.);
#974=ORIENTED_EDGE('',*,*,#1288,.F.);
#975=ORIENTED_EDGE('',*,*,#1293,.T.);
#976=ORIENTED_EDGE('',*,*,#1294,.F.);
#977=ORIENTED_EDGE('',*,*,#1295,.F.);
#978=ORIENTED_EDGE('',*,*,#1296,.T.);
#979=ORIENTED_EDGE('',*,*,#1297,.T.);
#980=ORIENTED_EDGE('',*,*,#1291,.F.);
#981=ORIENTED_EDGE('',*,*,#1298,.T.);
#982=ORIENTED_EDGE('',*,*,#1299,.T.);
#983=ORIENTED_EDGE('',*,*,#1300,.T.);
#984=ORIENTED_EDGE('',*,*,#1296,.F.);
#985=ORIENTED_EDGE('',*,*,#1301,.T.);
#986=ORIENTED_EDGE('',*,*,#1302,.T.);
#987=ORIENTED_EDGE('',*,*,#1303,.T.);
#988=ORIENTED_EDGE('',*,*,#1299,.F.);
#989=ORIENTED_EDGE('',*,*,#1304,.T.);
#990=ORIENTED_EDGE('',*,*,#1281,.T.);
#991=ORIENTED_EDGE('',*,*,#1305,.T.);
#992=ORIENTED_EDGE('',*,*,#1302,.F.);
#993=ORIENTED_EDGE('',*,*,#1306,.T.);
#994=ORIENTED_EDGE('',*,*,#1306,.F.);
#995=ORIENTED_EDGE('',*,*,#1304,.F.);
#996=ORIENTED_EDGE('',*,*,#1301,.F.);
#997=ORIENTED_EDGE('',*,*,#1298,.F.);
#998=ORIENTED_EDGE('',*,*,#1293,.F.);
#999=ORIENTED_EDGE('',*,*,#1290,.F.);
#1000=ORIENTED_EDGE('',*,*,#1285,.F.);
#1001=ORIENTED_EDGE('',*,*,#1282,.F.);
#1002=ORIENTED_EDGE('',*,*,#1280,.F.);
#1003=ORIENTED_EDGE('',*,*,#1284,.F.);
#1004=ORIENTED_EDGE('',*,*,#1289,.F.);
#1005=ORIENTED_EDGE('',*,*,#1292,.F.);
#1006=ORIENTED_EDGE('',*,*,#1297,.F.);
#1007=ORIENTED_EDGE('',*,*,#1300,.F.);
#1008=ORIENTED_EDGE('',*,*,#1303,.F.);
#1009=ORIENTED_EDGE('',*,*,#1305,.F.);
#1010=ORIENTED_EDGE('',*,*,#1294,.T.);
#1011=ORIENTED_EDGE('',*,*,#1286,.F.);
#1012=ORIENTED_EDGE('',*,*,#1295,.T.);
#1013=ORIENTED_EDGE('',*,*,#1287,.F.);
#1014=ORIENTED_EDGE('',*,*,#1307,.T.);
#1015=ORIENTED_EDGE('',*,*,#1308,.T.);
#1016=ORIENTED_EDGE('',*,*,#1309,.T.);
#1017=ORIENTED_EDGE('',*,*,#1310,.T.);
#1018=ORIENTED_EDGE('',*,*,#1311,.T.);
#1019=ORIENTED_EDGE('',*,*,#1312,.T.);
#1020=ORIENTED_EDGE('',*,*,#1313,.T.);
#1021=ORIENTED_EDGE('',*,*,#1314,.T.);
#1022=ORIENTED_EDGE('',*,*,#1309,.F.);
#1023=ORIENTED_EDGE('',*,*,#1315,.T.);
#1024=ORIENTED_EDGE('',*,*,#1316,.T.);
#1025=ORIENTED_EDGE('',*,*,#1310,.F.);
#1026=ORIENTED_EDGE('',*,*,#1317,.T.);
#1027=ORIENTED_EDGE('',*,*,#1318,.T.);
#1028=ORIENTED_EDGE('',*,*,#1311,.F.);
#1029=ORIENTED_EDGE('',*,*,#1319,.T.);
#1030=ORIENTED_EDGE('',*,*,#1320,.T.);
#1031=ORIENTED_EDGE('',*,*,#1312,.F.);
#1032=ORIENTED_EDGE('',*,*,#1321,.T.);
#1033=ORIENTED_EDGE('',*,*,#1322,.T.);
#1034=ORIENTED_EDGE('',*,*,#1307,.F.);
#1035=ORIENTED_EDGE('',*,*,#1323,.T.);
#1036=ORIENTED_EDGE('',*,*,#1324,.F.);
#1037=ORIENTED_EDGE('',*,*,#1325,.F.);
#1038=ORIENTED_EDGE('',*,*,#1326,.F.);
#1039=ORIENTED_EDGE('',*,*,#1327,.F.);
#1040=ORIENTED_EDGE('',*,*,#1328,.F.);
#1041=ORIENTED_EDGE('',*,*,#1329,.F.);
#1042=ORIENTED_EDGE('',*,*,#1330,.F.);
#1043=ORIENTED_EDGE('',*,*,#1322,.F.);
#1044=ORIENTED_EDGE('',*,*,#1331,.T.);
#1045=ORIENTED_EDGE('',*,*,#1326,.T.);
#1046=ORIENTED_EDGE('',*,*,#1332,.F.);
#1047=ORIENTED_EDGE('',*,*,#1333,.F.);
#1048=ORIENTED_EDGE('',*,*,#1320,.F.);
#1049=ORIENTED_EDGE('',*,*,#1334,.T.);
#1050=ORIENTED_EDGE('',*,*,#1327,.T.);
#1051=ORIENTED_EDGE('',*,*,#1331,.F.);
#1052=ORIENTED_EDGE('',*,*,#1321,.F.);
#1053=ORIENTED_EDGE('',*,*,#1318,.F.);
#1054=ORIENTED_EDGE('',*,*,#1335,.T.);
#1055=ORIENTED_EDGE('',*,*,#1328,.T.);
#1056=ORIENTED_EDGE('',*,*,#1334,.F.);
#1057=ORIENTED_EDGE('',*,*,#1319,.F.);
#1058=ORIENTED_EDGE('',*,*,#1316,.F.);
#1059=ORIENTED_EDGE('',*,*,#1336,.T.);
#1060=ORIENTED_EDGE('',*,*,#1329,.T.);
#1061=ORIENTED_EDGE('',*,*,#1335,.F.);
#1062=ORIENTED_EDGE('',*,*,#1317,.F.);
#1063=ORIENTED_EDGE('',*,*,#1314,.F.);
#1064=ORIENTED_EDGE('',*,*,#1337,.T.);
#1065=ORIENTED_EDGE('',*,*,#1330,.T.);
#1066=ORIENTED_EDGE('',*,*,#1336,.F.);
#1067=ORIENTED_EDGE('',*,*,#1315,.F.);
#1068=ORIENTED_EDGE('',*,*,#1338,.F.);
#1069=ORIENTED_EDGE('',*,*,#1332,.T.);
#1070=ORIENTED_EDGE('',*,*,#1325,.T.);
#1071=ORIENTED_EDGE('',*,*,#1337,.F.);
#1072=ORIENTED_EDGE('',*,*,#1313,.F.);
#1073=ORIENTED_EDGE('',*,*,#1324,.T.);
#1074=ORIENTED_EDGE('',*,*,#1339,.T.);
#1075=ORIENTED_EDGE('',*,*,#1308,.F.);
#1076=ORIENTED_EDGE('',*,*,#1333,.T.);
#1077=ORIENTED_EDGE('',*,*,#1338,.T.);
#1078=ORIENTED_EDGE('',*,*,#1339,.F.);
#1079=ORIENTED_EDGE('',*,*,#1323,.F.);
#1080=EDGE_CURVE('',#1340,#1340,#1518,.T.);
#1081=EDGE_CURVE('',#1341,#1341,#1519,.T.);
#1082=EDGE_CURVE('',#1342,#1342,#1520,.T.);
#1083=EDGE_CURVE('',#1343,#1343,#1521,.T.);
#1084=EDGE_CURVE('',#1344,#1345,#1522,.T.);
#1085=EDGE_CURVE('',#1346,#1344,#100,.T.);
#1086=EDGE_CURVE('',#1347,#1346,#1523,.T.);
#1087=EDGE_CURVE('',#1345,#1347,#101,.T.);
#1088=EDGE_CURVE('',#1348,#1349,#1524,.T.);
#1089=EDGE_CURVE('',#1350,#1348,#102,.T.);
#1090=EDGE_CURVE('',#1351,#1350,#1525,.T.);
#1091=EDGE_CURVE('',#1349,#1351,#103,.T.);
#1092=EDGE_CURVE('',#1352,#1353,#1526,.T.);
#1093=EDGE_CURVE('',#1354,#1352,#104,.T.);
#1094=EDGE_CURVE('',#1355,#1354,#1527,.T.);
#1095=EDGE_CURVE('',#1353,#1355,#105,.T.);
#1096=EDGE_CURVE('',#1356,#1357,#1528,.T.);
#1097=EDGE_CURVE('',#1358,#1356,#106,.T.);
#1098=EDGE_CURVE('',#1359,#1358,#1529,.T.);
#1099=EDGE_CURVE('',#1357,#1359,#107,.T.);
#1100=EDGE_CURVE('',#1359,#1346,#108,.T.);
#1101=EDGE_CURVE('',#1355,#1358,#109,.T.);
#1102=EDGE_CURVE('',#1351,#1354,#110,.T.);
#1103=EDGE_CURVE('',#1347,#1350,#111,.T.);
#1104=EDGE_CURVE('',#1360,#1360,#1530,.T.);
#1105=EDGE_CURVE('',#1353,#1356,#112,.T.);
#1106=EDGE_CURVE('',#1357,#1344,#113,.T.);
#1107=EDGE_CURVE('',#1345,#1348,#114,.T.);
#1108=EDGE_CURVE('',#1349,#1352,#115,.T.);
#1109=EDGE_CURVE('',#1361,#1361,#1531,.T.);
#1110=EDGE_CURVE('',#1362,#1363,#116,.T.);
#1111=EDGE_CURVE('',#1362,#1364,#84,.T.);
#1112=EDGE_CURVE('',#1364,#1365,#117,.T.);
#1113=EDGE_CURVE('',#1365,#1363,#85,.T.);
#1114=EDGE_CURVE('',#1364,#1366,#118,.T.);
#1115=EDGE_CURVE('',#1366,#1367,#119,.T.);
#1116=EDGE_CURVE('',#1367,#1365,#120,.T.);
#1117=EDGE_CURVE('',#1368,#1368,#1532,.T.);
#1118=EDGE_CURVE('',#1369,#1369,#1533,.T.);
#1119=EDGE_CURVE('',#1366,#1370,#121,.T.);
#1120=EDGE_CURVE('',#1370,#1371,#122,.T.);
#1121=EDGE_CURVE('',#1371,#1367,#123,.T.);
#1122=EDGE_CURVE('',#1370,#1372,#124,.T.);
#1123=EDGE_CURVE('',#1372,#1373,#125,.T.);
#1124=EDGE_CURVE('',#1373,#1371,#126,.T.);
#1125=EDGE_CURVE('',#1374,#1374,#1534,.T.);
#1126=EDGE_CURVE('',#1375,#1375,#1535,.T.);
#1127=EDGE_CURVE('',#1372,#1376,#86,.T.);
#1128=EDGE_CURVE('',#1376,#1377,#127,.T.);
#1129=EDGE_CURVE('',#1377,#1373,#87,.T.);
#1130=EDGE_CURVE('',#1376,#1378,#128,.T.);
#1131=EDGE_CURVE('',#1378,#1379,#129,.T.);
#1132=EDGE_CURVE('',#1379,#1377,#130,.T.);
#1133=EDGE_CURVE('',#1378,#1380,#131,.T.);
#1134=EDGE_CURVE('',#1380,#1381,#132,.T.);
#1135=EDGE_CURVE('',#1381,#1379,#133,.T.);
#1136=EDGE_CURVE('',#1380,#1362,#134,.T.);
#1137=EDGE_CURVE('',#1363,#1381,#135,.T.);
#1138=EDGE_CURVE('',#1382,#1383,#136,.T.);
#1139=EDGE_CURVE('',#1383,#1384,#88,.T.);
#1140=EDGE_CURVE('',#1385,#1384,#137,.T.);
#1141=EDGE_CURVE('',#1385,#1382,#89,.T.);
#1142=EDGE_CURVE('',#1386,#1387,#138,.T.);
#1143=EDGE_CURVE('',#1387,#1383,#139,.T.);
#1144=EDGE_CURVE('',#1382,#1386,#140,.T.);
#1145=EDGE_CURVE('',#1388,#1388,#1536,.T.);
#1146=EDGE_CURVE('',#1389,#1389,#1537,.T.);
#1147=EDGE_CURVE('',#1390,#1391,#141,.T.);
#1148=EDGE_CURVE('',#1391,#1387,#142,.T.);
#1149=EDGE_CURVE('',#1386,#1390,#143,.T.);
#1150=EDGE_CURVE('',#1392,#1393,#144,.T.);
#1151=EDGE_CURVE('',#1393,#1391,#145,.T.);
#1152=EDGE_CURVE('',#1390,#1392,#146,.T.);
#1153=EDGE_CURVE('',#1394,#1394,#1538,.T.);
#1154=EDGE_CURVE('',#1395,#1395,#1539,.T.);
#1155=EDGE_CURVE('',#1396,#1397,#147,.T.);
#1156=EDGE_CURVE('',#1397,#1393,#90,.T.);
#1157=EDGE_CURVE('',#1392,#1396,#91,.T.);
#1158=EDGE_CURVE('',#1398,#1399,#148,.T.);
#1159=EDGE_CURVE('',#1399,#1397,#149,.T.);
#1160=EDGE_CURVE('',#1396,#1398,#150,.T.);
#1161=EDGE_CURVE('',#1400,#1400,#1540,.T.);
#1162=EDGE_CURVE('',#1401,#1401,#1541,.T.);
#1163=EDGE_CURVE('',#1402,#1403,#151,.T.);
#1164=EDGE_CURVE('',#1403,#1399,#152,.T.);
#1165=EDGE_CURVE('',#1398,#1402,#153,.T.);
#1166=EDGE_CURVE('',#1384,#1403,#154,.T.);
#1167=EDGE_CURVE('',#1402,#1385,#155,.T.);
#1168=EDGE_CURVE('',#1404,#1404,#1542,.T.);
#1169=EDGE_CURVE('',#1405,#1405,#1543,.T.);
#1170=EDGE_CURVE('',#1406,#1407,#156,.T.);
#1171=EDGE_CURVE('',#1407,#1408,#92,.T.);
#1172=EDGE_CURVE('',#1409,#1408,#157,.T.);
#1173=EDGE_CURVE('',#1409,#1406,#93,.T.);
#1174=EDGE_CURVE('',#1410,#1411,#158,.T.);
#1175=EDGE_CURVE('',#1411,#1407,#159,.T.);
#1176=EDGE_CURVE('',#1406,#1410,#160,.T.);
#1177=EDGE_CURVE('',#1412,#1412,#1544,.T.);
#1178=EDGE_CURVE('',#1413,#1413,#1545,.T.);
#1179=EDGE_CURVE('',#1414,#1415,#161,.T.);
#1180=EDGE_CURVE('',#1415,#1411,#162,.T.);
#1181=EDGE_CURVE('',#1410,#1414,#163,.T.);
#1182=EDGE_CURVE('',#1416,#1417,#164,.T.);
#1183=EDGE_CURVE('',#1417,#1415,#165,.T.);
#1184=EDGE_CURVE('',#1414,#1416,#166,.T.);
#1185=EDGE_CURVE('',#1418,#1418,#1546,.T.);
#1186=EDGE_CURVE('',#1419,#1419,#1547,.T.);
#1187=EDGE_CURVE('',#1420,#1421,#167,.T.);
#1188=EDGE_CURVE('',#1421,#1417,#94,.T.);
#1189=EDGE_CURVE('',#1416,#1420,#95,.T.);
#1190=EDGE_CURVE('',#1422,#1423,#168,.T.);
#1191=EDGE_CURVE('',#1423,#1421,#169,.T.);
#1192=EDGE_CURVE('',#1420,#1422,#170,.T.);
#1193=EDGE_CURVE('',#1424,#1424,#1548,.T.);
#1194=EDGE_CURVE('',#1425,#1425,#1549,.T.);
#1195=EDGE_CURVE('',#1426,#1427,#171,.T.);
#1196=EDGE_CURVE('',#1427,#1423,#172,.T.);
#1197=EDGE_CURVE('',#1422,#1426,#173,.T.);
#1198=EDGE_CURVE('',#1408,#1427,#174,.T.);
#1199=EDGE_CURVE('',#1426,#1409,#175,.T.);
#1200=EDGE_CURVE('',#1428,#1428,#1550,.T.);
#1201=EDGE_CURVE('',#1429,#1429,#1551,.T.);
#1202=EDGE_CURVE('',#1430,#1431,#1552,.T.);
#1203=EDGE_CURVE('',#1432,#1430,#10,.T.);
#1204=EDGE_CURVE('',#1431,#1432,#11,.T.);
#1205=EDGE_CURVE('',#1431,#1433,#1553,.T.);
#1206=EDGE_CURVE('',#1434,#1431,#12,.T.);
#1207=EDGE_CURVE('',#1433,#1434,#13,.T.);
#1208=EDGE_CURVE('',#1433,#1435,#1554,.T.);
#1209=EDGE_CURVE('',#1436,#1433,#14,.T.);
#1210=EDGE_CURVE('',#1435,#1436,#15,.T.);
#1211=EDGE_CURVE('',#1435,#1437,#1555,.T.);
#1212=EDGE_CURVE('',#1438,#1435,#16,.T.);
#1213=EDGE_CURVE('',#1437,#1438,#17,.T.);
#1214=EDGE_CURVE('',#1439,#1437,#1556,.T.);
#1215=EDGE_CURVE('',#1440,#1437,#18,.T.);
#1216=EDGE_CURVE('',#1439,#1440,#19,.T.);
#1217=EDGE_CURVE('',#1441,#1442,#20,.T.);
#1218=EDGE_CURVE('',#1442,#1443,#21,.T.);
#1219=EDGE_CURVE('',#1441,#1443,#1557,.T.);
#1220=EDGE_CURVE('',#1443,#1444,#22,.T.);
#1221=EDGE_CURVE('',#1444,#1445,#23,.T.);
#1222=EDGE_CURVE('',#1443,#1445,#1558,.T.);
#1223=EDGE_CURVE('',#1445,#1446,#24,.T.);
#1224=EDGE_CURVE('',#1446,#1447,#25,.T.);
#1225=EDGE_CURVE('',#1445,#1447,#1559,.T.);
#1226=EDGE_CURVE('',#1447,#1448,#26,.T.);
#1227=EDGE_CURVE('',#1448,#1449,#27,.T.);
#1228=EDGE_CURVE('',#1447,#1449,#1560,.T.);
#1229=EDGE_CURVE('',#1449,#1450,#28,.T.);
#1230=EDGE_CURVE('',#1450,#1451,#29,.T.);
#1231=EDGE_CURVE('',#1449,#1451,#1561,.T.);
#1232=EDGE_CURVE('',#1452,#1452,#1562,.T.);
#1233=EDGE_CURVE('',#1439,#1430,#1563,.T.);
#1234=EDGE_CURVE('',#1450,#1432,#176,.T.);
#1235=EDGE_CURVE('',#1430,#1453,#30,.T.);
#1236=EDGE_CURVE('',#1454,#1453,#177,.T.);
#1237=EDGE_CURVE('',#1451,#1454,#31,.T.);
#1238=EDGE_CURVE('',#1448,#1434,#178,.T.);
#1239=EDGE_CURVE('',#1446,#1436,#179,.T.);
#1240=EDGE_CURVE('',#1444,#1438,#180,.T.);
#1241=EDGE_CURVE('',#1442,#1440,#181,.T.);
#1242=EDGE_CURVE('',#1453,#1439,#32,.T.);
#1243=EDGE_CURVE('',#1454,#1441,#33,.T.);
#1244=EDGE_CURVE('',#1451,#1441,#1564,.T.);
#1245=EDGE_CURVE('',#1455,#1455,#1565,.T.);
#1246=EDGE_CURVE('',#1456,#1457,#1566,.T.);
#1247=EDGE_CURVE('',#1457,#1458,#1567,.T.);
#1248=EDGE_CURVE('',#1458,#1459,#1568,.T.);
#1249=EDGE_CURVE('',#1459,#1460,#1569,.T.);
#1250=EDGE_CURVE('',#1460,#1461,#1570,.T.);
#1251=EDGE_CURVE('',#1461,#1456,#1571,.T.);
#1252=EDGE_CURVE('',#1458,#1462,#34,.T.);
#1253=EDGE_CURVE('',#1462,#1459,#35,.T.);
#1254=EDGE_CURVE('',#1459,#1463,#36,.T.);
#1255=EDGE_CURVE('',#1463,#1460,#37,.T.);
#1256=EDGE_CURVE('',#1460,#1464,#38,.T.);
#1257=EDGE_CURVE('',#1464,#1461,#39,.T.);
#1258=EDGE_CURVE('',#1461,#1465,#40,.T.);
#1259=EDGE_CURVE('',#1465,#1456,#41,.T.);
#1260=EDGE_CURVE('',#1456,#1466,#42,.T.);
#1261=EDGE_CURVE('',#1466,#1457,#43,.T.);
#1262=EDGE_CURVE('',#1467,#1467,#1572,.T.);
#1263=EDGE_CURVE('',#1468,#1468,#1573,.T.);
#1264=EDGE_CURVE('',#1469,#1470,#182,.T.);
#1265=EDGE_CURVE('',#1471,#1469,#183,.T.);
#1266=EDGE_CURVE('',#1472,#1471,#184,.T.);
#1267=EDGE_CURVE('',#1473,#1472,#185,.T.);
#1268=EDGE_CURVE('',#1474,#1473,#186,.T.);
#1269=EDGE_CURVE('',#1470,#1474,#187,.T.);
#1270=EDGE_CURVE('',#1466,#1471,#188,.T.);
#1271=EDGE_CURVE('',#1475,#1469,#189,.T.);
#1272=EDGE_CURVE('',#1457,#1475,#44,.T.);
#1273=EDGE_CURVE('',#1465,#1472,#190,.T.);
#1274=EDGE_CURVE('',#1464,#1473,#191,.T.);
#1275=EDGE_CURVE('',#1463,#1474,#192,.T.);
#1276=EDGE_CURVE('',#1462,#1470,#193,.T.);
#1277=EDGE_CURVE('',#1475,#1458,#45,.T.);
#1278=EDGE_CURVE('',#1476,#1476,#1574,.T.);
#1279=EDGE_CURVE('',#1477,#1478,#194,.T.);
#1280=EDGE_CURVE('',#1478,#1479,#96,.T.);
#1281=EDGE_CURVE('',#1480,#1479,#195,.T.);
#1282=EDGE_CURVE('',#1480,#1477,#97,.T.);
#1283=EDGE_CURVE('',#1481,#1482,#196,.T.);
#1284=EDGE_CURVE('',#1482,#1478,#197,.T.);
#1285=EDGE_CURVE('',#1477,#1481,#198,.T.);
#1286=EDGE_CURVE('',#1483,#1483,#1575,.T.);
#1287=EDGE_CURVE('',#1484,#1484,#1576,.T.);
#1288=EDGE_CURVE('',#1485,#1486,#199,.T.);
#1289=EDGE_CURVE('',#1486,#1482,#200,.T.);
#1290=EDGE_CURVE('',#1481,#1485,#201,.T.);
#1291=EDGE_CURVE('',#1487,#1488,#202,.T.);
#1292=EDGE_CURVE('',#1488,#1486,#203,.T.);
#1293=EDGE_CURVE('',#1485,#1487,#204,.T.);
#1294=EDGE_CURVE('',#1489,#1489,#1577,.T.);
#1295=EDGE_CURVE('',#1490,#1490,#1578,.T.);
#1296=EDGE_CURVE('',#1491,#1492,#205,.T.);
#1297=EDGE_CURVE('',#1492,#1488,#98,.T.);
#1298=EDGE_CURVE('',#1487,#1491,#99,.T.);
#1299=EDGE_CURVE('',#1493,#1494,#206,.T.);
#1300=EDGE_CURVE('',#1494,#1492,#207,.T.);
#1301=EDGE_CURVE('',#1491,#1493,#208,.T.);
#1302=EDGE_CURVE('',#1495,#1496,#209,.T.);
#1303=EDGE_CURVE('',#1496,#1494,#210,.T.);
#1304=EDGE_CURVE('',#1493,#1495,#211,.T.);
#1305=EDGE_CURVE('',#1479,#1496,#212,.T.);
#1306=EDGE_CURVE('',#1495,#1480,#213,.T.);
#1307=EDGE_CURVE('',#1497,#1498,#1579,.T.);
#1308=EDGE_CURVE('',#1498,#1499,#1580,.T.);
#1309=EDGE_CURVE('',#1499,#1500,#1581,.T.);
#1310=EDGE_CURVE('',#1500,#1501,#1582,.T.);
#1311=EDGE_CURVE('',#1501,#1502,#1583,.T.);
#1312=EDGE_CURVE('',#1502,#1497,#1584,.T.);
#1313=EDGE_CURVE('',#1499,#1503,#46,.T.);
#1314=EDGE_CURVE('',#1503,#1500,#47,.T.);
#1315=EDGE_CURVE('',#1500,#1504,#48,.T.);
#1316=EDGE_CURVE('',#1504,#1501,#49,.T.);
#1317=EDGE_CURVE('',#1501,#1505,#50,.T.);
#1318=EDGE_CURVE('',#1505,#1502,#51,.T.);
#1319=EDGE_CURVE('',#1502,#1506,#52,.T.);
#1320=EDGE_CURVE('',#1506,#1497,#53,.T.);
#1321=EDGE_CURVE('',#1497,#1507,#54,.T.);
#1322=EDGE_CURVE('',#1507,#1498,#55,.T.);
#1323=EDGE_CURVE('',#1508,#1508,#1585,.T.);
#1324=EDGE_CURVE('',#1509,#1509,#1586,.T.);
#1325=EDGE_CURVE('',#1510,#1511,#214,.T.);
#1326=EDGE_CURVE('',#1512,#1510,#215,.T.);
#1327=EDGE_CURVE('',#1513,#1512,#216,.T.);
#1328=EDGE_CURVE('',#1514,#1513,#217,.T.);
#1329=EDGE_CURVE('',#1515,#1514,#218,.T.);
#1330=EDGE_CURVE('',#1511,#1515,#219,.T.);
#1331=EDGE_CURVE('',#1507,#1512,#220,.T.);
#1332=EDGE_CURVE('',#1516,#1510,#221,.T.);
#1333=EDGE_CURVE('',#1498,#1516,#56,.T.);
#1334=EDGE_CURVE('',#1506,#1513,#222,.T.);
#1335=EDGE_CURVE('',#1505,#1514,#223,.T.);
#1336=EDGE_CURVE('',#1504,#1515,#224,.T.);
#1337=EDGE_CURVE('',#1503,#1511,#225,.T.);
#1338=EDGE_CURVE('',#1516,#1499,#57,.T.);
#1339=EDGE_CURVE('',#1517,#1517,#1587,.T.);
#1340=VERTEX_POINT('',#3109);
#1341=VERTEX_POINT('',#3111);
#1342=VERTEX_POINT('',#3114);
#1343=VERTEX_POINT('',#3116);
#1344=VERTEX_POINT('',#3122);
#1345=VERTEX_POINT('',#3123);
#1346=VERTEX_POINT('',#3125);
#1347=VERTEX_POINT('',#3127);
#1348=VERTEX_POINT('',#3131);
#1349=VERTEX_POINT('',#3132);
#1350=VERTEX_POINT('',#3134);
#1351=VERTEX_POINT('',#3136);
#1352=VERTEX_POINT('',#3140);
#1353=VERTEX_POINT('',#3141);
#1354=VERTEX_POINT('',#3143);
#1355=VERTEX_POINT('',#3145);
#1356=VERTEX_POINT('',#3149);
#1357=VERTEX_POINT('',#3150);
#1358=VERTEX_POINT('',#3152);
#1359=VERTEX_POINT('',#3154);
#1360=VERTEX_POINT('',#3162);
#1361=VERTEX_POINT('',#3169);
#1362=VERTEX_POINT('',#3180);
#1363=VERTEX_POINT('',#3181);
#1364=VERTEX_POINT('',#3183);
#1365=VERTEX_POINT('',#3185);
#1366=VERTEX_POINT('',#3189);
#1367=VERTEX_POINT('',#3191);
#1368=VERTEX_POINT('',#3194);
#1369=VERTEX_POINT('',#3196);
#1370=VERTEX_POINT('',#3199);
#1371=VERTEX_POINT('',#3201);
#1372=VERTEX_POINT('',#3205);
#1373=VERTEX_POINT('',#3207);
#1374=VERTEX_POINT('',#3210);
#1375=VERTEX_POINT('',#3212);
#1376=VERTEX_POINT('',#3215);
#1377=VERTEX_POINT('',#3217);
#1378=VERTEX_POINT('',#3221);
#1379=VERTEX_POINT('',#3223);
#1380=VERTEX_POINT('',#3227);
#1381=VERTEX_POINT('',#3229);
#1382=VERTEX_POINT('',#3241);
#1383=VERTEX_POINT('',#3242);
#1384=VERTEX_POINT('',#3244);
#1385=VERTEX_POINT('',#3246);
#1386=VERTEX_POINT('',#3250);
#1387=VERTEX_POINT('',#3251);
#1388=VERTEX_POINT('',#3255);
#1389=VERTEX_POINT('',#3257);
#1390=VERTEX_POINT('',#3260);
#1391=VERTEX_POINT('',#3261);
#1392=VERTEX_POINT('',#3266);
#1393=VERTEX_POINT('',#3267);
#1394=VERTEX_POINT('',#3271);
#1395=VERTEX_POINT('',#3273);
#1396=VERTEX_POINT('',#3276);
#1397=VERTEX_POINT('',#3277);
#1398=VERTEX_POINT('',#3282);
#1399=VERTEX_POINT('',#3283);
#1400=VERTEX_POINT('',#3287);
#1401=VERTEX_POINT('',#3289);
#1402=VERTEX_POINT('',#3292);
#1403=VERTEX_POINT('',#3293);
#1404=VERTEX_POINT('',#3300);
#1405=VERTEX_POINT('',#3302);
#1406=VERTEX_POINT('',#3312);
#1407=VERTEX_POINT('',#3313);
#1408=VERTEX_POINT('',#3315);
#1409=VERTEX_POINT('',#3317);
#1410=VERTEX_POINT('',#3321);
#1411=VERTEX_POINT('',#3322);
#1412=VERTEX_POINT('',#3326);
#1413=VERTEX_POINT('',#3328);
#1414=VERTEX_POINT('',#3331);
#1415=VERTEX_POINT('',#3332);
#1416=VERTEX_POINT('',#3337);
#1417=VERTEX_POINT('',#3338);
#1418=VERTEX_POINT('',#3342);
#1419=VERTEX_POINT('',#3344);
#1420=VERTEX_POINT('',#3347);
#1421=VERTEX_POINT('',#3348);
#1422=VERTEX_POINT('',#3353);
#1423=VERTEX_POINT('',#3354);
#1424=VERTEX_POINT('',#3358);
#1425=VERTEX_POINT('',#3360);
#1426=VERTEX_POINT('',#3363);
#1427=VERTEX_POINT('',#3364);
#1428=VERTEX_POINT('',#3371);
#1429=VERTEX_POINT('',#3373);
#1430=VERTEX_POINT('',#3385);
#1431=VERTEX_POINT('',#3386);
#1432=VERTEX_POINT('',#3391);
#1433=VERTEX_POINT('',#3398);
#1434=VERTEX_POINT('',#3403);
#1435=VERTEX_POINT('',#3410);
#1436=VERTEX_POINT('',#3415);
#1437=VERTEX_POINT('',#3422);
#1438=VERTEX_POINT('',#3427);
#1439=VERTEX_POINT('',#3434);
#1440=VERTEX_POINT('',#3439);
#1441=VERTEX_POINT('',#3449);
#1442=VERTEX_POINT('',#3450);
#1443=VERTEX_POINT('',#3455);
#1444=VERTEX_POINT('',#3462);
#1445=VERTEX_POINT('',#3467);
#1446=VERTEX_POINT('',#3474);
#1447=VERTEX_POINT('',#3479);
#1448=VERTEX_POINT('',#3486);
#1449=VERTEX_POINT('',#3491);
#1450=VERTEX_POINT('',#3498);
#1451=VERTEX_POINT('',#3503);
#1452=VERTEX_POINT('',#3507);
#1453=VERTEX_POINT('',#3515);
#1454=VERTEX_POINT('',#3517);
#1455=VERTEX_POINT('',#3542);
#1456=VERTEX_POINT('',#3549);
#1457=VERTEX_POINT('',#3550);
#1458=VERTEX_POINT('',#3552);
#1459=VERTEX_POINT('',#3554);
#1460=VERTEX_POINT('',#3556);
#1461=VERTEX_POINT('',#3558);
#1462=VERTEX_POINT('',#3565);
#1463=VERTEX_POINT('',#3575);
#1464=VERTEX_POINT('',#3585);
#1465=VERTEX_POINT('',#3595);
#1466=VERTEX_POINT('',#3605);
#1467=VERTEX_POINT('',#3612);
#1468=VERTEX_POINT('',#3615);
#1469=VERTEX_POINT('',#3617);
#1470=VERTEX_POINT('',#3618);
#1471=VERTEX_POINT('',#3620);
#1472=VERTEX_POINT('',#3622);
#1473=VERTEX_POINT('',#3624);
#1474=VERTEX_POINT('',#3626);
#1475=VERTEX_POINT('',#3631);
#1476=VERTEX_POINT('',#3651);
#1477=VERTEX_POINT('',#3665);
#1478=VERTEX_POINT('',#3666);
#1479=VERTEX_POINT('',#3668);
#1480=VERTEX_POINT('',#3670);
#1481=VERTEX_POINT('',#3674);
#1482=VERTEX_POINT('',#3675);
#1483=VERTEX_POINT('',#3679);
#1484=VERTEX_POINT('',#3681);
#1485=VERTEX_POINT('',#3684);
#1486=VERTEX_POINT('',#3685);
#1487=VERTEX_POINT('',#3690);
#1488=VERTEX_POINT('',#3691);
#1489=VERTEX_POINT('',#3695);
#1490=VERTEX_POINT('',#3697);
#1491=VERTEX_POINT('',#3700);
#1492=VERTEX_POINT('',#3701);
#1493=VERTEX_POINT('',#3706);
#1494=VERTEX_POINT('',#3707);
#1495=VERTEX_POINT('',#3712);
#1496=VERTEX_POINT('',#3713);
#1497=VERTEX_POINT('',#3734);
#1498=VERTEX_POINT('',#3735);
#1499=VERTEX_POINT('',#3737);
#1500=VERTEX_POINT('',#3739);
#1501=VERTEX_POINT('',#3741);
#1502=VERTEX_POINT('',#3743);
#1503=VERTEX_POINT('',#3750);
#1504=VERTEX_POINT('',#3760);
#1505=VERTEX_POINT('',#3770);
#1506=VERTEX_POINT('',#3780);
#1507=VERTEX_POINT('',#3790);
#1508=VERTEX_POINT('',#3797);
#1509=VERTEX_POINT('',#3800);
#1510=VERTEX_POINT('',#3802);
#1511=VERTEX_POINT('',#3803);
#1512=VERTEX_POINT('',#3805);
#1513=VERTEX_POINT('',#3807);
#1514=VERTEX_POINT('',#3809);
#1515=VERTEX_POINT('',#3811);
#1516=VERTEX_POINT('',#3816);
#1517=VERTEX_POINT('',#3836);
#1518=CIRCLE('',#2235,0.0042);
#1519=CIRCLE('',#2236,0.008);
#1520=CIRCLE('',#2238,0.008);
#1521=CIRCLE('',#2239,0.0042);
#1522=CIRCLE('',#2244,0.003);
#1523=CIRCLE('',#2245,0.003);
#1524=CIRCLE('',#2247,0.003);
#1525=CIRCLE('',#2248,0.003);
#1526=CIRCLE('',#2250,0.003);
#1527=CIRCLE('',#2251,0.003);
#1528=CIRCLE('',#2253,0.003);
#1529=CIRCLE('',#2254,0.003);
#1530=CIRCLE('',#2256,0.0042);
#1531=CIRCLE('',#2258,0.0042);
#1532=CIRCLE('',#2271,0.0042);
#1533=CIRCLE('',#2272,0.0042);
#1534=CIRCLE('',#2275,0.0042);
#1535=CIRCLE('',#2276,0.0042);
#1536=CIRCLE('',#2292,0.00419999999999993);
#1537=CIRCLE('',#2293,0.00419999999999993);
#1538=CIRCLE('',#2296,0.00419999999999995);
#1539=CIRCLE('',#2297,0.00419999999999995);
#1540=CIRCLE('',#2302,0.0045);
#1541=CIRCLE('',#2303,0.0045);
#1542=CIRCLE('',#2306,0.0045);
#1543=CIRCLE('',#2307,0.0045);
#1544=CIRCLE('',#2319,0.0042);
#1545=CIRCLE('',#2320,0.0042);
#1546=CIRCLE('',#2323,0.00419999999999995);
#1547=CIRCLE('',#2324,0.00419999999999995);
#1548=CIRCLE('',#2329,0.0045);
#1549=CIRCLE('',#2330,0.0045);
#1550=CIRCLE('',#2333,0.0045);
#1551=CIRCLE('',#2334,0.0045);
#1552=CIRCLE('',#2345,0.0065);
#1553=CIRCLE('',#2347,0.0065);
#1554=CIRCLE('',#2349,0.0065);
#1555=CIRCLE('',#2351,0.0065);
#1556=CIRCLE('',#2353,0.0065);
#1557=CIRCLE('',#2355,0.0065);
#1558=CIRCLE('',#2357,0.0065);
#1559=CIRCLE('',#2359,0.0065);
#1560=CIRCLE('',#2361,0.0065);
#1561=CIRCLE('',#2363,0.0065);
#1562=CIRCLE('',#2365,0.004);
#1563=CIRCLE('',#2366,0.0065);
#1564=CIRCLE('',#2374,0.0065);
#1565=CIRCLE('',#2375,0.004);
#1566=CIRCLE('',#2381,0.0065);
#1567=CIRCLE('',#2382,0.0065);
#1568=CIRCLE('',#2383,0.0065);
#1569=CIRCLE('',#2384,0.0065);
#1570=CIRCLE('',#2385,0.0065);
#1571=CIRCLE('',#2386,0.0065);
#1572=CIRCLE('',#2393,0.0035);
#1573=CIRCLE('',#2395,0.004);
#1574=CIRCLE('',#2403,0.004);
#1575=CIRCLE('',#2419,0.00419999999999993);
#1576=CIRCLE('',#2420,0.00419999999999993);
#1577=CIRCLE('',#2423,0.0042);
#1578=CIRCLE('',#2424,0.0042);
#1579=CIRCLE('',#2445,0.0065);
#1580=CIRCLE('',#2446,0.0065);
#1581=CIRCLE('',#2447,0.0065);
#1582=CIRCLE('',#2448,0.0065);
#1583=CIRCLE('',#2449,0.0065);
#1584=CIRCLE('',#2450,0.0065);
#1585=CIRCLE('',#2457,0.0035);
#1586=CIRCLE('',#2459,0.004);
#1587=CIRCLE('',#2467,0.004);
#1588=EDGE_LOOP('',(#560));
#1589=EDGE_LOOP('',(#561));
#1590=EDGE_LOOP('',(#562));
#1591=EDGE_LOOP('',(#563));
#1592=EDGE_LOOP('',(#564));
#1593=EDGE_LOOP('',(#565));
#1594=EDGE_LOOP('',(#566));
#1595=EDGE_LOOP('',(#567));
#1596=EDGE_LOOP('',(#568,#569,#570,#571));
#1597=EDGE_LOOP('',(#572,#573,#574,#575));
#1598=EDGE_LOOP('',(#576,#577,#578,#579));
#1599=EDGE_LOOP('',(#580,#581,#582,#583));
#1600=EDGE_LOOP('',(#584,#585,#586,#587,#588,#589,#590,#591));
#1601=EDGE_LOOP('',(#592));
#1602=EDGE_LOOP('',(#593,#594,#595,#596,#597,#598,#599,#600));
#1603=EDGE_LOOP('',(#601));
#1604=EDGE_LOOP('',(#602,#603,#604,#605));
#1605=EDGE_LOOP('',(#606,#607,#608,#609));
#1606=EDGE_LOOP('',(#610,#611,#612,#613));
#1607=EDGE_LOOP('',(#614,#615,#616,#617));
#1608=EDGE_LOOP('',(#618));
#1609=EDGE_LOOP('',(#619));
#1610=EDGE_LOOP('',(#620,#621,#622,#623));
#1611=EDGE_LOOP('',(#624,#625,#626,#627));
#1612=EDGE_LOOP('',(#628));
#1613=EDGE_LOOP('',(#629));
#1614=EDGE_LOOP('',(#630,#631,#632,#633));
#1615=EDGE_LOOP('',(#634,#635,#636,#637));
#1616=EDGE_LOOP('',(#638));
#1617=EDGE_LOOP('',(#639));
#1618=EDGE_LOOP('',(#640,#641,#642,#643));
#1619=EDGE_LOOP('',(#644,#645,#646,#647));
#1620=EDGE_LOOP('',(#648,#649,#650,#651));
#1621=EDGE_LOOP('',(#652,#653,#654,#655));
#1622=EDGE_LOOP('',(#656,#657,#658,#659,#660,#661,#662,#663));
#1623=EDGE_LOOP('',(#664,#665,#666,#667,#668,#669,#670,#671));
#1624=EDGE_LOOP('',(#672));
#1625=EDGE_LOOP('',(#673));
#1626=EDGE_LOOP('',(#674));
#1627=EDGE_LOOP('',(#675));
#1628=EDGE_LOOP('',(#676,#677,#678,#679));
#1629=EDGE_LOOP('',(#680,#681,#682,#683));
#1630=EDGE_LOOP('',(#684));
#1631=EDGE_LOOP('',(#685));
#1632=EDGE_LOOP('',(#686,#687,#688,#689));
#1633=EDGE_LOOP('',(#690,#691,#692,#693));
#1634=EDGE_LOOP('',(#694));
#1635=EDGE_LOOP('',(#695));
#1636=EDGE_LOOP('',(#696,#697,#698,#699));
#1637=EDGE_LOOP('',(#700,#701,#702,#703));
#1638=EDGE_LOOP('',(#704));
#1639=EDGE_LOOP('',(#705));
#1640=EDGE_LOOP('',(#706,#707,#708,#709));
#1641=EDGE_LOOP('',(#710,#711,#712,#713));
#1642=EDGE_LOOP('',(#714));
#1643=EDGE_LOOP('',(#715));
#1644=EDGE_LOOP('',(#716,#717,#718,#719,#720,#721,#722,#723));
#1645=EDGE_LOOP('',(#724,#725,#726,#727,#728,#729,#730,#731));
#1646=EDGE_LOOP('',(#732));
#1647=EDGE_LOOP('',(#733));
#1648=EDGE_LOOP('',(#734));
#1649=EDGE_LOOP('',(#735));
#1650=EDGE_LOOP('',(#736));
#1651=EDGE_LOOP('',(#737));
#1652=EDGE_LOOP('',(#738));
#1653=EDGE_LOOP('',(#739));
#1654=EDGE_LOOP('',(#740,#741,#742,#743));
#1655=EDGE_LOOP('',(#744,#745,#746,#747));
#1656=EDGE_LOOP('',(#748));
#1657=EDGE_LOOP('',(#749));
#1658=EDGE_LOOP('',(#750,#751,#752,#753));
#1659=EDGE_LOOP('',(#754,#755,#756,#757));
#1660=EDGE_LOOP('',(#758));
#1661=EDGE_LOOP('',(#759));
#1662=EDGE_LOOP('',(#760,#761,#762,#763));
#1663=EDGE_LOOP('',(#764,#765,#766,#767));
#1664=EDGE_LOOP('',(#768));
#1665=EDGE_LOOP('',(#769));
#1666=EDGE_LOOP('',(#770,#771,#772,#773));
#1667=EDGE_LOOP('',(#774,#775,#776,#777));
#1668=EDGE_LOOP('',(#778));
#1669=EDGE_LOOP('',(#779));
#1670=EDGE_LOOP('',(#780,#781,#782,#783,#784,#785,#786,#787));
#1671=EDGE_LOOP('',(#788,#789,#790,#791,#792,#793,#794,#795));
#1672=EDGE_LOOP('',(#796));
#1673=EDGE_LOOP('',(#797));
#1674=EDGE_LOOP('',(#798));
#1675=EDGE_LOOP('',(#799));
#1676=EDGE_LOOP('',(#800));
#1677=EDGE_LOOP('',(#801));
#1678=EDGE_LOOP('',(#802));
#1679=EDGE_LOOP('',(#803));
#1680=EDGE_LOOP('',(#804,#805,#806));
#1681=EDGE_LOOP('',(#807,#808,#809));
#1682=EDGE_LOOP('',(#810,#811,#812));
#1683=EDGE_LOOP('',(#813,#814,#815));
#1684=EDGE_LOOP('',(#816,#817,#818));
#1685=EDGE_LOOP('',(#819,#820,#821));
#1686=EDGE_LOOP('',(#822,#823,#824));
#1687=EDGE_LOOP('',(#825,#826,#827));
#1688=EDGE_LOOP('',(#828,#829,#830));
#1689=EDGE_LOOP('',(#831,#832,#833));
#1690=EDGE_LOOP('',(#834));
#1691=EDGE_LOOP('',(#835,#836,#837,#838,#839,#840));
#1692=EDGE_LOOP('',(#841,#842,#843,#844,#845,#846));
#1693=EDGE_LOOP('',(#847,#848,#849,#850,#851,#852));
#1694=EDGE_LOOP('',(#853,#854,#855,#856,#857,#858));
#1695=EDGE_LOOP('',(#859,#860,#861,#862,#863,#864));
#1696=EDGE_LOOP('',(#865,#866,#867,#868,#869,#870));
#1697=EDGE_LOOP('',(#871,#872,#873,#874,#875,#876));
#1698=EDGE_LOOP('',(#877,#878,#879,#880,#881,#882));
#1699=EDGE_LOOP('',(#883));
#1700=EDGE_LOOP('',(#884));
#1701=EDGE_LOOP('',(#885));
#1702=EDGE_LOOP('',(#886,#887,#888));
#1703=EDGE_LOOP('',(#889,#890,#891));
#1704=EDGE_LOOP('',(#892,#893,#894,#895,#896,#897));
#1705=EDGE_LOOP('',(#898,#899,#900));
#1706=EDGE_LOOP('',(#901,#902,#903));
#1707=EDGE_LOOP('',(#904,#905,#906));
#1708=EDGE_LOOP('',(#907,#908,#909));
#1709=EDGE_LOOP('',(#910,#911,#912));
#1710=EDGE_LOOP('',(#913));
#1711=EDGE_LOOP('',(#914));
#1712=EDGE_LOOP('',(#915,#916,#917,#918,#919,#920));
#1713=EDGE_LOOP('',(#921,#922,#923,#924,#925));
#1714=EDGE_LOOP('',(#926,#927,#928,#929,#930));
#1715=EDGE_LOOP('',(#931,#932,#933,#934,#935));
#1716=EDGE_LOOP('',(#936,#937,#938,#939,#940));
#1717=EDGE_LOOP('',(#941,#942,#943,#944,#945));
#1718=EDGE_LOOP('',(#946,#947,#948,#949,#950));
#1719=EDGE_LOOP('',(#951));
#1720=EDGE_LOOP('',(#952));
#1721=EDGE_LOOP('',(#953,#954,#955));
#1722=EDGE_LOOP('',(#956));
#1723=EDGE_LOOP('',(#957));
#1724=EDGE_LOOP('',(#958,#959,#960,#961));
#1725=EDGE_LOOP('',(#962,#963,#964,#965));
#1726=EDGE_LOOP('',(#966));
#1727=EDGE_LOOP('',(#967));
#1728=EDGE_LOOP('',(#968,#969,#970,#971));
#1729=EDGE_LOOP('',(#972,#973,#974,#975));
#1730=EDGE_LOOP('',(#976));
#1731=EDGE_LOOP('',(#977));
#1732=EDGE_LOOP('',(#978,#979,#980,#981));
#1733=EDGE_LOOP('',(#982,#983,#984,#985));
#1734=EDGE_LOOP('',(#986,#987,#988,#989));
#1735=EDGE_LOOP('',(#990,#991,#992,#993));
#1736=EDGE_LOOP('',(#994,#995,#996,#997,#998,#999,#1000,#1001));
#1737=EDGE_LOOP('',(#1002,#1003,#1004,#1005,#1006,#1007,#1008,#1009));
#1738=EDGE_LOOP('',(#1010));
#1739=EDGE_LOOP('',(#1011));
#1740=EDGE_LOOP('',(#1012));
#1741=EDGE_LOOP('',(#1013));
#1742=EDGE_LOOP('',(#1014,#1015,#1016,#1017,#1018,#1019));
#1743=EDGE_LOOP('',(#1020,#1021,#1022));
#1744=EDGE_LOOP('',(#1023,#1024,#1025));
#1745=EDGE_LOOP('',(#1026,#1027,#1028));
#1746=EDGE_LOOP('',(#1029,#1030,#1031));
#1747=EDGE_LOOP('',(#1032,#1033,#1034));
#1748=EDGE_LOOP('',(#1035));
#1749=EDGE_LOOP('',(#1036));
#1750=EDGE_LOOP('',(#1037,#1038,#1039,#1040,#1041,#1042));
#1751=EDGE_LOOP('',(#1043,#1044,#1045,#1046,#1047));
#1752=EDGE_LOOP('',(#1048,#1049,#1050,#1051,#1052));
#1753=EDGE_LOOP('',(#1053,#1054,#1055,#1056,#1057));
#1754=EDGE_LOOP('',(#1058,#1059,#1060,#1061,#1062));
#1755=EDGE_LOOP('',(#1063,#1064,#1065,#1066,#1067));
#1756=EDGE_LOOP('',(#1068,#1069,#1070,#1071,#1072));
#1757=EDGE_LOOP('',(#1073));
#1758=EDGE_LOOP('',(#1074));
#1759=EDGE_LOOP('',(#1075,#1076,#1077));
#1760=EDGE_LOOP('',(#1078));
#1761=EDGE_LOOP('',(#1079));
#1762=FACE_BOUND('',#1588,.T.);
#1763=FACE_BOUND('',#1589,.T.);
#1764=FACE_BOUND('',#1590,.T.);
#1765=FACE_BOUND('',#1591,.T.);
#1766=FACE_BOUND('',#1592,.T.);
#1767=FACE_BOUND('',#1593,.T.);
#1768=FACE_BOUND('',#1594,.T.);
#1769=FACE_BOUND('',#1595,.T.);
#1770=FACE_BOUND('',#1596,.T.);
#1771=FACE_BOUND('',#1597,.T.);
#1772=FACE_BOUND('',#1598,.T.);
#1773=FACE_BOUND('',#1599,.T.);
#1774=FACE_BOUND('',#1600,.T.);
#1775=FACE_BOUND('',#1601,.T.);
#1776=FACE_BOUND('',#1602,.T.);
#1777=FACE_BOUND('',#1603,.T.);
#1778=FACE_BOUND('',#1604,.T.);
#1779=FACE_BOUND('',#1605,.T.);
#1780=FACE_BOUND('',#1606,.T.);
#1781=FACE_BOUND('',#1607,.T.);
#1782=FACE_BOUND('',#1608,.T.);
#1783=FACE_BOUND('',#1609,.T.);
#1784=FACE_BOUND('',#1610,.T.);
#1785=FACE_BOUND('',#1611,.T.);
#1786=FACE_BOUND('',#1612,.T.);
#1787=FACE_BOUND('',#1613,.T.);
#1788=FACE_BOUND('',#1614,.T.);
#1789=FACE_BOUND('',#1615,.T.);
#1790=FACE_BOUND('',#1616,.T.);
#1791=FACE_BOUND('',#1617,.T.);
#1792=FACE_BOUND('',#1618,.T.);
#1793=FACE_BOUND('',#1619,.T.);
#1794=FACE_BOUND('',#1620,.T.);
#1795=FACE_BOUND('',#1621,.T.);
#1796=FACE_BOUND('',#1622,.T.);
#1797=FACE_BOUND('',#1623,.T.);
#1798=FACE_BOUND('',#1624,.T.);
#1799=FACE_BOUND('',#1625,.T.);
#1800=FACE_BOUND('',#1626,.T.);
#1801=FACE_BOUND('',#1627,.T.);
#1802=FACE_BOUND('',#1628,.T.);
#1803=FACE_BOUND('',#1629,.T.);
#1804=FACE_BOUND('',#1630,.T.);
#1805=FACE_BOUND('',#1631,.T.);
#1806=FACE_BOUND('',#1632,.T.);
#1807=FACE_BOUND('',#1633,.T.);
#1808=FACE_BOUND('',#1634,.T.);
#1809=FACE_BOUND('',#1635,.T.);
#1810=FACE_BOUND('',#1636,.T.);
#1811=FACE_BOUND('',#1637,.T.);
#1812=FACE_BOUND('',#1638,.T.);
#1813=FACE_BOUND('',#1639,.T.);
#1814=FACE_BOUND('',#1640,.T.);
#1815=FACE_BOUND('',#1641,.T.);
#1816=FACE_BOUND('',#1642,.T.);
#1817=FACE_BOUND('',#1643,.T.);
#1818=FACE_BOUND('',#1644,.T.);
#1819=FACE_BOUND('',#1645,.T.);
#1820=FACE_BOUND('',#1646,.T.);
#1821=FACE_BOUND('',#1647,.T.);
#1822=FACE_BOUND('',#1648,.T.);
#1823=FACE_BOUND('',#1649,.T.);
#1824=FACE_BOUND('',#1650,.T.);
#1825=FACE_BOUND('',#1651,.T.);
#1826=FACE_BOUND('',#1652,.T.);
#1827=FACE_BOUND('',#1653,.T.);
#1828=FACE_BOUND('',#1654,.T.);
#1829=FACE_BOUND('',#1655,.T.);
#1830=FACE_BOUND('',#1656,.T.);
#1831=FACE_BOUND('',#1657,.T.);
#1832=FACE_BOUND('',#1658,.T.);
#1833=FACE_BOUND('',#1659,.T.);
#1834=FACE_BOUND('',#1660,.T.);
#1835=FACE_BOUND('',#1661,.T.);
#1836=FACE_BOUND('',#1662,.T.);
#1837=FACE_BOUND('',#1663,.T.);
#1838=FACE_BOUND('',#1664,.T.);
#1839=FACE_BOUND('',#1665,.T.);
#1840=FACE_BOUND('',#1666,.T.);
#1841=FACE_BOUND('',#1667,.T.);
#1842=FACE_BOUND('',#1668,.T.);
#1843=FACE_BOUND('',#1669,.T.);
#1844=FACE_BOUND('',#1670,.T.);
#1845=FACE_BOUND('',#1671,.T.);
#1846=FACE_BOUND('',#1672,.T.);
#1847=FACE_BOUND('',#1673,.T.);
#1848=FACE_BOUND('',#1674,.T.);
#1849=FACE_BOUND('',#1675,.T.);
#1850=FACE_BOUND('',#1676,.T.);
#1851=FACE_BOUND('',#1677,.T.);
#1852=FACE_BOUND('',#1678,.T.);
#1853=FACE_BOUND('',#1679,.T.);
#1854=FACE_BOUND('',#1680,.T.);
#1855=FACE_BOUND('',#1681,.T.);
#1856=FACE_BOUND('',#1682,.T.);
#1857=FACE_BOUND('',#1683,.T.);
#1858=FACE_BOUND('',#1684,.T.);
#1859=FACE_BOUND('',#1685,.T.);
#1860=FACE_BOUND('',#1686,.T.);
#1861=FACE_BOUND('',#1687,.T.);
#1862=FACE_BOUND('',#1688,.T.);
#1863=FACE_BOUND('',#1689,.T.);
#1864=FACE_BOUND('',#1690,.T.);
#1865=FACE_BOUND('',#1691,.T.);
#1866=FACE_BOUND('',#1692,.T.);
#1867=FACE_BOUND('',#1693,.T.);
#1868=FACE_BOUND('',#1694,.T.);
#1869=FACE_BOUND('',#1695,.T.);
#1870=FACE_BOUND('',#1696,.T.);
#1871=FACE_BOUND('',#1697,.T.);
#1872=FACE_BOUND('',#1698,.T.);
#1873=FACE_BOUND('',#1699,.T.);
#1874=FACE_BOUND('',#1700,.T.);
#1875=FACE_BOUND('',#1701,.T.);
#1876=FACE_BOUND('',#1702,.T.);
#1877=FACE_BOUND('',#1703,.T.);
#1878=FACE_BOUND('',#1704,.T.);
#1879=FACE_BOUND('',#1705,.T.);
#1880=FACE_BOUND('',#1706,.T.);
#1881=FACE_BOUND('',#1707,.T.);
#1882=FACE_BOUND('',#1708,.T.);
#1883=FACE_BOUND('',#1709,.T.);
#1884=FACE_BOUND('',#1710,.T.);
#1885=FACE_BOUND('',#1711,.T.);
#1886=FACE_BOUND('',#1712,.T.);
#1887=FACE_BOUND('',#1713,.T.);
#1888=FACE_BOUND('',#1714,.T.);
#1889=FACE_BOUND('',#1715,.T.);
#1890=FACE_BOUND('',#1716,.T.);
#1891=FACE_BOUND('',#1717,.T.);
#1892=FACE_BOUND('',#1718,.T.);
#1893=FACE_BOUND('',#1719,.T.);
#1894=FACE_BOUND('',#1720,.T.);
#1895=FACE_BOUND('',#1721,.T.);
#1896=FACE_BOUND('',#1722,.T.);
#1897=FACE_BOUND('',#1723,.T.);
#1898=FACE_BOUND('',#1724,.T.);
#1899=FACE_BOUND('',#1725,.T.);
#1900=FACE_BOUND('',#1726,.T.);
#1901=FACE_BOUND('',#1727,.T.);
#1902=FACE_BOUND('',#1728,.T.);
#1903=FACE_BOUND('',#1729,.T.);
#1904=FACE_BOUND('',#1730,.T.);
#1905=FACE_BOUND('',#1731,.T.);
#1906=FACE_BOUND('',#1732,.T.);
#1907=FACE_BOUND('',#1733,.T.);
#1908=FACE_BOUND('',#1734,.T.);
#1909=FACE_BOUND('',#1735,.T.);
#1910=FACE_BOUND('',#1736,.T.);
#1911=FACE_BOUND('',#1737,.T.);
#1912=FACE_BOUND('',#1738,.T.);
#1913=FACE_BOUND('',#1739,.T.);
#1914=FACE_BOUND('',#1740,.T.);
#1915=FACE_BOUND('',#1741,.T.);
#1916=FACE_BOUND('',#1742,.T.);
#1917=FACE_BOUND('',#1743,.T.);
#1918=FACE_BOUND('',#1744,.T.);
#1919=FACE_BOUND('',#1745,.T.);
#1920=FACE_BOUND('',#1746,.T.);
#1921=FACE_BOUND('',#1747,.T.);
#1922=FACE_BOUND('',#1748,.T.);
#1923=FACE_BOUND('',#1749,.T.);
#1924=FACE_BOUND('',#1750,.T.);
#1925=FACE_BOUND('',#1751,.T.);
#1926=FACE_BOUND('',#1752,.T.);
#1927=FACE_BOUND('',#1753,.T.);
#1928=FACE_BOUND('',#1754,.T.);
#1929=FACE_BOUND('',#1755,.T.);
#1930=FACE_BOUND('',#1756,.T.);
#1931=FACE_BOUND('',#1757,.T.);
#1932=FACE_BOUND('',#1758,.T.);
#1933=FACE_BOUND('',#1759,.T.);
#1934=FACE_BOUND('',#1760,.T.);
#1935=FACE_BOUND('',#1761,.T.);
#1936=PLANE('',#2234);
#1937=PLANE('',#2237);
#1938=PLANE('',#2255);
#1939=PLANE('',#2257);
#1940=PLANE('',#2259);
#1941=PLANE('',#2260);
#1942=PLANE('',#2261);
#1943=PLANE('',#2262);
#1944=PLANE('',#2270);
#1945=PLANE('',#2273);
#1946=PLANE('',#2274);
#1947=PLANE('',#2280);
#1948=PLANE('',#2281);
#1949=PLANE('',#2282);
#1950=PLANE('',#2283);
#1951=PLANE('',#2284);
#1952=PLANE('',#2291);
#1953=PLANE('',#2294);
#1954=PLANE('',#2295);
#1955=PLANE('',#2301);
#1956=PLANE('',#2304);
#1957=PLANE('',#2305);
#1958=PLANE('',#2308);
#1959=PLANE('',#2309);
#1960=PLANE('',#2318);
#1961=PLANE('',#2321);
#1962=PLANE('',#2322);
#1963=PLANE('',#2328);
#1964=PLANE('',#2331);
#1965=PLANE('',#2332);
#1966=PLANE('',#2335);
#1967=PLANE('',#2336);
#1968=PLANE('',#2364);
#1969=PLANE('',#2367);
#1970=PLANE('',#2368);
#1971=PLANE('',#2369);
#1972=PLANE('',#2370);
#1973=PLANE('',#2371);
#1974=PLANE('',#2372);
#1975=PLANE('',#2373);
#1976=PLANE('',#2380);
#1977=PLANE('',#2392);
#1978=PLANE('',#2394);
#1979=PLANE('',#2396);
#1980=PLANE('',#2397);
#1981=PLANE('',#2398);
#1982=PLANE('',#2399);
#1983=PLANE('',#2400);
#1984=PLANE('',#2401);
#1985=PLANE('',#2418);
#1986=PLANE('',#2421);
#1987=PLANE('',#2422);
#1988=PLANE('',#2428);
#1989=PLANE('',#2429);
#1990=PLANE('',#2430);
#1991=PLANE('',#2431);
#1992=PLANE('',#2432);
#1993=PLANE('',#2444);
#1994=PLANE('',#2456);
#1995=PLANE('',#2458);
#1996=PLANE('',#2460);
#1997=PLANE('',#2461);
#1998=PLANE('',#2462);
#1999=PLANE('',#2463);
#2000=PLANE('',#2464);
#2001=PLANE('',#2465);
#2002=ADVANCED_FACE('',(#1762,#1763),#1936,.F.);
#2003=ADVANCED_FACE('',(#1764,#1765),#1937,.F.);
#2004=ADVANCED_FACE('',(#1766,#1767),#530,.F.);
#2005=ADVANCED_FACE('',(#1768,#1769),#531,.T.);
#2006=ADVANCED_FACE('',(#1770),#532,.T.);
#2007=ADVANCED_FACE('',(#1771),#533,.T.);
#2008=ADVANCED_FACE('',(#1772),#534,.T.);
#2009=ADVANCED_FACE('',(#1773),#535,.T.);
#2010=ADVANCED_FACE('',(#1774,#1775),#1938,.T.);
#2011=ADVANCED_FACE('',(#1776,#1777),#1939,.F.);
#2012=ADVANCED_FACE('',(#1778),#1940,.F.);
#2013=ADVANCED_FACE('',(#1779),#1941,.F.);
#2014=ADVANCED_FACE('',(#1780),#1942,.F.);
#2015=ADVANCED_FACE('',(#1781),#1943,.F.);
#2016=ADVANCED_FACE('',(#1782,#1783),#536,.F.);
#2017=ADVANCED_FACE('',(#1784),#537,.T.);
#2018=ADVANCED_FACE('',(#1785,#1786,#1787),#1944,.T.);
#2019=ADVANCED_FACE('',(#1788),#1945,.T.);
#2020=ADVANCED_FACE('',(#1789,#1790,#1791),#1946,.T.);
#2021=ADVANCED_FACE('',(#1792),#538,.F.);
#2022=ADVANCED_FACE('',(#1793),#1947,.T.);
#2023=ADVANCED_FACE('',(#1794),#1948,.T.);
#2024=ADVANCED_FACE('',(#1795),#1949,.T.);
#2025=ADVANCED_FACE('',(#1796),#1950,.T.);
#2026=ADVANCED_FACE('',(#1797),#1951,.T.);
#2027=ADVANCED_FACE('',(#1798,#1799),#539,.F.);
#2028=ADVANCED_FACE('',(#1800,#1801),#540,.F.);
#2029=ADVANCED_FACE('',(#1802),#541,.T.);
#2030=ADVANCED_FACE('',(#1803,#1804,#1805),#1952,.T.);
#2031=ADVANCED_FACE('',(#1806),#1953,.T.);
#2032=ADVANCED_FACE('',(#1807,#1808,#1809),#1954,.T.);
#2033=ADVANCED_FACE('',(#1810),#542,.F.);
#2034=ADVANCED_FACE('',(#1811,#1812,#1813),#1955,.T.);
#2035=ADVANCED_FACE('',(#1814),#1956,.T.);
#2036=ADVANCED_FACE('',(#1815,#1816,#1817),#1957,.T.);
#2037=ADVANCED_FACE('',(#1818),#1958,.T.);
#2038=ADVANCED_FACE('',(#1819),#1959,.T.);
#2039=ADVANCED_FACE('',(#1820,#1821),#543,.F.);
#2040=ADVANCED_FACE('',(#1822,#1823),#544,.F.);
#2041=ADVANCED_FACE('',(#1824,#1825),#545,.F.);
#2042=ADVANCED_FACE('',(#1826,#1827),#546,.F.);
#2043=ADVANCED_FACE('',(#1828),#547,.T.);
#2044=ADVANCED_FACE('',(#1829,#1830,#1831),#1960,.T.);
#2045=ADVANCED_FACE('',(#1832),#1961,.T.);
#2046=ADVANCED_FACE('',(#1833,#1834,#1835),#1962,.T.);
#2047=ADVANCED_FACE('',(#1836),#548,.F.);
#2048=ADVANCED_FACE('',(#1837,#1838,#1839),#1963,.T.);
#2049=ADVANCED_FACE('',(#1840),#1964,.T.);
#2050=ADVANCED_FACE('',(#1841,#1842,#1843),#1965,.T.);
#2051=ADVANCED_FACE('',(#1844),#1966,.T.);
#2052=ADVANCED_FACE('',(#1845),#1967,.T.);
#2053=ADVANCED_FACE('',(#1846,#1847),#549,.F.);
#2054=ADVANCED_FACE('',(#1848,#1849),#550,.F.);
#2055=ADVANCED_FACE('',(#1850,#1851),#551,.F.);
#2056=ADVANCED_FACE('',(#1852,#1853),#552,.F.);
#2057=ADVANCED_FACE('',(#1854),#58,.T.);
#2058=ADVANCED_FACE('',(#1855),#59,.T.);
#2059=ADVANCED_FACE('',(#1856),#60,.T.);
#2060=ADVANCED_FACE('',(#1857),#61,.T.);
#2061=ADVANCED_FACE('',(#1858),#62,.T.);
#2062=ADVANCED_FACE('',(#1859),#63,.T.);
#2063=ADVANCED_FACE('',(#1860),#64,.T.);
#2064=ADVANCED_FACE('',(#1861),#65,.T.);
#2065=ADVANCED_FACE('',(#1862),#66,.T.);
#2066=ADVANCED_FACE('',(#1863),#67,.T.);
#2067=ADVANCED_FACE('',(#1864,#1865),#1968,.F.);
#2068=ADVANCED_FACE('',(#1866),#1969,.F.);
#2069=ADVANCED_FACE('',(#1867),#1970,.F.);
#2070=ADVANCED_FACE('',(#1868),#1971,.F.);
#2071=ADVANCED_FACE('',(#1869),#1972,.F.);
#2072=ADVANCED_FACE('',(#1870),#1973,.F.);
#2073=ADVANCED_FACE('',(#1871),#1974,.F.);
#2074=ADVANCED_FACE('',(#1872,#1873),#1975,.T.);
#2075=ADVANCED_FACE('',(#1874,#1875),#553,.F.);
#2076=ADVANCED_FACE('',(#1876),#68,.T.);
#2077=ADVANCED_FACE('',(#1877),#69,.T.);
#2078=ADVANCED_FACE('',(#1878),#1976,.T.);
#2079=ADVANCED_FACE('',(#1879),#70,.T.);
#2080=ADVANCED_FACE('',(#1880),#71,.T.);
#2081=ADVANCED_FACE('',(#1881),#72,.T.);
#2082=ADVANCED_FACE('',(#1882),#73,.T.);
#2083=ADVANCED_FACE('',(#1883),#74,.T.);
#2084=ADVANCED_FACE('',(#1884),#1977,.T.);
#2085=ADVANCED_FACE('',(#1885,#1886),#1978,.F.);
#2086=ADVANCED_FACE('',(#1887),#1979,.F.);
#2087=ADVANCED_FACE('',(#1888),#1980,.F.);
#2088=ADVANCED_FACE('',(#1889),#1981,.F.);
#2089=ADVANCED_FACE('',(#1890),#1982,.F.);
#2090=ADVANCED_FACE('',(#1891),#1983,.F.);
#2091=ADVANCED_FACE('',(#1892),#1984,.F.);
#2092=ADVANCED_FACE('',(#1893,#1894),#554,.T.);
#2093=ADVANCED_FACE('',(#1895),#75,.T.);
#2094=ADVANCED_FACE('',(#1896,#1897),#76,.T.);
#2095=ADVANCED_FACE('',(#1898),#555,.T.);
#2096=ADVANCED_FACE('',(#1899,#1900,#1901),#1985,.T.);
#2097=ADVANCED_FACE('',(#1902),#1986,.T.);
#2098=ADVANCED_FACE('',(#1903,#1904,#1905),#1987,.T.);
#2099=ADVANCED_FACE('',(#1906),#556,.F.);
#2100=ADVANCED_FACE('',(#1907),#1988,.T.);
#2101=ADVANCED_FACE('',(#1908),#1989,.T.);
#2102=ADVANCED_FACE('',(#1909),#1990,.T.);
#2103=ADVANCED_FACE('',(#1910),#1991,.T.);
#2104=ADVANCED_FACE('',(#1911),#1992,.T.);
#2105=ADVANCED_FACE('',(#1912,#1913),#557,.F.);
#2106=ADVANCED_FACE('',(#1914,#1915),#558,.F.);
#2107=ADVANCED_FACE('',(#1916),#1993,.T.);
#2108=ADVANCED_FACE('',(#1917),#77,.T.);
#2109=ADVANCED_FACE('',(#1918),#78,.T.);
#2110=ADVANCED_FACE('',(#1919),#79,.T.);
#2111=ADVANCED_FACE('',(#1920),#80,.T.);
#2112=ADVANCED_FACE('',(#1921),#81,.T.);
#2113=ADVANCED_FACE('',(#1922),#1994,.T.);
#2114=ADVANCED_FACE('',(#1923,#1924),#1995,.F.);
#2115=ADVANCED_FACE('',(#1925),#1996,.F.);
#2116=ADVANCED_FACE('',(#1926),#1997,.F.);
#2117=ADVANCED_FACE('',(#1927),#1998,.F.);
#2118=ADVANCED_FACE('',(#1928),#1999,.F.);
#2119=ADVANCED_FACE('',(#1929),#2000,.F.);
#2120=ADVANCED_FACE('',(#1930),#2001,.F.);
#2121=ADVANCED_FACE('',(#1931,#1932),#559,.T.);
#2122=ADVANCED_FACE('',(#1933),#82,.T.);
#2123=ADVANCED_FACE('',(#1934,#1935),#83,.T.);
#2124=CLOSED_SHELL('',(#2002,#2003,#2004,#2005));
#2125=CLOSED_SHELL('',(#2006,#2007,#2008,#2009,#2010,#2011,#2012,#2013,#2014,#2015,#2016));
#2126=CLOSED_SHELL('',(#2017,#2018,#2019,#2020,#2021,#2022,#2023,#2024,#2025,#2026,#2027,#2028));
#2127=CLOSED_SHELL('',(#2029,#2030,#2031,#2032,#2033,#2034,#2035,#2036,#2037,#2038,#2039,#2040,#2041,#2042));
#2128=CLOSED_SHELL('',(#2043,#2044,#2045,#2046,#2047,#2048,#2049,#2050,#2051,#2052,#2053,#2054,#2055,#2056));
#2129=CLOSED_SHELL('',(#2057,#2058,#2059,#2060,#2061,#2062,#2063,#2064,#2065,#2066,#2067,#2068,#2069,#2070,#2071,#2072,#2073,#2074,#2075,#2076,#2077));
#2130=CLOSED_SHELL('',(#2078,#2079,#2080,#2081,#2082,#2083,#2084,#2085,#2086,#2087,#2088,#2089,#2090,#2091,#2092,#2093,#2094));
#2131=CLOSED_SHELL('',(#2095,#2096,#2097,#2098,#2099,#2100,#2101,#2102,#2103,#2104,#2105,#2106));
#2132=CLOSED_SHELL('',(#2107,#2108,#2109,#2110,#2111,#2112,#2113,#2114,#2115,#2116,#2117,#2118,#2119,#2120,#2121,#2122,#2123));
#2133=STYLED_ITEM('',(#2142),#2204);
#2134=STYLED_ITEM('',(#2143),#2205);
#2135=STYLED_ITEM('',(#2144),#2206);
#2136=STYLED_ITEM('',(#2145),#2207);
#2137=STYLED_ITEM('',(#2146),#2208);
#2138=STYLED_ITEM('',(#2147),#2209);
#2139=STYLED_ITEM('',(#2148),#2210);
#2140=STYLED_ITEM('',(#2149),#2211);
#2141=STYLED_ITEM('',(#2150),#2212);
#2142=PRESENTATION_STYLE_ASSIGNMENT((#2151));
#2143=PRESENTATION_STYLE_ASSIGNMENT((#2152));
#2144=PRESENTATION_STYLE_ASSIGNMENT((#2153));
#2145=PRESENTATION_STYLE_ASSIGNMENT((#2154));
#2146=PRESENTATION_STYLE_ASSIGNMENT((#2155));
#2147=PRESENTATION_STYLE_ASSIGNMENT((#2156));
#2148=PRESENTATION_STYLE_ASSIGNMENT((#2157));
#2149=PRESENTATION_STYLE_ASSIGNMENT((#2158));
#2150=PRESENTATION_STYLE_ASSIGNMENT((#2159));
#2151=SURFACE_STYLE_USAGE(.BOTH.,#2160);
#2152=SURFACE_STYLE_USAGE(.BOTH.,#2161);
#2153=SURFACE_STYLE_USAGE(.BOTH.,#2162);
#2154=SURFACE_STYLE_USAGE(.BOTH.,#2163);
#2155=SURFACE_STYLE_USAGE(.BOTH.,#2164);
#2156=SURFACE_STYLE_USAGE(.BOTH.,#2165);
#2157=SURFACE_STYLE_USAGE(.BOTH.,#2166);
#2158=SURFACE_STYLE_USAGE(.BOTH.,#2167);
#2159=SURFACE_STYLE_USAGE(.BOTH.,#2168);
#2160=SURFACE_SIDE_STYLE('',(#2169));
#2161=SURFACE_SIDE_STYLE('',(#2170));
#2162=SURFACE_SIDE_STYLE('',(#2171));
#2163=SURFACE_SIDE_STYLE('',(#2172));
#2164=SURFACE_SIDE_STYLE('',(#2173));
#2165=SURFACE_SIDE_STYLE('',(#2174));
#2166=SURFACE_SIDE_STYLE('',(#2175));
#2167=SURFACE_SIDE_STYLE('',(#2176));
#2168=SURFACE_SIDE_STYLE('',(#2177));
#2169=SURFACE_STYLE_FILL_AREA(#2178);
#2170=SURFACE_STYLE_FILL_AREA(#2179);
#2171=SURFACE_STYLE_FILL_AREA(#2180);
#2172=SURFACE_STYLE_FILL_AREA(#2181);
#2173=SURFACE_STYLE_FILL_AREA(#2182);
#2174=SURFACE_STYLE_FILL_AREA(#2183);
#2175=SURFACE_STYLE_FILL_AREA(#2184);
#2176=SURFACE_STYLE_FILL_AREA(#2185);
#2177=SURFACE_STYLE_FILL_AREA(#2186);
#2178=FILL_AREA_STYLE('',(#2187));
#2179=FILL_AREA_STYLE('',(#2188));
#2180=FILL_AREA_STYLE('',(#2189));
#2181=FILL_AREA_STYLE('',(#2190));
#2182=FILL_AREA_STYLE('',(#2191));
#2183=FILL_AREA_STYLE('',(#2192));
#2184=FILL_AREA_STYLE('',(#2193));
#2185=FILL_AREA_STYLE('',(#2194));
#2186=FILL_AREA_STYLE('',(#2195));
#2187=FILL_AREA_STYLE_COLOUR('',#2196);
#2188=FILL_AREA_STYLE_COLOUR('',#2197);
#2189=FILL_AREA_STYLE_COLOUR('',#2198);
#2190=FILL_AREA_STYLE_COLOUR('',#2199);
#2191=FILL_AREA_STYLE_COLOUR('',#2200);
#2192=FILL_AREA_STYLE_COLOUR('',#2201);
#2193=FILL_AREA_STYLE_COLOUR('',#2202);
#2194=FILL_AREA_STYLE_COLOUR('',#2202);
#2195=FILL_AREA_STYLE_COLOUR('',#2203);
#2196=COLOUR_RGB('',0.231372549019608,0.380392156862745,0.705882352941177);
#2197=COLOUR_RGB('',0.917647058823529,0.917647058823529,0.917647058823529);
#2198=COLOUR_RGB('',0.498039215686275,0.498039215686275,0.498039215686275);
#2199=COLOUR_RGB('',0.972549019607843,0.529411764705882,0.00392156862745098);
#2200=COLOUR_RGB('',0.768627450980392,0.886274509803922,0.952941176470588);
#2201=COLOUR_RGB('',0.647058823529412,0.647058823529412,0.647058823529412);
#2202=COLOUR_RGB('',0.980392156862745,0.713725490196078,0.00392156862745098);
#2203=COLOUR_RGB('',0.615686274509804,0.811764705882353,0.929411764705882);
#2204=MANIFOLD_SOLID_BREP('DIN125-1-VA_8.4',#2124);
#2205=MANIFOLD_SOLID_BREP('120-0007-001-007',#2125);
#2206=MANIFOLD_SOLID_BREP('120-0007-001-004_Standard<Wie bearbeitet>',#2126);
#2207=MANIFOLD_SOLID_BREP('120-0007-001-004_Standard<Wie bearbeitet>',#2127);
#2208=MANIFOLD_SOLID_BREP('120-0007-001-004_Standard<Wie bearbeitet>',#2128);
#2209=MANIFOLD_SOLID_BREP('DIN934-VA_M8',#2129);
#2210=MANIFOLD_SOLID_BREP('DIN933-M8-VA_M8x25',#2130);
#2211=MANIFOLD_SOLID_BREP('120-0007-001-004_Standard<Wie bearbeitet>',#2131);
#2212=MANIFOLD_SOLID_BREP('DIN933-M8-VA_M8x30',#2132);
#2213=SHAPE_DEFINITION_REPRESENTATION(#3875,#2223);
#2214=SHAPE_DEFINITION_REPRESENTATION(#3876,#2224);
#2215=SHAPE_DEFINITION_REPRESENTATION(#3878,#2225);
#2216=SHAPE_DEFINITION_REPRESENTATION(#3882,#2226);
#2217=SHAPE_DEFINITION_REPRESENTATION(#3884,#2227);
#2218=SHAPE_DEFINITION_REPRESENTATION(#3886,#2228);
#2219=SHAPE_DEFINITION_REPRESENTATION(#3890,#2229);
#2220=SHAPE_DEFINITION_REPRESENTATION(#3892,#2230);
#2221=SHAPE_DEFINITION_REPRESENTATION(#3902,#2231);
#2222=SHAPE_DEFINITION_REPRESENTATION(#3912,#2232);
#2223=SHAPE_REPRESENTATION('120-0007-001-B05',(#2233,#2242,#2264,#2265,#2266,#2287,#2314,#2341,#2342,#2343,#2379,#2406,#2407,#2408,#2409,#2410,#2411,#2412,#2413,#2414,#2435,#2436,#2437,#2438,#2439,#2440,#2441,#2442,#2443,#2470,#2471,#2472,#2473,#2474,#2475,#2476,#2477,#2478,#2479,#2480,#2481),#3852);
#2224=SHAPE_REPRESENTATION('DIN125-1-VA_8.4',(#2233),#3853);
#2225=SHAPE_REPRESENTATION('120-0007-001-007',(#2233),#3854);
#2226=SHAPE_REPRESENTATION('120-0007-001-004_Standard<Wie bearbeitet>',(#2233),#3855);
#2227=SHAPE_REPRESENTATION('120-0007-001-004_Standard<Wie bearbeitet>',(#2233),#3856);
#2228=SHAPE_REPRESENTATION('120-0007-001-004_Standard<Wie bearbeitet>',(#2233),#3857);
#2229=SHAPE_REPRESENTATION('DIN934-VA_M8',(#2233),#3858);
#2230=SHAPE_REPRESENTATION('DIN933-M8-VA_M8x25',(#2233),#3859);
#2231=SHAPE_REPRESENTATION('120-0007-001-004_Standard<Wie bearbeitet>',(#2233),#3860);
#2232=SHAPE_REPRESENTATION('DIN933-M8-VA_M8x30',(#2233),#3861);
#2233=AXIS2_PLACEMENT_3D('',#3106,#2482,#2483);
#2234=AXIS2_PLACEMENT_3D('',#3107,#2484,#2485);
#2235=AXIS2_PLACEMENT_3D('',#3108,#2486,#2487);
#2236=AXIS2_PLACEMENT_3D('',#3110,#2488,#2489);
#2237=AXIS2_PLACEMENT_3D('',#3112,#2490,#2491);
#2238=AXIS2_PLACEMENT_3D('',#3113,#2492,#2493);
#2239=AXIS2_PLACEMENT_3D('',#3115,#2494,#2495);
#2240=AXIS2_PLACEMENT_3D('',#3117,#2496,#2497);
#2241=AXIS2_PLACEMENT_3D('',#3118,#2498,#2499);
#2242=AXIS2_PLACEMENT_3D('',#3119,#2500,#2501);
#2243=AXIS2_PLACEMENT_3D('',#3120,#2502,#2503);
#2244=AXIS2_PLACEMENT_3D('',#3121,#2504,#2505);
#2245=AXIS2_PLACEMENT_3D('',#3126,#2507,#2508);
#2246=AXIS2_PLACEMENT_3D('',#3129,#2510,#2511);
#2247=AXIS2_PLACEMENT_3D('',#3130,#2512,#2513);
#2248=AXIS2_PLACEMENT_3D('',#3135,#2515,#2516);
#2249=AXIS2_PLACEMENT_3D('',#3138,#2518,#2519);
#2250=AXIS2_PLACEMENT_3D('',#3139,#2520,#2521);
#2251=AXIS2_PLACEMENT_3D('',#3144,#2523,#2524);
#2252=AXIS2_PLACEMENT_3D('',#3147,#2526,#2527);
#2253=AXIS2_PLACEMENT_3D('',#3148,#2528,#2529);
#2254=AXIS2_PLACEMENT_3D('',#3153,#2531,#2532);
#2255=AXIS2_PLACEMENT_3D('',#3156,#2534,#2535);
#2256=AXIS2_PLACEMENT_3D('',#3161,#2540,#2541);
#2257=AXIS2_PLACEMENT_3D('',#3163,#2542,#2543);
#2258=AXIS2_PLACEMENT_3D('',#3168,#2548,#2549);
#2259=AXIS2_PLACEMENT_3D('',#3170,#2550,#2551);
#2260=AXIS2_PLACEMENT_3D('',#3171,#2552,#2553);
#2261=AXIS2_PLACEMENT_3D('',#3172,#2554,#2555);
#2262=AXIS2_PLACEMENT_3D('',#3173,#2556,#2557);
#2263=AXIS2_PLACEMENT_3D('',#3174,#2558,#2559);
#2264=AXIS2_PLACEMENT_3D('',#3175,#2560,#2561);
#2265=AXIS2_PLACEMENT_3D('',#3176,#2562,#2563);
#2266=AXIS2_PLACEMENT_3D('',#3177,#2564,#2565);
#2267=AXIS2_PLACEMENT_3D('',#3178,#2566,#2567);
#2268=AXIS2_PLACEMENT_3D('',#3182,#2569,#2570);
#2269=AXIS2_PLACEMENT_3D('',#3186,#2572,#2573);
#2270=AXIS2_PLACEMENT_3D('',#3187,#2574,#2575);
#2271=AXIS2_PLACEMENT_3D('',#3193,#2579,#2580);
#2272=AXIS2_PLACEMENT_3D('',#3195,#2581,#2582);
#2273=AXIS2_PLACEMENT_3D('',#3197,#2583,#2584);
#2274=AXIS2_PLACEMENT_3D('',#3203,#2588,#2589);
#2275=AXIS2_PLACEMENT_3D('',#3209,#2593,#2594);
#2276=AXIS2_PLACEMENT_3D('',#3211,#2595,#2596);
#2277=AXIS2_PLACEMENT_3D('',#3213,#2597,#2598);
#2278=AXIS2_PLACEMENT_3D('',#3214,#2599,#2600);
#2279=AXIS2_PLACEMENT_3D('',#3218,#2602,#2603);
#2280=AXIS2_PLACEMENT_3D('',#3219,#2604,#2605);
#2281=AXIS2_PLACEMENT_3D('',#3225,#2609,#2610);
#2282=AXIS2_PLACEMENT_3D('',#3231,#2614,#2615);
#2283=AXIS2_PLACEMENT_3D('',#3234,#2618,#2619);
#2284=AXIS2_PLACEMENT_3D('',#3235,#2620,#2621);
#2285=AXIS2_PLACEMENT_3D('',#3236,#2622,#2623);
#2286=AXIS2_PLACEMENT_3D('',#3237,#2624,#2625);
#2287=AXIS2_PLACEMENT_3D('',#3238,#2626,#2627);
#2288=AXIS2_PLACEMENT_3D('',#3239,#2628,#2629);
#2289=AXIS2_PLACEMENT_3D('',#3243,#2631,#2632);
#2290=AXIS2_PLACEMENT_3D('',#3247,#2634,#2635);
#2291=AXIS2_PLACEMENT_3D('',#3248,#2636,#2637);
#2292=AXIS2_PLACEMENT_3D('',#3254,#2641,#2642);
#2293=AXIS2_PLACEMENT_3D('',#3256,#2643,#2644);
#2294=AXIS2_PLACEMENT_3D('',#3258,#2645,#2646);
#2295=AXIS2_PLACEMENT_3D('',#3264,#2650,#2651);
#2296=AXIS2_PLACEMENT_3D('',#3270,#2655,#2656);
#2297=AXIS2_PLACEMENT_3D('',#3272,#2657,#2658);
#2298=AXIS2_PLACEMENT_3D('',#3274,#2659,#2660);
#2299=AXIS2_PLACEMENT_3D('',#3278,#2662,#2663);
#2300=AXIS2_PLACEMENT_3D('',#3279,#2664,#2665);
#2301=AXIS2_PLACEMENT_3D('',#3280,#2666,#2667);
#2302=AXIS2_PLACEMENT_3D('',#3286,#2671,#2672);
#2303=AXIS2_PLACEMENT_3D('',#3288,#2673,#2674);
#2304=AXIS2_PLACEMENT_3D('',#3290,#2675,#2676);
#2305=AXIS2_PLACEMENT_3D('',#3296,#2680,#2681);
#2306=AXIS2_PLACEMENT_3D('',#3299,#2684,#2685);
#2307=AXIS2_PLACEMENT_3D('',#3301,#2686,#2687);
#2308=AXIS2_PLACEMENT_3D('',#3303,#2688,#2689);
#2309=AXIS2_PLACEMENT_3D('',#3304,#2690,#2691);
#2310=AXIS2_PLACEMENT_3D('',#3305,#2692,#2693);
#2311=AXIS2_PLACEMENT_3D('',#3306,#2694,#2695);
#2312=AXIS2_PLACEMENT_3D('',#3307,#2696,#2697);
#2313=AXIS2_PLACEMENT_3D('',#3308,#2698,#2699);
#2314=AXIS2_PLACEMENT_3D('',#3309,#2700,#2701);
#2315=AXIS2_PLACEMENT_3D('',#3310,#2702,#2703);
#2316=AXIS2_PLACEMENT_3D('',#3314,#2705,#2706);
#2317=AXIS2_PLACEMENT_3D('',#3318,#2708,#2709);
#2318=AXIS2_PLACEMENT_3D('',#3319,#2710,#2711);
#2319=AXIS2_PLACEMENT_3D('',#3325,#2715,#2716);
#2320=AXIS2_PLACEMENT_3D('',#3327,#2717,#2718);
#2321=AXIS2_PLACEMENT_3D('',#3329,#2719,#2720);
#2322=AXIS2_PLACEMENT_3D('',#3335,#2724,#2725);
#2323=AXIS2_PLACEMENT_3D('',#3341,#2729,#2730);
#2324=AXIS2_PLACEMENT_3D('',#3343,#2731,#2732);
#2325=AXIS2_PLACEMENT_3D('',#3345,#2733,#2734);
#2326=AXIS2_PLACEMENT_3D('',#3349,#2736,#2737);
#2327=AXIS2_PLACEMENT_3D('',#3350,#2738,#2739);
#2328=AXIS2_PLACEMENT_3D('',#3351,#2740,#2741);
#2329=AXIS2_PLACEMENT_3D('',#3357,#2745,#2746);
#2330=AXIS2_PLACEMENT_3D('',#3359,#2747,#2748);
#2331=AXIS2_PLACEMENT_3D('',#3361,#2749,#2750);
#2332=AXIS2_PLACEMENT_3D('',#3367,#2754,#2755);
#2333=AXIS2_PLACEMENT_3D('',#3370,#2758,#2759);
#2334=AXIS2_PLACEMENT_3D('',#3372,#2760,#2761);
#2335=AXIS2_PLACEMENT_3D('',#3374,#2762,#2763);
#2336=AXIS2_PLACEMENT_3D('',#3375,#2764,#2765);
#2337=AXIS2_PLACEMENT_3D('',#3376,#2766,#2767);
#2338=AXIS2_PLACEMENT_3D('',#3377,#2768,#2769);
#2339=AXIS2_PLACEMENT_3D('',#3378,#2770,#2771);
#2340=AXIS2_PLACEMENT_3D('',#3379,#2772,#2773);
#2341=AXIS2_PLACEMENT_3D('',#3380,#2774,#2775);
#2342=AXIS2_PLACEMENT_3D('',#3381,#2776,#2777);
#2343=AXIS2_PLACEMENT_3D('',#3382,#2778,#2779);
#2344=AXIS2_PLACEMENT_3D('',#3383,#2780,#2781);
#2345=AXIS2_PLACEMENT_3D('',#3384,#2782,#2783);
#2346=AXIS2_PLACEMENT_3D('',#3396,#2784,#2785);
#2347=AXIS2_PLACEMENT_3D('',#3397,#2786,#2787);
#2348=AXIS2_PLACEMENT_3D('',#3408,#2788,#2789);
#2349=AXIS2_PLACEMENT_3D('',#3409,#2790,#2791);
#2350=AXIS2_PLACEMENT_3D('',#3420,#2792,#2793);
#2351=AXIS2_PLACEMENT_3D('',#3421,#2794,#2795);
#2352=AXIS2_PLACEMENT_3D('',#3432,#2796,#2797);
#2353=AXIS2_PLACEMENT_3D('',#3433,#2798,#2799);
#2354=AXIS2_PLACEMENT_3D('',#3444,#2800,#2801);
#2355=AXIS2_PLACEMENT_3D('',#3456,#2802,#2803);
#2356=AXIS2_PLACEMENT_3D('',#3457,#2804,#2805);
#2357=AXIS2_PLACEMENT_3D('',#3468,#2806,#2807);
#2358=AXIS2_PLACEMENT_3D('',#3469,#2808,#2809);
#2359=AXIS2_PLACEMENT_3D('',#3480,#2810,#2811);
#2360=AXIS2_PLACEMENT_3D('',#3481,#2812,#2813);
#2361=AXIS2_PLACEMENT_3D('',#3492,#2814,#2815);
#2362=AXIS2_PLACEMENT_3D('',#3493,#2816,#2817);
#2363=AXIS2_PLACEMENT_3D('',#3504,#2818,#2819);
#2364=AXIS2_PLACEMENT_3D('',#3505,#2820,#2821);
#2365=AXIS2_PLACEMENT_3D('',#3506,#2822,#2823);
#2366=AXIS2_PLACEMENT_3D('',#3508,#2824,#2825);
#2367=AXIS2_PLACEMENT_3D('',#3509,#2826,#2827);
#2368=AXIS2_PLACEMENT_3D('',#3522,#2830,#2831);
#2369=AXIS2_PLACEMENT_3D('',#3524,#2833,#2834);
#2370=AXIS2_PLACEMENT_3D('',#3526,#2836,#2837);
#2371=AXIS2_PLACEMENT_3D('',#3528,#2839,#2840);
#2372=AXIS2_PLACEMENT_3D('',#3530,#2842,#2843);
#2373=AXIS2_PLACEMENT_3D('',#3539,#2844,#2845);
#2374=AXIS2_PLACEMENT_3D('',#3540,#2846,#2847);
#2375=AXIS2_PLACEMENT_3D('',#3541,#2848,#2849);
#2376=AXIS2_PLACEMENT_3D('',#3543,#2850,#2851);
#2377=AXIS2_PLACEMENT_3D('',#3544,#2852,#2853);
#2378=AXIS2_PLACEMENT_3D('',#3545,#2854,#2855);
#2379=AXIS2_PLACEMENT_3D('',#3546,#2856,#2857);
#2380=AXIS2_PLACEMENT_3D('',#3547,#2858,#2859);
#2381=AXIS2_PLACEMENT_3D('',#3548,#2860,#2861);
#2382=AXIS2_PLACEMENT_3D('',#3551,#2862,#2863);
#2383=AXIS2_PLACEMENT_3D('',#3553,#2864,#2865);
#2384=AXIS2_PLACEMENT_3D('',#3555,#2866,#2867);
#2385=AXIS2_PLACEMENT_3D('',#3557,#2868,#2869);
#2386=AXIS2_PLACEMENT_3D('',#3559,#2870,#2871);
#2387=AXIS2_PLACEMENT_3D('',#3560,#2872,#2873);
#2388=AXIS2_PLACEMENT_3D('',#3570,#2874,#2875);
#2389=AXIS2_PLACEMENT_3D('',#3580,#2876,#2877);
#2390=AXIS2_PLACEMENT_3D('',#3590,#2878,#2879);
#2391=AXIS2_PLACEMENT_3D('',#3600,#2880,#2881);
#2392=AXIS2_PLACEMENT_3D('',#3610,#2882,#2883);
#2393=AXIS2_PLACEMENT_3D('',#3611,#2884,#2885);
#2394=AXIS2_PLACEMENT_3D('',#3613,#2886,#2887);
#2395=AXIS2_PLACEMENT_3D('',#3614,#2888,#2889);
#2396=AXIS2_PLACEMENT_3D('',#3628,#2896,#2897);
#2397=AXIS2_PLACEMENT_3D('',#3636,#2900,#2901);
#2398=AXIS2_PLACEMENT_3D('',#3638,#2903,#2904);
#2399=AXIS2_PLACEMENT_3D('',#3640,#2906,#2907);
#2400=AXIS2_PLACEMENT_3D('',#3642,#2909,#2910);
#2401=AXIS2_PLACEMENT_3D('',#3644,#2912,#2913);
#2402=AXIS2_PLACEMENT_3D('',#3649,#2914,#2915);
#2403=AXIS2_PLACEMENT_3D('',#3650,#2916,#2917);
#2404=AXIS2_PLACEMENT_3D('',#3652,#2918,#2919);
#2405=AXIS2_PLACEMENT_3D('',#3653,#2920,#2921);
#2406=AXIS2_PLACEMENT_3D('',#3654,#2922,#2923);
#2407=AXIS2_PLACEMENT_3D('',#3655,#2924,#2925);
#2408=AXIS2_PLACEMENT_3D('',#3656,#2926,#2927);
#2409=AXIS2_PLACEMENT_3D('',#3657,#2928,#2929);
#2410=AXIS2_PLACEMENT_3D('',#3658,#2930,#2931);
#2411=AXIS2_PLACEMENT_3D('',#3659,#2932,#2933);
#2412=AXIS2_PLACEMENT_3D('',#3660,#2934,#2935);
#2413=AXIS2_PLACEMENT_3D('',#3661,#2936,#2937);
#2414=AXIS2_PLACEMENT_3D('',#3662,#2938,#2939);
#2415=AXIS2_PLACEMENT_3D('',#3663,#2940,#2941);
#2416=AXIS2_PLACEMENT_3D('',#3667,#2943,#2944);
#2417=AXIS2_PLACEMENT_3D('',#3671,#2946,#2947);
#2418=AXIS2_PLACEMENT_3D('',#3672,#2948,#2949);
#2419=AXIS2_PLACEMENT_3D('',#3678,#2953,#2954);
#2420=AXIS2_PLACEMENT_3D('',#3680,#2955,#2956);
#2421=AXIS2_PLACEMENT_3D('',#3682,#2957,#2958);
#2422=AXIS2_PLACEMENT_3D('',#3688,#2962,#2963);
#2423=AXIS2_PLACEMENT_3D('',#3694,#2967,#2968);
#2424=AXIS2_PLACEMENT_3D('',#3696,#2969,#2970);
#2425=AXIS2_PLACEMENT_3D('',#3698,#2971,#2972);
#2426=AXIS2_PLACEMENT_3D('',#3702,#2974,#2975);
#2427=AXIS2_PLACEMENT_3D('',#3703,#2976,#2977);
#2428=AXIS2_PLACEMENT_3D('',#3704,#2978,#2979);
#2429=AXIS2_PLACEMENT_3D('',#3710,#2983,#2984);
#2430=AXIS2_PLACEMENT_3D('',#3716,#2988,#2989);
#2431=AXIS2_PLACEMENT_3D('',#3719,#2992,#2993);
#2432=AXIS2_PLACEMENT_3D('',#3720,#2994,#2995);
#2433=AXIS2_PLACEMENT_3D('',#3721,#2996,#2997);
#2434=AXIS2_PLACEMENT_3D('',#3722,#2998,#2999);
#2435=AXIS2_PLACEMENT_3D('',#3723,#3000,#3001);
#2436=AXIS2_PLACEMENT_3D('',#3724,#3002,#3003);
#2437=AXIS2_PLACEMENT_3D('',#3725,#3004,#3005);
#2438=AXIS2_PLACEMENT_3D('',#3726,#3006,#3007);
#2439=AXIS2_PLACEMENT_3D('',#3727,#3008,#3009);
#2440=AXIS2_PLACEMENT_3D('',#3728,#3010,#3011);
#2441=AXIS2_PLACEMENT_3D('',#3729,#3012,#3013);
#2442=AXIS2_PLACEMENT_3D('',#3730,#3014,#3015);
#2443=AXIS2_PLACEMENT_3D('',#3731,#3016,#3017);
#2444=AXIS2_PLACEMENT_3D('',#3732,#3018,#3019);
#2445=AXIS2_PLACEMENT_3D('',#3733,#3020,#3021);
#2446=AXIS2_PLACEMENT_3D('',#3736,#3022,#3023);
#2447=AXIS2_PLACEMENT_3D('',#3738,#3024,#3025);
#2448=AXIS2_PLACEMENT_3D('',#3740,#3026,#3027);
#2449=AXIS2_PLACEMENT_3D('',#3742,#3028,#3029);
#2450=AXIS2_PLACEMENT_3D('',#3744,#3030,#3031);
#2451=AXIS2_PLACEMENT_3D('',#3745,#3032,#3033);
#2452=AXIS2_PLACEMENT_3D('',#3755,#3034,#3035);
#2453=AXIS2_PLACEMENT_3D('',#3765,#3036,#3037);
#2454=AXIS2_PLACEMENT_3D('',#3775,#3038,#3039);
#2455=AXIS2_PLACEMENT_3D('',#3785,#3040,#3041);
#2456=AXIS2_PLACEMENT_3D('',#3795,#3042,#3043);
#2457=AXIS2_PLACEMENT_3D('',#3796,#3044,#3045);
#2458=AXIS2_PLACEMENT_3D('',#3798,#3046,#3047);
#2459=AXIS2_PLACEMENT_3D('',#3799,#3048,#3049);
#2460=AXIS2_PLACEMENT_3D('',#3813,#3056,#3057);
#2461=AXIS2_PLACEMENT_3D('',#3821,#3060,#3061);
#2462=AXIS2_PLACEMENT_3D('',#3823,#3063,#3064);
#2463=AXIS2_PLACEMENT_3D('',#3825,#3066,#3067);
#2464=AXIS2_PLACEMENT_3D('',#3827,#3069,#3070);
#2465=AXIS2_PLACEMENT_3D('',#3829,#3072,#3073);
#2466=AXIS2_PLACEMENT_3D('',#3834,#3074,#3075);
#2467=AXIS2_PLACEMENT_3D('',#3835,#3076,#3077);
#2468=AXIS2_PLACEMENT_3D('',#3837,#3078,#3079);
#2469=AXIS2_PLACEMENT_3D('',#3838,#3080,#3081);
#2470=AXIS2_PLACEMENT_3D('',#3839,#3082,#3083);
#2471=AXIS2_PLACEMENT_3D('',#3840,#3084,#3085);
#2472=AXIS2_PLACEMENT_3D('',#3841,#3086,#3087);
#2473=AXIS2_PLACEMENT_3D('',#3842,#3088,#3089);
#2474=AXIS2_PLACEMENT_3D('',#3843,#3090,#3091);
#2475=AXIS2_PLACEMENT_3D('',#3844,#3092,#3093);
#2476=AXIS2_PLACEMENT_3D('',#3845,#3094,#3095);
#2477=AXIS2_PLACEMENT_3D('',#3846,#3096,#3097);
#2478=AXIS2_PLACEMENT_3D('',#3847,#3098,#3099);
#2479=AXIS2_PLACEMENT_3D('',#3848,#3100,#3101);
#2480=AXIS2_PLACEMENT_3D('',#3849,#3102,#3103);
#2481=AXIS2_PLACEMENT_3D('',#3850,#3104,#3105);
#2482=DIRECTION('',(0.,0.,1.));
#2483=DIRECTION('',(1.,0.,0.));
#2484=DIRECTION('',(-1.,6.38632196954233E-32,0.));
#2485=DIRECTION('',(0.,0.,1.));
#2486=DIRECTION('',(-1.,6.38632196954233E-32,0.));
#2487=DIRECTION('',(0.,0.,1.));
#2488=DIRECTION('',(-1.,6.38632196954233E-32,0.));
#2489=DIRECTION('',(0.,0.,1.));
#2490=DIRECTION('',(1.,-6.38632196954233E-32,0.));
#2491=DIRECTION('',(0.,0.,-1.));
#2492=DIRECTION('',(-1.,6.38632196954233E-32,0.));
#2493=DIRECTION('',(0.,0.,1.));
#2494=DIRECTION('',(-1.,6.38632196954233E-32,0.));
#2495=DIRECTION('',(0.,0.,1.));
#2496=DIRECTION('',(-1.,6.38632196954233E-32,0.));
#2497=DIRECTION('',(0.,0.,1.));
#2498=DIRECTION('',(-1.,6.38632196954233E-32,0.));
#2499=DIRECTION('',(0.,0.,1.));
#2500=DIRECTION('',(0.,0.,1.));
#2501=DIRECTION('',(1.,0.,0.));
#2502=DIRECTION('',(0.,0.,-1.));
#2503=DIRECTION('',(-1.,0.,0.));
#2504=DIRECTION('',(0.,0.,1.));
#2505=DIRECTION('',(-1.,0.,0.));
#2506=DIRECTION('',(0.,0.,1.));
#2507=DIRECTION('',(0.,0.,-1.));
#2508=DIRECTION('',(-1.,0.,0.));
#2509=DIRECTION('',(0.,0.,-1.));
#2510=DIRECTION('',(0.,0.,-1.));
#2511=DIRECTION('',(-1.,0.,0.));
#2512=DIRECTION('',(0.,0.,1.));
#2513=DIRECTION('',(-1.,0.,0.));
#2514=DIRECTION('',(0.,0.,1.));
#2515=DIRECTION('',(0.,0.,-1.));
#2516=DIRECTION('',(-1.,0.,0.));
#2517=DIRECTION('',(0.,0.,-1.));
#2518=DIRECTION('',(0.,0.,-1.));
#2519=DIRECTION('',(-1.,0.,0.));
#2520=DIRECTION('',(0.,0.,1.));
#2521=DIRECTION('',(-1.,0.,0.));
#2522=DIRECTION('',(0.,0.,1.));
#2523=DIRECTION('',(0.,0.,-1.));
#2524=DIRECTION('',(-1.,0.,0.));
#2525=DIRECTION('',(0.,0.,-1.));
#2526=DIRECTION('',(0.,0.,-1.));
#2527=DIRECTION('',(-1.,0.,0.));
#2528=DIRECTION('',(0.,0.,1.));
#2529=DIRECTION('',(-1.,0.,0.));
#2530=DIRECTION('',(0.,0.,1.));
#2531=DIRECTION('',(0.,0.,-1.));
#2532=DIRECTION('',(-1.,0.,0.));
#2533=DIRECTION('',(0.,0.,-1.));
#2534=DIRECTION('',(0.,0.,-1.));
#2535=DIRECTION('',(-1.,0.,0.));
#2536=DIRECTION('',(0.,1.,0.));
#2537=DIRECTION('',(1.,0.,0.));
#2538=DIRECTION('',(0.,-1.,0.));
#2539=DIRECTION('',(-1.,0.,0.));
#2540=DIRECTION('',(0.,0.,1.));
#2541=DIRECTION('',(1.,0.,0.));
#2542=DIRECTION('',(0.,0.,-1.));
#2543=DIRECTION('',(-1.,0.,0.));
#2544=DIRECTION('',(1.,0.,0.));
#2545=DIRECTION('',(0.,1.,0.));
#2546=DIRECTION('',(-1.,0.,0.));
#2547=DIRECTION('',(0.,-1.,0.));
#2548=DIRECTION('',(0.,0.,1.));
#2549=DIRECTION('',(1.,0.,0.));
#2550=DIRECTION('',(0.,1.,0.));
#2551=DIRECTION('',(0.,0.,1.));
#2552=DIRECTION('',(1.,0.,0.));
#2553=DIRECTION('',(0.,0.,-1.));
#2554=DIRECTION('',(0.,-1.,0.));
#2555=DIRECTION('',(0.,0.,-1.));
#2556=DIRECTION('',(-1.,0.,0.));
#2557=DIRECTION('',(0.,0.,1.));
#2558=DIRECTION('',(0.,0.,1.));
#2559=DIRECTION('',(1.,0.,0.));
#2560=DIRECTION('',(-1.,2.7755575615629E-17,3.0814874518421E-33));
#2561=DIRECTION('',(0.,-1.11022285918903E-16,1.));
#2562=DIRECTION('',(1.,-5.55111512312579E-17,6.61744490350571E-24));
#2563=DIRECTION('',(6.61744490042422E-24,-5.55111512312578E-17,-1.));
#2564=DIRECTION('',(1.,-5.55111512312579E-17,3.08148791101958E-33));
#2565=DIRECTION('',(3.54512084662769E-48,-5.55111512312578E-17,-1.));
#2566=DIRECTION('',(1.,-9.92616735063633E-24,-6.61744490042422E-24));
#2567=DIRECTION('',(0.,0.,-1.));
#2568=DIRECTION('',(1.,-9.92616735063633E-24,-6.61744490042422E-24));
#2569=DIRECTION('',(0.707106781186548,0.,0.707106781186548));
#2570=DIRECTION('',(0.707106781186548,-1.40377204896549E-23,-0.707106781186548));
#2571=DIRECTION('',(1.,-9.92616735063633E-24,-6.61744490042422E-24));
#2572=DIRECTION('',(-0.707106781186548,-5.55111512312579E-17,0.707106781186548));
#2573=DIRECTION('',(0.707106781186548,-5.55111652689784E-17,0.707106781186548));
#2574=DIRECTION('',(-6.61744490042422E-24,-5.55111512312578E-17,1.));
#2575=DIRECTION('',(9.92616735063633E-24,-1.,-5.55111512312578E-17));
#2576=DIRECTION('',(1.3965925367846E-14,-1.,-5.55111512312578E-17));
#2577=DIRECTION('',(1.,-9.92616735063633E-24,-6.61744490042422E-24));
#2578=DIRECTION('',(-9.92616735063633E-24,1.,5.55111512312578E-17));
#2579=DIRECTION('',(-6.61744490042422E-24,5.55111512312578E-17,1.));
#2580=DIRECTION('',(1.,0.,0.));
#2581=DIRECTION('',(-6.61744490042422E-24,5.55111512312578E-17,1.));
#2582=DIRECTION('',(1.,0.,0.));
#2583=DIRECTION('',(9.92616735063633E-24,-1.,5.55111512312578E-17));
#2584=DIRECTION('',(6.61744490042422E-24,-5.55111512312578E-17,-1.));
#2585=DIRECTION('',(0.707106781186548,5.55111512312578E-17,-0.707106781186548));
#2586=DIRECTION('',(1.,-9.92616735063633E-24,-6.61744490042422E-24));
#2587=DIRECTION('',(0.707106781186548,5.55111512312578E-17,0.707106781186548));
#2588=DIRECTION('',(6.61744490042422E-24,5.55111512312578E-17,-1.));
#2589=DIRECTION('',(-9.92616735063633E-24,1.,5.55111512312578E-17));
#2590=DIRECTION('',(-1.3965925367846E-14,1.,5.55111512312578E-17));
#2591=DIRECTION('',(1.,-9.92616735063633E-24,-6.61744490042422E-24));
#2592=DIRECTION('',(9.92616735063633E-24,-1.,-5.55111512312578E-17));
#2593=DIRECTION('',(6.61744490042422E-24,-5.55111512312578E-17,-1.));
#2594=DIRECTION('',(0.,1.,0.));
#2595=DIRECTION('',(6.61744490042422E-24,-5.55111512312578E-17,-1.));
#2596=DIRECTION('',(0.,1.,0.));
#2597=DIRECTION('',(1.,-9.92616735063633E-24,-6.61744490042422E-24));
#2598=DIRECTION('',(0.,0.,-1.));
#2599=DIRECTION('',(-0.707106781186548,0.,-0.707106781186548));
#2600=DIRECTION('',(0.707106781186548,-1.40377204896549E-23,-0.707106781186548));
#2601=DIRECTION('',(1.,-9.92616735063633E-24,-6.61744490042422E-24));
#2602=DIRECTION('',(0.707106781186548,5.55111512312579E-17,-0.707106781186548));
#2603=DIRECTION('',(0.707106781186548,-5.55111652689784E-17,0.707106781186548));
#2604=DIRECTION('',(0.,-1.,0.));
#2605=DIRECTION('',(0.,0.,-1.));
#2606=DIRECTION('',(0.707106781186548,5.55111512312578E-17,-0.707106781186548));
#2607=DIRECTION('',(1.,-9.92616735063633E-24,-6.61744490042422E-24));
#2608=DIRECTION('',(0.707106781186548,-1.11022302462516E-16,0.707106781186548));
#2609=DIRECTION('',(6.61744490042422E-24,5.55111512312578E-17,-1.));
#2610=DIRECTION('',(-9.92616735063633E-24,1.,5.55111512312578E-17));
#2611=DIRECTION('',(-1.3965925367846E-14,1.,5.55111512312578E-17));
#2612=DIRECTION('',(1.,-9.92616735063633E-24,-6.61744490042422E-24));
#2613=DIRECTION('',(9.92616735063633E-24,-1.,-5.55111512312578E-17));
#2614=DIRECTION('',(-9.92616735063633E-24,1.,-5.55111512312578E-17));
#2615=DIRECTION('',(-6.61744490042422E-24,5.55111512312578E-17,1.));
#2616=DIRECTION('',(-0.707106781186548,-5.55111512312578E-17,0.707106781186548));
#2617=DIRECTION('',(-0.707106781186548,-5.55111512312578E-17,-0.707106781186548));
#2618=DIRECTION('',(0.707106781186548,5.55111512312579E-17,-0.707106781186548));
#2619=DIRECTION('',(-0.707106781186548,-5.55111512312578E-17,-0.707106781186548));
#2620=DIRECTION('',(-0.707106781186548,0.,-0.707106781186548));
#2621=DIRECTION('',(-0.707106781186548,-5.55111512312578E-17,0.707106781186548));
#2622=DIRECTION('',(-6.61744490042422E-24,5.55111512312578E-17,1.));
#2623=DIRECTION('',(1.,0.,0.));
#2624=DIRECTION('',(-6.61744490042422E-24,5.55111512312578E-17,1.));
#2625=DIRECTION('',(1.,0.,0.));
#2626=DIRECTION('',(0.,0.,1.));
#2627=DIRECTION('',(1.,0.,0.));
#2628=DIRECTION('',(0.,6.61744490042422E-24,1.));
#2629=DIRECTION('',(1.,0.,0.));
#2630=DIRECTION('',(0.,6.61744490042422E-24,1.));
#2631=DIRECTION('',(-0.707106781186548,0.,-0.707106781186548));
#2632=DIRECTION('',(-0.707106781186548,9.35848032643661E-24,0.707106781186548));
#2633=DIRECTION('',(0.,6.61744490042422E-24,1.));
#2634=DIRECTION('',(-0.707106781186548,0.,0.707106781186548));
#2635=DIRECTION('',(0.707106781186548,9.35848032643661E-24,0.707106781186548));
#2636=DIRECTION('',(-1.,0.,0.));
#2637=DIRECTION('',(0.,6.61744490042422E-24,1.));
#2638=DIRECTION('',(0.,6.61744490042422E-24,1.));
#2639=DIRECTION('',(0.,1.,-1.39659253513024E-14));
#2640=DIRECTION('',(0.,-1.,1.39659253513024E-14));
#2641=DIRECTION('',(1.,0.,0.));
#2642=DIRECTION('',(0.,0.,-1.));
#2643=DIRECTION('',(1.,0.,0.));
#2644=DIRECTION('',(0.,0.,-1.));
#2645=DIRECTION('',(0.,-1.,6.61744490042422E-24));
#2646=DIRECTION('',(0.,-6.61744490042422E-24,-1.));
#2647=DIRECTION('',(0.,6.61744490042422E-24,1.));
#2648=DIRECTION('',(-0.707106781186547,0.,0.707106781186548));
#2649=DIRECTION('',(0.707106781186548,-5.55111512312578E-17,0.707106781186548));
#2650=DIRECTION('',(1.,0.,0.));
#2651=DIRECTION('',(0.,-6.61744490042422E-24,-1.));
#2652=DIRECTION('',(0.,6.61744490042422E-24,1.));
#2653=DIRECTION('',(0.,-1.,1.39659253513024E-14));
#2654=DIRECTION('',(0.,1.,-1.39659253513024E-14));
#2655=DIRECTION('',(1.,0.,0.));
#2656=DIRECTION('',(0.,0.,-1.));
#2657=DIRECTION('',(1.,0.,0.));
#2658=DIRECTION('',(0.,0.,-1.));
#2659=DIRECTION('',(0.,6.61744490042422E-24,1.));
#2660=DIRECTION('',(1.,0.,0.));
#2661=DIRECTION('',(0.,6.61744490042422E-24,1.));
#2662=DIRECTION('',(0.707106781186548,0.,0.707106781186548));
#2663=DIRECTION('',(-0.707106781186548,9.35848032643661E-24,0.707106781186548));
#2664=DIRECTION('',(0.707106781186548,0.,-0.707106781186548));
#2665=DIRECTION('',(0.707106781186548,9.35848032643661E-24,0.707106781186548));
#2666=DIRECTION('',(0.,-1.,0.));
#2667=DIRECTION('',(1.,0.,-6.61744490042422E-24));
#2668=DIRECTION('',(0.,6.61744490042422E-24,1.));
#2669=DIRECTION('',(-0.707106781186548,-5.55111512312578E-17,0.707106781186548));
#2670=DIRECTION('',(0.707106781186548,0.,0.707106781186548));
#2671=DIRECTION('',(1.11022302462516E-16,-1.,-6.61744490042422E-24));
#2672=DIRECTION('',(1.,1.92747052886313E-16,0.));
#2673=DIRECTION('',(1.11022302462516E-16,-1.,-6.61744490042422E-24));
#2674=DIRECTION('',(1.,1.92747052886313E-16,0.));
#2675=DIRECTION('',(1.,0.,0.));
#2676=DIRECTION('',(0.,-6.61744490042422E-24,-1.));
#2677=DIRECTION('',(0.,6.61744490042422E-24,1.));
#2678=DIRECTION('',(0.,-1.,1.39659253513024E-14));
#2679=DIRECTION('',(0.,1.,-1.39659253513024E-14));
#2680=DIRECTION('',(0.,1.,6.61744490042422E-24));
#2681=DIRECTION('',(-1.,0.,0.));
#2682=DIRECTION('',(0.707106781186547,0.,-0.707106781186548));
#2683=DIRECTION('',(-0.707106781186548,5.55111512312578E-17,-0.707106781186548));
#2684=DIRECTION('',(0.,1.,-6.61744490042422E-24));
#2685=DIRECTION('',(0.,2.64697796177891E-23,1.));
#2686=DIRECTION('',(0.,1.,-6.61744490042422E-24));
#2687=DIRECTION('',(0.,2.64697796177891E-23,1.));
#2688=DIRECTION('',(0.707106781186548,0.,-0.707106781186548));
#2689=DIRECTION('',(-0.707106781186548,5.55111512312578E-17,-0.707106781186548));
#2690=DIRECTION('',(0.707106781186548,0.,0.707106781186548));
#2691=DIRECTION('',(0.707106781186548,0.,-0.707106781186548));
#2692=DIRECTION('',(1.,0.,0.));
#2693=DIRECTION('',(0.,0.,-1.));
#2694=DIRECTION('',(1.,0.,0.));
#2695=DIRECTION('',(0.,0.,-1.));
#2696=DIRECTION('',(0.,1.,-6.61744490042422E-24));
#2697=DIRECTION('',(0.,2.64697796177893E-23,1.));
#2698=DIRECTION('',(0.,1.,-6.61744490042422E-24));
#2699=DIRECTION('',(0.,2.64697796177893E-23,1.));
#2700=DIRECTION('',(0.,0.,1.));
#2701=DIRECTION('',(1.,0.,0.));
#2702=DIRECTION('',(6.61744490042422E-24,6.61744490042422E-24,-1.));
#2703=DIRECTION('',(-1.,0.,0.));
#2704=DIRECTION('',(6.61744490042422E-24,6.61744490042422E-24,-1.));
#2705=DIRECTION('',(0.707106781186548,0.,0.707106781186548));
#2706=DIRECTION('',(0.707106781186548,9.35848032643661E-24,-0.707106781186548));
#2707=DIRECTION('',(6.61744490042422E-24,6.61744490042422E-24,-1.));
#2708=DIRECTION('',(0.707106781186548,0.,-0.707106781186548));
#2709=DIRECTION('',(-0.707106781186548,9.35848032643661E-24,-0.707106781186548));
#2710=DIRECTION('',(1.,-5.55111512312578E-17,6.61744490042422E-24));
#2711=DIRECTION('',(6.61744490042422E-24,6.61744490042422E-24,-1.));
#2712=DIRECTION('',(6.61744490042422E-24,6.61744490042422E-24,-1.));
#2713=DIRECTION('',(-5.55111512312578E-17,1.,-6.61744490042422E-24));
#2714=DIRECTION('',(5.55111512312578E-17,-1.,6.61744490042422E-24));
#2715=DIRECTION('',(1.,-5.55111512312578E-17,-6.61744490042422E-24));
#2716=DIRECTION('',(0.,0.,-1.));
#2717=DIRECTION('',(1.,-5.55111512312578E-17,-6.61744490042422E-24));
#2718=DIRECTION('',(0.,0.,-1.));
#2719=DIRECTION('',(5.55111512312578E-17,-1.,-6.61744490042422E-24));
#2720=DIRECTION('',(6.61744490042422E-24,6.61744490042422E-24,-1.));
#2721=DIRECTION('',(6.61744490042422E-24,6.61744490042422E-24,-1.));
#2722=DIRECTION('',(0.707106781186548,-5.55111512312578E-17,-0.707106781186548));
#2723=DIRECTION('',(-0.707106781186548,1.11022302462516E-16,-0.707106781186548));
#2724=DIRECTION('',(-1.,5.55111512312578E-17,-6.61744490042422E-24));
#2725=DIRECTION('',(-6.61744490042422E-24,-6.61744490042422E-24,1.));
#2726=DIRECTION('',(6.61744490042422E-24,6.61744490042422E-24,-1.));
#2727=DIRECTION('',(5.55111512312578E-17,-1.,6.61744490042422E-24));
#2728=DIRECTION('',(-5.55111512312578E-17,1.,-6.61744490042422E-24));
#2729=DIRECTION('',(-1.,5.55111512312578E-17,6.61744490042422E-24));
#2730=DIRECTION('',(0.,0.,1.));
#2731=DIRECTION('',(-1.,5.55111512312578E-17,6.61744490042422E-24));
#2732=DIRECTION('',(0.,0.,1.));
#2733=DIRECTION('',(6.61744490042422E-24,6.61744490042422E-24,-1.));
#2734=DIRECTION('',(-1.,0.,0.));
#2735=DIRECTION('',(6.61744490042422E-24,6.61744490042422E-24,-1.));
#2736=DIRECTION('',(-0.707106781186548,0.,-0.707106781186548));
#2737=DIRECTION('',(0.707106781186548,9.35848032643661E-24,-0.707106781186548));
#2738=DIRECTION('',(-0.707106781186548,0.,0.707106781186548));
#2739=DIRECTION('',(-0.707106781186548,9.35848032643661E-24,-0.707106781186548));
#2740=DIRECTION('',(0.,-1.,0.));
#2741=DIRECTION('',(1.,0.,-1.32348898008484E-23));
#2742=DIRECTION('',(6.61744490042422E-24,6.61744490042422E-24,-1.));
#2743=DIRECTION('',(0.707106781186548,-1.11022302462516E-16,-0.707106781186548));
#2744=DIRECTION('',(-0.707106781186548,1.66533453693773E-16,-0.707106781186548));
#2745=DIRECTION('',(1.11022302462516E-16,1.,-6.61744490042422E-24));
#2746=DIRECTION('',(-1.,1.92747052886313E-16,0.));
#2747=DIRECTION('',(1.11022302462516E-16,1.,-6.61744490042422E-24));
#2748=DIRECTION('',(-1.,1.92747052886313E-16,0.));
#2749=DIRECTION('',(-1.,5.55111512312578E-17,-6.61744490042422E-24));
#2750=DIRECTION('',(-6.61744490042422E-24,-6.61744490042422E-24,1.));
#2751=DIRECTION('',(6.61744490042422E-24,6.61744490042422E-24,-1.));
#2752=DIRECTION('',(5.55111512312578E-17,-1.,6.61744490042422E-24));
#2753=DIRECTION('',(-5.55111512312578E-17,1.,-6.61744490042422E-24));
#2754=DIRECTION('',(5.55111512312578E-17,1.,-6.61744490042422E-24));
#2755=DIRECTION('',(-1.,5.55111512312578E-17,6.61744490042422E-24));
#2756=DIRECTION('',(-0.707106781186548,5.55111512312578E-17,0.707106781186548));
#2757=DIRECTION('',(0.707106781186548,-1.11022302462516E-16,0.707106781186548));
#2758=DIRECTION('',(5.55111512312578E-17,-1.,1.98523347012726E-23));
#2759=DIRECTION('',(0.,6.61744487234844E-24,1.));
#2760=DIRECTION('',(5.55111512312578E-17,-1.,1.98523347012726E-23));
#2761=DIRECTION('',(0.,6.61744495794532E-24,1.));
#2762=DIRECTION('',(-0.707106781186548,0.,0.707106781186548));
#2763=DIRECTION('',(0.707106781186548,-1.11022302462516E-16,0.707106781186548));
#2764=DIRECTION('',(-0.707106781186548,0.,-0.707106781186548));
#2765=DIRECTION('',(-0.707106781186548,5.55111512312578E-17,0.707106781186548));
#2766=DIRECTION('',(1.,-5.55111512312578E-17,-6.61744490042422E-24));
#2767=DIRECTION('',(0.,0.,-1.));
#2768=DIRECTION('',(1.,-5.55111512312578E-17,-6.61744490042422E-24));
#2769=DIRECTION('',(0.,0.,-1.));
#2770=DIRECTION('',(-5.55111512312578E-17,1.,-1.98523347012726E-23));
#2771=DIRECTION('',(0.,6.61744487234844E-24,1.));
#2772=DIRECTION('',(-5.55111512312578E-17,1.,-1.98523347012726E-23));
#2773=DIRECTION('',(0.,6.61744495794532E-24,1.));
#2774=DIRECTION('',(0.,0.,1.));
#2775=DIRECTION('',(1.,0.,0.));
#2776=DIRECTION('',(1.,2.56714800642393E-17,3.33066907387547E-16));
#2777=DIRECTION('',(3.33066907387547E-16,-1.73472513033803E-17,-1.));
#2778=DIRECTION('',(1.45003332832393E-16,0.924224592736303,0.381849318686593));
#2779=DIRECTION('',(-1.,1.11022302462515E-16,1.11022302462516E-16));
#2780=DIRECTION('',(0.,0.,1.));
#2781=DIRECTION('',(1.,0.,0.));
#2782=DIRECTION('',(0.,0.,-1.));
#2783=DIRECTION('',(1.,0.,0.));
#2784=DIRECTION('',(0.,0.,1.));
#2785=DIRECTION('',(1.,0.,0.));
#2786=DIRECTION('',(0.,0.,-1.));
#2787=DIRECTION('',(1.,0.,0.));
#2788=DIRECTION('',(0.,0.,1.));
#2789=DIRECTION('',(1.,0.,0.));
#2790=DIRECTION('',(0.,0.,-1.));
#2791=DIRECTION('',(1.,1.77635683940025E-15,0.));
#2792=DIRECTION('',(0.,0.,1.));
#2793=DIRECTION('',(1.,0.,0.));
#2794=DIRECTION('',(0.,0.,-1.));
#2795=DIRECTION('',(1.,0.,0.));
#2796=DIRECTION('',(0.,0.,1.));
#2797=DIRECTION('',(1.,0.,0.));
#2798=DIRECTION('',(0.,0.,1.));
#2799=DIRECTION('',(1.,0.,0.));
#2800=DIRECTION('',(0.,0.,-1.));
#2801=DIRECTION('',(1.,0.,0.));
#2802=DIRECTION('',(0.,0.,1.));
#2803=DIRECTION('',(1.,0.,0.));
#2804=DIRECTION('',(0.,0.,-1.));
#2805=DIRECTION('',(1.,0.,0.));
#2806=DIRECTION('',(0.,0.,1.));
#2807=DIRECTION('',(1.,0.,0.));
#2808=DIRECTION('',(0.,0.,-1.));
#2809=DIRECTION('',(1.,0.,0.));
#2810=DIRECTION('',(0.,0.,1.));
#2811=DIRECTION('',(1.,0.,0.));
#2812=DIRECTION('',(0.,0.,-1.));
#2813=DIRECTION('',(1.,0.,0.));
#2814=DIRECTION('',(0.,0.,1.));
#2815=DIRECTION('',(1.,0.,0.));
#2816=DIRECTION('',(0.,0.,-1.));
#2817=DIRECTION('',(1.,0.,0.));
#2818=DIRECTION('',(0.,0.,1.));
#2819=DIRECTION('',(1.,0.,0.));
#2820=DIRECTION('',(0.,0.,1.));
#2821=DIRECTION('',(1.,0.,0.));
#2822=DIRECTION('',(0.,0.,1.));
#2823=DIRECTION('',(1.,0.,0.));
#2824=DIRECTION('',(0.,0.,-1.));
#2825=DIRECTION('',(1.,0.,0.));
#2826=DIRECTION('',(-0.866025403784439,0.5,0.));
#2827=DIRECTION('',(-0.5,-0.866025403784439,0.));
#2828=DIRECTION('',(0.,0.,-1.));
#2829=DIRECTION('',(0.,0.,-1.));
#2830=DIRECTION('',(0.,1.,0.));
#2831=DIRECTION('',(0.,0.,1.));
#2832=DIRECTION('',(0.,0.,-1.));
#2833=DIRECTION('',(0.866025403784439,0.5,0.));
#2834=DIRECTION('',(-0.5,0.866025403784439,0.));
#2835=DIRECTION('',(0.,0.,-1.));
#2836=DIRECTION('',(0.866025403784439,-0.5,0.));
#2837=DIRECTION('',(0.5,0.866025403784439,0.));
#2838=DIRECTION('',(0.,0.,-1.));
#2839=DIRECTION('',(0.,-1.,0.));
#2840=DIRECTION('',(1.,0.,0.));
#2841=DIRECTION('',(0.,0.,-1.));
#2842=DIRECTION('',(-0.866025403784439,-0.5,0.));
#2843=DIRECTION('',(0.5,-0.866025403784439,0.));
#2844=DIRECTION('',(0.,0.,1.));
#2845=DIRECTION('',(1.,0.,0.));
#2846=DIRECTION('',(0.,0.,1.));
#2847=DIRECTION('',(1.,0.,0.));
#2848=DIRECTION('',(0.,0.,1.));
#2849=DIRECTION('',(1.,0.,0.));
#2850=DIRECTION('',(0.,0.,-1.));
#2851=DIRECTION('',(-1.,0.,0.));
#2852=DIRECTION('',(0.,0.,-1.));
#2853=DIRECTION('',(1.,0.,0.));
#2854=DIRECTION('',(0.,0.,1.));
#2855=DIRECTION('',(1.,0.,0.));
#2856=DIRECTION('',(0.,0.,-1.));
#2857=DIRECTION('',(0.923728021347068,0.383049008063238,0.));
#2858=DIRECTION('',(0.,0.,1.));
#2859=DIRECTION('',(1.,0.,0.));
#2860=DIRECTION('',(0.,0.,1.));
#2861=DIRECTION('',(1.,0.,0.));
#2862=DIRECTION('',(0.,0.,1.));
#2863=DIRECTION('',(1.,0.,0.));
#2864=DIRECTION('',(0.,0.,1.));
#2865=DIRECTION('',(1.,0.,0.));
#2866=DIRECTION('',(0.,0.,1.));
#2867=DIRECTION('',(1.,0.,0.));
#2868=DIRECTION('',(0.,0.,1.));
#2869=DIRECTION('',(1.,0.,0.));
#2870=DIRECTION('',(0.,0.,1.));
#2871=DIRECTION('',(1.,0.,0.));
#2872=DIRECTION('',(0.,0.,-1.));
#2873=DIRECTION('',(1.,0.,0.));
#2874=DIRECTION('',(0.,0.,-1.));
#2875=DIRECTION('',(1.,0.,0.));
#2876=DIRECTION('',(0.,0.,-1.));
#2877=DIRECTION('',(1.,0.,0.));
#2878=DIRECTION('',(0.,0.,-1.));
#2879=DIRECTION('',(1.,0.,0.));
#2880=DIRECTION('',(0.,0.,-1.));
#2881=DIRECTION('',(1.,0.,0.));
#2882=DIRECTION('',(0.,0.,-1.));
#2883=DIRECTION('',(-1.,0.,0.));
#2884=DIRECTION('',(0.,0.,-1.));
#2885=DIRECTION('',(-1.,0.,0.));
#2886=DIRECTION('',(0.,0.,1.));
#2887=DIRECTION('',(1.,0.,0.));
#2888=DIRECTION('',(0.,0.,-1.));
#2889=DIRECTION('',(1.,0.,0.));
#2890=DIRECTION('',(-0.5,0.866025403784438,0.));
#2891=DIRECTION('',(0.5,0.866025403784439,0.));
#2892=DIRECTION('',(1.,-1.1556266144132E-16,0.));
#2893=DIRECTION('',(0.5,-0.866025403784439,0.));
#2894=DIRECTION('',(-0.5,-0.866025403784439,0.));
#2895=DIRECTION('',(-1.,1.1556266144132E-16,0.));
#2896=DIRECTION('',(-0.866025403784439,0.5,0.));
#2897=DIRECTION('',(-0.5,-0.866025403784439,0.));
#2898=DIRECTION('',(0.,0.,-1.));
#2899=DIRECTION('',(0.,0.,-1.));
#2900=DIRECTION('',(0.,1.,0.));
#2901=DIRECTION('',(-1.,0.,0.));
#2902=DIRECTION('',(0.,0.,-1.));
#2903=DIRECTION('',(0.866025403784439,0.5,0.));
#2904=DIRECTION('',(-0.5,0.866025403784439,0.));
#2905=DIRECTION('',(0.,0.,-1.));
#2906=DIRECTION('',(0.866025403784439,-0.5,0.));
#2907=DIRECTION('',(0.5,0.866025403784439,0.));
#2908=DIRECTION('',(0.,0.,-1.));
#2909=DIRECTION('',(0.,-1.,0.));
#2910=DIRECTION('',(1.,0.,0.));
#2911=DIRECTION('',(0.,0.,-1.));
#2912=DIRECTION('',(-0.866025403784438,-0.5,0.));
#2913=DIRECTION('',(0.5,-0.866025403784438,0.));
#2914=DIRECTION('',(0.,0.,1.));
#2915=DIRECTION('',(1.,0.,0.));
#2916=DIRECTION('',(0.,0.,1.));
#2917=DIRECTION('',(-1.,0.,0.));
#2918=DIRECTION('',(0.,0.,-1.));
#2919=DIRECTION('',(1.,0.,0.));
#2920=DIRECTION('',(0.,0.,1.));
#2921=DIRECTION('',(1.,0.,0.));
#2922=DIRECTION('',(0.,0.,-1.));
#2923=DIRECTION('',(0.923728021347068,0.383049008063238,0.));
#2924=DIRECTION('',(0.,0.,1.));
#2925=DIRECTION('',(1.,0.,0.));
#2926=DIRECTION('',(1.,-6.38632196954233E-32,-2.69880267346701E-78));
#2927=DIRECTION('',(4.0785108298659E-63,6.38632196954233E-32,-1.));
#2928=DIRECTION('',(0.,0.,1.));
#2929=DIRECTION('',(1.,0.,0.));
#2930=DIRECTION('',(0.,0.,-1.));
#2931=DIRECTION('',(0.923728021347068,0.383049008063238,0.));
#2932=DIRECTION('',(0.,0.,1.));
#2933=DIRECTION('',(1.,0.,0.));
#2934=DIRECTION('',(0.,0.,-1.));
#2935=DIRECTION('',(0.923728021347068,0.383049008063238,0.));
#2936=DIRECTION('',(-5.90239582138316E-32,0.924224592736303,0.381849318686593));
#2937=DIRECTION('',(-1.,-8.82493466252528E-32,5.90239582138316E-32));
#2938=DIRECTION('',(0.,0.,1.));
#2939=DIRECTION('',(1.,0.,0.));
#2940=DIRECTION('',(-1.,-1.98523347012726E-23,1.32348898008484E-23));
#2941=DIRECTION('',(0.,-1.44560289664734E-16,1.));
#2942=DIRECTION('',(-1.,-1.98523347012726E-23,1.32348898008484E-23));
#2943=DIRECTION('',(0.707106781186548,0.,-0.707106781186548));
#2944=DIRECTION('',(-0.707106781186548,-2.80754409793099E-23,-0.707106781186548));
#2945=DIRECTION('',(-1.,-1.98523347012726E-23,1.32348898008484E-23));
#2946=DIRECTION('',(-0.707106781186548,0.,-0.707106781186548));
#2947=DIRECTION('',(-0.707106781186548,-2.80754409793099E-23,0.707106781186548));
#2948=DIRECTION('',(0.,0.,-1.));
#2949=DIRECTION('',(1.98523347012726E-23,1.,0.));
#2950=DIRECTION('',(-1.,-1.98523347012726E-23,1.32348898008484E-23));
#2951=DIRECTION('',(1.39659253777722E-14,1.,-1.11022302462516E-16));
#2952=DIRECTION('',(-1.98523347012726E-23,-1.,1.11022302462516E-16));
#2953=DIRECTION('',(-1.32348898008484E-23,-1.11022302462516E-16,1.));
#2954=DIRECTION('',(1.,0.,0.));
#2955=DIRECTION('',(-1.32348898008484E-23,-1.11022302462516E-16,1.));
#2956=DIRECTION('',(1.,0.,0.));
#2957=DIRECTION('',(0.,-1.,0.));
#2958=DIRECTION('',(1.32348898008484E-23,0.,-1.));
#2959=DIRECTION('',(-1.,-1.98523347012726E-23,1.32348898008484E-23));
#2960=DIRECTION('',(-0.707106781186547,1.11022302462516E-16,-0.707106781186548));
#2961=DIRECTION('',(-0.707106781186548,-1.11022302462516E-16,0.707106781186548));
#2962=DIRECTION('',(0.,0.,1.));
#2963=DIRECTION('',(-1.98523347012726E-23,-1.,0.));
#2964=DIRECTION('',(-1.,-1.98523347012726E-23,1.32348898008484E-23));
#2965=DIRECTION('',(-1.39659253777722E-14,-1.,1.11022302462516E-16));
#2966=DIRECTION('',(1.98523347012726E-23,1.,-1.11022302462516E-16));
#2967=DIRECTION('',(-1.32348898008484E-23,-1.11022302462516E-16,1.));
#2968=DIRECTION('',(0.,-1.,0.));
#2969=DIRECTION('',(-1.32348898008484E-23,-1.11022302462516E-16,1.));
#2970=DIRECTION('',(0.,-1.,0.));
#2971=DIRECTION('',(-1.,-1.98523347012726E-23,1.32348898008484E-23));
#2972=DIRECTION('',(0.,0.,1.));
#2973=DIRECTION('',(-1.,-1.98523347012726E-23,1.32348898008484E-23));
#2974=DIRECTION('',(-0.707106781186548,0.,0.707106781186548));
#2975=DIRECTION('',(-0.707106781186548,-2.80754409793099E-23,-0.707106781186548));
#2976=DIRECTION('',(0.707106781186548,0.,0.707106781186548));
#2977=DIRECTION('',(-0.707106781186548,-2.80754409793099E-23,0.707106781186548));
#2978=DIRECTION('',(-2.64697796016969E-23,-1.,5.55111512312578E-17));
#2979=DIRECTION('',(6.61744490042422E-24,-5.55111512312578E-17,-1.));
#2980=DIRECTION('',(-1.,-1.98523347012726E-23,1.32348898008484E-23));
#2981=DIRECTION('',(-0.707106781186547,0.,-0.707106781186548));
#2982=DIRECTION('',(-0.707106781186547,-5.55111512312578E-17,0.707106781186548));
#2983=DIRECTION('',(0.,0.,1.));
#2984=DIRECTION('',(-1.98523347012726E-23,-1.,0.));
#2985=DIRECTION('',(-1.,-1.98523347012726E-23,1.32348898008484E-23));
#2986=DIRECTION('',(-1.39659253777722E-14,-1.,1.11022302462516E-16));
#2987=DIRECTION('',(1.98523347012726E-23,1.,-1.11022302462516E-16));
#2988=DIRECTION('',(0.,1.,0.));
#2989=DIRECTION('',(-1.32348898008484E-23,0.,1.));
#2990=DIRECTION('',(0.707106781186547,-1.11022302462516E-16,0.707106781186548));
#2991=DIRECTION('',(0.707106781186548,1.11022302462516E-16,-0.707106781186548));
#2992=DIRECTION('',(0.707106781186548,0.,0.707106781186548));
#2993=DIRECTION('',(0.707106781186548,1.11022302462516E-16,-0.707106781186548));
#2994=DIRECTION('',(-0.707106781186548,0.,0.707106781186548));
#2995=DIRECTION('',(0.707106781186548,-1.11022302462516E-16,0.707106781186548));
#2996=DIRECTION('',(0.,0.,1.));
#2997=DIRECTION('',(1.,0.,0.));
#2998=DIRECTION('',(0.,0.,1.));
#2999=DIRECTION('',(1.,0.,0.));
#3000=DIRECTION('',(0.,0.,1.));
#3001=DIRECTION('',(1.,0.,0.));
#3002=DIRECTION('',(-1.,-5.55111512312578E-17,-6.61744489734273E-24));
#3003=DIRECTION('',(-6.61744490042422E-24,5.55111512312579E-17,1.));
#3004=DIRECTION('',(1.02609542278065E-16,0.924224592736303,0.381849318686593));
#3005=DIRECTION('',(-1.,1.11022302462515E-16,5.90239582138316E-32));
#3006=DIRECTION('',(-1.,-5.55111512312578E-17,3.08148791101958E-33));
#3007=DIRECTION('',(-3.54512084662768E-48,5.55111512312579E-17,1.));
#3008=DIRECTION('',(1.,-5.55111512312579E-17,6.61744490350571E-24));
#3009=DIRECTION('',(6.61744490042422E-24,-5.55111512312578E-17,-1.));
#3010=DIRECTION('',(1.,-5.55111512312578E-17,-7.70371977754894E-34));
#3011=DIRECTION('',(0.,1.38777878078145E-17,-1.));
#3012=DIRECTION('',(0.,0.,1.));
#3013=DIRECTION('',(1.,0.,0.));
#3014=DIRECTION('',(-1.,-6.38632196954233E-32,-2.18952885050753E-47));
#3015=DIRECTION('',(-2.18952885050752E-47,-6.38632196954233E-32,1.));
#3016=DIRECTION('',(-5.90239582138316E-32,0.924224592736303,0.381849318686593));
#3017=DIRECTION('',(-1.,-8.82493466252528E-32,5.90239582138316E-32));
#3018=DIRECTION('',(0.,0.,1.));
#3019=DIRECTION('',(1.,0.,0.));
#3020=DIRECTION('',(0.,0.,1.));
#3021=DIRECTION('',(1.,0.,0.));
#3022=DIRECTION('',(0.,0.,1.));
#3023=DIRECTION('',(1.,0.,0.));
#3024=DIRECTION('',(0.,0.,1.));
#3025=DIRECTION('',(1.,0.,0.));
#3026=DIRECTION('',(0.,0.,1.));
#3027=DIRECTION('',(1.,0.,0.));
#3028=DIRECTION('',(0.,0.,1.));
#3029=DIRECTION('',(1.,0.,0.));
#3030=DIRECTION('',(0.,0.,1.));
#3031=DIRECTION('',(1.,0.,0.));
#3032=DIRECTION('',(0.,0.,-1.));
#3033=DIRECTION('',(1.,0.,0.));
#3034=DIRECTION('',(0.,0.,-1.));
#3035=DIRECTION('',(1.,0.,0.));
#3036=DIRECTION('',(0.,0.,-1.));
#3037=DIRECTION('',(1.,0.,0.));
#3038=DIRECTION('',(0.,0.,-1.));
#3039=DIRECTION('',(1.,0.,0.));
#3040=DIRECTION('',(0.,0.,-1.));
#3041=DIRECTION('',(1.,0.,0.));
#3042=DIRECTION('',(0.,0.,-1.));
#3043=DIRECTION('',(-1.,0.,0.));
#3044=DIRECTION('',(0.,0.,-1.));
#3045=DIRECTION('',(-1.,0.,0.));
#3046=DIRECTION('',(0.,0.,1.));
#3047=DIRECTION('',(1.,0.,0.));
#3048=DIRECTION('',(0.,0.,-1.));
#3049=DIRECTION('',(1.,0.,0.));
#3050=DIRECTION('',(-0.5,0.866025403784438,0.));
#3051=DIRECTION('',(0.5,0.866025403784439,0.));
#3052=DIRECTION('',(1.,-1.1556266144132E-16,0.));
#3053=DIRECTION('',(0.5,-0.866025403784439,0.));
#3054=DIRECTION('',(-0.5,-0.866025403784439,0.));
#3055=DIRECTION('',(-1.,1.1556266144132E-16,0.));
#3056=DIRECTION('',(-0.866025403784439,0.5,0.));
#3057=DIRECTION('',(-0.5,-0.866025403784439,0.));
#3058=DIRECTION('',(0.,0.,-1.));
#3059=DIRECTION('',(0.,0.,-1.));
#3060=DIRECTION('',(0.,1.,0.));
#3061=DIRECTION('',(-1.,0.,0.));
#3062=DIRECTION('',(0.,0.,-1.));
#3063=DIRECTION('',(0.866025403784439,0.5,0.));
#3064=DIRECTION('',(-0.5,0.866025403784439,0.));
#3065=DIRECTION('',(0.,0.,-1.));
#3066=DIRECTION('',(0.866025403784439,-0.5,0.));
#3067=DIRECTION('',(0.5,0.866025403784439,0.));
#3068=DIRECTION('',(0.,0.,-1.));
#3069=DIRECTION('',(0.,-1.,0.));
#3070=DIRECTION('',(1.,0.,0.));
#3071=DIRECTION('',(0.,0.,-1.));
#3072=DIRECTION('',(-0.866025403784438,-0.5,0.));
#3073=DIRECTION('',(0.5,-0.866025403784438,0.));
#3074=DIRECTION('',(0.,0.,1.));
#3075=DIRECTION('',(1.,0.,0.));
#3076=DIRECTION('',(0.,0.,1.));
#3077=DIRECTION('',(-1.,0.,0.));
#3078=DIRECTION('',(0.,0.,-1.));
#3079=DIRECTION('',(1.,0.,0.));
#3080=DIRECTION('',(0.,0.,1.));
#3081=DIRECTION('',(1.,0.,0.));
#3082=DIRECTION('',(1.,-1.11022302462516E-16,-1.11022302462516E-16));
#3083=DIRECTION('',(-1.11022302462516E-16,1.11022302462516E-16,-1.));
#3084=DIRECTION('',(-1.,5.55111512312578E-17,3.42113882891801E-49));
#3085=DIRECTION('',(0.,-6.16297582203916E-33,1.));
#3086=DIRECTION('',(-1.,-5.55111512312578E-17,-6.61744489734273E-24));
#3087=DIRECTION('',(-6.61744490042422E-24,5.55111512312579E-17,1.));
#3088=DIRECTION('',(0.,0.,1.));
#3089=DIRECTION('',(1.,0.,0.));
#3090=DIRECTION('',(-1.,-6.38632196954233E-32,-2.18952885050753E-47));
#3091=DIRECTION('',(-2.18952885050752E-47,-6.38632196954233E-32,1.));
#3092=DIRECTION('',(-1.,6.38632196954233E-32,-2.69880267346701E-78));
#3093=DIRECTION('',(4.0785108298659E-63,6.38632196954233E-32,1.));
#3094=DIRECTION('',(-1.,-5.55111512312578E-17,3.08148791101958E-33));
#3095=DIRECTION('',(-3.54512084662768E-48,5.55111512312579E-17,1.));
#3096=DIRECTION('',(1.,-5.55111512312579E-17,3.08148791101958E-33));
#3097=DIRECTION('',(3.54512084662769E-48,-5.55111512312578E-17,-1.));
#3098=DIRECTION('',(1.,-1.11022302462516E-16,4.10536659470161E-48));
#3099=DIRECTION('',(1.23259516440783E-32,1.11022302462516E-16,-1.));
#3100=DIRECTION('',(-1.,6.38632196954233E-32,-2.69880267346701E-78));
#3101=DIRECTION('',(4.0785108298659E-63,6.38632196954233E-32,1.));
#3102=DIRECTION('',(0.,0.,1.));
#3103=DIRECTION('',(1.,0.,0.));
#3104=DIRECTION('',(1.,-6.38632196954233E-32,-2.69880267346701E-78));
#3105=DIRECTION('',(4.0785108298659E-63,6.38632196954233E-32,-1.));
#3106=CARTESIAN_POINT('',(0.,0.,0.));
#3107=CARTESIAN_POINT('',(0.0016,0.008,0.));
#3108=CARTESIAN_POINT('',(0.0016,0.,0.));
#3109=CARTESIAN_POINT('',(0.0016,0.,0.0042));
#3110=CARTESIAN_POINT('',(0.0016,0.,0.));
#3111=CARTESIAN_POINT('',(0.0016,0.,0.008));
#3112=CARTESIAN_POINT('',(0.,0.008,0.));
#3113=CARTESIAN_POINT('',(0.,0.,0.));
#3114=CARTESIAN_POINT('',(0.,0.,0.008));
#3115=CARTESIAN_POINT('',(0.,0.,0.));
#3116=CARTESIAN_POINT('',(0.,0.,0.0042));
#3117=CARTESIAN_POINT('',(-0.0244450056116723,8.67361737988404E-19,-5.55111512312578E-17));
#3118=CARTESIAN_POINT('',(-0.0244450056116723,8.67361737988404E-19,-5.55111512312578E-17));
#3119=CARTESIAN_POINT('',(-0.2626,-0.0199999999999966,-0.2325));
#3120=CARTESIAN_POINT('',(0.012,0.017,0.005));
#3121=CARTESIAN_POINT('',(0.012,0.017,0.005));
#3122=CARTESIAN_POINT('',(0.015,0.017,0.005));
#3123=CARTESIAN_POINT('',(0.012,0.02,0.005));
#3124=CARTESIAN_POINT('',(0.015,0.017,0.005));
#3125=CARTESIAN_POINT('',(0.015,0.017,0.));
#3126=CARTESIAN_POINT('',(0.012,0.017,0.));
#3127=CARTESIAN_POINT('',(0.012,0.02,0.));
#3128=CARTESIAN_POINT('',(0.012,0.02,0.005));
#3129=CARTESIAN_POINT('',(-0.012,0.017,0.005));
#3130=CARTESIAN_POINT('',(-0.012,0.017,0.005));
#3131=CARTESIAN_POINT('',(-0.012,0.02,0.005));
#3132=CARTESIAN_POINT('',(-0.015,0.017,0.005));
#3133=CARTESIAN_POINT('',(-0.012,0.02,0.005));
#3134=CARTESIAN_POINT('',(-0.012,0.02,0.));
#3135=CARTESIAN_POINT('',(-0.012,0.017,0.));
#3136=CARTESIAN_POINT('',(-0.015,0.017,0.));
#3137=CARTESIAN_POINT('',(-0.015,0.017,0.005));
#3138=CARTESIAN_POINT('',(-0.012,-0.017,0.005));
#3139=CARTESIAN_POINT('',(-0.012,-0.017,0.005));
#3140=CARTESIAN_POINT('',(-0.015,-0.017,0.005));
#3141=CARTESIAN_POINT('',(-0.012,-0.02,0.005));
#3142=CARTESIAN_POINT('',(-0.015,-0.017,0.005));
#3143=CARTESIAN_POINT('',(-0.015,-0.017,0.));
#3144=CARTESIAN_POINT('',(-0.012,-0.017,0.));
#3145=CARTESIAN_POINT('',(-0.012,-0.02,0.));
#3146=CARTESIAN_POINT('',(-0.012,-0.02,0.005));
#3147=CARTESIAN_POINT('',(0.012,-0.017,0.005));
#3148=CARTESIAN_POINT('',(0.012,-0.017,0.005));
#3149=CARTESIAN_POINT('',(0.012,-0.02,0.005));
#3150=CARTESIAN_POINT('',(0.015,-0.017,0.005));
#3151=CARTESIAN_POINT('',(0.012,-0.02,0.005));
#3152=CARTESIAN_POINT('',(0.012,-0.02,0.));
#3153=CARTESIAN_POINT('',(0.012,-0.017,0.));
#3154=CARTESIAN_POINT('',(0.015,-0.017,0.));
#3155=CARTESIAN_POINT('',(0.015,-0.017,0.005));
#3156=CARTESIAN_POINT('',(0.,0.,0.));
#3157=CARTESIAN_POINT('',(0.015,-0.02,0.));
#3158=CARTESIAN_POINT('',(-0.015,-0.02,0.));
#3159=CARTESIAN_POINT('',(-0.015,-0.02,0.));
#3160=CARTESIAN_POINT('',(-0.015,0.02,0.));
#3161=CARTESIAN_POINT('',(0.,0.,8.67361737988404E-19));
#3162=CARTESIAN_POINT('',(0.0042,0.,8.67361737988404E-19));
#3163=CARTESIAN_POINT('',(0.,0.,0.005));
#3164=CARTESIAN_POINT('',(-0.015,-0.02,0.005));
#3165=CARTESIAN_POINT('',(0.015,-0.02,0.005));
#3166=CARTESIAN_POINT('',(-0.015,0.02,0.005));
#3167=CARTESIAN_POINT('',(-0.015,-0.02,0.005));
#3168=CARTESIAN_POINT('',(0.,0.,0.005));
#3169=CARTESIAN_POINT('',(0.0042,0.,0.005));
#3170=CARTESIAN_POINT('',(-0.015,-0.02,0.005));
#3171=CARTESIAN_POINT('',(-0.015,-0.02,0.005));
#3172=CARTESIAN_POINT('',(-0.015,0.02,0.005));
#3173=CARTESIAN_POINT('',(0.015,-0.02,0.005));
#3174=CARTESIAN_POINT('',(0.,0.,0.005));
#3175=CARTESIAN_POINT('',(-0.25,-0.0199999999999965,0.2325));
#3176=CARTESIAN_POINT('',(0.2325,-0.02,-0.2484));
#3177=CARTESIAN_POINT('',(-0.2325,-0.02,0.2626));
#3178=CARTESIAN_POINT('',(-0.2475,-0.003,0.252));
#3179=CARTESIAN_POINT('',(-0.2475,3.46944695195361E-18,0.252));
#3180=CARTESIAN_POINT('',(-0.247,2.99187716078293E-18,0.252));
#3181=CARTESIAN_POINT('',(0.247,3.46944695195361E-18,0.252));
#3182=CARTESIAN_POINT('',(-0.247,-0.003,0.252));
#3183=CARTESIAN_POINT('',(-0.25,-0.003,0.255));
#3184=CARTESIAN_POINT('',(-0.2475,-0.003,0.255));
#3185=CARTESIAN_POINT('',(0.25,-0.003,0.255));
#3186=CARTESIAN_POINT('',(0.247,-0.003,0.252));
#3187=CARTESIAN_POINT('',(-0.2475,-0.04,0.255));
#3188=CARTESIAN_POINT('',(-0.25,-0.04,0.255));
#3189=CARTESIAN_POINT('',(-0.25,-0.04,0.255));
#3190=CARTESIAN_POINT('',(-0.2475,-0.04,0.255));
#3191=CARTESIAN_POINT('',(0.25,-0.04,0.255));
#3192=CARTESIAN_POINT('',(0.25,-0.04,0.255));
#3193=CARTESIAN_POINT('',(0.2325,-0.02,0.255));
#3194=CARTESIAN_POINT('',(0.2367,-0.02,0.255));
#3195=CARTESIAN_POINT('',(-0.2325,-0.02,0.255));
#3196=CARTESIAN_POINT('',(-0.2283,-0.02,0.255));
#3197=CARTESIAN_POINT('',(-0.2475,-0.04,0.255));
#3198=CARTESIAN_POINT('',(-0.24875,-0.04,0.25375));
#3199=CARTESIAN_POINT('',(-0.245,-0.04,0.25));
#3200=CARTESIAN_POINT('',(-0.2475,-0.04,0.25));
#3201=CARTESIAN_POINT('',(0.245,-0.04,0.25));
#3202=CARTESIAN_POINT('',(0.00125000000000011,-0.04,0.0062500000000002));
#3203=CARTESIAN_POINT('',(-0.2475,-0.04,0.25));
#3204=CARTESIAN_POINT('',(-0.245,-0.04,0.25));
#3205=CARTESIAN_POINT('',(-0.245,-0.008,0.25));
#3206=CARTESIAN_POINT('',(-0.2475,-0.008,0.25));
#3207=CARTESIAN_POINT('',(0.245,-0.008,0.25));
#3208=CARTESIAN_POINT('',(0.245,-0.04,0.25));
#3209=CARTESIAN_POINT('',(0.2325,-0.02,0.25));
#3210=CARTESIAN_POINT('',(0.2325,-0.0158,0.25));
#3211=CARTESIAN_POINT('',(-0.2325,-0.02,0.25));
#3212=CARTESIAN_POINT('',(-0.2325,-0.0158,0.25));
#3213=CARTESIAN_POINT('',(-0.2475,-0.008,0.247));
#3214=CARTESIAN_POINT('',(-0.242,-0.008,0.247));
#3215=CARTESIAN_POINT('',(-0.242,-0.005,0.247));
#3216=CARTESIAN_POINT('',(-0.2475,-0.005,0.247));
#3217=CARTESIAN_POINT('',(0.242,-0.005,0.247));
#3218=CARTESIAN_POINT('',(0.242,-0.008,0.247));
#3219=CARTESIAN_POINT('',(-0.2475,-0.005,0.247));
#3220=CARTESIAN_POINT('',(-0.24475,-0.005,0.24975));
#3221=CARTESIAN_POINT('',(-0.21,-0.005,0.215));
#3222=CARTESIAN_POINT('',(-0.2475,-0.005,0.215));
#3223=CARTESIAN_POINT('',(0.21,-0.005,0.215));
#3224=CARTESIAN_POINT('',(-0.00275,-0.005,0.00225000000000008));
#3225=CARTESIAN_POINT('',(-0.2475,-0.005,0.215));
#3226=CARTESIAN_POINT('',(-0.21,-0.00499999999999948,0.215));
#3227=CARTESIAN_POINT('',(-0.21,3.38185956255626E-18,0.215));
#3228=CARTESIAN_POINT('',(-0.2475,3.46944695195361E-18,0.215));
#3229=CARTESIAN_POINT('',(0.21,-1.7347234759768E-18,0.215));
#3230=CARTESIAN_POINT('',(0.21,-0.005,0.215));
#3231=CARTESIAN_POINT('',(-0.2475,3.46944695195361E-18,0.215));
#3232=CARTESIAN_POINT('',(-0.22875,3.46944695195361E-18,0.23375));
#3233=CARTESIAN_POINT('',(-0.01875,-3.46944695195361E-17,-0.01375));
#3234=CARTESIAN_POINT('',(0.2475,1.7347234759768E-18,0.2525));
#3235=CARTESIAN_POINT('',(-0.2475,1.7347234759768E-18,0.2525));
#3236=CARTESIAN_POINT('',(0.2325,-0.02,0.255));
#3237=CARTESIAN_POINT('',(-0.2325,-0.02,0.255));
#3238=CARTESIAN_POINT('',(0.,0.,0.));
#3239=CARTESIAN_POINT('',(-0.247,-0.003,-0.2525));
#3240=CARTESIAN_POINT('',(-0.25,-0.003,-0.2525));
#3241=CARTESIAN_POINT('',(-0.25,-0.003,-0.255));
#3242=CARTESIAN_POINT('',(-0.25,-0.003,0.255));
#3243=CARTESIAN_POINT('',(-0.247,-0.003,0.252));
#3244=CARTESIAN_POINT('',(-0.247,1.73472514522729E-18,0.252));
#3245=CARTESIAN_POINT('',(-0.247,-1.7347234759768E-18,-0.2525));
#3246=CARTESIAN_POINT('',(-0.247,-1.00671368039715E-19,-0.252));
#3247=CARTESIAN_POINT('',(-0.247,-0.003,-0.252));
#3248=CARTESIAN_POINT('',(-0.25,-0.04,-0.2525));
#3249=CARTESIAN_POINT('',(-0.25,-0.04,-0.2525));
#3250=CARTESIAN_POINT('',(-0.25,-0.04,-0.255));
#3251=CARTESIAN_POINT('',(-0.25,-0.04,0.255));
#3252=CARTESIAN_POINT('',(-0.25,-0.0399999999999929,0.255));
#3253=CARTESIAN_POINT('',(-0.25,-0.04,-0.255));
#3254=CARTESIAN_POINT('',(-0.25,-0.0199999999999965,-0.2325));
#3255=CARTESIAN_POINT('',(-0.25,-0.0199999999999965,-0.2367));
#3256=CARTESIAN_POINT('',(-0.25,-0.0199999999999965,0.2325));
#3257=CARTESIAN_POINT('',(-0.25,-0.0199999999999965,0.2283));
#3258=CARTESIAN_POINT('',(-0.25,-0.04,-0.2525));
#3259=CARTESIAN_POINT('',(-0.245,-0.04,-0.2525));
#3260=CARTESIAN_POINT('',(-0.245,-0.04,-0.25));
#3261=CARTESIAN_POINT('',(-0.245,-0.04,0.25));
#3262=CARTESIAN_POINT('',(0.00375000000000014,-0.04,0.00125000000000042));
#3263=CARTESIAN_POINT('',(-0.24875,-0.04,-0.25375));
#3264=CARTESIAN_POINT('',(-0.245,-0.04,-0.2525));
#3265=CARTESIAN_POINT('',(-0.245,-0.008,-0.2525));
#3266=CARTESIAN_POINT('',(-0.245,-0.008,-0.25));
#3267=CARTESIAN_POINT('',(-0.245,-0.008,0.25));
#3268=CARTESIAN_POINT('',(-0.245,-0.039999999999993,0.25));
#3269=CARTESIAN_POINT('',(-0.245,-0.04,-0.25));
#3270=CARTESIAN_POINT('',(-0.245,-0.0199999999999965,-0.2325));
#3271=CARTESIAN_POINT('',(-0.245,-0.0199999999999965,-0.2367));
#3272=CARTESIAN_POINT('',(-0.245,-0.0199999999999965,0.2325));
#3273=CARTESIAN_POINT('',(-0.245,-0.0199999999999965,0.2283));
#3274=CARTESIAN_POINT('',(-0.242,-0.008,-0.2525));
#3275=CARTESIAN_POINT('',(-0.242,-0.005,-0.2525));
#3276=CARTESIAN_POINT('',(-0.242,-0.005,-0.247));
#3277=CARTESIAN_POINT('',(-0.242,-0.005,0.247));
#3278=CARTESIAN_POINT('',(-0.242,-0.008,0.247));
#3279=CARTESIAN_POINT('',(-0.242,-0.008,-0.247));
#3280=CARTESIAN_POINT('',(-0.242,-0.005,-0.2525));
#3281=CARTESIAN_POINT('',(-0.21,-0.005,-0.2525));
#3282=CARTESIAN_POINT('',(-0.21,-0.005,-0.215));
#3283=CARTESIAN_POINT('',(-0.21,-0.005,0.215));
#3284=CARTESIAN_POINT('',(0.00775000000000009,-0.00499999999999994,-0.00274999999999995));
#3285=CARTESIAN_POINT('',(-0.24475,-0.005,-0.24975));
#3286=CARTESIAN_POINT('',(-0.23,-0.005,-0.18));
#3287=CARTESIAN_POINT('',(-0.2255,-0.005,-0.18));
#3288=CARTESIAN_POINT('',(-0.23,-0.005,0.18));
#3289=CARTESIAN_POINT('',(-0.2255,-0.005,0.18));
#3290=CARTESIAN_POINT('',(-0.21,-0.005,-0.2525));
#3291=CARTESIAN_POINT('',(-0.21,-1.7347234759768E-18,-0.2525));
#3292=CARTESIAN_POINT('',(-0.21,-1.06889496927955E-18,-0.215));
#3293=CARTESIAN_POINT('',(-0.21,5.78242189877433E-19,0.215));
#3294=CARTESIAN_POINT('',(-0.21,-0.00499999999999348,0.215));
#3295=CARTESIAN_POINT('',(-0.21,-0.00499999999999948,-0.215));
#3296=CARTESIAN_POINT('',(-0.21,-1.7347234759768E-18,-0.2525));
#3297=CARTESIAN_POINT('',(0.02375,5.20417042793042E-18,-0.01875));
#3298=CARTESIAN_POINT('',(-0.22875,1.7347234759768E-18,-0.23375));
#3299=CARTESIAN_POINT('',(-0.23,-1.7347234759768E-18,-0.18));
#3300=CARTESIAN_POINT('',(-0.23,-1.7347233568628E-18,-0.1755));
#3301=CARTESIAN_POINT('',(-0.23,-1.7347234759768E-18,0.18));
#3302=CARTESIAN_POINT('',(-0.23,-1.7347233568628E-18,0.1845));
#3303=CARTESIAN_POINT('',(-0.2475,-1.7347234759768E-18,-0.2525));
#3304=CARTESIAN_POINT('',(-0.2475,-1.7347234759768E-18,0.2525));
#3305=CARTESIAN_POINT('',(0.25,-0.0199999999999965,-0.2325));
#3306=CARTESIAN_POINT('',(0.25,-0.0199999999999965,0.2325));
#3307=CARTESIAN_POINT('',(-0.23,-1.7347234759768E-18,-0.18));
#3308=CARTESIAN_POINT('',(-0.23,-1.7347234759768E-18,0.18));
#3309=CARTESIAN_POINT('',(0.,0.,0.));
#3310=CARTESIAN_POINT('',(0.247,-0.00299999999999648,0.2525));
#3311=CARTESIAN_POINT('',(0.25,-0.00299999999999648,0.2525));
#3312=CARTESIAN_POINT('',(0.25,-0.00299999999999648,0.255));
#3313=CARTESIAN_POINT('',(0.25,-0.00299999999999648,-0.255));
#3314=CARTESIAN_POINT('',(0.247,-0.00299999999999648,-0.252));
#3315=CARTESIAN_POINT('',(0.247,3.52423371482315E-15,-0.252));
#3316=CARTESIAN_POINT('',(0.247,3.52669282666085E-15,0.2525));
#3317=CARTESIAN_POINT('',(0.247,3.5245812047656E-15,0.252));
#3318=CARTESIAN_POINT('',(0.247,-0.00299999999999648,0.252));
#3319=CARTESIAN_POINT('',(0.25,-0.0399999999999965,0.2525));
#3320=CARTESIAN_POINT('',(0.25,-0.0399999999999965,0.2525));
#3321=CARTESIAN_POINT('',(0.25,-0.0399999999999965,0.255));
#3322=CARTESIAN_POINT('',(0.25,-0.0399999999999965,-0.255));
#3323=CARTESIAN_POINT('',(0.25,-0.0399999999999965,-0.255));
#3324=CARTESIAN_POINT('',(0.25,-0.0399999999999965,0.255));
#3325=CARTESIAN_POINT('',(0.25,-0.0199999999999965,-0.2325));
#3326=CARTESIAN_POINT('',(0.25,-0.0199999999999965,-0.2367));
#3327=CARTESIAN_POINT('',(0.25,-0.0199999999999965,0.2325));
#3328=CARTESIAN_POINT('',(0.25,-0.0199999999999965,0.2283));
#3329=CARTESIAN_POINT('',(0.25,-0.0399999999999965,0.2525));
#3330=CARTESIAN_POINT('',(0.245,-0.0399999999999965,0.2525));
#3331=CARTESIAN_POINT('',(0.245,-0.0399999999999965,0.25));
#3332=CARTESIAN_POINT('',(0.245,-0.0399999999999965,-0.25));
#3333=CARTESIAN_POINT('',(-0.00375000000000011,-0.0399999999999964,-0.00124999999999992));
#3334=CARTESIAN_POINT('',(0.24875,-0.0399999999999965,0.25375));
#3335=CARTESIAN_POINT('',(0.245,-0.0399999999999965,0.2525));
#3336=CARTESIAN_POINT('',(0.245,-0.00799999999999648,0.2525));
#3337=CARTESIAN_POINT('',(0.245,-0.00799999999999648,0.25));
#3338=CARTESIAN_POINT('',(0.245,-0.00799999999999648,-0.25));
#3339=CARTESIAN_POINT('',(0.245,-0.0399999999999965,-0.25));
#3340=CARTESIAN_POINT('',(0.245,-0.0399999999999965,0.25));
#3341=CARTESIAN_POINT('',(0.245,-0.0199999999999965,-0.2325));
#3342=CARTESIAN_POINT('',(0.245,-0.0199999999999965,-0.2283));
#3343=CARTESIAN_POINT('',(0.245,-0.0199999999999965,0.2325));
#3344=CARTESIAN_POINT('',(0.245,-0.0199999999999965,0.2367));
#3345=CARTESIAN_POINT('',(0.242,-0.00799999999999648,0.2525));
#3346=CARTESIAN_POINT('',(0.242,-0.00499999999999648,0.2525));
#3347=CARTESIAN_POINT('',(0.242,-0.00499999999999648,0.247));
#3348=CARTESIAN_POINT('',(0.242,-0.00499999999999648,-0.247));
#3349=CARTESIAN_POINT('',(0.242,-0.00799999999999648,-0.247));
#3350=CARTESIAN_POINT('',(0.242,-0.00799999999999648,0.247));
#3351=CARTESIAN_POINT('',(0.242,-0.00499999999999648,0.2525));
#3352=CARTESIAN_POINT('',(0.21,-0.00499999999999647,0.2525));
#3353=CARTESIAN_POINT('',(0.21,-0.00499999999999647,0.215));
#3354=CARTESIAN_POINT('',(0.21,-0.00499999999999648,-0.215));
#3355=CARTESIAN_POINT('',(-0.00775,-0.00499999999999645,0.00275));
#3356=CARTESIAN_POINT('',(0.24475,-0.00499999999999647,0.24975));
#3357=CARTESIAN_POINT('',(0.23,-0.005,0.18));
#3358=CARTESIAN_POINT('',(0.2255,-0.005,0.18));
#3359=CARTESIAN_POINT('',(0.23,-0.005,-0.18));
#3360=CARTESIAN_POINT('',(0.2255,-0.005,-0.18));
#3361=CARTESIAN_POINT('',(0.21,-0.00499999999999647,0.2525));
#3362=CARTESIAN_POINT('',(0.21,3.52495810318487E-15,0.2525));
#3363=CARTESIAN_POINT('',(0.21,3.52825237568891E-15,0.215));
#3364=CARTESIAN_POINT('',(0.21,3.52578017958305E-15,-0.215));
#3365=CARTESIAN_POINT('',(0.21,-0.00499999999999647,-0.215));
#3366=CARTESIAN_POINT('',(0.21,-0.00499999999999647,0.215));
#3367=CARTESIAN_POINT('',(0.21,3.52495810318487E-15,0.2525));
#3368=CARTESIAN_POINT('',(-0.02375,3.54230533794464E-15,0.01875));
#3369=CARTESIAN_POINT('',(0.22875,3.52495810318487E-15,0.23375));
#3370=CARTESIAN_POINT('',(0.23,1.7347234759768E-18,0.18));
#3371=CARTESIAN_POINT('',(0.23,1.73472350575531E-18,0.1845));
#3372=CARTESIAN_POINT('',(0.23,3.46944695195361E-18,-0.18));
#3373=CARTESIAN_POINT('',(0.23,3.46944698173212E-18,-0.1755));
#3374=CARTESIAN_POINT('',(0.2475,0.,0.2525));
#3375=CARTESIAN_POINT('',(0.2475,0.,-0.2525));
#3376=CARTESIAN_POINT('',(0.25,-0.0199999999999965,-0.2325));
#3377=CARTESIAN_POINT('',(0.25,-0.0199999999999965,0.2325));
#3378=CARTESIAN_POINT('',(0.23,1.7347234759768E-18,0.18));
#3379=CARTESIAN_POINT('',(0.23,3.46944695195361E-18,-0.18));
#3380=CARTESIAN_POINT('',(0.,0.,0.));
#3381=CARTESIAN_POINT('',(-0.255,-0.0199999999999966,-0.2325));
#3382=CARTESIAN_POINT('',(0.2626,-0.0199999999999965,-0.2325));
#3383=CARTESIAN_POINT('',(0.,0.,-0.0034));
#3384=CARTESIAN_POINT('',(0.,0.,-0.0034));
#3385=CARTESIAN_POINT('',(0.00562916512459885,-0.00325,-0.0034));
#3386=CARTESIAN_POINT('',(1.99005104861445E-19,-0.0065,-0.0034));
#3387=CARTESIAN_POINT('',(0.00375277674973256,-0.0065,-0.00281944341639924));
#3388=CARTESIAN_POINT('',(0.0043658304053709,-0.00543815992066858,-0.00317339010950971));
#3389=CARTESIAN_POINT('',(0.00498873359696965,-0.00435925994462273,-0.0034));
#3390=CARTESIAN_POINT('',(0.00562916512459885,-0.00325,-0.0034));
#3391=CARTESIAN_POINT('',(0.00375277674973256,-0.0065,-0.00281944341639924));
#3392=CARTESIAN_POINT('',(0.,-0.0065,-0.0034));
#3393=CARTESIAN_POINT('',(0.00128086305525841,-0.0065,-0.0034));
#3394=CARTESIAN_POINT('',(0.0025266694384559,-0.0065,-0.00317339010950971));
#3395=CARTESIAN_POINT('',(0.00375277674973256,-0.0065,-0.00281944341639924));
#3396=CARTESIAN_POINT('',(0.,0.,-0.0034));
#3397=CARTESIAN_POINT('',(0.,0.,-0.0034));
#3398=CARTESIAN_POINT('',(-0.00562916512459885,-0.00325,-0.0034));
#3399=CARTESIAN_POINT('',(-0.00375277674973286,-0.0065,-0.00281944341639915));
#3400=CARTESIAN_POINT('',(-0.00252666943845616,-0.0065,-0.00317339010950966));
#3401=CARTESIAN_POINT('',(-0.00128086305525846,-0.0065,-0.0034));
#3402=CARTESIAN_POINT('',(4.22066054832201E-19,-0.0065,-0.0034));
#3403=CARTESIAN_POINT('',(-0.00375277674973271,-0.0065,-0.0028194434163992));
#3404=CARTESIAN_POINT('',(-0.00562916512459885,-0.00325,-0.0034));
#3405=CARTESIAN_POINT('',(-0.00498873359696966,-0.00435925994462271,-0.0034));
#3406=CARTESIAN_POINT('',(-0.00436583040537102,-0.00543815992066837,-0.00317339010950977));
#3407=CARTESIAN_POINT('',(-0.0037527767497327,-0.00649999999999978,-0.00281944341639932));
#3408=CARTESIAN_POINT('',(0.,0.,-0.0034));
#3409=CARTESIAN_POINT('',(0.,0.,-0.0034));
#3410=CARTESIAN_POINT('',(-0.00562916512459885,0.00325,-0.0034));
#3411=CARTESIAN_POINT('',(-0.00750555349946513,1.73718870725066E-18,-0.00281944341639924));
#3412=CARTESIAN_POINT('',(-0.0068924998438268,-0.00106184007933142,-0.00317339010950971));
#3413=CARTESIAN_POINT('',(-0.00626959665222805,-0.00214074005537727,-0.0034));
#3414=CARTESIAN_POINT('',(-0.00562916512459885,-0.00325,-0.0034));
#3415=CARTESIAN_POINT('',(-0.00750555349946513,1.7563081237224E-18,-0.00281944341639924));
#3416=CARTESIAN_POINT('',(-0.00562916512459885,0.00325,-0.0034));
#3417=CARTESIAN_POINT('',(-0.00626959665222805,0.00214074005537727,-0.0034));
#3418=CARTESIAN_POINT('',(-0.0068924998438268,0.00106184007933142,-0.00317339010950971));
#3419=CARTESIAN_POINT('',(-0.00750555349946513,1.55011040579027E-18,-0.00281944341639924));
#3420=CARTESIAN_POINT('',(0.,0.,-0.0034));
#3421=CARTESIAN_POINT('',(0.,0.,-0.0034));
#3422=CARTESIAN_POINT('',(-5.0538277266791E-19,0.0065,-0.0034));
#3423=CARTESIAN_POINT('',(-0.0037527768030579,0.00649999990763782,-0.00281944344718663));
#3424=CARTESIAN_POINT('',(-0.00436583044177207,0.0054381598576199,-0.00317339012298179));
#3425=CARTESIAN_POINT('',(-0.00498873361590697,0.00435925991182233,-0.0034));
#3426=CARTESIAN_POINT('',(-0.00562916512459885,0.00325,-0.0034));
#3427=CARTESIAN_POINT('',(-0.00375277677639524,0.00649999995381891,-0.00281944343179294));
#3428=CARTESIAN_POINT('',(-1.01076554533582E-18,0.0065,-0.0034));
#3429=CARTESIAN_POINT('',(-0.00128086301741452,0.0065,-0.0034));
#3430=CARTESIAN_POINT('',(-0.00252666936571268,0.0065,-0.00317339012297085));
#3431=CARTESIAN_POINT('',(-0.0037527766431685,0.0065,-0.00281944344716163));
#3432=CARTESIAN_POINT('',(0.,0.,-0.0034));
#3433=CARTESIAN_POINT('',(0.,0.,-0.0034));
#3434=CARTESIAN_POINT('',(0.00562916512459885,0.00325,-0.0034));
#3435=CARTESIAN_POINT('',(0.00375277664308175,0.0065,-0.00281944344718667));
#3436=CARTESIAN_POINT('',(0.00252666936565346,0.0065,-0.00317339012298181));
#3437=CARTESIAN_POINT('',(0.00128086301738371,0.0065,-0.0034));
#3438=CARTESIAN_POINT('',(-7.83936427615845E-19,0.0065,-0.0034));
#3439=CARTESIAN_POINT('',(0.00375277669640716,0.0065,-0.00281944343179296));
#3440=CARTESIAN_POINT('',(0.00562916512459885,0.00325,-0.0034));
#3441=CARTESIAN_POINT('',(0.00498873361589158,0.00435925991184898,-0.0034));
#3442=CARTESIAN_POINT('',(0.00436583044174249,0.00543815985767113,-0.00317339012297085));
#3443=CARTESIAN_POINT('',(0.00375277680301457,0.00649999990771287,-0.00281944344716162));
#3444=CARTESIAN_POINT('',(0.,0.,0.0034));
#3445=CARTESIAN_POINT('',(0.00562916512459885,0.00325,0.0034));
#3446=CARTESIAN_POINT('',(0.00498873361590695,0.00435925991182236,0.0034));
#3447=CARTESIAN_POINT('',(0.00436583044177203,0.00543815985761996,0.00317339012298178));
#3448=CARTESIAN_POINT('',(0.00375277680305785,0.0064999999076379,0.00281944344718661));
#3449=CARTESIAN_POINT('',(0.00562916512459885,0.00325,0.0034));
#3450=CARTESIAN_POINT('',(0.00375277672311316,0.00649999995381895,0.00281944344717413));
#3451=CARTESIAN_POINT('',(0.00375277664316846,0.0065,0.00281944344716164));
#3452=CARTESIAN_POINT('',(0.00252666936571265,0.0065,0.00317339012297086));
#3453=CARTESIAN_POINT('',(0.00128086301741451,0.0065,0.0034));
#3454=CARTESIAN_POINT('',(-4.52043538351049E-19,0.0065,0.0034));
#3455=CARTESIAN_POINT('',(-1.03555736314896E-18,0.0065,0.0034));
#3456=CARTESIAN_POINT('',(0.,0.,0.0034));
#3457=CARTESIAN_POINT('',(0.,0.,0.0034));
#3458=CARTESIAN_POINT('',(-1.03555736314896E-18,0.0065,0.0034));
#3459=CARTESIAN_POINT('',(-0.00128086301738382,0.0065,0.0034));
#3460=CARTESIAN_POINT('',(-0.00252666936565367,0.0065,0.00317339012298177));
#3461=CARTESIAN_POINT('',(-0.00375277664308207,0.0065,0.00281944344718659));
#3462=CARTESIAN_POINT('',(-0.00375277672304835,0.00649999995385638,0.00281944344717412));
#3463=CARTESIAN_POINT('',(-0.00375277680301463,0.00649999990771276,0.00281944344716165));
#3464=CARTESIAN_POINT('',(-0.00436583044174253,0.00543815985767106,0.00317339012297086));
#3465=CARTESIAN_POINT('',(-0.0049887336158916,0.00435925991184895,0.0034));
#3466=CARTESIAN_POINT('',(-0.00562916512459885,0.00325,0.0034));
#3467=CARTESIAN_POINT('',(-0.00562916512459885,0.00325,0.0034));
#3468=CARTESIAN_POINT('',(0.,0.,0.0034));
#3469=CARTESIAN_POINT('',(0.,0.,0.0034));
#3470=CARTESIAN_POINT('',(-0.00562916512459885,0.00325,0.0034));
#3471=CARTESIAN_POINT('',(-0.00626959665222805,0.00214074005537727,0.0034));
#3472=CARTESIAN_POINT('',(-0.0068924998438268,0.00106184007933142,0.00317339010950971));
#3473=CARTESIAN_POINT('',(-0.00750555349946513,1.55011040579027E-18,0.00281944341639924));
#3474=CARTESIAN_POINT('',(-0.00750555349946513,1.91590098697648E-18,0.00281944341639924));
#3475=CARTESIAN_POINT('',(-0.00750555349946513,1.73718870725066E-18,0.00281944341639924));
#3476=CARTESIAN_POINT('',(-0.0068924998438268,-0.00106184007933142,0.00317339010950971));
#3477=CARTESIAN_POINT('',(-0.00626959665222805,-0.00214074005537727,0.0034));
#3478=CARTESIAN_POINT('',(-0.00562916512459885,-0.00325,0.0034));
#3479=CARTESIAN_POINT('',(-0.00562916512459885,-0.00325,0.0034));
#3480=CARTESIAN_POINT('',(0.,0.,0.0034));
#3481=CARTESIAN_POINT('',(0.,0.,0.0034));
#3482=CARTESIAN_POINT('',(-0.00562916512459885,-0.00325,0.0034));
#3483=CARTESIAN_POINT('',(-0.00498873359696968,-0.00435925994462267,0.0034));
#3484=CARTESIAN_POINT('',(-0.004365830405371,-0.00543815992066841,0.00317339010950975));
#3485=CARTESIAN_POINT('',(-0.00375277674973269,-0.00649999999999978,0.00281944341639932));
#3486=CARTESIAN_POINT('',(-0.00375277674973278,-0.00649999999999989,0.00281944341639923));
#3487=CARTESIAN_POINT('',(-0.00375277674973287,-0.0065,0.00281944341639915));
#3488=CARTESIAN_POINT('',(-0.00252666943845614,-0.0065,0.00317339010950966));
#3489=CARTESIAN_POINT('',(-0.00128086305525848,-0.0065,0.0034));
#3490=CARTESIAN_POINT('',(4.22066054832201E-19,-0.0065,0.0034));
#3491=CARTESIAN_POINT('',(-5.97015314584335E-19,-0.0065,0.0034));
#3492=CARTESIAN_POINT('',(0.,0.,0.0034));
#3493=CARTESIAN_POINT('',(0.,0.,0.0034));
#3494=CARTESIAN_POINT('',(0.,-0.0065,0.0034));
#3495=CARTESIAN_POINT('',(0.00128086305525841,-0.0065,0.0034));
#3496=CARTESIAN_POINT('',(0.0025266694384559,-0.0065,0.00317339010950971));
#3497=CARTESIAN_POINT('',(0.00375277674973256,-0.0065,0.00281944341639924));
#3498=CARTESIAN_POINT('',(0.00375277674973256,-0.0065,0.00281944341639924));
#3499=CARTESIAN_POINT('',(0.00375277674973256,-0.0065,0.00281944341639924));
#3500=CARTESIAN_POINT('',(0.0043658304053709,-0.00543815992066858,0.00317339010950971));
#3501=CARTESIAN_POINT('',(0.00498873359696965,-0.00435925994462273,0.0034));
#3502=CARTESIAN_POINT('',(0.00562916512459885,-0.00325,0.0034));
#3503=CARTESIAN_POINT('',(0.00562916512459885,-0.00325,0.0034));
#3504=CARTESIAN_POINT('',(0.,0.,0.0034));
#3505=CARTESIAN_POINT('',(0.00375277674973256,0.0065,-0.0034));
#3506=CARTESIAN_POINT('',(0.,0.,-0.0034));
#3507=CARTESIAN_POINT('',(0.004,0.,-0.0034));
#3508=CARTESIAN_POINT('',(0.,0.,-0.0034));
#3509=CARTESIAN_POINT('',(0.00375277674973256,-0.0065,0.0034));
#3510=CARTESIAN_POINT('',(0.00375277674973256,-0.0065,0.0034));
#3511=CARTESIAN_POINT('',(0.00562916512459885,-0.00325,-0.0034));
#3512=CARTESIAN_POINT('',(0.00626959665222805,-0.00214074005537727,-0.0034));
#3513=CARTESIAN_POINT('',(0.0068924998438268,-0.00106184007933142,-0.00317339010950971));
#3514=CARTESIAN_POINT('',(0.00750555349946513,-1.11642953679607E-18,-0.00281944341639924));
#3515=CARTESIAN_POINT('',(0.00750555349946513,-7.07353553980674E-19,-0.00281944341639924));
#3516=CARTESIAN_POINT('',(0.00750555349946513,-9.43138071974232E-19,0.0034));
#3517=CARTESIAN_POINT('',(0.00750555349946513,-5.95258899641036E-19,0.00281944341639924));
#3518=CARTESIAN_POINT('',(0.00562916512459885,-0.00325,0.0034));
#3519=CARTESIAN_POINT('',(0.00626959665222805,-0.00214074005537727,0.0034));
#3520=CARTESIAN_POINT('',(0.0068924998438268,-0.00106184007933142,0.00317339010950971));
#3521=CARTESIAN_POINT('',(0.00750555349946513,-1.11642953679607E-18,0.00281944341639924));
#3522=CARTESIAN_POINT('',(-0.00375277674973256,-0.0065,0.0034));
#3523=CARTESIAN_POINT('',(-0.00375277674973256,-0.0065,0.0034));
#3524=CARTESIAN_POINT('',(-0.00750555349946513,1.77542754019414E-18,0.0034));
#3525=CARTESIAN_POINT('',(-0.00750555349946513,1.77542754019414E-18,0.0034));
#3526=CARTESIAN_POINT('',(-0.00375277674973257,0.0065,0.0034));
#3527=CARTESIAN_POINT('',(-0.00375277674973257,0.0065,0.0034));
#3528=CARTESIAN_POINT('',(0.00375277674973256,0.0065,0.0034));
#3529=CARTESIAN_POINT('',(0.00375277674973256,0.0065,0.0034));
#3530=CARTESIAN_POINT('',(0.00750555349946513,-9.43138071974232E-19,0.0034));
#3531=CARTESIAN_POINT('',(0.00750555349946513,-9.43138071974232E-19,-0.00281944341639924));
#3532=CARTESIAN_POINT('',(0.0068924998438268,0.00106184007933142,-0.00317339010950971));
#3533=CARTESIAN_POINT('',(0.00626959665222805,0.00214074005537727,-0.0034));
#3534=CARTESIAN_POINT('',(0.00562916512459885,0.00325,-0.0034));
#3535=CARTESIAN_POINT('',(0.00750555349946513,-7.18948763294956E-19,0.00281944341639924));
#3536=CARTESIAN_POINT('',(0.0068924998438268,0.00106184007933142,0.00317339010950971));
#3537=CARTESIAN_POINT('',(0.00626959665222805,0.00214074005537727,0.0034));
#3538=CARTESIAN_POINT('',(0.00562916512459885,0.00325,0.0034));
#3539=CARTESIAN_POINT('',(0.00375277674973256,0.0065,0.0034));
#3540=CARTESIAN_POINT('',(0.,0.,0.0034));
#3541=CARTESIAN_POINT('',(0.,0.,0.0034));
#3542=CARTESIAN_POINT('',(0.004,0.,0.0034));
#3543=CARTESIAN_POINT('',(0.,0.,0.0034));
#3544=CARTESIAN_POINT('',(0.,0.,0.0034));
#3545=CARTESIAN_POINT('',(0.,0.,-0.0034));
#3546=CARTESIAN_POINT('',(-0.2325,-0.02,-0.245));
#3547=CARTESIAN_POINT('',(0.00375277674973256,0.0065,0.0053));
#3548=CARTESIAN_POINT('',(0.,0.,0.0053));
#3549=CARTESIAN_POINT('',(-5.17778681574481E-19,-0.0065,0.0053));
#3550=CARTESIAN_POINT('',(0.00562916512459885,-0.00325,0.0053));
#3551=CARTESIAN_POINT('',(0.,0.,0.0053));
#3552=CARTESIAN_POINT('',(0.00562916512459885,0.00325,0.0053));
#3553=CARTESIAN_POINT('',(0.,0.,0.0053));
#3554=CARTESIAN_POINT('',(2.3780439514208E-20,0.0065,0.0053));
#3555=CARTESIAN_POINT('',(0.,0.,0.0053));
#3556=CARTESIAN_POINT('',(-0.00562916512459885,0.00325,0.0053));
#3557=CARTESIAN_POINT('',(0.,0.,0.0053));
#3558=CARTESIAN_POINT('',(-0.00562916512459885,-0.00325,0.0053));
#3559=CARTESIAN_POINT('',(0.,0.,0.0053));
#3560=CARTESIAN_POINT('',(0.,0.,0.0053));
#3561=CARTESIAN_POINT('',(0.00562916512459885,0.00325,0.0053));
#3562=CARTESIAN_POINT('',(0.00498873361590695,0.00435925991182236,0.0053));
#3563=CARTESIAN_POINT('',(0.00436583044177204,0.00543815985761996,0.00507339012298179));
#3564=CARTESIAN_POINT('',(0.00375277680305785,0.0064999999076379,0.00471944344718661));
#3565=CARTESIAN_POINT('',(0.00375277672311316,0.00649999995381895,0.00471944344717412));
#3566=CARTESIAN_POINT('',(0.00375277664316847,0.0065,0.00471944344716164));
#3567=CARTESIAN_POINT('',(0.00252666936571266,0.0065,0.00507339012297086));
#3568=CARTESIAN_POINT('',(0.00128086301741451,0.0065,0.0053));
#3569=CARTESIAN_POINT('',(3.73813932068257E-19,0.0065,0.0053));
#3570=CARTESIAN_POINT('',(0.,0.,0.0053));
#3571=CARTESIAN_POINT('',(2.37804395142081E-20,0.0065,0.0053));
#3572=CARTESIAN_POINT('',(-0.00128086301738382,0.0065,0.0053));
#3573=CARTESIAN_POINT('',(-0.00252666936565367,0.0065,0.00507339012298178));
#3574=CARTESIAN_POINT('',(-0.00375277664308207,0.0065,0.00471944344718659));
#3575=CARTESIAN_POINT('',(-0.00375277672304834,0.00649999995385638,0.00471944344717412));
#3576=CARTESIAN_POINT('',(-0.00375277680301463,0.00649999990771276,0.00471944344716165));
#3577=CARTESIAN_POINT('',(-0.00436583044174253,0.00543815985767106,0.00507339012297086));
#3578=CARTESIAN_POINT('',(-0.0049887336158916,0.00435925991184895,0.0053));
#3579=CARTESIAN_POINT('',(-0.00562916512459885,0.00325,0.0053));
#3580=CARTESIAN_POINT('',(0.,0.,0.0053));
#3581=CARTESIAN_POINT('',(-0.00562916512459885,0.00325,0.0053));
#3582=CARTESIAN_POINT('',(-0.00626959665222805,0.00214074005537727,0.0053));
#3583=CARTESIAN_POINT('',(-0.0068924998438268,0.00106184007933142,0.00507339010950971));
#3584=CARTESIAN_POINT('',(-0.00750555349946513,-2.18451802712629E-18,0.00471944341639924));
#3585=CARTESIAN_POINT('',(-0.00750555349946513,-1.87322618666606E-18,0.00471944341639924));
#3586=CARTESIAN_POINT('',(-0.00750555349946513,-1.81662767021874E-18,0.00471944341639924));
#3587=CARTESIAN_POINT('',(-0.0068924998438268,-0.00106184007933142,0.00507339010950971));
#3588=CARTESIAN_POINT('',(-0.00626959665222805,-0.00214074005537727,0.0053));
#3589=CARTESIAN_POINT('',(-0.00562916512459885,-0.00325,0.0053));
#3590=CARTESIAN_POINT('',(0.,0.,0.0053));
#3591=CARTESIAN_POINT('',(-0.00562916512459885,-0.00325,0.0053));
#3592=CARTESIAN_POINT('',(-0.00498873361823031,-0.00435925990779818,0.0053));
#3593=CARTESIAN_POINT('',(-0.00436583044623799,-0.0054381598498847,0.00507339012463463));
#3594=CARTESIAN_POINT('',(-0.00375277680960018,-0.00649999989630626,0.00471944345096382));
#3595=CARTESIAN_POINT('',(-0.00375277672311333,-0.00649999995381882,0.00471944344717414));
#3596=CARTESIAN_POINT('',(-0.00375277663007956,-0.00649999992497264,0.00471944340181964));
#3597=CARTESIAN_POINT('',(-0.00252666935681698,-0.00649999992497264,0.00507339007855662));
#3598=CARTESIAN_POINT('',(-0.00128086301783224,-0.0065,0.0053));
#3599=CARTESIAN_POINT('',(2.77268517644152E-19,-0.0065,0.0053));
#3600=CARTESIAN_POINT('',(0.,0.,0.0053));
#3601=CARTESIAN_POINT('',(-1.03555736314896E-18,-0.0065,0.0053));
#3602=CARTESIAN_POINT('',(0.0012808630173837,-0.0065,0.0053));
#3603=CARTESIAN_POINT('',(0.00252666936565345,-0.0065,0.00507339012298181));
#3604=CARTESIAN_POINT('',(0.00375277664308173,-0.0065,0.00471944344718668));
#3605=CARTESIAN_POINT('',(0.00375277672304815,-0.00649999995385644,0.00471944344717415));
#3606=CARTESIAN_POINT('',(0.00375277680301457,-0.00649999990771288,0.00471944344716161));
#3607=CARTESIAN_POINT('',(0.00436583044174249,-0.00543815985767114,0.00507339012297084));
#3608=CARTESIAN_POINT('',(0.00498873361589158,-0.00435925991184899,0.0053));
#3609=CARTESIAN_POINT('',(0.00562916512459885,-0.00325,0.0053));
#3610=CARTESIAN_POINT('',(0.,0.,-0.025));
#3611=CARTESIAN_POINT('',(0.,0.,-0.025));
#3612=CARTESIAN_POINT('',(-0.0035,0.,-0.025));
#3613=CARTESIAN_POINT('',(0.00375277674973256,0.0065,0.));
#3614=CARTESIAN_POINT('',(0.,0.,0.));
#3615=CARTESIAN_POINT('',(0.004,0.,0.));
#3616=CARTESIAN_POINT('',(0.00750555349946514,-3.42615048069177E-18,0.));
#3617=CARTESIAN_POINT('',(0.00750555349946514,-3.42615048069177E-18,0.));
#3618=CARTESIAN_POINT('',(0.00375277674973256,0.0065,0.));
#3619=CARTESIAN_POINT('',(0.00375277674973257,-0.0065,0.));
#3620=CARTESIAN_POINT('',(0.00375277674973257,-0.0065,0.));
#3621=CARTESIAN_POINT('',(-0.00375277674973257,-0.0065,0.));
#3622=CARTESIAN_POINT('',(-0.00375277674973256,-0.0065,0.));
#3623=CARTESIAN_POINT('',(-0.00750555349946513,-1.74949817181376E-18,0.));
#3624=CARTESIAN_POINT('',(-0.00750555349946513,-1.74949817181376E-18,0.));
#3625=CARTESIAN_POINT('',(-0.00375277674973256,0.0065,0.));
#3626=CARTESIAN_POINT('',(-0.00375277674973256,0.0065,0.));
#3627=CARTESIAN_POINT('',(0.00375277674973256,0.0065,0.));
#3628=CARTESIAN_POINT('',(0.00375277674973257,-0.0065,0.0053));
#3629=CARTESIAN_POINT('',(0.00375277674973257,-0.0065,0.0053));
#3630=CARTESIAN_POINT('',(0.00750555349946514,-3.42615048069177E-18,0.0053));
#3631=CARTESIAN_POINT('',(0.00750555349946514,-2.66122222881585E-18,0.00471944341639924));
#3632=CARTESIAN_POINT('',(0.00562916512459885,-0.00325,0.0053));
#3633=CARTESIAN_POINT('',(0.00626959665222805,-0.00214074005537727,0.0053));
#3634=CARTESIAN_POINT('',(0.00689249984382681,-0.00106184007933143,0.00507339010950972));
#3635=CARTESIAN_POINT('',(0.00750555349946514,-4.38514973640787E-18,0.00471944341639924));
#3636=CARTESIAN_POINT('',(-0.00375277674973257,-0.0065,0.0053));
#3637=CARTESIAN_POINT('',(-0.00375277674973257,-0.0065,0.0053));
#3638=CARTESIAN_POINT('',(-0.00750555349946513,-1.74949817181376E-18,0.0053));
#3639=CARTESIAN_POINT('',(-0.00750555349946513,-1.74949817181376E-18,0.0053));
#3640=CARTESIAN_POINT('',(-0.00375277674973256,0.0065,0.0053));
#3641=CARTESIAN_POINT('',(-0.00375277674973256,0.0065,0.0053));
#3642=CARTESIAN_POINT('',(0.00375277674973256,0.0065,0.0053));
#3643=CARTESIAN_POINT('',(0.00375277674973256,0.0065,0.0053));
#3644=CARTESIAN_POINT('',(0.00750555349946514,-3.42615048069177E-18,0.0053));
#3645=CARTESIAN_POINT('',(0.00750555349946514,-3.29644491573011E-18,0.00471944341639924));
#3646=CARTESIAN_POINT('',(0.00689249984382681,0.00106184007933142,0.00507339010950972));
#3647=CARTESIAN_POINT('',(0.00626959665222805,0.00214074005537727,0.0053));
#3648=CARTESIAN_POINT('',(0.00562916512459885,0.00325,0.0053));
#3649=CARTESIAN_POINT('',(0.,0.,-0.025));
#3650=CARTESIAN_POINT('',(0.,0.,-0.0245));
#3651=CARTESIAN_POINT('',(-0.004,0.,-0.0245));
#3652=CARTESIAN_POINT('',(0.,0.,0.0053));
#3653=CARTESIAN_POINT('',(0.,0.,-0.025));
#3654=CARTESIAN_POINT('',(0.2325,-0.02,-0.2626));
#3655=CARTESIAN_POINT('',(0.2325,-0.02,0.2626));
#3656=CARTESIAN_POINT('',(0.24,-0.0199999999999965,0.2325));
#3657=CARTESIAN_POINT('',(-0.2325,-0.02,0.2626));
#3658=CARTESIAN_POINT('',(0.2325,-0.02,-0.245));
#3659=CARTESIAN_POINT('',(0.2434,-0.0199999999999965,0.2325));
#3660=CARTESIAN_POINT('',(-0.2325,-0.02,-0.2626));
#3661=CARTESIAN_POINT('',(-0.2434,-0.0199999999999965,-0.2325));
#3662=CARTESIAN_POINT('',(-0.2626,-0.0199999999999965,0.2325));
#3663=CARTESIAN_POINT('',(0.2475,-0.003,-0.252));
#3664=CARTESIAN_POINT('',(0.2475,-0.003,-0.255));
#3665=CARTESIAN_POINT('',(0.25,-0.003,-0.255));
#3666=CARTESIAN_POINT('',(-0.25,-0.003,-0.255));
#3667=CARTESIAN_POINT('',(-0.247,-0.003,-0.252));
#3668=CARTESIAN_POINT('',(-0.247,9.86071098023472E-18,-0.252));
#3669=CARTESIAN_POINT('',(0.2475,1.7347234759768E-18,-0.252));
#3670=CARTESIAN_POINT('',(0.247,2.68986305170071E-18,-0.252));
#3671=CARTESIAN_POINT('',(0.247,-0.003,-0.252));
#3672=CARTESIAN_POINT('',(0.2475,-0.04,-0.255));
#3673=CARTESIAN_POINT('',(0.2475,-0.04,-0.255));
#3674=CARTESIAN_POINT('',(0.25,-0.04,-0.255));
#3675=CARTESIAN_POINT('',(-0.25,-0.04,-0.255));
#3676=CARTESIAN_POINT('',(-0.25,-0.039999999999993,-0.255));
#3677=CARTESIAN_POINT('',(0.25,-0.04,-0.255));
#3678=CARTESIAN_POINT('',(0.2325,-0.02,-0.255));
#3679=CARTESIAN_POINT('',(0.2367,-0.02,-0.255));
#3680=CARTESIAN_POINT('',(-0.2325,-0.02,-0.255));
#3681=CARTESIAN_POINT('',(-0.2283,-0.02,-0.255));
#3682=CARTESIAN_POINT('',(0.2475,-0.04,-0.255));
#3683=CARTESIAN_POINT('',(0.2475,-0.04,-0.25));
#3684=CARTESIAN_POINT('',(0.245,-0.04,-0.25));
#3685=CARTESIAN_POINT('',(-0.245,-0.04,-0.25));
#3686=CARTESIAN_POINT('',(-0.00125000000000036,-0.04,-0.00624999999999976));
#3687=CARTESIAN_POINT('',(0.24875,-0.04,-0.25375));
#3688=CARTESIAN_POINT('',(0.2475,-0.04,-0.25));
#3689=CARTESIAN_POINT('',(0.2475,-0.008,-0.25));
#3690=CARTESIAN_POINT('',(0.245,-0.008,-0.25));
#3691=CARTESIAN_POINT('',(-0.245,-0.008,-0.25));
#3692=CARTESIAN_POINT('',(-0.245,-0.0399999999999932,-0.25));
#3693=CARTESIAN_POINT('',(0.245,-0.04,-0.25));
#3694=CARTESIAN_POINT('',(0.2325,-0.02,-0.25));
#3695=CARTESIAN_POINT('',(0.2325,-0.0242,-0.25));
#3696=CARTESIAN_POINT('',(-0.2325,-0.02,-0.25));
#3697=CARTESIAN_POINT('',(-0.2325,-0.0242,-0.25));
#3698=CARTESIAN_POINT('',(0.2475,-0.008,-0.247));
#3699=CARTESIAN_POINT('',(0.2475,-0.005,-0.247));
#3700=CARTESIAN_POINT('',(0.242,-0.005,-0.247));
#3701=CARTESIAN_POINT('',(-0.242,-0.005,-0.247));
#3702=CARTESIAN_POINT('',(-0.242,-0.008,-0.247));
#3703=CARTESIAN_POINT('',(0.242,-0.008,-0.247));
#3704=CARTESIAN_POINT('',(0.2475,-0.005,-0.247));
#3705=CARTESIAN_POINT('',(0.2475,-0.005,-0.215));
#3706=CARTESIAN_POINT('',(0.21,-0.005,-0.215));
#3707=CARTESIAN_POINT('',(-0.21,-0.005,-0.215));
#3708=CARTESIAN_POINT('',(0.00275,-0.005,-0.00224999999999981));
#3709=CARTESIAN_POINT('',(0.24475,-0.005,-0.24975));
#3710=CARTESIAN_POINT('',(0.2475,-0.005,-0.215));
#3711=CARTESIAN_POINT('',(0.2475,-1.7347234759768E-18,-0.215));
#3712=CARTESIAN_POINT('',(0.21,-1.27042861416101E-18,-0.215));
#3713=CARTESIAN_POINT('',(-0.21,3.77479127894586E-18,-0.215));
#3714=CARTESIAN_POINT('',(-0.21,-0.00499999999999361,-0.215));
#3715=CARTESIAN_POINT('',(0.21,-0.005,-0.215));
#3716=CARTESIAN_POINT('',(0.2475,-1.7347234759768E-18,-0.215));
#3717=CARTESIAN_POINT('',(0.01875,-1.56125112837912E-17,0.0137500000000001));
#3718=CARTESIAN_POINT('',(0.22875,1.7347234759768E-18,-0.23375));
#3719=CARTESIAN_POINT('',(0.2475,1.7347234759768E-18,-0.2525));
#3720=CARTESIAN_POINT('',(-0.2475,1.7347234759768E-18,-0.2525));
#3721=CARTESIAN_POINT('',(0.2325,-0.02,0.255));
#3722=CARTESIAN_POINT('',(-0.2325,-0.02,0.255));
#3723=CARTESIAN_POINT('',(0.,0.,0.));
#3724=CARTESIAN_POINT('',(0.2325,-0.02,-0.2626));
#3725=CARTESIAN_POINT('',(0.2626,-0.0199999999999965,0.2325));
#3726=CARTESIAN_POINT('',(-0.2325,-0.02,0.2484));
#3727=CARTESIAN_POINT('',(-0.2325,-0.02,-0.2484));
#3728=CARTESIAN_POINT('',(0.25,-0.0199999999999965,0.2325));
#3729=CARTESIAN_POINT('',(0.2434,-0.0199999999999966,-0.2325));
#3730=CARTESIAN_POINT('',(-0.24,-0.0199999999999965,-0.2325));
#3731=CARTESIAN_POINT('',(-0.2434,-0.0199999999999964,0.2325));
#3732=CARTESIAN_POINT('',(0.00375277674973251,0.0065,0.0053));
#3733=CARTESIAN_POINT('',(0.,0.,0.0053));
#3734=CARTESIAN_POINT('',(-2.65340139815259E-19,-0.0065,0.0053));
#3735=CARTESIAN_POINT('',(0.00562916512459888,-0.00325,0.0053));
#3736=CARTESIAN_POINT('',(0.,0.,0.0053));
#3737=CARTESIAN_POINT('',(0.00562916512459885,0.00325,0.0053));
#3738=CARTESIAN_POINT('',(0.,0.,0.0053));
#3739=CARTESIAN_POINT('',(-7.96020419445779E-19,0.0065,0.0053));
#3740=CARTESIAN_POINT('',(0.,0.,0.0053));
#3741=CARTESIAN_POINT('',(-0.00562916512459884,0.00325,0.0053));
#3742=CARTESIAN_POINT('',(0.,0.,0.0053));
#3743=CARTESIAN_POINT('',(-0.00562916512459885,-0.00325,0.0053));
#3744=CARTESIAN_POINT('',(0.,0.,0.0053));
#3745=CARTESIAN_POINT('',(0.,0.,0.0053));
#3746=CARTESIAN_POINT('',(0.00562916512459886,0.00325,0.0053));
#3747=CARTESIAN_POINT('',(0.00498873361590695,0.00435925991182237,0.0053));
#3748=CARTESIAN_POINT('',(0.00436583044177202,0.00543815985761998,0.00507339012298178));
#3749=CARTESIAN_POINT('',(0.00375277680305783,0.00649999990763793,0.0047194434471866));
#3750=CARTESIAN_POINT('',(0.00375277672311313,0.00649999995381897,0.00471944344717412));
#3751=CARTESIAN_POINT('',(0.00375277664316842,0.0065,0.00471944344716165));
#3752=CARTESIAN_POINT('',(0.00252666936571262,0.0065,0.00507339012297086));
#3753=CARTESIAN_POINT('',(0.00128086301741449,0.0065,0.0053));
#3754=CARTESIAN_POINT('',(-1.80916111730086E-18,0.0065,0.0053));
#3755=CARTESIAN_POINT('',(0.,0.,0.0053));
#3756=CARTESIAN_POINT('',(-7.96020419445779E-19,0.0065,0.0053));
#3757=CARTESIAN_POINT('',(-0.0012808630173838,0.0065,0.0053));
#3758=CARTESIAN_POINT('',(-0.00252666936565364,0.0065,0.00507339012298178));
#3759=CARTESIAN_POINT('',(-0.00375277664308201,0.0065,0.0047194434471866));
#3760=CARTESIAN_POINT('',(-0.00375277672304829,0.00649999995385639,0.00471944344717413));
#3761=CARTESIAN_POINT('',(-0.00375277680301457,0.00649999990771277,0.00471944344716166));
#3762=CARTESIAN_POINT('',(-0.00436583044174248,0.00543815985767106,0.00507339012297088));
#3763=CARTESIAN_POINT('',(-0.00498873361589157,0.00435925991184892,0.0053));
#3764=CARTESIAN_POINT('',(-0.00562916512459882,0.00324999999999996,0.0053));
#3765=CARTESIAN_POINT('',(0.,0.,0.0053));
#3766=CARTESIAN_POINT('',(-0.00562916512459882,0.00324999999999996,0.0053));
#3767=CARTESIAN_POINT('',(-0.00626959665222802,0.00214074005537724,0.0053));
#3768=CARTESIAN_POINT('',(-0.00689249984382677,0.00106184007933139,0.00507339010950973));
#3769=CARTESIAN_POINT('',(-0.0075055534994651,-2.83402536413007E-17,0.00471944341639926));
#3770=CARTESIAN_POINT('',(-0.00750555349946512,-1.40373084826531E-17,0.00471944341639925));
#3771=CARTESIAN_POINT('',(-0.00750555349946513,-6.64485303287586E-19,0.00471944341639924));
#3772=CARTESIAN_POINT('',(-0.0068924998438268,-0.00106184007933142,0.00507339010950971));
#3773=CARTESIAN_POINT('',(-0.00626959665222806,-0.00214074005537727,0.0053));
#3774=CARTESIAN_POINT('',(-0.00562916512459886,-0.00325,0.0053));
#3775=CARTESIAN_POINT('',(0.,0.,0.0053));
#3776=CARTESIAN_POINT('',(-0.00562916512459886,-0.00325,0.0053));
#3777=CARTESIAN_POINT('',(-0.00498873361823032,-0.00435925990779818,0.0053));
#3778=CARTESIAN_POINT('',(-0.00436583044623799,-0.0054381598498847,0.00507339012463464));
#3779=CARTESIAN_POINT('',(-0.00375277680960018,-0.00649999989630626,0.00471944345096382));
#3780=CARTESIAN_POINT('',(-0.00375277672311333,-0.00649999995381882,0.00471944344717414));
#3781=CARTESIAN_POINT('',(-0.00375277663007956,-0.00649999992497265,0.00471944340181963));
#3782=CARTESIAN_POINT('',(-0.00252666935681699,-0.00649999992497265,0.00507339007855661));
#3783=CARTESIAN_POINT('',(-0.00128086301783224,-0.0065,0.0053));
#3784=CARTESIAN_POINT('',(4.10616551483733E-19,-0.0065,0.0053));
#3785=CARTESIAN_POINT('',(0.,0.,0.0053));
#3786=CARTESIAN_POINT('',(-2.6534013981526E-19,-0.0065,0.0053));
#3787=CARTESIAN_POINT('',(0.0012808630127371,-0.0065,0.0053));
#3788=CARTESIAN_POINT('',(0.00252666935672177,-0.0065,0.00507339012463462));
#3789=CARTESIAN_POINT('',(0.00375277662999741,-0.0065,0.0047194434509638));
#3790=CARTESIAN_POINT('',(0.0037527767230482,-0.00649999995385644,0.00471944344717413));
#3791=CARTESIAN_POINT('',(0.00375277674458352,-0.00649999985886366,0.0047194434018196));
#3792=CARTESIAN_POINT('',(0.00436583038121479,-0.00543815981245343,0.00507339007855656));
#3793=CARTESIAN_POINT('',(0.0049887336156828,-0.0043592599122107,0.0053));
#3794=CARTESIAN_POINT('',(0.0056291651245989,-0.00325,0.0053));
#3795=CARTESIAN_POINT('',(0.,0.,-0.03));
#3796=CARTESIAN_POINT('',(0.,0.,-0.03));
#3797=CARTESIAN_POINT('',(-0.0035,0.,-0.03));
#3798=CARTESIAN_POINT('',(0.00375277674973251,0.0065,0.));
#3799=CARTESIAN_POINT('',(0.,0.,0.));
#3800=CARTESIAN_POINT('',(0.004,0.,0.));
#3801=CARTESIAN_POINT('',(0.00750555349946513,0.,0.));
#3802=CARTESIAN_POINT('',(0.00750555349946513,0.,0.));
#3803=CARTESIAN_POINT('',(0.00375277674973254,0.0065,0.));
#3804=CARTESIAN_POINT('',(0.00375277674973262,-0.0065,0.));
#3805=CARTESIAN_POINT('',(0.00375277674973262,-0.0065,2.89120579329468E-19));
#3806=CARTESIAN_POINT('',(-0.00375277674973262,-0.0065,0.));
#3807=CARTESIAN_POINT('',(-0.00375277674973258,-0.0065,0.));
#3808=CARTESIAN_POINT('',(-0.00750555349946513,0.,0.));
#3809=CARTESIAN_POINT('',(-0.00750555349946513,0.,0.));
#3810=CARTESIAN_POINT('',(-0.00375277674973251,0.0065,0.));
#3811=CARTESIAN_POINT('',(-0.00375277674973251,0.0065,0.));
#3812=CARTESIAN_POINT('',(0.00375277674973251,0.0065,0.));
#3813=CARTESIAN_POINT('',(0.00375277674973262,-0.0065,0.0053));
#3814=CARTESIAN_POINT('',(0.00375277674973262,-0.0065,0.0053));
#3815=CARTESIAN_POINT('',(0.00750555349946513,0.,0.0053));
#3816=CARTESIAN_POINT('',(0.00750555349946516,-1.64742277558207E-17,0.00471944341639922));
#3817=CARTESIAN_POINT('',(0.0056291651245989,-0.00325,0.0053));
#3818=CARTESIAN_POINT('',(0.0062695966522281,-0.00214074005537728,0.0053));
#3819=CARTESIAN_POINT('',(0.00689249984382685,-0.00106184007933145,0.00507339010950968));
#3820=CARTESIAN_POINT('',(0.00750555349946518,-3.37727927178018E-17,0.00471944341639921));
#3821=CARTESIAN_POINT('',(-0.00375277674973262,-0.0065,0.0053));
#3822=CARTESIAN_POINT('',(-0.00375277674973262,-0.0065,0.0053));
#3823=CARTESIAN_POINT('',(-0.00750555349946513,0.,0.0053));
#3824=CARTESIAN_POINT('',(-0.00750555349946513,0.,0.0053));
#3825=CARTESIAN_POINT('',(-0.00375277674973251,0.0065,0.0053));
#3826=CARTESIAN_POINT('',(-0.00375277674973251,0.0065,0.0053));
#3827=CARTESIAN_POINT('',(0.00375277674973251,0.0065,0.0053));
#3828=CARTESIAN_POINT('',(0.00375277674973251,0.0065,0.0053));
#3829=CARTESIAN_POINT('',(0.00750555349946513,0.,0.0053));
#3830=CARTESIAN_POINT('',(0.00750555349946513,6.64485303287586E-19,0.00471944341639924));
#3831=CARTESIAN_POINT('',(0.0068924998438268,0.00106184007933141,0.00507339010950971));
#3832=CARTESIAN_POINT('',(0.00626959665222806,0.00214074005537728,0.0053));
#3833=CARTESIAN_POINT('',(0.00562916512459886,0.00325,0.0053));
#3834=CARTESIAN_POINT('',(0.,0.,-0.03));
#3835=CARTESIAN_POINT('',(0.,0.,-0.0295));
#3836=CARTESIAN_POINT('',(-0.004,0.,-0.0295));
#3837=CARTESIAN_POINT('',(0.,0.,0.0053));
#3838=CARTESIAN_POINT('',(0.,0.,-0.03));
#3839=CARTESIAN_POINT('',(0.2626,-0.0199999999999966,-0.2325));
#3840=CARTESIAN_POINT('',(0.255,-0.0199999999999966,-0.2325));
#3841=CARTESIAN_POINT('',(-0.2325,-0.02,-0.2626));
#3842=CARTESIAN_POINT('',(-0.2325,-0.02,0.245));
#3843=CARTESIAN_POINT('',(-0.24,-0.0199999999999965,0.2325));
#3844=CARTESIAN_POINT('',(-0.2626,-0.0199999999999965,0.2325));
#3845=CARTESIAN_POINT('',(0.2325,-0.02,0.2484));
#3846=CARTESIAN_POINT('',(0.2325,-0.02,0.2626));
#3847=CARTESIAN_POINT('',(0.2626,-0.0199999999999965,0.2325));
#3848=CARTESIAN_POINT('',(-0.2626,-0.0199999999999966,-0.2325));
#3849=CARTESIAN_POINT('',(0.2325,-0.02,0.245));
#3850=CARTESIAN_POINT('',(0.24,-0.0199999999999966,-0.2325));
#3851=MECHANICAL_DESIGN_GEOMETRIC_PRESENTATION_REPRESENTATION('',(#2133,#2134,#2135,#2136,#2137,#2138,#2139,#2140,#2141),#3852);
#3852=(
GEOMETRIC_REPRESENTATION_CONTEXT(3)
GLOBAL_UNCERTAINTY_ASSIGNED_CONTEXT((#3862))
GLOBAL_UNIT_ASSIGNED_CONTEXT((#3874,#3873,#3872))
REPRESENTATION_CONTEXT('120-0007-001-B05','TOP_LEVEL_ASSEMBLY_PART')
);
#3853=(
GEOMETRIC_REPRESENTATION_CONTEXT(3)
GLOBAL_UNCERTAINTY_ASSIGNED_CONTEXT((#3863))
GLOBAL_UNIT_ASSIGNED_CONTEXT((#3874,#3873,#3872))
REPRESENTATION_CONTEXT('DIN125-1-VA_8.4','COMPONENT_PART')
);
#3854=(
GEOMETRIC_REPRESENTATION_CONTEXT(3)
GLOBAL_UNCERTAINTY_ASSIGNED_CONTEXT((#3864))
GLOBAL_UNIT_ASSIGNED_CONTEXT((#3874,#3873,#3872))
REPRESENTATION_CONTEXT('120-0007-001-007','COMPONENT_PART')
);
#3855=(
GEOMETRIC_REPRESENTATION_CONTEXT(3)
GLOBAL_UNCERTAINTY_ASSIGNED_CONTEXT((#3865))
GLOBAL_UNIT_ASSIGNED_CONTEXT((#3874,#3873,#3872))
REPRESENTATION_CONTEXT('120-0007-001-004_Standard<Wie bearbeitet>','COMPONENT_PART')
);
#3856=(
GEOMETRIC_REPRESENTATION_CONTEXT(3)
GLOBAL_UNCERTAINTY_ASSIGNED_CONTEXT((#3866))
GLOBAL_UNIT_ASSIGNED_CONTEXT((#3874,#3873,#3872))
REPRESENTATION_CONTEXT('120-0007-001-004_Standard<Wie bearbeitet>','COMPONENT_PART')
);
#3857=(
GEOMETRIC_REPRESENTATION_CONTEXT(3)
GLOBAL_UNCERTAINTY_ASSIGNED_CONTEXT((#3867))
GLOBAL_UNIT_ASSIGNED_CONTEXT((#3874,#3873,#3872))
REPRESENTATION_CONTEXT('120-0007-001-004_Standard<Wie bearbeitet>','COMPONENT_PART')
);
#3858=(
GEOMETRIC_REPRESENTATION_CONTEXT(3)
GLOBAL_UNCERTAINTY_ASSIGNED_CONTEXT((#3868))
GLOBAL_UNIT_ASSIGNED_CONTEXT((#3874,#3873,#3872))
REPRESENTATION_CONTEXT('DIN934-VA_M8','COMPONENT_PART')
);
#3859=(
GEOMETRIC_REPRESENTATION_CONTEXT(3)
GLOBAL_UNCERTAINTY_ASSIGNED_CONTEXT((#3869))
GLOBAL_UNIT_ASSIGNED_CONTEXT((#3874,#3873,#3872))
REPRESENTATION_CONTEXT('DIN933-M8-VA_M8x25','COMPONENT_PART')
);
#3860=(
GEOMETRIC_REPRESENTATION_CONTEXT(3)
GLOBAL_UNCERTAINTY_ASSIGNED_CONTEXT((#3870))
GLOBAL_UNIT_ASSIGNED_CONTEXT((#3874,#3873,#3872))
REPRESENTATION_CONTEXT('120-0007-001-004_Standard<Wie bearbeitet>','COMPONENT_PART')
);
#3861=(
GEOMETRIC_REPRESENTATION_CONTEXT(3)
GLOBAL_UNCERTAINTY_ASSIGNED_CONTEXT((#3871))
GLOBAL_UNIT_ASSIGNED_CONTEXT((#3874,#3873,#3872))
REPRESENTATION_CONTEXT('DIN933-M8-VA_M8x30','COMPONENT_PART')
);
#3862=UNCERTAINTY_MEASURE_WITH_UNIT(LENGTH_MEASURE(1.E-08),#3874,'DISTANCE_ACCURACY_VALUE','Maximum Tolerance applied to model');
#3863=UNCERTAINTY_MEASURE_WITH_UNIT(LENGTH_MEASURE(1.E-08),#3874,'DISTANCE_ACCURACY_VALUE','Maximum Tolerance applied to model');
#3864=UNCERTAINTY_MEASURE_WITH_UNIT(LENGTH_MEASURE(1.E-06),#3874,'DISTANCE_ACCURACY_VALUE','Maximum Tolerance applied to model');
#3865=UNCERTAINTY_MEASURE_WITH_UNIT(LENGTH_MEASURE(1.E-06),#3874,'DISTANCE_ACCURACY_VALUE','Maximum Tolerance applied to model');
#3866=UNCERTAINTY_MEASURE_WITH_UNIT(LENGTH_MEASURE(1.E-08),#3874,'DISTANCE_ACCURACY_VALUE','Maximum Tolerance applied to model');
#3867=UNCERTAINTY_MEASURE_WITH_UNIT(LENGTH_MEASURE(1.E-08),#3874,'DISTANCE_ACCURACY_VALUE','Maximum Tolerance applied to model');
#3868=UNCERTAINTY_MEASURE_WITH_UNIT(LENGTH_MEASURE(2.E-05),#3874,'DISTANCE_ACCURACY_VALUE','Maximum Tolerance applied to model');
#3869=UNCERTAINTY_MEASURE_WITH_UNIT(LENGTH_MEASURE(2.E-05),#3874,'DISTANCE_ACCURACY_VALUE','Maximum Tolerance applied to model');
#3870=UNCERTAINTY_MEASURE_WITH_UNIT(LENGTH_MEASURE(1.E-08),#3874,'DISTANCE_ACCURACY_VALUE','Maximum Tolerance applied to model');
#3871=UNCERTAINTY_MEASURE_WITH_UNIT(LENGTH_MEASURE(2.E-05),#3874,'DISTANCE_ACCURACY_VALUE','Maximum Tolerance applied to model');
#3872=(
NAMED_UNIT(*)
SI_UNIT($,.STERADIAN.)
SOLID_ANGLE_UNIT()
);
#3873=(
NAMED_UNIT(*)
PLANE_ANGLE_UNIT()
SI_UNIT($,.RADIAN.)
);
#3874=(
LENGTH_UNIT()
NAMED_UNIT(*)
SI_UNIT($,.METRE.)
);
#3875=PRODUCT_DEFINITION_SHAPE('','',#3925);
#3876=PRODUCT_DEFINITION_SHAPE('','',#3926);
#3877=PRODUCT_DEFINITION_SHAPE(' ','NAUO PRDDFN',#392);
#3878=PRODUCT_DEFINITION_SHAPE('','',#3927);
#3879=PRODUCT_DEFINITION_SHAPE(' ','NAUO PRDDFN',#393);
#3880=PRODUCT_DEFINITION_SHAPE(' ','NAUO PRDDFN',#394);
#3881=PRODUCT_DEFINITION_SHAPE(' ','NAUO PRDDFN',#395);
#3882=PRODUCT_DEFINITION_SHAPE('','',#3928);
#3883=PRODUCT_DEFINITION_SHAPE(' ','NAUO PRDDFN',#396);
#3884=PRODUCT_DEFINITION_SHAPE('','',#3929);
#3885=PRODUCT_DEFINITION_SHAPE(' ','NAUO PRDDFN',#397);
#3886=PRODUCT_DEFINITION_SHAPE('','',#3930);
#3887=PRODUCT_DEFINITION_SHAPE(' ','NAUO PRDDFN',#398);
#3888=PRODUCT_DEFINITION_SHAPE(' ','NAUO PRDDFN',#399);
#3889=PRODUCT_DEFINITION_SHAPE(' ','NAUO PRDDFN',#400);
#3890=PRODUCT_DEFINITION_SHAPE('','',#3931);
#3891=PRODUCT_DEFINITION_SHAPE(' ','NAUO PRDDFN',#401);
#3892=PRODUCT_DEFINITION_SHAPE('','',#3932);
#3893=PRODUCT_DEFINITION_SHAPE(' ','NAUO PRDDFN',#402);
#3894=PRODUCT_DEFINITION_SHAPE(' ','NAUO PRDDFN',#403);
#3895=PRODUCT_DEFINITION_SHAPE(' ','NAUO PRDDFN',#404);
#3896=PRODUCT_DEFINITION_SHAPE(' ','NAUO PRDDFN',#405);
#3897=PRODUCT_DEFINITION_SHAPE(' ','NAUO PRDDFN',#406);
#3898=PRODUCT_DEFINITION_SHAPE(' ','NAUO PRDDFN',#407);
#3899=PRODUCT_DEFINITION_SHAPE(' ','NAUO PRDDFN',#408);
#3900=PRODUCT_DEFINITION_SHAPE(' ','NAUO PRDDFN',#409);
#3901=PRODUCT_DEFINITION_SHAPE(' ','NAUO PRDDFN',#410);
#3902=PRODUCT_DEFINITION_SHAPE('','',#3933);
#3903=PRODUCT_DEFINITION_SHAPE(' ','NAUO PRDDFN',#411);
#3904=PRODUCT_DEFINITION_SHAPE(' ','NAUO PRDDFN',#412);
#3905=PRODUCT_DEFINITION_SHAPE(' ','NAUO PRDDFN',#413);
#3906=PRODUCT_DEFINITION_SHAPE(' ','NAUO PRDDFN',#414);
#3907=PRODUCT_DEFINITION_SHAPE(' ','NAUO PRDDFN',#415);
#3908=PRODUCT_DEFINITION_SHAPE(' ','NAUO PRDDFN',#416);
#3909=PRODUCT_DEFINITION_SHAPE(' ','NAUO PRDDFN',#417);
#3910=PRODUCT_DEFINITION_SHAPE(' ','NAUO PRDDFN',#418);
#3911=PRODUCT_DEFINITION_SHAPE(' ','NAUO PRDDFN',#419);
#3912=PRODUCT_DEFINITION_SHAPE('','',#3934);
#3913=PRODUCT_DEFINITION_SHAPE(' ','NAUO PRDDFN',#420);
#3914=PRODUCT_DEFINITION_SHAPE(' ','NAUO PRDDFN',#421);
#3915=PRODUCT_DEFINITION_SHAPE(' ','NAUO PRDDFN',#422);
#3916=PRODUCT_DEFINITION_SHAPE(' ','NAUO PRDDFN',#423);
#3917=PRODUCT_DEFINITION_SHAPE(' ','NAUO PRDDFN',#424);
#3918=PRODUCT_DEFINITION_SHAPE(' ','NAUO PRDDFN',#425);
#3919=PRODUCT_DEFINITION_SHAPE(' ','NAUO PRDDFN',#426);
#3920=PRODUCT_DEFINITION_SHAPE(' ','NAUO PRDDFN',#427);
#3921=PRODUCT_DEFINITION_SHAPE(' ','NAUO PRDDFN',#428);
#3922=PRODUCT_DEFINITION_SHAPE(' ','NAUO PRDDFN',#429);
#3923=PRODUCT_DEFINITION_SHAPE(' ','NAUO PRDDFN',#430);
#3924=PRODUCT_DEFINITION_SHAPE(' ','NAUO PRDDFN',#431);
#3925=PRODUCT_DEFINITION('','',#3945,#3935);
#3926=PRODUCT_DEFINITION('','',#3946,#3936);
#3927=PRODUCT_DEFINITION('','',#3947,#3937);
#3928=PRODUCT_DEFINITION('','',#3948,#3938);
#3929=PRODUCT_DEFINITION('','',#3949,#3939);
#3930=PRODUCT_DEFINITION('','',#3950,#3940);
#3931=PRODUCT_DEFINITION('','',#3951,#3941);
#3932=PRODUCT_DEFINITION('','',#3952,#3942);
#3933=PRODUCT_DEFINITION('','',#3953,#3943);
#3934=PRODUCT_DEFINITION('','',#3954,#3944);
#3935=PRODUCT_DEFINITION_CONTEXT('',#3996,'design');
#3936=PRODUCT_DEFINITION_CONTEXT('',#3996,'design');
#3937=PRODUCT_DEFINITION_CONTEXT('',#3996,'design');
#3938=PRODUCT_DEFINITION_CONTEXT('',#3996,'design');
#3939=PRODUCT_DEFINITION_CONTEXT('',#3996,'design');
#3940=PRODUCT_DEFINITION_CONTEXT('',#3996,'design');
#3941=PRODUCT_DEFINITION_CONTEXT('',#3996,'design');
#3942=PRODUCT_DEFINITION_CONTEXT('',#3996,'design');
#3943=PRODUCT_DEFINITION_CONTEXT('',#3996,'design');
#3944=PRODUCT_DEFINITION_CONTEXT('',#3996,'design');
#3945=PRODUCT_DEFINITION_FORMATION_WITH_SPECIFIED_SOURCE('','',#3965,.NOT_KNOWN.);
#3946=PRODUCT_DEFINITION_FORMATION_WITH_SPECIFIED_SOURCE('','',#3966,.NOT_KNOWN.);
#3947=PRODUCT_DEFINITION_FORMATION_WITH_SPECIFIED_SOURCE('','',#3967,.NOT_KNOWN.);
#3948=PRODUCT_DEFINITION_FORMATION_WITH_SPECIFIED_SOURCE('','',#3968,.NOT_KNOWN.);
#3949=PRODUCT_DEFINITION_FORMATION_WITH_SPECIFIED_SOURCE('','',#3969,.NOT_KNOWN.);
#3950=PRODUCT_DEFINITION_FORMATION_WITH_SPECIFIED_SOURCE('','',#3970,.NOT_KNOWN.);
#3951=PRODUCT_DEFINITION_FORMATION_WITH_SPECIFIED_SOURCE('','',#3971,.NOT_KNOWN.);
#3952=PRODUCT_DEFINITION_FORMATION_WITH_SPECIFIED_SOURCE('','',#3972,.NOT_KNOWN.);
#3953=PRODUCT_DEFINITION_FORMATION_WITH_SPECIFIED_SOURCE('','',#3973,.NOT_KNOWN.);
#3954=PRODUCT_DEFINITION_FORMATION_WITH_SPECIFIED_SOURCE('','',#3974,.NOT_KNOWN.);
#3955=PRODUCT_RELATED_PRODUCT_CATEGORY('','',(#3965));
#3956=PRODUCT_RELATED_PRODUCT_CATEGORY('','',(#3966));
#3957=PRODUCT_RELATED_PRODUCT_CATEGORY('','',(#3967));
#3958=PRODUCT_RELATED_PRODUCT_CATEGORY('','',(#3968));
#3959=PRODUCT_RELATED_PRODUCT_CATEGORY('','',(#3969));
#3960=PRODUCT_RELATED_PRODUCT_CATEGORY('','',(#3970));
#3961=PRODUCT_RELATED_PRODUCT_CATEGORY('','',(#3971));
#3962=PRODUCT_RELATED_PRODUCT_CATEGORY('','',(#3972));
#3963=PRODUCT_RELATED_PRODUCT_CATEGORY('','',(#3973));
#3964=PRODUCT_RELATED_PRODUCT_CATEGORY('','',(#3974));
#3965=PRODUCT('120-0007-001-B05','120-0007-001-B05','120-0007-001-B05',(#3985));
#3966=PRODUCT('DIN125-1-VA_8.4','DIN125-1-VA_8.4','DIN125-1-VA_8.4',(#3986));
#3967=PRODUCT('120-0007-001-007','120-0007-001-007','120-0007-001-007',(#3987));
#3968=PRODUCT('120-0007-001-004_Standard<Wie bearbeitet>','120-0007-001-004_Standard<Wie bearbeitet>','120-0007-001-004_Standard<Wie bearbeitet>',(#3988));
#3969=PRODUCT('120-0007-001-004_Standard<Wie bearbeitet>','120-0007-001-004_Standard<Wie bearbeitet>','120-0007-001-004_Standard<Wie bearbeitet>',(#3989));
#3970=PRODUCT('120-0007-001-004_Standard<Wie bearbeitet>','120-0007-001-004_Standard<Wie bearbeitet>','120-0007-001-004_Standard<Wie bearbeitet>',(#3990));
#3971=PRODUCT('DIN934-VA_M8','DIN934-VA_M8','DIN934-VA_M8',(#3991));
#3972=PRODUCT('DIN933-M8-VA_M8x25','DIN933-M8-VA_M8x25','DIN933-M8-VA_M8x25',(#3992));
#3973=PRODUCT('120-0007-001-004_Standard<Wie bearbeitet>','120-0007-001-004_Standard<Wie bearbeitet>','120-0007-001-004_Standard<Wie bearbeitet>',(#3993));
#3974=PRODUCT('DIN933-M8-VA_M8x30','DIN933-M8-VA_M8x30','DIN933-M8-VA_M8x30',(#3994));
#3975=PRODUCT_CATEGORY('','');
#3976=PRODUCT_CATEGORY('','');
#3977=PRODUCT_CATEGORY('','');
#3978=PRODUCT_CATEGORY('','');
#3979=PRODUCT_CATEGORY('','');
#3980=PRODUCT_CATEGORY('','');
#3981=PRODUCT_CATEGORY('','');
#3982=PRODUCT_CATEGORY('','');
#3983=PRODUCT_CATEGORY('','');
#3984=PRODUCT_CATEGORY('','');
#3985=PRODUCT_CONTEXT('',#3996,'mechanical');
#3986=PRODUCT_CONTEXT('',#3996,'mechanical');
#3987=PRODUCT_CONTEXT('',#3996,'mechanical');
#3988=PRODUCT_CONTEXT('',#3996,'mechanical');
#3989=PRODUCT_CONTEXT('',#3996,'mechanical');
#3990=PRODUCT_CONTEXT('',#3996,'mechanical');
#3991=PRODUCT_CONTEXT('',#3996,'mechanical');
#3992=PRODUCT_CONTEXT('',#3996,'mechanical');
#3993=PRODUCT_CONTEXT('',#3996,'mechanical');
#3994=PRODUCT_CONTEXT('',#3996,'mechanical');
#3995=APPLICATION_PROTOCOL_DEFINITION('international standard','ap242_managed_model_based_3d_engineering',2020,#3996);
#3996=APPLICATION_CONTEXT('managed model based 3d engineering');
ENDSEC;
END-ISO-10303-21;
