ISO-10303-21;
HEADER;
/*Generated by software containing ST-Developer
 * from STEP Tools, Inc. (www.steptools.com) 
 */
/*OPTION: using custom renumber hook */
/*description */
/*implementation_level */
FILE_DESCRIPTION(('STEP AP242 Edition 2','STEP AP242 Edition 2''CAx-IF Rec.Pracs.---Representation and Presentation of Product Manufa
cturing Information (PMI)---4.0---2014-10-13','STEP AP242 Edition 2''CAx-IF Rec.Pracs.---Representation and Presentation of Product Manufa
cturing Information (PMI)---4.0---2014-10-13''CAx-IF Rec.Pracs.---3D Tessellated Geometry---0.4---2014-09-14','STEP AP242 Edition 2''CAx-IF Rec.Pracs.---Representation and Presentation of Product Manufa
cturing Information (PMI)---4.0---2014-10-13''CAx-IF Rec.Pracs.---3D Tessellated Geometry---0.4---2014-09-14''2;1','STEP AP242 Edition 2''CAx-IF Rec.Pracs.---Representation and Presentation of Product Manufa
cturing Information (PMI)---4.0---2014-10-13''CAx-IF Rec.Pracs.---3D Tessellated Geometry---0.4---2014-09-14''2;1''CAx-IF Rec.Pracs.---User Defined Attributes---1.5---2016-08-15'),'2;1');
/*name */
/*time_stamp */
/*author */
/*organization */
/*preprocessor_version */
/*originating_system */
/*authorisation */
FILE_NAME('/vol/tmp/translate-2184738583062071756/69ac36287b366b37381e7675.step','2026-03-07T14:28:57',(''),(''),'ST-DEVELOPER v20','ONSHAPE BY PTC INC, 1.211','  ');
FILE_SCHEMA(('AP242_MANAGED_MODEL_BASED_3D_ENGINEERING_MIM_LF { 1 0 10303 442 3 1 4 }'));
ENDSEC;
DATA;
#10=VERTEX_LOOP('',#3163);
#11=VERTEX_LOOP('',#3165);
#12=VERTEX_LOOP('',#3167);
#13=VERTEX_LOOP('',#3169);
#14=VERTEX_LOOP('',#3171);
#15=VERTEX_LOOP('',#3173);
#16=VERTEX_LOOP('',#3175);
#17=VERTEX_LOOP('',#3177);
#18=VERTEX_LOOP('',#3179);
#19=TOROIDAL_SURFACE('',#5925,0.015,0.008);
#20=TOROIDAL_SURFACE('',#6123,0.015,0.008);
#21=B_SPLINE_CURVE_WITH_KNOTS('',3,(#8496,#8497,#8498,#8499),.UNSPECIFIED.,.F.,.F.,(4,4),(5.38253694535453E-17,0.00467374444220795),.UNSPECIFIED.);
#22=B_SPLINE_CURVE_WITH_KNOTS('',3,(#8501,#8502,#8503,#8504),.UNSPECIFIED.,.F.,.F.,(4,4),(0.,0.00467374444229703),.UNSPECIFIED.);
#23=B_SPLINE_CURVE_WITH_KNOTS('',3,(#8506,#8507,#8508,#8509),.UNSPECIFIED.,.F.,.F.,(4,4),(1.67870360078855E-16,0.00467374442869996),.UNSPECIFIED.);
#24=B_SPLINE_CURVE_WITH_KNOTS('',3,(#8511,#8512,#8513,#8514),.UNSPECIFIED.,.F.,.F.,(4,4),(0.,0.00467374443629358),.UNSPECIFIED.);
#25=B_SPLINE_CURVE_WITH_KNOTS('',3,(#8516,#8517,#8518,#8519),.UNSPECIFIED.,.F.,.F.,(4,4),(2.00480679476392E-16,0.00467374455231164),.UNSPECIFIED.);
#26=B_SPLINE_CURVE_WITH_KNOTS('',3,(#8521,#8522,#8523,#8524),.UNSPECIFIED.,.F.,.F.,(4,4),(2.2384698894699E-17,0.00467374455231185),.UNSPECIFIED.);
#27=B_SPLINE_CURVE_WITH_KNOTS('',3,(#8526,#8527,#8528,#8529),.UNSPECIFIED.,.F.,.F.,(4,4),(1.92194522503217E-17,0.00467374442869953),.UNSPECIFIED.);
#28=B_SPLINE_CURVE_WITH_KNOTS('',3,(#8531,#8532,#8533,#8534),.UNSPECIFIED.,.F.,.F.,(4,4),(0.,0.00467374443629421),.UNSPECIFIED.);
#29=B_SPLINE_CURVE_WITH_KNOTS('',3,(#8536,#8537,#8538,#8539),.UNSPECIFIED.,.F.,.F.,(4,4),(1.62727621983703E-16,0.00467374442869951),.UNSPECIFIED.);
#30=B_SPLINE_CURVE_WITH_KNOTS('',3,(#8541,#8542,#8543,#8544),.UNSPECIFIED.,.F.,.F.,(4,4),(0.,0.00467374443629444),.UNSPECIFIED.);
#31=B_SPLINE_CURVE_WITH_KNOTS('',3,(#8567,#8568,#8569,#8570),.UNSPECIFIED.,.F.,.F.,(4,4),(1.92194522503217E-17,0.00467374455231166),.UNSPECIFIED.);
#32=B_SPLINE_CURVE_WITH_KNOTS('',3,(#8580,#8581,#8582,#8583),.UNSPECIFIED.,.F.,.F.,(4,4),(3.2243999761673E-17,0.00467374455231158),.UNSPECIFIED.);
#33=CONTEXT_DEPENDENT_SHAPE_REPRESENTATION(#179,#9609);
#34=CONTEXT_DEPENDENT_SHAPE_REPRESENTATION(#180,#9610);
#35=CONTEXT_DEPENDENT_SHAPE_REPRESENTATION(#181,#9612);
#36=CONTEXT_DEPENDENT_SHAPE_REPRESENTATION(#182,#9614);
#37=CONTEXT_DEPENDENT_SHAPE_REPRESENTATION(#183,#9615);
#38=CONTEXT_DEPENDENT_SHAPE_REPRESENTATION(#184,#9616);
#39=CONTEXT_DEPENDENT_SHAPE_REPRESENTATION(#185,#9617);
#40=CONTEXT_DEPENDENT_SHAPE_REPRESENTATION(#186,#9619);
#41=CONTEXT_DEPENDENT_SHAPE_REPRESENTATION(#187,#9620);
#42=CONTEXT_DEPENDENT_SHAPE_REPRESENTATION(#188,#9621);
#43=CONTEXT_DEPENDENT_SHAPE_REPRESENTATION(#189,#9623);
#44=CONTEXT_DEPENDENT_SHAPE_REPRESENTATION(#190,#9625);
#45=CONTEXT_DEPENDENT_SHAPE_REPRESENTATION(#191,#9626);
#46=CONTEXT_DEPENDENT_SHAPE_REPRESENTATION(#192,#9628);
#47=CONTEXT_DEPENDENT_SHAPE_REPRESENTATION(#193,#9629);
#48=CONTEXT_DEPENDENT_SHAPE_REPRESENTATION(#194,#9631);
#49=CONTEXT_DEPENDENT_SHAPE_REPRESENTATION(#195,#9632);
#50=CONTEXT_DEPENDENT_SHAPE_REPRESENTATION(#196,#9633);
#51=CONTEXT_DEPENDENT_SHAPE_REPRESENTATION(#197,#9635);
#52=CONTEXT_DEPENDENT_SHAPE_REPRESENTATION(#198,#9636);
#53=CONTEXT_DEPENDENT_SHAPE_REPRESENTATION(#199,#9638);
#54=CONTEXT_DEPENDENT_SHAPE_REPRESENTATION(#200,#9639);
#55=CONTEXT_DEPENDENT_SHAPE_REPRESENTATION(#201,#9640);
#56=CONTEXT_DEPENDENT_SHAPE_REPRESENTATION(#202,#9641);
#57=CONTEXT_DEPENDENT_SHAPE_REPRESENTATION(#203,#9642);
#58=CONTEXT_DEPENDENT_SHAPE_REPRESENTATION(#204,#9643);
#59=CONTEXT_DEPENDENT_SHAPE_REPRESENTATION(#205,#9644);
#60=CONTEXT_DEPENDENT_SHAPE_REPRESENTATION(#206,#9645);
#61=CONTEXT_DEPENDENT_SHAPE_REPRESENTATION(#207,#9646);
#62=CONTEXT_DEPENDENT_SHAPE_REPRESENTATION(#208,#9648);
#63=CONTEXT_DEPENDENT_SHAPE_REPRESENTATION(#209,#9649);
#64=CONTEXT_DEPENDENT_SHAPE_REPRESENTATION(#210,#9650);
#65=CONTEXT_DEPENDENT_SHAPE_REPRESENTATION(#211,#9651);
#66=CONTEXT_DEPENDENT_SHAPE_REPRESENTATION(#212,#9652);
#67=CONTEXT_DEPENDENT_SHAPE_REPRESENTATION(#213,#9653);
#68=CONTEXT_DEPENDENT_SHAPE_REPRESENTATION(#214,#9654);
#69=CONTEXT_DEPENDENT_SHAPE_REPRESENTATION(#215,#9655);
#70=CONTEXT_DEPENDENT_SHAPE_REPRESENTATION(#216,#9657);
#71=CONTEXT_DEPENDENT_SHAPE_REPRESENTATION(#217,#9658);
#72=CONTEXT_DEPENDENT_SHAPE_REPRESENTATION(#218,#9660);
#73=CONTEXT_DEPENDENT_SHAPE_REPRESENTATION(#219,#9661);
#74=CONTEXT_DEPENDENT_SHAPE_REPRESENTATION(#220,#9662);
#75=CONTEXT_DEPENDENT_SHAPE_REPRESENTATION(#221,#9663);
#76=CONTEXT_DEPENDENT_SHAPE_REPRESENTATION(#222,#9664);
#77=CONTEXT_DEPENDENT_SHAPE_REPRESENTATION(#223,#9665);
#78=CONTEXT_DEPENDENT_SHAPE_REPRESENTATION(#224,#9666);
#79=CONTEXT_DEPENDENT_SHAPE_REPRESENTATION(#225,#9667);
#80=CONTEXT_DEPENDENT_SHAPE_REPRESENTATION(#226,#9668);
#81=CONTEXT_DEPENDENT_SHAPE_REPRESENTATION(#227,#9670);
#82=CONTEXT_DEPENDENT_SHAPE_REPRESENTATION(#228,#9671);
#83=CONTEXT_DEPENDENT_SHAPE_REPRESENTATION(#229,#9672);
#84=CONTEXT_DEPENDENT_SHAPE_REPRESENTATION(#230,#9673);
#85=CONTEXT_DEPENDENT_SHAPE_REPRESENTATION(#231,#9674);
#86=CONTEXT_DEPENDENT_SHAPE_REPRESENTATION(#232,#9675);
#87=CONTEXT_DEPENDENT_SHAPE_REPRESENTATION(#233,#9676);
#88=CONTEXT_DEPENDENT_SHAPE_REPRESENTATION(#234,#9677);
#89=CONTEXT_DEPENDENT_SHAPE_REPRESENTATION(#235,#9679);
#90=CONTEXT_DEPENDENT_SHAPE_REPRESENTATION(#236,#9680);
#91=CONTEXT_DEPENDENT_SHAPE_REPRESENTATION(#237,#9681);
#92=CONTEXT_DEPENDENT_SHAPE_REPRESENTATION(#238,#9682);
#93=CONTEXT_DEPENDENT_SHAPE_REPRESENTATION(#239,#9683);
#94=CONTEXT_DEPENDENT_SHAPE_REPRESENTATION(#240,#9685);
#95=CONTEXT_DEPENDENT_SHAPE_REPRESENTATION(#241,#9686);
#96=CONTEXT_DEPENDENT_SHAPE_REPRESENTATION(#242,#9687);
#97=CONTEXT_DEPENDENT_SHAPE_REPRESENTATION(#243,#9688);
#98=CONTEXT_DEPENDENT_SHAPE_REPRESENTATION(#244,#9689);
#99=CONTEXT_DEPENDENT_SHAPE_REPRESENTATION(#245,#9690);
#100=CONTEXT_DEPENDENT_SHAPE_REPRESENTATION(#246,#9691);
#101=CONTEXT_DEPENDENT_SHAPE_REPRESENTATION(#247,#9693);
#102=CONTEXT_DEPENDENT_SHAPE_REPRESENTATION(#248,#9694);
#103=CONTEXT_DEPENDENT_SHAPE_REPRESENTATION(#249,#9695);
#104=CONTEXT_DEPENDENT_SHAPE_REPRESENTATION(#250,#9696);
#105=CONTEXT_DEPENDENT_SHAPE_REPRESENTATION(#251,#9697);
#106=NEXT_ASSEMBLY_USAGE_OCCURRENCE('NAUO1','DIN7991-M8-VA_M8x16','DIN7991-M8-VA_M8x16',#9698,#9699,'');
#107=NEXT_ASSEMBLY_USAGE_OCCURRENCE('NAUO2','DIN7991-M8-VA_M8x16','DIN7991-M8-VA_M8x16',#9698,#9699,'');
#108=NEXT_ASSEMBLY_USAGE_OCCURRENCE('NAUO3','DIN7991-M8-VA_M8x20','DIN7991-M8-VA_M8x20',#9698,#9700,'');
#109=NEXT_ASSEMBLY_USAGE_OCCURRENCE('NAUO4','120-0007-001-009_Standard<Wie bearbeitet>','120-0007-001-009_Standard<Wie bearbeitet>',#9698,#9701,'');
#110=NEXT_ASSEMBLY_USAGE_OCCURRENCE('NAUO5','DIN7991-M8-VA_M8x20','DIN7991-M8-VA_M8x20',#9698,#9700,'');
#111=NEXT_ASSEMBLY_USAGE_OCCURRENCE('NAUO6','DIN7991-M8-VA_M8x16','DIN7991-M8-VA_M8x16',#9698,#9699,'');
#112=NEXT_ASSEMBLY_USAGE_OCCURRENCE('NAUO7','DIN7991-M8-VA_M8x16','DIN7991-M8-VA_M8x16',#9698,#9699,'');
#113=NEXT_ASSEMBLY_USAGE_OCCURRENCE('NAUO8','DIN933-M10-VA_M10x25','DIN933-M10-VA_M10x25',#9698,#9702,'');
#114=NEXT_ASSEMBLY_USAGE_OCCURRENCE('NAUO9','DIN7991-M8-VA_M8x20','DIN7991-M8-VA_M8x20',#9698,#9700,'');
#115=NEXT_ASSEMBLY_USAGE_OCCURRENCE('NAUO10','DIN7991-M8-VA_M8x20','DIN7991-M8-VA_M8x20',#9698,#9700,'');
#116=NEXT_ASSEMBLY_USAGE_OCCURRENCE('NAUO11','HA-CO_S-SKVF070-0250-0256-V4A','HA-CO_S-SKVF070-0250-0256-V4A',#9698,#9703,'');
#117=NEXT_ASSEMBLY_USAGE_OCCURRENCE('NAUO12','120-0007-001-009_Standard<Wie bearbeitet>','120-0007-001-009_Standard<Wie bearbeitet>',#9698,#9704,'');
#118=NEXT_ASSEMBLY_USAGE_OCCURRENCE('NAUO13','DIN7991-M8-VA_M8x16','DIN7991-M8-VA_M8x16',#9698,#9699,'');
#119=NEXT_ASSEMBLY_USAGE_OCCURRENCE('NAUO14','120-0007-001-008','120-0007-001-008',#9698,#9705,'');
#120=NEXT_ASSEMBLY_USAGE_OCCURRENCE('NAUO15','DIN7991-M8-VA_M8x16','DIN7991-M8-VA_M8x16',#9698,#9699,'');
#121=NEXT_ASSEMBLY_USAGE_OCCURRENCE('NAUO16','120-0007-001-008-S','120-0007-001-008-S',#9698,#9706,'');
#122=NEXT_ASSEMBLY_USAGE_OCCURRENCE('NAUO17','DIN933-M10-VA_M10x25','DIN933-M10-VA_M10x25',#9698,#9702,'');
#123=NEXT_ASSEMBLY_USAGE_OCCURRENCE('NAUO18','DIN933-M10-VA_M10x25','DIN933-M10-VA_M10x25',#9698,#9702,'');
#124=NEXT_ASSEMBLY_USAGE_OCCURRENCE('NAUO19','120-0007-001-009_Standard<Wie bearbeitet>','120-0007-001-009_Standard<Wie bearbeitet>',#9698,#9707,'');
#125=NEXT_ASSEMBLY_USAGE_OCCURRENCE('NAUO20','DIN7991-M8-VA_M8x16','DIN7991-M8-VA_M8x16',#9698,#9699,'');
#126=NEXT_ASSEMBLY_USAGE_OCCURRENCE('NAUO21','DIN7349-VA_10.5','DIN7349-VA_10.5',#9698,#9708,'');
#127=NEXT_ASSEMBLY_USAGE_OCCURRENCE('NAUO22','DIN7991-M8-VA_M8x20','DIN7991-M8-VA_M8x20',#9698,#9700,'');
#128=NEXT_ASSEMBLY_USAGE_OCCURRENCE('NAUO23','DIN7991-M8-VA_M8x16','DIN7991-M8-VA_M8x16',#9698,#9699,'');
#129=NEXT_ASSEMBLY_USAGE_OCCURRENCE('NAUO24','DIN7991-M8-VA_M8x16','DIN7991-M8-VA_M8x16',#9698,#9699,'');
#130=NEXT_ASSEMBLY_USAGE_OCCURRENCE('NAUO25','DIN933-M10-VA_M10x25','DIN933-M10-VA_M10x25',#9698,#9702,'');
#131=NEXT_ASSEMBLY_USAGE_OCCURRENCE('NAUO26','DIN7991-M8-VA_M8x16','DIN7991-M8-VA_M8x16',#9698,#9699,'');
#132=NEXT_ASSEMBLY_USAGE_OCCURRENCE('NAUO27','DIN7349-VA_10.5','DIN7349-VA_10.5',#9698,#9708,'');
#133=NEXT_ASSEMBLY_USAGE_OCCURRENCE('NAUO28','DIN7991-M8-VA_M8x16','DIN7991-M8-VA_M8x16',#9698,#9699,'');
#134=NEXT_ASSEMBLY_USAGE_OCCURRENCE('NAUO29','DIN7991-M8-VA_M8x16','DIN7991-M8-VA_M8x16',#9698,#9699,'');
#135=NEXT_ASSEMBLY_USAGE_OCCURRENCE('NAUO30','120-0007-001-009_Standard<Wie bearbeitet>','120-0007-001-009_Standard<Wie bearbeitet>',#9698,#9709,'');
#136=NEXT_ASSEMBLY_USAGE_OCCURRENCE('NAUO31','DIN7991-M8-VA_M8x16','DIN7991-M8-VA_M8x16',#9698,#9699,'');
#137=NEXT_ASSEMBLY_USAGE_OCCURRENCE('NAUO32','DIN933-M10-VA_M10x25','DIN933-M10-VA_M10x25',#9698,#9702,'');
#138=NEXT_ASSEMBLY_USAGE_OCCURRENCE('NAUO33','DIN7349-VA_10.5','DIN7349-VA_10.5',#9698,#9708,'');
#139=NEXT_ASSEMBLY_USAGE_OCCURRENCE('NAUO34','DIN7991-M8-VA_M8x20','DIN7991-M8-VA_M8x20',#9698,#9700,'');
#140=NEXT_ASSEMBLY_USAGE_OCCURRENCE('NAUO35','DIN7991-M8-VA_M8x16','DIN7991-M8-VA_M8x16',#9698,#9699,'');
#141=NEXT_ASSEMBLY_USAGE_OCCURRENCE('NAUO36','DIN7991-M8-VA_M8x16','DIN7991-M8-VA_M8x16',#9698,#9699,'');
#142=NEXT_ASSEMBLY_USAGE_OCCURRENCE('NAUO37','DIN7991-M8-VA_M8x16','DIN7991-M8-VA_M8x16',#9698,#9699,'');
#143=NEXT_ASSEMBLY_USAGE_OCCURRENCE('NAUO38','120-0007-001-010','120-0007-001-010',#9698,#9710,'');
#144=NEXT_ASSEMBLY_USAGE_OCCURRENCE('NAUO39','DIN7991-M8-VA_M8x16','DIN7991-M8-VA_M8x16',#9698,#9699,'');
#145=NEXT_ASSEMBLY_USAGE_OCCURRENCE('NAUO40','120-0007-001-009_Standard<Wie bearbeitet>','120-0007-001-009_Standard<Wie bearbeitet>',#9698,#9711,'');
#146=NEXT_ASSEMBLY_USAGE_OCCURRENCE('NAUO41','DIN7991-M8-VA_M8x16','DIN7991-M8-VA_M8x16',#9698,#9699,'');
#147=NEXT_ASSEMBLY_USAGE_OCCURRENCE('NAUO42','DIN7991-M8-VA_M8x16','DIN7991-M8-VA_M8x16',#9698,#9699,'');
#148=NEXT_ASSEMBLY_USAGE_OCCURRENCE('NAUO43','DIN7991-M8-VA_M8x16','DIN7991-M8-VA_M8x16',#9698,#9699,'');
#149=NEXT_ASSEMBLY_USAGE_OCCURRENCE('NAUO44','DIN7991-M8-VA_M8x16','DIN7991-M8-VA_M8x16',#9698,#9699,'');
#150=NEXT_ASSEMBLY_USAGE_OCCURRENCE('NAUO45','DIN7991-M8-VA_M8x20','DIN7991-M8-VA_M8x20',#9698,#9700,'');
#151=NEXT_ASSEMBLY_USAGE_OCCURRENCE('NAUO46','DIN7991-M8-VA_M8x16','DIN7991-M8-VA_M8x16',#9698,#9699,'');
#152=NEXT_ASSEMBLY_USAGE_OCCURRENCE('NAUO47','DIN7349-VA_10.5','DIN7349-VA_10.5',#9698,#9708,'');
#153=NEXT_ASSEMBLY_USAGE_OCCURRENCE('NAUO48','DIN7991-M8-VA_M8x20','DIN7991-M8-VA_M8x20',#9698,#9700,'');
#154=NEXT_ASSEMBLY_USAGE_OCCURRENCE('NAUO49','120-0007-001-008-S','120-0007-001-008-S',#9698,#9712,'');
#155=NEXT_ASSEMBLY_USAGE_OCCURRENCE('NAUO50','DIN7991-M8-VA_M8x16','DIN7991-M8-VA_M8x16',#9698,#9699,'');
#156=NEXT_ASSEMBLY_USAGE_OCCURRENCE('NAUO51','HA-CO_S-SKVF070-0250-0256-V4A','HA-CO_S-SKVF070-0250-0256-V4A',#9698,#9703,'');
#157=NEXT_ASSEMBLY_USAGE_OCCURRENCE('NAUO52','DIN933-M10-VA_M10x25','DIN933-M10-VA_M10x25',#9698,#9702,'');
#158=NEXT_ASSEMBLY_USAGE_OCCURRENCE('NAUO53','DIN7991-M8-VA_M8x16','DIN7991-M8-VA_M8x16',#9698,#9699,'');
#159=NEXT_ASSEMBLY_USAGE_OCCURRENCE('NAUO54','DIN7349-VA_10.5','DIN7349-VA_10.5',#9698,#9708,'');
#160=NEXT_ASSEMBLY_USAGE_OCCURRENCE('NAUO55','DIN7991-M8-VA_M8x16','DIN7991-M8-VA_M8x16',#9698,#9699,'');
#161=NEXT_ASSEMBLY_USAGE_OCCURRENCE('NAUO56','DIN7349-VA_10.5','DIN7349-VA_10.5',#9698,#9708,'');
#162=NEXT_ASSEMBLY_USAGE_OCCURRENCE('NAUO57','120-0007-001-009_Standard<Wie bearbeitet>','120-0007-001-009_Standard<Wie bearbeitet>',#9698,#9713,'');
#163=NEXT_ASSEMBLY_USAGE_OCCURRENCE('NAUO58','120-0007-001-010','120-0007-001-010',#9698,#9710,'');
#164=NEXT_ASSEMBLY_USAGE_OCCURRENCE('NAUO59','DIN933-M10-VA_M10x25','DIN933-M10-VA_M10x25',#9698,#9702,'');
#165=NEXT_ASSEMBLY_USAGE_OCCURRENCE('NAUO60','DIN7991-M8-VA_M8x20','DIN7991-M8-VA_M8x20',#9698,#9700,'');
#166=NEXT_ASSEMBLY_USAGE_OCCURRENCE('NAUO61','DIN7349-VA_10.5','DIN7349-VA_10.5',#9698,#9708,'');
#167=NEXT_ASSEMBLY_USAGE_OCCURRENCE('NAUO62','120-0007-001-009_Standard<Wie bearbeitet>','120-0007-001-009_Standard<Wie bearbeitet>',#9698,#9714,'');
#168=NEXT_ASSEMBLY_USAGE_OCCURRENCE('NAUO63','DIN7991-M8-VA_M8x16','DIN7991-M8-VA_M8x16',#9698,#9699,'');
#169=NEXT_ASSEMBLY_USAGE_OCCURRENCE('NAUO64','DIN7991-M8-VA_M8x16','DIN7991-M8-VA_M8x16',#9698,#9699,'');
#170=NEXT_ASSEMBLY_USAGE_OCCURRENCE('NAUO65','DIN7991-M8-VA_M8x16','DIN7991-M8-VA_M8x16',#9698,#9699,'');
#171=NEXT_ASSEMBLY_USAGE_OCCURRENCE('NAUO66','DIN933-M10-VA_M10x25','DIN933-M10-VA_M10x25',#9698,#9702,'');
#172=NEXT_ASSEMBLY_USAGE_OCCURRENCE('NAUO67','DIN7991-M8-VA_M8x16','DIN7991-M8-VA_M8x16',#9698,#9699,'');
#173=NEXT_ASSEMBLY_USAGE_OCCURRENCE('NAUO68','DIN7991-M8-VA_M8x16','DIN7991-M8-VA_M8x16',#9698,#9699,'');
#174=NEXT_ASSEMBLY_USAGE_OCCURRENCE('NAUO69','120-0007-001-008','120-0007-001-008',#9698,#9715,'');
#175=NEXT_ASSEMBLY_USAGE_OCCURRENCE('NAUO70','DIN7991-M8-VA_M8x20','DIN7991-M8-VA_M8x20',#9698,#9700,'');
#176=NEXT_ASSEMBLY_USAGE_OCCURRENCE('NAUO71','DIN7991-M8-VA_M8x16','DIN7991-M8-VA_M8x16',#9698,#9699,'');
#177=NEXT_ASSEMBLY_USAGE_OCCURRENCE('NAUO72','DIN7991-M8-VA_M8x16','DIN7991-M8-VA_M8x16',#9698,#9699,'');
#178=NEXT_ASSEMBLY_USAGE_OCCURRENCE('NAUO73','DIN7349-VA_10.5','DIN7349-VA_10.5',#9698,#9708,'');
#179=(
REPRESENTATION_RELATIONSHIP(' ',' ',#5644,#5643)
REPRESENTATION_RELATIONSHIP_WITH_TRANSFORMATION(#252)
SHAPE_REPRESENTATION_RELATIONSHIP()
);
#180=(
REPRESENTATION_RELATIONSHIP(' ',' ',#5644,#5643)
REPRESENTATION_RELATIONSHIP_WITH_TRANSFORMATION(#253)
SHAPE_REPRESENTATION_RELATIONSHIP()
);
#181=(
REPRESENTATION_RELATIONSHIP(' ',' ',#5645,#5643)
REPRESENTATION_RELATIONSHIP_WITH_TRANSFORMATION(#254)
SHAPE_REPRESENTATION_RELATIONSHIP()
);
#182=(
REPRESENTATION_RELATIONSHIP(' ',' ',#5646,#5643)
REPRESENTATION_RELATIONSHIP_WITH_TRANSFORMATION(#255)
SHAPE_REPRESENTATION_RELATIONSHIP()
);
#183=(
REPRESENTATION_RELATIONSHIP(' ',' ',#5645,#5643)
REPRESENTATION_RELATIONSHIP_WITH_TRANSFORMATION(#256)
SHAPE_REPRESENTATION_RELATIONSHIP()
);
#184=(
REPRESENTATION_RELATIONSHIP(' ',' ',#5644,#5643)
REPRESENTATION_RELATIONSHIP_WITH_TRANSFORMATION(#257)
SHAPE_REPRESENTATION_RELATIONSHIP()
);
#185=(
REPRESENTATION_RELATIONSHIP(' ',' ',#5644,#5643)
REPRESENTATION_RELATIONSHIP_WITH_TRANSFORMATION(#258)
SHAPE_REPRESENTATION_RELATIONSHIP()
);
#186=(
REPRESENTATION_RELATIONSHIP(' ',' ',#5647,#5643)
REPRESENTATION_RELATIONSHIP_WITH_TRANSFORMATION(#259)
SHAPE_REPRESENTATION_RELATIONSHIP()
);
#187=(
REPRESENTATION_RELATIONSHIP(' ',' ',#5645,#5643)
REPRESENTATION_RELATIONSHIP_WITH_TRANSFORMATION(#260)
SHAPE_REPRESENTATION_RELATIONSHIP()
);
#188=(
REPRESENTATION_RELATIONSHIP(' ',' ',#5645,#5643)
REPRESENTATION_RELATIONSHIP_WITH_TRANSFORMATION(#261)
SHAPE_REPRESENTATION_RELATIONSHIP()
);
#189=(
REPRESENTATION_RELATIONSHIP(' ',' ',#5648,#5643)
REPRESENTATION_RELATIONSHIP_WITH_TRANSFORMATION(#262)
SHAPE_REPRESENTATION_RELATIONSHIP()
);
#190=(
REPRESENTATION_RELATIONSHIP(' ',' ',#5649,#5643)
REPRESENTATION_RELATIONSHIP_WITH_TRANSFORMATION(#263)
SHAPE_REPRESENTATION_RELATIONSHIP()
);
#191=(
REPRESENTATION_RELATIONSHIP(' ',' ',#5644,#5643)
REPRESENTATION_RELATIONSHIP_WITH_TRANSFORMATION(#264)
SHAPE_REPRESENTATION_RELATIONSHIP()
);
#192=(
REPRESENTATION_RELATIONSHIP(' ',' ',#5650,#5643)
REPRESENTATION_RELATIONSHIP_WITH_TRANSFORMATION(#265)
SHAPE_REPRESENTATION_RELATIONSHIP()
);
#193=(
REPRESENTATION_RELATIONSHIP(' ',' ',#5644,#5643)
REPRESENTATION_RELATIONSHIP_WITH_TRANSFORMATION(#266)
SHAPE_REPRESENTATION_RELATIONSHIP()
);
#194=(
REPRESENTATION_RELATIONSHIP(' ',' ',#5651,#5643)
REPRESENTATION_RELATIONSHIP_WITH_TRANSFORMATION(#267)
SHAPE_REPRESENTATION_RELATIONSHIP()
);
#195=(
REPRESENTATION_RELATIONSHIP(' ',' ',#5647,#5643)
REPRESENTATION_RELATIONSHIP_WITH_TRANSFORMATION(#268)
SHAPE_REPRESENTATION_RELATIONSHIP()
);
#196=(
REPRESENTATION_RELATIONSHIP(' ',' ',#5647,#5643)
REPRESENTATION_RELATIONSHIP_WITH_TRANSFORMATION(#269)
SHAPE_REPRESENTATION_RELATIONSHIP()
);
#197=(
REPRESENTATION_RELATIONSHIP(' ',' ',#5652,#5643)
REPRESENTATION_RELATIONSHIP_WITH_TRANSFORMATION(#270)
SHAPE_REPRESENTATION_RELATIONSHIP()
);
#198=(
REPRESENTATION_RELATIONSHIP(' ',' ',#5644,#5643)
REPRESENTATION_RELATIONSHIP_WITH_TRANSFORMATION(#271)
SHAPE_REPRESENTATION_RELATIONSHIP()
);
#199=(
REPRESENTATION_RELATIONSHIP(' ',' ',#5653,#5643)
REPRESENTATION_RELATIONSHIP_WITH_TRANSFORMATION(#272)
SHAPE_REPRESENTATION_RELATIONSHIP()
);
#200=(
REPRESENTATION_RELATIONSHIP(' ',' ',#5645,#5643)
REPRESENTATION_RELATIONSHIP_WITH_TRANSFORMATION(#273)
SHAPE_REPRESENTATION_RELATIONSHIP()
);
#201=(
REPRESENTATION_RELATIONSHIP(' ',' ',#5644,#5643)
REPRESENTATION_RELATIONSHIP_WITH_TRANSFORMATION(#274)
SHAPE_REPRESENTATION_RELATIONSHIP()
);
#202=(
REPRESENTATION_RELATIONSHIP(' ',' ',#5644,#5643)
REPRESENTATION_RELATIONSHIP_WITH_TRANSFORMATION(#275)
SHAPE_REPRESENTATION_RELATIONSHIP()
);
#203=(
REPRESENTATION_RELATIONSHIP(' ',' ',#5647,#5643)
REPRESENTATION_RELATIONSHIP_WITH_TRANSFORMATION(#276)
SHAPE_REPRESENTATION_RELATIONSHIP()
);
#204=(
REPRESENTATION_RELATIONSHIP(' ',' ',#5644,#5643)
REPRESENTATION_RELATIONSHIP_WITH_TRANSFORMATION(#277)
SHAPE_REPRESENTATION_RELATIONSHIP()
);
#205=(
REPRESENTATION_RELATIONSHIP(' ',' ',#5653,#5643)
REPRESENTATION_RELATIONSHIP_WITH_TRANSFORMATION(#278)
SHAPE_REPRESENTATION_RELATIONSHIP()
);
#206=(
REPRESENTATION_RELATIONSHIP(' ',' ',#5644,#5643)
REPRESENTATION_RELATIONSHIP_WITH_TRANSFORMATION(#279)
SHAPE_REPRESENTATION_RELATIONSHIP()
);
#207=(
REPRESENTATION_RELATIONSHIP(' ',' ',#5644,#5643)
REPRESENTATION_RELATIONSHIP_WITH_TRANSFORMATION(#280)
SHAPE_REPRESENTATION_RELATIONSHIP()
);
#208=(
REPRESENTATION_RELATIONSHIP(' ',' ',#5654,#5643)
REPRESENTATION_RELATIONSHIP_WITH_TRANSFORMATION(#281)
SHAPE_REPRESENTATION_RELATIONSHIP()
);
#209=(
REPRESENTATION_RELATIONSHIP(' ',' ',#5644,#5643)
REPRESENTATION_RELATIONSHIP_WITH_TRANSFORMATION(#282)
SHAPE_REPRESENTATION_RELATIONSHIP()
);
#210=(
REPRESENTATION_RELATIONSHIP(' ',' ',#5647,#5643)
REPRESENTATION_RELATIONSHIP_WITH_TRANSFORMATION(#283)
SHAPE_REPRESENTATION_RELATIONSHIP()
);
#211=(
REPRESENTATION_RELATIONSHIP(' ',' ',#5653,#5643)
REPRESENTATION_RELATIONSHIP_WITH_TRANSFORMATION(#284)
SHAPE_REPRESENTATION_RELATIONSHIP()
);
#212=(
REPRESENTATION_RELATIONSHIP(' ',' ',#5645,#5643)
REPRESENTATION_RELATIONSHIP_WITH_TRANSFORMATION(#285)
SHAPE_REPRESENTATION_RELATIONSHIP()
);
#213=(
REPRESENTATION_RELATIONSHIP(' ',' ',#5644,#5643)
REPRESENTATION_RELATIONSHIP_WITH_TRANSFORMATION(#286)
SHAPE_REPRESENTATION_RELATIONSHIP()
);
#214=(
REPRESENTATION_RELATIONSHIP(' ',' ',#5644,#5643)
REPRESENTATION_RELATIONSHIP_WITH_TRANSFORMATION(#287)
SHAPE_REPRESENTATION_RELATIONSHIP()
);
#215=(
REPRESENTATION_RELATIONSHIP(' ',' ',#5644,#5643)
REPRESENTATION_RELATIONSHIP_WITH_TRANSFORMATION(#288)
SHAPE_REPRESENTATION_RELATIONSHIP()
);
#216=(
REPRESENTATION_RELATIONSHIP(' ',' ',#5655,#5643)
REPRESENTATION_RELATIONSHIP_WITH_TRANSFORMATION(#289)
SHAPE_REPRESENTATION_RELATIONSHIP()
);
#217=(
REPRESENTATION_RELATIONSHIP(' ',' ',#5644,#5643)
REPRESENTATION_RELATIONSHIP_WITH_TRANSFORMATION(#290)
SHAPE_REPRESENTATION_RELATIONSHIP()
);
#218=(
REPRESENTATION_RELATIONSHIP(' ',' ',#5656,#5643)
REPRESENTATION_RELATIONSHIP_WITH_TRANSFORMATION(#291)
SHAPE_REPRESENTATION_RELATIONSHIP()
);
#219=(
REPRESENTATION_RELATIONSHIP(' ',' ',#5644,#5643)
REPRESENTATION_RELATIONSHIP_WITH_TRANSFORMATION(#292)
SHAPE_REPRESENTATION_RELATIONSHIP()
);
#220=(
REPRESENTATION_RELATIONSHIP(' ',' ',#5644,#5643)
REPRESENTATION_RELATIONSHIP_WITH_TRANSFORMATION(#293)
SHAPE_REPRESENTATION_RELATIONSHIP()
);
#221=(
REPRESENTATION_RELATIONSHIP(' ',' ',#5644,#5643)
REPRESENTATION_RELATIONSHIP_WITH_TRANSFORMATION(#294)
SHAPE_REPRESENTATION_RELATIONSHIP()
);
#222=(
REPRESENTATION_RELATIONSHIP(' ',' ',#5644,#5643)
REPRESENTATION_RELATIONSHIP_WITH_TRANSFORMATION(#295)
SHAPE_REPRESENTATION_RELATIONSHIP()
);
#223=(
REPRESENTATION_RELATIONSHIP(' ',' ',#5645,#5643)
REPRESENTATION_RELATIONSHIP_WITH_TRANSFORMATION(#296)
SHAPE_REPRESENTATION_RELATIONSHIP()
);
#224=(
REPRESENTATION_RELATIONSHIP(' ',' ',#5644,#5643)
REPRESENTATION_RELATIONSHIP_WITH_TRANSFORMATION(#297)
SHAPE_REPRESENTATION_RELATIONSHIP()
);
#225=(
REPRESENTATION_RELATIONSHIP(' ',' ',#5653,#5643)
REPRESENTATION_RELATIONSHIP_WITH_TRANSFORMATION(#298)
SHAPE_REPRESENTATION_RELATIONSHIP()
);
#226=(
REPRESENTATION_RELATIONSHIP(' ',' ',#5645,#5643)
REPRESENTATION_RELATIONSHIP_WITH_TRANSFORMATION(#299)
SHAPE_REPRESENTATION_RELATIONSHIP()
);
#227=(
REPRESENTATION_RELATIONSHIP(' ',' ',#5657,#5643)
REPRESENTATION_RELATIONSHIP_WITH_TRANSFORMATION(#300)
SHAPE_REPRESENTATION_RELATIONSHIP()
);
#228=(
REPRESENTATION_RELATIONSHIP(' ',' ',#5644,#5643)
REPRESENTATION_RELATIONSHIP_WITH_TRANSFORMATION(#301)
SHAPE_REPRESENTATION_RELATIONSHIP()
);
#229=(
REPRESENTATION_RELATIONSHIP(' ',' ',#5648,#5643)
REPRESENTATION_RELATIONSHIP_WITH_TRANSFORMATION(#302)
SHAPE_REPRESENTATION_RELATIONSHIP()
);
#230=(
REPRESENTATION_RELATIONSHIP(' ',' ',#5647,#5643)
REPRESENTATION_RELATIONSHIP_WITH_TRANSFORMATION(#303)
SHAPE_REPRESENTATION_RELATIONSHIP()
);
#231=(
REPRESENTATION_RELATIONSHIP(' ',' ',#5644,#5643)
REPRESENTATION_RELATIONSHIP_WITH_TRANSFORMATION(#304)
SHAPE_REPRESENTATION_RELATIONSHIP()
);
#232=(
REPRESENTATION_RELATIONSHIP(' ',' ',#5653,#5643)
REPRESENTATION_RELATIONSHIP_WITH_TRANSFORMATION(#305)
SHAPE_REPRESENTATION_RELATIONSHIP()
);
#233=(
REPRESENTATION_RELATIONSHIP(' ',' ',#5644,#5643)
REPRESENTATION_RELATIONSHIP_WITH_TRANSFORMATION(#306)
SHAPE_REPRESENTATION_RELATIONSHIP()
);
#234=(
REPRESENTATION_RELATIONSHIP(' ',' ',#5653,#5643)
REPRESENTATION_RELATIONSHIP_WITH_TRANSFORMATION(#307)
SHAPE_REPRESENTATION_RELATIONSHIP()
);
#235=(
REPRESENTATION_RELATIONSHIP(' ',' ',#5658,#5643)
REPRESENTATION_RELATIONSHIP_WITH_TRANSFORMATION(#308)
SHAPE_REPRESENTATION_RELATIONSHIP()
);
#236=(
REPRESENTATION_RELATIONSHIP(' ',' ',#5655,#5643)
REPRESENTATION_RELATIONSHIP_WITH_TRANSFORMATION(#309)
SHAPE_REPRESENTATION_RELATIONSHIP()
);
#237=(
REPRESENTATION_RELATIONSHIP(' ',' ',#5647,#5643)
REPRESENTATION_RELATIONSHIP_WITH_TRANSFORMATION(#310)
SHAPE_REPRESENTATION_RELATIONSHIP()
);
#238=(
REPRESENTATION_RELATIONSHIP(' ',' ',#5645,#5643)
REPRESENTATION_RELATIONSHIP_WITH_TRANSFORMATION(#311)
SHAPE_REPRESENTATION_RELATIONSHIP()
);
#239=(
REPRESENTATION_RELATIONSHIP(' ',' ',#5653,#5643)
REPRESENTATION_RELATIONSHIP_WITH_TRANSFORMATION(#312)
SHAPE_REPRESENTATION_RELATIONSHIP()
);
#240=(
REPRESENTATION_RELATIONSHIP(' ',' ',#5659,#5643)
REPRESENTATION_RELATIONSHIP_WITH_TRANSFORMATION(#313)
SHAPE_REPRESENTATION_RELATIONSHIP()
);
#241=(
REPRESENTATION_RELATIONSHIP(' ',' ',#5644,#5643)
REPRESENTATION_RELATIONSHIP_WITH_TRANSFORMATION(#314)
SHAPE_REPRESENTATION_RELATIONSHIP()
);
#242=(
REPRESENTATION_RELATIONSHIP(' ',' ',#5644,#5643)
REPRESENTATION_RELATIONSHIP_WITH_TRANSFORMATION(#315)
SHAPE_REPRESENTATION_RELATIONSHIP()
);
#243=(
REPRESENTATION_RELATIONSHIP(' ',' ',#5644,#5643)
REPRESENTATION_RELATIONSHIP_WITH_TRANSFORMATION(#316)
SHAPE_REPRESENTATION_RELATIONSHIP()
);
#244=(
REPRESENTATION_RELATIONSHIP(' ',' ',#5647,#5643)
REPRESENTATION_RELATIONSHIP_WITH_TRANSFORMATION(#317)
SHAPE_REPRESENTATION_RELATIONSHIP()
);
#245=(
REPRESENTATION_RELATIONSHIP(' ',' ',#5644,#5643)
REPRESENTATION_RELATIONSHIP_WITH_TRANSFORMATION(#318)
SHAPE_REPRESENTATION_RELATIONSHIP()
);
#246=(
REPRESENTATION_RELATIONSHIP(' ',' ',#5644,#5643)
REPRESENTATION_RELATIONSHIP_WITH_TRANSFORMATION(#319)
SHAPE_REPRESENTATION_RELATIONSHIP()
);
#247=(
REPRESENTATION_RELATIONSHIP(' ',' ',#5660,#5643)
REPRESENTATION_RELATIONSHIP_WITH_TRANSFORMATION(#320)
SHAPE_REPRESENTATION_RELATIONSHIP()
);
#248=(
REPRESENTATION_RELATIONSHIP(' ',' ',#5645,#5643)
REPRESENTATION_RELATIONSHIP_WITH_TRANSFORMATION(#321)
SHAPE_REPRESENTATION_RELATIONSHIP()
);
#249=(
REPRESENTATION_RELATIONSHIP(' ',' ',#5644,#5643)
REPRESENTATION_RELATIONSHIP_WITH_TRANSFORMATION(#322)
SHAPE_REPRESENTATION_RELATIONSHIP()
);
#250=(
REPRESENTATION_RELATIONSHIP(' ',' ',#5644,#5643)
REPRESENTATION_RELATIONSHIP_WITH_TRANSFORMATION(#323)
SHAPE_REPRESENTATION_RELATIONSHIP()
);
#251=(
REPRESENTATION_RELATIONSHIP(' ',' ',#5653,#5643)
REPRESENTATION_RELATIONSHIP_WITH_TRANSFORMATION(#324)
SHAPE_REPRESENTATION_RELATIONSHIP()
);
#252=ITEM_DEFINED_TRANSFORMATION(' ',' ',#5661,#5680);
#253=ITEM_DEFINED_TRANSFORMATION(' ',' ',#5661,#5681);
#254=ITEM_DEFINED_TRANSFORMATION(' ',' ',#5661,#5700);
#255=ITEM_DEFINED_TRANSFORMATION(' ',' ',#5661,#5849);
#256=ITEM_DEFINED_TRANSFORMATION(' ',' ',#5661,#5850);
#257=ITEM_DEFINED_TRANSFORMATION(' ',' ',#5661,#5851);
#258=ITEM_DEFINED_TRANSFORMATION(' ',' ',#5661,#5852);
#259=ITEM_DEFINED_TRANSFORMATION(' ',' ',#5661,#5879);
#260=ITEM_DEFINED_TRANSFORMATION(' ',' ',#5661,#5880);
#261=ITEM_DEFINED_TRANSFORMATION(' ',' ',#5661,#5881);
#262=ITEM_DEFINED_TRANSFORMATION(' ',' ',#5661,#5920);
#263=ITEM_DEFINED_TRANSFORMATION(' ',' ',#5661,#5926);
#264=ITEM_DEFINED_TRANSFORMATION(' ',' ',#5661,#5927);
#265=ITEM_DEFINED_TRANSFORMATION(' ',' ',#5661,#6021);
#266=ITEM_DEFINED_TRANSFORMATION(' ',' ',#5661,#6022);
#267=ITEM_DEFINED_TRANSFORMATION(' ',' ',#5661,#6116);
#268=ITEM_DEFINED_TRANSFORMATION(' ',' ',#5661,#6117);
#269=ITEM_DEFINED_TRANSFORMATION(' ',' ',#5661,#6118);
#270=ITEM_DEFINED_TRANSFORMATION(' ',' ',#5661,#6124);
#271=ITEM_DEFINED_TRANSFORMATION(' ',' ',#5661,#6125);
#272=ITEM_DEFINED_TRANSFORMATION(' ',' ',#5661,#6134);
#273=ITEM_DEFINED_TRANSFORMATION(' ',' ',#5661,#6135);
#274=ITEM_DEFINED_TRANSFORMATION(' ',' ',#5661,#6136);
#275=ITEM_DEFINED_TRANSFORMATION(' ',' ',#5661,#6137);
#276=ITEM_DEFINED_TRANSFORMATION(' ',' ',#5661,#6138);
#277=ITEM_DEFINED_TRANSFORMATION(' ',' ',#5661,#6139);
#278=ITEM_DEFINED_TRANSFORMATION(' ',' ',#5661,#6140);
#279=ITEM_DEFINED_TRANSFORMATION(' ',' ',#5661,#6141);
#280=ITEM_DEFINED_TRANSFORMATION(' ',' ',#5661,#6142);
#281=ITEM_DEFINED_TRANSFORMATION(' ',' ',#5661,#6148);
#282=ITEM_DEFINED_TRANSFORMATION(' ',' ',#5661,#6149);
#283=ITEM_DEFINED_TRANSFORMATION(' ',' ',#5661,#6150);
#284=ITEM_DEFINED_TRANSFORMATION(' ',' ',#5661,#6151);
#285=ITEM_DEFINED_TRANSFORMATION(' ',' ',#5661,#6152);
#286=ITEM_DEFINED_TRANSFORMATION(' ',' ',#5661,#6153);
#287=ITEM_DEFINED_TRANSFORMATION(' ',' ',#5661,#6154);
#288=ITEM_DEFINED_TRANSFORMATION(' ',' ',#5661,#6155);
#289=ITEM_DEFINED_TRANSFORMATION(' ',' ',#5661,#6198);
#290=ITEM_DEFINED_TRANSFORMATION(' ',' ',#5661,#6199);
#291=ITEM_DEFINED_TRANSFORMATION(' ',' ',#5661,#6205);
#292=ITEM_DEFINED_TRANSFORMATION(' ',' ',#5661,#6206);
#293=ITEM_DEFINED_TRANSFORMATION(' ',' ',#5661,#6207);
#294=ITEM_DEFINED_TRANSFORMATION(' ',' ',#5661,#6208);
#295=ITEM_DEFINED_TRANSFORMATION(' ',' ',#5661,#6209);
#296=ITEM_DEFINED_TRANSFORMATION(' ',' ',#5661,#6210);
#297=ITEM_DEFINED_TRANSFORMATION(' ',' ',#5661,#6211);
#298=ITEM_DEFINED_TRANSFORMATION(' ',' ',#5661,#6212);
#299=ITEM_DEFINED_TRANSFORMATION(' ',' ',#5661,#6213);
#300=ITEM_DEFINED_TRANSFORMATION(' ',' ',#5661,#6219);
#301=ITEM_DEFINED_TRANSFORMATION(' ',' ',#5661,#6220);
#302=ITEM_DEFINED_TRANSFORMATION(' ',' ',#5661,#6221);
#303=ITEM_DEFINED_TRANSFORMATION(' ',' ',#5661,#6222);
#304=ITEM_DEFINED_TRANSFORMATION(' ',' ',#5661,#6223);
#305=ITEM_DEFINED_TRANSFORMATION(' ',' ',#5661,#6224);
#306=ITEM_DEFINED_TRANSFORMATION(' ',' ',#5661,#6225);
#307=ITEM_DEFINED_TRANSFORMATION(' ',' ',#5661,#6226);
#308=ITEM_DEFINED_TRANSFORMATION(' ',' ',#5661,#6232);
#309=ITEM_DEFINED_TRANSFORMATION(' ',' ',#5661,#6233);
#310=ITEM_DEFINED_TRANSFORMATION(' ',' ',#5661,#6234);
#311=ITEM_DEFINED_TRANSFORMATION(' ',' ',#5661,#6235);
#312=ITEM_DEFINED_TRANSFORMATION(' ',' ',#5661,#6236);
#313=ITEM_DEFINED_TRANSFORMATION(' ',' ',#5661,#6299);
#314=ITEM_DEFINED_TRANSFORMATION(' ',' ',#5661,#6300);
#315=ITEM_DEFINED_TRANSFORMATION(' ',' ',#5661,#6301);
#316=ITEM_DEFINED_TRANSFORMATION(' ',' ',#5661,#6302);
#317=ITEM_DEFINED_TRANSFORMATION(' ',' ',#5661,#6303);
#318=ITEM_DEFINED_TRANSFORMATION(' ',' ',#5661,#6304);
#319=ITEM_DEFINED_TRANSFORMATION(' ',' ',#5661,#6305);
#320=ITEM_DEFINED_TRANSFORMATION(' ',' ',#5661,#6311);
#321=ITEM_DEFINED_TRANSFORMATION(' ',' ',#5661,#6312);
#322=ITEM_DEFINED_TRANSFORMATION(' ',' ',#5661,#6313);
#323=ITEM_DEFINED_TRANSFORMATION(' ',' ',#5661,#6314);
#324=ITEM_DEFINED_TRANSFORMATION(' ',' ',#5661,#6315);
#325=SHAPE_REPRESENTATION_RELATIONSHIP('','',#5644,#342);
#326=SHAPE_REPRESENTATION_RELATIONSHIP('','',#5645,#343);
#327=SHAPE_REPRESENTATION_RELATIONSHIP('','',#5646,#344);
#328=SHAPE_REPRESENTATION_RELATIONSHIP('','',#5647,#345);
#329=SHAPE_REPRESENTATION_RELATIONSHIP('','',#5648,#346);
#330=SHAPE_REPRESENTATION_RELATIONSHIP('','',#5649,#347);
#331=SHAPE_REPRESENTATION_RELATIONSHIP('','',#5650,#348);
#332=SHAPE_REPRESENTATION_RELATIONSHIP('','',#5651,#349);
#333=SHAPE_REPRESENTATION_RELATIONSHIP('','',#5652,#350);
#334=SHAPE_REPRESENTATION_RELATIONSHIP('','',#5653,#351);
#335=SHAPE_REPRESENTATION_RELATIONSHIP('','',#5654,#352);
#336=SHAPE_REPRESENTATION_RELATIONSHIP('','',#5655,#353);
#337=SHAPE_REPRESENTATION_RELATIONSHIP('','',#5656,#354);
#338=SHAPE_REPRESENTATION_RELATIONSHIP('','',#5657,#355);
#339=SHAPE_REPRESENTATION_RELATIONSHIP('','',#5658,#356);
#340=SHAPE_REPRESENTATION_RELATIONSHIP('','',#5659,#357);
#341=SHAPE_REPRESENTATION_RELATIONSHIP('','',#5660,#358);
#342=ADVANCED_BREP_SHAPE_REPRESENTATION('',(#5608),#9569);
#343=ADVANCED_BREP_SHAPE_REPRESENTATION('',(#5609),#9570);
#344=ADVANCED_BREP_SHAPE_REPRESENTATION('',(#5610),#9571);
#345=ADVANCED_BREP_SHAPE_REPRESENTATION('',(#5611),#9572);
#346=ADVANCED_BREP_SHAPE_REPRESENTATION('',(#5612),#9573);
#347=ADVANCED_BREP_SHAPE_REPRESENTATION('',(#5613),#9574);
#348=ADVANCED_BREP_SHAPE_REPRESENTATION('',(#5614),#9575);
#349=ADVANCED_BREP_SHAPE_REPRESENTATION('',(#5615),#9576);
#350=ADVANCED_BREP_SHAPE_REPRESENTATION('',(#5616),#9577);
#351=ADVANCED_BREP_SHAPE_REPRESENTATION('',(#5617),#9578);
#352=ADVANCED_BREP_SHAPE_REPRESENTATION('',(#5618),#9579);
#353=ADVANCED_BREP_SHAPE_REPRESENTATION('',(#5619),#9580);
#354=ADVANCED_BREP_SHAPE_REPRESENTATION('',(#5620),#9581);
#355=ADVANCED_BREP_SHAPE_REPRESENTATION('',(#5621),#9582);
#356=ADVANCED_BREP_SHAPE_REPRESENTATION('',(#5622),#9583);
#357=ADVANCED_BREP_SHAPE_REPRESENTATION('',(#5623),#9584);
#358=ADVANCED_BREP_SHAPE_REPRESENTATION('',(#5624),#9585);
#359=CONICAL_SURFACE('',#5675,0.004,0.78539816339745);
#360=CONICAL_SURFACE('',#5679,0.004,0.785398163397457);
#361=CONICAL_SURFACE('',#5695,0.004,0.78539816339745);
#362=CONICAL_SURFACE('',#5699,0.004,0.785398163397455);
#363=CONICAL_SURFACE('',#5816,0.009125,0.785398163397448);
#364=CONICAL_SURFACE('',#5819,0.009125,0.785398163397449);
#365=CONICAL_SURFACE('',#5822,0.009125,0.785398163397448);
#366=CONICAL_SURFACE('',#5825,0.009125,0.785398163397448);
#367=CONICAL_SURFACE('',#5828,0.009125,0.785398163397448);
#368=CONICAL_SURFACE('',#5831,0.009125,0.785398163397449);
#369=CONICAL_SURFACE('',#5834,0.009125,0.785398163397448);
#370=CONICAL_SURFACE('',#5837,0.009125,0.785398163397448);
#371=CONICAL_SURFACE('',#5840,0.009125,0.785398163397448);
#372=CONICAL_SURFACE('',#5843,0.009125,0.785398163397449);
#373=CONICAL_SURFACE('',#5860,0.008,1.0471975511966);
#374=CONICAL_SURFACE('',#5861,0.008,1.0471975511966);
#375=CONICAL_SURFACE('',#5862,0.008,1.0471975511966);
#376=CONICAL_SURFACE('',#5863,0.008,1.0471975511966);
#377=CONICAL_SURFACE('',#5864,0.008,1.0471975511966);
#378=CONICAL_SURFACE('',#5877,0.008,1.0471975511966);
#379=CONICAL_SURFACE('',#5878,0.0045,0.785398163397441);
#380=CONICAL_SURFACE('',#5996,0.009125,0.785398163397448);
#381=CONICAL_SURFACE('',#5999,0.009125,0.785398163397448);
#382=CONICAL_SURFACE('',#6002,0.009125,0.785398163397448);
#383=CONICAL_SURFACE('',#6005,0.009125,0.785398163397448);
#384=CONICAL_SURFACE('',#6010,0.009125,0.785398163397448);
#385=CONICAL_SURFACE('',#6013,0.009125,0.785398163397448);
#386=CONICAL_SURFACE('',#6016,0.009125,0.785398163397448);
#387=CONICAL_SURFACE('',#6019,0.009125,0.785398163397448);
#388=CONICAL_SURFACE('',#6091,0.009125,0.785398163397448);
#389=CONICAL_SURFACE('',#6094,0.009125,0.785398163397448);
#390=CONICAL_SURFACE('',#6097,0.009125,0.785398163397448);
#391=CONICAL_SURFACE('',#6100,0.009125,0.785398163397448);
#392=CONICAL_SURFACE('',#6105,0.009125,0.785398163397448);
#393=CONICAL_SURFACE('',#6108,0.009125,0.785398163397448);
#394=CONICAL_SURFACE('',#6111,0.009125,0.785398163397448);
#395=CONICAL_SURFACE('',#6114,0.009125,0.785398163397448);
#396=CONICAL_SURFACE('',#6171,0.00425,1.02974425867665);
#397=CONICAL_SURFACE('',#6174,0.00425,1.02974425867665);
#398=CONICAL_SURFACE('',#6177,0.00425,1.02974425867665);
#399=CONICAL_SURFACE('',#6180,0.00425,1.02974425867665);
#400=CONICAL_SURFACE('',#6183,0.0034,1.02974425867665);
#401=CONICAL_SURFACE('',#6186,0.0034,1.02974425867665);
#402=CONICAL_SURFACE('',#6189,0.0034,1.02974425867665);
#403=CONICAL_SURFACE('',#6192,0.0034,1.02974425867665);
#404=CONICAL_SURFACE('',#6195,0.0034,1.02974425867665);
#405=CYLINDRICAL_SURFACE('',#5673,0.0076);
#406=CYLINDRICAL_SURFACE('',#5677,0.004);
#407=CYLINDRICAL_SURFACE('',#5693,0.0076);
#408=CYLINDRICAL_SURFACE('',#5697,0.004);
#409=CYLINDRICAL_SURFACE('',#5701,0.003);
#410=CYLINDRICAL_SURFACE('',#5704,0.003);
#411=CYLINDRICAL_SURFACE('',#5707,0.003);
#412=CYLINDRICAL_SURFACE('',#5710,0.003);
#413=CYLINDRICAL_SURFACE('',#5713,0.001);
#414=CYLINDRICAL_SURFACE('',#5716,0.001);
#415=CYLINDRICAL_SURFACE('',#5719,0.001);
#416=CYLINDRICAL_SURFACE('',#5725,0.001);
#417=CYLINDRICAL_SURFACE('',#5728,0.001);
#418=CYLINDRICAL_SURFACE('',#5731,0.001);
#419=CYLINDRICAL_SURFACE('',#5737,0.001);
#420=CYLINDRICAL_SURFACE('',#5740,0.001);
#421=CYLINDRICAL_SURFACE('',#5743,0.001);
#422=CYLINDRICAL_SURFACE('',#5749,0.001);
#423=CYLINDRICAL_SURFACE('',#5752,0.001);
#424=CYLINDRICAL_SURFACE('',#5755,0.001);
#425=CYLINDRICAL_SURFACE('',#5761,0.001);
#426=CYLINDRICAL_SURFACE('',#5764,0.001);
#427=CYLINDRICAL_SURFACE('',#5767,0.001);
#428=CYLINDRICAL_SURFACE('',#5814,0.0045);
#429=CYLINDRICAL_SURFACE('',#5817,0.0045);
#430=CYLINDRICAL_SURFACE('',#5820,0.0045);
#431=CYLINDRICAL_SURFACE('',#5823,0.0045);
#432=CYLINDRICAL_SURFACE('',#5826,0.0045);
#433=CYLINDRICAL_SURFACE('',#5829,0.0045);
#434=CYLINDRICAL_SURFACE('',#5832,0.0045);
#435=CYLINDRICAL_SURFACE('',#5835,0.0045);
#436=CYLINDRICAL_SURFACE('',#5838,0.0045);
#437=CYLINDRICAL_SURFACE('',#5841,0.0045);
#438=CYLINDRICAL_SURFACE('',#5844,0.001);
#439=CYLINDRICAL_SURFACE('',#5845,0.001);
#440=CYLINDRICAL_SURFACE('',#5846,0.001);
#441=CYLINDRICAL_SURFACE('',#5847,0.001);
#442=CYLINDRICAL_SURFACE('',#5848,0.001);
#443=CYLINDRICAL_SURFACE('',#5875,0.005);
#444=CYLINDRICAL_SURFACE('',#5912,0.0034);
#445=CYLINDRICAL_SURFACE('',#5913,0.0034);
#446=CYLINDRICAL_SURFACE('',#5914,0.0034);
#447=CYLINDRICAL_SURFACE('',#5915,0.0034);
#448=CYLINDRICAL_SURFACE('',#5916,0.0034);
#449=CYLINDRICAL_SURFACE('',#5917,0.0034);
#450=CYLINDRICAL_SURFACE('',#5918,0.0034);
#451=CYLINDRICAL_SURFACE('',#5919,0.0034);
#452=CYLINDRICAL_SURFACE('',#5928,0.003);
#453=CYLINDRICAL_SURFACE('',#5931,0.003);
#454=CYLINDRICAL_SURFACE('',#5934,0.003);
#455=CYLINDRICAL_SURFACE('',#5937,0.003);
#456=CYLINDRICAL_SURFACE('',#5941,0.0055);
#457=CYLINDRICAL_SURFACE('',#5945,0.0055);
#458=CYLINDRICAL_SURFACE('',#5950,0.0055);
#459=CYLINDRICAL_SURFACE('',#5953,0.0055);
#460=CYLINDRICAL_SURFACE('',#5988,0.0055);
#461=CYLINDRICAL_SURFACE('',#5990,0.0055);
#462=CYLINDRICAL_SURFACE('',#5992,0.0055);
#463=CYLINDRICAL_SURFACE('',#5994,0.0055);
#464=CYLINDRICAL_SURFACE('',#5998,0.0045);
#465=CYLINDRICAL_SURFACE('',#6001,0.0045);
#466=CYLINDRICAL_SURFACE('',#6004,0.0045);
#467=CYLINDRICAL_SURFACE('',#6007,0.0045);
#468=CYLINDRICAL_SURFACE('',#6008,0.0045);
#469=CYLINDRICAL_SURFACE('',#6011,0.0045);
#470=CYLINDRICAL_SURFACE('',#6014,0.0045);
#471=CYLINDRICAL_SURFACE('',#6017,0.0045);
#472=CYLINDRICAL_SURFACE('',#6020,0.0031);
#473=CYLINDRICAL_SURFACE('',#6023,0.003);
#474=CYLINDRICAL_SURFACE('',#6026,0.003);
#475=CYLINDRICAL_SURFACE('',#6029,0.003);
#476=CYLINDRICAL_SURFACE('',#6032,0.003);
#477=CYLINDRICAL_SURFACE('',#6036,0.0055);
#478=CYLINDRICAL_SURFACE('',#6040,0.0055);
#479=CYLINDRICAL_SURFACE('',#6045,0.0055);
#480=CYLINDRICAL_SURFACE('',#6048,0.0055);
#481=CYLINDRICAL_SURFACE('',#6083,0.0055);
#482=CYLINDRICAL_SURFACE('',#6085,0.0055);
#483=CYLINDRICAL_SURFACE('',#6087,0.0055);
#484=CYLINDRICAL_SURFACE('',#6089,0.0055);
#485=CYLINDRICAL_SURFACE('',#6093,0.0045);
#486=CYLINDRICAL_SURFACE('',#6096,0.0045);
#487=CYLINDRICAL_SURFACE('',#6099,0.0045);
#488=CYLINDRICAL_SURFACE('',#6102,0.0045);
#489=CYLINDRICAL_SURFACE('',#6103,0.0045);
#490=CYLINDRICAL_SURFACE('',#6106,0.0045);
#491=CYLINDRICAL_SURFACE('',#6109,0.0045);
#492=CYLINDRICAL_SURFACE('',#6112,0.0045);
#493=CYLINDRICAL_SURFACE('',#6115,0.0031);
#494=CYLINDRICAL_SURFACE('',#6132,0.00525);
#495=CYLINDRICAL_SURFACE('',#6133,0.0125);
#496=CYLINDRICAL_SURFACE('',#6147,0.008);
#497=CYLINDRICAL_SURFACE('',#6173,0.00425);
#498=CYLINDRICAL_SURFACE('',#6176,0.00425);
#499=CYLINDRICAL_SURFACE('',#6179,0.00425);
#500=CYLINDRICAL_SURFACE('',#6182,0.00425);
#501=CYLINDRICAL_SURFACE('',#6185,0.0034);
#502=CYLINDRICAL_SURFACE('',#6188,0.0034);
#503=CYLINDRICAL_SURFACE('',#6191,0.0034);
#504=CYLINDRICAL_SURFACE('',#6194,0.0034);
#505=CYLINDRICAL_SURFACE('',#6197,0.0034);
#506=CYLINDRICAL_SURFACE('',#6204,0.008);
#507=CYLINDRICAL_SURFACE('',#6218,0.003);
#508=CYLINDRICAL_SURFACE('',#6231,0.008);
#509=CYLINDRICAL_SURFACE('',#6237,0.003);
#510=CYLINDRICAL_SURFACE('',#6240,0.003);
#511=CYLINDRICAL_SURFACE('',#6243,0.001);
#512=CYLINDRICAL_SURFACE('',#6246,0.001);
#513=CYLINDRICAL_SURFACE('',#6252,0.001);
#514=CYLINDRICAL_SURFACE('',#6255,0.001);
#515=CYLINDRICAL_SURFACE('',#6261,0.001);
#516=CYLINDRICAL_SURFACE('',#6264,0.001);
#517=CYLINDRICAL_SURFACE('',#6270,0.001);
#518=CYLINDRICAL_SURFACE('',#6273,0.001);
#519=CYLINDRICAL_SURFACE('',#6279,0.001);
#520=CYLINDRICAL_SURFACE('',#6282,0.001);
#521=CYLINDRICAL_SURFACE('',#6310,0.003);
#522=CIRCLE('',#5670,0.0035);
#523=CIRCLE('',#5672,0.0076);
#524=CIRCLE('',#5674,0.0076);
#525=CIRCLE('',#5676,0.004);
#526=CIRCLE('',#5678,0.004);
#527=CIRCLE('',#5690,0.0035);
#528=CIRCLE('',#5692,0.0076);
#529=CIRCLE('',#5694,0.0076);
#530=CIRCLE('',#5696,0.004);
#531=CIRCLE('',#5698,0.004);
#532=CIRCLE('',#5702,0.003);
#533=CIRCLE('',#5703,0.003);
#534=CIRCLE('',#5705,0.003);
#535=CIRCLE('',#5706,0.003);
#536=CIRCLE('',#5708,0.003);
#537=CIRCLE('',#5709,0.003);
#538=CIRCLE('',#5711,0.003);
#539=CIRCLE('',#5712,0.003);
#540=CIRCLE('',#5714,0.001);
#541=CIRCLE('',#5715,0.001);
#542=CIRCLE('',#5717,0.001);
#543=CIRCLE('',#5718,0.001);
#544=CIRCLE('',#5720,0.001);
#545=CIRCLE('',#5721,0.001);
#546=CIRCLE('',#5726,0.001);
#547=CIRCLE('',#5727,0.001);
#548=CIRCLE('',#5729,0.001);
#549=CIRCLE('',#5730,0.001);
#550=CIRCLE('',#5732,0.001);
#551=CIRCLE('',#5733,0.001);
#552=CIRCLE('',#5738,0.001);
#553=CIRCLE('',#5739,0.001);
#554=CIRCLE('',#5741,0.001);
#555=CIRCLE('',#5742,0.001);
#556=CIRCLE('',#5744,0.001);
#557=CIRCLE('',#5745,0.001);
#558=CIRCLE('',#5750,0.001);
#559=CIRCLE('',#5751,0.001);
#560=CIRCLE('',#5753,0.001);
#561=CIRCLE('',#5754,0.001);
#562=CIRCLE('',#5756,0.001);
#563=CIRCLE('',#5757,0.001);
#564=CIRCLE('',#5762,0.001);
#565=CIRCLE('',#5763,0.001);
#566=CIRCLE('',#5765,0.001);
#567=CIRCLE('',#5766,0.001);
#568=CIRCLE('',#5768,0.001);
#569=CIRCLE('',#5769,0.001);
#570=CIRCLE('',#5774,0.009125);
#571=CIRCLE('',#5775,0.009125);
#572=CIRCLE('',#5776,0.009125);
#573=CIRCLE('',#5777,0.009125);
#574=CIRCLE('',#5778,0.009125);
#575=CIRCLE('',#5779,0.009125);
#576=CIRCLE('',#5780,0.009125);
#577=CIRCLE('',#5781,0.009125);
#578=CIRCLE('',#5782,0.009125);
#579=CIRCLE('',#5783,0.009125);
#580=CIRCLE('',#5784,0.001);
#581=CIRCLE('',#5785,0.001);
#582=CIRCLE('',#5786,0.001);
#583=CIRCLE('',#5787,0.001);
#584=CIRCLE('',#5788,0.001);
#585=CIRCLE('',#5790,0.001);
#586=CIRCLE('',#5791,0.001);
#587=CIRCLE('',#5792,0.001);
#588=CIRCLE('',#5793,0.001);
#589=CIRCLE('',#5794,0.001);
#590=CIRCLE('',#5795,0.0045);
#591=CIRCLE('',#5796,0.0045);
#592=CIRCLE('',#5797,0.0045);
#593=CIRCLE('',#5798,0.0045);
#594=CIRCLE('',#5799,0.0045);
#595=CIRCLE('',#5800,0.0045);
#596=CIRCLE('',#5801,0.0045);
#597=CIRCLE('',#5802,0.0045);
#598=CIRCLE('',#5803,0.0045);
#599=CIRCLE('',#5804,0.0045);
#600=CIRCLE('',#5815,0.0045);
#601=CIRCLE('',#5818,0.0045);
#602=CIRCLE('',#5821,0.0045);
#603=CIRCLE('',#5824,0.0045);
#604=CIRCLE('',#5827,0.0045);
#605=CIRCLE('',#5830,0.0045);
#606=CIRCLE('',#5833,0.0045);
#607=CIRCLE('',#5836,0.0045);
#608=CIRCLE('',#5839,0.0045);
#609=CIRCLE('',#5842,0.0045);
#610=CIRCLE('',#5854,0.008);
#611=CIRCLE('',#5855,0.008);
#612=CIRCLE('',#5856,0.008);
#613=CIRCLE('',#5857,0.008);
#614=CIRCLE('',#5858,0.008);
#615=CIRCLE('',#5859,0.008);
#616=CIRCLE('',#5866,0.0045);
#617=CIRCLE('',#5868,0.005);
#618=CIRCLE('',#5876,0.005);
#619=CIRCLE('',#5885,0.0034);
#620=CIRCLE('',#5886,0.0034);
#621=CIRCLE('',#5887,0.0034);
#622=CIRCLE('',#5888,0.0034);
#623=CIRCLE('',#5889,0.0034);
#624=CIRCLE('',#5890,0.0034);
#625=CIRCLE('',#5891,0.0034);
#626=CIRCLE('',#5892,0.0034);
#627=CIRCLE('',#5899,0.0034);
#628=CIRCLE('',#5900,0.0034);
#629=CIRCLE('',#5901,0.0034);
#630=CIRCLE('',#5902,0.0034);
#631=CIRCLE('',#5903,0.0034);
#632=CIRCLE('',#5904,0.0034);
#633=CIRCLE('',#5905,0.0034);
#634=CIRCLE('',#5906,0.0034);
#635=CIRCLE('',#5922,0.008);
#636=CIRCLE('',#5924,0.008);
#637=CIRCLE('',#5929,0.003);
#638=CIRCLE('',#5930,0.003);
#639=CIRCLE('',#5932,0.003);
#640=CIRCLE('',#5933,0.003);
#641=CIRCLE('',#5935,0.003);
#642=CIRCLE('',#5936,0.003);
#643=CIRCLE('',#5938,0.003);
#644=CIRCLE('',#5939,0.003);
#645=CIRCLE('',#5942,0.0055);
#646=CIRCLE('',#5943,0.0055);
#647=CIRCLE('',#5946,0.0055);
#648=CIRCLE('',#5947,0.0055);
#649=CIRCLE('',#5951,0.0055);
#650=CIRCLE('',#5952,0.0055);
#651=CIRCLE('',#5954,0.0055);
#652=CIRCLE('',#5955,0.0055);
#653=CIRCLE('',#5957,0.0055);
#654=CIRCLE('',#5958,0.0055);
#655=CIRCLE('',#5959,0.0055);
#656=CIRCLE('',#5960,0.0055);
#657=CIRCLE('',#5961,0.0045);
#658=CIRCLE('',#5962,0.0045);
#659=CIRCLE('',#5963,0.0045);
#660=CIRCLE('',#5964,0.0045);
#661=CIRCLE('',#5965,0.0045);
#662=CIRCLE('',#5966,0.0045);
#663=CIRCLE('',#5967,0.0045);
#664=CIRCLE('',#5968,0.0045);
#665=CIRCLE('',#5969,0.0031);
#666=CIRCLE('',#5971,0.0055);
#667=CIRCLE('',#5972,0.0055);
#668=CIRCLE('',#5973,0.0055);
#669=CIRCLE('',#5974,0.0055);
#670=CIRCLE('',#5975,0.009125);
#671=CIRCLE('',#5976,0.009125);
#672=CIRCLE('',#5977,0.009125);
#673=CIRCLE('',#5978,0.009125);
#674=CIRCLE('',#5979,0.009125);
#675=CIRCLE('',#5980,0.009125);
#676=CIRCLE('',#5981,0.009125);
#677=CIRCLE('',#5982,0.009125);
#678=CIRCLE('',#5983,0.0031);
#679=CIRCLE('',#5997,0.0045);
#680=CIRCLE('',#6000,0.0045);
#681=CIRCLE('',#6003,0.0045);
#682=CIRCLE('',#6006,0.0045);
#683=CIRCLE('',#6009,0.0045);
#684=CIRCLE('',#6012,0.0045);
#685=CIRCLE('',#6015,0.0045);
#686=CIRCLE('',#6018,0.0045);
#687=CIRCLE('',#6024,0.003);
#688=CIRCLE('',#6025,0.003);
#689=CIRCLE('',#6027,0.003);
#690=CIRCLE('',#6028,0.003);
#691=CIRCLE('',#6030,0.003);
#692=CIRCLE('',#6031,0.003);
#693=CIRCLE('',#6033,0.003);
#694=CIRCLE('',#6034,0.003);
#695=CIRCLE('',#6037,0.0055);
#696=CIRCLE('',#6038,0.0055);
#697=CIRCLE('',#6041,0.0055);
#698=CIRCLE('',#6042,0.0055);
#699=CIRCLE('',#6046,0.0055);
#700=CIRCLE('',#6047,0.0055);
#701=CIRCLE('',#6049,0.0055);
#702=CIRCLE('',#6050,0.0055);
#703=CIRCLE('',#6052,0.0055);
#704=CIRCLE('',#6053,0.0055);
#705=CIRCLE('',#6054,0.0055);
#706=CIRCLE('',#6055,0.0055);
#707=CIRCLE('',#6056,0.0045);
#708=CIRCLE('',#6057,0.0045);
#709=CIRCLE('',#6058,0.0045);
#710=CIRCLE('',#6059,0.0045);
#711=CIRCLE('',#6060,0.0045);
#712=CIRCLE('',#6061,0.0045);
#713=CIRCLE('',#6062,0.0045);
#714=CIRCLE('',#6063,0.0045);
#715=CIRCLE('',#6064,0.0031);
#716=CIRCLE('',#6066,0.0055);
#717=CIRCLE('',#6067,0.0055);
#718=CIRCLE('',#6068,0.0055);
#719=CIRCLE('',#6069,0.0055);
#720=CIRCLE('',#6070,0.009125);
#721=CIRCLE('',#6071,0.009125);
#722=CIRCLE('',#6072,0.009125);
#723=CIRCLE('',#6073,0.009125);
#724=CIRCLE('',#6074,0.009125);
#725=CIRCLE('',#6075,0.009125);
#726=CIRCLE('',#6076,0.009125);
#727=CIRCLE('',#6077,0.009125);
#728=CIRCLE('',#6078,0.0031);
#729=CIRCLE('',#6092,0.0045);
#730=CIRCLE('',#6095,0.0045);
#731=CIRCLE('',#6098,0.0045);
#732=CIRCLE('',#6101,0.0045);
#733=CIRCLE('',#6104,0.0045);
#734=CIRCLE('',#6107,0.0045);
#735=CIRCLE('',#6110,0.0045);
#736=CIRCLE('',#6113,0.0045);
#737=CIRCLE('',#6120,0.008);
#738=CIRCLE('',#6122,0.008);
#739=CIRCLE('',#6127,0.00525);
#740=CIRCLE('',#6128,0.0125);
#741=CIRCLE('',#6130,0.0125);
#742=CIRCLE('',#6131,0.00525);
#743=CIRCLE('',#6144,0.008);
#744=CIRCLE('',#6146,0.008);
#745=CIRCLE('',#6159,0.0034);
#746=CIRCLE('',#6160,0.0034);
#747=CIRCLE('',#6161,0.0034);
#748=CIRCLE('',#6162,0.0034);
#749=CIRCLE('',#6163,0.0034);
#750=CIRCLE('',#6167,0.00425);
#751=CIRCLE('',#6168,0.00425);
#752=CIRCLE('',#6169,0.00425);
#753=CIRCLE('',#6170,0.00425);
#754=CIRCLE('',#6172,0.00425);
#755=CIRCLE('',#6175,0.00425);
#756=CIRCLE('',#6178,0.00425);
#757=CIRCLE('',#6181,0.00425);
#758=CIRCLE('',#6184,0.0034);
#759=CIRCLE('',#6187,0.0034);
#760=CIRCLE('',#6190,0.0034);
#761=CIRCLE('',#6193,0.0034);
#762=CIRCLE('',#6196,0.0034);
#763=CIRCLE('',#6201,0.008);
#764=CIRCLE('',#6203,0.008);
#765=CIRCLE('',#6215,0.003);
#766=CIRCLE('',#6217,0.003);
#767=CIRCLE('',#6228,0.008);
#768=CIRCLE('',#6230,0.008);
#769=CIRCLE('',#6238,0.003);
#770=CIRCLE('',#6239,0.003);
#771=CIRCLE('',#6241,0.003);
#772=CIRCLE('',#6242,0.003);
#773=CIRCLE('',#6244,0.001);
#774=CIRCLE('',#6245,0.001);
#775=CIRCLE('',#6247,0.001);
#776=CIRCLE('',#6248,0.001);
#777=CIRCLE('',#6253,0.001);
#778=CIRCLE('',#6254,0.001);
#779=CIRCLE('',#6256,0.001);
#780=CIRCLE('',#6257,0.001);
#781=CIRCLE('',#6262,0.001);
#782=CIRCLE('',#6263,0.001);
#783=CIRCLE('',#6265,0.001);
#784=CIRCLE('',#6266,0.001);
#785=CIRCLE('',#6271,0.001);
#786=CIRCLE('',#6272,0.001);
#787=CIRCLE('',#6274,0.001);
#788=CIRCLE('',#6275,0.001);
#789=CIRCLE('',#6280,0.001);
#790=CIRCLE('',#6281,0.001);
#791=CIRCLE('',#6283,0.001);
#792=CIRCLE('',#6284,0.001);
#793=CIRCLE('',#6307,0.003);
#794=CIRCLE('',#6309,0.003);
#795=ORIENTED_EDGE('',*,*,#2109,.T.);
#796=ORIENTED_EDGE('',*,*,#2110,.T.);
#797=ORIENTED_EDGE('',*,*,#2111,.T.);
#798=ORIENTED_EDGE('',*,*,#2112,.T.);
#799=ORIENTED_EDGE('',*,*,#2113,.T.);
#800=ORIENTED_EDGE('',*,*,#2114,.T.);
#801=ORIENTED_EDGE('',*,*,#2115,.T.);
#802=ORIENTED_EDGE('',*,*,#2116,.F.);
#803=ORIENTED_EDGE('',*,*,#2110,.F.);
#804=ORIENTED_EDGE('',*,*,#2117,.T.);
#805=ORIENTED_EDGE('',*,*,#2118,.T.);
#806=ORIENTED_EDGE('',*,*,#2119,.F.);
#807=ORIENTED_EDGE('',*,*,#2111,.F.);
#808=ORIENTED_EDGE('',*,*,#2116,.T.);
#809=ORIENTED_EDGE('',*,*,#2120,.T.);
#810=ORIENTED_EDGE('',*,*,#2121,.F.);
#811=ORIENTED_EDGE('',*,*,#2112,.F.);
#812=ORIENTED_EDGE('',*,*,#2119,.T.);
#813=ORIENTED_EDGE('',*,*,#2122,.T.);
#814=ORIENTED_EDGE('',*,*,#2123,.F.);
#815=ORIENTED_EDGE('',*,*,#2113,.F.);
#816=ORIENTED_EDGE('',*,*,#2121,.T.);
#817=ORIENTED_EDGE('',*,*,#2124,.T.);
#818=ORIENTED_EDGE('',*,*,#2125,.F.);
#819=ORIENTED_EDGE('',*,*,#2114,.F.);
#820=ORIENTED_EDGE('',*,*,#2123,.T.);
#821=ORIENTED_EDGE('',*,*,#2126,.T.);
#822=ORIENTED_EDGE('',*,*,#2117,.F.);
#823=ORIENTED_EDGE('',*,*,#2109,.F.);
#824=ORIENTED_EDGE('',*,*,#2125,.T.);
#825=ORIENTED_EDGE('',*,*,#2127,.T.);
#826=ORIENTED_EDGE('',*,*,#2128,.T.);
#827=ORIENTED_EDGE('',*,*,#2115,.F.);
#828=ORIENTED_EDGE('',*,*,#2126,.F.);
#829=ORIENTED_EDGE('',*,*,#2124,.F.);
#830=ORIENTED_EDGE('',*,*,#2122,.F.);
#831=ORIENTED_EDGE('',*,*,#2120,.F.);
#832=ORIENTED_EDGE('',*,*,#2118,.F.);
#833=ORIENTED_EDGE('',*,*,#2128,.F.);
#834=ORIENTED_EDGE('',*,*,#2129,.T.);
#835=ORIENTED_EDGE('',*,*,#2129,.F.);
#836=ORIENTED_EDGE('',*,*,#2130,.T.);
#837=ORIENTED_EDGE('',*,*,#2130,.F.);
#838=ORIENTED_EDGE('',*,*,#2131,.T.);
#839=ORIENTED_EDGE('',*,*,#2131,.F.);
#840=ORIENTED_EDGE('',*,*,#2127,.F.);
#841=ORIENTED_EDGE('',*,*,#2132,.T.);
#842=ORIENTED_EDGE('',*,*,#2133,.T.);
#843=ORIENTED_EDGE('',*,*,#2134,.T.);
#844=ORIENTED_EDGE('',*,*,#2135,.T.);
#845=ORIENTED_EDGE('',*,*,#2136,.T.);
#846=ORIENTED_EDGE('',*,*,#2137,.T.);
#847=ORIENTED_EDGE('',*,*,#2138,.T.);
#848=ORIENTED_EDGE('',*,*,#2139,.F.);
#849=ORIENTED_EDGE('',*,*,#2133,.F.);
#850=ORIENTED_EDGE('',*,*,#2140,.T.);
#851=ORIENTED_EDGE('',*,*,#2141,.T.);
#852=ORIENTED_EDGE('',*,*,#2142,.F.);
#853=ORIENTED_EDGE('',*,*,#2134,.F.);
#854=ORIENTED_EDGE('',*,*,#2139,.T.);
#855=ORIENTED_EDGE('',*,*,#2143,.T.);
#856=ORIENTED_EDGE('',*,*,#2144,.F.);
#857=ORIENTED_EDGE('',*,*,#2135,.F.);
#858=ORIENTED_EDGE('',*,*,#2142,.T.);
#859=ORIENTED_EDGE('',*,*,#2145,.T.);
#860=ORIENTED_EDGE('',*,*,#2146,.F.);
#861=ORIENTED_EDGE('',*,*,#2136,.F.);
#862=ORIENTED_EDGE('',*,*,#2144,.T.);
#863=ORIENTED_EDGE('',*,*,#2147,.T.);
#864=ORIENTED_EDGE('',*,*,#2148,.F.);
#865=ORIENTED_EDGE('',*,*,#2137,.F.);
#866=ORIENTED_EDGE('',*,*,#2146,.T.);
#867=ORIENTED_EDGE('',*,*,#2149,.T.);
#868=ORIENTED_EDGE('',*,*,#2140,.F.);
#869=ORIENTED_EDGE('',*,*,#2132,.F.);
#870=ORIENTED_EDGE('',*,*,#2148,.T.);
#871=ORIENTED_EDGE('',*,*,#2150,.T.);
#872=ORIENTED_EDGE('',*,*,#2151,.T.);
#873=ORIENTED_EDGE('',*,*,#2138,.F.);
#874=ORIENTED_EDGE('',*,*,#2149,.F.);
#875=ORIENTED_EDGE('',*,*,#2147,.F.);
#876=ORIENTED_EDGE('',*,*,#2145,.F.);
#877=ORIENTED_EDGE('',*,*,#2143,.F.);
#878=ORIENTED_EDGE('',*,*,#2141,.F.);
#879=ORIENTED_EDGE('',*,*,#2151,.F.);
#880=ORIENTED_EDGE('',*,*,#2152,.T.);
#881=ORIENTED_EDGE('',*,*,#2152,.F.);
#882=ORIENTED_EDGE('',*,*,#2153,.T.);
#883=ORIENTED_EDGE('',*,*,#2153,.F.);
#884=ORIENTED_EDGE('',*,*,#2154,.T.);
#885=ORIENTED_EDGE('',*,*,#2154,.F.);
#886=ORIENTED_EDGE('',*,*,#2150,.F.);
#887=ORIENTED_EDGE('',*,*,#2155,.F.);
#888=ORIENTED_EDGE('',*,*,#2156,.F.);
#889=ORIENTED_EDGE('',*,*,#2157,.F.);
#890=ORIENTED_EDGE('',*,*,#2158,.F.);
#891=ORIENTED_EDGE('',*,*,#2159,.F.);
#892=ORIENTED_EDGE('',*,*,#2160,.F.);
#893=ORIENTED_EDGE('',*,*,#2161,.F.);
#894=ORIENTED_EDGE('',*,*,#2162,.F.);
#895=ORIENTED_EDGE('',*,*,#2163,.F.);
#896=ORIENTED_EDGE('',*,*,#2164,.F.);
#897=ORIENTED_EDGE('',*,*,#2165,.F.);
#898=ORIENTED_EDGE('',*,*,#2166,.F.);
#899=ORIENTED_EDGE('',*,*,#2167,.F.);
#900=ORIENTED_EDGE('',*,*,#2168,.F.);
#901=ORIENTED_EDGE('',*,*,#2169,.F.);
#902=ORIENTED_EDGE('',*,*,#2170,.F.);
#903=ORIENTED_EDGE('',*,*,#2171,.F.);
#904=ORIENTED_EDGE('',*,*,#2172,.T.);
#905=ORIENTED_EDGE('',*,*,#2173,.T.);
#906=ORIENTED_EDGE('',*,*,#2174,.F.);
#907=ORIENTED_EDGE('',*,*,#2175,.T.);
#908=ORIENTED_EDGE('',*,*,#2176,.T.);
#909=ORIENTED_EDGE('',*,*,#2177,.F.);
#910=ORIENTED_EDGE('',*,*,#2178,.F.);
#911=ORIENTED_EDGE('',*,*,#2179,.T.);
#912=ORIENTED_EDGE('',*,*,#2180,.T.);
#913=ORIENTED_EDGE('',*,*,#2181,.T.);
#914=ORIENTED_EDGE('',*,*,#2182,.F.);
#915=ORIENTED_EDGE('',*,*,#2183,.T.);
#916=ORIENTED_EDGE('',*,*,#2184,.F.);
#917=ORIENTED_EDGE('',*,*,#2185,.T.);
#918=ORIENTED_EDGE('',*,*,#2172,.F.);
#919=ORIENTED_EDGE('',*,*,#2186,.T.);
#920=ORIENTED_EDGE('',*,*,#2181,.F.);
#921=ORIENTED_EDGE('',*,*,#2187,.T.);
#922=ORIENTED_EDGE('',*,*,#2188,.F.);
#923=ORIENTED_EDGE('',*,*,#2189,.T.);
#924=ORIENTED_EDGE('',*,*,#2176,.F.);
#925=ORIENTED_EDGE('',*,*,#2190,.T.);
#926=ORIENTED_EDGE('',*,*,#2179,.F.);
#927=ORIENTED_EDGE('',*,*,#2191,.F.);
#928=ORIENTED_EDGE('',*,*,#2192,.T.);
#929=ORIENTED_EDGE('',*,*,#2193,.T.);
#930=ORIENTED_EDGE('',*,*,#2194,.F.);
#931=ORIENTED_EDGE('',*,*,#2195,.T.);
#932=ORIENTED_EDGE('',*,*,#2196,.T.);
#933=ORIENTED_EDGE('',*,*,#2197,.F.);
#934=ORIENTED_EDGE('',*,*,#2198,.F.);
#935=ORIENTED_EDGE('',*,*,#2199,.T.);
#936=ORIENTED_EDGE('',*,*,#2200,.T.);
#937=ORIENTED_EDGE('',*,*,#2201,.T.);
#938=ORIENTED_EDGE('',*,*,#2202,.F.);
#939=ORIENTED_EDGE('',*,*,#2203,.T.);
#940=ORIENTED_EDGE('',*,*,#2204,.F.);
#941=ORIENTED_EDGE('',*,*,#2205,.T.);
#942=ORIENTED_EDGE('',*,*,#2192,.F.);
#943=ORIENTED_EDGE('',*,*,#2206,.T.);
#944=ORIENTED_EDGE('',*,*,#2201,.F.);
#945=ORIENTED_EDGE('',*,*,#2207,.T.);
#946=ORIENTED_EDGE('',*,*,#2208,.F.);
#947=ORIENTED_EDGE('',*,*,#2209,.T.);
#948=ORIENTED_EDGE('',*,*,#2196,.F.);
#949=ORIENTED_EDGE('',*,*,#2210,.T.);
#950=ORIENTED_EDGE('',*,*,#2199,.F.);
#951=ORIENTED_EDGE('',*,*,#2211,.F.);
#952=ORIENTED_EDGE('',*,*,#2212,.T.);
#953=ORIENTED_EDGE('',*,*,#2213,.T.);
#954=ORIENTED_EDGE('',*,*,#2214,.F.);
#955=ORIENTED_EDGE('',*,*,#2215,.T.);
#956=ORIENTED_EDGE('',*,*,#2216,.T.);
#957=ORIENTED_EDGE('',*,*,#2217,.F.);
#958=ORIENTED_EDGE('',*,*,#2218,.F.);
#959=ORIENTED_EDGE('',*,*,#2219,.T.);
#960=ORIENTED_EDGE('',*,*,#2220,.T.);
#961=ORIENTED_EDGE('',*,*,#2221,.T.);
#962=ORIENTED_EDGE('',*,*,#2222,.F.);
#963=ORIENTED_EDGE('',*,*,#2223,.T.);
#964=ORIENTED_EDGE('',*,*,#2224,.F.);
#965=ORIENTED_EDGE('',*,*,#2225,.T.);
#966=ORIENTED_EDGE('',*,*,#2212,.F.);
#967=ORIENTED_EDGE('',*,*,#2226,.T.);
#968=ORIENTED_EDGE('',*,*,#2221,.F.);
#969=ORIENTED_EDGE('',*,*,#2227,.T.);
#970=ORIENTED_EDGE('',*,*,#2228,.F.);
#971=ORIENTED_EDGE('',*,*,#2229,.T.);
#972=ORIENTED_EDGE('',*,*,#2216,.F.);
#973=ORIENTED_EDGE('',*,*,#2230,.T.);
#974=ORIENTED_EDGE('',*,*,#2219,.F.);
#975=ORIENTED_EDGE('',*,*,#2231,.F.);
#976=ORIENTED_EDGE('',*,*,#2232,.T.);
#977=ORIENTED_EDGE('',*,*,#2233,.T.);
#978=ORIENTED_EDGE('',*,*,#2234,.F.);
#979=ORIENTED_EDGE('',*,*,#2235,.T.);
#980=ORIENTED_EDGE('',*,*,#2236,.T.);
#981=ORIENTED_EDGE('',*,*,#2237,.F.);
#982=ORIENTED_EDGE('',*,*,#2238,.F.);
#983=ORIENTED_EDGE('',*,*,#2239,.T.);
#984=ORIENTED_EDGE('',*,*,#2240,.T.);
#985=ORIENTED_EDGE('',*,*,#2241,.T.);
#986=ORIENTED_EDGE('',*,*,#2242,.F.);
#987=ORIENTED_EDGE('',*,*,#2243,.T.);
#988=ORIENTED_EDGE('',*,*,#2244,.F.);
#989=ORIENTED_EDGE('',*,*,#2245,.T.);
#990=ORIENTED_EDGE('',*,*,#2232,.F.);
#991=ORIENTED_EDGE('',*,*,#2246,.T.);
#992=ORIENTED_EDGE('',*,*,#2241,.F.);
#993=ORIENTED_EDGE('',*,*,#2247,.T.);
#994=ORIENTED_EDGE('',*,*,#2248,.F.);
#995=ORIENTED_EDGE('',*,*,#2249,.T.);
#996=ORIENTED_EDGE('',*,*,#2236,.F.);
#997=ORIENTED_EDGE('',*,*,#2250,.T.);
#998=ORIENTED_EDGE('',*,*,#2239,.F.);
#999=ORIENTED_EDGE('',*,*,#2251,.F.);
#1000=ORIENTED_EDGE('',*,*,#2252,.T.);
#1001=ORIENTED_EDGE('',*,*,#2253,.T.);
#1002=ORIENTED_EDGE('',*,*,#2254,.F.);
#1003=ORIENTED_EDGE('',*,*,#2255,.T.);
#1004=ORIENTED_EDGE('',*,*,#2256,.T.);
#1005=ORIENTED_EDGE('',*,*,#2257,.F.);
#1006=ORIENTED_EDGE('',*,*,#2258,.F.);
#1007=ORIENTED_EDGE('',*,*,#2259,.T.);
#1008=ORIENTED_EDGE('',*,*,#2260,.T.);
#1009=ORIENTED_EDGE('',*,*,#2261,.T.);
#1010=ORIENTED_EDGE('',*,*,#2262,.F.);
#1011=ORIENTED_EDGE('',*,*,#2263,.T.);
#1012=ORIENTED_EDGE('',*,*,#2264,.F.);
#1013=ORIENTED_EDGE('',*,*,#2265,.T.);
#1014=ORIENTED_EDGE('',*,*,#2252,.F.);
#1015=ORIENTED_EDGE('',*,*,#2266,.T.);
#1016=ORIENTED_EDGE('',*,*,#2261,.F.);
#1017=ORIENTED_EDGE('',*,*,#2267,.T.);
#1018=ORIENTED_EDGE('',*,*,#2268,.F.);
#1019=ORIENTED_EDGE('',*,*,#2269,.T.);
#1020=ORIENTED_EDGE('',*,*,#2256,.F.);
#1021=ORIENTED_EDGE('',*,*,#2270,.T.);
#1022=ORIENTED_EDGE('',*,*,#2259,.F.);
#1023=ORIENTED_EDGE('',*,*,#2271,.F.);
#1024=ORIENTED_EDGE('',*,*,#2272,.F.);
#1025=ORIENTED_EDGE('',*,*,#2273,.F.);
#1026=ORIENTED_EDGE('',*,*,#2274,.F.);
#1027=ORIENTED_EDGE('',*,*,#2275,.F.);
#1028=ORIENTED_EDGE('',*,*,#2276,.F.);
#1029=ORIENTED_EDGE('',*,*,#2277,.F.);
#1030=ORIENTED_EDGE('',*,*,#2278,.F.);
#1031=ORIENTED_EDGE('',*,*,#2279,.F.);
#1032=ORIENTED_EDGE('',*,*,#2280,.F.);
#1033=ORIENTED_EDGE('',*,*,#2281,.F.);
#1034=ORIENTED_EDGE('',*,*,#2169,.T.);
#1035=ORIENTED_EDGE('',*,*,#2282,.F.);
#1036=ORIENTED_EDGE('',*,*,#2173,.F.);
#1037=ORIENTED_EDGE('',*,*,#2185,.F.);
#1038=ORIENTED_EDGE('',*,*,#2283,.F.);
#1039=ORIENTED_EDGE('',*,*,#2187,.F.);
#1040=ORIENTED_EDGE('',*,*,#2180,.F.);
#1041=ORIENTED_EDGE('',*,*,#2190,.F.);
#1042=ORIENTED_EDGE('',*,*,#2175,.F.);
#1043=ORIENTED_EDGE('',*,*,#2284,.F.);
#1044=ORIENTED_EDGE('',*,*,#2193,.F.);
#1045=ORIENTED_EDGE('',*,*,#2205,.F.);
#1046=ORIENTED_EDGE('',*,*,#2285,.F.);
#1047=ORIENTED_EDGE('',*,*,#2207,.F.);
#1048=ORIENTED_EDGE('',*,*,#2200,.F.);
#1049=ORIENTED_EDGE('',*,*,#2210,.F.);
#1050=ORIENTED_EDGE('',*,*,#2195,.F.);
#1051=ORIENTED_EDGE('',*,*,#2286,.F.);
#1052=ORIENTED_EDGE('',*,*,#2213,.F.);
#1053=ORIENTED_EDGE('',*,*,#2225,.F.);
#1054=ORIENTED_EDGE('',*,*,#2287,.F.);
#1055=ORIENTED_EDGE('',*,*,#2227,.F.);
#1056=ORIENTED_EDGE('',*,*,#2220,.F.);
#1057=ORIENTED_EDGE('',*,*,#2230,.F.);
#1058=ORIENTED_EDGE('',*,*,#2215,.F.);
#1059=ORIENTED_EDGE('',*,*,#2288,.F.);
#1060=ORIENTED_EDGE('',*,*,#2233,.F.);
#1061=ORIENTED_EDGE('',*,*,#2245,.F.);
#1062=ORIENTED_EDGE('',*,*,#2289,.F.);
#1063=ORIENTED_EDGE('',*,*,#2247,.F.);
#1064=ORIENTED_EDGE('',*,*,#2240,.F.);
#1065=ORIENTED_EDGE('',*,*,#2250,.F.);
#1066=ORIENTED_EDGE('',*,*,#2235,.F.);
#1067=ORIENTED_EDGE('',*,*,#2290,.F.);
#1068=ORIENTED_EDGE('',*,*,#2253,.F.);
#1069=ORIENTED_EDGE('',*,*,#2265,.F.);
#1070=ORIENTED_EDGE('',*,*,#2291,.F.);
#1071=ORIENTED_EDGE('',*,*,#2267,.F.);
#1072=ORIENTED_EDGE('',*,*,#2260,.F.);
#1073=ORIENTED_EDGE('',*,*,#2270,.F.);
#1074=ORIENTED_EDGE('',*,*,#2255,.F.);
#1075=ORIENTED_EDGE('',*,*,#2292,.F.);
#1076=ORIENTED_EDGE('',*,*,#2157,.T.);
#1077=ORIENTED_EDGE('',*,*,#2293,.F.);
#1078=ORIENTED_EDGE('',*,*,#2161,.T.);
#1079=ORIENTED_EDGE('',*,*,#2294,.F.);
#1080=ORIENTED_EDGE('',*,*,#2165,.T.);
#1081=ORIENTED_EDGE('',*,*,#2295,.T.);
#1082=ORIENTED_EDGE('',*,*,#2167,.T.);
#1083=ORIENTED_EDGE('',*,*,#2296,.T.);
#1084=ORIENTED_EDGE('',*,*,#2163,.T.);
#1085=ORIENTED_EDGE('',*,*,#2297,.T.);
#1086=ORIENTED_EDGE('',*,*,#2159,.T.);
#1087=ORIENTED_EDGE('',*,*,#2298,.T.);
#1088=ORIENTED_EDGE('',*,*,#2155,.T.);
#1089=ORIENTED_EDGE('',*,*,#2299,.T.);
#1090=ORIENTED_EDGE('',*,*,#2257,.T.);
#1091=ORIENTED_EDGE('',*,*,#2269,.F.);
#1092=ORIENTED_EDGE('',*,*,#2262,.T.);
#1093=ORIENTED_EDGE('',*,*,#2266,.F.);
#1094=ORIENTED_EDGE('',*,*,#2300,.T.);
#1095=ORIENTED_EDGE('',*,*,#2263,.F.);
#1096=ORIENTED_EDGE('',*,*,#2251,.T.);
#1097=ORIENTED_EDGE('',*,*,#2301,.T.);
#1098=ORIENTED_EDGE('',*,*,#2237,.T.);
#1099=ORIENTED_EDGE('',*,*,#2249,.F.);
#1100=ORIENTED_EDGE('',*,*,#2242,.T.);
#1101=ORIENTED_EDGE('',*,*,#2246,.F.);
#1102=ORIENTED_EDGE('',*,*,#2302,.T.);
#1103=ORIENTED_EDGE('',*,*,#2243,.F.);
#1104=ORIENTED_EDGE('',*,*,#2231,.T.);
#1105=ORIENTED_EDGE('',*,*,#2303,.T.);
#1106=ORIENTED_EDGE('',*,*,#2217,.T.);
#1107=ORIENTED_EDGE('',*,*,#2229,.F.);
#1108=ORIENTED_EDGE('',*,*,#2222,.T.);
#1109=ORIENTED_EDGE('',*,*,#2226,.F.);
#1110=ORIENTED_EDGE('',*,*,#2304,.T.);
#1111=ORIENTED_EDGE('',*,*,#2223,.F.);
#1112=ORIENTED_EDGE('',*,*,#2211,.T.);
#1113=ORIENTED_EDGE('',*,*,#2305,.T.);
#1114=ORIENTED_EDGE('',*,*,#2197,.T.);
#1115=ORIENTED_EDGE('',*,*,#2209,.F.);
#1116=ORIENTED_EDGE('',*,*,#2202,.T.);
#1117=ORIENTED_EDGE('',*,*,#2206,.F.);
#1118=ORIENTED_EDGE('',*,*,#2306,.T.);
#1119=ORIENTED_EDGE('',*,*,#2203,.F.);
#1120=ORIENTED_EDGE('',*,*,#2191,.T.);
#1121=ORIENTED_EDGE('',*,*,#2307,.T.);
#1122=ORIENTED_EDGE('',*,*,#2177,.T.);
#1123=ORIENTED_EDGE('',*,*,#2189,.F.);
#1124=ORIENTED_EDGE('',*,*,#2182,.T.);
#1125=ORIENTED_EDGE('',*,*,#2186,.F.);
#1126=ORIENTED_EDGE('',*,*,#2308,.T.);
#1127=ORIENTED_EDGE('',*,*,#2183,.F.);
#1128=ORIENTED_EDGE('',*,*,#2171,.T.);
#1129=ORIENTED_EDGE('',*,*,#2309,.T.);
#1130=ORIENTED_EDGE('',*,*,#2310,.T.);
#1131=ORIENTED_EDGE('',*,*,#2311,.T.);
#1132=ORIENTED_EDGE('',*,*,#2312,.T.);
#1133=ORIENTED_EDGE('',*,*,#2313,.T.);
#1134=ORIENTED_EDGE('',*,*,#2314,.T.);
#1135=ORIENTED_EDGE('',*,*,#2315,.T.);
#1136=ORIENTED_EDGE('',*,*,#2316,.T.);
#1137=ORIENTED_EDGE('',*,*,#2317,.T.);
#1138=ORIENTED_EDGE('',*,*,#2318,.T.);
#1139=ORIENTED_EDGE('',*,*,#2298,.F.);
#1140=ORIENTED_EDGE('',*,*,#2162,.T.);
#1141=ORIENTED_EDGE('',*,*,#2293,.T.);
#1142=ORIENTED_EDGE('',*,*,#2156,.T.);
#1143=ORIENTED_EDGE('',*,*,#2297,.F.);
#1144=ORIENTED_EDGE('',*,*,#2166,.T.);
#1145=ORIENTED_EDGE('',*,*,#2294,.T.);
#1146=ORIENTED_EDGE('',*,*,#2160,.T.);
#1147=ORIENTED_EDGE('',*,*,#2296,.F.);
#1148=ORIENTED_EDGE('',*,*,#2170,.T.);
#1149=ORIENTED_EDGE('',*,*,#2281,.T.);
#1150=ORIENTED_EDGE('',*,*,#2164,.T.);
#1151=ORIENTED_EDGE('',*,*,#2282,.T.);
#1152=ORIENTED_EDGE('',*,*,#2168,.T.);
#1153=ORIENTED_EDGE('',*,*,#2295,.F.);
#1154=ORIENTED_EDGE('',*,*,#2174,.T.);
#1155=ORIENTED_EDGE('',*,*,#2299,.F.);
#1156=ORIENTED_EDGE('',*,*,#2158,.T.);
#1157=ORIENTED_EDGE('',*,*,#2292,.T.);
#1158=ORIENTED_EDGE('',*,*,#2258,.T.);
#1159=ORIENTED_EDGE('',*,*,#2290,.T.);
#1160=ORIENTED_EDGE('',*,*,#2238,.T.);
#1161=ORIENTED_EDGE('',*,*,#2301,.F.);
#1162=ORIENTED_EDGE('',*,*,#2254,.T.);
#1163=ORIENTED_EDGE('',*,*,#2288,.T.);
#1164=ORIENTED_EDGE('',*,*,#2218,.T.);
#1165=ORIENTED_EDGE('',*,*,#2303,.F.);
#1166=ORIENTED_EDGE('',*,*,#2234,.T.);
#1167=ORIENTED_EDGE('',*,*,#2286,.T.);
#1168=ORIENTED_EDGE('',*,*,#2198,.T.);
#1169=ORIENTED_EDGE('',*,*,#2305,.F.);
#1170=ORIENTED_EDGE('',*,*,#2214,.T.);
#1171=ORIENTED_EDGE('',*,*,#2284,.T.);
#1172=ORIENTED_EDGE('',*,*,#2178,.T.);
#1173=ORIENTED_EDGE('',*,*,#2307,.F.);
#1174=ORIENTED_EDGE('',*,*,#2194,.T.);
#1175=ORIENTED_EDGE('',*,*,#2319,.T.);
#1176=ORIENTED_EDGE('',*,*,#2309,.F.);
#1177=ORIENTED_EDGE('',*,*,#2271,.T.);
#1178=ORIENTED_EDGE('',*,*,#2319,.F.);
#1179=ORIENTED_EDGE('',*,*,#2320,.T.);
#1180=ORIENTED_EDGE('',*,*,#2310,.F.);
#1181=ORIENTED_EDGE('',*,*,#2272,.T.);
#1182=ORIENTED_EDGE('',*,*,#2320,.F.);
#1183=ORIENTED_EDGE('',*,*,#2321,.T.);
#1184=ORIENTED_EDGE('',*,*,#2311,.F.);
#1185=ORIENTED_EDGE('',*,*,#2273,.T.);
#1186=ORIENTED_EDGE('',*,*,#2321,.F.);
#1187=ORIENTED_EDGE('',*,*,#2322,.T.);
#1188=ORIENTED_EDGE('',*,*,#2312,.F.);
#1189=ORIENTED_EDGE('',*,*,#2274,.T.);
#1190=ORIENTED_EDGE('',*,*,#2322,.F.);
#1191=ORIENTED_EDGE('',*,*,#2323,.T.);
#1192=ORIENTED_EDGE('',*,*,#2313,.F.);
#1193=ORIENTED_EDGE('',*,*,#2275,.T.);
#1194=ORIENTED_EDGE('',*,*,#2323,.F.);
#1195=ORIENTED_EDGE('',*,*,#2324,.T.);
#1196=ORIENTED_EDGE('',*,*,#2314,.F.);
#1197=ORIENTED_EDGE('',*,*,#2276,.T.);
#1198=ORIENTED_EDGE('',*,*,#2324,.F.);
#1199=ORIENTED_EDGE('',*,*,#2325,.T.);
#1200=ORIENTED_EDGE('',*,*,#2315,.F.);
#1201=ORIENTED_EDGE('',*,*,#2277,.T.);
#1202=ORIENTED_EDGE('',*,*,#2325,.F.);
#1203=ORIENTED_EDGE('',*,*,#2326,.T.);
#1204=ORIENTED_EDGE('',*,*,#2316,.F.);
#1205=ORIENTED_EDGE('',*,*,#2278,.T.);
#1206=ORIENTED_EDGE('',*,*,#2326,.F.);
#1207=ORIENTED_EDGE('',*,*,#2327,.T.);
#1208=ORIENTED_EDGE('',*,*,#2317,.F.);
#1209=ORIENTED_EDGE('',*,*,#2279,.T.);
#1210=ORIENTED_EDGE('',*,*,#2327,.F.);
#1211=ORIENTED_EDGE('',*,*,#2328,.T.);
#1212=ORIENTED_EDGE('',*,*,#2318,.F.);
#1213=ORIENTED_EDGE('',*,*,#2280,.T.);
#1214=ORIENTED_EDGE('',*,*,#2328,.F.);
#1215=ORIENTED_EDGE('',*,*,#2300,.F.);
#1216=ORIENTED_EDGE('',*,*,#2268,.T.);
#1217=ORIENTED_EDGE('',*,*,#2291,.T.);
#1218=ORIENTED_EDGE('',*,*,#2264,.T.);
#1219=ORIENTED_EDGE('',*,*,#2302,.F.);
#1220=ORIENTED_EDGE('',*,*,#2248,.T.);
#1221=ORIENTED_EDGE('',*,*,#2289,.T.);
#1222=ORIENTED_EDGE('',*,*,#2244,.T.);
#1223=ORIENTED_EDGE('',*,*,#2304,.F.);
#1224=ORIENTED_EDGE('',*,*,#2228,.T.);
#1225=ORIENTED_EDGE('',*,*,#2287,.T.);
#1226=ORIENTED_EDGE('',*,*,#2224,.T.);
#1227=ORIENTED_EDGE('',*,*,#2306,.F.);
#1228=ORIENTED_EDGE('',*,*,#2208,.T.);
#1229=ORIENTED_EDGE('',*,*,#2285,.T.);
#1230=ORIENTED_EDGE('',*,*,#2204,.T.);
#1231=ORIENTED_EDGE('',*,*,#2308,.F.);
#1232=ORIENTED_EDGE('',*,*,#2188,.T.);
#1233=ORIENTED_EDGE('',*,*,#2283,.T.);
#1234=ORIENTED_EDGE('',*,*,#2184,.T.);
#1235=ORIENTED_EDGE('',*,*,#2329,.T.);
#1236=ORIENTED_EDGE('',*,*,#2330,.T.);
#1237=ORIENTED_EDGE('',*,*,#2331,.T.);
#1238=ORIENTED_EDGE('',*,*,#2332,.T.);
#1239=ORIENTED_EDGE('',*,*,#2333,.T.);
#1240=ORIENTED_EDGE('',*,*,#2334,.T.);
#1241=ORIENTED_EDGE('',*,*,#2335,.T.);
#1242=ORIENTED_EDGE('',*,*,#2336,.T.);
#1243=ORIENTED_EDGE('',*,*,#2331,.F.);
#1244=ORIENTED_EDGE('',*,*,#2337,.T.);
#1245=ORIENTED_EDGE('',*,*,#2338,.T.);
#1246=ORIENTED_EDGE('',*,*,#2332,.F.);
#1247=ORIENTED_EDGE('',*,*,#2339,.T.);
#1248=ORIENTED_EDGE('',*,*,#2340,.T.);
#1249=ORIENTED_EDGE('',*,*,#2333,.F.);
#1250=ORIENTED_EDGE('',*,*,#2341,.T.);
#1251=ORIENTED_EDGE('',*,*,#2342,.T.);
#1252=ORIENTED_EDGE('',*,*,#2334,.F.);
#1253=ORIENTED_EDGE('',*,*,#2343,.T.);
#1254=ORIENTED_EDGE('',*,*,#2344,.T.);
#1255=ORIENTED_EDGE('',*,*,#2329,.F.);
#1256=ORIENTED_EDGE('',*,*,#2345,.T.);
#1257=ORIENTED_EDGE('',*,*,#2346,.F.);
#1258=ORIENTED_EDGE('',*,*,#2347,.F.);
#1259=ORIENTED_EDGE('',*,*,#2348,.F.);
#1260=ORIENTED_EDGE('',*,*,#2349,.F.);
#1261=ORIENTED_EDGE('',*,*,#2350,.F.);
#1262=ORIENTED_EDGE('',*,*,#2351,.F.);
#1263=ORIENTED_EDGE('',*,*,#2352,.F.);
#1264=ORIENTED_EDGE('',*,*,#2344,.F.);
#1265=ORIENTED_EDGE('',*,*,#2353,.T.);
#1266=ORIENTED_EDGE('',*,*,#2348,.T.);
#1267=ORIENTED_EDGE('',*,*,#2354,.F.);
#1268=ORIENTED_EDGE('',*,*,#2355,.F.);
#1269=ORIENTED_EDGE('',*,*,#2342,.F.);
#1270=ORIENTED_EDGE('',*,*,#2356,.T.);
#1271=ORIENTED_EDGE('',*,*,#2349,.T.);
#1272=ORIENTED_EDGE('',*,*,#2353,.F.);
#1273=ORIENTED_EDGE('',*,*,#2343,.F.);
#1274=ORIENTED_EDGE('',*,*,#2340,.F.);
#1275=ORIENTED_EDGE('',*,*,#2357,.T.);
#1276=ORIENTED_EDGE('',*,*,#2350,.T.);
#1277=ORIENTED_EDGE('',*,*,#2356,.F.);
#1278=ORIENTED_EDGE('',*,*,#2341,.F.);
#1279=ORIENTED_EDGE('',*,*,#2338,.F.);
#1280=ORIENTED_EDGE('',*,*,#2358,.T.);
#1281=ORIENTED_EDGE('',*,*,#2351,.T.);
#1282=ORIENTED_EDGE('',*,*,#2357,.F.);
#1283=ORIENTED_EDGE('',*,*,#2339,.F.);
#1284=ORIENTED_EDGE('',*,*,#2336,.F.);
#1285=ORIENTED_EDGE('',*,*,#2359,.T.);
#1286=ORIENTED_EDGE('',*,*,#2352,.T.);
#1287=ORIENTED_EDGE('',*,*,#2358,.F.);
#1288=ORIENTED_EDGE('',*,*,#2337,.F.);
#1289=ORIENTED_EDGE('',*,*,#2360,.F.);
#1290=ORIENTED_EDGE('',*,*,#2354,.T.);
#1291=ORIENTED_EDGE('',*,*,#2347,.T.);
#1292=ORIENTED_EDGE('',*,*,#2359,.F.);
#1293=ORIENTED_EDGE('',*,*,#2335,.F.);
#1294=ORIENTED_EDGE('',*,*,#2346,.T.);
#1295=ORIENTED_EDGE('',*,*,#2361,.T.);
#1296=ORIENTED_EDGE('',*,*,#2330,.F.);
#1297=ORIENTED_EDGE('',*,*,#2355,.T.);
#1298=ORIENTED_EDGE('',*,*,#2360,.T.);
#1299=ORIENTED_EDGE('',*,*,#2361,.F.);
#1300=ORIENTED_EDGE('',*,*,#2345,.F.);
#1301=ORIENTED_EDGE('',*,*,#2362,.F.);
#1302=ORIENTED_EDGE('',*,*,#2363,.T.);
#1303=ORIENTED_EDGE('',*,*,#2364,.T.);
#1304=ORIENTED_EDGE('',*,*,#2365,.F.);
#1305=ORIENTED_EDGE('',*,*,#2366,.T.);
#1306=ORIENTED_EDGE('',*,*,#2367,.T.);
#1307=ORIENTED_EDGE('',*,*,#2368,.T.);
#1308=ORIENTED_EDGE('',*,*,#2369,.F.);
#1309=ORIENTED_EDGE('',*,*,#2370,.F.);
#1310=ORIENTED_EDGE('',*,*,#2371,.F.);
#1311=ORIENTED_EDGE('',*,*,#2372,.F.);
#1312=ORIENTED_EDGE('',*,*,#2373,.T.);
#1313=ORIENTED_EDGE('',*,*,#2374,.T.);
#1314=ORIENTED_EDGE('',*,*,#2375,.F.);
#1315=ORIENTED_EDGE('',*,*,#2376,.T.);
#1316=ORIENTED_EDGE('',*,*,#2377,.T.);
#1317=ORIENTED_EDGE('',*,*,#2378,.T.);
#1318=ORIENTED_EDGE('',*,*,#2379,.T.);
#1319=ORIENTED_EDGE('',*,*,#2380,.F.);
#1320=ORIENTED_EDGE('',*,*,#2381,.F.);
#1321=ORIENTED_EDGE('',*,*,#2382,.F.);
#1322=ORIENTED_EDGE('',*,*,#2383,.T.);
#1323=ORIENTED_EDGE('',*,*,#2384,.F.);
#1324=ORIENTED_EDGE('',*,*,#2385,.F.);
#1325=ORIENTED_EDGE('',*,*,#2386,.T.);
#1326=ORIENTED_EDGE('',*,*,#2387,.T.);
#1327=ORIENTED_EDGE('',*,*,#2388,.T.);
#1328=ORIENTED_EDGE('',*,*,#2389,.T.);
#1329=ORIENTED_EDGE('',*,*,#2363,.F.);
#1330=ORIENTED_EDGE('',*,*,#2390,.F.);
#1331=ORIENTED_EDGE('',*,*,#2385,.T.);
#1332=ORIENTED_EDGE('',*,*,#2391,.T.);
#1333=ORIENTED_EDGE('',*,*,#2392,.T.);
#1334=ORIENTED_EDGE('',*,*,#2393,.T.);
#1335=ORIENTED_EDGE('',*,*,#2394,.T.);
#1336=ORIENTED_EDGE('',*,*,#2395,.T.);
#1337=ORIENTED_EDGE('',*,*,#2364,.F.);
#1338=ORIENTED_EDGE('',*,*,#2391,.F.);
#1339=ORIENTED_EDGE('',*,*,#2384,.T.);
#1340=ORIENTED_EDGE('',*,*,#2396,.T.);
#1341=ORIENTED_EDGE('',*,*,#2365,.T.);
#1342=ORIENTED_EDGE('',*,*,#2396,.F.);
#1343=ORIENTED_EDGE('',*,*,#2383,.F.);
#1344=ORIENTED_EDGE('',*,*,#2397,.T.);
#1345=ORIENTED_EDGE('',*,*,#2366,.F.);
#1346=ORIENTED_EDGE('',*,*,#2397,.F.);
#1347=ORIENTED_EDGE('',*,*,#2382,.T.);
#1348=ORIENTED_EDGE('',*,*,#2398,.T.);
#1349=ORIENTED_EDGE('',*,*,#2367,.F.);
#1350=ORIENTED_EDGE('',*,*,#2398,.F.);
#1351=ORIENTED_EDGE('',*,*,#2381,.T.);
#1352=ORIENTED_EDGE('',*,*,#2399,.T.);
#1353=ORIENTED_EDGE('',*,*,#2368,.F.);
#1354=ORIENTED_EDGE('',*,*,#2399,.F.);
#1355=ORIENTED_EDGE('',*,*,#2380,.T.);
#1356=ORIENTED_EDGE('',*,*,#2400,.T.);
#1357=ORIENTED_EDGE('',*,*,#2401,.F.);
#1358=ORIENTED_EDGE('',*,*,#2402,.F.);
#1359=ORIENTED_EDGE('',*,*,#2403,.F.);
#1360=ORIENTED_EDGE('',*,*,#2404,.F.);
#1361=ORIENTED_EDGE('',*,*,#2369,.T.);
#1362=ORIENTED_EDGE('',*,*,#2400,.F.);
#1363=ORIENTED_EDGE('',*,*,#2379,.F.);
#1364=ORIENTED_EDGE('',*,*,#2405,.T.);
#1365=ORIENTED_EDGE('',*,*,#2406,.F.);
#1366=ORIENTED_EDGE('',*,*,#2407,.F.);
#1367=ORIENTED_EDGE('',*,*,#2408,.F.);
#1368=ORIENTED_EDGE('',*,*,#2409,.F.);
#1369=ORIENTED_EDGE('',*,*,#2370,.T.);
#1370=ORIENTED_EDGE('',*,*,#2405,.F.);
#1371=ORIENTED_EDGE('',*,*,#2378,.F.);
#1372=ORIENTED_EDGE('',*,*,#2410,.T.);
#1373=ORIENTED_EDGE('',*,*,#2371,.T.);
#1374=ORIENTED_EDGE('',*,*,#2410,.F.);
#1375=ORIENTED_EDGE('',*,*,#2377,.F.);
#1376=ORIENTED_EDGE('',*,*,#2411,.T.);
#1377=ORIENTED_EDGE('',*,*,#2372,.T.);
#1378=ORIENTED_EDGE('',*,*,#2411,.F.);
#1379=ORIENTED_EDGE('',*,*,#2376,.F.);
#1380=ORIENTED_EDGE('',*,*,#2412,.T.);
#1381=ORIENTED_EDGE('',*,*,#2373,.F.);
#1382=ORIENTED_EDGE('',*,*,#2412,.F.);
#1383=ORIENTED_EDGE('',*,*,#2375,.T.);
#1384=ORIENTED_EDGE('',*,*,#2413,.T.);
#1385=ORIENTED_EDGE('',*,*,#2362,.T.);
#1386=ORIENTED_EDGE('',*,*,#2413,.F.);
#1387=ORIENTED_EDGE('',*,*,#2374,.F.);
#1388=ORIENTED_EDGE('',*,*,#2390,.T.);
#1389=ORIENTED_EDGE('',*,*,#2401,.T.);
#1390=ORIENTED_EDGE('',*,*,#2386,.F.);
#1391=ORIENTED_EDGE('',*,*,#2402,.T.);
#1392=ORIENTED_EDGE('',*,*,#2387,.F.);
#1393=ORIENTED_EDGE('',*,*,#2403,.T.);
#1394=ORIENTED_EDGE('',*,*,#2388,.F.);
#1395=ORIENTED_EDGE('',*,*,#2404,.T.);
#1396=ORIENTED_EDGE('',*,*,#2389,.F.);
#1397=ORIENTED_EDGE('',*,*,#2406,.T.);
#1398=ORIENTED_EDGE('',*,*,#2392,.F.);
#1399=ORIENTED_EDGE('',*,*,#2407,.T.);
#1400=ORIENTED_EDGE('',*,*,#2393,.F.);
#1401=ORIENTED_EDGE('',*,*,#2408,.T.);
#1402=ORIENTED_EDGE('',*,*,#2394,.F.);
#1403=ORIENTED_EDGE('',*,*,#2409,.T.);
#1404=ORIENTED_EDGE('',*,*,#2395,.F.);
#1405=ORIENTED_EDGE('',*,*,#2414,.T.);
#1406=ORIENTED_EDGE('',*,*,#2415,.T.);
#1407=ORIENTED_EDGE('',*,*,#2414,.F.);
#1408=ORIENTED_EDGE('',*,*,#2415,.F.);
#1409=ORIENTED_EDGE('',*,*,#2416,.F.);
#1410=ORIENTED_EDGE('',*,*,#2417,.F.);
#1411=ORIENTED_EDGE('',*,*,#2418,.F.);
#1412=ORIENTED_EDGE('',*,*,#2419,.F.);
#1413=ORIENTED_EDGE('',*,*,#2420,.F.);
#1414=ORIENTED_EDGE('',*,*,#2421,.F.);
#1415=ORIENTED_EDGE('',*,*,#2422,.F.);
#1416=ORIENTED_EDGE('',*,*,#2423,.F.);
#1417=ORIENTED_EDGE('',*,*,#2424,.F.);
#1418=ORIENTED_EDGE('',*,*,#2425,.F.);
#1419=ORIENTED_EDGE('',*,*,#2426,.F.);
#1420=ORIENTED_EDGE('',*,*,#2427,.F.);
#1421=ORIENTED_EDGE('',*,*,#2428,.F.);
#1422=ORIENTED_EDGE('',*,*,#2429,.F.);
#1423=ORIENTED_EDGE('',*,*,#2430,.F.);
#1424=ORIENTED_EDGE('',*,*,#2431,.F.);
#1425=ORIENTED_EDGE('',*,*,#2432,.T.);
#1426=ORIENTED_EDGE('',*,*,#2433,.F.);
#1427=ORIENTED_EDGE('',*,*,#2434,.T.);
#1428=ORIENTED_EDGE('',*,*,#2435,.T.);
#1429=ORIENTED_EDGE('',*,*,#2436,.F.);
#1430=ORIENTED_EDGE('',*,*,#2437,.F.);
#1431=ORIENTED_EDGE('',*,*,#2438,.T.);
#1432=ORIENTED_EDGE('',*,*,#2434,.F.);
#1433=ORIENTED_EDGE('',*,*,#2439,.F.);
#1434=ORIENTED_EDGE('',*,*,#2440,.F.);
#1435=ORIENTED_EDGE('',*,*,#2437,.T.);
#1436=ORIENTED_EDGE('',*,*,#2441,.T.);
#1437=ORIENTED_EDGE('',*,*,#2442,.T.);
#1438=ORIENTED_EDGE('',*,*,#2439,.T.);
#1439=ORIENTED_EDGE('',*,*,#2443,.F.);
#1440=ORIENTED_EDGE('',*,*,#2432,.F.);
#1441=ORIENTED_EDGE('',*,*,#2444,.T.);
#1442=ORIENTED_EDGE('',*,*,#2445,.F.);
#1443=ORIENTED_EDGE('',*,*,#2446,.T.);
#1444=ORIENTED_EDGE('',*,*,#2447,.T.);
#1445=ORIENTED_EDGE('',*,*,#2448,.F.);
#1446=ORIENTED_EDGE('',*,*,#2449,.F.);
#1447=ORIENTED_EDGE('',*,*,#2450,.T.);
#1448=ORIENTED_EDGE('',*,*,#2451,.T.);
#1449=ORIENTED_EDGE('',*,*,#2452,.F.);
#1450=ORIENTED_EDGE('',*,*,#2450,.F.);
#1451=ORIENTED_EDGE('',*,*,#2453,.T.);
#1452=ORIENTED_EDGE('',*,*,#2446,.F.);
#1453=ORIENTED_EDGE('',*,*,#2454,.T.);
#1454=ORIENTED_EDGE('',*,*,#2448,.T.);
#1455=ORIENTED_EDGE('',*,*,#2455,.F.);
#1456=ORIENTED_EDGE('',*,*,#2444,.F.);
#1457=ORIENTED_EDGE('',*,*,#2456,.T.);
#1458=ORIENTED_EDGE('',*,*,#2457,.F.);
#1459=ORIENTED_EDGE('',*,*,#2458,.T.);
#1460=ORIENTED_EDGE('',*,*,#2459,.T.);
#1461=ORIENTED_EDGE('',*,*,#2460,.T.);
#1462=ORIENTED_EDGE('',*,*,#2461,.F.);
#1463=ORIENTED_EDGE('',*,*,#2462,.T.);
#1464=ORIENTED_EDGE('',*,*,#2463,.T.);
#1465=ORIENTED_EDGE('',*,*,#2464,.T.);
#1466=ORIENTED_EDGE('',*,*,#2465,.T.);
#1467=ORIENTED_EDGE('',*,*,#2466,.T.);
#1468=ORIENTED_EDGE('',*,*,#2467,.T.);
#1469=ORIENTED_EDGE('',*,*,#2468,.F.);
#1470=ORIENTED_EDGE('',*,*,#2430,.T.);
#1471=ORIENTED_EDGE('',*,*,#2469,.F.);
#1472=ORIENTED_EDGE('',*,*,#2426,.T.);
#1473=ORIENTED_EDGE('',*,*,#2470,.F.);
#1474=ORIENTED_EDGE('',*,*,#2422,.T.);
#1475=ORIENTED_EDGE('',*,*,#2471,.F.);
#1476=ORIENTED_EDGE('',*,*,#2418,.T.);
#1477=ORIENTED_EDGE('',*,*,#2472,.T.);
#1478=ORIENTED_EDGE('',*,*,#2473,.T.);
#1479=ORIENTED_EDGE('',*,*,#2474,.T.);
#1480=ORIENTED_EDGE('',*,*,#2475,.T.);
#1481=ORIENTED_EDGE('',*,*,#2445,.T.);
#1482=ORIENTED_EDGE('',*,*,#2455,.T.);
#1483=ORIENTED_EDGE('',*,*,#2451,.F.);
#1484=ORIENTED_EDGE('',*,*,#2452,.T.);
#1485=ORIENTED_EDGE('',*,*,#2443,.T.);
#1486=ORIENTED_EDGE('',*,*,#2441,.F.);
#1487=ORIENTED_EDGE('',*,*,#2436,.T.);
#1488=ORIENTED_EDGE('',*,*,#2433,.T.);
#1489=ORIENTED_EDGE('',*,*,#2476,.T.);
#1490=ORIENTED_EDGE('',*,*,#2477,.F.);
#1491=ORIENTED_EDGE('',*,*,#2478,.F.);
#1492=ORIENTED_EDGE('',*,*,#2479,.F.);
#1493=ORIENTED_EDGE('',*,*,#2480,.T.);
#1494=ORIENTED_EDGE('',*,*,#2481,.F.);
#1495=ORIENTED_EDGE('',*,*,#2482,.F.);
#1496=ORIENTED_EDGE('',*,*,#2483,.F.);
#1497=ORIENTED_EDGE('',*,*,#2484,.T.);
#1498=ORIENTED_EDGE('',*,*,#2485,.F.);
#1499=ORIENTED_EDGE('',*,*,#2486,.F.);
#1500=ORIENTED_EDGE('',*,*,#2487,.F.);
#1501=ORIENTED_EDGE('',*,*,#2488,.F.);
#1502=ORIENTED_EDGE('',*,*,#2489,.T.);
#1503=ORIENTED_EDGE('',*,*,#2428,.T.);
#1504=ORIENTED_EDGE('',*,*,#2490,.T.);
#1505=ORIENTED_EDGE('',*,*,#2416,.T.);
#1506=ORIENTED_EDGE('',*,*,#2491,.T.);
#1507=ORIENTED_EDGE('',*,*,#2420,.T.);
#1508=ORIENTED_EDGE('',*,*,#2492,.T.);
#1509=ORIENTED_EDGE('',*,*,#2424,.T.);
#1510=ORIENTED_EDGE('',*,*,#2493,.F.);
#1511=ORIENTED_EDGE('',*,*,#2494,.F.);
#1512=ORIENTED_EDGE('',*,*,#2495,.F.);
#1513=ORIENTED_EDGE('',*,*,#2496,.F.);
#1514=ORIENTED_EDGE('',*,*,#2447,.F.);
#1515=ORIENTED_EDGE('',*,*,#2453,.F.);
#1516=ORIENTED_EDGE('',*,*,#2449,.T.);
#1517=ORIENTED_EDGE('',*,*,#2454,.F.);
#1518=ORIENTED_EDGE('',*,*,#2440,.T.);
#1519=ORIENTED_EDGE('',*,*,#2442,.F.);
#1520=ORIENTED_EDGE('',*,*,#2435,.F.);
#1521=ORIENTED_EDGE('',*,*,#2438,.F.);
#1522=ORIENTED_EDGE('',*,*,#2497,.F.);
#1523=ORIENTED_EDGE('',*,*,#2469,.T.);
#1524=ORIENTED_EDGE('',*,*,#2429,.T.);
#1525=ORIENTED_EDGE('',*,*,#2489,.F.);
#1526=ORIENTED_EDGE('',*,*,#2427,.T.);
#1527=ORIENTED_EDGE('',*,*,#2470,.T.);
#1528=ORIENTED_EDGE('',*,*,#2425,.T.);
#1529=ORIENTED_EDGE('',*,*,#2492,.F.);
#1530=ORIENTED_EDGE('',*,*,#2423,.T.);
#1531=ORIENTED_EDGE('',*,*,#2471,.T.);
#1532=ORIENTED_EDGE('',*,*,#2421,.T.);
#1533=ORIENTED_EDGE('',*,*,#2491,.F.);
#1534=ORIENTED_EDGE('',*,*,#2419,.T.);
#1535=ORIENTED_EDGE('',*,*,#2490,.F.);
#1536=ORIENTED_EDGE('',*,*,#2431,.T.);
#1537=ORIENTED_EDGE('',*,*,#2468,.T.);
#1538=ORIENTED_EDGE('',*,*,#2417,.T.);
#1539=ORIENTED_EDGE('',*,*,#2481,.T.);
#1540=ORIENTED_EDGE('',*,*,#2498,.T.);
#1541=ORIENTED_EDGE('',*,*,#2460,.F.);
#1542=ORIENTED_EDGE('',*,*,#2499,.F.);
#1543=ORIENTED_EDGE('',*,*,#2498,.F.);
#1544=ORIENTED_EDGE('',*,*,#2484,.F.);
#1545=ORIENTED_EDGE('',*,*,#2500,.T.);
#1546=ORIENTED_EDGE('',*,*,#2461,.T.);
#1547=ORIENTED_EDGE('',*,*,#2462,.F.);
#1548=ORIENTED_EDGE('',*,*,#2500,.F.);
#1549=ORIENTED_EDGE('',*,*,#2483,.T.);
#1550=ORIENTED_EDGE('',*,*,#2501,.F.);
#1551=ORIENTED_EDGE('',*,*,#2499,.T.);
#1552=ORIENTED_EDGE('',*,*,#2463,.F.);
#1553=ORIENTED_EDGE('',*,*,#2501,.T.);
#1554=ORIENTED_EDGE('',*,*,#2482,.T.);
#1555=ORIENTED_EDGE('',*,*,#2477,.T.);
#1556=ORIENTED_EDGE('',*,*,#2502,.T.);
#1557=ORIENTED_EDGE('',*,*,#2456,.F.);
#1558=ORIENTED_EDGE('',*,*,#2503,.F.);
#1559=ORIENTED_EDGE('',*,*,#2502,.F.);
#1560=ORIENTED_EDGE('',*,*,#2480,.F.);
#1561=ORIENTED_EDGE('',*,*,#2504,.T.);
#1562=ORIENTED_EDGE('',*,*,#2457,.T.);
#1563=ORIENTED_EDGE('',*,*,#2458,.F.);
#1564=ORIENTED_EDGE('',*,*,#2504,.F.);
#1565=ORIENTED_EDGE('',*,*,#2479,.T.);
#1566=ORIENTED_EDGE('',*,*,#2505,.F.);
#1567=ORIENTED_EDGE('',*,*,#2503,.T.);
#1568=ORIENTED_EDGE('',*,*,#2459,.F.);
#1569=ORIENTED_EDGE('',*,*,#2505,.T.);
#1570=ORIENTED_EDGE('',*,*,#2478,.T.);
#1571=ORIENTED_EDGE('',*,*,#2485,.T.);
#1572=ORIENTED_EDGE('',*,*,#2506,.F.);
#1573=ORIENTED_EDGE('',*,*,#2506,.T.);
#1574=ORIENTED_EDGE('',*,*,#2464,.F.);
#1575=ORIENTED_EDGE('',*,*,#2486,.T.);
#1576=ORIENTED_EDGE('',*,*,#2507,.F.);
#1577=ORIENTED_EDGE('',*,*,#2507,.T.);
#1578=ORIENTED_EDGE('',*,*,#2465,.F.);
#1579=ORIENTED_EDGE('',*,*,#2487,.T.);
#1580=ORIENTED_EDGE('',*,*,#2508,.F.);
#1581=ORIENTED_EDGE('',*,*,#2508,.T.);
#1582=ORIENTED_EDGE('',*,*,#2466,.F.);
#1583=ORIENTED_EDGE('',*,*,#2488,.T.);
#1584=ORIENTED_EDGE('',*,*,#2509,.F.);
#1585=ORIENTED_EDGE('',*,*,#2509,.T.);
#1586=ORIENTED_EDGE('',*,*,#2467,.F.);
#1587=ORIENTED_EDGE('',*,*,#2510,.T.);
#1588=ORIENTED_EDGE('',*,*,#2472,.F.);
#1589=ORIENTED_EDGE('',*,*,#2493,.T.);
#1590=ORIENTED_EDGE('',*,*,#2510,.F.);
#1591=ORIENTED_EDGE('',*,*,#2511,.T.);
#1592=ORIENTED_EDGE('',*,*,#2473,.F.);
#1593=ORIENTED_EDGE('',*,*,#2494,.T.);
#1594=ORIENTED_EDGE('',*,*,#2511,.F.);
#1595=ORIENTED_EDGE('',*,*,#2512,.T.);
#1596=ORIENTED_EDGE('',*,*,#2474,.F.);
#1597=ORIENTED_EDGE('',*,*,#2495,.T.);
#1598=ORIENTED_EDGE('',*,*,#2512,.F.);
#1599=ORIENTED_EDGE('',*,*,#2513,.T.);
#1600=ORIENTED_EDGE('',*,*,#2475,.F.);
#1601=ORIENTED_EDGE('',*,*,#2496,.T.);
#1602=ORIENTED_EDGE('',*,*,#2513,.F.);
#1603=ORIENTED_EDGE('',*,*,#2497,.T.);
#1604=ORIENTED_EDGE('',*,*,#2476,.F.);
#1605=ORIENTED_EDGE('',*,*,#2514,.T.);
#1606=ORIENTED_EDGE('',*,*,#2515,.T.);
#1607=ORIENTED_EDGE('',*,*,#2516,.T.);
#1608=ORIENTED_EDGE('',*,*,#2517,.T.);
#1609=ORIENTED_EDGE('',*,*,#2518,.T.);
#1610=ORIENTED_EDGE('',*,*,#2519,.T.);
#1611=ORIENTED_EDGE('',*,*,#2520,.T.);
#1612=ORIENTED_EDGE('',*,*,#2521,.T.);
#1613=ORIENTED_EDGE('',*,*,#2522,.T.);
#1614=ORIENTED_EDGE('',*,*,#2523,.T.);
#1615=ORIENTED_EDGE('',*,*,#2524,.T.);
#1616=ORIENTED_EDGE('',*,*,#2525,.T.);
#1617=ORIENTED_EDGE('',*,*,#2526,.T.);
#1618=ORIENTED_EDGE('',*,*,#2527,.T.);
#1619=ORIENTED_EDGE('',*,*,#2528,.T.);
#1620=ORIENTED_EDGE('',*,*,#2529,.T.);
#1621=ORIENTED_EDGE('',*,*,#2530,.F.);
#1622=ORIENTED_EDGE('',*,*,#2531,.F.);
#1623=ORIENTED_EDGE('',*,*,#2532,.F.);
#1624=ORIENTED_EDGE('',*,*,#2533,.T.);
#1625=ORIENTED_EDGE('',*,*,#2534,.T.);
#1626=ORIENTED_EDGE('',*,*,#2532,.T.);
#1627=ORIENTED_EDGE('',*,*,#2535,.F.);
#1628=ORIENTED_EDGE('',*,*,#2536,.T.);
#1629=ORIENTED_EDGE('',*,*,#2537,.T.);
#1630=ORIENTED_EDGE('',*,*,#2538,.F.);
#1631=ORIENTED_EDGE('',*,*,#2536,.F.);
#1632=ORIENTED_EDGE('',*,*,#2539,.T.);
#1633=ORIENTED_EDGE('',*,*,#2540,.F.);
#1634=ORIENTED_EDGE('',*,*,#2530,.T.);
#1635=ORIENTED_EDGE('',*,*,#2541,.T.);
#1636=ORIENTED_EDGE('',*,*,#2537,.F.);
#1637=ORIENTED_EDGE('',*,*,#2542,.F.);
#1638=ORIENTED_EDGE('',*,*,#2543,.F.);
#1639=ORIENTED_EDGE('',*,*,#2544,.F.);
#1640=ORIENTED_EDGE('',*,*,#2545,.T.);
#1641=ORIENTED_EDGE('',*,*,#2546,.T.);
#1642=ORIENTED_EDGE('',*,*,#2547,.F.);
#1643=ORIENTED_EDGE('',*,*,#2548,.F.);
#1644=ORIENTED_EDGE('',*,*,#2549,.T.);
#1645=ORIENTED_EDGE('',*,*,#2550,.T.);
#1646=ORIENTED_EDGE('',*,*,#2544,.T.);
#1647=ORIENTED_EDGE('',*,*,#2551,.F.);
#1648=ORIENTED_EDGE('',*,*,#2548,.T.);
#1649=ORIENTED_EDGE('',*,*,#2552,.F.);
#1650=ORIENTED_EDGE('',*,*,#2542,.T.);
#1651=ORIENTED_EDGE('',*,*,#2553,.T.);
#1652=ORIENTED_EDGE('',*,*,#2546,.F.);
#1653=ORIENTED_EDGE('',*,*,#2554,.F.);
#1654=ORIENTED_EDGE('',*,*,#2555,.F.);
#1655=ORIENTED_EDGE('',*,*,#2556,.F.);
#1656=ORIENTED_EDGE('',*,*,#2557,.T.);
#1657=ORIENTED_EDGE('',*,*,#2558,.F.);
#1658=ORIENTED_EDGE('',*,*,#2559,.F.);
#1659=ORIENTED_EDGE('',*,*,#2560,.F.);
#1660=ORIENTED_EDGE('',*,*,#2561,.T.);
#1661=ORIENTED_EDGE('',*,*,#2562,.F.);
#1662=ORIENTED_EDGE('',*,*,#2563,.F.);
#1663=ORIENTED_EDGE('',*,*,#2564,.F.);
#1664=ORIENTED_EDGE('',*,*,#2565,.F.);
#1665=ORIENTED_EDGE('',*,*,#2566,.T.);
#1666=ORIENTED_EDGE('',*,*,#2516,.F.);
#1667=ORIENTED_EDGE('',*,*,#2567,.T.);
#1668=ORIENTED_EDGE('',*,*,#2520,.F.);
#1669=ORIENTED_EDGE('',*,*,#2568,.T.);
#1670=ORIENTED_EDGE('',*,*,#2524,.F.);
#1671=ORIENTED_EDGE('',*,*,#2569,.T.);
#1672=ORIENTED_EDGE('',*,*,#2528,.F.);
#1673=ORIENTED_EDGE('',*,*,#2570,.F.);
#1674=ORIENTED_EDGE('',*,*,#2571,.F.);
#1675=ORIENTED_EDGE('',*,*,#2572,.F.);
#1676=ORIENTED_EDGE('',*,*,#2573,.F.);
#1677=ORIENTED_EDGE('',*,*,#2545,.F.);
#1678=ORIENTED_EDGE('',*,*,#2550,.F.);
#1679=ORIENTED_EDGE('',*,*,#2547,.T.);
#1680=ORIENTED_EDGE('',*,*,#2553,.F.);
#1681=ORIENTED_EDGE('',*,*,#2541,.F.);
#1682=ORIENTED_EDGE('',*,*,#2533,.F.);
#1683=ORIENTED_EDGE('',*,*,#2534,.F.);
#1684=ORIENTED_EDGE('',*,*,#2538,.T.);
#1685=ORIENTED_EDGE('',*,*,#2574,.F.);
#1686=ORIENTED_EDGE('',*,*,#2575,.T.);
#1687=ORIENTED_EDGE('',*,*,#2576,.F.);
#1688=ORIENTED_EDGE('',*,*,#2577,.T.);
#1689=ORIENTED_EDGE('',*,*,#2578,.T.);
#1690=ORIENTED_EDGE('',*,*,#2579,.T.);
#1691=ORIENTED_EDGE('',*,*,#2580,.F.);
#1692=ORIENTED_EDGE('',*,*,#2581,.T.);
#1693=ORIENTED_EDGE('',*,*,#2582,.T.);
#1694=ORIENTED_EDGE('',*,*,#2583,.T.);
#1695=ORIENTED_EDGE('',*,*,#2584,.T.);
#1696=ORIENTED_EDGE('',*,*,#2585,.T.);
#1697=ORIENTED_EDGE('',*,*,#2586,.T.);
#1698=ORIENTED_EDGE('',*,*,#2587,.F.);
#1699=ORIENTED_EDGE('',*,*,#2522,.F.);
#1700=ORIENTED_EDGE('',*,*,#2588,.F.);
#1701=ORIENTED_EDGE('',*,*,#2518,.F.);
#1702=ORIENTED_EDGE('',*,*,#2589,.F.);
#1703=ORIENTED_EDGE('',*,*,#2514,.F.);
#1704=ORIENTED_EDGE('',*,*,#2590,.F.);
#1705=ORIENTED_EDGE('',*,*,#2526,.F.);
#1706=ORIENTED_EDGE('',*,*,#2591,.T.);
#1707=ORIENTED_EDGE('',*,*,#2592,.T.);
#1708=ORIENTED_EDGE('',*,*,#2593,.T.);
#1709=ORIENTED_EDGE('',*,*,#2594,.T.);
#1710=ORIENTED_EDGE('',*,*,#2543,.T.);
#1711=ORIENTED_EDGE('',*,*,#2552,.T.);
#1712=ORIENTED_EDGE('',*,*,#2549,.F.);
#1713=ORIENTED_EDGE('',*,*,#2551,.T.);
#1714=ORIENTED_EDGE('',*,*,#2539,.F.);
#1715=ORIENTED_EDGE('',*,*,#2535,.T.);
#1716=ORIENTED_EDGE('',*,*,#2531,.T.);
#1717=ORIENTED_EDGE('',*,*,#2540,.T.);
#1718=ORIENTED_EDGE('',*,*,#2595,.T.);
#1719=ORIENTED_EDGE('',*,*,#2569,.F.);
#1720=ORIENTED_EDGE('',*,*,#2523,.F.);
#1721=ORIENTED_EDGE('',*,*,#2587,.T.);
#1722=ORIENTED_EDGE('',*,*,#2529,.F.);
#1723=ORIENTED_EDGE('',*,*,#2568,.F.);
#1724=ORIENTED_EDGE('',*,*,#2519,.F.);
#1725=ORIENTED_EDGE('',*,*,#2588,.T.);
#1726=ORIENTED_EDGE('',*,*,#2525,.F.);
#1727=ORIENTED_EDGE('',*,*,#2567,.F.);
#1728=ORIENTED_EDGE('',*,*,#2515,.F.);
#1729=ORIENTED_EDGE('',*,*,#2589,.T.);
#1730=ORIENTED_EDGE('',*,*,#2521,.F.);
#1731=ORIENTED_EDGE('',*,*,#2590,.T.);
#1732=ORIENTED_EDGE('',*,*,#2517,.F.);
#1733=ORIENTED_EDGE('',*,*,#2566,.F.);
#1734=ORIENTED_EDGE('',*,*,#2527,.F.);
#1735=ORIENTED_EDGE('',*,*,#2579,.F.);
#1736=ORIENTED_EDGE('',*,*,#2596,.T.);
#1737=ORIENTED_EDGE('',*,*,#2558,.T.);
#1738=ORIENTED_EDGE('',*,*,#2597,.F.);
#1739=ORIENTED_EDGE('',*,*,#2597,.T.);
#1740=ORIENTED_EDGE('',*,*,#2561,.F.);
#1741=ORIENTED_EDGE('',*,*,#2598,.F.);
#1742=ORIENTED_EDGE('',*,*,#2580,.T.);
#1743=ORIENTED_EDGE('',*,*,#2560,.T.);
#1744=ORIENTED_EDGE('',*,*,#2599,.T.);
#1745=ORIENTED_EDGE('',*,*,#2581,.F.);
#1746=ORIENTED_EDGE('',*,*,#2598,.T.);
#1747=ORIENTED_EDGE('',*,*,#2596,.F.);
#1748=ORIENTED_EDGE('',*,*,#2582,.F.);
#1749=ORIENTED_EDGE('',*,*,#2599,.F.);
#1750=ORIENTED_EDGE('',*,*,#2559,.T.);
#1751=ORIENTED_EDGE('',*,*,#2575,.F.);
#1752=ORIENTED_EDGE('',*,*,#2600,.T.);
#1753=ORIENTED_EDGE('',*,*,#2554,.T.);
#1754=ORIENTED_EDGE('',*,*,#2601,.F.);
#1755=ORIENTED_EDGE('',*,*,#2601,.T.);
#1756=ORIENTED_EDGE('',*,*,#2557,.F.);
#1757=ORIENTED_EDGE('',*,*,#2602,.F.);
#1758=ORIENTED_EDGE('',*,*,#2576,.T.);
#1759=ORIENTED_EDGE('',*,*,#2556,.T.);
#1760=ORIENTED_EDGE('',*,*,#2603,.T.);
#1761=ORIENTED_EDGE('',*,*,#2577,.F.);
#1762=ORIENTED_EDGE('',*,*,#2602,.T.);
#1763=ORIENTED_EDGE('',*,*,#2600,.F.);
#1764=ORIENTED_EDGE('',*,*,#2578,.F.);
#1765=ORIENTED_EDGE('',*,*,#2603,.F.);
#1766=ORIENTED_EDGE('',*,*,#2555,.T.);
#1767=ORIENTED_EDGE('',*,*,#2583,.F.);
#1768=ORIENTED_EDGE('',*,*,#2604,.T.);
#1769=ORIENTED_EDGE('',*,*,#2604,.F.);
#1770=ORIENTED_EDGE('',*,*,#2562,.T.);
#1771=ORIENTED_EDGE('',*,*,#2584,.F.);
#1772=ORIENTED_EDGE('',*,*,#2605,.T.);
#1773=ORIENTED_EDGE('',*,*,#2605,.F.);
#1774=ORIENTED_EDGE('',*,*,#2563,.T.);
#1775=ORIENTED_EDGE('',*,*,#2585,.F.);
#1776=ORIENTED_EDGE('',*,*,#2606,.T.);
#1777=ORIENTED_EDGE('',*,*,#2606,.F.);
#1778=ORIENTED_EDGE('',*,*,#2564,.T.);
#1779=ORIENTED_EDGE('',*,*,#2586,.F.);
#1780=ORIENTED_EDGE('',*,*,#2607,.T.);
#1781=ORIENTED_EDGE('',*,*,#2607,.F.);
#1782=ORIENTED_EDGE('',*,*,#2565,.T.);
#1783=ORIENTED_EDGE('',*,*,#2608,.F.);
#1784=ORIENTED_EDGE('',*,*,#2570,.T.);
#1785=ORIENTED_EDGE('',*,*,#2591,.F.);
#1786=ORIENTED_EDGE('',*,*,#2608,.T.);
#1787=ORIENTED_EDGE('',*,*,#2609,.F.);
#1788=ORIENTED_EDGE('',*,*,#2571,.T.);
#1789=ORIENTED_EDGE('',*,*,#2592,.F.);
#1790=ORIENTED_EDGE('',*,*,#2609,.T.);
#1791=ORIENTED_EDGE('',*,*,#2610,.F.);
#1792=ORIENTED_EDGE('',*,*,#2572,.T.);
#1793=ORIENTED_EDGE('',*,*,#2593,.F.);
#1794=ORIENTED_EDGE('',*,*,#2610,.T.);
#1795=ORIENTED_EDGE('',*,*,#2611,.F.);
#1796=ORIENTED_EDGE('',*,*,#2573,.T.);
#1797=ORIENTED_EDGE('',*,*,#2594,.F.);
#1798=ORIENTED_EDGE('',*,*,#2611,.T.);
#1799=ORIENTED_EDGE('',*,*,#2595,.F.);
#1800=ORIENTED_EDGE('',*,*,#2574,.T.);
#1801=ORIENTED_EDGE('',*,*,#2612,.F.);
#1802=ORIENTED_EDGE('',*,*,#2613,.F.);
#1803=ORIENTED_EDGE('',*,*,#2612,.T.);
#1804=ORIENTED_EDGE('',*,*,#2613,.T.);
#1805=ORIENTED_EDGE('',*,*,#2614,.T.);
#1806=ORIENTED_EDGE('',*,*,#2615,.F.);
#1807=ORIENTED_EDGE('',*,*,#2616,.T.);
#1808=ORIENTED_EDGE('',*,*,#2617,.F.);
#1809=ORIENTED_EDGE('',*,*,#2617,.T.);
#1810=ORIENTED_EDGE('',*,*,#2614,.F.);
#1811=ORIENTED_EDGE('',*,*,#2616,.F.);
#1812=ORIENTED_EDGE('',*,*,#2615,.T.);
#1813=ORIENTED_EDGE('',*,*,#2618,.T.);
#1814=ORIENTED_EDGE('',*,*,#2619,.T.);
#1815=ORIENTED_EDGE('',*,*,#2618,.F.);
#1816=ORIENTED_EDGE('',*,*,#2619,.F.);
#1817=ORIENTED_EDGE('',*,*,#2620,.F.);
#1818=ORIENTED_EDGE('',*,*,#2621,.F.);
#1819=ORIENTED_EDGE('',*,*,#2622,.F.);
#1820=ORIENTED_EDGE('',*,*,#2623,.F.);
#1821=ORIENTED_EDGE('',*,*,#2624,.T.);
#1822=ORIENTED_EDGE('',*,*,#2625,.T.);
#1823=ORIENTED_EDGE('',*,*,#2626,.T.);
#1824=ORIENTED_EDGE('',*,*,#2627,.T.);
#1825=ORIENTED_EDGE('',*,*,#2621,.T.);
#1826=ORIENTED_EDGE('',*,*,#2628,.F.);
#1827=ORIENTED_EDGE('',*,*,#2627,.F.);
#1828=ORIENTED_EDGE('',*,*,#2629,.T.);
#1829=ORIENTED_EDGE('',*,*,#2630,.F.);
#1830=ORIENTED_EDGE('',*,*,#2631,.F.);
#1831=ORIENTED_EDGE('',*,*,#2632,.F.);
#1832=ORIENTED_EDGE('',*,*,#2633,.F.);
#1833=ORIENTED_EDGE('',*,*,#2634,.F.);
#1834=ORIENTED_EDGE('',*,*,#2622,.T.);
#1835=ORIENTED_EDGE('',*,*,#2629,.F.);
#1836=ORIENTED_EDGE('',*,*,#2626,.F.);
#1837=ORIENTED_EDGE('',*,*,#2635,.T.);
#1838=ORIENTED_EDGE('',*,*,#2623,.T.);
#1839=ORIENTED_EDGE('',*,*,#2635,.F.);
#1840=ORIENTED_EDGE('',*,*,#2625,.F.);
#1841=ORIENTED_EDGE('',*,*,#2636,.T.);
#1842=ORIENTED_EDGE('',*,*,#2620,.T.);
#1843=ORIENTED_EDGE('',*,*,#2636,.F.);
#1844=ORIENTED_EDGE('',*,*,#2624,.F.);
#1845=ORIENTED_EDGE('',*,*,#2628,.T.);
#1846=ORIENTED_EDGE('',*,*,#2637,.F.);
#1847=ORIENTED_EDGE('',*,*,#2638,.F.);
#1848=ORIENTED_EDGE('',*,*,#2639,.F.);
#1849=ORIENTED_EDGE('',*,*,#2640,.F.);
#1850=ORIENTED_EDGE('',*,*,#2641,.T.);
#1851=ORIENTED_EDGE('',*,*,#2637,.T.);
#1852=ORIENTED_EDGE('',*,*,#2641,.F.);
#1853=ORIENTED_EDGE('',*,*,#2642,.T.);
#1854=ORIENTED_EDGE('',*,*,#2638,.T.);
#1855=ORIENTED_EDGE('',*,*,#2642,.F.);
#1856=ORIENTED_EDGE('',*,*,#2643,.T.);
#1857=ORIENTED_EDGE('',*,*,#2639,.T.);
#1858=ORIENTED_EDGE('',*,*,#2643,.F.);
#1859=ORIENTED_EDGE('',*,*,#2644,.T.);
#1860=ORIENTED_EDGE('',*,*,#2640,.T.);
#1861=ORIENTED_EDGE('',*,*,#2644,.F.);
#1862=ORIENTED_EDGE('',*,*,#2645,.T.);
#1863=ORIENTED_EDGE('',*,*,#2630,.T.);
#1864=ORIENTED_EDGE('',*,*,#2645,.F.);
#1865=ORIENTED_EDGE('',*,*,#2646,.T.);
#1866=ORIENTED_EDGE('',*,*,#2631,.T.);
#1867=ORIENTED_EDGE('',*,*,#2646,.F.);
#1868=ORIENTED_EDGE('',*,*,#2647,.T.);
#1869=ORIENTED_EDGE('',*,*,#2632,.T.);
#1870=ORIENTED_EDGE('',*,*,#2647,.F.);
#1871=ORIENTED_EDGE('',*,*,#2648,.T.);
#1872=ORIENTED_EDGE('',*,*,#2633,.T.);
#1873=ORIENTED_EDGE('',*,*,#2648,.F.);
#1874=ORIENTED_EDGE('',*,*,#2649,.T.);
#1875=ORIENTED_EDGE('',*,*,#2634,.T.);
#1876=ORIENTED_EDGE('',*,*,#2649,.F.);
#1877=ORIENTED_EDGE('',*,*,#2650,.T.);
#1878=ORIENTED_EDGE('',*,*,#2651,.T.);
#1879=ORIENTED_EDGE('',*,*,#2650,.F.);
#1880=ORIENTED_EDGE('',*,*,#2651,.F.);
#1881=ORIENTED_EDGE('',*,*,#2652,.T.);
#1882=ORIENTED_EDGE('',*,*,#2653,.F.);
#1883=ORIENTED_EDGE('',*,*,#2652,.F.);
#1884=ORIENTED_EDGE('',*,*,#2653,.T.);
#1885=ORIENTED_EDGE('',*,*,#2654,.T.);
#1886=ORIENTED_EDGE('',*,*,#2655,.F.);
#1887=ORIENTED_EDGE('',*,*,#2655,.T.);
#1888=ORIENTED_EDGE('',*,*,#2654,.F.);
#1889=ORIENTED_EDGE('',*,*,#2656,.F.);
#1890=ORIENTED_EDGE('',*,*,#2657,.F.);
#1891=ORIENTED_EDGE('',*,*,#2658,.F.);
#1892=ORIENTED_EDGE('',*,*,#2659,.F.);
#1893=ORIENTED_EDGE('',*,*,#2660,.F.);
#1894=ORIENTED_EDGE('',*,*,#2661,.F.);
#1895=ORIENTED_EDGE('',*,*,#2662,.F.);
#1896=ORIENTED_EDGE('',*,*,#2663,.F.);
#1897=ORIENTED_EDGE('',*,*,#2664,.F.);
#1898=ORIENTED_EDGE('',*,*,#2665,.F.);
#1899=ORIENTED_EDGE('',*,*,#2666,.F.);
#1900=ORIENTED_EDGE('',*,*,#2667,.F.);
#1901=ORIENTED_EDGE('',*,*,#2668,.F.);
#1902=ORIENTED_EDGE('',*,*,#2669,.F.);
#1903=ORIENTED_EDGE('',*,*,#2670,.F.);
#1904=ORIENTED_EDGE('',*,*,#2671,.F.);
#1905=ORIENTED_EDGE('',*,*,#2672,.T.);
#1906=ORIENTED_EDGE('',*,*,#2671,.T.);
#1907=ORIENTED_EDGE('',*,*,#2673,.T.);
#1908=ORIENTED_EDGE('',*,*,#2667,.T.);
#1909=ORIENTED_EDGE('',*,*,#2674,.F.);
#1910=ORIENTED_EDGE('',*,*,#2669,.T.);
#1911=ORIENTED_EDGE('',*,*,#2675,.T.);
#1912=ORIENTED_EDGE('',*,*,#2676,.T.);
#1913=ORIENTED_EDGE('',*,*,#2677,.F.);
#1914=ORIENTED_EDGE('',*,*,#2665,.T.);
#1915=ORIENTED_EDGE('',*,*,#2678,.T.);
#1916=ORIENTED_EDGE('',*,*,#2679,.T.);
#1917=ORIENTED_EDGE('',*,*,#2680,.F.);
#1918=ORIENTED_EDGE('',*,*,#2681,.F.);
#1919=ORIENTED_EDGE('',*,*,#2682,.F.);
#1920=ORIENTED_EDGE('',*,*,#2683,.F.);
#1921=ORIENTED_EDGE('',*,*,#2684,.F.);
#1922=ORIENTED_EDGE('',*,*,#2685,.F.);
#1923=ORIENTED_EDGE('',*,*,#2686,.F.);
#1924=ORIENTED_EDGE('',*,*,#2687,.F.);
#1925=ORIENTED_EDGE('',*,*,#2688,.T.);
#1926=ORIENTED_EDGE('',*,*,#2687,.T.);
#1927=ORIENTED_EDGE('',*,*,#2689,.T.);
#1928=ORIENTED_EDGE('',*,*,#2683,.T.);
#1929=ORIENTED_EDGE('',*,*,#2690,.F.);
#1930=ORIENTED_EDGE('',*,*,#2685,.T.);
#1931=ORIENTED_EDGE('',*,*,#2691,.T.);
#1932=ORIENTED_EDGE('',*,*,#2692,.T.);
#1933=ORIENTED_EDGE('',*,*,#2693,.F.);
#1934=ORIENTED_EDGE('',*,*,#2681,.T.);
#1935=ORIENTED_EDGE('',*,*,#2694,.T.);
#1936=ORIENTED_EDGE('',*,*,#2695,.T.);
#1937=ORIENTED_EDGE('',*,*,#2696,.F.);
#1938=ORIENTED_EDGE('',*,*,#2697,.F.);
#1939=ORIENTED_EDGE('',*,*,#2698,.F.);
#1940=ORIENTED_EDGE('',*,*,#2699,.F.);
#1941=ORIENTED_EDGE('',*,*,#2700,.F.);
#1942=ORIENTED_EDGE('',*,*,#2701,.F.);
#1943=ORIENTED_EDGE('',*,*,#2702,.F.);
#1944=ORIENTED_EDGE('',*,*,#2703,.F.);
#1945=ORIENTED_EDGE('',*,*,#2704,.T.);
#1946=ORIENTED_EDGE('',*,*,#2703,.T.);
#1947=ORIENTED_EDGE('',*,*,#2705,.T.);
#1948=ORIENTED_EDGE('',*,*,#2699,.T.);
#1949=ORIENTED_EDGE('',*,*,#2706,.F.);
#1950=ORIENTED_EDGE('',*,*,#2701,.T.);
#1951=ORIENTED_EDGE('',*,*,#2707,.T.);
#1952=ORIENTED_EDGE('',*,*,#2708,.T.);
#1953=ORIENTED_EDGE('',*,*,#2709,.F.);
#1954=ORIENTED_EDGE('',*,*,#2697,.T.);
#1955=ORIENTED_EDGE('',*,*,#2710,.T.);
#1956=ORIENTED_EDGE('',*,*,#2711,.T.);
#1957=ORIENTED_EDGE('',*,*,#2712,.F.);
#1958=ORIENTED_EDGE('',*,*,#2713,.F.);
#1959=ORIENTED_EDGE('',*,*,#2714,.F.);
#1960=ORIENTED_EDGE('',*,*,#2715,.F.);
#1961=ORIENTED_EDGE('',*,*,#2716,.F.);
#1962=ORIENTED_EDGE('',*,*,#2717,.F.);
#1963=ORIENTED_EDGE('',*,*,#2718,.F.);
#1964=ORIENTED_EDGE('',*,*,#2719,.F.);
#1965=ORIENTED_EDGE('',*,*,#2720,.T.);
#1966=ORIENTED_EDGE('',*,*,#2719,.T.);
#1967=ORIENTED_EDGE('',*,*,#2721,.T.);
#1968=ORIENTED_EDGE('',*,*,#2715,.T.);
#1969=ORIENTED_EDGE('',*,*,#2722,.F.);
#1970=ORIENTED_EDGE('',*,*,#2717,.T.);
#1971=ORIENTED_EDGE('',*,*,#2723,.T.);
#1972=ORIENTED_EDGE('',*,*,#2724,.T.);
#1973=ORIENTED_EDGE('',*,*,#2725,.F.);
#1974=ORIENTED_EDGE('',*,*,#2713,.T.);
#1975=ORIENTED_EDGE('',*,*,#2726,.T.);
#1976=ORIENTED_EDGE('',*,*,#2727,.T.);
#1977=ORIENTED_EDGE('',*,*,#2728,.F.);
#1978=ORIENTED_EDGE('',*,*,#2729,.F.);
#1979=ORIENTED_EDGE('',*,*,#2730,.F.);
#1980=ORIENTED_EDGE('',*,*,#2731,.F.);
#1981=ORIENTED_EDGE('',*,*,#2732,.F.);
#1982=ORIENTED_EDGE('',*,*,#2733,.F.);
#1983=ORIENTED_EDGE('',*,*,#2734,.F.);
#1984=ORIENTED_EDGE('',*,*,#2735,.F.);
#1985=ORIENTED_EDGE('',*,*,#2736,.T.);
#1986=ORIENTED_EDGE('',*,*,#2735,.T.);
#1987=ORIENTED_EDGE('',*,*,#2737,.T.);
#1988=ORIENTED_EDGE('',*,*,#2731,.T.);
#1989=ORIENTED_EDGE('',*,*,#2738,.F.);
#1990=ORIENTED_EDGE('',*,*,#2733,.T.);
#1991=ORIENTED_EDGE('',*,*,#2739,.T.);
#1992=ORIENTED_EDGE('',*,*,#2740,.T.);
#1993=ORIENTED_EDGE('',*,*,#2741,.F.);
#1994=ORIENTED_EDGE('',*,*,#2729,.T.);
#1995=ORIENTED_EDGE('',*,*,#2742,.T.);
#1996=ORIENTED_EDGE('',*,*,#2743,.T.);
#1997=ORIENTED_EDGE('',*,*,#2676,.F.);
#1998=ORIENTED_EDGE('',*,*,#2744,.F.);
#1999=ORIENTED_EDGE('',*,*,#2745,.F.);
#2000=ORIENTED_EDGE('',*,*,#2746,.F.);
#2001=ORIENTED_EDGE('',*,*,#2747,.T.);
#2002=ORIENTED_EDGE('',*,*,#2663,.T.);
#2003=ORIENTED_EDGE('',*,*,#2748,.T.);
#2004=ORIENTED_EDGE('',*,*,#2659,.T.);
#2005=ORIENTED_EDGE('',*,*,#2749,.F.);
#2006=ORIENTED_EDGE('',*,*,#2657,.T.);
#2007=ORIENTED_EDGE('',*,*,#2750,.T.);
#2008=ORIENTED_EDGE('',*,*,#2751,.T.);
#2009=ORIENTED_EDGE('',*,*,#2748,.F.);
#2010=ORIENTED_EDGE('',*,*,#2662,.T.);
#2011=ORIENTED_EDGE('',*,*,#2752,.T.);
#2012=ORIENTED_EDGE('',*,*,#2744,.T.);
#2013=ORIENTED_EDGE('',*,*,#2675,.F.);
#2014=ORIENTED_EDGE('',*,*,#2668,.T.);
#2015=ORIENTED_EDGE('',*,*,#2672,.F.);
#2016=ORIENTED_EDGE('',*,*,#2666,.T.);
#2017=ORIENTED_EDGE('',*,*,#2677,.T.);
#2018=ORIENTED_EDGE('',*,*,#2753,.T.);
#2019=ORIENTED_EDGE('',*,*,#2691,.F.);
#2020=ORIENTED_EDGE('',*,*,#2684,.T.);
#2021=ORIENTED_EDGE('',*,*,#2688,.F.);
#2022=ORIENTED_EDGE('',*,*,#2682,.T.);
#2023=ORIENTED_EDGE('',*,*,#2693,.T.);
#2024=ORIENTED_EDGE('',*,*,#2754,.T.);
#2025=ORIENTED_EDGE('',*,*,#2707,.F.);
#2026=ORIENTED_EDGE('',*,*,#2700,.T.);
#2027=ORIENTED_EDGE('',*,*,#2704,.F.);
#2028=ORIENTED_EDGE('',*,*,#2698,.T.);
#2029=ORIENTED_EDGE('',*,*,#2709,.T.);
#2030=ORIENTED_EDGE('',*,*,#2755,.T.);
#2031=ORIENTED_EDGE('',*,*,#2723,.F.);
#2032=ORIENTED_EDGE('',*,*,#2716,.T.);
#2033=ORIENTED_EDGE('',*,*,#2720,.F.);
#2034=ORIENTED_EDGE('',*,*,#2714,.T.);
#2035=ORIENTED_EDGE('',*,*,#2725,.T.);
#2036=ORIENTED_EDGE('',*,*,#2756,.T.);
#2037=ORIENTED_EDGE('',*,*,#2739,.F.);
#2038=ORIENTED_EDGE('',*,*,#2732,.T.);
#2039=ORIENTED_EDGE('',*,*,#2736,.F.);
#2040=ORIENTED_EDGE('',*,*,#2730,.T.);
#2041=ORIENTED_EDGE('',*,*,#2741,.T.);
#2042=ORIENTED_EDGE('',*,*,#2757,.T.);
#2043=ORIENTED_EDGE('',*,*,#2750,.F.);
#2044=ORIENTED_EDGE('',*,*,#2656,.T.);
#2045=ORIENTED_EDGE('',*,*,#2752,.F.);
#2046=ORIENTED_EDGE('',*,*,#2661,.T.);
#2047=ORIENTED_EDGE('',*,*,#2758,.T.);
#2048=ORIENTED_EDGE('',*,*,#2745,.T.);
#2049=ORIENTED_EDGE('',*,*,#2758,.F.);
#2050=ORIENTED_EDGE('',*,*,#2660,.T.);
#2051=ORIENTED_EDGE('',*,*,#2747,.F.);
#2052=ORIENTED_EDGE('',*,*,#2658,.T.);
#2053=ORIENTED_EDGE('',*,*,#2749,.T.);
#2054=ORIENTED_EDGE('',*,*,#2759,.T.);
#2055=ORIENTED_EDGE('',*,*,#2742,.F.);
#2056=ORIENTED_EDGE('',*,*,#2728,.T.);
#2057=ORIENTED_EDGE('',*,*,#2737,.F.);
#2058=ORIENTED_EDGE('',*,*,#2734,.T.);
#2059=ORIENTED_EDGE('',*,*,#2738,.T.);
#2060=ORIENTED_EDGE('',*,*,#2760,.T.);
#2061=ORIENTED_EDGE('',*,*,#2726,.F.);
#2062=ORIENTED_EDGE('',*,*,#2712,.T.);
#2063=ORIENTED_EDGE('',*,*,#2721,.F.);
#2064=ORIENTED_EDGE('',*,*,#2718,.T.);
#2065=ORIENTED_EDGE('',*,*,#2722,.T.);
#2066=ORIENTED_EDGE('',*,*,#2761,.T.);
#2067=ORIENTED_EDGE('',*,*,#2710,.F.);
#2068=ORIENTED_EDGE('',*,*,#2696,.T.);
#2069=ORIENTED_EDGE('',*,*,#2705,.F.);
#2070=ORIENTED_EDGE('',*,*,#2702,.T.);
#2071=ORIENTED_EDGE('',*,*,#2706,.T.);
#2072=ORIENTED_EDGE('',*,*,#2762,.T.);
#2073=ORIENTED_EDGE('',*,*,#2694,.F.);
#2074=ORIENTED_EDGE('',*,*,#2680,.T.);
#2075=ORIENTED_EDGE('',*,*,#2689,.F.);
#2076=ORIENTED_EDGE('',*,*,#2686,.T.);
#2077=ORIENTED_EDGE('',*,*,#2690,.T.);
#2078=ORIENTED_EDGE('',*,*,#2763,.T.);
#2079=ORIENTED_EDGE('',*,*,#2678,.F.);
#2080=ORIENTED_EDGE('',*,*,#2664,.T.);
#2081=ORIENTED_EDGE('',*,*,#2673,.F.);
#2082=ORIENTED_EDGE('',*,*,#2670,.T.);
#2083=ORIENTED_EDGE('',*,*,#2674,.T.);
#2084=ORIENTED_EDGE('',*,*,#2746,.T.);
#2085=ORIENTED_EDGE('',*,*,#2743,.F.);
#2086=ORIENTED_EDGE('',*,*,#2759,.F.);
#2087=ORIENTED_EDGE('',*,*,#2751,.F.);
#2088=ORIENTED_EDGE('',*,*,#2757,.F.);
#2089=ORIENTED_EDGE('',*,*,#2727,.F.);
#2090=ORIENTED_EDGE('',*,*,#2760,.F.);
#2091=ORIENTED_EDGE('',*,*,#2740,.F.);
#2092=ORIENTED_EDGE('',*,*,#2756,.F.);
#2093=ORIENTED_EDGE('',*,*,#2711,.F.);
#2094=ORIENTED_EDGE('',*,*,#2761,.F.);
#2095=ORIENTED_EDGE('',*,*,#2724,.F.);
#2096=ORIENTED_EDGE('',*,*,#2755,.F.);
#2097=ORIENTED_EDGE('',*,*,#2695,.F.);
#2098=ORIENTED_EDGE('',*,*,#2762,.F.);
#2099=ORIENTED_EDGE('',*,*,#2708,.F.);
#2100=ORIENTED_EDGE('',*,*,#2754,.F.);
#2101=ORIENTED_EDGE('',*,*,#2679,.F.);
#2102=ORIENTED_EDGE('',*,*,#2763,.F.);
#2103=ORIENTED_EDGE('',*,*,#2692,.F.);
#2104=ORIENTED_EDGE('',*,*,#2753,.F.);
#2105=ORIENTED_EDGE('',*,*,#2764,.F.);
#2106=ORIENTED_EDGE('',*,*,#2765,.T.);
#2107=ORIENTED_EDGE('',*,*,#2764,.T.);
#2108=ORIENTED_EDGE('',*,*,#2765,.F.);
#2109=EDGE_CURVE('',#2766,#2767,#3260,.T.);
#2110=EDGE_CURVE('',#2767,#2768,#3261,.T.);
#2111=EDGE_CURVE('',#2768,#2769,#3262,.T.);
#2112=EDGE_CURVE('',#2769,#2770,#3263,.T.);
#2113=EDGE_CURVE('',#2770,#2771,#3264,.T.);
#2114=EDGE_CURVE('',#2771,#2766,#3265,.T.);
#2115=EDGE_CURVE('',#2772,#2773,#3266,.T.);
#2116=EDGE_CURVE('',#2768,#2773,#3267,.T.);
#2117=EDGE_CURVE('',#2767,#2772,#3268,.T.);
#2118=EDGE_CURVE('',#2773,#2774,#3269,.T.);
#2119=EDGE_CURVE('',#2769,#2774,#3270,.T.);
#2120=EDGE_CURVE('',#2774,#2775,#3271,.T.);
#2121=EDGE_CURVE('',#2770,#2775,#3272,.T.);
#2122=EDGE_CURVE('',#2775,#2776,#3273,.T.);
#2123=EDGE_CURVE('',#2771,#2776,#3274,.T.);
#2124=EDGE_CURVE('',#2776,#2777,#3275,.T.);
#2125=EDGE_CURVE('',#2766,#2777,#3276,.T.);
#2126=EDGE_CURVE('',#2777,#2772,#3277,.T.);
#2127=EDGE_CURVE('',#2778,#2778,#522,.T.);
#2128=EDGE_CURVE('',#2779,#2779,#523,.T.);
#2129=EDGE_CURVE('',#2780,#2780,#524,.T.);
#2130=EDGE_CURVE('',#2781,#2781,#525,.T.);
#2131=EDGE_CURVE('',#2782,#2782,#526,.T.);
#2132=EDGE_CURVE('',#2783,#2784,#3278,.T.);
#2133=EDGE_CURVE('',#2784,#2785,#3279,.T.);
#2134=EDGE_CURVE('',#2785,#2786,#3280,.T.);
#2135=EDGE_CURVE('',#2786,#2787,#3281,.T.);
#2136=EDGE_CURVE('',#2787,#2788,#3282,.T.);
#2137=EDGE_CURVE('',#2788,#2783,#3283,.T.);
#2138=EDGE_CURVE('',#2789,#2790,#3284,.T.);
#2139=EDGE_CURVE('',#2785,#2790,#3285,.T.);
#2140=EDGE_CURVE('',#2784,#2789,#3286,.T.);
#2141=EDGE_CURVE('',#2790,#2791,#3287,.T.);
#2142=EDGE_CURVE('',#2786,#2791,#3288,.T.);
#2143=EDGE_CURVE('',#2791,#2792,#3289,.T.);
#2144=EDGE_CURVE('',#2787,#2792,#3290,.T.);
#2145=EDGE_CURVE('',#2792,#2793,#3291,.T.);
#2146=EDGE_CURVE('',#2788,#2793,#3292,.T.);
#2147=EDGE_CURVE('',#2793,#2794,#3293,.T.);
#2148=EDGE_CURVE('',#2783,#2794,#3294,.T.);
#2149=EDGE_CURVE('',#2794,#2789,#3295,.T.);
#2150=EDGE_CURVE('',#2795,#2795,#527,.T.);
#2151=EDGE_CURVE('',#2796,#2796,#528,.T.);
#2152=EDGE_CURVE('',#2797,#2797,#529,.T.);
#2153=EDGE_CURVE('',#2798,#2798,#530,.T.);
#2154=EDGE_CURVE('',#2799,#2799,#531,.T.);
#2155=EDGE_CURVE('',#2800,#2801,#532,.T.);
#2156=EDGE_CURVE('',#2802,#2800,#3296,.T.);
#2157=EDGE_CURVE('',#2803,#2802,#533,.T.);
#2158=EDGE_CURVE('',#2801,#2803,#3297,.T.);
#2159=EDGE_CURVE('',#2804,#2805,#534,.T.);
#2160=EDGE_CURVE('',#2806,#2804,#3298,.T.);
#2161=EDGE_CURVE('',#2807,#2806,#535,.T.);
#2162=EDGE_CURVE('',#2805,#2807,#3299,.T.);
#2163=EDGE_CURVE('',#2808,#2809,#536,.T.);
#2164=EDGE_CURVE('',#2810,#2808,#3300,.T.);
#2165=EDGE_CURVE('',#2811,#2810,#537,.T.);
#2166=EDGE_CURVE('',#2809,#2811,#3301,.T.);
#2167=EDGE_CURVE('',#2812,#2813,#538,.T.);
#2168=EDGE_CURVE('',#2814,#2812,#3302,.T.);
#2169=EDGE_CURVE('',#2815,#2814,#539,.T.);
#2170=EDGE_CURVE('',#2813,#2815,#3303,.T.);
#2171=EDGE_CURVE('',#2816,#2817,#540,.T.);
#2172=EDGE_CURVE('',#2816,#2818,#3304,.T.);
#2173=EDGE_CURVE('',#2818,#2819,#541,.T.);
#2174=EDGE_CURVE('',#2817,#2819,#3305,.T.);
#2175=EDGE_CURVE('',#2820,#2821,#542,.T.);
#2176=EDGE_CURVE('',#2821,#2822,#3306,.T.);
#2177=EDGE_CURVE('',#2823,#2822,#543,.T.);
#2178=EDGE_CURVE('',#2820,#2823,#3307,.T.);
#2179=EDGE_CURVE('',#2824,#2825,#3308,.T.);
#2180=EDGE_CURVE('',#2825,#2826,#544,.T.);
#2181=EDGE_CURVE('',#2826,#2827,#3309,.T.);
#2182=EDGE_CURVE('',#2824,#2827,#545,.T.);
#2183=EDGE_CURVE('',#2816,#2828,#3310,.T.);
#2184=EDGE_CURVE('',#2829,#2828,#3311,.T.);
#2185=EDGE_CURVE('',#2829,#2818,#3312,.T.);
#2186=EDGE_CURVE('',#2830,#2827,#3313,.T.);
#2187=EDGE_CURVE('',#2826,#2831,#3314,.T.);
#2188=EDGE_CURVE('',#2830,#2831,#3315,.T.);
#2189=EDGE_CURVE('',#2824,#2822,#3316,.T.);
#2190=EDGE_CURVE('',#2821,#2825,#3317,.T.);
#2191=EDGE_CURVE('',#2832,#2833,#546,.T.);
#2192=EDGE_CURVE('',#2832,#2834,#3318,.T.);
#2193=EDGE_CURVE('',#2834,#2835,#547,.T.);
#2194=EDGE_CURVE('',#2833,#2835,#3319,.T.);
#2195=EDGE_CURVE('',#2836,#2837,#548,.T.);
#2196=EDGE_CURVE('',#2837,#2838,#3320,.T.);
#2197=EDGE_CURVE('',#2839,#2838,#549,.T.);
#2198=EDGE_CURVE('',#2836,#2839,#3321,.T.);
#2199=EDGE_CURVE('',#2840,#2841,#3322,.T.);
#2200=EDGE_CURVE('',#2841,#2842,#550,.T.);
#2201=EDGE_CURVE('',#2842,#2843,#3323,.T.);
#2202=EDGE_CURVE('',#2840,#2843,#551,.T.);
#2203=EDGE_CURVE('',#2832,#2844,#3324,.T.);
#2204=EDGE_CURVE('',#2845,#2844,#3325,.T.);
#2205=EDGE_CURVE('',#2845,#2834,#3326,.T.);
#2206=EDGE_CURVE('',#2846,#2843,#3327,.T.);
#2207=EDGE_CURVE('',#2842,#2847,#3328,.T.);
#2208=EDGE_CURVE('',#2846,#2847,#3329,.T.);
#2209=EDGE_CURVE('',#2840,#2838,#3330,.T.);
#2210=EDGE_CURVE('',#2837,#2841,#3331,.T.);
#2211=EDGE_CURVE('',#2848,#2849,#552,.T.);
#2212=EDGE_CURVE('',#2848,#2850,#3332,.T.);
#2213=EDGE_CURVE('',#2850,#2851,#553,.T.);
#2214=EDGE_CURVE('',#2849,#2851,#3333,.T.);
#2215=EDGE_CURVE('',#2852,#2853,#554,.T.);
#2216=EDGE_CURVE('',#2853,#2854,#3334,.T.);
#2217=EDGE_CURVE('',#2855,#2854,#555,.T.);
#2218=EDGE_CURVE('',#2852,#2855,#3335,.T.);
#2219=EDGE_CURVE('',#2856,#2857,#3336,.T.);
#2220=EDGE_CURVE('',#2857,#2858,#556,.T.);
#2221=EDGE_CURVE('',#2858,#2859,#3337,.T.);
#2222=EDGE_CURVE('',#2856,#2859,#557,.T.);
#2223=EDGE_CURVE('',#2848,#2860,#3338,.T.);
#2224=EDGE_CURVE('',#2861,#2860,#3339,.T.);
#2225=EDGE_CURVE('',#2861,#2850,#3340,.T.);
#2226=EDGE_CURVE('',#2862,#2859,#3341,.T.);
#2227=EDGE_CURVE('',#2858,#2863,#3342,.T.);
#2228=EDGE_CURVE('',#2862,#2863,#3343,.T.);
#2229=EDGE_CURVE('',#2856,#2854,#3344,.T.);
#2230=EDGE_CURVE('',#2853,#2857,#3345,.T.);
#2231=EDGE_CURVE('',#2864,#2865,#558,.T.);
#2232=EDGE_CURVE('',#2864,#2866,#3346,.T.);
#2233=EDGE_CURVE('',#2866,#2867,#559,.T.);
#2234=EDGE_CURVE('',#2865,#2867,#3347,.T.);
#2235=EDGE_CURVE('',#2868,#2869,#560,.T.);
#2236=EDGE_CURVE('',#2869,#2870,#3348,.T.);
#2237=EDGE_CURVE('',#2871,#2870,#561,.T.);
#2238=EDGE_CURVE('',#2868,#2871,#3349,.T.);
#2239=EDGE_CURVE('',#2872,#2873,#3350,.T.);
#2240=EDGE_CURVE('',#2873,#2874,#562,.T.);
#2241=EDGE_CURVE('',#2874,#2875,#3351,.T.);
#2242=EDGE_CURVE('',#2872,#2875,#563,.T.);
#2243=EDGE_CURVE('',#2864,#2876,#3352,.T.);
#2244=EDGE_CURVE('',#2877,#2876,#3353,.T.);
#2245=EDGE_CURVE('',#2877,#2866,#3354,.T.);
#2246=EDGE_CURVE('',#2878,#2875,#3355,.T.);
#2247=EDGE_CURVE('',#2874,#2879,#3356,.T.);
#2248=EDGE_CURVE('',#2878,#2879,#3357,.T.);
#2249=EDGE_CURVE('',#2872,#2870,#3358,.T.);
#2250=EDGE_CURVE('',#2869,#2873,#3359,.T.);
#2251=EDGE_CURVE('',#2880,#2881,#564,.T.);
#2252=EDGE_CURVE('',#2880,#2882,#3360,.T.);
#2253=EDGE_CURVE('',#2882,#2883,#565,.T.);
#2254=EDGE_CURVE('',#2881,#2883,#3361,.T.);
#2255=EDGE_CURVE('',#2884,#2885,#566,.T.);
#2256=EDGE_CURVE('',#2885,#2886,#3362,.T.);
#2257=EDGE_CURVE('',#2887,#2886,#567,.T.);
#2258=EDGE_CURVE('',#2884,#2887,#3363,.T.);
#2259=EDGE_CURVE('',#2888,#2889,#3364,.T.);
#2260=EDGE_CURVE('',#2889,#2890,#568,.T.);
#2261=EDGE_CURVE('',#2890,#2891,#3365,.T.);
#2262=EDGE_CURVE('',#2888,#2891,#569,.T.);
#2263=EDGE_CURVE('',#2880,#2892,#3366,.T.);
#2264=EDGE_CURVE('',#2893,#2892,#3367,.T.);
#2265=EDGE_CURVE('',#2893,#2882,#3368,.T.);
#2266=EDGE_CURVE('',#2894,#2891,#3369,.T.);
#2267=EDGE_CURVE('',#2890,#2895,#3370,.T.);
#2268=EDGE_CURVE('',#2894,#2895,#3371,.T.);
#2269=EDGE_CURVE('',#2888,#2886,#3372,.T.);
#2270=EDGE_CURVE('',#2885,#2889,#3373,.T.);
#2271=EDGE_CURVE('',#2896,#2896,#570,.T.);
#2272=EDGE_CURVE('',#2897,#2897,#571,.T.);
#2273=EDGE_CURVE('',#2898,#2898,#572,.T.);
#2274=EDGE_CURVE('',#2899,#2899,#573,.T.);
#2275=EDGE_CURVE('',#2900,#2900,#574,.T.);
#2276=EDGE_CURVE('',#2901,#2901,#575,.T.);
#2277=EDGE_CURVE('',#2902,#2902,#576,.T.);
#2278=EDGE_CURVE('',#2903,#2903,#577,.T.);
#2279=EDGE_CURVE('',#2904,#2904,#578,.T.);
#2280=EDGE_CURVE('',#2905,#2905,#579,.T.);
#2281=EDGE_CURVE('',#2815,#2810,#3374,.T.);
#2282=EDGE_CURVE('',#2819,#2814,#3375,.T.);
#2283=EDGE_CURVE('',#2831,#2829,#580,.T.);
#2284=EDGE_CURVE('',#2835,#2820,#3376,.T.);
#2285=EDGE_CURVE('',#2847,#2845,#581,.T.);
#2286=EDGE_CURVE('',#2851,#2836,#3377,.T.);
#2287=EDGE_CURVE('',#2863,#2861,#582,.T.);
#2288=EDGE_CURVE('',#2867,#2852,#3378,.T.);
#2289=EDGE_CURVE('',#2879,#2877,#583,.T.);
#2290=EDGE_CURVE('',#2883,#2868,#3379,.T.);
#2291=EDGE_CURVE('',#2895,#2893,#584,.T.);
#2292=EDGE_CURVE('',#2803,#2884,#3380,.T.);
#2293=EDGE_CURVE('',#2807,#2802,#3381,.T.);
#2294=EDGE_CURVE('',#2811,#2806,#3382,.T.);
#2295=EDGE_CURVE('',#2817,#2812,#3383,.T.);
#2296=EDGE_CURVE('',#2813,#2808,#3384,.T.);
#2297=EDGE_CURVE('',#2809,#2804,#3385,.T.);
#2298=EDGE_CURVE('',#2805,#2800,#3386,.T.);
#2299=EDGE_CURVE('',#2801,#2887,#3387,.T.);
#2300=EDGE_CURVE('',#2894,#2892,#585,.T.);
#2301=EDGE_CURVE('',#2881,#2871,#3388,.T.);
#2302=EDGE_CURVE('',#2878,#2876,#586,.T.);
#2303=EDGE_CURVE('',#2865,#2855,#3389,.T.);
#2304=EDGE_CURVE('',#2862,#2860,#587,.T.);
#2305=EDGE_CURVE('',#2849,#2839,#3390,.T.);
#2306=EDGE_CURVE('',#2846,#2844,#588,.T.);
#2307=EDGE_CURVE('',#2833,#2823,#3391,.T.);
#2308=EDGE_CURVE('',#2830,#2828,#589,.T.);
#2309=EDGE_CURVE('',#2906,#2906,#590,.T.);
#2310=EDGE_CURVE('',#2907,#2907,#591,.T.);
#2311=EDGE_CURVE('',#2908,#2908,#592,.T.);
#2312=EDGE_CURVE('',#2909,#2909,#593,.T.);
#2313=EDGE_CURVE('',#2910,#2910,#594,.T.);
#2314=EDGE_CURVE('',#2911,#2911,#595,.T.);
#2315=EDGE_CURVE('',#2912,#2912,#596,.T.);
#2316=EDGE_CURVE('',#2913,#2913,#597,.T.);
#2317=EDGE_CURVE('',#2914,#2914,#598,.T.);
#2318=EDGE_CURVE('',#2915,#2915,#599,.T.);
#2319=EDGE_CURVE('',#2916,#2916,#600,.T.);
#2320=EDGE_CURVE('',#2917,#2917,#601,.T.);
#2321=EDGE_CURVE('',#2918,#2918,#602,.T.);
#2322=EDGE_CURVE('',#2919,#2919,#603,.T.);
#2323=EDGE_CURVE('',#2920,#2920,#604,.T.);
#2324=EDGE_CURVE('',#2921,#2921,#605,.T.);
#2325=EDGE_CURVE('',#2922,#2922,#606,.T.);
#2326=EDGE_CURVE('',#2923,#2923,#607,.T.);
#2327=EDGE_CURVE('',#2924,#2924,#608,.T.);
#2328=EDGE_CURVE('',#2925,#2925,#609,.T.);
#2329=EDGE_CURVE('',#2926,#2927,#610,.T.);
#2330=EDGE_CURVE('',#2927,#2928,#611,.T.);
#2331=EDGE_CURVE('',#2928,#2929,#612,.T.);
#2332=EDGE_CURVE('',#2929,#2930,#613,.T.);
#2333=EDGE_CURVE('',#2930,#2931,#614,.T.);
#2334=EDGE_CURVE('',#2931,#2926,#615,.T.);
#2335=EDGE_CURVE('',#2928,#2932,#21,.T.);
#2336=EDGE_CURVE('',#2932,#2929,#22,.T.);
#2337=EDGE_CURVE('',#2929,#2933,#23,.T.);
#2338=EDGE_CURVE('',#2933,#2930,#24,.T.);
#2339=EDGE_CURVE('',#2930,#2934,#25,.T.);
#2340=EDGE_CURVE('',#2934,#2931,#26,.T.);
#2341=EDGE_CURVE('',#2931,#2935,#27,.T.);
#2342=EDGE_CURVE('',#2935,#2926,#28,.T.);
#2343=EDGE_CURVE('',#2926,#2936,#29,.T.);
#2344=EDGE_CURVE('',#2936,#2927,#30,.T.);
#2345=EDGE_CURVE('',#2937,#2937,#616,.T.);
#2346=EDGE_CURVE('',#2938,#2938,#617,.T.);
#2347=EDGE_CURVE('',#2939,#2940,#3392,.T.);
#2348=EDGE_CURVE('',#2941,#2939,#3393,.T.);
#2349=EDGE_CURVE('',#2942,#2941,#3394,.T.);
#2350=EDGE_CURVE('',#2943,#2942,#3395,.T.);
#2351=EDGE_CURVE('',#2944,#2943,#3396,.T.);
#2352=EDGE_CURVE('',#2940,#2944,#3397,.T.);
#2353=EDGE_CURVE('',#2936,#2941,#3398,.T.);
#2354=EDGE_CURVE('',#2945,#2939,#3399,.T.);
#2355=EDGE_CURVE('',#2927,#2945,#31,.T.);
#2356=EDGE_CURVE('',#2935,#2942,#3400,.T.);
#2357=EDGE_CURVE('',#2934,#2943,#3401,.T.);
#2358=EDGE_CURVE('',#2933,#2944,#3402,.T.);
#2359=EDGE_CURVE('',#2932,#2940,#3403,.T.);
#2360=EDGE_CURVE('',#2945,#2928,#32,.T.);
#2361=EDGE_CURVE('',#2946,#2946,#618,.T.);
#2362=EDGE_CURVE('',#2947,#2948,#3404,.T.);
#2363=EDGE_CURVE('',#2947,#2949,#3405,.T.);
#2364=EDGE_CURVE('',#2949,#2950,#3406,.T.);
#2365=EDGE_CURVE('',#2951,#2950,#3407,.T.);
#2366=EDGE_CURVE('',#2951,#2952,#3408,.T.);
#2367=EDGE_CURVE('',#2952,#2953,#3409,.T.);
#2368=EDGE_CURVE('',#2953,#2954,#3410,.T.);
#2369=EDGE_CURVE('',#2955,#2954,#3411,.T.);
#2370=EDGE_CURVE('',#2956,#2955,#3412,.T.);
#2371=EDGE_CURVE('',#2957,#2956,#3413,.T.);
#2372=EDGE_CURVE('',#2958,#2957,#3414,.T.);
#2373=EDGE_CURVE('',#2958,#2948,#3415,.T.);
#2374=EDGE_CURVE('',#2959,#2960,#3416,.T.);
#2375=EDGE_CURVE('',#2961,#2960,#3417,.T.);
#2376=EDGE_CURVE('',#2961,#2962,#3418,.T.);
#2377=EDGE_CURVE('',#2962,#2963,#3419,.T.);
#2378=EDGE_CURVE('',#2963,#2964,#3420,.T.);
#2379=EDGE_CURVE('',#2964,#2965,#3421,.T.);
#2380=EDGE_CURVE('',#2966,#2965,#3422,.T.);
#2381=EDGE_CURVE('',#2967,#2966,#3423,.T.);
#2382=EDGE_CURVE('',#2968,#2967,#3424,.T.);
#2383=EDGE_CURVE('',#2968,#2969,#3425,.T.);
#2384=EDGE_CURVE('',#2970,#2969,#3426,.T.);
#2385=EDGE_CURVE('',#2959,#2970,#3427,.T.);
#2386=EDGE_CURVE('',#2971,#2971,#619,.T.);
#2387=EDGE_CURVE('',#2972,#2972,#620,.T.);
#2388=EDGE_CURVE('',#2973,#2973,#621,.T.);
#2389=EDGE_CURVE('',#2974,#2974,#622,.T.);
#2390=EDGE_CURVE('',#2959,#2947,#3428,.T.);
#2391=EDGE_CURVE('',#2970,#2949,#3429,.T.);
#2392=EDGE_CURVE('',#2975,#2975,#623,.T.);
#2393=EDGE_CURVE('',#2976,#2976,#624,.T.);
#2394=EDGE_CURVE('',#2977,#2977,#625,.T.);
#2395=EDGE_CURVE('',#2978,#2978,#626,.T.);
#2396=EDGE_CURVE('',#2969,#2950,#3430,.T.);
#2397=EDGE_CURVE('',#2968,#2951,#3431,.T.);
#2398=EDGE_CURVE('',#2967,#2952,#3432,.T.);
#2399=EDGE_CURVE('',#2966,#2953,#3433,.T.);
#2400=EDGE_CURVE('',#2965,#2954,#3434,.T.);
#2401=EDGE_CURVE('',#2979,#2979,#627,.T.);
#2402=EDGE_CURVE('',#2980,#2980,#628,.T.);
#2403=EDGE_CURVE('',#2981,#2981,#629,.T.);
#2404=EDGE_CURVE('',#2982,#2982,#630,.T.);
#2405=EDGE_CURVE('',#2964,#2955,#3435,.T.);
#2406=EDGE_CURVE('',#2983,#2983,#631,.T.);
#2407=EDGE_CURVE('',#2984,#2984,#632,.T.);
#2408=EDGE_CURVE('',#2985,#2985,#633,.T.);
#2409=EDGE_CURVE('',#2986,#2986,#634,.T.);
#2410=EDGE_CURVE('',#2963,#2956,#3436,.T.);
#2411=EDGE_CURVE('',#2962,#2957,#3437,.T.);
#2412=EDGE_CURVE('',#2961,#2958,#3438,.T.);
#2413=EDGE_CURVE('',#2960,#2948,#3439,.T.);
#2414=EDGE_CURVE('',#2987,#2987,#635,.T.);
#2415=EDGE_CURVE('',#2988,#2988,#636,.T.);
#2416=EDGE_CURVE('',#2989,#2990,#637,.T.);
#2417=EDGE_CURVE('',#2991,#2989,#3440,.T.);
#2418=EDGE_CURVE('',#2992,#2991,#638,.T.);
#2419=EDGE_CURVE('',#2990,#2992,#3441,.T.);
#2420=EDGE_CURVE('',#2993,#2994,#639,.T.);
#2421=EDGE_CURVE('',#2995,#2993,#3442,.T.);
#2422=EDGE_CURVE('',#2996,#2995,#640,.T.);
#2423=EDGE_CURVE('',#2994,#2996,#3443,.T.);
#2424=EDGE_CURVE('',#2997,#2998,#641,.T.);
#2425=EDGE_CURVE('',#2999,#2997,#3444,.T.);
#2426=EDGE_CURVE('',#3000,#2999,#642,.T.);
#2427=EDGE_CURVE('',#2998,#3000,#3445,.T.);
#2428=EDGE_CURVE('',#3001,#3002,#643,.T.);
#2429=EDGE_CURVE('',#3003,#3001,#3446,.T.);
#2430=EDGE_CURVE('',#3004,#3003,#644,.T.);
#2431=EDGE_CURVE('',#3002,#3004,#3447,.T.);
#2432=EDGE_CURVE('',#3005,#3006,#3448,.T.);
#2433=EDGE_CURVE('',#3007,#3006,#3449,.T.);
#2434=EDGE_CURVE('',#3007,#3008,#3450,.T.);
#2435=EDGE_CURVE('',#3008,#3005,#3451,.T.);
#2436=EDGE_CURVE('',#3009,#3007,#645,.T.);
#2437=EDGE_CURVE('',#3010,#3009,#3452,.T.);
#2438=EDGE_CURVE('',#3010,#3008,#646,.T.);
#2439=EDGE_CURVE('',#3011,#3012,#3453,.T.);
#2440=EDGE_CURVE('',#3010,#3011,#3454,.T.);
#2441=EDGE_CURVE('',#3009,#3012,#3455,.T.);
#2442=EDGE_CURVE('',#3005,#3011,#647,.T.);
#2443=EDGE_CURVE('',#3006,#3012,#648,.T.);
#2444=EDGE_CURVE('',#3013,#3014,#3456,.T.);
#2445=EDGE_CURVE('',#3015,#3014,#3457,.T.);
#2446=EDGE_CURVE('',#3015,#3016,#3458,.T.);
#2447=EDGE_CURVE('',#3016,#3013,#3459,.T.);
#2448=EDGE_CURVE('',#3017,#3018,#3460,.T.);
#2449=EDGE_CURVE('',#3019,#3017,#3461,.T.);
#2450=EDGE_CURVE('',#3019,#3020,#3462,.T.);
#2451=EDGE_CURVE('',#3020,#3018,#3463,.T.);
#2452=EDGE_CURVE('',#3020,#3015,#649,.T.);
#2453=EDGE_CURVE('',#3019,#3016,#650,.T.);
#2454=EDGE_CURVE('',#3013,#3017,#651,.T.);
#2455=EDGE_CURVE('',#3014,#3018,#652,.T.);
#2456=EDGE_CURVE('',#3021,#3022,#653,.T.);
#2457=EDGE_CURVE('',#3023,#3022,#3464,.T.);
#2458=EDGE_CURVE('',#3023,#3024,#654,.T.);
#2459=EDGE_CURVE('',#3024,#3021,#3465,.T.);
#2460=EDGE_CURVE('',#3025,#3026,#655,.T.);
#2461=EDGE_CURVE('',#3027,#3026,#3466,.T.);
#2462=EDGE_CURVE('',#3027,#3028,#656,.T.);
#2463=EDGE_CURVE('',#3028,#3025,#3467,.T.);
#2464=EDGE_CURVE('',#3029,#3029,#657,.T.);
#2465=EDGE_CURVE('',#3030,#3030,#658,.T.);
#2466=EDGE_CURVE('',#3031,#3031,#659,.T.);
#2467=EDGE_CURVE('',#3032,#3032,#660,.T.);
#2468=EDGE_CURVE('',#3004,#2991,#3468,.T.);
#2469=EDGE_CURVE('',#3000,#3003,#3469,.T.);
#2470=EDGE_CURVE('',#2996,#2999,#3470,.T.);
#2471=EDGE_CURVE('',#2992,#2995,#3471,.T.);
#2472=EDGE_CURVE('',#3033,#3033,#661,.T.);
#2473=EDGE_CURVE('',#3034,#3034,#662,.T.);
#2474=EDGE_CURVE('',#3035,#3035,#663,.T.);
#2475=EDGE_CURVE('',#3036,#3036,#664,.T.);
#2476=EDGE_CURVE('',#3037,#3037,#665,.T.);
#2477=EDGE_CURVE('',#3038,#3039,#666,.T.);
#2478=EDGE_CURVE('',#3040,#3038,#3472,.T.);
#2479=EDGE_CURVE('',#3041,#3040,#667,.T.);
#2480=EDGE_CURVE('',#3041,#3039,#3473,.T.);
#2481=EDGE_CURVE('',#3042,#3043,#668,.T.);
#2482=EDGE_CURVE('',#3044,#3042,#3474,.T.);
#2483=EDGE_CURVE('',#3045,#3044,#669,.T.);
#2484=EDGE_CURVE('',#3045,#3043,#3475,.T.);
#2485=EDGE_CURVE('',#3046,#3046,#670,.T.);
#2486=EDGE_CURVE('',#3047,#3047,#671,.T.);
#2487=EDGE_CURVE('',#3048,#3048,#672,.T.);
#2488=EDGE_CURVE('',#3049,#3049,#673,.T.);
#2489=EDGE_CURVE('',#2998,#3001,#3476,.T.);
#2490=EDGE_CURVE('',#3002,#2989,#3477,.T.);
#2491=EDGE_CURVE('',#2990,#2993,#3478,.T.);
#2492=EDGE_CURVE('',#2994,#2997,#3479,.T.);
#2493=EDGE_CURVE('',#3050,#3050,#674,.T.);
#2494=EDGE_CURVE('',#3051,#3051,#675,.T.);
#2495=EDGE_CURVE('',#3052,#3052,#676,.T.);
#2496=EDGE_CURVE('',#3053,#3053,#677,.T.);
#2497=EDGE_CURVE('',#3054,#3054,#678,.T.);
#2498=EDGE_CURVE('',#3043,#3026,#3480,.T.);
#2499=EDGE_CURVE('',#3042,#3025,#3481,.T.);
#2500=EDGE_CURVE('',#3045,#3027,#3482,.T.);
#2501=EDGE_CURVE('',#3028,#3044,#3483,.T.);
#2502=EDGE_CURVE('',#3039,#3022,#3484,.T.);
#2503=EDGE_CURVE('',#3038,#3021,#3485,.T.);
#2504=EDGE_CURVE('',#3041,#3023,#3486,.T.);
#2505=EDGE_CURVE('',#3024,#3040,#3487,.T.);
#2506=EDGE_CURVE('',#3055,#3055,#679,.T.);
#2507=EDGE_CURVE('',#3056,#3056,#680,.T.);
#2508=EDGE_CURVE('',#3057,#3057,#681,.T.);
#2509=EDGE_CURVE('',#3058,#3058,#682,.T.);
#2510=EDGE_CURVE('',#3059,#3059,#683,.T.);
#2511=EDGE_CURVE('',#3060,#3060,#684,.T.);
#2512=EDGE_CURVE('',#3061,#3061,#685,.T.);
#2513=EDGE_CURVE('',#3062,#3062,#686,.T.);
#2514=EDGE_CURVE('',#3063,#3064,#687,.T.);
#2515=EDGE_CURVE('',#3064,#3065,#3488,.T.);
#2516=EDGE_CURVE('',#3065,#3066,#688,.T.);
#2517=EDGE_CURVE('',#3066,#3063,#3489,.T.);
#2518=EDGE_CURVE('',#3067,#3068,#689,.T.);
#2519=EDGE_CURVE('',#3068,#3069,#3490,.T.);
#2520=EDGE_CURVE('',#3069,#3070,#690,.T.);
#2521=EDGE_CURVE('',#3070,#3067,#3491,.T.);
#2522=EDGE_CURVE('',#3071,#3072,#691,.T.);
#2523=EDGE_CURVE('',#3072,#3073,#3492,.T.);
#2524=EDGE_CURVE('',#3073,#3074,#692,.T.);
#2525=EDGE_CURVE('',#3074,#3071,#3493,.T.);
#2526=EDGE_CURVE('',#3075,#3076,#693,.T.);
#2527=EDGE_CURVE('',#3076,#3077,#3494,.T.);
#2528=EDGE_CURVE('',#3077,#3078,#694,.T.);
#2529=EDGE_CURVE('',#3078,#3075,#3495,.T.);
#2530=EDGE_CURVE('',#3079,#3080,#3496,.T.);
#2531=EDGE_CURVE('',#3081,#3079,#3497,.T.);
#2532=EDGE_CURVE('',#3082,#3081,#3498,.T.);
#2533=EDGE_CURVE('',#3082,#3080,#3499,.T.);
#2534=EDGE_CURVE('',#3083,#3082,#695,.T.);
#2535=EDGE_CURVE('',#3084,#3081,#696,.T.);
#2536=EDGE_CURVE('',#3084,#3083,#3500,.T.);
#2537=EDGE_CURVE('',#3085,#3086,#3501,.T.);
#2538=EDGE_CURVE('',#3083,#3086,#3502,.T.);
#2539=EDGE_CURVE('',#3084,#3085,#3503,.T.);
#2540=EDGE_CURVE('',#3079,#3085,#697,.T.);
#2541=EDGE_CURVE('',#3080,#3086,#698,.T.);
#2542=EDGE_CURVE('',#3087,#3088,#3504,.T.);
#2543=EDGE_CURVE('',#3089,#3087,#3505,.T.);
#2544=EDGE_CURVE('',#3090,#3089,#3506,.T.);
#2545=EDGE_CURVE('',#3090,#3088,#3507,.T.);
#2546=EDGE_CURVE('',#3091,#3092,#3508,.T.);
#2547=EDGE_CURVE('',#3093,#3092,#3509,.T.);
#2548=EDGE_CURVE('',#3094,#3093,#3510,.T.);
#2549=EDGE_CURVE('',#3094,#3091,#3511,.T.);
#2550=EDGE_CURVE('',#3093,#3090,#699,.T.);
#2551=EDGE_CURVE('',#3094,#3089,#700,.T.);
#2552=EDGE_CURVE('',#3087,#3091,#701,.T.);
#2553=EDGE_CURVE('',#3088,#3092,#702,.T.);
#2554=EDGE_CURVE('',#3095,#3096,#703,.T.);
#2555=EDGE_CURVE('',#3097,#3095,#3512,.T.);
#2556=EDGE_CURVE('',#3098,#3097,#704,.T.);
#2557=EDGE_CURVE('',#3098,#3096,#3513,.T.);
#2558=EDGE_CURVE('',#3099,#3100,#705,.T.);
#2559=EDGE_CURVE('',#3101,#3099,#3514,.T.);
#2560=EDGE_CURVE('',#3102,#3101,#706,.T.);
#2561=EDGE_CURVE('',#3102,#3100,#3515,.T.);
#2562=EDGE_CURVE('',#3103,#3103,#707,.T.);
#2563=EDGE_CURVE('',#3104,#3104,#708,.T.);
#2564=EDGE_CURVE('',#3105,#3105,#709,.T.);
#2565=EDGE_CURVE('',#3106,#3106,#710,.T.);
#2566=EDGE_CURVE('',#3077,#3066,#3516,.T.);
#2567=EDGE_CURVE('',#3065,#3070,#3517,.T.);
#2568=EDGE_CURVE('',#3069,#3074,#3518,.T.);
#2569=EDGE_CURVE('',#3073,#3078,#3519,.T.);
#2570=EDGE_CURVE('',#3107,#3107,#711,.T.);
#2571=EDGE_CURVE('',#3108,#3108,#712,.T.);
#2572=EDGE_CURVE('',#3109,#3109,#713,.T.);
#2573=EDGE_CURVE('',#3110,#3110,#714,.T.);
#2574=EDGE_CURVE('',#3111,#3111,#715,.T.);
#2575=EDGE_CURVE('',#3112,#3113,#716,.T.);
#2576=EDGE_CURVE('',#3114,#3113,#3520,.T.);
#2577=EDGE_CURVE('',#3114,#3115,#717,.T.);
#2578=EDGE_CURVE('',#3115,#3112,#3521,.T.);
#2579=EDGE_CURVE('',#3116,#3117,#718,.T.);
#2580=EDGE_CURVE('',#3118,#3117,#3522,.T.);
#2581=EDGE_CURVE('',#3118,#3119,#719,.T.);
#2582=EDGE_CURVE('',#3119,#3116,#3523,.T.);
#2583=EDGE_CURVE('',#3120,#3120,#720,.T.);
#2584=EDGE_CURVE('',#3121,#3121,#721,.T.);
#2585=EDGE_CURVE('',#3122,#3122,#722,.T.);
#2586=EDGE_CURVE('',#3123,#3123,#723,.T.);
#2587=EDGE_CURVE('',#3072,#3075,#3524,.T.);
#2588=EDGE_CURVE('',#3068,#3071,#3525,.T.);
#2589=EDGE_CURVE('',#3064,#3067,#3526,.T.);
#2590=EDGE_CURVE('',#3076,#3063,#3527,.T.);
#2591=EDGE_CURVE('',#3124,#3124,#724,.T.);
#2592=EDGE_CURVE('',#3125,#3125,#725,.T.);
#2593=EDGE_CURVE('',#3126,#3126,#726,.T.);
#2594=EDGE_CURVE('',#3127,#3127,#727,.T.);
#2595=EDGE_CURVE('',#3128,#3128,#728,.T.);
#2596=EDGE_CURVE('',#3116,#3099,#3528,.T.);
#2597=EDGE_CURVE('',#3117,#3100,#3529,.T.);
#2598=EDGE_CURVE('',#3118,#3102,#3530,.T.);
#2599=EDGE_CURVE('',#3101,#3119,#3531,.T.);
#2600=EDGE_CURVE('',#3112,#3095,#3532,.T.);
#2601=EDGE_CURVE('',#3113,#3096,#3533,.T.);
#2602=EDGE_CURVE('',#3114,#3098,#3534,.T.);
#2603=EDGE_CURVE('',#3097,#3115,#3535,.T.);
#2604=EDGE_CURVE('',#3129,#3129,#729,.T.);
#2605=EDGE_CURVE('',#3130,#3130,#730,.T.);
#2606=EDGE_CURVE('',#3131,#3131,#731,.T.);
#2607=EDGE_CURVE('',#3132,#3132,#732,.T.);
#2608=EDGE_CURVE('',#3133,#3133,#733,.T.);
#2609=EDGE_CURVE('',#3134,#3134,#734,.T.);
#2610=EDGE_CURVE('',#3135,#3135,#735,.T.);
#2611=EDGE_CURVE('',#3136,#3136,#736,.T.);
#2612=EDGE_CURVE('',#3137,#3137,#737,.T.);
#2613=EDGE_CURVE('',#3138,#3138,#738,.T.);
#2614=EDGE_CURVE('',#3139,#3139,#739,.T.);
#2615=EDGE_CURVE('',#3140,#3140,#740,.T.);
#2616=EDGE_CURVE('',#3141,#3141,#741,.T.);
#2617=EDGE_CURVE('',#3142,#3142,#742,.T.);
#2618=EDGE_CURVE('',#3143,#3143,#743,.T.);
#2619=EDGE_CURVE('',#3144,#3144,#744,.T.);
#2620=EDGE_CURVE('',#3145,#3146,#3536,.T.);
#2621=EDGE_CURVE('',#3147,#3145,#3537,.T.);
#2622=EDGE_CURVE('',#3148,#3147,#3538,.T.);
#2623=EDGE_CURVE('',#3146,#3148,#3539,.T.);
#2624=EDGE_CURVE('',#3149,#3150,#3540,.T.);
#2625=EDGE_CURVE('',#3150,#3151,#3541,.T.);
#2626=EDGE_CURVE('',#3151,#3152,#3542,.T.);
#2627=EDGE_CURVE('',#3152,#3149,#3543,.T.);
#2628=EDGE_CURVE('',#3149,#3145,#3544,.T.);
#2629=EDGE_CURVE('',#3152,#3147,#3545,.T.);
#2630=EDGE_CURVE('',#3153,#3153,#745,.T.);
#2631=EDGE_CURVE('',#3154,#3154,#746,.T.);
#2632=EDGE_CURVE('',#3155,#3155,#747,.T.);
#2633=EDGE_CURVE('',#3156,#3156,#748,.T.);
#2634=EDGE_CURVE('',#3157,#3157,#749,.T.);
#2635=EDGE_CURVE('',#3151,#3148,#3546,.T.);
#2636=EDGE_CURVE('',#3150,#3146,#3547,.T.);
#2637=EDGE_CURVE('',#3158,#3158,#750,.T.);
#2638=EDGE_CURVE('',#3159,#3159,#751,.T.);
#2639=EDGE_CURVE('',#3160,#3160,#752,.T.);
#2640=EDGE_CURVE('',#3161,#3161,#753,.T.);
#2641=EDGE_CURVE('',#3162,#3162,#754,.T.);
#2642=EDGE_CURVE('',#3164,#3164,#755,.T.);
#2643=EDGE_CURVE('',#3166,#3166,#756,.T.);
#2644=EDGE_CURVE('',#3168,#3168,#757,.T.);
#2645=EDGE_CURVE('',#3170,#3170,#758,.T.);
#2646=EDGE_CURVE('',#3172,#3172,#759,.T.);
#2647=EDGE_CURVE('',#3174,#3174,#760,.T.);
#2648=EDGE_CURVE('',#3176,#3176,#761,.T.);
#2649=EDGE_CURVE('',#3178,#3178,#762,.T.);
#2650=EDGE_CURVE('',#3180,#3180,#763,.T.);
#2651=EDGE_CURVE('',#3181,#3181,#764,.T.);
#2652=EDGE_CURVE('',#3182,#3182,#765,.T.);
#2653=EDGE_CURVE('',#3183,#3183,#766,.T.);
#2654=EDGE_CURVE('',#3184,#3184,#767,.T.);
#2655=EDGE_CURVE('',#3185,#3185,#768,.T.);
#2656=EDGE_CURVE('',#3186,#3187,#769,.T.);
#2657=EDGE_CURVE('',#3188,#3186,#3548,.T.);
#2658=EDGE_CURVE('',#3189,#3188,#770,.T.);
#2659=EDGE_CURVE('',#3187,#3189,#3549,.T.);
#2660=EDGE_CURVE('',#3190,#3191,#771,.T.);
#2661=EDGE_CURVE('',#3192,#3190,#3550,.T.);
#2662=EDGE_CURVE('',#3193,#3192,#772,.T.);
#2663=EDGE_CURVE('',#3191,#3193,#3551,.T.);
#2664=EDGE_CURVE('',#3194,#3195,#773,.T.);
#2665=EDGE_CURVE('',#3196,#3194,#3552,.T.);
#2666=EDGE_CURVE('',#3197,#3196,#774,.T.);
#2667=EDGE_CURVE('',#3195,#3197,#3553,.T.);
#2668=EDGE_CURVE('',#3198,#3199,#775,.T.);
#2669=EDGE_CURVE('',#3200,#3198,#3554,.T.);
#2670=EDGE_CURVE('',#3201,#3200,#776,.T.);
#2671=EDGE_CURVE('',#3199,#3201,#3555,.T.);
#2672=EDGE_CURVE('',#3197,#3199,#3556,.T.);
#2673=EDGE_CURVE('',#3201,#3195,#3557,.T.);
#2674=EDGE_CURVE('',#3200,#3202,#3558,.T.);
#2675=EDGE_CURVE('',#3198,#3203,#3559,.T.);
#2676=EDGE_CURVE('',#3203,#3202,#3560,.T.);
#2677=EDGE_CURVE('',#3196,#3204,#3561,.T.);
#2678=EDGE_CURVE('',#3194,#3205,#3562,.T.);
#2679=EDGE_CURVE('',#3205,#3204,#3563,.T.);
#2680=EDGE_CURVE('',#3206,#3207,#777,.T.);
#2681=EDGE_CURVE('',#3208,#3206,#3564,.T.);
#2682=EDGE_CURVE('',#3209,#3208,#778,.T.);
#2683=EDGE_CURVE('',#3207,#3209,#3565,.T.);
#2684=EDGE_CURVE('',#3210,#3211,#779,.T.);
#2685=EDGE_CURVE('',#3212,#3210,#3566,.T.);
#2686=EDGE_CURVE('',#3213,#3212,#780,.T.);
#2687=EDGE_CURVE('',#3211,#3213,#3567,.T.);
#2688=EDGE_CURVE('',#3209,#3211,#3568,.T.);
#2689=EDGE_CURVE('',#3213,#3207,#3569,.T.);
#2690=EDGE_CURVE('',#3212,#3214,#3570,.T.);
#2691=EDGE_CURVE('',#3210,#3215,#3571,.T.);
#2692=EDGE_CURVE('',#3215,#3214,#3572,.T.);
#2693=EDGE_CURVE('',#3208,#3216,#3573,.T.);
#2694=EDGE_CURVE('',#3206,#3217,#3574,.T.);
#2695=EDGE_CURVE('',#3217,#3216,#3575,.T.);
#2696=EDGE_CURVE('',#3218,#3219,#781,.T.);
#2697=EDGE_CURVE('',#3220,#3218,#3576,.T.);
#2698=EDGE_CURVE('',#3221,#3220,#782,.T.);
#2699=EDGE_CURVE('',#3219,#3221,#3577,.T.);
#2700=EDGE_CURVE('',#3222,#3223,#783,.T.);
#2701=EDGE_CURVE('',#3224,#3222,#3578,.T.);
#2702=EDGE_CURVE('',#3225,#3224,#784,.T.);
#2703=EDGE_CURVE('',#3223,#3225,#3579,.T.);
#2704=EDGE_CURVE('',#3221,#3223,#3580,.T.);
#2705=EDGE_CURVE('',#3225,#3219,#3581,.T.);
#2706=EDGE_CURVE('',#3224,#3226,#3582,.T.);
#2707=EDGE_CURVE('',#3222,#3227,#3583,.T.);
#2708=EDGE_CURVE('',#3227,#3226,#3584,.T.);
#2709=EDGE_CURVE('',#3220,#3228,#3585,.T.);
#2710=EDGE_CURVE('',#3218,#3229,#3586,.T.);
#2711=EDGE_CURVE('',#3229,#3228,#3587,.T.);
#2712=EDGE_CURVE('',#3230,#3231,#785,.T.);
#2713=EDGE_CURVE('',#3232,#3230,#3588,.T.);
#2714=EDGE_CURVE('',#3233,#3232,#786,.T.);
#2715=EDGE_CURVE('',#3231,#3233,#3589,.T.);
#2716=EDGE_CURVE('',#3234,#3235,#787,.T.);
#2717=EDGE_CURVE('',#3236,#3234,#3590,.T.);
#2718=EDGE_CURVE('',#3237,#3236,#788,.T.);
#2719=EDGE_CURVE('',#3235,#3237,#3591,.T.);
#2720=EDGE_CURVE('',#3233,#3235,#3592,.T.);
#2721=EDGE_CURVE('',#3237,#3231,#3593,.T.);
#2722=EDGE_CURVE('',#3236,#3238,#3594,.T.);
#2723=EDGE_CURVE('',#3234,#3239,#3595,.T.);
#2724=EDGE_CURVE('',#3239,#3238,#3596,.T.);
#2725=EDGE_CURVE('',#3232,#3240,#3597,.T.);
#2726=EDGE_CURVE('',#3230,#3241,#3598,.T.);
#2727=EDGE_CURVE('',#3241,#3240,#3599,.T.);
#2728=EDGE_CURVE('',#3242,#3243,#789,.T.);
#2729=EDGE_CURVE('',#3244,#3242,#3600,.T.);
#2730=EDGE_CURVE('',#3245,#3244,#790,.T.);
#2731=EDGE_CURVE('',#3243,#3245,#3601,.T.);
#2732=EDGE_CURVE('',#3246,#3247,#791,.T.);
#2733=EDGE_CURVE('',#3248,#3246,#3602,.T.);
#2734=EDGE_CURVE('',#3249,#3248,#792,.T.);
#2735=EDGE_CURVE('',#3247,#3249,#3603,.T.);
#2736=EDGE_CURVE('',#3245,#3247,#3604,.T.);
#2737=EDGE_CURVE('',#3249,#3243,#3605,.T.);
#2738=EDGE_CURVE('',#3248,#3250,#3606,.T.);
#2739=EDGE_CURVE('',#3246,#3251,#3607,.T.);
#2740=EDGE_CURVE('',#3251,#3250,#3608,.T.);
#2741=EDGE_CURVE('',#3244,#3252,#3609,.T.);
#2742=EDGE_CURVE('',#3242,#3253,#3610,.T.);
#2743=EDGE_CURVE('',#3253,#3252,#3611,.T.);
#2744=EDGE_CURVE('',#3254,#3203,#3612,.T.);
#2745=EDGE_CURVE('',#3255,#3254,#3613,.T.);
#2746=EDGE_CURVE('',#3202,#3255,#3614,.T.);
#2747=EDGE_CURVE('',#3189,#3191,#3615,.T.);
#2748=EDGE_CURVE('',#3193,#3187,#3616,.T.);
#2749=EDGE_CURVE('',#3188,#3256,#3617,.T.);
#2750=EDGE_CURVE('',#3186,#3257,#3618,.T.);
#2751=EDGE_CURVE('',#3257,#3256,#3619,.T.);
#2752=EDGE_CURVE('',#3192,#3254,#3620,.T.);
#2753=EDGE_CURVE('',#3204,#3215,#3621,.T.);
#2754=EDGE_CURVE('',#3216,#3227,#3622,.T.);
#2755=EDGE_CURVE('',#3228,#3239,#3623,.T.);
#2756=EDGE_CURVE('',#3240,#3251,#3624,.T.);
#2757=EDGE_CURVE('',#3252,#3257,#3625,.T.);
#2758=EDGE_CURVE('',#3190,#3255,#3626,.T.);
#2759=EDGE_CURVE('',#3256,#3253,#3627,.T.);
#2760=EDGE_CURVE('',#3250,#3241,#3628,.T.);
#2761=EDGE_CURVE('',#3238,#3229,#3629,.T.);
#2762=EDGE_CURVE('',#3226,#3217,#3630,.T.);
#2763=EDGE_CURVE('',#3214,#3205,#3631,.T.);
#2764=EDGE_CURVE('',#3258,#3258,#793,.T.);
#2765=EDGE_CURVE('',#3259,#3259,#794,.T.);
#2766=VERTEX_POINT('',#8001);
#2767=VERTEX_POINT('',#8002);
#2768=VERTEX_POINT('',#8004);
#2769=VERTEX_POINT('',#8006);
#2770=VERTEX_POINT('',#8008);
#2771=VERTEX_POINT('',#8010);
#2772=VERTEX_POINT('',#8014);
#2773=VERTEX_POINT('',#8015);
#2774=VERTEX_POINT('',#8020);
#2775=VERTEX_POINT('',#8024);
#2776=VERTEX_POINT('',#8028);
#2777=VERTEX_POINT('',#8032);
#2778=VERTEX_POINT('',#8038);
#2779=VERTEX_POINT('',#8041);
#2780=VERTEX_POINT('',#8044);
#2781=VERTEX_POINT('',#8047);
#2782=VERTEX_POINT('',#8050);
#2783=VERTEX_POINT('',#8056);
#2784=VERTEX_POINT('',#8057);
#2785=VERTEX_POINT('',#8059);
#2786=VERTEX_POINT('',#8061);
#2787=VERTEX_POINT('',#8063);
#2788=VERTEX_POINT('',#8065);
#2789=VERTEX_POINT('',#8069);
#2790=VERTEX_POINT('',#8070);
#2791=VERTEX_POINT('',#8075);
#2792=VERTEX_POINT('',#8079);
#2793=VERTEX_POINT('',#8083);
#2794=VERTEX_POINT('',#8087);
#2795=VERTEX_POINT('',#8093);
#2796=VERTEX_POINT('',#8096);
#2797=VERTEX_POINT('',#8099);
#2798=VERTEX_POINT('',#8102);
#2799=VERTEX_POINT('',#8105);
#2800=VERTEX_POINT('',#8110);
#2801=VERTEX_POINT('',#8111);
#2802=VERTEX_POINT('',#8113);
#2803=VERTEX_POINT('',#8115);
#2804=VERTEX_POINT('',#8119);
#2805=VERTEX_POINT('',#8120);
#2806=VERTEX_POINT('',#8122);
#2807=VERTEX_POINT('',#8124);
#2808=VERTEX_POINT('',#8128);
#2809=VERTEX_POINT('',#8129);
#2810=VERTEX_POINT('',#8131);
#2811=VERTEX_POINT('',#8133);
#2812=VERTEX_POINT('',#8137);
#2813=VERTEX_POINT('',#8138);
#2814=VERTEX_POINT('',#8140);
#2815=VERTEX_POINT('',#8142);
#2816=VERTEX_POINT('',#8146);
#2817=VERTEX_POINT('',#8147);
#2818=VERTEX_POINT('',#8149);
#2819=VERTEX_POINT('',#8151);
#2820=VERTEX_POINT('',#8155);
#2821=VERTEX_POINT('',#8156);
#2822=VERTEX_POINT('',#8158);
#2823=VERTEX_POINT('',#8160);
#2824=VERTEX_POINT('',#8164);
#2825=VERTEX_POINT('',#8165);
#2826=VERTEX_POINT('',#8167);
#2827=VERTEX_POINT('',#8169);
#2828=VERTEX_POINT('',#8173);
#2829=VERTEX_POINT('',#8175);
#2830=VERTEX_POINT('',#8179);
#2831=VERTEX_POINT('',#8181);
#2832=VERTEX_POINT('',#8188);
#2833=VERTEX_POINT('',#8189);
#2834=VERTEX_POINT('',#8191);
#2835=VERTEX_POINT('',#8193);
#2836=VERTEX_POINT('',#8197);
#2837=VERTEX_POINT('',#8198);
#2838=VERTEX_POINT('',#8200);
#2839=VERTEX_POINT('',#8202);
#2840=VERTEX_POINT('',#8206);
#2841=VERTEX_POINT('',#8207);
#2842=VERTEX_POINT('',#8209);
#2843=VERTEX_POINT('',#8211);
#2844=VERTEX_POINT('',#8215);
#2845=VERTEX_POINT('',#8217);
#2846=VERTEX_POINT('',#8221);
#2847=VERTEX_POINT('',#8223);
#2848=VERTEX_POINT('',#8230);
#2849=VERTEX_POINT('',#8231);
#2850=VERTEX_POINT('',#8233);
#2851=VERTEX_POINT('',#8235);
#2852=VERTEX_POINT('',#8239);
#2853=VERTEX_POINT('',#8240);
#2854=VERTEX_POINT('',#8242);
#2855=VERTEX_POINT('',#8244);
#2856=VERTEX_POINT('',#8248);
#2857=VERTEX_POINT('',#8249);
#2858=VERTEX_POINT('',#8251);
#2859=VERTEX_POINT('',#8253);
#2860=VERTEX_POINT('',#8257);
#2861=VERTEX_POINT('',#8259);
#2862=VERTEX_POINT('',#8263);
#2863=VERTEX_POINT('',#8265);
#2864=VERTEX_POINT('',#8272);
#2865=VERTEX_POINT('',#8273);
#2866=VERTEX_POINT('',#8275);
#2867=VERTEX_POINT('',#8277);
#2868=VERTEX_POINT('',#8281);
#2869=VERTEX_POINT('',#8282);
#2870=VERTEX_POINT('',#8284);
#2871=VERTEX_POINT('',#8286);
#2872=VERTEX_POINT('',#8290);
#2873=VERTEX_POINT('',#8291);
#2874=VERTEX_POINT('',#8293);
#2875=VERTEX_POINT('',#8295);
#2876=VERTEX_POINT('',#8299);
#2877=VERTEX_POINT('',#8301);
#2878=VERTEX_POINT('',#8305);
#2879=VERTEX_POINT('',#8307);
#2880=VERTEX_POINT('',#8314);
#2881=VERTEX_POINT('',#8315);
#2882=VERTEX_POINT('',#8317);
#2883=VERTEX_POINT('',#8319);
#2884=VERTEX_POINT('',#8323);
#2885=VERTEX_POINT('',#8324);
#2886=VERTEX_POINT('',#8326);
#2887=VERTEX_POINT('',#8328);
#2888=VERTEX_POINT('',#8332);
#2889=VERTEX_POINT('',#8333);
#2890=VERTEX_POINT('',#8335);
#2891=VERTEX_POINT('',#8337);
#2892=VERTEX_POINT('',#8341);
#2893=VERTEX_POINT('',#8343);
#2894=VERTEX_POINT('',#8347);
#2895=VERTEX_POINT('',#8349);
#2896=VERTEX_POINT('',#8356);
#2897=VERTEX_POINT('',#8358);
#2898=VERTEX_POINT('',#8360);
#2899=VERTEX_POINT('',#8362);
#2900=VERTEX_POINT('',#8364);
#2901=VERTEX_POINT('',#8366);
#2902=VERTEX_POINT('',#8368);
#2903=VERTEX_POINT('',#8370);
#2904=VERTEX_POINT('',#8372);
#2905=VERTEX_POINT('',#8374);
#2906=VERTEX_POINT('',#8405);
#2907=VERTEX_POINT('',#8407);
#2908=VERTEX_POINT('',#8409);
#2909=VERTEX_POINT('',#8411);
#2910=VERTEX_POINT('',#8413);
#2911=VERTEX_POINT('',#8415);
#2912=VERTEX_POINT('',#8417);
#2913=VERTEX_POINT('',#8419);
#2914=VERTEX_POINT('',#8421);
#2915=VERTEX_POINT('',#8423);
#2916=VERTEX_POINT('',#8435);
#2917=VERTEX_POINT('',#8439);
#2918=VERTEX_POINT('',#8443);
#2919=VERTEX_POINT('',#8447);
#2920=VERTEX_POINT('',#8451);
#2921=VERTEX_POINT('',#8455);
#2922=VERTEX_POINT('',#8459);
#2923=VERTEX_POINT('',#8463);
#2924=VERTEX_POINT('',#8467);
#2925=VERTEX_POINT('',#8471);
#2926=VERTEX_POINT('',#8484);
#2927=VERTEX_POINT('',#8485);
#2928=VERTEX_POINT('',#8487);
#2929=VERTEX_POINT('',#8489);
#2930=VERTEX_POINT('',#8491);
#2931=VERTEX_POINT('',#8493);
#2932=VERTEX_POINT('',#8500);
#2933=VERTEX_POINT('',#8510);
#2934=VERTEX_POINT('',#8520);
#2935=VERTEX_POINT('',#8530);
#2936=VERTEX_POINT('',#8540);
#2937=VERTEX_POINT('',#8547);
#2938=VERTEX_POINT('',#8550);
#2939=VERTEX_POINT('',#8552);
#2940=VERTEX_POINT('',#8553);
#2941=VERTEX_POINT('',#8555);
#2942=VERTEX_POINT('',#8557);
#2943=VERTEX_POINT('',#8559);
#2944=VERTEX_POINT('',#8561);
#2945=VERTEX_POINT('',#8566);
#2946=VERTEX_POINT('',#8586);
#2947=VERTEX_POINT('',#8594);
#2948=VERTEX_POINT('',#8595);
#2949=VERTEX_POINT('',#8597);
#2950=VERTEX_POINT('',#8599);
#2951=VERTEX_POINT('',#8601);
#2952=VERTEX_POINT('',#8603);
#2953=VERTEX_POINT('',#8605);
#2954=VERTEX_POINT('',#8607);
#2955=VERTEX_POINT('',#8609);
#2956=VERTEX_POINT('',#8611);
#2957=VERTEX_POINT('',#8613);
#2958=VERTEX_POINT('',#8615);
#2959=VERTEX_POINT('',#8619);
#2960=VERTEX_POINT('',#8620);
#2961=VERTEX_POINT('',#8622);
#2962=VERTEX_POINT('',#8624);
#2963=VERTEX_POINT('',#8626);
#2964=VERTEX_POINT('',#8628);
#2965=VERTEX_POINT('',#8630);
#2966=VERTEX_POINT('',#8632);
#2967=VERTEX_POINT('',#8634);
#2968=VERTEX_POINT('',#8636);
#2969=VERTEX_POINT('',#8638);
#2970=VERTEX_POINT('',#8640);
#2971=VERTEX_POINT('',#8644);
#2972=VERTEX_POINT('',#8646);
#2973=VERTEX_POINT('',#8648);
#2974=VERTEX_POINT('',#8650);
#2975=VERTEX_POINT('',#8654);
#2976=VERTEX_POINT('',#8656);
#2977=VERTEX_POINT('',#8658);
#2978=VERTEX_POINT('',#8660);
#2979=VERTEX_POINT('',#8673);
#2980=VERTEX_POINT('',#8675);
#2981=VERTEX_POINT('',#8677);
#2982=VERTEX_POINT('',#8679);
#2983=VERTEX_POINT('',#8682);
#2984=VERTEX_POINT('',#8684);
#2985=VERTEX_POINT('',#8686);
#2986=VERTEX_POINT('',#8688);
#2987=VERTEX_POINT('',#8709);
#2988=VERTEX_POINT('',#8712);
#2989=VERTEX_POINT('',#8718);
#2990=VERTEX_POINT('',#8719);
#2991=VERTEX_POINT('',#8721);
#2992=VERTEX_POINT('',#8723);
#2993=VERTEX_POINT('',#8727);
#2994=VERTEX_POINT('',#8728);
#2995=VERTEX_POINT('',#8730);
#2996=VERTEX_POINT('',#8732);
#2997=VERTEX_POINT('',#8736);
#2998=VERTEX_POINT('',#8737);
#2999=VERTEX_POINT('',#8739);
#3000=VERTEX_POINT('',#8741);
#3001=VERTEX_POINT('',#8745);
#3002=VERTEX_POINT('',#8746);
#3003=VERTEX_POINT('',#8748);
#3004=VERTEX_POINT('',#8750);
#3005=VERTEX_POINT('',#8754);
#3006=VERTEX_POINT('',#8755);
#3007=VERTEX_POINT('',#8757);
#3008=VERTEX_POINT('',#8759);
#3009=VERTEX_POINT('',#8763);
#3010=VERTEX_POINT('',#8765);
#3011=VERTEX_POINT('',#8769);
#3012=VERTEX_POINT('',#8770);
#3013=VERTEX_POINT('',#8778);
#3014=VERTEX_POINT('',#8779);
#3015=VERTEX_POINT('',#8781);
#3016=VERTEX_POINT('',#8783);
#3017=VERTEX_POINT('',#8787);
#3018=VERTEX_POINT('',#8788);
#3019=VERTEX_POINT('',#8790);
#3020=VERTEX_POINT('',#8792);
#3021=VERTEX_POINT('',#8802);
#3022=VERTEX_POINT('',#8803);
#3023=VERTEX_POINT('',#8805);
#3024=VERTEX_POINT('',#8807);
#3025=VERTEX_POINT('',#8810);
#3026=VERTEX_POINT('',#8811);
#3027=VERTEX_POINT('',#8813);
#3028=VERTEX_POINT('',#8815);
#3029=VERTEX_POINT('',#8818);
#3030=VERTEX_POINT('',#8820);
#3031=VERTEX_POINT('',#8822);
#3032=VERTEX_POINT('',#8824);
#3033=VERTEX_POINT('',#8830);
#3034=VERTEX_POINT('',#8832);
#3035=VERTEX_POINT('',#8834);
#3036=VERTEX_POINT('',#8836);
#3037=VERTEX_POINT('',#8838);
#3038=VERTEX_POINT('',#8841);
#3039=VERTEX_POINT('',#8842);
#3040=VERTEX_POINT('',#8844);
#3041=VERTEX_POINT('',#8846);
#3042=VERTEX_POINT('',#8849);
#3043=VERTEX_POINT('',#8850);
#3044=VERTEX_POINT('',#8852);
#3045=VERTEX_POINT('',#8854);
#3046=VERTEX_POINT('',#8857);
#3047=VERTEX_POINT('',#8859);
#3048=VERTEX_POINT('',#8861);
#3049=VERTEX_POINT('',#8863);
#3050=VERTEX_POINT('',#8869);
#3051=VERTEX_POINT('',#8871);
#3052=VERTEX_POINT('',#8873);
#3053=VERTEX_POINT('',#8875);
#3054=VERTEX_POINT('',#8877);
#3055=VERTEX_POINT('',#8900);
#3056=VERTEX_POINT('',#8904);
#3057=VERTEX_POINT('',#8908);
#3058=VERTEX_POINT('',#8912);
#3059=VERTEX_POINT('',#8916);
#3060=VERTEX_POINT('',#8920);
#3061=VERTEX_POINT('',#8924);
#3062=VERTEX_POINT('',#8928);
#3063=VERTEX_POINT('',#8935);
#3064=VERTEX_POINT('',#8936);
#3065=VERTEX_POINT('',#8938);
#3066=VERTEX_POINT('',#8940);
#3067=VERTEX_POINT('',#8944);
#3068=VERTEX_POINT('',#8945);
#3069=VERTEX_POINT('',#8947);
#3070=VERTEX_POINT('',#8949);
#3071=VERTEX_POINT('',#8953);
#3072=VERTEX_POINT('',#8954);
#3073=VERTEX_POINT('',#8956);
#3074=VERTEX_POINT('',#8958);
#3075=VERTEX_POINT('',#8962);
#3076=VERTEX_POINT('',#8963);
#3077=VERTEX_POINT('',#8965);
#3078=VERTEX_POINT('',#8967);
#3079=VERTEX_POINT('',#8971);
#3080=VERTEX_POINT('',#8972);
#3081=VERTEX_POINT('',#8974);
#3082=VERTEX_POINT('',#8976);
#3083=VERTEX_POINT('',#8980);
#3084=VERTEX_POINT('',#8982);
#3085=VERTEX_POINT('',#8986);
#3086=VERTEX_POINT('',#8987);
#3087=VERTEX_POINT('',#8995);
#3088=VERTEX_POINT('',#8996);
#3089=VERTEX_POINT('',#8998);
#3090=VERTEX_POINT('',#9000);
#3091=VERTEX_POINT('',#9004);
#3092=VERTEX_POINT('',#9005);
#3093=VERTEX_POINT('',#9007);
#3094=VERTEX_POINT('',#9009);
#3095=VERTEX_POINT('',#9019);
#3096=VERTEX_POINT('',#9020);
#3097=VERTEX_POINT('',#9022);
#3098=VERTEX_POINT('',#9024);
#3099=VERTEX_POINT('',#9027);
#3100=VERTEX_POINT('',#9028);
#3101=VERTEX_POINT('',#9030);
#3102=VERTEX_POINT('',#9032);
#3103=VERTEX_POINT('',#9035);
#3104=VERTEX_POINT('',#9037);
#3105=VERTEX_POINT('',#9039);
#3106=VERTEX_POINT('',#9041);
#3107=VERTEX_POINT('',#9047);
#3108=VERTEX_POINT('',#9049);
#3109=VERTEX_POINT('',#9051);
#3110=VERTEX_POINT('',#9053);
#3111=VERTEX_POINT('',#9055);
#3112=VERTEX_POINT('',#9058);
#3113=VERTEX_POINT('',#9059);
#3114=VERTEX_POINT('',#9061);
#3115=VERTEX_POINT('',#9063);
#3116=VERTEX_POINT('',#9066);
#3117=VERTEX_POINT('',#9067);
#3118=VERTEX_POINT('',#9069);
#3119=VERTEX_POINT('',#9071);
#3120=VERTEX_POINT('',#9074);
#3121=VERTEX_POINT('',#9076);
#3122=VERTEX_POINT('',#9078);
#3123=VERTEX_POINT('',#9080);
#3124=VERTEX_POINT('',#9086);
#3125=VERTEX_POINT('',#9088);
#3126=VERTEX_POINT('',#9090);
#3127=VERTEX_POINT('',#9092);
#3128=VERTEX_POINT('',#9094);
#3129=VERTEX_POINT('',#9117);
#3130=VERTEX_POINT('',#9121);
#3131=VERTEX_POINT('',#9125);
#3132=VERTEX_POINT('',#9129);
#3133=VERTEX_POINT('',#9133);
#3134=VERTEX_POINT('',#9137);
#3135=VERTEX_POINT('',#9141);
#3136=VERTEX_POINT('',#9145);
#3137=VERTEX_POINT('',#9153);
#3138=VERTEX_POINT('',#9156);
#3139=VERTEX_POINT('',#9162);
#3140=VERTEX_POINT('',#9164);
#3141=VERTEX_POINT('',#9167);
#3142=VERTEX_POINT('',#9169);
#3143=VERTEX_POINT('',#9183);
#3144=VERTEX_POINT('',#9186);
#3145=VERTEX_POINT('',#9198);
#3146=VERTEX_POINT('',#9199);
#3147=VERTEX_POINT('',#9201);
#3148=VERTEX_POINT('',#9203);
#3149=VERTEX_POINT('',#9207);
#3150=VERTEX_POINT('',#9208);
#3151=VERTEX_POINT('',#9210);
#3152=VERTEX_POINT('',#9212);
#3153=VERTEX_POINT('',#9218);
#3154=VERTEX_POINT('',#9220);
#3155=VERTEX_POINT('',#9222);
#3156=VERTEX_POINT('',#9224);
#3157=VERTEX_POINT('',#9226);
#3158=VERTEX_POINT('',#9233);
#3159=VERTEX_POINT('',#9235);
#3160=VERTEX_POINT('',#9237);
#3161=VERTEX_POINT('',#9239);
#3162=VERTEX_POINT('',#9242);
#3163=VERTEX_POINT('',#9243);
#3164=VERTEX_POINT('',#9247);
#3165=VERTEX_POINT('',#9248);
#3166=VERTEX_POINT('',#9252);
#3167=VERTEX_POINT('',#9253);
#3168=VERTEX_POINT('',#9257);
#3169=VERTEX_POINT('',#9258);
#3170=VERTEX_POINT('',#9262);
#3171=VERTEX_POINT('',#9263);
#3172=VERTEX_POINT('',#9267);
#3173=VERTEX_POINT('',#9268);
#3174=VERTEX_POINT('',#9272);
#3175=VERTEX_POINT('',#9273);
#3176=VERTEX_POINT('',#9277);
#3177=VERTEX_POINT('',#9278);
#3178=VERTEX_POINT('',#9282);
#3179=VERTEX_POINT('',#9283);
#3180=VERTEX_POINT('',#9289);
#3181=VERTEX_POINT('',#9292);
#3182=VERTEX_POINT('',#9305);
#3183=VERTEX_POINT('',#9308);
#3184=VERTEX_POINT('',#9320);
#3185=VERTEX_POINT('',#9323);
#3186=VERTEX_POINT('',#9332);
#3187=VERTEX_POINT('',#9333);
#3188=VERTEX_POINT('',#9335);
#3189=VERTEX_POINT('',#9337);
#3190=VERTEX_POINT('',#9341);
#3191=VERTEX_POINT('',#9342);
#3192=VERTEX_POINT('',#9344);
#3193=VERTEX_POINT('',#9346);
#3194=VERTEX_POINT('',#9350);
#3195=VERTEX_POINT('',#9351);
#3196=VERTEX_POINT('',#9353);
#3197=VERTEX_POINT('',#9355);
#3198=VERTEX_POINT('',#9359);
#3199=VERTEX_POINT('',#9360);
#3200=VERTEX_POINT('',#9362);
#3201=VERTEX_POINT('',#9364);
#3202=VERTEX_POINT('',#9371);
#3203=VERTEX_POINT('',#9373);
#3204=VERTEX_POINT('',#9377);
#3205=VERTEX_POINT('',#9379);
#3206=VERTEX_POINT('',#9383);
#3207=VERTEX_POINT('',#9384);
#3208=VERTEX_POINT('',#9386);
#3209=VERTEX_POINT('',#9388);
#3210=VERTEX_POINT('',#9392);
#3211=VERTEX_POINT('',#9393);
#3212=VERTEX_POINT('',#9395);
#3213=VERTEX_POINT('',#9397);
#3214=VERTEX_POINT('',#9404);
#3215=VERTEX_POINT('',#9406);
#3216=VERTEX_POINT('',#9410);
#3217=VERTEX_POINT('',#9412);
#3218=VERTEX_POINT('',#9416);
#3219=VERTEX_POINT('',#9417);
#3220=VERTEX_POINT('',#9419);
#3221=VERTEX_POINT('',#9421);
#3222=VERTEX_POINT('',#9425);
#3223=VERTEX_POINT('',#9426);
#3224=VERTEX_POINT('',#9428);
#3225=VERTEX_POINT('',#9430);
#3226=VERTEX_POINT('',#9437);
#3227=VERTEX_POINT('',#9439);
#3228=VERTEX_POINT('',#9443);
#3229=VERTEX_POINT('',#9445);
#3230=VERTEX_POINT('',#9449);
#3231=VERTEX_POINT('',#9450);
#3232=VERTEX_POINT('',#9452);
#3233=VERTEX_POINT('',#9454);
#3234=VERTEX_POINT('',#9458);
#3235=VERTEX_POINT('',#9459);
#3236=VERTEX_POINT('',#9461);
#3237=VERTEX_POINT('',#9463);
#3238=VERTEX_POINT('',#9470);
#3239=VERTEX_POINT('',#9472);
#3240=VERTEX_POINT('',#9476);
#3241=VERTEX_POINT('',#9478);
#3242=VERTEX_POINT('',#9482);
#3243=VERTEX_POINT('',#9483);
#3244=VERTEX_POINT('',#9485);
#3245=VERTEX_POINT('',#9487);
#3246=VERTEX_POINT('',#9491);
#3247=VERTEX_POINT('',#9492);
#3248=VERTEX_POINT('',#9494);
#3249=VERTEX_POINT('',#9496);
#3250=VERTEX_POINT('',#9503);
#3251=VERTEX_POINT('',#9505);
#3252=VERTEX_POINT('',#9509);
#3253=VERTEX_POINT('',#9511);
#3254=VERTEX_POINT('',#9515);
#3255=VERTEX_POINT('',#9517);
#3256=VERTEX_POINT('',#9524);
#3257=VERTEX_POINT('',#9526);
#3258=VERTEX_POINT('',#9557);
#3259=VERTEX_POINT('',#9560);
#3260=LINE('',#8000,#3632);
#3261=LINE('',#8003,#3633);
#3262=LINE('',#8005,#3634);
#3263=LINE('',#8007,#3635);
#3264=LINE('',#8009,#3636);
#3265=LINE('',#8011,#3637);
#3266=LINE('',#8013,#3638);
#3267=LINE('',#8016,#3639);
#3268=LINE('',#8017,#3640);
#3269=LINE('',#8019,#3641);
#3270=LINE('',#8021,#3642);
#3271=LINE('',#8023,#3643);
#3272=LINE('',#8025,#3644);
#3273=LINE('',#8027,#3645);
#3274=LINE('',#8029,#3646);
#3275=LINE('',#8031,#3647);
#3276=LINE('',#8033,#3648);
#3277=LINE('',#8035,#3649);
#3278=LINE('',#8055,#3650);
#3279=LINE('',#8058,#3651);
#3280=LINE('',#8060,#3652);
#3281=LINE('',#8062,#3653);
#3282=LINE('',#8064,#3654);
#3283=LINE('',#8066,#3655);
#3284=LINE('',#8068,#3656);
#3285=LINE('',#8071,#3657);
#3286=LINE('',#8072,#3658);
#3287=LINE('',#8074,#3659);
#3288=LINE('',#8076,#3660);
#3289=LINE('',#8078,#3661);
#3290=LINE('',#8080,#3662);
#3291=LINE('',#8082,#3663);
#3292=LINE('',#8084,#3664);
#3293=LINE('',#8086,#3665);
#3294=LINE('',#8088,#3666);
#3295=LINE('',#8090,#3667);
#3296=LINE('',#8112,#3668);
#3297=LINE('',#8116,#3669);
#3298=LINE('',#8121,#3670);
#3299=LINE('',#8125,#3671);
#3300=LINE('',#8130,#3672);
#3301=LINE('',#8134,#3673);
#3302=LINE('',#8139,#3674);
#3303=LINE('',#8143,#3675);
#3304=LINE('',#8148,#3676);
#3305=LINE('',#8152,#3677);
#3306=LINE('',#8157,#3678);
#3307=LINE('',#8161,#3679);
#3308=LINE('',#8163,#3680);
#3309=LINE('',#8168,#3681);
#3310=LINE('',#8172,#3682);
#3311=LINE('',#8174,#3683);
#3312=LINE('',#8176,#3684);
#3313=LINE('',#8178,#3685);
#3314=LINE('',#8180,#3686);
#3315=LINE('',#8182,#3687);
#3316=LINE('',#8184,#3688);
#3317=LINE('',#8185,#3689);
#3318=LINE('',#8190,#3690);
#3319=LINE('',#8194,#3691);
#3320=LINE('',#8199,#3692);
#3321=LINE('',#8203,#3693);
#3322=LINE('',#8205,#3694);
#3323=LINE('',#8210,#3695);
#3324=LINE('',#8214,#3696);
#3325=LINE('',#8216,#3697);
#3326=LINE('',#8218,#3698);
#3327=LINE('',#8220,#3699);
#3328=LINE('',#8222,#3700);
#3329=LINE('',#8224,#3701);
#3330=LINE('',#8226,#3702);
#3331=LINE('',#8227,#3703);
#3332=LINE('',#8232,#3704);
#3333=LINE('',#8236,#3705);
#3334=LINE('',#8241,#3706);
#3335=LINE('',#8245,#3707);
#3336=LINE('',#8247,#3708);
#3337=LINE('',#8252,#3709);
#3338=LINE('',#8256,#3710);
#3339=LINE('',#8258,#3711);
#3340=LINE('',#8260,#3712);
#3341=LINE('',#8262,#3713);
#3342=LINE('',#8264,#3714);
#3343=LINE('',#8266,#3715);
#3344=LINE('',#8268,#3716);
#3345=LINE('',#8269,#3717);
#3346=LINE('',#8274,#3718);
#3347=LINE('',#8278,#3719);
#3348=LINE('',#8283,#3720);
#3349=LINE('',#8287,#3721);
#3350=LINE('',#8289,#3722);
#3351=LINE('',#8294,#3723);
#3352=LINE('',#8298,#3724);
#3353=LINE('',#8300,#3725);
#3354=LINE('',#8302,#3726);
#3355=LINE('',#8304,#3727);
#3356=LINE('',#8306,#3728);
#3357=LINE('',#8308,#3729);
#3358=LINE('',#8310,#3730);
#3359=LINE('',#8311,#3731);
#3360=LINE('',#8316,#3732);
#3361=LINE('',#8320,#3733);
#3362=LINE('',#8325,#3734);
#3363=LINE('',#8329,#3735);
#3364=LINE('',#8331,#3736);
#3365=LINE('',#8336,#3737);
#3366=LINE('',#8340,#3738);
#3367=LINE('',#8342,#3739);
#3368=LINE('',#8344,#3740);
#3369=LINE('',#8346,#3741);
#3370=LINE('',#8348,#3742);
#3371=LINE('',#8350,#3743);
#3372=LINE('',#8352,#3744);
#3373=LINE('',#8353,#3745);
#3374=LINE('',#8375,#3746);
#3375=LINE('',#8376,#3747);
#3376=LINE('',#8378,#3748);
#3377=LINE('',#8380,#3749);
#3378=LINE('',#8382,#3750);
#3379=LINE('',#8384,#3751);
#3380=LINE('',#8386,#3752);
#3381=LINE('',#8387,#3753);
#3382=LINE('',#8388,#3754);
#3383=LINE('',#8390,#3755);
#3384=LINE('',#8391,#3756);
#3385=LINE('',#8392,#3757);
#3386=LINE('',#8393,#3758);
#3387=LINE('',#8394,#3759);
#3388=LINE('',#8396,#3760);
#3389=LINE('',#8398,#3761);
#3390=LINE('',#8400,#3762);
#3391=LINE('',#8402,#3763);
#3392=LINE('',#8551,#3764);
#3393=LINE('',#8554,#3765);
#3394=LINE('',#8556,#3766);
#3395=LINE('',#8558,#3767);
#3396=LINE('',#8560,#3768);
#3397=LINE('',#8562,#3769);
#3398=LINE('',#8564,#3770);
#3399=LINE('',#8565,#3771);
#3400=LINE('',#8572,#3772);
#3401=LINE('',#8574,#3773);
#3402=LINE('',#8576,#3774);
#3403=LINE('',#8578,#3775);
#3404=LINE('',#8593,#3776);
#3405=LINE('',#8596,#3777);
#3406=LINE('',#8598,#3778);
#3407=LINE('',#8600,#3779);
#3408=LINE('',#8602,#3780);
#3409=LINE('',#8604,#3781);
#3410=LINE('',#8606,#3782);
#3411=LINE('',#8608,#3783);
#3412=LINE('',#8610,#3784);
#3413=LINE('',#8612,#3785);
#3414=LINE('',#8614,#3786);
#3415=LINE('',#8616,#3787);
#3416=LINE('',#8618,#3788);
#3417=LINE('',#8621,#3789);
#3418=LINE('',#8623,#3790);
#3419=LINE('',#8625,#3791);
#3420=LINE('',#8627,#3792);
#3421=LINE('',#8629,#3793);
#3422=LINE('',#8631,#3794);
#3423=LINE('',#8633,#3795);
#3424=LINE('',#8635,#3796);
#3425=LINE('',#8637,#3797);
#3426=LINE('',#8639,#3798);
#3427=LINE('',#8641,#3799);
#3428=LINE('',#8651,#3800);
#3429=LINE('',#8652,#3801);
#3430=LINE('',#8662,#3802);
#3431=LINE('',#8664,#3803);
#3432=LINE('',#8666,#3804);
#3433=LINE('',#8668,#3805);
#3434=LINE('',#8670,#3806);
#3435=LINE('',#8680,#3807);
#3436=LINE('',#8690,#3808);
#3437=LINE('',#8692,#3809);
#3438=LINE('',#8694,#3810);
#3439=LINE('',#8696,#3811);
#3440=LINE('',#8720,#3812);
#3441=LINE('',#8724,#3813);
#3442=LINE('',#8729,#3814);
#3443=LINE('',#8733,#3815);
#3444=LINE('',#8738,#3816);
#3445=LINE('',#8742,#3817);
#3446=LINE('',#8747,#3818);
#3447=LINE('',#8751,#3819);
#3448=LINE('',#8753,#3820);
#3449=LINE('',#8756,#3821);
#3450=LINE('',#8758,#3822);
#3451=LINE('',#8760,#3823);
#3452=LINE('',#8764,#3824);
#3453=LINE('',#8768,#3825);
#3454=LINE('',#8771,#3826);
#3455=LINE('',#8772,#3827);
#3456=LINE('',#8777,#3828);
#3457=LINE('',#8780,#3829);
#3458=LINE('',#8782,#3830);
#3459=LINE('',#8784,#3831);
#3460=LINE('',#8786,#3832);
#3461=LINE('',#8789,#3833);
#3462=LINE('',#8791,#3834);
#3463=LINE('',#8793,#3835);
#3464=LINE('',#8804,#3836);
#3465=LINE('',#8808,#3837);
#3466=LINE('',#8812,#3838);
#3467=LINE('',#8816,#3839);
#3468=LINE('',#8825,#3840);
#3469=LINE('',#8826,#3841);
#3470=LINE('',#8827,#3842);
#3471=LINE('',#8828,#3843);
#3472=LINE('',#8843,#3844);
#3473=LINE('',#8847,#3845);
#3474=LINE('',#8851,#3846);
#3475=LINE('',#8855,#3847);
#3476=LINE('',#8864,#3848);
#3477=LINE('',#8865,#3849);
#3478=LINE('',#8866,#3850);
#3479=LINE('',#8867,#3851);
#3480=LINE('',#8883,#3852);
#3481=LINE('',#8884,#3853);
#3482=LINE('',#8886,#3854);
#3483=LINE('',#8888,#3855);
#3484=LINE('',#8891,#3856);
#3485=LINE('',#8892,#3857);
#3486=LINE('',#8894,#3858);
#3487=LINE('',#8896,#3859);
#3488=LINE('',#8937,#3860);
#3489=LINE('',#8941,#3861);
#3490=LINE('',#8946,#3862);
#3491=LINE('',#8950,#3863);
#3492=LINE('',#8955,#3864);
#3493=LINE('',#8959,#3865);
#3494=LINE('',#8964,#3866);
#3495=LINE('',#8968,#3867);
#3496=LINE('',#8970,#3868);
#3497=LINE('',#8973,#3869);
#3498=LINE('',#8975,#3870);
#3499=LINE('',#8977,#3871);
#3500=LINE('',#8983,#3872);
#3501=LINE('',#8985,#3873);
#3502=LINE('',#8988,#3874);
#3503=LINE('',#8989,#3875);
#3504=LINE('',#8994,#3876);
#3505=LINE('',#8997,#3877);
#3506=LINE('',#8999,#3878);
#3507=LINE('',#9001,#3879);
#3508=LINE('',#9003,#3880);
#3509=LINE('',#9006,#3881);
#3510=LINE('',#9008,#3882);
#3511=LINE('',#9010,#3883);
#3512=LINE('',#9021,#3884);
#3513=LINE('',#9025,#3885);
#3514=LINE('',#9029,#3886);
#3515=LINE('',#9033,#3887);
#3516=LINE('',#9042,#3888);
#3517=LINE('',#9043,#3889);
#3518=LINE('',#9044,#3890);
#3519=LINE('',#9045,#3891);
#3520=LINE('',#9060,#3892);
#3521=LINE('',#9064,#3893);
#3522=LINE('',#9068,#3894);
#3523=LINE('',#9072,#3895);
#3524=LINE('',#9081,#3896);
#3525=LINE('',#9082,#3897);
#3526=LINE('',#9083,#3898);
#3527=LINE('',#9084,#3899);
#3528=LINE('',#9100,#3900);
#3529=LINE('',#9101,#3901);
#3530=LINE('',#9103,#3902);
#3531=LINE('',#9105,#3903);
#3532=LINE('',#9108,#3904);
#3533=LINE('',#9109,#3905);
#3534=LINE('',#9111,#3906);
#3535=LINE('',#9113,#3907);
#3536=LINE('',#9197,#3908);
#3537=LINE('',#9200,#3909);
#3538=LINE('',#9202,#3910);
#3539=LINE('',#9204,#3911);
#3540=LINE('',#9206,#3912);
#3541=LINE('',#9209,#3913);
#3542=LINE('',#9211,#3914);
#3543=LINE('',#9213,#3915);
#3544=LINE('',#9215,#3916);
#3545=LINE('',#9216,#3917);
#3546=LINE('',#9228,#3918);
#3547=LINE('',#9230,#3919);
#3548=LINE('',#9334,#3920);
#3549=LINE('',#9338,#3921);
#3550=LINE('',#9343,#3922);
#3551=LINE('',#9347,#3923);
#3552=LINE('',#9352,#3924);
#3553=LINE('',#9356,#3925);
#3554=LINE('',#9361,#3926);
#3555=LINE('',#9365,#3927);
#3556=LINE('',#9367,#3928);
#3557=LINE('',#9368,#3929);
#3558=LINE('',#9370,#3930);
#3559=LINE('',#9372,#3931);
#3560=LINE('',#9374,#3932);
#3561=LINE('',#9376,#3933);
#3562=LINE('',#9378,#3934);
#3563=LINE('',#9380,#3935);
#3564=LINE('',#9385,#3936);
#3565=LINE('',#9389,#3937);
#3566=LINE('',#9394,#3938);
#3567=LINE('',#9398,#3939);
#3568=LINE('',#9400,#3940);
#3569=LINE('',#9401,#3941);
#3570=LINE('',#9403,#3942);
#3571=LINE('',#9405,#3943);
#3572=LINE('',#9407,#3944);
#3573=LINE('',#9409,#3945);
#3574=LINE('',#9411,#3946);
#3575=LINE('',#9413,#3947);
#3576=LINE('',#9418,#3948);
#3577=LINE('',#9422,#3949);
#3578=LINE('',#9427,#3950);
#3579=LINE('',#9431,#3951);
#3580=LINE('',#9433,#3952);
#3581=LINE('',#9434,#3953);
#3582=LINE('',#9436,#3954);
#3583=LINE('',#9438,#3955);
#3584=LINE('',#9440,#3956);
#3585=LINE('',#9442,#3957);
#3586=LINE('',#9444,#3958);
#3587=LINE('',#9446,#3959);
#3588=LINE('',#9451,#3960);
#3589=LINE('',#9455,#3961);
#3590=LINE('',#9460,#3962);
#3591=LINE('',#9464,#3963);
#3592=LINE('',#9466,#3964);
#3593=LINE('',#9467,#3965);
#3594=LINE('',#9469,#3966);
#3595=LINE('',#9471,#3967);
#3596=LINE('',#9473,#3968);
#3597=LINE('',#9475,#3969);
#3598=LINE('',#9477,#3970);
#3599=LINE('',#9479,#3971);
#3600=LINE('',#9484,#3972);
#3601=LINE('',#9488,#3973);
#3602=LINE('',#9493,#3974);
#3603=LINE('',#9497,#3975);
#3604=LINE('',#9499,#3976);
#3605=LINE('',#9500,#3977);
#3606=LINE('',#9502,#3978);
#3607=LINE('',#9504,#3979);
#3608=LINE('',#9506,#3980);
#3609=LINE('',#9508,#3981);
#3610=LINE('',#9510,#3982);
#3611=LINE('',#9512,#3983);
#3612=LINE('',#9514,#3984);
#3613=LINE('',#9516,#3985);
#3614=LINE('',#9518,#3986);
#3615=LINE('',#9520,#3987);
#3616=LINE('',#9521,#3988);
#3617=LINE('',#9523,#3989);
#3618=LINE('',#9525,#3990);
#3619=LINE('',#9527,#3991);
#3620=LINE('',#9529,#3992);
#3621=LINE('',#9530,#3993);
#3622=LINE('',#9531,#3994);
#3623=LINE('',#9532,#3995);
#3624=LINE('',#9533,#3996);
#3625=LINE('',#9534,#3997);
#3626=LINE('',#9536,#3998);
#3627=LINE('',#9538,#3999);
#3628=LINE('',#9539,#4000);
#3629=LINE('',#9540,#4001);
#3630=LINE('',#9541,#4002);
#3631=LINE('',#9542,#4003);
#3632=VECTOR('',#6320,1.);
#3633=VECTOR('',#6321,1.);
#3634=VECTOR('',#6322,1.);
#3635=VECTOR('',#6323,1.);
#3636=VECTOR('',#6324,1.);
#3637=VECTOR('',#6325,1.);
#3638=VECTOR('',#6328,1.);
#3639=VECTOR('',#6329,1.);
#3640=VECTOR('',#6330,1.);
#3641=VECTOR('',#6333,1.);
#3642=VECTOR('',#6334,1.);
#3643=VECTOR('',#6337,1.);
#3644=VECTOR('',#6338,1.);
#3645=VECTOR('',#6341,1.);
#3646=VECTOR('',#6342,1.);
#3647=VECTOR('',#6345,1.);
#3648=VECTOR('',#6346,1.);
#3649=VECTOR('',#6349,1.);
#3650=VECTOR('',#6378,1.);
#3651=VECTOR('',#6379,1.);
#3652=VECTOR('',#6380,1.);
#3653=VECTOR('',#6381,1.);
#3654=VECTOR('',#6382,1.);
#3655=VECTOR('',#6383,1.);
#3656=VECTOR('',#6386,1.);
#3657=VECTOR('',#6387,1.);
#3658=VECTOR('',#6388,1.);
#3659=VECTOR('',#6391,1.);
#3660=VECTOR('',#6392,1.);
#3661=VECTOR('',#6395,1.);
#3662=VECTOR('',#6396,1.);
#3663=VECTOR('',#6399,1.);
#3664=VECTOR('',#6400,1.);
#3665=VECTOR('',#6403,1.);
#3666=VECTOR('',#6404,1.);
#3667=VECTOR('',#6407,1.);
#3668=VECTOR('',#6436,1.);
#3669=VECTOR('',#6439,1.);
#3670=VECTOR('',#6444,1.);
#3671=VECTOR('',#6447,1.);
#3672=VECTOR('',#6452,1.);
#3673=VECTOR('',#6455,1.);
#3674=VECTOR('',#6460,1.);
#3675=VECTOR('',#6463,1.);
#3676=VECTOR('',#6468,1.);
#3677=VECTOR('',#6471,1.);
#3678=VECTOR('',#6476,1.);
#3679=VECTOR('',#6479,1.);
#3680=VECTOR('',#6482,1.);
#3681=VECTOR('',#6485,1.);
#3682=VECTOR('',#6490,1.);
#3683=VECTOR('',#6491,1.);
#3684=VECTOR('',#6492,1.);
#3685=VECTOR('',#6495,1.);
#3686=VECTOR('',#6496,1.);
#3687=VECTOR('',#6497,1.);
#3688=VECTOR('',#6500,1.);
#3689=VECTOR('',#6501,1.);
#3690=VECTOR('',#6506,1.);
#3691=VECTOR('',#6509,1.);
#3692=VECTOR('',#6514,1.);
#3693=VECTOR('',#6517,1.);
#3694=VECTOR('',#6520,1.);
#3695=VECTOR('',#6523,1.);
#3696=VECTOR('',#6528,1.);
#3697=VECTOR('',#6529,1.);
#3698=VECTOR('',#6530,1.);
#3699=VECTOR('',#6533,1.);
#3700=VECTOR('',#6534,1.);
#3701=VECTOR('',#6535,1.);
#3702=VECTOR('',#6538,1.);
#3703=VECTOR('',#6539,1.);
#3704=VECTOR('',#6544,1.);
#3705=VECTOR('',#6547,1.);
#3706=VECTOR('',#6552,1.);
#3707=VECTOR('',#6555,1.);
#3708=VECTOR('',#6558,1.);
#3709=VECTOR('',#6561,1.);
#3710=VECTOR('',#6566,1.);
#3711=VECTOR('',#6567,1.);
#3712=VECTOR('',#6568,1.);
#3713=VECTOR('',#6571,1.);
#3714=VECTOR('',#6572,1.);
#3715=VECTOR('',#6573,1.);
#3716=VECTOR('',#6576,1.);
#3717=VECTOR('',#6577,1.);
#3718=VECTOR('',#6582,1.);
#3719=VECTOR('',#6585,1.);
#3720=VECTOR('',#6590,1.);
#3721=VECTOR('',#6593,1.);
#3722=VECTOR('',#6596,1.);
#3723=VECTOR('',#6599,1.);
#3724=VECTOR('',#6604,1.);
#3725=VECTOR('',#6605,1.);
#3726=VECTOR('',#6606,1.);
#3727=VECTOR('',#6609,1.);
#3728=VECTOR('',#6610,1.);
#3729=VECTOR('',#6611,1.);
#3730=VECTOR('',#6614,1.);
#3731=VECTOR('',#6615,1.);
#3732=VECTOR('',#6620,1.);
#3733=VECTOR('',#6623,1.);
#3734=VECTOR('',#6628,1.);
#3735=VECTOR('',#6631,1.);
#3736=VECTOR('',#6634,1.);
#3737=VECTOR('',#6637,1.);
#3738=VECTOR('',#6642,1.);
#3739=VECTOR('',#6643,1.);
#3740=VECTOR('',#6644,1.);
#3741=VECTOR('',#6647,1.);
#3742=VECTOR('',#6648,1.);
#3743=VECTOR('',#6649,1.);
#3744=VECTOR('',#6652,1.);
#3745=VECTOR('',#6653,1.);
#3746=VECTOR('',#6676,1.);
#3747=VECTOR('',#6677,1.);
#3748=VECTOR('',#6680,1.);
#3749=VECTOR('',#6683,1.);
#3750=VECTOR('',#6686,1.);
#3751=VECTOR('',#6689,1.);
#3752=VECTOR('',#6692,1.);
#3753=VECTOR('',#6693,1.);
#3754=VECTOR('',#6694,1.);
#3755=VECTOR('',#6697,1.);
#3756=VECTOR('',#6698,1.);
#3757=VECTOR('',#6699,1.);
#3758=VECTOR('',#6700,1.);
#3759=VECTOR('',#6701,1.);
#3760=VECTOR('',#6704,1.);
#3761=VECTOR('',#6707,1.);
#3762=VECTOR('',#6710,1.);
#3763=VECTOR('',#6713,1.);
#3764=VECTOR('',#6864,1.);
#3765=VECTOR('',#6865,1.);
#3766=VECTOR('',#6866,1.);
#3767=VECTOR('',#6867,1.);
#3768=VECTOR('',#6868,1.);
#3769=VECTOR('',#6869,1.);
#3770=VECTOR('',#6872,1.);
#3771=VECTOR('',#6873,1.);
#3772=VECTOR('',#6876,1.);
#3773=VECTOR('',#6879,1.);
#3774=VECTOR('',#6882,1.);
#3775=VECTOR('',#6885,1.);
#3776=VECTOR('',#6904,1.);
#3777=VECTOR('',#6905,1.);
#3778=VECTOR('',#6906,1.);
#3779=VECTOR('',#6907,1.);
#3780=VECTOR('',#6908,1.);
#3781=VECTOR('',#6909,1.);
#3782=VECTOR('',#6910,1.);
#3783=VECTOR('',#6911,1.);
#3784=VECTOR('',#6912,1.);
#3785=VECTOR('',#6913,1.);
#3786=VECTOR('',#6914,1.);
#3787=VECTOR('',#6915,1.);
#3788=VECTOR('',#6918,1.);
#3789=VECTOR('',#6919,1.);
#3790=VECTOR('',#6920,1.);
#3791=VECTOR('',#6921,1.);
#3792=VECTOR('',#6922,1.);
#3793=VECTOR('',#6923,1.);
#3794=VECTOR('',#6924,1.);
#3795=VECTOR('',#6925,1.);
#3796=VECTOR('',#6926,1.);
#3797=VECTOR('',#6927,1.);
#3798=VECTOR('',#6928,1.);
#3799=VECTOR('',#6929,1.);
#3800=VECTOR('',#6940,1.);
#3801=VECTOR('',#6941,1.);
#3802=VECTOR('',#6952,1.);
#3803=VECTOR('',#6955,1.);
#3804=VECTOR('',#6958,1.);
#3805=VECTOR('',#6961,1.);
#3806=VECTOR('',#6964,1.);
#3807=VECTOR('',#6975,1.);
#3808=VECTOR('',#6986,1.);
#3809=VECTOR('',#6989,1.);
#3810=VECTOR('',#6992,1.);
#3811=VECTOR('',#6995,1.);
#3812=VECTOR('',#7034,1.);
#3813=VECTOR('',#7037,1.);
#3814=VECTOR('',#7042,1.);
#3815=VECTOR('',#7045,1.);
#3816=VECTOR('',#7050,1.);
#3817=VECTOR('',#7053,1.);
#3818=VECTOR('',#7058,1.);
#3819=VECTOR('',#7061,1.);
#3820=VECTOR('',#7064,1.);
#3821=VECTOR('',#7065,1.);
#3822=VECTOR('',#7066,1.);
#3823=VECTOR('',#7067,1.);
#3824=VECTOR('',#7072,1.);
#3825=VECTOR('',#7077,1.);
#3826=VECTOR('',#7078,1.);
#3827=VECTOR('',#7079,1.);
#3828=VECTOR('',#7088,1.);
#3829=VECTOR('',#7089,1.);
#3830=VECTOR('',#7090,1.);
#3831=VECTOR('',#7091,1.);
#3832=VECTOR('',#7094,1.);
#3833=VECTOR('',#7095,1.);
#3834=VECTOR('',#7096,1.);
#3835=VECTOR('',#7097,1.);
#3836=VECTOR('',#7114,1.);
#3837=VECTOR('',#7117,1.);
#3838=VECTOR('',#7120,1.);
#3839=VECTOR('',#7123,1.);
#3840=VECTOR('',#7132,1.);
#3841=VECTOR('',#7133,1.);
#3842=VECTOR('',#7134,1.);
#3843=VECTOR('',#7135,1.);
#3844=VECTOR('',#7150,1.);
#3845=VECTOR('',#7153,1.);
#3846=VECTOR('',#7156,1.);
#3847=VECTOR('',#7159,1.);
#3848=VECTOR('',#7168,1.);
#3849=VECTOR('',#7169,1.);
#3850=VECTOR('',#7170,1.);
#3851=VECTOR('',#7171,1.);
#3852=VECTOR('',#7192,1.);
#3853=VECTOR('',#7193,1.);
#3854=VECTOR('',#7196,1.);
#3855=VECTOR('',#7199,1.);
#3856=VECTOR('',#7204,1.);
#3857=VECTOR('',#7205,1.);
#3858=VECTOR('',#7208,1.);
#3859=VECTOR('',#7211,1.);
#3860=VECTOR('',#7272,1.);
#3861=VECTOR('',#7275,1.);
#3862=VECTOR('',#7280,1.);
#3863=VECTOR('',#7283,1.);
#3864=VECTOR('',#7288,1.);
#3865=VECTOR('',#7291,1.);
#3866=VECTOR('',#7296,1.);
#3867=VECTOR('',#7299,1.);
#3868=VECTOR('',#7302,1.);
#3869=VECTOR('',#7303,1.);
#3870=VECTOR('',#7304,1.);
#3871=VECTOR('',#7305,1.);
#3872=VECTOR('',#7312,1.);
#3873=VECTOR('',#7315,1.);
#3874=VECTOR('',#7316,1.);
#3875=VECTOR('',#7317,1.);
#3876=VECTOR('',#7326,1.);
#3877=VECTOR('',#7327,1.);
#3878=VECTOR('',#7328,1.);
#3879=VECTOR('',#7329,1.);
#3880=VECTOR('',#7332,1.);
#3881=VECTOR('',#7333,1.);
#3882=VECTOR('',#7334,1.);
#3883=VECTOR('',#7335,1.);
#3884=VECTOR('',#7352,1.);
#3885=VECTOR('',#7355,1.);
#3886=VECTOR('',#7358,1.);
#3887=VECTOR('',#7361,1.);
#3888=VECTOR('',#7370,1.);
#3889=VECTOR('',#7371,1.);
#3890=VECTOR('',#7372,1.);
#3891=VECTOR('',#7373,1.);
#3892=VECTOR('',#7388,1.);
#3893=VECTOR('',#7391,1.);
#3894=VECTOR('',#7394,1.);
#3895=VECTOR('',#7397,1.);
#3896=VECTOR('',#7406,1.);
#3897=VECTOR('',#7407,1.);
#3898=VECTOR('',#7408,1.);
#3899=VECTOR('',#7409,1.);
#3900=VECTOR('',#7430,1.);
#3901=VECTOR('',#7431,1.);
#3902=VECTOR('',#7434,1.);
#3903=VECTOR('',#7437,1.);
#3904=VECTOR('',#7442,1.);
#3905=VECTOR('',#7443,1.);
#3906=VECTOR('',#7446,1.);
#3907=VECTOR('',#7449,1.);
#3908=VECTOR('',#7584,1.);
#3909=VECTOR('',#7585,1.);
#3910=VECTOR('',#7586,1.);
#3911=VECTOR('',#7587,1.);
#3912=VECTOR('',#7590,1.);
#3913=VECTOR('',#7591,1.);
#3914=VECTOR('',#7592,1.);
#3915=VECTOR('',#7593,1.);
#3916=VECTOR('',#7596,1.);
#3917=VECTOR('',#7597,1.);
#3918=VECTOR('',#7610,1.);
#3919=VECTOR('',#7613,1.);
#3920=VECTOR('',#7760,1.);
#3921=VECTOR('',#7763,1.);
#3922=VECTOR('',#7768,1.);
#3923=VECTOR('',#7771,1.);
#3924=VECTOR('',#7776,1.);
#3925=VECTOR('',#7779,1.);
#3926=VECTOR('',#7784,1.);
#3927=VECTOR('',#7787,1.);
#3928=VECTOR('',#7790,1.);
#3929=VECTOR('',#7791,1.);
#3930=VECTOR('',#7794,1.);
#3931=VECTOR('',#7795,1.);
#3932=VECTOR('',#7796,1.);
#3933=VECTOR('',#7799,1.);
#3934=VECTOR('',#7800,1.);
#3935=VECTOR('',#7801,1.);
#3936=VECTOR('',#7806,1.);
#3937=VECTOR('',#7809,1.);
#3938=VECTOR('',#7814,1.);
#3939=VECTOR('',#7817,1.);
#3940=VECTOR('',#7820,1.);
#3941=VECTOR('',#7821,1.);
#3942=VECTOR('',#7824,1.);
#3943=VECTOR('',#7825,1.);
#3944=VECTOR('',#7826,1.);
#3945=VECTOR('',#7829,1.);
#3946=VECTOR('',#7830,1.);
#3947=VECTOR('',#7831,1.);
#3948=VECTOR('',#7836,1.);
#3949=VECTOR('',#7839,1.);
#3950=VECTOR('',#7844,1.);
#3951=VECTOR('',#7847,1.);
#3952=VECTOR('',#7850,1.);
#3953=VECTOR('',#7851,1.);
#3954=VECTOR('',#7854,1.);
#3955=VECTOR('',#7855,1.);
#3956=VECTOR('',#7856,1.);
#3957=VECTOR('',#7859,1.);
#3958=VECTOR('',#7860,1.);
#3959=VECTOR('',#7861,1.);
#3960=VECTOR('',#7866,1.);
#3961=VECTOR('',#7869,1.);
#3962=VECTOR('',#7874,1.);
#3963=VECTOR('',#7877,1.);
#3964=VECTOR('',#7880,1.);
#3965=VECTOR('',#7881,1.);
#3966=VECTOR('',#7884,1.);
#3967=VECTOR('',#7885,1.);
#3968=VECTOR('',#7886,1.);
#3969=VECTOR('',#7889,1.);
#3970=VECTOR('',#7890,1.);
#3971=VECTOR('',#7891,1.);
#3972=VECTOR('',#7896,1.);
#3973=VECTOR('',#7899,1.);
#3974=VECTOR('',#7904,1.);
#3975=VECTOR('',#7907,1.);
#3976=VECTOR('',#7910,1.);
#3977=VECTOR('',#7911,1.);
#3978=VECTOR('',#7914,1.);
#3979=VECTOR('',#7915,1.);
#3980=VECTOR('',#7916,1.);
#3981=VECTOR('',#7919,1.);
#3982=VECTOR('',#7920,1.);
#3983=VECTOR('',#7921,1.);
#3984=VECTOR('',#7924,1.);
#3985=VECTOR('',#7925,1.);
#3986=VECTOR('',#7926,1.);
#3987=VECTOR('',#7929,1.);
#3988=VECTOR('',#7930,1.);
#3989=VECTOR('',#7933,1.);
#3990=VECTOR('',#7934,1.);
#3991=VECTOR('',#7935,1.);
#3992=VECTOR('',#7938,1.);
#3993=VECTOR('',#7939,1.);
#3994=VECTOR('',#7940,1.);
#3995=VECTOR('',#7941,1.);
#3996=VECTOR('',#7942,1.);
#3997=VECTOR('',#7943,1.);
#3998=VECTOR('',#7946,1.);
#3999=VECTOR('',#7949,1.);
#4000=VECTOR('',#7950,1.);
#4001=VECTOR('',#7951,1.);
#4002=VECTOR('',#7952,1.);
#4003=VECTOR('',#7953,1.);
#4004=EDGE_LOOP('',(#795,#796,#797,#798,#799,#800));
#4005=EDGE_LOOP('',(#801,#802,#803,#804));
#4006=EDGE_LOOP('',(#805,#806,#807,#808));
#4007=EDGE_LOOP('',(#809,#810,#811,#812));
#4008=EDGE_LOOP('',(#813,#814,#815,#816));
#4009=EDGE_LOOP('',(#817,#818,#819,#820));
#4010=EDGE_LOOP('',(#821,#822,#823,#824));
#4011=EDGE_LOOP('',(#825));
#4012=EDGE_LOOP('',(#826));
#4013=EDGE_LOOP('',(#827,#828,#829,#830,#831,#832));
#4014=EDGE_LOOP('',(#833));
#4015=EDGE_LOOP('',(#834));
#4016=EDGE_LOOP('',(#835));
#4017=EDGE_LOOP('',(#836));
#4018=EDGE_LOOP('',(#837));
#4019=EDGE_LOOP('',(#838));
#4020=EDGE_LOOP('',(#839));
#4021=EDGE_LOOP('',(#840));
#4022=EDGE_LOOP('',(#841,#842,#843,#844,#845,#846));
#4023=EDGE_LOOP('',(#847,#848,#849,#850));
#4024=EDGE_LOOP('',(#851,#852,#853,#854));
#4025=EDGE_LOOP('',(#855,#856,#857,#858));
#4026=EDGE_LOOP('',(#859,#860,#861,#862));
#4027=EDGE_LOOP('',(#863,#864,#865,#866));
#4028=EDGE_LOOP('',(#867,#868,#869,#870));
#4029=EDGE_LOOP('',(#871));
#4030=EDGE_LOOP('',(#872));
#4031=EDGE_LOOP('',(#873,#874,#875,#876,#877,#878));
#4032=EDGE_LOOP('',(#879));
#4033=EDGE_LOOP('',(#880));
#4034=EDGE_LOOP('',(#881));
#4035=EDGE_LOOP('',(#882));
#4036=EDGE_LOOP('',(#883));
#4037=EDGE_LOOP('',(#884));
#4038=EDGE_LOOP('',(#885));
#4039=EDGE_LOOP('',(#886));
#4040=EDGE_LOOP('',(#887,#888,#889,#890));
#4041=EDGE_LOOP('',(#891,#892,#893,#894));
#4042=EDGE_LOOP('',(#895,#896,#897,#898));
#4043=EDGE_LOOP('',(#899,#900,#901,#902));
#4044=EDGE_LOOP('',(#903,#904,#905,#906));
#4045=EDGE_LOOP('',(#907,#908,#909,#910));
#4046=EDGE_LOOP('',(#911,#912,#913,#914));
#4047=EDGE_LOOP('',(#915,#916,#917,#918));
#4048=EDGE_LOOP('',(#919,#920,#921,#922));
#4049=EDGE_LOOP('',(#923,#924,#925,#926));
#4050=EDGE_LOOP('',(#927,#928,#929,#930));
#4051=EDGE_LOOP('',(#931,#932,#933,#934));
#4052=EDGE_LOOP('',(#935,#936,#937,#938));
#4053=EDGE_LOOP('',(#939,#940,#941,#942));
#4054=EDGE_LOOP('',(#943,#944,#945,#946));
#4055=EDGE_LOOP('',(#947,#948,#949,#950));
#4056=EDGE_LOOP('',(#951,#952,#953,#954));
#4057=EDGE_LOOP('',(#955,#956,#957,#958));
#4058=EDGE_LOOP('',(#959,#960,#961,#962));
#4059=EDGE_LOOP('',(#963,#964,#965,#966));
#4060=EDGE_LOOP('',(#967,#968,#969,#970));
#4061=EDGE_LOOP('',(#971,#972,#973,#974));
#4062=EDGE_LOOP('',(#975,#976,#977,#978));
#4063=EDGE_LOOP('',(#979,#980,#981,#982));
#4064=EDGE_LOOP('',(#983,#984,#985,#986));
#4065=EDGE_LOOP('',(#987,#988,#989,#990));
#4066=EDGE_LOOP('',(#991,#992,#993,#994));
#4067=EDGE_LOOP('',(#995,#996,#997,#998));
#4068=EDGE_LOOP('',(#999,#1000,#1001,#1002));
#4069=EDGE_LOOP('',(#1003,#1004,#1005,#1006));
#4070=EDGE_LOOP('',(#1007,#1008,#1009,#1010));
#4071=EDGE_LOOP('',(#1011,#1012,#1013,#1014));
#4072=EDGE_LOOP('',(#1015,#1016,#1017,#1018));
#4073=EDGE_LOOP('',(#1019,#1020,#1021,#1022));
#4074=EDGE_LOOP('',(#1023));
#4075=EDGE_LOOP('',(#1024));
#4076=EDGE_LOOP('',(#1025));
#4077=EDGE_LOOP('',(#1026));
#4078=EDGE_LOOP('',(#1027));
#4079=EDGE_LOOP('',(#1028));
#4080=EDGE_LOOP('',(#1029));
#4081=EDGE_LOOP('',(#1030));
#4082=EDGE_LOOP('',(#1031));
#4083=EDGE_LOOP('',(#1032));
#4084=EDGE_LOOP('',(#1033,#1034,#1035,#1036,#1037,#1038,#1039,#1040,#1041,#1042,#1043,#1044,#1045,#1046,#1047,#1048,#1049,#1050,#1051,#1052,#1053,#1054,#1055,#1056,#1057,#1058,#1059,#1060,#1061,#1062,#1063,#1064,#1065,#1066,#1067,#1068,#1069,#1070,#1071,#1072,#1073,#1074,#1075,#1076,#1077,#1078,#1079,#1080));
#4085=EDGE_LOOP('',(#1081,#1082,#1083,#1084,#1085,#1086,#1087,#1088,#1089,#1090,#1091,#1092,#1093,#1094,#1095,#1096,#1097,#1098,#1099,#1100,#1101,#1102,#1103,#1104,#1105,#1106,#1107,#1108,#1109,#1110,#1111,#1112,#1113,#1114,#1115,#1116,#1117,#1118,#1119,#1120,#1121,#1122,#1123,#1124,#1125,#1126,#1127,#1128));
#4086=EDGE_LOOP('',(#1129));
#4087=EDGE_LOOP('',(#1130));
#4088=EDGE_LOOP('',(#1131));
#4089=EDGE_LOOP('',(#1132));
#4090=EDGE_LOOP('',(#1133));
#4091=EDGE_LOOP('',(#1134));
#4092=EDGE_LOOP('',(#1135));
#4093=EDGE_LOOP('',(#1136));
#4094=EDGE_LOOP('',(#1137));
#4095=EDGE_LOOP('',(#1138));
#4096=EDGE_LOOP('',(#1139,#1140,#1141,#1142));
#4097=EDGE_LOOP('',(#1143,#1144,#1145,#1146));
#4098=EDGE_LOOP('',(#1147,#1148,#1149,#1150));
#4099=EDGE_LOOP('',(#1151,#1152,#1153,#1154));
#4100=EDGE_LOOP('',(#1155,#1156,#1157,#1158));
#4101=EDGE_LOOP('',(#1159,#1160,#1161,#1162));
#4102=EDGE_LOOP('',(#1163,#1164,#1165,#1166));
#4103=EDGE_LOOP('',(#1167,#1168,#1169,#1170));
#4104=EDGE_LOOP('',(#1171,#1172,#1173,#1174));
#4105=EDGE_LOOP('',(#1175));
#4106=EDGE_LOOP('',(#1176));
#4107=EDGE_LOOP('',(#1177));
#4108=EDGE_LOOP('',(#1178));
#4109=EDGE_LOOP('',(#1179));
#4110=EDGE_LOOP('',(#1180));
#4111=EDGE_LOOP('',(#1181));
#4112=EDGE_LOOP('',(#1182));
#4113=EDGE_LOOP('',(#1183));
#4114=EDGE_LOOP('',(#1184));
#4115=EDGE_LOOP('',(#1185));
#4116=EDGE_LOOP('',(#1186));
#4117=EDGE_LOOP('',(#1187));
#4118=EDGE_LOOP('',(#1188));
#4119=EDGE_LOOP('',(#1189));
#4120=EDGE_LOOP('',(#1190));
#4121=EDGE_LOOP('',(#1191));
#4122=EDGE_LOOP('',(#1192));
#4123=EDGE_LOOP('',(#1193));
#4124=EDGE_LOOP('',(#1194));
#4125=EDGE_LOOP('',(#1195));
#4126=EDGE_LOOP('',(#1196));
#4127=EDGE_LOOP('',(#1197));
#4128=EDGE_LOOP('',(#1198));
#4129=EDGE_LOOP('',(#1199));
#4130=EDGE_LOOP('',(#1200));
#4131=EDGE_LOOP('',(#1201));
#4132=EDGE_LOOP('',(#1202));
#4133=EDGE_LOOP('',(#1203));
#4134=EDGE_LOOP('',(#1204));
#4135=EDGE_LOOP('',(#1205));
#4136=EDGE_LOOP('',(#1206));
#4137=EDGE_LOOP('',(#1207));
#4138=EDGE_LOOP('',(#1208));
#4139=EDGE_LOOP('',(#1209));
#4140=EDGE_LOOP('',(#1210));
#4141=EDGE_LOOP('',(#1211));
#4142=EDGE_LOOP('',(#1212));
#4143=EDGE_LOOP('',(#1213));
#4144=EDGE_LOOP('',(#1214));
#4145=EDGE_LOOP('',(#1215,#1216,#1217,#1218));
#4146=EDGE_LOOP('',(#1219,#1220,#1221,#1222));
#4147=EDGE_LOOP('',(#1223,#1224,#1225,#1226));
#4148=EDGE_LOOP('',(#1227,#1228,#1229,#1230));
#4149=EDGE_LOOP('',(#1231,#1232,#1233,#1234));
#4150=EDGE_LOOP('',(#1235,#1236,#1237,#1238,#1239,#1240));
#4151=EDGE_LOOP('',(#1241,#1242,#1243));
#4152=EDGE_LOOP('',(#1244,#1245,#1246));
#4153=EDGE_LOOP('',(#1247,#1248,#1249));
#4154=EDGE_LOOP('',(#1250,#1251,#1252));
#4155=EDGE_LOOP('',(#1253,#1254,#1255));
#4156=EDGE_LOOP('',(#1256));
#4157=EDGE_LOOP('',(#1257));
#4158=EDGE_LOOP('',(#1258,#1259,#1260,#1261,#1262,#1263));
#4159=EDGE_LOOP('',(#1264,#1265,#1266,#1267,#1268));
#4160=EDGE_LOOP('',(#1269,#1270,#1271,#1272,#1273));
#4161=EDGE_LOOP('',(#1274,#1275,#1276,#1277,#1278));
#4162=EDGE_LOOP('',(#1279,#1280,#1281,#1282,#1283));
#4163=EDGE_LOOP('',(#1284,#1285,#1286,#1287,#1288));
#4164=EDGE_LOOP('',(#1289,#1290,#1291,#1292,#1293));
#4165=EDGE_LOOP('',(#1294));
#4166=EDGE_LOOP('',(#1295));
#4167=EDGE_LOOP('',(#1296,#1297,#1298));
#4168=EDGE_LOOP('',(#1299));
#4169=EDGE_LOOP('',(#1300));
#4170=EDGE_LOOP('',(#1301,#1302,#1303,#1304,#1305,#1306,#1307,#1308,#1309,#1310,#1311,#1312));
#4171=EDGE_LOOP('',(#1313,#1314,#1315,#1316,#1317,#1318,#1319,#1320,#1321,#1322,#1323,#1324));
#4172=EDGE_LOOP('',(#1325));
#4173=EDGE_LOOP('',(#1326));
#4174=EDGE_LOOP('',(#1327));
#4175=EDGE_LOOP('',(#1328));
#4176=EDGE_LOOP('',(#1329,#1330,#1331,#1332));
#4177=EDGE_LOOP('',(#1333));
#4178=EDGE_LOOP('',(#1334));
#4179=EDGE_LOOP('',(#1335));
#4180=EDGE_LOOP('',(#1336));
#4181=EDGE_LOOP('',(#1337,#1338,#1339,#1340));
#4182=EDGE_LOOP('',(#1341,#1342,#1343,#1344));
#4183=EDGE_LOOP('',(#1345,#1346,#1347,#1348));
#4184=EDGE_LOOP('',(#1349,#1350,#1351,#1352));
#4185=EDGE_LOOP('',(#1353,#1354,#1355,#1356));
#4186=EDGE_LOOP('',(#1357));
#4187=EDGE_LOOP('',(#1358));
#4188=EDGE_LOOP('',(#1359));
#4189=EDGE_LOOP('',(#1360));
#4190=EDGE_LOOP('',(#1361,#1362,#1363,#1364));
#4191=EDGE_LOOP('',(#1365));
#4192=EDGE_LOOP('',(#1366));
#4193=EDGE_LOOP('',(#1367));
#4194=EDGE_LOOP('',(#1368));
#4195=EDGE_LOOP('',(#1369,#1370,#1371,#1372));
#4196=EDGE_LOOP('',(#1373,#1374,#1375,#1376));
#4197=EDGE_LOOP('',(#1377,#1378,#1379,#1380));
#4198=EDGE_LOOP('',(#1381,#1382,#1383,#1384));
#4199=EDGE_LOOP('',(#1385,#1386,#1387,#1388));
#4200=EDGE_LOOP('',(#1389));
#4201=EDGE_LOOP('',(#1390));
#4202=EDGE_LOOP('',(#1391));
#4203=EDGE_LOOP('',(#1392));
#4204=EDGE_LOOP('',(#1393));
#4205=EDGE_LOOP('',(#1394));
#4206=EDGE_LOOP('',(#1395));
#4207=EDGE_LOOP('',(#1396));
#4208=EDGE_LOOP('',(#1397));
#4209=EDGE_LOOP('',(#1398));
#4210=EDGE_LOOP('',(#1399));
#4211=EDGE_LOOP('',(#1400));
#4212=EDGE_LOOP('',(#1401));
#4213=EDGE_LOOP('',(#1402));
#4214=EDGE_LOOP('',(#1403));
#4215=EDGE_LOOP('',(#1404));
#4216=EDGE_LOOP('',(#1405));
#4217=EDGE_LOOP('',(#1406));
#4218=EDGE_LOOP('',(#1407));
#4219=EDGE_LOOP('',(#1408));
#4220=EDGE_LOOP('',(#1409,#1410,#1411,#1412));
#4221=EDGE_LOOP('',(#1413,#1414,#1415,#1416));
#4222=EDGE_LOOP('',(#1417,#1418,#1419,#1420));
#4223=EDGE_LOOP('',(#1421,#1422,#1423,#1424));
#4224=EDGE_LOOP('',(#1425,#1426,#1427,#1428));
#4225=EDGE_LOOP('',(#1429,#1430,#1431,#1432));
#4226=EDGE_LOOP('',(#1433,#1434,#1435,#1436));
#4227=EDGE_LOOP('',(#1437,#1438,#1439,#1440));
#4228=EDGE_LOOP('',(#1441,#1442,#1443,#1444));
#4229=EDGE_LOOP('',(#1445,#1446,#1447,#1448));
#4230=EDGE_LOOP('',(#1449,#1450,#1451,#1452));
#4231=EDGE_LOOP('',(#1453,#1454,#1455,#1456));
#4232=EDGE_LOOP('',(#1457,#1458,#1459,#1460));
#4233=EDGE_LOOP('',(#1461,#1462,#1463,#1464));
#4234=EDGE_LOOP('',(#1465));
#4235=EDGE_LOOP('',(#1466));
#4236=EDGE_LOOP('',(#1467));
#4237=EDGE_LOOP('',(#1468));
#4238=EDGE_LOOP('',(#1469,#1470,#1471,#1472,#1473,#1474,#1475,#1476));
#4239=EDGE_LOOP('',(#1477));
#4240=EDGE_LOOP('',(#1478));
#4241=EDGE_LOOP('',(#1479));
#4242=EDGE_LOOP('',(#1480));
#4243=EDGE_LOOP('',(#1481,#1482,#1483,#1484));
#4244=EDGE_LOOP('',(#1485,#1486,#1487,#1488));
#4245=EDGE_LOOP('',(#1489));
#4246=EDGE_LOOP('',(#1490,#1491,#1492,#1493));
#4247=EDGE_LOOP('',(#1494,#1495,#1496,#1497));
#4248=EDGE_LOOP('',(#1498));
#4249=EDGE_LOOP('',(#1499));
#4250=EDGE_LOOP('',(#1500));
#4251=EDGE_LOOP('',(#1501));
#4252=EDGE_LOOP('',(#1502,#1503,#1504,#1505,#1506,#1507,#1508,#1509));
#4253=EDGE_LOOP('',(#1510));
#4254=EDGE_LOOP('',(#1511));
#4255=EDGE_LOOP('',(#1512));
#4256=EDGE_LOOP('',(#1513));
#4257=EDGE_LOOP('',(#1514,#1515,#1516,#1517));
#4258=EDGE_LOOP('',(#1518,#1519,#1520,#1521));
#4259=EDGE_LOOP('',(#1522));
#4260=EDGE_LOOP('',(#1523,#1524,#1525,#1526));
#4261=EDGE_LOOP('',(#1527,#1528,#1529,#1530));
#4262=EDGE_LOOP('',(#1531,#1532,#1533,#1534));
#4263=EDGE_LOOP('',(#1535,#1536,#1537,#1538));
#4264=EDGE_LOOP('',(#1539,#1540,#1541,#1542));
#4265=EDGE_LOOP('',(#1543,#1544,#1545,#1546));
#4266=EDGE_LOOP('',(#1547,#1548,#1549,#1550));
#4267=EDGE_LOOP('',(#1551,#1552,#1553,#1554));
#4268=EDGE_LOOP('',(#1555,#1556,#1557,#1558));
#4269=EDGE_LOOP('',(#1559,#1560,#1561,#1562));
#4270=EDGE_LOOP('',(#1563,#1564,#1565,#1566));
#4271=EDGE_LOOP('',(#1567,#1568,#1569,#1570));
#4272=EDGE_LOOP('',(#1571));
#4273=EDGE_LOOP('',(#1572));
#4274=EDGE_LOOP('',(#1573));
#4275=EDGE_LOOP('',(#1574));
#4276=EDGE_LOOP('',(#1575));
#4277=EDGE_LOOP('',(#1576));
#4278=EDGE_LOOP('',(#1577));
#4279=EDGE_LOOP('',(#1578));
#4280=EDGE_LOOP('',(#1579));
#4281=EDGE_LOOP('',(#1580));
#4282=EDGE_LOOP('',(#1581));
#4283=EDGE_LOOP('',(#1582));
#4284=EDGE_LOOP('',(#1583));
#4285=EDGE_LOOP('',(#1584));
#4286=EDGE_LOOP('',(#1585));
#4287=EDGE_LOOP('',(#1586));
#4288=EDGE_LOOP('',(#1587));
#4289=EDGE_LOOP('',(#1588));
#4290=EDGE_LOOP('',(#1589));
#4291=EDGE_LOOP('',(#1590));
#4292=EDGE_LOOP('',(#1591));
#4293=EDGE_LOOP('',(#1592));
#4294=EDGE_LOOP('',(#1593));
#4295=EDGE_LOOP('',(#1594));
#4296=EDGE_LOOP('',(#1595));
#4297=EDGE_LOOP('',(#1596));
#4298=EDGE_LOOP('',(#1597));
#4299=EDGE_LOOP('',(#1598));
#4300=EDGE_LOOP('',(#1599));
#4301=EDGE_LOOP('',(#1600));
#4302=EDGE_LOOP('',(#1601));
#4303=EDGE_LOOP('',(#1602));
#4304=EDGE_LOOP('',(#1603));
#4305=EDGE_LOOP('',(#1604));
#4306=EDGE_LOOP('',(#1605,#1606,#1607,#1608));
#4307=EDGE_LOOP('',(#1609,#1610,#1611,#1612));
#4308=EDGE_LOOP('',(#1613,#1614,#1615,#1616));
#4309=EDGE_LOOP('',(#1617,#1618,#1619,#1620));
#4310=EDGE_LOOP('',(#1621,#1622,#1623,#1624));
#4311=EDGE_LOOP('',(#1625,#1626,#1627,#1628));
#4312=EDGE_LOOP('',(#1629,#1630,#1631,#1632));
#4313=EDGE_LOOP('',(#1633,#1634,#1635,#1636));
#4314=EDGE_LOOP('',(#1637,#1638,#1639,#1640));
#4315=EDGE_LOOP('',(#1641,#1642,#1643,#1644));
#4316=EDGE_LOOP('',(#1645,#1646,#1647,#1648));
#4317=EDGE_LOOP('',(#1649,#1650,#1651,#1652));
#4318=EDGE_LOOP('',(#1653,#1654,#1655,#1656));
#4319=EDGE_LOOP('',(#1657,#1658,#1659,#1660));
#4320=EDGE_LOOP('',(#1661));
#4321=EDGE_LOOP('',(#1662));
#4322=EDGE_LOOP('',(#1663));
#4323=EDGE_LOOP('',(#1664));
#4324=EDGE_LOOP('',(#1665,#1666,#1667,#1668,#1669,#1670,#1671,#1672));
#4325=EDGE_LOOP('',(#1673));
#4326=EDGE_LOOP('',(#1674));
#4327=EDGE_LOOP('',(#1675));
#4328=EDGE_LOOP('',(#1676));
#4329=EDGE_LOOP('',(#1677,#1678,#1679,#1680));
#4330=EDGE_LOOP('',(#1681,#1682,#1683,#1684));
#4331=EDGE_LOOP('',(#1685));
#4332=EDGE_LOOP('',(#1686,#1687,#1688,#1689));
#4333=EDGE_LOOP('',(#1690,#1691,#1692,#1693));
#4334=EDGE_LOOP('',(#1694));
#4335=EDGE_LOOP('',(#1695));
#4336=EDGE_LOOP('',(#1696));
#4337=EDGE_LOOP('',(#1697));
#4338=EDGE_LOOP('',(#1698,#1699,#1700,#1701,#1702,#1703,#1704,#1705));
#4339=EDGE_LOOP('',(#1706));
#4340=EDGE_LOOP('',(#1707));
#4341=EDGE_LOOP('',(#1708));
#4342=EDGE_LOOP('',(#1709));
#4343=EDGE_LOOP('',(#1710,#1711,#1712,#1713));
#4344=EDGE_LOOP('',(#1714,#1715,#1716,#1717));
#4345=EDGE_LOOP('',(#1718));
#4346=EDGE_LOOP('',(#1719,#1720,#1721,#1722));
#4347=EDGE_LOOP('',(#1723,#1724,#1725,#1726));
#4348=EDGE_LOOP('',(#1727,#1728,#1729,#1730));
#4349=EDGE_LOOP('',(#1731,#1732,#1733,#1734));
#4350=EDGE_LOOP('',(#1735,#1736,#1737,#1738));
#4351=EDGE_LOOP('',(#1739,#1740,#1741,#1742));
#4352=EDGE_LOOP('',(#1743,#1744,#1745,#1746));
#4353=EDGE_LOOP('',(#1747,#1748,#1749,#1750));
#4354=EDGE_LOOP('',(#1751,#1752,#1753,#1754));
#4355=EDGE_LOOP('',(#1755,#1756,#1757,#1758));
#4356=EDGE_LOOP('',(#1759,#1760,#1761,#1762));
#4357=EDGE_LOOP('',(#1763,#1764,#1765,#1766));
#4358=EDGE_LOOP('',(#1767));
#4359=EDGE_LOOP('',(#1768));
#4360=EDGE_LOOP('',(#1769));
#4361=EDGE_LOOP('',(#1770));
#4362=EDGE_LOOP('',(#1771));
#4363=EDGE_LOOP('',(#1772));
#4364=EDGE_LOOP('',(#1773));
#4365=EDGE_LOOP('',(#1774));
#4366=EDGE_LOOP('',(#1775));
#4367=EDGE_LOOP('',(#1776));
#4368=EDGE_LOOP('',(#1777));
#4369=EDGE_LOOP('',(#1778));
#4370=EDGE_LOOP('',(#1779));
#4371=EDGE_LOOP('',(#1780));
#4372=EDGE_LOOP('',(#1781));
#4373=EDGE_LOOP('',(#1782));
#4374=EDGE_LOOP('',(#1783));
#4375=EDGE_LOOP('',(#1784));
#4376=EDGE_LOOP('',(#1785));
#4377=EDGE_LOOP('',(#1786));
#4378=EDGE_LOOP('',(#1787));
#4379=EDGE_LOOP('',(#1788));
#4380=EDGE_LOOP('',(#1789));
#4381=EDGE_LOOP('',(#1790));
#4382=EDGE_LOOP('',(#1791));
#4383=EDGE_LOOP('',(#1792));
#4384=EDGE_LOOP('',(#1793));
#4385=EDGE_LOOP('',(#1794));
#4386=EDGE_LOOP('',(#1795));
#4387=EDGE_LOOP('',(#1796));
#4388=EDGE_LOOP('',(#1797));
#4389=EDGE_LOOP('',(#1798));
#4390=EDGE_LOOP('',(#1799));
#4391=EDGE_LOOP('',(#1800));
#4392=EDGE_LOOP('',(#1801));
#4393=EDGE_LOOP('',(#1802));
#4394=EDGE_LOOP('',(#1803));
#4395=EDGE_LOOP('',(#1804));
#4396=EDGE_LOOP('',(#1805));
#4397=EDGE_LOOP('',(#1806));
#4398=EDGE_LOOP('',(#1807));
#4399=EDGE_LOOP('',(#1808));
#4400=EDGE_LOOP('',(#1809));
#4401=EDGE_LOOP('',(#1810));
#4402=EDGE_LOOP('',(#1811));
#4403=EDGE_LOOP('',(#1812));
#4404=EDGE_LOOP('',(#1813));
#4405=EDGE_LOOP('',(#1814));
#4406=EDGE_LOOP('',(#1815));
#4407=EDGE_LOOP('',(#1816));
#4408=EDGE_LOOP('',(#1817,#1818,#1819,#1820));
#4409=EDGE_LOOP('',(#1821,#1822,#1823,#1824));
#4410=EDGE_LOOP('',(#1825,#1826,#1827,#1828));
#4411=EDGE_LOOP('',(#1829));
#4412=EDGE_LOOP('',(#1830));
#4413=EDGE_LOOP('',(#1831));
#4414=EDGE_LOOP('',(#1832));
#4415=EDGE_LOOP('',(#1833));
#4416=EDGE_LOOP('',(#1834,#1835,#1836,#1837));
#4417=EDGE_LOOP('',(#1838,#1839,#1840,#1841));
#4418=EDGE_LOOP('',(#1842,#1843,#1844,#1845));
#4419=EDGE_LOOP('',(#1846));
#4420=EDGE_LOOP('',(#1847));
#4421=EDGE_LOOP('',(#1848));
#4422=EDGE_LOOP('',(#1849));
#4423=EDGE_LOOP('',(#1850));
#4424=EDGE_LOOP('',(#1851));
#4425=EDGE_LOOP('',(#1852));
#4426=EDGE_LOOP('',(#1853));
#4427=EDGE_LOOP('',(#1854));
#4428=EDGE_LOOP('',(#1855));
#4429=EDGE_LOOP('',(#1856));
#4430=EDGE_LOOP('',(#1857));
#4431=EDGE_LOOP('',(#1858));
#4432=EDGE_LOOP('',(#1859));
#4433=EDGE_LOOP('',(#1860));
#4434=EDGE_LOOP('',(#1861));
#4435=EDGE_LOOP('',(#1862));
#4436=EDGE_LOOP('',(#1863));
#4437=EDGE_LOOP('',(#1864));
#4438=EDGE_LOOP('',(#1865));
#4439=EDGE_LOOP('',(#1866));
#4440=EDGE_LOOP('',(#1867));
#4441=EDGE_LOOP('',(#1868));
#4442=EDGE_LOOP('',(#1869));
#4443=EDGE_LOOP('',(#1870));
#4444=EDGE_LOOP('',(#1871));
#4445=EDGE_LOOP('',(#1872));
#4446=EDGE_LOOP('',(#1873));
#4447=EDGE_LOOP('',(#1874));
#4448=EDGE_LOOP('',(#1875));
#4449=EDGE_LOOP('',(#1876));
#4450=EDGE_LOOP('',(#1877));
#4451=EDGE_LOOP('',(#1878));
#4452=EDGE_LOOP('',(#1879));
#4453=EDGE_LOOP('',(#1880));
#4454=EDGE_LOOP('',(#1881));
#4455=EDGE_LOOP('',(#1882));
#4456=EDGE_LOOP('',(#1883));
#4457=EDGE_LOOP('',(#1884));
#4458=EDGE_LOOP('',(#1885));
#4459=EDGE_LOOP('',(#1886));
#4460=EDGE_LOOP('',(#1887));
#4461=EDGE_LOOP('',(#1888));
#4462=EDGE_LOOP('',(#1889,#1890,#1891,#1892));
#4463=EDGE_LOOP('',(#1893,#1894,#1895,#1896));
#4464=EDGE_LOOP('',(#1897,#1898,#1899,#1900));
#4465=EDGE_LOOP('',(#1901,#1902,#1903,#1904));
#4466=EDGE_LOOP('',(#1905,#1906,#1907,#1908));
#4467=EDGE_LOOP('',(#1909,#1910,#1911,#1912));
#4468=EDGE_LOOP('',(#1913,#1914,#1915,#1916));
#4469=EDGE_LOOP('',(#1917,#1918,#1919,#1920));
#4470=EDGE_LOOP('',(#1921,#1922,#1923,#1924));
#4471=EDGE_LOOP('',(#1925,#1926,#1927,#1928));
#4472=EDGE_LOOP('',(#1929,#1930,#1931,#1932));
#4473=EDGE_LOOP('',(#1933,#1934,#1935,#1936));
#4474=EDGE_LOOP('',(#1937,#1938,#1939,#1940));
#4475=EDGE_LOOP('',(#1941,#1942,#1943,#1944));
#4476=EDGE_LOOP('',(#1945,#1946,#1947,#1948));
#4477=EDGE_LOOP('',(#1949,#1950,#1951,#1952));
#4478=EDGE_LOOP('',(#1953,#1954,#1955,#1956));
#4479=EDGE_LOOP('',(#1957,#1958,#1959,#1960));
#4480=EDGE_LOOP('',(#1961,#1962,#1963,#1964));
#4481=EDGE_LOOP('',(#1965,#1966,#1967,#1968));
#4482=EDGE_LOOP('',(#1969,#1970,#1971,#1972));
#4483=EDGE_LOOP('',(#1973,#1974,#1975,#1976));
#4484=EDGE_LOOP('',(#1977,#1978,#1979,#1980));
#4485=EDGE_LOOP('',(#1981,#1982,#1983,#1984));
#4486=EDGE_LOOP('',(#1985,#1986,#1987,#1988));
#4487=EDGE_LOOP('',(#1989,#1990,#1991,#1992));
#4488=EDGE_LOOP('',(#1993,#1994,#1995,#1996));
#4489=EDGE_LOOP('',(#1997,#1998,#1999,#2000));
#4490=EDGE_LOOP('',(#2001,#2002,#2003,#2004));
#4491=EDGE_LOOP('',(#2005,#2006,#2007,#2008));
#4492=EDGE_LOOP('',(#2009,#2010,#2011,#2012,#2013,#2014,#2015,#2016,#2017,#2018,#2019,#2020,#2021,#2022,#2023,#2024,#2025,#2026,#2027,#2028,#2029,#2030,#2031,#2032,#2033,#2034,#2035,#2036,#2037,#2038,#2039,#2040,#2041,#2042,#2043,#2044));
#4493=EDGE_LOOP('',(#2045,#2046,#2047,#2048));
#4494=EDGE_LOOP('',(#2049,#2050,#2051,#2052,#2053,#2054,#2055,#2056,#2057,#2058,#2059,#2060,#2061,#2062,#2063,#2064,#2065,#2066,#2067,#2068,#2069,#2070,#2071,#2072,#2073,#2074,#2075,#2076,#2077,#2078,#2079,#2080,#2081,#2082,#2083,#2084));
#4495=EDGE_LOOP('',(#2085,#2086,#2087,#2088));
#4496=EDGE_LOOP('',(#2089,#2090,#2091,#2092));
#4497=EDGE_LOOP('',(#2093,#2094,#2095,#2096));
#4498=EDGE_LOOP('',(#2097,#2098,#2099,#2100));
#4499=EDGE_LOOP('',(#2101,#2102,#2103,#2104));
#4500=EDGE_LOOP('',(#2105));
#4501=EDGE_LOOP('',(#2106));
#4502=EDGE_LOOP('',(#2107));
#4503=EDGE_LOOP('',(#2108));
#4504=FACE_BOUND('',#4004,.T.);
#4505=FACE_BOUND('',#4005,.T.);
#4506=FACE_BOUND('',#4006,.T.);
#4507=FACE_BOUND('',#4007,.T.);
#4508=FACE_BOUND('',#4008,.T.);
#4509=FACE_BOUND('',#4009,.T.);
#4510=FACE_BOUND('',#4010,.T.);
#4511=FACE_BOUND('',#4011,.T.);
#4512=FACE_BOUND('',#4012,.T.);
#4513=FACE_BOUND('',#4013,.T.);
#4514=FACE_BOUND('',#4014,.T.);
#4515=FACE_BOUND('',#4015,.T.);
#4516=FACE_BOUND('',#4016,.T.);
#4517=FACE_BOUND('',#4017,.T.);
#4518=FACE_BOUND('',#4018,.T.);
#4519=FACE_BOUND('',#4019,.T.);
#4520=FACE_BOUND('',#4020,.T.);
#4521=FACE_BOUND('',#4021,.T.);
#4522=FACE_BOUND('',#4022,.T.);
#4523=FACE_BOUND('',#4023,.T.);
#4524=FACE_BOUND('',#4024,.T.);
#4525=FACE_BOUND('',#4025,.T.);
#4526=FACE_BOUND('',#4026,.T.);
#4527=FACE_BOUND('',#4027,.T.);
#4528=FACE_BOUND('',#4028,.T.);
#4529=FACE_BOUND('',#4029,.T.);
#4530=FACE_BOUND('',#4030,.T.);
#4531=FACE_BOUND('',#4031,.T.);
#4532=FACE_BOUND('',#4032,.T.);
#4533=FACE_BOUND('',#4033,.T.);
#4534=FACE_BOUND('',#4034,.T.);
#4535=FACE_BOUND('',#4035,.T.);
#4536=FACE_BOUND('',#4036,.T.);
#4537=FACE_BOUND('',#4037,.T.);
#4538=FACE_BOUND('',#4038,.T.);
#4539=FACE_BOUND('',#4039,.T.);
#4540=FACE_BOUND('',#4040,.T.);
#4541=FACE_BOUND('',#4041,.T.);
#4542=FACE_BOUND('',#4042,.T.);
#4543=FACE_BOUND('',#4043,.T.);
#4544=FACE_BOUND('',#4044,.T.);
#4545=FACE_BOUND('',#4045,.T.);
#4546=FACE_BOUND('',#4046,.T.);
#4547=FACE_BOUND('',#4047,.T.);
#4548=FACE_BOUND('',#4048,.T.);
#4549=FACE_BOUND('',#4049,.T.);
#4550=FACE_BOUND('',#4050,.T.);
#4551=FACE_BOUND('',#4051,.T.);
#4552=FACE_BOUND('',#4052,.T.);
#4553=FACE_BOUND('',#4053,.T.);
#4554=FACE_BOUND('',#4054,.T.);
#4555=FACE_BOUND('',#4055,.T.);
#4556=FACE_BOUND('',#4056,.T.);
#4557=FACE_BOUND('',#4057,.T.);
#4558=FACE_BOUND('',#4058,.T.);
#4559=FACE_BOUND('',#4059,.T.);
#4560=FACE_BOUND('',#4060,.T.);
#4561=FACE_BOUND('',#4061,.T.);
#4562=FACE_BOUND('',#4062,.T.);
#4563=FACE_BOUND('',#4063,.T.);
#4564=FACE_BOUND('',#4064,.T.);
#4565=FACE_BOUND('',#4065,.T.);
#4566=FACE_BOUND('',#4066,.T.);
#4567=FACE_BOUND('',#4067,.T.);
#4568=FACE_BOUND('',#4068,.T.);
#4569=FACE_BOUND('',#4069,.T.);
#4570=FACE_BOUND('',#4070,.T.);
#4571=FACE_BOUND('',#4071,.T.);
#4572=FACE_BOUND('',#4072,.T.);
#4573=FACE_BOUND('',#4073,.T.);
#4574=FACE_BOUND('',#4074,.T.);
#4575=FACE_BOUND('',#4075,.T.);
#4576=FACE_BOUND('',#4076,.T.);
#4577=FACE_BOUND('',#4077,.T.);
#4578=FACE_BOUND('',#4078,.T.);
#4579=FACE_BOUND('',#4079,.T.);
#4580=FACE_BOUND('',#4080,.T.);
#4581=FACE_BOUND('',#4081,.T.);
#4582=FACE_BOUND('',#4082,.T.);
#4583=FACE_BOUND('',#4083,.T.);
#4584=FACE_BOUND('',#4084,.T.);
#4585=FACE_BOUND('',#4085,.T.);
#4586=FACE_BOUND('',#4086,.T.);
#4587=FACE_BOUND('',#4087,.T.);
#4588=FACE_BOUND('',#4088,.T.);
#4589=FACE_BOUND('',#4089,.T.);
#4590=FACE_BOUND('',#4090,.T.);
#4591=FACE_BOUND('',#4091,.T.);
#4592=FACE_BOUND('',#4092,.T.);
#4593=FACE_BOUND('',#4093,.T.);
#4594=FACE_BOUND('',#4094,.T.);
#4595=FACE_BOUND('',#4095,.T.);
#4596=FACE_BOUND('',#4096,.T.);
#4597=FACE_BOUND('',#4097,.T.);
#4598=FACE_BOUND('',#4098,.T.);
#4599=FACE_BOUND('',#4099,.T.);
#4600=FACE_BOUND('',#4100,.T.);
#4601=FACE_BOUND('',#4101,.T.);
#4602=FACE_BOUND('',#4102,.T.);
#4603=FACE_BOUND('',#4103,.T.);
#4604=FACE_BOUND('',#4104,.T.);
#4605=FACE_BOUND('',#4105,.T.);
#4606=FACE_BOUND('',#4106,.T.);
#4607=FACE_BOUND('',#4107,.T.);
#4608=FACE_BOUND('',#4108,.T.);
#4609=FACE_BOUND('',#4109,.T.);
#4610=FACE_BOUND('',#4110,.T.);
#4611=FACE_BOUND('',#4111,.T.);
#4612=FACE_BOUND('',#4112,.T.);
#4613=FACE_BOUND('',#4113,.T.);
#4614=FACE_BOUND('',#4114,.T.);
#4615=FACE_BOUND('',#4115,.T.);
#4616=FACE_BOUND('',#4116,.T.);
#4617=FACE_BOUND('',#4117,.T.);
#4618=FACE_BOUND('',#4118,.T.);
#4619=FACE_BOUND('',#4119,.T.);
#4620=FACE_BOUND('',#4120,.T.);
#4621=FACE_BOUND('',#4121,.T.);
#4622=FACE_BOUND('',#4122,.T.);
#4623=FACE_BOUND('',#4123,.T.);
#4624=FACE_BOUND('',#4124,.T.);
#4625=FACE_BOUND('',#4125,.T.);
#4626=FACE_BOUND('',#4126,.T.);
#4627=FACE_BOUND('',#4127,.T.);
#4628=FACE_BOUND('',#4128,.T.);
#4629=FACE_BOUND('',#4129,.T.);
#4630=FACE_BOUND('',#4130,.T.);
#4631=FACE_BOUND('',#4131,.T.);
#4632=FACE_BOUND('',#4132,.T.);
#4633=FACE_BOUND('',#4133,.T.);
#4634=FACE_BOUND('',#4134,.T.);
#4635=FACE_BOUND('',#4135,.T.);
#4636=FACE_BOUND('',#4136,.T.);
#4637=FACE_BOUND('',#4137,.T.);
#4638=FACE_BOUND('',#4138,.T.);
#4639=FACE_BOUND('',#4139,.T.);
#4640=FACE_BOUND('',#4140,.T.);
#4641=FACE_BOUND('',#4141,.T.);
#4642=FACE_BOUND('',#4142,.T.);
#4643=FACE_BOUND('',#4143,.T.);
#4644=FACE_BOUND('',#4144,.T.);
#4645=FACE_BOUND('',#4145,.T.);
#4646=FACE_BOUND('',#4146,.T.);
#4647=FACE_BOUND('',#4147,.T.);
#4648=FACE_BOUND('',#4148,.T.);
#4649=FACE_BOUND('',#4149,.T.);
#4650=FACE_BOUND('',#4150,.T.);
#4651=FACE_BOUND('',#4151,.T.);
#4652=FACE_BOUND('',#4152,.T.);
#4653=FACE_BOUND('',#4153,.T.);
#4654=FACE_BOUND('',#4154,.T.);
#4655=FACE_BOUND('',#4155,.T.);
#4656=FACE_BOUND('',#4156,.T.);
#4657=FACE_BOUND('',#4157,.T.);
#4658=FACE_BOUND('',#4158,.T.);
#4659=FACE_BOUND('',#4159,.T.);
#4660=FACE_BOUND('',#4160,.T.);
#4661=FACE_BOUND('',#4161,.T.);
#4662=FACE_BOUND('',#4162,.T.);
#4663=FACE_BOUND('',#4163,.T.);
#4664=FACE_BOUND('',#4164,.T.);
#4665=FACE_BOUND('',#4165,.T.);
#4666=FACE_BOUND('',#4166,.T.);
#4667=FACE_BOUND('',#4167,.T.);
#4668=FACE_BOUND('',#4168,.T.);
#4669=FACE_BOUND('',#4169,.T.);
#4670=FACE_BOUND('',#4170,.T.);
#4671=FACE_BOUND('',#4171,.T.);
#4672=FACE_BOUND('',#4172,.T.);
#4673=FACE_BOUND('',#4173,.T.);
#4674=FACE_BOUND('',#4174,.T.);
#4675=FACE_BOUND('',#4175,.T.);
#4676=FACE_BOUND('',#4176,.T.);
#4677=FACE_BOUND('',#4177,.T.);
#4678=FACE_BOUND('',#4178,.T.);
#4679=FACE_BOUND('',#4179,.T.);
#4680=FACE_BOUND('',#4180,.T.);
#4681=FACE_BOUND('',#4181,.T.);
#4682=FACE_BOUND('',#4182,.T.);
#4683=FACE_BOUND('',#4183,.T.);
#4684=FACE_BOUND('',#4184,.T.);
#4685=FACE_BOUND('',#4185,.T.);
#4686=FACE_BOUND('',#4186,.T.);
#4687=FACE_BOUND('',#4187,.T.);
#4688=FACE_BOUND('',#4188,.T.);
#4689=FACE_BOUND('',#4189,.T.);
#4690=FACE_BOUND('',#4190,.T.);
#4691=FACE_BOUND('',#4191,.T.);
#4692=FACE_BOUND('',#4192,.T.);
#4693=FACE_BOUND('',#4193,.T.);
#4694=FACE_BOUND('',#4194,.T.);
#4695=FACE_BOUND('',#4195,.T.);
#4696=FACE_BOUND('',#4196,.T.);
#4697=FACE_BOUND('',#4197,.T.);
#4698=FACE_BOUND('',#4198,.T.);
#4699=FACE_BOUND('',#4199,.T.);
#4700=FACE_BOUND('',#4200,.T.);
#4701=FACE_BOUND('',#4201,.T.);
#4702=FACE_BOUND('',#4202,.T.);
#4703=FACE_BOUND('',#4203,.T.);
#4704=FACE_BOUND('',#4204,.T.);
#4705=FACE_BOUND('',#4205,.T.);
#4706=FACE_BOUND('',#4206,.T.);
#4707=FACE_BOUND('',#4207,.T.);
#4708=FACE_BOUND('',#4208,.T.);
#4709=FACE_BOUND('',#4209,.T.);
#4710=FACE_BOUND('',#4210,.T.);
#4711=FACE_BOUND('',#4211,.T.);
#4712=FACE_BOUND('',#4212,.T.);
#4713=FACE_BOUND('',#4213,.T.);
#4714=FACE_BOUND('',#4214,.T.);
#4715=FACE_BOUND('',#4215,.T.);
#4716=FACE_BOUND('',#4216,.T.);
#4717=FACE_BOUND('',#4217,.T.);
#4718=FACE_BOUND('',#4218,.T.);
#4719=FACE_BOUND('',#4219,.T.);
#4720=FACE_BOUND('',#4220,.T.);
#4721=FACE_BOUND('',#4221,.T.);
#4722=FACE_BOUND('',#4222,.T.);
#4723=FACE_BOUND('',#4223,.T.);
#4724=FACE_BOUND('',#4224,.T.);
#4725=FACE_BOUND('',#4225,.T.);
#4726=FACE_BOUND('',#4226,.T.);
#4727=FACE_BOUND('',#4227,.T.);
#4728=FACE_BOUND('',#4228,.T.);
#4729=FACE_BOUND('',#4229,.T.);
#4730=FACE_BOUND('',#4230,.T.);
#4731=FACE_BOUND('',#4231,.T.);
#4732=FACE_BOUND('',#4232,.T.);
#4733=FACE_BOUND('',#4233,.T.);
#4734=FACE_BOUND('',#4234,.T.);
#4735=FACE_BOUND('',#4235,.T.);
#4736=FACE_BOUND('',#4236,.T.);
#4737=FACE_BOUND('',#4237,.T.);
#4738=FACE_BOUND('',#4238,.T.);
#4739=FACE_BOUND('',#4239,.T.);
#4740=FACE_BOUND('',#4240,.T.);
#4741=FACE_BOUND('',#4241,.T.);
#4742=FACE_BOUND('',#4242,.T.);
#4743=FACE_BOUND('',#4243,.T.);
#4744=FACE_BOUND('',#4244,.T.);
#4745=FACE_BOUND('',#4245,.T.);
#4746=FACE_BOUND('',#4246,.T.);
#4747=FACE_BOUND('',#4247,.T.);
#4748=FACE_BOUND('',#4248,.T.);
#4749=FACE_BOUND('',#4249,.T.);
#4750=FACE_BOUND('',#4250,.T.);
#4751=FACE_BOUND('',#4251,.T.);
#4752=FACE_BOUND('',#4252,.T.);
#4753=FACE_BOUND('',#4253,.T.);
#4754=FACE_BOUND('',#4254,.T.);
#4755=FACE_BOUND('',#4255,.T.);
#4756=FACE_BOUND('',#4256,.T.);
#4757=FACE_BOUND('',#4257,.T.);
#4758=FACE_BOUND('',#4258,.T.);
#4759=FACE_BOUND('',#4259,.T.);
#4760=FACE_BOUND('',#4260,.T.);
#4761=FACE_BOUND('',#4261,.T.);
#4762=FACE_BOUND('',#4262,.T.);
#4763=FACE_BOUND('',#4263,.T.);
#4764=FACE_BOUND('',#4264,.T.);
#4765=FACE_BOUND('',#4265,.T.);
#4766=FACE_BOUND('',#4266,.T.);
#4767=FACE_BOUND('',#4267,.T.);
#4768=FACE_BOUND('',#4268,.T.);
#4769=FACE_BOUND('',#4269,.T.);
#4770=FACE_BOUND('',#4270,.T.);
#4771=FACE_BOUND('',#4271,.T.);
#4772=FACE_BOUND('',#4272,.T.);
#4773=FACE_BOUND('',#4273,.T.);
#4774=FACE_BOUND('',#4274,.T.);
#4775=FACE_BOUND('',#4275,.T.);
#4776=FACE_BOUND('',#4276,.T.);
#4777=FACE_BOUND('',#4277,.T.);
#4778=FACE_BOUND('',#4278,.T.);
#4779=FACE_BOUND('',#4279,.T.);
#4780=FACE_BOUND('',#4280,.T.);
#4781=FACE_BOUND('',#4281,.T.);
#4782=FACE_BOUND('',#4282,.T.);
#4783=FACE_BOUND('',#4283,.T.);
#4784=FACE_BOUND('',#4284,.T.);
#4785=FACE_BOUND('',#4285,.T.);
#4786=FACE_BOUND('',#4286,.T.);
#4787=FACE_BOUND('',#4287,.T.);
#4788=FACE_BOUND('',#4288,.T.);
#4789=FACE_BOUND('',#4289,.T.);
#4790=FACE_BOUND('',#4290,.T.);
#4791=FACE_BOUND('',#4291,.T.);
#4792=FACE_BOUND('',#4292,.T.);
#4793=FACE_BOUND('',#4293,.T.);
#4794=FACE_BOUND('',#4294,.T.);
#4795=FACE_BOUND('',#4295,.T.);
#4796=FACE_BOUND('',#4296,.T.);
#4797=FACE_BOUND('',#4297,.T.);
#4798=FACE_BOUND('',#4298,.T.);
#4799=FACE_BOUND('',#4299,.T.);
#4800=FACE_BOUND('',#4300,.T.);
#4801=FACE_BOUND('',#4301,.T.);
#4802=FACE_BOUND('',#4302,.T.);
#4803=FACE_BOUND('',#4303,.T.);
#4804=FACE_BOUND('',#4304,.T.);
#4805=FACE_BOUND('',#4305,.T.);
#4806=FACE_BOUND('',#4306,.T.);
#4807=FACE_BOUND('',#4307,.T.);
#4808=FACE_BOUND('',#4308,.T.);
#4809=FACE_BOUND('',#4309,.T.);
#4810=FACE_BOUND('',#4310,.T.);
#4811=FACE_BOUND('',#4311,.T.);
#4812=FACE_BOUND('',#4312,.T.);
#4813=FACE_BOUND('',#4313,.T.);
#4814=FACE_BOUND('',#4314,.T.);
#4815=FACE_BOUND('',#4315,.T.);
#4816=FACE_BOUND('',#4316,.T.);
#4817=FACE_BOUND('',#4317,.T.);
#4818=FACE_BOUND('',#4318,.T.);
#4819=FACE_BOUND('',#4319,.T.);
#4820=FACE_BOUND('',#4320,.T.);
#4821=FACE_BOUND('',#4321,.T.);
#4822=FACE_BOUND('',#4322,.T.);
#4823=FACE_BOUND('',#4323,.T.);
#4824=FACE_BOUND('',#4324,.T.);
#4825=FACE_BOUND('',#4325,.T.);
#4826=FACE_BOUND('',#4326,.T.);
#4827=FACE_BOUND('',#4327,.T.);
#4828=FACE_BOUND('',#4328,.T.);
#4829=FACE_BOUND('',#4329,.T.);
#4830=FACE_BOUND('',#4330,.T.);
#4831=FACE_BOUND('',#4331,.T.);
#4832=FACE_BOUND('',#4332,.T.);
#4833=FACE_BOUND('',#4333,.T.);
#4834=FACE_BOUND('',#4334,.T.);
#4835=FACE_BOUND('',#4335,.T.);
#4836=FACE_BOUND('',#4336,.T.);
#4837=FACE_BOUND('',#4337,.T.);
#4838=FACE_BOUND('',#4338,.T.);
#4839=FACE_BOUND('',#4339,.T.);
#4840=FACE_BOUND('',#4340,.T.);
#4841=FACE_BOUND('',#4341,.T.);
#4842=FACE_BOUND('',#4342,.T.);
#4843=FACE_BOUND('',#4343,.T.);
#4844=FACE_BOUND('',#4344,.T.);
#4845=FACE_BOUND('',#4345,.T.);
#4846=FACE_BOUND('',#4346,.T.);
#4847=FACE_BOUND('',#4347,.T.);
#4848=FACE_BOUND('',#4348,.T.);
#4849=FACE_BOUND('',#4349,.T.);
#4850=FACE_BOUND('',#4350,.T.);
#4851=FACE_BOUND('',#4351,.T.);
#4852=FACE_BOUND('',#4352,.T.);
#4853=FACE_BOUND('',#4353,.T.);
#4854=FACE_BOUND('',#4354,.T.);
#4855=FACE_BOUND('',#4355,.T.);
#4856=FACE_BOUND('',#4356,.T.);
#4857=FACE_BOUND('',#4357,.T.);
#4858=FACE_BOUND('',#4358,.T.);
#4859=FACE_BOUND('',#4359,.T.);
#4860=FACE_BOUND('',#4360,.T.);
#4861=FACE_BOUND('',#4361,.T.);
#4862=FACE_BOUND('',#4362,.T.);
#4863=FACE_BOUND('',#4363,.T.);
#4864=FACE_BOUND('',#4364,.T.);
#4865=FACE_BOUND('',#4365,.T.);
#4866=FACE_BOUND('',#4366,.T.);
#4867=FACE_BOUND('',#4367,.T.);
#4868=FACE_BOUND('',#4368,.T.);
#4869=FACE_BOUND('',#4369,.T.);
#4870=FACE_BOUND('',#4370,.T.);
#4871=FACE_BOUND('',#4371,.T.);
#4872=FACE_BOUND('',#4372,.T.);
#4873=FACE_BOUND('',#4373,.T.);
#4874=FACE_BOUND('',#4374,.T.);
#4875=FACE_BOUND('',#4375,.T.);
#4876=FACE_BOUND('',#4376,.T.);
#4877=FACE_BOUND('',#4377,.T.);
#4878=FACE_BOUND('',#4378,.T.);
#4879=FACE_BOUND('',#4379,.T.);
#4880=FACE_BOUND('',#4380,.T.);
#4881=FACE_BOUND('',#4381,.T.);
#4882=FACE_BOUND('',#4382,.T.);
#4883=FACE_BOUND('',#4383,.T.);
#4884=FACE_BOUND('',#4384,.T.);
#4885=FACE_BOUND('',#4385,.T.);
#4886=FACE_BOUND('',#4386,.T.);
#4887=FACE_BOUND('',#4387,.T.);
#4888=FACE_BOUND('',#4388,.T.);
#4889=FACE_BOUND('',#4389,.T.);
#4890=FACE_BOUND('',#4390,.T.);
#4891=FACE_BOUND('',#4391,.T.);
#4892=FACE_BOUND('',#4392,.T.);
#4893=FACE_BOUND('',#4393,.T.);
#4894=FACE_BOUND('',#4394,.T.);
#4895=FACE_BOUND('',#4395,.T.);
#4896=FACE_BOUND('',#4396,.T.);
#4897=FACE_BOUND('',#4397,.T.);
#4898=FACE_BOUND('',#4398,.T.);
#4899=FACE_BOUND('',#4399,.T.);
#4900=FACE_BOUND('',#4400,.T.);
#4901=FACE_BOUND('',#4401,.T.);
#4902=FACE_BOUND('',#4402,.T.);
#4903=FACE_BOUND('',#4403,.T.);
#4904=FACE_BOUND('',#4404,.T.);
#4905=FACE_BOUND('',#4405,.T.);
#4906=FACE_BOUND('',#4406,.T.);
#4907=FACE_BOUND('',#4407,.T.);
#4908=FACE_BOUND('',#4408,.T.);
#4909=FACE_BOUND('',#4409,.T.);
#4910=FACE_BOUND('',#4410,.T.);
#4911=FACE_BOUND('',#4411,.T.);
#4912=FACE_BOUND('',#4412,.T.);
#4913=FACE_BOUND('',#4413,.T.);
#4914=FACE_BOUND('',#4414,.T.);
#4915=FACE_BOUND('',#4415,.T.);
#4916=FACE_BOUND('',#4416,.T.);
#4917=FACE_BOUND('',#4417,.T.);
#4918=FACE_BOUND('',#4418,.T.);
#4919=FACE_BOUND('',#4419,.T.);
#4920=FACE_BOUND('',#4420,.T.);
#4921=FACE_BOUND('',#4421,.T.);
#4922=FACE_BOUND('',#4422,.T.);
#4923=FACE_BOUND('',#4423,.T.);
#4924=FACE_BOUND('',#10,.T.);
#4925=FACE_BOUND('',#4424,.T.);
#4926=FACE_BOUND('',#4425,.T.);
#4927=FACE_BOUND('',#4426,.T.);
#4928=FACE_BOUND('',#11,.T.);
#4929=FACE_BOUND('',#4427,.T.);
#4930=FACE_BOUND('',#4428,.T.);
#4931=FACE_BOUND('',#4429,.T.);
#4932=FACE_BOUND('',#12,.T.);
#4933=FACE_BOUND('',#4430,.T.);
#4934=FACE_BOUND('',#4431,.T.);
#4935=FACE_BOUND('',#4432,.T.);
#4936=FACE_BOUND('',#13,.T.);
#4937=FACE_BOUND('',#4433,.T.);
#4938=FACE_BOUND('',#4434,.T.);
#4939=FACE_BOUND('',#4435,.T.);
#4940=FACE_BOUND('',#14,.T.);
#4941=FACE_BOUND('',#4436,.T.);
#4942=FACE_BOUND('',#4437,.T.);
#4943=FACE_BOUND('',#4438,.T.);
#4944=FACE_BOUND('',#15,.T.);
#4945=FACE_BOUND('',#4439,.T.);
#4946=FACE_BOUND('',#4440,.T.);
#4947=FACE_BOUND('',#4441,.T.);
#4948=FACE_BOUND('',#16,.T.);
#4949=FACE_BOUND('',#4442,.T.);
#4950=FACE_BOUND('',#4443,.T.);
#4951=FACE_BOUND('',#4444,.T.);
#4952=FACE_BOUND('',#17,.T.);
#4953=FACE_BOUND('',#4445,.T.);
#4954=FACE_BOUND('',#4446,.T.);
#4955=FACE_BOUND('',#4447,.T.);
#4956=FACE_BOUND('',#18,.T.);
#4957=FACE_BOUND('',#4448,.T.);
#4958=FACE_BOUND('',#4449,.T.);
#4959=FACE_BOUND('',#4450,.T.);
#4960=FACE_BOUND('',#4451,.T.);
#4961=FACE_BOUND('',#4452,.T.);
#4962=FACE_BOUND('',#4453,.T.);
#4963=FACE_BOUND('',#4454,.T.);
#4964=FACE_BOUND('',#4455,.T.);
#4965=FACE_BOUND('',#4456,.T.);
#4966=FACE_BOUND('',#4457,.T.);
#4967=FACE_BOUND('',#4458,.T.);
#4968=FACE_BOUND('',#4459,.T.);
#4969=FACE_BOUND('',#4460,.T.);
#4970=FACE_BOUND('',#4461,.T.);
#4971=FACE_BOUND('',#4462,.T.);
#4972=FACE_BOUND('',#4463,.T.);
#4973=FACE_BOUND('',#4464,.T.);
#4974=FACE_BOUND('',#4465,.T.);
#4975=FACE_BOUND('',#4466,.T.);
#4976=FACE_BOUND('',#4467,.T.);
#4977=FACE_BOUND('',#4468,.T.);
#4978=FACE_BOUND('',#4469,.T.);
#4979=FACE_BOUND('',#4470,.T.);
#4980=FACE_BOUND('',#4471,.T.);
#4981=FACE_BOUND('',#4472,.T.);
#4982=FACE_BOUND('',#4473,.T.);
#4983=FACE_BOUND('',#4474,.T.);
#4984=FACE_BOUND('',#4475,.T.);
#4985=FACE_BOUND('',#4476,.T.);
#4986=FACE_BOUND('',#4477,.T.);
#4987=FACE_BOUND('',#4478,.T.);
#4988=FACE_BOUND('',#4479,.T.);
#4989=FACE_BOUND('',#4480,.T.);
#4990=FACE_BOUND('',#4481,.T.);
#4991=FACE_BOUND('',#4482,.T.);
#4992=FACE_BOUND('',#4483,.T.);
#4993=FACE_BOUND('',#4484,.T.);
#4994=FACE_BOUND('',#4485,.T.);
#4995=FACE_BOUND('',#4486,.T.);
#4996=FACE_BOUND('',#4487,.T.);
#4997=FACE_BOUND('',#4488,.T.);
#4998=FACE_BOUND('',#4489,.T.);
#4999=FACE_BOUND('',#4490,.T.);
#5000=FACE_BOUND('',#4491,.T.);
#5001=FACE_BOUND('',#4492,.T.);
#5002=FACE_BOUND('',#4493,.T.);
#5003=FACE_BOUND('',#4494,.T.);
#5004=FACE_BOUND('',#4495,.T.);
#5005=FACE_BOUND('',#4496,.T.);
#5006=FACE_BOUND('',#4497,.T.);
#5007=FACE_BOUND('',#4498,.T.);
#5008=FACE_BOUND('',#4499,.T.);
#5009=FACE_BOUND('',#4500,.T.);
#5010=FACE_BOUND('',#4501,.T.);
#5011=FACE_BOUND('',#4502,.T.);
#5012=FACE_BOUND('',#4503,.T.);
#5013=PLANE('',#5662);
#5014=PLANE('',#5663);
#5015=PLANE('',#5664);
#5016=PLANE('',#5665);
#5017=PLANE('',#5666);
#5018=PLANE('',#5667);
#5019=PLANE('',#5668);
#5020=PLANE('',#5669);
#5021=PLANE('',#5671);
#5022=PLANE('',#5682);
#5023=PLANE('',#5683);
#5024=PLANE('',#5684);
#5025=PLANE('',#5685);
#5026=PLANE('',#5686);
#5027=PLANE('',#5687);
#5028=PLANE('',#5688);
#5029=PLANE('',#5689);
#5030=PLANE('',#5691);
#5031=PLANE('',#5722);
#5032=PLANE('',#5723);
#5033=PLANE('',#5724);
#5034=PLANE('',#5734);
#5035=PLANE('',#5735);
#5036=PLANE('',#5736);
#5037=PLANE('',#5746);
#5038=PLANE('',#5747);
#5039=PLANE('',#5748);
#5040=PLANE('',#5758);
#5041=PLANE('',#5759);
#5042=PLANE('',#5760);
#5043=PLANE('',#5770);
#5044=PLANE('',#5771);
#5045=PLANE('',#5772);
#5046=PLANE('',#5773);
#5047=PLANE('',#5789);
#5048=PLANE('',#5805);
#5049=PLANE('',#5806);
#5050=PLANE('',#5807);
#5051=PLANE('',#5808);
#5052=PLANE('',#5809);
#5053=PLANE('',#5810);
#5054=PLANE('',#5811);
#5055=PLANE('',#5812);
#5056=PLANE('',#5813);
#5057=PLANE('',#5853);
#5058=PLANE('',#5865);
#5059=PLANE('',#5867);
#5060=PLANE('',#5869);
#5061=PLANE('',#5870);
#5062=PLANE('',#5871);
#5063=PLANE('',#5872);
#5064=PLANE('',#5873);
#5065=PLANE('',#5874);
#5066=PLANE('',#5882);
#5067=PLANE('',#5883);
#5068=PLANE('',#5884);
#5069=PLANE('',#5893);
#5070=PLANE('',#5894);
#5071=PLANE('',#5895);
#5072=PLANE('',#5896);
#5073=PLANE('',#5897);
#5074=PLANE('',#5898);
#5075=PLANE('',#5907);
#5076=PLANE('',#5908);
#5077=PLANE('',#5909);
#5078=PLANE('',#5910);
#5079=PLANE('',#5911);
#5080=PLANE('',#5921);
#5081=PLANE('',#5923);
#5082=PLANE('',#5940);
#5083=PLANE('',#5944);
#5084=PLANE('',#5948);
#5085=PLANE('',#5949);
#5086=PLANE('',#5956);
#5087=PLANE('',#5970);
#5088=PLANE('',#5984);
#5089=PLANE('',#5985);
#5090=PLANE('',#5986);
#5091=PLANE('',#5987);
#5092=PLANE('',#5989);
#5093=PLANE('',#5991);
#5094=PLANE('',#5993);
#5095=PLANE('',#5995);
#5096=PLANE('',#6035);
#5097=PLANE('',#6039);
#5098=PLANE('',#6043);
#5099=PLANE('',#6044);
#5100=PLANE('',#6051);
#5101=PLANE('',#6065);
#5102=PLANE('',#6079);
#5103=PLANE('',#6080);
#5104=PLANE('',#6081);
#5105=PLANE('',#6082);
#5106=PLANE('',#6084);
#5107=PLANE('',#6086);
#5108=PLANE('',#6088);
#5109=PLANE('',#6090);
#5110=PLANE('',#6119);
#5111=PLANE('',#6121);
#5112=PLANE('',#6126);
#5113=PLANE('',#6129);
#5114=PLANE('',#6143);
#5115=PLANE('',#6145);
#5116=PLANE('',#6156);
#5117=PLANE('',#6157);
#5118=PLANE('',#6158);
#5119=PLANE('',#6164);
#5120=PLANE('',#6165);
#5121=PLANE('',#6166);
#5122=PLANE('',#6200);
#5123=PLANE('',#6202);
#5124=PLANE('',#6214);
#5125=PLANE('',#6216);
#5126=PLANE('',#6227);
#5127=PLANE('',#6229);
#5128=PLANE('',#6249);
#5129=PLANE('',#6250);
#5130=PLANE('',#6251);
#5131=PLANE('',#6258);
#5132=PLANE('',#6259);
#5133=PLANE('',#6260);
#5134=PLANE('',#6267);
#5135=PLANE('',#6268);
#5136=PLANE('',#6269);
#5137=PLANE('',#6276);
#5138=PLANE('',#6277);
#5139=PLANE('',#6278);
#5140=PLANE('',#6285);
#5141=PLANE('',#6286);
#5142=PLANE('',#6287);
#5143=PLANE('',#6288);
#5144=PLANE('',#6289);
#5145=PLANE('',#6290);
#5146=PLANE('',#6291);
#5147=PLANE('',#6292);
#5148=PLANE('',#6293);
#5149=PLANE('',#6294);
#5150=PLANE('',#6295);
#5151=PLANE('',#6296);
#5152=PLANE('',#6297);
#5153=PLANE('',#6298);
#5154=PLANE('',#6306);
#5155=PLANE('',#6308);
#5156=ADVANCED_FACE('',(#4504),#5013,.T.);
#5157=ADVANCED_FACE('',(#4505),#5014,.F.);
#5158=ADVANCED_FACE('',(#4506),#5015,.F.);
#5159=ADVANCED_FACE('',(#4507),#5016,.F.);
#5160=ADVANCED_FACE('',(#4508),#5017,.F.);
#5161=ADVANCED_FACE('',(#4509),#5018,.F.);
#5162=ADVANCED_FACE('',(#4510),#5019,.F.);
#5163=ADVANCED_FACE('',(#4511),#5020,.F.);
#5164=ADVANCED_FACE('',(#4512,#4513),#5021,.F.);
#5165=ADVANCED_FACE('',(#4514,#4515),#405,.T.);
#5166=ADVANCED_FACE('',(#4516,#4517),#359,.T.);
#5167=ADVANCED_FACE('',(#4518,#4519),#406,.T.);
#5168=ADVANCED_FACE('',(#4520,#4521),#360,.T.);
#5169=ADVANCED_FACE('',(#4522),#5022,.T.);
#5170=ADVANCED_FACE('',(#4523),#5023,.F.);
#5171=ADVANCED_FACE('',(#4524),#5024,.F.);
#5172=ADVANCED_FACE('',(#4525),#5025,.F.);
#5173=ADVANCED_FACE('',(#4526),#5026,.F.);
#5174=ADVANCED_FACE('',(#4527),#5027,.F.);
#5175=ADVANCED_FACE('',(#4528),#5028,.F.);
#5176=ADVANCED_FACE('',(#4529),#5029,.F.);
#5177=ADVANCED_FACE('',(#4530,#4531),#5030,.F.);
#5178=ADVANCED_FACE('',(#4532,#4533),#407,.T.);
#5179=ADVANCED_FACE('',(#4534,#4535),#361,.T.);
#5180=ADVANCED_FACE('',(#4536,#4537),#408,.T.);
#5181=ADVANCED_FACE('',(#4538,#4539),#362,.T.);
#5182=ADVANCED_FACE('',(#4540),#409,.T.);
#5183=ADVANCED_FACE('',(#4541),#410,.T.);
#5184=ADVANCED_FACE('',(#4542),#411,.T.);
#5185=ADVANCED_FACE('',(#4543),#412,.T.);
#5186=ADVANCED_FACE('',(#4544),#413,.F.);
#5187=ADVANCED_FACE('',(#4545),#414,.F.);
#5188=ADVANCED_FACE('',(#4546),#415,.F.);
#5189=ADVANCED_FACE('',(#4547),#5031,.T.);
#5190=ADVANCED_FACE('',(#4548),#5032,.T.);
#5191=ADVANCED_FACE('',(#4549),#5033,.T.);
#5192=ADVANCED_FACE('',(#4550),#416,.F.);
#5193=ADVANCED_FACE('',(#4551),#417,.F.);
#5194=ADVANCED_FACE('',(#4552),#418,.F.);
#5195=ADVANCED_FACE('',(#4553),#5034,.T.);
#5196=ADVANCED_FACE('',(#4554),#5035,.T.);
#5197=ADVANCED_FACE('',(#4555),#5036,.T.);
#5198=ADVANCED_FACE('',(#4556),#419,.F.);
#5199=ADVANCED_FACE('',(#4557),#420,.F.);
#5200=ADVANCED_FACE('',(#4558),#421,.F.);
#5201=ADVANCED_FACE('',(#4559),#5037,.T.);
#5202=ADVANCED_FACE('',(#4560),#5038,.T.);
#5203=ADVANCED_FACE('',(#4561),#5039,.T.);
#5204=ADVANCED_FACE('',(#4562),#422,.F.);
#5205=ADVANCED_FACE('',(#4563),#423,.F.);
#5206=ADVANCED_FACE('',(#4564),#424,.F.);
#5207=ADVANCED_FACE('',(#4565),#5040,.T.);
#5208=ADVANCED_FACE('',(#4566),#5041,.T.);
#5209=ADVANCED_FACE('',(#4567),#5042,.T.);
#5210=ADVANCED_FACE('',(#4568),#425,.F.);
#5211=ADVANCED_FACE('',(#4569),#426,.F.);
#5212=ADVANCED_FACE('',(#4570),#427,.F.);
#5213=ADVANCED_FACE('',(#4571),#5043,.T.);
#5214=ADVANCED_FACE('',(#4572),#5044,.T.);
#5215=ADVANCED_FACE('',(#4573),#5045,.T.);
#5216=ADVANCED_FACE('',(#4574,#4575,#4576,#4577,#4578,#4579,#4580,#4581,#4582,#4583,#4584),#5046,.T.);
#5217=ADVANCED_FACE('',(#4585,#4586,#4587,#4588,#4589,#4590,#4591,#4592,#4593,#4594,#4595),#5047,.F.);
#5218=ADVANCED_FACE('',(#4596),#5048,.F.);
#5219=ADVANCED_FACE('',(#4597),#5049,.F.);
#5220=ADVANCED_FACE('',(#4598),#5050,.F.);
#5221=ADVANCED_FACE('',(#4599),#5051,.F.);
#5222=ADVANCED_FACE('',(#4600),#5052,.F.);
#5223=ADVANCED_FACE('',(#4601),#5053,.F.);
#5224=ADVANCED_FACE('',(#4602),#5054,.F.);
#5225=ADVANCED_FACE('',(#4603),#5055,.F.);
#5226=ADVANCED_FACE('',(#4604),#5056,.F.);
#5227=ADVANCED_FACE('',(#4605,#4606),#428,.F.);
#5228=ADVANCED_FACE('',(#4607,#4608),#363,.F.);
#5229=ADVANCED_FACE('',(#4609,#4610),#429,.F.);
#5230=ADVANCED_FACE('',(#4611,#4612),#364,.F.);
#5231=ADVANCED_FACE('',(#4613,#4614),#430,.F.);
#5232=ADVANCED_FACE('',(#4615,#4616),#365,.F.);
#5233=ADVANCED_FACE('',(#4617,#4618),#431,.F.);
#5234=ADVANCED_FACE('',(#4619,#4620),#366,.F.);
#5235=ADVANCED_FACE('',(#4621,#4622),#432,.F.);
#5236=ADVANCED_FACE('',(#4623,#4624),#367,.F.);
#5237=ADVANCED_FACE('',(#4625,#4626),#433,.F.);
#5238=ADVANCED_FACE('',(#4627,#4628),#368,.F.);
#5239=ADVANCED_FACE('',(#4629,#4630),#434,.F.);
#5240=ADVANCED_FACE('',(#4631,#4632),#369,.F.);
#5241=ADVANCED_FACE('',(#4633,#4634),#435,.F.);
#5242=ADVANCED_FACE('',(#4635,#4636),#370,.F.);
#5243=ADVANCED_FACE('',(#4637,#4638),#436,.F.);
#5244=ADVANCED_FACE('',(#4639,#4640),#371,.F.);
#5245=ADVANCED_FACE('',(#4641,#4642),#437,.F.);
#5246=ADVANCED_FACE('',(#4643,#4644),#372,.F.);
#5247=ADVANCED_FACE('',(#4645),#438,.F.);
#5248=ADVANCED_FACE('',(#4646),#439,.F.);
#5249=ADVANCED_FACE('',(#4647),#440,.F.);
#5250=ADVANCED_FACE('',(#4648),#441,.F.);
#5251=ADVANCED_FACE('',(#4649),#442,.F.);
#5252=ADVANCED_FACE('',(#4650),#5057,.T.);
#5253=ADVANCED_FACE('',(#4651),#373,.T.);
#5254=ADVANCED_FACE('',(#4652),#374,.T.);
#5255=ADVANCED_FACE('',(#4653),#375,.T.);
#5256=ADVANCED_FACE('',(#4654),#376,.T.);
#5257=ADVANCED_FACE('',(#4655),#377,.T.);
#5258=ADVANCED_FACE('',(#4656),#5058,.T.);
#5259=ADVANCED_FACE('',(#4657,#4658),#5059,.F.);
#5260=ADVANCED_FACE('',(#4659),#5060,.F.);
#5261=ADVANCED_FACE('',(#4660),#5061,.F.);
#5262=ADVANCED_FACE('',(#4661),#5062,.F.);
#5263=ADVANCED_FACE('',(#4662),#5063,.F.);
#5264=ADVANCED_FACE('',(#4663),#5064,.F.);
#5265=ADVANCED_FACE('',(#4664),#5065,.F.);
#5266=ADVANCED_FACE('',(#4665,#4666),#443,.T.);
#5267=ADVANCED_FACE('',(#4667),#378,.T.);
#5268=ADVANCED_FACE('',(#4668,#4669),#379,.T.);
#5269=ADVANCED_FACE('',(#4670),#5066,.F.);
#5270=ADVANCED_FACE('',(#4671),#5067,.T.);
#5271=ADVANCED_FACE('',(#4672,#4673,#4674,#4675,#4676,#4677,#4678,#4679,#4680),#5068,.T.);
#5272=ADVANCED_FACE('',(#4681),#5069,.T.);
#5273=ADVANCED_FACE('',(#4682),#5070,.T.);
#5274=ADVANCED_FACE('',(#4683),#5071,.T.);
#5275=ADVANCED_FACE('',(#4684),#5072,.F.);
#5276=ADVANCED_FACE('',(#4685),#5073,.T.);
#5277=ADVANCED_FACE('',(#4686,#4687,#4688,#4689,#4690,#4691,#4692,#4693,#4694),#5074,.F.);
#5278=ADVANCED_FACE('',(#4695),#5075,.F.);
#5279=ADVANCED_FACE('',(#4696),#5076,.F.);
#5280=ADVANCED_FACE('',(#4697),#5077,.F.);
#5281=ADVANCED_FACE('',(#4698),#5078,.T.);
#5282=ADVANCED_FACE('',(#4699),#5079,.F.);
#5283=ADVANCED_FACE('',(#4700,#4701),#444,.F.);
#5284=ADVANCED_FACE('',(#4702,#4703),#445,.F.);
#5285=ADVANCED_FACE('',(#4704,#4705),#446,.F.);
#5286=ADVANCED_FACE('',(#4706,#4707),#447,.F.);
#5287=ADVANCED_FACE('',(#4708,#4709),#448,.F.);
#5288=ADVANCED_FACE('',(#4710,#4711),#449,.F.);
#5289=ADVANCED_FACE('',(#4712,#4713),#450,.F.);
#5290=ADVANCED_FACE('',(#4714,#4715),#451,.F.);
#5291=ADVANCED_FACE('',(#4716),#5080,.T.);
#5292=ADVANCED_FACE('',(#4717),#5081,.T.);
#5293=ADVANCED_FACE('',(#4718,#4719),#19,.T.);
#5294=ADVANCED_FACE('',(#4720),#452,.T.);
#5295=ADVANCED_FACE('',(#4721),#453,.T.);
#5296=ADVANCED_FACE('',(#4722),#454,.T.);
#5297=ADVANCED_FACE('',(#4723),#455,.T.);
#5298=ADVANCED_FACE('',(#4724),#5082,.F.);
#5299=ADVANCED_FACE('',(#4725),#456,.F.);
#5300=ADVANCED_FACE('',(#4726),#5083,.T.);
#5301=ADVANCED_FACE('',(#4727),#457,.F.);
#5302=ADVANCED_FACE('',(#4728),#5084,.F.);
#5303=ADVANCED_FACE('',(#4729),#5085,.T.);
#5304=ADVANCED_FACE('',(#4730),#458,.F.);
#5305=ADVANCED_FACE('',(#4731),#459,.F.);
#5306=ADVANCED_FACE('',(#4732,#4733,#4734,#4735,#4736,#4737,#4738,#4739,#4740,#4741,#4742,#4743,#4744,#4745),#5086,.T.);
#5307=ADVANCED_FACE('',(#4746,#4747,#4748,#4749,#4750,#4751,#4752,#4753,#4754,#4755,#4756,#4757,#4758,#4759),#5087,.F.);
#5308=ADVANCED_FACE('',(#4760),#5088,.F.);
#5309=ADVANCED_FACE('',(#4761),#5089,.F.);
#5310=ADVANCED_FACE('',(#4762),#5090,.F.);
#5311=ADVANCED_FACE('',(#4763),#5091,.F.);
#5312=ADVANCED_FACE('',(#4764),#460,.F.);
#5313=ADVANCED_FACE('',(#4765),#5092,.T.);
#5314=ADVANCED_FACE('',(#4766),#461,.F.);
#5315=ADVANCED_FACE('',(#4767),#5093,.F.);
#5316=ADVANCED_FACE('',(#4768),#462,.F.);
#5317=ADVANCED_FACE('',(#4769),#5094,.T.);
#5318=ADVANCED_FACE('',(#4770),#463,.F.);
#5319=ADVANCED_FACE('',(#4771),#5095,.F.);
#5320=ADVANCED_FACE('',(#4772,#4773),#380,.F.);
#5321=ADVANCED_FACE('',(#4774,#4775),#464,.F.);
#5322=ADVANCED_FACE('',(#4776,#4777),#381,.F.);
#5323=ADVANCED_FACE('',(#4778,#4779),#465,.F.);
#5324=ADVANCED_FACE('',(#4780,#4781),#382,.F.);
#5325=ADVANCED_FACE('',(#4782,#4783),#466,.F.);
#5326=ADVANCED_FACE('',(#4784,#4785),#383,.F.);
#5327=ADVANCED_FACE('',(#4786,#4787),#467,.F.);
#5328=ADVANCED_FACE('',(#4788,#4789),#468,.F.);
#5329=ADVANCED_FACE('',(#4790,#4791),#384,.F.);
#5330=ADVANCED_FACE('',(#4792,#4793),#469,.F.);
#5331=ADVANCED_FACE('',(#4794,#4795),#385,.F.);
#5332=ADVANCED_FACE('',(#4796,#4797),#470,.F.);
#5333=ADVANCED_FACE('',(#4798,#4799),#386,.F.);
#5334=ADVANCED_FACE('',(#4800,#4801),#471,.F.);
#5335=ADVANCED_FACE('',(#4802,#4803),#387,.F.);
#5336=ADVANCED_FACE('',(#4804,#4805),#472,.F.);
#5337=ADVANCED_FACE('',(#4806),#473,.T.);
#5338=ADVANCED_FACE('',(#4807),#474,.T.);
#5339=ADVANCED_FACE('',(#4808),#475,.T.);
#5340=ADVANCED_FACE('',(#4809),#476,.T.);
#5341=ADVANCED_FACE('',(#4810),#5096,.F.);
#5342=ADVANCED_FACE('',(#4811),#477,.F.);
#5343=ADVANCED_FACE('',(#4812),#5097,.T.);
#5344=ADVANCED_FACE('',(#4813),#478,.F.);
#5345=ADVANCED_FACE('',(#4814),#5098,.F.);
#5346=ADVANCED_FACE('',(#4815),#5099,.T.);
#5347=ADVANCED_FACE('',(#4816),#479,.F.);
#5348=ADVANCED_FACE('',(#4817),#480,.F.);
#5349=ADVANCED_FACE('',(#4818,#4819,#4820,#4821,#4822,#4823,#4824,#4825,#4826,#4827,#4828,#4829,#4830,#4831),#5100,.T.);
#5350=ADVANCED_FACE('',(#4832,#4833,#4834,#4835,#4836,#4837,#4838,#4839,#4840,#4841,#4842,#4843,#4844,#4845),#5101,.F.);
#5351=ADVANCED_FACE('',(#4846),#5102,.F.);
#5352=ADVANCED_FACE('',(#4847),#5103,.F.);
#5353=ADVANCED_FACE('',(#4848),#5104,.F.);
#5354=ADVANCED_FACE('',(#4849),#5105,.F.);
#5355=ADVANCED_FACE('',(#4850),#481,.F.);
#5356=ADVANCED_FACE('',(#4851),#5106,.T.);
#5357=ADVANCED_FACE('',(#4852),#482,.F.);
#5358=ADVANCED_FACE('',(#4853),#5107,.F.);
#5359=ADVANCED_FACE('',(#4854),#483,.F.);
#5360=ADVANCED_FACE('',(#4855),#5108,.T.);
#5361=ADVANCED_FACE('',(#4856),#484,.F.);
#5362=ADVANCED_FACE('',(#4857),#5109,.F.);
#5363=ADVANCED_FACE('',(#4858,#4859),#388,.F.);
#5364=ADVANCED_FACE('',(#4860,#4861),#485,.F.);
#5365=ADVANCED_FACE('',(#4862,#4863),#389,.F.);
#5366=ADVANCED_FACE('',(#4864,#4865),#486,.F.);
#5367=ADVANCED_FACE('',(#4866,#4867),#390,.F.);
#5368=ADVANCED_FACE('',(#4868,#4869),#487,.F.);
#5369=ADVANCED_FACE('',(#4870,#4871),#391,.F.);
#5370=ADVANCED_FACE('',(#4872,#4873),#488,.F.);
#5371=ADVANCED_FACE('',(#4874,#4875),#489,.F.);
#5372=ADVANCED_FACE('',(#4876,#4877),#392,.F.);
#5373=ADVANCED_FACE('',(#4878,#4879),#490,.F.);
#5374=ADVANCED_FACE('',(#4880,#4881),#393,.F.);
#5375=ADVANCED_FACE('',(#4882,#4883),#491,.F.);
#5376=ADVANCED_FACE('',(#4884,#4885),#394,.F.);
#5377=ADVANCED_FACE('',(#4886,#4887),#492,.F.);
#5378=ADVANCED_FACE('',(#4888,#4889),#395,.F.);
#5379=ADVANCED_FACE('',(#4890,#4891),#493,.F.);
#5380=ADVANCED_FACE('',(#4892),#5110,.T.);
#5381=ADVANCED_FACE('',(#4893),#5111,.T.);
#5382=ADVANCED_FACE('',(#4894,#4895),#20,.T.);
#5383=ADVANCED_FACE('',(#4896,#4897),#5112,.F.);
#5384=ADVANCED_FACE('',(#4898,#4899),#5113,.F.);
#5385=ADVANCED_FACE('',(#4900,#4901),#494,.F.);
#5386=ADVANCED_FACE('',(#4902,#4903),#495,.T.);
#5387=ADVANCED_FACE('',(#4904),#5114,.T.);
#5388=ADVANCED_FACE('',(#4905),#5115,.T.);
#5389=ADVANCED_FACE('',(#4906,#4907),#496,.T.);
#5390=ADVANCED_FACE('',(#4908),#5116,.T.);
#5391=ADVANCED_FACE('',(#4909),#5117,.F.);
#5392=ADVANCED_FACE('',(#4910,#4911,#4912,#4913,#4914,#4915),#5118,.F.);
#5393=ADVANCED_FACE('',(#4916),#5119,.F.);
#5394=ADVANCED_FACE('',(#4917),#5120,.F.);
#5395=ADVANCED_FACE('',(#4918,#4919,#4920,#4921,#4922),#5121,.F.);
#5396=ADVANCED_FACE('',(#4923,#4924),#396,.F.);
#5397=ADVANCED_FACE('',(#4925,#4926),#497,.F.);
#5398=ADVANCED_FACE('',(#4927,#4928),#397,.F.);
#5399=ADVANCED_FACE('',(#4929,#4930),#498,.F.);
#5400=ADVANCED_FACE('',(#4931,#4932),#398,.F.);
#5401=ADVANCED_FACE('',(#4933,#4934),#499,.F.);
#5402=ADVANCED_FACE('',(#4935,#4936),#399,.F.);
#5403=ADVANCED_FACE('',(#4937,#4938),#500,.F.);
#5404=ADVANCED_FACE('',(#4939,#4940),#400,.F.);
#5405=ADVANCED_FACE('',(#4941,#4942),#501,.F.);
#5406=ADVANCED_FACE('',(#4943,#4944),#401,.F.);
#5407=ADVANCED_FACE('',(#4945,#4946),#502,.F.);
#5408=ADVANCED_FACE('',(#4947,#4948),#402,.F.);
#5409=ADVANCED_FACE('',(#4949,#4950),#503,.F.);
#5410=ADVANCED_FACE('',(#4951,#4952),#403,.F.);
#5411=ADVANCED_FACE('',(#4953,#4954),#504,.F.);
#5412=ADVANCED_FACE('',(#4955,#4956),#404,.F.);
#5413=ADVANCED_FACE('',(#4957,#4958),#505,.F.);
#5414=ADVANCED_FACE('',(#4959),#5122,.T.);
#5415=ADVANCED_FACE('',(#4960),#5123,.T.);
#5416=ADVANCED_FACE('',(#4961,#4962),#506,.T.);
#5417=ADVANCED_FACE('',(#4963),#5124,.F.);
#5418=ADVANCED_FACE('',(#4964),#5125,.T.);
#5419=ADVANCED_FACE('',(#4965,#4966),#507,.T.);
#5420=ADVANCED_FACE('',(#4967),#5126,.T.);
#5421=ADVANCED_FACE('',(#4968),#5127,.F.);
#5422=ADVANCED_FACE('',(#4969,#4970),#508,.T.);
#5423=ADVANCED_FACE('',(#4971),#509,.T.);
#5424=ADVANCED_FACE('',(#4972),#510,.T.);
#5425=ADVANCED_FACE('',(#4973),#511,.T.);
#5426=ADVANCED_FACE('',(#4974),#512,.T.);
#5427=ADVANCED_FACE('',(#4975),#5128,.T.);
#5428=ADVANCED_FACE('',(#4976),#5129,.F.);
#5429=ADVANCED_FACE('',(#4977),#5130,.F.);
#5430=ADVANCED_FACE('',(#4978),#513,.T.);
#5431=ADVANCED_FACE('',(#4979),#514,.T.);
#5432=ADVANCED_FACE('',(#4980),#5131,.T.);
#5433=ADVANCED_FACE('',(#4981),#5132,.F.);
#5434=ADVANCED_FACE('',(#4982),#5133,.F.);
#5435=ADVANCED_FACE('',(#4983),#515,.T.);
#5436=ADVANCED_FACE('',(#4984),#516,.T.);
#5437=ADVANCED_FACE('',(#4985),#5134,.T.);
#5438=ADVANCED_FACE('',(#4986),#5135,.F.);
#5439=ADVANCED_FACE('',(#4987),#5136,.F.);
#5440=ADVANCED_FACE('',(#4988),#517,.T.);
#5441=ADVANCED_FACE('',(#4989),#518,.T.);
#5442=ADVANCED_FACE('',(#4990),#5137,.T.);
#5443=ADVANCED_FACE('',(#4991),#5138,.F.);
#5444=ADVANCED_FACE('',(#4992),#5139,.F.);
#5445=ADVANCED_FACE('',(#4993),#519,.T.);
#5446=ADVANCED_FACE('',(#4994),#520,.T.);
#5447=ADVANCED_FACE('',(#4995),#5140,.T.);
#5448=ADVANCED_FACE('',(#4996),#5141,.F.);
#5449=ADVANCED_FACE('',(#4997),#5142,.F.);
#5450=ADVANCED_FACE('',(#4998),#5143,.T.);
#5451=ADVANCED_FACE('',(#4999),#5144,.F.);
#5452=ADVANCED_FACE('',(#5000),#5145,.F.);
#5453=ADVANCED_FACE('',(#5001),#5146,.F.);
#5454=ADVANCED_FACE('',(#5002),#5147,.F.);
#5455=ADVANCED_FACE('',(#5003),#5148,.F.);
#5456=ADVANCED_FACE('',(#5004),#5149,.T.);
#5457=ADVANCED_FACE('',(#5005),#5150,.T.);
#5458=ADVANCED_FACE('',(#5006),#5151,.T.);
#5459=ADVANCED_FACE('',(#5007),#5152,.T.);
#5460=ADVANCED_FACE('',(#5008),#5153,.T.);
#5461=ADVANCED_FACE('',(#5009),#5154,.F.);
#5462=ADVANCED_FACE('',(#5010),#5155,.T.);
#5463=ADVANCED_FACE('',(#5011,#5012),#521,.T.);
#5464=CLOSED_SHELL('',(#5156,#5157,#5158,#5159,#5160,#5161,#5162,#5163,#5164,#5165,#5166,#5167,#5168));
#5465=CLOSED_SHELL('',(#5169,#5170,#5171,#5172,#5173,#5174,#5175,#5176,#5177,#5178,#5179,#5180,#5181));
#5466=CLOSED_SHELL('',(#5182,#5183,#5184,#5185,#5186,#5187,#5188,#5189,#5190,#5191,#5192,#5193,#5194,#5195,#5196,#5197,#5198,#5199,#5200,#5201,#5202,#5203,#5204,#5205,#5206,#5207,#5208,#5209,#5210,#5211,#5212,#5213,#5214,#5215,#5216,#5217,#5218,#5219,#5220,#5221,#5222,#5223,#5224,#5225,#5226,#5227,#5228,#5229,#5230,#5231,#5232,#5233,#5234,#5235,#5236,#5237,#5238,#5239,#5240,#5241,#5242,#5243,#5244,#5245,#5246,#5247,#5248,#5249,#5250,#5251));
#5467=CLOSED_SHELL('',(#5252,#5253,#5254,#5255,#5256,#5257,#5258,#5259,#5260,#5261,#5262,#5263,#5264,#5265,#5266,#5267,#5268));
#5468=CLOSED_SHELL('',(#5269,#5270,#5271,#5272,#5273,#5274,#5275,#5276,#5277,#5278,#5279,#5280,#5281,#5282,#5283,#5284,#5285,#5286,#5287,#5288,#5289,#5290));
#5469=CLOSED_SHELL('',(#5291,#5292,#5293));
#5470=CLOSED_SHELL('',(#5294,#5295,#5296,#5297,#5298,#5299,#5300,#5301,#5302,#5303,#5304,#5305,#5306,#5307,#5308,#5309,#5310,#5311,#5312,#5313,#5314,#5315,#5316,#5317,#5318,#5319,#5320,#5321,#5322,#5323,#5324,#5325,#5326,#5327,#5328,#5329,#5330,#5331,#5332,#5333,#5334,#5335,#5336));
#5471=CLOSED_SHELL('',(#5337,#5338,#5339,#5340,#5341,#5342,#5343,#5344,#5345,#5346,#5347,#5348,#5349,#5350,#5351,#5352,#5353,#5354,#5355,#5356,#5357,#5358,#5359,#5360,#5361,#5362,#5363,#5364,#5365,#5366,#5367,#5368,#5369,#5370,#5371,#5372,#5373,#5374,#5375,#5376,#5377,#5378,#5379));
#5472=CLOSED_SHELL('',(#5380,#5381,#5382));
#5473=CLOSED_SHELL('',(#5383,#5384,#5385,#5386));
#5474=CLOSED_SHELL('',(#5387,#5388,#5389));
#5475=CLOSED_SHELL('',(#5390,#5391,#5392,#5393,#5394,#5395,#5396,#5397,#5398,#5399,#5400,#5401,#5402,#5403,#5404,#5405,#5406,#5407,#5408,#5409,#5410,#5411,#5412,#5413));
#5476=CLOSED_SHELL('',(#5414,#5415,#5416));
#5477=CLOSED_SHELL('',(#5417,#5418,#5419));
#5478=CLOSED_SHELL('',(#5420,#5421,#5422));
#5479=CLOSED_SHELL('',(#5423,#5424,#5425,#5426,#5427,#5428,#5429,#5430,#5431,#5432,#5433,#5434,#5435,#5436,#5437,#5438,#5439,#5440,#5441,#5442,#5443,#5444,#5445,#5446,#5447,#5448,#5449,#5450,#5451,#5452,#5453,#5454,#5455,#5456,#5457,#5458,#5459,#5460));
#5480=CLOSED_SHELL('',(#5461,#5462,#5463));
#5481=STYLED_ITEM('',(#5498),#5608);
#5482=STYLED_ITEM('',(#5499),#5609);
#5483=STYLED_ITEM('',(#5500),#5610);
#5484=STYLED_ITEM('',(#5501),#5611);
#5485=STYLED_ITEM('',(#5502),#5612);
#5486=STYLED_ITEM('',(#5503),#5613);
#5487=STYLED_ITEM('',(#5504),#5614);
#5488=STYLED_ITEM('',(#5505),#5615);
#5489=STYLED_ITEM('',(#5506),#5616);
#5490=STYLED_ITEM('',(#5507),#5617);
#5491=STYLED_ITEM('',(#5508),#5618);
#5492=STYLED_ITEM('',(#5509),#5619);
#5493=STYLED_ITEM('',(#5510),#5620);
#5494=STYLED_ITEM('',(#5511),#5621);
#5495=STYLED_ITEM('',(#5512),#5622);
#5496=STYLED_ITEM('',(#5513),#5623);
#5497=STYLED_ITEM('',(#5514),#5624);
#5498=PRESENTATION_STYLE_ASSIGNMENT((#5515));
#5499=PRESENTATION_STYLE_ASSIGNMENT((#5516));
#5500=PRESENTATION_STYLE_ASSIGNMENT((#5517));
#5501=PRESENTATION_STYLE_ASSIGNMENT((#5518));
#5502=PRESENTATION_STYLE_ASSIGNMENT((#5519));
#5503=PRESENTATION_STYLE_ASSIGNMENT((#5520));
#5504=PRESENTATION_STYLE_ASSIGNMENT((#5521));
#5505=PRESENTATION_STYLE_ASSIGNMENT((#5522));
#5506=PRESENTATION_STYLE_ASSIGNMENT((#5523));
#5507=PRESENTATION_STYLE_ASSIGNMENT((#5524));
#5508=PRESENTATION_STYLE_ASSIGNMENT((#5525));
#5509=PRESENTATION_STYLE_ASSIGNMENT((#5526));
#5510=PRESENTATION_STYLE_ASSIGNMENT((#5527));
#5511=PRESENTATION_STYLE_ASSIGNMENT((#5528));
#5512=PRESENTATION_STYLE_ASSIGNMENT((#5529));
#5513=PRESENTATION_STYLE_ASSIGNMENT((#5530));
#5514=PRESENTATION_STYLE_ASSIGNMENT((#5531));
#5515=SURFACE_STYLE_USAGE(.BOTH.,#5532);
#5516=SURFACE_STYLE_USAGE(.BOTH.,#5533);
#5517=SURFACE_STYLE_USAGE(.BOTH.,#5534);
#5518=SURFACE_STYLE_USAGE(.BOTH.,#5535);
#5519=SURFACE_STYLE_USAGE(.BOTH.,#5536);
#5520=SURFACE_STYLE_USAGE(.BOTH.,#5537);
#5521=SURFACE_STYLE_USAGE(.BOTH.,#5538);
#5522=SURFACE_STYLE_USAGE(.BOTH.,#5539);
#5523=SURFACE_STYLE_USAGE(.BOTH.,#5540);
#5524=SURFACE_STYLE_USAGE(.BOTH.,#5541);
#5525=SURFACE_STYLE_USAGE(.BOTH.,#5542);
#5526=SURFACE_STYLE_USAGE(.BOTH.,#5543);
#5527=SURFACE_STYLE_USAGE(.BOTH.,#5544);
#5528=SURFACE_STYLE_USAGE(.BOTH.,#5545);
#5529=SURFACE_STYLE_USAGE(.BOTH.,#5546);
#5530=SURFACE_STYLE_USAGE(.BOTH.,#5547);
#5531=SURFACE_STYLE_USAGE(.BOTH.,#5548);
#5532=SURFACE_SIDE_STYLE('',(#5549));
#5533=SURFACE_SIDE_STYLE('',(#5550));
#5534=SURFACE_SIDE_STYLE('',(#5551));
#5535=SURFACE_SIDE_STYLE('',(#5552));
#5536=SURFACE_SIDE_STYLE('',(#5553));
#5537=SURFACE_SIDE_STYLE('',(#5554));
#5538=SURFACE_SIDE_STYLE('',(#5555));
#5539=SURFACE_SIDE_STYLE('',(#5556));
#5540=SURFACE_SIDE_STYLE('',(#5557));
#5541=SURFACE_SIDE_STYLE('',(#5558));
#5542=SURFACE_SIDE_STYLE('',(#5559));
#5543=SURFACE_SIDE_STYLE('',(#5560));
#5544=SURFACE_SIDE_STYLE('',(#5561));
#5545=SURFACE_SIDE_STYLE('',(#5562));
#5546=SURFACE_SIDE_STYLE('',(#5563));
#5547=SURFACE_SIDE_STYLE('',(#5564));
#5548=SURFACE_SIDE_STYLE('',(#5565));
#5549=SURFACE_STYLE_FILL_AREA(#5566);
#5550=SURFACE_STYLE_FILL_AREA(#5567);
#5551=SURFACE_STYLE_FILL_AREA(#5568);
#5552=SURFACE_STYLE_FILL_AREA(#5569);
#5553=SURFACE_STYLE_FILL_AREA(#5570);
#5554=SURFACE_STYLE_FILL_AREA(#5571);
#5555=SURFACE_STYLE_FILL_AREA(#5572);
#5556=SURFACE_STYLE_FILL_AREA(#5573);
#5557=SURFACE_STYLE_FILL_AREA(#5574);
#5558=SURFACE_STYLE_FILL_AREA(#5575);
#5559=SURFACE_STYLE_FILL_AREA(#5576);
#5560=SURFACE_STYLE_FILL_AREA(#5577);
#5561=SURFACE_STYLE_FILL_AREA(#5578);
#5562=SURFACE_STYLE_FILL_AREA(#5579);
#5563=SURFACE_STYLE_FILL_AREA(#5580);
#5564=SURFACE_STYLE_FILL_AREA(#5581);
#5565=SURFACE_STYLE_FILL_AREA(#5582);
#5566=FILL_AREA_STYLE('',(#5583));
#5567=FILL_AREA_STYLE('',(#5584));
#5568=FILL_AREA_STYLE('',(#5585));
#5569=FILL_AREA_STYLE('',(#5586));
#5570=FILL_AREA_STYLE('',(#5587));
#5571=FILL_AREA_STYLE('',(#5588));
#5572=FILL_AREA_STYLE('',(#5589));
#5573=FILL_AREA_STYLE('',(#5590));
#5574=FILL_AREA_STYLE('',(#5591));
#5575=FILL_AREA_STYLE('',(#5592));
#5576=FILL_AREA_STYLE('',(#5593));
#5577=FILL_AREA_STYLE('',(#5594));
#5578=FILL_AREA_STYLE('',(#5595));
#5579=FILL_AREA_STYLE('',(#5596));
#5580=FILL_AREA_STYLE('',(#5597));
#5581=FILL_AREA_STYLE('',(#5598));
#5582=FILL_AREA_STYLE('',(#5599));
#5583=FILL_AREA_STYLE_COLOUR('',#5600);
#5584=FILL_AREA_STYLE_COLOUR('',#5601);
#5585=FILL_AREA_STYLE_COLOUR('',#5602);
#5586=FILL_AREA_STYLE_COLOUR('',#5603);
#5587=FILL_AREA_STYLE_COLOUR('',#5604);
#5588=FILL_AREA_STYLE_COLOUR('',#5601);
#5589=FILL_AREA_STYLE_COLOUR('',#5602);
#5590=FILL_AREA_STYLE_COLOUR('',#5605);
#5591=FILL_AREA_STYLE_COLOUR('',#5606);
#5592=FILL_AREA_STYLE_COLOUR('',#5607);
#5593=FILL_AREA_STYLE_COLOUR('',#5604);
#5594=FILL_AREA_STYLE_COLOUR('',#5603);
#5595=FILL_AREA_STYLE_COLOUR('',#5607);
#5596=FILL_AREA_STYLE_COLOUR('',#5606);
#5597=FILL_AREA_STYLE_COLOUR('',#5605);
#5598=FILL_AREA_STYLE_COLOUR('',#5600);
#5599=FILL_AREA_STYLE_COLOUR('',#5600);
#5600=COLOUR_RGB('',0.498039215686275,0.498039215686275,0.498039215686275);
#5601=COLOUR_RGB('',0.647058823529412,0.647058823529412,0.647058823529412);
#5602=COLOUR_RGB('',0.972549019607843,0.529411764705882,0.00392156862745098);
#5603=COLOUR_RGB('',0.980392156862745,0.713725490196078,0.00392156862745098);
#5604=COLOUR_RGB('',0.231372549019608,0.380392156862745,0.705882352941177);
#5605=COLOUR_RGB('',0.768627450980392,0.886274509803922,0.952941176470588);
#5606=COLOUR_RGB('',0.917647058823529,0.917647058823529,0.917647058823529);
#5607=COLOUR_RGB('',0.615686274509804,0.811764705882353,0.929411764705882);
#5608=MANIFOLD_SOLID_BREP('DIN7991-M8-VA_M8x16',#5464);
#5609=MANIFOLD_SOLID_BREP('DIN7991-M8-VA_M8x20',#5465);
#5610=MANIFOLD_SOLID_BREP('120-0007-001-009_Standard<Wie bearbeitet>',#5466);
#5611=MANIFOLD_SOLID_BREP('DIN933-M10-VA_M10x25',#5467);
#5612=MANIFOLD_SOLID_BREP('HA-CO_S-SKVF070-0250-0256-V4A',#5468);
#5613=MANIFOLD_SOLID_BREP('120-0007-001-009_Standard<Wie bearbeitet>',#5469);
#5614=MANIFOLD_SOLID_BREP('120-0007-001-008',#5470);
#5615=MANIFOLD_SOLID_BREP('120-0007-001-008-S',#5471);
#5616=MANIFOLD_SOLID_BREP('120-0007-001-009_Standard<Wie bearbeitet>',#5472);
#5617=MANIFOLD_SOLID_BREP('DIN7349-VA_10.5',#5473);
#5618=MANIFOLD_SOLID_BREP('120-0007-001-009_Standard<Wie bearbeitet>',#5474);
#5619=MANIFOLD_SOLID_BREP('120-0007-001-010',#5475);
#5620=MANIFOLD_SOLID_BREP('120-0007-001-009_Standard<Wie bearbeitet>',#5476);
#5621=MANIFOLD_SOLID_BREP('120-0007-001-008-S',#5477);
#5622=MANIFOLD_SOLID_BREP('120-0007-001-009_Standard<Wie bearbeitet>',#5478);
#5623=MANIFOLD_SOLID_BREP('120-0007-001-009_Standard<Wie bearbeitet>',#5479);
#5624=MANIFOLD_SOLID_BREP('120-0007-001-008',#5480);
#5625=SHAPE_DEFINITION_REPRESENTATION(#9607,#5643);
#5626=SHAPE_DEFINITION_REPRESENTATION(#9608,#5644);
#5627=SHAPE_DEFINITION_REPRESENTATION(#9611,#5645);
#5628=SHAPE_DEFINITION_REPRESENTATION(#9613,#5646);
#5629=SHAPE_DEFINITION_REPRESENTATION(#9618,#5647);
#5630=SHAPE_DEFINITION_REPRESENTATION(#9622,#5648);
#5631=SHAPE_DEFINITION_REPRESENTATION(#9624,#5649);
#5632=SHAPE_DEFINITION_REPRESENTATION(#9627,#5650);
#5633=SHAPE_DEFINITION_REPRESENTATION(#9630,#5651);
#5634=SHAPE_DEFINITION_REPRESENTATION(#9634,#5652);
#5635=SHAPE_DEFINITION_REPRESENTATION(#9637,#5653);
#5636=SHAPE_DEFINITION_REPRESENTATION(#9647,#5654);
#5637=SHAPE_DEFINITION_REPRESENTATION(#9656,#5655);
#5638=SHAPE_DEFINITION_REPRESENTATION(#9659,#5656);
#5639=SHAPE_DEFINITION_REPRESENTATION(#9669,#5657);
#5640=SHAPE_DEFINITION_REPRESENTATION(#9678,#5658);
#5641=SHAPE_DEFINITION_REPRESENTATION(#9684,#5659);
#5642=SHAPE_DEFINITION_REPRESENTATION(#9692,#5660);
#5643=SHAPE_REPRESENTATION('120-0007-001-B01',(#5661,#5680,#5681,#5700,#5849,#5850,#5851,#5852,#5879,#5880,#5881,#5920,#5926,#5927,#6021,#6022,#6116,#6117,#6118,#6124,#6125,#6134,#6135,#6136,#6137,#6138,#6139,#6140,#6141,#6142,#6148,#6149,#6150,#6151,#6152,#6153,#6154,#6155,#6198,#6199,#6205,#6206,#6207,#6208,#6209,#6210,#6211,#6212,#6213,#6219,#6220,#6221,#6222,#6223,#6224,#6225,#6226,#6232,#6233,#6234,#6235,#6236,#6299,#6300,#6301,#6302,#6303,#6304,#6305,#6311,#6312,#6313,#6314,#6315),#9568);
#5644=SHAPE_REPRESENTATION('DIN7991-M8-VA_M8x16',(#5661),#9569);
#5645=SHAPE_REPRESENTATION('DIN7991-M8-VA_M8x20',(#5661),#9570);
#5646=SHAPE_REPRESENTATION('120-0007-001-009_Standard<Wie bearbeitet>',(#5661),#9571);
#5647=SHAPE_REPRESENTATION('DIN933-M10-VA_M10x25',(#5661),#9572);
#5648=SHAPE_REPRESENTATION('HA-CO_S-SKVF070-0250-0256-V4A',(#5661),#9573);
#5649=SHAPE_REPRESENTATION('120-0007-001-009_Standard<Wie bearbeitet>',(#5661),#9574);
#5650=SHAPE_REPRESENTATION('120-0007-001-008',(#5661),#9575);
#5651=SHAPE_REPRESENTATION('120-0007-001-008-S',(#5661),#9576);
#5652=SHAPE_REPRESENTATION('120-0007-001-009_Standard<Wie bearbeitet>',(#5661),#9577);
#5653=SHAPE_REPRESENTATION('DIN7349-VA_10.5',(#5661),#9578);
#5654=SHAPE_REPRESENTATION('120-0007-001-009_Standard<Wie bearbeitet>',(#5661),#9579);
#5655=SHAPE_REPRESENTATION('120-0007-001-010',(#5661),#9580);
#5656=SHAPE_REPRESENTATION('120-0007-001-009_Standard<Wie bearbeitet>',(#5661),#9581);
#5657=SHAPE_REPRESENTATION('120-0007-001-008-S',(#5661),#9582);
#5658=SHAPE_REPRESENTATION('120-0007-001-009_Standard<Wie bearbeitet>',(#5661),#9583);
#5659=SHAPE_REPRESENTATION('120-0007-001-009_Standard<Wie bearbeitet>',(#5661),#9584);
#5660=SHAPE_REPRESENTATION('120-0007-001-008',(#5661),#9585);
#5661=AXIS2_PLACEMENT_3D('',#7998,#6316,#6317);
#5662=AXIS2_PLACEMENT_3D('',#7999,#6318,#6319);
#5663=AXIS2_PLACEMENT_3D('',#8012,#6326,#6327);
#5664=AXIS2_PLACEMENT_3D('',#8018,#6331,#6332);
#5665=AXIS2_PLACEMENT_3D('',#8022,#6335,#6336);
#5666=AXIS2_PLACEMENT_3D('',#8026,#6339,#6340);
#5667=AXIS2_PLACEMENT_3D('',#8030,#6343,#6344);
#5668=AXIS2_PLACEMENT_3D('',#8034,#6347,#6348);
#5669=AXIS2_PLACEMENT_3D('',#8036,#6350,#6351);
#5670=AXIS2_PLACEMENT_3D('',#8037,#6352,#6353);
#5671=AXIS2_PLACEMENT_3D('',#8039,#6354,#6355);
#5672=AXIS2_PLACEMENT_3D('',#8040,#6356,#6357);
#5673=AXIS2_PLACEMENT_3D('',#8042,#6358,#6359);
#5674=AXIS2_PLACEMENT_3D('',#8043,#6360,#6361);
#5675=AXIS2_PLACEMENT_3D('',#8045,#6362,#6363);
#5676=AXIS2_PLACEMENT_3D('',#8046,#6364,#6365);
#5677=AXIS2_PLACEMENT_3D('',#8048,#6366,#6367);
#5678=AXIS2_PLACEMENT_3D('',#8049,#6368,#6369);
#5679=AXIS2_PLACEMENT_3D('',#8051,#6370,#6371);
#5680=AXIS2_PLACEMENT_3D('',#8052,#6372,#6373);
#5681=AXIS2_PLACEMENT_3D('',#8053,#6374,#6375);
#5682=AXIS2_PLACEMENT_3D('',#8054,#6376,#6377);
#5683=AXIS2_PLACEMENT_3D('',#8067,#6384,#6385);
#5684=AXIS2_PLACEMENT_3D('',#8073,#6389,#6390);
#5685=AXIS2_PLACEMENT_3D('',#8077,#6393,#6394);
#5686=AXIS2_PLACEMENT_3D('',#8081,#6397,#6398);
#5687=AXIS2_PLACEMENT_3D('',#8085,#6401,#6402);
#5688=AXIS2_PLACEMENT_3D('',#8089,#6405,#6406);
#5689=AXIS2_PLACEMENT_3D('',#8091,#6408,#6409);
#5690=AXIS2_PLACEMENT_3D('',#8092,#6410,#6411);
#5691=AXIS2_PLACEMENT_3D('',#8094,#6412,#6413);
#5692=AXIS2_PLACEMENT_3D('',#8095,#6414,#6415);
#5693=AXIS2_PLACEMENT_3D('',#8097,#6416,#6417);
#5694=AXIS2_PLACEMENT_3D('',#8098,#6418,#6419);
#5695=AXIS2_PLACEMENT_3D('',#8100,#6420,#6421);
#5696=AXIS2_PLACEMENT_3D('',#8101,#6422,#6423);
#5697=AXIS2_PLACEMENT_3D('',#8103,#6424,#6425);
#5698=AXIS2_PLACEMENT_3D('',#8104,#6426,#6427);
#5699=AXIS2_PLACEMENT_3D('',#8106,#6428,#6429);
#5700=AXIS2_PLACEMENT_3D('',#8107,#6430,#6431);
#5701=AXIS2_PLACEMENT_3D('',#8108,#6432,#6433);
#5702=AXIS2_PLACEMENT_3D('',#8109,#6434,#6435);
#5703=AXIS2_PLACEMENT_3D('',#8114,#6437,#6438);
#5704=AXIS2_PLACEMENT_3D('',#8117,#6440,#6441);
#5705=AXIS2_PLACEMENT_3D('',#8118,#6442,#6443);
#5706=AXIS2_PLACEMENT_3D('',#8123,#6445,#6446);
#5707=AXIS2_PLACEMENT_3D('',#8126,#6448,#6449);
#5708=AXIS2_PLACEMENT_3D('',#8127,#6450,#6451);
#5709=AXIS2_PLACEMENT_3D('',#8132,#6453,#6454);
#5710=AXIS2_PLACEMENT_3D('',#8135,#6456,#6457);
#5711=AXIS2_PLACEMENT_3D('',#8136,#6458,#6459);
#5712=AXIS2_PLACEMENT_3D('',#8141,#6461,#6462);
#5713=AXIS2_PLACEMENT_3D('',#8144,#6464,#6465);
#5714=AXIS2_PLACEMENT_3D('',#8145,#6466,#6467);
#5715=AXIS2_PLACEMENT_3D('',#8150,#6469,#6470);
#5716=AXIS2_PLACEMENT_3D('',#8153,#6472,#6473);
#5717=AXIS2_PLACEMENT_3D('',#8154,#6474,#6475);
#5718=AXIS2_PLACEMENT_3D('',#8159,#6477,#6478);
#5719=AXIS2_PLACEMENT_3D('',#8162,#6480,#6481);
#5720=AXIS2_PLACEMENT_3D('',#8166,#6483,#6484);
#5721=AXIS2_PLACEMENT_3D('',#8170,#6486,#6487);
#5722=AXIS2_PLACEMENT_3D('',#8171,#6488,#6489);
#5723=AXIS2_PLACEMENT_3D('',#8177,#6493,#6494);
#5724=AXIS2_PLACEMENT_3D('',#8183,#6498,#6499);
#5725=AXIS2_PLACEMENT_3D('',#8186,#6502,#6503);
#5726=AXIS2_PLACEMENT_3D('',#8187,#6504,#6505);
#5727=AXIS2_PLACEMENT_3D('',#8192,#6507,#6508);
#5728=AXIS2_PLACEMENT_3D('',#8195,#6510,#6511);
#5729=AXIS2_PLACEMENT_3D('',#8196,#6512,#6513);
#5730=AXIS2_PLACEMENT_3D('',#8201,#6515,#6516);
#5731=AXIS2_PLACEMENT_3D('',#8204,#6518,#6519);
#5732=AXIS2_PLACEMENT_3D('',#8208,#6521,#6522);
#5733=AXIS2_PLACEMENT_3D('',#8212,#6524,#6525);
#5734=AXIS2_PLACEMENT_3D('',#8213,#6526,#6527);
#5735=AXIS2_PLACEMENT_3D('',#8219,#6531,#6532);
#5736=AXIS2_PLACEMENT_3D('',#8225,#6536,#6537);
#5737=AXIS2_PLACEMENT_3D('',#8228,#6540,#6541);
#5738=AXIS2_PLACEMENT_3D('',#8229,#6542,#6543);
#5739=AXIS2_PLACEMENT_3D('',#8234,#6545,#6546);
#5740=AXIS2_PLACEMENT_3D('',#8237,#6548,#6549);
#5741=AXIS2_PLACEMENT_3D('',#8238,#6550,#6551);
#5742=AXIS2_PLACEMENT_3D('',#8243,#6553,#6554);
#5743=AXIS2_PLACEMENT_3D('',#8246,#6556,#6557);
#5744=AXIS2_PLACEMENT_3D('',#8250,#6559,#6560);
#5745=AXIS2_PLACEMENT_3D('',#8254,#6562,#6563);
#5746=AXIS2_PLACEMENT_3D('',#8255,#6564,#6565);
#5747=AXIS2_PLACEMENT_3D('',#8261,#6569,#6570);
#5748=AXIS2_PLACEMENT_3D('',#8267,#6574,#6575);
#5749=AXIS2_PLACEMENT_3D('',#8270,#6578,#6579);
#5750=AXIS2_PLACEMENT_3D('',#8271,#6580,#6581);
#5751=AXIS2_PLACEMENT_3D('',#8276,#6583,#6584);
#5752=AXIS2_PLACEMENT_3D('',#8279,#6586,#6587);
#5753=AXIS2_PLACEMENT_3D('',#8280,#6588,#6589);
#5754=AXIS2_PLACEMENT_3D('',#8285,#6591,#6592);
#5755=AXIS2_PLACEMENT_3D('',#8288,#6594,#6595);
#5756=AXIS2_PLACEMENT_3D('',#8292,#6597,#6598);
#5757=AXIS2_PLACEMENT_3D('',#8296,#6600,#6601);
#5758=AXIS2_PLACEMENT_3D('',#8297,#6602,#6603);
#5759=AXIS2_PLACEMENT_3D('',#8303,#6607,#6608);
#5760=AXIS2_PLACEMENT_3D('',#8309,#6612,#6613);
#5761=AXIS2_PLACEMENT_3D('',#8312,#6616,#6617);
#5762=AXIS2_PLACEMENT_3D('',#8313,#6618,#6619);
#5763=AXIS2_PLACEMENT_3D('',#8318,#6621,#6622);
#5764=AXIS2_PLACEMENT_3D('',#8321,#6624,#6625);
#5765=AXIS2_PLACEMENT_3D('',#8322,#6626,#6627);
#5766=AXIS2_PLACEMENT_3D('',#8327,#6629,#6630);
#5767=AXIS2_PLACEMENT_3D('',#8330,#6632,#6633);
#5768=AXIS2_PLACEMENT_3D('',#8334,#6635,#6636);
#5769=AXIS2_PLACEMENT_3D('',#8338,#6638,#6639);
#5770=AXIS2_PLACEMENT_3D('',#8339,#6640,#6641);
#5771=AXIS2_PLACEMENT_3D('',#8345,#6645,#6646);
#5772=AXIS2_PLACEMENT_3D('',#8351,#6650,#6651);
#5773=AXIS2_PLACEMENT_3D('',#8354,#6654,#6655);
#5774=AXIS2_PLACEMENT_3D('',#8355,#6656,#6657);
#5775=AXIS2_PLACEMENT_3D('',#8357,#6658,#6659);
#5776=AXIS2_PLACEMENT_3D('',#8359,#6660,#6661);
#5777=AXIS2_PLACEMENT_3D('',#8361,#6662,#6663);
#5778=AXIS2_PLACEMENT_3D('',#8363,#6664,#6665);
#5779=AXIS2_PLACEMENT_3D('',#8365,#6666,#6667);
#5780=AXIS2_PLACEMENT_3D('',#8367,#6668,#6669);
#5781=AXIS2_PLACEMENT_3D('',#8369,#6670,#6671);
#5782=AXIS2_PLACEMENT_3D('',#8371,#6672,#6673);
#5783=AXIS2_PLACEMENT_3D('',#8373,#6674,#6675);
#5784=AXIS2_PLACEMENT_3D('',#8377,#6678,#6679);
#5785=AXIS2_PLACEMENT_3D('',#8379,#6681,#6682);
#5786=AXIS2_PLACEMENT_3D('',#8381,#6684,#6685);
#5787=AXIS2_PLACEMENT_3D('',#8383,#6687,#6688);
#5788=AXIS2_PLACEMENT_3D('',#8385,#6690,#6691);
#5789=AXIS2_PLACEMENT_3D('',#8389,#6695,#6696);
#5790=AXIS2_PLACEMENT_3D('',#8395,#6702,#6703);
#5791=AXIS2_PLACEMENT_3D('',#8397,#6705,#6706);
#5792=AXIS2_PLACEMENT_3D('',#8399,#6708,#6709);
#5793=AXIS2_PLACEMENT_3D('',#8401,#6711,#6712);
#5794=AXIS2_PLACEMENT_3D('',#8403,#6714,#6715);
#5795=AXIS2_PLACEMENT_3D('',#8404,#6716,#6717);
#5796=AXIS2_PLACEMENT_3D('',#8406,#6718,#6719);
#5797=AXIS2_PLACEMENT_3D('',#8408,#6720,#6721);
#5798=AXIS2_PLACEMENT_3D('',#8410,#6722,#6723);
#5799=AXIS2_PLACEMENT_3D('',#8412,#6724,#6725);
#5800=AXIS2_PLACEMENT_3D('',#8414,#6726,#6727);
#5801=AXIS2_PLACEMENT_3D('',#8416,#6728,#6729);
#5802=AXIS2_PLACEMENT_3D('',#8418,#6730,#6731);
#5803=AXIS2_PLACEMENT_3D('',#8420,#6732,#6733);
#5804=AXIS2_PLACEMENT_3D('',#8422,#6734,#6735);
#5805=AXIS2_PLACEMENT_3D('',#8424,#6736,#6737);
#5806=AXIS2_PLACEMENT_3D('',#8425,#6738,#6739);
#5807=AXIS2_PLACEMENT_3D('',#8426,#6740,#6741);
#5808=AXIS2_PLACEMENT_3D('',#8427,#6742,#6743);
#5809=AXIS2_PLACEMENT_3D('',#8428,#6744,#6745);
#5810=AXIS2_PLACEMENT_3D('',#8429,#6746,#6747);
#5811=AXIS2_PLACEMENT_3D('',#8430,#6748,#6749);
#5812=AXIS2_PLACEMENT_3D('',#8431,#6750,#6751);
#5813=AXIS2_PLACEMENT_3D('',#8432,#6752,#6753);
#5814=AXIS2_PLACEMENT_3D('',#8433,#6754,#6755);
#5815=AXIS2_PLACEMENT_3D('',#8434,#6756,#6757);
#5816=AXIS2_PLACEMENT_3D('',#8436,#6758,#6759);
#5817=AXIS2_PLACEMENT_3D('',#8437,#6760,#6761);
#5818=AXIS2_PLACEMENT_3D('',#8438,#6762,#6763);
#5819=AXIS2_PLACEMENT_3D('',#8440,#6764,#6765);
#5820=AXIS2_PLACEMENT_3D('',#8441,#6766,#6767);
#5821=AXIS2_PLACEMENT_3D('',#8442,#6768,#6769);
#5822=AXIS2_PLACEMENT_3D('',#8444,#6770,#6771);
#5823=AXIS2_PLACEMENT_3D('',#8445,#6772,#6773);
#5824=AXIS2_PLACEMENT_3D('',#8446,#6774,#6775);
#5825=AXIS2_PLACEMENT_3D('',#8448,#6776,#6777);
#5826=AXIS2_PLACEMENT_3D('',#8449,#6778,#6779);
#5827=AXIS2_PLACEMENT_3D('',#8450,#6780,#6781);
#5828=AXIS2_PLACEMENT_3D('',#8452,#6782,#6783);
#5829=AXIS2_PLACEMENT_3D('',#8453,#6784,#6785);
#5830=AXIS2_PLACEMENT_3D('',#8454,#6786,#6787);
#5831=AXIS2_PLACEMENT_3D('',#8456,#6788,#6789);
#5832=AXIS2_PLACEMENT_3D('',#8457,#6790,#6791);
#5833=AXIS2_PLACEMENT_3D('',#8458,#6792,#6793);
#5834=AXIS2_PLACEMENT_3D('',#8460,#6794,#6795);
#5835=AXIS2_PLACEMENT_3D('',#8461,#6796,#6797);
#5836=AXIS2_PLACEMENT_3D('',#8462,#6798,#6799);
#5837=AXIS2_PLACEMENT_3D('',#8464,#6800,#6801);
#5838=AXIS2_PLACEMENT_3D('',#8465,#6802,#6803);
#5839=AXIS2_PLACEMENT_3D('',#8466,#6804,#6805);
#5840=AXIS2_PLACEMENT_3D('',#8468,#6806,#6807);
#5841=AXIS2_PLACEMENT_3D('',#8469,#6808,#6809);
#5842=AXIS2_PLACEMENT_3D('',#8470,#6810,#6811);
#5843=AXIS2_PLACEMENT_3D('',#8472,#6812,#6813);
#5844=AXIS2_PLACEMENT_3D('',#8473,#6814,#6815);
#5845=AXIS2_PLACEMENT_3D('',#8474,#6816,#6817);
#5846=AXIS2_PLACEMENT_3D('',#8475,#6818,#6819);
#5847=AXIS2_PLACEMENT_3D('',#8476,#6820,#6821);
#5848=AXIS2_PLACEMENT_3D('',#8477,#6822,#6823);
#5849=AXIS2_PLACEMENT_3D('',#8478,#6824,#6825);
#5850=AXIS2_PLACEMENT_3D('',#8479,#6826,#6827);
#5851=AXIS2_PLACEMENT_3D('',#8480,#6828,#6829);
#5852=AXIS2_PLACEMENT_3D('',#8481,#6830,#6831);
#5853=AXIS2_PLACEMENT_3D('',#8482,#6832,#6833);
#5854=AXIS2_PLACEMENT_3D('',#8483,#6834,#6835);
#5855=AXIS2_PLACEMENT_3D('',#8486,#6836,#6837);
#5856=AXIS2_PLACEMENT_3D('',#8488,#6838,#6839);
#5857=AXIS2_PLACEMENT_3D('',#8490,#6840,#6841);
#5858=AXIS2_PLACEMENT_3D('',#8492,#6842,#6843);
#5859=AXIS2_PLACEMENT_3D('',#8494,#6844,#6845);
#5860=AXIS2_PLACEMENT_3D('',#8495,#6846,#6847);
#5861=AXIS2_PLACEMENT_3D('',#8505,#6848,#6849);
#5862=AXIS2_PLACEMENT_3D('',#8515,#6850,#6851);
#5863=AXIS2_PLACEMENT_3D('',#8525,#6852,#6853);
#5864=AXIS2_PLACEMENT_3D('',#8535,#6854,#6855);
#5865=AXIS2_PLACEMENT_3D('',#8545,#6856,#6857);
#5866=AXIS2_PLACEMENT_3D('',#8546,#6858,#6859);
#5867=AXIS2_PLACEMENT_3D('',#8548,#6860,#6861);
#5868=AXIS2_PLACEMENT_3D('',#8549,#6862,#6863);
#5869=AXIS2_PLACEMENT_3D('',#8563,#6870,#6871);
#5870=AXIS2_PLACEMENT_3D('',#8571,#6874,#6875);
#5871=AXIS2_PLACEMENT_3D('',#8573,#6877,#6878);
#5872=AXIS2_PLACEMENT_3D('',#8575,#6880,#6881);
#5873=AXIS2_PLACEMENT_3D('',#8577,#6883,#6884);
#5874=AXIS2_PLACEMENT_3D('',#8579,#6886,#6887);
#5875=AXIS2_PLACEMENT_3D('',#8584,#6888,#6889);
#5876=AXIS2_PLACEMENT_3D('',#8585,#6890,#6891);
#5877=AXIS2_PLACEMENT_3D('',#8587,#6892,#6893);
#5878=AXIS2_PLACEMENT_3D('',#8588,#6894,#6895);
#5879=AXIS2_PLACEMENT_3D('',#8589,#6896,#6897);
#5880=AXIS2_PLACEMENT_3D('',#8590,#6898,#6899);
#5881=AXIS2_PLACEMENT_3D('',#8591,#6900,#6901);
#5882=AXIS2_PLACEMENT_3D('',#8592,#6902,#6903);
#5883=AXIS2_PLACEMENT_3D('',#8617,#6916,#6917);
#5884=AXIS2_PLACEMENT_3D('',#8642,#6930,#6931);
#5885=AXIS2_PLACEMENT_3D('',#8643,#6932,#6933);
#5886=AXIS2_PLACEMENT_3D('',#8645,#6934,#6935);
#5887=AXIS2_PLACEMENT_3D('',#8647,#6936,#6937);
#5888=AXIS2_PLACEMENT_3D('',#8649,#6938,#6939);
#5889=AXIS2_PLACEMENT_3D('',#8653,#6942,#6943);
#5890=AXIS2_PLACEMENT_3D('',#8655,#6944,#6945);
#5891=AXIS2_PLACEMENT_3D('',#8657,#6946,#6947);
#5892=AXIS2_PLACEMENT_3D('',#8659,#6948,#6949);
#5893=AXIS2_PLACEMENT_3D('',#8661,#6950,#6951);
#5894=AXIS2_PLACEMENT_3D('',#8663,#6953,#6954);
#5895=AXIS2_PLACEMENT_3D('',#8665,#6956,#6957);
#5896=AXIS2_PLACEMENT_3D('',#8667,#6959,#6960);
#5897=AXIS2_PLACEMENT_3D('',#8669,#6962,#6963);
#5898=AXIS2_PLACEMENT_3D('',#8671,#6965,#6966);
#5899=AXIS2_PLACEMENT_3D('',#8672,#6967,#6968);
#5900=AXIS2_PLACEMENT_3D('',#8674,#6969,#6970);
#5901=AXIS2_PLACEMENT_3D('',#8676,#6971,#6972);
#5902=AXIS2_PLACEMENT_3D('',#8678,#6973,#6974);
#5903=AXIS2_PLACEMENT_3D('',#8681,#6976,#6977);
#5904=AXIS2_PLACEMENT_3D('',#8683,#6978,#6979);
#5905=AXIS2_PLACEMENT_3D('',#8685,#6980,#6981);
#5906=AXIS2_PLACEMENT_3D('',#8687,#6982,#6983);
#5907=AXIS2_PLACEMENT_3D('',#8689,#6984,#6985);
#5908=AXIS2_PLACEMENT_3D('',#8691,#6987,#6988);
#5909=AXIS2_PLACEMENT_3D('',#8693,#6990,#6991);
#5910=AXIS2_PLACEMENT_3D('',#8695,#6993,#6994);
#5911=AXIS2_PLACEMENT_3D('',#8697,#6996,#6997);
#5912=AXIS2_PLACEMENT_3D('',#8698,#6998,#6999);
#5913=AXIS2_PLACEMENT_3D('',#8699,#7000,#7001);
#5914=AXIS2_PLACEMENT_3D('',#8700,#7002,#7003);
#5915=AXIS2_PLACEMENT_3D('',#8701,#7004,#7005);
#5916=AXIS2_PLACEMENT_3D('',#8702,#7006,#7007);
#5917=AXIS2_PLACEMENT_3D('',#8703,#7008,#7009);
#5918=AXIS2_PLACEMENT_3D('',#8704,#7010,#7011);
#5919=AXIS2_PLACEMENT_3D('',#8705,#7012,#7013);
#5920=AXIS2_PLACEMENT_3D('',#8706,#7014,#7015);
#5921=AXIS2_PLACEMENT_3D('',#8707,#7016,#7017);
#5922=AXIS2_PLACEMENT_3D('',#8708,#7018,#7019);
#5923=AXIS2_PLACEMENT_3D('',#8710,#7020,#7021);
#5924=AXIS2_PLACEMENT_3D('',#8711,#7022,#7023);
#5925=AXIS2_PLACEMENT_3D('',#8713,#7024,#7025);
#5926=AXIS2_PLACEMENT_3D('',#8714,#7026,#7027);
#5927=AXIS2_PLACEMENT_3D('',#8715,#7028,#7029);
#5928=AXIS2_PLACEMENT_3D('',#8716,#7030,#7031);
#5929=AXIS2_PLACEMENT_3D('',#8717,#7032,#7033);
#5930=AXIS2_PLACEMENT_3D('',#8722,#7035,#7036);
#5931=AXIS2_PLACEMENT_3D('',#8725,#7038,#7039);
#5932=AXIS2_PLACEMENT_3D('',#8726,#7040,#7041);
#5933=AXIS2_PLACEMENT_3D('',#8731,#7043,#7044);
#5934=AXIS2_PLACEMENT_3D('',#8734,#7046,#7047);
#5935=AXIS2_PLACEMENT_3D('',#8735,#7048,#7049);
#5936=AXIS2_PLACEMENT_3D('',#8740,#7051,#7052);
#5937=AXIS2_PLACEMENT_3D('',#8743,#7054,#7055);
#5938=AXIS2_PLACEMENT_3D('',#8744,#7056,#7057);
#5939=AXIS2_PLACEMENT_3D('',#8749,#7059,#7060);
#5940=AXIS2_PLACEMENT_3D('',#8752,#7062,#7063);
#5941=AXIS2_PLACEMENT_3D('',#8761,#7068,#7069);
#5942=AXIS2_PLACEMENT_3D('',#8762,#7070,#7071);
#5943=AXIS2_PLACEMENT_3D('',#8766,#7073,#7074);
#5944=AXIS2_PLACEMENT_3D('',#8767,#7075,#7076);
#5945=AXIS2_PLACEMENT_3D('',#8773,#7080,#7081);
#5946=AXIS2_PLACEMENT_3D('',#8774,#7082,#7083);
#5947=AXIS2_PLACEMENT_3D('',#8775,#7084,#7085);
#5948=AXIS2_PLACEMENT_3D('',#8776,#7086,#7087);
#5949=AXIS2_PLACEMENT_3D('',#8785,#7092,#7093);
#5950=AXIS2_PLACEMENT_3D('',#8794,#7098,#7099);
#5951=AXIS2_PLACEMENT_3D('',#8795,#7100,#7101);
#5952=AXIS2_PLACEMENT_3D('',#8796,#7102,#7103);
#5953=AXIS2_PLACEMENT_3D('',#8797,#7104,#7105);
#5954=AXIS2_PLACEMENT_3D('',#8798,#7106,#7107);
#5955=AXIS2_PLACEMENT_3D('',#8799,#7108,#7109);
#5956=AXIS2_PLACEMENT_3D('',#8800,#7110,#7111);
#5957=AXIS2_PLACEMENT_3D('',#8801,#7112,#7113);
#5958=AXIS2_PLACEMENT_3D('',#8806,#7115,#7116);
#5959=AXIS2_PLACEMENT_3D('',#8809,#7118,#7119);
#5960=AXIS2_PLACEMENT_3D('',#8814,#7121,#7122);
#5961=AXIS2_PLACEMENT_3D('',#8817,#7124,#7125);
#5962=AXIS2_PLACEMENT_3D('',#8819,#7126,#7127);
#5963=AXIS2_PLACEMENT_3D('',#8821,#7128,#7129);
#5964=AXIS2_PLACEMENT_3D('',#8823,#7130,#7131);
#5965=AXIS2_PLACEMENT_3D('',#8829,#7136,#7137);
#5966=AXIS2_PLACEMENT_3D('',#8831,#7138,#7139);
#5967=AXIS2_PLACEMENT_3D('',#8833,#7140,#7141);
#5968=AXIS2_PLACEMENT_3D('',#8835,#7142,#7143);
#5969=AXIS2_PLACEMENT_3D('',#8837,#7144,#7145);
#5970=AXIS2_PLACEMENT_3D('',#8839,#7146,#7147);
#5971=AXIS2_PLACEMENT_3D('',#8840,#7148,#7149);
#5972=AXIS2_PLACEMENT_3D('',#8845,#7151,#7152);
#5973=AXIS2_PLACEMENT_3D('',#8848,#7154,#7155);
#5974=AXIS2_PLACEMENT_3D('',#8853,#7157,#7158);
#5975=AXIS2_PLACEMENT_3D('',#8856,#7160,#7161);
#5976=AXIS2_PLACEMENT_3D('',#8858,#7162,#7163);
#5977=AXIS2_PLACEMENT_3D('',#8860,#7164,#7165);
#5978=AXIS2_PLACEMENT_3D('',#8862,#7166,#7167);
#5979=AXIS2_PLACEMENT_3D('',#8868,#7172,#7173);
#5980=AXIS2_PLACEMENT_3D('',#8870,#7174,#7175);
#5981=AXIS2_PLACEMENT_3D('',#8872,#7176,#7177);
#5982=AXIS2_PLACEMENT_3D('',#8874,#7178,#7179);
#5983=AXIS2_PLACEMENT_3D('',#8876,#7180,#7181);
#5984=AXIS2_PLACEMENT_3D('',#8878,#7182,#7183);
#5985=AXIS2_PLACEMENT_3D('',#8879,#7184,#7185);
#5986=AXIS2_PLACEMENT_3D('',#8880,#7186,#7187);
#5987=AXIS2_PLACEMENT_3D('',#8881,#7188,#7189);
#5988=AXIS2_PLACEMENT_3D('',#8882,#7190,#7191);
#5989=AXIS2_PLACEMENT_3D('',#8885,#7194,#7195);
#5990=AXIS2_PLACEMENT_3D('',#8887,#7197,#7198);
#5991=AXIS2_PLACEMENT_3D('',#8889,#7200,#7201);
#5992=AXIS2_PLACEMENT_3D('',#8890,#7202,#7203);
#5993=AXIS2_PLACEMENT_3D('',#8893,#7206,#7207);
#5994=AXIS2_PLACEMENT_3D('',#8895,#7209,#7210);
#5995=AXIS2_PLACEMENT_3D('',#8897,#7212,#7213);
#5996=AXIS2_PLACEMENT_3D('',#8898,#7214,#7215);
#5997=AXIS2_PLACEMENT_3D('',#8899,#7216,#7217);
#5998=AXIS2_PLACEMENT_3D('',#8901,#7218,#7219);
#5999=AXIS2_PLACEMENT_3D('',#8902,#7220,#7221);
#6000=AXIS2_PLACEMENT_3D('',#8903,#7222,#7223);
#6001=AXIS2_PLACEMENT_3D('',#8905,#7224,#7225);
#6002=AXIS2_PLACEMENT_3D('',#8906,#7226,#7227);
#6003=AXIS2_PLACEMENT_3D('',#8907,#7228,#7229);
#6004=AXIS2_PLACEMENT_3D('',#8909,#7230,#7231);
#6005=AXIS2_PLACEMENT_3D('',#8910,#7232,#7233);
#6006=AXIS2_PLACEMENT_3D('',#8911,#7234,#7235);
#6007=AXIS2_PLACEMENT_3D('',#8913,#7236,#7237);
#6008=AXIS2_PLACEMENT_3D('',#8914,#7238,#7239);
#6009=AXIS2_PLACEMENT_3D('',#8915,#7240,#7241);
#6010=AXIS2_PLACEMENT_3D('',#8917,#7242,#7243);
#6011=AXIS2_PLACEMENT_3D('',#8918,#7244,#7245);
#6012=AXIS2_PLACEMENT_3D('',#8919,#7246,#7247);
#6013=AXIS2_PLACEMENT_3D('',#8921,#7248,#7249);
#6014=AXIS2_PLACEMENT_3D('',#8922,#7250,#7251);
#6015=AXIS2_PLACEMENT_3D('',#8923,#7252,#7253);
#6016=AXIS2_PLACEMENT_3D('',#8925,#7254,#7255);
#6017=AXIS2_PLACEMENT_3D('',#8926,#7256,#7257);
#6018=AXIS2_PLACEMENT_3D('',#8927,#7258,#7259);
#6019=AXIS2_PLACEMENT_3D('',#8929,#7260,#7261);
#6020=AXIS2_PLACEMENT_3D('',#8930,#7262,#7263);
#6021=AXIS2_PLACEMENT_3D('',#8931,#7264,#7265);
#6022=AXIS2_PLACEMENT_3D('',#8932,#7266,#7267);
#6023=AXIS2_PLACEMENT_3D('',#8933,#7268,#7269);
#6024=AXIS2_PLACEMENT_3D('',#8934,#7270,#7271);
#6025=AXIS2_PLACEMENT_3D('',#8939,#7273,#7274);
#6026=AXIS2_PLACEMENT_3D('',#8942,#7276,#7277);
#6027=AXIS2_PLACEMENT_3D('',#8943,#7278,#7279);
#6028=AXIS2_PLACEMENT_3D('',#8948,#7281,#7282);
#6029=AXIS2_PLACEMENT_3D('',#8951,#7284,#7285);
#6030=AXIS2_PLACEMENT_3D('',#8952,#7286,#7287);
#6031=AXIS2_PLACEMENT_3D('',#8957,#7289,#7290);
#6032=AXIS2_PLACEMENT_3D('',#8960,#7292,#7293);
#6033=AXIS2_PLACEMENT_3D('',#8961,#7294,#7295);
#6034=AXIS2_PLACEMENT_3D('',#8966,#7297,#7298);
#6035=AXIS2_PLACEMENT_3D('',#8969,#7300,#7301);
#6036=AXIS2_PLACEMENT_3D('',#8978,#7306,#7307);
#6037=AXIS2_PLACEMENT_3D('',#8979,#7308,#7309);
#6038=AXIS2_PLACEMENT_3D('',#8981,#7310,#7311);
#6039=AXIS2_PLACEMENT_3D('',#8984,#7313,#7314);
#6040=AXIS2_PLACEMENT_3D('',#8990,#7318,#7319);
#6041=AXIS2_PLACEMENT_3D('',#8991,#7320,#7321);
#6042=AXIS2_PLACEMENT_3D('',#8992,#7322,#7323);
#6043=AXIS2_PLACEMENT_3D('',#8993,#7324,#7325);
#6044=AXIS2_PLACEMENT_3D('',#9002,#7330,#7331);
#6045=AXIS2_PLACEMENT_3D('',#9011,#7336,#7337);
#6046=AXIS2_PLACEMENT_3D('',#9012,#7338,#7339);
#6047=AXIS2_PLACEMENT_3D('',#9013,#7340,#7341);
#6048=AXIS2_PLACEMENT_3D('',#9014,#7342,#7343);
#6049=AXIS2_PLACEMENT_3D('',#9015,#7344,#7345);
#6050=AXIS2_PLACEMENT_3D('',#9016,#7346,#7347);
#6051=AXIS2_PLACEMENT_3D('',#9017,#7348,#7349);
#6052=AXIS2_PLACEMENT_3D('',#9018,#7350,#7351);
#6053=AXIS2_PLACEMENT_3D('',#9023,#7353,#7354);
#6054=AXIS2_PLACEMENT_3D('',#9026,#7356,#7357);
#6055=AXIS2_PLACEMENT_3D('',#9031,#7359,#7360);
#6056=AXIS2_PLACEMENT_3D('',#9034,#7362,#7363);
#6057=AXIS2_PLACEMENT_3D('',#9036,#7364,#7365);
#6058=AXIS2_PLACEMENT_3D('',#9038,#7366,#7367);
#6059=AXIS2_PLACEMENT_3D('',#9040,#7368,#7369);
#6060=AXIS2_PLACEMENT_3D('',#9046,#7374,#7375);
#6061=AXIS2_PLACEMENT_3D('',#9048,#7376,#7377);
#6062=AXIS2_PLACEMENT_3D('',#9050,#7378,#7379);
#6063=AXIS2_PLACEMENT_3D('',#9052,#7380,#7381);
#6064=AXIS2_PLACEMENT_3D('',#9054,#7382,#7383);
#6065=AXIS2_PLACEMENT_3D('',#9056,#7384,#7385);
#6066=AXIS2_PLACEMENT_3D('',#9057,#7386,#7387);
#6067=AXIS2_PLACEMENT_3D('',#9062,#7389,#7390);
#6068=AXIS2_PLACEMENT_3D('',#9065,#7392,#7393);
#6069=AXIS2_PLACEMENT_3D('',#9070,#7395,#7396);
#6070=AXIS2_PLACEMENT_3D('',#9073,#7398,#7399);
#6071=AXIS2_PLACEMENT_3D('',#9075,#7400,#7401);
#6072=AXIS2_PLACEMENT_3D('',#9077,#7402,#7403);
#6073=AXIS2_PLACEMENT_3D('',#9079,#7404,#7405);
#6074=AXIS2_PLACEMENT_3D('',#9085,#7410,#7411);
#6075=AXIS2_PLACEMENT_3D('',#9087,#7412,#7413);
#6076=AXIS2_PLACEMENT_3D('',#9089,#7414,#7415);
#6077=AXIS2_PLACEMENT_3D('',#9091,#7416,#7417);
#6078=AXIS2_PLACEMENT_3D('',#9093,#7418,#7419);
#6079=AXIS2_PLACEMENT_3D('',#9095,#7420,#7421);
#6080=AXIS2_PLACEMENT_3D('',#9096,#7422,#7423);
#6081=AXIS2_PLACEMENT_3D('',#9097,#7424,#7425);
#6082=AXIS2_PLACEMENT_3D('',#9098,#7426,#7427);
#6083=AXIS2_PLACEMENT_3D('',#9099,#7428,#7429);
#6084=AXIS2_PLACEMENT_3D('',#9102,#7432,#7433);
#6085=AXIS2_PLACEMENT_3D('',#9104,#7435,#7436);
#6086=AXIS2_PLACEMENT_3D('',#9106,#7438,#7439);
#6087=AXIS2_PLACEMENT_3D('',#9107,#7440,#7441);
#6088=AXIS2_PLACEMENT_3D('',#9110,#7444,#7445);
#6089=AXIS2_PLACEMENT_3D('',#9112,#7447,#7448);
#6090=AXIS2_PLACEMENT_3D('',#9114,#7450,#7451);
#6091=AXIS2_PLACEMENT_3D('',#9115,#7452,#7453);
#6092=AXIS2_PLACEMENT_3D('',#9116,#7454,#7455);
#6093=AXIS2_PLACEMENT_3D('',#9118,#7456,#7457);
#6094=AXIS2_PLACEMENT_3D('',#9119,#7458,#7459);
#6095=AXIS2_PLACEMENT_3D('',#9120,#7460,#7461);
#6096=AXIS2_PLACEMENT_3D('',#9122,#7462,#7463);
#6097=AXIS2_PLACEMENT_3D('',#9123,#7464,#7465);
#6098=AXIS2_PLACEMENT_3D('',#9124,#7466,#7467);
#6099=AXIS2_PLACEMENT_3D('',#9126,#7468,#7469);
#6100=AXIS2_PLACEMENT_3D('',#9127,#7470,#7471);
#6101=AXIS2_PLACEMENT_3D('',#9128,#7472,#7473);
#6102=AXIS2_PLACEMENT_3D('',#9130,#7474,#7475);
#6103=AXIS2_PLACEMENT_3D('',#9131,#7476,#7477);
#6104=AXIS2_PLACEMENT_3D('',#9132,#7478,#7479);
#6105=AXIS2_PLACEMENT_3D('',#9134,#7480,#7481);
#6106=AXIS2_PLACEMENT_3D('',#9135,#7482,#7483);
#6107=AXIS2_PLACEMENT_3D('',#9136,#7484,#7485);
#6108=AXIS2_PLACEMENT_3D('',#9138,#7486,#7487);
#6109=AXIS2_PLACEMENT_3D('',#9139,#7488,#7489);
#6110=AXIS2_PLACEMENT_3D('',#9140,#7490,#7491);
#6111=AXIS2_PLACEMENT_3D('',#9142,#7492,#7493);
#6112=AXIS2_PLACEMENT_3D('',#9143,#7494,#7495);
#6113=AXIS2_PLACEMENT_3D('',#9144,#7496,#7497);
#6114=AXIS2_PLACEMENT_3D('',#9146,#7498,#7499);
#6115=AXIS2_PLACEMENT_3D('',#9147,#7500,#7501);
#6116=AXIS2_PLACEMENT_3D('',#9148,#7502,#7503);
#6117=AXIS2_PLACEMENT_3D('',#9149,#7504,#7505);
#6118=AXIS2_PLACEMENT_3D('',#9150,#7506,#7507);
#6119=AXIS2_PLACEMENT_3D('',#9151,#7508,#7509);
#6120=AXIS2_PLACEMENT_3D('',#9152,#7510,#7511);
#6121=AXIS2_PLACEMENT_3D('',#9154,#7512,#7513);
#6122=AXIS2_PLACEMENT_3D('',#9155,#7514,#7515);
#6123=AXIS2_PLACEMENT_3D('',#9157,#7516,#7517);
#6124=AXIS2_PLACEMENT_3D('',#9158,#7518,#7519);
#6125=AXIS2_PLACEMENT_3D('',#9159,#7520,#7521);
#6126=AXIS2_PLACEMENT_3D('',#9160,#7522,#7523);
#6127=AXIS2_PLACEMENT_3D('',#9161,#7524,#7525);
#6128=AXIS2_PLACEMENT_3D('',#9163,#7526,#7527);
#6129=AXIS2_PLACEMENT_3D('',#9165,#7528,#7529);
#6130=AXIS2_PLACEMENT_3D('',#9166,#7530,#7531);
#6131=AXIS2_PLACEMENT_3D('',#9168,#7532,#7533);
#6132=AXIS2_PLACEMENT_3D('',#9170,#7534,#7535);
#6133=AXIS2_PLACEMENT_3D('',#9171,#7536,#7537);
#6134=AXIS2_PLACEMENT_3D('',#9172,#7538,#7539);
#6135=AXIS2_PLACEMENT_3D('',#9173,#7540,#7541);
#6136=AXIS2_PLACEMENT_3D('',#9174,#7542,#7543);
#6137=AXIS2_PLACEMENT_3D('',#9175,#7544,#7545);
#6138=AXIS2_PLACEMENT_3D('',#9176,#7546,#7547);
#6139=AXIS2_PLACEMENT_3D('',#9177,#7548,#7549);
#6140=AXIS2_PLACEMENT_3D('',#9178,#7550,#7551);
#6141=AXIS2_PLACEMENT_3D('',#9179,#7552,#7553);
#6142=AXIS2_PLACEMENT_3D('',#9180,#7554,#7555);
#6143=AXIS2_PLACEMENT_3D('',#9181,#7556,#7557);
#6144=AXIS2_PLACEMENT_3D('',#9182,#7558,#7559);
#6145=AXIS2_PLACEMENT_3D('',#9184,#7560,#7561);
#6146=AXIS2_PLACEMENT_3D('',#9185,#7562,#7563);
#6147=AXIS2_PLACEMENT_3D('',#9187,#7564,#7565);
#6148=AXIS2_PLACEMENT_3D('',#9188,#7566,#7567);
#6149=AXIS2_PLACEMENT_3D('',#9189,#7568,#7569);
#6150=AXIS2_PLACEMENT_3D('',#9190,#7570,#7571);
#6151=AXIS2_PLACEMENT_3D('',#9191,#7572,#7573);
#6152=AXIS2_PLACEMENT_3D('',#9192,#7574,#7575);
#6153=AXIS2_PLACEMENT_3D('',#9193,#7576,#7577);
#6154=AXIS2_PLACEMENT_3D('',#9194,#7578,#7579);
#6155=AXIS2_PLACEMENT_3D('',#9195,#7580,#7581);
#6156=AXIS2_PLACEMENT_3D('',#9196,#7582,#7583);
#6157=AXIS2_PLACEMENT_3D('',#9205,#7588,#7589);
#6158=AXIS2_PLACEMENT_3D('',#9214,#7594,#7595);
#6159=AXIS2_PLACEMENT_3D('',#9217,#7598,#7599);
#6160=AXIS2_PLACEMENT_3D('',#9219,#7600,#7601);
#6161=AXIS2_PLACEMENT_3D('',#9221,#7602,#7603);
#6162=AXIS2_PLACEMENT_3D('',#9223,#7604,#7605);
#6163=AXIS2_PLACEMENT_3D('',#9225,#7606,#7607);
#6164=AXIS2_PLACEMENT_3D('',#9227,#7608,#7609);
#6165=AXIS2_PLACEMENT_3D('',#9229,#7611,#7612);
#6166=AXIS2_PLACEMENT_3D('',#9231,#7614,#7615);
#6167=AXIS2_PLACEMENT_3D('',#9232,#7616,#7617);
#6168=AXIS2_PLACEMENT_3D('',#9234,#7618,#7619);
#6169=AXIS2_PLACEMENT_3D('',#9236,#7620,#7621);
#6170=AXIS2_PLACEMENT_3D('',#9238,#7622,#7623);
#6171=AXIS2_PLACEMENT_3D('',#9240,#7624,#7625);
#6172=AXIS2_PLACEMENT_3D('',#9241,#7626,#7627);
#6173=AXIS2_PLACEMENT_3D('',#9244,#7628,#7629);
#6174=AXIS2_PLACEMENT_3D('',#9245,#7630,#7631);
#6175=AXIS2_PLACEMENT_3D('',#9246,#7632,#7633);
#6176=AXIS2_PLACEMENT_3D('',#9249,#7634,#7635);
#6177=AXIS2_PLACEMENT_3D('',#9250,#7636,#7637);
#6178=AXIS2_PLACEMENT_3D('',#9251,#7638,#7639);
#6179=AXIS2_PLACEMENT_3D('',#9254,#7640,#7641);
#6180=AXIS2_PLACEMENT_3D('',#9255,#7642,#7643);
#6181=AXIS2_PLACEMENT_3D('',#9256,#7644,#7645);
#6182=AXIS2_PLACEMENT_3D('',#9259,#7646,#7647);
#6183=AXIS2_PLACEMENT_3D('',#9260,#7648,#7649);
#6184=AXIS2_PLACEMENT_3D('',#9261,#7650,#7651);
#6185=AXIS2_PLACEMENT_3D('',#9264,#7652,#7653);
#6186=AXIS2_PLACEMENT_3D('',#9265,#7654,#7655);
#6187=AXIS2_PLACEMENT_3D('',#9266,#7656,#7657);
#6188=AXIS2_PLACEMENT_3D('',#9269,#7658,#7659);
#6189=AXIS2_PLACEMENT_3D('',#9270,#7660,#7661);
#6190=AXIS2_PLACEMENT_3D('',#9271,#7662,#7663);
#6191=AXIS2_PLACEMENT_3D('',#9274,#7664,#7665);
#6192=AXIS2_PLACEMENT_3D('',#9275,#7666,#7667);
#6193=AXIS2_PLACEMENT_3D('',#9276,#7668,#7669);
#6194=AXIS2_PLACEMENT_3D('',#9279,#7670,#7671);
#6195=AXIS2_PLACEMENT_3D('',#9280,#7672,#7673);
#6196=AXIS2_PLACEMENT_3D('',#9281,#7674,#7675);
#6197=AXIS2_PLACEMENT_3D('',#9284,#7676,#7677);
#6198=AXIS2_PLACEMENT_3D('',#9285,#7678,#7679);
#6199=AXIS2_PLACEMENT_3D('',#9286,#7680,#7681);
#6200=AXIS2_PLACEMENT_3D('',#9287,#7682,#7683);
#6201=AXIS2_PLACEMENT_3D('',#9288,#7684,#7685);
#6202=AXIS2_PLACEMENT_3D('',#9290,#7686,#7687);
#6203=AXIS2_PLACEMENT_3D('',#9291,#7688,#7689);
#6204=AXIS2_PLACEMENT_3D('',#9293,#7690,#7691);
#6205=AXIS2_PLACEMENT_3D('',#9294,#7692,#7693);
#6206=AXIS2_PLACEMENT_3D('',#9295,#7694,#7695);
#6207=AXIS2_PLACEMENT_3D('',#9296,#7696,#7697);
#6208=AXIS2_PLACEMENT_3D('',#9297,#7698,#7699);
#6209=AXIS2_PLACEMENT_3D('',#9298,#7700,#7701);
#6210=AXIS2_PLACEMENT_3D('',#9299,#7702,#7703);
#6211=AXIS2_PLACEMENT_3D('',#9300,#7704,#7705);
#6212=AXIS2_PLACEMENT_3D('',#9301,#7706,#7707);
#6213=AXIS2_PLACEMENT_3D('',#9302,#7708,#7709);
#6214=AXIS2_PLACEMENT_3D('',#9303,#7710,#7711);
#6215=AXIS2_PLACEMENT_3D('',#9304,#7712,#7713);
#6216=AXIS2_PLACEMENT_3D('',#9306,#7714,#7715);
#6217=AXIS2_PLACEMENT_3D('',#9307,#7716,#7717);
#6218=AXIS2_PLACEMENT_3D('',#9309,#7718,#7719);
#6219=AXIS2_PLACEMENT_3D('',#9310,#7720,#7721);
#6220=AXIS2_PLACEMENT_3D('',#9311,#7722,#7723);
#6221=AXIS2_PLACEMENT_3D('',#9312,#7724,#7725);
#6222=AXIS2_PLACEMENT_3D('',#9313,#7726,#7727);
#6223=AXIS2_PLACEMENT_3D('',#9314,#7728,#7729);
#6224=AXIS2_PLACEMENT_3D('',#9315,#7730,#7731);
#6225=AXIS2_PLACEMENT_3D('',#9316,#7732,#7733);
#6226=AXIS2_PLACEMENT_3D('',#9317,#7734,#7735);
#6227=AXIS2_PLACEMENT_3D('',#9318,#7736,#7737);
#6228=AXIS2_PLACEMENT_3D('',#9319,#7738,#7739);
#6229=AXIS2_PLACEMENT_3D('',#9321,#7740,#7741);
#6230=AXIS2_PLACEMENT_3D('',#9322,#7742,#7743);
#6231=AXIS2_PLACEMENT_3D('',#9324,#7744,#7745);
#6232=AXIS2_PLACEMENT_3D('',#9325,#7746,#7747);
#6233=AXIS2_PLACEMENT_3D('',#9326,#7748,#7749);
#6234=AXIS2_PLACEMENT_3D('',#9327,#7750,#7751);
#6235=AXIS2_PLACEMENT_3D('',#9328,#7752,#7753);
#6236=AXIS2_PLACEMENT_3D('',#9329,#7754,#7755);
#6237=AXIS2_PLACEMENT_3D('',#9330,#7756,#7757);
#6238=AXIS2_PLACEMENT_3D('',#9331,#7758,#7759);
#6239=AXIS2_PLACEMENT_3D('',#9336,#7761,#7762);
#6240=AXIS2_PLACEMENT_3D('',#9339,#7764,#7765);
#6241=AXIS2_PLACEMENT_3D('',#9340,#7766,#7767);
#6242=AXIS2_PLACEMENT_3D('',#9345,#7769,#7770);
#6243=AXIS2_PLACEMENT_3D('',#9348,#7772,#7773);
#6244=AXIS2_PLACEMENT_3D('',#9349,#7774,#7775);
#6245=AXIS2_PLACEMENT_3D('',#9354,#7777,#7778);
#6246=AXIS2_PLACEMENT_3D('',#9357,#7780,#7781);
#6247=AXIS2_PLACEMENT_3D('',#9358,#7782,#7783);
#6248=AXIS2_PLACEMENT_3D('',#9363,#7785,#7786);
#6249=AXIS2_PLACEMENT_3D('',#9366,#7788,#7789);
#6250=AXIS2_PLACEMENT_3D('',#9369,#7792,#7793);
#6251=AXIS2_PLACEMENT_3D('',#9375,#7797,#7798);
#6252=AXIS2_PLACEMENT_3D('',#9381,#7802,#7803);
#6253=AXIS2_PLACEMENT_3D('',#9382,#7804,#7805);
#6254=AXIS2_PLACEMENT_3D('',#9387,#7807,#7808);
#6255=AXIS2_PLACEMENT_3D('',#9390,#7810,#7811);
#6256=AXIS2_PLACEMENT_3D('',#9391,#7812,#7813);
#6257=AXIS2_PLACEMENT_3D('',#9396,#7815,#7816);
#6258=AXIS2_PLACEMENT_3D('',#9399,#7818,#7819);
#6259=AXIS2_PLACEMENT_3D('',#9402,#7822,#7823);
#6260=AXIS2_PLACEMENT_3D('',#9408,#7827,#7828);
#6261=AXIS2_PLACEMENT_3D('',#9414,#7832,#7833);
#6262=AXIS2_PLACEMENT_3D('',#9415,#7834,#7835);
#6263=AXIS2_PLACEMENT_3D('',#9420,#7837,#7838);
#6264=AXIS2_PLACEMENT_3D('',#9423,#7840,#7841);
#6265=AXIS2_PLACEMENT_3D('',#9424,#7842,#7843);
#6266=AXIS2_PLACEMENT_3D('',#9429,#7845,#7846);
#6267=AXIS2_PLACEMENT_3D('',#9432,#7848,#7849);
#6268=AXIS2_PLACEMENT_3D('',#9435,#7852,#7853);
#6269=AXIS2_PLACEMENT_3D('',#9441,#7857,#7858);
#6270=AXIS2_PLACEMENT_3D('',#9447,#7862,#7863);
#6271=AXIS2_PLACEMENT_3D('',#9448,#7864,#7865);
#6272=AXIS2_PLACEMENT_3D('',#9453,#7867,#7868);
#6273=AXIS2_PLACEMENT_3D('',#9456,#7870,#7871);
#6274=AXIS2_PLACEMENT_3D('',#9457,#7872,#7873);
#6275=AXIS2_PLACEMENT_3D('',#9462,#7875,#7876);
#6276=AXIS2_PLACEMENT_3D('',#9465,#7878,#7879);
#6277=AXIS2_PLACEMENT_3D('',#9468,#7882,#7883);
#6278=AXIS2_PLACEMENT_3D('',#9474,#7887,#7888);
#6279=AXIS2_PLACEMENT_3D('',#9480,#7892,#7893);
#6280=AXIS2_PLACEMENT_3D('',#9481,#7894,#7895);
#6281=AXIS2_PLACEMENT_3D('',#9486,#7897,#7898);
#6282=AXIS2_PLACEMENT_3D('',#9489,#7900,#7901);
#6283=AXIS2_PLACEMENT_3D('',#9490,#7902,#7903);
#6284=AXIS2_PLACEMENT_3D('',#9495,#7905,#7906);
#6285=AXIS2_PLACEMENT_3D('',#9498,#7908,#7909);
#6286=AXIS2_PLACEMENT_3D('',#9501,#7912,#7913);
#6287=AXIS2_PLACEMENT_3D('',#9507,#7917,#7918);
#6288=AXIS2_PLACEMENT_3D('',#9513,#7922,#7923);
#6289=AXIS2_PLACEMENT_3D('',#9519,#7927,#7928);
#6290=AXIS2_PLACEMENT_3D('',#9522,#7931,#7932);
#6291=AXIS2_PLACEMENT_3D('',#9528,#7936,#7937);
#6292=AXIS2_PLACEMENT_3D('',#9535,#7944,#7945);
#6293=AXIS2_PLACEMENT_3D('',#9537,#7947,#7948);
#6294=AXIS2_PLACEMENT_3D('',#9543,#7954,#7955);
#6295=AXIS2_PLACEMENT_3D('',#9544,#7956,#7957);
#6296=AXIS2_PLACEMENT_3D('',#9545,#7958,#7959);
#6297=AXIS2_PLACEMENT_3D('',#9546,#7960,#7961);
#6298=AXIS2_PLACEMENT_3D('',#9547,#7962,#7963);
#6299=AXIS2_PLACEMENT_3D('',#9548,#7964,#7965);
#6300=AXIS2_PLACEMENT_3D('',#9549,#7966,#7967);
#6301=AXIS2_PLACEMENT_3D('',#9550,#7968,#7969);
#6302=AXIS2_PLACEMENT_3D('',#9551,#7970,#7971);
#6303=AXIS2_PLACEMENT_3D('',#9552,#7972,#7973);
#6304=AXIS2_PLACEMENT_3D('',#9553,#7974,#7975);
#6305=AXIS2_PLACEMENT_3D('',#9554,#7976,#7977);
#6306=AXIS2_PLACEMENT_3D('',#9555,#7978,#7979);
#6307=AXIS2_PLACEMENT_3D('',#9556,#7980,#7981);
#6308=AXIS2_PLACEMENT_3D('',#9558,#7982,#7983);
#6309=AXIS2_PLACEMENT_3D('',#9559,#7984,#7985);
#6310=AXIS2_PLACEMENT_3D('',#9561,#7986,#7987);
#6311=AXIS2_PLACEMENT_3D('',#9562,#7988,#7989);
#6312=AXIS2_PLACEMENT_3D('',#9563,#7990,#7991);
#6313=AXIS2_PLACEMENT_3D('',#9564,#7992,#7993);
#6314=AXIS2_PLACEMENT_3D('',#9565,#7994,#7995);
#6315=AXIS2_PLACEMENT_3D('',#9566,#7996,#7997);
#6316=DIRECTION('',(0.,0.,1.));
#6317=DIRECTION('',(1.,0.,0.));
#6318=DIRECTION('',(-1.,0.,0.));
#6319=DIRECTION('',(0.,0.,1.));
#6320=DIRECTION('',(0.,0.866025403784439,-0.5));
#6321=DIRECTION('',(0.,0.,-1.));
#6322=DIRECTION('',(0.,-0.866025403784439,-0.5));
#6323=DIRECTION('',(0.,-0.866025403784439,0.5));
#6324=DIRECTION('',(0.,0.,1.));
#6325=DIRECTION('',(0.,0.866025403784439,0.5));
#6326=DIRECTION('',(0.,1.,0.));
#6327=DIRECTION('',(0.,0.,1.));
#6328=DIRECTION('',(0.,0.,-1.));
#6329=DIRECTION('',(-1.,0.,0.));
#6330=DIRECTION('',(-1.,0.,0.));
#6331=DIRECTION('',(0.,0.5,-0.866025403784439));
#6332=DIRECTION('',(0.,0.866025403784439,0.5));
#6333=DIRECTION('',(0.,-0.866025403784439,-0.5));
#6334=DIRECTION('',(-1.,0.,0.));
#6335=DIRECTION('',(0.,-0.5,-0.866025403784439));
#6336=DIRECTION('',(0.,0.866025403784439,-0.5));
#6337=DIRECTION('',(0.,-0.866025403784439,0.5));
#6338=DIRECTION('',(-1.,0.,0.));
#6339=DIRECTION('',(0.,-1.,0.));
#6340=DIRECTION('',(0.,0.,-1.));
#6341=DIRECTION('',(0.,0.,1.));
#6342=DIRECTION('',(-1.,0.,0.));
#6343=DIRECTION('',(0.,-0.5,0.866025403784439));
#6344=DIRECTION('',(0.,-0.866025403784439,-0.5));
#6345=DIRECTION('',(0.,0.866025403784439,0.5));
#6346=DIRECTION('',(-1.,0.,0.));
#6347=DIRECTION('',(0.,0.5,0.866025403784439));
#6348=DIRECTION('',(0.,-0.866025403784439,0.5));
#6349=DIRECTION('',(0.,0.866025403784439,-0.5));
#6350=DIRECTION('',(-1.,0.,0.));
#6351=DIRECTION('',(0.,0.,1.));
#6352=DIRECTION('',(1.,0.,0.));
#6353=DIRECTION('',(0.,0.,1.));
#6354=DIRECTION('',(1.,0.,0.));
#6355=DIRECTION('',(0.,0.,-1.));
#6356=DIRECTION('',(-1.,0.,0.));
#6357=DIRECTION('',(0.,0.,1.));
#6358=DIRECTION('',(-1.,0.,0.));
#6359=DIRECTION('',(0.,0.,1.));
#6360=DIRECTION('',(-1.,0.,0.));
#6361=DIRECTION('',(0.,0.,1.));
#6362=DIRECTION('',(-1.,0.,0.));
#6363=DIRECTION('',(0.,0.,1.));
#6364=DIRECTION('',(-1.,0.,0.));
#6365=DIRECTION('',(0.,0.,1.));
#6366=DIRECTION('',(-1.,0.,0.));
#6367=DIRECTION('',(0.,0.,1.));
#6368=DIRECTION('',(-1.,0.,0.));
#6369=DIRECTION('',(0.,0.,1.));
#6370=DIRECTION('',(-1.,0.,0.));
#6371=DIRECTION('',(0.,0.,1.));
#6372=DIRECTION('',(1.,0.,6.12323399573677E-17));
#6373=DIRECTION('',(6.12323399573677E-17,0.,-1.));
#6374=DIRECTION('',(0.80473955334386,0.593628041187346,1.63362645279681E-16));
#6375=DIRECTION('',(2.10818787118208E-16,-5.60985733078912E-16,1.));
#6376=DIRECTION('',(-1.,0.,0.));
#6377=DIRECTION('',(0.,0.,1.));
#6378=DIRECTION('',(0.,0.866025403784439,-0.5));
#6379=DIRECTION('',(0.,0.,-1.));
#6380=DIRECTION('',(0.,-0.866025403784439,-0.5));
#6381=DIRECTION('',(0.,-0.866025403784439,0.5));
#6382=DIRECTION('',(0.,0.,1.));
#6383=DIRECTION('',(0.,0.866025403784439,0.5));
#6384=DIRECTION('',(0.,1.,0.));
#6385=DIRECTION('',(0.,0.,1.));
#6386=DIRECTION('',(0.,0.,-1.));
#6387=DIRECTION('',(-1.,0.,0.));
#6388=DIRECTION('',(-1.,0.,0.));
#6389=DIRECTION('',(0.,0.5,-0.866025403784439));
#6390=DIRECTION('',(0.,0.866025403784439,0.5));
#6391=DIRECTION('',(0.,-0.866025403784439,-0.5));
#6392=DIRECTION('',(-1.,0.,0.));
#6393=DIRECTION('',(0.,-0.5,-0.866025403784439));
#6394=DIRECTION('',(0.,0.866025403784439,-0.5));
#6395=DIRECTION('',(0.,-0.866025403784439,0.5));
#6396=DIRECTION('',(-1.,0.,0.));
#6397=DIRECTION('',(0.,-1.,0.));
#6398=DIRECTION('',(0.,0.,-1.));
#6399=DIRECTION('',(0.,0.,1.));
#6400=DIRECTION('',(-1.,0.,0.));
#6401=DIRECTION('',(0.,-0.5,0.866025403784439));
#6402=DIRECTION('',(0.,-0.866025403784439,-0.5));
#6403=DIRECTION('',(0.,0.866025403784439,0.5));
#6404=DIRECTION('',(-1.,0.,0.));
#6405=DIRECTION('',(0.,0.5,0.866025403784439));
#6406=DIRECTION('',(0.,-0.866025403784439,0.5));
#6407=DIRECTION('',(0.,0.866025403784439,-0.5));
#6408=DIRECTION('',(-1.,0.,0.));
#6409=DIRECTION('',(0.,0.,1.));
#6410=DIRECTION('',(1.,0.,0.));
#6411=DIRECTION('',(0.,0.,1.));
#6412=DIRECTION('',(1.,0.,0.));
#6413=DIRECTION('',(0.,0.,-1.));
#6414=DIRECTION('',(-1.,0.,0.));
#6415=DIRECTION('',(0.,0.,1.));
#6416=DIRECTION('',(-1.,0.,0.));
#6417=DIRECTION('',(0.,0.,1.));
#6418=DIRECTION('',(-1.,0.,0.));
#6419=DIRECTION('',(0.,0.,1.));
#6420=DIRECTION('',(-1.,0.,0.));
#6421=DIRECTION('',(0.,0.,1.));
#6422=DIRECTION('',(-1.,0.,0.));
#6423=DIRECTION('',(0.,0.,1.));
#6424=DIRECTION('',(-1.,0.,0.));
#6425=DIRECTION('',(0.,0.,1.));
#6426=DIRECTION('',(-1.,0.,0.));
#6427=DIRECTION('',(0.,0.,1.));
#6428=DIRECTION('',(-1.,0.,0.));
#6429=DIRECTION('',(0.,0.,1.));
#6430=DIRECTION('',(0.,0.,1.));
#6431=DIRECTION('',(6.12323399573677E-17,1.,0.));
#6432=DIRECTION('',(0.,-1.,0.));
#6433=DIRECTION('',(0.,0.,-1.));
#6434=DIRECTION('',(0.,1.,0.));
#6435=DIRECTION('',(0.,0.,-1.));
#6436=DIRECTION('',(0.,1.,0.));
#6437=DIRECTION('',(0.,-1.,0.));
#6438=DIRECTION('',(0.,0.,-1.));
#6439=DIRECTION('',(0.,-1.,0.));
#6440=DIRECTION('',(0.,-1.,0.));
#6441=DIRECTION('',(0.,0.,-1.));
#6442=DIRECTION('',(0.,1.,0.));
#6443=DIRECTION('',(0.,0.,-1.));
#6444=DIRECTION('',(0.,1.,0.));
#6445=DIRECTION('',(0.,-1.,0.));
#6446=DIRECTION('',(0.,0.,-1.));
#6447=DIRECTION('',(0.,-1.,0.));
#6448=DIRECTION('',(0.,-1.,0.));
#6449=DIRECTION('',(0.,0.,-1.));
#6450=DIRECTION('',(0.,1.,0.));
#6451=DIRECTION('',(0.,0.,-1.));
#6452=DIRECTION('',(0.,1.,0.));
#6453=DIRECTION('',(0.,-1.,0.));
#6454=DIRECTION('',(0.,0.,-1.));
#6455=DIRECTION('',(0.,-1.,0.));
#6456=DIRECTION('',(0.,-1.,0.));
#6457=DIRECTION('',(0.,0.,-1.));
#6458=DIRECTION('',(0.,1.,0.));
#6459=DIRECTION('',(0.,0.,-1.));
#6460=DIRECTION('',(0.,1.,0.));
#6461=DIRECTION('',(0.,-1.,0.));
#6462=DIRECTION('',(0.,0.,-1.));
#6463=DIRECTION('',(0.,-1.,0.));
#6464=DIRECTION('',(0.,-1.,0.));
#6465=DIRECTION('',(0.,0.,-1.));
#6466=DIRECTION('',(0.,-1.,0.));
#6467=DIRECTION('',(0.,0.,-1.));
#6468=DIRECTION('',(0.,-1.,0.));
#6469=DIRECTION('',(0.,-1.,0.));
#6470=DIRECTION('',(0.,0.,-1.));
#6471=DIRECTION('',(0.,-1.,0.));
#6472=DIRECTION('',(0.,-1.,0.));
#6473=DIRECTION('',(0.,0.,-1.));
#6474=DIRECTION('',(0.,-1.,0.));
#6475=DIRECTION('',(0.,0.,-1.));
#6476=DIRECTION('',(0.,1.,0.));
#6477=DIRECTION('',(0.,-1.,0.));
#6478=DIRECTION('',(0.,0.,-1.));
#6479=DIRECTION('',(0.,1.,0.));
#6480=DIRECTION('',(0.,-1.,0.));
#6481=DIRECTION('',(0.,0.,-1.));
#6482=DIRECTION('',(0.,-1.,0.));
#6483=DIRECTION('',(0.,-1.,0.));
#6484=DIRECTION('',(0.,0.,-1.));
#6485=DIRECTION('',(0.,1.,0.));
#6486=DIRECTION('',(0.,-1.,0.));
#6487=DIRECTION('',(0.,0.,-1.));
#6488=DIRECTION('',(0.,0.,1.));
#6489=DIRECTION('',(1.,0.,0.));
#6490=DIRECTION('',(-1.,0.,0.));
#6491=DIRECTION('',(0.,1.,0.));
#6492=DIRECTION('',(1.,0.,0.));
#6493=DIRECTION('',(1.,0.,0.));
#6494=DIRECTION('',(0.,0.,-1.));
#6495=DIRECTION('',(0.,0.,1.));
#6496=DIRECTION('',(0.,0.,-1.));
#6497=DIRECTION('',(0.,-1.,0.));
#6498=DIRECTION('',(0.,0.,-1.));
#6499=DIRECTION('',(-1.,0.,0.));
#6500=DIRECTION('',(1.,0.,0.));
#6501=DIRECTION('',(-1.,0.,0.));
#6502=DIRECTION('',(0.,-1.,0.));
#6503=DIRECTION('',(0.,0.,-1.));
#6504=DIRECTION('',(0.,-1.,0.));
#6505=DIRECTION('',(0.,0.,-1.));
#6506=DIRECTION('',(0.,-1.,0.));
#6507=DIRECTION('',(0.,-1.,0.));
#6508=DIRECTION('',(0.,0.,-1.));
#6509=DIRECTION('',(0.,-1.,0.));
#6510=DIRECTION('',(0.,-1.,0.));
#6511=DIRECTION('',(0.,0.,-1.));
#6512=DIRECTION('',(0.,-1.,0.));
#6513=DIRECTION('',(0.,0.,-1.));
#6514=DIRECTION('',(0.,1.,0.));
#6515=DIRECTION('',(0.,-1.,0.));
#6516=DIRECTION('',(0.,0.,-1.));
#6517=DIRECTION('',(0.,1.,0.));
#6518=DIRECTION('',(0.,-1.,0.));
#6519=DIRECTION('',(0.,0.,-1.));
#6520=DIRECTION('',(0.,-1.,0.));
#6521=DIRECTION('',(0.,-1.,0.));
#6522=DIRECTION('',(0.,0.,-1.));
#6523=DIRECTION('',(0.,1.,0.));
#6524=DIRECTION('',(0.,-1.,0.));
#6525=DIRECTION('',(0.,0.,-1.));
#6526=DIRECTION('',(0.,0.,1.));
#6527=DIRECTION('',(1.,0.,0.));
#6528=DIRECTION('',(-1.,0.,0.));
#6529=DIRECTION('',(0.,1.,0.));
#6530=DIRECTION('',(1.,0.,0.));
#6531=DIRECTION('',(1.,0.,0.));
#6532=DIRECTION('',(0.,0.,-1.));
#6533=DIRECTION('',(0.,0.,1.));
#6534=DIRECTION('',(0.,0.,-1.));
#6535=DIRECTION('',(0.,-1.,0.));
#6536=DIRECTION('',(0.,0.,-1.));
#6537=DIRECTION('',(-1.,0.,0.));
#6538=DIRECTION('',(1.,0.,0.));
#6539=DIRECTION('',(-1.,0.,0.));
#6540=DIRECTION('',(0.,-1.,0.));
#6541=DIRECTION('',(0.,0.,-1.));
#6542=DIRECTION('',(0.,-1.,0.));
#6543=DIRECTION('',(0.,0.,-1.));
#6544=DIRECTION('',(0.,-1.,0.));
#6545=DIRECTION('',(0.,-1.,0.));
#6546=DIRECTION('',(0.,0.,-1.));
#6547=DIRECTION('',(0.,-1.,0.));
#6548=DIRECTION('',(0.,-1.,0.));
#6549=DIRECTION('',(0.,0.,-1.));
#6550=DIRECTION('',(0.,-1.,0.));
#6551=DIRECTION('',(0.,0.,-1.));
#6552=DIRECTION('',(0.,1.,0.));
#6553=DIRECTION('',(0.,-1.,0.));
#6554=DIRECTION('',(0.,0.,-1.));
#6555=DIRECTION('',(0.,1.,0.));
#6556=DIRECTION('',(0.,-1.,0.));
#6557=DIRECTION('',(0.,0.,-1.));
#6558=DIRECTION('',(0.,-1.,0.));
#6559=DIRECTION('',(0.,-1.,0.));
#6560=DIRECTION('',(0.,0.,-1.));
#6561=DIRECTION('',(0.,1.,0.));
#6562=DIRECTION('',(0.,-1.,0.));
#6563=DIRECTION('',(0.,0.,-1.));
#6564=DIRECTION('',(0.,0.,1.));
#6565=DIRECTION('',(1.,0.,0.));
#6566=DIRECTION('',(-1.,0.,0.));
#6567=DIRECTION('',(0.,1.,0.));
#6568=DIRECTION('',(1.,0.,0.));
#6569=DIRECTION('',(1.,0.,0.));
#6570=DIRECTION('',(0.,0.,-1.));
#6571=DIRECTION('',(0.,0.,1.));
#6572=DIRECTION('',(0.,0.,-1.));
#6573=DIRECTION('',(0.,-1.,0.));
#6574=DIRECTION('',(0.,0.,-1.));
#6575=DIRECTION('',(-1.,0.,0.));
#6576=DIRECTION('',(1.,0.,0.));
#6577=DIRECTION('',(-1.,0.,0.));
#6578=DIRECTION('',(0.,-1.,0.));
#6579=DIRECTION('',(0.,0.,-1.));
#6580=DIRECTION('',(0.,-1.,0.));
#6581=DIRECTION('',(0.,0.,-1.));
#6582=DIRECTION('',(0.,-1.,0.));
#6583=DIRECTION('',(0.,-1.,0.));
#6584=DIRECTION('',(0.,0.,-1.));
#6585=DIRECTION('',(0.,-1.,0.));
#6586=DIRECTION('',(0.,-1.,0.));
#6587=DIRECTION('',(0.,0.,-1.));
#6588=DIRECTION('',(0.,-1.,0.));
#6589=DIRECTION('',(0.,0.,-1.));
#6590=DIRECTION('',(0.,1.,0.));
#6591=DIRECTION('',(0.,-1.,0.));
#6592=DIRECTION('',(0.,0.,-1.));
#6593=DIRECTION('',(0.,1.,0.));
#6594=DIRECTION('',(0.,-1.,0.));
#6595=DIRECTION('',(0.,0.,-1.));
#6596=DIRECTION('',(0.,-1.,0.));
#6597=DIRECTION('',(0.,-1.,0.));
#6598=DIRECTION('',(0.,0.,-1.));
#6599=DIRECTION('',(0.,1.,0.));
#6600=DIRECTION('',(0.,-1.,0.));
#6601=DIRECTION('',(0.,0.,-1.));
#6602=DIRECTION('',(0.,0.,1.));
#6603=DIRECTION('',(1.,0.,0.));
#6604=DIRECTION('',(-1.,0.,0.));
#6605=DIRECTION('',(0.,1.,0.));
#6606=DIRECTION('',(1.,0.,0.));
#6607=DIRECTION('',(1.,0.,0.));
#6608=DIRECTION('',(0.,0.,-1.));
#6609=DIRECTION('',(0.,0.,1.));
#6610=DIRECTION('',(0.,0.,-1.));
#6611=DIRECTION('',(0.,-1.,0.));
#6612=DIRECTION('',(0.,0.,-1.));
#6613=DIRECTION('',(-1.,0.,0.));
#6614=DIRECTION('',(1.,0.,0.));
#6615=DIRECTION('',(-1.,0.,0.));
#6616=DIRECTION('',(0.,-1.,0.));
#6617=DIRECTION('',(0.,0.,-1.));
#6618=DIRECTION('',(0.,-1.,0.));
#6619=DIRECTION('',(0.,0.,-1.));
#6620=DIRECTION('',(0.,-1.,0.));
#6621=DIRECTION('',(0.,-1.,0.));
#6622=DIRECTION('',(0.,0.,-1.));
#6623=DIRECTION('',(0.,-1.,0.));
#6624=DIRECTION('',(0.,-1.,0.));
#6625=DIRECTION('',(0.,0.,-1.));
#6626=DIRECTION('',(0.,-1.,0.));
#6627=DIRECTION('',(0.,0.,-1.));
#6628=DIRECTION('',(0.,1.,0.));
#6629=DIRECTION('',(0.,-1.,0.));
#6630=DIRECTION('',(0.,0.,-1.));
#6631=DIRECTION('',(0.,1.,0.));
#6632=DIRECTION('',(0.,-1.,0.));
#6633=DIRECTION('',(0.,0.,-1.));
#6634=DIRECTION('',(0.,-1.,0.));
#6635=DIRECTION('',(0.,-1.,0.));
#6636=DIRECTION('',(0.,0.,-1.));
#6637=DIRECTION('',(0.,1.,0.));
#6638=DIRECTION('',(0.,-1.,0.));
#6639=DIRECTION('',(0.,0.,-1.));
#6640=DIRECTION('',(0.,0.,1.));
#6641=DIRECTION('',(1.,0.,0.));
#6642=DIRECTION('',(-1.,0.,0.));
#6643=DIRECTION('',(0.,1.,0.));
#6644=DIRECTION('',(1.,0.,0.));
#6645=DIRECTION('',(1.,0.,0.));
#6646=DIRECTION('',(0.,0.,-1.));
#6647=DIRECTION('',(0.,0.,1.));
#6648=DIRECTION('',(0.,0.,-1.));
#6649=DIRECTION('',(0.,-1.,0.));
#6650=DIRECTION('',(0.,0.,-1.));
#6651=DIRECTION('',(-1.,0.,0.));
#6652=DIRECTION('',(1.,0.,0.));
#6653=DIRECTION('',(-1.,0.,0.));
#6654=DIRECTION('',(0.,-1.,0.));
#6655=DIRECTION('',(0.,0.,-1.));
#6656=DIRECTION('',(0.,-1.,0.));
#6657=DIRECTION('',(0.,0.,-1.));
#6658=DIRECTION('',(0.,-1.,0.));
#6659=DIRECTION('',(0.,0.,-1.));
#6660=DIRECTION('',(0.,-1.,0.));
#6661=DIRECTION('',(0.,0.,-1.));
#6662=DIRECTION('',(0.,-1.,0.));
#6663=DIRECTION('',(0.,0.,-1.));
#6664=DIRECTION('',(0.,-1.,0.));
#6665=DIRECTION('',(0.,0.,-1.));
#6666=DIRECTION('',(0.,-1.,0.));
#6667=DIRECTION('',(0.,0.,-1.));
#6668=DIRECTION('',(0.,-1.,0.));
#6669=DIRECTION('',(0.,0.,-1.));
#6670=DIRECTION('',(0.,-1.,0.));
#6671=DIRECTION('',(0.,0.,-1.));
#6672=DIRECTION('',(0.,-1.,0.));
#6673=DIRECTION('',(0.,0.,-1.));
#6674=DIRECTION('',(0.,-1.,0.));
#6675=DIRECTION('',(0.,0.,-1.));
#6676=DIRECTION('',(-1.,0.,0.));
#6677=DIRECTION('',(0.,0.,-1.));
#6678=DIRECTION('',(0.,-1.,0.));
#6679=DIRECTION('',(0.,0.,-1.));
#6680=DIRECTION('',(0.,0.,-1.));
#6681=DIRECTION('',(0.,-1.,0.));
#6682=DIRECTION('',(0.,0.,-1.));
#6683=DIRECTION('',(0.,0.,-1.));
#6684=DIRECTION('',(0.,-1.,0.));
#6685=DIRECTION('',(0.,0.,-1.));
#6686=DIRECTION('',(0.,0.,-1.));
#6687=DIRECTION('',(0.,-1.,0.));
#6688=DIRECTION('',(0.,0.,-1.));
#6689=DIRECTION('',(0.,0.,-1.));
#6690=DIRECTION('',(0.,-1.,0.));
#6691=DIRECTION('',(0.,0.,-1.));
#6692=DIRECTION('',(0.,0.,-1.));
#6693=DIRECTION('',(1.,0.,0.));
#6694=DIRECTION('',(0.,0.,1.));
#6695=DIRECTION('',(0.,-1.,0.));
#6696=DIRECTION('',(0.,0.,-1.));
#6697=DIRECTION('',(0.,0.,-1.));
#6698=DIRECTION('',(-1.,0.,0.));
#6699=DIRECTION('',(0.,0.,1.));
#6700=DIRECTION('',(1.,0.,0.));
#6701=DIRECTION('',(0.,0.,-1.));
#6702=DIRECTION('',(0.,-1.,0.));
#6703=DIRECTION('',(0.,0.,-1.));
#6704=DIRECTION('',(0.,0.,-1.));
#6705=DIRECTION('',(0.,-1.,0.));
#6706=DIRECTION('',(0.,0.,-1.));
#6707=DIRECTION('',(0.,0.,-1.));
#6708=DIRECTION('',(0.,-1.,0.));
#6709=DIRECTION('',(0.,0.,-1.));
#6710=DIRECTION('',(0.,0.,-1.));
#6711=DIRECTION('',(0.,-1.,0.));
#6712=DIRECTION('',(0.,0.,-1.));
#6713=DIRECTION('',(0.,0.,-1.));
#6714=DIRECTION('',(0.,-1.,0.));
#6715=DIRECTION('',(0.,0.,-1.));
#6716=DIRECTION('',(0.,-1.,0.));
#6717=DIRECTION('',(0.,0.,-1.));
#6718=DIRECTION('',(0.,-1.,0.));
#6719=DIRECTION('',(0.,0.,-1.));
#6720=DIRECTION('',(0.,-1.,0.));
#6721=DIRECTION('',(0.,0.,-1.));
#6722=DIRECTION('',(0.,-1.,0.));
#6723=DIRECTION('',(0.,0.,-1.));
#6724=DIRECTION('',(0.,-1.,0.));
#6725=DIRECTION('',(0.,0.,-1.));
#6726=DIRECTION('',(0.,-1.,0.));
#6727=DIRECTION('',(0.,0.,-1.));
#6728=DIRECTION('',(0.,-1.,0.));
#6729=DIRECTION('',(0.,0.,-1.));
#6730=DIRECTION('',(0.,-1.,0.));
#6731=DIRECTION('',(0.,0.,-1.));
#6732=DIRECTION('',(0.,-1.,0.));
#6733=DIRECTION('',(0.,0.,-1.));
#6734=DIRECTION('',(0.,-1.,0.));
#6735=DIRECTION('',(0.,0.,-1.));
#6736=DIRECTION('',(0.,0.,-1.));
#6737=DIRECTION('',(-1.,0.,0.));
#6738=DIRECTION('',(1.,0.,0.));
#6739=DIRECTION('',(0.,0.,-1.));
#6740=DIRECTION('',(0.,0.,1.));
#6741=DIRECTION('',(1.,0.,0.));
#6742=DIRECTION('',(-1.,0.,0.));
#6743=DIRECTION('',(0.,0.,1.));
#6744=DIRECTION('',(-1.,0.,0.));
#6745=DIRECTION('',(0.,0.,1.));
#6746=DIRECTION('',(-1.,0.,0.));
#6747=DIRECTION('',(0.,0.,1.));
#6748=DIRECTION('',(-1.,0.,0.));
#6749=DIRECTION('',(0.,0.,1.));
#6750=DIRECTION('',(-1.,0.,0.));
#6751=DIRECTION('',(0.,0.,1.));
#6752=DIRECTION('',(-1.,0.,0.));
#6753=DIRECTION('',(0.,0.,1.));
#6754=DIRECTION('',(0.,-1.,0.));
#6755=DIRECTION('',(0.,0.,-1.));
#6756=DIRECTION('',(0.,-1.,0.));
#6757=DIRECTION('',(0.,0.,-1.));
#6758=DIRECTION('',(0.,-1.,0.));
#6759=DIRECTION('',(0.,0.,-1.));
#6760=DIRECTION('',(0.,-1.,0.));
#6761=DIRECTION('',(0.,0.,-1.));
#6762=DIRECTION('',(0.,-1.,0.));
#6763=DIRECTION('',(0.,0.,-1.));
#6764=DIRECTION('',(0.,-1.,0.));
#6765=DIRECTION('',(0.,0.,-1.));
#6766=DIRECTION('',(0.,-1.,0.));
#6767=DIRECTION('',(0.,0.,-1.));
#6768=DIRECTION('',(0.,-1.,0.));
#6769=DIRECTION('',(0.,0.,-1.));
#6770=DIRECTION('',(0.,-1.,0.));
#6771=DIRECTION('',(0.,0.,-1.));
#6772=DIRECTION('',(0.,-1.,0.));
#6773=DIRECTION('',(0.,0.,-1.));
#6774=DIRECTION('',(0.,-1.,0.));
#6775=DIRECTION('',(0.,0.,-1.));
#6776=DIRECTION('',(0.,-1.,0.));
#6777=DIRECTION('',(0.,0.,-1.));
#6778=DIRECTION('',(0.,-1.,0.));
#6779=DIRECTION('',(0.,0.,-1.));
#6780=DIRECTION('',(0.,-1.,0.));
#6781=DIRECTION('',(0.,0.,-1.));
#6782=DIRECTION('',(0.,-1.,0.));
#6783=DIRECTION('',(0.,0.,-1.));
#6784=DIRECTION('',(0.,-1.,0.));
#6785=DIRECTION('',(0.,0.,-1.));
#6786=DIRECTION('',(0.,-1.,0.));
#6787=DIRECTION('',(0.,0.,-1.));
#6788=DIRECTION('',(0.,-1.,0.));
#6789=DIRECTION('',(0.,0.,-1.));
#6790=DIRECTION('',(0.,-1.,0.));
#6791=DIRECTION('',(0.,0.,-1.));
#6792=DIRECTION('',(0.,-1.,0.));
#6793=DIRECTION('',(0.,0.,-1.));
#6794=DIRECTION('',(0.,-1.,0.));
#6795=DIRECTION('',(0.,0.,-1.));
#6796=DIRECTION('',(0.,-1.,0.));
#6797=DIRECTION('',(0.,0.,-1.));
#6798=DIRECTION('',(0.,-1.,0.));
#6799=DIRECTION('',(0.,0.,-1.));
#6800=DIRECTION('',(0.,-1.,0.));
#6801=DIRECTION('',(0.,0.,-1.));
#6802=DIRECTION('',(0.,-1.,0.));
#6803=DIRECTION('',(0.,0.,-1.));
#6804=DIRECTION('',(0.,-1.,0.));
#6805=DIRECTION('',(0.,0.,-1.));
#6806=DIRECTION('',(0.,-1.,0.));
#6807=DIRECTION('',(0.,0.,-1.));
#6808=DIRECTION('',(0.,-1.,0.));
#6809=DIRECTION('',(0.,0.,-1.));
#6810=DIRECTION('',(0.,-1.,0.));
#6811=DIRECTION('',(0.,0.,-1.));
#6812=DIRECTION('',(0.,-1.,0.));
#6813=DIRECTION('',(0.,0.,-1.));
#6814=DIRECTION('',(0.,-1.,0.));
#6815=DIRECTION('',(0.,0.,-1.));
#6816=DIRECTION('',(0.,-1.,0.));
#6817=DIRECTION('',(0.,0.,-1.));
#6818=DIRECTION('',(0.,-1.,0.));
#6819=DIRECTION('',(0.,0.,-1.));
#6820=DIRECTION('',(0.,-1.,0.));
#6821=DIRECTION('',(0.,0.,-1.));
#6822=DIRECTION('',(0.,-1.,0.));
#6823=DIRECTION('',(0.,0.,-1.));
#6824=DIRECTION('',(0.,0.,1.));
#6825=DIRECTION('',(1.,0.,0.));
#6826=DIRECTION('',(0.,0.,1.));
#6827=DIRECTION('',(6.12323399573677E-17,1.,0.));
#6828=DIRECTION('',(-0.39265355383036,0.919686461063981,-5.987097295389E-16));
#6829=DIRECTION('',(2.1081878711821E-16,-5.60985733078913E-16,-1.));
#6830=DIRECTION('',(-0.80473955334386,-0.593628041187346,1.63362645279681E-16));
#6831=DIRECTION('',(2.10818787118208E-16,-5.60985733078912E-16,-1.));
#6832=DIRECTION('',(5.91645678915756E-30,-5.91645678915741E-31,1.));
#6833=DIRECTION('',(1.,2.38697950294408E-15,-5.91645678915756E-30));
#6834=DIRECTION('',(-1.77493703674728E-30,-5.91645678915759E-31,1.));
#6835=DIRECTION('',(1.,2.38697950294408E-15,0.));
#6836=DIRECTION('',(-1.77493703674728E-30,-5.91645678915759E-31,1.));
#6837=DIRECTION('',(1.,2.38697950294408E-15,0.));
#6838=DIRECTION('',(-1.77493703674728E-30,-5.91645678915759E-31,1.));
#6839=DIRECTION('',(1.,2.38697950294408E-15,0.));
#6840=DIRECTION('',(-1.77493703674728E-30,-5.91645678915759E-31,1.));
#6841=DIRECTION('',(1.,2.38697950294408E-15,0.));
#6842=DIRECTION('',(-1.77493703674728E-30,-5.91645678915759E-31,1.));
#6843=DIRECTION('',(1.,2.38697950294408E-15,0.));
#6844=DIRECTION('',(-1.77493703674728E-30,-5.91645678915759E-31,1.));
#6845=DIRECTION('',(1.,2.38697950294408E-15,0.));
#6846=DIRECTION('',(1.77493703674728E-30,5.91645678915759E-31,-1.));
#6847=DIRECTION('',(1.,2.38697950294408E-15,0.));
#6848=DIRECTION('',(1.77493703674728E-30,5.91645678915759E-31,-1.));
#6849=DIRECTION('',(1.,2.38697950294408E-15,0.));
#6850=DIRECTION('',(1.77493703674728E-30,5.91645678915759E-31,-1.));
#6851=DIRECTION('',(1.,2.38697950294408E-15,0.));
#6852=DIRECTION('',(1.77493703674728E-30,5.91645678915759E-31,-1.));
#6853=DIRECTION('',(1.,2.38697950294408E-15,0.));
#6854=DIRECTION('',(1.77493703674728E-30,5.91645678915759E-31,-1.));
#6855=DIRECTION('',(1.,2.38697950294408E-15,0.));
#6856=DIRECTION('',(-5.91645678915756E-30,5.91645678915741E-31,-1.));
#6857=DIRECTION('',(-1.,-2.38697950294408E-15,5.91645678915756E-30));
#6858=DIRECTION('',(1.77493703674728E-30,5.91645678915759E-31,-1.));
#6859=DIRECTION('',(-1.,-2.38697950294408E-15,0.));
#6860=DIRECTION('',(5.91645678915756E-30,-5.91645678915741E-31,1.));
#6861=DIRECTION('',(1.,2.38697950294408E-15,-5.91645678915756E-30));
#6862=DIRECTION('',(1.77493703674728E-30,5.91645678915759E-31,-1.));
#6863=DIRECTION('',(1.,3.27515792264421E-15,-5.91645678915756E-30));
#6864=DIRECTION('',(-0.5,0.866025403784439,-9.36772324949951E-31));
#6865=DIRECTION('',(0.5,0.866025403784438,-5.91645678915754E-30));
#6866=DIRECTION('',(1.,2.38697950294408E-15,-5.91645678915756E-30));
#6867=DIRECTION('',(0.5,-0.866025403784439,-6.90253292068385E-31));
#6868=DIRECTION('',(-0.5,-0.866025403784438,5.52202633654704E-30));
#6869=DIRECTION('',(-1.,-2.72004641033162E-15,6.11367201546281E-30));
#6870=DIRECTION('',(-0.866025403784438,0.5,5.52202633654708E-30));
#6871=DIRECTION('',(-0.5,-0.866025403784438,5.52202633654704E-30));
#6872=DIRECTION('',(1.77493703674728E-30,5.91645678915759E-31,-1.));
#6873=DIRECTION('',(1.77493703674728E-30,5.91645678915759E-31,-1.));
#6874=DIRECTION('',(0.,1.,0.));
#6875=DIRECTION('',(-1.77493703674728E-30,0.,1.));
#6876=DIRECTION('',(1.77493703674728E-30,5.91645678915759E-31,-1.));
#6877=DIRECTION('',(0.866025403784439,0.5,-4.53595020502079E-30));
#6878=DIRECTION('',(-0.5,0.866025403784439,2.68705745840907E-30));
#6879=DIRECTION('',(1.77493703674728E-30,5.91645678915759E-31,-1.));
#6880=DIRECTION('',(0.866025403784438,-0.5,-5.42341872339445E-30));
#6881=DIRECTION('',(0.5,0.866025403784438,-5.52202633654704E-30));
#6882=DIRECTION('',(1.77493703674728E-30,5.91645678915759E-31,-1.));
#6883=DIRECTION('',(0.,-1.,0.));
#6884=DIRECTION('',(1.,0.,-6.70531769437856E-30));
#6885=DIRECTION('',(1.77493703674728E-30,5.91645678915759E-31,-1.));
#6886=DIRECTION('',(-0.866025403784439,-0.5,4.93038065763128E-30));
#6887=DIRECTION('',(0.5,-0.866025403784439,1.18329135783152E-30));
#6888=DIRECTION('',(-1.77493703674728E-30,-5.91645678915759E-31,1.));
#6889=DIRECTION('',(1.,2.38697950294408E-15,0.));
#6890=DIRECTION('',(-1.77493703674728E-30,-5.91645678915759E-31,1.));
#6891=DIRECTION('',(-1.,-2.38697950294408E-15,0.));
#6892=DIRECTION('',(1.77493703674728E-30,5.91645678915759E-31,-1.));
#6893=DIRECTION('',(1.,2.38697950294408E-15,0.));
#6894=DIRECTION('',(-1.77493703674728E-30,-5.91645678915759E-31,1.));
#6895=DIRECTION('',(1.,2.38697950294408E-15,0.));
#6896=DIRECTION('',(8.68176844058395E-32,-7.76889982636452E-31,1.));
#6897=DIRECTION('',(0.912711788858944,-0.40860395308649,-3.96679842057194E-31));
#6898=DIRECTION('',(0.,0.,1.));
#6899=DIRECTION('',(6.12323399573677E-17,1.,0.));
#6900=DIRECTION('',(0.,0.,1.));
#6901=DIRECTION('',(6.12323399573677E-17,1.,0.));
#6902=DIRECTION('',(0.,0.,1.));
#6903=DIRECTION('',(1.,0.,0.));
#6904=DIRECTION('',(1.,0.,0.));
#6905=DIRECTION('',(0.,1.,0.));
#6906=DIRECTION('',(1.,0.,0.));
#6907=DIRECTION('',(-1.38777878078144E-16,-1.,0.));
#6908=DIRECTION('',(1.,0.,0.));
#6909=DIRECTION('',(-1.38777878078144E-16,-1.,0.));
#6910=DIRECTION('',(1.,0.,0.));
#6911=DIRECTION('',(0.,1.,0.));
#6912=DIRECTION('',(1.,0.,0.));
#6913=DIRECTION('',(2.77555756156289E-16,1.,0.));
#6914=DIRECTION('',(1.,0.,0.));
#6915=DIRECTION('',(1.38777878078144E-16,1.,0.));
#6916=DIRECTION('',(0.,0.,1.));
#6917=DIRECTION('',(1.,0.,0.));
#6918=DIRECTION('',(1.,0.,0.));
#6919=DIRECTION('',(1.38777878078144E-16,1.,0.));
#6920=DIRECTION('',(1.,0.,0.));
#6921=DIRECTION('',(2.77555756156289E-16,1.,0.));
#6922=DIRECTION('',(1.,0.,0.));
#6923=DIRECTION('',(0.,1.,0.));
#6924=DIRECTION('',(1.,0.,0.));
#6925=DIRECTION('',(-1.38777878078144E-16,-1.,0.));
#6926=DIRECTION('',(1.,0.,0.));
#6927=DIRECTION('',(-1.38777878078144E-16,-1.,0.));
#6928=DIRECTION('',(1.,0.,0.));
#6929=DIRECTION('',(0.,1.,0.));
#6930=DIRECTION('',(-1.,0.,0.));
#6931=DIRECTION('',(0.,0.,1.));
#6932=DIRECTION('',(1.,0.,0.));
#6933=DIRECTION('',(0.,0.,-1.));
#6934=DIRECTION('',(1.,0.,0.));
#6935=DIRECTION('',(0.,0.,-1.));
#6936=DIRECTION('',(1.,0.,0.));
#6937=DIRECTION('',(0.,0.,-1.));
#6938=DIRECTION('',(1.,0.,0.));
#6939=DIRECTION('',(0.,0.,-1.));
#6940=DIRECTION('',(0.,0.,-1.));
#6941=DIRECTION('',(0.,0.,-1.));
#6942=DIRECTION('',(1.,0.,0.));
#6943=DIRECTION('',(0.,0.,-1.));
#6944=DIRECTION('',(1.,0.,0.));
#6945=DIRECTION('',(0.,0.,-1.));
#6946=DIRECTION('',(1.,0.,0.));
#6947=DIRECTION('',(0.,0.,-1.));
#6948=DIRECTION('',(1.,0.,0.));
#6949=DIRECTION('',(0.,0.,-1.));
#6950=DIRECTION('',(0.,1.,0.));
#6951=DIRECTION('',(0.,0.,1.));
#6952=DIRECTION('',(0.,0.,-1.));
#6953=DIRECTION('',(-1.,0.,0.));
#6954=DIRECTION('',(0.,-1.,0.));
#6955=DIRECTION('',(0.,0.,-1.));
#6956=DIRECTION('',(0.,1.,0.));
#6957=DIRECTION('',(0.,0.,1.));
#6958=DIRECTION('',(0.,0.,-1.));
#6959=DIRECTION('',(-1.,0.,0.));
#6960=DIRECTION('',(0.,-1.,0.));
#6961=DIRECTION('',(0.,0.,-1.));
#6962=DIRECTION('',(0.,1.,0.));
#6963=DIRECTION('',(0.,0.,1.));
#6964=DIRECTION('',(0.,0.,-1.));
#6965=DIRECTION('',(-1.,0.,0.));
#6966=DIRECTION('',(0.,0.,1.));
#6967=DIRECTION('',(1.,0.,0.));
#6968=DIRECTION('',(0.,0.,-1.));
#6969=DIRECTION('',(1.,0.,0.));
#6970=DIRECTION('',(0.,0.,-1.));
#6971=DIRECTION('',(1.,0.,0.));
#6972=DIRECTION('',(0.,0.,-1.));
#6973=DIRECTION('',(1.,0.,0.));
#6974=DIRECTION('',(0.,0.,-1.));
#6975=DIRECTION('',(0.,0.,-1.));
#6976=DIRECTION('',(1.,0.,0.));
#6977=DIRECTION('',(0.,0.,-1.));
#6978=DIRECTION('',(1.,0.,0.));
#6979=DIRECTION('',(0.,0.,-1.));
#6980=DIRECTION('',(1.,0.,0.));
#6981=DIRECTION('',(0.,0.,-1.));
#6982=DIRECTION('',(1.,0.,0.));
#6983=DIRECTION('',(0.,0.,-1.));
#6984=DIRECTION('',(0.,1.,0.));
#6985=DIRECTION('',(0.,0.,1.));
#6986=DIRECTION('',(0.,0.,-1.));
#6987=DIRECTION('',(-1.,0.,0.));
#6988=DIRECTION('',(0.,-1.,0.));
#6989=DIRECTION('',(0.,0.,-1.));
#6990=DIRECTION('',(0.,1.,0.));
#6991=DIRECTION('',(0.,0.,1.));
#6992=DIRECTION('',(0.,0.,-1.));
#6993=DIRECTION('',(-1.,0.,0.));
#6994=DIRECTION('',(0.,-1.,0.));
#6995=DIRECTION('',(0.,0.,-1.));
#6996=DIRECTION('',(0.,1.,0.));
#6997=DIRECTION('',(0.,0.,1.));
#6998=DIRECTION('',(1.,0.,0.));
#6999=DIRECTION('',(0.,0.,-1.));
#7000=DIRECTION('',(1.,0.,0.));
#7001=DIRECTION('',(0.,0.,-1.));
#7002=DIRECTION('',(1.,0.,0.));
#7003=DIRECTION('',(0.,0.,-1.));
#7004=DIRECTION('',(1.,0.,0.));
#7005=DIRECTION('',(0.,0.,-1.));
#7006=DIRECTION('',(1.,0.,0.));
#7007=DIRECTION('',(0.,0.,-1.));
#7008=DIRECTION('',(1.,0.,0.));
#7009=DIRECTION('',(0.,0.,-1.));
#7010=DIRECTION('',(1.,0.,0.));
#7011=DIRECTION('',(0.,0.,-1.));
#7012=DIRECTION('',(1.,0.,0.));
#7013=DIRECTION('',(0.,0.,-1.));
#7014=DIRECTION('',(1.,-1.90819582357449E-17,3.68919465421806E-19));
#7015=DIRECTION('',(3.68919465421807E-19,5.55099253237438E-17,-1.));
#7016=DIRECTION('',(0.,0.,-1.));
#7017=DIRECTION('',(-1.,0.,0.));
#7018=DIRECTION('',(1.42663658664333E-14,2.46519032881566E-32,-1.));
#7019=DIRECTION('',(-1.,0.,-1.47451495458028E-14));
#7020=DIRECTION('',(-1.,0.,0.));
#7021=DIRECTION('',(0.,-2.46519032881566E-32,1.));
#7022=DIRECTION('',(-1.,0.,-2.70339306496225E-14));
#7023=DIRECTION('',(-2.7755575615629E-14,0.,1.));
#7024=DIRECTION('',(0.,1.,-2.46519032881566E-32));
#7025=DIRECTION('',(0.,2.46519032881566E-32,1.));
#7026=DIRECTION('',(0.,0.,1.));
#7027=DIRECTION('',(1.,0.,0.));
#7028=DIRECTION('',(-0.39265355383036,0.919686461063981,-5.987097295389E-16));
#7029=DIRECTION('',(2.1081878711821E-16,-5.60985733078913E-16,-1.));
#7030=DIRECTION('',(0.,0.,-1.));
#7031=DIRECTION('',(-1.,0.,0.));
#7032=DIRECTION('',(0.,0.,1.));
#7033=DIRECTION('',(-1.,0.,0.));
#7034=DIRECTION('',(0.,0.,1.));
#7035=DIRECTION('',(0.,0.,-1.));
#7036=DIRECTION('',(-1.,0.,0.));
#7037=DIRECTION('',(0.,0.,-1.));
#7038=DIRECTION('',(0.,0.,-1.));
#7039=DIRECTION('',(-1.,0.,0.));
#7040=DIRECTION('',(0.,0.,1.));
#7041=DIRECTION('',(-1.,-6.93889390390722E-15,0.));
#7042=DIRECTION('',(0.,0.,1.));
#7043=DIRECTION('',(0.,0.,-1.));
#7044=DIRECTION('',(-1.,0.,0.));
#7045=DIRECTION('',(0.,0.,-1.));
#7046=DIRECTION('',(0.,0.,-1.));
#7047=DIRECTION('',(-1.,0.,0.));
#7048=DIRECTION('',(0.,0.,1.));
#7049=DIRECTION('',(-1.,0.,0.));
#7050=DIRECTION('',(0.,0.,1.));
#7051=DIRECTION('',(0.,0.,-1.));
#7052=DIRECTION('',(-1.,0.,0.));
#7053=DIRECTION('',(0.,0.,-1.));
#7054=DIRECTION('',(0.,0.,-1.));
#7055=DIRECTION('',(-1.,0.,0.));
#7056=DIRECTION('',(0.,0.,1.));
#7057=DIRECTION('',(-1.,0.,0.));
#7058=DIRECTION('',(0.,0.,1.));
#7059=DIRECTION('',(0.,0.,-1.));
#7060=DIRECTION('',(-1.,0.,0.));
#7061=DIRECTION('',(0.,0.,-1.));
#7062=DIRECTION('',(-1.,0.,0.));
#7063=DIRECTION('',(0.,0.,1.));
#7064=DIRECTION('',(0.,0.,-1.));
#7065=DIRECTION('',(0.,-1.,0.));
#7066=DIRECTION('',(0.,0.,1.));
#7067=DIRECTION('',(0.,-1.,0.));
#7068=DIRECTION('',(0.,0.,1.));
#7069=DIRECTION('',(1.,0.,0.));
#7070=DIRECTION('',(0.,0.,1.));
#7071=DIRECTION('',(1.,0.,0.));
#7072=DIRECTION('',(-1.0842021724855E-16,0.,-1.));
#7073=DIRECTION('',(0.,0.,1.));
#7074=DIRECTION('',(1.,0.,0.));
#7075=DIRECTION('',(-1.,0.,0.));
#7076=DIRECTION('',(0.,0.,1.));
#7077=DIRECTION('',(-1.0842021724855E-16,0.,-1.));
#7078=DIRECTION('',(0.,-1.,0.));
#7079=DIRECTION('',(0.,-1.,0.));
#7080=DIRECTION('',(0.,0.,1.));
#7081=DIRECTION('',(1.,0.,0.));
#7082=DIRECTION('',(0.,0.,1.));
#7083=DIRECTION('',(1.,0.,0.));
#7084=DIRECTION('',(0.,0.,1.));
#7085=DIRECTION('',(1.,0.,0.));
#7086=DIRECTION('',(-1.,0.,0.));
#7087=DIRECTION('',(0.,0.,1.));
#7088=DIRECTION('',(0.,0.,-1.));
#7089=DIRECTION('',(0.,-1.,0.));
#7090=DIRECTION('',(0.,0.,1.));
#7091=DIRECTION('',(0.,-1.,0.));
#7092=DIRECTION('',(-1.,0.,0.));
#7093=DIRECTION('',(0.,0.,1.));
#7094=DIRECTION('',(-1.0842021724855E-16,0.,-1.));
#7095=DIRECTION('',(0.,-1.,0.));
#7096=DIRECTION('',(-1.0842021724855E-16,0.,-1.));
#7097=DIRECTION('',(0.,-1.,0.));
#7098=DIRECTION('',(0.,0.,1.));
#7099=DIRECTION('',(1.,0.,0.));
#7100=DIRECTION('',(0.,0.,1.));
#7101=DIRECTION('',(1.,0.,0.));
#7102=DIRECTION('',(0.,0.,1.));
#7103=DIRECTION('',(1.,0.,0.));
#7104=DIRECTION('',(0.,0.,1.));
#7105=DIRECTION('',(1.,0.,0.));
#7106=DIRECTION('',(0.,0.,1.));
#7107=DIRECTION('',(1.,0.,0.));
#7108=DIRECTION('',(0.,0.,1.));
#7109=DIRECTION('',(1.,0.,0.));
#7110=DIRECTION('',(0.,0.,-1.));
#7111=DIRECTION('',(-1.,0.,0.));
#7112=DIRECTION('',(0.,0.,1.));
#7113=DIRECTION('',(1.,0.,0.));
#7114=DIRECTION('',(0.,-1.,0.));
#7115=DIRECTION('',(0.,0.,1.));
#7116=DIRECTION('',(1.,0.,0.));
#7117=DIRECTION('',(0.,-1.,0.));
#7118=DIRECTION('',(0.,0.,1.));
#7119=DIRECTION('',(1.,0.,0.));
#7120=DIRECTION('',(0.,-1.,0.));
#7121=DIRECTION('',(0.,0.,1.));
#7122=DIRECTION('',(1.,0.,0.));
#7123=DIRECTION('',(0.,-1.,0.));
#7124=DIRECTION('',(0.,0.,1.));
#7125=DIRECTION('',(1.,0.,0.));
#7126=DIRECTION('',(0.,0.,1.));
#7127=DIRECTION('',(1.,0.,0.));
#7128=DIRECTION('',(0.,0.,1.));
#7129=DIRECTION('',(1.,0.,0.));
#7130=DIRECTION('',(0.,0.,1.));
#7131=DIRECTION('',(1.,0.,0.));
#7132=DIRECTION('',(0.,1.,0.));
#7133=DIRECTION('',(1.,0.,0.));
#7134=DIRECTION('',(0.,-1.,0.));
#7135=DIRECTION('',(-1.,0.,0.));
#7136=DIRECTION('',(0.,0.,1.));
#7137=DIRECTION('',(1.,0.,0.));
#7138=DIRECTION('',(0.,0.,1.));
#7139=DIRECTION('',(1.,0.,0.));
#7140=DIRECTION('',(0.,0.,1.));
#7141=DIRECTION('',(1.,0.,0.));
#7142=DIRECTION('',(0.,0.,1.));
#7143=DIRECTION('',(1.,0.,0.));
#7144=DIRECTION('',(0.,0.,1.));
#7145=DIRECTION('',(1.,0.,0.));
#7146=DIRECTION('',(0.,0.,-1.));
#7147=DIRECTION('',(-1.,0.,0.));
#7148=DIRECTION('',(0.,0.,1.));
#7149=DIRECTION('',(1.,0.,0.));
#7150=DIRECTION('',(0.,-1.,0.));
#7151=DIRECTION('',(0.,0.,1.));
#7152=DIRECTION('',(1.,0.,0.));
#7153=DIRECTION('',(0.,-1.,0.));
#7154=DIRECTION('',(0.,0.,1.));
#7155=DIRECTION('',(1.,0.,0.));
#7156=DIRECTION('',(0.,-1.,0.));
#7157=DIRECTION('',(0.,0.,1.));
#7158=DIRECTION('',(1.,0.,0.));
#7159=DIRECTION('',(0.,-1.,0.));
#7160=DIRECTION('',(0.,0.,1.));
#7161=DIRECTION('',(1.,0.,0.));
#7162=DIRECTION('',(0.,0.,1.));
#7163=DIRECTION('',(1.,0.,0.));
#7164=DIRECTION('',(0.,0.,1.));
#7165=DIRECTION('',(1.,0.,0.));
#7166=DIRECTION('',(0.,0.,1.));
#7167=DIRECTION('',(1.,0.,0.));
#7168=DIRECTION('',(1.,0.,0.));
#7169=DIRECTION('',(0.,1.,0.));
#7170=DIRECTION('',(-1.,0.,0.));
#7171=DIRECTION('',(0.,-1.,0.));
#7172=DIRECTION('',(0.,0.,1.));
#7173=DIRECTION('',(1.,0.,0.));
#7174=DIRECTION('',(0.,0.,1.));
#7175=DIRECTION('',(1.,0.,0.));
#7176=DIRECTION('',(0.,0.,1.));
#7177=DIRECTION('',(1.,0.,0.));
#7178=DIRECTION('',(0.,0.,1.));
#7179=DIRECTION('',(1.,0.,0.));
#7180=DIRECTION('',(0.,0.,1.));
#7181=DIRECTION('',(1.,0.,0.));
#7182=DIRECTION('',(0.,1.,0.));
#7183=DIRECTION('',(0.,0.,1.));
#7184=DIRECTION('',(1.,0.,0.));
#7185=DIRECTION('',(0.,0.,-1.));
#7186=DIRECTION('',(0.,-1.,0.));
#7187=DIRECTION('',(0.,0.,-1.));
#7188=DIRECTION('',(-1.,0.,0.));
#7189=DIRECTION('',(0.,0.,1.));
#7190=DIRECTION('',(0.,0.,1.));
#7191=DIRECTION('',(1.,0.,0.));
#7192=DIRECTION('',(-1.0842021724855E-16,0.,-1.));
#7193=DIRECTION('',(0.,0.,-1.));
#7194=DIRECTION('',(-1.,0.,0.));
#7195=DIRECTION('',(0.,0.,1.));
#7196=DIRECTION('',(-1.0842021724855E-16,0.,-1.));
#7197=DIRECTION('',(0.,0.,1.));
#7198=DIRECTION('',(1.,0.,0.));
#7199=DIRECTION('',(0.,0.,1.));
#7200=DIRECTION('',(-1.,0.,0.));
#7201=DIRECTION('',(0.,0.,1.));
#7202=DIRECTION('',(0.,0.,1.));
#7203=DIRECTION('',(1.,0.,0.));
#7204=DIRECTION('',(-1.0842021724855E-16,0.,-1.));
#7205=DIRECTION('',(0.,0.,-1.));
#7206=DIRECTION('',(-1.,0.,0.));
#7207=DIRECTION('',(0.,0.,1.));
#7208=DIRECTION('',(-1.0842021724855E-16,0.,-1.));
#7209=DIRECTION('',(0.,0.,1.));
#7210=DIRECTION('',(1.,0.,0.));
#7211=DIRECTION('',(0.,0.,1.));
#7212=DIRECTION('',(-1.,0.,0.));
#7213=DIRECTION('',(0.,0.,1.));
#7214=DIRECTION('',(0.,0.,1.));
#7215=DIRECTION('',(1.,0.,0.));
#7216=DIRECTION('',(0.,0.,1.));
#7217=DIRECTION('',(1.,0.,0.));
#7218=DIRECTION('',(0.,0.,1.));
#7219=DIRECTION('',(1.,0.,0.));
#7220=DIRECTION('',(0.,0.,1.));
#7221=DIRECTION('',(1.,0.,0.));
#7222=DIRECTION('',(0.,0.,1.));
#7223=DIRECTION('',(1.,0.,0.));
#7224=DIRECTION('',(0.,0.,1.));
#7225=DIRECTION('',(1.,0.,0.));
#7226=DIRECTION('',(0.,0.,1.));
#7227=DIRECTION('',(1.,0.,0.));
#7228=DIRECTION('',(0.,0.,1.));
#7229=DIRECTION('',(1.,0.,0.));
#7230=DIRECTION('',(0.,0.,1.));
#7231=DIRECTION('',(1.,0.,0.));
#7232=DIRECTION('',(0.,0.,1.));
#7233=DIRECTION('',(1.,0.,0.));
#7234=DIRECTION('',(0.,0.,1.));
#7235=DIRECTION('',(1.,0.,0.));
#7236=DIRECTION('',(0.,0.,1.));
#7237=DIRECTION('',(1.,0.,0.));
#7238=DIRECTION('',(0.,0.,1.));
#7239=DIRECTION('',(1.,0.,0.));
#7240=DIRECTION('',(0.,0.,1.));
#7241=DIRECTION('',(1.,0.,0.));
#7242=DIRECTION('',(0.,0.,1.));
#7243=DIRECTION('',(1.,0.,0.));
#7244=DIRECTION('',(0.,0.,1.));
#7245=DIRECTION('',(1.,0.,0.));
#7246=DIRECTION('',(0.,0.,1.));
#7247=DIRECTION('',(1.,0.,0.));
#7248=DIRECTION('',(0.,0.,1.));
#7249=DIRECTION('',(1.,0.,0.));
#7250=DIRECTION('',(0.,0.,1.));
#7251=DIRECTION('',(1.,0.,0.));
#7252=DIRECTION('',(0.,0.,1.));
#7253=DIRECTION('',(1.,0.,0.));
#7254=DIRECTION('',(0.,0.,1.));
#7255=DIRECTION('',(1.,0.,0.));
#7256=DIRECTION('',(0.,0.,1.));
#7257=DIRECTION('',(1.,0.,0.));
#7258=DIRECTION('',(0.,0.,1.));
#7259=DIRECTION('',(1.,0.,0.));
#7260=DIRECTION('',(0.,0.,1.));
#7261=DIRECTION('',(1.,0.,0.));
#7262=DIRECTION('',(0.,0.,1.));
#7263=DIRECTION('',(1.,0.,0.));
#7264=DIRECTION('',(0.,0.,1.));
#7265=DIRECTION('',(1.,0.,0.));
#7266=DIRECTION('',(-0.452242137373026,0.891895200785539,6.12323399573677E-17));
#7267=DIRECTION('',(2.76918442986717E-17,-5.46128301408449E-17,1.));
#7268=DIRECTION('',(0.,0.,1.));
#7269=DIRECTION('',(-1.,0.,0.));
#7270=DIRECTION('',(0.,0.,1.));
#7271=DIRECTION('',(-1.,0.,0.));
#7272=DIRECTION('',(0.,0.,1.));
#7273=DIRECTION('',(0.,0.,-1.));
#7274=DIRECTION('',(-1.,0.,0.));
#7275=DIRECTION('',(0.,0.,-1.));
#7276=DIRECTION('',(0.,0.,1.));
#7277=DIRECTION('',(-1.,0.,0.));
#7278=DIRECTION('',(0.,0.,1.));
#7279=DIRECTION('',(-1.,0.,0.));
#7280=DIRECTION('',(0.,0.,1.));
#7281=DIRECTION('',(0.,0.,-1.));
#7282=DIRECTION('',(-1.,0.,0.));
#7283=DIRECTION('',(0.,0.,-1.));
#7284=DIRECTION('',(0.,0.,1.));
#7285=DIRECTION('',(-1.,0.,0.));
#7286=DIRECTION('',(0.,0.,1.));
#7287=DIRECTION('',(-1.,0.,0.));
#7288=DIRECTION('',(0.,0.,1.));
#7289=DIRECTION('',(0.,0.,-1.));
#7290=DIRECTION('',(-1.,0.,0.));
#7291=DIRECTION('',(0.,0.,-1.));
#7292=DIRECTION('',(0.,0.,1.));
#7293=DIRECTION('',(-1.,0.,0.));
#7294=DIRECTION('',(0.,0.,1.));
#7295=DIRECTION('',(-1.,0.,0.));
#7296=DIRECTION('',(0.,0.,1.));
#7297=DIRECTION('',(0.,0.,-1.));
#7298=DIRECTION('',(-1.,0.,0.));
#7299=DIRECTION('',(0.,0.,-1.));
#7300=DIRECTION('',(-1.,0.,0.));
#7301=DIRECTION('',(0.,0.,-1.));
#7302=DIRECTION('',(0.,0.,1.));
#7303=DIRECTION('',(0.,-1.,0.));
#7304=DIRECTION('',(0.,0.,-1.));
#7305=DIRECTION('',(0.,-1.,0.));
#7306=DIRECTION('',(0.,0.,-1.));
#7307=DIRECTION('',(1.,0.,0.));
#7308=DIRECTION('',(0.,0.,1.));
#7309=DIRECTION('',(1.,0.,0.));
#7310=DIRECTION('',(0.,0.,1.));
#7311=DIRECTION('',(1.,0.,0.));
#7312=DIRECTION('',(-1.0842021724855E-16,0.,1.));
#7313=DIRECTION('',(-1.,0.,0.));
#7314=DIRECTION('',(0.,0.,-1.));
#7315=DIRECTION('',(-1.0842021724855E-16,0.,1.));
#7316=DIRECTION('',(0.,-1.,0.));
#7317=DIRECTION('',(0.,-1.,0.));
#7318=DIRECTION('',(0.,0.,-1.));
#7319=DIRECTION('',(1.,0.,0.));
#7320=DIRECTION('',(0.,0.,1.));
#7321=DIRECTION('',(1.,0.,0.));
#7322=DIRECTION('',(0.,0.,1.));
#7323=DIRECTION('',(1.,0.,0.));
#7324=DIRECTION('',(-1.,0.,0.));
#7325=DIRECTION('',(0.,0.,-1.));
#7326=DIRECTION('',(0.,0.,1.));
#7327=DIRECTION('',(0.,-1.,0.));
#7328=DIRECTION('',(0.,0.,-1.));
#7329=DIRECTION('',(0.,-1.,0.));
#7330=DIRECTION('',(-1.,0.,0.));
#7331=DIRECTION('',(0.,0.,-1.));
#7332=DIRECTION('',(-1.0842021724855E-16,0.,1.));
#7333=DIRECTION('',(0.,-1.,0.));
#7334=DIRECTION('',(-1.0842021724855E-16,0.,1.));
#7335=DIRECTION('',(0.,-1.,0.));
#7336=DIRECTION('',(0.,0.,-1.));
#7337=DIRECTION('',(1.,0.,0.));
#7338=DIRECTION('',(0.,0.,1.));
#7339=DIRECTION('',(1.,0.,0.));
#7340=DIRECTION('',(0.,0.,1.));
#7341=DIRECTION('',(1.,0.,0.));
#7342=DIRECTION('',(0.,0.,-1.));
#7343=DIRECTION('',(1.,0.,0.));
#7344=DIRECTION('',(0.,0.,1.));
#7345=DIRECTION('',(1.,0.,0.));
#7346=DIRECTION('',(0.,0.,1.));
#7347=DIRECTION('',(1.,0.,0.));
#7348=DIRECTION('',(0.,0.,1.));
#7349=DIRECTION('',(-1.,0.,0.));
#7350=DIRECTION('',(0.,0.,1.));
#7351=DIRECTION('',(1.,0.,0.));
#7352=DIRECTION('',(0.,-1.,0.));
#7353=DIRECTION('',(0.,0.,1.));
#7354=DIRECTION('',(1.,0.,0.));
#7355=DIRECTION('',(0.,-1.,0.));
#7356=DIRECTION('',(0.,0.,1.));
#7357=DIRECTION('',(1.,0.,0.));
#7358=DIRECTION('',(0.,-1.,0.));
#7359=DIRECTION('',(0.,0.,1.));
#7360=DIRECTION('',(1.,0.,0.));
#7361=DIRECTION('',(0.,-1.,0.));
#7362=DIRECTION('',(0.,0.,1.));
#7363=DIRECTION('',(1.,0.,0.));
#7364=DIRECTION('',(0.,0.,1.));
#7365=DIRECTION('',(1.,0.,0.));
#7366=DIRECTION('',(0.,0.,1.));
#7367=DIRECTION('',(1.,0.,0.));
#7368=DIRECTION('',(0.,0.,1.));
#7369=DIRECTION('',(1.,0.,0.));
#7370=DIRECTION('',(0.,1.,0.));
#7371=DIRECTION('',(-1.,0.,0.));
#7372=DIRECTION('',(0.,-1.,0.));
#7373=DIRECTION('',(1.,0.,0.));
#7374=DIRECTION('',(0.,0.,1.));
#7375=DIRECTION('',(1.,0.,0.));
#7376=DIRECTION('',(0.,0.,1.));
#7377=DIRECTION('',(1.,0.,0.));
#7378=DIRECTION('',(0.,0.,1.));
#7379=DIRECTION('',(1.,0.,0.));
#7380=DIRECTION('',(0.,0.,1.));
#7381=DIRECTION('',(1.,0.,0.));
#7382=DIRECTION('',(0.,0.,1.));
#7383=DIRECTION('',(1.,0.,0.));
#7384=DIRECTION('',(0.,0.,1.));
#7385=DIRECTION('',(-1.,0.,0.));
#7386=DIRECTION('',(0.,0.,1.));
#7387=DIRECTION('',(1.,0.,0.));
#7388=DIRECTION('',(0.,-1.,0.));
#7389=DIRECTION('',(0.,0.,1.));
#7390=DIRECTION('',(1.,0.,0.));
#7391=DIRECTION('',(0.,-1.,0.));
#7392=DIRECTION('',(0.,0.,1.));
#7393=DIRECTION('',(1.,0.,0.));
#7394=DIRECTION('',(0.,-1.,0.));
#7395=DIRECTION('',(0.,0.,1.));
#7396=DIRECTION('',(1.,0.,0.));
#7397=DIRECTION('',(0.,-1.,0.));
#7398=DIRECTION('',(0.,0.,1.));
#7399=DIRECTION('',(1.,0.,0.));
#7400=DIRECTION('',(0.,0.,1.));
#7401=DIRECTION('',(1.,0.,0.));
#7402=DIRECTION('',(0.,0.,1.));
#7403=DIRECTION('',(1.,0.,0.));
#7404=DIRECTION('',(0.,0.,1.));
#7405=DIRECTION('',(1.,0.,0.));
#7406=DIRECTION('',(1.,0.,0.));
#7407=DIRECTION('',(0.,-1.,0.));
#7408=DIRECTION('',(-1.,0.,0.));
#7409=DIRECTION('',(0.,1.,0.));
#7410=DIRECTION('',(0.,0.,1.));
#7411=DIRECTION('',(1.,0.,0.));
#7412=DIRECTION('',(0.,0.,1.));
#7413=DIRECTION('',(1.,0.,0.));
#7414=DIRECTION('',(0.,0.,1.));
#7415=DIRECTION('',(1.,0.,0.));
#7416=DIRECTION('',(0.,0.,1.));
#7417=DIRECTION('',(1.,0.,0.));
#7418=DIRECTION('',(0.,0.,1.));
#7419=DIRECTION('',(1.,0.,0.));
#7420=DIRECTION('',(0.,1.,0.));
#7421=DIRECTION('',(0.,0.,-1.));
#7422=DIRECTION('',(1.,0.,0.));
#7423=DIRECTION('',(0.,0.,1.));
#7424=DIRECTION('',(0.,-1.,0.));
#7425=DIRECTION('',(0.,0.,1.));
#7426=DIRECTION('',(-1.,0.,0.));
#7427=DIRECTION('',(0.,0.,-1.));
#7428=DIRECTION('',(0.,0.,-1.));
#7429=DIRECTION('',(1.,0.,0.));
#7430=DIRECTION('',(0.,0.,1.));
#7431=DIRECTION('',(-1.0842021724855E-16,0.,1.));
#7432=DIRECTION('',(-1.,0.,0.));
#7433=DIRECTION('',(0.,0.,-1.));
#7434=DIRECTION('',(-1.0842021724855E-16,0.,1.));
#7435=DIRECTION('',(0.,0.,-1.));
#7436=DIRECTION('',(1.,0.,0.));
#7437=DIRECTION('',(0.,0.,-1.));
#7438=DIRECTION('',(-1.,0.,0.));
#7439=DIRECTION('',(0.,0.,-1.));
#7440=DIRECTION('',(0.,0.,-1.));
#7441=DIRECTION('',(1.,0.,0.));
#7442=DIRECTION('',(0.,0.,1.));
#7443=DIRECTION('',(-1.0842021724855E-16,0.,1.));
#7444=DIRECTION('',(-1.,0.,0.));
#7445=DIRECTION('',(0.,0.,-1.));
#7446=DIRECTION('',(-1.0842021724855E-16,0.,1.));
#7447=DIRECTION('',(0.,0.,-1.));
#7448=DIRECTION('',(1.,0.,0.));
#7449=DIRECTION('',(0.,0.,-1.));
#7450=DIRECTION('',(-1.,0.,0.));
#7451=DIRECTION('',(0.,0.,-1.));
#7452=DIRECTION('',(0.,0.,-1.));
#7453=DIRECTION('',(1.,0.,0.));
#7454=DIRECTION('',(0.,0.,1.));
#7455=DIRECTION('',(1.,0.,0.));
#7456=DIRECTION('',(0.,0.,-1.));
#7457=DIRECTION('',(1.,0.,0.));
#7458=DIRECTION('',(0.,0.,-1.));
#7459=DIRECTION('',(1.,0.,0.));
#7460=DIRECTION('',(0.,0.,1.));
#7461=DIRECTION('',(1.,0.,0.));
#7462=DIRECTION('',(0.,0.,-1.));
#7463=DIRECTION('',(1.,0.,0.));
#7464=DIRECTION('',(0.,0.,-1.));
#7465=DIRECTION('',(1.,0.,0.));
#7466=DIRECTION('',(0.,0.,1.));
#7467=DIRECTION('',(1.,0.,0.));
#7468=DIRECTION('',(0.,0.,-1.));
#7469=DIRECTION('',(1.,0.,0.));
#7470=DIRECTION('',(0.,0.,-1.));
#7471=DIRECTION('',(1.,0.,0.));
#7472=DIRECTION('',(0.,0.,1.));
#7473=DIRECTION('',(1.,0.,0.));
#7474=DIRECTION('',(0.,0.,-1.));
#7475=DIRECTION('',(1.,0.,0.));
#7476=DIRECTION('',(0.,0.,-1.));
#7477=DIRECTION('',(1.,0.,0.));
#7478=DIRECTION('',(0.,0.,1.));
#7479=DIRECTION('',(1.,0.,0.));
#7480=DIRECTION('',(0.,0.,-1.));
#7481=DIRECTION('',(1.,0.,0.));
#7482=DIRECTION('',(0.,0.,-1.));
#7483=DIRECTION('',(1.,0.,0.));
#7484=DIRECTION('',(0.,0.,1.));
#7485=DIRECTION('',(1.,0.,0.));
#7486=DIRECTION('',(0.,0.,-1.));
#7487=DIRECTION('',(1.,0.,0.));
#7488=DIRECTION('',(0.,0.,-1.));
#7489=DIRECTION('',(1.,0.,0.));
#7490=DIRECTION('',(0.,0.,1.));
#7491=DIRECTION('',(1.,0.,0.));
#7492=DIRECTION('',(0.,0.,-1.));
#7493=DIRECTION('',(1.,0.,0.));
#7494=DIRECTION('',(0.,0.,-1.));
#7495=DIRECTION('',(1.,0.,0.));
#7496=DIRECTION('',(0.,0.,1.));
#7497=DIRECTION('',(1.,0.,0.));
#7498=DIRECTION('',(0.,0.,-1.));
#7499=DIRECTION('',(1.,0.,0.));
#7500=DIRECTION('',(0.,0.,-1.));
#7501=DIRECTION('',(1.,0.,0.));
#7502=DIRECTION('',(0.,0.,1.));
#7503=DIRECTION('',(1.,0.,0.));
#7504=DIRECTION('',(8.68176844058395E-32,-7.76889982636452E-31,-1.));
#7505=DIRECTION('',(-0.912711788858944,0.40860395308649,-3.96679842057194E-31));
#7506=DIRECTION('',(8.68176844058395E-32,-7.76889982636452E-31,-1.));
#7507=DIRECTION('',(-0.912711788858944,0.40860395308649,-3.96679842057194E-31));
#7508=DIRECTION('',(0.,0.,1.));
#7509=DIRECTION('',(1.,0.,0.));
#7510=DIRECTION('',(1.42663658664333E-14,0.,-1.));
#7511=DIRECTION('',(1.,0.,1.38777878078144E-14));
#7512=DIRECTION('',(-1.,0.,0.));
#7513=DIRECTION('',(0.,0.,1.));
#7514=DIRECTION('',(1.,0.,0.));
#7515=DIRECTION('',(0.,0.,1.));
#7516=DIRECTION('',(0.,-1.,0.));
#7517=DIRECTION('',(0.,0.,-1.));
#7518=DIRECTION('',(0.,0.,1.));
#7519=DIRECTION('',(1.,0.,0.));
#7520=DIRECTION('',(0.80473955334386,0.593628041187346,1.63362645279681E-16));
#7521=DIRECTION('',(2.10818787118208E-16,-5.60985733078912E-16,1.));
#7522=DIRECTION('',(-1.,0.,0.));
#7523=DIRECTION('',(0.,0.,1.));
#7524=DIRECTION('',(-1.,0.,0.));
#7525=DIRECTION('',(0.,0.,1.));
#7526=DIRECTION('',(-1.,0.,0.));
#7527=DIRECTION('',(0.,0.,1.));
#7528=DIRECTION('',(1.,0.,0.));
#7529=DIRECTION('',(0.,0.,-1.));
#7530=DIRECTION('',(-1.,0.,0.));
#7531=DIRECTION('',(0.,0.,1.));
#7532=DIRECTION('',(-1.,0.,0.));
#7533=DIRECTION('',(0.,0.,1.));
#7534=DIRECTION('',(-1.,0.,0.));
#7535=DIRECTION('',(0.,0.,1.));
#7536=DIRECTION('',(-1.,0.,0.));
#7537=DIRECTION('',(0.,0.,1.));
#7538=DIRECTION('',(-0.927499872403876,0.373823469957137,0.));
#7539=DIRECTION('',(0.,0.,1.));
#7540=DIRECTION('',(0.,0.,1.));
#7541=DIRECTION('',(6.12323399573677E-17,1.,0.));
#7542=DIRECTION('',(1.,0.,6.12323399573677E-17));
#7543=DIRECTION('',(6.12323399573677E-17,0.,-1.));
#7544=DIRECTION('',(-1.,0.,6.12323399573677E-17));
#7545=DIRECTION('',(6.12323399573677E-17,0.,1.));
#7546=DIRECTION('',(8.68176844058395E-32,-7.76889982636452E-31,-1.));
#7547=DIRECTION('',(-0.912711788858944,0.40860395308649,-3.96679842057194E-31));
#7548=DIRECTION('',(-0.452242137373026,0.891895200785539,6.12323399573677E-17));
#7549=DIRECTION('',(2.76918442986717E-17,-5.46128301408449E-17,1.));
#7550=DIRECTION('',(0.927499872403876,-0.373823469957137,0.));
#7551=DIRECTION('',(0.,0.,-1.));
#7552=DIRECTION('',(-0.452242137373026,0.891895200785539,6.12323399573677E-17));
#7553=DIRECTION('',(2.76918442986717E-17,-5.46128301408449E-17,1.));
#7554=DIRECTION('',(-0.452242137373026,0.891895200785539,6.12323399573677E-17));
#7555=DIRECTION('',(2.76918442986717E-17,-5.46128301408449E-17,1.));
#7556=DIRECTION('',(0.,0.,-1.));
#7557=DIRECTION('',(-1.,0.,0.));
#7558=DIRECTION('',(1.43716669801697E-14,0.,-1.));
#7559=DIRECTION('',(-1.,0.,-1.47451495458028E-14));
#7560=DIRECTION('',(0.,0.,1.));
#7561=DIRECTION('',(1.,0.,0.));
#7562=DIRECTION('',(-1.43716669801697E-14,0.,1.));
#7563=DIRECTION('',(1.,0.,1.47451495458028E-14));
#7564=DIRECTION('',(0.,0.,-1.));
#7565=DIRECTION('',(-1.,0.,0.));
#7566=DIRECTION('',(0.,0.,1.));
#7567=DIRECTION('',(1.,0.,0.));
#7568=DIRECTION('',(-0.80473955334386,-0.593628041187346,1.63362645279681E-16));
#7569=DIRECTION('',(2.10818787118208E-16,-5.60985733078912E-16,-1.));
#7570=DIRECTION('',(8.68176844058395E-32,-7.76889982636452E-31,1.));
#7571=DIRECTION('',(0.912711788858944,-0.40860395308649,-3.96679842057194E-31));
#7572=DIRECTION('',(-0.927499872403876,0.373823469957137,0.));
#7573=DIRECTION('',(0.,0.,1.));
#7574=DIRECTION('',(0.,0.,1.));
#7575=DIRECTION('',(6.12323399573677E-17,1.,0.));
#7576=DIRECTION('',(0.39265355383036,-0.919686461063981,-5.987097295389E-16));
#7577=DIRECTION('',(2.1081878711821E-16,-5.60985733078913E-16,1.));
#7578=DIRECTION('',(0.452242137373026,-0.891895200785539,6.12323399573677E-17));
#7579=DIRECTION('',(2.76918442986717E-17,-5.46128301408449E-17,-1.));
#7580=DIRECTION('',(1.,0.,6.12323399573677E-17));
#7581=DIRECTION('',(6.12323399573677E-17,0.,-1.));
#7582=DIRECTION('',(0.,0.,-1.));
#7583=DIRECTION('',(-1.,0.,0.));
#7584=DIRECTION('',(0.,1.,0.));
#7585=DIRECTION('',(1.,0.,0.));
#7586=DIRECTION('',(0.,-1.,0.));
#7587=DIRECTION('',(-1.,0.,0.));
#7588=DIRECTION('',(0.,0.,-1.));
#7589=DIRECTION('',(-1.,0.,0.));
#7590=DIRECTION('',(0.,1.,0.));
#7591=DIRECTION('',(-1.,0.,0.));
#7592=DIRECTION('',(0.,-1.,0.));
#7593=DIRECTION('',(1.,0.,0.));
#7594=DIRECTION('',(0.,1.,0.));
#7595=DIRECTION('',(0.,0.,1.));
#7596=DIRECTION('',(0.,0.,-1.));
#7597=DIRECTION('',(0.,0.,-1.));
#7598=DIRECTION('',(0.,-1.,0.));
#7599=DIRECTION('',(0.,0.,-1.));
#7600=DIRECTION('',(0.,-1.,0.));
#7601=DIRECTION('',(0.,0.,-1.));
#7602=DIRECTION('',(0.,-1.,0.));
#7603=DIRECTION('',(0.,0.,-1.));
#7604=DIRECTION('',(0.,-1.,0.));
#7605=DIRECTION('',(0.,0.,-1.));
#7606=DIRECTION('',(0.,-1.,0.));
#7607=DIRECTION('',(0.,0.,-1.));
#7608=DIRECTION('',(1.,0.,0.));
#7609=DIRECTION('',(0.,0.,-1.));
#7610=DIRECTION('',(0.,0.,-1.));
#7611=DIRECTION('',(0.,-1.,0.));
#7612=DIRECTION('',(0.,0.,-1.));
#7613=DIRECTION('',(0.,0.,-1.));
#7614=DIRECTION('',(-1.,0.,0.));
#7615=DIRECTION('',(0.,0.,1.));
#7616=DIRECTION('',(1.,0.,0.));
#7617=DIRECTION('',(0.,0.,-1.));
#7618=DIRECTION('',(1.,0.,0.));
#7619=DIRECTION('',(0.,0.,-1.));
#7620=DIRECTION('',(1.,0.,0.));
#7621=DIRECTION('',(0.,0.,-1.));
#7622=DIRECTION('',(1.,0.,0.));
#7623=DIRECTION('',(0.,0.,-1.));
#7624=DIRECTION('',(1.,0.,0.));
#7625=DIRECTION('',(0.,0.,-1.));
#7626=DIRECTION('',(1.,0.,0.));
#7627=DIRECTION('',(0.,0.,-1.));
#7628=DIRECTION('',(1.,0.,0.));
#7629=DIRECTION('',(0.,0.,-1.));
#7630=DIRECTION('',(1.,0.,0.));
#7631=DIRECTION('',(0.,0.,-1.));
#7632=DIRECTION('',(1.,0.,0.));
#7633=DIRECTION('',(0.,0.,-1.));
#7634=DIRECTION('',(1.,0.,0.));
#7635=DIRECTION('',(0.,0.,-1.));
#7636=DIRECTION('',(1.,0.,0.));
#7637=DIRECTION('',(0.,0.,-1.));
#7638=DIRECTION('',(1.,0.,0.));
#7639=DIRECTION('',(0.,0.,-1.));
#7640=DIRECTION('',(1.,0.,0.));
#7641=DIRECTION('',(0.,0.,-1.));
#7642=DIRECTION('',(1.,0.,0.));
#7643=DIRECTION('',(0.,0.,-1.));
#7644=DIRECTION('',(1.,0.,0.));
#7645=DIRECTION('',(0.,0.,-1.));
#7646=DIRECTION('',(1.,0.,0.));
#7647=DIRECTION('',(0.,0.,-1.));
#7648=DIRECTION('',(0.,-1.,0.));
#7649=DIRECTION('',(0.,0.,-1.));
#7650=DIRECTION('',(0.,-1.,0.));
#7651=DIRECTION('',(0.,0.,-1.));
#7652=DIRECTION('',(0.,-1.,0.));
#7653=DIRECTION('',(0.,0.,-1.));
#7654=DIRECTION('',(0.,-1.,0.));
#7655=DIRECTION('',(0.,0.,-1.));
#7656=DIRECTION('',(0.,-1.,0.));
#7657=DIRECTION('',(0.,0.,-1.));
#7658=DIRECTION('',(0.,-1.,0.));
#7659=DIRECTION('',(0.,0.,-1.));
#7660=DIRECTION('',(0.,-1.,0.));
#7661=DIRECTION('',(0.,0.,-1.));
#7662=DIRECTION('',(0.,-1.,0.));
#7663=DIRECTION('',(0.,0.,-1.));
#7664=DIRECTION('',(0.,-1.,0.));
#7665=DIRECTION('',(0.,0.,-1.));
#7666=DIRECTION('',(0.,-1.,0.));
#7667=DIRECTION('',(0.,0.,-1.));
#7668=DIRECTION('',(0.,-1.,0.));
#7669=DIRECTION('',(0.,0.,-1.));
#7670=DIRECTION('',(0.,-1.,0.));
#7671=DIRECTION('',(0.,0.,-1.));
#7672=DIRECTION('',(0.,-1.,0.));
#7673=DIRECTION('',(0.,0.,-1.));
#7674=DIRECTION('',(0.,-1.,0.));
#7675=DIRECTION('',(0.,0.,-1.));
#7676=DIRECTION('',(0.,-1.,0.));
#7677=DIRECTION('',(0.,0.,-1.));
#7678=DIRECTION('',(1.,1.38777878078145E-17,-5.55111512312578E-17));
#7679=DIRECTION('',(-5.55111512312578E-17,-2.77555756156289E-17,-1.));
#7680=DIRECTION('',(0.452242137373026,-0.891895200785539,6.12323399573677E-17));
#7681=DIRECTION('',(2.76918442986717E-17,-5.46128301408449E-17,-1.));
#7682=DIRECTION('',(1.,0.,0.));
#7683=DIRECTION('',(0.,0.,-1.));
#7684=DIRECTION('',(1.,0.,2.74110663307892E-14));
#7685=DIRECTION('',(2.77555756156289E-14,0.,-1.));
#7686=DIRECTION('',(-1.,0.,0.));
#7687=DIRECTION('',(0.,0.,1.));
#7688=DIRECTION('',(-1.,0.,-2.74110663307892E-14));
#7689=DIRECTION('',(-2.7755575615629E-14,0.,1.));
#7690=DIRECTION('',(1.,0.,0.));
#7691=DIRECTION('',(0.,0.,-1.));
#7692=DIRECTION('',(0.,0.,1.));
#7693=DIRECTION('',(1.,0.,0.));
#7694=DIRECTION('',(-0.39265355383036,0.919686461063981,-5.987097295389E-16));
#7695=DIRECTION('',(2.1081878711821E-16,-5.60985733078913E-16,-1.));
#7696=DIRECTION('',(0.452242137373026,-0.891895200785539,6.12323399573677E-17));
#7697=DIRECTION('',(2.76918442986717E-17,-5.46128301408449E-17,-1.));
#7698=DIRECTION('',(0.80473955334386,0.593628041187346,1.63362645279681E-16));
#7699=DIRECTION('',(2.10818787118208E-16,-5.60985733078912E-16,1.));
#7700=DIRECTION('',(0.39265355383036,-0.919686461063981,-5.987097295389E-16));
#7701=DIRECTION('',(2.1081878711821E-16,-5.60985733078913E-16,1.));
#7702=DIRECTION('',(0.,0.,1.));
#7703=DIRECTION('',(6.12323399573677E-17,1.,0.));
#7704=DIRECTION('',(0.39265355383036,-0.919686461063981,-5.987097295389E-16));
#7705=DIRECTION('',(2.1081878711821E-16,-5.60985733078913E-16,1.));
#7706=DIRECTION('',(-0.927499872403876,0.373823469957137,0.));
#7707=DIRECTION('',(0.,0.,1.));
#7708=DIRECTION('',(0.,0.,1.));
#7709=DIRECTION('',(6.12323399573677E-17,1.,0.));
#7710=DIRECTION('',(0.,0.,-1.));
#7711=DIRECTION('',(1.,0.,0.));
#7712=DIRECTION('',(0.,0.,1.));
#7713=DIRECTION('',(1.,0.,0.));
#7714=DIRECTION('',(0.,0.,-1.));
#7715=DIRECTION('',(1.,0.,0.));
#7716=DIRECTION('',(0.,0.,1.));
#7717=DIRECTION('',(1.,0.,0.));
#7718=DIRECTION('',(0.,0.,1.));
#7719=DIRECTION('',(-1.,0.,0.));
#7720=DIRECTION('',(0.,0.,1.));
#7721=DIRECTION('',(1.,0.,0.));
#7722=DIRECTION('',(-0.80473955334386,-0.593628041187346,1.63362645279681E-16));
#7723=DIRECTION('',(2.10818787118208E-16,-5.60985733078912E-16,-1.));
#7724=DIRECTION('',(1.,3.14418630020797E-17,2.55962073345639E-17));
#7725=DIRECTION('',(-2.55962073345639E-17,8.6329597209973E-17,1.));
#7726=DIRECTION('',(8.68176844058395E-32,-7.76889982636452E-31,1.));
#7727=DIRECTION('',(0.912711788858944,-0.40860395308649,-3.96679842057194E-31));
#7728=DIRECTION('',(1.,0.,6.12323399573677E-17));
#7729=DIRECTION('',(6.12323399573677E-17,0.,-1.));
#7730=DIRECTION('',(0.927499872403876,-0.373823469957137,0.));
#7731=DIRECTION('',(0.,0.,-1.));
#7732=DIRECTION('',(-1.,0.,6.12323399573677E-17));
#7733=DIRECTION('',(6.12323399573677E-17,0.,1.));
#7734=DIRECTION('',(0.927499872403876,-0.373823469957137,0.));
#7735=DIRECTION('',(0.,0.,-1.));
#7736=DIRECTION('',(1.,0.,0.));
#7737=DIRECTION('',(0.,0.,-1.));
#7738=DIRECTION('',(1.,0.,0.));
#7739=DIRECTION('',(0.,0.,-1.));
#7740=DIRECTION('',(1.,0.,0.));
#7741=DIRECTION('',(0.,0.,-1.));
#7742=DIRECTION('',(1.,0.,0.));
#7743=DIRECTION('',(0.,0.,-1.));
#7744=DIRECTION('',(-1.,0.,0.));
#7745=DIRECTION('',(0.,0.,1.));
#7746=DIRECTION('',(0.,0.,1.));
#7747=DIRECTION('',(1.,0.,0.));
#7748=DIRECTION('',(-1.,-1.04427503800539E-15,6.93889390390704E-18));
#7749=DIRECTION('',(6.93889390390723E-18,-1.78975729223811E-16,1.));
#7750=DIRECTION('',(8.68176844058395E-32,-7.76889982636452E-31,-1.));
#7751=DIRECTION('',(-0.912711788858944,0.40860395308649,-3.96679842057194E-31));
#7752=DIRECTION('',(0.,0.,1.));
#7753=DIRECTION('',(6.12323399573677E-17,1.,0.));
#7754=DIRECTION('',(0.927499872403876,-0.373823469957137,0.));
#7755=DIRECTION('',(0.,0.,-1.));
#7756=DIRECTION('',(1.,0.,0.));
#7757=DIRECTION('',(0.,0.,-1.));
#7758=DIRECTION('',(-1.,0.,0.));
#7759=DIRECTION('',(0.,0.,-1.));
#7760=DIRECTION('',(-1.,0.,0.));
#7761=DIRECTION('',(1.,0.,0.));
#7762=DIRECTION('',(0.,0.,1.));
#7763=DIRECTION('',(1.,0.,0.));
#7764=DIRECTION('',(-1.,0.,0.));
#7765=DIRECTION('',(0.,0.,1.));
#7766=DIRECTION('',(1.,0.,0.));
#7767=DIRECTION('',(0.,0.,1.));
#7768=DIRECTION('',(1.,0.,0.));
#7769=DIRECTION('',(-1.,0.,0.));
#7770=DIRECTION('',(0.,0.,-1.));
#7771=DIRECTION('',(-1.,0.,0.));
#7772=DIRECTION('',(1.,0.,0.));
#7773=DIRECTION('',(0.,0.,-1.));
#7774=DIRECTION('',(1.,0.,0.));
#7775=DIRECTION('',(0.,0.,1.));
#7776=DIRECTION('',(1.,0.,0.));
#7777=DIRECTION('',(-1.,0.,0.));
#7778=DIRECTION('',(0.,0.,-1.));
#7779=DIRECTION('',(-1.,0.,0.));
#7780=DIRECTION('',(-1.,0.,0.));
#7781=DIRECTION('',(0.,0.,1.));
#7782=DIRECTION('',(-1.,0.,0.));
#7783=DIRECTION('',(0.,0.,-1.));
#7784=DIRECTION('',(-1.,0.,0.));
#7785=DIRECTION('',(1.,0.,0.));
#7786=DIRECTION('',(0.,0.,1.));
#7787=DIRECTION('',(1.,0.,0.));
#7788=DIRECTION('',(0.,-1.,0.));
#7789=DIRECTION('',(0.,0.,-1.));
#7790=DIRECTION('',(0.,0.,-1.));
#7791=DIRECTION('',(0.,0.,1.));
#7792=DIRECTION('',(0.,0.,1.));
#7793=DIRECTION('',(1.,0.,0.));
#7794=DIRECTION('',(0.,1.,0.));
#7795=DIRECTION('',(0.,1.,0.));
#7796=DIRECTION('',(1.,0.,0.));
#7797=DIRECTION('',(0.,0.,-1.));
#7798=DIRECTION('',(-1.,0.,0.));
#7799=DIRECTION('',(0.,1.,0.));
#7800=DIRECTION('',(0.,1.,0.));
#7801=DIRECTION('',(-1.,0.,0.));
#7802=DIRECTION('',(1.,0.,0.));
#7803=DIRECTION('',(0.,0.,-1.));
#7804=DIRECTION('',(1.,0.,0.));
#7805=DIRECTION('',(0.,0.,1.));
#7806=DIRECTION('',(1.,0.,0.));
#7807=DIRECTION('',(-1.,0.,0.));
#7808=DIRECTION('',(0.,0.,-1.));
#7809=DIRECTION('',(-1.,0.,0.));
#7810=DIRECTION('',(-1.,0.,0.));
#7811=DIRECTION('',(0.,0.,1.));
#7812=DIRECTION('',(-1.,0.,0.));
#7813=DIRECTION('',(0.,0.,-1.));
#7814=DIRECTION('',(-1.,0.,0.));
#7815=DIRECTION('',(1.,0.,0.));
#7816=DIRECTION('',(0.,0.,1.));
#7817=DIRECTION('',(1.,0.,0.));
#7818=DIRECTION('',(0.,-1.,0.));
#7819=DIRECTION('',(0.,0.,-1.));
#7820=DIRECTION('',(0.,0.,-1.));
#7821=DIRECTION('',(0.,0.,1.));
#7822=DIRECTION('',(0.,0.,1.));
#7823=DIRECTION('',(1.,0.,0.));
#7824=DIRECTION('',(0.,1.,0.));
#7825=DIRECTION('',(0.,1.,0.));
#7826=DIRECTION('',(1.,0.,0.));
#7827=DIRECTION('',(0.,0.,-1.));
#7828=DIRECTION('',(-1.,0.,0.));
#7829=DIRECTION('',(0.,1.,0.));
#7830=DIRECTION('',(0.,1.,0.));
#7831=DIRECTION('',(-1.,0.,0.));
#7832=DIRECTION('',(1.,0.,0.));
#7833=DIRECTION('',(0.,0.,-1.));
#7834=DIRECTION('',(1.,0.,0.));
#7835=DIRECTION('',(0.,0.,1.));
#7836=DIRECTION('',(1.,0.,0.));
#7837=DIRECTION('',(-1.,0.,0.));
#7838=DIRECTION('',(0.,0.,-1.));
#7839=DIRECTION('',(-1.,0.,0.));
#7840=DIRECTION('',(-1.,0.,0.));
#7841=DIRECTION('',(0.,0.,1.));
#7842=DIRECTION('',(-1.,0.,0.));
#7843=DIRECTION('',(0.,0.,-1.));
#7844=DIRECTION('',(-1.,0.,0.));
#7845=DIRECTION('',(1.,0.,0.));
#7846=DIRECTION('',(0.,0.,1.));
#7847=DIRECTION('',(1.,0.,0.));
#7848=DIRECTION('',(0.,-1.,0.));
#7849=DIRECTION('',(0.,0.,-1.));
#7850=DIRECTION('',(0.,0.,-1.));
#7851=DIRECTION('',(0.,0.,1.));
#7852=DIRECTION('',(0.,0.,1.));
#7853=DIRECTION('',(1.,0.,0.));
#7854=DIRECTION('',(0.,1.,0.));
#7855=DIRECTION('',(0.,1.,0.));
#7856=DIRECTION('',(1.,0.,0.));
#7857=DIRECTION('',(0.,0.,-1.));
#7858=DIRECTION('',(-1.,0.,0.));
#7859=DIRECTION('',(0.,1.,0.));
#7860=DIRECTION('',(0.,1.,0.));
#7861=DIRECTION('',(-1.,0.,0.));
#7862=DIRECTION('',(1.,0.,0.));
#7863=DIRECTION('',(0.,0.,-1.));
#7864=DIRECTION('',(1.,0.,0.));
#7865=DIRECTION('',(0.,0.,1.));
#7866=DIRECTION('',(1.,0.,0.));
#7867=DIRECTION('',(-1.,0.,0.));
#7868=DIRECTION('',(0.,0.,-1.));
#7869=DIRECTION('',(-1.,0.,0.));
#7870=DIRECTION('',(-1.,0.,0.));
#7871=DIRECTION('',(0.,0.,1.));
#7872=DIRECTION('',(-1.,0.,0.));
#7873=DIRECTION('',(0.,0.,-1.));
#7874=DIRECTION('',(-1.,0.,0.));
#7875=DIRECTION('',(1.,0.,0.));
#7876=DIRECTION('',(0.,0.,1.));
#7877=DIRECTION('',(1.,0.,0.));
#7878=DIRECTION('',(0.,-1.,0.));
#7879=DIRECTION('',(0.,0.,-1.));
#7880=DIRECTION('',(0.,0.,-1.));
#7881=DIRECTION('',(0.,0.,1.));
#7882=DIRECTION('',(0.,0.,1.));
#7883=DIRECTION('',(1.,0.,0.));
#7884=DIRECTION('',(0.,1.,0.));
#7885=DIRECTION('',(0.,1.,0.));
#7886=DIRECTION('',(1.,0.,0.));
#7887=DIRECTION('',(0.,0.,-1.));
#7888=DIRECTION('',(-1.,0.,0.));
#7889=DIRECTION('',(0.,1.,0.));
#7890=DIRECTION('',(0.,1.,0.));
#7891=DIRECTION('',(-1.,0.,0.));
#7892=DIRECTION('',(1.,0.,0.));
#7893=DIRECTION('',(0.,0.,-1.));
#7894=DIRECTION('',(1.,0.,0.));
#7895=DIRECTION('',(0.,0.,1.));
#7896=DIRECTION('',(1.,0.,0.));
#7897=DIRECTION('',(-1.,0.,0.));
#7898=DIRECTION('',(0.,0.,-1.));
#7899=DIRECTION('',(-1.,0.,0.));
#7900=DIRECTION('',(-1.,0.,0.));
#7901=DIRECTION('',(0.,0.,1.));
#7902=DIRECTION('',(-1.,0.,0.));
#7903=DIRECTION('',(0.,0.,-1.));
#7904=DIRECTION('',(-1.,0.,0.));
#7905=DIRECTION('',(1.,0.,0.));
#7906=DIRECTION('',(0.,0.,1.));
#7907=DIRECTION('',(1.,0.,0.));
#7908=DIRECTION('',(0.,-1.,0.));
#7909=DIRECTION('',(0.,0.,-1.));
#7910=DIRECTION('',(0.,0.,-1.));
#7911=DIRECTION('',(0.,0.,1.));
#7912=DIRECTION('',(0.,0.,1.));
#7913=DIRECTION('',(1.,0.,0.));
#7914=DIRECTION('',(0.,1.,0.));
#7915=DIRECTION('',(0.,1.,0.));
#7916=DIRECTION('',(1.,0.,0.));
#7917=DIRECTION('',(0.,0.,-1.));
#7918=DIRECTION('',(-1.,0.,0.));
#7919=DIRECTION('',(0.,1.,0.));
#7920=DIRECTION('',(0.,1.,0.));
#7921=DIRECTION('',(-1.,0.,0.));
#7922=DIRECTION('',(0.,-1.,0.));
#7923=DIRECTION('',(0.,0.,-1.));
#7924=DIRECTION('',(0.,0.,1.));
#7925=DIRECTION('',(-1.,0.,0.));
#7926=DIRECTION('',(0.,0.,-1.));
#7927=DIRECTION('',(0.,-1.,0.));
#7928=DIRECTION('',(0.,0.,-1.));
#7929=DIRECTION('',(0.,0.,-1.));
#7930=DIRECTION('',(0.,0.,1.));
#7931=DIRECTION('',(0.,0.,-1.));
#7932=DIRECTION('',(-1.,0.,0.));
#7933=DIRECTION('',(0.,-1.,0.));
#7934=DIRECTION('',(0.,-1.,0.));
#7935=DIRECTION('',(1.,0.,0.));
#7936=DIRECTION('',(1.,0.,0.));
#7937=DIRECTION('',(0.,0.,-1.));
#7938=DIRECTION('',(0.,-1.,0.));
#7939=DIRECTION('',(0.,0.,1.));
#7940=DIRECTION('',(0.,0.,1.));
#7941=DIRECTION('',(0.,0.,1.));
#7942=DIRECTION('',(0.,0.,1.));
#7943=DIRECTION('',(0.,0.,1.));
#7944=DIRECTION('',(0.,0.,1.));
#7945=DIRECTION('',(1.,0.,0.));
#7946=DIRECTION('',(0.,-1.,0.));
#7947=DIRECTION('',(-1.,0.,0.));
#7948=DIRECTION('',(0.,0.,1.));
#7949=DIRECTION('',(0.,0.,-1.));
#7950=DIRECTION('',(0.,0.,-1.));
#7951=DIRECTION('',(0.,0.,-1.));
#7952=DIRECTION('',(0.,0.,-1.));
#7953=DIRECTION('',(0.,0.,-1.));
#7954=DIRECTION('',(0.,-1.,0.));
#7955=DIRECTION('',(0.,0.,-1.));
#7956=DIRECTION('',(0.,-1.,0.));
#7957=DIRECTION('',(0.,0.,-1.));
#7958=DIRECTION('',(0.,-1.,0.));
#7959=DIRECTION('',(0.,0.,-1.));
#7960=DIRECTION('',(0.,-1.,0.));
#7961=DIRECTION('',(0.,0.,-1.));
#7962=DIRECTION('',(0.,-1.,0.));
#7963=DIRECTION('',(0.,0.,-1.));
#7964=DIRECTION('',(0.,0.,1.));
#7965=DIRECTION('',(1.,0.,0.));
#7966=DIRECTION('',(-0.80473955334386,-0.593628041187346,1.63362645279681E-16));
#7967=DIRECTION('',(2.10818787118208E-16,-5.60985733078912E-16,-1.));
#7968=DIRECTION('',(0.80473955334386,0.593628041187346,1.63362645279681E-16));
#7969=DIRECTION('',(2.10818787118208E-16,-5.60985733078912E-16,1.));
#7970=DIRECTION('',(-1.,0.,6.12323399573677E-17));
#7971=DIRECTION('',(6.12323399573677E-17,0.,1.));
#7972=DIRECTION('',(8.68176844058395E-32,-7.76889982636452E-31,1.));
#7973=DIRECTION('',(0.912711788858944,-0.40860395308649,-3.96679842057194E-31));
#7974=DIRECTION('',(-1.,0.,6.12323399573677E-17));
#7975=DIRECTION('',(6.12323399573677E-17,0.,1.));
#7976=DIRECTION('',(0.39265355383036,-0.919686461063981,-5.987097295389E-16));
#7977=DIRECTION('',(2.1081878711821E-16,-5.60985733078913E-16,1.));
#7978=DIRECTION('',(0.,0.,1.));
#7979=DIRECTION('',(1.,0.,0.));
#7980=DIRECTION('',(0.,0.,1.));
#7981=DIRECTION('',(1.,0.,0.));
#7982=DIRECTION('',(0.,0.,1.));
#7983=DIRECTION('',(1.,0.,0.));
#7984=DIRECTION('',(0.,0.,1.));
#7985=DIRECTION('',(1.,0.,0.));
#7986=DIRECTION('',(0.,0.,-1.));
#7987=DIRECTION('',(-1.,0.,0.));
#7988=DIRECTION('',(0.,0.,1.));
#7989=DIRECTION('',(1.,0.,0.));
#7990=DIRECTION('',(0.,0.,1.));
#7991=DIRECTION('',(6.12323399573677E-17,1.,0.));
#7992=DIRECTION('',(-0.39265355383036,0.919686461063981,-5.987097295389E-16));
#7993=DIRECTION('',(2.1081878711821E-16,-5.60985733078913E-16,-1.));
#7994=DIRECTION('',(0.452242137373026,-0.891895200785539,6.12323399573677E-17));
#7995=DIRECTION('',(2.76918442986717E-17,-5.46128301408449E-17,-1.));
#7996=DIRECTION('',(-0.927499872403876,0.373823469957137,0.));
#7997=DIRECTION('',(0.,0.,1.));
#7998=CARTESIAN_POINT('',(0.,0.,0.));
#7999=CARTESIAN_POINT('',(0.005,0.0025,0.00144337567297406));
#8000=CARTESIAN_POINT('',(0.005,7.22793097604934E-19,0.00288675134594813));
#8001=CARTESIAN_POINT('',(0.005,7.22793097604934E-19,0.00288675134594813));
#8002=CARTESIAN_POINT('',(0.005,0.0025,0.00144337567297406));
#8003=CARTESIAN_POINT('',(0.005,0.0025,0.00144337567297406));
#8004=CARTESIAN_POINT('',(0.005,0.0025,-0.00144337567297406));
#8005=CARTESIAN_POINT('',(0.005,0.0025,-0.00144337567297406));
#8006=CARTESIAN_POINT('',(0.005,4.28821744874896E-19,-0.00288675134594813));
#8007=CARTESIAN_POINT('',(0.005,4.28821744874896E-19,-0.00288675134594813));
#8008=CARTESIAN_POINT('',(0.005,-0.0025,-0.00144337567297406));
#8009=CARTESIAN_POINT('',(0.005,-0.0025,-0.00144337567297406));
#8010=CARTESIAN_POINT('',(0.005,-0.0025,0.00144337567297406));
#8011=CARTESIAN_POINT('',(0.005,-0.0025,0.00144337567297406));
#8012=CARTESIAN_POINT('',(0.005,0.0025,0.00144337567297406));
#8013=CARTESIAN_POINT('',(0.,0.0025,0.00144337567297406));
#8014=CARTESIAN_POINT('',(0.,0.0025,0.00144337567297406));
#8015=CARTESIAN_POINT('',(0.,0.0025,-0.00144337567297406));
#8016=CARTESIAN_POINT('',(0.005,0.0025,-0.00144337567297406));
#8017=CARTESIAN_POINT('',(0.005,0.0025,0.00144337567297406));
#8018=CARTESIAN_POINT('',(0.005,0.0025,-0.00144337567297406));
#8019=CARTESIAN_POINT('',(0.,0.0025,-0.00144337567297406));
#8020=CARTESIAN_POINT('',(0.,4.28821744874896E-19,-0.00288675134594813));
#8021=CARTESIAN_POINT('',(0.005,4.28821744874896E-19,-0.00288675134594813));
#8022=CARTESIAN_POINT('',(0.005,4.28821744874896E-19,-0.00288675134594813));
#8023=CARTESIAN_POINT('',(0.,4.28821744874896E-19,-0.00288675134594813));
#8024=CARTESIAN_POINT('',(0.,-0.0025,-0.00144337567297406));
#8025=CARTESIAN_POINT('',(0.005,-0.0025,-0.00144337567297406));
#8026=CARTESIAN_POINT('',(0.005,-0.0025,-0.00144337567297406));
#8027=CARTESIAN_POINT('',(0.,-0.0025,-0.00144337567297406));
#8028=CARTESIAN_POINT('',(0.,-0.0025,0.00144337567297406));
#8029=CARTESIAN_POINT('',(0.005,-0.0025,0.00144337567297406));
#8030=CARTESIAN_POINT('',(0.005,-0.0025,0.00144337567297406));
#8031=CARTESIAN_POINT('',(0.,-0.0025,0.00144337567297406));
#8032=CARTESIAN_POINT('',(0.,7.22793097604934E-19,0.00288675134594813));
#8033=CARTESIAN_POINT('',(0.005,7.22793097604934E-19,0.00288675134594813));
#8034=CARTESIAN_POINT('',(0.005,7.22793097604934E-19,0.00288675134594813));
#8035=CARTESIAN_POINT('',(0.,7.22793097604934E-19,0.00288675134594813));
#8036=CARTESIAN_POINT('',(0.016,0.004,0.));
#8037=CARTESIAN_POINT('',(0.016,0.,0.));
#8038=CARTESIAN_POINT('',(0.016,0.,0.0035));
#8039=CARTESIAN_POINT('',(0.,0.,0.));
#8040=CARTESIAN_POINT('',(0.,0.,0.));
#8041=CARTESIAN_POINT('',(0.,0.,0.0076));
#8042=CARTESIAN_POINT('',(-0.0369169472502806,0.,0.));
#8043=CARTESIAN_POINT('',(0.00140000000000001,0.,0.));
#8044=CARTESIAN_POINT('',(0.00140000000000001,0.,0.0076));
#8045=CARTESIAN_POINT('',(0.005,0.,0.));
#8046=CARTESIAN_POINT('',(0.005,0.,0.));
#8047=CARTESIAN_POINT('',(0.005,0.,0.004));
#8048=CARTESIAN_POINT('',(-0.0369169472502806,0.,0.));
#8049=CARTESIAN_POINT('',(0.0155,0.,0.));
#8050=CARTESIAN_POINT('',(0.0155,0.,0.004));
#8051=CARTESIAN_POINT('',(0.0155,0.,0.));
#8052=CARTESIAN_POINT('',(-0.0805,-0.0525,0.300875));
#8053=CARTESIAN_POINT('',(-0.0805,-0.0525,0.255));
#8054=CARTESIAN_POINT('',(0.005,0.0025,0.00144337567297406));
#8055=CARTESIAN_POINT('',(0.005,7.22793097604934E-19,0.00288675134594813));
#8056=CARTESIAN_POINT('',(0.005,7.22793097604934E-19,0.00288675134594813));
#8057=CARTESIAN_POINT('',(0.005,0.0025,0.00144337567297406));
#8058=CARTESIAN_POINT('',(0.005,0.0025,0.00144337567297406));
#8059=CARTESIAN_POINT('',(0.005,0.0025,-0.00144337567297406));
#8060=CARTESIAN_POINT('',(0.005,0.0025,-0.00144337567297406));
#8061=CARTESIAN_POINT('',(0.005,4.28821744874896E-19,-0.00288675134594813));
#8062=CARTESIAN_POINT('',(0.005,4.28821744874896E-19,-0.00288675134594813));
#8063=CARTESIAN_POINT('',(0.005,-0.0025,-0.00144337567297406));
#8064=CARTESIAN_POINT('',(0.005,-0.0025,-0.00144337567297406));
#8065=CARTESIAN_POINT('',(0.005,-0.0025,0.00144337567297406));
#8066=CARTESIAN_POINT('',(0.005,-0.0025,0.00144337567297406));
#8067=CARTESIAN_POINT('',(0.005,0.0025,0.00144337567297406));
#8068=CARTESIAN_POINT('',(0.,0.0025,0.00144337567297406));
#8069=CARTESIAN_POINT('',(0.,0.0025,0.00144337567297406));
#8070=CARTESIAN_POINT('',(0.,0.0025,-0.00144337567297406));
#8071=CARTESIAN_POINT('',(0.005,0.0025,-0.00144337567297406));
#8072=CARTESIAN_POINT('',(0.005,0.0025,0.00144337567297406));
#8073=CARTESIAN_POINT('',(0.005,0.0025,-0.00144337567297406));
#8074=CARTESIAN_POINT('',(0.,0.0025,-0.00144337567297406));
#8075=CARTESIAN_POINT('',(0.,4.28821744874896E-19,-0.00288675134594813));
#8076=CARTESIAN_POINT('',(0.005,4.28821744874896E-19,-0.00288675134594813));
#8077=CARTESIAN_POINT('',(0.005,4.28821744874896E-19,-0.00288675134594813));
#8078=CARTESIAN_POINT('',(0.,4.28821744874896E-19,-0.00288675134594813));
#8079=CARTESIAN_POINT('',(0.,-0.0025,-0.00144337567297406));
#8080=CARTESIAN_POINT('',(0.005,-0.0025,-0.00144337567297406));
#8081=CARTESIAN_POINT('',(0.005,-0.0025,-0.00144337567297406));
#8082=CARTESIAN_POINT('',(0.,-0.0025,-0.00144337567297406));
#8083=CARTESIAN_POINT('',(0.,-0.0025,0.00144337567297406));
#8084=CARTESIAN_POINT('',(0.005,-0.0025,0.00144337567297406));
#8085=CARTESIAN_POINT('',(0.005,-0.0025,0.00144337567297406));
#8086=CARTESIAN_POINT('',(0.,-0.0025,0.00144337567297406));
#8087=CARTESIAN_POINT('',(0.,7.22793097604934E-19,0.00288675134594813));
#8088=CARTESIAN_POINT('',(0.005,7.22793097604934E-19,0.00288675134594813));
#8089=CARTESIAN_POINT('',(0.005,7.22793097604934E-19,0.00288675134594813));
#8090=CARTESIAN_POINT('',(0.,7.22793097604934E-19,0.00288675134594813));
#8091=CARTESIAN_POINT('',(0.02,0.004,0.));
#8092=CARTESIAN_POINT('',(0.02,0.,0.));
#8093=CARTESIAN_POINT('',(0.02,0.,0.0035));
#8094=CARTESIAN_POINT('',(0.,0.,0.));
#8095=CARTESIAN_POINT('',(0.,0.,0.));
#8096=CARTESIAN_POINT('',(0.,0.,0.0076));
#8097=CARTESIAN_POINT('',(-0.0369169472502806,0.,0.));
#8098=CARTESIAN_POINT('',(0.00140000000000001,0.,0.));
#8099=CARTESIAN_POINT('',(0.00140000000000001,0.,0.0076));
#8100=CARTESIAN_POINT('',(0.005,0.,0.));
#8101=CARTESIAN_POINT('',(0.005,0.,0.));
#8102=CARTESIAN_POINT('',(0.005,0.,0.004));
#8103=CARTESIAN_POINT('',(-0.0369169472502806,0.,0.));
#8104=CARTESIAN_POINT('',(0.0195,0.,0.));
#8105=CARTESIAN_POINT('',(0.0195,0.,0.004));
#8106=CARTESIAN_POINT('',(0.0195,0.,0.));
#8107=CARTESIAN_POINT('',(-0.07,-0.003875,-0.274));
#8108=CARTESIAN_POINT('',(0.1275,0.004,0.289));
#8109=CARTESIAN_POINT('',(0.1275,0.004,0.289));
#8110=CARTESIAN_POINT('',(0.1275,0.004,0.292));
#8111=CARTESIAN_POINT('',(0.1305,0.004,0.289));
#8112=CARTESIAN_POINT('',(0.1275,0.004,0.292));
#8113=CARTESIAN_POINT('',(0.1275,-0.004,0.292));
#8114=CARTESIAN_POINT('',(0.1275,-0.004,0.289));
#8115=CARTESIAN_POINT('',(0.1305,-0.004,0.289));
#8116=CARTESIAN_POINT('',(0.1305,0.004,0.289));
#8117=CARTESIAN_POINT('',(-0.1275,0.004,0.289));
#8118=CARTESIAN_POINT('',(-0.1275,0.004,0.289));
#8119=CARTESIAN_POINT('',(-0.1305,0.004,0.289));
#8120=CARTESIAN_POINT('',(-0.1275,0.004,0.292));
#8121=CARTESIAN_POINT('',(-0.1305,0.004,0.289));
#8122=CARTESIAN_POINT('',(-0.1305,-0.004,0.289));
#8123=CARTESIAN_POINT('',(-0.1275,-0.004,0.289));
#8124=CARTESIAN_POINT('',(-0.1275,-0.004,0.292));
#8125=CARTESIAN_POINT('',(-0.1275,0.004,0.292));
#8126=CARTESIAN_POINT('',(-0.1275,0.004,-0.289));
#8127=CARTESIAN_POINT('',(-0.1275,0.004,-0.289));
#8128=CARTESIAN_POINT('',(-0.1275,0.004,-0.292));
#8129=CARTESIAN_POINT('',(-0.1305,0.004,-0.289));
#8130=CARTESIAN_POINT('',(-0.1275,0.004,-0.292));
#8131=CARTESIAN_POINT('',(-0.1275,-0.004,-0.292));
#8132=CARTESIAN_POINT('',(-0.1275,-0.004,-0.289));
#8133=CARTESIAN_POINT('',(-0.1305,-0.004,-0.289));
#8134=CARTESIAN_POINT('',(-0.1305,0.004,-0.289));
#8135=CARTESIAN_POINT('',(0.1275,0.004,-0.289));
#8136=CARTESIAN_POINT('',(0.1275,0.004,-0.289));
#8137=CARTESIAN_POINT('',(0.1305,0.004,-0.289));
#8138=CARTESIAN_POINT('',(0.1275,0.004,-0.292));
#8139=CARTESIAN_POINT('',(0.1305,0.004,-0.289));
#8140=CARTESIAN_POINT('',(0.1305,-0.004,-0.289));
#8141=CARTESIAN_POINT('',(0.1275,-0.004,-0.289));
#8142=CARTESIAN_POINT('',(0.1275,-0.004,-0.292));
#8143=CARTESIAN_POINT('',(0.1275,0.004,-0.292));
#8144=CARTESIAN_POINT('',(0.1307,0.01,-0.2447));
#8145=CARTESIAN_POINT('',(0.1307,0.004,-0.2447));
#8146=CARTESIAN_POINT('',(0.1297,0.004,-0.2447));
#8147=CARTESIAN_POINT('',(0.1305,0.004,-0.245679795897114));
#8148=CARTESIAN_POINT('',(0.1297,0.01,-0.2447));
#8149=CARTESIAN_POINT('',(0.1297,-0.004,-0.2447));
#8150=CARTESIAN_POINT('',(0.1307,-0.004,-0.2447));
#8151=CARTESIAN_POINT('',(0.1305,-0.004,-0.245679795897114));
#8152=CARTESIAN_POINT('',(0.1305,0.01,-0.245679795897114));
#8153=CARTESIAN_POINT('',(0.1307,0.01,-0.2243));
#8154=CARTESIAN_POINT('',(0.1307,-0.004,-0.2243));
#8155=CARTESIAN_POINT('',(0.1305,-0.004,-0.223320204102887));
#8156=CARTESIAN_POINT('',(0.1297,-0.004,-0.2243));
#8157=CARTESIAN_POINT('',(0.1297,0.01,-0.2243));
#8158=CARTESIAN_POINT('',(0.1297,0.004,-0.2243));
#8159=CARTESIAN_POINT('',(0.1307,0.004,-0.2243));
#8160=CARTESIAN_POINT('',(0.1305,0.004,-0.223320204102887));
#8161=CARTESIAN_POINT('',(0.1305,0.01,-0.223320204102887));
#8162=CARTESIAN_POINT('',(0.1243,0.01,-0.2243));
#8163=CARTESIAN_POINT('',(0.1253,0.01,-0.2243));
#8164=CARTESIAN_POINT('',(0.1253,0.004,-0.2243));
#8165=CARTESIAN_POINT('',(0.1253,-0.004,-0.2243));
#8166=CARTESIAN_POINT('',(0.1243,-0.004,-0.2243));
#8167=CARTESIAN_POINT('',(0.1243,-0.004,-0.2253));
#8168=CARTESIAN_POINT('',(0.1243,0.01,-0.2253));
#8169=CARTESIAN_POINT('',(0.1243,0.004,-0.2253));
#8170=CARTESIAN_POINT('',(0.1243,0.004,-0.2243));
#8171=CARTESIAN_POINT('',(0.1243,-0.018,-0.2447));
#8172=CARTESIAN_POINT('',(0.,0.004,-0.2447));
#8173=CARTESIAN_POINT('',(0.1253,0.004,-0.2447));
#8174=CARTESIAN_POINT('',(0.1253,0.01,-0.2447));
#8175=CARTESIAN_POINT('',(0.1253,-0.004,-0.2447));
#8176=CARTESIAN_POINT('',(0.1243,-0.004,-0.2447));
#8177=CARTESIAN_POINT('',(0.1243,-0.018,0.0101999999999999));
#8178=CARTESIAN_POINT('',(0.1243,0.004,0.));
#8179=CARTESIAN_POINT('',(0.1243,0.004,-0.2437));
#8180=CARTESIAN_POINT('',(0.1243,-0.004,-0.2243));
#8181=CARTESIAN_POINT('',(0.1243,-0.004,-0.2437));
#8182=CARTESIAN_POINT('',(0.1243,0.01,-0.2437));
#8183=CARTESIAN_POINT('',(0.1307,-0.018,-0.2243));
#8184=CARTESIAN_POINT('',(0.,0.004,-0.2243));
#8185=CARTESIAN_POINT('',(0.1307,-0.004,-0.2243));
#8186=CARTESIAN_POINT('',(0.1307,0.01,-0.12745));
#8187=CARTESIAN_POINT('',(0.1307,0.004,-0.12745));
#8188=CARTESIAN_POINT('',(0.1297,0.004,-0.12745));
#8189=CARTESIAN_POINT('',(0.1305,0.004,-0.128429795897113));
#8190=CARTESIAN_POINT('',(0.1297,0.01,-0.12745));
#8191=CARTESIAN_POINT('',(0.1297,-0.004,-0.12745));
#8192=CARTESIAN_POINT('',(0.1307,-0.004,-0.12745));
#8193=CARTESIAN_POINT('',(0.1305,-0.004,-0.128429795897113));
#8194=CARTESIAN_POINT('',(0.1305,0.01,-0.128429795897113));
#8195=CARTESIAN_POINT('',(0.1307,0.01,-0.10705));
#8196=CARTESIAN_POINT('',(0.1307,-0.004,-0.10705));
#8197=CARTESIAN_POINT('',(0.1305,-0.004,-0.106070204102887));
#8198=CARTESIAN_POINT('',(0.1297,-0.004,-0.10705));
#8199=CARTESIAN_POINT('',(0.1297,0.01,-0.10705));
#8200=CARTESIAN_POINT('',(0.1297,0.004,-0.10705));
#8201=CARTESIAN_POINT('',(0.1307,0.004,-0.10705));
#8202=CARTESIAN_POINT('',(0.1305,0.004,-0.106070204102887));
#8203=CARTESIAN_POINT('',(0.1305,0.01,-0.106070204102887));
#8204=CARTESIAN_POINT('',(0.1243,0.01,-0.10705));
#8205=CARTESIAN_POINT('',(0.1253,0.01,-0.10705));
#8206=CARTESIAN_POINT('',(0.1253,0.004,-0.10705));
#8207=CARTESIAN_POINT('',(0.1253,-0.004,-0.10705));
#8208=CARTESIAN_POINT('',(0.1243,-0.004,-0.10705));
#8209=CARTESIAN_POINT('',(0.1243,-0.004,-0.10805));
#8210=CARTESIAN_POINT('',(0.1243,0.01,-0.10805));
#8211=CARTESIAN_POINT('',(0.1243,0.004,-0.10805));
#8212=CARTESIAN_POINT('',(0.1243,0.004,-0.10705));
#8213=CARTESIAN_POINT('',(0.1243,-0.018,-0.12745));
#8214=CARTESIAN_POINT('',(0.,0.004,-0.12745));
#8215=CARTESIAN_POINT('',(0.1253,0.004,-0.12745));
#8216=CARTESIAN_POINT('',(0.1253,0.01,-0.12745));
#8217=CARTESIAN_POINT('',(0.1253,-0.004,-0.12745));
#8218=CARTESIAN_POINT('',(0.1243,-0.004,-0.12745));
#8219=CARTESIAN_POINT('',(0.1243,-0.018,0.0101999999999999));
#8220=CARTESIAN_POINT('',(0.1243,0.004,0.));
#8221=CARTESIAN_POINT('',(0.1243,0.004,-0.12645));
#8222=CARTESIAN_POINT('',(0.1243,-0.004,-0.10705));
#8223=CARTESIAN_POINT('',(0.1243,-0.004,-0.12645));
#8224=CARTESIAN_POINT('',(0.1243,0.01,-0.12645));
#8225=CARTESIAN_POINT('',(0.1307,-0.018,-0.10705));
#8226=CARTESIAN_POINT('',(0.,0.004,-0.10705));
#8227=CARTESIAN_POINT('',(0.1307,-0.004,-0.10705));
#8228=CARTESIAN_POINT('',(0.1307,0.01,-0.0102000000000001));
#8229=CARTESIAN_POINT('',(0.1307,0.004,-0.0102000000000001));
#8230=CARTESIAN_POINT('',(0.1297,0.004,-0.0102000000000001));
#8231=CARTESIAN_POINT('',(0.1305,0.004,-0.0111797958971134));
#8232=CARTESIAN_POINT('',(0.1297,0.01,-0.0102000000000001));
#8233=CARTESIAN_POINT('',(0.1297,-0.004,-0.0102000000000001));
#8234=CARTESIAN_POINT('',(0.1307,-0.004,-0.0102000000000001));
#8235=CARTESIAN_POINT('',(0.1305,-0.004,-0.0111797958971134));
#8236=CARTESIAN_POINT('',(0.1305,0.01,-0.0111797958971134));
#8237=CARTESIAN_POINT('',(0.1307,0.01,0.0101999999999999));
#8238=CARTESIAN_POINT('',(0.1307,-0.004,0.0101999999999999));
#8239=CARTESIAN_POINT('',(0.1305,-0.004,0.0111797958971131));
#8240=CARTESIAN_POINT('',(0.1297,-0.004,0.0101999999999999));
#8241=CARTESIAN_POINT('',(0.1297,0.01,0.0101999999999999));
#8242=CARTESIAN_POINT('',(0.1297,0.004,0.0101999999999999));
#8243=CARTESIAN_POINT('',(0.1307,0.004,0.0101999999999999));
#8244=CARTESIAN_POINT('',(0.1305,0.004,0.0111797958971131));
#8245=CARTESIAN_POINT('',(0.1305,0.01,0.0111797958971131));
#8246=CARTESIAN_POINT('',(0.1243,0.01,0.0101999999999999));
#8247=CARTESIAN_POINT('',(0.1253,0.01,0.0101999999999999));
#8248=CARTESIAN_POINT('',(0.1253,0.004,0.0101999999999999));
#8249=CARTESIAN_POINT('',(0.1253,-0.004,0.0101999999999999));
#8250=CARTESIAN_POINT('',(0.1243,-0.004,0.0101999999999999));
#8251=CARTESIAN_POINT('',(0.1243,-0.004,0.00919999999999987));
#8252=CARTESIAN_POINT('',(0.1243,0.01,0.00919999999999987));
#8253=CARTESIAN_POINT('',(0.1243,0.004,0.00919999999999987));
#8254=CARTESIAN_POINT('',(0.1243,0.004,0.0101999999999999));
#8255=CARTESIAN_POINT('',(0.1243,-0.018,-0.0102000000000001));
#8256=CARTESIAN_POINT('',(0.,0.004,-0.0102000000000001));
#8257=CARTESIAN_POINT('',(0.1253,0.004,-0.0102000000000001));
#8258=CARTESIAN_POINT('',(0.1253,0.01,-0.0102000000000001));
#8259=CARTESIAN_POINT('',(0.1253,-0.004,-0.0102000000000001));
#8260=CARTESIAN_POINT('',(0.1243,-0.004,-0.0102000000000001));
#8261=CARTESIAN_POINT('',(0.1243,-0.018,0.0101999999999999));
#8262=CARTESIAN_POINT('',(0.1243,0.004,0.));
#8263=CARTESIAN_POINT('',(0.1243,0.004,-0.00920000000000012));
#8264=CARTESIAN_POINT('',(0.1243,-0.004,0.0101999999999999));
#8265=CARTESIAN_POINT('',(0.1243,-0.004,-0.00920000000000012));
#8266=CARTESIAN_POINT('',(0.1243,0.01,-0.00920000000000012));
#8267=CARTESIAN_POINT('',(0.1307,-0.018,0.0101999999999999));
#8268=CARTESIAN_POINT('',(0.,0.004,0.0101999999999999));
#8269=CARTESIAN_POINT('',(0.1307,-0.004,0.0101999999999999));
#8270=CARTESIAN_POINT('',(0.1307,0.01,0.10705));
#8271=CARTESIAN_POINT('',(0.1307,0.004,0.10705));
#8272=CARTESIAN_POINT('',(0.1297,0.004,0.10705));
#8273=CARTESIAN_POINT('',(0.1305,0.004,0.106070204102887));
#8274=CARTESIAN_POINT('',(0.1297,0.01,0.10705));
#8275=CARTESIAN_POINT('',(0.1297,-0.004,0.10705));
#8276=CARTESIAN_POINT('',(0.1307,-0.004,0.10705));
#8277=CARTESIAN_POINT('',(0.1305,-0.004,0.106070204102887));
#8278=CARTESIAN_POINT('',(0.1305,0.01,0.106070204102887));
#8279=CARTESIAN_POINT('',(0.1307,0.01,0.12745));
#8280=CARTESIAN_POINT('',(0.1307,-0.004,0.12745));
#8281=CARTESIAN_POINT('',(0.1305,-0.004,0.128429795897113));
#8282=CARTESIAN_POINT('',(0.1297,-0.004,0.12745));
#8283=CARTESIAN_POINT('',(0.1297,0.01,0.12745));
#8284=CARTESIAN_POINT('',(0.1297,0.004,0.12745));
#8285=CARTESIAN_POINT('',(0.1307,0.004,0.12745));
#8286=CARTESIAN_POINT('',(0.1305,0.004,0.128429795897113));
#8287=CARTESIAN_POINT('',(0.1305,0.01,0.128429795897113));
#8288=CARTESIAN_POINT('',(0.1243,0.01,0.12745));
#8289=CARTESIAN_POINT('',(0.1253,0.01,0.12745));
#8290=CARTESIAN_POINT('',(0.1253,0.004,0.12745));
#8291=CARTESIAN_POINT('',(0.1253,-0.004,0.12745));
#8292=CARTESIAN_POINT('',(0.1243,-0.004,0.12745));
#8293=CARTESIAN_POINT('',(0.1243,-0.004,0.12645));
#8294=CARTESIAN_POINT('',(0.1243,0.01,0.12645));
#8295=CARTESIAN_POINT('',(0.1243,0.004,0.12645));
#8296=CARTESIAN_POINT('',(0.1243,0.004,0.12745));
#8297=CARTESIAN_POINT('',(0.1243,-0.018,0.10705));
#8298=CARTESIAN_POINT('',(0.,0.004,0.10705));
#8299=CARTESIAN_POINT('',(0.1253,0.004,0.10705));
#8300=CARTESIAN_POINT('',(0.1253,0.01,0.10705));
#8301=CARTESIAN_POINT('',(0.1253,-0.004,0.10705));
#8302=CARTESIAN_POINT('',(0.1243,-0.004,0.10705));
#8303=CARTESIAN_POINT('',(0.1243,-0.018,0.0101999999999999));
#8304=CARTESIAN_POINT('',(0.1243,0.004,0.));
#8305=CARTESIAN_POINT('',(0.1243,0.004,0.10805));
#8306=CARTESIAN_POINT('',(0.1243,-0.004,0.12745));
#8307=CARTESIAN_POINT('',(0.1243,-0.004,0.10805));
#8308=CARTESIAN_POINT('',(0.1243,0.01,0.10805));
#8309=CARTESIAN_POINT('',(0.1307,-0.018,0.12745));
#8310=CARTESIAN_POINT('',(0.,0.004,0.12745));
#8311=CARTESIAN_POINT('',(0.1307,-0.004,0.12745));
#8312=CARTESIAN_POINT('',(0.1307,0.01,0.2243));
#8313=CARTESIAN_POINT('',(0.1307,0.004,0.2243));
#8314=CARTESIAN_POINT('',(0.1297,0.004,0.2243));
#8315=CARTESIAN_POINT('',(0.1305,0.004,0.223320204102886));
#8316=CARTESIAN_POINT('',(0.1297,0.01,0.2243));
#8317=CARTESIAN_POINT('',(0.1297,-0.004,0.2243));
#8318=CARTESIAN_POINT('',(0.1307,-0.004,0.2243));
#8319=CARTESIAN_POINT('',(0.1305,-0.004,0.223320204102886));
#8320=CARTESIAN_POINT('',(0.1305,0.01,0.223320204102886));
#8321=CARTESIAN_POINT('',(0.1307,0.01,0.2447));
#8322=CARTESIAN_POINT('',(0.1307,-0.004,0.2447));
#8323=CARTESIAN_POINT('',(0.1305,-0.004,0.245679795897113));
#8324=CARTESIAN_POINT('',(0.1297,-0.004,0.2447));
#8325=CARTESIAN_POINT('',(0.1297,0.01,0.2447));
#8326=CARTESIAN_POINT('',(0.1297,0.004,0.2447));
#8327=CARTESIAN_POINT('',(0.1307,0.004,0.2447));
#8328=CARTESIAN_POINT('',(0.1305,0.004,0.245679795897113));
#8329=CARTESIAN_POINT('',(0.1305,0.01,0.245679795897113));
#8330=CARTESIAN_POINT('',(0.1243,0.01,0.2447));
#8331=CARTESIAN_POINT('',(0.1253,0.01,0.2447));
#8332=CARTESIAN_POINT('',(0.1253,0.004,0.2447));
#8333=CARTESIAN_POINT('',(0.1253,-0.004,0.2447));
#8334=CARTESIAN_POINT('',(0.1243,-0.004,0.2447));
#8335=CARTESIAN_POINT('',(0.1243,-0.004,0.2437));
#8336=CARTESIAN_POINT('',(0.1243,0.01,0.2437));
#8337=CARTESIAN_POINT('',(0.1243,0.004,0.2437));
#8338=CARTESIAN_POINT('',(0.1243,0.004,0.2447));
#8339=CARTESIAN_POINT('',(0.1243,-0.018,0.2243));
#8340=CARTESIAN_POINT('',(0.,0.004,0.2243));
#8341=CARTESIAN_POINT('',(0.1253,0.004,0.2243));
#8342=CARTESIAN_POINT('',(0.1253,0.01,0.2243));
#8343=CARTESIAN_POINT('',(0.1253,-0.004,0.2243));
#8344=CARTESIAN_POINT('',(0.1243,-0.004,0.2243));
#8345=CARTESIAN_POINT('',(0.1243,-0.018,0.0101999999999999));
#8346=CARTESIAN_POINT('',(0.1243,0.004,0.));
#8347=CARTESIAN_POINT('',(0.1243,0.004,0.2253));
#8348=CARTESIAN_POINT('',(0.1243,-0.004,0.2447));
#8349=CARTESIAN_POINT('',(0.1243,-0.004,0.2253));
#8350=CARTESIAN_POINT('',(0.1243,0.01,0.2253));
#8351=CARTESIAN_POINT('',(0.1307,-0.018,0.2447));
#8352=CARTESIAN_POINT('',(0.,0.004,0.2447));
#8353=CARTESIAN_POINT('',(0.1307,-0.004,0.2447));
#8354=CARTESIAN_POINT('',(0.,-0.004,0.));
#8355=CARTESIAN_POINT('',(-0.11775,-0.004,-0.274));
#8356=CARTESIAN_POINT('',(-0.11775,-0.004,-0.283125));
#8357=CARTESIAN_POINT('',(-0.07,-0.004,-0.274));
#8358=CARTESIAN_POINT('',(-0.07,-0.004,-0.283125));
#8359=CARTESIAN_POINT('',(6.7110644593275E-17,-0.004,-0.274));
#8360=CARTESIAN_POINT('',(6.7110644593275E-17,-0.004,-0.283125));
#8361=CARTESIAN_POINT('',(0.07,-0.004,-0.274));
#8362=CARTESIAN_POINT('',(0.07,-0.004,-0.283125));
#8363=CARTESIAN_POINT('',(-0.11775,-0.004,0.274));
#8364=CARTESIAN_POINT('',(-0.11775,-0.004,0.264875));
#8365=CARTESIAN_POINT('',(-0.07,-0.004,0.274));
#8366=CARTESIAN_POINT('',(-0.07,-0.004,0.264875));
#8367=CARTESIAN_POINT('',(0.,-0.004,0.274));
#8368=CARTESIAN_POINT('',(0.,-0.004,0.264875));
#8369=CARTESIAN_POINT('',(0.07,-0.004,0.274));
#8370=CARTESIAN_POINT('',(0.07,-0.004,0.264875));
#8371=CARTESIAN_POINT('',(0.11775,-0.004,-0.274));
#8372=CARTESIAN_POINT('',(0.11775,-0.004,-0.283125));
#8373=CARTESIAN_POINT('',(0.11775,-0.004,0.274));
#8374=CARTESIAN_POINT('',(0.11775,-0.004,0.264875));
#8375=CARTESIAN_POINT('',(-0.1305,-0.004,-0.292));
#8376=CARTESIAN_POINT('',(0.1305,-0.004,0.292));
#8377=CARTESIAN_POINT('',(0.1243,-0.004,-0.2447));
#8378=CARTESIAN_POINT('',(0.1305,-0.004,0.292));
#8379=CARTESIAN_POINT('',(0.1243,-0.004,-0.12745));
#8380=CARTESIAN_POINT('',(0.1305,-0.004,0.292));
#8381=CARTESIAN_POINT('',(0.1243,-0.004,-0.0102000000000001));
#8382=CARTESIAN_POINT('',(0.1305,-0.004,0.292));
#8383=CARTESIAN_POINT('',(0.1243,-0.004,0.10705));
#8384=CARTESIAN_POINT('',(0.1305,-0.004,0.292));
#8385=CARTESIAN_POINT('',(0.1243,-0.004,0.2243));
#8386=CARTESIAN_POINT('',(0.1305,-0.004,0.292));
#8387=CARTESIAN_POINT('',(-0.1305,-0.004,0.292));
#8388=CARTESIAN_POINT('',(-0.1305,-0.004,0.292));
#8389=CARTESIAN_POINT('',(0.,0.004,0.));
#8390=CARTESIAN_POINT('',(0.1305,0.004,0.292));
#8391=CARTESIAN_POINT('',(-0.1305,0.004,-0.292));
#8392=CARTESIAN_POINT('',(-0.1305,0.004,0.292));
#8393=CARTESIAN_POINT('',(-0.1305,0.004,0.292));
#8394=CARTESIAN_POINT('',(0.1305,0.004,0.292));
#8395=CARTESIAN_POINT('',(0.1243,0.004,0.2243));
#8396=CARTESIAN_POINT('',(0.1305,0.004,0.292));
#8397=CARTESIAN_POINT('',(0.1243,0.004,0.10705));
#8398=CARTESIAN_POINT('',(0.1305,0.004,0.292));
#8399=CARTESIAN_POINT('',(0.1243,0.004,-0.0102000000000001));
#8400=CARTESIAN_POINT('',(0.1305,0.004,0.292));
#8401=CARTESIAN_POINT('',(0.1243,0.004,-0.12745));
#8402=CARTESIAN_POINT('',(0.1305,0.004,0.292));
#8403=CARTESIAN_POINT('',(0.1243,0.004,-0.2447));
#8404=CARTESIAN_POINT('',(-0.11775,0.004,-0.274));
#8405=CARTESIAN_POINT('',(-0.11775,0.004,-0.2785));
#8406=CARTESIAN_POINT('',(-0.07,0.004,-0.274));
#8407=CARTESIAN_POINT('',(-0.07,0.004,-0.2785));
#8408=CARTESIAN_POINT('',(6.7110644593275E-17,0.004,-0.274));
#8409=CARTESIAN_POINT('',(6.7110644593275E-17,0.004,-0.2785));
#8410=CARTESIAN_POINT('',(0.07,0.004,-0.274));
#8411=CARTESIAN_POINT('',(0.07,0.004,-0.2785));
#8412=CARTESIAN_POINT('',(-0.11775,0.004,0.274));
#8413=CARTESIAN_POINT('',(-0.11775,0.004,0.2695));
#8414=CARTESIAN_POINT('',(-0.07,0.004,0.274));
#8415=CARTESIAN_POINT('',(-0.07,0.004,0.2695));
#8416=CARTESIAN_POINT('',(0.,0.004,0.274));
#8417=CARTESIAN_POINT('',(0.,0.004,0.2695));
#8418=CARTESIAN_POINT('',(0.07,0.004,0.274));
#8419=CARTESIAN_POINT('',(0.07,0.004,0.2695));
#8420=CARTESIAN_POINT('',(0.11775,0.004,-0.274));
#8421=CARTESIAN_POINT('',(0.11775,0.004,-0.2785));
#8422=CARTESIAN_POINT('',(0.11775,0.004,0.274));
#8423=CARTESIAN_POINT('',(0.11775,0.004,0.2695));
#8424=CARTESIAN_POINT('',(-0.1305,0.004,0.292));
#8425=CARTESIAN_POINT('',(-0.1305,0.004,0.292));
#8426=CARTESIAN_POINT('',(-0.1305,0.004,-0.292));
#8427=CARTESIAN_POINT('',(0.1305,0.004,0.292));
#8428=CARTESIAN_POINT('',(0.1305,0.004,0.292));
#8429=CARTESIAN_POINT('',(0.1305,0.004,0.292));
#8430=CARTESIAN_POINT('',(0.1305,0.004,0.292));
#8431=CARTESIAN_POINT('',(0.1305,0.004,0.292));
#8432=CARTESIAN_POINT('',(0.1305,0.004,0.292));
#8433=CARTESIAN_POINT('',(-0.11775,-0.004,-0.274));
#8434=CARTESIAN_POINT('',(-0.11775,0.000625000000000008,-0.274));
#8435=CARTESIAN_POINT('',(-0.11775,0.000625000000000008,-0.2785));
#8436=CARTESIAN_POINT('',(-0.11775,-0.004,-0.274));
#8437=CARTESIAN_POINT('',(-0.07,-0.004,-0.274));
#8438=CARTESIAN_POINT('',(-0.07,0.000625000000000008,-0.274));
#8439=CARTESIAN_POINT('',(-0.07,0.000625000000000008,-0.2785));
#8440=CARTESIAN_POINT('',(-0.07,-0.004,-0.274));
#8441=CARTESIAN_POINT('',(6.7110644593275E-17,-0.004,-0.274));
#8442=CARTESIAN_POINT('',(6.7110644593275E-17,0.000625000000000008,-0.274));
#8443=CARTESIAN_POINT('',(6.7110644593275E-17,0.000625000000000008,-0.2785));
#8444=CARTESIAN_POINT('',(6.7110644593275E-17,-0.004,-0.274));
#8445=CARTESIAN_POINT('',(0.07,-0.004,-0.274));
#8446=CARTESIAN_POINT('',(0.07,0.000625000000000008,-0.274));
#8447=CARTESIAN_POINT('',(0.07,0.000625000000000008,-0.2785));
#8448=CARTESIAN_POINT('',(0.07,-0.004,-0.274));
#8449=CARTESIAN_POINT('',(-0.11775,-0.004,0.274));
#8450=CARTESIAN_POINT('',(-0.11775,0.000625000000000008,0.274));
#8451=CARTESIAN_POINT('',(-0.11775,0.000625000000000008,0.2695));
#8452=CARTESIAN_POINT('',(-0.11775,-0.004,0.274));
#8453=CARTESIAN_POINT('',(-0.07,-0.004,0.274));
#8454=CARTESIAN_POINT('',(-0.07,0.000625000000000008,0.274));
#8455=CARTESIAN_POINT('',(-0.07,0.000625000000000008,0.2695));
#8456=CARTESIAN_POINT('',(-0.07,-0.004,0.274));
#8457=CARTESIAN_POINT('',(0.,-0.004,0.274));
#8458=CARTESIAN_POINT('',(0.,0.000625000000000008,0.274));
#8459=CARTESIAN_POINT('',(0.,0.000625000000000008,0.2695));
#8460=CARTESIAN_POINT('',(0.,-0.004,0.274));
#8461=CARTESIAN_POINT('',(0.07,-0.004,0.274));
#8462=CARTESIAN_POINT('',(0.07,0.000625000000000008,0.274));
#8463=CARTESIAN_POINT('',(0.07,0.000625000000000008,0.2695));
#8464=CARTESIAN_POINT('',(0.07,-0.004,0.274));
#8465=CARTESIAN_POINT('',(0.11775,-0.004,-0.274));
#8466=CARTESIAN_POINT('',(0.11775,0.000625000000000008,-0.274));
#8467=CARTESIAN_POINT('',(0.11775,0.000625000000000008,-0.2785));
#8468=CARTESIAN_POINT('',(0.11775,-0.004,-0.274));
#8469=CARTESIAN_POINT('',(0.11775,-0.004,0.274));
#8470=CARTESIAN_POINT('',(0.11775,0.000625000000000008,0.274));
#8471=CARTESIAN_POINT('',(0.11775,0.000625000000000008,0.2695));
#8472=CARTESIAN_POINT('',(0.11775,-0.004,0.274));
#8473=CARTESIAN_POINT('',(0.1243,0.01,0.2243));
#8474=CARTESIAN_POINT('',(0.1243,0.01,0.10705));
#8475=CARTESIAN_POINT('',(0.1243,0.01,-0.0102000000000001));
#8476=CARTESIAN_POINT('',(0.1243,0.01,-0.12745));
#8477=CARTESIAN_POINT('',(0.1243,0.01,-0.2447));
#8478=CARTESIAN_POINT('',(0.,0.,0.));
#8479=CARTESIAN_POINT('',(0.11775,-0.003875,-0.274));
#8480=CARTESIAN_POINT('',(-0.0305,-0.0325,-0.255));
#8481=CARTESIAN_POINT('',(-0.0305,-0.0525,-0.255));
#8482=CARTESIAN_POINT('',(0.00461880215351671,0.00799999999999984,0.0064));
#8483=CARTESIAN_POINT('',(0.,0.,0.0064));
#8484=CARTESIAN_POINT('',(-2.07960029015558E-16,-0.00800000000000024,0.0064));
#8485=CARTESIAN_POINT('',(0.00692820323027546,-0.00399999999999995,0.0064));
#8486=CARTESIAN_POINT('',(0.,0.,0.0064));
#8487=CARTESIAN_POINT('',(0.00692820323027551,0.004,0.0064));
#8488=CARTESIAN_POINT('',(0.,0.,0.0064));
#8489=CARTESIAN_POINT('',(-1.80679055616324E-16,0.008,0.0064));
#8490=CARTESIAN_POINT('',(0.,0.,0.0064));
#8491=CARTESIAN_POINT('',(-0.00692820323027574,0.00399999999999994,0.0064));
#8492=CARTESIAN_POINT('',(0.,0.,0.0064));
#8493=CARTESIAN_POINT('',(-0.0069282032302757,-0.00400000000000018,0.00639999999999983));
#8494=CARTESIAN_POINT('',(0.,0.,0.0064));
#8495=CARTESIAN_POINT('',(0.,0.,0.0064));
#8496=CARTESIAN_POINT('',(0.00692820323027548,0.00399999999999992,0.0064));
#8497=CARTESIAN_POINT('',(0.00613997983059225,0.00536524297596595,0.00640000000000001));
#8498=CARTESIAN_POINT('',(0.00537332976608838,0.00669311983931261,0.00612109553286867));
#8499=CARTESIAN_POINT('',(0.00461880220684229,0.00799999990763777,0.00568546885097109));
#8500=CARTESIAN_POINT('',(0.00461880212689739,0.00799999995381881,0.00568546885095867));
#8501=CARTESIAN_POINT('',(0.0046188020469525,0.00799999999999984,0.00568546885094626));
#8502=CARTESIAN_POINT('',(0.00310974692843292,0.00799999999999984,0.00612109553285785));
#8503=CARTESIAN_POINT('',(0.00157644679939677,0.00799999999999984,0.00640000000000011));
#8504=CARTESIAN_POINT('',(-3.62358546800921E-16,0.00799999999999984,0.00640000000000007));
#8505=CARTESIAN_POINT('',(0.,0.,0.0064));
#8506=CARTESIAN_POINT('',(-3.61358111232644E-16,0.00799999999999984,0.00640000000000007));
#8507=CARTESIAN_POINT('',(-0.00157644679472018,0.00799999999999984,0.00640000000000003));
#8508=CARTESIAN_POINT('',(-0.0031097469194429,0.00799999999999984,0.00612109553452143));
#8509=CARTESIAN_POINT('',(-0.00461880203378238,0.00799999999999984,0.00568546885474815));
#8510=CARTESIAN_POINT('',(-0.00461880212683319,0.00799999995385612,0.00568546885095855));
#8511=CARTESIAN_POINT('',(-0.00461880214836855,0.00799999985886323,0.00568546880560413));
#8512=CARTESIAN_POINT('',(-0.00537332970553167,0.00669311979414588,0.0061210954884434));
#8513=CARTESIAN_POINT('',(-0.00613997983036856,0.0053652429763541,0.00639999999999985));
#8514=CARTESIAN_POINT('',(-0.00692820323027593,0.00399999999999986,0.00639999999999981));
#8515=CARTESIAN_POINT('',(0.,0.,0.0064));
#8516=CARTESIAN_POINT('',(-0.00692820323027594,0.00399999999999986,0.00639999999999981));
#8517=CARTESIAN_POINT('',(-0.00771642664889646,0.00263475699123349,0.00639999999999977));
#8518=CARTESIAN_POINT('',(-0.00848307673086417,0.00130688009763857,0.00612109551939632));
#8519=CARTESIAN_POINT('',(-0.00923760430703438,-3.3222115803428E-17,0.00568546882018345));
#8520=CARTESIAN_POINT('',(-0.00923760430703443,-9.51242278983366E-17,0.00568546882018342));
#8521=CARTESIAN_POINT('',(-0.00923760430703448,-1.56229981674415E-16,0.00568546882018339));
#8522=CARTESIAN_POINT('',(-0.0084830767308642,-0.00130688009763888,0.00612109551939628));
#8523=CARTESIAN_POINT('',(-0.00771642664889649,-0.00263475699123381,0.00639999999999971));
#8524=CARTESIAN_POINT('',(-0.0069282032302759,-0.0040000000000003,0.0063999999999997));
#8525=CARTESIAN_POINT('',(0.,0.,0.0064));
#8526=CARTESIAN_POINT('',(-0.0069282032302759,-0.0040000000000003,0.0063999999999997));
#8527=CARTESIAN_POINT('',(-0.00613997983291604,-0.00536524297194212,0.00639999999999969));
#8528=CARTESIAN_POINT('',(-0.00537332977055479,-0.00669311983157765,0.00612109553452122));
#8529=CARTESIAN_POINT('',(-0.00461880221338509,-0.00799999989630641,0.00568546885474803));
#8530=CARTESIAN_POINT('',(-0.00461880212689809,-0.00799999995381912,0.00568546885095832));
#8531=CARTESIAN_POINT('',(-0.00461880203386416,-0.00799999992497306,0.00568546880560376));
#8532=CARTESIAN_POINT('',(-0.00310974691953774,-0.00799999992497306,0.00612109548844315));
#8533=CARTESIAN_POINT('',(-0.00157644679981537,-0.00800000000000045,0.00639999999999967));
#8534=CARTESIAN_POINT('',(-4.15437753115353E-16,-0.00800000000000045,0.00639999999999972));
#8535=CARTESIAN_POINT('',(0.,0.,0.0064));
#8536=CARTESIAN_POINT('',(-4.15920058031121E-16,-0.00800000000000045,0.00639999999999972));
#8537=CARTESIAN_POINT('',(0.00157644679471924,-0.00800000000000045,0.00639999999999977));
#8538=CARTESIAN_POINT('',(0.00310974691944183,-0.00800000000000045,0.00612109553452132));
#8539=CARTESIAN_POINT('',(0.0046188020337812,-0.00800000000000045,0.00568546885474818));
#8540=CARTESIAN_POINT('',(0.00461880212683214,-0.00799999995385675,0.00568546885095854));
#8541=CARTESIAN_POINT('',(0.00461880214836754,-0.00799999985886379,0.005685468805604));
#8542=CARTESIAN_POINT('',(0.00537332970553078,-0.00669311979414623,0.00612109548844344));
#8543=CARTESIAN_POINT('',(0.00613997983036785,-0.00536524297635439,0.00640000000000008));
#8544=CARTESIAN_POINT('',(0.00692820323027537,-0.00399999999999989,0.00640000000000008));
#8545=CARTESIAN_POINT('',(-5.55111512312578E-17,-1.38777878078145E-15,-0.025));
#8546=CARTESIAN_POINT('',(-5.55111512312578E-17,-1.38777878078145E-15,-0.025));
#8547=CARTESIAN_POINT('',(-0.00450000000000006,-1.39852018854469E-15,-0.025));
#8548=CARTESIAN_POINT('',(0.00461880215351695,0.008,0.));
#8549=CARTESIAN_POINT('',(0.,0.,0.));
#8550=CARTESIAN_POINT('',(0.005,1.6375789613221E-17,-2.95822839457878E-32));
#8551=CARTESIAN_POINT('',(0.00923760430703391,1.11022302462516E-16,0.));
#8552=CARTESIAN_POINT('',(0.00923760430703391,1.11022302462516E-16,0.));
#8553=CARTESIAN_POINT('',(0.00461880215351688,0.008,-2.88451068788926E-33));
#8554=CARTESIAN_POINT('',(0.00461880215351694,-0.008,0.));
#8555=CARTESIAN_POINT('',(0.00461880215351669,-0.0080000000000004,-1.82179622392996E-32));
#8556=CARTESIAN_POINT('',(-0.00461880215351714,-0.00800000000000051,0.));
#8557=CARTESIAN_POINT('',(-0.00461880215351708,-0.0080000000000005,-2.12542892791865E-33));
#8558=CARTESIAN_POINT('',(-0.00923760430703408,-2.77555756156289E-16,0.));
#8559=CARTESIAN_POINT('',(-0.00923760430703408,-2.77555756156289E-16,0.));
#8560=CARTESIAN_POINT('',(-0.0046188021535173,0.00799999999999984,0.));
#8561=CARTESIAN_POINT('',(-0.00461880215351736,0.00799999999999985,1.8825227647278E-32));
#8562=CARTESIAN_POINT('',(0.00461880215351695,0.008,0.));
#8563=CARTESIAN_POINT('',(0.00461880215351666,-0.00800000000000023,0.0064));
#8564=CARTESIAN_POINT('',(0.00461880215351666,-0.00800000000000023,0.0064));
#8565=CARTESIAN_POINT('',(0.00923760430703391,5.55111512312578E-17,0.0064));
#8566=CARTESIAN_POINT('',(0.00923760430703389,6.97143550398378E-17,0.00568546882018373));
#8567=CARTESIAN_POINT('',(0.00692820323027536,-0.0039999999999999,0.00640000000000008));
#8568=CARTESIAN_POINT('',(0.00771642664889591,-0.00263475699123346,0.00640000000000008));
#8569=CARTESIAN_POINT('',(0.00848307673086362,-0.00130688009763856,0.00612109551939664));
#8570=CARTESIAN_POINT('',(0.00923760430703387,1.00331054341558E-16,0.00568546882018374));
#8571=CARTESIAN_POINT('',(-0.00461880215351737,-0.00800000000000045,0.0064));
#8572=CARTESIAN_POINT('',(-0.00461880215351737,-0.00800000000000045,0.0064));
#8573=CARTESIAN_POINT('',(-0.00923760430703451,-1.11022302462516E-16,0.0064));
#8574=CARTESIAN_POINT('',(-0.00923760430703451,-1.11022302462516E-16,0.0064));
#8575=CARTESIAN_POINT('',(-0.00461880215351747,0.00799999999999979,0.0064));
#8576=CARTESIAN_POINT('',(-0.00461880215351747,0.00799999999999979,0.0064));
#8577=CARTESIAN_POINT('',(0.00461880215351671,0.00799999999999984,0.0064));
#8578=CARTESIAN_POINT('',(0.00461880215351671,0.00799999999999984,0.0064));
#8579=CARTESIAN_POINT('',(0.00923760430703391,5.55111512312578E-17,0.0064));
#8580=CARTESIAN_POINT('',(0.00923760430703391,4.64394823081142E-17,0.00568546882018371));
#8581=CARTESIAN_POINT('',(0.00848307673086368,0.00130688009763869,0.00612109551939659));
#8582=CARTESIAN_POINT('',(0.00771642664889602,0.00263475699123351,0.00639999999999999));
#8583=CARTESIAN_POINT('',(0.00692820323027549,0.00399999999999992,0.0064));
#8584=CARTESIAN_POINT('',(-5.55111512312578E-17,-1.38777878078145E-15,-0.025));
#8585=CARTESIAN_POINT('',(-6.93889390390723E-17,-1.38777878078145E-15,-0.0245));
#8586=CARTESIAN_POINT('',(-0.00500000000000007,-1.39971367829617E-15,-0.0245));
#8587=CARTESIAN_POINT('',(0.,0.,0.0064));
#8588=CARTESIAN_POINT('',(-5.55111512312578E-17,-1.38777878078145E-15,-0.025));
#8589=CARTESIAN_POINT('',(0.0350000000000014,0.0165,0.305));
#8590=CARTESIAN_POINT('',(0.07,-0.003875,0.274));
#8591=CARTESIAN_POINT('',(8.32667268468867E-17,-0.003875,-0.274));
#8592=CARTESIAN_POINT('',(0.,0.,-0.125));
#8593=CARTESIAN_POINT('',(0.,-0.0225,-0.125));
#8594=CARTESIAN_POINT('',(-0.016,-0.0225,-0.125));
#8595=CARTESIAN_POINT('',(-0.015,-0.0225,-0.125));
#8596=CARTESIAN_POINT('',(-0.016,0.,-0.125));
#8597=CARTESIAN_POINT('',(-0.016,0.0225,-0.125));
#8598=CARTESIAN_POINT('',(0.,0.0225,-0.125));
#8599=CARTESIAN_POINT('',(-0.015,0.0225,-0.125));
#8600=CARTESIAN_POINT('',(-0.015,2.08166817117217E-18,-0.125));
#8601=CARTESIAN_POINT('',(-0.015,0.035,-0.125));
#8602=CARTESIAN_POINT('',(0.,0.035,-0.125));
#8603=CARTESIAN_POINT('',(0.015,0.035,-0.125));
#8604=CARTESIAN_POINT('',(0.015,-2.08166817117216E-18,-0.125));
#8605=CARTESIAN_POINT('',(0.015,0.0225,-0.125));
#8606=CARTESIAN_POINT('',(0.,0.0225,-0.125));
#8607=CARTESIAN_POINT('',(0.016,0.0225,-0.125));
#8608=CARTESIAN_POINT('',(0.016,0.,-0.125));
#8609=CARTESIAN_POINT('',(0.016,-0.0225,-0.125));
#8610=CARTESIAN_POINT('',(0.,-0.0225,-0.125));
#8611=CARTESIAN_POINT('',(0.015,-0.0225,-0.125));
#8612=CARTESIAN_POINT('',(0.015,-4.16333634234434E-18,-0.125));
#8613=CARTESIAN_POINT('',(0.015,-0.035,-0.125));
#8614=CARTESIAN_POINT('',(0.,-0.035,-0.125));
#8615=CARTESIAN_POINT('',(-0.015,-0.035,-0.125));
#8616=CARTESIAN_POINT('',(-0.015,2.08166817117216E-18,-0.125));
#8617=CARTESIAN_POINT('',(0.,0.,0.125));
#8618=CARTESIAN_POINT('',(0.,-0.0225,0.125));
#8619=CARTESIAN_POINT('',(-0.016,-0.0225,0.125));
#8620=CARTESIAN_POINT('',(-0.015,-0.0225,0.125));
#8621=CARTESIAN_POINT('',(-0.015,2.08166817117216E-18,0.125));
#8622=CARTESIAN_POINT('',(-0.015,-0.035,0.125));
#8623=CARTESIAN_POINT('',(0.,-0.035,0.125));
#8624=CARTESIAN_POINT('',(0.015,-0.035,0.125));
#8625=CARTESIAN_POINT('',(0.015,-4.16333634234434E-18,0.125));
#8626=CARTESIAN_POINT('',(0.015,-0.0225,0.125));
#8627=CARTESIAN_POINT('',(0.,-0.0225,0.125));
#8628=CARTESIAN_POINT('',(0.016,-0.0225,0.125));
#8629=CARTESIAN_POINT('',(0.016,0.,0.125));
#8630=CARTESIAN_POINT('',(0.016,0.0225,0.125));
#8631=CARTESIAN_POINT('',(0.,0.0225,0.125));
#8632=CARTESIAN_POINT('',(0.015,0.0225,0.125));
#8633=CARTESIAN_POINT('',(0.015,-2.08166817117216E-18,0.125));
#8634=CARTESIAN_POINT('',(0.015,0.035,0.125));
#8635=CARTESIAN_POINT('',(0.,0.035,0.125));
#8636=CARTESIAN_POINT('',(-0.015,0.035,0.125));
#8637=CARTESIAN_POINT('',(-0.015,2.08166817117217E-18,0.125));
#8638=CARTESIAN_POINT('',(-0.015,0.0225,0.125));
#8639=CARTESIAN_POINT('',(0.,0.0225,0.125));
#8640=CARTESIAN_POINT('',(-0.016,0.0225,0.125));
#8641=CARTESIAN_POINT('',(-0.016,0.,0.125));
#8642=CARTESIAN_POINT('',(-0.016,0.,0.125));
#8643=CARTESIAN_POINT('',(-0.016,-0.01,-0.075));
#8644=CARTESIAN_POINT('',(-0.016,-0.01,-0.0784));
#8645=CARTESIAN_POINT('',(-0.016,-0.01,-0.025));
#8646=CARTESIAN_POINT('',(-0.016,-0.01,-0.0284));
#8647=CARTESIAN_POINT('',(-0.016,0.01,-0.075));
#8648=CARTESIAN_POINT('',(-0.016,0.01,-0.0784));
#8649=CARTESIAN_POINT('',(-0.016,0.01,-0.025));
#8650=CARTESIAN_POINT('',(-0.016,0.01,-0.0284));
#8651=CARTESIAN_POINT('',(-0.016,-0.0225,0.125));
#8652=CARTESIAN_POINT('',(-0.016,0.0225,0.125));
#8653=CARTESIAN_POINT('',(-0.016,-0.01,0.075));
#8654=CARTESIAN_POINT('',(-0.016,-0.01,0.0716));
#8655=CARTESIAN_POINT('',(-0.016,0.01,0.075));
#8656=CARTESIAN_POINT('',(-0.016,0.01,0.0716));
#8657=CARTESIAN_POINT('',(-0.016,0.01,0.025));
#8658=CARTESIAN_POINT('',(-0.016,0.01,0.0216));
#8659=CARTESIAN_POINT('',(-0.016,-0.01,0.025));
#8660=CARTESIAN_POINT('',(-0.016,-0.01,0.0216));
#8661=CARTESIAN_POINT('',(0.,0.0225,0.125));
#8662=CARTESIAN_POINT('',(-0.015,0.0225,0.125));
#8663=CARTESIAN_POINT('',(-0.015,2.08166817117216E-18,0.125));
#8664=CARTESIAN_POINT('',(-0.015,0.035,0.125));
#8665=CARTESIAN_POINT('',(0.,0.035,0.125));
#8666=CARTESIAN_POINT('',(0.015,0.035,0.125));
#8667=CARTESIAN_POINT('',(0.015,-4.16333634234434E-18,0.125));
#8668=CARTESIAN_POINT('',(0.015,0.0225,0.125));
#8669=CARTESIAN_POINT('',(0.,0.0225,0.125));
#8670=CARTESIAN_POINT('',(0.016,0.0225,0.125));
#8671=CARTESIAN_POINT('',(0.016,0.,0.125));
#8672=CARTESIAN_POINT('',(0.016,-0.01,-0.075));
#8673=CARTESIAN_POINT('',(0.016,-0.01,-0.0784));
#8674=CARTESIAN_POINT('',(0.016,-0.01,-0.025));
#8675=CARTESIAN_POINT('',(0.016,-0.01,-0.0284));
#8676=CARTESIAN_POINT('',(0.016,0.01,-0.075));
#8677=CARTESIAN_POINT('',(0.016,0.01,-0.0784));
#8678=CARTESIAN_POINT('',(0.016,0.01,-0.025));
#8679=CARTESIAN_POINT('',(0.016,0.01,-0.0284));
#8680=CARTESIAN_POINT('',(0.016,-0.0225,0.125));
#8681=CARTESIAN_POINT('',(0.016,-0.01,0.075));
#8682=CARTESIAN_POINT('',(0.016,-0.01,0.0716));
#8683=CARTESIAN_POINT('',(0.016,0.01,0.075));
#8684=CARTESIAN_POINT('',(0.016,0.01,0.0716));
#8685=CARTESIAN_POINT('',(0.016,0.01,0.025));
#8686=CARTESIAN_POINT('',(0.016,0.01,0.0216));
#8687=CARTESIAN_POINT('',(0.016,-0.01,0.025));
#8688=CARTESIAN_POINT('',(0.016,-0.01,0.0216));
#8689=CARTESIAN_POINT('',(0.,-0.0225,0.125));
#8690=CARTESIAN_POINT('',(0.015,-0.0225,0.125));
#8691=CARTESIAN_POINT('',(0.015,-4.16333634234434E-18,0.125));
#8692=CARTESIAN_POINT('',(0.015,-0.035,0.125));
#8693=CARTESIAN_POINT('',(0.,-0.035,0.125));
#8694=CARTESIAN_POINT('',(-0.015,-0.035,0.125));
#8695=CARTESIAN_POINT('',(-0.015,2.08166817117216E-18,0.125));
#8696=CARTESIAN_POINT('',(-0.015,-0.0225,0.125));
#8697=CARTESIAN_POINT('',(0.,-0.0225,0.125));
#8698=CARTESIAN_POINT('',(0.016,-0.01,-0.075));
#8699=CARTESIAN_POINT('',(0.016,-0.01,-0.025));
#8700=CARTESIAN_POINT('',(0.016,0.01,-0.075));
#8701=CARTESIAN_POINT('',(0.016,0.01,-0.025));
#8702=CARTESIAN_POINT('',(0.016,-0.01,0.075));
#8703=CARTESIAN_POINT('',(0.016,0.01,0.075));
#8704=CARTESIAN_POINT('',(0.016,0.01,0.025));
#8705=CARTESIAN_POINT('',(0.016,-0.01,0.025));
#8706=CARTESIAN_POINT('',(-0.00549999999999989,-0.0425,0.277));
#8707=CARTESIAN_POINT('',(0.1705,0.0165,0.055));
#8708=CARTESIAN_POINT('',(0.1705,0.0165,0.055));
#8709=CARTESIAN_POINT('',(0.1625,0.0165,0.0549999999999999));
#8710=CARTESIAN_POINT('',(0.1555,0.0165,0.07));
#8711=CARTESIAN_POINT('',(0.1555,0.0165,0.07));
#8712=CARTESIAN_POINT('',(0.1555,0.0165,0.078));
#8713=CARTESIAN_POINT('',(0.1555,0.0165,0.055));
#8714=CARTESIAN_POINT('',(0.,0.,0.));
#8715=CARTESIAN_POINT('',(0.0695,-0.0325,-0.255));
#8716=CARTESIAN_POINT('',(0.1275,0.057,0.008));
#8717=CARTESIAN_POINT('',(0.1275,0.057,0.008));
#8718=CARTESIAN_POINT('',(0.1305,0.057,0.008));
#8719=CARTESIAN_POINT('',(0.1275,0.06,0.008));
#8720=CARTESIAN_POINT('',(0.1305,0.057,0.008));
#8721=CARTESIAN_POINT('',(0.1305,0.057,0.));
#8722=CARTESIAN_POINT('',(0.1275,0.057,0.));
#8723=CARTESIAN_POINT('',(0.1275,0.06,0.));
#8724=CARTESIAN_POINT('',(0.1275,0.06,0.008));
#8725=CARTESIAN_POINT('',(-0.1275,0.057,0.00800000000000012));
#8726=CARTESIAN_POINT('',(-0.1275,0.057,0.00800000000000012));
#8727=CARTESIAN_POINT('',(-0.1275,0.06,0.00800000000000012));
#8728=CARTESIAN_POINT('',(-0.1305,0.057,0.00800000000000012));
#8729=CARTESIAN_POINT('',(-0.1275,0.06,0.00800000000000012));
#8730=CARTESIAN_POINT('',(-0.1275,0.06,1.11022302462516E-16));
#8731=CARTESIAN_POINT('',(-0.1275,0.057,1.11022302462516E-16));
#8732=CARTESIAN_POINT('',(-0.1305,0.057,1.11022302462516E-16));
#8733=CARTESIAN_POINT('',(-0.1305,0.057,0.00800000000000012));
#8734=CARTESIAN_POINT('',(-0.1275,-0.057,0.00800000000000012));
#8735=CARTESIAN_POINT('',(-0.1275,-0.057,0.00800000000000012));
#8736=CARTESIAN_POINT('',(-0.1305,-0.057,0.00800000000000012));
#8737=CARTESIAN_POINT('',(-0.1275,-0.06,0.00800000000000012));
#8738=CARTESIAN_POINT('',(-0.1305,-0.057,0.00800000000000012));
#8739=CARTESIAN_POINT('',(-0.1305,-0.057,1.11022302462516E-16));
#8740=CARTESIAN_POINT('',(-0.1275,-0.057,1.11022302462516E-16));
#8741=CARTESIAN_POINT('',(-0.1275,-0.06,1.11022302462516E-16));
#8742=CARTESIAN_POINT('',(-0.1275,-0.06,0.00800000000000012));
#8743=CARTESIAN_POINT('',(0.1275,-0.057,0.008));
#8744=CARTESIAN_POINT('',(0.1275,-0.057,0.008));
#8745=CARTESIAN_POINT('',(0.1275,-0.06,0.008));
#8746=CARTESIAN_POINT('',(0.1305,-0.057,0.008));
#8747=CARTESIAN_POINT('',(0.1275,-0.06,0.008));
#8748=CARTESIAN_POINT('',(0.1275,-0.06,0.));
#8749=CARTESIAN_POINT('',(0.1275,-0.057,0.));
#8750=CARTESIAN_POINT('',(0.1305,-0.057,0.));
#8751=CARTESIAN_POINT('',(0.1305,-0.057,0.008));
#8752=CARTESIAN_POINT('',(-0.0405,0.045,0.00800000000000012));
#8753=CARTESIAN_POINT('',(-0.0405,0.035,0.00800000000000012));
#8754=CARTESIAN_POINT('',(-0.0405,0.035,0.00800000000000012));
#8755=CARTESIAN_POINT('',(-0.0405,0.035,1.11022302462516E-16));
#8756=CARTESIAN_POINT('',(-0.0405,0.045,1.11022302462516E-16));
#8757=CARTESIAN_POINT('',(-0.0405,0.045,1.11022302462516E-16));
#8758=CARTESIAN_POINT('',(-0.0405,0.045,0.00800000000000012));
#8759=CARTESIAN_POINT('',(-0.0405,0.045,0.00800000000000012));
#8760=CARTESIAN_POINT('',(-0.0405,0.045,0.00800000000000012));
#8761=CARTESIAN_POINT('',(-0.035,0.045,0.008));
#8762=CARTESIAN_POINT('',(-0.035,0.045,0.));
#8763=CARTESIAN_POINT('',(-0.0295,0.045,0.));
#8764=CARTESIAN_POINT('',(-0.0295,0.045,0.));
#8765=CARTESIAN_POINT('',(-0.0295,0.045,0.008));
#8766=CARTESIAN_POINT('',(-0.035,0.045,0.008));
#8767=CARTESIAN_POINT('',(-0.0295,0.045,0.));
#8768=CARTESIAN_POINT('',(-0.0295,0.035,0.));
#8769=CARTESIAN_POINT('',(-0.0295,0.035,0.008));
#8770=CARTESIAN_POINT('',(-0.0295,0.035,0.));
#8771=CARTESIAN_POINT('',(-0.0295,0.045,0.008));
#8772=CARTESIAN_POINT('',(-0.0295,0.045,0.));
#8773=CARTESIAN_POINT('',(-0.035,0.035,0.008));
#8774=CARTESIAN_POINT('',(-0.035,0.035,0.008));
#8775=CARTESIAN_POINT('',(-0.035,0.035,0.));
#8776=CARTESIAN_POINT('',(-0.1105,0.045,0.008));
#8777=CARTESIAN_POINT('',(-0.1105,0.035,0.008));
#8778=CARTESIAN_POINT('',(-0.1105,0.035,0.008));
#8779=CARTESIAN_POINT('',(-0.1105,0.035,0.));
#8780=CARTESIAN_POINT('',(-0.1105,0.045,0.));
#8781=CARTESIAN_POINT('',(-0.1105,0.045,0.));
#8782=CARTESIAN_POINT('',(-0.1105,0.045,0.008));
#8783=CARTESIAN_POINT('',(-0.1105,0.045,0.008));
#8784=CARTESIAN_POINT('',(-0.1105,0.045,0.008));
#8785=CARTESIAN_POINT('',(-0.0995,0.045,1.11022302462516E-16));
#8786=CARTESIAN_POINT('',(-0.0995,0.035,1.11022302462516E-16));
#8787=CARTESIAN_POINT('',(-0.0995,0.035,0.008));
#8788=CARTESIAN_POINT('',(-0.0995,0.035,3.70074341541719E-17));
#8789=CARTESIAN_POINT('',(-0.0995,0.045,0.00800000000000012));
#8790=CARTESIAN_POINT('',(-0.0995,0.045,0.008));
#8791=CARTESIAN_POINT('',(-0.0995,0.045,1.11022302462516E-16));
#8792=CARTESIAN_POINT('',(-0.0995,0.045,7.40148683083438E-17));
#8793=CARTESIAN_POINT('',(-0.0995,0.045,1.11022302462516E-16));
#8794=CARTESIAN_POINT('',(-0.105,0.045,0.008));
#8795=CARTESIAN_POINT('',(-0.105,0.045,0.));
#8796=CARTESIAN_POINT('',(-0.105,0.045,0.008));
#8797=CARTESIAN_POINT('',(-0.105,0.035,0.008));
#8798=CARTESIAN_POINT('',(-0.105,0.035,0.008));
#8799=CARTESIAN_POINT('',(-0.105,0.035,0.));
#8800=CARTESIAN_POINT('',(0.,0.,0.));
#8801=CARTESIAN_POINT('',(0.105,0.035,0.));
#8802=CARTESIAN_POINT('',(0.0995,0.035,0.));
#8803=CARTESIAN_POINT('',(0.1105,0.035,3.70074341541719E-17));
#8804=CARTESIAN_POINT('',(0.1105,0.045,1.11022302462516E-16));
#8805=CARTESIAN_POINT('',(0.1105,0.045,3.70074341541719E-17));
#8806=CARTESIAN_POINT('',(0.105,0.045,0.));
#8807=CARTESIAN_POINT('',(0.0995,0.045,0.));
#8808=CARTESIAN_POINT('',(0.0995,0.045,0.));
#8809=CARTESIAN_POINT('',(0.035,0.035,1.11022302462516E-16));
#8810=CARTESIAN_POINT('',(0.0295,0.035,0.));
#8811=CARTESIAN_POINT('',(0.0405,0.035,7.40148683083438E-17));
#8812=CARTESIAN_POINT('',(0.0405,0.045,0.));
#8813=CARTESIAN_POINT('',(0.0405,0.045,7.40148683083438E-17));
#8814=CARTESIAN_POINT('',(0.035,0.045,1.11022302462516E-16));
#8815=CARTESIAN_POINT('',(0.0295,0.045,0.));
#8816=CARTESIAN_POINT('',(0.0295,0.045,0.));
#8817=CARTESIAN_POINT('',(0.0695,-0.033,0.));
#8818=CARTESIAN_POINT('',(0.074,-0.033,0.));
#8819=CARTESIAN_POINT('',(0.0195,-0.033,1.11022302462516E-16));
#8820=CARTESIAN_POINT('',(0.024,-0.033,1.11022302462516E-16));
#8821=CARTESIAN_POINT('',(0.0695,-0.013,0.));
#8822=CARTESIAN_POINT('',(0.074,-0.013,0.));
#8823=CARTESIAN_POINT('',(0.0195,-0.013,1.11022302462516E-16));
#8824=CARTESIAN_POINT('',(0.024,-0.013,1.11022302462516E-16));
#8825=CARTESIAN_POINT('',(0.1305,-0.06,0.));
#8826=CARTESIAN_POINT('',(-0.1305,-0.06,1.11022302462516E-16));
#8827=CARTESIAN_POINT('',(-0.1305,-0.06,1.11022302462516E-16));
#8828=CARTESIAN_POINT('',(-0.1305,0.06,1.11022302462516E-16));
#8829=CARTESIAN_POINT('',(-0.0805,-0.033,0.));
#8830=CARTESIAN_POINT('',(-0.076,-0.033,0.));
#8831=CARTESIAN_POINT('',(-0.0805,-0.013,0.));
#8832=CARTESIAN_POINT('',(-0.076,-0.013,0.));
#8833=CARTESIAN_POINT('',(-0.0305,-0.013,0.));
#8834=CARTESIAN_POINT('',(-0.026,-0.013,0.));
#8835=CARTESIAN_POINT('',(-0.0305,-0.033,0.));
#8836=CARTESIAN_POINT('',(-0.026,-0.033,0.));
#8837=CARTESIAN_POINT('',(-0.0605,-0.025,0.));
#8838=CARTESIAN_POINT('',(-0.0574,-0.025,0.));
#8839=CARTESIAN_POINT('',(6.93889390390723E-18,0.,0.008));
#8840=CARTESIAN_POINT('',(0.105,0.035,0.008));
#8841=CARTESIAN_POINT('',(0.0995,0.035,0.008));
#8842=CARTESIAN_POINT('',(0.1105,0.035,0.008));
#8843=CARTESIAN_POINT('',(0.0995,0.045,0.008));
#8844=CARTESIAN_POINT('',(0.0995,0.045,0.008));
#8845=CARTESIAN_POINT('',(0.105,0.045,0.008));
#8846=CARTESIAN_POINT('',(0.1105,0.045,0.008));
#8847=CARTESIAN_POINT('',(0.1105,0.045,0.00800000000000012));
#8848=CARTESIAN_POINT('',(0.035,0.035,0.00800000000000012));
#8849=CARTESIAN_POINT('',(0.0295,0.035,0.008));
#8850=CARTESIAN_POINT('',(0.0405,0.035,0.008));
#8851=CARTESIAN_POINT('',(0.0295,0.045,0.008));
#8852=CARTESIAN_POINT('',(0.0295,0.045,0.008));
#8853=CARTESIAN_POINT('',(0.035,0.045,0.00800000000000012));
#8854=CARTESIAN_POINT('',(0.0405,0.045,0.008));
#8855=CARTESIAN_POINT('',(0.0405,0.045,0.008));
#8856=CARTESIAN_POINT('',(0.0695,-0.033,0.008));
#8857=CARTESIAN_POINT('',(0.078625,-0.033,0.008));
#8858=CARTESIAN_POINT('',(0.0195,-0.033,0.00800000000000012));
#8859=CARTESIAN_POINT('',(0.028625,-0.033,0.00800000000000012));
#8860=CARTESIAN_POINT('',(0.0695,-0.013,0.008));
#8861=CARTESIAN_POINT('',(0.078625,-0.013,0.008));
#8862=CARTESIAN_POINT('',(0.0195,-0.013,0.00800000000000012));
#8863=CARTESIAN_POINT('',(0.028625,-0.013,0.00800000000000012));
#8864=CARTESIAN_POINT('',(-0.1305,-0.06,0.00800000000000012));
#8865=CARTESIAN_POINT('',(0.1305,-0.06,0.008));
#8866=CARTESIAN_POINT('',(-0.1305,0.06,0.00800000000000012));
#8867=CARTESIAN_POINT('',(-0.1305,-0.06,0.00800000000000012));
#8868=CARTESIAN_POINT('',(-0.0805,-0.033,0.008));
#8869=CARTESIAN_POINT('',(-0.071375,-0.033,0.008));
#8870=CARTESIAN_POINT('',(-0.0805,-0.013,0.008));
#8871=CARTESIAN_POINT('',(-0.071375,-0.013,0.008));
#8872=CARTESIAN_POINT('',(-0.0305,-0.013,0.008));
#8873=CARTESIAN_POINT('',(-0.021375,-0.013,0.008));
#8874=CARTESIAN_POINT('',(-0.0305,-0.033,0.008));
#8875=CARTESIAN_POINT('',(-0.021375,-0.033,0.008));
#8876=CARTESIAN_POINT('',(-0.0605,-0.025,0.008));
#8877=CARTESIAN_POINT('',(-0.0574,-0.025,0.008));
#8878=CARTESIAN_POINT('',(-0.1305,-0.06,0.00800000000000012));
#8879=CARTESIAN_POINT('',(-0.1305,-0.06,0.00800000000000012));
#8880=CARTESIAN_POINT('',(-0.1305,0.06,0.00800000000000012));
#8881=CARTESIAN_POINT('',(0.1305,-0.06,0.008));
#8882=CARTESIAN_POINT('',(0.035,0.035,0.00800000000000012));
#8883=CARTESIAN_POINT('',(0.0405,0.035,0.));
#8884=CARTESIAN_POINT('',(0.0295,0.035,0.008));
#8885=CARTESIAN_POINT('',(0.0405,0.045,0.));
#8886=CARTESIAN_POINT('',(0.0405,0.045,0.));
#8887=CARTESIAN_POINT('',(0.035,0.045,0.00800000000000012));
#8888=CARTESIAN_POINT('',(0.0295,0.045,0.008));
#8889=CARTESIAN_POINT('',(0.0295,0.045,0.008));
#8890=CARTESIAN_POINT('',(0.105,0.035,0.008));
#8891=CARTESIAN_POINT('',(0.1105,0.035,1.11022302462516E-16));
#8892=CARTESIAN_POINT('',(0.0995,0.035,0.008));
#8893=CARTESIAN_POINT('',(0.1105,0.045,1.11022302462516E-16));
#8894=CARTESIAN_POINT('',(0.1105,0.045,1.11022302462516E-16));
#8895=CARTESIAN_POINT('',(0.105,0.045,0.008));
#8896=CARTESIAN_POINT('',(0.0995,0.045,0.008));
#8897=CARTESIAN_POINT('',(0.0995,0.045,0.008));
#8898=CARTESIAN_POINT('',(0.0695,-0.033,0.008));
#8899=CARTESIAN_POINT('',(0.0695,-0.033,0.003375));
#8900=CARTESIAN_POINT('',(0.074,-0.033,0.003375));
#8901=CARTESIAN_POINT('',(0.0695,-0.033,0.008));
#8902=CARTESIAN_POINT('',(0.0195,-0.033,0.00800000000000012));
#8903=CARTESIAN_POINT('',(0.0195,-0.033,0.00337500000000013));
#8904=CARTESIAN_POINT('',(0.024,-0.033,0.00337500000000013));
#8905=CARTESIAN_POINT('',(0.0195,-0.033,0.00800000000000012));
#8906=CARTESIAN_POINT('',(0.0695,-0.013,0.008));
#8907=CARTESIAN_POINT('',(0.0695,-0.013,0.003375));
#8908=CARTESIAN_POINT('',(0.074,-0.013,0.003375));
#8909=CARTESIAN_POINT('',(0.0695,-0.013,0.008));
#8910=CARTESIAN_POINT('',(0.0195,-0.013,0.00800000000000012));
#8911=CARTESIAN_POINT('',(0.0195,-0.013,0.00337500000000013));
#8912=CARTESIAN_POINT('',(0.024,-0.013,0.00337500000000013));
#8913=CARTESIAN_POINT('',(0.0195,-0.013,0.00800000000000012));
#8914=CARTESIAN_POINT('',(-0.0805,-0.033,0.008));
#8915=CARTESIAN_POINT('',(-0.0805,-0.033,0.003375));
#8916=CARTESIAN_POINT('',(-0.076,-0.033,0.003375));
#8917=CARTESIAN_POINT('',(-0.0805,-0.033,0.008));
#8918=CARTESIAN_POINT('',(-0.0805,-0.013,0.008));
#8919=CARTESIAN_POINT('',(-0.0805,-0.013,0.003375));
#8920=CARTESIAN_POINT('',(-0.076,-0.013,0.003375));
#8921=CARTESIAN_POINT('',(-0.0805,-0.013,0.008));
#8922=CARTESIAN_POINT('',(-0.0305,-0.013,0.008));
#8923=CARTESIAN_POINT('',(-0.0305,-0.013,0.003375));
#8924=CARTESIAN_POINT('',(-0.026,-0.013,0.003375));
#8925=CARTESIAN_POINT('',(-0.0305,-0.013,0.008));
#8926=CARTESIAN_POINT('',(-0.0305,-0.033,0.008));
#8927=CARTESIAN_POINT('',(-0.0305,-0.033,0.003375));
#8928=CARTESIAN_POINT('',(-0.026,-0.033,0.003375));
#8929=CARTESIAN_POINT('',(-0.0305,-0.033,0.008));
#8930=CARTESIAN_POINT('',(-0.0605,-0.025,0.));
#8931=CARTESIAN_POINT('',(8.32667268468867E-17,-0.0195,0.293));
#8932=CARTESIAN_POINT('',(0.0195,-0.0325,-0.300875));
#8933=CARTESIAN_POINT('',(0.1275,0.057,-0.008));
#8934=CARTESIAN_POINT('',(0.1275,0.057,-0.008));
#8935=CARTESIAN_POINT('',(0.1305,0.057,-0.008));
#8936=CARTESIAN_POINT('',(0.1275,0.06,-0.008));
#8937=CARTESIAN_POINT('',(0.1275,0.06,-0.008));
#8938=CARTESIAN_POINT('',(0.1275,0.06,0.));
#8939=CARTESIAN_POINT('',(0.1275,0.057,0.));
#8940=CARTESIAN_POINT('',(0.1305,0.057,0.));
#8941=CARTESIAN_POINT('',(0.1305,0.057,-0.008));
#8942=CARTESIAN_POINT('',(-0.1275,0.057,-0.008));
#8943=CARTESIAN_POINT('',(-0.1275,0.057,-0.008));
#8944=CARTESIAN_POINT('',(-0.1275,0.06,-0.008));
#8945=CARTESIAN_POINT('',(-0.1305,0.057,-0.008));
#8946=CARTESIAN_POINT('',(-0.1305,0.057,-0.008));
#8947=CARTESIAN_POINT('',(-0.1305,0.057,0.));
#8948=CARTESIAN_POINT('',(-0.1275,0.057,0.));
#8949=CARTESIAN_POINT('',(-0.1275,0.06,0.));
#8950=CARTESIAN_POINT('',(-0.1275,0.06,-0.008));
#8951=CARTESIAN_POINT('',(-0.1275,-0.057,-0.008));
#8952=CARTESIAN_POINT('',(-0.1275,-0.057,-0.008));
#8953=CARTESIAN_POINT('',(-0.1305,-0.057,-0.008));
#8954=CARTESIAN_POINT('',(-0.1275,-0.06,-0.008));
#8955=CARTESIAN_POINT('',(-0.1275,-0.06,-0.008));
#8956=CARTESIAN_POINT('',(-0.1275,-0.06,0.));
#8957=CARTESIAN_POINT('',(-0.1275,-0.057,0.));
#8958=CARTESIAN_POINT('',(-0.1305,-0.057,0.));
#8959=CARTESIAN_POINT('',(-0.1305,-0.057,-0.008));
#8960=CARTESIAN_POINT('',(0.1275,-0.057,-0.008));
#8961=CARTESIAN_POINT('',(0.1275,-0.057,-0.008));
#8962=CARTESIAN_POINT('',(0.1275,-0.06,-0.008));
#8963=CARTESIAN_POINT('',(0.1305,-0.057,-0.008));
#8964=CARTESIAN_POINT('',(0.1305,-0.057,-0.008));
#8965=CARTESIAN_POINT('',(0.1305,-0.057,0.));
#8966=CARTESIAN_POINT('',(0.1275,-0.057,0.));
#8967=CARTESIAN_POINT('',(0.1275,-0.06,0.));
#8968=CARTESIAN_POINT('',(0.1275,-0.06,-0.008));
#8969=CARTESIAN_POINT('',(-0.0405,0.045,-0.008));
#8970=CARTESIAN_POINT('',(-0.0405,0.035,-0.008));
#8971=CARTESIAN_POINT('',(-0.0405,0.035,-0.008));
#8972=CARTESIAN_POINT('',(-0.0405,0.035,0.));
#8973=CARTESIAN_POINT('',(-0.0405,0.045,-0.008));
#8974=CARTESIAN_POINT('',(-0.0405,0.045,-0.008));
#8975=CARTESIAN_POINT('',(-0.0405,0.045,-0.008));
#8976=CARTESIAN_POINT('',(-0.0405,0.045,0.));
#8977=CARTESIAN_POINT('',(-0.0405,0.045,0.));
#8978=CARTESIAN_POINT('',(-0.035,0.045,-0.008));
#8979=CARTESIAN_POINT('',(-0.035,0.045,0.));
#8980=CARTESIAN_POINT('',(-0.0295,0.045,0.));
#8981=CARTESIAN_POINT('',(-0.035,0.045,-0.008));
#8982=CARTESIAN_POINT('',(-0.0295,0.045,-0.008));
#8983=CARTESIAN_POINT('',(-0.0295,0.045,0.));
#8984=CARTESIAN_POINT('',(-0.0295,0.045,0.));
#8985=CARTESIAN_POINT('',(-0.0295,0.035,0.));
#8986=CARTESIAN_POINT('',(-0.0295,0.035,-0.008));
#8987=CARTESIAN_POINT('',(-0.0295,0.035,0.));
#8988=CARTESIAN_POINT('',(-0.0295,0.045,0.));
#8989=CARTESIAN_POINT('',(-0.0295,0.045,-0.008));
#8990=CARTESIAN_POINT('',(-0.035,0.035,-0.008));
#8991=CARTESIAN_POINT('',(-0.035,0.035,-0.008));
#8992=CARTESIAN_POINT('',(-0.035,0.035,0.));
#8993=CARTESIAN_POINT('',(-0.1105,0.045,-0.008));
#8994=CARTESIAN_POINT('',(-0.1105,0.035,-0.008));
#8995=CARTESIAN_POINT('',(-0.1105,0.035,-0.008));
#8996=CARTESIAN_POINT('',(-0.1105,0.035,0.));
#8997=CARTESIAN_POINT('',(-0.1105,0.045,-0.008));
#8998=CARTESIAN_POINT('',(-0.1105,0.045,-0.008));
#8999=CARTESIAN_POINT('',(-0.1105,0.045,-0.008));
#9000=CARTESIAN_POINT('',(-0.1105,0.045,0.));
#9001=CARTESIAN_POINT('',(-0.1105,0.045,0.));
#9002=CARTESIAN_POINT('',(-0.0995,0.045,0.));
#9003=CARTESIAN_POINT('',(-0.0995,0.035,0.));
#9004=CARTESIAN_POINT('',(-0.0995,0.035,-0.008));
#9005=CARTESIAN_POINT('',(-0.0995,0.035,0.));
#9006=CARTESIAN_POINT('',(-0.0995,0.045,0.));
#9007=CARTESIAN_POINT('',(-0.0995,0.045,0.));
#9008=CARTESIAN_POINT('',(-0.0995,0.045,0.));
#9009=CARTESIAN_POINT('',(-0.0995,0.045,-0.008));
#9010=CARTESIAN_POINT('',(-0.0995,0.045,-0.008));
#9011=CARTESIAN_POINT('',(-0.105,0.045,-0.008));
#9012=CARTESIAN_POINT('',(-0.105,0.045,0.));
#9013=CARTESIAN_POINT('',(-0.105,0.045,-0.008));
#9014=CARTESIAN_POINT('',(-0.105,0.035,-0.008));
#9015=CARTESIAN_POINT('',(-0.105,0.035,-0.008));
#9016=CARTESIAN_POINT('',(-0.105,0.035,0.));
#9017=CARTESIAN_POINT('',(0.,0.,0.));
#9018=CARTESIAN_POINT('',(0.105,0.035,0.));
#9019=CARTESIAN_POINT('',(0.0995,0.035,0.));
#9020=CARTESIAN_POINT('',(0.1105,0.035,0.));
#9021=CARTESIAN_POINT('',(0.0995,0.045,0.));
#9022=CARTESIAN_POINT('',(0.0995,0.045,0.));
#9023=CARTESIAN_POINT('',(0.105,0.045,0.));
#9024=CARTESIAN_POINT('',(0.1105,0.045,0.));
#9025=CARTESIAN_POINT('',(0.1105,0.045,0.));
#9026=CARTESIAN_POINT('',(0.035,0.035,0.));
#9027=CARTESIAN_POINT('',(0.0295,0.035,0.));
#9028=CARTESIAN_POINT('',(0.0405,0.035,0.));
#9029=CARTESIAN_POINT('',(0.0295,0.045,0.));
#9030=CARTESIAN_POINT('',(0.0295,0.045,0.));
#9031=CARTESIAN_POINT('',(0.035,0.045,0.));
#9032=CARTESIAN_POINT('',(0.0405,0.045,0.));
#9033=CARTESIAN_POINT('',(0.0405,0.045,0.));
#9034=CARTESIAN_POINT('',(0.0695,-0.033,-1.7347234759768E-18));
#9035=CARTESIAN_POINT('',(0.074,-0.033,-1.7347234759768E-18));
#9036=CARTESIAN_POINT('',(0.0195,-0.033,-1.7347234759768E-18));
#9037=CARTESIAN_POINT('',(0.024,-0.033,-1.7347234759768E-18));
#9038=CARTESIAN_POINT('',(0.0695,-0.013,-1.7347234759768E-18));
#9039=CARTESIAN_POINT('',(0.074,-0.013,-1.7347234759768E-18));
#9040=CARTESIAN_POINT('',(0.0195,-0.013,-1.7347234759768E-18));
#9041=CARTESIAN_POINT('',(0.024,-0.013,-1.7347234759768E-18));
#9042=CARTESIAN_POINT('',(0.1305,-0.06,0.));
#9043=CARTESIAN_POINT('',(-0.1305,0.06,0.));
#9044=CARTESIAN_POINT('',(-0.1305,-0.06,0.));
#9045=CARTESIAN_POINT('',(-0.1305,-0.06,0.));
#9046=CARTESIAN_POINT('',(-0.0805,-0.033,-1.7347234759768E-18));
#9047=CARTESIAN_POINT('',(-0.076,-0.033,-1.7347234759768E-18));
#9048=CARTESIAN_POINT('',(-0.0805,-0.013,-1.7347234759768E-18));
#9049=CARTESIAN_POINT('',(-0.076,-0.013,-1.7347234759768E-18));
#9050=CARTESIAN_POINT('',(-0.0305,-0.013,-1.7347234759768E-18));
#9051=CARTESIAN_POINT('',(-0.026,-0.013,-1.7347234759768E-18));
#9052=CARTESIAN_POINT('',(-0.0305,-0.033,-1.7347234759768E-18));
#9053=CARTESIAN_POINT('',(-0.026,-0.033,-1.7347234759768E-18));
#9054=CARTESIAN_POINT('',(-0.0605,-0.025,0.));
#9055=CARTESIAN_POINT('',(-0.0574,-0.025,0.));
#9056=CARTESIAN_POINT('',(0.,0.,-0.008));
#9057=CARTESIAN_POINT('',(0.105,0.035,-0.008));
#9058=CARTESIAN_POINT('',(0.0995,0.035,-0.008));
#9059=CARTESIAN_POINT('',(0.1105,0.035,-0.008));
#9060=CARTESIAN_POINT('',(0.1105,0.045,-0.008));
#9061=CARTESIAN_POINT('',(0.1105,0.045,-0.008));
#9062=CARTESIAN_POINT('',(0.105,0.045,-0.008));
#9063=CARTESIAN_POINT('',(0.0995,0.045,-0.008));
#9064=CARTESIAN_POINT('',(0.0995,0.045,-0.008));
#9065=CARTESIAN_POINT('',(0.035,0.035,-0.008));
#9066=CARTESIAN_POINT('',(0.0295,0.035,-0.008));
#9067=CARTESIAN_POINT('',(0.0405,0.035,-0.008));
#9068=CARTESIAN_POINT('',(0.0405,0.045,-0.008));
#9069=CARTESIAN_POINT('',(0.0405,0.045,-0.008));
#9070=CARTESIAN_POINT('',(0.035,0.045,-0.008));
#9071=CARTESIAN_POINT('',(0.0295,0.045,-0.008));
#9072=CARTESIAN_POINT('',(0.0295,0.045,-0.008));
#9073=CARTESIAN_POINT('',(0.0695,-0.033,-0.008));
#9074=CARTESIAN_POINT('',(0.078625,-0.033,-0.008));
#9075=CARTESIAN_POINT('',(0.0195,-0.033,-0.008));
#9076=CARTESIAN_POINT('',(0.028625,-0.033,-0.008));
#9077=CARTESIAN_POINT('',(0.0695,-0.013,-0.008));
#9078=CARTESIAN_POINT('',(0.078625,-0.013,-0.008));
#9079=CARTESIAN_POINT('',(0.0195,-0.013,-0.008));
#9080=CARTESIAN_POINT('',(0.028625,-0.013,-0.008));
#9081=CARTESIAN_POINT('',(-0.1305,-0.06,-0.008));
#9082=CARTESIAN_POINT('',(-0.1305,-0.06,-0.008));
#9083=CARTESIAN_POINT('',(-0.1305,0.06,-0.008));
#9084=CARTESIAN_POINT('',(0.1305,-0.06,-0.008));
#9085=CARTESIAN_POINT('',(-0.0805,-0.033,-0.008));
#9086=CARTESIAN_POINT('',(-0.071375,-0.033,-0.008));
#9087=CARTESIAN_POINT('',(-0.0805,-0.013,-0.008));
#9088=CARTESIAN_POINT('',(-0.071375,-0.013,-0.008));
#9089=CARTESIAN_POINT('',(-0.0305,-0.013,-0.008));
#9090=CARTESIAN_POINT('',(-0.021375,-0.013,-0.008));
#9091=CARTESIAN_POINT('',(-0.0305,-0.033,-0.008));
#9092=CARTESIAN_POINT('',(-0.021375,-0.033,-0.008));
#9093=CARTESIAN_POINT('',(-0.0605,-0.025,-0.008));
#9094=CARTESIAN_POINT('',(-0.0574,-0.025,-0.008));
#9095=CARTESIAN_POINT('',(-0.1305,-0.06,-0.008));
#9096=CARTESIAN_POINT('',(-0.1305,-0.06,-0.008));
#9097=CARTESIAN_POINT('',(-0.1305,0.06,-0.008));
#9098=CARTESIAN_POINT('',(0.1305,-0.06,-0.008));
#9099=CARTESIAN_POINT('',(0.035,0.035,-0.008));
#9100=CARTESIAN_POINT('',(0.0295,0.035,-0.008));
#9101=CARTESIAN_POINT('',(0.0405,0.035,0.));
#9102=CARTESIAN_POINT('',(0.0405,0.045,0.));
#9103=CARTESIAN_POINT('',(0.0405,0.045,0.));
#9104=CARTESIAN_POINT('',(0.035,0.045,-0.008));
#9105=CARTESIAN_POINT('',(0.0295,0.045,-0.008));
#9106=CARTESIAN_POINT('',(0.0295,0.045,-0.008));
#9107=CARTESIAN_POINT('',(0.105,0.035,-0.008));
#9108=CARTESIAN_POINT('',(0.0995,0.035,-0.008));
#9109=CARTESIAN_POINT('',(0.1105,0.035,0.));
#9110=CARTESIAN_POINT('',(0.1105,0.045,0.));
#9111=CARTESIAN_POINT('',(0.1105,0.045,0.));
#9112=CARTESIAN_POINT('',(0.105,0.045,-0.008));
#9113=CARTESIAN_POINT('',(0.0995,0.045,-0.008));
#9114=CARTESIAN_POINT('',(0.0995,0.045,-0.008));
#9115=CARTESIAN_POINT('',(0.0695,-0.033,-0.008));
#9116=CARTESIAN_POINT('',(0.0695,-0.033,-0.003375));
#9117=CARTESIAN_POINT('',(0.074,-0.033,-0.003375));
#9118=CARTESIAN_POINT('',(0.0695,-0.033,-0.008));
#9119=CARTESIAN_POINT('',(0.0195,-0.033,-0.008));
#9120=CARTESIAN_POINT('',(0.0195,-0.033,-0.003375));
#9121=CARTESIAN_POINT('',(0.024,-0.033,-0.003375));
#9122=CARTESIAN_POINT('',(0.0195,-0.033,-0.008));
#9123=CARTESIAN_POINT('',(0.0695,-0.013,-0.008));
#9124=CARTESIAN_POINT('',(0.0695,-0.013,-0.003375));
#9125=CARTESIAN_POINT('',(0.074,-0.013,-0.003375));
#9126=CARTESIAN_POINT('',(0.0695,-0.013,-0.008));
#9127=CARTESIAN_POINT('',(0.0195,-0.013,-0.008));
#9128=CARTESIAN_POINT('',(0.0195,-0.013,-0.003375));
#9129=CARTESIAN_POINT('',(0.024,-0.013,-0.003375));
#9130=CARTESIAN_POINT('',(0.0195,-0.013,-0.008));
#9131=CARTESIAN_POINT('',(-0.0805,-0.033,-0.008));
#9132=CARTESIAN_POINT('',(-0.0805,-0.033,-0.003375));
#9133=CARTESIAN_POINT('',(-0.076,-0.033,-0.003375));
#9134=CARTESIAN_POINT('',(-0.0805,-0.033,-0.008));
#9135=CARTESIAN_POINT('',(-0.0805,-0.013,-0.008));
#9136=CARTESIAN_POINT('',(-0.0805,-0.013,-0.003375));
#9137=CARTESIAN_POINT('',(-0.076,-0.013,-0.003375));
#9138=CARTESIAN_POINT('',(-0.0805,-0.013,-0.008));
#9139=CARTESIAN_POINT('',(-0.0305,-0.013,-0.008));
#9140=CARTESIAN_POINT('',(-0.0305,-0.013,-0.003375));
#9141=CARTESIAN_POINT('',(-0.026,-0.013,-0.003375));
#9142=CARTESIAN_POINT('',(-0.0305,-0.013,-0.008));
#9143=CARTESIAN_POINT('',(-0.0305,-0.033,-0.008));
#9144=CARTESIAN_POINT('',(-0.0305,-0.033,-0.003375));
#9145=CARTESIAN_POINT('',(-0.026,-0.033,-0.003375));
#9146=CARTESIAN_POINT('',(-0.0305,-0.033,-0.008));
#9147=CARTESIAN_POINT('',(-0.0605,-0.025,0.));
#9148=CARTESIAN_POINT('',(2.77555756156289E-17,-0.0195,-0.293));
#9149=CARTESIAN_POINT('',(0.105,0.0165,-0.305));
#9150=CARTESIAN_POINT('',(-0.0349999999999991,0.0165,-0.305));
#9151=CARTESIAN_POINT('',(0.1705,0.0165,-0.055));
#9152=CARTESIAN_POINT('',(0.1705,0.0165,-0.055));
#9153=CARTESIAN_POINT('',(0.1785,0.0165,-0.0549999999999999));
#9154=CARTESIAN_POINT('',(0.1555,0.0165,-0.07));
#9155=CARTESIAN_POINT('',(0.1555,0.0165,-0.07));
#9156=CARTESIAN_POINT('',(0.1555,0.0165,-0.062));
#9157=CARTESIAN_POINT('',(0.1555,0.0165,-0.055));
#9158=CARTESIAN_POINT('',(0.,0.,0.));
#9159=CARTESIAN_POINT('',(-0.0305,-0.0525,0.255));
#9160=CARTESIAN_POINT('',(0.004,0.0125,0.));
#9161=CARTESIAN_POINT('',(0.004,0.,0.));
#9162=CARTESIAN_POINT('',(0.004,0.,0.00525));
#9163=CARTESIAN_POINT('',(0.004,0.,0.));
#9164=CARTESIAN_POINT('',(0.004,0.,0.0125));
#9165=CARTESIAN_POINT('',(-3.06161699786838E-19,0.0125,0.));
#9166=CARTESIAN_POINT('',(0.,0.,0.));
#9167=CARTESIAN_POINT('',(0.,0.,0.0125));
#9168=CARTESIAN_POINT('',(0.,0.,0.));
#9169=CARTESIAN_POINT('',(0.,0.,0.00525));
#9170=CARTESIAN_POINT('',(-0.0244450056116723,0.,0.));
#9171=CARTESIAN_POINT('',(-0.0244450056116723,0.,0.));
#9172=CARTESIAN_POINT('',(0.035,0.0164999999999998,0.301));
#9173=CARTESIAN_POINT('',(0.07,-0.003875,-0.274));
#9174=CARTESIAN_POINT('',(0.0695,-0.0525,0.300875));
#9175=CARTESIAN_POINT('',(0.0695,-0.0525,-0.300875));
#9176=CARTESIAN_POINT('',(-0.105,0.0165,-0.305));
#9177=CARTESIAN_POINT('',(-0.0805,-0.0325,-0.300875));
#9178=CARTESIAN_POINT('',(0.035,0.0164999999999998,-0.301));
#9179=CARTESIAN_POINT('',(0.0695,-0.0325,-0.300875));
#9180=CARTESIAN_POINT('',(-0.0305,-0.0325,-0.300875));
#9181=CARTESIAN_POINT('',(0.1705,0.0165,-0.055));
#9182=CARTESIAN_POINT('',(0.1705,0.0165,-0.055));
#9183=CARTESIAN_POINT('',(0.1625,0.0165,-0.0550000000000001));
#9184=CARTESIAN_POINT('',(0.1705,0.0165,0.055));
#9185=CARTESIAN_POINT('',(0.1705,0.0165,0.055));
#9186=CARTESIAN_POINT('',(0.1785,0.0165,0.0550000000000001));
#9187=CARTESIAN_POINT('',(0.1705,0.0165,0.055));
#9188=CARTESIAN_POINT('',(0.,0.,0.));
#9189=CARTESIAN_POINT('',(0.0195,-0.0525,-0.255));
#9190=CARTESIAN_POINT('',(-0.104999999999999,0.0165,0.305));
#9191=CARTESIAN_POINT('',(-0.105,0.0164999999999998,0.301));
#9192=CARTESIAN_POINT('',(-0.11775,-0.003875,0.274));
#9193=CARTESIAN_POINT('',(-0.0305,-0.0325,0.255));
#9194=CARTESIAN_POINT('',(-0.0305,-0.0325,0.300875));
#9195=CARTESIAN_POINT('',(0.0195,-0.0525,0.300875));
#9196=CARTESIAN_POINT('',(0.,0.,-0.1305));
#9197=CARTESIAN_POINT('',(0.019,-0.0125,-0.1305));
#9198=CARTESIAN_POINT('',(0.019,-0.0125,-0.1305));
#9199=CARTESIAN_POINT('',(0.019,0.0125,-0.1305));
#9200=CARTESIAN_POINT('',(-0.019,-0.0125,-0.1305));
#9201=CARTESIAN_POINT('',(-0.019,-0.0125,-0.1305));
#9202=CARTESIAN_POINT('',(-0.019,-0.0125,-0.1305));
#9203=CARTESIAN_POINT('',(-0.019,0.0125,-0.1305));
#9204=CARTESIAN_POINT('',(-0.019,0.0125,-0.1305));
#9205=CARTESIAN_POINT('',(0.,0.,0.1305));
#9206=CARTESIAN_POINT('',(0.019,-0.0125,0.1305));
#9207=CARTESIAN_POINT('',(0.019,-0.0125,0.1305));
#9208=CARTESIAN_POINT('',(0.019,0.0125,0.1305));
#9209=CARTESIAN_POINT('',(-0.019,0.0125,0.1305));
#9210=CARTESIAN_POINT('',(-0.019,0.0125,0.1305));
#9211=CARTESIAN_POINT('',(-0.019,-0.0125,0.1305));
#9212=CARTESIAN_POINT('',(-0.019,-0.0125,0.1305));
#9213=CARTESIAN_POINT('',(-0.019,-0.0125,0.1305));
#9214=CARTESIAN_POINT('',(-0.019,-0.0125,0.1305));
#9215=CARTESIAN_POINT('',(0.019,-0.0125,0.1305));
#9216=CARTESIAN_POINT('',(-0.019,-0.0125,0.1305));
#9217=CARTESIAN_POINT('',(0.,-0.0125,-0.11775));
#9218=CARTESIAN_POINT('',(0.,-0.0125,-0.12115));
#9219=CARTESIAN_POINT('',(0.,-0.0125,-0.07));
#9220=CARTESIAN_POINT('',(0.,-0.0125,-0.0734));
#9221=CARTESIAN_POINT('',(0.,-0.0125,0.));
#9222=CARTESIAN_POINT('',(0.,-0.0125,-0.0034));
#9223=CARTESIAN_POINT('',(0.,-0.0125,0.07));
#9224=CARTESIAN_POINT('',(0.,-0.0125,0.0666));
#9225=CARTESIAN_POINT('',(0.,-0.0125,0.11775));
#9226=CARTESIAN_POINT('',(0.,-0.0125,0.11435));
#9227=CARTESIAN_POINT('',(-0.019,-0.0125,0.1305));
#9228=CARTESIAN_POINT('',(-0.019,0.0125,0.1305));
#9229=CARTESIAN_POINT('',(-0.019,0.0125,0.1305));
#9230=CARTESIAN_POINT('',(0.019,0.0125,0.1305));
#9231=CARTESIAN_POINT('',(0.019,-0.0125,0.1305));
#9232=CARTESIAN_POINT('',(0.019,0.,-0.105));
#9233=CARTESIAN_POINT('',(0.019,0.,-0.10925));
#9234=CARTESIAN_POINT('',(0.019,0.,-0.035));
#9235=CARTESIAN_POINT('',(0.019,0.,-0.03925));
#9236=CARTESIAN_POINT('',(0.019,0.,0.035));
#9237=CARTESIAN_POINT('',(0.019,0.,0.03075));
#9238=CARTESIAN_POINT('',(0.019,0.,0.105));
#9239=CARTESIAN_POINT('',(0.019,0.,0.10075));
#9240=CARTESIAN_POINT('',(-0.0085,0.,-0.105));
#9241=CARTESIAN_POINT('',(-0.0085,0.,-0.105));
#9242=CARTESIAN_POINT('',(-0.0085,0.,-0.10925));
#9243=CARTESIAN_POINT('',(-0.0110536576308671,-7.33281019467728E-18,-0.105));
#9244=CARTESIAN_POINT('',(0.019,0.,-0.105));
#9245=CARTESIAN_POINT('',(-0.0085,0.,-0.035));
#9246=CARTESIAN_POINT('',(-0.0085,0.,-0.035));
#9247=CARTESIAN_POINT('',(-0.0085,0.,-0.03925));
#9248=CARTESIAN_POINT('',(-0.0110536576308671,-7.33281019467728E-18,-0.035));
#9249=CARTESIAN_POINT('',(0.019,0.,-0.035));
#9250=CARTESIAN_POINT('',(-0.0085,0.,0.035));
#9251=CARTESIAN_POINT('',(-0.0085,0.,0.035));
#9252=CARTESIAN_POINT('',(-0.0085,0.,0.03075));
#9253=CARTESIAN_POINT('',(-0.0110536576308671,-7.33281019467728E-18,0.035));
#9254=CARTESIAN_POINT('',(0.019,0.,0.035));
#9255=CARTESIAN_POINT('',(-0.0085,0.,0.105));
#9256=CARTESIAN_POINT('',(-0.0085,0.,0.105));
#9257=CARTESIAN_POINT('',(-0.0085,0.,0.10075));
#9258=CARTESIAN_POINT('',(-0.0110536576308671,-7.33281019467728E-18,0.105));
#9259=CARTESIAN_POINT('',(0.019,0.,0.105));
#9260=CARTESIAN_POINT('',(0.,0.00975,-0.11775));
#9261=CARTESIAN_POINT('',(0.,0.00975,-0.11775));
#9262=CARTESIAN_POINT('',(0.,0.00975,-0.12115));
#9263=CARTESIAN_POINT('',(-4.86458346703183E-18,0.0117929261046937,-0.11775));
#9264=CARTESIAN_POINT('',(0.,-0.0125,-0.11775));
#9265=CARTESIAN_POINT('',(0.,0.00975,-0.07));
#9266=CARTESIAN_POINT('',(0.,0.00975,-0.07));
#9267=CARTESIAN_POINT('',(0.,0.00975,-0.0734));
#9268=CARTESIAN_POINT('',(-4.86458346703183E-18,0.0117929261046937,-0.07));
#9269=CARTESIAN_POINT('',(0.,-0.0125,-0.07));
#9270=CARTESIAN_POINT('',(0.,0.00975,0.));
#9271=CARTESIAN_POINT('',(0.,0.00975,0.));
#9272=CARTESIAN_POINT('',(0.,0.00975,-0.0034));
#9273=CARTESIAN_POINT('',(-4.86458346703183E-18,0.0117929261046937,0.));
#9274=CARTESIAN_POINT('',(0.,-0.0125,0.));
#9275=CARTESIAN_POINT('',(0.,0.00975,0.07));
#9276=CARTESIAN_POINT('',(0.,0.00975,0.07));
#9277=CARTESIAN_POINT('',(0.,0.00975,0.0666));
#9278=CARTESIAN_POINT('',(-4.86458346703183E-18,0.0117929261046937,0.07));
#9279=CARTESIAN_POINT('',(0.,-0.0125,0.07));
#9280=CARTESIAN_POINT('',(0.,0.00975,0.11775));
#9281=CARTESIAN_POINT('',(0.,0.00975,0.11775));
#9282=CARTESIAN_POINT('',(0.,0.00975,0.11435));
#9283=CARTESIAN_POINT('',(-4.86458346703183E-18,0.0117929261046937,0.11775));
#9284=CARTESIAN_POINT('',(0.,-0.0125,0.11775));
#9285=CARTESIAN_POINT('',(2.77555756156289E-17,0.0165,-0.274));
#9286=CARTESIAN_POINT('',(-0.0805,-0.0325,0.300875));
#9287=CARTESIAN_POINT('',(0.1555,0.0165,0.07));
#9288=CARTESIAN_POINT('',(0.1555,0.0165,0.07));
#9289=CARTESIAN_POINT('',(0.1555,0.0165,0.062));
#9290=CARTESIAN_POINT('',(0.1305,0.0165,0.07));
#9291=CARTESIAN_POINT('',(0.1305,0.0165,0.07));
#9292=CARTESIAN_POINT('',(0.1305,0.0165,0.078));
#9293=CARTESIAN_POINT('',(0.1305,0.0165,0.07));
#9294=CARTESIAN_POINT('',(0.,0.,0.));
#9295=CARTESIAN_POINT('',(0.0195,-0.0325,-0.255));
#9296=CARTESIAN_POINT('',(0.0195,-0.0325,0.300875));
#9297=CARTESIAN_POINT('',(0.0195,-0.0525,0.255));
#9298=CARTESIAN_POINT('',(0.0195,-0.0325,0.255));
#9299=CARTESIAN_POINT('',(-0.07,-0.003875,0.274));
#9300=CARTESIAN_POINT('',(0.0695,-0.0325,0.255));
#9301=CARTESIAN_POINT('',(-0.035,0.0164999999999998,0.301));
#9302=CARTESIAN_POINT('',(0.,-0.003875,0.274));
#9303=CARTESIAN_POINT('',(-0.0605,-0.025,0.));
#9304=CARTESIAN_POINT('',(-0.0605,-0.025,0.));
#9305=CARTESIAN_POINT('',(-0.0575,-0.025,0.));
#9306=CARTESIAN_POINT('',(-0.0605,-0.025,-0.018));
#9307=CARTESIAN_POINT('',(-0.0605,-0.025,-0.018));
#9308=CARTESIAN_POINT('',(-0.0575,-0.025,-0.018));
#9309=CARTESIAN_POINT('',(-0.0605,-0.025,-0.018));
#9310=CARTESIAN_POINT('',(2.77555756156289E-17,-0.0195,-0.293));
#9311=CARTESIAN_POINT('',(-0.0805,-0.0525,-0.255));
#9312=CARTESIAN_POINT('',(-0.0055,-0.0425,-0.277));
#9313=CARTESIAN_POINT('',(-0.0349999999999987,0.0165,0.305));
#9314=CARTESIAN_POINT('',(-0.0305,-0.0525,0.300875));
#9315=CARTESIAN_POINT('',(-0.035,0.0164999999999998,-0.301));
#9316=CARTESIAN_POINT('',(-0.0805,-0.0525,-0.300875));
#9317=CARTESIAN_POINT('',(-0.105,0.0164999999999998,-0.301));
#9318=CARTESIAN_POINT('',(0.1555,0.0165,-0.07));
#9319=CARTESIAN_POINT('',(0.1555,0.0165,-0.07));
#9320=CARTESIAN_POINT('',(0.1555,0.0165,-0.078));
#9321=CARTESIAN_POINT('',(0.1305,0.0165,-0.07));
#9322=CARTESIAN_POINT('',(0.1305,0.0165,-0.07));
#9323=CARTESIAN_POINT('',(0.1305,0.0165,-0.078));
#9324=CARTESIAN_POINT('',(0.1555,0.0165,-0.07));
#9325=CARTESIAN_POINT('',(0.,0.,0.));
#9326=CARTESIAN_POINT('',(-2.77555756156289E-17,0.0165,0.274));
#9327=CARTESIAN_POINT('',(0.0350000000000009,0.0165,-0.305));
#9328=CARTESIAN_POINT('',(-0.11775,-0.003875,-0.274));
#9329=CARTESIAN_POINT('',(0.105,0.0164999999999998,-0.301));
#9330=CARTESIAN_POINT('',(0.,0.026,0.2515));
#9331=CARTESIAN_POINT('',(0.1245,0.026,0.2515));
#9332=CARTESIAN_POINT('',(0.1245,0.026,0.2545));
#9333=CARTESIAN_POINT('',(0.1245,0.029,0.2515));
#9334=CARTESIAN_POINT('',(0.1245,0.026,0.2545));
#9335=CARTESIAN_POINT('',(0.1305,0.026,0.2545));
#9336=CARTESIAN_POINT('',(0.1305,0.026,0.2515));
#9337=CARTESIAN_POINT('',(0.1305,0.029,0.2515));
#9338=CARTESIAN_POINT('',(0.,0.029,0.2515));
#9339=CARTESIAN_POINT('',(0.,0.026,-0.2515));
#9340=CARTESIAN_POINT('',(0.1305,0.026,-0.2515));
#9341=CARTESIAN_POINT('',(0.1305,0.026,-0.2545));
#9342=CARTESIAN_POINT('',(0.1305,0.029,-0.2515));
#9343=CARTESIAN_POINT('',(0.1245,0.026,-0.2545));
#9344=CARTESIAN_POINT('',(0.1245,0.026,-0.2545));
#9345=CARTESIAN_POINT('',(0.1245,0.026,-0.2515));
#9346=CARTESIAN_POINT('',(0.1245,0.029,-0.2515));
#9347=CARTESIAN_POINT('',(0.,0.029,-0.2515));
#9348=CARTESIAN_POINT('',(6.93889390390723E-18,-0.003,-0.2255));
#9349=CARTESIAN_POINT('',(0.1305,-0.003,-0.2255));
#9350=CARTESIAN_POINT('',(0.1305,-0.003,-0.2245));
#9351=CARTESIAN_POINT('',(0.1305,-0.004,-0.2255));
#9352=CARTESIAN_POINT('',(0.1305,-0.003,-0.2245));
#9353=CARTESIAN_POINT('',(0.1245,-0.003,-0.2245));
#9354=CARTESIAN_POINT('',(0.1245,-0.003,-0.2255));
#9355=CARTESIAN_POINT('',(0.1245,-0.004,-0.2255));
#9356=CARTESIAN_POINT('',(0.1245,-0.004,-0.2255));
#9357=CARTESIAN_POINT('',(0.,-0.003,-0.2435));
#9358=CARTESIAN_POINT('',(0.1245,-0.003,-0.2435));
#9359=CARTESIAN_POINT('',(0.1245,-0.003,-0.2445));
#9360=CARTESIAN_POINT('',(0.1245,-0.004,-0.2435));
#9361=CARTESIAN_POINT('',(0.1245,-0.003,-0.2445));
#9362=CARTESIAN_POINT('',(0.1305,-0.003,-0.2445));
#9363=CARTESIAN_POINT('',(0.1305,-0.003,-0.2435));
#9364=CARTESIAN_POINT('',(0.1305,-0.004,-0.2435));
#9365=CARTESIAN_POINT('',(0.1305,-0.004,-0.2435));
#9366=CARTESIAN_POINT('',(0.,-0.004,0.));
#9367=CARTESIAN_POINT('',(0.1245,-0.004,-0.2245));
#9368=CARTESIAN_POINT('',(0.1305,-0.004,-0.2445));
#9369=CARTESIAN_POINT('',(0.1245,-0.012,-0.2445));
#9370=CARTESIAN_POINT('',(0.1305,-0.012,-0.2445));
#9371=CARTESIAN_POINT('',(0.1305,0.004,-0.2445));
#9372=CARTESIAN_POINT('',(0.1245,-0.012,-0.2445));
#9373=CARTESIAN_POINT('',(0.1245,0.004,-0.2445));
#9374=CARTESIAN_POINT('',(0.1245,0.004,-0.2445));
#9375=CARTESIAN_POINT('',(0.1305,-0.012,-0.2245));
#9376=CARTESIAN_POINT('',(0.1245,-0.012,-0.2245));
#9377=CARTESIAN_POINT('',(0.1245,0.004,-0.2245));
#9378=CARTESIAN_POINT('',(0.1305,-0.012,-0.2245));
#9379=CARTESIAN_POINT('',(0.1305,0.004,-0.2245));
#9380=CARTESIAN_POINT('',(0.1305,0.004,-0.2245));
#9381=CARTESIAN_POINT('',(0.,-0.003,-0.10825));
#9382=CARTESIAN_POINT('',(0.1305,-0.003,-0.10825));
#9383=CARTESIAN_POINT('',(0.1305,-0.003,-0.10725));
#9384=CARTESIAN_POINT('',(0.1305,-0.004,-0.10825));
#9385=CARTESIAN_POINT('',(0.1305,-0.003,-0.10725));
#9386=CARTESIAN_POINT('',(0.1245,-0.003,-0.10725));
#9387=CARTESIAN_POINT('',(0.1245,-0.003,-0.10825));
#9388=CARTESIAN_POINT('',(0.1245,-0.004,-0.10825));
#9389=CARTESIAN_POINT('',(0.1245,-0.004,-0.10825));
#9390=CARTESIAN_POINT('',(6.93889390390723E-18,-0.003,-0.12625));
#9391=CARTESIAN_POINT('',(0.1245,-0.003,-0.12625));
#9392=CARTESIAN_POINT('',(0.1245,-0.003,-0.12725));
#9393=CARTESIAN_POINT('',(0.1245,-0.004,-0.12625));
#9394=CARTESIAN_POINT('',(0.1245,-0.003,-0.12725));
#9395=CARTESIAN_POINT('',(0.1305,-0.003,-0.12725));
#9396=CARTESIAN_POINT('',(0.1305,-0.003,-0.12625));
#9397=CARTESIAN_POINT('',(0.1305,-0.004,-0.12625));
#9398=CARTESIAN_POINT('',(0.1305,-0.004,-0.12625));
#9399=CARTESIAN_POINT('',(0.,-0.004,0.));
#9400=CARTESIAN_POINT('',(0.1245,-0.004,-0.10725));
#9401=CARTESIAN_POINT('',(0.1305,-0.004,-0.12725));
#9402=CARTESIAN_POINT('',(0.1245,-0.012,-0.12725));
#9403=CARTESIAN_POINT('',(0.1305,-0.012,-0.12725));
#9404=CARTESIAN_POINT('',(0.1305,0.004,-0.12725));
#9405=CARTESIAN_POINT('',(0.1245,-0.012,-0.12725));
#9406=CARTESIAN_POINT('',(0.1245,0.004,-0.12725));
#9407=CARTESIAN_POINT('',(0.1245,0.004,-0.12725));
#9408=CARTESIAN_POINT('',(0.1305,-0.012,-0.10725));
#9409=CARTESIAN_POINT('',(0.1245,-0.012,-0.10725));
#9410=CARTESIAN_POINT('',(0.1245,0.004,-0.10725));
#9411=CARTESIAN_POINT('',(0.1305,-0.012,-0.10725));
#9412=CARTESIAN_POINT('',(0.1305,0.004,-0.10725));
#9413=CARTESIAN_POINT('',(0.1305,0.004,-0.10725));
#9414=CARTESIAN_POINT('',(6.93889390390723E-18,-0.003,0.00899999999999987));
#9415=CARTESIAN_POINT('',(0.1305,-0.003,0.00899999999999987));
#9416=CARTESIAN_POINT('',(0.1305,-0.003,0.00999999999999987));
#9417=CARTESIAN_POINT('',(0.1305,-0.004,0.00899999999999987));
#9418=CARTESIAN_POINT('',(0.1305,-0.003,0.00999999999999987));
#9419=CARTESIAN_POINT('',(0.1245,-0.003,0.00999999999999987));
#9420=CARTESIAN_POINT('',(0.1245,-0.003,0.00899999999999987));
#9421=CARTESIAN_POINT('',(0.1245,-0.004,0.00899999999999987));
#9422=CARTESIAN_POINT('',(0.1245,-0.004,0.00899999999999987));
#9423=CARTESIAN_POINT('',(0.,-0.003,-0.00900000000000012));
#9424=CARTESIAN_POINT('',(0.1245,-0.003,-0.00900000000000012));
#9425=CARTESIAN_POINT('',(0.1245,-0.003,-0.0100000000000001));
#9426=CARTESIAN_POINT('',(0.1245,-0.004,-0.00900000000000012));
#9427=CARTESIAN_POINT('',(0.1245,-0.003,-0.0100000000000001));
#9428=CARTESIAN_POINT('',(0.1305,-0.003,-0.0100000000000001));
#9429=CARTESIAN_POINT('',(0.1305,-0.003,-0.00900000000000012));
#9430=CARTESIAN_POINT('',(0.1305,-0.004,-0.00900000000000012));
#9431=CARTESIAN_POINT('',(0.1305,-0.004,-0.00900000000000012));
#9432=CARTESIAN_POINT('',(0.,-0.004,0.));
#9433=CARTESIAN_POINT('',(0.1245,-0.004,0.00999999999999987));
#9434=CARTESIAN_POINT('',(0.1305,-0.004,-0.0100000000000001));
#9435=CARTESIAN_POINT('',(0.1245,-0.012,-0.0100000000000001));
#9436=CARTESIAN_POINT('',(0.1305,-0.012,-0.0100000000000001));
#9437=CARTESIAN_POINT('',(0.1305,0.004,-0.0100000000000001));
#9438=CARTESIAN_POINT('',(0.1245,-0.012,-0.0100000000000001));
#9439=CARTESIAN_POINT('',(0.1245,0.004,-0.0100000000000001));
#9440=CARTESIAN_POINT('',(0.1245,0.004,-0.0100000000000001));
#9441=CARTESIAN_POINT('',(0.1305,-0.012,0.00999999999999987));
#9442=CARTESIAN_POINT('',(0.1245,-0.012,0.00999999999999987));
#9443=CARTESIAN_POINT('',(0.1245,0.004,0.00999999999999987));
#9444=CARTESIAN_POINT('',(0.1305,-0.012,0.00999999999999987));
#9445=CARTESIAN_POINT('',(0.1305,0.004,0.00999999999999987));
#9446=CARTESIAN_POINT('',(0.1305,0.004,0.00999999999999987));
#9447=CARTESIAN_POINT('',(0.,-0.003,0.12625));
#9448=CARTESIAN_POINT('',(0.1305,-0.003,0.12625));
#9449=CARTESIAN_POINT('',(0.1305,-0.003,0.12725));
#9450=CARTESIAN_POINT('',(0.1305,-0.004,0.12625));
#9451=CARTESIAN_POINT('',(0.1305,-0.003,0.12725));
#9452=CARTESIAN_POINT('',(0.1245,-0.003,0.12725));
#9453=CARTESIAN_POINT('',(0.1245,-0.003,0.12625));
#9454=CARTESIAN_POINT('',(0.1245,-0.004,0.12625));
#9455=CARTESIAN_POINT('',(0.1245,-0.004,0.12625));
#9456=CARTESIAN_POINT('',(6.93889390390723E-18,-0.003,0.10825));
#9457=CARTESIAN_POINT('',(0.1245,-0.003,0.10825));
#9458=CARTESIAN_POINT('',(0.1245,-0.003,0.10725));
#9459=CARTESIAN_POINT('',(0.1245,-0.004,0.10825));
#9460=CARTESIAN_POINT('',(0.1245,-0.003,0.10725));
#9461=CARTESIAN_POINT('',(0.1305,-0.003,0.10725));
#9462=CARTESIAN_POINT('',(0.1305,-0.003,0.10825));
#9463=CARTESIAN_POINT('',(0.1305,-0.004,0.10825));
#9464=CARTESIAN_POINT('',(0.1305,-0.004,0.10825));
#9465=CARTESIAN_POINT('',(0.,-0.004,0.));
#9466=CARTESIAN_POINT('',(0.1245,-0.004,0.12725));
#9467=CARTESIAN_POINT('',(0.1305,-0.004,0.10725));
#9468=CARTESIAN_POINT('',(0.1245,-0.012,0.10725));
#9469=CARTESIAN_POINT('',(0.1305,-0.012,0.10725));
#9470=CARTESIAN_POINT('',(0.1305,0.004,0.10725));
#9471=CARTESIAN_POINT('',(0.1245,-0.012,0.10725));
#9472=CARTESIAN_POINT('',(0.1245,0.004,0.10725));
#9473=CARTESIAN_POINT('',(0.1245,0.004,0.10725));
#9474=CARTESIAN_POINT('',(0.1305,-0.012,0.12725));
#9475=CARTESIAN_POINT('',(0.1245,-0.012,0.12725));
#9476=CARTESIAN_POINT('',(0.1245,0.004,0.12725));
#9477=CARTESIAN_POINT('',(0.1305,-0.012,0.12725));
#9478=CARTESIAN_POINT('',(0.1305,0.004,0.12725));
#9479=CARTESIAN_POINT('',(0.1305,0.004,0.12725));
#9480=CARTESIAN_POINT('',(6.93889390390723E-18,-0.003,0.2435));
#9481=CARTESIAN_POINT('',(0.1305,-0.003,0.2435));
#9482=CARTESIAN_POINT('',(0.1305,-0.003,0.2445));
#9483=CARTESIAN_POINT('',(0.1305,-0.004,0.2435));
#9484=CARTESIAN_POINT('',(0.1305,-0.003,0.2445));
#9485=CARTESIAN_POINT('',(0.1245,-0.003,0.2445));
#9486=CARTESIAN_POINT('',(0.1245,-0.003,0.2435));
#9487=CARTESIAN_POINT('',(0.1245,-0.004,0.2435));
#9488=CARTESIAN_POINT('',(0.1245,-0.004,0.2435));
#9489=CARTESIAN_POINT('',(0.,-0.003,0.2255));
#9490=CARTESIAN_POINT('',(0.1245,-0.003,0.2255));
#9491=CARTESIAN_POINT('',(0.1245,-0.003,0.2245));
#9492=CARTESIAN_POINT('',(0.1245,-0.004,0.2255));
#9493=CARTESIAN_POINT('',(0.1245,-0.003,0.2245));
#9494=CARTESIAN_POINT('',(0.1305,-0.003,0.2245));
#9495=CARTESIAN_POINT('',(0.1305,-0.003,0.2255));
#9496=CARTESIAN_POINT('',(0.1305,-0.004,0.2255));
#9497=CARTESIAN_POINT('',(0.1305,-0.004,0.2255));
#9498=CARTESIAN_POINT('',(0.,-0.004,0.));
#9499=CARTESIAN_POINT('',(0.1245,-0.004,0.2445));
#9500=CARTESIAN_POINT('',(0.1305,-0.004,0.2245));
#9501=CARTESIAN_POINT('',(0.1245,-0.012,0.2245));
#9502=CARTESIAN_POINT('',(0.1305,-0.012,0.2245));
#9503=CARTESIAN_POINT('',(0.1305,0.004,0.2245));
#9504=CARTESIAN_POINT('',(0.1245,-0.012,0.2245));
#9505=CARTESIAN_POINT('',(0.1245,0.004,0.2245));
#9506=CARTESIAN_POINT('',(0.1245,0.004,0.2245));
#9507=CARTESIAN_POINT('',(0.1305,-0.012,0.2445));
#9508=CARTESIAN_POINT('',(0.1245,-0.012,0.2445));
#9509=CARTESIAN_POINT('',(0.1245,0.004,0.2445));
#9510=CARTESIAN_POINT('',(0.1305,-0.012,0.2445));
#9511=CARTESIAN_POINT('',(0.1305,0.004,0.2445));
#9512=CARTESIAN_POINT('',(0.1305,0.004,0.2445));
#9513=CARTESIAN_POINT('',(0.,0.004,2.46519032881566E-32));
#9514=CARTESIAN_POINT('',(0.1245,0.004,0.2545));
#9515=CARTESIAN_POINT('',(0.1245,0.004,-0.2545));
#9516=CARTESIAN_POINT('',(0.1245,0.004,-0.2545));
#9517=CARTESIAN_POINT('',(0.1305,0.004,-0.2545));
#9518=CARTESIAN_POINT('',(0.1305,0.004,0.2545));
#9519=CARTESIAN_POINT('',(0.,0.029,2.46519032881566E-32));
#9520=CARTESIAN_POINT('',(0.1305,0.029,0.2545));
#9521=CARTESIAN_POINT('',(0.1245,0.029,0.2545));
#9522=CARTESIAN_POINT('',(0.1245,0.029,0.2545));
#9523=CARTESIAN_POINT('',(0.1305,0.029,0.2545));
#9524=CARTESIAN_POINT('',(0.1305,0.004,0.2545));
#9525=CARTESIAN_POINT('',(0.1245,0.029,0.2545));
#9526=CARTESIAN_POINT('',(0.1245,0.004,0.2545));
#9527=CARTESIAN_POINT('',(0.1245,0.004,0.2545));
#9528=CARTESIAN_POINT('',(0.1245,0.029,0.2545));
#9529=CARTESIAN_POINT('',(0.1245,0.029,-0.2545));
#9530=CARTESIAN_POINT('',(0.1245,0.004,0.2545));
#9531=CARTESIAN_POINT('',(0.1245,0.004,0.2545));
#9532=CARTESIAN_POINT('',(0.1245,0.004,0.2545));
#9533=CARTESIAN_POINT('',(0.1245,0.004,0.2545));
#9534=CARTESIAN_POINT('',(0.1245,0.004,0.2545));
#9535=CARTESIAN_POINT('',(0.1245,0.029,-0.2545));
#9536=CARTESIAN_POINT('',(0.1305,0.029,-0.2545));
#9537=CARTESIAN_POINT('',(0.1305,0.029,0.2545));
#9538=CARTESIAN_POINT('',(0.1305,0.004,0.2545));
#9539=CARTESIAN_POINT('',(0.1305,0.004,0.2545));
#9540=CARTESIAN_POINT('',(0.1305,0.004,0.2545));
#9541=CARTESIAN_POINT('',(0.1305,0.004,0.2545));
#9542=CARTESIAN_POINT('',(0.1305,0.004,0.2545));
#9543=CARTESIAN_POINT('',(0.,0.004,2.46519032881566E-32));
#9544=CARTESIAN_POINT('',(0.,0.004,2.46519032881566E-32));
#9545=CARTESIAN_POINT('',(0.,0.004,2.46519032881566E-32));
#9546=CARTESIAN_POINT('',(0.,0.004,2.46519032881566E-32));
#9547=CARTESIAN_POINT('',(0.,0.004,2.46519032881566E-32));
#9548=CARTESIAN_POINT('',(0.,0.,0.));
#9549=CARTESIAN_POINT('',(0.0695,-0.0525,-0.255));
#9550=CARTESIAN_POINT('',(0.0695,-0.0525,0.255));
#9551=CARTESIAN_POINT('',(0.0195,-0.0525,-0.300875));
#9552=CARTESIAN_POINT('',(0.105000000000001,0.0165,0.305));
#9553=CARTESIAN_POINT('',(-0.0305,-0.0525,-0.300875));
#9554=CARTESIAN_POINT('',(-0.0805,-0.0325,0.255));
#9555=CARTESIAN_POINT('',(-0.0605,-0.025,0.));
#9556=CARTESIAN_POINT('',(-0.0605,-0.025,0.));
#9557=CARTESIAN_POINT('',(-0.0575,-0.025,0.));
#9558=CARTESIAN_POINT('',(-0.0605,-0.025,0.018));
#9559=CARTESIAN_POINT('',(-0.0605,-0.025,0.018));
#9560=CARTESIAN_POINT('',(-0.0575,-0.025,0.018));
#9561=CARTESIAN_POINT('',(-0.0605,-0.025,0.018));
#9562=CARTESIAN_POINT('',(8.32667268468867E-17,-0.0195,0.293));
#9563=CARTESIAN_POINT('',(0.11775,-0.003875,0.274));
#9564=CARTESIAN_POINT('',(-0.0805,-0.0325,-0.255));
#9565=CARTESIAN_POINT('',(0.0695,-0.0325,0.300875));
#9566=CARTESIAN_POINT('',(0.105,0.0164999999999998,0.301));
#9567=MECHANICAL_DESIGN_GEOMETRIC_PRESENTATION_REPRESENTATION('',(#5481,#5482,#5483,#5484,#5485,#5486,#5487,#5488,#5489,#5490,#5491,#5492,#5493,#5494,#5495,#5496,#5497),#9568);
#9568=(
GEOMETRIC_REPRESENTATION_CONTEXT(3)
GLOBAL_UNCERTAINTY_ASSIGNED_CONTEXT((#9586))
GLOBAL_UNIT_ASSIGNED_CONTEXT((#9606,#9605,#9604))
REPRESENTATION_CONTEXT('120-0007-001-B01','TOP_LEVEL_ASSEMBLY_PART')
);
#9569=(
GEOMETRIC_REPRESENTATION_CONTEXT(3)
GLOBAL_UNCERTAINTY_ASSIGNED_CONTEXT((#9587))
GLOBAL_UNIT_ASSIGNED_CONTEXT((#9606,#9605,#9604))
REPRESENTATION_CONTEXT('DIN7991-M8-VA_M8x16','COMPONENT_PART')
);
#9570=(
GEOMETRIC_REPRESENTATION_CONTEXT(3)
GLOBAL_UNCERTAINTY_ASSIGNED_CONTEXT((#9588))
GLOBAL_UNIT_ASSIGNED_CONTEXT((#9606,#9605,#9604))
REPRESENTATION_CONTEXT('DIN7991-M8-VA_M8x20','COMPONENT_PART')
);
#9571=(
GEOMETRIC_REPRESENTATION_CONTEXT(3)
GLOBAL_UNCERTAINTY_ASSIGNED_CONTEXT((#9589))
GLOBAL_UNIT_ASSIGNED_CONTEXT((#9606,#9605,#9604))
REPRESENTATION_CONTEXT('120-0007-001-009_Standard<Wie bearbeitet>','COMPONENT_PART')
);
#9572=(
GEOMETRIC_REPRESENTATION_CONTEXT(3)
GLOBAL_UNCERTAINTY_ASSIGNED_CONTEXT((#9590))
GLOBAL_UNIT_ASSIGNED_CONTEXT((#9606,#9605,#9604))
REPRESENTATION_CONTEXT('DIN933-M10-VA_M10x25','COMPONENT_PART')
);
#9573=(
GEOMETRIC_REPRESENTATION_CONTEXT(3)
GLOBAL_UNCERTAINTY_ASSIGNED_CONTEXT((#9591))
GLOBAL_UNIT_ASSIGNED_CONTEXT((#9606,#9605,#9604))
REPRESENTATION_CONTEXT('HA-CO_S-SKVF070-0250-0256-V4A','COMPONENT_PART')
);
#9574=(
GEOMETRIC_REPRESENTATION_CONTEXT(3)
GLOBAL_UNCERTAINTY_ASSIGNED_CONTEXT((#9592))
GLOBAL_UNIT_ASSIGNED_CONTEXT((#9606,#9605,#9604))
REPRESENTATION_CONTEXT('120-0007-001-009_Standard<Wie bearbeitet>','COMPONENT_PART')
);
#9575=(
GEOMETRIC_REPRESENTATION_CONTEXT(3)
GLOBAL_UNCERTAINTY_ASSIGNED_CONTEXT((#9593))
GLOBAL_UNIT_ASSIGNED_CONTEXT((#9606,#9605,#9604))
REPRESENTATION_CONTEXT('120-0007-001-008','COMPONENT_PART')
);
#9576=(
GEOMETRIC_REPRESENTATION_CONTEXT(3)
GLOBAL_UNCERTAINTY_ASSIGNED_CONTEXT((#9594))
GLOBAL_UNIT_ASSIGNED_CONTEXT((#9606,#9605,#9604))
REPRESENTATION_CONTEXT('120-0007-001-008-S','COMPONENT_PART')
);
#9577=(
GEOMETRIC_REPRESENTATION_CONTEXT(3)
GLOBAL_UNCERTAINTY_ASSIGNED_CONTEXT((#9595))
GLOBAL_UNIT_ASSIGNED_CONTEXT((#9606,#9605,#9604))
REPRESENTATION_CONTEXT('120-0007-001-009_Standard<Wie bearbeitet>','COMPONENT_PART')
);
#9578=(
GEOMETRIC_REPRESENTATION_CONTEXT(3)
GLOBAL_UNCERTAINTY_ASSIGNED_CONTEXT((#9596))
GLOBAL_UNIT_ASSIGNED_CONTEXT((#9606,#9605,#9604))
REPRESENTATION_CONTEXT('DIN7349-VA_10.5','COMPONENT_PART')
);
#9579=(
GEOMETRIC_REPRESENTATION_CONTEXT(3)
GLOBAL_UNCERTAINTY_ASSIGNED_CONTEXT((#9597))
GLOBAL_UNIT_ASSIGNED_CONTEXT((#9606,#9605,#9604))
REPRESENTATION_CONTEXT('120-0007-001-009_Standard<Wie bearbeitet>','COMPONENT_PART')
);
#9580=(
GEOMETRIC_REPRESENTATION_CONTEXT(3)
GLOBAL_UNCERTAINTY_ASSIGNED_CONTEXT((#9598))
GLOBAL_UNIT_ASSIGNED_CONTEXT((#9606,#9605,#9604))
REPRESENTATION_CONTEXT('120-0007-001-010','COMPONENT_PART')
);
#9581=(
GEOMETRIC_REPRESENTATION_CONTEXT(3)
GLOBAL_UNCERTAINTY_ASSIGNED_CONTEXT((#9599))
GLOBAL_UNIT_ASSIGNED_CONTEXT((#9606,#9605,#9604))
REPRESENTATION_CONTEXT('120-0007-001-009_Standard<Wie bearbeitet>','COMPONENT_PART')
);
#9582=(
GEOMETRIC_REPRESENTATION_CONTEXT(3)
GLOBAL_UNCERTAINTY_ASSIGNED_CONTEXT((#9600))
GLOBAL_UNIT_ASSIGNED_CONTEXT((#9606,#9605,#9604))
REPRESENTATION_CONTEXT('120-0007-001-008-S','COMPONENT_PART')
);
#9583=(
GEOMETRIC_REPRESENTATION_CONTEXT(3)
GLOBAL_UNCERTAINTY_ASSIGNED_CONTEXT((#9601))
GLOBAL_UNIT_ASSIGNED_CONTEXT((#9606,#9605,#9604))
REPRESENTATION_CONTEXT('120-0007-001-009_Standard<Wie bearbeitet>','COMPONENT_PART')
);
#9584=(
GEOMETRIC_REPRESENTATION_CONTEXT(3)
GLOBAL_UNCERTAINTY_ASSIGNED_CONTEXT((#9602))
GLOBAL_UNIT_ASSIGNED_CONTEXT((#9606,#9605,#9604))
REPRESENTATION_CONTEXT('120-0007-001-009_Standard<Wie bearbeitet>','COMPONENT_PART')
);
#9585=(
GEOMETRIC_REPRESENTATION_CONTEXT(3)
GLOBAL_UNCERTAINTY_ASSIGNED_CONTEXT((#9603))
GLOBAL_UNIT_ASSIGNED_CONTEXT((#9606,#9605,#9604))
REPRESENTATION_CONTEXT('120-0007-001-008','COMPONENT_PART')
);
#9586=UNCERTAINTY_MEASURE_WITH_UNIT(LENGTH_MEASURE(1.E-08),#9606,'DISTANCE_ACCURACY_VALUE','Maximum Tolerance applied to model');
#9587=UNCERTAINTY_MEASURE_WITH_UNIT(LENGTH_MEASURE(1.E-06),#9606,'DISTANCE_ACCURACY_VALUE','Maximum Tolerance applied to model');
#9588=UNCERTAINTY_MEASURE_WITH_UNIT(LENGTH_MEASURE(1.E-06),#9606,'DISTANCE_ACCURACY_VALUE','Maximum Tolerance applied to model');
#9589=UNCERTAINTY_MEASURE_WITH_UNIT(LENGTH_MEASURE(1.E-06),#9606,'DISTANCE_ACCURACY_VALUE','Maximum Tolerance applied to model');
#9590=UNCERTAINTY_MEASURE_WITH_UNIT(LENGTH_MEASURE(2.E-05),#9606,'DISTANCE_ACCURACY_VALUE','Maximum Tolerance applied to model');
#9591=UNCERTAINTY_MEASURE_WITH_UNIT(LENGTH_MEASURE(1.E-06),#9606,'DISTANCE_ACCURACY_VALUE','Maximum Tolerance applied to model');
#9592=UNCERTAINTY_MEASURE_WITH_UNIT(LENGTH_MEASURE(1.E-08),#9606,'DISTANCE_ACCURACY_VALUE','Maximum Tolerance applied to model');
#9593=UNCERTAINTY_MEASURE_WITH_UNIT(LENGTH_MEASURE(1.E-06),#9606,'DISTANCE_ACCURACY_VALUE','Maximum Tolerance applied to model');
#9594=UNCERTAINTY_MEASURE_WITH_UNIT(LENGTH_MEASURE(1.E-06),#9606,'DISTANCE_ACCURACY_VALUE','Maximum Tolerance applied to model');
#9595=UNCERTAINTY_MEASURE_WITH_UNIT(LENGTH_MEASURE(1.E-08),#9606,'DISTANCE_ACCURACY_VALUE','Maximum Tolerance applied to model');
#9596=UNCERTAINTY_MEASURE_WITH_UNIT(LENGTH_MEASURE(1.E-08),#9606,'DISTANCE_ACCURACY_VALUE','Maximum Tolerance applied to model');
#9597=UNCERTAINTY_MEASURE_WITH_UNIT(LENGTH_MEASURE(1.E-08),#9606,'DISTANCE_ACCURACY_VALUE','Maximum Tolerance applied to model');
#9598=UNCERTAINTY_MEASURE_WITH_UNIT(LENGTH_MEASURE(1.E-06),#9606,'DISTANCE_ACCURACY_VALUE','Maximum Tolerance applied to model');
#9599=UNCERTAINTY_MEASURE_WITH_UNIT(LENGTH_MEASURE(1.E-08),#9606,'DISTANCE_ACCURACY_VALUE','Maximum Tolerance applied to model');
#9600=UNCERTAINTY_MEASURE_WITH_UNIT(LENGTH_MEASURE(1.E-08),#9606,'DISTANCE_ACCURACY_VALUE','Maximum Tolerance applied to model');
#9601=UNCERTAINTY_MEASURE_WITH_UNIT(LENGTH_MEASURE(1.E-08),#9606,'DISTANCE_ACCURACY_VALUE','Maximum Tolerance applied to model');
#9602=UNCERTAINTY_MEASURE_WITH_UNIT(LENGTH_MEASURE(1.E-06),#9606,'DISTANCE_ACCURACY_VALUE','Maximum Tolerance applied to model');
#9603=UNCERTAINTY_MEASURE_WITH_UNIT(LENGTH_MEASURE(1.E-08),#9606,'DISTANCE_ACCURACY_VALUE','Maximum Tolerance applied to model');
#9604=(
NAMED_UNIT(*)
SI_UNIT($,.STERADIAN.)
SOLID_ANGLE_UNIT()
);
#9605=(
NAMED_UNIT(*)
PLANE_ANGLE_UNIT()
SI_UNIT($,.RADIAN.)
);
#9606=(
LENGTH_UNIT()
NAMED_UNIT(*)
SI_UNIT($,.METRE.)
);
#9607=PRODUCT_DEFINITION_SHAPE('','',#9698);
#9608=PRODUCT_DEFINITION_SHAPE('','',#9699);
#9609=PRODUCT_DEFINITION_SHAPE(' ','NAUO PRDDFN',#106);
#9610=PRODUCT_DEFINITION_SHAPE(' ','NAUO PRDDFN',#107);
#9611=PRODUCT_DEFINITION_SHAPE('','',#9700);
#9612=PRODUCT_DEFINITION_SHAPE(' ','NAUO PRDDFN',#108);
#9613=PRODUCT_DEFINITION_SHAPE('','',#9701);
#9614=PRODUCT_DEFINITION_SHAPE(' ','NAUO PRDDFN',#109);
#9615=PRODUCT_DEFINITION_SHAPE(' ','NAUO PRDDFN',#110);
#9616=PRODUCT_DEFINITION_SHAPE(' ','NAUO PRDDFN',#111);
#9617=PRODUCT_DEFINITION_SHAPE(' ','NAUO PRDDFN',#112);
#9618=PRODUCT_DEFINITION_SHAPE('','',#9702);
#9619=PRODUCT_DEFINITION_SHAPE(' ','NAUO PRDDFN',#113);
#9620=PRODUCT_DEFINITION_SHAPE(' ','NAUO PRDDFN',#114);
#9621=PRODUCT_DEFINITION_SHAPE(' ','NAUO PRDDFN',#115);
#9622=PRODUCT_DEFINITION_SHAPE('','',#9703);
#9623=PRODUCT_DEFINITION_SHAPE(' ','NAUO PRDDFN',#116);
#9624=PRODUCT_DEFINITION_SHAPE('','',#9704);
#9625=PRODUCT_DEFINITION_SHAPE(' ','NAUO PRDDFN',#117);
#9626=PRODUCT_DEFINITION_SHAPE(' ','NAUO PRDDFN',#118);
#9627=PRODUCT_DEFINITION_SHAPE('','',#9705);
#9628=PRODUCT_DEFINITION_SHAPE(' ','NAUO PRDDFN',#119);
#9629=PRODUCT_DEFINITION_SHAPE(' ','NAUO PRDDFN',#120);
#9630=PRODUCT_DEFINITION_SHAPE('','',#9706);
#9631=PRODUCT_DEFINITION_SHAPE(' ','NAUO PRDDFN',#121);
#9632=PRODUCT_DEFINITION_SHAPE(' ','NAUO PRDDFN',#122);
#9633=PRODUCT_DEFINITION_SHAPE(' ','NAUO PRDDFN',#123);
#9634=PRODUCT_DEFINITION_SHAPE('','',#9707);
#9635=PRODUCT_DEFINITION_SHAPE(' ','NAUO PRDDFN',#124);
#9636=PRODUCT_DEFINITION_SHAPE(' ','NAUO PRDDFN',#125);
#9637=PRODUCT_DEFINITION_SHAPE('','',#9708);
#9638=PRODUCT_DEFINITION_SHAPE(' ','NAUO PRDDFN',#126);
#9639=PRODUCT_DEFINITION_SHAPE(' ','NAUO PRDDFN',#127);
#9640=PRODUCT_DEFINITION_SHAPE(' ','NAUO PRDDFN',#128);
#9641=PRODUCT_DEFINITION_SHAPE(' ','NAUO PRDDFN',#129);
#9642=PRODUCT_DEFINITION_SHAPE(' ','NAUO PRDDFN',#130);
#9643=PRODUCT_DEFINITION_SHAPE(' ','NAUO PRDDFN',#131);
#9644=PRODUCT_DEFINITION_SHAPE(' ','NAUO PRDDFN',#132);
#9645=PRODUCT_DEFINITION_SHAPE(' ','NAUO PRDDFN',#133);
#9646=PRODUCT_DEFINITION_SHAPE(' ','NAUO PRDDFN',#134);
#9647=PRODUCT_DEFINITION_SHAPE('','',#9709);
#9648=PRODUCT_DEFINITION_SHAPE(' ','NAUO PRDDFN',#135);
#9649=PRODUCT_DEFINITION_SHAPE(' ','NAUO PRDDFN',#136);
#9650=PRODUCT_DEFINITION_SHAPE(' ','NAUO PRDDFN',#137);
#9651=PRODUCT_DEFINITION_SHAPE(' ','NAUO PRDDFN',#138);
#9652=PRODUCT_DEFINITION_SHAPE(' ','NAUO PRDDFN',#139);
#9653=PRODUCT_DEFINITION_SHAPE(' ','NAUO PRDDFN',#140);
#9654=PRODUCT_DEFINITION_SHAPE(' ','NAUO PRDDFN',#141);
#9655=PRODUCT_DEFINITION_SHAPE(' ','NAUO PRDDFN',#142);
#9656=PRODUCT_DEFINITION_SHAPE('','',#9710);
#9657=PRODUCT_DEFINITION_SHAPE(' ','NAUO PRDDFN',#143);
#9658=PRODUCT_DEFINITION_SHAPE(' ','NAUO PRDDFN',#144);
#9659=PRODUCT_DEFINITION_SHAPE('','',#9711);
#9660=PRODUCT_DEFINITION_SHAPE(' ','NAUO PRDDFN',#145);
#9661=PRODUCT_DEFINITION_SHAPE(' ','NAUO PRDDFN',#146);
#9662=PRODUCT_DEFINITION_SHAPE(' ','NAUO PRDDFN',#147);
#9663=PRODUCT_DEFINITION_SHAPE(' ','NAUO PRDDFN',#148);
#9664=PRODUCT_DEFINITION_SHAPE(' ','NAUO PRDDFN',#149);
#9665=PRODUCT_DEFINITION_SHAPE(' ','NAUO PRDDFN',#150);
#9666=PRODUCT_DEFINITION_SHAPE(' ','NAUO PRDDFN',#151);
#9667=PRODUCT_DEFINITION_SHAPE(' ','NAUO PRDDFN',#152);
#9668=PRODUCT_DEFINITION_SHAPE(' ','NAUO PRDDFN',#153);
#9669=PRODUCT_DEFINITION_SHAPE('','',#9712);
#9670=PRODUCT_DEFINITION_SHAPE(' ','NAUO PRDDFN',#154);
#9671=PRODUCT_DEFINITION_SHAPE(' ','NAUO PRDDFN',#155);
#9672=PRODUCT_DEFINITION_SHAPE(' ','NAUO PRDDFN',#156);
#9673=PRODUCT_DEFINITION_SHAPE(' ','NAUO PRDDFN',#157);
#9674=PRODUCT_DEFINITION_SHAPE(' ','NAUO PRDDFN',#158);
#9675=PRODUCT_DEFINITION_SHAPE(' ','NAUO PRDDFN',#159);
#9676=PRODUCT_DEFINITION_SHAPE(' ','NAUO PRDDFN',#160);
#9677=PRODUCT_DEFINITION_SHAPE(' ','NAUO PRDDFN',#161);
#9678=PRODUCT_DEFINITION_SHAPE('','',#9713);
#9679=PRODUCT_DEFINITION_SHAPE(' ','NAUO PRDDFN',#162);
#9680=PRODUCT_DEFINITION_SHAPE(' ','NAUO PRDDFN',#163);
#9681=PRODUCT_DEFINITION_SHAPE(' ','NAUO PRDDFN',#164);
#9682=PRODUCT_DEFINITION_SHAPE(' ','NAUO PRDDFN',#165);
#9683=PRODUCT_DEFINITION_SHAPE(' ','NAUO PRDDFN',#166);
#9684=PRODUCT_DEFINITION_SHAPE('','',#9714);
#9685=PRODUCT_DEFINITION_SHAPE(' ','NAUO PRDDFN',#167);
#9686=PRODUCT_DEFINITION_SHAPE(' ','NAUO PRDDFN',#168);
#9687=PRODUCT_DEFINITION_SHAPE(' ','NAUO PRDDFN',#169);
#9688=PRODUCT_DEFINITION_SHAPE(' ','NAUO PRDDFN',#170);
#9689=PRODUCT_DEFINITION_SHAPE(' ','NAUO PRDDFN',#171);
#9690=PRODUCT_DEFINITION_SHAPE(' ','NAUO PRDDFN',#172);
#9691=PRODUCT_DEFINITION_SHAPE(' ','NAUO PRDDFN',#173);
#9692=PRODUCT_DEFINITION_SHAPE('','',#9715);
#9693=PRODUCT_DEFINITION_SHAPE(' ','NAUO PRDDFN',#174);
#9694=PRODUCT_DEFINITION_SHAPE(' ','NAUO PRDDFN',#175);
#9695=PRODUCT_DEFINITION_SHAPE(' ','NAUO PRDDFN',#176);
#9696=PRODUCT_DEFINITION_SHAPE(' ','NAUO PRDDFN',#177);
#9697=PRODUCT_DEFINITION_SHAPE(' ','NAUO PRDDFN',#178);
#9698=PRODUCT_DEFINITION('','',#9734,#9716);
#9699=PRODUCT_DEFINITION('','',#9735,#9717);
#9700=PRODUCT_DEFINITION('','',#9736,#9718);
#9701=PRODUCT_DEFINITION('','',#9737,#9719);
#9702=PRODUCT_DEFINITION('','',#9738,#9720);
#9703=PRODUCT_DEFINITION('','',#9739,#9721);
#9704=PRODUCT_DEFINITION('','',#9740,#9722);
#9705=PRODUCT_DEFINITION('','',#9741,#9723);
#9706=PRODUCT_DEFINITION('','',#9742,#9724);
#9707=PRODUCT_DEFINITION('','',#9743,#9725);
#9708=PRODUCT_DEFINITION('','',#9744,#9726);
#9709=PRODUCT_DEFINITION('','',#9745,#9727);
#9710=PRODUCT_DEFINITION('','',#9746,#9728);
#9711=PRODUCT_DEFINITION('','',#9747,#9729);
#9712=PRODUCT_DEFINITION('','',#9748,#9730);
#9713=PRODUCT_DEFINITION('','',#9749,#9731);
#9714=PRODUCT_DEFINITION('','',#9750,#9732);
#9715=PRODUCT_DEFINITION('','',#9751,#9733);
#9716=PRODUCT_DEFINITION_CONTEXT('',#9825,'design');
#9717=PRODUCT_DEFINITION_CONTEXT('',#9825,'design');
#9718=PRODUCT_DEFINITION_CONTEXT('',#9825,'design');
#9719=PRODUCT_DEFINITION_CONTEXT('',#9825,'design');
#9720=PRODUCT_DEFINITION_CONTEXT('',#9825,'design');
#9721=PRODUCT_DEFINITION_CONTEXT('',#9825,'design');
#9722=PRODUCT_DEFINITION_CONTEXT('',#9825,'design');
#9723=PRODUCT_DEFINITION_CONTEXT('',#9825,'design');
#9724=PRODUCT_DEFINITION_CONTEXT('',#9825,'design');
#9725=PRODUCT_DEFINITION_CONTEXT('',#9825,'design');
#9726=PRODUCT_DEFINITION_CONTEXT('',#9825,'design');
#9727=PRODUCT_DEFINITION_CONTEXT('',#9825,'design');
#9728=PRODUCT_DEFINITION_CONTEXT('',#9825,'design');
#9729=PRODUCT_DEFINITION_CONTEXT('',#9825,'design');
#9730=PRODUCT_DEFINITION_CONTEXT('',#9825,'design');
#9731=PRODUCT_DEFINITION_CONTEXT('',#9825,'design');
#9732=PRODUCT_DEFINITION_CONTEXT('',#9825,'design');
#9733=PRODUCT_DEFINITION_CONTEXT('',#9825,'design');
#9734=PRODUCT_DEFINITION_FORMATION_WITH_SPECIFIED_SOURCE('','',#9770,.NOT_KNOWN.);
#9735=PRODUCT_DEFINITION_FORMATION_WITH_SPECIFIED_SOURCE('','',#9771,.NOT_KNOWN.);
#9736=PRODUCT_DEFINITION_FORMATION_WITH_SPECIFIED_SOURCE('','',#9772,.NOT_KNOWN.);
#9737=PRODUCT_DEFINITION_FORMATION_WITH_SPECIFIED_SOURCE('','',#9773,.NOT_KNOWN.);
#9738=PRODUCT_DEFINITION_FORMATION_WITH_SPECIFIED_SOURCE('','',#9774,.NOT_KNOWN.);
#9739=PRODUCT_DEFINITION_FORMATION_WITH_SPECIFIED_SOURCE('','',#9775,.NOT_KNOWN.);
#9740=PRODUCT_DEFINITION_FORMATION_WITH_SPECIFIED_SOURCE('','',#9776,.NOT_KNOWN.);
#9741=PRODUCT_DEFINITION_FORMATION_WITH_SPECIFIED_SOURCE('','',#9777,.NOT_KNOWN.);
#9742=PRODUCT_DEFINITION_FORMATION_WITH_SPECIFIED_SOURCE('','',#9778,.NOT_KNOWN.);
#9743=PRODUCT_DEFINITION_FORMATION_WITH_SPECIFIED_SOURCE('','',#9779,.NOT_KNOWN.);
#9744=PRODUCT_DEFINITION_FORMATION_WITH_SPECIFIED_SOURCE('','',#9780,.NOT_KNOWN.);
#9745=PRODUCT_DEFINITION_FORMATION_WITH_SPECIFIED_SOURCE('','',#9781,.NOT_KNOWN.);
#9746=PRODUCT_DEFINITION_FORMATION_WITH_SPECIFIED_SOURCE('','',#9782,.NOT_KNOWN.);
#9747=PRODUCT_DEFINITION_FORMATION_WITH_SPECIFIED_SOURCE('','',#9783,.NOT_KNOWN.);
#9748=PRODUCT_DEFINITION_FORMATION_WITH_SPECIFIED_SOURCE('','',#9784,.NOT_KNOWN.);
#9749=PRODUCT_DEFINITION_FORMATION_WITH_SPECIFIED_SOURCE('','',#9785,.NOT_KNOWN.);
#9750=PRODUCT_DEFINITION_FORMATION_WITH_SPECIFIED_SOURCE('','',#9786,.NOT_KNOWN.);
#9751=PRODUCT_DEFINITION_FORMATION_WITH_SPECIFIED_SOURCE('','',#9787,.NOT_KNOWN.);
#9752=PRODUCT_RELATED_PRODUCT_CATEGORY('','',(#9770));
#9753=PRODUCT_RELATED_PRODUCT_CATEGORY('','',(#9771));
#9754=PRODUCT_RELATED_PRODUCT_CATEGORY('','',(#9772));
#9755=PRODUCT_RELATED_PRODUCT_CATEGORY('','',(#9773));
#9756=PRODUCT_RELATED_PRODUCT_CATEGORY('','',(#9774));
#9757=PRODUCT_RELATED_PRODUCT_CATEGORY('','',(#9775));
#9758=PRODUCT_RELATED_PRODUCT_CATEGORY('','',(#9776));
#9759=PRODUCT_RELATED_PRODUCT_CATEGORY('','',(#9777));
#9760=PRODUCT_RELATED_PRODUCT_CATEGORY('','',(#9778));
#9761=PRODUCT_RELATED_PRODUCT_CATEGORY('','',(#9779));
#9762=PRODUCT_RELATED_PRODUCT_CATEGORY('','',(#9780));
#9763=PRODUCT_RELATED_PRODUCT_CATEGORY('','',(#9781));
#9764=PRODUCT_RELATED_PRODUCT_CATEGORY('','',(#9782));
#9765=PRODUCT_RELATED_PRODUCT_CATEGORY('','',(#9783));
#9766=PRODUCT_RELATED_PRODUCT_CATEGORY('','',(#9784));
#9767=PRODUCT_RELATED_PRODUCT_CATEGORY('','',(#9785));
#9768=PRODUCT_RELATED_PRODUCT_CATEGORY('','',(#9786));
#9769=PRODUCT_RELATED_PRODUCT_CATEGORY('','',(#9787));
#9770=PRODUCT('120-0007-001-B01','120-0007-001-B01','120-0007-001-B01',(#9806));
#9771=PRODUCT('DIN7991-M8-VA_M8x16','DIN7991-M8-VA_M8x16','DIN7991-M8-VA_M8x16',(#9807));
#9772=PRODUCT('DIN7991-M8-VA_M8x20','DIN7991-M8-VA_M8x20','DIN7991-M8-VA_M8x20',(#9808));
#9773=PRODUCT('120-0007-001-009_Standard<Wie bearbeitet>','120-0007-001-009_Standard<Wie bearbeitet>','120-0007-001-009_Standard<Wie bearbeitet>',(#9809));
#9774=PRODUCT('DIN933-M10-VA_M10x25','DIN933-M10-VA_M10x25','DIN933-M10-VA_M10x25',(#9810));
#9775=PRODUCT('HA-CO_S-SKVF070-0250-0256-V4A','HA-CO_S-SKVF070-0250-0256-V4A','HA-CO_S-SKVF070-0250-0256-V4A',(#9811));
#9776=PRODUCT('120-0007-001-009_Standard<Wie bearbeitet>','120-0007-001-009_Standard<Wie bearbeitet>','120-0007-001-009_Standard<Wie bearbeitet>',(#9812));
#9777=PRODUCT('120-0007-001-008','120-0007-001-008','120-0007-001-008',(#9813));
#9778=PRODUCT('120-0007-001-008-S','120-0007-001-008-S','120-0007-001-008-S',(#9814));
#9779=PRODUCT('120-0007-001-009_Standard<Wie bearbeitet>','120-0007-001-009_Standard<Wie bearbeitet>','120-0007-001-009_Standard<Wie bearbeitet>',(#9815));
#9780=PRODUCT('DIN7349-VA_10.5','DIN7349-VA_10.5','DIN7349-VA_10.5',(#9816));
#9781=PRODUCT('120-0007-001-009_Standard<Wie bearbeitet>','120-0007-001-009_Standard<Wie bearbeitet>','120-0007-001-009_Standard<Wie bearbeitet>',(#9817));
#9782=PRODUCT('120-0007-001-010','120-0007-001-010','120-0007-001-010',(#9818));
#9783=PRODUCT('120-0007-001-009_Standard<Wie bearbeitet>','120-0007-001-009_Standard<Wie bearbeitet>','120-0007-001-009_Standard<Wie bearbeitet>',(#9819));
#9784=PRODUCT('120-0007-001-008-S','120-0007-001-008-S','120-0007-001-008-S',(#9820));
#9785=PRODUCT('120-0007-001-009_Standard<Wie bearbeitet>','120-0007-001-009_Standard<Wie bearbeitet>','120-0007-001-009_Standard<Wie bearbeitet>',(#9821));
#9786=PRODUCT('120-0007-001-009_Standard<Wie bearbeitet>','120-0007-001-009_Standard<Wie bearbeitet>','120-0007-001-009_Standard<Wie bearbeitet>',(#9822));
#9787=PRODUCT('120-0007-001-008','120-0007-001-008','120-0007-001-008',(#9823));
#9788=PRODUCT_CATEGORY('','');
#9789=PRODUCT_CATEGORY('','');
#9790=PRODUCT_CATEGORY('','');
#9791=PRODUCT_CATEGORY('','');
#9792=PRODUCT_CATEGORY('','');
#9793=PRODUCT_CATEGORY('','');
#9794=PRODUCT_CATEGORY('','');
#9795=PRODUCT_CATEGORY('','');
#9796=PRODUCT_CATEGORY('','');
#9797=PRODUCT_CATEGORY('','');
#9798=PRODUCT_CATEGORY('','');
#9799=PRODUCT_CATEGORY('','');
#9800=PRODUCT_CATEGORY('','');
#9801=PRODUCT_CATEGORY('','');
#9802=PRODUCT_CATEGORY('','');
#9803=PRODUCT_CATEGORY('','');
#9804=PRODUCT_CATEGORY('','');
#9805=PRODUCT_CATEGORY('','');
#9806=PRODUCT_CONTEXT('',#9825,'mechanical');
#9807=PRODUCT_CONTEXT('',#9825,'mechanical');
#9808=PRODUCT_CONTEXT('',#9825,'mechanical');
#9809=PRODUCT_CONTEXT('',#9825,'mechanical');
#9810=PRODUCT_CONTEXT('',#9825,'mechanical');
#9811=PRODUCT_CONTEXT('',#9825,'mechanical');
#9812=PRODUCT_CONTEXT('',#9825,'mechanical');
#9813=PRODUCT_CONTEXT('',#9825,'mechanical');
#9814=PRODUCT_CONTEXT('',#9825,'mechanical');
#9815=PRODUCT_CONTEXT('',#9825,'mechanical');
#9816=PRODUCT_CONTEXT('',#9825,'mechanical');
#9817=PRODUCT_CONTEXT('',#9825,'mechanical');
#9818=PRODUCT_CONTEXT('',#9825,'mechanical');
#9819=PRODUCT_CONTEXT('',#9825,'mechanical');
#9820=PRODUCT_CONTEXT('',#9825,'mechanical');
#9821=PRODUCT_CONTEXT('',#9825,'mechanical');
#9822=PRODUCT_CONTEXT('',#9825,'mechanical');
#9823=PRODUCT_CONTEXT('',#9825,'mechanical');
#9824=APPLICATION_PROTOCOL_DEFINITION('international standard','ap242_managed_model_based_3d_engineering',2020,#9825);
#9825=APPLICATION_CONTEXT('managed model based 3d engineering');
ENDSEC;
END-ISO-10303-21;
